date,city,plate_code,max_temp,min_temp,precipitation,wind_speed,weather_code,humidity,pressure,radiation,weather_desc
2002-12-31 21:00:00+00:00,BOLU,14,6.0105,1.8105001,7.0999994,11.923557,71.0,97.3843,924.40106,2.88,Snow fall: Slight
2003-01-01 21:00:00+00:00,BOLU,14,5.2605,3.8605,8.1,7.289444,53.0,99.362915,925.553,1.45,Drizzle: Moderate
2003-01-02 21:00:00+00:00,BOLU,14,6.3105,0.7105001,0.5,10.661107,51.0,93.80497,923.5566,5.03,Drizzle: Light
2003-01-03 21:00:00+00:00,BOLU,14,7.5605,2.0105002,14.3,11.609651,73.0,97.55438,921.5402,5.66,Snow fall: Moderate
2003-01-04 21:00:00+00:00,BOLU,14,7.5105,2.1605,6.7,12.10157,71.0,97.8068,920.20807,4.65,Snow fall: Slight
2003-01-05 21:00:00+00:00,BOLU,14,9.4105,3.5105002,6.9,12.144331,61.0,94.241936,923.461,5.57,Rain: Slight
2003-01-06 21:00:00+00:00,BOLU,14,9.1105,0.2605002,0.1,12.55879,51.0,91.48254,929.97296,8.31,Drizzle: Light
2003-01-07 21:00:00+00:00,BOLU,14,11.160501,2.4605002,0.1,12.879752,51.0,85.59445,927.13214,6.9,Drizzle: Light
2003-01-08 21:00:00+00:00,BOLU,14,11.160501,2.1105,0.1,6.725354,51.0,87.835014,932.08594,6.53,Drizzle: Light
2003-01-09 21:00:00+00:00,BOLU,14,13.3605,1.0105002,0.0,13.202726,3.0,82.19748,930.0144,8.52,Overcast
2003-01-10 21:00:00+00:00,BOLU,14,13.4605,4.2105002,0.0,8.854829,3.0,81.76938,930.62256,6.22,Overcast
2003-01-11 21:00:00+00:00,BOLU,14,14.1105,2.9605002,5.1000004,13.627795,73.0,80.92606,926.24554,6.57,Snow fall: Moderate
2003-01-12 21:00:00+00:00,BOLU,14,2.1605,-0.93949986,3.9999998,7.729527,73.0,85.53249,935.15656,4.36,Snow fall: Moderate
2003-01-13 21:00:00+00:00,BOLU,14,1.3105001,-2.4895,1.1000001,8.39657,71.0,82.89697,935.50397,5.25,Snow fall: Slight
2003-01-14 21:00:00+00:00,BOLU,14,2.6105,-4.3395,3.5,10.308831,73.0,75.43254,937.82684,8.4,Snow fall: Moderate
2003-01-15 21:00:00+00:00,BOLU,14,6.6605,-0.33949995,3.1999998,7.5685663,73.0,90.87525,938.09125,7.89,Snow fall: Moderate
2003-01-16 21:00:00+00:00,BOLU,14,5.1105003,-0.83949995,1.6000001,11.435313,71.0,93.63178,936.7134,5.43,Snow fall: Slight
2003-01-17 21:00:00+00:00,BOLU,14,4.2105002,-3.3894997,0.70000005,7.289444,71.0,83.76153,938.999,9.06,Snow fall: Slight
2003-01-18 21:00:00+00:00,BOLU,14,4.0105,-4.0895,0.70000005,9.504273,71.0,77.81166,930.95685,5.21,Snow fall: Slight
2003-01-19 21:00:00+00:00,BOLU,14,6.7105002,0.81050014,1.9000002,7.24486,71.0,90.090614,927.34125,4.79,Snow fall: Slight
2003-01-20 21:00:00+00:00,BOLU,14,6.2605,1.2605002,1.9000001,5.2416787,71.0,94.65049,927.95575,3.31,Snow fall: Slight
2003-01-21 21:00:00+00:00,BOLU,14,5.6605,-0.43949986,2.7,6.0347,71.0,97.68975,928.09784,5.34,Snow fall: Slight
2003-01-22 21:00:00+00:00,BOLU,14,7.3605003,-0.8894999,5.1,12.599999,73.0,94.92901,928.3797,6.05,Snow fall: Moderate
2003-01-23 21:00:00+00:00,BOLU,14,9.7605,1.7605002,1.3000001,6.439876,51.0,95.82096,932.6992,7.19,Drizzle: Light
2003-01-24 21:00:00+00:00,BOLU,14,8.960501,2.2105002,0.0,6.519877,3.0,92.91968,936.5325,5.95,Overcast
2003-01-25 21:00:00+00:00,BOLU,14,7.2105002,3.1105,0.2,6.130579,51.0,91.910805,934.05865,4.73,Drizzle: Light
2003-01-26 21:00:00+00:00,BOLU,14,6.1105003,0.9605001,0.0,7.968939,3.0,89.260796,927.271,6.42,Overcast
2003-01-27 21:00:00+00:00,BOLU,14,3.7105002,-0.18949986,1.2,6.763786,71.0,87.28458,924.0087,5.77,Snow fall: Slight
2003-01-28 21:00:00+00:00,BOLU,14,8.5605,-1.7394998,0.0,12.261158,3.0,76.93926,920.8038,10.55,Overcast
2003-01-29 21:00:00+00:00,BOLU,14,9.8105,4.5105,0.3,19.083395,51.0,79.37732,922.8879,5.91,Drizzle: Light
2003-01-30 21:00:00+00:00,BOLU,14,12.410501,7.1605,1.8000002,27.362366,53.0,76.08113,921.49493,8.01,Drizzle: Moderate
2003-01-31 21:00:00+00:00,BOLU,14,9.6605,0.31050014,1.0,15.683774,73.0,83.87359,924.624,8.76,Snow fall: Moderate
2003-02-01 21:00:00+00:00,BOLU,14,9.210501,1.9605001,10.999999,14.24163,73.0,89.36404,915.9357,8.18,Snow fall: Moderate
2003-02-02 21:00:00+00:00,BOLU,14,2.5605001,-2.6894999,10.5,9.422101,73.0,92.32502,922.68744,7.22,Snow fall: Moderate
2003-02-03 21:00:00+00:00,BOLU,14,3.4605002,-6.6895,0.0,9.021574,71.0,82.6807,923.87994,10.73,Snow fall: Slight
2003-02-04 21:00:00+00:00,BOLU,14,7.0105,-9.2395,0.2,28.1169,51.0,75.73252,920.2737,7.68,Drizzle: Light
2003-02-05 21:00:00+00:00,BOLU,14,6.8105,2.3605,7.4000006,28.901073,73.0,84.32317,919.0542,5.9,Snow fall: Moderate
2003-02-06 21:00:00+00:00,BOLU,14,5.4105,1.4105002,11.3,12.9249525,73.0,94.10593,919.1469,4.71,Snow fall: Moderate
2003-02-07 21:00:00+00:00,BOLU,14,4.3605003,-6.9895,13.700001,19.242327,75.0,93.217125,921.58685,6.26,Snow fall: Heavy
2003-02-08 21:00:00+00:00,BOLU,14,-1.9895,-14.389501,0.0,8.049845,3.0,80.01724,927.3498,13.14,Overcast
2003-02-09 21:00:00+00:00,BOLU,14,-1.6394999,-12.7895,0.4,10.483357,71.0,82.17475,928.6267,10.18,Snow fall: Slight
2003-02-10 21:00:00+00:00,BOLU,14,1.3605001,-6.0894995,1.9000002,8.217153,71.0,83.905846,933.9553,9.83,Snow fall: Slight
2003-02-11 21:00:00+00:00,BOLU,14,3.0105002,-4.6394997,0.6,7.754637,71.0,84.70271,931.1584,10.87,Snow fall: Slight
2003-02-12 21:00:00+00:00,BOLU,14,2.5105002,-4.4895,1.3,7.928178,73.0,87.17341,926.6691,9.6,Snow fall: Moderate
2003-02-13 21:00:00+00:00,BOLU,14,-0.33949995,-3.9394999,5.899998,9.449572,73.0,91.987976,928.7028,7.16,Snow fall: Moderate
2003-02-14 21:00:00+00:00,BOLU,14,-1.0895,-6.0894995,2.9999993,6.9527545,71.0,88.38223,930.9687,10.37,Snow fall: Slight
2003-02-15 21:00:00+00:00,BOLU,14,-0.4894998,-6.8394995,0.4,7.5685663,71.0,85.649025,936.08575,12.88,Snow fall: Slight
2003-02-16 21:00:00+00:00,BOLU,14,2.2605002,-9.589499,0.0,8.557102,3.0,76.29803,936.29877,13.49,Overcast
2003-02-17 21:00:00+00:00,BOLU,14,0.1105001,-4.4395,3.2,10.105681,73.0,85.32536,924.10443,7.7,Snow fall: Moderate
2003-02-18 21:00:00+00:00,BOLU,14,-1.5895,-5.8395,5.599999,9.47012,73.0,89.43363,919.8374,10.6,Snow fall: Moderate
2003-02-19 21:00:00+00:00,BOLU,14,-1.7894998,-7.5395,1.5000001,7.289445,71.0,86.79734,921.45264,11.19,Snow fall: Slight
2003-02-20 21:00:00+00:00,BOLU,14,-1.4894998,-7.0395,3.8000002,12.72283,75.0,86.533104,928.5678,13.65,Snow fall: Heavy
2003-02-21 21:00:00+00:00,BOLU,14,-3.0394998,-11.0395,4.2,7.7043357,73.0,83.44044,934.1677,12.97,Snow fall: Moderate
2003-02-22 21:00:00+00:00,BOLU,14,-3.0895,-11.339499,1.4000001,7.729527,73.0,88.0278,936.2182,12.48,Snow fall: Moderate
2003-02-23 21:00:00+00:00,BOLU,14,-2.5394998,-11.2895,3.9,13.698934,73.0,87.740456,930.9478,12.98,Snow fall: Moderate
2003-02-24 21:00:00+00:00,BOLU,14,-2.0394998,-4.8894997,16.4,16.75064,73.0,92.29066,930.00226,8.43,Snow fall: Moderate
2003-02-25 21:00:00+00:00,BOLU,14,-2.4895,-7.7395,3.9000003,8.699793,73.0,88.961365,935.77826,12.97,Snow fall: Moderate
2003-02-26 21:00:00+00:00,BOLU,14,-0.78949976,-14.1895,0.0,5.5887027,3.0,79.48009,937.1679,16.59,Overcast
2003-02-27 21:00:00+00:00,BOLU,14,4.9105,-9.0395,0.0,8.225035,0.0,69.391884,939.3493,18.1,Clear sky
2003-02-28 21:00:00+00:00,BOLU,14,5.8105,-9.0395,0.0,10.495713,3.0,69.540344,937.8204,18.19,Overcast
2003-03-01 21:00:00+00:00,BOLU,14,6.6105003,-7.6394997,0.0,9.028754,3.0,66.213264,932.08716,14.47,Overcast
2003-03-02 21:00:00+00:00,BOLU,14,6.1605,-0.83949995,0.3,5.315336,71.0,86.26635,928.95996,10.79,Snow fall: Slight
2003-03-03 21:00:00+00:00,BOLU,14,9.2605,-0.68949986,0.0,7.6367526,3.0,84.33959,929.72046,14.9,Overcast
2003-03-04 21:00:00+00:00,BOLU,14,9.210501,0.6105001,1.8000002,5.95906,71.0,88.82906,927.9487,8.69,Snow fall: Slight
2003-03-05 21:00:00+00:00,BOLU,14,4.9105,2.3105001,1.2000002,6.989936,51.0,97.38013,927.89233,5.41,Drizzle: Light
2003-03-06 21:00:00+00:00,BOLU,14,4.7605,0.6105001,1.8000002,10.028439,71.0,91.18711,932.25226,9.49,Snow fall: Slight
2003-03-07 21:00:00+00:00,BOLU,14,6.6605,1.0105002,0.0,6.989936,71.0,88.2853,932.77313,11.48,Snow fall: Slight
2003-03-08 21:00:00+00:00,BOLU,14,3.5105002,-1.9895,0.0,9.47012,71.0,87.3442,933.7723,12.33,Snow fall: Slight
2003-03-09 21:00:00+00:00,BOLU,14,5.5605,-2.3395,0.0,7.2805495,3.0,80.5451,934.3069,15.29,Overcast
2003-03-10 21:00:00+00:00,BOLU,14,4.2105002,-1.2894998,0.0,10.239453,71.0,85.350044,935.8449,11.63,Snow fall: Slight
2003-03-11 21:00:00+00:00,BOLU,14,5.8105,-1.5895,0.0,6.8777895,3.0,79.568504,932.8003,17.32,Overcast
2003-03-12 21:00:00+00:00,BOLU,14,10.3105,0.46050012,1.8,9.3876505,53.0,78.247505,926.0047,15.52,Drizzle: Moderate
2003-03-13 21:00:00+00:00,BOLU,14,6.2105002,-0.03949976,7.3999996,8.905908,71.0,97.56716,927.29767,6.48,Snow fall: Slight
2003-03-14 21:00:00+00:00,BOLU,14,6.2105002,-0.7394998,0.5,9.178235,51.0,88.82199,934.3515,12.29,Drizzle: Light
2003-03-15 21:00:00+00:00,BOLU,14,3.9105,-1.7394998,2.2,10.086427,73.0,88.87603,934.7979,9.88,Snow fall: Moderate
2003-03-16 21:00:00+00:00,BOLU,14,6.2105002,-1.2394998,4.1,8.089993,73.0,81.511986,932.4936,14.25,Snow fall: Moderate
2003-03-17 21:00:00+00:00,BOLU,14,3.9105,-2.0895,0.4,11.620809,71.0,77.06591,924.0742,9.68,Snow fall: Slight
2003-03-18 21:00:00+00:00,BOLU,14,2.8605,-5.0895,4.5,11.808878,73.0,86.95986,926.033,14.33,Snow fall: Moderate
2003-03-19 21:00:00+00:00,BOLU,14,2.2105002,-4.7894998,2.4,13.905509,73.0,85.026474,927.2896,12.11,Snow fall: Moderate
2003-03-20 21:00:00+00:00,BOLU,14,4.2605,-4.1895,7.8,14.799459,73.0,91.01407,926.07477,10.13,Snow fall: Moderate
2003-03-21 21:00:00+00:00,BOLU,14,-2.8395,-7.2895,3.6999998,10.948973,73.0,80.82093,933.8692,17.81,Snow fall: Moderate
2003-03-22 21:00:00+00:00,BOLU,14,-1.1894999,-8.1895,0.0,10.495713,3.0,65.26214,934.1643,19.81,Overcast
2003-03-23 21:00:00+00:00,BOLU,14,-0.8894999,-10.4395,0.70000005,24.379204,71.0,78.300964,930.5832,18.36,Snow fall: Slight
2003-03-24 21:00:00+00:00,BOLU,14,0.91050017,-4.9395,0.0,12.6462,71.0,83.955086,929.5755,15.55,Snow fall: Slight
2003-03-25 21:00:00+00:00,BOLU,14,4.6105003,-3.0895,0.0,13.32,0.0,65.893105,930.6465,21.99,Clear sky
2003-03-26 21:00:00+00:00,BOLU,14,4.3105,-0.7394998,0.0,14.830076,2.0,69.55716,937.03156,20.73,Partly cloudy
2003-03-27 21:00:00+00:00,BOLU,14,6.7605,-1.1894999,0.0,9.19939,0.0,59.251385,934.04736,22.78,Clear sky
2003-03-28 21:00:00+00:00,BOLU,14,6.7105002,-0.6394999,0.0,10.365251,1.0,64.45852,931.2158,22.67,Mainly clear
2003-03-29 21:00:00+00:00,BOLU,14,10.5105,0.010500193,0.0,7.127636,3.0,62.568974,929.7131,22.78,Overcast
2003-03-30 21:00:00+00:00,BOLU,14,12.910501,1.2105001,0.0,9.72,2.0,58.510128,929.5525,22.35,Partly cloudy
2003-03-31 21:00:00+00:00,BOLU,14,13.2605,0.7105001,2.8999999,13.339445,71.0,77.87424,930.46014,17.36,Snow fall: Slight
2003-04-01 21:00:00+00:00,BOLU,14,14.5105,-1.0394998,1.2,9.0,71.0,77.77908,928.2763,18.12,Snow fall: Slight
2003-04-02 21:00:00+00:00,BOLU,14,11.9605,4.2105002,6.8000007,9.107359,53.0,93.01608,923.18097,13.69,Drizzle: Moderate
2003-04-03 21:00:00+00:00,BOLU,14,15.910501,2.7605002,1.5,6.9153743,53.0,82.87493,926.5083,17.34,Drizzle: Moderate
2003-04-04 21:00:00+00:00,BOLU,14,18.510502,3.6605,9.8,16.327497,63.0,85.20165,916.35864,15.28,Rain: Moderate
2003-04-05 21:00:00+00:00,BOLU,14,8.7605,3.1605,8.199999,13.779114,73.0,84.96181,917.0743,15.02,Snow fall: Moderate
2003-04-06 21:00:00+00:00,BOLU,14,14.0605,-0.58949995,0.70000005,18.014393,51.0,77.2071,920.6976,19.5,Drizzle: Light
2003-04-07 21:00:00+00:00,BOLU,14,9.7605,-1.9394999,17.6,19.08,75.0,87.223145,924.8178,5.31,Snow fall: Heavy
2003-04-08 21:00:00+00:00,BOLU,14,4.5105,-6.7395,0.6,4.802999,73.0,74.53696,933.7209,25.07,Snow fall: Moderate
2003-04-09 21:00:00+00:00,BOLU,14,11.0605,-0.58949995,0.0,6.489992,2.0,62.97426,935.3366,24.32,Partly cloudy
2003-04-10 21:00:00+00:00,BOLU,14,16.7605,0.060500145,0.1,6.989936,51.0,73.06284,934.81256,20.54,Drizzle: Light
2003-04-11 21:00:00+00:00,BOLU,14,18.760502,3.0105002,0.1,6.1094027,51.0,75.92985,931.9915,22.05,Drizzle: Light
2003-04-12 21:00:00+00:00,BOLU,14,20.260502,5.2105002,3.5,8.854829,61.0,75.88484,925.2142,19.94,Rain: Slight
2003-04-13 21:00:00+00:00,BOLU,14,15.910501,6.9105,12.8,7.771331,63.0,90.988686,923.45605,12.43,Rain: Moderate
2003-04-14 21:00:00+00:00,BOLU,14,12.5605,4.9105,0.0,10.703569,3.0,86.61087,928.57477,18.5,Overcast
2003-04-15 21:00:00+00:00,BOLU,14,12.0105,3.2605002,0.0,8.049845,3.0,87.4686,932.40845,16.64,Overcast
2003-04-16 21:00:00+00:00,BOLU,14,10.3605,3.2605002,0.7,9.693296,51.0,85.03443,932.96246,16.74,Drizzle: Light
2003-04-17 21:00:00+00:00,BOLU,14,10.660501,3.2605002,8.0,3.6,61.0,90.404564,925.20294,5.92,Rain: Slight
2003-04-18 21:00:00+00:00,BOLU,14,15.160501,5.8105,18.499998,7.729527,61.0,95.10272,919.1653,12.55,Rain: Slight
2003-04-19 21:00:00+00:00,BOLU,14,5.5605,1.3605001,9.000001,11.298495,71.0,90.58466,926.05,9.05,Snow fall: Slight
2003-04-20 21:00:00+00:00,BOLU,14,8.460501,0.8605001,0.0,13.138765,3.0,79.96367,930.9274,19.45,Overcast
2003-04-21 21:00:00+00:00,BOLU,14,13.0605,0.41050017,0.0,5.315336,3.0,74.01659,928.72833,22.81,Overcast
2003-04-22 21:00:00+00:00,BOLU,14,13.2605,2.2605002,6.2999997,6.162207,53.0,83.639244,926.6386,16.24,Drizzle: Moderate
2003-04-23 21:00:00+00:00,BOLU,14,14.3605,3.0105002,3.3999999,7.9932966,61.0,90.733864,926.4553,16.97,Rain: Slight
2003-04-24 21:00:00+00:00,BOLU,14,9.1605,3.4105,0.8000001,11.659777,51.0,93.27411,926.1939,13.42,Drizzle: Light
2003-04-25 21:00:00+00:00,BOLU,14,10.7105,1.1105001,0.6,17.518356,51.0,83.10456,931.0539,23.74,Drizzle: Light
2003-04-26 21:00:00+00:00,BOLU,14,13.5105,1.5605001,0.0,8.64,3.0,74.44167,934.5817,26.27,Overcast
2003-04-27 21:00:00+00:00,BOLU,14,16.4105,0.91050017,0.0,8.217153,3.0,70.430435,932.2973,20.78,Overcast
2003-04-28 21:00:00+00:00,BOLU,14,15.2105,7.3605003,0.4,11.435313,51.0,77.51927,936.3337,22.23,Drizzle: Light
2003-04-29 21:00:00+00:00,BOLU,14,18.510502,4.3105,0.0,7.289444,3.0,68.15624,939.3159,26.32,Overcast
2003-04-30 21:00:00+00:00,BOLU,14,20.960499,8.7605,0.0,8.825508,0.0,63.69711,939.3642,26.81,Clear sky
2003-05-01 21:00:00+00:00,BOLU,14,24.6105,7.1105003,0.0,6.4799995,2.0,66.03504,937.6551,26.8,Partly cloudy
2003-05-02 21:00:00+00:00,BOLU,14,27.6605,10.410501,0.0,6.6087217,1.0,62.374004,936.5496,26.32,Mainly clear
2003-05-03 21:00:00+00:00,BOLU,14,26.8605,12.3105,0.0,9.028754,3.0,66.149086,936.13153,24.0,Overcast
2003-05-04 21:00:00+00:00,BOLU,14,21.6105,11.0605,0.0,10.853866,3.0,72.03877,937.0827,24.38,Overcast
2003-05-05 21:00:00+00:00,BOLU,14,18.8605,7.4605002,0.0,14.154915,0.0,66.294945,936.61725,27.64,Clear sky
2003-05-06 21:00:00+00:00,BOLU,14,20.6105,5.2105002,0.0,10.105681,0.0,66.842445,936.4003,28.1,Clear sky
2003-05-07 21:00:00+00:00,BOLU,14,21.710499,6.2105002,0.0,7.5170207,0.0,71.107155,935.31305,27.05,Clear sky
2003-05-08 21:00:00+00:00,BOLU,14,24.3605,7.3605003,0.0,6.638072,2.0,73.20633,934.8161,27.58,Partly cloudy
2003-05-09 21:00:00+00:00,BOLU,14,26.560501,9.1605,0.0,8.049845,2.0,66.52867,935.6594,27.15,Partly cloudy
2003-05-10 21:00:00+00:00,BOLU,14,25.810501,11.3605,0.0,9.227524,1.0,66.485115,935.522,27.28,Mainly clear
2003-05-11 21:00:00+00:00,BOLU,14,26.1605,10.3105,1.3,7.10031,53.0,68.53976,933.69653,26.09,Drizzle: Moderate
2003-05-12 21:00:00+00:00,BOLU,14,27.260502,10.9605,1.4,6.1305785,55.0,70.164604,931.41724,26.05,Drizzle: Dense
2003-05-13 21:00:00+00:00,BOLU,14,26.4105,12.6105,0.5,4.6102495,53.0,77.31138,928.7115,24.91,Drizzle: Moderate
2003-05-14 21:00:00+00:00,BOLU,14,25.210499,13.2105,1.0,6.297428,53.0,77.21436,928.0125,24.15,Drizzle: Moderate
2003-05-15 21:00:00+00:00,BOLU,14,21.710499,14.1105,0.2,10.931203,51.0,75.16209,930.36694,25.91,Drizzle: Light
2003-05-16 21:00:00+00:00,BOLU,14,23.6105,10.7105,1.3,7.5942073,53.0,72.13433,933.17725,26.76,Drizzle: Moderate
2003-05-17 21:00:00+00:00,BOLU,14,22.760502,12.0105,2.8,8.647496,63.0,79.04748,932.7684,22.68,Rain: Moderate
2003-05-18 21:00:00+00:00,BOLU,14,22.3605,10.8105,1.3,9.47012,53.0,80.92273,932.24615,23.01,Drizzle: Moderate
2003-05-19 21:00:00+00:00,BOLU,14,21.260502,11.5605,1.9000001,9.0645685,55.0,84.13389,932.93066,23.76,Drizzle: Dense
2003-05-20 21:00:00+00:00,BOLU,14,22.1605,10.3605,1.3,6.9899354,53.0,83.69749,930.14264,23.7,Drizzle: Moderate
2003-05-21 21:00:00+00:00,BOLU,14,24.3605,10.9605,0.4,6.12,51.0,77.90901,928.2668,24.63,Drizzle: Light
2003-05-22 21:00:00+00:00,BOLU,14,23.1605,11.2605,1.5,7.2805495,53.0,82.42829,928.0442,22.05,Drizzle: Moderate
2003-05-23 21:00:00+00:00,BOLU,14,23.9105,13.5605,3.8000002,8.854829,61.0,78.187294,926.82294,18.38,Rain: Slight
2003-05-24 21:00:00+00:00,BOLU,14,18.3605,12.1105,23.100002,5.0528407,63.0,87.278755,928.1379,18.72,Rain: Moderate
2003-05-25 21:00:00+00:00,BOLU,14,17.5105,10.6105,3.8,6.2145634,53.0,82.95804,929.79193,19.21,Drizzle: Moderate
2003-05-26 21:00:00+00:00,BOLU,14,19.060501,9.5105,0.5,7.172949,51.0,77.93289,929.50323,25.35,Drizzle: Light
2003-05-27 21:00:00+00:00,BOLU,14,18.8605,9.5105,10.6,5.904439,63.0,88.479774,926.6196,21.18,Rain: Moderate
2003-05-28 21:00:00+00:00,BOLU,14,19.4105,10.8605,10.8,7.968939,63.0,90.47689,923.3101,21.72,Rain: Moderate
2003-05-29 21:00:00+00:00,BOLU,14,18.9105,11.7105,5.0,12.979984,61.0,92.33317,922.80884,21.42,Rain: Slight
2003-05-30 21:00:00+00:00,BOLU,14,18.210499,11.660501,3.5000002,14.044615,61.0,85.10915,928.792,23.48,Rain: Slight
2003-05-31 21:00:00+00:00,BOLU,14,21.260502,8.1605,0.0,6.9899354,2.0,75.13287,929.41235,28.56,Partly cloudy
2003-06-01 21:00:00+00:00,BOLU,14,21.4105,10.410501,0.8,8.699793,53.0,78.728966,929.535,27.2,Drizzle: Moderate
2003-06-02 21:00:00+00:00,BOLU,14,21.3605,8.710501,0.0,10.495713,3.0,73.64099,931.8091,28.98,Overcast
2003-06-03 21:00:00+00:00,BOLU,14,21.1605,11.8105,0.1,11.659777,51.0,75.727394,934.74554,26.42,Drizzle: Light
2003-06-04 21:00:00+00:00,BOLU,14,20.810501,10.8605,0.0,10.823973,0.0,68.27307,937.3914,29.74,Clear sky
2003-06-05 21:00:00+00:00,BOLU,14,23.510502,8.1605,0.0,9.028754,0.0,74.42849,934.9026,29.42,Clear sky
2003-06-06 21:00:00+00:00,BOLU,14,24.510502,10.5605,0.0,11.252519,0.0,71.28957,932.36786,29.53,Clear sky
2003-06-07 21:00:00+00:00,BOLU,14,24.960499,11.410501,0.0,12.7279215,1.0,69.96341,932.29395,29.32,Mainly clear
2003-06-08 21:00:00+00:00,BOLU,14,24.6605,11.8105,0.0,11.183201,3.0,79.33079,932.5962,27.81,Overcast
2003-06-09 21:00:00+00:00,BOLU,14,23.6105,13.3105,0.0,11.928989,3.0,80.975044,931.86554,27.27,Overcast
2003-06-10 21:00:00+00:00,BOLU,14,22.210499,13.5605,0.0,15.328561,3.0,79.135765,932.1525,28.3,Overcast
2003-06-11 21:00:00+00:00,BOLU,14,23.810501,12.3105,0.0,13.084402,1.0,74.23295,932.42676,28.27,Mainly clear
2003-06-12 21:00:00+00:00,BOLU,14,23.210499,13.8605,0.0,13.75558,0.0,71.70858,934.06055,28.95,Clear sky
2003-06-13 21:00:00+00:00,BOLU,14,25.1605,10.0605,0.0,11.304229,0.0,68.48842,932.49097,30.11,Clear sky
2003-06-14 21:00:00+00:00,BOLU,14,28.010502,13.7105,0.0,11.090103,0.0,64.76416,930.58527,29.17,Clear sky
2003-06-15 21:00:00+00:00,BOLU,14,28.260502,13.8605,0.0,8.12197,1.0,71.20913,926.9111,28.14,Mainly clear
2003-06-16 21:00:00+00:00,BOLU,14,23.4105,15.5105,1.2,13.797913,51.0,78.25208,927.8935,25.54,Drizzle: Light
2003-06-17 21:00:00+00:00,BOLU,14,21.010502,11.910501,0.0,12.682018,3.0,75.41436,932.55084,28.2,Overcast
2003-06-18 21:00:00+00:00,BOLU,14,24.6105,10.7105,0.0,8.891344,3.0,75.13907,929.6914,27.19,Overcast
2003-06-19 21:00:00+00:00,BOLU,14,22.060501,13.6105,0.90000004,9.565437,51.0,83.71562,927.99756,21.19,Drizzle: Light
2003-06-20 21:00:00+00:00,BOLU,14,23.060501,13.5605,0.4,10.00256,51.0,80.5583,926.6097,25.69,Drizzle: Light
2003-06-21 21:00:00+00:00,BOLU,14,23.1105,13.6105,0.0,12.904882,2.0,71.688774,929.1086,26.02,Partly cloudy
2003-06-22 21:00:00+00:00,BOLU,14,22.060501,11.7105,0.0,10.931203,2.0,62.81912,933.69073,30.0,Partly cloudy
2003-06-23 21:00:00+00:00,BOLU,14,25.210499,12.2105,0.0,11.165805,0.0,53.113247,935.39233,29.74,Clear sky
2003-06-24 21:00:00+00:00,BOLU,14,28.560501,12.7105,0.0,11.043261,1.0,56.781452,931.92896,29.28,Mainly clear
2003-06-25 21:00:00+00:00,BOLU,14,24.3605,17.210499,3.0000002,13.0447235,53.0,72.42654,927.85596,23.54,Drizzle: Moderate
2003-06-26 21:00:00+00:00,BOLU,14,25.8605,15.3105,0.0,10.390226,2.0,72.843925,929.15186,28.67,Partly cloudy
2003-06-27 21:00:00+00:00,BOLU,14,23.810501,14.0105,0.0,12.224107,0.0,69.576866,930.6502,29.37,Clear sky
2003-06-28 21:00:00+00:00,BOLU,14,25.210499,13.0105,0.0,11.966953,2.0,63.41447,931.42755,29.62,Partly cloudy
2003-06-29 21:00:00+00:00,BOLU,14,25.210499,12.910501,0.0,13.698934,3.0,59.229233,928.42535,29.32,Overcast
2003-06-30 21:00:00+00:00,BOLU,14,24.3605,11.1105,0.0,11.177405,2.0,66.95238,925.6284,29.83,Partly cloudy
2003-07-01 21:00:00+00:00,BOLU,14,30.6105,11.4605,0.0,5.6002855,0.0,57.700413,926.51666,29.9,Clear sky
2003-07-02 21:00:00+00:00,BOLU,14,32.8105,16.6605,0.0,7.729527,0.0,56.224136,929.6774,29.35,Clear sky
2003-07-03 21:00:00+00:00,BOLU,14,32.1105,19.960499,0.0,9.826088,0.0,50.11966,930.63306,29.71,Clear sky
2003-07-04 21:00:00+00:00,BOLU,14,32.3105,20.6105,0.0,8.225035,3.0,48.0965,927.42944,28.52,Overcast
2003-07-05 21:00:00+00:00,BOLU,14,23.060501,16.0105,3.5999997,10.086427,61.0,77.687386,926.50287,19.27,Rain: Slight
2003-07-06 21:00:00+00:00,BOLU,14,22.4105,14.5605,0.0,13.556282,2.0,74.20449,929.15796,24.14,Partly cloudy
2003-07-07 21:00:00+00:00,BOLU,14,20.810501,13.160501,2.1,12.738099,53.0,75.65742,926.8831,20.83,Drizzle: Moderate
2003-07-08 21:00:00+00:00,BOLU,14,20.460499,12.3605,1.2,12.397806,51.0,76.022804,927.72894,20.38,Drizzle: Light
2003-07-09 21:00:00+00:00,BOLU,14,24.6605,12.3105,0.0,11.792404,2.0,60.7632,930.73785,27.41,Partly cloudy
2003-07-10 21:00:00+00:00,BOLU,14,25.460499,13.0605,0.0,11.928989,0.0,60.99347,931.0568,29.49,Clear sky
2003-07-11 21:00:00+00:00,BOLU,14,22.9105,14.2105,1.4000001,12.144331,51.0,72.54015,930.58496,24.41,Drizzle: Light
2003-07-12 21:00:00+00:00,BOLU,14,24.4105,12.3105,0.0,10.182337,2.0,74.03216,931.72876,27.0,Partly cloudy
2003-07-13 21:00:00+00:00,BOLU,14,27.460499,11.9605,0.0,10.805998,3.0,73.73501,928.8117,28.07,Overcast
2003-07-14 21:00:00+00:00,BOLU,14,24.810501,15.8605,0.4,12.224107,51.0,77.32767,930.293,26.5,Drizzle: Light
2003-07-15 21:00:00+00:00,BOLU,14,24.6605,12.4605,0.0,12.979984,2.0,67.026146,931.35114,28.44,Partly cloudy
2003-07-16 21:00:00+00:00,BOLU,14,25.1605,13.9605,0.0,13.281023,1.0,59.750957,931.3963,27.06,Mainly clear
2003-07-17 21:00:00+00:00,BOLU,14,23.3605,14.5605,0.0,13.527572,2.0,69.04795,930.60175,23.98,Partly cloudy
2003-07-18 21:00:00+00:00,BOLU,14,24.260502,14.410501,0.1,14.113653,51.0,75.856064,930.9802,24.72,Drizzle: Light
2003-07-19 21:00:00+00:00,BOLU,14,25.810501,13.8605,0.0,16.203999,2.0,71.60003,931.6093,26.96,Partly cloudy
2003-07-20 21:00:00+00:00,BOLU,14,26.260502,13.9605,0.0,15.273505,2.0,72.72714,933.27167,26.32,Partly cloudy
2003-07-21 21:00:00+00:00,BOLU,14,25.310501,14.410501,0.0,16.954432,3.0,71.854,934.1307,26.73,Overcast
2003-07-22 21:00:00+00:00,BOLU,14,24.8605,14.0605,0.3,15.39184,51.0,74.05968,933.1372,24.8,Drizzle: Light
2003-07-23 21:00:00+00:00,BOLU,14,25.1605,11.8605,0.0,13.797912,3.0,67.3997,931.1115,27.94,Overcast
2003-07-24 21:00:00+00:00,BOLU,14,24.310501,13.3605,0.0,13.556282,3.0,73.35111,929.76654,25.37,Overcast
2003-07-25 21:00:00+00:00,BOLU,14,21.760502,13.8105,0.3,12.413476,51.0,80.32485,928.6482,20.81,Drizzle: Light
2003-07-26 21:00:00+00:00,BOLU,14,20.760502,14.5605,1.0,13.493999,51.0,85.85226,930.34814,18.5,Drizzle: Light
2003-07-27 21:00:00+00:00,BOLU,14,21.560501,14.2105,0.6,13.896187,51.0,80.979164,931.46606,19.39,Drizzle: Light
2003-07-28 21:00:00+00:00,BOLU,14,23.260502,13.9605,0.0,12.783802,2.0,74.82068,930.7426,22.37,Partly cloudy
2003-07-29 21:00:00+00:00,BOLU,14,22.6105,15.0105,1.1000001,10.44,51.0,78.802574,929.002,18.48,Drizzle: Light
2003-07-30 21:00:00+00:00,BOLU,14,26.510502,13.3605,0.1,7.5685663,51.0,73.122696,927.38666,25.2,Drizzle: Light
2003-07-31 21:00:00+00:00,BOLU,14,28.310501,15.1105,0.3,8.4042845,51.0,73.26205,928.6167,24.96,Drizzle: Light
2003-08-01 21:00:00+00:00,BOLU,14,29.1105,14.7605,0.0,11.901798,3.0,73.480835,932.60175,26.83,Overcast
2003-08-02 21:00:00+00:00,BOLU,14,28.1105,16.2605,0.0,12.605142,1.0,69.97004,933.5708,24.14,Mainly clear
2003-08-03 21:00:00+00:00,BOLU,14,26.210499,16.5105,0.0,16.23596,3.0,74.00725,933.90717,23.41,Overcast
2003-08-04 21:00:00+00:00,BOLU,14,24.4105,15.4605,0.0,15.141414,3.0,74.94735,933.2866,24.3,Overcast
2003-08-05 21:00:00+00:00,BOLU,14,25.960499,14.8605,0.0,14.205182,2.0,73.67397,933.68353,25.36,Partly cloudy
2003-08-06 21:00:00+00:00,BOLU,14,27.210499,14.4605,0.0,17.643673,3.0,71.78901,932.0899,25.54,Overcast
2003-08-07 21:00:00+00:00,BOLU,14,26.760502,15.5105,0.0,15.124284,2.0,75.50594,931.7722,22.48,Partly cloudy
2003-08-08 21:00:00+00:00,BOLU,14,25.760502,16.1605,0.4,13.849476,51.0,76.2105,930.89935,21.63,Drizzle: Light
2003-08-09 21:00:00+00:00,BOLU,14,24.260502,13.9605,6.7000003,9.47012,63.0,81.64284,928.8265,20.54,Rain: Moderate
2003-08-10 21:00:00+00:00,BOLU,14,22.510502,16.310501,5.3999996,8.287822,55.0,86.39514,929.72906,19.92,Drizzle: Dense
2003-08-11 21:00:00+00:00,BOLU,14,21.560501,13.7605,1.6000001,11.609651,53.0,77.300514,935.7094,21.57,Drizzle: Moderate
2003-08-12 21:00:00+00:00,BOLU,14,22.6605,10.160501,0.0,13.684735,2.0,68.366844,935.1892,26.76,Partly cloudy
2003-08-13 21:00:00+00:00,BOLU,14,24.510502,11.7105,0.0,12.605142,0.0,67.6596,932.49054,25.62,Clear sky
2003-08-14 21:00:00+00:00,BOLU,14,27.760502,11.7605,0.0,9.726665,0.0,62.2702,931.7969,26.39,Clear sky
2003-08-15 21:00:00+00:00,BOLU,14,28.810501,13.5105,0.0,11.013882,0.0,65.59906,931.41327,26.22,Clear sky
2003-08-16 21:00:00+00:00,BOLU,14,29.3605,15.8605,0.0,12.6462,0.0,59.82455,934.5275,25.78,Clear sky
2003-08-17 21:00:00+00:00,BOLU,14,28.010502,16.9105,0.0,14.404499,0.0,63.29186,935.90063,24.89,Clear sky
2003-08-18 21:00:00+00:00,BOLU,14,27.1605,15.3105,0.0,14.869351,0.0,64.913734,934.18085,25.58,Clear sky
2003-08-19 21:00:00+00:00,BOLU,14,26.260502,14.5605,0.0,14.759999,0.0,64.46264,931.03345,25.51,Clear sky
2003-08-20 21:00:00+00:00,BOLU,14,24.560501,13.0105,0.0,16.520823,3.0,72.51163,930.535,23.76,Overcast
2003-08-21 21:00:00+00:00,BOLU,14,25.810501,13.2605,0.0,14.081478,2.0,71.73816,932.0529,23.15,Partly cloudy
2003-08-22 21:00:00+00:00,BOLU,14,26.260502,15.2105,0.0,14.471821,3.0,71.300804,933.1149,24.03,Overcast
2003-08-23 21:00:00+00:00,BOLU,14,28.460499,12.910501,0.0,10.538843,0.0,60.885975,930.35205,24.66,Clear sky
2003-08-24 21:00:00+00:00,BOLU,14,30.460499,13.8105,0.0,9.346143,1.0,58.680817,927.2797,24.25,Mainly clear
2003-08-25 21:00:00+00:00,BOLU,14,29.1605,18.0105,0.0,12.224107,1.0,52.568203,928.6533,24.06,Mainly clear
2003-08-26 21:00:00+00:00,BOLU,14,31.460499,15.0605,0.3,9.605998,51.0,51.934982,928.4436,23.98,Drizzle: Light
2003-08-27 21:00:00+00:00,BOLU,14,31.510502,16.460499,0.8,8.707237,53.0,58.836,928.2872,20.71,Drizzle: Moderate
2003-08-28 21:00:00+00:00,BOLU,14,29.810501,18.710499,0.0,9.6932955,3.0,65.719734,933.4912,21.64,Overcast
2003-08-29 21:00:00+00:00,BOLU,14,31.8605,15.7605,0.0,9.983106,0.0,62.58739,932.8267,23.34,Clear sky
2003-08-30 21:00:00+00:00,BOLU,14,33.8105,16.210499,0.0,7.628263,0.0,48.507175,929.46094,23.64,Clear sky
2003-08-31 21:00:00+00:00,BOLU,14,32.6105,20.1105,0.6,11.988594,51.0,50.868637,928.01324,22.83,Drizzle: Light
2003-09-01 21:00:00+00:00,BOLU,14,24.960499,17.0105,2.6000001,10.105681,53.0,85.48606,930.84515,14.82,Drizzle: Moderate
2003-09-02 21:00:00+00:00,BOLU,14,25.310501,14.5105,0.0,12.496719,2.0,74.780785,932.5324,22.03,Partly cloudy
2003-09-03 21:00:00+00:00,BOLU,14,19.6605,9.6605,17.500002,14.471821,63.0,90.09939,932.99896,11.74,Rain: Moderate
2003-09-04 21:00:00+00:00,BOLU,14,13.8105,9.210501,14.8,12.429127,61.0,90.47306,933.35223,10.22,Rain: Slight
2003-09-05 21:00:00+00:00,BOLU,14,15.4605,8.0105,2.8999999,13.004922,61.0,85.63684,934.74756,16.94,Rain: Slight
2003-09-06 21:00:00+00:00,BOLU,14,15.1105,8.6605,1.0,9.904906,51.0,83.45914,936.51245,15.91,Drizzle: Light
2003-09-07 21:00:00+00:00,BOLU,14,20.060501,7.1105003,0.0,6.439876,2.0,70.70723,933.34247,22.38,Partly cloudy
2003-09-08 21:00:00+00:00,BOLU,14,23.210499,8.210501,0.0,7.7879906,3.0,62.8753,928.9051,17.84,Overcast
2003-09-09 21:00:00+00:00,BOLU,14,26.1605,13.4605,0.0,6.8777895,2.0,69.33666,930.075,20.52,Partly cloudy
2003-09-10 21:00:00+00:00,BOLU,14,24.710499,13.2105,4.6,7.42159,55.0,81.674614,926.37494,15.09,Drizzle: Dense
2003-09-11 21:00:00+00:00,BOLU,14,20.8605,13.6105,3.3,9.0645685,55.0,90.8137,926.65625,13.54,Drizzle: Dense
2003-09-12 21:00:00+00:00,BOLU,14,19.760502,11.3105,2.3,9.178235,53.0,89.076775,928.3726,16.06,Drizzle: Moderate
2003-09-13 21:00:00+00:00,BOLU,14,20.510502,12.8605,12.499999,8.225035,61.0,90.16572,931.0983,12.41,Rain: Slight
2003-09-14 21:00:00+00:00,BOLU,14,18.560501,13.0105,6.7999997,8.654986,53.0,94.888115,935.58466,9.94,Drizzle: Moderate
2003-09-15 21:00:00+00:00,BOLU,14,16.0105,12.2605,5.0,8.473393,51.0,94.66266,934.4948,8.82,Drizzle: Light
2003-09-16 21:00:00+00:00,BOLU,14,15.5605,11.4605,2.6,12.879752,51.0,89.770256,933.47516,12.71,Drizzle: Light
2003-09-17 21:00:00+00:00,BOLU,14,17.560501,10.5605,0.0,9.826088,3.0,81.464714,936.1509,15.29,Overcast
2003-09-18 21:00:00+00:00,BOLU,14,17.460499,10.0605,0.0,10.239453,2.0,80.047325,937.676,15.63,Partly cloudy
2003-09-19 21:00:00+00:00,BOLU,14,19.010502,8.2605,0.0,12.429127,2.0,78.342026,939.3973,19.17,Partly cloudy
2003-09-20 21:00:00+00:00,BOLU,14,20.6105,8.2605,0.0,12.074766,2.0,74.44511,939.54315,19.94,Partly cloudy
2003-09-21 21:00:00+00:00,BOLU,14,22.710499,8.460501,0.0,8.669949,0.0,71.39579,937.4859,19.76,Clear sky
2003-09-22 21:00:00+00:00,BOLU,14,24.3605,8.6105,0.0,5.8603754,1.0,69.33654,933.4099,19.52,Mainly clear
2003-09-23 21:00:00+00:00,BOLU,14,24.060501,10.910501,0.0,7.42159,3.0,73.90762,932.9006,18.33,Overcast
2003-09-24 21:00:00+00:00,BOLU,14,21.560501,11.910501,0.0,10.538843,3.0,78.509315,934.6829,16.52,Overcast
2003-09-25 21:00:00+00:00,BOLU,14,21.560501,10.8605,0.0,9.178235,3.0,78.57192,935.8116,16.9,Overcast
2003-09-26 21:00:00+00:00,BOLU,14,20.9105,11.7105,2.2,8.12197,53.0,85.962715,934.30615,13.71,Drizzle: Moderate
2003-09-27 21:00:00+00:00,BOLU,14,21.310501,12.0105,0.1,8.557102,51.0,84.4308,934.43115,15.35,Drizzle: Light
2003-09-28 21:00:00+00:00,BOLU,14,23.260502,10.0605,0.0,7.754637,3.0,81.238335,931.4612,17.34,Overcast
2003-09-29 21:00:00+00:00,BOLU,14,23.310501,10.7605,0.4,7.7043357,51.0,82.08378,929.3582,13.67,Drizzle: Light
2003-09-30 21:00:00+00:00,BOLU,14,17.960499,12.160501,3.1000001,10.1376915,55.0,90.57815,930.33887,10.92,Drizzle: Dense
2003-10-01 21:00:00+00:00,BOLU,14,18.710499,10.7105,0.0,10.594036,3.0,83.83881,931.7329,13.85,Overcast
2003-10-02 21:00:00+00:00,BOLU,14,19.8605,8.0605,0.0,8.225035,3.0,77.33221,931.05524,17.37,Overcast
2003-10-03 21:00:00+00:00,BOLU,14,23.3605,7.9105,0.0,7.4128532,2.0,65.52926,930.4808,17.51,Partly cloudy
2003-10-04 21:00:00+00:00,BOLU,14,27.560501,10.0105,0.0,10.630672,2.0,55.55334,931.2214,16.82,Partly cloudy
2003-10-05 21:00:00+00:00,BOLU,14,30.260502,11.6105,0.0,13.397612,3.0,48.324406,931.05756,17.04,Overcast
2003-10-06 21:00:00+00:00,BOLU,14,23.810501,13.6105,0.0,8.427383,3.0,78.67489,932.54956,13.17,Overcast
2003-10-07 21:00:00+00:00,BOLU,14,24.510502,13.0105,0.0,10.495713,3.0,70.87824,925.8762,14.54,Overcast
2003-10-08 21:00:00+00:00,BOLU,14,20.210499,9.210501,4.3,26.700743,63.0,60.64055,922.14716,11.98,Rain: Moderate
2003-10-09 21:00:00+00:00,BOLU,14,15.410501,5.4105,3.0000002,11.923557,53.0,75.48439,931.884,14.55,Drizzle: Moderate
2003-10-10 21:00:00+00:00,BOLU,14,12.7105,5.3605003,0.2,10.390226,51.0,78.974144,936.2287,12.95,Drizzle: Light
2003-10-11 21:00:00+00:00,BOLU,14,15.8105,3.7605002,0.0,6.9527545,1.0,71.14528,934.86206,16.1,Mainly clear
2003-10-12 21:00:00+00:00,BOLU,14,16.1605,4.8105,0.0,10.538843,0.0,74.49009,933.63696,15.99,Clear sky
2003-10-13 21:00:00+00:00,BOLU,14,17.7605,4.2105002,0.0,7.5170207,2.0,77.04687,935.6286,15.23,Partly cloudy
2003-10-14 21:00:00+00:00,BOLU,14,18.1105,6.6605,0.0,8.39657,3.0,80.286766,936.0778,13.68,Overcast
2003-10-15 21:00:00+00:00,BOLU,14,20.310501,7.8105,0.0,7.42159,3.0,75.77809,933.35675,14.26,Overcast
2003-10-16 21:00:00+00:00,BOLU,14,18.760502,10.910501,2.9,8.64,51.0,85.96038,931.3343,10.72,Drizzle: Light
2003-10-17 21:00:00+00:00,BOLU,14,16.7605,10.7105,2.1,11.367109,53.0,87.032295,933.17334,8.8,Drizzle: Moderate
2003-10-18 21:00:00+00:00,BOLU,14,18.710499,8.5605,2.2,7.968939,53.0,79.880486,934.32104,12.56,Drizzle: Moderate
2003-10-19 21:00:00+00:00,BOLU,14,22.010502,9.8105,1.0,9.178235,51.0,80.09212,930.4748,10.25,Drizzle: Light
2003-10-20 21:00:00+00:00,BOLU,14,25.3605,10.5105,0.0,14.186923,3.0,66.804886,930.003,13.17,Overcast
2003-10-21 21:00:00+00:00,BOLU,14,25.510502,10.660501,0.0,9.931042,3.0,64.285545,933.50604,13.48,Overcast
2003-10-22 21:00:00+00:00,BOLU,14,27.060501,11.1105,0.0,17.227419,3.0,52.064346,930.62775,11.96,Overcast
2003-10-23 21:00:00+00:00,BOLU,14,21.1605,17.210499,5.5000005,14.440443,53.0,71.02009,927.896,4.24,Drizzle: Moderate
2003-10-24 21:00:00+00:00,BOLU,14,19.510502,12.7105,16.9,15.484185,63.0,79.5792,928.9111,5.27,Rain: Moderate
2003-10-25 21:00:00+00:00,BOLU,14,15.0605,6.6605,5.5000005,12.313894,55.0,90.25257,929.4817,9.87,Drizzle: Dense
2003-10-26 21:00:00+00:00,BOLU,14,12.660501,5.4105,2.9,7.5685663,61.0,77.68634,929.5937,11.78,Rain: Slight
2003-10-27 21:00:00+00:00,BOLU,14,9.0105,-4.3894997,23.100002,15.463244,75.0,93.56362,928.7532,5.96,Snow fall: Heavy
2003-10-28 21:00:00+00:00,BOLU,14,2.6605,-5.5895,1.0,7.289445,71.0,88.61582,934.0224,10.22,Snow fall: Slight
2003-10-29 21:00:00+00:00,BOLU,14,6.1605,-4.9395,0.6,10.636766,51.0,79.30163,927.5263,10.32,Drizzle: Light
2003-10-30 21:00:00+00:00,BOLU,14,15.6105,3.9605002,0.4,12.72283,51.0,88.3395,925.9516,9.46,Drizzle: Light
2003-10-31 21:00:00+00:00,BOLU,14,18.710499,8.9105,0.0,8.766573,3.0,87.117035,930.67535,9.88,Overcast
2003-11-01 21:00:00+00:00,BOLU,14,20.260502,5.9105,0.0,8.707237,3.0,81.043175,933.9987,12.28,Overcast
2003-11-02 21:00:00+00:00,BOLU,14,24.9105,8.8105,0.0,9.511088,3.0,76.50808,935.3575,11.67,Overcast
2003-11-03 21:00:00+00:00,BOLU,14,22.810501,9.1605,0.0,6.9153743,3.0,75.45625,933.7385,11.79,Overcast
2003-11-04 21:00:00+00:00,BOLU,14,15.660501,9.8605,2.0000002,7.42159,51.0,90.0053,934.24536,6.59,Drizzle: Light
2003-11-05 21:00:00+00:00,BOLU,14,18.6105,9.210501,0.4,7.145796,51.0,84.59312,932.98444,7.87,Drizzle: Light
2003-11-06 21:00:00+00:00,BOLU,14,15.7605,8.6605,2.4999998,7.8954163,53.0,88.49395,934.83057,6.65,Drizzle: Moderate
2003-11-07 21:00:00+00:00,BOLU,14,10.7605,4.9105,7.1000013,9.904906,53.0,94.80005,937.39136,4.92,Drizzle: Moderate
2003-11-08 21:00:00+00:00,BOLU,14,6.7105002,2.5105002,8.3,9.422101,71.0,94.52966,931.8354,5.57,Snow fall: Slight
2003-11-09 21:00:00+00:00,BOLU,14,6.1105003,1.4105002,6.6999993,10.182337,73.0,94.10247,927.89813,7.12,Snow fall: Moderate
2003-11-10 21:00:00+00:00,BOLU,14,3.4105,0.91050017,13.5,12.979984,73.0,96.32836,929.6899,4.09,Snow fall: Moderate
2003-11-11 21:00:00+00:00,BOLU,14,4.0105,0.3605001,5.6,9.531505,73.0,88.82761,939.075,7.31,Snow fall: Moderate
2003-11-12 21:00:00+00:00,BOLU,14,4.0105,0.8605001,0.6,5.8603754,71.0,89.44044,940.17505,7.19,Snow fall: Slight
2003-11-13 21:00:00+00:00,BOLU,14,8.0105,0.3605001,0.0,5.3999996,2.0,74.140236,940.17487,10.6,Partly cloudy
2003-11-14 21:00:00+00:00,BOLU,14,8.4105,0.21050012,0.0,6.763786,3.0,70.96446,937.3469,9.38,Overcast
2003-11-15 21:00:00+00:00,BOLU,14,8.5105,1.2105001,0.0,6.489992,3.0,78.764015,937.7354,10.35,Overcast
2003-11-16 21:00:00+00:00,BOLU,14,12.0605,1.4605001,0.0,7.24486,3.0,76.1862,938.57587,10.4,Overcast
2003-11-17 21:00:00+00:00,BOLU,14,11.3605,0.41050017,7.0,9.178235,61.0,90.05741,935.0159,4.56,Rain: Slight
2003-11-18 21:00:00+00:00,BOLU,14,7.5605,2.5105002,0.70000005,8.759178,51.0,86.038536,935.5469,7.99,Drizzle: Light
2003-11-19 21:00:00+00:00,BOLU,14,12.8605,2.7105002,0.0,15.39184,3.0,78.52497,933.56934,7.62,Overcast
2003-11-20 21:00:00+00:00,BOLU,14,14.1105,2.7105002,0.0,7.4128532,3.0,75.760185,937.6406,9.57,Overcast
2003-11-21 21:00:00+00:00,BOLU,14,15.5105,0.81050014,0.0,10.144082,1.0,72.868576,936.3284,10.0,Mainly clear
2003-11-22 21:00:00+00:00,BOLU,14,14.9605,2.4605002,0.0,7.289445,3.0,66.937904,935.22565,9.18,Overcast
2003-11-23 21:00:00+00:00,BOLU,14,14.7105,2.3105001,0.0,6.193674,0.0,71.73293,934.44385,9.72,Clear sky
2003-11-24 21:00:00+00:00,BOLU,14,15.8105,0.9605001,0.0,6.696387,3.0,70.06882,934.2261,9.01,Overcast
2003-11-25 21:00:00+00:00,BOLU,14,13.3105,2.7105002,0.0,5.0911684,0.0,73.55001,936.2659,8.7,Clear sky
2003-11-26 21:00:00+00:00,BOLU,14,13.7105,1.0605001,0.0,6.12,0.0,78.3644,933.07715,9.37,Clear sky
2003-11-27 21:00:00+00:00,BOLU,14,13.2605,0.66050017,0.0,6.489992,0.0,78.23521,930.2382,9.13,Clear sky
2003-11-28 21:00:00+00:00,BOLU,14,13.0105,1.7605002,0.0,5.00128,0.0,77.02549,931.28094,8.52,Clear sky
2003-11-29 21:00:00+00:00,BOLU,14,13.160501,0.81050014,0.0,6.12,1.0,79.70006,931.41095,9.2,Mainly clear
2003-11-30 21:00:00+00:00,BOLU,14,12.5605,0.21050012,0.0,6.297428,3.0,79.1475,931.9883,9.18,Overcast
2003-12-01 21:00:00+00:00,BOLU,14,7.8605003,3.6105,1.2,8.669949,51.0,92.17811,937.01074,6.45,Drizzle: Light
2003-12-02 21:00:00+00:00,BOLU,14,6.4605002,1.9105002,4.6000004,7.42159,71.0,97.41834,937.33746,5.58,Snow fall: Slight
2003-12-03 21:00:00+00:00,BOLU,14,5.5105,1.7605002,0.2,8.4042845,71.0,92.786285,937.3278,4.87,Snow fall: Slight
2003-12-04 21:00:00+00:00,BOLU,14,7.7605,-0.28949976,0.0,5.4833565,3.0,84.4506,934.0677,6.89,Overcast
2003-12-05 21:00:00+00:00,BOLU,14,8.8105,-0.8894999,0.0,10.30883,3.0,72.24813,925.80365,7.83,Overcast
2003-12-06 21:00:00+00:00,BOLU,14,9.0105,-0.68949986,4.4,10.966713,73.0,77.254585,925.4336,4.49,Snow fall: Moderate
2003-12-07 21:00:00+00:00,BOLU,14,2.2105002,-0.33949995,1.9,7.342588,73.0,92.648224,932.26715,3.43,Snow fall: Moderate
2003-12-08 21:00:00+00:00,BOLU,14,3.2105002,-0.68949986,0.0,5.6920996,3.0,92.291534,935.9954,3.78,Overcast
2003-12-09 21:00:00+00:00,BOLU,14,7.8105,-3.1394997,0.0,7.9036193,3.0,75.389915,940.44824,8.76,Overcast
2003-12-10 21:00:00+00:00,BOLU,14,8.3105,-1.6394999,0.0,9.826088,3.0,69.18929,940.35547,5.74,Overcast
2003-12-11 21:00:00+00:00,BOLU,14,10.3105,-1.2894998,0.0,9.028754,3.0,70.6029,937.02374,8.22,Overcast
2003-12-12 21:00:00+00:00,BOLU,14,8.6605,0.3605001,2.6000001,9.339208,51.0,90.04489,935.3042,3.14,Drizzle: Light
2003-12-13 21:00:00+00:00,BOLU,14,12.410501,1.2605002,1.1,9.983106,51.0,90.30396,928.4358,7.85,Drizzle: Light
2003-12-14 21:00:00+00:00,BOLU,14,10.410501,1.0105002,0.2,11.592895,51.0,84.51649,918.26904,6.4,Drizzle: Light
2003-12-15 21:00:00+00:00,BOLU,14,7.0105,1.4105002,13.800001,12.24,73.0,97.53419,916.5341,1.96,Snow fall: Moderate
2003-12-16 21:00:00+00:00,BOLU,14,1.4605001,-0.9894998,37.5,16.394829,75.0,97.84727,917.9312,1.81,Snow fall: Heavy
2003-12-17 21:00:00+00:00,BOLU,14,-1.1394999,-4.2894998,19.199999,19.48661,75.0,94.32676,929.1377,6.08,Snow fall: Heavy
2003-12-18 21:00:00+00:00,BOLU,14,-2.1894999,-5.6895,4.2999997,6.519877,73.0,91.34002,935.4909,4.7,Snow fall: Moderate
2003-12-19 21:00:00+00:00,BOLU,14,1.7105001,-3.3395,4.1,7.8954163,73.0,93.43679,937.95953,3.9,Snow fall: Moderate
2003-12-20 21:00:00+00:00,BOLU,14,1.1105001,-7.7895,0.0,11.269782,2.0,89.62518,936.7319,8.88,Partly cloudy
2003-12-21 21:00:00+00:00,BOLU,14,2.2605002,-8.4395,0.0,12.413477,0.0,83.66338,931.19806,9.11,Clear sky
2003-12-22 21:00:00+00:00,BOLU,14,3.3605,-7.0894995,0.0,12.55879,3.0,82.82424,926.7944,8.21,Overcast
2003-12-23 21:00:00+00:00,BOLU,14,5.2605,-5.4395,2.6,11.609651,71.0,86.22278,929.84125,5.88,Snow fall: Slight
2003-12-24 21:00:00+00:00,BOLU,14,9.210501,1.6105001,1.5,8.587338,53.0,90.07922,930.0613,5.9,Drizzle: Moderate
2003-12-25 21:00:00+00:00,BOLU,14,5.6605,1.4105002,9.700001,8.217153,73.0,96.781075,926.47095,3.86,Snow fall: Moderate
2003-12-26 21:00:00+00:00,BOLU,14,2.0605001,-0.4894998,2.3,7.2,71.0,94.94992,931.4751,4.83,Snow fall: Slight
2003-12-27 21:00:00+00:00,BOLU,14,4.8605003,-6.4395,0.0,8.049845,3.0,86.78522,933.02124,8.17,Overcast
2003-12-28 21:00:00+00:00,BOLU,14,5.7105002,-8.4895,0.0,10.630672,2.0,85.06262,937.0052,8.96,Partly cloudy
2003-12-29 21:00:00+00:00,BOLU,14,5.0105,-7.9395,0.0,11.753877,3.0,83.35049,937.2734,8.02,Overcast
2003-12-30 21:00:00+00:00,BOLU,14,5.4105,-5.4895,0.0,10.630672,3.0,80.86132,931.54987,7.48,Overcast
2003-12-31 21:00:00+00:00,BOLU,14,5.5105,-4.6895,0.0,9.021574,71.0,87.26025,925.977,6.74,Snow fall: Slight
2004-01-01 21:00:00+00:00,BOLU,14,5.2605,-2.0895,0.4,10.1887,71.0,93.15513,920.39886,5.05,Snow fall: Slight
2004-01-02 21:00:00+00:00,BOLU,14,6.6605,-0.1394999,0.1,8.049845,71.0,92.59527,920.91327,7.22,Snow fall: Slight
2004-01-03 21:00:00+00:00,BOLU,14,5.3105,1.2605002,12.9,8.891344,73.0,97.84005,920.33563,3.52,Snow fall: Moderate
2004-01-04 21:00:00+00:00,BOLU,14,3.8105001,1.7105001,16.8,9.028754,73.0,97.33271,922.2231,4.03,Snow fall: Moderate
2004-01-05 21:00:00+00:00,BOLU,14,1.4605001,-5.7894998,19.300003,10.464797,75.0,96.18453,924.1015,2.47,Snow fall: Heavy
2004-01-06 21:00:00+00:00,BOLU,14,-5.9895,-10.6895,5.7999983,8.891343,73.0,88.64686,925.5098,6.9,Snow fall: Moderate
2004-01-07 21:00:00+00:00,BOLU,14,-4.5895,-11.9395,0.0,13.1041975,71.0,77.44946,927.7508,7.03,Snow fall: Slight
2004-01-08 21:00:00+00:00,BOLU,14,-2.7395,-9.8895,0.0,9.028754,2.0,68.91751,930.01654,9.41,Partly cloudy
2004-01-09 21:00:00+00:00,BOLU,14,-2.4895,-14.139501,0.0,11.592895,3.0,71.52483,925.8359,9.18,Overcast
2004-01-10 21:00:00+00:00,BOLU,14,2.2605002,-7.3894997,2.6999998,9.693296,73.0,86.82191,924.0407,3.91,Snow fall: Moderate
2004-01-11 21:00:00+00:00,BOLU,14,5.7605,-0.93949986,0.0,4.829907,3.0,91.47019,927.32306,6.29,Overcast
2004-01-12 21:00:00+00:00,BOLU,14,4.7605,-2.7395,0.1,6.9527545,71.0,92.68064,923.5547,7.59,Snow fall: Slight
2004-01-13 21:00:00+00:00,BOLU,14,5.0605,-1.3894999,0.2,10.594036,71.0,90.7486,920.1206,7.61,Snow fall: Slight
2004-01-14 21:00:00+00:00,BOLU,14,7.1605,3.5105002,3.0999997,14.578888,71.0,92.12052,919.0622,6.17,Snow fall: Slight
2004-01-15 21:00:00+00:00,BOLU,14,6.8105,-0.4894998,15.999999,14.264361,75.0,95.738914,921.13574,2.25,Snow fall: Heavy
2004-01-16 21:00:00+00:00,BOLU,14,3.3605,-5.8395,0.0,10.829958,2.0,87.325676,931.7497,9.93,Partly cloudy
2004-01-17 21:00:00+00:00,BOLU,14,5.2105002,-8.839499,0.0,13.202726,3.0,78.28557,930.02563,10.26,Overcast
2004-01-18 21:00:00+00:00,BOLU,14,6.5605,-4.3395,0.0,10.315115,3.0,71.37152,932.1375,10.38,Overcast
2004-01-19 21:00:00+00:00,BOLU,14,6.6105003,-5.1895,0.0,11.91812,3.0,82.90081,926.513,10.04,Overcast
2004-01-20 21:00:00+00:00,BOLU,14,5.3605003,0.21050012,10.900001,13.1041975,73.0,91.88914,919.437,6.67,Snow fall: Moderate
2004-01-21 21:00:00+00:00,BOLU,14,6.0605,2.3605,28.4,14.003028,75.0,95.878624,905.094,3.98,Snow fall: Heavy
2004-01-22 21:00:00+00:00,BOLU,14,1.0605001,-9.839499,16.600002,18.58451,75.0,90.97819,910.75806,7.91,Snow fall: Heavy
2004-01-23 21:00:00+00:00,BOLU,14,-5.4395,-15.589499,0.0,8.350138,3.0,80.54551,919.6638,11.2,Overcast
2004-01-24 21:00:00+00:00,BOLU,14,-1.9895,-16.789501,3.9000003,11.681987,73.0,83.027306,920.5151,6.74,Snow fall: Moderate
2004-01-25 21:00:00+00:00,BOLU,14,0.5105002,-2.8395,5.1000004,4.39436,73.0,94.170876,922.22076,4.94,Snow fall: Moderate
2004-01-26 21:00:00+00:00,BOLU,14,2.0105002,-4.1895,2.2,9.227524,73.0,90.232475,926.3604,7.63,Snow fall: Moderate
2004-01-27 21:00:00+00:00,BOLU,14,3.9105,-4.7395,0.3,15.315873,71.0,86.87699,924.02496,6.2,Snow fall: Slight
2004-01-28 21:00:00+00:00,BOLU,14,7.9605002,-0.6394999,0.0,20.620806,3.0,84.57339,922.96967,9.75,Overcast
2004-01-29 21:00:00+00:00,BOLU,14,5.9105,2.1105,6.7000003,13.527572,73.0,92.77768,924.8013,2.68,Snow fall: Moderate
2004-01-30 21:00:00+00:00,BOLU,14,3.0105002,-1.2394998,1.3000001,10.440001,71.0,95.29736,933.2495,6.18,Snow fall: Slight
2004-01-31 21:00:00+00:00,BOLU,14,4.1105003,-4.1895,0.0,5.4119864,3.0,80.32862,935.8177,11.34,Overcast
2004-02-01 21:00:00+00:00,BOLU,14,3.1105,-4.6895,1.6000001,9.0645685,71.0,78.14179,932.72614,7.64,Snow fall: Slight
2004-02-02 21:00:00+00:00,BOLU,14,4.0605,0.16050017,4.3,6.792466,71.0,94.875084,932.9858,6.72,Snow fall: Slight
2004-02-03 21:00:00+00:00,BOLU,14,2.0605001,-2.1894999,3.7000003,8.669949,73.0,92.47095,937.9742,8.78,Snow fall: Moderate
2004-02-04 21:00:00+00:00,BOLU,14,4.4105,-6.4895,0.9,7.2359104,73.0,79.68381,935.65765,9.81,Snow fall: Moderate
2004-02-05 21:00:00+00:00,BOLU,14,6.3605003,2.5605001,4.3,8.557102,73.0,96.35441,934.7034,5.7,Snow fall: Moderate
2004-02-06 21:00:00+00:00,BOLU,14,10.2605,0.6105001,0.0,10.948973,2.0,89.36567,933.7966,12.56,Partly cloudy
2004-02-07 21:00:00+00:00,BOLU,14,13.3605,-1.0895,0.0,12.43434,3.0,80.03645,929.20636,13.14,Overcast
2004-02-08 21:00:00+00:00,BOLU,14,9.8605,-0.93949986,2.9,10.948973,71.0,88.29557,927.9456,11.43,Snow fall: Slight
2004-02-09 21:00:00+00:00,BOLU,14,3.4105,-4.8395,3.5999997,15.807239,73.0,90.98123,934.3169,11.04,Snow fall: Moderate
2004-02-10 21:00:00+00:00,BOLU,14,0.7605002,-6.2895,0.2,9.6932955,71.0,72.277435,931.9554,13.6,Snow fall: Slight
2004-02-11 21:00:00+00:00,BOLU,14,4.1105003,-6.4395,9.799999,10.028439,75.0,75.59618,921.8105,7.96,Snow fall: Heavy
2004-02-12 21:00:00+00:00,BOLU,14,-1.1894999,-8.8895,31.6,17.643673,75.0,92.210175,919.2364,6.1,Snow fall: Heavy
2004-02-13 21:00:00+00:00,BOLU,14,-8.1895,-12.6395,6.1,13.570615,73.0,86.05459,923.4133,10.47,Snow fall: Moderate
2004-02-14 21:00:00+00:00,BOLU,14,-6.3894997,-16.3895,6.5999994,12.074766,73.0,82.49348,923.75653,9.58,Snow fall: Moderate
2004-02-15 21:00:00+00:00,BOLU,14,-2.3894997,-9.089499,2.0,10.105681,73.0,83.89889,929.4995,13.89,Snow fall: Moderate
2004-02-16 21:00:00+00:00,BOLU,14,-0.03949976,-14.889501,0.0,6.830519,3.0,72.162094,932.7261,15.61,Overcast
2004-02-17 21:00:00+00:00,BOLU,14,1.7605002,-13.9395,0.0,6.763786,2.0,63.16295,928.2138,16.02,Partly cloudy
2004-02-18 21:00:00+00:00,BOLU,14,4.4605002,-9.7395,0.0,5.991594,3.0,73.21673,928.7366,16.01,Overcast
2004-02-19 21:00:00+00:00,BOLU,14,2.9605002,-4.7894998,9.0,11.27553,75.0,80.55987,933.05023,10.85,Snow fall: Heavy
2004-02-20 21:00:00+00:00,BOLU,14,-3.1394997,-9.2895,10.900002,13.755579,73.0,89.35519,939.88916,11.7,Snow fall: Moderate
2004-02-21 21:00:00+00:00,BOLU,14,-3.2894998,-11.0395,5.7000003,11.298495,73.0,86.788414,937.1337,14.41,Snow fall: Moderate
2004-02-22 21:00:00+00:00,BOLU,14,1.2105001,-14.139501,0.3,11.269782,71.0,79.07559,929.83685,14.41,Snow fall: Slight
2004-02-23 21:00:00+00:00,BOLU,14,6.7105002,-1.9394999,0.3,10.630672,71.0,87.267815,928.8992,12.67,Snow fall: Slight
2004-02-24 21:00:00+00:00,BOLU,14,7.7605,1.1605002,1.5,10.446206,53.0,87.6867,928.59625,12.81,Drizzle: Moderate
2004-02-25 21:00:00+00:00,BOLU,14,9.8105,3.1605,0.4,11.119281,51.0,86.338844,930.0279,15.34,Drizzle: Light
2004-02-26 21:00:00+00:00,BOLU,14,10.5605,2.8105001,3.7,15.7908325,53.0,88.28012,924.05255,11.16,Drizzle: Moderate
2004-02-27 21:00:00+00:00,BOLU,14,14.910501,4.2105002,0.0,19.453327,3.0,75.952705,923.8808,13.45,Overcast
2004-02-28 21:00:00+00:00,BOLU,14,14.3105,4.4105,6.3,14.689589,61.0,82.085175,925.8635,13.53,Rain: Slight
2004-02-29 21:00:00+00:00,BOLU,14,12.7105,3.6105,3.0000002,7.9526596,61.0,75.29156,931.10175,15.9,Rain: Slight
2004-03-01 21:00:00+00:00,BOLU,14,11.6105,2.6605,0.2,6.5693827,51.0,72.94822,930.9226,14.5,Drizzle: Light
2004-03-02 21:00:00+00:00,BOLU,14,10.0105,5.2605,1.3,4.8965297,53.0,88.31613,933.0361,8.93,Drizzle: Moderate
2004-03-03 21:00:00+00:00,BOLU,14,8.960501,-0.83949995,19.9,8.311245,75.0,94.95282,925.3869,5.88,Snow fall: Heavy
2004-03-04 21:00:00+00:00,BOLU,14,-1.4394999,-6.1895,20.800001,12.371645,75.0,92.28809,924.10645,10.65,Snow fall: Heavy
2004-03-05 21:00:00+00:00,BOLU,14,-2.3395,-9.839499,1.9000002,8.287822,73.0,84.99406,933.36664,16.3,Snow fall: Moderate
2004-03-06 21:00:00+00:00,BOLU,14,-0.03949976,-13.4895,0.4,8.0899935,71.0,71.373436,942.38214,19.72,Snow fall: Slight
2004-03-07 21:00:00+00:00,BOLU,14,4.0605,-14.9395,0.0,11.440979,2.0,70.29114,939.2338,20.11,Partly cloudy
2004-03-08 21:00:00+00:00,BOLU,14,6.5605,-6.6895,0.0,12.245293,3.0,67.551735,933.1926,16.75,Overcast
2004-03-09 21:00:00+00:00,BOLU,14,7.3105,0.010500193,7.7000003,10.630672,73.0,83.05587,929.0041,13.5,Snow fall: Moderate
2004-03-10 21:00:00+00:00,BOLU,14,3.4105,0.31050014,5.099999,12.522619,73.0,90.72339,934.4196,12.1,Snow fall: Moderate
2004-03-11 21:00:00+00:00,BOLU,14,7.2105002,-1.2394998,0.0,8.049845,3.0,80.811386,936.21924,15.99,Overcast
2004-03-12 21:00:00+00:00,BOLU,14,4.6105003,-0.4894998,0.70000005,11.525623,51.0,87.63575,940.7364,13.69,Drizzle: Light
2004-03-13 21:00:00+00:00,BOLU,14,3.6605,-2.5895,0.0,11.542478,71.0,82.913925,945.17633,14.0,Snow fall: Slight
2004-03-14 21:00:00+00:00,BOLU,14,6.9605002,-1.4394999,0.0,6.924738,3.0,78.87127,943.90936,19.55,Overcast
2004-03-15 21:00:00+00:00,BOLU,14,7.1105003,0.3605001,0.0,10.636766,3.0,82.54834,941.1254,17.64,Overcast
2004-03-16 21:00:00+00:00,BOLU,14,7.0605,-0.18949986,0.3,10.966713,71.0,81.20875,938.65204,18.6,Snow fall: Slight
2004-03-17 21:00:00+00:00,BOLU,14,5.9105,1.3105001,6.199999,11.91812,71.0,91.96392,937.1431,11.57,Snow fall: Slight
2004-03-18 21:00:00+00:00,BOLU,14,8.3605,0.66050017,0.0,8.209263,3.0,85.63334,939.6348,19.58,Overcast
2004-03-19 21:00:00+00:00,BOLU,14,15.3105,0.31050014,0.0,8.049845,1.0,72.60375,936.7194,20.53,Mainly clear
2004-03-20 21:00:00+00:00,BOLU,14,16.810501,1.6105001,0.0,11.298495,3.0,66.4481,933.92285,20.66,Overcast
2004-03-21 21:00:00+00:00,BOLU,14,18.1605,1.8105001,0.0,10.966713,0.0,60.871536,932.3028,21.23,Clear sky
2004-03-22 21:00:00+00:00,BOLU,14,18.3605,2.1105,0.0,8.435069,3.0,54.49544,931.50555,20.82,Overcast
2004-03-23 21:00:00+00:00,BOLU,14,17.710499,5.3605003,0.3,18.430452,51.0,49.077957,926.42303,19.65,Drizzle: Light
2004-03-24 21:00:00+00:00,BOLU,14,13.7605,3.5605001,0.0,17.174677,3.0,60.41792,927.3018,19.15,Overcast
2004-03-25 21:00:00+00:00,BOLU,14,15.4605,3.5605001,0.0,16.279802,3.0,67.638435,928.4333,17.83,Overcast
2004-03-26 21:00:00+00:00,BOLU,14,21.510502,8.4105,0.8,19.917469,53.0,55.989788,927.60645,14.89,Drizzle: Moderate
2004-03-27 21:00:00+00:00,BOLU,14,20.060501,8.960501,1.5000001,9.449572,53.0,65.55481,930.15015,20.18,Drizzle: Moderate
2004-03-28 21:00:00+00:00,BOLU,14,10.660501,2.6105,16.699999,11.090103,63.0,93.58249,931.14087,7.11,Rain: Moderate
2004-03-29 21:00:00+00:00,BOLU,14,9.4105,1.2605002,0.0,11.885453,3.0,79.36326,935.31134,17.92,Overcast
2004-03-30 21:00:00+00:00,BOLU,14,10.0605,1.0605001,0.0,11.542478,2.0,76.06882,934.8161,20.03,Partly cloudy
2004-03-31 21:00:00+00:00,BOLU,14,15.4605,-0.18949986,0.1,8.707238,51.0,67.62948,929.0308,20.02,Drizzle: Light
2004-04-01 21:00:00+00:00,BOLU,14,8.2605,1.0105002,0.2,17.283749,51.0,81.93137,929.93195,16.63,Drizzle: Light
2004-04-02 21:00:00+00:00,BOLU,14,2.6605,-3.4895,0.0,14.145756,3.0,69.58972,937.49,20.69,Overcast
2004-04-03 21:00:00+00:00,BOLU,14,6.4605002,-4.2894998,0.0,8.311245,3.0,62.94473,939.35114,23.69,Overcast
2004-04-04 21:00:00+00:00,BOLU,14,12.5105,-0.4894998,0.0,6.489992,1.0,59.218216,934.398,23.69,Mainly clear
2004-04-05 21:00:00+00:00,BOLU,14,16.060501,0.46050012,0.0,9.693296,2.0,54.07137,929.0988,23.81,Partly cloudy
2004-04-06 21:00:00+00:00,BOLU,14,18.3605,1.6105001,0.0,14.512064,2.0,53.671673,928.56305,23.88,Partly cloudy
2004-04-07 21:00:00+00:00,BOLU,14,18.9105,2.3105001,0.0,13.397612,2.0,64.87607,930.61566,23.01,Partly cloudy
2004-04-08 21:00:00+00:00,BOLU,14,19.010502,4.7105002,0.0,9.007196,3.0,68.2313,933.1211,21.88,Overcast
2004-04-09 21:00:00+00:00,BOLU,14,22.260502,4.3105,0.0,14.241629,3.0,66.81147,932.5022,20.59,Overcast
2004-04-10 21:00:00+00:00,BOLU,14,26.1605,8.1605,0.0,9.47012,3.0,56.227894,934.62744,23.77,Overcast
2004-04-11 21:00:00+00:00,BOLU,14,26.060501,8.3105,0.0,9.983106,3.0,61.577633,934.16864,22.08,Overcast
2004-04-12 21:00:00+00:00,BOLU,14,24.810501,11.910501,0.0,10.630672,3.0,61.42039,930.6462,12.24,Overcast
2004-04-13 21:00:00+00:00,BOLU,14,20.9105,7.9605002,5.9999995,13.905509,61.0,62.94112,926.5332,19.02,Rain: Slight
2004-04-14 21:00:00+00:00,BOLU,14,8.2605,4.2105002,9.7,19.917469,73.0,91.91622,931.9881,13.68,Snow fall: Moderate
2004-04-15 21:00:00+00:00,BOLU,14,9.0605,0.46050012,1.2,18.03237,71.0,77.34662,938.1682,23.08,Snow fall: Slight
2004-04-16 21:00:00+00:00,BOLU,14,15.5105,-0.58949995,0.0,9.504273,3.0,62.25969,930.57916,20.65,Overcast
2004-04-17 21:00:00+00:00,BOLU,14,16.3605,4.2605,2.3,8.707238,53.0,71.619545,920.8819,18.37,Drizzle: Moderate
2004-04-18 21:00:00+00:00,BOLU,14,13.660501,5.3105,8.3,6.1094027,55.0,93.47012,917.75214,13.06,Drizzle: Dense
2004-04-19 21:00:00+00:00,BOLU,14,15.7105,6.0605,3.6,5.95906,61.0,88.101135,922.3265,18.96,Rain: Slight
2004-04-20 21:00:00+00:00,BOLU,14,17.0105,5.7605,11.799999,5.692099,63.0,88.77012,923.3392,13.84,Rain: Moderate
2004-04-21 21:00:00+00:00,BOLU,14,10.0105,6.2605,13.3,8.707237,55.0,98.82986,923.2016,5.01,Drizzle: Dense
2004-04-22 21:00:00+00:00,BOLU,14,11.0605,5.4105,0.2,11.165805,51.0,84.42242,924.9097,16.72,Drizzle: Light
2004-04-23 21:00:00+00:00,BOLU,14,14.5105,2.0605001,0.90000004,10.1887,53.0,79.41489,927.778,24.11,Drizzle: Moderate
2004-04-24 21:00:00+00:00,BOLU,14,16.3605,2.9605002,0.0,6.439876,3.0,77.64968,929.77386,23.8,Overcast
2004-04-25 21:00:00+00:00,BOLU,14,19.460499,3.4105,0.0,7.42159,3.0,73.77613,928.6646,19.93,Overcast
2004-04-26 21:00:00+00:00,BOLU,14,21.6105,8.1105,15.699999,7.0911775,63.0,76.04777,924.7192,15.83,Rain: Moderate
2004-04-27 21:00:00+00:00,BOLU,14,11.8605,6.9605002,8.2,11.542478,55.0,95.865974,927.43756,6.38,Drizzle: Dense
2004-04-28 21:00:00+00:00,BOLU,14,13.5105,3.3105001,1.4,9.0,53.0,86.98727,929.60724,19.99,Drizzle: Moderate
2004-04-29 21:00:00+00:00,BOLU,14,16.960499,5.1105003,0.0,7.42159,2.0,81.4104,926.91974,23.57,Partly cloudy
2004-04-30 21:00:00+00:00,BOLU,14,20.310501,5.0105,0.0,7.289445,3.0,76.78315,925.36786,23.9,Overcast
2004-05-01 21:00:00+00:00,BOLU,14,20.4105,7.9105,2.0,5.2416787,55.0,79.7453,926.92975,21.61,Drizzle: Dense
2004-05-02 21:00:00+00:00,BOLU,14,18.560501,9.6605,2.4999998,7.5685663,61.0,89.61715,927.85767,17.1,Rain: Slight
2004-05-03 21:00:00+00:00,BOLU,14,20.3605,8.1105,0.0,8.049845,3.0,74.3081,929.5866,26.3,Overcast
2004-05-04 21:00:00+00:00,BOLU,14,23.8605,8.5105,4.9,12.57426,61.0,79.421844,928.5024,20.74,Rain: Slight
2004-05-05 21:00:00+00:00,BOLU,14,22.260502,13.160501,8.3,14.689589,63.0,76.01168,924.22064,20.49,Rain: Moderate
2004-05-06 21:00:00+00:00,BOLU,14,23.1105,10.2105,0.0,17.148247,2.0,68.114784,923.58307,26.67,Partly cloudy
2004-05-07 21:00:00+00:00,BOLU,14,22.010502,9.710501,0.0,4.8433046,3.0,75.154625,927.58575,25.18,Overcast
2004-05-08 21:00:00+00:00,BOLU,14,21.1605,11.0605,0.0,8.287822,3.0,73.31274,927.323,27.03,Overcast
2004-05-09 21:00:00+00:00,BOLU,14,18.310501,10.2105,2.1999998,7.145796,53.0,81.159035,921.33636,15.89,Drizzle: Moderate
2004-05-10 21:00:00+00:00,BOLU,14,17.8605,8.210501,9.099999,11.212135,63.0,88.37623,924.2337,21.15,Rain: Moderate
2004-05-11 21:00:00+00:00,BOLU,14,15.5605,9.0105,3.3,12.313894,53.0,88.82348,929.0012,20.55,Drizzle: Moderate
2004-05-12 21:00:00+00:00,BOLU,14,22.260502,4.7605,1.0,11.885453,51.0,71.94979,924.7934,25.52,Drizzle: Light
2004-05-13 21:00:00+00:00,BOLU,14,15.7605,8.3105,21.4,10.239453,63.0,90.747444,920.392,18.06,Rain: Moderate
2004-05-14 21:00:00+00:00,BOLU,14,14.0105,7.7605,14.099999,10.990322,61.0,96.47314,927.842,15.8,Rain: Slight
2004-05-15 21:00:00+00:00,BOLU,14,12.0105,7.0105,4.9,9.826088,53.0,89.811195,928.5059,19.09,Drizzle: Moderate
2004-05-16 21:00:00+00:00,BOLU,14,15.8605,3.9605002,3.8,7.6367526,55.0,80.31204,928.0232,25.41,Drizzle: Dense
2004-05-17 21:00:00+00:00,BOLU,14,12.7605,7.5605,9.1,8.12197,61.0,94.79089,931.10736,16.11,Rain: Slight
2004-05-18 21:00:00+00:00,BOLU,14,13.0605,4.2105002,0.2,11.966953,51.0,79.68993,933.77,24.77,Drizzle: Light
2004-05-19 21:00:00+00:00,BOLU,14,16.310501,4.3605003,0.4,7.5685663,51.0,77.37716,933.2935,24.26,Drizzle: Light
2004-05-20 21:00:00+00:00,BOLU,14,21.010502,5.7105002,0.0,6.6087217,2.0,74.65985,933.7701,27.04,Partly cloudy
2004-05-21 21:00:00+00:00,BOLU,14,22.510502,7.6105003,0.5,7.653705,51.0,72.823494,931.74786,24.78,Drizzle: Light
2004-05-22 21:00:00+00:00,BOLU,14,21.810501,11.2105,0.0,9.0645685,2.0,73.59594,930.3847,27.26,Partly cloudy
2004-05-23 21:00:00+00:00,BOLU,14,23.210499,8.960501,0.1,7.491114,51.0,75.01379,928.6809,26.58,Drizzle: Light
2004-05-24 21:00:00+00:00,BOLU,14,13.2105,7.5105,6.8,9.449572,53.0,92.33346,932.84296,11.34,Drizzle: Moderate
2004-05-25 21:00:00+00:00,BOLU,14,15.8105,4.9105,0.2,9.36,51.0,82.69638,933.0219,21.89,Drizzle: Light
2004-05-26 21:00:00+00:00,BOLU,14,16.560501,8.1605,0.0,12.429127,3.0,81.994804,933.65424,23.28,Overcast
2004-05-27 21:00:00+00:00,BOLU,14,18.0105,4.9105,0.0,13.339445,2.0,79.82094,932.98975,28.19,Partly cloudy
2004-05-28 21:00:00+00:00,BOLU,14,20.210499,7.7105002,0.0,9.0,3.0,82.48764,930.38605,23.46,Overcast
2004-05-29 21:00:00+00:00,BOLU,14,17.4105,11.4605,1.4000001,10.30883,51.0,85.949684,928.62897,20.67,Drizzle: Light
2004-05-30 21:00:00+00:00,BOLU,14,17.8605,9.1605,5.6999993,13.779114,61.0,83.60668,926.95996,22.99,Rain: Slight
2004-05-31 21:00:00+00:00,BOLU,14,14.3105,11.3605,16.4,9.957108,61.0,98.94245,930.19604,4.1,Rain: Slight
2004-06-01 21:00:00+00:00,BOLU,14,18.3605,9.6605,0.1,11.019764,51.0,81.64907,932.79126,23.7,Drizzle: Light
2004-06-02 21:00:00+00:00,BOLU,14,18.0105,9.1105,8.3,7.2,63.0,89.24058,931.27026,20.33,Rain: Moderate
2004-06-03 21:00:00+00:00,BOLU,14,21.060501,8.3605,1.1,5.991594,51.0,82.20417,932.09894,24.27,Drizzle: Light
2004-06-04 21:00:00+00:00,BOLU,14,24.010502,11.910501,1.1000001,8.891343,51.0,77.98592,930.8237,22.2,Drizzle: Light
2004-06-05 21:00:00+00:00,BOLU,14,24.260502,13.6105,2.9,10.630672,61.0,79.4124,929.2216,22.51,Rain: Slight
2004-06-06 21:00:00+00:00,BOLU,14,20.760502,12.2105,6.8,7.491114,61.0,91.1054,931.6907,22.77,Rain: Slight
2004-06-07 21:00:00+00:00,BOLU,14,16.810501,11.910501,10.1,9.178235,63.0,94.59665,931.3476,18.14,Rain: Moderate
2004-06-08 21:00:00+00:00,BOLU,14,19.010502,10.7105,0.6,13.570615,51.0,81.572136,932.4555,25.48,Drizzle: Light
2004-06-09 21:00:00+00:00,BOLU,14,18.6605,10.7105,1.5,10.464798,51.0,87.79166,934.0796,22.86,Drizzle: Light
2004-06-10 21:00:00+00:00,BOLU,14,18.9105,6.7605,0.0,7.754637,3.0,73.3919,934.5444,29.63,Overcast
2004-06-11 21:00:00+00:00,BOLU,14,23.960499,9.2605,0.0,6.989936,3.0,68.66735,934.4297,29.32,Overcast
2004-06-12 21:00:00+00:00,BOLU,14,26.1605,13.910501,0.0,9.0645685,1.0,73.62995,934.69366,29.17,Mainly clear
2004-06-13 21:00:00+00:00,BOLU,14,26.010502,13.410501,0.0,11.609651,3.0,75.6495,933.34015,28.14,Overcast
2004-06-14 21:00:00+00:00,BOLU,14,20.710499,13.160501,0.6,11.212135,51.0,82.73484,932.33545,25.06,Drizzle: Light
2004-06-15 21:00:00+00:00,BOLU,14,22.810501,10.2605,0.0,10.630672,2.0,71.38744,927.73413,30.22,Partly cloudy
2004-06-16 21:00:00+00:00,BOLU,14,23.310501,13.910501,0.1,11.304229,51.0,73.722145,929.0833,24.98,Drizzle: Light
2004-06-17 21:00:00+00:00,BOLU,14,26.9105,12.0605,3.0,10.00256,61.0,80.521935,927.6893,22.77,Rain: Slight
2004-06-18 21:00:00+00:00,BOLU,14,22.260502,14.4605,9.8,10.883676,61.0,88.49891,923.4682,19.25,Rain: Slight
2004-06-19 21:00:00+00:00,BOLU,14,21.460499,12.8105,0.7,8.707238,51.0,86.87967,927.10895,20.31,Drizzle: Light
2004-06-20 21:00:00+00:00,BOLU,14,23.9105,12.8105,2.6000001,7.653705,53.0,86.294685,929.4961,25.31,Drizzle: Moderate
2004-06-21 21:00:00+00:00,BOLU,14,22.4105,13.5605,0.4,10.041354,51.0,80.656136,931.7835,25.54,Drizzle: Light
2004-06-22 21:00:00+00:00,BOLU,14,21.210499,13.7105,8.2,11.212135,63.0,90.10221,929.3791,20.67,Rain: Moderate
2004-06-23 21:00:00+00:00,BOLU,14,19.1105,14.3105,10.099999,8.766573,61.0,94.86132,927.6751,15.39,Rain: Slight
2004-06-24 21:00:00+00:00,BOLU,14,20.810501,11.7105,1.1,9.028754,51.0,84.32038,930.7305,22.24,Drizzle: Light
2004-06-25 21:00:00+00:00,BOLU,14,24.8605,11.9605,0.1,10.948973,51.0,80.134926,933.1682,28.72,Drizzle: Light
2004-06-26 21:00:00+00:00,BOLU,14,20.710499,12.8105,0.5,10.823973,51.0,83.132225,934.5664,23.1,Drizzle: Light
2004-06-27 21:00:00+00:00,BOLU,14,20.8605,11.660501,0.0,12.620554,2.0,78.73224,935.59406,28.56,Partly cloudy
2004-06-28 21:00:00+00:00,BOLU,14,23.210499,10.8105,0.0,8.759178,2.0,72.06034,934.7618,29.79,Partly cloudy
2004-06-29 21:00:00+00:00,BOLU,14,22.960499,12.0105,2.6000001,13.830749,53.0,81.35898,932.87354,23.87,Drizzle: Moderate
2004-06-30 21:00:00+00:00,BOLU,14,20.810501,10.5105,0.0,12.6462,3.0,78.28889,934.137,28.96,Overcast
2004-07-01 21:00:00+00:00,BOLU,14,24.1605,9.6605,0.0,9.0,0.0,75.23258,931.9196,29.46,Clear sky
2004-07-02 21:00:00+00:00,BOLU,14,25.1105,11.7605,0.0,9.565437,3.0,79.16842,930.07416,29.13,Overcast
2004-07-03 21:00:00+00:00,BOLU,14,22.710499,12.9605,0.0,13.722565,3.0,78.72903,933.7581,27.64,Overcast
2004-07-04 21:00:00+00:00,BOLU,14,24.760502,12.160501,0.0,11.183201,2.0,78.028,934.66064,28.28,Partly cloudy
2004-07-05 21:00:00+00:00,BOLU,14,27.1605,12.3105,0.0,9.746631,3.0,77.37716,932.69745,29.06,Overcast
2004-07-06 21:00:00+00:00,BOLU,14,25.3605,13.2105,0.0,12.6462,3.0,79.37514,931.8303,24.99,Overcast
2004-07-07 21:00:00+00:00,BOLU,14,25.460499,15.0105,0.0,13.797912,3.0,80.260574,933.01117,27.45,Overcast
2004-07-08 21:00:00+00:00,BOLU,14,24.210499,15.6105,0.0,12.682018,3.0,77.92676,932.77075,27.5,Overcast
2004-07-09 21:00:00+00:00,BOLU,14,25.810501,13.2105,0.0,11.525623,2.0,65.06902,930.82056,29.74,Partly cloudy
2004-07-10 21:00:00+00:00,BOLU,14,30.1605,12.5105,0.0,8.557102,1.0,65.377785,926.2319,28.84,Mainly clear
2004-07-11 21:00:00+00:00,BOLU,14,27.460499,17.1105,0.0,11.200571,2.0,70.952705,924.7828,28.38,Partly cloudy
2004-07-12 21:00:00+00:00,BOLU,14,30.710499,14.7105,0.3,11.503113,51.0,64.805504,924.617,27.46,Drizzle: Light
2004-07-13 21:00:00+00:00,BOLU,14,21.460499,14.3605,8.300001,8.942214,61.0,90.11844,925.64105,18.17,Rain: Slight
2004-07-14 21:00:00+00:00,BOLU,14,19.8605,11.8105,1.0,12.7279215,51.0,79.257416,927.24536,23.93,Drizzle: Light
2004-07-15 21:00:00+00:00,BOLU,14,19.1105,12.3105,6.4,11.966953,63.0,87.67636,930.07574,21.83,Rain: Moderate
2004-07-16 21:00:00+00:00,BOLU,14,18.1605,12.0605,1.0,14.512064,51.0,83.65263,934.94977,18.12,Drizzle: Light
2004-07-17 21:00:00+00:00,BOLU,14,21.9105,10.7605,0.0,12.849528,2.0,77.451744,937.0803,28.2,Partly cloudy
2004-07-18 21:00:00+00:00,BOLU,14,24.6105,10.5605,0.0,13.009903,0.0,71.67488,935.36835,28.86,Clear sky
2004-07-19 21:00:00+00:00,BOLU,14,25.260502,12.0105,0.0,13.363711,3.0,73.37437,932.84503,28.9,Overcast
2004-07-20 21:00:00+00:00,BOLU,14,22.8605,14.3105,0.0,14.081478,3.0,79.69243,932.0887,25.75,Overcast
2004-07-21 21:00:00+00:00,BOLU,14,23.210499,13.0105,0.0,13.661038,3.0,74.897026,932.1745,28.07,Overcast
2004-07-22 21:00:00+00:00,BOLU,14,24.960499,13.8605,0.0,11.885453,1.0,73.93173,931.61957,27.64,Mainly clear
2004-07-23 21:00:00+00:00,BOLU,14,24.460499,13.2605,0.0,11.5199995,2.0,73.82644,929.15796,28.2,Partly cloudy
2004-07-24 21:00:00+00:00,BOLU,14,24.210499,13.1105,1.7,9.114471,53.0,80.859856,926.889,23.84,Drizzle: Moderate
2004-07-25 21:00:00+00:00,BOLU,14,26.560501,13.8605,0.0,8.12197,2.0,78.73704,926.707,25.39,Partly cloudy
2004-07-26 21:00:00+00:00,BOLU,14,29.6605,15.660501,0.0,7.928177,3.0,70.50967,927.8588,27.12,Overcast
2004-07-27 21:00:00+00:00,BOLU,14,29.9105,16.710499,0.3,9.504273,51.0,67.075775,928.8448,26.46,Drizzle: Light
2004-07-28 21:00:00+00:00,BOLU,14,29.960499,18.210499,0.0,9.531505,1.0,66.32414,929.9311,25.88,Mainly clear
2004-07-29 21:00:00+00:00,BOLU,14,30.810501,17.6105,0.0,9.983106,3.0,75.85936,929.27875,23.3,Overcast
2004-07-30 21:00:00+00:00,BOLU,14,27.010502,17.460499,1.3000001,10.948973,51.0,83.384544,929.84174,20.07,Drizzle: Light
2004-07-31 21:00:00+00:00,BOLU,14,26.6105,18.1605,6.0,11.212135,53.0,87.30377,928.09235,17.14,Drizzle: Moderate
2004-08-01 21:00:00+00:00,BOLU,14,21.9105,16.6105,5.1000004,10.041354,53.0,87.32758,926.8587,15.52,Drizzle: Moderate
2004-08-02 21:00:00+00:00,BOLU,14,22.260502,14.660501,0.1,11.631956,51.0,78.25876,926.5952,19.57,Drizzle: Light
2004-08-03 21:00:00+00:00,BOLU,14,25.510502,13.0605,0.0,10.787993,2.0,67.47617,927.2251,25.56,Partly cloudy
2004-08-04 21:00:00+00:00,BOLU,14,25.8605,15.0105,0.0,9.826088,1.0,62.290768,928.54083,24.49,Mainly clear
2004-08-05 21:00:00+00:00,BOLU,14,26.9105,15.0105,0.0,9.565437,1.0,68.096535,930.5893,25.33,Mainly clear
2004-08-06 21:00:00+00:00,BOLU,14,28.3605,14.5605,0.0,10.041354,2.0,72.32865,930.08203,24.99,Partly cloudy
2004-08-07 21:00:00+00:00,BOLU,14,25.460499,16.5105,0.0,11.252519,3.0,76.771774,929.38324,23.08,Overcast
2004-08-08 21:00:00+00:00,BOLU,14,26.560501,15.6105,0.2,10.182337,51.0,75.72126,928.7244,23.96,Drizzle: Light
2004-08-09 21:00:00+00:00,BOLU,14,25.260502,16.310501,0.2,10.464797,51.0,78.053566,927.0063,22.54,Drizzle: Light
2004-08-10 21:00:00+00:00,BOLU,14,18.960499,15.2605,14.8,10.315115,63.0,93.177956,927.1458,11.34,Rain: Moderate
2004-08-11 21:00:00+00:00,BOLU,14,21.1105,14.1105,1.2,11.298495,51.0,84.082756,930.035,18.71,Drizzle: Light
2004-08-12 21:00:00+00:00,BOLU,14,25.1105,12.2605,0.0,7.729527,2.0,73.41682,930.3785,25.69,Partly cloudy
2004-08-13 21:00:00+00:00,BOLU,14,28.810501,13.7605,0.0,6.763786,2.0,65.034676,928.1526,26.18,Partly cloudy
2004-08-14 21:00:00+00:00,BOLU,14,25.560501,17.810501,6.2,9.0,61.0,78.108376,927.053,16.65,Rain: Slight
2004-08-15 21:00:00+00:00,BOLU,14,23.6105,16.560501,11.5,9.746631,63.0,88.29562,928.249,17.39,Rain: Moderate
2004-08-16 21:00:00+00:00,BOLU,14,22.760502,15.7605,8.400001,7.628263,61.0,92.04723,929.9045,16.57,Rain: Slight
2004-08-17 21:00:00+00:00,BOLU,14,20.060501,15.1105,5.5,8.654986,53.0,93.28232,933.18115,15.22,Drizzle: Moderate
2004-08-18 21:00:00+00:00,BOLU,14,20.9105,13.7605,0.0,12.313894,2.0,83.72263,932.7828,17.34,Partly cloudy
2004-08-19 21:00:00+00:00,BOLU,14,22.060501,14.910501,0.3,9.793058,51.0,81.09176,929.63403,18.27,Drizzle: Light
2004-08-20 21:00:00+00:00,BOLU,14,25.010502,15.1105,0.0,9.693296,2.0,74.310684,929.1421,22.17,Partly cloudy
2004-08-21 21:00:00+00:00,BOLU,14,29.010502,13.3105,0.0,7.42159,0.0,70.33262,929.3294,24.94,Clear sky
2004-08-22 21:00:00+00:00,BOLU,14,24.210499,15.3105,11.099999,10.495713,63.0,80.74551,931.67316,16.99,Rain: Moderate
2004-08-23 21:00:00+00:00,BOLU,14,18.710499,13.8605,4.5,11.966954,53.0,88.44742,935.1816,16.55,Drizzle: Moderate
2004-08-24 21:00:00+00:00,BOLU,14,22.4105,13.8605,0.0,11.159999,3.0,83.5691,934.5716,18.52,Overcast
2004-08-25 21:00:00+00:00,BOLU,14,26.460499,12.4605,0.0,6.6185193,2.0,80.032455,930.80835,23.8,Partly cloudy
2004-08-26 21:00:00+00:00,BOLU,14,31.260502,13.7105,0.0,8.942214,2.0,64.98281,926.2586,23.82,Partly cloudy
2004-08-27 21:00:00+00:00,BOLU,14,26.1605,15.1105,16.1,10.464797,63.0,74.283295,924.9856,14.79,Rain: Moderate
2004-08-28 21:00:00+00:00,BOLU,14,22.060501,14.0605,0.0,9.449572,3.0,82.29745,931.0297,19.36,Overcast
2004-08-29 21:00:00+00:00,BOLU,14,23.8605,12.8605,0.0,9.387651,2.0,80.440056,932.1772,22.28,Partly cloudy
2004-08-30 21:00:00+00:00,BOLU,14,24.510502,14.1105,0.0,9.028754,3.0,82.49178,931.2955,19.47,Overcast
2004-08-31 21:00:00+00:00,BOLU,14,23.760502,14.5605,0.5,10.1376915,51.0,85.0841,931.039,18.79,Drizzle: Light
2004-09-01 21:00:00+00:00,BOLU,14,23.8605,14.910501,0.5,12.074766,51.0,84.03834,933.0142,20.27,Drizzle: Light
2004-09-02 21:00:00+00:00,BOLU,14,25.460499,14.8605,0.0,14.05845,3.0,79.83622,936.05536,21.51,Overcast
2004-09-03 21:00:00+00:00,BOLU,14,22.010502,13.910501,0.0,13.698934,3.0,79.85227,935.5883,19.57,Overcast
2004-09-04 21:00:00+00:00,BOLU,14,19.060501,10.9605,1.5,13.849476,51.0,84.36216,933.9837,15.38,Drizzle: Light
2004-09-05 21:00:00+00:00,BOLU,14,18.310501,9.4105,0.6,17.447933,51.0,82.386894,935.3963,17.1,Drizzle: Light
2004-09-06 21:00:00+00:00,BOLU,14,21.060501,7.7105002,0.0,13.679999,2.0,70.306145,936.30475,21.94,Partly cloudy
2004-09-07 21:00:00+00:00,BOLU,14,21.810501,9.7605,0.0,9.726664,3.0,77.699776,933.166,20.7,Overcast
2004-09-08 21:00:00+00:00,BOLU,14,18.260502,10.160501,3.9,14.81259,55.0,82.752174,930.6745,17.84,Drizzle: Dense
2004-09-09 21:00:00+00:00,BOLU,14,12.7105,7.3605003,8.0,10.041354,53.0,90.72043,936.9397,15.6,Drizzle: Moderate
2004-09-10 21:00:00+00:00,BOLU,14,14.2605,6.2105002,0.0,11.165805,3.0,79.023,939.231,17.48,Overcast
2004-09-11 21:00:00+00:00,BOLU,14,18.1605,3.6105,0.0,6.849467,2.0,69.68232,937.31177,21.68,Partly cloudy
2004-09-12 21:00:00+00:00,BOLU,14,21.560501,5.3605003,0.0,6.5693827,0.0,67.55988,934.54443,21.42,Clear sky
2004-09-13 21:00:00+00:00,BOLU,14,23.960499,8.5605,0.0,6.9899354,3.0,73.3155,935.7342,21.01,Overcast
2004-09-14 21:00:00+00:00,BOLU,14,24.9105,9.960501,0.0,7.0911775,3.0,76.6869,934.521,19.47,Overcast
2004-09-15 21:00:00+00:00,BOLU,14,23.9105,12.0605,0.0,8.373386,3.0,76.385124,931.801,19.05,Overcast
2004-09-16 21:00:00+00:00,BOLU,14,19.560501,11.8105,0.0,13.493999,3.0,82.322,933.63104,17.19,Overcast
2004-09-17 21:00:00+00:00,BOLU,14,22.210499,9.3105,0.0,7.928178,3.0,73.29757,935.543,20.28,Overcast
2004-09-18 21:00:00+00:00,BOLU,14,24.460499,9.210501,0.0,6.28713,2.0,72.13183,934.39746,19.25,Partly cloudy
2004-09-19 21:00:00+00:00,BOLU,14,26.510502,11.3105,0.0,6.3690495,3.0,69.1084,934.8486,18.85,Overcast
2004-09-20 21:00:00+00:00,BOLU,14,29.260502,12.7605,0.0,5.8048253,3.0,60.525745,933.01385,18.24,Overcast
2004-09-21 21:00:00+00:00,BOLU,14,28.760502,12.6105,0.0,6.9247384,2.0,59.91629,928.04755,18.41,Partly cloudy
2004-09-22 21:00:00+00:00,BOLU,14,23.310501,14.3105,0.8,7.7043357,51.0,77.58065,928.35815,15.42,Drizzle: Light
2004-09-23 21:00:00+00:00,BOLU,14,27.960499,11.660501,0.0,13.849476,2.0,65.620125,928.8543,18.65,Partly cloudy
2004-09-24 21:00:00+00:00,BOLU,14,26.460499,16.710499,0.0,7.289445,2.0,57.950695,930.22723,15.42,Partly cloudy
2004-09-25 21:00:00+00:00,BOLU,14,27.210499,13.0605,0.0,6.989936,2.0,63.99487,934.17084,17.64,Partly cloudy
2004-09-26 21:00:00+00:00,BOLU,14,30.010502,13.0605,0.0,8.587338,1.0,57.152203,935.57245,18.2,Mainly clear
2004-09-27 21:00:00+00:00,BOLU,14,29.960499,15.660501,0.0,6.1094027,1.0,53.406006,937.44336,17.33,Mainly clear
2004-09-28 21:00:00+00:00,BOLU,14,31.060501,13.7605,0.0,7.8954163,2.0,54.604923,933.7622,18.06,Partly cloudy
2004-09-29 21:00:00+00:00,BOLU,14,25.3605,15.3105,0.4,8.557102,51.0,72.71417,933.8719,15.27,Drizzle: Light
2004-09-30 21:00:00+00:00,BOLU,14,19.4105,12.9605,0.70000005,9.565437,51.0,87.45401,935.8926,13.78,Drizzle: Light
2004-10-01 21:00:00+00:00,BOLU,14,19.710499,9.4105,0.0,11.043261,2.0,71.81108,934.9488,17.36,Partly cloudy
2004-10-02 21:00:00+00:00,BOLU,14,15.5605,9.8105,2.7,9.346143,55.0,84.42619,935.154,11.52,Drizzle: Dense
2004-10-03 21:00:00+00:00,BOLU,14,16.310501,8.6605,0.3,10.446206,51.0,83.33752,936.56976,11.58,Drizzle: Light
2004-10-04 21:00:00+00:00,BOLU,14,19.460499,7.7105002,0.3,12.641076,51.0,73.01767,936.3134,14.92,Drizzle: Light
2004-10-05 21:00:00+00:00,BOLU,14,18.710499,7.7605,0.0,12.605142,2.0,74.89624,934.3042,16.13,Partly cloudy
2004-10-06 21:00:00+00:00,BOLU,14,19.510502,8.460501,10.299999,4.2136917,61.0,85.711815,930.51263,13.1,Rain: Slight
2004-10-07 21:00:00+00:00,BOLU,14,17.2605,8.1105,11.300001,6.379216,63.0,93.04345,929.9832,10.48,Rain: Moderate
2004-10-08 21:00:00+00:00,BOLU,14,15.8605,7.8605003,3.3000002,8.473393,55.0,92.800964,930.5945,11.09,Drizzle: Dense
2004-10-09 21:00:00+00:00,BOLU,14,20.460499,7.7105002,0.0,8.049845,3.0,78.6665,931.9737,15.61,Overcast
2004-10-10 21:00:00+00:00,BOLU,14,23.9105,7.9105,0.0,11.770403,1.0,65.83488,931.6602,15.56,Mainly clear
2004-10-11 21:00:00+00:00,BOLU,14,14.0605,8.710501,3.7,10.948973,53.0,87.622154,935.61115,5.9,Drizzle: Moderate
2004-10-12 21:00:00+00:00,BOLU,14,13.7605,7.7105002,5.7000003,8.534353,55.0,85.12072,939.25104,7.61,Drizzle: Dense
2004-10-13 21:00:00+00:00,BOLU,14,17.310501,5.6605,0.0,6.12,3.0,76.13799,936.53424,13.85,Overcast
2004-10-14 21:00:00+00:00,BOLU,14,20.560501,7.3105,0.2,6.4799995,51.0,75.69221,935.158,13.78,Drizzle: Light
2004-10-15 21:00:00+00:00,BOLU,14,21.310501,10.2105,0.0,8.209263,3.0,75.35645,934.8525,13.47,Overcast
2004-10-16 21:00:00+00:00,BOLU,14,24.310501,11.9605,0.2,15.5843,51.0,64.61355,933.4245,13.33,Drizzle: Light
2004-10-17 21:00:00+00:00,BOLU,14,24.310501,10.2105,0.0,9.107359,1.0,65.65029,934.47925,14.47,Mainly clear
2004-10-18 21:00:00+00:00,BOLU,14,21.960499,12.0105,0.0,7.342588,3.0,78.39002,935.0669,12.86,Overcast
2004-10-19 21:00:00+00:00,BOLU,14,19.810501,11.3605,5.0,10.08,61.0,83.64808,931.06445,7.19,Rain: Slight
2004-10-20 21:00:00+00:00,BOLU,14,16.310501,9.210501,0.1,8.217153,51.0,84.37312,933.0291,12.36,Drizzle: Light
2004-10-21 21:00:00+00:00,BOLU,14,16.4105,8.1605,0.0,7.9932976,3.0,72.95801,934.58057,13.53,Overcast
2004-10-22 21:00:00+00:00,BOLU,14,18.560501,4.1605,0.0,4.3498964,2.0,70.61828,935.9256,13.91,Partly cloudy
2004-10-23 21:00:00+00:00,BOLU,14,19.060501,7.1105003,0.0,6.4096174,2.0,73.1314,934.961,13.15,Partly cloudy
2004-10-24 21:00:00+00:00,BOLU,14,21.810501,5.7605,0.0,6.696387,2.0,72.095894,935.38745,13.67,Partly cloudy
2004-10-25 21:00:00+00:00,BOLU,14,22.960499,7.3105,0.0,7.5942082,3.0,59.23263,934.2913,13.59,Overcast
2004-10-26 21:00:00+00:00,BOLU,14,24.3605,7.2105002,0.0,8.707237,3.0,58.619156,932.7493,12.11,Overcast
2004-10-27 21:00:00+00:00,BOLU,14,22.210499,10.160501,0.0,6.297428,2.0,67.28372,932.25415,12.7,Partly cloudy
2004-10-28 21:00:00+00:00,BOLU,14,21.810501,11.0105,0.0,5.00128,2.0,75.05605,931.5603,11.97,Partly cloudy
2004-10-29 21:00:00+00:00,BOLU,14,21.4105,9.5105,0.0,5.3999996,2.0,78.095345,931.8173,11.35,Partly cloudy
2004-10-30 21:00:00+00:00,BOLU,14,21.960499,10.1105,0.0,5.1165614,2.0,75.78292,935.10547,12.48,Partly cloudy
2004-10-31 21:00:00+00:00,BOLU,14,21.960499,9.460501,0.0,5.904439,0.0,66.9366,935.30707,12.28,Clear sky
2004-11-01 21:00:00+00:00,BOLU,14,21.010502,12.6105,0.0,9.227524,3.0,71.04702,936.4124,11.59,Overcast
2004-11-02 21:00:00+00:00,BOLU,14,13.8605,8.460501,1.4000001,10.086427,51.0,87.99072,937.7644,8.29,Drizzle: Light
2004-11-03 21:00:00+00:00,BOLU,14,15.410501,6.5605,0.0,8.12197,3.0,78.85313,939.398,11.61,Overcast
2004-11-04 21:00:00+00:00,BOLU,14,16.1605,2.8105001,0.0,5.495161,0.0,62.935787,935.35004,12.18,Clear sky
2004-11-05 21:00:00+00:00,BOLU,14,15.8605,1.4605001,0.0,6.439876,3.0,49.568424,929.1452,12.09,Overcast
2004-11-06 21:00:00+00:00,BOLU,14,17.1605,4.0605,0.0,6.12,3.0,63.22856,927.5495,8.66,Overcast
2004-11-07 21:00:00+00:00,BOLU,14,20.1105,5.2605,0.0,9.793058,1.0,69.70793,925.99896,10.69,Mainly clear
2004-11-08 21:00:00+00:00,BOLU,14,19.760502,7.3105,0.0,9.511088,3.0,74.90378,926.30853,10.29,Overcast
2004-11-09 21:00:00+00:00,BOLU,14,20.310501,7.2605,0.0,7.289445,3.0,74.01656,927.92474,9.64,Overcast
2004-11-10 21:00:00+00:00,BOLU,14,19.1605,9.1605,0.8,4.452954,53.0,77.60764,932.56793,9.34,Drizzle: Moderate
2004-11-11 21:00:00+00:00,BOLU,14,19.8605,8.4105,0.0,4.896529,2.0,80.89883,937.3483,9.46,Partly cloudy
2004-11-12 21:00:00+00:00,BOLU,14,20.510502,7.5605,0.0,7.24486,3.0,76.50852,934.5476,10.29,Overcast
2004-11-13 21:00:00+00:00,BOLU,14,20.560501,6.9105,0.0,12.879752,3.0,65.58617,931.05,9.57,Overcast
2004-11-14 21:00:00+00:00,BOLU,14,15.1105,9.5105,4.5000005,14.332341,53.0,79.18715,927.0283,3.3,Drizzle: Moderate
2004-11-15 21:00:00+00:00,BOLU,14,13.7605,7.1105003,7.5,7.172949,55.0,94.67982,925.13885,5.38,Drizzle: Dense
2004-11-16 21:00:00+00:00,BOLU,14,8.3105,2.9105,14.100001,10.30883,71.0,95.79856,928.78107,4.24,Snow fall: Slight
2004-11-17 21:00:00+00:00,BOLU,14,9.2605,0.5105002,0.1,9.360001,51.0,81.36688,933.7647,10.17,Drizzle: Light
2004-11-18 21:00:00+00:00,BOLU,14,12.0605,-0.18949986,0.0,12.57426,2.0,65.63152,926.51825,10.31,Partly cloudy
2004-11-19 21:00:00+00:00,BOLU,14,8.460501,0.21050012,24.9,16.65754,75.0,86.31112,921.35333,1.94,Snow fall: Heavy
2004-11-20 21:00:00+00:00,BOLU,14,1.0605001,-4.4395,10.4,9.387651,73.0,93.4159,927.4883,7.17,Snow fall: Moderate
2004-11-21 21:00:00+00:00,BOLU,14,0.46050012,-6.4895,6.4999995,10.464797,73.0,89.3812,931.3052,7.49,Snow fall: Moderate
2004-11-22 21:00:00+00:00,BOLU,14,0.16050017,-3.5895,0.1,9.220499,71.0,77.67942,934.5607,9.86,Snow fall: Slight
2004-11-23 21:00:00+00:00,BOLU,14,4.5105,-1.6894999,9.8,11.165805,73.0,83.3991,930.15717,5.91,Snow fall: Moderate
2004-11-24 21:00:00+00:00,BOLU,14,0.16050017,-5.2894998,4.2000003,9.085988,73.0,91.94586,928.3449,7.82,Snow fall: Moderate
2004-11-25 21:00:00+00:00,BOLU,14,-0.1394999,-5.4895,6.5999994,13.584932,73.0,93.97873,932.83594,6.61,Snow fall: Moderate
2004-11-26 21:00:00+00:00,BOLU,14,2.8105001,-5.1895,0.0,11.841756,71.0,85.27385,936.279,7.64,Snow fall: Slight
2004-11-27 21:00:00+00:00,BOLU,14,6.5605,-5.1895,0.0,12.43434,3.0,75.52288,936.1319,8.6,Overcast
2004-11-28 21:00:00+00:00,BOLU,14,6.4105,-0.68949986,0.0,11.91812,3.0,71.16738,937.5882,9.27,Overcast
2004-11-29 21:00:00+00:00,BOLU,14,8.0605,-1.1394999,0.0,12.245293,3.0,82.06321,936.137,7.72,Overcast
2004-11-30 21:00:00+00:00,BOLU,14,9.3605,1.7105001,2.8999999,5.991594,51.0,93.32422,939.1469,5.78,Drizzle: Light
2004-12-01 21:00:00+00:00,BOLU,14,8.3105,-0.7394998,0.0,10.30883,3.0,92.65371,938.8037,8.5,Overcast
2004-12-02 21:00:00+00:00,BOLU,14,11.660501,1.2605002,0.0,10.636766,3.0,86.557274,938.31793,7.53,Overcast
2004-12-03 21:00:00+00:00,BOLU,14,14.1105,1.3105001,0.0,10.948973,3.0,83.852234,938.3188,7.8,Overcast
2004-12-04 21:00:00+00:00,BOLU,14,8.5605,3.3605,2.8999999,7.2,51.0,96.525185,941.05817,4.58,Drizzle: Light
2004-12-05 21:00:00+00:00,BOLU,14,5.8605003,0.16050017,0.0,7.289444,3.0,91.37979,937.97363,7.36,Overcast
2004-12-06 21:00:00+00:00,BOLU,14,3.8105001,-0.28949976,10.899999,9.227524,73.0,95.38979,937.3283,1.74,Snow fall: Moderate
2004-12-07 21:00:00+00:00,BOLU,14,4.8105,-0.33949995,1.1,7.8954163,71.0,87.78924,940.948,8.37,Snow fall: Slight
2004-12-08 21:00:00+00:00,BOLU,14,4.8605003,-1.1394999,0.6,8.557102,51.0,83.27407,937.65717,8.13,Drizzle: Light
2004-12-09 21:00:00+00:00,BOLU,14,3.3105001,-0.58949995,0.3,5.2416787,51.0,86.02308,937.72003,6.44,Drizzle: Light
2004-12-10 21:00:00+00:00,BOLU,14,2.5105002,-1.2894998,2.7999995,7.7879906,73.0,90.67025,937.1948,4.38,Snow fall: Moderate
2004-12-11 21:00:00+00:00,BOLU,14,4.5605,-0.1394999,0.0,5.1544156,3.0,83.442894,939.0718,7.25,Overcast
2004-12-12 21:00:00+00:00,BOLU,14,5.4605002,0.8605001,0.4,9.387651,51.0,80.95344,937.4495,8.07,Drizzle: Light
2004-12-13 21:00:00+00:00,BOLU,14,1.8105001,-4.2395,6.500001,11.27553,73.0,92.397835,938.1037,5.23,Snow fall: Moderate
2004-12-14 21:00:00+00:00,BOLU,14,-0.68949986,-4.8894997,2.8000002,10.685391,73.0,83.0485,939.149,5.97,Snow fall: Moderate
2004-12-15 21:00:00+00:00,BOLU,14,1.0105002,-4.4895,0.0,6.9527545,2.0,62.95677,938.5771,8.68,Partly cloudy
2004-12-16 21:00:00+00:00,BOLU,14,3.3605,-5.0895,0.0,10.495713,1.0,58.868534,934.488,8.7,Mainly clear
2004-12-17 21:00:00+00:00,BOLU,14,5.6605,-5.0895,0.0,13.53236,3.0,56.41406,928.2473,7.61,Overcast
2004-12-18 21:00:00+00:00,BOLU,14,6.1105003,0.010500193,0.2,13.854155,51.0,77.80196,921.29926,6.74,Drizzle: Light
2004-12-19 21:00:00+00:00,BOLU,14,5.6105003,0.81050014,0.6,9.826088,51.0,89.753685,922.1089,3.72,Drizzle: Light
2004-12-20 21:00:00+00:00,BOLU,14,8.7605,2.1605,2.4,4.896529,51.0,93.306694,929.9026,3.78,Drizzle: Light
2004-12-21 21:00:00+00:00,BOLU,14,6.5605,2.0105002,7.9,7.8954163,73.0,97.44699,926.68243,3.14,Snow fall: Moderate
2004-12-22 21:00:00+00:00,BOLU,14,3.8605,0.1105001,6.0,9.422101,73.0,95.49298,927.52313,3.18,Snow fall: Moderate
2004-12-23 21:00:00+00:00,BOLU,14,4.2605,0.3605001,0.0,7.628263,3.0,86.774506,926.6364,7.36,Overcast
2004-12-24 21:00:00+00:00,BOLU,14,5.7605,-3.2894998,0.0,8.225035,2.0,81.047874,932.0242,8.47,Partly cloudy
2004-12-25 21:00:00+00:00,BOLU,14,6.5605,-4.5895,0.0,12.72283,3.0,72.96225,935.1125,8.73,Overcast
2004-12-26 21:00:00+00:00,BOLU,14,9.1105,-2.3395,0.0,12.72283,3.0,66.81202,937.32,7.29,Overcast
2004-12-27 21:00:00+00:00,BOLU,14,11.3605,0.7105001,0.0,10.948973,3.0,68.80435,934.1502,8.3,Overcast
2004-12-28 21:00:00+00:00,BOLU,14,12.7605,4.5105,1.1,14.512064,53.0,84.21056,926.2097,3.77,Drizzle: Moderate
2004-12-29 21:00:00+00:00,BOLU,14,11.7105,6.2105002,0.8,12.641076,51.0,83.414665,931.6691,4.77,Drizzle: Light
2004-12-30 21:00:00+00:00,BOLU,14,10.8105,4.2605,0.70000005,5.8603754,51.0,92.32406,935.69574,4.3,Drizzle: Light
2004-12-31 21:00:00+00:00,BOLU,14,11.5105,1.2605002,3.3,6.830519,55.0,86.3373,931.31006,6.08,Drizzle: Dense
2005-01-01 21:00:00+00:00,BOLU,14,4.8105,1.3605001,8.3,7.491114,73.0,95.29598,930.31146,4.55,Snow fall: Moderate
2005-01-02 21:00:00+00:00,BOLU,14,3.9105,-0.03949976,1.3000001,6.9527545,71.0,86.61971,931.1328,7.08,Snow fall: Slight
2005-01-03 21:00:00+00:00,BOLU,14,3.5105002,-0.8894999,5.5,9.290511,73.0,87.466835,931.9902,3.39,Snow fall: Moderate
2005-01-04 21:00:00+00:00,BOLU,14,1.6605002,-2.5895,6.8000007,11.792404,73.0,89.37955,934.02,4.17,Snow fall: Moderate
2005-01-05 21:00:00+00:00,BOLU,14,5.1605,1.2105001,2.3999999,9.779817,73.0,88.70871,937.1443,6.25,Snow fall: Moderate
2005-01-06 21:00:00+00:00,BOLU,14,4.3105,1.6605002,3.8000002,6.6087217,71.0,89.75289,936.7972,3.79,Snow fall: Slight
2005-01-07 21:00:00+00:00,BOLU,14,5.8105,0.2605002,0.4,7.24486,51.0,85.23899,941.51544,6.93,Drizzle: Light
2005-01-08 21:00:00+00:00,BOLU,14,9.8605,0.21050012,0.0,8.534353,0.0,71.83225,939.2507,9.1,Clear sky
2005-01-09 21:00:00+00:00,BOLU,14,6.1105003,1.0605001,0.0,8.714677,3.0,73.34646,940.8837,9.05,Overcast
2005-01-10 21:00:00+00:00,BOLU,14,10.410501,0.3605001,0.0,6.6087217,2.0,60.97502,941.3046,9.39,Partly cloudy
2005-01-11 21:00:00+00:00,BOLU,14,12.6105,0.7105001,0.0,7.4128532,0.0,63.785915,938.4914,9.57,Clear sky
2005-01-12 21:00:00+00:00,BOLU,14,11.8605,-0.03949976,0.0,7.4128532,3.0,67.11799,934.64667,9.43,Overcast
2005-01-13 21:00:00+00:00,BOLU,14,10.160501,0.2605002,0.0,6.297428,3.0,74.65822,930.5705,8.11,Overcast
2005-01-14 21:00:00+00:00,BOLU,14,4.0605,1.0105002,9.1,6.2145634,73.0,96.20429,928.83374,3.32,Snow fall: Moderate
2005-01-15 21:00:00+00:00,BOLU,14,3.3105001,0.41050017,9.8,6.130579,73.0,95.19898,928.9306,4.71,Snow fall: Moderate
2005-01-16 21:00:00+00:00,BOLU,14,8.7605,-1.3894999,0.0,6.489992,3.0,88.52819,929.7197,9.28,Overcast
2005-01-17 21:00:00+00:00,BOLU,14,4.7105002,1.7105001,0.1,6.151683,51.0,96.7411,928.0034,5.46,Drizzle: Light
2005-01-18 21:00:00+00:00,BOLU,14,6.7105002,-0.43949986,0.0,5.8048253,3.0,89.303955,923.85187,8.23,Overcast
2005-01-19 21:00:00+00:00,BOLU,14,7.1605,-0.43949986,0.0,9.826088,3.0,82.68021,927.6768,10.27,Overcast
2005-01-20 21:00:00+00:00,BOLU,14,10.1105,-1.0895,0.8,24.251284,71.0,80.48063,923.24274,9.03,Snow fall: Slight
2005-01-21 21:00:00+00:00,BOLU,14,6.4105,1.5105002,10.299999,11.090103,73.0,95.63239,918.2751,4.04,Snow fall: Moderate
2005-01-22 21:00:00+00:00,BOLU,14,1.5105002,-5.2395,13.0,12.768586,73.0,95.68301,920.5195,5.25,Snow fall: Moderate
2005-01-23 21:00:00+00:00,BOLU,14,-0.2394998,-10.589499,0.1,10.30883,71.0,84.38316,927.6726,10.97,Snow fall: Slight
2005-01-24 21:00:00+00:00,BOLU,14,3.3605,-5.6394997,2.8999999,15.315873,73.0,82.62081,925.30005,7.41,Snow fall: Moderate
2005-01-25 21:00:00+00:00,BOLU,14,7.8105,2.0605001,0.0,19.966211,3.0,83.94471,924.7553,5.22,Overcast
2005-01-26 21:00:00+00:00,BOLU,14,10.0105,3.2105002,0.70000005,22.608458,53.0,75.185616,922.3564,8.88,Drizzle: Moderate
2005-01-27 21:00:00+00:00,BOLU,14,9.0605,4.5605,13.000001,10.538843,61.0,90.86545,925.27606,4.19,Rain: Slight
2005-01-28 21:00:00+00:00,BOLU,14,12.8605,4.4105,7.1000004,10.630672,53.0,85.53589,919.5474,7.8,Drizzle: Moderate
2005-01-29 21:00:00+00:00,BOLU,14,7.8105,-0.53949976,22.600002,11.503113,73.0,94.85198,922.5904,3.98,Snow fall: Moderate
2005-01-30 21:00:00+00:00,BOLU,14,0.46050012,-3.0895,1.7,8.0899935,73.0,81.221,927.0706,6.42,Snow fall: Moderate
2005-01-31 21:00:00+00:00,BOLU,14,0.46050012,-4.6895,3.1999998,8.350138,73.0,80.076225,923.2365,8.78,Snow fall: Moderate
2005-02-01 21:00:00+00:00,BOLU,14,3.0605001,-1.5394998,0.0,8.089993,71.0,73.606735,926.18915,7.51,Snow fall: Slight
2005-02-02 21:00:00+00:00,BOLU,14,5.2105002,-2.8395,0.5,15.580141,71.0,75.5483,920.6636,5.56,Snow fall: Slight
2005-02-03 21:00:00+00:00,BOLU,14,7.5105,1.6605002,2.0000002,10.990322,71.0,84.60757,920.48505,8.95,Snow fall: Slight
2005-02-04 21:00:00+00:00,BOLU,14,1.8605001,-5.4395,6.699999,11.384199,73.0,91.43348,927.8881,8.12,Snow fall: Moderate
2005-02-05 21:00:00+00:00,BOLU,14,-1.8894999,-7.7395,1.8000002,11.304229,73.0,81.56306,932.602,9.48,Snow fall: Moderate
2005-02-06 21:00:00+00:00,BOLU,14,-1.2394998,-5.6394997,2.6999998,12.074766,73.0,84.132484,936.4321,8.51,Snow fall: Moderate
2005-02-07 21:00:00+00:00,BOLU,14,-2.1894999,-8.8895,1.6000001,14.759999,71.0,84.79717,940.3703,11.83,Snow fall: Slight
2005-02-08 21:00:00+00:00,BOLU,14,-1.1394999,-8.1895,0.3,10.8955765,71.0,79.15315,942.08124,11.7,Snow fall: Slight
2005-02-09 21:00:00+00:00,BOLU,14,-0.28949976,-5.6895,0.0,12.074766,3.0,74.50694,940.1525,12.94,Overcast
2005-02-10 21:00:00+00:00,BOLU,14,-0.18949986,-5.1394997,0.0,7.42159,71.0,75.49999,936.988,11.97,Snow fall: Slight
2005-02-11 21:00:00+00:00,BOLU,14,2.0105002,-4.8395,0.0,6.638072,2.0,63.25789,932.96783,14.14,Partly cloudy
2005-02-12 21:00:00+00:00,BOLU,14,4.9105,-4.9895,0.0,16.09969,3.0,53.740795,925.2022,13.22,Overcast
2005-02-13 21:00:00+00:00,BOLU,14,8.210501,1.2605002,0.4,24.590923,71.0,74.295525,922.5954,8.31,Snow fall: Slight
2005-02-14 21:00:00+00:00,BOLU,14,10.6105,4.4605002,0.0,25.96496,3.0,67.38972,924.02374,9.27,Overcast
2005-02-15 21:00:00+00:00,BOLU,14,8.6605,1.9105002,0.8,22.077717,71.0,63.635742,924.19336,5.24,Snow fall: Slight
2005-02-16 21:00:00+00:00,BOLU,14,9.5105,2.5105002,4.1000004,18.775301,71.0,87.112854,924.1878,9.44,Snow fall: Slight
2005-02-17 21:00:00+00:00,BOLU,14,5.0605,2.5605001,17.800001,8.4042845,73.0,97.449,924.44507,3.69,Snow fall: Moderate
2005-02-18 21:00:00+00:00,BOLU,14,6.0605,-3.2395,2.6000001,5.904439,71.0,89.68258,923.976,12.06,Snow fall: Slight
2005-02-19 21:00:00+00:00,BOLU,14,5.8105,-1.3395,4.5,7.172949,73.0,89.13616,922.6407,11.58,Snow fall: Moderate
2005-02-20 21:00:00+00:00,BOLU,14,7.3105,-1.7394998,1.1,9.339208,71.0,86.56672,926.21094,14.0,Snow fall: Slight
2005-02-21 21:00:00+00:00,BOLU,14,9.5105,-0.4894998,1.6000001,8.373386,71.0,87.979004,930.22955,13.11,Snow fall: Slight
2005-02-22 21:00:00+00:00,BOLU,14,13.5105,-0.1394999,0.3,13.979871,51.0,75.565315,928.74176,14.05,Drizzle: Light
2005-02-23 21:00:00+00:00,BOLU,14,12.1105,1.0605001,0.5,7.42159,71.0,79.119514,928.5887,12.97,Snow fall: Slight
2005-02-24 21:00:00+00:00,BOLU,14,12.1105,1.8105001,0.0,8.311245,3.0,76.08195,929.0368,14.68,Overcast
2005-02-25 21:00:00+00:00,BOLU,14,11.1105,1.3105001,1.0,13.910169,51.0,78.94194,924.8442,8.73,Drizzle: Light
2005-02-26 21:00:00+00:00,BOLU,14,11.9605,3.8105001,8.2,27.381308,73.0,78.63921,914.9069,12.37,Snow fall: Moderate
2005-02-27 21:00:00+00:00,BOLU,14,5.1605,-0.68949986,22.900002,14.48972,75.0,97.570404,917.6131,4.56,Snow fall: Heavy
2005-02-28 21:00:00+00:00,BOLU,14,3.2605002,-2.4895,6.8,6.6087217,73.0,94.342804,921.0108,6.18,Snow fall: Moderate
2005-03-01 21:00:00+00:00,BOLU,14,8.5605,1.6605002,19.300001,4.8965297,75.0,96.49761,919.05225,8.6,Snow fall: Heavy
2005-03-02 21:00:00+00:00,BOLU,14,3.5105002,-0.93949986,8.400001,9.504273,73.0,95.14973,922.9343,6.18,Snow fall: Moderate
2005-03-03 21:00:00+00:00,BOLU,14,6.5105,-2.3894997,1.5000001,10.30883,73.0,80.97882,931.59955,14.5,Snow fall: Moderate
2005-03-04 21:00:00+00:00,BOLU,14,8.7605,-3.1394997,0.0,15.141414,3.0,71.99736,926.26166,13.44,Overcast
2005-03-05 21:00:00+00:00,BOLU,14,8.7605,3.3105001,15.3,16.171976,73.0,91.80416,919.7034,8.87,Snow fall: Moderate
2005-03-06 21:00:00+00:00,BOLU,14,11.6105,2.2605002,5.0000005,13.004921,53.0,84.74888,923.58417,13.83,Drizzle: Moderate
2005-03-07 21:00:00+00:00,BOLU,14,8.6605,-1.0394998,17.4,9.0,75.0,96.7123,920.9318,5.92,Snow fall: Heavy
2005-03-08 21:00:00+00:00,BOLU,14,2.4105,-2.5895,0.6,11.177405,71.0,87.98562,925.4739,14.18,Snow fall: Slight
2005-03-09 21:00:00+00:00,BOLU,14,1.7605002,-3.9895,2.3999999,12.57426,73.0,78.60558,926.78876,15.95,Snow fall: Moderate
2005-03-10 21:00:00+00:00,BOLU,14,0.9605001,-5.6394997,2.6999998,9.028754,73.0,79.17948,928.34204,10.94,Snow fall: Moderate
2005-03-11 21:00:00+00:00,BOLU,14,4.6105003,-6.2895,0.0,11.384198,71.0,70.37606,928.92896,19.77,Snow fall: Slight
2005-03-12 21:00:00+00:00,BOLU,14,8.2605,-3.6894999,0.0,17.731598,1.0,60.94632,929.3894,19.94,Mainly clear
2005-03-13 21:00:00+00:00,BOLU,14,6.8105,1.2105001,3.0,7.7879906,71.0,89.74786,934.7212,11.02,Snow fall: Slight
2005-03-14 21:00:00+00:00,BOLU,14,11.2105,-0.1394999,0.0,9.585739,3.0,83.81861,937.2683,15.44,Overcast
2005-03-15 21:00:00+00:00,BOLU,14,10.7105,2.9105,0.0,12.864649,3.0,79.77682,938.9214,16.27,Overcast
2005-03-16 21:00:00+00:00,BOLU,14,12.1105,1.3105001,0.0,8.373386,3.0,77.85372,939.78937,19.27,Overcast
2005-03-17 21:00:00+00:00,BOLU,14,14.910501,2.0105002,2.1,19.130875,55.0,73.20626,933.20557,18.04,Drizzle: Dense
2005-03-18 21:00:00+00:00,BOLU,14,13.3605,3.2105002,6.6,20.418695,61.0,81.8686,926.67316,12.35,Rain: Slight
2005-03-19 21:00:00+00:00,BOLU,14,8.460501,-3.0394998,6.0999994,12.57426,73.0,83.33189,932.13965,13.08,Snow fall: Moderate
2005-03-20 21:00:00+00:00,BOLU,14,5.1105003,-3.0394998,0.0,9.290511,1.0,61.094112,932.46564,20.91,Mainly clear
2005-03-21 21:00:00+00:00,BOLU,14,5.0605,-1.9895,0.0,11.043261,1.0,62.176838,932.9824,21.18,Mainly clear
2005-03-22 21:00:00+00:00,BOLU,14,4.8105,-2.3894997,0.0,12.313893,1.0,61.28477,935.6768,20.67,Mainly clear
2005-03-23 21:00:00+00:00,BOLU,14,7.2605,-1.1894999,0.0,10.636766,0.0,63.52795,937.3872,21.3,Clear sky
2005-03-24 21:00:00+00:00,BOLU,14,10.9605,0.010500193,0.0,9.114471,2.0,66.292656,935.76715,21.44,Partly cloudy
2005-03-25 21:00:00+00:00,BOLU,14,15.2605,1.0105002,0.0,9.021574,3.0,69.14647,931.0147,20.62,Overcast
2005-03-26 21:00:00+00:00,BOLU,14,14.5105,4.3605003,1.3000001,11.525623,51.0,84.86919,929.4592,15.05,Drizzle: Light
2005-03-27 21:00:00+00:00,BOLU,14,19.260502,7.2605,5.7,16.981165,53.0,79.82246,926.4715,14.98,Drizzle: Moderate
2005-03-28 21:00:00+00:00,BOLU,14,14.160501,6.8605003,7.2000003,11.013882,55.0,87.83924,926.6176,12.02,Drizzle: Dense
2005-03-29 21:00:00+00:00,BOLU,14,12.4605,5.7605,0.1,7.5942082,51.0,86.51171,929.41364,12.74,Drizzle: Light
2005-03-30 21:00:00+00:00,BOLU,14,9.210501,2.1605,9.7,9.826088,73.0,94.34518,927.7463,8.27,Snow fall: Moderate
2005-03-31 21:00:00+00:00,BOLU,14,1.7605002,-3.2894998,12.500001,13.910169,73.0,89.43091,928.73785,9.71,Snow fall: Moderate
2005-04-01 21:00:00+00:00,BOLU,14,0.46050012,-6.5395,3.1000001,16.676977,73.0,84.18424,932.1245,12.23,Snow fall: Moderate
2005-04-02 21:00:00+00:00,BOLU,14,1.8105001,-4.1394997,3.3000002,15.111424,71.0,81.271545,936.4544,18.71,Snow fall: Slight
2005-04-03 21:00:00+00:00,BOLU,14,3.9105,-3.9895,0.0,9.826088,3.0,76.95458,941.6363,16.36,Overcast
2005-04-04 21:00:00+00:00,BOLU,14,7.8605003,0.31050014,0.0,8.049845,3.0,78.05055,941.80005,21.67,Overcast
2005-04-05 21:00:00+00:00,BOLU,14,13.0105,1.0605001,0.0,5.1165614,2.0,76.419426,939.5937,23.31,Partly cloudy
2005-04-06 21:00:00+00:00,BOLU,14,16.1105,0.16050017,0.2,6.439876,51.0,69.674995,935.1343,20.68,Drizzle: Light
2005-04-07 21:00:00+00:00,BOLU,14,18.0105,2.6605,0.0,6.193674,3.0,69.076454,930.43427,16.4,Overcast
2005-04-08 21:00:00+00:00,BOLU,14,20.460499,6.1605,0.1,6.696387,51.0,66.095634,930.1963,22.82,Drizzle: Light
2005-04-09 21:00:00+00:00,BOLU,14,23.310501,8.3105,0.0,7.10031,2.0,68.44242,933.50507,23.37,Partly cloudy
2005-04-10 21:00:00+00:00,BOLU,14,25.560501,7.7105002,0.0,8.0899935,3.0,66.409035,933.7014,21.26,Overcast
2005-04-11 21:00:00+00:00,BOLU,14,26.4105,8.210501,0.4,8.473393,51.0,60.751774,930.5569,20.73,Drizzle: Light
2005-04-12 21:00:00+00:00,BOLU,14,25.010502,9.5605,1.6,11.525623,55.0,57.745663,924.22095,20.22,Drizzle: Dense
2005-04-13 21:00:00+00:00,BOLU,14,17.5105,8.6105,9.099999,13.089354,61.0,72.65731,923.4094,21.48,Rain: Slight
2005-04-14 21:00:00+00:00,BOLU,14,15.160501,4.7105002,7.2999997,10.587918,61.0,81.60802,924.5759,18.52,Rain: Slight
2005-04-15 21:00:00+00:00,BOLU,14,17.0105,7.4605002,4.9,13.084402,55.0,85.98761,926.8405,19.34,Drizzle: Dense
2005-04-16 21:00:00+00:00,BOLU,14,21.6105,4.4605002,0.0,11.720751,3.0,70.661896,925.51276,21.72,Overcast
2005-04-17 21:00:00+00:00,BOLU,14,21.010502,10.4605,10.4,16.343367,61.0,70.858116,919.7822,15.01,Rain: Slight
2005-04-18 21:00:00+00:00,BOLU,14,14.8605,7.1605,6.4999995,15.530151,71.0,81.62318,920.7764,18.41,Snow fall: Slight
2005-04-19 21:00:00+00:00,BOLU,14,19.1605,4.8605003,0.0,10.805998,3.0,65.597244,927.6159,23.99,Overcast
2005-04-20 21:00:00+00:00,BOLU,14,21.710499,6.0605,0.0,9.585739,3.0,60.25069,928.49243,24.89,Overcast
2005-04-21 21:00:00+00:00,BOLU,14,16.9105,9.210501,12.3,11.384199,63.0,83.07514,925.27686,10.19,Rain: Moderate
2005-04-22 21:00:00+00:00,BOLU,14,13.0605,6.3105,15.2,8.427383,61.0,96.094,929.53033,13.75,Rain: Slight
2005-04-23 21:00:00+00:00,BOLU,14,13.7105,4.5105,0.0,9.605998,3.0,81.85607,935.62494,20.7,Overcast
2005-04-24 21:00:00+00:00,BOLU,14,17.060501,3.5605001,0.0,6.989936,2.0,78.84681,934.69116,24.41,Partly cloudy
2005-04-25 21:00:00+00:00,BOLU,14,20.6105,6.1605,0.0,6.489992,3.0,74.1594,930.0229,24.05,Overcast
2005-04-26 21:00:00+00:00,BOLU,14,15.4605,8.710501,9.6,8.654986,61.0,90.24631,928.4035,15.78,Rain: Slight
2005-04-27 21:00:00+00:00,BOLU,14,14.0105,6.9105,4.1,8.669949,55.0,88.3555,930.9731,19.6,Drizzle: Dense
2005-04-28 21:00:00+00:00,BOLU,14,12.160501,3.1605,17.4,11.27553,73.0,93.90583,926.9666,7.24,Snow fall: Moderate
2005-04-29 21:00:00+00:00,BOLU,14,9.7605,0.1105001,7.7000003,6.3690495,73.0,93.39917,924.1778,16.16,Snow fall: Moderate
2005-04-30 21:00:00+00:00,BOLU,14,8.5605,4.0605,5.2,8.669949,53.0,93.13117,929.05743,10.03,Drizzle: Moderate
2005-05-01 21:00:00+00:00,BOLU,14,12.2605,4.7105002,0.90000004,10.805999,51.0,85.80301,931.8499,17.81,Drizzle: Light
2005-05-02 21:00:00+00:00,BOLU,14,13.3605,3.6105,2.8000002,15.580141,53.0,88.79621,930.396,16.02,Drizzle: Moderate
2005-05-03 21:00:00+00:00,BOLU,14,14.660501,1.5105002,0.0,7.5942082,3.0,78.634735,928.575,27.27,Overcast
2005-05-04 21:00:00+00:00,BOLU,14,19.710499,3.8605,0.0,7.4128532,3.0,74.568214,925.02716,22.08,Overcast
2005-05-05 21:00:00+00:00,BOLU,14,20.4105,8.6605,2.6000001,12.287555,53.0,82.36324,924.2927,17.68,Drizzle: Moderate
2005-05-06 21:00:00+00:00,BOLU,14,23.760502,10.9605,3.2,22.691425,53.0,69.69996,921.5275,18.57,Drizzle: Moderate
2005-05-07 21:00:00+00:00,BOLU,14,14.910501,8.0605,16.800001,8.161764,63.0,87.25761,923.0202,15.23,Rain: Moderate
2005-05-08 21:00:00+00:00,BOLU,14,19.010502,4.3105,0.0,7.5942082,3.0,78.59498,929.72284,26.78,Overcast
2005-05-09 21:00:00+00:00,BOLU,14,21.3605,6.3105,0.1,7.491114,51.0,75.09945,931.99176,26.15,Drizzle: Light
2005-05-10 21:00:00+00:00,BOLU,14,22.4105,7.6605,0.8,8.647496,51.0,81.71728,931.7967,24.66,Drizzle: Light
2005-05-11 21:00:00+00:00,BOLU,14,22.1105,9.5105,1.4000001,7.2805495,53.0,79.95992,932.73096,22.69,Drizzle: Moderate
2005-05-12 21:00:00+00:00,BOLU,14,16.1105,9.9105,2.0,10.8955765,53.0,90.37982,934.7866,18.27,Drizzle: Moderate
2005-05-13 21:00:00+00:00,BOLU,14,17.8605,7.6605,0.0,10.799999,3.0,77.16131,935.0113,26.02,Overcast
2005-05-14 21:00:00+00:00,BOLU,14,20.260502,5.8105,0.0,7.0911775,3.0,78.655396,932.8227,25.38,Overcast
2005-05-15 21:00:00+00:00,BOLU,14,20.6105,9.1105,0.0,7.5942082,3.0,78.37151,931.86664,27.42,Overcast
2005-05-16 21:00:00+00:00,BOLU,14,21.9105,9.8605,0.0,7.7879906,3.0,75.99824,933.6381,26.78,Overcast
2005-05-17 21:00:00+00:00,BOLU,14,25.010502,9.460501,0.0,6.3690495,3.0,73.88674,934.0197,27.58,Overcast
2005-05-18 21:00:00+00:00,BOLU,14,27.260502,11.660501,0.0,9.178235,3.0,71.671394,930.4401,26.06,Overcast
2005-05-19 21:00:00+00:00,BOLU,14,27.560501,15.160501,2.6000001,13.584932,61.0,71.04214,927.9578,20.05,Rain: Slight
2005-05-20 21:00:00+00:00,BOLU,14,23.510502,13.5105,0.7,7.7879906,51.0,77.2331,927.4358,20.15,Drizzle: Light
2005-05-21 21:00:00+00:00,BOLU,14,21.510502,12.1105,1.0,6.763786,53.0,80.57944,927.78564,22.7,Drizzle: Moderate
2005-05-22 21:00:00+00:00,BOLU,14,18.6605,10.9605,1.5,7.0911775,53.0,87.93631,929.83984,18.9,Drizzle: Moderate
2005-05-23 21:00:00+00:00,BOLU,14,19.1605,11.9605,5.1000004,6.8777895,63.0,88.94013,929.11505,19.35,Rain: Moderate
2005-05-24 21:00:00+00:00,BOLU,14,20.9105,9.460501,2.8000002,7.9526596,61.0,89.30966,928.27155,23.18,Rain: Slight
2005-05-25 21:00:00+00:00,BOLU,14,18.6605,12.410501,3.6,8.089993,61.0,92.95746,928.7779,12.98,Rain: Slight
2005-05-26 21:00:00+00:00,BOLU,14,17.6605,12.3605,9.9,6.792466,63.0,93.35374,929.25885,15.03,Rain: Moderate
2005-05-27 21:00:00+00:00,BOLU,14,18.810501,11.1105,12.0,6.638072,63.0,92.846954,930.15796,16.39,Rain: Moderate
2005-05-28 21:00:00+00:00,BOLU,14,20.1105,10.9605,5.5,8.287822,63.0,88.59338,930.3672,17.73,Rain: Moderate
2005-05-29 21:00:00+00:00,BOLU,14,21.010502,12.7605,3.9,10.08,61.0,90.96299,930.0449,18.19,Rain: Slight
2005-05-30 21:00:00+00:00,BOLU,14,19.1605,13.2105,12.2,5.2416787,63.0,92.256645,927.0922,15.71,Rain: Moderate
2005-05-31 21:00:00+00:00,BOLU,14,19.260502,11.0605,12.499999,8.534353,63.0,95.87385,926.1226,14.63,Rain: Moderate
2005-06-01 21:00:00+00:00,BOLU,14,17.2605,10.8605,23.999998,9.693296,63.0,96.4823,930.57684,11.31,Rain: Moderate
2005-06-02 21:00:00+00:00,BOLU,14,19.710499,7.7105002,0.0,12.605142,3.0,78.09531,933.653,27.99,Overcast
2005-06-03 21:00:00+00:00,BOLU,14,18.510502,8.460501,0.0,10.182337,3.0,80.69053,933.21234,25.1,Overcast
2005-06-04 21:00:00+00:00,BOLU,14,19.760502,7.8605003,0.0,9.028754,3.0,80.29352,931.29517,25.96,Overcast
2005-06-05 21:00:00+00:00,BOLU,14,22.4105,9.5105,0.0,6.1305785,3.0,77.35668,931.1236,28.57,Overcast
2005-06-06 21:00:00+00:00,BOLU,14,26.1105,10.5105,0.0,7.10031,2.0,70.880356,931.6838,27.81,Partly cloudy
2005-06-07 21:00:00+00:00,BOLU,14,26.9105,14.8105,0.0,5.991594,2.0,73.600815,931.6463,27.33,Partly cloudy
2005-06-08 21:00:00+00:00,BOLU,14,23.6605,16.560501,1.0,7.2805495,53.0,87.18864,929.3177,24.26,Drizzle: Moderate
2005-06-09 21:00:00+00:00,BOLU,14,24.260502,13.410501,1.5,7.7879906,55.0,86.94568,927.4173,21.63,Drizzle: Dense
2005-06-10 21:00:00+00:00,BOLU,14,19.010502,12.9605,23.199999,14.4,63.0,88.46246,927.0454,18.78,Rain: Moderate
2005-06-11 21:00:00+00:00,BOLU,14,20.060501,10.6105,0.0,8.854829,2.0,77.42963,930.88153,27.83,Partly cloudy
2005-06-12 21:00:00+00:00,BOLU,14,20.510502,8.9105,0.5,8.759178,51.0,82.49672,929.9624,26.21,Drizzle: Light
2005-06-13 21:00:00+00:00,BOLU,14,19.210499,13.5105,15.100002,8.287822,63.0,93.64326,931.14276,16.38,Rain: Moderate
2005-06-14 21:00:00+00:00,BOLU,14,19.3605,13.410501,2.3999999,12.496719,53.0,84.42544,932.5053,21.02,Drizzle: Moderate
2005-06-15 21:00:00+00:00,BOLU,14,22.710499,10.160501,0.0,10.041354,3.0,77.329124,933.7194,28.84,Overcast
2005-06-16 21:00:00+00:00,BOLU,14,23.710499,11.910501,0.0,10.086427,3.0,75.16261,935.4334,29.71,Overcast
2005-06-17 21:00:00+00:00,BOLU,14,24.760502,11.660501,0.0,8.0899935,3.0,77.45171,932.2564,29.89,Overcast
2005-06-18 21:00:00+00:00,BOLU,14,20.760502,12.2605,11.000001,11.525623,63.0,89.71258,927.2846,15.68,Rain: Moderate
2005-06-19 21:00:00+00:00,BOLU,14,18.1605,12.0605,0.6,9.885262,51.0,83.15838,927.97186,22.66,Drizzle: Light
2005-06-20 21:00:00+00:00,BOLU,14,18.260502,10.660501,0.0,11.631956,2.0,80.92286,928.8213,23.54,Partly cloudy
2005-06-21 21:00:00+00:00,BOLU,14,17.560501,10.7605,0.3,11.298495,51.0,78.10814,932.87946,25.35,Drizzle: Light
2005-06-22 21:00:00+00:00,BOLU,14,21.8605,7.0605,0.0,5.6002855,0.0,68.655815,934.11255,30.73,Clear sky
2005-06-23 21:00:00+00:00,BOLU,14,20.510502,10.9605,2.4,9.021574,53.0,75.304756,931.2978,23.77,Drizzle: Moderate
2005-06-24 21:00:00+00:00,BOLU,14,18.1105,12.5605,16.4,12.287555,61.0,89.50864,933.14264,19.32,Rain: Slight
2005-06-25 21:00:00+00:00,BOLU,14,21.8605,9.3605,0.0,10.594036,2.0,79.80926,933.3686,28.92,Partly cloudy
2005-06-26 21:00:00+00:00,BOLU,14,23.010502,10.660501,0.0,11.159999,2.0,80.798546,930.94305,28.63,Partly cloudy
2005-06-27 21:00:00+00:00,BOLU,14,22.760502,11.3605,1.0,10.853866,51.0,83.00105,928.4915,26.56,Drizzle: Light
2005-06-28 21:00:00+00:00,BOLU,14,20.6605,13.160501,0.1,9.007196,51.0,84.56716,927.1484,21.88,Drizzle: Light
2005-06-29 21:00:00+00:00,BOLU,14,23.8605,12.3105,0.0,7.8954163,3.0,79.23141,927.59174,29.34,Overcast
2005-06-30 21:00:00+00:00,BOLU,14,25.460499,11.910501,0.5,9.673221,51.0,76.745094,928.7551,26.87,Drizzle: Light
2005-07-01 21:00:00+00:00,BOLU,14,29.1605,13.7105,0.3,6.193674,51.0,73.420105,926.5002,27.52,Drizzle: Light
2005-07-02 21:00:00+00:00,BOLU,14,30.9105,15.660501,0.3,8.427383,51.0,70.95427,921.8233,25.93,Drizzle: Light
2005-07-03 21:00:00+00:00,BOLU,14,21.960499,16.2605,17.2,10.703569,63.0,91.244255,921.08374,15.7,Rain: Moderate
2005-07-04 21:00:00+00:00,BOLU,14,19.510502,14.4605,18.900002,10.883676,61.0,95.481926,924.9074,12.06,Rain: Slight
2005-07-05 21:00:00+00:00,BOLU,14,22.6605,10.8605,0.0,8.311245,3.0,80.97444,928.1196,28.77,Overcast
2005-07-06 21:00:00+00:00,BOLU,14,25.760502,12.8605,0.0,7.9932976,3.0,76.455894,929.11566,28.67,Overcast
2005-07-07 21:00:00+00:00,BOLU,14,26.810501,15.0605,0.0,9.255571,3.0,78.30172,931.64374,27.72,Overcast
2005-07-08 21:00:00+00:00,BOLU,14,26.6605,15.1105,0.0,9.9571085,3.0,77.637245,932.52954,28.16,Overcast
2005-07-09 21:00:00+00:00,BOLU,14,26.760502,13.660501,0.0,9.107359,3.0,72.36657,932.3232,28.62,Overcast
2005-07-10 21:00:00+00:00,BOLU,14,27.260502,13.8105,0.0,8.557102,3.0,73.907295,933.22876,28.26,Overcast
2005-07-11 21:00:00+00:00,BOLU,14,30.4105,14.0605,0.0,6.792466,2.0,71.29722,931.01825,28.07,Partly cloudy
2005-07-12 21:00:00+00:00,BOLU,14,27.9105,18.510502,1.4,13.363711,53.0,79.40958,926.868,24.37,Drizzle: Moderate
2005-07-13 21:00:00+00:00,BOLU,14,22.760502,16.710499,6.3000007,9.422101,61.0,92.02731,927.9114,19.28,Rain: Slight
2005-07-14 21:00:00+00:00,BOLU,14,21.4105,16.210499,6.6,8.473393,55.0,95.10544,928.4453,17.44,Drizzle: Dense
2005-07-15 21:00:00+00:00,BOLU,14,19.9105,15.6105,15.099998,12.738099,61.0,93.855095,928.9716,13.12,Rain: Slight
2005-07-16 21:00:00+00:00,BOLU,14,23.1105,13.5105,0.0,6.9527545,2.0,79.04489,931.3615,24.88,Partly cloudy
2005-07-17 21:00:00+00:00,BOLU,14,24.960499,13.660501,0.0,10.365251,2.0,74.92586,931.51105,27.47,Partly cloudy
2005-07-18 21:00:00+00:00,BOLU,14,25.4105,14.8605,0.0,9.47012,2.0,78.26024,934.76324,27.56,Partly cloudy
2005-07-19 21:00:00+00:00,BOLU,14,28.1105,13.7605,0.0,8.825508,3.0,74.73975,932.5412,28.45,Overcast
2005-07-20 21:00:00+00:00,BOLU,14,26.260502,14.2105,0.0,9.422101,3.0,78.118965,929.53564,27.68,Overcast
2005-07-21 21:00:00+00:00,BOLU,14,25.510502,17.460499,0.8,9.779817,51.0,85.485535,926.8721,22.35,Drizzle: Light
2005-07-22 21:00:00+00:00,BOLU,14,25.060501,17.6105,1.4000001,8.654986,51.0,87.54305,927.0569,20.68,Drizzle: Light
2005-07-23 21:00:00+00:00,BOLU,14,24.510502,18.060501,0.7,11.384199,51.0,82.55852,927.9641,24.55,Drizzle: Light
2005-07-24 21:00:00+00:00,BOLU,14,23.760502,15.160501,0.0,12.287555,3.0,81.20577,929.3965,26.23,Overcast
2005-07-25 21:00:00+00:00,BOLU,14,25.3605,14.660501,0.0,11.928989,2.0,78.74599,931.8684,26.86,Partly cloudy
2005-07-26 21:00:00+00:00,BOLU,14,26.8605,13.0605,0.0,10.446206,2.0,76.262566,931.8444,27.95,Partly cloudy
2005-07-27 21:00:00+00:00,BOLU,14,26.760502,14.3105,0.0,12.245294,3.0,77.68107,931.573,25.59,Overcast
2005-07-28 21:00:00+00:00,BOLU,14,28.3605,15.8105,0.3,13.797913,51.0,80.20406,930.8628,25.87,Drizzle: Light
2005-07-29 21:00:00+00:00,BOLU,14,28.460499,16.3605,0.0,11.901798,3.0,79.44623,929.09393,26.36,Overcast
2005-07-30 21:00:00+00:00,BOLU,14,27.010502,17.310501,0.0,11.901798,3.0,83.08916,927.8887,21.98,Overcast
2005-07-31 21:00:00+00:00,BOLU,14,25.460499,18.1105,1.5000001,11.792404,51.0,84.17185,928.1911,21.83,Drizzle: Light
2005-08-01 21:00:00+00:00,BOLU,14,24.510502,17.5105,2.2,14.561099,53.0,83.461136,930.0981,23.16,Drizzle: Moderate
2005-08-02 21:00:00+00:00,BOLU,14,26.060501,15.4605,0.0,12.287555,3.0,78.74812,931.1743,25.62,Overcast
2005-08-03 21:00:00+00:00,BOLU,14,28.260502,16.1605,0.0,10.636766,3.0,73.47855,928.4546,23.79,Overcast
2005-08-04 21:00:00+00:00,BOLU,14,31.1605,16.4105,0.0,7.5942073,1.0,66.42742,924.93134,25.85,Mainly clear
2005-08-05 21:00:00+00:00,BOLU,14,32.7105,16.460499,3.1999998,6.763786,63.0,67.80638,923.09204,24.2,Rain: Moderate
2005-08-06 21:00:00+00:00,BOLU,14,24.1605,17.8605,10.999999,7.9526596,63.0,87.28237,924.74316,18.66,Rain: Moderate
2005-08-07 21:00:00+00:00,BOLU,14,28.1605,15.3105,0.0,7.10031,2.0,76.90213,927.3655,26.27,Partly cloudy
2005-08-08 21:00:00+00:00,BOLU,14,23.9105,16.810501,2.5,11.183201,53.0,85.29786,930.98804,17.74,Drizzle: Moderate
2005-08-09 21:00:00+00:00,BOLU,14,22.1105,17.3605,4.4,10.805999,53.0,91.6369,931.43604,13.64,Drizzle: Moderate
2005-08-10 21:00:00+00:00,BOLU,14,24.9105,16.4105,0.9000001,10.594036,51.0,86.7479,931.71185,18.17,Drizzle: Light
2005-08-11 21:00:00+00:00,BOLU,14,25.210499,16.2605,0.0,10.594036,3.0,80.446175,932.29224,23.08,Overcast
2005-08-12 21:00:00+00:00,BOLU,14,28.6605,12.8605,0.0,10.086427,2.0,69.3262,932.54297,25.95,Partly cloudy
2005-08-13 21:00:00+00:00,BOLU,14,33.0605,15.3605,0.0,8.4963045,1.0,58.26091,929.1673,24.86,Mainly clear
2005-08-14 21:00:00+00:00,BOLU,14,29.310501,17.310501,0.0,11.792404,3.0,69.48609,927.52423,21.43,Overcast
2005-08-15 21:00:00+00:00,BOLU,14,29.810501,18.710499,0.0,7.5685663,3.0,79.41184,928.2744,21.44,Overcast
2005-08-16 21:00:00+00:00,BOLU,14,31.510502,19.060501,0.0,8.373386,3.0,78.49999,927.503,21.19,Overcast
2005-08-17 21:00:00+00:00,BOLU,14,26.6105,19.010502,0.8,9.83268,51.0,85.32705,928.64484,19.95,Drizzle: Light
2005-08-18 21:00:00+00:00,BOLU,14,26.560501,17.8605,0.0,11.440979,3.0,81.255806,930.9991,21.55,Overcast
2005-08-19 21:00:00+00:00,BOLU,14,21.9105,16.710499,9.300001,8.557102,63.0,90.28768,929.6319,19.08,Rain: Moderate
2005-08-20 21:00:00+00:00,BOLU,14,23.060501,15.160501,0.2,11.165805,51.0,82.20708,930.36847,19.7,Drizzle: Light
2005-08-21 21:00:00+00:00,BOLU,14,26.560501,14.5105,0.0,8.825508,3.0,77.187706,930.4075,23.56,Overcast
2005-08-22 21:00:00+00:00,BOLU,14,30.1105,15.0605,0.0,7.24486,3.0,75.29736,927.29443,23.39,Overcast
2005-08-23 21:00:00+00:00,BOLU,14,27.4105,18.560501,0.1,10.137692,51.0,79.72932,927.61273,21.65,Drizzle: Light
2005-08-24 21:00:00+00:00,BOLU,14,26.010502,16.710499,0.0,9.227524,3.0,79.39537,929.3931,21.79,Overcast
2005-08-25 21:00:00+00:00,BOLU,14,25.6105,15.9605,0.4,11.928989,51.0,79.9556,931.51733,20.16,Drizzle: Light
2005-08-26 21:00:00+00:00,BOLU,14,22.9105,15.9605,4.5000005,10.823973,61.0,89.72349,932.22076,15.76,Rain: Slight
2005-08-27 21:00:00+00:00,BOLU,14,25.6105,14.8605,0.0,12.599999,3.0,77.89073,934.0489,22.84,Overcast
2005-08-28 21:00:00+00:00,BOLU,14,25.8605,15.160501,0.0,14.830076,3.0,78.81398,936.3056,22.17,Overcast
2005-08-29 21:00:00+00:00,BOLU,14,24.960499,15.660501,0.0,16.808569,3.0,73.01846,936.85614,23.25,Overcast
2005-08-30 21:00:00+00:00,BOLU,14,26.1605,13.8105,0.0,12.605142,0.0,65.34768,933.26685,23.25,Clear sky
2005-08-31 21:00:00+00:00,BOLU,14,23.3605,13.9605,0.3,12.245294,51.0,75.33466,930.2434,18.18,Drizzle: Light
2005-09-01 21:00:00+00:00,BOLU,14,21.510502,14.3105,1.1,11.440978,53.0,81.69761,932.384,19.65,Drizzle: Moderate
2005-09-02 21:00:00+00:00,BOLU,14,17.810501,11.8605,12.099999,9.387651,61.0,93.582436,933.7815,14.83,Rain: Slight
2005-09-03 21:00:00+00:00,BOLU,14,15.7605,10.660501,3.5000002,11.753877,53.0,90.06162,934.6662,13.88,Drizzle: Moderate
2005-09-04 21:00:00+00:00,BOLU,14,20.060501,8.710501,0.0,11.966953,3.0,78.211494,936.3716,19.29,Overcast
2005-09-05 21:00:00+00:00,BOLU,14,23.710499,9.0605,0.0,9.028754,1.0,71.68402,934.9788,22.35,Mainly clear
2005-09-06 21:00:00+00:00,BOLU,14,24.010502,10.6105,0.0,11.720751,2.0,72.55262,934.89386,20.88,Partly cloudy
2005-09-07 21:00:00+00:00,BOLU,14,21.810501,11.8105,0.0,14.869351,3.0,77.450645,935.67316,20.55,Overcast
2005-09-08 21:00:00+00:00,BOLU,14,20.060501,10.910501,7.4,14.81259,63.0,86.28951,934.624,16.94,Rain: Moderate
2005-09-09 21:00:00+00:00,BOLU,14,20.210499,10.2605,0.0,10.853866,3.0,80.29272,931.05194,18.38,Overcast
2005-09-10 21:00:00+00:00,BOLU,14,22.460499,10.7105,0.0,10.086427,2.0,74.83303,929.8786,20.96,Partly cloudy
2005-09-11 21:00:00+00:00,BOLU,14,24.1105,10.160501,0.0,9.726665,0.0,68.101616,930.8191,21.37,Clear sky
2005-09-12 21:00:00+00:00,BOLU,14,25.060501,12.7605,0.0,10.182337,3.0,77.74036,933.9749,20.17,Overcast
2005-09-13 21:00:00+00:00,BOLU,14,25.960499,13.0605,0.0,8.654986,3.0,78.84283,933.23267,19.03,Overcast
2005-09-14 21:00:00+00:00,BOLU,14,26.010502,13.3105,0.0,7.9036193,3.0,78.44161,927.9175,15.81,Overcast
2005-09-15 21:00:00+00:00,BOLU,14,25.260502,15.4605,7.9999995,5.937272,63.0,80.27359,925.19855,12.45,Rain: Moderate
2005-09-16 21:00:00+00:00,BOLU,14,23.760502,13.7105,0.70000005,5.991594,51.0,81.01051,927.4731,17.07,Drizzle: Light
2005-09-17 21:00:00+00:00,BOLU,14,26.310501,14.2105,0.0,7.653705,3.0,81.88554,933.0788,19.28,Overcast
2005-09-18 21:00:00+00:00,BOLU,14,26.1605,13.8605,0.0,6.379216,3.0,73.15566,934.1372,19.46,Overcast
2005-09-19 21:00:00+00:00,BOLU,14,23.1105,14.910501,5.7,9.47012,61.0,80.28507,928.58356,15.09,Rain: Slight
2005-09-20 21:00:00+00:00,BOLU,14,25.260502,12.2105,1.4,8.64,53.0,77.336784,927.97626,17.64,Drizzle: Moderate
2005-09-21 21:00:00+00:00,BOLU,14,23.010502,14.5605,7.5,7.42159,61.0,83.05184,929.5224,13.47,Rain: Slight
2005-09-22 21:00:00+00:00,BOLU,14,20.560501,14.8105,4.7,7.5942082,55.0,88.13284,931.1374,13.42,Drizzle: Dense
2005-09-23 21:00:00+00:00,BOLU,14,15.7605,11.3105,32.9,8.759178,63.0,97.91537,929.90375,4.6,Rain: Moderate
2005-09-24 21:00:00+00:00,BOLU,14,19.6105,10.160501,0.3,12.074766,51.0,83.70882,929.82007,14.36,Drizzle: Light
2005-09-25 21:00:00+00:00,BOLU,14,20.710499,9.960501,0.4,9.360001,51.0,81.75537,932.8444,14.29,Drizzle: Light
2005-09-26 21:00:00+00:00,BOLU,14,19.1605,12.160501,4.3999996,11.183201,61.0,91.09734,934.0323,11.66,Rain: Slight
2005-09-27 21:00:00+00:00,BOLU,14,18.9105,10.7605,0.3,12.287555,51.0,86.06559,932.9502,12.6,Drizzle: Light
2005-09-28 21:00:00+00:00,BOLU,14,17.6105,9.9105,4.7,6.989936,61.0,87.07392,931.17035,10.99,Rain: Slight
2005-09-29 21:00:00+00:00,BOLU,14,19.960499,10.8605,1.6000001,5.495161,53.0,83.76216,931.7532,13.11,Drizzle: Moderate
2005-09-30 21:00:00+00:00,BOLU,14,23.760502,10.1105,0.0,8.891343,3.0,70.43722,931.5454,16.42,Overcast
2005-10-01 21:00:00+00:00,BOLU,14,21.6605,11.2105,13.200001,10.24578,63.0,77.140305,930.03,7.55,Rain: Moderate
2005-10-02 21:00:00+00:00,BOLU,14,16.6105,11.5105,4.4,9.387651,61.0,90.038605,934.27997,8.95,Rain: Slight
2005-10-03 21:00:00+00:00,BOLU,14,19.3605,12.0105,0.4,10.661107,51.0,87.61344,936.36646,12.8,Drizzle: Light
2005-10-04 21:00:00+00:00,BOLU,14,20.4105,10.5605,0.0,9.0,3.0,73.98681,936.10205,17.02,Overcast
2005-10-05 21:00:00+00:00,BOLU,14,19.310501,6.6105003,0.0,10.182337,2.0,73.015915,936.0876,17.2,Partly cloudy
2005-10-06 21:00:00+00:00,BOLU,14,16.4105,7.4105,0.0,12.783802,2.0,80.8395,938.72485,14.03,Partly cloudy
2005-10-07 21:00:00+00:00,BOLU,14,18.560501,5.6105003,0.0,6.87779,3.0,75.76095,938.0098,16.68,Overcast
2005-10-08 21:00:00+00:00,BOLU,14,18.210499,5.0605,0.0,7.145796,3.0,67.27242,935.0622,15.99,Overcast
2005-10-09 21:00:00+00:00,BOLU,14,18.710499,5.8605003,0.0,7.42159,3.0,70.92476,935.1257,15.61,Overcast
2005-10-10 21:00:00+00:00,BOLU,14,18.560501,8.460501,5.5,6.830519,61.0,83.678925,934.0879,10.76,Rain: Slight
2005-10-11 21:00:00+00:00,BOLU,14,14.410501,10.1105,10.1,6.439876,61.0,96.45349,934.85547,5.92,Rain: Slight
2005-10-12 21:00:00+00:00,BOLU,14,17.9105,8.5105,0.8,6.297428,51.0,88.37522,936.9907,11.54,Drizzle: Light
2005-10-13 21:00:00+00:00,BOLU,14,16.5105,10.6105,11.3,8.0899935,61.0,95.51211,936.49396,9.59,Rain: Slight
2005-10-14 21:00:00+00:00,BOLU,14,15.0605,8.210501,3.0,8.311245,53.0,90.542816,934.0721,11.49,Drizzle: Moderate
2005-10-15 21:00:00+00:00,BOLU,14,12.6105,8.0105,6.3000007,9.107359,53.0,93.44033,927.8186,8.48,Drizzle: Moderate
2005-10-16 21:00:00+00:00,BOLU,14,9.6105,2.4605002,6.8,14.003029,71.0,96.00403,928.4148,9.74,Snow fall: Slight
2005-10-17 21:00:00+00:00,BOLU,14,10.7605,0.5105002,0.0,9.726664,2.0,78.16707,931.44037,14.51,Partly cloudy
2005-10-18 21:00:00+00:00,BOLU,14,6.0605,1.6105001,8.5,11.874544,73.0,91.3411,933.19244,7.41,Snow fall: Moderate
2005-10-19 21:00:00+00:00,BOLU,14,7.1605,4.0605,15.6,10.691453,73.0,96.242065,935.3501,7.5,Snow fall: Moderate
2005-10-20 21:00:00+00:00,BOLU,14,10.8605,2.0105002,0.0,6.763786,3.0,84.502884,937.06525,10.26,Overcast
2005-10-21 21:00:00+00:00,BOLU,14,14.5605,-0.03949976,0.0,10.144082,1.0,69.39944,937.36566,14.67,Mainly clear
2005-10-22 21:00:00+00:00,BOLU,14,17.7605,1.5605001,0.0,11.119281,0.0,64.03805,937.8323,13.88,Clear sky
2005-10-23 21:00:00+00:00,BOLU,14,20.560501,5.2105002,0.0,7.729527,0.0,68.48513,936.0251,13.41,Clear sky
2005-10-24 21:00:00+00:00,BOLU,14,17.560501,11.3105,0.2,9.0645685,51.0,83.9127,938.6584,10.12,Drizzle: Light
2005-10-25 21:00:00+00:00,BOLU,14,18.9105,8.3605,0.0,6.297428,3.0,85.40615,937.89813,12.44,Overcast
2005-10-26 21:00:00+00:00,BOLU,14,17.560501,9.3605,0.0,8.669949,3.0,80.657814,935.2324,13.16,Overcast
2005-10-27 21:00:00+00:00,BOLU,14,11.6105,4.4605002,5.5,9.983106,71.0,94.358376,934.47626,6.4,Snow fall: Slight
2005-10-28 21:00:00+00:00,BOLU,14,7.4605002,2.2605002,2.6,10.08,71.0,91.27091,938.1132,8.72,Snow fall: Slight
2005-10-29 21:00:00+00:00,BOLU,14,7.3105,2.3605,4.7,9.885262,71.0,93.85723,936.3073,9.12,Snow fall: Slight
2005-10-30 21:00:00+00:00,BOLU,14,7.1105003,2.5605001,3.5000002,7.5685663,71.0,96.25641,934.888,7.42,Snow fall: Slight
2005-10-31 21:00:00+00:00,BOLU,14,8.3605,1.7605002,2.4,5.0911684,53.0,88.253395,935.8435,9.75,Drizzle: Moderate
2005-11-01 21:00:00+00:00,BOLU,14,8.5105,-0.6394999,1.4,4.3349743,51.0,83.401276,934.06415,8.44,Drizzle: Light
2005-11-02 21:00:00+00:00,BOLU,14,8.460501,3.7105002,2.6000001,6.8399997,51.0,83.733116,934.7254,8.5,Drizzle: Light
2005-11-03 21:00:00+00:00,BOLU,14,6.2105002,3.1605,3.5,12.144331,73.0,94.41241,932.9854,4.6,Snow fall: Moderate
2005-11-04 21:00:00+00:00,BOLU,14,7.3605003,4.5105,3.9000003,6.193674,71.0,95.86191,935.1767,3.66,Snow fall: Slight
2005-11-05 21:00:00+00:00,BOLU,14,8.3605,3.8105001,2.3999999,8.209263,51.0,95.87287,936.97614,5.03,Drizzle: Light
2005-11-06 21:00:00+00:00,BOLU,14,8.8105,5.0605,2.8,8.217153,51.0,96.021935,938.57745,4.05,Drizzle: Light
2005-11-07 21:00:00+00:00,BOLU,14,11.8605,4.5605,0.0,7.5942082,3.0,88.398865,940.5816,7.87,Overcast
2005-11-08 21:00:00+00:00,BOLU,14,14.410501,0.21050012,0.0,5.692099,2.0,77.827095,939.52936,11.48,Partly cloudy
2005-11-09 21:00:00+00:00,BOLU,14,13.5105,1.4605001,0.0,5.991594,3.0,74.98797,939.3784,9.28,Overcast
2005-11-10 21:00:00+00:00,BOLU,14,12.3105,4.6105003,0.0,7.5942073,3.0,79.21006,939.3311,9.75,Overcast
2005-11-11 21:00:00+00:00,BOLU,14,10.2605,4.0605,0.1,5.95906,51.0,85.76929,937.0938,9.16,Drizzle: Light
2005-11-12 21:00:00+00:00,BOLU,14,10.7605,3.6605,3.6000001,4.829907,53.0,83.881294,934.7703,5.75,Drizzle: Moderate
2005-11-13 21:00:00+00:00,BOLU,14,7.8105,4.2105002,9.799999,5.8048253,73.0,97.46276,936.73553,5.45,Snow fall: Moderate
2005-11-14 21:00:00+00:00,BOLU,14,8.210501,2.0605001,2.2,5.95906,71.0,95.912056,935.4261,5.04,Snow fall: Slight
2005-11-15 21:00:00+00:00,BOLU,14,10.3105,-0.7394998,0.0,10.144082,3.0,84.27427,928.85767,10.08,Overcast
2005-11-16 21:00:00+00:00,BOLU,14,13.410501,1.7605002,2.8,14.48972,61.0,73.37787,924.9765,8.69,Rain: Slight
2005-11-17 21:00:00+00:00,BOLU,14,10.8605,6.6605,10.600001,10.685391,61.0,93.945404,924.71063,3.37,Rain: Slight
2005-11-18 21:00:00+00:00,BOLU,14,12.9605,7.5105,0.7,11.013882,51.0,85.85574,925.99554,5.91,Drizzle: Light
2005-11-19 21:00:00+00:00,BOLU,14,9.5605,0.91050017,24.199999,11.609651,75.0,97.42347,923.1164,2.37,Snow fall: Heavy
2005-11-20 21:00:00+00:00,BOLU,14,0.41050017,-3.8395,19.400003,10.97262,75.0,95.12179,929.248,5.27,Snow fall: Heavy
2005-11-21 21:00:00+00:00,BOLU,14,1.3605001,-7.9895,0.0,8.534353,3.0,71.83732,937.2808,10.44,Overcast
2005-11-22 21:00:00+00:00,BOLU,14,4.1105003,-2.6894999,1.2,11.384198,71.0,64.315636,939.8049,4.83,Snow fall: Slight
2005-11-23 21:00:00+00:00,BOLU,14,7.0105,1.7105001,8.200001,11.885453,73.0,80.70745,933.9309,7.1,Snow fall: Moderate
2005-11-24 21:00:00+00:00,BOLU,14,8.7605,3.6105,2.9,15.496736,61.0,76.2332,926.16547,4.05,Rain: Slight
2005-11-25 21:00:00+00:00,BOLU,14,9.0605,1.1605002,6.7999997,10.144082,61.0,93.323814,931.9949,8.25,Rain: Slight
2005-11-26 21:00:00+00:00,BOLU,14,15.2105,6.9605002,2.0,11.792404,51.0,91.77555,930.0117,5.3,Drizzle: Light
2005-11-27 21:00:00+00:00,BOLU,14,18.310501,4.9105,0.0,13.584932,3.0,74.38565,926.21954,8.86,Overcast
2005-11-28 21:00:00+00:00,BOLU,14,12.4605,5.9605002,4.5999994,7.8954163,61.0,89.11103,929.2535,4.4,Rain: Slight
2005-11-29 21:00:00+00:00,BOLU,14,11.8605,0.7105001,0.0,7.7043357,3.0,84.16551,932.9458,8.91,Overcast
2005-11-30 21:00:00+00:00,BOLU,14,14.7105,2.6105,0.9,12.24,51.0,77.38467,930.6442,5.84,Drizzle: Light
2005-12-01 21:00:00+00:00,BOLU,14,17.060501,8.0605,0.0,14.33234,3.0,79.89213,929.54785,5.77,Overcast
2005-12-02 21:00:00+00:00,BOLU,14,15.2105,6.4605002,1.8000001,7.289444,53.0,87.99463,931.67487,5.7,Drizzle: Moderate
2005-12-03 21:00:00+00:00,BOLU,14,15.660501,3.1105,2.1999998,7.8954163,55.0,85.86224,927.9331,8.73,Drizzle: Dense
2005-12-04 21:00:00+00:00,BOLU,14,11.3105,2.0105002,1.6,9.339208,53.0,87.74299,929.98334,6.64,Drizzle: Moderate
2005-12-05 21:00:00+00:00,BOLU,14,12.4605,0.81050014,0.0,9.983106,3.0,81.0304,929.8011,8.76,Overcast
2005-12-06 21:00:00+00:00,BOLU,14,13.410501,3.6105,0.0,9.659814,3.0,79.22025,931.88116,7.38,Overcast
2005-12-07 21:00:00+00:00,BOLU,14,13.160501,3.0605001,0.3,10.315115,51.0,77.605064,931.3906,5.22,Drizzle: Light
2005-12-08 21:00:00+00:00,BOLU,14,9.960501,4.3605003,4.9,6.489992,55.0,89.567955,936.81866,6.87,Drizzle: Dense
2005-12-09 21:00:00+00:00,BOLU,14,11.4605,3.4105,0.0,6.5693827,3.0,90.50602,938.4934,6.02,Overcast
2005-12-10 21:00:00+00:00,BOLU,14,8.960501,4.3105,0.0,6.2145634,3.0,95.14796,942.01514,3.97,Overcast
2005-12-11 21:00:00+00:00,BOLU,14,8.710501,2.0605001,0.0,5.3999996,3.0,90.85851,941.02374,4.91,Overcast
2005-12-12 21:00:00+00:00,BOLU,14,10.2605,-1.1394999,0.0,5.904439,3.0,81.26693,935.9021,7.88,Overcast
2005-12-13 21:00:00+00:00,BOLU,14,10.3105,-0.83949995,0.0,6.439876,3.0,72.50861,929.29224,7.83,Overcast
2005-12-14 21:00:00+00:00,BOLU,14,8.210501,0.16050017,2.5,7.4128532,53.0,86.01064,921.2752,4.94,Drizzle: Moderate
2005-12-15 21:00:00+00:00,BOLU,14,6.7605,1.3105001,13.1,8.435069,73.0,98.04162,918.0578,3.86,Snow fall: Moderate
2005-12-16 21:00:00+00:00,BOLU,14,8.3605,0.41050017,0.0,16.981165,3.0,85.44259,916.3655,6.16,Overcast
2005-12-17 21:00:00+00:00,BOLU,14,12.6105,7.7605,0.6,30.676142,51.0,75.26547,916.71234,6.97,Drizzle: Light
2005-12-18 21:00:00+00:00,BOLU,14,9.5105,-5.3395,34.3,14.685176,75.0,93.01816,924.9861,2.26,Snow fall: Heavy
2005-12-19 21:00:00+00:00,BOLU,14,-3.8894997,-11.4895,0.4,6.2145634,71.0,88.00205,936.13605,8.63,Snow fall: Slight
2005-12-20 21:00:00+00:00,BOLU,14,-1.2894998,-18.0895,0.0,7.42159,2.0,75.53351,934.17584,9.41,Partly cloudy
2005-12-21 21:00:00+00:00,BOLU,14,0.1105001,-14.489499,0.0,7.24486,71.0,74.71611,932.90454,8.77,Snow fall: Slight
2005-12-22 21:00:00+00:00,BOLU,14,-1.2394998,-5.4895,0.2,6.3690495,71.0,87.26188,929.8357,7.52,Snow fall: Slight
2005-12-23 21:00:00+00:00,BOLU,14,-1.9895,-7.1394997,0.2,7.9526596,71.0,87.47482,928.5766,7.62,Snow fall: Slight
2005-12-24 21:00:00+00:00,BOLU,14,-1.6894999,-12.3895,0.4,9.0645685,71.0,82.91761,929.24384,8.33,Snow fall: Slight
2005-12-25 21:00:00+00:00,BOLU,14,2.4105,-6.0894995,2.4,10.464797,73.0,89.09821,932.4443,6.45,Snow fall: Moderate
2005-12-26 21:00:00+00:00,BOLU,14,4.4105,-6.5395,0.3,12.55879,51.0,83.824394,933.4253,8.01,Drizzle: Light
2005-12-27 21:00:00+00:00,BOLU,14,6.4605002,-2.3894997,0.0,13.0447235,3.0,88.90372,933.9348,8.31,Overcast
2005-12-28 21:00:00+00:00,BOLU,14,5.5105,0.66050017,3.8,11.435313,73.0,95.393364,935.7923,3.52,Snow fall: Moderate
2005-12-29 21:00:00+00:00,BOLU,14,7.7105002,-2.4895,0.0,12.303366,3.0,91.95467,936.3584,8.27,Overcast
2005-12-30 21:00:00+00:00,BOLU,14,5.0605,-0.9894998,6.2000003,11.923557,73.0,93.7268,933.2984,2.21,Snow fall: Moderate
2005-12-31 21:00:00+00:00,BOLU,14,7.7105002,-4.4395,0.0,7.5942082,2.0,91.79766,933.9959,7.81,Partly cloudy
2006-01-01 21:00:00+00:00,BOLU,14,8.710501,-0.93949986,0.0,8.0899935,2.0,89.44522,932.1743,8.4,Partly cloudy
2006-01-02 21:00:00+00:00,BOLU,14,11.0605,-0.3894999,0.0,8.891343,1.0,89.795845,932.05145,7.32,Mainly clear
2006-01-03 21:00:00+00:00,BOLU,14,11.6105,0.46050012,0.0,8.587338,3.0,87.45411,932.8719,6.51,Overcast
2006-01-04 21:00:00+00:00,BOLU,14,6.2105002,0.3605001,3.2,9.178235,71.0,92.08288,929.38153,3.12,Snow fall: Slight
2006-01-05 21:00:00+00:00,BOLU,14,8.8105,-0.2394998,2.7,9.028754,71.0,94.62897,928.357,6.82,Snow fall: Slight
2006-01-06 21:00:00+00:00,BOLU,14,6.3105,1.0605001,5.7000003,8.891344,73.0,97.55297,931.49335,4.84,Snow fall: Moderate
2006-01-07 21:00:00+00:00,BOLU,14,2.3605,-1.9895,8.100001,8.714677,73.0,95.024605,935.5942,4.34,Snow fall: Moderate
2006-01-08 21:00:00+00:00,BOLU,14,0.66050017,-4.7894998,0.0,9.3669195,71.0,82.6757,936.0581,7.0,Snow fall: Slight
2006-01-09 21:00:00+00:00,BOLU,14,1.2105001,-2.8395,0.0,9.746631,71.0,76.8632,933.79706,6.78,Snow fall: Slight
2006-01-10 21:00:00+00:00,BOLU,14,2.2605002,-2.8894997,0.0,7.10031,71.0,80.748344,933.3753,6.68,Snow fall: Slight
2006-01-11 21:00:00+00:00,BOLU,14,3.6105,-0.4894998,0.5,8.669949,71.0,83.535095,934.19434,6.79,Snow fall: Slight
2006-01-12 21:00:00+00:00,BOLU,14,2.2605002,-1.7394998,2.9000006,9.72,71.0,89.230995,937.36664,5.2,Snow fall: Slight
2006-01-13 21:00:00+00:00,BOLU,14,1.6605002,-2.8894997,1.1000001,9.6932955,71.0,85.34995,938.6748,5.69,Snow fall: Slight
2006-01-14 21:00:00+00:00,BOLU,14,1.7105001,-3.1394997,0.0,7.628263,3.0,82.81934,940.1885,7.16,Overcast
2006-01-15 21:00:00+00:00,BOLU,14,3.9105,-1.4894998,0.0,4.896529,2.0,70.24018,937.05426,8.97,Partly cloudy
2006-01-16 21:00:00+00:00,BOLU,14,2.3105001,-1.4894998,0.0,6.151683,2.0,75.00885,934.51587,7.48,Partly cloudy
2006-01-17 21:00:00+00:00,BOLU,14,2.7105002,-3.1394997,0.0,9.360001,3.0,74.582565,931.13226,8.94,Overcast
2006-01-18 21:00:00+00:00,BOLU,14,2.5605001,-3.1894999,19.699999,12.904882,75.0,85.338646,923.549,1.75,Snow fall: Heavy
2006-01-19 21:00:00+00:00,BOLU,14,-0.8894999,-5.5394998,10.900001,10.990322,73.0,91.30419,932.28107,4.76,Snow fall: Moderate
2006-01-20 21:00:00+00:00,BOLU,14,2.3605,-8.589499,0.6,9.360001,71.0,79.28062,935.5481,10.49,Snow fall: Slight
2006-01-21 21:00:00+00:00,BOLU,14,5.8105,-3.8395,0.0,9.360001,3.0,71.454346,931.154,8.15,Overcast
2006-01-22 21:00:00+00:00,BOLU,14,0.060500145,-5.4895,8.299998,11.367109,73.0,89.165436,931.7801,4.51,Snow fall: Moderate
2006-01-23 21:00:00+00:00,BOLU,14,-3.5394998,-7.1394997,3.7000005,9.504273,73.0,82.67212,934.3401,4.89,Snow fall: Moderate
2006-01-24 21:00:00+00:00,BOLU,14,-3.1894999,-6.2895,10.2,5.6002855,75.0,89.63233,924.6675,4.65,Snow fall: Heavy
2006-01-25 21:00:00+00:00,BOLU,14,-2.4394999,-6.7895,6.4999995,9.178235,73.0,90.93166,927.49805,6.54,Snow fall: Moderate
2006-01-26 21:00:00+00:00,BOLU,14,-3.6894999,-8.089499,1.4000002,8.217153,71.0,88.58863,937.1631,8.73,Snow fall: Slight
2006-01-27 21:00:00+00:00,BOLU,14,-2.2395,-14.839499,0.0,9.339208,3.0,82.84345,939.1879,11.57,Overcast
2006-01-28 21:00:00+00:00,BOLU,14,-1.2394998,-15.489499,0.0,10.00256,2.0,71.47499,937.146,12.68,Partly cloudy
2006-01-29 21:00:00+00:00,BOLU,14,0.7605002,-11.839499,0.0,7.8954163,0.0,64.764336,935.9079,12.53,Clear sky
2006-01-30 21:00:00+00:00,BOLU,14,2.2105002,-13.0395,0.0,9.360001,3.0,77.68772,928.5481,11.25,Overcast
2006-01-31 21:00:00+00:00,BOLU,14,4.9105,-6.9895,0.0,7.8954163,1.0,73.04423,929.5642,12.03,Mainly clear
2006-02-01 21:00:00+00:00,BOLU,14,5.3105,-7.3894997,0.0,5.692099,2.0,70.97678,926.24396,11.36,Partly cloudy
2006-02-02 21:00:00+00:00,BOLU,14,5.8105,-2.6894999,0.0,5.3517847,0.0,74.5089,925.75726,12.56,Clear sky
2006-02-03 21:00:00+00:00,BOLU,14,4.8605003,-3.0394998,0.0,9.693296,2.0,80.77482,927.93195,11.99,Partly cloudy
2006-02-04 21:00:00+00:00,BOLU,14,5.8605003,-3.5394998,0.0,10.163227,3.0,74.214905,929.2849,8.02,Overcast
2006-02-05 21:00:00+00:00,BOLU,14,4.3105,-1.4394999,12.799999,8.557102,73.0,95.588234,922.0525,4.58,Snow fall: Moderate
2006-02-06 21:00:00+00:00,BOLU,14,-1.2894998,-4.2395,10.399999,8.350138,73.0,92.51775,923.01685,5.83,Snow fall: Moderate
2006-02-07 21:00:00+00:00,BOLU,14,0.9605001,-4.2395,7.100001,7.628263,73.0,94.38085,918.9158,5.44,Snow fall: Moderate
2006-02-08 21:00:00+00:00,BOLU,14,0.46050012,-4.6895,3.8000002,7.8954163,73.0,90.50183,922.0345,8.51,Snow fall: Moderate
2006-02-09 21:00:00+00:00,BOLU,14,3.2105002,-6.4395,8.2,13.202726,73.0,90.5134,923.7336,7.16,Snow fall: Moderate
2006-02-10 21:00:00+00:00,BOLU,14,3.3105001,0.010500193,14.700002,9.826088,75.0,94.57032,925.5046,6.33,Snow fall: Heavy
2006-02-11 21:00:00+00:00,BOLU,14,0.2605002,-4.3395,8.099999,9.9571085,73.0,94.15446,925.9069,6.69,Snow fall: Moderate
2006-02-12 21:00:00+00:00,BOLU,14,-0.53949976,-8.7895,0.2,5.815978,71.0,86.96691,927.6829,12.81,Snow fall: Slight
2006-02-13 21:00:00+00:00,BOLU,14,-2.2395,-8.9895,4.7000003,7.289444,73.0,88.43032,928.7117,11.31,Snow fall: Moderate
2006-02-14 21:00:00+00:00,BOLU,14,-5.1394997,-10.2395,1.3000001,10.315115,73.0,85.92567,930.04193,13.38,Snow fall: Moderate
2006-02-15 21:00:00+00:00,BOLU,14,-3.5895,-12.2895,0.1,10.30883,71.0,80.2707,929.0351,15.28,Snow fall: Slight
2006-02-16 21:00:00+00:00,BOLU,14,-0.28949976,-12.2395,0.6,13.684735,71.0,81.56234,926.6857,7.33,Snow fall: Slight
2006-02-17 21:00:00+00:00,BOLU,14,5.7105002,-0.9894998,2.0,13.37825,71.0,91.66941,930.2334,9.75,Snow fall: Slight
2006-02-18 21:00:00+00:00,BOLU,14,7.0605,0.9605001,0.0,8.557102,3.0,90.201546,934.19086,12.51,Overcast
2006-02-19 21:00:00+00:00,BOLU,14,10.0605,1.2605002,1.0,5.8048253,51.0,89.27245,932.8635,11.01,Drizzle: Light
2006-02-20 21:00:00+00:00,BOLU,14,9.7605,-2.9895,0.0,9.178235,2.0,88.21807,933.53754,13.64,Partly cloudy
2006-02-21 21:00:00+00:00,BOLU,14,9.8105,-3.4394999,0.0,10.630672,0.0,85.98224,933.0507,15.62,Clear sky
2006-02-22 21:00:00+00:00,BOLU,14,11.8105,-2.4895,0.0,10.00256,3.0,81.52417,932.25323,15.54,Overcast
2006-02-23 21:00:00+00:00,BOLU,14,8.7605,-1.1394999,2.3,11.113451,71.0,86.00433,926.32135,9.28,Snow fall: Slight
2006-02-24 21:00:00+00:00,BOLU,14,10.4605,1.2105001,10.1,10.739833,61.0,91.16668,924.48676,8.51,Rain: Slight
2006-02-25 21:00:00+00:00,BOLU,14,10.160501,-0.78949976,5.8,12.904882,73.0,91.05017,923.3086,13.33,Snow fall: Moderate
2006-02-26 21:00:00+00:00,BOLU,14,7.6105003,-0.28949976,5.5,9.449572,73.0,92.45359,924.966,9.98,Snow fall: Moderate
2006-02-27 21:00:00+00:00,BOLU,14,9.1105,-1.3894999,0.4,16.279802,71.0,86.09606,924.60614,10.26,Snow fall: Slight
2006-02-28 21:00:00+00:00,BOLU,14,8.5605,3.7105002,2.2,17.643673,71.0,78.05728,921.1463,12.18,Snow fall: Slight
2006-03-01 21:00:00+00:00,BOLU,14,10.4605,-0.1394999,1.1,11.792404,51.0,79.39849,924.8662,13.22,Drizzle: Light
2006-03-02 21:00:00+00:00,BOLU,14,5.9105,-0.9894998,9.900001,13.684735,73.0,91.71705,922.0039,7.31,Snow fall: Moderate
2006-03-03 21:00:00+00:00,BOLU,14,7.4105,-3.8894997,0.0,11.5199995,3.0,74.485985,928.60284,17.37,Overcast
2006-03-04 21:00:00+00:00,BOLU,14,10.3605,-1.5394998,0.0,11.113451,3.0,71.78567,923.9339,17.9,Overcast
2006-03-05 21:00:00+00:00,BOLU,14,11.2105,-1.3395,0.0,12.57426,3.0,71.683,923.1778,16.19,Overcast
2006-03-06 21:00:00+00:00,BOLU,14,11.160501,0.010500193,1.9,11.183201,53.0,78.71789,916.80927,7.65,Drizzle: Moderate
2006-03-07 21:00:00+00:00,BOLU,14,6.2605,-1.1394999,19.5,9.9571085,75.0,95.28146,913.95703,6.63,Snow fall: Heavy
2006-03-08 21:00:00+00:00,BOLU,14,-1.5394998,-5.2395,17.099998,11.384198,75.0,93.34658,923.0181,9.71,Snow fall: Heavy
2006-03-09 21:00:00+00:00,BOLU,14,3.1605,-13.9395,0.0,8.854829,3.0,78.96572,929.12164,19.5,Overcast
2006-03-10 21:00:00+00:00,BOLU,14,8.0605,-6.9895,0.6,15.844089,51.0,76.623436,924.593,14.77,Drizzle: Light
2006-03-11 21:00:00+00:00,BOLU,14,11.8105,3.9105,4.9000006,20.056877,73.0,79.57429,922.293,16.04,Snow fall: Moderate
2006-03-12 21:00:00+00:00,BOLU,14,9.960501,1.8605001,6.5,16.299694,63.0,77.97836,916.88043,8.45,Rain: Moderate
2006-03-13 21:00:00+00:00,BOLU,14,8.8605,0.91050017,10.9,14.003029,73.0,91.00713,919.0787,9.63,Snow fall: Moderate
2006-03-14 21:00:00+00:00,BOLU,14,4.6605,1.5605001,0.5,10.8955765,71.0,90.37223,928.0159,9.13,Snow fall: Slight
2006-03-15 21:00:00+00:00,BOLU,14,7.4605002,-0.08949995,2.3,7.8625183,73.0,87.83703,930.10986,16.7,Snow fall: Moderate
2006-03-16 21:00:00+00:00,BOLU,14,5.5105,-0.03949976,3.4000003,6.439876,71.0,93.094536,929.88257,10.05,Snow fall: Slight
2006-03-17 21:00:00+00:00,BOLU,14,5.7105002,1.5105002,4.2,6.193674,73.0,92.145226,927.0444,9.02,Snow fall: Moderate
2006-03-18 21:00:00+00:00,BOLU,14,4.2605,0.060500145,6.0000005,8.707237,73.0,89.88439,927.6831,11.01,Snow fall: Moderate
2006-03-19 21:00:00+00:00,BOLU,14,9.5105,-2.4394999,0.0,7.8954163,3.0,78.57827,926.88763,20.79,Overcast
2006-03-20 21:00:00+00:00,BOLU,14,9.5105,1.9605001,1.0,7.6367526,51.0,82.63121,927.2679,13.24,Drizzle: Light
2006-03-21 21:00:00+00:00,BOLU,14,16.310501,1.7105001,0.0,8.707237,3.0,79.83826,929.0847,20.23,Overcast
2006-03-22 21:00:00+00:00,BOLU,14,19.960499,4.3605003,1.5999999,14.654254,53.0,68.02753,922.6592,15.43,Drizzle: Moderate
2006-03-23 21:00:00+00:00,BOLU,14,13.7605,4.1605,7.5000005,9.021574,61.0,86.39907,924.36615,13.05,Rain: Slight
2006-03-24 21:00:00+00:00,BOLU,14,5.5605,1.1105001,0.70000005,8.766573,51.0,92.95997,928.33887,8.81,Drizzle: Light
2006-03-25 21:00:00+00:00,BOLU,14,9.1605,1.5105002,0.0,7.5170207,3.0,88.1568,930.6453,11.78,Overcast
2006-03-26 21:00:00+00:00,BOLU,14,13.2105,0.66050017,0.1,6.6087217,51.0,81.93956,930.32886,20.25,Drizzle: Light
2006-03-27 21:00:00+00:00,BOLU,14,14.9605,1.1605002,0.0,7.4128532,3.0,70.156334,928.85376,22.22,Overcast
2006-03-28 21:00:00+00:00,BOLU,14,17.9105,1.6605002,0.0,9.511088,3.0,71.25861,926.8977,19.38,Overcast
2006-03-29 21:00:00+00:00,BOLU,14,15.0105,5.7105002,3.5,9.0,61.0,83.732056,927.978,16.91,Rain: Slight
2006-03-30 21:00:00+00:00,BOLU,14,13.6105,2.3605,0.1,7.69592,51.0,78.75081,930.98944,20.37,Drizzle: Light
2006-03-31 21:00:00+00:00,BOLU,14,15.2605,1.9105002,0.4,9.793059,51.0,77.177216,928.7756,18.39,Drizzle: Light
2006-04-01 21:00:00+00:00,BOLU,14,12.410501,5.2105002,0.6,13.039754,51.0,80.2119,929.79926,18.95,Drizzle: Light
2006-04-02 21:00:00+00:00,BOLU,14,15.3105,0.81050014,0.0,7.9932976,2.0,72.880806,926.12445,23.13,Partly cloudy
2006-04-03 21:00:00+00:00,BOLU,14,15.410501,1.6605002,0.0,7.92,3.0,75.53444,922.80347,21.61,Overcast
2006-04-04 21:00:00+00:00,BOLU,14,12.8105,4.0605,0.0,12.181625,3.0,82.26336,926.7221,18.04,Overcast
2006-04-05 21:00:00+00:00,BOLU,14,18.1105,0.91050017,0.0,7.8954163,3.0,66.1299,928.7058,22.91,Overcast
2006-04-06 21:00:00+00:00,BOLU,14,21.1105,6.5105,0.0,7.6367526,3.0,61.24307,927.70215,17.45,Overcast
2006-04-07 21:00:00+00:00,BOLU,14,19.3605,7.0605,2.0000002,12.10157,53.0,73.04078,926.0987,20.87,Drizzle: Moderate
2006-04-08 21:00:00+00:00,BOLU,14,11.0605,6.2105002,1.0,9.178235,51.0,93.334785,930.53467,11.15,Drizzle: Light
2006-04-09 21:00:00+00:00,BOLU,14,11.2605,5.0105,9.900001,8.049845,61.0,96.04522,931.6629,11.47,Rain: Slight
2006-04-10 21:00:00+00:00,BOLU,14,18.8605,4.0605,0.0,6.9247384,3.0,74.8578,929.097,22.96,Overcast
2006-04-11 21:00:00+00:00,BOLU,14,23.560501,7.9605002,0.1,20.721119,51.0,56.590622,921.4665,19.88,Drizzle: Light
2006-04-12 21:00:00+00:00,BOLU,14,19.4105,9.3605,0.0,14.529915,2.0,63.593277,921.56396,21.68,Partly cloudy
2006-04-13 21:00:00+00:00,BOLU,14,15.3105,7.6605,6.6000004,7.928177,55.0,85.175865,925.58295,11.46,Drizzle: Dense
2006-04-14 21:00:00+00:00,BOLU,14,15.6105,7.1605,0.8000001,10.739833,51.0,87.85259,931.14496,18.68,Drizzle: Light
2006-04-15 21:00:00+00:00,BOLU,14,16.9105,4.9605002,0.0,9.3669195,3.0,72.28829,931.39545,24.62,Overcast
2006-04-16 21:00:00+00:00,BOLU,14,18.810501,6.1105003,0.1,10.009036,51.0,74.609856,926.14545,23.64,Drizzle: Light
2006-04-17 21:00:00+00:00,BOLU,14,18.060501,5.5105,0.0,8.435069,3.0,76.074196,929.1341,22.0,Overcast
2006-04-18 21:00:00+00:00,BOLU,14,21.810501,7.6105003,0.0,17.373497,3.0,66.854576,928.2786,14.13,Overcast
2006-04-19 21:00:00+00:00,BOLU,14,17.9105,7.3105,5.5,8.669949,61.0,76.80224,926.772,19.61,Rain: Slight
2006-04-20 21:00:00+00:00,BOLU,14,15.410501,9.3605,1.3,9.931042,53.0,91.599335,929.0012,16.45,Drizzle: Moderate
2006-04-21 21:00:00+00:00,BOLU,14,16.8605,6.5105,0.3,8.4042845,51.0,82.26286,927.59235,22.53,Drizzle: Light
2006-04-22 21:00:00+00:00,BOLU,14,14.6105,7.2605,0.8,11.570515,53.0,87.7367,926.2469,17.59,Drizzle: Moderate
2006-04-23 21:00:00+00:00,BOLU,14,11.7605,6.8105,0.6,15.629972,51.0,90.43515,929.9529,14.69,Drizzle: Light
2006-04-24 21:00:00+00:00,BOLU,14,10.8105,3.5605001,0.4,21.407139,51.0,69.54833,933.94574,25.37,Drizzle: Light
2006-04-25 21:00:00+00:00,BOLU,14,11.6105,1.2105001,0.0,11.177405,0.0,61.187977,932.7412,26.8,Clear sky
2006-04-26 21:00:00+00:00,BOLU,14,13.2605,1.0105002,0.0,9.531505,3.0,69.62458,929.5932,27.12,Overcast
2006-04-27 21:00:00+00:00,BOLU,14,17.6605,1.6105001,0.0,6.12,3.0,69.73908,926.103,23.4,Overcast
2006-04-28 21:00:00+00:00,BOLU,14,16.2605,5.6105003,12.400001,8.12197,63.0,89.253845,923.8969,12.84,Rain: Moderate
2006-04-29 21:00:00+00:00,BOLU,14,13.160501,8.3605,1.9000002,6.989936,51.0,91.798546,926.89575,9.92,Drizzle: Light
2006-04-30 21:00:00+00:00,BOLU,14,14.6105,8.8105,6.8,7.072878,55.0,95.896126,929.94867,15.04,Drizzle: Dense
2006-05-01 21:00:00+00:00,BOLU,14,11.410501,7.4605002,0.90000004,9.449572,51.0,91.66559,932.9517,12.94,Drizzle: Light
2006-05-02 21:00:00+00:00,BOLU,14,12.3105,5.4605002,0.0,14.113653,3.0,81.207375,934.2153,19.44,Overcast
2006-05-03 21:00:00+00:00,BOLU,14,12.9605,2.8605,0.0,10.805999,3.0,81.607834,933.8389,19.05,Overcast
2006-05-04 21:00:00+00:00,BOLU,14,10.7605,4.9105,2.7,8.825508,53.0,91.67274,931.1702,12.07,Drizzle: Moderate
2006-05-05 21:00:00+00:00,BOLU,14,14.7605,6.2605,2.6,7.6367526,53.0,88.930885,930.57544,16.67,Drizzle: Moderate
2006-05-06 21:00:00+00:00,BOLU,14,12.0105,6.7105002,3.6000001,8.225035,53.0,96.40704,928.73145,11.69,Drizzle: Moderate
2006-05-07 21:00:00+00:00,BOLU,14,13.8605,5.5605,6.4,12.261158,61.0,89.323235,927.9445,21.12,Rain: Slight
2006-05-08 21:00:00+00:00,BOLU,14,13.660501,4.9105,5.9000006,8.766573,53.0,90.42594,929.5991,16.78,Drizzle: Moderate
2006-05-09 21:00:00+00:00,BOLU,14,18.060501,3.1105,0.2,8.707237,51.0,79.19827,929.0105,25.17,Drizzle: Light
2006-05-10 21:00:00+00:00,BOLU,14,19.1105,7.3105,3.2000003,13.70839,55.0,73.091545,928.63916,21.21,Drizzle: Dense
2006-05-11 21:00:00+00:00,BOLU,14,17.8605,7.5605,11.3,6.792466,63.0,87.79868,932.46136,18.18,Rain: Moderate
2006-05-12 21:00:00+00:00,BOLU,14,14.410501,7.1105003,10.000001,7.24486,55.0,95.4811,934.9559,16.1,Drizzle: Dense
2006-05-13 21:00:00+00:00,BOLU,14,18.0105,4.7605,0.3,7.5685663,51.0,79.11827,934.0894,25.58,Drizzle: Light
2006-05-14 21:00:00+00:00,BOLU,14,20.8605,5.1605,0.0,7.5942082,3.0,69.14155,930.1713,26.47,Overcast
2006-05-15 21:00:00+00:00,BOLU,14,14.910501,8.460501,0.4,12.849528,51.0,83.70446,931.3206,15.33,Drizzle: Light
2006-05-16 21:00:00+00:00,BOLU,14,16.7605,6.7605,0.0,11.503113,3.0,81.34511,931.8172,23.58,Overcast
2006-05-17 21:00:00+00:00,BOLU,14,19.6605,5.7105002,0.0,7.2805495,3.0,77.721725,930.86395,25.59,Overcast
2006-05-18 21:00:00+00:00,BOLU,14,20.460499,7.7605,0.3,7.10031,51.0,78.4614,931.8177,27.05,Drizzle: Light
2006-05-19 21:00:00+00:00,BOLU,14,22.010502,7.8105,0.1,6.489992,51.0,75.433556,930.3655,20.89,Drizzle: Light
2006-05-20 21:00:00+00:00,BOLU,14,24.760502,11.660501,0.0,6.9247384,3.0,70.47785,930.278,27.48,Overcast
2006-05-21 21:00:00+00:00,BOLU,14,24.510502,15.5105,0.0,9.885262,3.0,70.69405,932.044,24.11,Overcast
2006-05-22 21:00:00+00:00,BOLU,14,24.810501,11.4605,0.0,11.165805,2.0,78.35548,933.4939,26.73,Partly cloudy
2006-05-23 21:00:00+00:00,BOLU,14,25.4105,11.910501,0.0,10.086427,2.0,76.571,933.8199,27.27,Partly cloudy
2006-05-24 21:00:00+00:00,BOLU,14,27.510502,11.3605,0.0,8.14587,3.0,75.89492,930.38916,27.99,Overcast
2006-05-25 21:00:00+00:00,BOLU,14,22.1605,13.2105,0.0,11.609651,3.0,78.65167,930.8483,26.06,Overcast
2006-05-26 21:00:00+00:00,BOLU,14,19.060501,12.3605,4.2999997,8.089993,61.0,84.55999,933.3699,19.16,Rain: Slight
2006-05-27 21:00:00+00:00,BOLU,14,19.1605,11.0605,0.4,13.324863,51.0,75.68589,933.6457,25.51,Drizzle: Light
2006-05-28 21:00:00+00:00,BOLU,14,25.9105,9.0105,0.0,9.028754,3.0,66.36433,929.50616,28.82,Overcast
2006-05-29 21:00:00+00:00,BOLU,14,28.9105,11.910501,0.0,7.145796,0.0,67.164024,925.20123,28.44,Clear sky
2006-05-30 21:00:00+00:00,BOLU,14,29.1605,15.160501,0.0,6.9153743,1.0,62.17653,925.0118,29.01,Mainly clear
2006-05-31 21:00:00+00:00,BOLU,14,27.1105,15.660501,1.4,8.089993,61.0,71.78175,930.9497,26.46,Rain: Slight
2006-06-01 21:00:00+00:00,BOLU,14,30.9105,13.660501,0.1,6.439876,51.0,67.13438,930.0078,27.76,Drizzle: Light
2006-06-02 21:00:00+00:00,BOLU,14,31.810501,15.0105,0.1,8.891343,51.0,68.50964,928.926,26.51,Drizzle: Light
2006-06-03 21:00:00+00:00,BOLU,14,29.710499,16.5105,0.0,7.42159,1.0,69.951775,929.4771,28.34,Mainly clear
2006-06-04 21:00:00+00:00,BOLU,14,25.760502,14.660501,0.0,10.233123,3.0,73.38314,932.6797,27.85,Overcast
2006-06-05 21:00:00+00:00,BOLU,14,22.6105,12.5605,0.0,12.261158,3.0,74.591805,935.6497,26.79,Overcast
2006-06-06 21:00:00+00:00,BOLU,14,18.960499,11.1105,6.0,10.587917,61.0,87.79212,931.90936,20.79,Rain: Slight
2006-06-07 21:00:00+00:00,BOLU,14,19.510502,11.0605,1.1,9.028754,51.0,79.000755,930.2859,25.08,Drizzle: Light
2006-06-08 21:00:00+00:00,BOLU,14,17.9105,11.0105,15.6,9.387651,63.0,88.750984,928.47675,20.24,Rain: Moderate
2006-06-09 21:00:00+00:00,BOLU,14,16.6105,10.8105,6.9999995,7.7043357,55.0,89.025856,932.6541,19.67,Drizzle: Dense
2006-06-10 21:00:00+00:00,BOLU,14,17.4105,9.6605,11.200001,9.290511,63.0,92.71339,934.6172,18.7,Rain: Moderate
2006-06-11 21:00:00+00:00,BOLU,14,20.6605,9.210501,0.2,8.049845,51.0,78.810074,936.58417,24.62,Drizzle: Light
2006-06-12 21:00:00+00:00,BOLU,14,19.6605,10.7105,14.299999,9.178235,63.0,89.37145,930.68134,18.31,Rain: Moderate
2006-06-13 21:00:00+00:00,BOLU,14,15.3605,9.2605,13.599998,7.928177,61.0,93.50067,930.9839,18.01,Rain: Slight
2006-06-14 21:00:00+00:00,BOLU,14,20.760502,5.9105,0.4,7.10031,51.0,75.564095,931.0673,26.96,Drizzle: Light
2006-06-15 21:00:00+00:00,BOLU,14,18.310501,9.6605,1.2,10.587917,53.0,80.15304,932.2727,21.73,Drizzle: Moderate
2006-06-16 21:00:00+00:00,BOLU,14,20.3605,11.8105,0.0,10.685391,2.0,78.44766,934.3886,26.11,Partly cloudy
2006-06-17 21:00:00+00:00,BOLU,14,22.810501,10.7105,0.0,10.105681,0.0,72.53721,935.8567,29.97,Clear sky
2006-06-18 21:00:00+00:00,BOLU,14,24.6105,11.1105,0.0,11.013882,0.0,73.51327,934.7825,29.13,Clear sky
2006-06-19 21:00:00+00:00,BOLU,14,25.460499,13.8105,0.5,10.1376915,51.0,73.15446,932.2309,28.34,Drizzle: Light
2006-06-20 21:00:00+00:00,BOLU,14,24.210499,13.2105,0.90000004,10.182337,51.0,79.13966,930.24365,27.35,Drizzle: Light
2006-06-21 21:00:00+00:00,BOLU,14,22.510502,14.3105,0.0,11.792404,3.0,83.12754,930.9174,24.45,Overcast
2006-06-22 21:00:00+00:00,BOLU,14,21.9105,13.8605,0.1,9.449572,51.0,83.06793,930.01416,21.91,Drizzle: Light
2006-06-23 21:00:00+00:00,BOLU,14,23.760502,13.2105,0.0,10.587917,2.0,80.30292,929.6785,25.88,Partly cloudy
2006-06-24 21:00:00+00:00,BOLU,14,24.3605,14.2105,0.0,11.928989,3.0,80.66119,930.646,25.64,Overcast
2006-06-25 21:00:00+00:00,BOLU,14,24.760502,15.3605,0.0,14.264361,3.0,81.413124,931.74066,25.89,Overcast
2006-06-26 21:00:00+00:00,BOLU,14,23.4105,16.6605,3.2000003,14.408997,61.0,86.44748,931.62384,23.46,Rain: Slight
2006-06-27 21:00:00+00:00,BOLU,14,22.510502,16.310501,6.3999996,10.446206,61.0,91.9144,929.41284,18.7,Rain: Slight
2006-06-28 21:00:00+00:00,BOLU,14,23.810501,17.560501,8.499999,12.964998,61.0,92.47582,930.3592,19.83,Rain: Slight
2006-06-29 21:00:00+00:00,BOLU,14,24.4105,14.7605,0.90000004,13.450708,51.0,84.24673,932.40533,24.74,Drizzle: Light
2006-06-30 21:00:00+00:00,BOLU,14,25.960499,14.5605,0.0,11.165805,2.0,78.9178,931.21094,27.06,Partly cloudy
2006-07-01 21:00:00+00:00,BOLU,14,26.210499,14.6105,1.0,10.948973,51.0,78.62875,929.4016,26.22,Drizzle: Light
2006-07-02 21:00:00+00:00,BOLU,14,22.210499,14.8605,6.7000003,10.823973,63.0,89.01829,928.4956,17.4,Rain: Moderate
2006-07-03 21:00:00+00:00,BOLU,14,20.560501,11.7105,0.0,17.076298,3.0,77.1385,929.9248,23.66,Overcast
2006-07-04 21:00:00+00:00,BOLU,14,21.010502,10.910501,0.0,17.533146,3.0,75.333824,931.5439,25.44,Overcast
2006-07-05 21:00:00+00:00,BOLU,14,20.560501,10.7105,1.4000001,16.394829,51.0,82.31446,933.4692,23.73,Drizzle: Light
2006-07-06 21:00:00+00:00,BOLU,14,20.510502,10.910501,0.0,13.32,3.0,78.33019,932.73047,24.07,Overcast
2006-07-07 21:00:00+00:00,BOLU,14,20.260502,11.2105,0.3,12.43434,51.0,76.601265,931.455,24.46,Drizzle: Light
2006-07-08 21:00:00+00:00,BOLU,14,20.6105,12.910501,1.4,9.028754,51.0,85.894005,932.1823,20.28,Drizzle: Light
2006-07-09 21:00:00+00:00,BOLU,14,23.210499,13.2605,0.0,11.165805,3.0,79.63442,932.97,25.11,Overcast
2006-07-10 21:00:00+00:00,BOLU,14,23.010502,13.660501,0.0,9.726665,3.0,80.006615,933.0257,23.6,Overcast
2006-07-11 21:00:00+00:00,BOLU,14,26.260502,12.9605,0.0,11.212135,3.0,75.130005,930.12555,28.04,Overcast
2006-07-12 21:00:00+00:00,BOLU,14,25.960499,14.4605,0.6,9.227524,51.0,77.21638,928.10004,23.94,Drizzle: Light
2006-07-13 21:00:00+00:00,BOLU,14,24.010502,15.8605,0.1,13.202726,51.0,80.42951,928.1152,24.56,Drizzle: Light
2006-07-14 21:00:00+00:00,BOLU,14,23.710499,15.660501,1.0,14.118243,53.0,78.75818,930.08344,24.58,Drizzle: Moderate
2006-07-15 21:00:00+00:00,BOLU,14,26.060501,14.7105,0.0,11.609651,2.0,75.47632,932.3374,25.5,Partly cloudy
2006-07-16 21:00:00+00:00,BOLU,14,23.4105,15.7605,1.7,9.255571,53.0,86.15289,932.42487,20.73,Drizzle: Moderate
2006-07-17 21:00:00+00:00,BOLU,14,21.810501,12.7105,0.8,12.959999,51.0,80.46328,933.3728,23.98,Drizzle: Light
2006-07-18 21:00:00+00:00,BOLU,14,23.1105,11.7105,0.0,15.328561,2.0,74.18943,934.0992,27.56,Partly cloudy
2006-07-19 21:00:00+00:00,BOLU,14,25.310501,12.0105,0.0,15.273505,2.0,69.892166,934.51685,28.78,Partly cloudy
2006-07-20 21:00:00+00:00,BOLU,14,25.4105,12.8105,0.0,17.462782,2.0,71.6096,933.0867,28.02,Partly cloudy
2006-07-21 21:00:00+00:00,BOLU,14,25.1105,15.160501,0.0,14.417988,3.0,76.9199,931.4158,23.54,Overcast
2006-07-22 21:00:00+00:00,BOLU,14,24.1605,14.6105,0.8,11.177405,53.0,79.47255,930.75214,21.42,Drizzle: Moderate
2006-07-23 21:00:00+00:00,BOLU,14,25.260502,12.410501,0.0,13.004921,3.0,73.59565,932.37524,28.36,Overcast
2006-07-24 21:00:00+00:00,BOLU,14,27.460499,13.3105,0.0,13.397612,2.0,70.08578,932.2824,27.73,Partly cloudy
2006-07-25 21:00:00+00:00,BOLU,14,28.260502,14.5605,0.0,12.144331,0.0,65.62235,931.07074,27.35,Clear sky
2006-07-26 21:00:00+00:00,BOLU,14,27.4105,15.4605,0.0,12.620554,3.0,71.981476,930.4534,26.83,Overcast
2006-07-27 21:00:00+00:00,BOLU,14,27.210499,14.660501,0.90000004,15.328561,53.0,65.30943,927.324,26.7,Drizzle: Moderate
2006-07-28 21:00:00+00:00,BOLU,14,25.6605,14.8605,0.0,13.684735,2.0,68.504906,927.3272,25.87,Partly cloudy
2006-07-29 21:00:00+00:00,BOLU,14,28.810501,13.2105,0.0,10.239453,0.0,66.0073,928.0998,27.93,Clear sky
2006-07-30 21:00:00+00:00,BOLU,14,27.710499,15.410501,0.0,10.966713,1.0,65.70472,926.887,27.1,Mainly clear
2006-07-31 21:00:00+00:00,BOLU,14,25.6605,13.0605,0.0,12.964998,3.0,68.38346,927.5258,27.48,Overcast
2006-08-01 21:00:00+00:00,BOLU,14,27.710499,14.0105,0.0,10.739833,0.0,66.936424,926.7753,27.48,Clear sky
2006-08-02 21:00:00+00:00,BOLU,14,30.260502,15.5605,0.0,8.587338,3.0,70.5113,926.67303,26.41,Overcast
2006-08-03 21:00:00+00:00,BOLU,14,33.4105,16.1605,0.0,9.793059,1.0,61.464905,926.6804,27.27,Mainly clear
2006-08-04 21:00:00+00:00,BOLU,14,36.4105,20.6105,0.0,7.24486,0.0,41.06597,927.7566,27.08,Clear sky
2006-08-05 21:00:00+00:00,BOLU,14,35.6605,21.6605,0.0,7.9932966,1.0,40.994923,927.999,26.7,Mainly clear
2006-08-06 21:00:00+00:00,BOLU,14,34.3605,18.960499,0.0,9.178235,2.0,58.209076,923.6702,24.29,Partly cloudy
2006-08-07 21:00:00+00:00,BOLU,14,27.460499,18.710499,2.3,10.805998,53.0,68.57592,922.7635,22.46,Drizzle: Moderate
2006-08-08 21:00:00+00:00,BOLU,14,28.960499,16.210499,0.0,10.495713,1.0,66.98878,927.20416,24.75,Mainly clear
2006-08-09 21:00:00+00:00,BOLU,14,31.1605,15.8605,0.0,6.792466,0.0,65.97158,928.741,25.81,Clear sky
2006-08-10 21:00:00+00:00,BOLU,14,33.0105,18.8605,0.0,9.290511,1.0,57.74986,925.94604,22.83,Mainly clear
2006-08-11 21:00:00+00:00,BOLU,14,28.8605,18.1605,0.0,12.429127,1.0,66.31398,928.46014,23.33,Mainly clear
2006-08-12 21:00:00+00:00,BOLU,14,30.010502,17.060501,0.0,11.252519,2.0,73.35909,929.31683,23.91,Partly cloudy
2006-08-13 21:00:00+00:00,BOLU,14,29.260502,18.510502,0.0,12.979984,2.0,75.657295,929.653,19.83,Partly cloudy
2006-08-14 21:00:00+00:00,BOLU,14,30.810501,17.0105,0.0,12.599999,3.0,72.96296,930.28687,24.47,Overcast
2006-08-15 21:00:00+00:00,BOLU,14,30.6105,18.210499,0.0,12.620554,2.0,73.88541,929.9545,21.93,Partly cloudy
2006-08-16 21:00:00+00:00,BOLU,14,31.810501,19.6605,0.8,12.620554,53.0,76.29836,929.6242,21.94,Drizzle: Moderate
2006-08-17 21:00:00+00:00,BOLU,14,30.460499,20.560501,0.0,16.215992,3.0,72.92952,932.22565,22.59,Overcast
2006-08-18 21:00:00+00:00,BOLU,14,28.6605,17.2605,0.0,15.158522,0.0,62.98938,934.56226,25.21,Clear sky
2006-08-19 21:00:00+00:00,BOLU,14,29.3605,15.410501,0.0,14.332341,0.0,60.41187,935.6337,25.31,Clear sky
2006-08-20 21:00:00+00:00,BOLU,14,32.1105,17.0105,0.0,11.659777,0.0,49.65059,933.51495,25.01,Clear sky
2006-08-21 21:00:00+00:00,BOLU,14,31.8605,16.4105,0.0,11.525623,2.0,58.105976,930.1551,22.95,Partly cloudy
2006-08-22 21:00:00+00:00,BOLU,14,27.060501,18.510502,1.4000001,11.165805,51.0,77.59888,930.20026,20.17,Drizzle: Light
2006-08-23 21:00:00+00:00,BOLU,14,26.760502,15.910501,0.0,14.759999,2.0,70.042015,930.47217,23.96,Partly cloudy
2006-08-24 21:00:00+00:00,BOLU,14,30.4105,14.1105,0.0,9.107359,0.0,64.83142,929.3391,24.03,Clear sky
2006-08-25 21:00:00+00:00,BOLU,14,32.9605,16.8605,0.5,7.9932966,53.0,69.994606,928.1556,20.18,Drizzle: Moderate
2006-08-26 21:00:00+00:00,BOLU,14,32.7105,18.1105,0.0,8.39657,2.0,56.723953,928.7872,24.05,Partly cloudy
2006-08-27 21:00:00+00:00,BOLU,14,33.4105,17.460499,1.5000001,9.19939,53.0,53.203136,925.6624,20.69,Drizzle: Moderate
2006-08-28 21:00:00+00:00,BOLU,14,26.710499,16.9105,0.6,17.163355,53.0,63.761898,926.24786,20.85,Drizzle: Moderate
2006-08-29 21:00:00+00:00,BOLU,14,31.810501,14.9605,0.0,6.8777895,1.0,48.770573,928.144,23.45,Mainly clear
2006-08-30 21:00:00+00:00,BOLU,14,24.510502,14.8605,6.8,11.119281,53.0,70.70571,928.95245,14.39,Drizzle: Moderate
2006-08-31 21:00:00+00:00,BOLU,14,14.5605,10.5105,34.0,9.9571085,63.0,95.36963,928.3159,3.15,Rain: Moderate
2006-09-01 21:00:00+00:00,BOLU,14,17.6105,8.5605,0.2,12.6462,51.0,82.83108,929.25275,13.49,Drizzle: Light
2006-09-02 21:00:00+00:00,BOLU,14,20.4105,12.6105,0.5,7.10031,51.0,80.11771,934.9626,15.09,Drizzle: Light
2006-09-03 21:00:00+00:00,BOLU,14,22.710499,10.7105,0.0,9.085988,2.0,73.998764,936.0745,22.65,Partly cloudy
2006-09-04 21:00:00+00:00,BOLU,14,25.6105,14.5105,0.0,10.805998,1.0,68.81998,933.9639,21.49,Mainly clear
2006-09-05 21:00:00+00:00,BOLU,14,20.960499,13.4605,1.3000001,13.397612,53.0,77.33213,932.4222,19.36,Drizzle: Moderate
2006-09-06 21:00:00+00:00,BOLU,14,23.1105,9.5605,0.0,10.538843,0.0,69.06754,934.126,22.32,Clear sky
2006-09-07 21:00:00+00:00,BOLU,14,25.210499,10.8105,0.0,6.9527545,2.0,72.865944,933.1346,21.84,Partly cloudy
2006-09-08 21:00:00+00:00,BOLU,14,24.960499,12.3605,0.0,10.739833,3.0,77.19591,934.67755,20.56,Overcast
2006-09-09 21:00:00+00:00,BOLU,14,22.310501,13.5605,0.1,12.783802,51.0,81.73083,938.8675,15.85,Drizzle: Light
2006-09-10 21:00:00+00:00,BOLU,14,20.760502,14.410501,7.399999,10.464798,55.0,89.484,937.10724,12.42,Drizzle: Dense
2006-09-11 21:00:00+00:00,BOLU,14,20.810501,13.160501,0.5,13.684735,51.0,78.43688,937.2099,17.72,Drizzle: Light
2006-09-12 21:00:00+00:00,BOLU,14,23.260502,10.1105,0.0,9.605998,2.0,71.69947,936.9389,20.6,Partly cloudy
2006-09-13 21:00:00+00:00,BOLU,14,22.8605,12.3105,0.0,11.525623,3.0,74.89553,934.8061,19.07,Overcast
2006-09-14 21:00:00+00:00,BOLU,14,23.460499,10.4605,0.0,7.968939,3.0,74.27119,932.9698,20.22,Overcast
2006-09-15 21:00:00+00:00,BOLU,14,23.1605,11.9605,0.0,12.599999,3.0,77.36858,933.179,18.41,Overcast
2006-09-16 21:00:00+00:00,BOLU,14,27.010502,10.5605,0.0,7.10031,1.0,57.765182,934.1438,20.46,Mainly clear
2006-09-17 21:00:00+00:00,BOLU,14,28.1605,11.6105,0.0,6.439876,3.0,52.891422,930.7215,19.83,Overcast
2006-09-18 21:00:00+00:00,BOLU,14,24.810501,14.660501,2.5,8.4963045,53.0,79.71753,928.2656,14.08,Drizzle: Moderate
2006-09-19 21:00:00+00:00,BOLU,14,23.6605,14.5605,0.6,7.0911775,51.0,79.685135,929.07904,17.18,Drizzle: Light
2006-09-20 21:00:00+00:00,BOLU,14,19.560501,14.2105,5.4999995,8.373386,61.0,89.58591,929.5441,11.25,Rain: Slight
2006-09-21 21:00:00+00:00,BOLU,14,20.460499,12.6105,2.7,6.519877,61.0,84.40938,928.19775,15.41,Rain: Slight
2006-09-22 21:00:00+00:00,BOLU,14,20.1105,11.8105,13.9,5.4833565,63.0,90.74593,927.5125,12.23,Rain: Moderate
2006-09-23 21:00:00+00:00,BOLU,14,22.1605,10.660501,6.6000004,6.696387,61.0,83.43194,928.88947,14.58,Rain: Slight
2006-09-24 21:00:00+00:00,BOLU,14,16.6605,11.8105,20.199999,7.9932966,61.0,95.32609,929.3655,7.07,Rain: Slight
2006-09-25 21:00:00+00:00,BOLU,14,19.9105,11.660501,0.1,5.6920996,51.0,83.879684,930.30035,13.22,Drizzle: Light
2006-09-26 21:00:00+00:00,BOLU,14,24.010502,9.8105,0.1,9.255571,51.0,71.442795,929.4472,15.34,Drizzle: Light
2006-09-27 21:00:00+00:00,BOLU,14,25.6105,12.7105,2.2,10.144082,61.0,71.523705,928.97217,15.26,Rain: Slight
2006-09-28 21:00:00+00:00,BOLU,14,23.310501,14.2105,11.899999,11.525623,63.0,84.96901,928.56573,13.32,Rain: Moderate
2006-09-29 21:00:00+00:00,BOLU,14,17.1105,12.5105,4.6,8.225035,53.0,94.38038,930.73706,8.97,Drizzle: Moderate
2006-09-30 21:00:00+00:00,BOLU,14,18.0105,10.3605,0.3,10.594036,51.0,87.31887,932.60156,12.8,Drizzle: Light
2006-10-01 21:00:00+00:00,BOLU,14,18.960499,9.8605,0.0,9.0,3.0,81.918015,934.18744,15.97,Overcast
2006-10-02 21:00:00+00:00,BOLU,14,20.8605,8.6605,0.0,6.297428,3.0,81.39639,933.64307,16.57,Overcast
2006-10-03 21:00:00+00:00,BOLU,14,23.8605,8.5105,0.0,6.297428,0.0,68.63508,933.3586,17.3,Clear sky
2006-10-04 21:00:00+00:00,BOLU,14,26.010502,10.2605,0.0,7.24486,0.0,60.547596,933.94476,17.13,Clear sky
2006-10-05 21:00:00+00:00,BOLU,14,26.210499,12.660501,0.0,5.692099,3.0,60.706455,932.43414,16.98,Overcast
2006-10-06 21:00:00+00:00,BOLU,14,23.960499,13.910501,0.0,7.5685663,3.0,78.94783,930.55566,13.23,Overcast
2006-10-07 21:00:00+00:00,BOLU,14,23.4105,14.410501,0.0,7.24486,3.0,83.33952,929.26373,12.91,Overcast
2006-10-08 21:00:00+00:00,BOLU,14,21.210499,14.5605,0.3,8.825508,51.0,87.92877,931.7043,11.2,Drizzle: Light
2006-10-09 21:00:00+00:00,BOLU,14,20.010502,13.8605,2.6,7.9932976,61.0,89.85086,933.0656,9.81,Rain: Slight
2006-10-10 21:00:00+00:00,BOLU,14,20.060501,12.5605,1.3,7.5942073,53.0,87.267494,933.4163,12.52,Drizzle: Moderate
2006-10-11 21:00:00+00:00,BOLU,14,20.510502,10.2605,3.2,7.6367526,61.0,89.04122,933.53253,12.04,Rain: Slight
2006-10-12 21:00:00+00:00,BOLU,14,16.3605,11.8105,8.000001,8.287822,61.0,94.84396,935.2105,8.03,Rain: Slight
2006-10-13 21:00:00+00:00,BOLU,14,13.6105,11.410501,14.900001,8.4042845,61.0,98.704704,935.0157,4.28,Rain: Slight
2006-10-14 21:00:00+00:00,BOLU,14,11.910501,7.4105,3.9000003,11.5199995,51.0,93.58697,932.2769,7.92,Drizzle: Light
2006-10-15 21:00:00+00:00,BOLU,14,14.4605,3.6105,0.3,6.9899354,51.0,79.739265,928.68536,13.91,Drizzle: Light
2006-10-16 21:00:00+00:00,BOLU,14,10.7105,6.8605003,4.0000005,7.771331,51.0,90.603874,932.0918,7.21,Drizzle: Light
2006-10-17 21:00:00+00:00,BOLU,14,13.5605,6.4105,6.7000003,7.5942082,61.0,93.59738,931.4189,4.4,Rain: Slight
2006-10-18 21:00:00+00:00,BOLU,14,19.8605,8.460501,3.7,8.4042845,53.0,84.38127,929.6638,12.72,Drizzle: Moderate
2006-10-19 21:00:00+00:00,BOLU,14,17.960499,9.6605,3.7,7.8954163,61.0,88.90634,929.3606,10.55,Rain: Slight
2006-10-20 21:00:00+00:00,BOLU,14,18.210499,7.8605003,0.0,7.10031,3.0,84.89832,930.9898,12.14,Overcast
2006-10-21 21:00:00+00:00,BOLU,14,18.310501,6.9605002,0.8,6.725354,53.0,84.090866,932.1059,9.72,Drizzle: Moderate
2006-10-22 21:00:00+00:00,BOLU,14,18.0105,8.9105,2.6000004,5.0911684,55.0,93.59968,932.3252,9.22,Drizzle: Dense
2006-10-23 21:00:00+00:00,BOLU,14,19.8605,8.460501,0.0,5.692099,3.0,84.259514,932.63654,13.2,Overcast
2006-10-24 21:00:00+00:00,BOLU,14,20.510502,7.9105,0.0,6.12,3.0,82.60755,932.6353,12.65,Overcast
2006-10-25 21:00:00+00:00,BOLU,14,16.310501,8.1105,12.0,10.990322,63.0,93.80599,934.7575,5.41,Rain: Moderate
2006-10-26 21:00:00+00:00,BOLU,14,11.910501,7.3105,4.0,8.557102,53.0,94.48667,936.25323,9.0,Drizzle: Moderate
2006-10-27 21:00:00+00:00,BOLU,14,13.2105,6.6605,0.70000005,10.182337,51.0,93.12125,933.6403,6.7,Drizzle: Light
2006-10-28 21:00:00+00:00,BOLU,14,13.910501,6.6605,0.0,7.754637,3.0,85.62,928.147,10.17,Overcast
2006-10-29 21:00:00+00:00,BOLU,14,16.060501,4.9605002,2.1999998,8.557102,53.0,84.97707,920.8238,10.85,Drizzle: Moderate
2006-10-30 21:00:00+00:00,BOLU,14,14.0605,9.4105,5.0,7.491114,53.0,95.05597,924.1037,3.42,Drizzle: Moderate
2006-10-31 21:00:00+00:00,BOLU,14,16.3605,8.5105,1.8000001,10.739833,53.0,89.28205,923.80426,8.59,Drizzle: Moderate
2006-11-01 21:00:00+00:00,BOLU,14,15.6105,8.210501,0.1,7.5942082,51.0,87.570625,924.17993,8.84,Drizzle: Light
2006-11-02 21:00:00+00:00,BOLU,14,12.0105,2.9105,20.100002,10.446206,75.0,93.130394,920.3765,4.27,Snow fall: Heavy
2006-11-03 21:00:00+00:00,BOLU,14,2.6105,-2.7894998,16.8,11.874544,73.0,93.9306,927.92145,6.02,Snow fall: Moderate
2006-11-04 21:00:00+00:00,BOLU,14,0.46050012,-5.9895,1.9000001,14.021525,73.0,77.69869,933.05005,9.81,Snow fall: Moderate
2006-11-05 21:00:00+00:00,BOLU,14,4.3605003,-4.4895,1.5,11.966953,73.0,67.39822,932.56934,11.06,Snow fall: Moderate
2006-11-06 21:00:00+00:00,BOLU,14,6.3605003,0.1105001,5.600001,18.751125,73.0,87.9932,934.58124,5.86,Snow fall: Moderate
2006-11-07 21:00:00+00:00,BOLU,14,9.8605,3.0105002,0.90000004,8.311245,71.0,90.925804,940.15497,7.44,Snow fall: Slight
2006-11-08 21:00:00+00:00,BOLU,14,10.2605,0.5105002,0.0,8.049845,3.0,85.05505,936.85376,11.15,Overcast
2006-11-09 21:00:00+00:00,BOLU,14,12.8105,1.5105002,1.2,9.585739,53.0,81.91416,932.915,11.16,Drizzle: Moderate
2006-11-10 21:00:00+00:00,BOLU,14,6.2105002,1.4605001,10.399999,9.028754,73.0,97.553566,935.4983,3.25,Snow fall: Moderate
2006-11-11 21:00:00+00:00,BOLU,14,8.1105,-1.4894998,0.0,9.178235,3.0,86.05908,930.36334,9.37,Overcast
2006-11-12 21:00:00+00:00,BOLU,14,10.4605,1.3105001,13.5,14.05845,75.0,91.254616,923.8051,5.43,Snow fall: Heavy
2006-11-13 21:00:00+00:00,BOLU,14,5.6105003,0.9605001,1.1,12.605142,71.0,82.21017,930.14575,8.78,Snow fall: Slight
2006-11-14 21:00:00+00:00,BOLU,14,10.1105,1.9605001,0.0,9.511088,3.0,75.401,935.9803,9.09,Overcast
2006-11-15 21:00:00+00:00,BOLU,14,12.9605,0.5105002,0.0,8.534353,0.0,83.371895,937.27435,10.34,Clear sky
2006-11-16 21:00:00+00:00,BOLU,14,14.410501,1.3105001,0.0,9.021574,0.0,77.79195,934.73346,10.27,Clear sky
2006-11-17 21:00:00+00:00,BOLU,14,12.7605,5.1605,0.0,6.519877,2.0,81.44751,936.2116,10.19,Partly cloudy
2006-11-18 21:00:00+00:00,BOLU,14,12.0105,0.41050017,0.0,5.495161,2.0,81.47314,937.15643,9.36,Partly cloudy
2006-11-19 21:00:00+00:00,BOLU,14,12.2605,0.010500193,0.0,7.5685663,3.0,77.11579,933.6385,8.63,Overcast
2006-11-20 21:00:00+00:00,BOLU,14,12.4605,0.9605001,0.0,6.297428,3.0,77.790344,930.50287,8.07,Overcast
2006-11-21 21:00:00+00:00,BOLU,14,12.410501,1.5105002,0.0,10.483357,2.0,83.88979,928.01953,8.6,Partly cloudy
2006-11-22 21:00:00+00:00,BOLU,14,13.8105,1.8105001,0.0,11.435313,3.0,85.97506,929.4318,9.51,Overcast
2006-11-23 21:00:00+00:00,BOLU,14,15.2605,2.1605,0.0,9.19939,0.0,81.50739,933.91925,9.44,Clear sky
2006-11-24 21:00:00+00:00,BOLU,14,15.0605,3.0605001,0.0,6.193674,0.0,77.99824,936.5118,9.5,Clear sky
2006-11-25 21:00:00+00:00,BOLU,14,15.1105,3.3105001,0.0,5.1919937,0.0,75.60636,938.9653,9.31,Clear sky
2006-11-26 21:00:00+00:00,BOLU,14,14.660501,2.7105002,0.0,5.8603754,1.0,70.68371,939.2486,8.59,Mainly clear
2006-11-27 21:00:00+00:00,BOLU,14,13.2105,3.8605,0.0,5.2416787,2.0,69.68949,938.0855,8.51,Partly cloudy
2006-11-28 21:00:00+00:00,BOLU,14,12.0605,2.8105001,0.0,6.162207,3.0,82.42072,937.08075,8.13,Overcast
2006-11-29 21:00:00+00:00,BOLU,14,10.3605,2.4105,0.0,6.725354,3.0,89.07022,940.32184,7.55,Overcast
2006-11-30 21:00:00+00:00,BOLU,14,7.0105,1.6605002,0.0,7.6367526,3.0,86.890785,943.79785,6.6,Overcast
2006-12-01 21:00:00+00:00,BOLU,14,8.7605,-0.28949976,0.0,6.1305785,3.0,83.71397,942.17316,8.41,Overcast
2006-12-02 21:00:00+00:00,BOLU,14,10.2605,-1.1394999,0.0,10.464797,3.0,75.23197,936.7136,8.83,Overcast
2006-12-03 21:00:00+00:00,BOLU,14,10.0105,-0.93949986,0.0,7.9036193,3.0,71.96987,931.7237,8.6,Overcast
2006-12-04 21:00:00+00:00,BOLU,14,8.6105,-0.83949995,0.0,6.28713,3.0,78.428505,930.7647,7.06,Overcast
2006-12-05 21:00:00+00:00,BOLU,14,10.9605,0.41050017,0.0,5.1165614,3.0,82.783745,933.00494,7.6,Overcast
2006-12-06 21:00:00+00:00,BOLU,14,10.8605,1.5605001,0.0,5.8048253,2.0,89.00236,933.92596,7.15,Partly cloudy
2006-12-07 21:00:00+00:00,BOLU,14,11.5105,0.8605001,0.0,7.10031,2.0,86.800224,935.6447,8.34,Partly cloudy
2006-12-08 21:00:00+00:00,BOLU,14,10.160501,-0.68949986,0.0,7.5685663,0.0,78.766365,936.4847,8.61,Clear sky
2006-12-09 21:00:00+00:00,BOLU,14,10.3105,-0.43949986,0.0,8.049845,0.0,73.95626,938.8343,8.63,Clear sky
2006-12-10 21:00:00+00:00,BOLU,14,9.960501,0.91050017,0.0,5.315336,3.0,75.80567,939.90985,6.08,Overcast
2006-12-11 21:00:00+00:00,BOLU,14,7.7605,1.2605002,1.3000001,6.9899354,71.0,88.5158,933.6001,3.47,Snow fall: Slight
2006-12-12 21:00:00+00:00,BOLU,14,7.3105,3.6605,1.0,7.172949,51.0,96.0245,939.5337,2.79,Drizzle: Light
2006-12-13 21:00:00+00:00,BOLU,14,6.4605002,1.6105001,0.2,9.387651,51.0,93.52938,943.30426,5.51,Drizzle: Light
2006-12-14 21:00:00+00:00,BOLU,14,7.1105003,-0.08949995,0.0,6.130579,3.0,83.65757,945.24396,8.43,Overcast
2006-12-15 21:00:00+00:00,BOLU,14,9.460501,-1.0394998,0.0,9.983106,0.0,77.03878,945.03046,8.25,Clear sky
2006-12-16 21:00:00+00:00,BOLU,14,12.5605,-0.53949976,0.0,10.144082,3.0,64.300354,940.32153,8.32,Overcast
2006-12-17 21:00:00+00:00,BOLU,14,13.2105,-0.2394998,0.0,9.178235,3.0,61.110996,934.4201,8.22,Overcast
2006-12-18 21:00:00+00:00,BOLU,14,11.4605,0.6105001,0.0,6.6087217,3.0,66.84067,932.6518,5.83,Overcast
2006-12-19 21:00:00+00:00,BOLU,14,10.5605,2.3105001,4.7999997,4.5536795,73.0,72.40682,933.51807,5.73,Snow fall: Moderate
2006-12-20 21:00:00+00:00,BOLU,14,4.3605003,0.8605001,9.000002,8.654986,73.0,97.15836,937.44965,4.07,Snow fall: Moderate
2006-12-21 21:00:00+00:00,BOLU,14,1.5105002,-3.1394997,0.0,11.27553,3.0,85.516945,942.4736,7.55,Overcast
2006-12-22 21:00:00+00:00,BOLU,14,1.4605001,-3.4895,0.0,6.489992,2.0,80.95092,944.3055,7.36,Partly cloudy
2006-12-23 21:00:00+00:00,BOLU,14,4.4605002,-1.7894998,0.0,5.4833565,3.0,82.01763,941.82745,6.29,Overcast
2006-12-24 21:00:00+00:00,BOLU,14,2.7105002,-1.8395,3.2000003,8.942214,73.0,85.203705,932.24414,5.17,Snow fall: Moderate
2006-12-25 21:00:00+00:00,BOLU,14,-1.5895,-9.589499,14.700002,12.24,75.0,90.28021,932.9179,7.51,Snow fall: Heavy
2006-12-26 21:00:00+00:00,BOLU,14,-5.0394998,-13.5395,3.6,4.510787,73.0,87.72442,938.57446,6.76,Snow fall: Moderate
2006-12-27 21:00:00+00:00,BOLU,14,-1.9394999,-12.089499,0.0,9.178235,71.0,85.03257,938.45966,8.72,Snow fall: Slight
2006-12-28 21:00:00+00:00,BOLU,14,1.0105002,-13.2395,0.0,11.592895,2.0,82.961136,934.9299,9.48,Partly cloudy
2006-12-29 21:00:00+00:00,BOLU,14,2.3105001,-8.2895,0.6,5.692099,71.0,79.872025,941.8701,7.79,Snow fall: Slight
2006-12-30 21:00:00+00:00,BOLU,14,2.1605,-4.6895,0.6,6.151683,71.0,90.435394,945.3855,6.57,Snow fall: Slight
2006-12-31 21:00:00+00:00,BOLU,14,4.8105,-7.3394995,0.0,11.592895,3.0,80.54417,942.4108,9.2,Overcast
2007-01-01 21:00:00+00:00,BOLU,14,6.3605003,-5.3395,0.0,13.049689,3.0,70.58651,933.6369,8.72,Overcast
2007-01-02 21:00:00+00:00,BOLU,14,7.4605002,-0.58949995,11.9,18.532133,73.0,79.42556,927.25934,5.09,Snow fall: Moderate
2007-01-03 21:00:00+00:00,BOLU,14,3.1605,0.1105001,15.199999,6.924738,73.0,97.855804,931.73486,3.09,Snow fall: Moderate
2007-01-04 21:00:00+00:00,BOLU,14,2.2605002,-2.2894998,1.1,8.4042845,71.0,94.43029,929.56494,4.67,Snow fall: Slight
2007-01-05 21:00:00+00:00,BOLU,14,3.3605,-1.0895,0.0,6.6087217,71.0,86.50729,933.84595,8.27,Snow fall: Slight
2007-01-06 21:00:00+00:00,BOLU,14,3.8105001,0.3605001,0.1,6.725354,71.0,84.30338,937.0235,6.66,Snow fall: Slight
2007-01-07 21:00:00+00:00,BOLU,14,5.4605002,-0.7394998,0.0,8.766573,3.0,78.584946,936.22577,8.73,Overcast
2007-01-08 21:00:00+00:00,BOLU,14,7.5105,-0.33949995,0.0,8.534353,0.0,77.29754,937.0151,9.24,Clear sky
2007-01-09 21:00:00+00:00,BOLU,14,6.8605003,0.21050012,0.0,6.9247384,2.0,80.55065,939.8378,7.05,Partly cloudy
2007-01-10 21:00:00+00:00,BOLU,14,7.9605002,-1.8395,0.0,7.8954163,2.0,82.848625,937.26434,9.46,Partly cloudy
2007-01-11 21:00:00+00:00,BOLU,14,4.2105002,-3.7395,0.4,11.503113,71.0,86.33369,929.57477,5.67,Snow fall: Slight
2007-01-12 21:00:00+00:00,BOLU,14,4.7605,-0.33949995,0.0,8.049845,3.0,89.05109,932.4868,3.79,Overcast
2007-01-13 21:00:00+00:00,BOLU,14,6.6605,-0.03949976,0.0,7.42159,3.0,87.30768,936.94916,7.69,Overcast
2007-01-14 21:00:00+00:00,BOLU,14,7.4605002,0.3605001,0.0,8.669949,3.0,90.30158,938.41754,7.63,Overcast
2007-01-15 21:00:00+00:00,BOLU,14,6.5105,0.010500193,0.0,7.42159,2.0,80.25207,941.1846,9.89,Partly cloudy
2007-01-16 21:00:00+00:00,BOLU,14,9.3605,-0.93949986,0.0,7.42159,2.0,60.060883,939.2205,10.09,Partly cloudy
2007-01-17 21:00:00+00:00,BOLU,14,9.3105,-1.4394999,0.0,8.854829,3.0,63.742474,936.42096,9.1,Overcast
2007-01-18 21:00:00+00:00,BOLU,14,9.1605,-1.8395,1.7,15.273505,71.0,69.28404,927.36084,8.88,Snow fall: Slight
2007-01-19 21:00:00+00:00,BOLU,14,4.5105,-1.0394998,26.199999,14.264361,75.0,94.0241,927.6826,8.02,Snow fall: Heavy
2007-01-20 21:00:00+00:00,BOLU,14,4.2605,-9.6395,0.0,11.269782,3.0,84.71427,933.2277,10.38,Overcast
2007-01-21 21:00:00+00:00,BOLU,14,10.7105,-5.1394997,0.0,11.91812,0.0,78.94152,933.85443,10.63,Clear sky
2007-01-22 21:00:00+00:00,BOLU,14,8.0605,-5.0394998,0.0,10.805998,3.0,81.0452,933.46405,10.3,Overcast
2007-01-23 21:00:00+00:00,BOLU,14,8.3105,-1.4894998,0.0,13.358861,3.0,77.56365,928.465,10.28,Overcast
2007-01-24 21:00:00+00:00,BOLU,14,8.5105,-0.6394999,0.0,13.049689,3.0,80.27623,930.23755,8.33,Overcast
2007-01-25 21:00:00+00:00,BOLU,14,9.5105,0.41050017,0.0,11.269782,3.0,79.11921,931.7116,8.1,Overcast
2007-01-26 21:00:00+00:00,BOLU,14,12.0605,1.9105002,5.9000006,14.372974,61.0,75.76122,926.22675,8.78,Rain: Slight
2007-01-27 21:00:00+00:00,BOLU,14,7.2105002,-5.6394997,34.299995,16.870138,75.0,93.65928,926.2867,7.17,Snow fall: Heavy
2007-01-28 21:00:00+00:00,BOLU,14,-1.7394998,-14.4395,1.4000001,11.525623,73.0,83.808914,926.4856,11.76,Snow fall: Moderate
2007-01-29 21:00:00+00:00,BOLU,14,-2.5394998,-10.9895,13.900002,11.457958,75.0,89.535866,925.0004,6.36,Snow fall: Heavy
2007-01-30 21:00:00+00:00,BOLU,14,-1.5895,-12.6895,7.0,13.276144,75.0,89.819435,931.35284,8.73,Snow fall: Heavy
2007-01-31 21:00:00+00:00,BOLU,14,0.56050014,-12.089499,0.0,12.879752,3.0,86.448586,928.96356,12.23,Overcast
2007-02-01 21:00:00+00:00,BOLU,14,2.0105002,-5.0394998,10.2,10.966713,73.0,92.87185,928.1038,7.2,Snow fall: Moderate
2007-02-02 21:00:00+00:00,BOLU,14,-1.7894998,-6.8894997,3.3999999,8.707238,73.0,90.10537,928.6279,11.37,Snow fall: Moderate
2007-02-03 21:00:00+00:00,BOLU,14,-2.1394997,-12.9395,0.2,6.0347,71.0,87.760284,923.0313,8.5,Snow fall: Slight
2007-02-04 21:00:00+00:00,BOLU,14,-2.6394997,-15.1895,0.0,7.42159,3.0,84.25116,924.89264,13.14,Overcast
2007-02-05 21:00:00+00:00,BOLU,14,0.010500193,-16.0895,0.0,8.0899935,3.0,73.845665,923.6494,13.73,Overcast
2007-02-06 21:00:00+00:00,BOLU,14,2.8105001,-14.339499,0.0,11.631956,3.0,75.296715,926.9985,13.61,Overcast
2007-02-07 21:00:00+00:00,BOLU,14,5.6605,-6.9895,0.0,11.753877,3.0,77.26191,930.3425,12.93,Overcast
2007-02-08 21:00:00+00:00,BOLU,14,8.210501,-6.5894995,0.0,10.805998,2.0,78.60469,929.9841,13.09,Partly cloudy
2007-02-09 21:00:00+00:00,BOLU,14,9.6605,-4.3395,0.0,9.19939,3.0,83.700356,929.132,12.96,Overcast
2007-02-10 21:00:00+00:00,BOLU,14,8.8105,-2.7395,0.0,11.119281,3.0,82.70391,928.83154,11.4,Overcast
2007-02-11 21:00:00+00:00,BOLU,14,10.2605,-2.2894998,0.0,10.805998,3.0,76.09299,926.20215,12.32,Overcast
2007-02-12 21:00:00+00:00,BOLU,14,9.1105,-0.2394998,1.4000001,14.081478,71.0,83.72734,923.5276,11.76,Snow fall: Slight
2007-02-13 21:00:00+00:00,BOLU,14,7.2605,1.0605001,1.1,11.681987,53.0,89.61906,920.3987,8.27,Drizzle: Moderate
2007-02-14 21:00:00+00:00,BOLU,14,6.9605002,1.3105001,2.6000001,6.9247384,73.0,95.61411,925.7913,10.22,Snow fall: Moderate
2007-02-15 21:00:00+00:00,BOLU,14,9.8605,1.5105002,0.0,4.1046314,3.0,82.61921,931.0612,10.94,Overcast
2007-02-16 21:00:00+00:00,BOLU,14,6.1605,2.5605001,0.6,7.928178,51.0,92.01825,931.76,7.23,Drizzle: Light
2007-02-17 21:00:00+00:00,BOLU,14,5.8605003,2.6105,0.0,7.5170207,3.0,95.153175,935.36176,7.13,Overcast
2007-02-18 21:00:00+00:00,BOLU,14,9.3105,1.1105001,0.0,6.9899354,3.0,84.56007,932.56244,12.59,Overcast
2007-02-19 21:00:00+00:00,BOLU,14,11.4605,2.2605002,0.0,6.2145634,2.0,82.13275,930.508,13.78,Partly cloudy
2007-02-20 21:00:00+00:00,BOLU,14,12.3105,4.1605,0.0,7.754637,3.0,88.01205,931.2451,11.6,Overcast
2007-02-21 21:00:00+00:00,BOLU,14,11.7105,1.6605002,0.0,7.653705,3.0,80.788086,931.5219,14.47,Overcast
2007-02-22 21:00:00+00:00,BOLU,14,11.2105,0.46050012,3.8000004,9.021574,71.0,87.975136,925.25604,10.3,Snow fall: Slight
2007-02-23 21:00:00+00:00,BOLU,14,2.3105001,-2.5895,1.4000001,12.641076,71.0,84.76304,930.8323,8.59,Snow fall: Slight
2007-02-24 21:00:00+00:00,BOLU,14,7.0105,-1.6894999,0.0,5.815978,2.0,62.654926,930.19116,16.01,Partly cloudy
2007-02-25 21:00:00+00:00,BOLU,14,7.0605,0.16050017,0.0,6.618519,2.0,69.8131,928.9693,14.32,Partly cloudy
2007-02-26 21:00:00+00:00,BOLU,14,11.0105,-1.1894999,0.0,7.491114,3.0,68.20527,925.5629,14.59,Overcast
2007-02-27 21:00:00+00:00,BOLU,14,7.7605,0.9605001,3.8,8.707237,73.0,89.92774,923.5705,6.13,Snow fall: Moderate
2007-02-28 21:00:00+00:00,BOLU,14,9.710501,2.3105001,0.5,9.693296,51.0,87.85516,928.0274,8.81,Drizzle: Light
2007-03-01 21:00:00+00:00,BOLU,14,13.9605,-0.2394998,0.0,9.585739,3.0,76.4065,927.7754,14.5,Overcast
2007-03-02 21:00:00+00:00,BOLU,14,10.660501,1.9105002,11.399999,10.495713,63.0,95.06531,927.18823,5.46,Rain: Moderate
2007-03-03 21:00:00+00:00,BOLU,14,12.410501,0.41050017,11.900001,9.931042,73.0,91.203026,927.0996,8.97,Snow fall: Moderate
2007-03-04 21:00:00+00:00,BOLU,14,5.5605,1.8105001,11.799999,11.720751,73.0,96.40601,933.48975,9.24,Snow fall: Moderate
2007-03-05 21:00:00+00:00,BOLU,14,7.6605,0.21050012,1.8,10.163227,71.0,83.942894,940.08765,14.57,Snow fall: Slight
2007-03-06 21:00:00+00:00,BOLU,14,11.5105,-1.0895,0.0,6.6087217,3.0,71.19124,934.9018,17.91,Overcast
2007-03-07 21:00:00+00:00,BOLU,14,13.3105,-0.4894998,0.0,6.830519,3.0,76.26154,929.7705,17.56,Overcast
2007-03-08 21:00:00+00:00,BOLU,14,11.410501,1.2605002,0.0,7.42159,3.0,78.17255,932.4007,14.03,Overcast
2007-03-09 21:00:00+00:00,BOLU,14,14.9605,1.4605001,0.0,6.28713,3.0,80.75231,933.7571,15.04,Overcast
2007-03-10 21:00:00+00:00,BOLU,14,11.2105,3.2105002,0.0,7.968939,3.0,89.53059,933.5681,7.78,Overcast
2007-03-11 21:00:00+00:00,BOLU,14,7.6105003,1.3605001,1.0,9.360001,71.0,87.16113,934.5617,12.96,Snow fall: Slight
2007-03-12 21:00:00+00:00,BOLU,14,3.9105,-3.0895,9.300001,12.904882,73.0,91.18402,930.7776,11.13,Snow fall: Moderate
2007-03-13 21:00:00+00:00,BOLU,14,2.9105,-3.2894998,10.8,16.263872,73.0,91.264366,927.63226,13.41,Snow fall: Moderate
2007-03-14 21:00:00+00:00,BOLU,14,3.2605002,-2.3894997,5.299999,14.154915,73.0,91.52323,929.7273,11.41,Snow fall: Moderate
2007-03-15 21:00:00+00:00,BOLU,14,3.9105,-1.7894998,1.8000001,10.163227,71.0,87.005165,932.3962,12.36,Snow fall: Slight
2007-03-16 21:00:00+00:00,BOLU,14,6.3605003,-0.8894999,0.0,8.587338,2.0,75.20242,931.5734,19.45,Partly cloudy
2007-03-17 21:00:00+00:00,BOLU,14,9.1105,2.7105002,0.3,18.556595,51.0,77.56807,927.0935,14.32,Drizzle: Light
2007-03-18 21:00:00+00:00,BOLU,14,15.410501,1.3605001,0.0,9.83268,1.0,74.821815,922.5335,18.86,Mainly clear
2007-03-19 21:00:00+00:00,BOLU,14,16.2605,0.7605002,0.5,10.08,51.0,68.321526,922.11383,19.75,Drizzle: Light
2007-03-20 21:00:00+00:00,BOLU,14,18.210499,2.3105001,0.0,18.998314,3.0,63.968792,923.9346,20.58,Overcast
2007-03-21 21:00:00+00:00,BOLU,14,16.310501,3.4105,0.0,16.394829,3.0,63.967926,926.0339,10.08,Overcast
2007-03-22 21:00:00+00:00,BOLU,14,21.6605,5.8605003,12.000001,29.268686,73.0,58.79533,918.5073,15.63,Snow fall: Moderate
2007-03-23 21:00:00+00:00,BOLU,14,12.3605,1.1105001,8.8,8.39657,73.0,87.428734,922.49677,16.79,Snow fall: Moderate
2007-03-24 21:00:00+00:00,BOLU,14,9.710501,1.8105001,5.0,9.085988,71.0,96.10287,930.8565,13.86,Snow fall: Slight
2007-03-25 21:00:00+00:00,BOLU,14,7.0605,1.2605002,1.2,10.538843,51.0,86.93676,932.7949,16.11,Drizzle: Light
2007-03-26 21:00:00+00:00,BOLU,14,6.0105,-0.08949995,0.1,10.739833,51.0,82.2843,932.89276,16.35,Drizzle: Light
2007-03-27 21:00:00+00:00,BOLU,14,8.2605,-0.33949995,0.0,8.654986,3.0,80.21509,934.8162,16.33,Overcast
2007-03-28 21:00:00+00:00,BOLU,14,9.3105,0.31050014,0.0,7.4128532,3.0,82.28442,935.8416,17.25,Overcast
2007-03-29 21:00:00+00:00,BOLU,14,15.2105,0.6105001,2.6999998,6.638072,53.0,74.99281,933.02344,18.51,Drizzle: Moderate
2007-03-30 21:00:00+00:00,BOLU,14,14.8605,1.8605001,7.7,9.290511,61.0,83.84637,927.7011,11.56,Rain: Slight
2007-03-31 21:00:00+00:00,BOLU,14,7.3105,1.3605001,15.6,14.145756,73.0,93.57192,932.2344,8.38,Snow fall: Moderate
2007-04-01 21:00:00+00:00,BOLU,14,8.1605,-0.43949986,1.3000002,12.979984,73.0,86.92329,935.31146,18.54,Snow fall: Moderate
2007-04-02 21:00:00+00:00,BOLU,14,8.6605,1.3605001,1.3,8.557102,71.0,82.1762,928.866,18.96,Snow fall: Slight
2007-04-03 21:00:00+00:00,BOLU,14,12.0105,0.060500145,0.0,7.8625183,3.0,70.0696,925.8797,20.63,Overcast
2007-04-04 21:00:00+00:00,BOLU,14,11.910501,0.31050014,0.7,10.990322,71.0,77.97234,925.44165,13.08,Snow fall: Slight
2007-04-05 21:00:00+00:00,BOLU,14,12.3105,4.6105003,4.9999995,8.534353,55.0,88.32541,929.9678,15.26,Drizzle: Dense
2007-04-06 21:00:00+00:00,BOLU,14,14.4605,3.1605,0.0,10.182337,2.0,74.15689,930.33466,23.17,Partly cloudy
2007-04-07 21:00:00+00:00,BOLU,14,15.1105,3.1605,0.1,11.609651,51.0,74.88036,929.1396,22.84,Drizzle: Light
2007-04-08 21:00:00+00:00,BOLU,14,12.4605,4.3605003,0.3,12.849528,51.0,73.69977,930.6912,20.91,Drizzle: Light
2007-04-09 21:00:00+00:00,BOLU,14,13.660501,2.9605002,0.0,10.594036,1.0,70.51864,930.2585,23.46,Mainly clear
2007-04-10 21:00:00+00:00,BOLU,14,13.9605,1.3605001,1.1,10.685391,51.0,74.69168,928.0528,19.28,Drizzle: Light
2007-04-11 21:00:00+00:00,BOLU,14,12.410501,0.8605001,0.0,14.113653,2.0,77.841576,932.3408,23.53,Partly cloudy
2007-04-12 21:00:00+00:00,BOLU,14,11.8605,2.4105,0.5,14.007655,51.0,81.996346,934.69257,19.92,Drizzle: Light
2007-04-13 21:00:00+00:00,BOLU,14,10.0605,1.3105001,0.0,13.138765,3.0,72.81541,934.70123,25.11,Overcast
2007-04-14 21:00:00+00:00,BOLU,14,8.7605,2.7605002,2.6,14.4,73.0,78.35636,930.96844,19.7,Snow fall: Moderate
2007-04-15 21:00:00+00:00,BOLU,14,6.8105,1.2605002,3.3,10.829958,71.0,83.08219,933.72144,19.29,Snow fall: Slight
2007-04-16 21:00:00+00:00,BOLU,14,10.910501,-0.78949976,0.0,9.178235,3.0,72.48727,931.57404,23.96,Overcast
2007-04-17 21:00:00+00:00,BOLU,14,8.6605,1.3605001,0.9,15.509274,71.0,81.34543,928.00995,20.7,Snow fall: Slight
2007-04-18 21:00:00+00:00,BOLU,14,8.960501,-0.9894998,4.3,18.089775,71.0,84.80667,928.6766,12.15,Snow fall: Slight
2007-04-19 21:00:00+00:00,BOLU,14,11.2105,-0.68949986,0.2,9.826088,71.0,74.36364,932.76666,25.32,Snow fall: Slight
2007-04-20 21:00:00+00:00,BOLU,14,17.810501,0.6105001,0.0,9.449572,0.0,62.949345,933.20636,26.08,Clear sky
2007-04-21 21:00:00+00:00,BOLU,14,18.3605,3.5605001,0.6,8.654987,51.0,73.478424,933.81744,24.23,Drizzle: Light
2007-04-22 21:00:00+00:00,BOLU,14,10.5105,3.9105,0.0,15.893093,3.0,73.668106,937.5444,25.86,Overcast
2007-04-23 21:00:00+00:00,BOLU,14,13.9605,0.7605002,0.0,9.605998,0.0,64.38668,933.49347,26.63,Clear sky
2007-04-24 21:00:00+00:00,BOLU,14,16.7605,1.1105001,0.0,8.854829,3.0,70.19564,930.19336,26.07,Overcast
2007-04-25 21:00:00+00:00,BOLU,14,15.910501,3.6605,0.6,8.759178,51.0,80.03973,933.0889,20.59,Drizzle: Light
2007-04-26 21:00:00+00:00,BOLU,14,13.8105,6.2105002,2.3000002,9.178235,53.0,90.77059,934.6919,17.47,Drizzle: Moderate
2007-04-27 21:00:00+00:00,BOLU,14,14.660501,5.2105002,3.8,8.647496,55.0,87.27274,931.7039,18.31,Drizzle: Dense
2007-04-28 21:00:00+00:00,BOLU,14,12.2605,6.0105,0.1,11.966954,51.0,86.56083,926.3076,17.51,Drizzle: Light
2007-04-29 21:00:00+00:00,BOLU,14,15.3605,1.1605002,0.9,15.042659,51.0,80.5855,925.8256,21.99,Drizzle: Light
2007-04-30 21:00:00+00:00,BOLU,14,18.8605,4.6605,1.9,8.854829,53.0,80.45467,926.9946,19.41,Drizzle: Moderate
2007-05-01 21:00:00+00:00,BOLU,14,16.460499,7.2605,14.299999,8.669949,63.0,89.276276,930.02277,17.73,Rain: Moderate
2007-05-02 21:00:00+00:00,BOLU,14,16.460499,6.5105,0.1,6.8777895,51.0,80.014046,932.7331,24.43,Drizzle: Light
2007-05-03 21:00:00+00:00,BOLU,14,18.210499,5.3605003,0.0,9.114471,3.0,77.44454,930.65826,26.36,Overcast
2007-05-04 21:00:00+00:00,BOLU,14,23.1105,5.6605,0.0,6.638072,3.0,73.07129,931.7454,26.68,Overcast
2007-05-05 21:00:00+00:00,BOLU,14,28.4105,9.5105,0.0,7.653705,3.0,64.596085,932.56573,26.95,Overcast
2007-05-06 21:00:00+00:00,BOLU,14,29.510502,10.6105,0.0,9.085988,3.0,65.46478,928.88226,25.52,Overcast
2007-05-07 21:00:00+00:00,BOLU,14,22.710499,13.6105,5.5,9.793059,61.0,79.49746,927.1836,14.28,Rain: Slight
2007-05-08 21:00:00+00:00,BOLU,14,20.960499,12.0605,0.2,8.905908,51.0,76.58683,929.22925,24.62,Drizzle: Light
2007-05-09 21:00:00+00:00,BOLU,14,20.260502,10.9605,0.0,11.966954,2.0,72.90308,931.1804,26.41,Partly cloudy
2007-05-10 21:00:00+00:00,BOLU,14,19.6605,6.8105,0.0,11.212135,2.0,76.26821,931.3155,27.66,Partly cloudy
2007-05-11 21:00:00+00:00,BOLU,14,21.510502,7.9105,0.0,9.6932955,2.0,75.502495,928.2535,27.53,Partly cloudy
2007-05-12 21:00:00+00:00,BOLU,14,21.1605,7.9105,0.0,11.885453,3.0,70.59548,930.6119,27.74,Overcast
2007-05-13 21:00:00+00:00,BOLU,14,23.1105,9.5105,0.0,11.792404,1.0,61.825653,933.7983,28.3,Mainly clear
2007-05-14 21:00:00+00:00,BOLU,14,25.210499,8.210501,0.0,7.2359104,1.0,72.861046,931.1101,27.89,Mainly clear
2007-05-15 21:00:00+00:00,BOLU,14,27.560501,9.9105,0.1,6.3690495,51.0,70.0632,928.5301,27.54,Drizzle: Light
2007-05-16 21:00:00+00:00,BOLU,14,28.260502,11.3105,0.0,6.4096174,3.0,69.66285,926.10895,25.01,Overcast
2007-05-17 21:00:00+00:00,BOLU,14,23.060501,15.8605,2.7000003,8.287822,53.0,76.356804,926.2356,13.62,Drizzle: Moderate
2007-05-18 21:00:00+00:00,BOLU,14,26.1105,11.910501,0.8,9.693296,53.0,67.92765,929.7781,25.04,Drizzle: Moderate
2007-05-19 21:00:00+00:00,BOLU,14,28.960499,13.2105,7.6000004,12.984975,61.0,65.877815,927.955,21.72,Rain: Slight
2007-05-20 21:00:00+00:00,BOLU,14,21.6605,13.4605,8.1,7.8625183,63.0,75.36232,928.5396,21.56,Rain: Moderate
2007-05-21 21:00:00+00:00,BOLU,14,21.6605,12.5605,14.1,8.225035,63.0,87.28472,926.9153,20.85,Rain: Moderate
2007-05-22 21:00:00+00:00,BOLU,14,22.8605,11.8605,0.1,7.5942082,51.0,82.04374,926.18207,23.83,Drizzle: Light
2007-05-23 21:00:00+00:00,BOLU,14,23.310501,11.6105,3.1999998,7.42159,61.0,87.92706,927.10474,23.62,Rain: Slight
2007-05-24 21:00:00+00:00,BOLU,14,25.310501,13.660501,2.4,6.5693827,61.0,80.094604,928.3702,25.96,Rain: Slight
2007-05-25 21:00:00+00:00,BOLU,14,25.310501,11.5605,11.0,7.5942082,63.0,83.18709,926.1618,23.81,Rain: Moderate
2007-05-26 21:00:00+00:00,BOLU,14,24.010502,14.6105,3.1,5.4477882,61.0,85.87125,926.9117,23.39,Rain: Slight
2007-05-27 21:00:00+00:00,BOLU,14,24.260502,14.660501,2.4,6.130579,55.0,83.84552,925.50323,24.74,Drizzle: Dense
2007-05-28 21:00:00+00:00,BOLU,14,21.510502,14.3605,11.900001,5.634891,61.0,87.88416,925.45355,17.18,Rain: Slight
2007-05-29 21:00:00+00:00,BOLU,14,25.3605,11.1105,0.2,7.5685663,51.0,76.8338,926.27875,25.18,Drizzle: Light
2007-05-30 21:00:00+00:00,BOLU,14,24.060501,14.7105,1.5000001,9.726664,53.0,85.86035,926.9448,21.47,Drizzle: Moderate
2007-05-31 21:00:00+00:00,BOLU,14,19.760502,14.1105,1.3,9.114471,53.0,89.41503,930.1679,21.16,Drizzle: Moderate
2007-06-01 21:00:00+00:00,BOLU,14,22.210499,11.660501,0.0,9.3669195,3.0,80.416756,931.5788,28.05,Overcast
2007-06-02 21:00:00+00:00,BOLU,14,24.1605,11.3605,0.4,9.72,51.0,78.99969,932.79736,28.35,Drizzle: Light
2007-06-03 21:00:00+00:00,BOLU,14,25.810501,11.9605,0.0,9.360001,3.0,76.855,932.34985,27.17,Overcast
2007-06-04 21:00:00+00:00,BOLU,14,28.810501,13.160501,0.5,6.1094027,53.0,70.67385,930.2661,26.24,Drizzle: Moderate
2007-06-05 21:00:00+00:00,BOLU,14,24.6105,15.9605,11.700001,5.5887027,63.0,87.80927,926.22955,18.28,Rain: Moderate
2007-06-06 21:00:00+00:00,BOLU,14,19.560501,13.8605,29.300001,10.041354,63.0,95.42675,924.3378,14.04,Rain: Moderate
2007-06-07 21:00:00+00:00,BOLU,14,18.9105,12.1105,27.900002,11.928989,63.0,95.48181,928.05786,19.53,Rain: Moderate
2007-06-08 21:00:00+00:00,BOLU,14,20.960499,9.0105,0.0,10.440001,3.0,79.68778,930.1377,28.36,Overcast
2007-06-09 21:00:00+00:00,BOLU,14,23.810501,10.8105,8.6,5.8603754,61.0,83.86548,929.03094,20.08,Rain: Slight
2007-06-10 21:00:00+00:00,BOLU,14,17.0105,13.2105,7.7999997,10.239453,55.0,87.12983,927.55493,17.28,Drizzle: Dense
2007-06-11 21:00:00+00:00,BOLU,14,20.210499,11.7605,1.0,6.9247384,51.0,82.6195,927.22284,23.02,Drizzle: Light
2007-06-12 21:00:00+00:00,BOLU,14,24.6605,10.5605,0.0,6.830519,2.0,74.2965,928.5745,30.03,Partly cloudy
2007-06-13 21:00:00+00:00,BOLU,14,25.960499,13.3105,0.0,8.209263,2.0,76.59786,929.9258,27.69,Partly cloudy
2007-06-14 21:00:00+00:00,BOLU,14,26.460499,13.6105,1.6,7.771331,55.0,77.99965,929.4634,26.14,Drizzle: Dense
2007-06-15 21:00:00+00:00,BOLU,14,25.6105,15.7105,0.1,9.346143,51.0,78.0505,928.1697,26.65,Drizzle: Light
2007-06-16 21:00:00+00:00,BOLU,14,24.9105,16.1105,0.0,10.538843,3.0,78.24065,927.46014,28.17,Overcast
2007-06-17 21:00:00+00:00,BOLU,14,23.9105,13.3105,0.1,11.27553,51.0,75.03819,928.8139,28.57,Drizzle: Light
2007-06-18 21:00:00+00:00,BOLU,14,22.810501,14.2105,0.0,12.57426,2.0,74.31559,930.6425,25.58,Partly cloudy
2007-06-19 21:00:00+00:00,BOLU,14,23.6605,15.6105,0.4,11.874544,51.0,71.35694,931.0469,26.29,Drizzle: Light
2007-06-20 21:00:00+00:00,BOLU,14,21.810501,14.9605,0.0,14.154915,2.0,79.46383,932.80225,25.66,Partly cloudy
2007-06-21 21:00:00+00:00,BOLU,14,25.060501,10.7605,0.0,7.172949,3.0,70.37967,932.4526,30.13,Overcast
2007-06-22 21:00:00+00:00,BOLU,14,28.3605,13.7105,0.0,8.287822,0.0,62.97072,932.59357,29.64,Clear sky
2007-06-23 21:00:00+00:00,BOLU,14,28.8605,18.260502,0.0,12.475961,3.0,67.612404,933.1364,26.4,Overcast
2007-06-24 21:00:00+00:00,BOLU,14,26.810501,16.710499,0.0,10.308831,3.0,70.71831,933.6547,29.61,Overcast
2007-06-25 21:00:00+00:00,BOLU,14,30.3605,15.160501,0.0,11.019764,0.0,63.634945,928.2336,29.07,Clear sky
2007-06-26 21:00:00+00:00,BOLU,14,32.6605,17.8605,0.1,8.714677,51.0,53.54848,927.51776,27.3,Drizzle: Light
2007-06-27 21:00:00+00:00,BOLU,14,33.2105,16.210499,0.4,11.269782,51.0,61.843327,926.0874,27.76,Drizzle: Light
2007-06-28 21:00:00+00:00,BOLU,14,22.560501,16.2605,3.3999999,11.609651,53.0,85.21308,929.9257,20.92,Drizzle: Moderate
2007-06-29 21:00:00+00:00,BOLU,14,21.460499,13.910501,0.0,17.106628,3.0,77.440765,931.22894,25.59,Overcast
2007-06-30 21:00:00+00:00,BOLU,14,22.710499,13.1105,0.0,17.015474,2.0,74.537186,931.46313,26.82,Partly cloudy
2007-07-01 21:00:00+00:00,BOLU,14,23.9105,12.2105,0.0,14.799459,0.0,69.87932,931.4685,29.42,Clear sky
2007-07-02 21:00:00+00:00,BOLU,14,27.6605,11.8605,0.0,9.0645685,0.0,69.92104,929.8782,29.49,Clear sky
2007-07-03 21:00:00+00:00,BOLU,14,29.710499,14.160501,0.0,9.6932955,1.0,66.39438,927.3631,29.04,Mainly clear
2007-07-04 21:00:00+00:00,BOLU,14,32.9105,14.8605,0.0,8.350138,0.0,58.034054,924.5991,29.51,Clear sky
2007-07-05 21:00:00+00:00,BOLU,14,24.6105,14.0605,5.8999996,11.4862,61.0,84.85984,926.80835,21.14,Rain: Slight
2007-07-06 21:00:00+00:00,BOLU,14,22.060501,10.8605,0.0,10.966713,2.0,68.89137,932.48755,28.36,Partly cloudy
2007-07-07 21:00:00+00:00,BOLU,14,25.510502,13.410501,0.0,12.620554,0.0,55.80807,934.9637,29.69,Clear sky
2007-07-08 21:00:00+00:00,BOLU,14,28.1605,11.8105,0.0,12.7279215,0.0,56.63646,932.37177,29.76,Clear sky
2007-07-09 21:00:00+00:00,BOLU,14,30.3605,13.160501,0.0,8.225035,1.0,58.558544,928.0737,29.6,Mainly clear
2007-07-10 21:00:00+00:00,BOLU,14,31.460499,15.4605,0.0,9.387651,0.0,55.1729,925.9615,29.74,Clear sky
2007-07-11 21:00:00+00:00,BOLU,14,31.010502,16.8605,0.2,12.387348,51.0,59.161503,925.8816,28.44,Drizzle: Light
2007-07-12 21:00:00+00:00,BOLU,14,22.560501,14.660501,4.9,17.731598,53.0,81.49203,930.0085,21.01,Drizzle: Moderate
2007-07-13 21:00:00+00:00,BOLU,14,19.810501,13.0105,1.0,14.799459,53.0,83.097694,933.4555,19.67,Drizzle: Moderate
2007-07-14 21:00:00+00:00,BOLU,14,21.510502,12.2105,0.0,17.873556,2.0,75.62287,935.8457,24.97,Partly cloudy
2007-07-15 21:00:00+00:00,BOLU,14,22.560501,12.7605,0.0,16.862455,2.0,75.34091,936.53705,25.53,Partly cloudy
2007-07-16 21:00:00+00:00,BOLU,14,26.510502,12.4605,0.0,14.81259,1.0,68.98986,936.08276,28.28,Mainly clear
2007-07-17 21:00:00+00:00,BOLU,14,28.560501,14.8605,0.4,16.375053,51.0,59.9099,935.6412,26.67,Drizzle: Light
2007-07-18 21:00:00+00:00,BOLU,14,29.1105,19.1105,0.0,13.797912,0.0,55.314026,934.45996,28.71,Clear sky
2007-07-19 21:00:00+00:00,BOLU,14,30.460499,15.4605,0.0,11.874544,2.0,66.94343,931.6674,27.4,Partly cloudy
2007-07-20 21:00:00+00:00,BOLU,14,31.1605,17.1105,0.0,11.525623,2.0,70.247025,930.607,25.97,Partly cloudy
2007-07-21 21:00:00+00:00,BOLU,14,31.760502,17.8605,0.0,11.609651,2.0,68.51174,929.78253,27.26,Partly cloudy
2007-07-22 21:00:00+00:00,BOLU,14,33.6605,18.1605,0.2,10.853866,51.0,64.623604,929.33624,27.0,Drizzle: Light
2007-07-23 21:00:00+00:00,BOLU,14,32.4605,18.760502,0.0,12.0694,0.0,55.529694,929.55084,28.5,Clear sky
2007-07-24 21:00:00+00:00,BOLU,14,34.7605,17.060501,0.0,10.028439,0.0,46.10443,927.4777,28.7,Clear sky
2007-07-25 21:00:00+00:00,BOLU,14,31.960499,21.460499,0.0,13.797912,2.0,48.590363,930.11505,26.74,Partly cloudy
2007-07-26 21:00:00+00:00,BOLU,14,31.210499,19.260502,0.1,11.879999,51.0,74.65619,931.4134,24.25,Drizzle: Light
2007-07-27 21:00:00+00:00,BOLU,14,29.3605,18.6105,0.0,12.57426,3.0,75.1541,930.7137,21.8,Overcast
2007-07-28 21:00:00+00:00,BOLU,14,31.510502,16.310501,0.0,10.587918,2.0,67.28828,928.4914,25.71,Partly cloudy
2007-07-29 21:00:00+00:00,BOLU,14,32.9105,17.8605,0.0,9.826088,3.0,63.75717,926.34766,26.6,Overcast
2007-07-30 21:00:00+00:00,BOLU,14,33.1105,19.760502,0.6,10.799999,53.0,62.61662,927.3855,24.09,Drizzle: Moderate
2007-07-31 21:00:00+00:00,BOLU,14,32.5105,20.260502,1.8000002,9.255571,55.0,71.16599,927.7485,23.9,Drizzle: Dense
2007-08-01 21:00:00+00:00,BOLU,14,20.560501,16.210499,28.500002,10.495713,63.0,92.21878,931.0295,13.59,Rain: Moderate
2007-08-02 21:00:00+00:00,BOLU,14,25.810501,13.5605,0.0,11.5199995,3.0,77.70594,932.5107,23.54,Overcast
2007-08-03 21:00:00+00:00,BOLU,14,28.010502,15.2605,0.5,10.594036,53.0,77.646355,929.2154,24.72,Drizzle: Moderate
2007-08-04 21:00:00+00:00,BOLU,14,30.310501,16.4105,0.0,7.628263,3.0,72.854385,924.9106,23.13,Overcast
2007-08-05 21:00:00+00:00,BOLU,14,32.0105,18.310501,0.2,7.289445,51.0,68.10276,922.69794,24.12,Drizzle: Light
2007-08-06 21:00:00+00:00,BOLU,14,25.4105,17.810501,0.3,8.39657,51.0,80.40118,925.19073,20.6,Drizzle: Light
2007-08-07 21:00:00+00:00,BOLU,14,26.710499,16.060501,0.0,10.514218,3.0,73.07388,928.0489,24.69,Overcast
2007-08-08 21:00:00+00:00,BOLU,14,27.6105,15.7605,0.0,11.440979,1.0,70.597725,927.7083,24.71,Mainly clear
2007-08-09 21:00:00+00:00,BOLU,14,29.4105,16.710499,0.0,10.829959,0.0,66.81498,927.77435,26.27,Clear sky
2007-08-10 21:00:00+00:00,BOLU,14,33.9605,16.0105,0.0,6.0347,1.0,59.824924,926.9378,26.4,Mainly clear
2007-08-11 21:00:00+00:00,BOLU,14,32.2105,19.1605,0.0,10.703569,2.0,58.53473,925.043,24.81,Partly cloudy
2007-08-12 21:00:00+00:00,BOLU,14,27.8605,18.6105,0.1,11.841756,51.0,68.10777,927.2314,23.5,Drizzle: Light
2007-08-13 21:00:00+00:00,BOLU,14,27.960499,17.310501,0.0,11.770403,3.0,73.56523,928.42474,24.39,Overcast
2007-08-14 21:00:00+00:00,BOLU,14,27.1105,15.910501,0.0,12.371645,2.0,70.73835,928.9172,24.43,Partly cloudy
2007-08-15 21:00:00+00:00,BOLU,14,27.460499,15.0105,0.0,14.04,3.0,72.063484,930.3523,23.84,Overcast
2007-08-16 21:00:00+00:00,BOLU,14,26.9105,15.5605,0.0,14.799459,2.0,72.282875,931.32227,24.61,Partly cloudy
2007-08-17 21:00:00+00:00,BOLU,14,29.9105,15.2105,0.0,13.039754,3.0,71.98806,929.3054,24.06,Overcast
2007-08-18 21:00:00+00:00,BOLU,14,29.4105,17.7605,0.8,10.538843,51.0,68.75644,927.0308,21.36,Drizzle: Light
2007-08-19 21:00:00+00:00,BOLU,14,30.6105,18.710499,0.1,8.714677,51.0,63.140903,927.39716,23.15,Drizzle: Light
2007-08-20 21:00:00+00:00,BOLU,14,31.310501,19.010502,0.0,10.685391,2.0,64.57124,930.6691,24.43,Partly cloudy
2007-08-21 21:00:00+00:00,BOLU,14,30.060501,18.6605,0.0,12.783802,0.0,51.859623,933.8752,25.19,Clear sky
2007-08-22 21:00:00+00:00,BOLU,14,29.1605,17.7605,0.0,15.941944,1.0,62.87961,935.2641,23.72,Mainly clear
2007-08-23 21:00:00+00:00,BOLU,14,27.760502,18.1605,1.2,18.289274,53.0,76.17351,935.83765,21.81,Drizzle: Moderate
2007-08-24 21:00:00+00:00,BOLU,14,27.310501,17.810501,1.0,15.905319,53.0,77.46834,935.3997,21.5,Drizzle: Moderate
2007-08-25 21:00:00+00:00,BOLU,14,27.3605,17.460499,0.90000004,12.964998,51.0,75.28283,933.0395,21.21,Drizzle: Light
2007-08-26 21:00:00+00:00,BOLU,14,24.4105,17.560501,8.0,11.367109,63.0,85.60492,930.49243,14.63,Rain: Moderate
2007-08-27 21:00:00+00:00,BOLU,14,25.1105,17.560501,7.6000004,6.9247384,63.0,87.971016,930.8057,14.77,Rain: Moderate
2007-08-28 21:00:00+00:00,BOLU,14,25.1105,16.210499,3.7,8.0899935,61.0,88.81484,932.2273,16.99,Rain: Slight
2007-08-29 21:00:00+00:00,BOLU,14,28.4105,15.2105,0.0,10.041354,3.0,75.97228,932.1731,22.76,Overcast
2007-08-30 21:00:00+00:00,BOLU,14,32.4105,15.0105,0.0,10.041354,1.0,56.013504,931.4184,23.5,Mainly clear
2007-08-31 21:00:00+00:00,BOLU,14,33.2605,17.1105,0.0,6.638072,0.0,50.053497,930.3663,22.79,Clear sky
2007-09-01 21:00:00+00:00,BOLU,14,28.760502,19.010502,2.3000002,9.793058,53.0,69.381355,929.9135,16.31,Drizzle: Moderate
2007-09-02 21:00:00+00:00,BOLU,14,30.8605,18.460499,1.1,8.4042845,53.0,76.12062,928.5818,20.02,Drizzle: Moderate
2007-09-03 21:00:00+00:00,BOLU,14,27.1605,19.3605,3.1000001,7.5942073,55.0,85.72568,928.1871,17.15,Drizzle: Dense
2007-09-04 21:00:00+00:00,BOLU,14,30.4105,18.1105,0.5,6.12,53.0,73.396,927.9978,19.8,Drizzle: Moderate
2007-09-05 21:00:00+00:00,BOLU,14,29.1105,18.4105,0.0,11.753877,3.0,72.449,929.8471,21.59,Overcast
2007-09-06 21:00:00+00:00,BOLU,14,24.8605,16.4105,6.9000006,8.373386,55.0,80.5684,927.4306,14.79,Drizzle: Dense
2007-09-07 21:00:00+00:00,BOLU,14,20.210499,12.3605,4.1,12.641076,61.0,81.58406,923.8418,14.56,Rain: Slight
2007-09-08 21:00:00+00:00,BOLU,14,19.460499,10.5605,0.2,14.291592,51.0,75.25761,927.3737,18.94,Drizzle: Light
2007-09-09 21:00:00+00:00,BOLU,14,21.760502,9.7605,0.0,12.313894,2.0,72.79441,932.0682,20.92,Partly cloudy
2007-09-10 21:00:00+00:00,BOLU,14,25.010502,10.0105,0.0,5.8603754,0.0,63.382244,931.6755,21.34,Clear sky
2007-09-11 21:00:00+00:00,BOLU,14,25.460499,12.8105,1.1,10.514218,51.0,62.73097,930.3027,20.66,Drizzle: Light
2007-09-12 21:00:00+00:00,BOLU,14,19.210499,11.7605,2.1,20.240198,51.0,80.451385,931.8825,17.35,Drizzle: Light
2007-09-13 21:00:00+00:00,BOLU,14,19.560501,11.5605,0.90000004,11.659777,51.0,73.2405,936.2652,18.1,Drizzle: Light
2007-09-14 21:00:00+00:00,BOLU,14,24.560501,8.460501,0.0,8.287822,3.0,68.88076,932.5432,18.89,Overcast
2007-09-15 21:00:00+00:00,BOLU,14,18.1105,11.2105,1.3000001,14.081477,51.0,82.85827,935.09955,14.34,Drizzle: Light
2007-09-16 21:00:00+00:00,BOLU,14,22.3605,6.7105002,0.0,9.826088,3.0,60.353607,936.96173,20.72,Overcast
2007-09-17 21:00:00+00:00,BOLU,14,26.210499,8.8605,0.0,7.0911775,0.0,50.994904,933.44574,20.48,Clear sky
2007-09-18 21:00:00+00:00,BOLU,14,26.760502,12.5605,0.0,8.714677,2.0,56.687275,931.2342,19.68,Partly cloudy
2007-09-19 21:00:00+00:00,BOLU,14,25.760502,12.6105,0.0,10.636766,2.0,59.639057,932.1069,19.02,Partly cloudy
2007-09-20 21:00:00+00:00,BOLU,14,21.560501,12.5105,2.7,12.496719,53.0,83.70826,934.16693,14.04,Drizzle: Moderate
2007-09-21 21:00:00+00:00,BOLU,14,20.710499,14.0105,6.0,11.212135,53.0,86.67928,934.9356,12.21,Drizzle: Moderate
2007-09-22 21:00:00+00:00,BOLU,14,18.0105,12.0105,2.0000002,14.113653,51.0,87.70754,934.8211,12.32,Drizzle: Light
2007-09-23 21:00:00+00:00,BOLU,14,17.0105,10.8605,1.2,10.495713,51.0,77.6214,933.7006,15.43,Drizzle: Light
2007-09-24 21:00:00+00:00,BOLU,14,18.960499,10.6105,0.2,6.1305785,51.0,78.447716,933.02313,12.56,Drizzle: Light
2007-09-25 21:00:00+00:00,BOLU,14,25.810501,7.8605003,0.0,7.4128532,3.0,55.84958,933.36255,18.95,Overcast
2007-09-26 21:00:00+00:00,BOLU,14,28.210499,9.710501,0.0,8.287822,1.0,41.33837,933.76764,19.11,Mainly clear
2007-09-27 21:00:00+00:00,BOLU,14,27.6605,15.5105,0.0,9.255571,0.0,39.856716,935.6884,18.8,Clear sky
2007-09-28 21:00:00+00:00,BOLU,14,26.3605,15.1105,0.0,10.829959,0.0,38.117886,936.0755,18.18,Clear sky
2007-09-29 21:00:00+00:00,BOLU,14,23.6105,12.1105,0.0,9.605998,2.0,55.580048,935.4861,16.99,Partly cloudy
2007-09-30 21:00:00+00:00,BOLU,14,21.810501,11.910501,0.0,11.440979,3.0,76.6486,935.1484,15.28,Overcast
2007-10-01 21:00:00+00:00,BOLU,14,24.060501,12.0105,0.0,8.557102,3.0,76.8212,935.34985,15.03,Overcast
2007-10-02 21:00:00+00:00,BOLU,14,26.4105,11.9605,0.0,6.28713,3.0,70.34409,934.884,15.36,Overcast
2007-10-03 21:00:00+00:00,BOLU,14,25.1605,14.8105,0.5,9.779817,53.0,76.27362,934.9637,12.9,Drizzle: Moderate
2007-10-04 21:00:00+00:00,BOLU,14,20.810501,14.8605,2.3000002,10.483357,51.0,87.51041,934.3513,11.31,Drizzle: Light
2007-10-05 21:00:00+00:00,BOLU,14,23.9105,13.160501,0.0,7.6367526,3.0,75.45603,932.7928,15.18,Overcast
2007-10-06 21:00:00+00:00,BOLU,14,24.810501,11.660501,0.0,7.10031,2.0,68.50793,933.48096,16.17,Partly cloudy
2007-10-07 21:00:00+00:00,BOLU,14,24.960499,13.1105,0.1,7.6367526,51.0,71.37447,936.2065,14.62,Drizzle: Light
2007-10-08 21:00:00+00:00,BOLU,14,26.4105,11.9605,2.5,7.072878,61.0,76.193474,935.86554,14.94,Rain: Slight
2007-10-09 21:00:00+00:00,BOLU,14,23.6605,14.8105,3.5,8.766573,61.0,78.355606,935.1172,11.71,Rain: Slight
2007-10-10 21:00:00+00:00,BOLU,14,24.260502,11.5605,0.0,5.506941,3.0,75.89573,934.4028,14.94,Overcast
2007-10-11 21:00:00+00:00,BOLU,14,25.460499,11.3605,0.1,5.8048253,51.0,67.965744,932.9615,14.79,Drizzle: Light
2007-10-12 21:00:00+00:00,BOLU,14,20.260502,11.8605,16.400002,6.849467,63.0,87.261604,928.2934,11.02,Rain: Moderate
2007-10-13 21:00:00+00:00,BOLU,14,12.6105,5.0605,24.799997,10.308831,63.0,97.80294,929.29034,3.21,Rain: Moderate
2007-10-14 21:00:00+00:00,BOLU,14,7.3605003,3.4105,10.5,9.504272,71.0,92.08068,936.551,9.31,Snow fall: Slight
2007-10-15 21:00:00+00:00,BOLU,14,13.3105,1.9105002,0.0,6.5693827,3.0,81.4298,940.7397,13.9,Overcast
2007-10-16 21:00:00+00:00,BOLU,14,18.710499,3.6605,0.0,6.12,0.0,70.076225,939.1518,15.09,Clear sky
2007-10-17 21:00:00+00:00,BOLU,14,20.3605,5.1105003,0.0,7.0911775,0.0,63.065495,934.6109,15.15,Clear sky
2007-10-18 21:00:00+00:00,BOLU,14,20.760502,5.4105,0.0,8.534353,1.0,57.266968,929.9362,15.09,Mainly clear
2007-10-19 21:00:00+00:00,BOLU,14,20.210499,6.9605002,0.0,6.87779,3.0,56.560177,931.51196,11.79,Overcast
2007-10-20 21:00:00+00:00,BOLU,14,15.2605,9.0605,3.8,11.304229,55.0,78.58602,930.337,4.11,Drizzle: Dense
2007-10-21 21:00:00+00:00,BOLU,14,18.310501,6.9105,0.0,12.768586,3.0,87.30076,930.05597,8.17,Overcast
2007-10-22 21:00:00+00:00,BOLU,14,21.960499,9.210501,4.3,12.413477,61.0,77.64593,928.4931,11.91,Rain: Slight
2007-10-23 21:00:00+00:00,BOLU,14,19.210499,8.2605,5.0000005,7.5685663,55.0,83.56746,930.7092,9.04,Drizzle: Dense
2007-10-24 21:00:00+00:00,BOLU,14,16.210499,8.3105,7.7999997,9.3876505,61.0,92.274925,935.2717,9.68,Rain: Slight
2007-10-25 21:00:00+00:00,BOLU,14,14.8105,7.6605,0.0,9.449572,3.0,85.19781,941.6406,11.79,Overcast
2007-10-26 21:00:00+00:00,BOLU,14,14.7105,3.7605002,0.0,7.628263,3.0,82.54145,941.7481,12.27,Overcast
2007-10-27 21:00:00+00:00,BOLU,14,16.3605,6.4605002,0.0,6.28713,3.0,84.07021,938.18945,11.2,Overcast
2007-10-28 21:00:00+00:00,BOLU,14,15.9605,6.1105003,4.6000004,6.297428,53.0,82.79395,931.1614,9.35,Drizzle: Moderate
2007-10-29 21:00:00+00:00,BOLU,14,12.660501,7.4105,5.8,8.707238,55.0,94.40145,932.434,6.23,Drizzle: Dense
2007-10-30 21:00:00+00:00,BOLU,14,17.0105,5.3105,0.0,7.5942082,3.0,83.47209,936.87604,11.93,Overcast
2007-10-31 21:00:00+00:00,BOLU,14,21.3605,8.4105,0.0,8.350138,3.0,71.84499,937.279,10.91,Overcast
2007-11-01 21:00:00+00:00,BOLU,14,14.7605,9.5105,12.3,9.387651,61.0,92.25356,936.56964,4.71,Rain: Slight
2007-11-02 21:00:00+00:00,BOLU,14,9.8605,6.9105,0.1,7.2,51.0,91.83013,936.216,4.35,Drizzle: Light
2007-11-03 21:00:00+00:00,BOLU,14,16.0105,3.3605,0.0,9.36,3.0,85.65756,930.7041,10.85,Overcast
2007-11-04 21:00:00+00:00,BOLU,14,12.7105,7.2605,11.800001,7.42159,55.0,95.507744,928.2058,4.16,Drizzle: Dense
2007-11-05 21:00:00+00:00,BOLU,14,8.1605,3.4605002,9.300001,9.0645685,73.0,98.621666,930.9993,3.23,Snow fall: Moderate
2007-11-06 21:00:00+00:00,BOLU,14,5.1105003,2.7605002,7.8,9.0645685,73.0,93.08457,929.95087,3.97,Snow fall: Moderate
2007-11-07 21:00:00+00:00,BOLU,14,7.9605002,1.5105002,0.0,10.365251,71.0,80.26727,930.33954,8.65,Snow fall: Slight
2007-11-08 21:00:00+00:00,BOLU,14,7.8605003,0.41050017,0.2,15.542662,51.0,77.975876,930.2658,8.91,Drizzle: Light
2007-11-09 21:00:00+00:00,BOLU,14,11.5605,-0.58949995,5.3,26.758923,61.0,69.13276,919.1822,10.32,Rain: Slight
2007-11-10 21:00:00+00:00,BOLU,14,6.8105,-0.08949995,13.4,21.758419,73.0,82.14884,922.6907,9.76,Snow fall: Moderate
2007-11-11 21:00:00+00:00,BOLU,14,9.2605,-1.5895,0.90000004,16.919998,73.0,76.90397,925.5717,11.11,Snow fall: Moderate
2007-11-12 21:00:00+00:00,BOLU,14,6.5105,2.0605001,11.099999,18.391735,73.0,91.52881,925.9929,2.4,Snow fall: Moderate
2007-11-13 21:00:00+00:00,BOLU,14,7.5105,-1.0895,0.8,11.269782,53.0,91.665764,928.34454,8.65,Drizzle: Moderate
2007-11-14 21:00:00+00:00,BOLU,14,16.0105,2.4105,0.0,19.803272,3.0,80.63181,927.2177,9.48,Overcast
2007-11-15 21:00:00+00:00,BOLU,14,16.310501,3.6605,0.0,12.10157,1.0,82.35532,933.2331,10.09,Mainly clear
2007-11-16 21:00:00+00:00,BOLU,14,17.5105,3.1105,0.0,9.659814,2.0,79.31513,932.08563,10.21,Partly cloudy
2007-11-17 21:00:00+00:00,BOLU,14,17.460499,4.3605003,0.0,11.792404,3.0,75.90031,926.2888,8.38,Overcast
2007-11-18 21:00:00+00:00,BOLU,14,12.160501,3.0605001,6.0,8.557102,61.0,86.37604,924.3409,6.08,Rain: Slight
2007-11-19 21:00:00+00:00,BOLU,14,9.8605,1.0105002,3.8999999,10.661107,71.0,96.2895,928.608,5.93,Snow fall: Slight
2007-11-20 21:00:00+00:00,BOLU,14,5.6105003,3.4105,3.6,10.308831,71.0,95.6618,934.70013,3.34,Snow fall: Slight
2007-11-21 21:00:00+00:00,BOLU,14,10.410501,-0.3894999,0.0,4.6800003,3.0,82.16364,938.0723,9.36,Overcast
2007-11-22 21:00:00+00:00,BOLU,14,11.5105,0.31050014,0.0,5.634891,0.0,68.60969,938.1677,10.04,Clear sky
2007-11-23 21:00:00+00:00,BOLU,14,11.7105,-0.33949995,0.0,6.9247384,0.0,68.853905,937.40186,9.86,Clear sky
2007-11-24 21:00:00+00:00,BOLU,14,12.2105,0.010500193,0.0,9.178235,0.0,70.19683,936.92194,9.55,Clear sky
2007-11-25 21:00:00+00:00,BOLU,14,12.2105,0.31050014,0.0,14.182355,3.0,67.39564,932.54297,7.7,Overcast
2007-11-26 21:00:00+00:00,BOLU,14,5.5105,-0.68949986,5.299999,14.372974,73.0,85.18585,931.3903,2.75,Snow fall: Moderate
2007-11-27 21:00:00+00:00,BOLU,14,2.3605,-2.4394999,0.0,16.055353,3.0,75.902016,935.05444,8.23,Overcast
2007-11-28 21:00:00+00:00,BOLU,14,4.6105003,-3.4895,0.0,9.83268,2.0,57.25061,936.00977,9.59,Partly cloudy
2007-11-29 21:00:00+00:00,BOLU,14,11.5105,-1.8395,0.0,11.91812,2.0,53.826965,928.9924,9.02,Partly cloudy
2007-11-30 21:00:00+00:00,BOLU,14,8.210501,0.8605001,14.8,11.019764,71.0,95.66877,926.42725,3.13,Snow fall: Slight
2007-12-01 21:00:00+00:00,BOLU,14,5.5605,-2.1894999,0.1,7.0911775,51.0,83.324066,933.1091,8.85,Drizzle: Light
2007-12-02 21:00:00+00:00,BOLU,14,9.0605,-1.7894998,0.0,9.904906,3.0,73.53311,928.2182,8.69,Overcast
2007-12-03 21:00:00+00:00,BOLU,14,9.8105,-0.6394999,0.0,14.145756,3.0,79.719765,924.0474,7.39,Overcast
2007-12-04 21:00:00+00:00,BOLU,14,9.1605,4.2105002,14.1,15.629971,61.0,93.770355,919.36035,1.86,Rain: Slight
2007-12-05 21:00:00+00:00,BOLU,14,7.3105,4.6105003,7.9,5.815978,71.0,96.40287,920.9204,1.71,Snow fall: Slight
2007-12-06 21:00:00+00:00,BOLU,14,5.2605,3.2605002,4.4,13.339445,71.0,98.32554,925.9194,1.85,Snow fall: Slight
2007-12-07 21:00:00+00:00,BOLU,14,9.460501,1.0605001,0.0,8.557102,2.0,88.990845,929.54004,7.41,Partly cloudy
2007-12-08 21:00:00+00:00,BOLU,14,11.160501,0.8605001,0.5,14.759999,51.0,84.29742,927.61383,7.68,Drizzle: Light
2007-12-09 21:00:00+00:00,BOLU,14,9.9105,5.0605,6.6,11.298495,71.0,93.25095,923.3247,5.36,Snow fall: Slight
2007-12-10 21:00:00+00:00,BOLU,14,11.0105,2.6605,7.7,10.464797,71.0,93.5404,926.1385,6.75,Snow fall: Slight
2007-12-11 21:00:00+00:00,BOLU,14,10.7105,2.2105002,4.2999997,7.628263,71.0,95.32575,929.3818,6.83,Snow fall: Slight
2007-12-12 21:00:00+00:00,BOLU,14,5.4605002,0.21050012,20.800001,9.904906,75.0,98.79145,925.2092,1.83,Snow fall: Heavy
2007-12-13 21:00:00+00:00,BOLU,14,2.7105002,-1.2394998,6.2999988,5.4477882,73.0,92.25455,925.8594,4.83,Snow fall: Moderate
2007-12-14 21:00:00+00:00,BOLU,14,5.8605003,0.46050012,0.2,6.9153743,71.0,82.161316,931.92236,7.94,Snow fall: Slight
2007-12-15 21:00:00+00:00,BOLU,14,5.2605,1.4105002,0.1,7.42159,51.0,86.1615,935.80756,6.48,Drizzle: Light
2007-12-16 21:00:00+00:00,BOLU,14,4.4105,-0.33949995,5.6,9.885262,73.0,91.71142,940.1323,4.64,Snow fall: Moderate
2007-12-17 21:00:00+00:00,BOLU,14,0.1105001,-3.4394999,3.1999998,7.289445,73.0,85.264885,941.06757,4.11,Snow fall: Moderate
2007-12-18 21:00:00+00:00,BOLU,14,0.16050017,-3.5394998,0.0,6.5693827,71.0,83.13541,940.4294,5.41,Snow fall: Slight
2007-12-19 21:00:00+00:00,BOLU,14,0.2605002,-3.5394998,0.1,6.0347,71.0,87.66738,939.8987,4.65,Snow fall: Slight
2007-12-20 21:00:00+00:00,BOLU,14,1.5605001,-1.6894999,0.0,6.3690495,71.0,86.711525,940.81244,5.61,Snow fall: Slight
2007-12-21 21:00:00+00:00,BOLU,14,3.7605002,-1.4894998,0.0,5.815978,3.0,84.073425,943.0025,6.59,Overcast
2007-12-22 21:00:00+00:00,BOLU,14,6.9605002,-1.0895,0.0,7.24486,2.0,75.72621,941.28656,8.49,Partly cloudy
2007-12-23 21:00:00+00:00,BOLU,14,7.4105,-1.0394998,0.0,6.9247384,3.0,68.583405,939.27295,8.32,Overcast
2007-12-24 21:00:00+00:00,BOLU,14,6.1605,-1.3395,0.0,5.00128,3.0,68.49955,937.8985,8.47,Overcast
2007-12-25 21:00:00+00:00,BOLU,14,5.1105003,-1.7394998,0.0,5.815978,1.0,65.52073,939.1228,8.25,Mainly clear
2007-12-26 21:00:00+00:00,BOLU,14,4.5105,-1.7894998,0.0,6.162207,3.0,78.562416,941.6272,6.76,Overcast
2007-12-27 21:00:00+00:00,BOLU,14,2.4105,-2.7894998,0.0,9.6932955,2.0,81.82497,944.3135,8.53,Partly cloudy
2007-12-28 21:00:00+00:00,BOLU,14,2.6105,-1.3395,0.0,5.8603754,2.0,76.89439,941.87836,6.91,Partly cloudy
2007-12-29 21:00:00+00:00,BOLU,14,3.3605,-1.8395,0.0,5.3517847,0.0,72.31924,936.635,8.43,Clear sky
2007-12-30 21:00:00+00:00,BOLU,14,4.4105,-2.2894998,0.0,7.24486,1.0,69.19766,934.6531,8.86,Mainly clear
2007-12-31 21:00:00+00:00,BOLU,14,5.0105,-2.3894997,0.0,7.8954163,3.0,60.413532,929.16473,8.73,Overcast
2008-01-01 21:00:00+00:00,BOLU,14,4.6105003,-2.6394997,1.5000001,9.693296,71.0,67.71755,925.64606,4.48,Snow fall: Slight
2008-01-02 21:00:00+00:00,BOLU,14,2.9105,-2.7894998,11.200001,7.7879906,73.0,92.33123,928.8367,6.08,Snow fall: Moderate
2008-01-03 21:00:00+00:00,BOLU,14,-1.8894999,-6.9395,7.2999997,9.3669195,73.0,89.118996,937.1121,6.92,Snow fall: Moderate
2008-01-04 21:00:00+00:00,BOLU,14,-4.0394998,-8.0395,4.3999996,7.289445,73.0,90.19409,943.6514,6.46,Snow fall: Moderate
2008-01-05 21:00:00+00:00,BOLU,14,2.6105,-11.2395,0.0,8.766573,3.0,73.16074,941.0527,9.23,Overcast
2008-01-06 21:00:00+00:00,BOLU,14,3.8105001,-5.7395,2.8,10.028439,73.0,73.014496,933.42725,4.59,Snow fall: Moderate
2008-01-07 21:00:00+00:00,BOLU,14,1.4105002,-1.4894998,4.4999995,8.942214,73.0,93.27246,935.5213,7.01,Snow fall: Moderate
2008-01-08 21:00:00+00:00,BOLU,14,1.3105001,-2.0394998,0.1,7.628263,71.0,88.04037,938.55664,5.61,Snow fall: Slight
2008-01-09 21:00:00+00:00,BOLU,14,0.46050012,-2.4394999,0.0,8.654986,3.0,84.220314,939.50024,7.79,Overcast
2008-01-10 21:00:00+00:00,BOLU,14,2.8105001,-2.4895,0.0,5.315336,0.0,54.759075,939.7901,9.63,Clear sky
2008-01-11 21:00:00+00:00,BOLU,14,4.4605002,-3.1894999,0.0,7.754637,0.0,50.10866,938.7509,9.76,Clear sky
2008-01-12 21:00:00+00:00,BOLU,14,5.3605003,-4.6394997,0.0,9.983106,1.0,49.496433,939.1946,9.71,Mainly clear
2008-01-13 21:00:00+00:00,BOLU,14,7.3105,-4.2395,0.0,9.983106,0.0,42.219666,939.2934,10.0,Clear sky
2008-01-14 21:00:00+00:00,BOLU,14,5.6605,-5.5394998,2.3000002,10.948973,73.0,53.864285,936.4152,8.53,Snow fall: Moderate
2008-01-15 21:00:00+00:00,BOLU,14,4.4605002,-1.9394999,0.90000004,8.373386,73.0,82.60468,937.0469,6.75,Snow fall: Moderate
2008-01-16 21:00:00+00:00,BOLU,14,7.1105003,-2.4394999,0.0,9.659814,3.0,78.021255,938.3277,9.47,Overcast
2008-01-17 21:00:00+00:00,BOLU,14,7.8605003,-0.4894998,0.0,6.489992,1.0,76.924126,937.86334,9.73,Mainly clear
2008-01-18 21:00:00+00:00,BOLU,14,5.8105,-0.53949976,0.0,5.1919937,3.0,83.876495,937.5634,9.72,Overcast
2008-01-19 21:00:00+00:00,BOLU,14,5.2605,-1.5394998,0.0,5.8048253,1.0,75.14172,937.7532,9.86,Mainly clear
2008-01-20 21:00:00+00:00,BOLU,14,6.6105003,-2.8894997,0.0,9.659814,0.0,68.658325,935.22455,10.27,Clear sky
2008-01-21 21:00:00+00:00,BOLU,14,7.4105,-3.4895,0.0,11.440979,0.0,68.58457,927.15375,10.41,Clear sky
2008-01-22 21:00:00+00:00,BOLU,14,9.960501,-2.7395,0.0,9.659814,3.0,61.172634,927.3256,10.44,Overcast
2008-01-23 21:00:00+00:00,BOLU,14,2.6105,-2.5394998,4.2999997,8.669949,73.0,90.775024,939.4747,3.77,Snow fall: Moderate
2008-01-24 21:00:00+00:00,BOLU,14,1.6105001,-4.8894997,0.0,8.669949,2.0,74.6981,940.24634,10.74,Partly cloudy
2008-01-25 21:00:00+00:00,BOLU,14,1.8605001,-5.2395,0.0,9.826088,71.0,81.7338,938.32715,8.22,Snow fall: Slight
2008-01-26 21:00:00+00:00,BOLU,14,6.1605,-2.5394998,4.0,15.745627,73.0,66.67236,929.01807,8.34,Snow fall: Moderate
2008-01-27 21:00:00+00:00,BOLU,14,1.5605001,-3.5895,17.0,12.620554,75.0,92.21335,921.76337,8.2,Snow fall: Heavy
2008-01-28 21:00:00+00:00,BOLU,14,-2.7894998,-8.089499,6.6999993,18.129137,73.0,91.29415,928.8296,10.73,Snow fall: Moderate
2008-01-29 21:00:00+00:00,BOLU,14,-3.7894998,-8.589499,4.6,14.578888,73.0,88.75654,933.5803,10.6,Snow fall: Moderate
2008-01-30 21:00:00+00:00,BOLU,14,-2.1394997,-13.8895,0.0,10.144082,71.0,77.475044,935.4384,12.6,Snow fall: Slight
2008-01-31 21:00:00+00:00,BOLU,14,3.8105001,-14.1895,0.0,10.315115,2.0,72.12167,934.2443,11.26,Partly cloudy
2008-02-01 21:00:00+00:00,BOLU,14,5.6105003,-9.3895,0.0,10.315115,0.0,74.08681,935.5411,12.68,Clear sky
2008-02-02 21:00:00+00:00,BOLU,14,9.4105,-6.5894995,0.0,10.948973,2.0,68.78557,940.08105,12.35,Partly cloudy
2008-02-03 21:00:00+00:00,BOLU,14,9.6605,-1.0895,0.0,7.5685663,3.0,72.00502,940.7187,11.87,Overcast
2008-02-04 21:00:00+00:00,BOLU,14,9.6105,-0.9894998,0.0,8.699793,3.0,66.58157,937.5251,12.44,Overcast
2008-02-05 21:00:00+00:00,BOLU,14,8.9105,-1.0895,0.0,6.9247384,3.0,63.78951,936.0004,11.85,Overcast
2008-02-06 21:00:00+00:00,BOLU,14,6.9605002,-0.33949995,0.0,5.8603754,3.0,76.315254,933.8509,10.36,Overcast
2008-02-07 21:00:00+00:00,BOLU,14,4.4605002,-0.2394998,0.0,6.9899354,3.0,89.08002,936.41504,8.73,Overcast
2008-02-08 21:00:00+00:00,BOLU,14,6.4105,-0.08949995,0.1,5.4119864,71.0,81.471596,940.0674,10.26,Snow fall: Slight
2008-02-09 21:00:00+00:00,BOLU,14,8.210501,1.7105001,0.1,6.725354,71.0,75.62717,937.4114,8.28,Snow fall: Slight
2008-02-10 21:00:00+00:00,BOLU,14,2.3105001,-0.83949995,1.0,9.3669195,71.0,90.728294,937.1878,7.62,Snow fall: Slight
2008-02-11 21:00:00+00:00,BOLU,14,2.0605001,-4.1895,0.0,16.279802,71.0,82.53696,938.0179,10.75,Snow fall: Slight
2008-02-12 21:00:00+00:00,BOLU,14,2.1605,-4.1394997,0.0,8.373386,71.0,76.95395,936.94073,12.65,Snow fall: Slight
2008-02-13 21:00:00+00:00,BOLU,14,-0.58949995,-5.1895,5.9000006,15.9134655,73.0,82.25428,935.16437,8.74,Snow fall: Moderate
2008-02-14 21:00:00+00:00,BOLU,14,2.4605002,-3.9895,1.0,9.605998,73.0,78.473045,934.617,10.79,Snow fall: Moderate
2008-02-15 21:00:00+00:00,BOLU,14,1.0105002,-4.5394998,10.1,10.105681,73.0,88.23472,930.9318,5.94,Snow fall: Moderate
2008-02-16 21:00:00+00:00,BOLU,14,-4.5895,-7.1394997,12.799999,19.011953,73.0,89.27616,930.91644,8.15,Snow fall: Moderate
2008-02-17 21:00:00+00:00,BOLU,14,-4.8395,-9.589499,3.9,15.546833,73.0,86.32903,931.6968,11.66,Snow fall: Moderate
2008-02-18 21:00:00+00:00,BOLU,14,-3.5394998,-11.7395,6.3,13.138765,75.0,84.94901,932.10126,11.37,Snow fall: Heavy
2008-02-19 21:00:00+00:00,BOLU,14,1.6105001,-6.1394997,5.7000003,10.805999,73.0,85.938576,940.0068,13.9,Snow fall: Moderate
2008-02-20 21:00:00+00:00,BOLU,14,6.7605,-8.9895,0.0,9.028754,3.0,83.47353,940.71295,15.39,Overcast
2008-02-21 21:00:00+00:00,BOLU,14,7.5105,-6.1895,0.0,8.854829,3.0,81.51673,939.9946,14.17,Overcast
2008-02-22 21:00:00+00:00,BOLU,14,7.8605003,-3.4895,0.0,8.049845,3.0,81.579796,936.42926,15.71,Overcast
2008-02-23 21:00:00+00:00,BOLU,14,4.2605,-0.4894998,3.8000002,15.463244,73.0,82.39662,938.00714,14.62,Snow fall: Moderate
2008-02-24 21:00:00+00:00,BOLU,14,5.4605002,-2.1394997,0.0,5.8603754,0.0,67.28924,937.9561,16.27,Clear sky
2008-02-25 21:00:00+00:00,BOLU,14,12.1105,-0.08949995,0.0,6.830519,0.0,61.033493,933.69604,16.04,Clear sky
2008-02-26 21:00:00+00:00,BOLU,14,11.6105,-0.2394998,0.0,10.163227,3.0,71.211494,933.5171,16.25,Overcast
2008-02-27 21:00:00+00:00,BOLU,14,14.1105,0.21050012,0.0,9.511088,3.0,69.49282,933.7209,15.02,Overcast
2008-02-28 21:00:00+00:00,BOLU,14,8.8605,1.2105001,7.9,6.297428,71.0,94.55329,936.041,9.1,Snow fall: Slight
2008-02-29 21:00:00+00:00,BOLU,14,10.4605,-1.1894999,0.0,13.009903,3.0,88.36446,927.425,15.55,Overcast
2008-03-01 21:00:00+00:00,BOLU,14,5.5105,0.3605001,10.700001,15.188415,73.0,87.66396,920.50287,4.95,Snow fall: Moderate
2008-03-02 21:00:00+00:00,BOLU,14,7.0605,-2.0895,8.1,15.484185,75.0,92.839226,925.21704,11.74,Snow fall: Heavy
2008-03-03 21:00:00+00:00,BOLU,14,11.9605,-1.3395,0.0,10.739833,1.0,83.52123,926.3157,17.64,Mainly clear
2008-03-04 21:00:00+00:00,BOLU,14,14.1105,0.81050014,0.0,10.144082,3.0,74.43069,926.961,13.68,Overcast
2008-03-05 21:00:00+00:00,BOLU,14,13.5105,6.3605003,0.4,6.924738,51.0,85.27776,934.3838,13.17,Drizzle: Light
2008-03-06 21:00:00+00:00,BOLU,14,17.0105,2.4105,0.0,9.826088,3.0,80.71698,931.96686,16.96,Overcast
2008-03-07 21:00:00+00:00,BOLU,14,19.3605,3.8105001,0.0,11.681987,3.0,71.47272,928.4717,17.34,Overcast
2008-03-08 21:00:00+00:00,BOLU,14,15.2105,4.7105002,0.70000005,7.8954163,51.0,80.51937,926.6951,14.31,Drizzle: Light
2008-03-09 21:00:00+00:00,BOLU,14,11.660501,3.6105,0.9,7.491114,51.0,82.34122,927.16,14.95,Drizzle: Light
2008-03-10 21:00:00+00:00,BOLU,14,12.910501,-1.5394998,0.0,10.853866,3.0,74.68812,927.1711,14.96,Overcast
2008-03-11 21:00:00+00:00,BOLU,14,14.0105,1.2605002,2.6,12.979984,53.0,73.89901,923.3582,15.49,Drizzle: Moderate
2008-03-12 21:00:00+00:00,BOLU,14,11.9605,4.8605003,5.5,6.9527545,71.0,93.85725,920.7758,10.98,Snow fall: Slight
2008-03-13 21:00:00+00:00,BOLU,14,5.8605003,-1.0394998,30.6,15.617529,75.0,97.17639,923.99713,6.42,Snow fall: Heavy
2008-03-14 21:00:00+00:00,BOLU,14,9.4105,-7.8894997,2.1000001,15.459054,53.0,80.520226,929.1365,16.98,Drizzle: Moderate
2008-03-15 21:00:00+00:00,BOLU,14,13.3605,5.0605,2.4,11.885453,53.0,81.36677,930.3694,14.95,Drizzle: Moderate
2008-03-16 21:00:00+00:00,BOLU,14,16.960499,1.4105002,0.0,13.009903,3.0,66.32864,924.5961,17.29,Overcast
2008-03-17 21:00:00+00:00,BOLU,14,12.0105,4.6605,5.8999996,16.171976,61.0,84.30932,922.0109,9.22,Rain: Slight
2008-03-18 21:00:00+00:00,BOLU,14,14.6105,3.3105001,2.4,13.849477,53.0,80.69019,922.98926,14.49,Drizzle: Moderate
2008-03-19 21:00:00+00:00,BOLU,14,12.910501,6.9105,14.900001,7.289445,61.0,90.44994,924.133,7.62,Rain: Slight
2008-03-20 21:00:00+00:00,BOLU,14,12.7605,4.9105,19.9,11.525623,63.0,96.44037,917.1958,5.64,Rain: Moderate
2008-03-21 21:00:00+00:00,BOLU,14,17.810501,3.5105002,1.0,12.768586,53.0,77.24883,918.7546,17.25,Drizzle: Moderate
2008-03-22 21:00:00+00:00,BOLU,14,22.9105,5.9105,0.0,12.594856,3.0,56.663723,920.1655,17.67,Overcast
2008-03-23 21:00:00+00:00,BOLU,14,22.460499,6.9105,0.0,13.493999,3.0,55.442856,918.71857,19.0,Overcast
2008-03-24 21:00:00+00:00,BOLU,14,13.9605,4.7105002,6.7,22.86496,73.0,63.40064,911.91235,14.43,Snow fall: Moderate
2008-03-25 21:00:00+00:00,BOLU,14,7.0105,2.9105,7.4999995,14.186923,73.0,90.26349,921.3056,9.44,Snow fall: Moderate
2008-03-26 21:00:00+00:00,BOLU,14,12.7605,-2.6394997,0.0,6.8777895,3.0,73.511765,925.90204,21.29,Overcast
2008-03-27 21:00:00+00:00,BOLU,14,15.7105,1.2105001,1.3,6.696387,53.0,75.7788,923.2537,19.99,Drizzle: Moderate
2008-03-28 21:00:00+00:00,BOLU,14,13.5105,4.3105,3.5,8.209263,61.0,89.29725,926.06494,11.52,Rain: Slight
2008-03-29 21:00:00+00:00,BOLU,14,6.3105,2.8605,9.999999,8.4963045,73.0,98.27325,926.71454,8.4,Snow fall: Moderate
2008-03-30 21:00:00+00:00,BOLU,14,5.0605,1.7605002,5.0,10.594036,71.0,90.088196,925.69025,7.92,Snow fall: Slight
2008-03-31 21:00:00+00:00,BOLU,14,7.8105,0.9605001,1.2000002,10.948973,71.0,84.062325,927.9086,12.68,Snow fall: Slight
2008-04-01 21:00:00+00:00,BOLU,14,10.2605,1.7105001,1.1000001,12.015589,71.0,84.27517,929.9356,15.15,Snow fall: Slight
2008-04-02 21:00:00+00:00,BOLU,14,11.3605,0.46050012,5.3,6.1094027,71.0,87.87461,925.3726,11.39,Snow fall: Slight
2008-04-03 21:00:00+00:00,BOLU,14,12.0605,4.3605003,3.5,6.28713,71.0,89.30267,925.21655,16.3,Snow fall: Slight
2008-04-04 21:00:00+00:00,BOLU,14,14.2105,1.8105001,0.4,9.422101,51.0,79.35618,925.7243,19.02,Drizzle: Light
2008-04-05 21:00:00+00:00,BOLU,14,16.060501,6.2105002,11.4,21.915693,63.0,80.37953,919.549,15.3,Rain: Moderate
2008-04-06 21:00:00+00:00,BOLU,14,11.4605,3.6105,11.1,12.387348,71.0,90.78738,922.2071,11.86,Snow fall: Slight
2008-04-07 21:00:00+00:00,BOLU,14,14.6105,4.5105,0.6,15.778518,71.0,77.29139,928.5411,19.96,Snow fall: Slight
2008-04-08 21:00:00+00:00,BOLU,14,17.9105,3.3605,0.0,7.5685663,3.0,65.661674,926.6699,20.96,Overcast
2008-04-09 21:00:00+00:00,BOLU,14,17.2605,6.6605,0.4,7.2359104,51.0,76.86068,926.39136,18.8,Drizzle: Light
2008-04-10 21:00:00+00:00,BOLU,14,18.260502,8.1105,4.3,11.165805,61.0,84.79311,929.07764,14.64,Rain: Slight
2008-04-11 21:00:00+00:00,BOLU,14,23.9105,7.6605,0.0,9.360001,3.0,73.74344,930.8099,22.71,Overcast
2008-04-12 21:00:00+00:00,BOLU,14,26.760502,10.6105,0.0,11.966953,3.0,66.48345,932.626,22.74,Overcast
2008-04-13 21:00:00+00:00,BOLU,14,25.460499,12.8105,1.0,9.983106,53.0,68.392845,932.2807,19.26,Drizzle: Moderate
2008-04-14 21:00:00+00:00,BOLU,14,24.6105,11.7605,0.0,12.904882,3.0,69.56686,924.4912,22.59,Overcast
2008-04-15 21:00:00+00:00,BOLU,14,14.7105,6.8605003,11.599999,13.627795,71.0,86.2046,925.21747,18.71,Snow fall: Slight
2008-04-16 21:00:00+00:00,BOLU,14,14.9605,4.7605,0.6,11.726277,51.0,76.229965,932.1551,19.73,Drizzle: Light
2008-04-17 21:00:00+00:00,BOLU,14,19.260502,4.8605003,0.0,11.966954,3.0,64.687386,929.1285,18.81,Overcast
2008-04-18 21:00:00+00:00,BOLU,14,18.310501,6.5105,0.7,8.287822,51.0,72.7654,928.5616,22.51,Drizzle: Light
2008-04-19 21:00:00+00:00,BOLU,14,23.960499,8.3105,0.5,10.1376915,53.0,67.88979,928.46124,24.15,Drizzle: Moderate
2008-04-20 21:00:00+00:00,BOLU,14,24.760502,11.660501,0.0,6.2145634,3.0,69.78175,927.8736,24.87,Overcast
2008-04-21 21:00:00+00:00,BOLU,14,29.210499,10.9605,0.1,11.753877,51.0,60.467426,926.2775,20.97,Drizzle: Light
2008-04-22 21:00:00+00:00,BOLU,14,23.010502,13.0105,0.6,11.570515,51.0,65.19959,927.54224,18.65,Drizzle: Light
2008-04-23 21:00:00+00:00,BOLU,14,17.8605,7.6605,3.3,11.440979,55.0,84.253716,930.1901,18.67,Drizzle: Dense
2008-04-24 21:00:00+00:00,BOLU,14,11.5605,5.8105,0.1,9.72,51.0,91.15249,932.8381,13.49,Drizzle: Light
2008-04-25 21:00:00+00:00,BOLU,14,18.810501,6.4105,1.3000002,7.968939,51.0,82.501976,928.0026,19.58,Drizzle: Light
2008-04-26 21:00:00+00:00,BOLU,14,15.660501,7.4605002,3.7,11.212135,61.0,88.53974,925.81006,18.36,Rain: Slight
2008-04-27 21:00:00+00:00,BOLU,14,12.3105,6.2605,11.100001,8.707237,61.0,92.40796,924.6406,15.39,Rain: Slight
2008-04-28 21:00:00+00:00,BOLU,14,13.910501,3.8105001,3.6000001,8.311245,55.0,86.60773,925.58856,20.89,Drizzle: Dense
2008-04-29 21:00:00+00:00,BOLU,14,15.3605,2.1605,3.4,7.289445,53.0,86.43331,928.3513,22.81,Drizzle: Moderate
2008-04-30 21:00:00+00:00,BOLU,14,16.4105,4.7105002,0.3,5.634891,51.0,75.54759,932.14874,21.61,Drizzle: Light
2008-05-01 21:00:00+00:00,BOLU,14,17.710499,9.5105,0.2,8.217153,51.0,72.20092,931.1941,23.31,Drizzle: Light
2008-05-02 21:00:00+00:00,BOLU,14,15.1105,9.0105,11.5,6.638072,61.0,92.43925,929.26886,16.2,Rain: Slight
2008-05-03 21:00:00+00:00,BOLU,14,13.0105,6.2605,8.500001,6.87779,61.0,91.23956,928.2652,17.2,Rain: Slight
2008-05-04 21:00:00+00:00,BOLU,14,12.0605,6.0105,8.5,8.473393,61.0,95.3917,930.3654,15.21,Rain: Slight
2008-05-05 21:00:00+00:00,BOLU,14,11.410501,4.4105,0.70000005,12.429127,51.0,82.53513,931.4541,21.94,Drizzle: Light
2008-05-06 21:00:00+00:00,BOLU,14,15.2105,1.0105002,0.2,11.609651,51.0,71.02015,928.3152,26.73,Drizzle: Light
2008-05-07 21:00:00+00:00,BOLU,14,12.160501,4.1605,0.0,15.124284,3.0,79.2781,927.42255,22.55,Overcast
2008-05-08 21:00:00+00:00,BOLU,14,13.160501,2.0605001,0.0,10.829958,3.0,72.603294,927.81537,25.78,Overcast
2008-05-09 21:00:00+00:00,BOLU,14,11.8105,4.2105002,1.3000001,10.630672,51.0,82.76999,931.27386,23.43,Drizzle: Light
2008-05-10 21:00:00+00:00,BOLU,14,13.3105,2.5105002,0.4,9.021574,51.0,78.69529,932.2698,25.17,Drizzle: Light
2008-05-11 21:00:00+00:00,BOLU,14,12.910501,3.4605002,0.6,11.440978,51.0,80.9424,931.9192,23.92,Drizzle: Light
2008-05-12 21:00:00+00:00,BOLU,14,15.0605,1.5605001,0.5,9.826088,51.0,76.36675,931.7092,27.69,Drizzle: Light
2008-05-13 21:00:00+00:00,BOLU,14,20.6105,2.7605002,0.70000005,6.2145634,51.0,72.35253,928.7424,21.55,Drizzle: Light
2008-05-14 21:00:00+00:00,BOLU,14,14.9605,9.1105,4.2999997,10.028439,55.0,87.77585,927.4539,16.22,Drizzle: Dense
2008-05-15 21:00:00+00:00,BOLU,14,17.960499,7.2105002,0.90000004,9.007196,53.0,81.90383,930.8777,23.62,Drizzle: Moderate
2008-05-16 21:00:00+00:00,BOLU,14,20.960499,5.9605002,0.9,6.87779,53.0,77.19761,932.09326,26.59,Drizzle: Moderate
2008-05-17 21:00:00+00:00,BOLU,14,22.760502,7.9605002,0.0,7.8625183,1.0,68.73265,931.02563,28.28,Mainly clear
2008-05-18 21:00:00+00:00,BOLU,14,24.3605,8.8105,0.0,6.696387,3.0,70.05338,929.47406,28.16,Overcast
2008-05-19 21:00:00+00:00,BOLU,14,25.9105,11.160501,0.2,6.8777895,51.0,68.04746,930.8782,23.65,Drizzle: Light
2008-05-20 21:00:00+00:00,BOLU,14,28.060501,13.3605,0.0,5.1165614,3.0,60.008396,931.5725,26.34,Overcast
2008-05-21 21:00:00+00:00,BOLU,14,26.510502,12.660501,3.1000001,8.707237,61.0,71.493355,927.97656,24.31,Rain: Slight
2008-05-22 21:00:00+00:00,BOLU,14,21.4105,12.3605,1.7000002,9.957108,53.0,77.708565,928.4636,26.74,Drizzle: Moderate
2008-05-23 21:00:00+00:00,BOLU,14,22.460499,11.5605,0.0,9.0,3.0,74.66616,929.2627,22.77,Overcast
2008-05-24 21:00:00+00:00,BOLU,14,18.210499,12.8605,1.1,9.47012,51.0,80.260025,930.2928,20.59,Drizzle: Light
2008-05-25 21:00:00+00:00,BOLU,14,19.760502,10.7105,1.9,13.527572,53.0,79.894775,931.5962,25.02,Drizzle: Moderate
2008-05-26 21:00:00+00:00,BOLU,14,18.560501,11.2605,0.3,10.239453,51.0,80.844574,934.2979,24.4,Drizzle: Light
2008-05-27 21:00:00+00:00,BOLU,14,22.8605,8.8105,0.0,9.673221,3.0,73.834404,932.44385,27.59,Overcast
2008-05-28 21:00:00+00:00,BOLU,14,15.7105,9.2605,9.0,12.758432,61.0,83.40083,932.61017,22.32,Rain: Slight
2008-05-29 21:00:00+00:00,BOLU,14,19.8605,5.4105,0.0,8.12197,2.0,73.11944,933.45306,29.4,Partly cloudy
2008-05-30 21:00:00+00:00,BOLU,14,22.010502,7.9605002,0.0,8.669949,3.0,74.93134,931.1509,28.47,Overcast
2008-05-31 21:00:00+00:00,BOLU,14,22.9105,9.710501,0.0,8.891344,3.0,77.20513,928.8294,27.92,Overcast
2008-06-01 21:00:00+00:00,BOLU,14,18.1605,10.4605,0.0,14.799459,3.0,76.97323,930.25885,27.22,Overcast
2008-06-02 21:00:00+00:00,BOLU,14,18.460499,7.9105,0.0,11.570515,3.0,74.6385,931.6069,26.16,Overcast
2008-06-03 21:00:00+00:00,BOLU,14,26.010502,7.3605003,0.0,7.10031,1.0,66.563805,929.8094,29.53,Mainly clear
2008-06-04 21:00:00+00:00,BOLU,14,26.060501,13.410501,0.7,8.942214,53.0,72.666466,927.6351,25.76,Drizzle: Moderate
2008-06-05 21:00:00+00:00,BOLU,14,21.8605,14.0105,0.1,8.373386,51.0,72.12488,927.5583,24.06,Drizzle: Light
2008-06-06 21:00:00+00:00,BOLU,14,18.960499,14.1105,8.9,7.289444,55.0,92.98116,927.0261,15.92,Drizzle: Dense
2008-06-07 21:00:00+00:00,BOLU,14,21.1105,10.7105,3.1999998,7.8954163,61.0,82.06086,928.5285,24.92,Rain: Slight
2008-06-08 21:00:00+00:00,BOLU,14,21.1105,10.8105,6.7,9.531505,63.0,86.530426,929.56934,22.33,Rain: Moderate
2008-06-09 21:00:00+00:00,BOLU,14,18.510502,11.910501,16.1,11.901798,63.0,93.53507,931.1778,17.92,Rain: Moderate
2008-06-10 21:00:00+00:00,BOLU,14,18.6605,10.2605,0.1,14.05845,51.0,79.884026,930.92303,27.03,Drizzle: Light
2008-06-11 21:00:00+00:00,BOLU,14,20.8605,11.160501,0.7,10.390226,51.0,75.91624,928.75446,25.25,Drizzle: Light
2008-06-12 21:00:00+00:00,BOLU,14,26.3605,9.3605,0.0,9.021574,2.0,69.692566,928.3003,28.33,Partly cloudy
2008-06-13 21:00:00+00:00,BOLU,14,24.210499,13.3105,2.9999998,7.653705,61.0,76.96984,927.19073,26.83,Rain: Slight
2008-06-14 21:00:00+00:00,BOLU,14,24.810501,12.2605,2.6000001,6.8399997,53.0,80.98086,926.1323,25.08,Drizzle: Moderate
2008-06-15 21:00:00+00:00,BOLU,14,20.6605,13.3605,3.9999998,8.669949,61.0,83.337105,930.0574,21.14,Rain: Slight
2008-06-16 21:00:00+00:00,BOLU,14,22.6105,12.160501,0.0,10.829958,3.0,71.66395,933.82355,29.52,Overcast
2008-06-17 21:00:00+00:00,BOLU,14,24.210499,14.0105,0.0,10.390226,0.0,66.7356,934.7976,29.63,Clear sky
2008-06-18 21:00:00+00:00,BOLU,14,28.6605,14.0105,0.0,8.473393,2.0,63.689106,931.4172,27.96,Partly cloudy
2008-06-19 21:00:00+00:00,BOLU,14,24.8605,16.1605,0.4,10.587917,51.0,73.828285,930.2236,24.62,Drizzle: Light
2008-06-20 21:00:00+00:00,BOLU,14,21.560501,14.6105,2.4,12.287555,53.0,87.01699,932.3235,23.13,Drizzle: Moderate
2008-06-21 21:00:00+00:00,BOLU,14,23.010502,13.410501,0.0,12.783802,3.0,80.72784,935.5288,23.95,Overcast
2008-06-22 21:00:00+00:00,BOLU,14,23.060501,12.4605,0.0,16.071491,2.0,75.28826,936.0485,29.11,Partly cloudy
2008-06-23 21:00:00+00:00,BOLU,14,26.1105,12.2605,0.0,12.496719,0.0,65.134674,933.84296,29.83,Clear sky
2008-06-24 21:00:00+00:00,BOLU,14,27.6105,15.5605,0.0,13.797912,0.0,66.30387,933.0161,27.99,Clear sky
2008-06-25 21:00:00+00:00,BOLU,14,27.6105,15.160501,0.0,12.682018,0.0,64.571175,934.1277,29.37,Clear sky
2008-06-26 21:00:00+00:00,BOLU,14,28.6605,14.5105,0.2,9.779817,51.0,71.14117,932.02216,28.11,Drizzle: Light
2008-06-27 21:00:00+00:00,BOLU,14,27.310501,16.1105,0.0,12.261158,3.0,72.12774,931.481,27.62,Overcast
2008-06-28 21:00:00+00:00,BOLU,14,24.810501,14.8105,0.90000004,14.764389,51.0,71.86344,933.0533,26.81,Drizzle: Light
2008-06-29 21:00:00+00:00,BOLU,14,23.960499,13.2605,0.0,15.39184,3.0,72.06519,933.94977,29.57,Overcast
2008-06-30 21:00:00+00:00,BOLU,14,25.510502,12.1105,0.0,15.84,0.0,63.508137,931.437,29.92,Clear sky
2008-07-01 21:00:00+00:00,BOLU,14,25.310501,13.0105,0.0,15.517629,0.0,65.57065,929.9358,29.6,Clear sky
2008-07-02 21:00:00+00:00,BOLU,14,22.4105,13.4605,0.0,15.517629,2.0,72.01673,930.4621,27.56,Partly cloudy
2008-07-03 21:00:00+00:00,BOLU,14,26.9105,10.1105,0.0,8.825508,1.0,62.1902,928.99274,30.08,Mainly clear
2008-07-04 21:00:00+00:00,BOLU,14,26.6605,14.3105,0.0,13.397612,2.0,64.02949,927.2229,29.44,Partly cloudy
2008-07-05 21:00:00+00:00,BOLU,14,22.560501,15.660501,10.499999,13.896187,63.0,83.4548,929.07306,21.05,Rain: Moderate
2008-07-06 21:00:00+00:00,BOLU,14,24.260502,12.0105,0.0,13.450708,2.0,73.9904,933.2426,27.63,Partly cloudy
2008-07-07 21:00:00+00:00,BOLU,14,27.460499,12.0105,0.0,9.504273,0.0,66.01037,929.9646,29.64,Clear sky
2008-07-08 21:00:00+00:00,BOLU,14,28.060501,15.5105,0.0,13.441071,1.0,58.53246,927.5725,28.48,Mainly clear
2008-07-09 21:00:00+00:00,BOLU,14,23.960499,14.3605,0.0,13.556282,2.0,72.06655,930.5529,25.52,Partly cloudy
2008-07-10 21:00:00+00:00,BOLU,14,24.060501,11.7105,0.0,17.298738,2.0,68.43682,932.28345,29.19,Partly cloudy
2008-07-11 21:00:00+00:00,BOLU,14,24.510502,11.6105,0.0,16.575644,0.0,68.473885,930.7525,29.26,Clear sky
2008-07-12 21:00:00+00:00,BOLU,14,25.710499,12.3605,0.0,16.563911,2.0,69.388664,930.85547,29.18,Partly cloudy
2008-07-13 21:00:00+00:00,BOLU,14,25.210499,13.2105,0.0,14.154915,2.0,72.072754,933.44244,28.35,Partly cloudy
2008-07-14 21:00:00+00:00,BOLU,14,30.3605,13.910501,0.0,9.47012,2.0,64.2045,932.3609,28.71,Partly cloudy
2008-07-15 21:00:00+00:00,BOLU,14,25.510502,15.8605,10.200001,10.829959,61.0,76.63997,927.45953,18.77,Rain: Slight
2008-07-16 21:00:00+00:00,BOLU,14,19.460499,14.8605,4.7,8.699793,53.0,86.64762,928.3999,17.72,Drizzle: Moderate
2008-07-17 21:00:00+00:00,BOLU,14,25.1105,12.410501,0.0,10.239453,2.0,73.44459,930.29987,27.3,Partly cloudy
2008-07-18 21:00:00+00:00,BOLU,14,28.710499,12.5105,0.0,11.090103,0.0,72.146484,929.95404,28.65,Clear sky
2008-07-19 21:00:00+00:00,BOLU,14,26.960499,14.8105,0.0,13.324863,1.0,71.54824,931.8719,27.33,Mainly clear
2008-07-20 21:00:00+00:00,BOLU,14,31.1105,14.3605,0.0,8.891344,0.0,66.77178,930.24664,28.66,Clear sky
2008-07-21 21:00:00+00:00,BOLU,14,30.960499,16.560501,0.0,9.983106,2.0,67.87951,927.8613,27.06,Partly cloudy
2008-07-22 21:00:00+00:00,BOLU,14,33.8605,16.9105,0.0,5.4833565,2.0,58.657536,925.1714,27.82,Partly cloudy
2008-07-23 21:00:00+00:00,BOLU,14,30.1105,19.310501,0.1,10.538843,51.0,72.22301,924.22943,24.13,Drizzle: Light
2008-07-24 21:00:00+00:00,BOLU,14,25.010502,17.4105,3.2999997,9.178235,53.0,83.94763,924.94556,17.37,Drizzle: Moderate
2008-07-25 21:00:00+00:00,BOLU,14,25.960499,16.6605,0.3,10.30883,51.0,78.01508,925.0516,22.75,Drizzle: Light
2008-07-26 21:00:00+00:00,BOLU,14,24.310501,16.2605,0.0,13.044722,2.0,71.888985,926.69073,23.43,Partly cloudy
2008-07-27 21:00:00+00:00,BOLU,14,25.260502,13.5605,0.0,12.55879,2.0,66.059845,928.3279,25.46,Partly cloudy
2008-07-28 21:00:00+00:00,BOLU,14,23.210499,14.7105,3.8999999,11.609651,61.0,82.616875,930.2017,20.35,Rain: Slight
2008-07-29 21:00:00+00:00,BOLU,14,24.960499,16.1605,0.70000005,17.339897,51.0,76.61489,933.1274,23.36,Drizzle: Light
2008-07-30 21:00:00+00:00,BOLU,14,27.060501,13.8605,0.0,17.313717,0.0,62.981903,933.7478,27.77,Clear sky
2008-07-31 21:00:00+00:00,BOLU,14,26.210499,13.9605,0.0,17.81909,1.0,66.75827,933.8731,27.33,Mainly clear
2008-08-01 21:00:00+00:00,BOLU,14,27.6605,13.9605,0.0,16.203999,2.0,66.43514,933.1738,27.11,Partly cloudy
2008-08-02 21:00:00+00:00,BOLU,14,26.8605,13.4605,0.0,16.215992,2.0,65.23183,931.00323,27.06,Partly cloudy
2008-08-03 21:00:00+00:00,BOLU,14,26.560501,15.6105,0.0,14.081478,3.0,75.666435,929.7116,22.63,Overcast
2008-08-04 21:00:00+00:00,BOLU,14,29.4105,15.160501,0.0,14.440443,2.0,62.836105,929.3264,27.2,Partly cloudy
2008-08-05 21:00:00+00:00,BOLU,14,29.210499,15.2105,0.0,15.137133,0.0,48.0044,929.3421,27.55,Clear sky
2008-08-06 21:00:00+00:00,BOLU,14,25.4105,15.410501,0.0,17.294992,1.0,65.977,930.34125,25.86,Mainly clear
2008-08-07 21:00:00+00:00,BOLU,14,27.710499,14.2105,0.0,14.05845,1.0,66.9357,928.3838,25.54,Mainly clear
2008-08-08 21:00:00+00:00,BOLU,14,29.260502,14.7105,0.3,11.631956,51.0,67.62678,926.7532,24.87,Drizzle: Light
2008-08-09 21:00:00+00:00,BOLU,14,29.010502,16.0105,0.0,12.324414,3.0,61.950542,926.57025,26.39,Overcast
2008-08-10 21:00:00+00:00,BOLU,14,28.010502,14.660501,3.3,12.10157,61.0,66.93957,925.88184,19.64,Rain: Slight
2008-08-11 21:00:00+00:00,BOLU,14,27.260502,16.560501,0.7,12.371645,53.0,73.97092,928.5689,23.4,Drizzle: Moderate
2008-08-12 21:00:00+00:00,BOLU,14,29.1605,15.6105,0.0,14.471821,2.0,72.989235,930.59674,22.91,Partly cloudy
2008-08-13 21:00:00+00:00,BOLU,14,29.310501,16.9105,0.0,15.856356,3.0,68.73879,930.9301,25.95,Overcast
2008-08-14 21:00:00+00:00,BOLU,14,27.8605,16.1605,0.0,14.113653,2.0,72.431984,927.8145,23.21,Partly cloudy
2008-08-15 21:00:00+00:00,BOLU,14,29.4105,16.6605,0.0,9.360001,2.0,71.69146,924.61523,23.7,Partly cloudy
2008-08-16 21:00:00+00:00,BOLU,14,32.4105,17.060501,0.0,10.028439,1.0,54.01938,927.1106,25.99,Mainly clear
2008-08-17 21:00:00+00:00,BOLU,14,34.2605,18.1605,0.0,11.177405,0.0,37.575195,929.99115,26.16,Clear sky
2008-08-18 21:00:00+00:00,BOLU,14,29.810501,20.1105,0.0,15.517629,1.0,47.758575,932.04755,24.06,Mainly clear
2008-08-19 21:00:00+00:00,BOLU,14,30.260502,17.310501,0.0,12.682018,2.0,66.7484,932.17706,24.33,Partly cloudy
2008-08-20 21:00:00+00:00,BOLU,14,32.7105,16.4105,0.0,10.587917,2.0,64.40392,931.65607,23.4,Partly cloudy
2008-08-21 21:00:00+00:00,BOLU,14,31.9105,19.8605,0.3,13.493999,51.0,68.29702,931.1638,22.38,Drizzle: Light
2008-08-22 21:00:00+00:00,BOLU,14,32.3605,19.260502,0.0,11.659777,3.0,66.10259,928.8603,21.73,Overcast
2008-08-23 21:00:00+00:00,BOLU,14,33.5605,19.4105,0.1,10.966713,51.0,57.832317,926.4265,22.56,Drizzle: Light
2008-08-24 21:00:00+00:00,BOLU,14,30.1605,20.6105,0.0,13.363711,1.0,59.55933,931.42944,23.55,Mainly clear
2008-08-25 21:00:00+00:00,BOLU,14,30.210499,19.3605,0.0,13.679999,2.0,70.4817,934.9163,20.33,Partly cloudy
2008-08-26 21:00:00+00:00,BOLU,14,29.460499,18.810501,0.0,15.629972,3.0,73.461266,935.8443,20.54,Overcast
2008-08-27 21:00:00+00:00,BOLU,14,31.6605,17.460499,0.0,11.726277,2.0,65.38925,933.04,22.01,Partly cloudy
2008-08-28 21:00:00+00:00,BOLU,14,32.1105,19.310501,1.2,9.346143,55.0,61.78152,929.4358,20.82,Drizzle: Dense
2008-08-29 21:00:00+00:00,BOLU,14,27.310501,17.810501,0.5,10.787993,51.0,73.046165,929.4412,20.6,Drizzle: Light
2008-08-30 21:00:00+00:00,BOLU,14,23.810501,14.8105,0.70000005,17.106628,51.0,74.92115,932.89526,18.22,Drizzle: Light
2008-08-31 21:00:00+00:00,BOLU,14,25.460499,13.160501,0.0,14.205182,2.0,70.33831,934.1091,20.53,Partly cloudy
2008-09-01 21:00:00+00:00,BOLU,14,28.1605,14.5105,0.0,9.885262,2.0,64.72802,932.60986,21.84,Partly cloudy
2008-09-02 21:00:00+00:00,BOLU,14,27.1105,15.0605,0.0,12.074766,3.0,69.45736,932.2129,21.1,Overcast
2008-09-03 21:00:00+00:00,BOLU,14,27.9105,14.8605,0.0,10.739833,2.0,68.05344,932.7886,20.35,Partly cloudy
2008-09-04 21:00:00+00:00,BOLU,14,28.1605,15.0605,0.0,12.496719,3.0,68.92387,933.9963,21.03,Overcast
2008-09-05 21:00:00+00:00,BOLU,14,29.060501,13.4605,0.0,11.928989,0.0,61.233143,933.1946,21.33,Clear sky
2008-09-06 21:00:00+00:00,BOLU,14,28.3605,14.8605,0.0,12.620554,2.0,61.35983,931.519,20.74,Partly cloudy
2008-09-07 21:00:00+00:00,BOLU,14,27.710499,15.660501,0.0,14.154915,2.0,63.519573,931.18585,21.65,Partly cloudy
2008-09-08 21:00:00+00:00,BOLU,14,26.060501,13.9605,0.0,14.205182,0.0,67.03106,931.10376,21.17,Clear sky
2008-09-09 21:00:00+00:00,BOLU,14,23.8605,14.2105,0.0,14.934577,2.0,75.972626,932.7929,17.55,Partly cloudy
2008-09-10 21:00:00+00:00,BOLU,14,24.6605,11.5605,0.0,10.823973,3.0,68.11647,931.64966,20.96,Overcast
2008-09-11 21:00:00+00:00,BOLU,14,28.010502,12.2105,0.0,10.383987,0.0,57.88502,927.696,20.94,Clear sky
2008-09-12 21:00:00+00:00,BOLU,14,30.210499,13.7605,0.0,10.1887,2.0,50.292847,928.9888,20.17,Partly cloudy
2008-09-13 21:00:00+00:00,BOLU,14,27.060501,16.6605,0.1,12.738099,51.0,60.91553,932.08545,15.0,Drizzle: Light
2008-09-14 21:00:00+00:00,BOLU,14,31.810501,13.910501,0.6,10.883676,53.0,61.38603,932.07,19.93,Drizzle: Moderate
2008-09-15 21:00:00+00:00,BOLU,14,30.9105,16.460499,0.7,10.587918,53.0,53.538208,927.99927,19.06,Drizzle: Moderate
2008-09-16 21:00:00+00:00,BOLU,14,28.960499,15.8605,12.700001,8.217153,63.0,61.659454,925.89404,17.01,Rain: Moderate
2008-09-17 21:00:00+00:00,BOLU,14,17.460499,11.5605,19.4,14.471821,63.0,91.45935,928.2898,11.31,Rain: Moderate
2008-09-18 21:00:00+00:00,BOLU,14,18.9105,10.410501,0.9,8.225035,51.0,81.23562,930.1507,13.81,Drizzle: Light
2008-09-19 21:00:00+00:00,BOLU,14,21.6105,11.3605,4.2,5.6233797,55.0,81.28367,927.187,12.68,Drizzle: Dense
2008-09-20 21:00:00+00:00,BOLU,14,18.9105,13.4605,19.0,11.183201,61.0,93.072266,924.893,7.37,Rain: Slight
2008-09-21 21:00:00+00:00,BOLU,14,15.160501,11.2105,18.800001,6.924738,61.0,96.496185,927.54474,8.05,Rain: Slight
2008-09-22 21:00:00+00:00,BOLU,14,16.810501,10.3605,5.5,6.489992,61.0,93.019905,927.1682,14.09,Rain: Slight
2008-09-23 21:00:00+00:00,BOLU,14,17.710499,9.2605,0.2,8.049845,51.0,84.964424,930.9548,14.44,Drizzle: Light
2008-09-24 21:00:00+00:00,BOLU,14,22.260502,7.8605003,0.4,6.193674,51.0,74.010796,930.2969,16.93,Drizzle: Light
2008-09-25 21:00:00+00:00,BOLU,14,22.6105,11.660501,12.800001,8.78872,63.0,85.8841,927.3614,13.19,Rain: Moderate
2008-09-26 21:00:00+00:00,BOLU,14,15.5605,11.160501,10.6,9.1641035,61.0,94.81057,928.53546,6.36,Rain: Slight
2008-09-27 21:00:00+00:00,BOLU,14,14.8605,10.660501,8.7,7.42159,55.0,92.498634,933.4951,9.48,Drizzle: Dense
2008-09-28 21:00:00+00:00,BOLU,14,13.5605,9.6105,16.9,8.209263,61.0,94.530914,930.0654,4.76,Rain: Slight
2008-09-29 21:00:00+00:00,BOLU,14,13.2605,7.5605,4.3,10.97262,51.0,91.23951,932.59247,10.75,Drizzle: Light
2008-09-30 21:00:00+00:00,BOLU,14,17.9105,4.1605,0.0,7.4128532,2.0,77.18191,934.1457,17.44,Partly cloudy
2008-10-01 21:00:00+00:00,BOLU,14,19.760502,6.6605,0.0,6.9247384,0.0,71.55364,934.04034,17.65,Clear sky
2008-10-02 21:00:00+00:00,BOLU,14,22.1105,9.4105,0.90000004,9.178235,51.0,75.258415,931.3372,12.56,Drizzle: Light
2008-10-03 21:00:00+00:00,BOLU,14,21.8605,11.7105,3.0,9.83268,53.0,83.81169,930.3428,14.09,Drizzle: Moderate
2008-10-04 21:00:00+00:00,BOLU,14,23.1105,11.5105,7.1999993,20.345573,61.0,78.43271,928.15015,14.26,Rain: Slight
2008-10-05 21:00:00+00:00,BOLU,14,17.3605,8.1605,0.4,15.683774,51.0,78.55369,930.7539,11.47,Drizzle: Light
2008-10-06 21:00:00+00:00,BOLU,14,15.8605,7.1105003,0.0,12.620554,3.0,80.59851,932.44336,13.82,Overcast
2008-10-07 21:00:00+00:00,BOLU,14,17.1105,7.8605003,0.0,6.830519,2.0,81.51922,934.0579,13.55,Partly cloudy
2008-10-08 21:00:00+00:00,BOLU,14,16.7605,8.1605,0.0,9.47012,2.0,85.40443,937.5799,13.31,Partly cloudy
2008-10-09 21:00:00+00:00,BOLU,14,15.3605,8.3105,0.1,11.525623,51.0,85.64562,941.03864,11.31,Drizzle: Light
2008-10-10 21:00:00+00:00,BOLU,14,14.3605,7.8105,2.4999998,13.570615,51.0,89.24984,940.695,10.5,Drizzle: Light
2008-10-11 21:00:00+00:00,BOLU,14,15.6105,6.4605002,0.0,11.770403,3.0,80.86976,939.72675,14.54,Overcast
2008-10-12 21:00:00+00:00,BOLU,14,19.960499,4.5105,0.0,6.130579,2.0,77.322556,936.76337,15.52,Partly cloudy
2008-10-13 21:00:00+00:00,BOLU,14,24.3605,7.3605003,0.2,7.8954163,51.0,68.45472,935.69147,15.04,Drizzle: Light
2008-10-14 21:00:00+00:00,BOLU,14,17.4105,12.7605,26.1,10.009036,63.0,93.96104,931.29767,6.36,Rain: Moderate
2008-10-15 21:00:00+00:00,BOLU,14,15.160501,9.1605,7.999999,9.673221,61.0,92.26168,934.0312,8.31,Rain: Slight
2008-10-16 21:00:00+00:00,BOLU,14,19.060501,7.0105,0.0,8.534353,3.0,81.897064,932.4673,14.62,Overcast
2008-10-17 21:00:00+00:00,BOLU,14,19.760502,7.7105002,0.8,8.942214,51.0,81.83558,935.8655,13.44,Drizzle: Light
2008-10-18 21:00:00+00:00,BOLU,14,19.6605,11.660501,0.0,7.2,3.0,86.43687,940.00275,12.35,Overcast
2008-10-19 21:00:00+00:00,BOLU,14,18.560501,9.8605,0.0,8.311245,3.0,84.5441,937.3943,12.8,Overcast
2008-10-20 21:00:00+00:00,BOLU,14,16.5105,8.5105,0.0,9.36,3.0,79.60221,934.17316,12.61,Overcast
2008-10-21 21:00:00+00:00,BOLU,14,17.2605,6.2605,0.0,7.69592,3.0,84.15627,933.2529,13.33,Overcast
2008-10-22 21:00:00+00:00,BOLU,14,14.4605,8.0605,0.1,9.107359,51.0,86.3266,934.0384,11.15,Drizzle: Light
2008-10-23 21:00:00+00:00,BOLU,14,12.7105,6.8105,0.0,9.3669195,3.0,83.38082,935.9073,11.36,Overcast
2008-10-24 21:00:00+00:00,BOLU,14,14.0605,5.6105003,0.90000004,8.350138,51.0,86.62274,936.85474,8.79,Drizzle: Light
2008-10-25 21:00:00+00:00,BOLU,14,14.160501,8.5105,5.0,6.489992,61.0,91.71472,935.56915,8.18,Rain: Slight
2008-10-26 21:00:00+00:00,BOLU,14,14.0105,9.0605,3.3999999,7.42159,53.0,91.931,931.17725,8.77,Drizzle: Moderate
2008-10-27 21:00:00+00:00,BOLU,14,12.2105,8.6605,1.5000001,7.5170207,51.0,94.68638,932.1286,5.34,Drizzle: Light
2008-10-28 21:00:00+00:00,BOLU,14,17.8605,7.6605,0.0,6.792466,3.0,83.751015,935.5782,11.89,Overcast
2008-10-29 21:00:00+00:00,BOLU,14,18.960499,5.2605,0.0,9.504273,2.0,77.10136,934.3706,12.38,Partly cloudy
2008-10-30 21:00:00+00:00,BOLU,14,20.9105,7.6605,0.0,9.659814,3.0,73.726036,936.2055,9.39,Overcast
2008-10-31 21:00:00+00:00,BOLU,14,20.1605,9.8605,0.0,6.193674,0.0,72.63755,939.30646,12.24,Clear sky
2008-11-01 21:00:00+00:00,BOLU,14,21.010502,7.6105003,0.1,8.049845,51.0,74.62665,935.21875,11.38,Drizzle: Light
2008-11-02 21:00:00+00:00,BOLU,14,20.1105,9.5605,0.0,7.628263,3.0,73.919075,934.79987,11.47,Overcast
2008-11-03 21:00:00+00:00,BOLU,14,17.4105,8.0605,0.0,5.7599998,3.0,73.30662,938.9598,11.1,Overcast
2008-11-04 21:00:00+00:00,BOLU,14,19.1105,5.8605003,0.0,5.1919937,2.0,69.56683,938.882,11.83,Partly cloudy
2008-11-05 21:00:00+00:00,BOLU,14,18.0105,6.4605002,0.0,6.989936,3.0,71.51181,934.9537,10.48,Overcast
2008-11-06 21:00:00+00:00,BOLU,14,16.2605,7.4105,0.0,6.849467,3.0,82.469894,936.39105,10.17,Overcast
2008-11-07 21:00:00+00:00,BOLU,14,16.4105,4.6105003,0.0,5.2416787,3.0,82.23174,937.6641,10.53,Overcast
2008-11-08 21:00:00+00:00,BOLU,14,15.660501,6.3105,0.0,6.28713,3.0,83.60318,939.86505,10.06,Overcast
2008-11-09 21:00:00+00:00,BOLU,14,14.1105,2.7105002,0.0,5.0911684,2.0,70.29847,939.1336,10.81,Partly cloudy
2008-11-10 21:00:00+00:00,BOLU,14,14.0605,0.5105002,0.0,5.3999996,0.0,68.427,936.0794,11.31,Clear sky
2008-11-11 21:00:00+00:00,BOLU,14,15.160501,3.1105,0.4,4.6938252,51.0,78.03455,933.8042,10.03,Drizzle: Light
2008-11-12 21:00:00+00:00,BOLU,14,11.5105,6.3105,3.3999999,7.10031,53.0,93.48116,934.5703,6.01,Drizzle: Moderate
2008-11-13 21:00:00+00:00,BOLU,14,13.160501,5.6605,0.0,4.6102495,3.0,86.89511,937.6426,7.32,Overcast
2008-11-14 21:00:00+00:00,BOLU,14,12.8105,4.6605,0.1,5.904439,51.0,85.26109,938.98627,7.38,Drizzle: Light
2008-11-15 21:00:00+00:00,BOLU,14,13.1105,3.1105,0.0,5.6920996,3.0,83.91802,937.5699,9.44,Overcast
2008-11-16 21:00:00+00:00,BOLU,14,13.1105,1.4105002,0.0,7.42159,3.0,81.34977,931.59015,9.32,Overcast
2008-11-17 21:00:00+00:00,BOLU,14,9.1605,4.4605002,5.799999,5.3999996,73.0,95.1506,930.081,4.4,Snow fall: Moderate
2008-11-18 21:00:00+00:00,BOLU,14,13.2105,3.5605001,2.2,7.4128532,53.0,94.40461,928.60736,5.69,Drizzle: Moderate
2008-11-19 21:00:00+00:00,BOLU,14,10.2105,4.7605,8.0,6.439876,55.0,97.51834,929.3378,3.23,Drizzle: Dense
2008-11-20 21:00:00+00:00,BOLU,14,11.8105,5.4605002,0.0,16.279802,2.0,79.11887,926.3742,8.2,Partly cloudy
2008-11-21 21:00:00+00:00,BOLU,14,15.0105,5.8605003,0.0,31.68818,3.0,70.7828,913.64777,8.22,Overcast
2008-11-22 21:00:00+00:00,BOLU,14,11.410501,2.0605001,19.500002,20.49156,75.0,76.55416,919.1743,7.48,Snow fall: Heavy
2008-11-23 21:00:00+00:00,BOLU,14,9.5605,1.3105001,9.900001,8.699793,75.0,88.32083,926.6907,7.82,Snow fall: Heavy
2008-11-24 21:00:00+00:00,BOLU,14,9.5605,2.1105,0.0,10.805998,2.0,93.02334,930.4075,9.11,Partly cloudy
2008-11-25 21:00:00+00:00,BOLU,14,15.5605,2.4605002,0.0,11.304229,2.0,85.46024,929.70386,8.63,Partly cloudy
2008-11-26 21:00:00+00:00,BOLU,14,8.7605,2.8105001,18.599998,8.473393,71.0,97.744896,932.68463,2.35,Snow fall: Slight
2008-11-27 21:00:00+00:00,BOLU,14,4.2605,-0.08949995,5.2999997,7.208994,71.0,91.22581,935.59796,5.21,Snow fall: Slight
2008-11-28 21:00:00+00:00,BOLU,14,7.4105,-4.2894998,0.4,11.874544,51.0,77.72898,932.5274,8.43,Drizzle: Light
2008-11-29 21:00:00+00:00,BOLU,14,12.2605,2.9605002,0.4,11.113451,71.0,88.33701,934.4505,5.95,Snow fall: Slight
2008-11-30 21:00:00+00:00,BOLU,14,12.8105,3.1105,0.0,9.726665,3.0,85.91904,935.8631,8.17,Overcast
2008-12-01 21:00:00+00:00,BOLU,14,14.2105,1.3105001,0.0,10.144082,3.0,79.92826,934.9964,8.85,Overcast
2008-12-02 21:00:00+00:00,BOLU,14,17.4105,3.0605001,0.0,11.592895,1.0,76.317604,933.4965,8.54,Mainly clear
2008-12-03 21:00:00+00:00,BOLU,14,16.4105,4.3105,0.0,13.53236,3.0,63.565323,931.9729,7.73,Overcast
2008-12-04 21:00:00+00:00,BOLU,14,16.060501,4.4105,0.0,13.0447235,3.0,61.440777,933.4532,6.0,Overcast
2008-12-05 21:00:00+00:00,BOLU,14,17.6105,3.6605,0.0,11.113451,3.0,69.8625,934.44855,6.4,Overcast
2008-12-06 21:00:00+00:00,BOLU,14,16.5105,6.8105,0.0,11.090103,3.0,64.72811,925.8704,6.66,Overcast
2008-12-07 21:00:00+00:00,BOLU,14,8.1605,3.0605001,13.4,7.42159,71.0,94.61572,926.92773,4.47,Snow fall: Slight
2008-12-08 21:00:00+00:00,BOLU,14,3.9605002,-0.93949986,6.3,8.435069,73.0,95.14319,932.17773,6.03,Snow fall: Moderate
2008-12-09 21:00:00+00:00,BOLU,14,4.6105003,-1.6394999,0.0,6.763786,2.0,82.31002,939.5544,8.05,Partly cloudy
2008-12-10 21:00:00+00:00,BOLU,14,8.6605,-2.7395,0.0,9.83268,0.0,68.21714,940.0632,8.86,Clear sky
2008-12-11 21:00:00+00:00,BOLU,14,10.660501,-2.8395,0.0,12.074766,3.0,49.9727,931.9747,7.87,Overcast
2008-12-12 21:00:00+00:00,BOLU,14,9.6105,-0.68949986,2.4999998,8.707237,53.0,65.31716,929.5965,5.18,Drizzle: Moderate
2008-12-13 21:00:00+00:00,BOLU,14,10.7605,1.3605001,0.0,5.6233797,3.0,85.64451,933.23724,7.43,Overcast
2008-12-14 21:00:00+00:00,BOLU,14,10.660501,1.2105001,0.0,6.12,3.0,87.06841,936.821,8.22,Overcast
2008-12-15 21:00:00+00:00,BOLU,14,9.4105,0.41050017,0.0,5.315336,3.0,89.13171,939.0888,6.71,Overcast
2008-12-16 21:00:00+00:00,BOLU,14,11.3605,-0.28949976,0.0,8.699793,2.0,81.23936,936.93036,7.61,Partly cloudy
2008-12-17 21:00:00+00:00,BOLU,14,12.910501,0.91050017,0.5,12.10157,51.0,76.11802,933.4897,4.29,Drizzle: Light
2008-12-18 21:00:00+00:00,BOLU,14,13.2105,0.8605001,0.1,8.39657,51.0,81.60108,930.934,7.72,Drizzle: Light
2008-12-19 21:00:00+00:00,BOLU,14,10.5105,1.4105002,6.9,6.439876,73.0,88.49398,927.03735,5.24,Snow fall: Moderate
2008-12-20 21:00:00+00:00,BOLU,14,4.9105,1.8605001,15.399999,6.3690495,73.0,98.78708,925.4672,1.89,Snow fall: Moderate
2008-12-21 21:00:00+00:00,BOLU,14,4.3605003,0.8605001,2.7,11.384199,51.0,95.64853,929.16797,2.81,Drizzle: Light
2008-12-22 21:00:00+00:00,BOLU,14,3.0105002,0.56050014,7.600001,8.209263,73.0,94.215034,926.699,2.83,Snow fall: Moderate
2008-12-23 21:00:00+00:00,BOLU,14,1.4605001,-2.2894998,20.099998,18.844202,75.0,95.663,924.1778,3.52,Snow fall: Heavy
2008-12-24 21:00:00+00:00,BOLU,14,-1.4394999,-11.6395,3.5,14.113652,73.0,84.98997,933.4864,8.39,Snow fall: Moderate
2008-12-25 21:00:00+00:00,BOLU,14,0.46050012,-15.2895,0.3,7.4128532,71.0,79.322296,936.9859,9.34,Snow fall: Slight
2008-12-26 21:00:00+00:00,BOLU,14,-0.9894998,-7.1895,0.8000001,6.28713,71.0,88.28861,939.8222,7.11,Snow fall: Slight
2008-12-27 21:00:00+00:00,BOLU,14,-0.53949976,-5.5895,2.5999997,5.4477882,73.0,91.44223,936.36896,4.06,Snow fall: Moderate
2008-12-28 21:00:00+00:00,BOLU,14,-1.6894999,-6.5894995,0.5,7.8625183,71.0,90.9813,937.69684,8.48,Snow fall: Slight
2008-12-29 21:00:00+00:00,BOLU,14,-3.2894998,-9.1395,0.5,6.6087217,73.0,88.84134,940.88116,8.52,Snow fall: Moderate
2008-12-30 21:00:00+00:00,BOLU,14,-4.4895,-10.4395,1.6000001,5.495161,73.0,86.87502,940.1404,9.13,Snow fall: Moderate
2008-12-31 21:00:00+00:00,BOLU,14,-1.8894999,-12.9895,0.0,10.163227,71.0,86.91711,936.5881,6.74,Snow fall: Slight
2009-01-01 21:00:00+00:00,BOLU,14,-0.83949995,-13.6395,0.90000004,11.753877,73.0,84.660225,932.1514,6.21,Snow fall: Moderate
2009-01-02 21:00:00+00:00,BOLU,14,2.8605,-2.9394999,2.7000003,8.891344,73.0,91.676155,932.23364,4.24,Snow fall: Moderate
2009-01-03 21:00:00+00:00,BOLU,14,3.3605,0.010500193,9.5,7.928178,73.0,96.965935,927.5379,2.4,Snow fall: Moderate
2009-01-04 21:00:00+00:00,BOLU,14,3.1605,1.5105002,11.0,6.9899354,75.0,97.394936,926.2573,3.12,Snow fall: Heavy
2009-01-05 21:00:00+00:00,BOLU,14,2.8605,1.0105002,16.1,6.151683,75.0,98.62908,925.65894,1.64,Snow fall: Heavy
2009-01-06 21:00:00+00:00,BOLU,14,1.1105001,-5.9895,1.6000001,7.289444,71.0,92.08722,931.44214,7.23,Snow fall: Slight
2009-01-07 21:00:00+00:00,BOLU,14,2.3605,-10.589499,0.0,7.9036193,3.0,83.96413,933.17926,9.57,Overcast
2009-01-08 21:00:00+00:00,BOLU,14,-1.0394998,-7.5395,4.6,9.531505,73.0,85.73342,940.8994,7.35,Snow fall: Moderate
2009-01-09 21:00:00+00:00,BOLU,14,1.9605001,-10.1895,0.0,7.0911775,3.0,84.50141,936.69037,9.6,Overcast
2009-01-10 21:00:00+00:00,BOLU,14,-0.53949976,-6.5395,3.5999997,7.928177,73.0,90.53183,941.4043,6.5,Snow fall: Moderate
2009-01-11 21:00:00+00:00,BOLU,14,2.5105002,-11.589499,0.0,7.289445,3.0,73.313484,945.0661,9.89,Overcast
2009-01-12 21:00:00+00:00,BOLU,14,6.1605,-10.6395,0.0,11.753877,3.0,68.39414,941.9294,10.51,Overcast
2009-01-13 21:00:00+00:00,BOLU,14,5.7105002,-9.839499,0.0,12.594856,3.0,69.096214,936.8792,8.52,Overcast
2009-01-14 21:00:00+00:00,BOLU,14,10.2105,-1.9895,0.4,13.089354,51.0,81.60303,935.38275,9.82,Drizzle: Light
2009-01-15 21:00:00+00:00,BOLU,14,9.460501,-4.5394998,1.7,9.19939,73.0,80.99879,929.3382,8.04,Snow fall: Moderate
2009-01-16 21:00:00+00:00,BOLU,14,3.8605,-2.9895,16.300001,9.686609,73.0,97.012634,931.5263,4.76,Snow fall: Moderate
2009-01-17 21:00:00+00:00,BOLU,14,2.4605002,-9.4395,0.1,7.2359104,71.0,83.16464,934.07074,10.47,Snow fall: Slight
2009-01-18 21:00:00+00:00,BOLU,14,5.3605003,-9.089499,0.0,7.4128532,71.0,80.326836,928.5241,8.67,Snow fall: Slight
2009-01-19 21:00:00+00:00,BOLU,14,7.1105003,-4.1394997,0.0,8.854829,1.0,88.67339,930.14355,10.1,Mainly clear
2009-01-20 21:00:00+00:00,BOLU,14,8.460501,-3.7894998,0.0,10.495713,3.0,84.74741,931.78546,10.25,Overcast
2009-01-21 21:00:00+00:00,BOLU,14,9.8605,-1.8894999,0.0,11.119281,3.0,78.31404,930.3853,10.49,Overcast
2009-01-22 21:00:00+00:00,BOLU,14,8.460501,0.46050012,3.1999998,22.206486,53.0,76.79446,918.9888,2.43,Drizzle: Moderate
2009-01-23 21:00:00+00:00,BOLU,14,7.4105,3.1605,2.6000001,16.24394,73.0,90.414116,913.7586,4.73,Snow fall: Moderate
2009-01-24 21:00:00+00:00,BOLU,14,6.9605002,2.1105,5.7,12.43434,71.0,97.98502,916.0557,4.08,Snow fall: Slight
2009-01-25 21:00:00+00:00,BOLU,14,9.7605,3.6605,3.7,19.523155,55.0,89.612724,918.46625,9.46,Drizzle: Dense
2009-01-26 21:00:00+00:00,BOLU,14,8.710501,0.41050017,0.4,12.397806,51.0,91.17466,927.3367,8.15,Drizzle: Light
2009-01-27 21:00:00+00:00,BOLU,14,8.8605,1.9605001,4.0,11.726277,55.0,86.84067,922.971,6.76,Drizzle: Dense
2009-01-28 21:00:00+00:00,BOLU,14,4.7105002,2.1105,24.900002,9.387651,73.0,97.74854,919.6921,1.54,Snow fall: Moderate
2009-01-29 21:00:00+00:00,BOLU,14,4.8105,1.0605001,2.4,7.7043357,71.0,94.718376,922.43536,6.49,Snow fall: Slight
2009-01-30 21:00:00+00:00,BOLU,14,3.1105,-0.93949986,1.0000001,7.386582,71.0,92.55976,925.09717,6.59,Snow fall: Slight
2009-01-31 21:00:00+00:00,BOLU,14,4.8105,-0.3894999,0.0,5.8048253,3.0,87.95524,930.1241,7.82,Overcast
2009-02-01 21:00:00+00:00,BOLU,14,6.2105002,0.8605001,0.0,7.289444,3.0,85.131355,934.45135,8.69,Overcast
2009-02-02 21:00:00+00:00,BOLU,14,8.5605,-0.7394998,0.0,9.021574,3.0,86.10114,934.84186,6.9,Overcast
2009-02-03 21:00:00+00:00,BOLU,14,10.2605,-0.03949976,0.0,12.55879,3.0,85.10849,928.0893,10.84,Overcast
2009-02-04 21:00:00+00:00,BOLU,14,9.5105,1.4105002,0.3,10.630672,51.0,87.764,924.91534,7.95,Drizzle: Light
2009-02-05 21:00:00+00:00,BOLU,14,9.4105,0.16050017,1.2,6.9247384,51.0,91.320854,924.97906,9.53,Drizzle: Light
2009-02-06 21:00:00+00:00,BOLU,14,9.0105,0.8605001,1.8,9.339208,55.0,90.10453,923.3215,8.41,Drizzle: Dense
2009-02-07 21:00:00+00:00,BOLU,14,8.5605,2.4605002,14.0,14.404499,61.0,95.60667,920.88776,2.52,Rain: Slight
2009-02-08 21:00:00+00:00,BOLU,14,8.1605,3.2605002,11.8,12.287555,73.0,95.39724,918.5953,4.29,Snow fall: Moderate
2009-02-09 21:00:00+00:00,BOLU,14,4.9105,0.81050014,17.0,10.739832,73.0,98.890144,920.3308,4.74,Snow fall: Moderate
2009-02-10 21:00:00+00:00,BOLU,14,6.4105,-4.3395,0.0,11.609651,3.0,86.193756,922.43353,10.42,Overcast
2009-02-11 21:00:00+00:00,BOLU,14,9.1105,1.3605001,3.0000002,21.67487,55.0,80.029655,917.8924,8.15,Drizzle: Dense
2009-02-12 21:00:00+00:00,BOLU,14,7.2105002,2.1605,9.7,18.03237,73.0,86.3053,919.7392,6.51,Snow fall: Moderate
2009-02-13 21:00:00+00:00,BOLU,14,6.0605,0.91050017,9.400001,11.631956,73.0,96.8953,917.0927,5.87,Snow fall: Moderate
2009-02-14 21:00:00+00:00,BOLU,14,3.6605,-0.08949995,16.699999,7.7879906,73.0,96.43684,919.99713,5.61,Snow fall: Moderate
2009-02-15 21:00:00+00:00,BOLU,14,2.1105,-2.4895,8.000001,8.0899935,73.0,93.26615,926.98535,10.11,Snow fall: Moderate
2009-02-16 21:00:00+00:00,BOLU,14,2.3105001,-2.3894997,0.5,9.028754,71.0,74.374146,930.51495,12.55,Snow fall: Slight
2009-02-17 21:00:00+00:00,BOLU,14,5.2105002,-0.93949986,0.3,13.37825,71.0,63.41985,928.7535,13.81,Snow fall: Slight
2009-02-18 21:00:00+00:00,BOLU,14,6.1605,-1.2394998,6.1000004,12.904882,73.0,81.54812,923.0698,7.67,Snow fall: Moderate
2009-02-19 21:00:00+00:00,BOLU,14,4.8605003,-0.33949995,7.3999996,9.339208,73.0,96.61916,918.9033,8.1,Snow fall: Moderate
2009-02-20 21:00:00+00:00,BOLU,14,1.7105001,-1.7394998,7.4000006,10.195057,73.0,93.56985,923.93555,5.45,Snow fall: Moderate
2009-02-21 21:00:00+00:00,BOLU,14,1.5105002,-4.0394998,3.199999,8.311245,73.0,85.03738,927.6253,11.15,Snow fall: Moderate
2009-02-22 21:00:00+00:00,BOLU,14,3.7105002,-2.5394998,2.2000003,6.1305785,73.0,82.75634,925.0645,10.58,Snow fall: Moderate
2009-02-23 21:00:00+00:00,BOLU,14,2.8105001,-0.78949976,8.9,8.714677,73.0,91.690216,926.4783,7.62,Snow fall: Moderate
2009-02-24 21:00:00+00:00,BOLU,14,4.4105,-2.0895,0.1,7.771331,71.0,85.908806,931.7735,11.16,Snow fall: Slight
2009-02-25 21:00:00+00:00,BOLU,14,3.2105002,-0.33949995,10.4,9.957108,73.0,91.22183,927.02875,5.0,Snow fall: Moderate
2009-02-26 21:00:00+00:00,BOLU,14,1.4105002,-1.8395,15.899999,8.0899935,75.0,95.64737,922.1586,7.06,Snow fall: Heavy
2009-02-27 21:00:00+00:00,BOLU,14,1.1605002,-5.4395,1.6000001,10.144082,73.0,89.96585,924.96606,13.14,Snow fall: Moderate
2009-02-28 21:00:00+00:00,BOLU,14,2.4605002,-3.9895,1.1,11.631956,71.0,84.77227,931.3115,13.1,Snow fall: Slight
2009-03-01 21:00:00+00:00,BOLU,14,4.1105003,-2.8395,11.2,12.979984,73.0,92.13442,930.1572,4.96,Snow fall: Moderate
2009-03-02 21:00:00+00:00,BOLU,14,5.9105,0.3605001,1.3000001,8.714677,71.0,90.48371,930.9453,12.34,Snow fall: Slight
2009-03-03 21:00:00+00:00,BOLU,14,7.2105002,0.21050012,2.2,7.729527,71.0,94.66144,930.6191,10.92,Snow fall: Slight
2009-03-04 21:00:00+00:00,BOLU,14,9.4105,-2.1394997,1.5,15.463246,53.0,88.71509,924.1392,12.46,Drizzle: Moderate
2009-03-05 21:00:00+00:00,BOLU,14,14.5105,3.9605002,1.2,26.807312,51.0,77.244774,917.68695,12.47,Drizzle: Light
2009-03-06 21:00:00+00:00,BOLU,14,13.2605,5.7605,8.3,13.281023,61.0,77.64654,916.3143,11.58,Rain: Slight
2009-03-07 21:00:00+00:00,BOLU,14,9.7605,2.7605002,16.9,8.854829,75.0,87.91447,917.91254,16.45,Snow fall: Heavy
2009-03-08 21:00:00+00:00,BOLU,14,8.1105,3.1605,7.8000007,7.5942073,71.0,94.31008,921.86115,14.71,Snow fall: Slight
2009-03-09 21:00:00+00:00,BOLU,14,9.210501,-0.7394998,9.699999,17.447933,73.0,92.26444,922.0903,11.78,Snow fall: Moderate
2009-03-10 21:00:00+00:00,BOLU,14,5.3605003,1.4105002,3.2,15.844089,73.0,84.92617,929.1597,9.79,Snow fall: Moderate
2009-03-11 21:00:00+00:00,BOLU,14,9.7605,0.41050017,0.0,6.989936,3.0,72.26726,928.1616,17.0,Overcast
2009-03-12 21:00:00+00:00,BOLU,14,5.4605002,-0.2394998,5.8000007,9.422101,73.0,91.644035,923.95917,7.89,Snow fall: Moderate
2009-03-13 21:00:00+00:00,BOLU,14,4.8105,-1.2894998,4.7,10.086427,73.0,90.917,925.29584,13.67,Snow fall: Moderate
2009-03-14 21:00:00+00:00,BOLU,14,2.6105,-1.9394999,8.500001,12.287555,73.0,90.80591,931.1919,14.46,Snow fall: Moderate
2009-03-15 21:00:00+00:00,BOLU,14,2.8605,-1.6894999,5.0,9.565437,73.0,87.771614,933.8388,12.23,Snow fall: Moderate
2009-03-16 21:00:00+00:00,BOLU,14,4.8605003,-1.2394998,0.70000005,9.0,71.0,82.80461,934.20575,15.27,Snow fall: Slight
2009-03-17 21:00:00+00:00,BOLU,14,4.2105002,0.41050017,5.2,7.42159,73.0,84.38505,927.75714,12.03,Snow fall: Moderate
2009-03-18 21:00:00+00:00,BOLU,14,2.0105002,-1.6394999,13.599999,14.05845,75.0,91.306244,922.7234,8.6,Snow fall: Heavy
2009-03-19 21:00:00+00:00,BOLU,14,3.9605002,-3.7894998,0.6,10.239453,73.0,77.38051,932.5705,19.81,Snow fall: Moderate
2009-03-20 21:00:00+00:00,BOLU,14,7.5105,-2.6894999,0.0,7.10031,3.0,61.565716,929.82275,19.0,Overcast
2009-03-21 21:00:00+00:00,BOLU,14,6.9605002,-0.28949976,12.299999,9.746631,73.0,84.61636,921.08307,10.73,Snow fall: Moderate
2009-03-22 21:00:00+00:00,BOLU,14,5.2605,-0.28949976,9.1,8.534353,73.0,96.08984,918.44,11.22,Snow fall: Moderate
2009-03-23 21:00:00+00:00,BOLU,14,8.1105,-1.4894998,0.0,12.387348,3.0,76.86471,920.2002,17.08,Overcast
2009-03-24 21:00:00+00:00,BOLU,14,10.9605,-1.1894999,3.4,23.224882,53.0,75.34023,919.7491,17.75,Drizzle: Moderate
2009-03-25 21:00:00+00:00,BOLU,14,8.210501,2.5105002,9.5,10.739833,71.0,95.30721,920.94794,11.25,Snow fall: Slight
2009-03-26 21:00:00+00:00,BOLU,14,2.9605002,-2.8395,14.999997,11.592895,75.0,92.02355,925.3774,13.28,Snow fall: Heavy
2009-03-27 21:00:00+00:00,BOLU,14,4.1105003,-2.9895,0.0,11.177405,2.0,73.81116,932.1509,19.24,Partly cloudy
2009-03-28 21:00:00+00:00,BOLU,14,12.660501,-0.43949986,0.0,8.4042845,3.0,66.5217,935.7657,22.59,Overcast
2009-03-29 21:00:00+00:00,BOLU,14,15.0605,0.3605001,0.0,10.630672,3.0,78.70875,933.2574,10.42,Overcast
2009-03-30 21:00:00+00:00,BOLU,14,16.3605,5.7605,0.0,8.473393,3.0,82.87521,932.1406,17.43,Overcast
2009-03-31 21:00:00+00:00,BOLU,14,17.4105,6.3105,0.0,8.373386,3.0,83.99965,931.6816,19.46,Overcast
2009-04-01 21:00:00+00:00,BOLU,14,12.7105,6.7105002,2.1000001,10.390226,53.0,90.19757,931.62946,13.61,Drizzle: Moderate
2009-04-02 21:00:00+00:00,BOLU,14,14.3605,4.5605,0.0,11.5199995,3.0,81.896515,934.32196,21.34,Overcast
2009-04-03 21:00:00+00:00,BOLU,14,16.4105,3.7605002,0.0,7.172949,2.0,78.322365,931.7644,21.02,Partly cloudy
2009-04-04 21:00:00+00:00,BOLU,14,18.510502,2.8105001,0.0,5.6002855,2.0,75.08593,930.2329,22.04,Partly cloudy
2009-04-05 21:00:00+00:00,BOLU,14,17.810501,4.4105,18.100002,7.771331,63.0,82.45182,926.613,14.16,Rain: Moderate
2009-04-06 21:00:00+00:00,BOLU,14,12.5605,5.5105,7.9000006,6.130579,61.0,93.81256,925.61676,12.94,Rain: Slight
2009-04-07 21:00:00+00:00,BOLU,14,12.3605,6.2605,0.8000001,13.979871,51.0,84.87145,930.27124,16.74,Drizzle: Light
2009-04-08 21:00:00+00:00,BOLU,14,14.4605,4.6605,0.0,13.358861,2.0,69.68996,932.9356,22.8,Partly cloudy
2009-04-09 21:00:00+00:00,BOLU,14,14.3105,4.1605,0.0,10.239453,3.0,56.012135,932.0376,24.52,Overcast
2009-04-10 21:00:00+00:00,BOLU,14,15.7105,4.4105,0.0,9.449572,0.0,62.804245,931.156,24.48,Clear sky
2009-04-11 21:00:00+00:00,BOLU,14,15.4605,2.9605002,0.0,6.439876,2.0,78.5189,930.1284,20.08,Partly cloudy
2009-04-12 21:00:00+00:00,BOLU,14,19.810501,3.0605001,0.1,9.387651,51.0,69.543015,927.9649,20.87,Drizzle: Light
2009-04-13 21:00:00+00:00,BOLU,14,17.460499,7.0105,7.2999997,10.144082,61.0,71.484474,921.18915,20.64,Rain: Slight
2009-04-14 21:00:00+00:00,BOLU,14,11.5105,4.7605,9.500001,10.233123,61.0,94.87399,922.0147,12.01,Rain: Slight
2009-04-15 21:00:00+00:00,BOLU,14,11.8105,3.1105,1.0,15.192682,53.0,77.12954,927.1543,23.53,Drizzle: Moderate
2009-04-16 21:00:00+00:00,BOLU,14,10.1105,2.9605002,7.8,14.081477,73.0,92.73648,928.2512,18.07,Snow fall: Moderate
2009-04-17 21:00:00+00:00,BOLU,14,15.0605,-0.8894999,0.0,8.161764,3.0,69.83868,930.95184,25.57,Overcast
2009-04-18 21:00:00+00:00,BOLU,14,18.560501,5.7105002,0.0,9.449572,3.0,59.078083,934.5794,23.59,Overcast
2009-04-19 21:00:00+00:00,BOLU,14,19.310501,7.6605,0.90000004,8.217153,53.0,74.042564,935.9869,23.24,Drizzle: Moderate
2009-04-20 21:00:00+00:00,BOLU,14,19.460499,9.4105,0.0,9.178235,3.0,74.30464,931.939,23.98,Overcast
2009-04-21 21:00:00+00:00,BOLU,14,17.310501,6.3105,14.8,8.534353,63.0,83.38333,925.6143,14.08,Rain: Moderate
2009-04-22 21:00:00+00:00,BOLU,14,9.5105,3.2605002,5.4,10.00256,53.0,96.42739,926.21344,8.73,Drizzle: Moderate
2009-04-23 21:00:00+00:00,BOLU,14,11.0605,2.6605,0.0,8.654986,3.0,83.161064,931.8809,15.06,Overcast
2009-04-24 21:00:00+00:00,BOLU,14,13.410501,2.4105,0.8,9.085988,53.0,82.836586,931.18964,21.81,Drizzle: Moderate
2009-04-25 21:00:00+00:00,BOLU,14,13.3105,3.3105001,5.3,7.771331,53.0,80.079575,934.7807,21.39,Drizzle: Moderate
2009-04-26 21:00:00+00:00,BOLU,14,11.3605,3.8105001,13.700001,6.989936,73.0,95.25176,934.08405,13.46,Snow fall: Moderate
2009-04-27 21:00:00+00:00,BOLU,14,12.7105,2.5605001,0.0,9.346143,3.0,79.767876,930.4077,21.93,Overcast
2009-04-28 21:00:00+00:00,BOLU,14,15.660501,2.2105002,5.4,7.8954163,55.0,83.94348,924.736,16.87,Drizzle: Dense
2009-04-29 21:00:00+00:00,BOLU,14,13.8105,6.6605,6.2,7.754637,61.0,92.30105,923.73517,19.14,Rain: Slight
2009-04-30 21:00:00+00:00,BOLU,14,16.7605,4.1605,6.5999994,6.618519,61.0,86.041115,922.96515,21.58,Rain: Slight
2009-05-01 21:00:00+00:00,BOLU,14,13.5605,5.6605,13.1,8.854829,61.0,91.130165,927.94946,17.02,Rain: Slight
2009-05-02 21:00:00+00:00,BOLU,14,15.410501,4.2605,0.2,6.439876,51.0,82.32768,932.8765,21.62,Drizzle: Light
2009-05-03 21:00:00+00:00,BOLU,14,16.6105,5.1605,0.6,11.304229,51.0,83.88086,926.36334,19.17,Drizzle: Light
2009-05-04 21:00:00+00:00,BOLU,14,10.3605,6.9605002,4.2999997,11.525623,53.0,93.104164,922.9488,10.43,Drizzle: Moderate
2009-05-05 21:00:00+00:00,BOLU,14,14.160501,6.4105,0.1,7.69592,51.0,82.5474,928.1036,18.65,Drizzle: Light
2009-05-06 21:00:00+00:00,BOLU,14,16.0105,5.7105002,0.70000005,9.449572,51.0,78.90014,929.7421,25.1,Drizzle: Light
2009-05-07 21:00:00+00:00,BOLU,14,14.0605,7.2105002,6.5,10.787993,55.0,85.33251,933.6052,19.93,Drizzle: Dense
2009-05-08 21:00:00+00:00,BOLU,14,14.5605,5.4105,0.4,11.792404,51.0,72.24343,935.68243,25.23,Drizzle: Light
2009-05-09 21:00:00+00:00,BOLU,14,15.9605,6.5105,0.3,12.758432,51.0,72.60543,936.0649,23.73,Drizzle: Light
2009-05-10 21:00:00+00:00,BOLU,14,16.4105,7.4605002,0.3,10.661107,51.0,72.34983,934.2344,23.59,Drizzle: Light
2009-05-11 21:00:00+00:00,BOLU,14,19.560501,4.9605002,0.0,5.495161,2.0,74.45924,933.0684,25.17,Partly cloudy
2009-05-12 21:00:00+00:00,BOLU,14,22.010502,8.9105,1.5,8.891344,55.0,74.98911,933.07855,25.76,Drizzle: Dense
2009-05-13 21:00:00+00:00,BOLU,14,20.3605,11.8605,1.4,9.693296,55.0,84.906425,933.29083,22.55,Drizzle: Dense
2009-05-14 21:00:00+00:00,BOLU,14,24.810501,10.1105,0.3,7.491114,51.0,70.43386,933.1159,27.29,Drizzle: Light
2009-05-15 21:00:00+00:00,BOLU,14,26.710499,9.8605,0.0,8.287822,3.0,65.81303,933.3133,26.86,Overcast
2009-05-16 21:00:00+00:00,BOLU,14,26.710499,11.8105,0.0,6.8777895,3.0,71.998505,933.528,26.08,Overcast
2009-05-17 21:00:00+00:00,BOLU,14,26.310501,13.1105,2.1,8.78872,53.0,81.33614,933.0669,25.2,Drizzle: Moderate
2009-05-18 21:00:00+00:00,BOLU,14,24.060501,13.4605,2.6,10.182337,61.0,84.79618,932.0594,24.05,Rain: Slight
2009-05-19 21:00:00+00:00,BOLU,14,20.9105,14.0105,7.2,10.8955765,61.0,90.275795,929.2409,16.62,Rain: Slight
2009-05-20 21:00:00+00:00,BOLU,14,17.9105,11.410501,12.2,10.703569,61.0,96.60557,928.4646,12.91,Rain: Slight
2009-05-21 21:00:00+00:00,BOLU,14,18.4105,10.3105,2.9,8.707238,53.0,91.02411,930.77814,15.94,Drizzle: Moderate
2009-05-22 21:00:00+00:00,BOLU,14,21.010502,12.410501,1.0,8.373386,53.0,87.6452,931.46747,23.05,Drizzle: Moderate
2009-05-23 21:00:00+00:00,BOLU,14,17.7605,11.0105,3.3,11.592895,55.0,88.023766,932.6033,17.91,Drizzle: Dense
2009-05-24 21:00:00+00:00,BOLU,14,18.9105,7.3605003,0.2,13.202726,51.0,72.82991,931.5961,27.8,Drizzle: Light
2009-05-25 21:00:00+00:00,BOLU,14,15.3105,8.6105,3.6,17.418196,53.0,76.9132,930.8029,24.48,Drizzle: Moderate
2009-05-26 21:00:00+00:00,BOLU,14,15.9605,5.0605,1.1,12.43434,51.0,78.61416,933.30884,26.61,Drizzle: Light
2009-05-27 21:00:00+00:00,BOLU,14,17.810501,6.0105,0.0,12.979984,3.0,74.7013,933.9871,27.45,Overcast
2009-05-28 21:00:00+00:00,BOLU,14,21.760502,5.5605,0.0,6.763786,2.0,70.9257,932.3885,29.43,Partly cloudy
2009-05-29 21:00:00+00:00,BOLU,14,23.8605,9.9105,0.90000004,7.2,53.0,76.15137,935.0891,27.39,Drizzle: Moderate
2009-05-30 21:00:00+00:00,BOLU,14,22.010502,12.4605,2.1,9.007196,55.0,85.53607,936.7439,22.92,Drizzle: Dense
2009-05-31 21:00:00+00:00,BOLU,14,25.460499,11.2605,0.0,6.297428,3.0,74.146645,934.82733,25.05,Overcast
2009-06-01 21:00:00+00:00,BOLU,14,27.6605,12.0105,0.0,6.9247384,3.0,73.14309,929.8335,27.63,Overcast
2009-06-02 21:00:00+00:00,BOLU,14,29.060501,15.2605,3.6999998,13.854155,61.0,71.1761,924.80396,24.6,Rain: Slight
2009-06-03 21:00:00+00:00,BOLU,14,21.1605,14.0105,8.6,7.2805495,61.0,86.25321,926.24146,20.68,Rain: Slight
2009-06-04 21:00:00+00:00,BOLU,14,18.9105,12.2605,7.2,11.269782,61.0,90.04476,930.2403,22.06,Rain: Slight
2009-06-05 21:00:00+00:00,BOLU,14,22.1605,11.0105,0.0,10.086427,2.0,69.24259,932.0395,29.7,Partly cloudy
2009-06-06 21:00:00+00:00,BOLU,14,24.760502,10.3605,0.0,9.028754,0.0,66.550095,931.9273,29.75,Clear sky
2009-06-07 21:00:00+00:00,BOLU,14,27.6105,11.3105,0.0,7.2359104,2.0,70.94286,930.2822,29.54,Partly cloudy
2009-06-08 21:00:00+00:00,BOLU,14,26.6605,13.2105,0.0,10.308831,3.0,78.24475,931.99396,27.22,Overcast
2009-06-09 21:00:00+00:00,BOLU,14,25.310501,14.8105,0.3,9.3669195,51.0,80.65122,933.357,24.62,Drizzle: Light
2009-06-10 21:00:00+00:00,BOLU,14,24.9105,15.3605,0.0,8.891343,3.0,78.062965,930.0981,27.83,Overcast
2009-06-11 21:00:00+00:00,BOLU,14,25.060501,14.7105,0.1,10.365251,51.0,76.72523,927.7767,27.62,Drizzle: Light
2009-06-12 21:00:00+00:00,BOLU,14,20.260502,13.5605,8.8,10.105681,61.0,90.07484,931.54816,20.02,Rain: Slight
2009-06-13 21:00:00+00:00,BOLU,14,19.210499,9.8605,0.0,14.417988,3.0,75.341644,934.6133,29.3,Overcast
2009-06-14 21:00:00+00:00,BOLU,14,20.1105,9.4105,0.0,14.685176,3.0,71.2888,937.14886,29.67,Overcast
2009-06-15 21:00:00+00:00,BOLU,14,21.4105,9.0605,0.0,11.901798,3.0,71.24729,935.2095,28.19,Overcast
2009-06-16 21:00:00+00:00,BOLU,14,24.510502,11.0605,0.0,11.720751,3.0,66.1708,933.8597,29.66,Overcast
2009-06-17 21:00:00+00:00,BOLU,14,20.1105,13.2605,0.8,13.202726,51.0,85.32934,936.3718,19.84,Drizzle: Light
2009-06-18 21:00:00+00:00,BOLU,14,24.210499,11.160501,0.0,10.08,3.0,74.610725,935.92145,29.37,Overcast
2009-06-19 21:00:00+00:00,BOLU,14,26.9105,11.7105,0.0,9.793058,2.0,73.2069,931.48535,29.16,Partly cloudy
2009-06-20 21:00:00+00:00,BOLU,14,27.260502,14.2605,0.0,8.4963045,2.0,68.466606,928.4484,27.48,Partly cloudy
2009-06-21 21:00:00+00:00,BOLU,14,27.9105,13.9605,0.0,7.491114,1.0,66.13828,928.4787,27.93,Mainly clear
2009-06-22 21:00:00+00:00,BOLU,14,30.260502,15.0605,2.2,10.24578,61.0,67.381714,928.9826,25.52,Rain: Slight
2009-06-23 21:00:00+00:00,BOLU,14,32.1605,14.910501,1.3,13.910169,53.0,59.131348,927.4733,25.47,Drizzle: Moderate
2009-06-24 21:00:00+00:00,BOLU,14,29.3605,17.060501,2.1999998,7.2,61.0,63.47933,925.89703,25.64,Rain: Slight
2009-06-25 21:00:00+00:00,BOLU,14,21.460499,15.2605,8.700001,7.4128532,63.0,89.42521,926.217,20.31,Rain: Moderate
2009-06-26 21:00:00+00:00,BOLU,14,23.060501,14.2605,1.7,10.182337,55.0,83.366295,927.40497,24.74,Drizzle: Dense
2009-06-27 21:00:00+00:00,BOLU,14,24.710499,14.910501,3.4,7.729527,61.0,80.485664,928.3791,25.53,Rain: Slight
2009-06-28 21:00:00+00:00,BOLU,14,25.6605,12.660501,0.4,7.628263,51.0,75.85468,929.6533,26.74,Drizzle: Light
2009-06-29 21:00:00+00:00,BOLU,14,24.510502,13.7105,3.0,9.504273,61.0,77.301765,931.94824,26.19,Rain: Slight
2009-06-30 21:00:00+00:00,BOLU,14,26.9105,13.8605,0.0,11.183201,1.0,71.565704,933.31793,27.65,Mainly clear
2009-07-01 21:00:00+00:00,BOLU,14,26.6605,14.6105,0.4,9.779817,51.0,75.19118,930.9961,26.47,Drizzle: Light
2009-07-02 21:00:00+00:00,BOLU,14,25.6105,16.9105,4.1,7.754637,61.0,85.68948,926.7341,23.04,Rain: Slight
2009-07-03 21:00:00+00:00,BOLU,14,24.260502,17.6105,2.4,10.105681,55.0,87.549164,923.76874,22.78,Drizzle: Dense
2009-07-04 21:00:00+00:00,BOLU,14,23.060501,16.560501,2.8000002,10.30883,53.0,87.80655,923.9548,22.87,Drizzle: Moderate
2009-07-05 21:00:00+00:00,BOLU,14,25.6105,14.160501,0.0,9.178235,2.0,75.44781,926.59015,27.05,Partly cloudy
2009-07-06 21:00:00+00:00,BOLU,14,26.710499,14.7605,3.8999999,7.4128532,63.0,80.89883,928.03687,25.24,Rain: Moderate
2009-07-07 21:00:00+00:00,BOLU,14,27.1105,16.2605,0.1,10.829958,51.0,75.47914,929.5205,27.67,Drizzle: Light
2009-07-08 21:00:00+00:00,BOLU,14,28.260502,16.3605,0.0,10.1376915,1.0,62.79601,929.6286,28.77,Mainly clear
2009-07-09 21:00:00+00:00,BOLU,14,27.6105,16.7605,0.0,10.805999,1.0,64.523994,928.7148,27.53,Mainly clear
2009-07-10 21:00:00+00:00,BOLU,14,27.710499,17.0105,0.0,7.928178,2.0,75.900215,926.8762,26.02,Partly cloudy
2009-07-11 21:00:00+00:00,BOLU,14,26.960499,16.6605,5.6000004,9.726664,61.0,81.52208,926.2493,22.54,Rain: Slight
2009-07-12 21:00:00+00:00,BOLU,14,19.710499,15.410501,17.400003,10.30883,61.0,94.057396,928.3581,17.37,Rain: Slight
2009-07-13 21:00:00+00:00,BOLU,14,19.9105,14.5105,10.2,12.538134,53.0,95.552864,930.9815,18.03,Drizzle: Moderate
2009-07-14 21:00:00+00:00,BOLU,14,20.460499,14.6105,18.8,12.371645,61.0,97.29482,930.5633,11.77,Rain: Slight
2009-07-15 21:00:00+00:00,BOLU,14,22.260502,16.6605,19.200003,14.693999,63.0,94.98511,929.27026,15.24,Rain: Moderate
2009-07-16 21:00:00+00:00,BOLU,14,23.8605,17.0105,0.2,13.479583,51.0,83.24371,928.47284,25.23,Drizzle: Light
2009-07-17 21:00:00+00:00,BOLU,14,23.510502,17.2605,1.2,10.1887,51.0,85.259224,927.41583,21.68,Drizzle: Light
2009-07-18 21:00:00+00:00,BOLU,14,25.6105,15.8105,0.1,8.350138,51.0,80.6705,928.50806,24.47,Drizzle: Light
2009-07-19 21:00:00+00:00,BOLU,14,24.210499,18.1605,3.3000002,10.829958,53.0,83.79365,932.82587,18.89,Drizzle: Moderate
2009-07-20 21:00:00+00:00,BOLU,14,21.9105,15.5605,4.8999996,12.6462,53.0,88.2222,934.75446,22.62,Drizzle: Moderate
2009-07-21 21:00:00+00:00,BOLU,14,23.210499,12.4605,0.0,14.84318,2.0,80.796295,934.16644,26.75,Partly cloudy
2009-07-22 21:00:00+00:00,BOLU,14,24.710499,13.3605,0.0,14.145756,2.0,75.747246,933.3378,28.65,Partly cloudy
2009-07-23 21:00:00+00:00,BOLU,14,25.6605,14.0105,0.0,12.015589,2.0,74.80399,932.6626,28.29,Partly cloudy
2009-07-24 21:00:00+00:00,BOLU,14,28.210499,15.1105,0.0,10.823973,0.0,72.36924,931.7796,28.1,Clear sky
2009-07-25 21:00:00+00:00,BOLU,14,28.310501,15.1105,0.0,12.144331,3.0,74.083534,930.18286,27.79,Overcast
2009-07-26 21:00:00+00:00,BOLU,14,19.8605,14.5105,1.4,12.429127,51.0,85.74024,932.6382,17.03,Drizzle: Light
2009-07-27 21:00:00+00:00,BOLU,14,22.260502,11.3605,0.0,15.281989,2.0,75.76678,933.8338,27.27,Partly cloudy
2009-07-28 21:00:00+00:00,BOLU,14,23.010502,11.0105,0.0,13.797912,2.0,75.65404,932.6243,25.14,Partly cloudy
2009-07-29 21:00:00+00:00,BOLU,14,22.9105,12.9605,0.0,15.986595,3.0,79.012566,931.88574,25.64,Overcast
2009-07-30 21:00:00+00:00,BOLU,14,22.460499,12.410501,0.5,12.594856,51.0,78.462845,930.4909,24.03,Drizzle: Light
2009-07-31 21:00:00+00:00,BOLU,14,21.3605,15.2105,1.7,10.308831,51.0,85.24754,930.84717,19.98,Drizzle: Light
2009-08-01 21:00:00+00:00,BOLU,14,23.060501,12.9605,0.5,11.525623,51.0,81.411995,932.7703,22.2,Drizzle: Light
2009-08-02 21:00:00+00:00,BOLU,14,26.260502,13.660501,0.0,11.384199,2.0,76.75803,933.71533,26.49,Partly cloudy
2009-08-03 21:00:00+00:00,BOLU,14,29.060501,14.160501,0.0,8.557102,2.0,76.01603,931.6374,27.12,Partly cloudy
2009-08-04 21:00:00+00:00,BOLU,14,31.3605,15.5105,0.0,7.5170207,3.0,74.49622,929.6591,25.34,Overcast
2009-08-05 21:00:00+00:00,BOLU,14,30.060501,17.960499,1.2,9.028754,53.0,77.866684,927.4893,21.0,Drizzle: Moderate
2009-08-06 21:00:00+00:00,BOLU,14,23.760502,17.8605,6.0,10.1376915,61.0,89.613655,927.0473,19.93,Rain: Slight
2009-08-07 21:00:00+00:00,BOLU,14,22.510502,15.910501,4.1,11.183201,55.0,89.94403,929.3265,20.25,Drizzle: Dense
2009-08-08 21:00:00+00:00,BOLU,14,22.210499,14.3605,0.0,15.517629,2.0,79.19251,931.907,24.35,Partly cloudy
2009-08-09 21:00:00+00:00,BOLU,14,21.3605,12.5605,0.0,18.129137,2.0,75.070946,933.65106,25.08,Partly cloudy
2009-08-10 21:00:00+00:00,BOLU,14,20.9105,10.910501,0.0,14.05845,0.0,70.940285,932.91144,25.85,Clear sky
2009-08-11 21:00:00+00:00,BOLU,14,23.3605,10.0105,0.0,14.440443,2.0,71.46635,931.37085,26.6,Partly cloudy
2009-08-12 21:00:00+00:00,BOLU,14,24.6105,10.3605,0.0,11.609651,1.0,72.038925,930.98895,26.24,Mainly clear
2009-08-13 21:00:00+00:00,BOLU,14,26.8605,11.410501,0.0,9.531505,2.0,67.39928,932.3243,26.72,Partly cloudy
2009-08-14 21:00:00+00:00,BOLU,14,28.6605,13.0605,0.0,11.013882,2.0,71.12979,932.7056,24.73,Partly cloudy
2009-08-15 21:00:00+00:00,BOLU,14,25.9105,14.8605,0.0,13.363711,2.0,75.28338,932.823,23.43,Partly cloudy
2009-08-16 21:00:00+00:00,BOLU,14,26.260502,15.0105,0.2,12.074766,51.0,77.857834,930.5639,22.54,Drizzle: Light
2009-08-17 21:00:00+00:00,BOLU,14,24.810501,16.0105,0.0,12.979984,3.0,78.91268,931.60175,23.67,Overcast
2009-08-18 21:00:00+00:00,BOLU,14,25.9105,12.7605,0.0,14.759999,2.0,73.60379,934.417,25.03,Partly cloudy
2009-08-19 21:00:00+00:00,BOLU,14,25.9105,14.8105,0.0,18.345877,2.0,74.88578,937.2012,24.29,Partly cloudy
2009-08-20 21:00:00+00:00,BOLU,14,22.8605,12.2105,0.0,15.39184,2.0,69.42441,935.7513,24.74,Partly cloudy
2009-08-21 21:00:00+00:00,BOLU,14,23.6105,10.6105,0.0,14.764389,0.0,65.943184,931.63965,25.28,Clear sky
2009-08-22 21:00:00+00:00,BOLU,14,23.710499,10.9605,0.0,16.167967,0.0,65.3133,930.75055,25.24,Clear sky
2009-08-23 21:00:00+00:00,BOLU,14,25.810501,10.3105,0.0,11.304229,1.0,69.403656,929.4341,24.76,Mainly clear
2009-08-24 21:00:00+00:00,BOLU,14,23.6105,13.660501,0.0,12.313893,3.0,77.00305,930.6585,19.96,Overcast
2009-08-25 21:00:00+00:00,BOLU,14,25.510502,12.3605,0.0,15.226764,2.0,74.16337,934.3227,23.45,Partly cloudy
2009-08-26 21:00:00+00:00,BOLU,14,26.210499,13.1105,0.0,13.684735,2.0,70.425545,934.78937,23.69,Partly cloudy
2009-08-27 21:00:00+00:00,BOLU,14,28.810501,12.0105,0.0,9.255571,0.0,62.213043,931.7815,24.1,Clear sky
2009-08-28 21:00:00+00:00,BOLU,14,29.4105,13.8105,0.3,9.028754,51.0,64.436745,930.6985,22.4,Drizzle: Light
2009-08-29 21:00:00+00:00,BOLU,14,28.460499,17.1605,0.2,10.137692,51.0,52.16246,931.91705,22.01,Drizzle: Light
2009-08-30 21:00:00+00:00,BOLU,14,26.060501,15.910501,0.2,11.298495,51.0,72.56318,933.93024,20.53,Drizzle: Light
2009-08-31 21:00:00+00:00,BOLU,14,22.9105,14.6105,4.1000004,10.483357,55.0,85.41156,934.5366,18.15,Drizzle: Dense
2009-09-01 21:00:00+00:00,BOLU,14,21.6105,13.910501,0.6,9.793058,51.0,83.00004,933.02295,17.66,Drizzle: Light
2009-09-02 21:00:00+00:00,BOLU,14,23.9105,11.2605,0.0,9.659814,3.0,69.64384,931.4541,22.93,Overcast
2009-09-03 21:00:00+00:00,BOLU,14,26.210499,11.8105,0.0,10.086427,0.0,59.117535,932.0689,23.01,Clear sky
2009-09-04 21:00:00+00:00,BOLU,14,28.810501,14.0105,0.0,10.823973,0.0,49.556763,931.29364,22.74,Clear sky
2009-09-05 21:00:00+00:00,BOLU,14,27.560501,16.6605,0.0,13.276144,2.0,54.909306,929.60223,22.01,Partly cloudy
2009-09-06 21:00:00+00:00,BOLU,14,25.310501,14.1105,0.6,14.77755,53.0,75.65591,927.3906,19.49,Drizzle: Moderate
2009-09-07 21:00:00+00:00,BOLU,14,25.4105,14.6105,4.799999,9.746631,63.0,81.29056,927.5688,18.18,Rain: Moderate
2009-09-08 21:00:00+00:00,BOLU,14,23.010502,14.410501,7.7,5.4477882,63.0,88.973785,930.14966,15.47,Rain: Moderate
2009-09-09 21:00:00+00:00,BOLU,14,22.060501,14.2605,2.3000002,8.209263,53.0,87.08716,932.3203,16.05,Drizzle: Moderate
2009-09-10 21:00:00+00:00,BOLU,14,23.810501,12.4605,0.3,7.208994,51.0,81.20891,928.0491,15.33,Drizzle: Light
2009-09-11 21:00:00+00:00,BOLU,14,22.260502,15.0605,8.299999,5.154415,61.0,84.73915,924.4006,10.82,Rain: Slight
2009-09-12 21:00:00+00:00,BOLU,14,21.6605,14.5105,10.8,16.24394,63.0,91.47646,926.4943,11.13,Rain: Moderate
2009-09-13 21:00:00+00:00,BOLU,14,20.710499,14.4605,0.1,6.696387,51.0,84.85429,934.1135,12.05,Drizzle: Light
2009-09-14 21:00:00+00:00,BOLU,14,22.510502,12.6105,0.2,8.891343,51.0,81.6551,934.6578,12.73,Drizzle: Light
2009-09-15 21:00:00+00:00,BOLU,14,20.6605,12.2105,0.0,12.620554,3.0,79.722626,933.68335,16.64,Overcast
2009-09-16 21:00:00+00:00,BOLU,14,23.210499,10.7605,0.0,6.151683,3.0,72.843575,931.48364,20.03,Overcast
2009-09-17 21:00:00+00:00,BOLU,14,23.810501,11.2105,0.5,10.308831,51.0,73.907715,928.91583,17.05,Drizzle: Light
2009-09-18 21:00:00+00:00,BOLU,14,19.6605,12.8105,1.2,15.856356,51.0,82.83,929.5319,16.44,Drizzle: Light
2009-09-19 21:00:00+00:00,BOLU,14,15.1105,9.460501,8.800001,9.47012,61.0,93.2103,931.1402,13.66,Rain: Slight
2009-09-20 21:00:00+00:00,BOLU,14,11.8105,8.3605,10.1,9.0,61.0,94.82244,933.1009,7.34,Rain: Slight
2009-09-21 21:00:00+00:00,BOLU,14,15.1105,10.6105,12.599999,9.72,61.0,96.39265,936.3272,6.72,Rain: Slight
2009-09-22 21:00:00+00:00,BOLU,14,17.6105,10.9605,0.0,10.086427,3.0,84.660675,939.6557,13.7,Overcast
2009-09-23 21:00:00+00:00,BOLU,14,21.710499,7.6605,0.0,6.6185193,2.0,79.977585,937.0411,19.01,Partly cloudy
2009-09-24 21:00:00+00:00,BOLU,14,23.210499,9.8605,0.0,6.763786,3.0,79.06599,933.5442,17.72,Overcast
2009-09-25 21:00:00+00:00,BOLU,14,19.710499,12.0105,0.0,12.429127,3.0,83.893364,935.67285,13.6,Overcast
2009-09-26 21:00:00+00:00,BOLU,14,16.0105,8.6605,0.0,16.167967,3.0,83.08718,937.8857,15.17,Overcast
2009-09-27 21:00:00+00:00,BOLU,14,17.310501,7.0605,0.0,12.522619,2.0,73.244774,936.1641,18.55,Partly cloudy
2009-09-28 21:00:00+00:00,BOLU,14,20.760502,5.1105003,0.0,6.6185193,1.0,65.38042,931.3042,18.36,Mainly clear
2009-09-29 21:00:00+00:00,BOLU,14,20.9105,10.4605,0.0,9.504272,0.0,60.34581,930.90546,18.02,Clear sky
2009-09-30 21:00:00+00:00,BOLU,14,21.960499,9.960501,0.0,5.634891,3.0,73.44089,934.313,17.5,Overcast
2009-10-01 21:00:00+00:00,BOLU,14,24.760502,9.3605,0.0,7.8954163,3.0,58.19772,932.47076,17.61,Overcast
2009-10-02 21:00:00+00:00,BOLU,14,25.6105,10.5605,0.0,7.5685663,3.0,57.880783,931.3101,15.61,Overcast
2009-10-03 21:00:00+00:00,BOLU,14,25.310501,11.660501,0.3,6.9247384,51.0,64.75413,931.2263,15.06,Drizzle: Light
2009-10-04 21:00:00+00:00,BOLU,14,20.6105,12.9605,3.5,7.968939,55.0,91.43436,933.42865,12.03,Drizzle: Dense
2009-10-05 21:00:00+00:00,BOLU,14,18.810501,12.8605,0.0,12.682018,3.0,88.05851,935.86554,10.62,Overcast
2009-10-06 21:00:00+00:00,BOLU,14,20.6105,10.6105,0.0,10.799999,3.0,77.6625,935.8572,15.88,Overcast
2009-10-07 21:00:00+00:00,BOLU,14,20.760502,10.160501,0.0,10.308831,1.0,70.78846,934.4619,16.44,Mainly clear
2009-10-08 21:00:00+00:00,BOLU,14,21.6105,8.8605,0.0,8.311245,0.0,62.448833,932.99414,16.31,Clear sky
2009-10-09 21:00:00+00:00,BOLU,14,22.6105,10.8605,0.0,6.379216,0.0,61.76762,933.2791,16.32,Clear sky
2009-10-10 21:00:00+00:00,BOLU,14,25.060501,8.3605,0.0,6.297428,0.0,58.61128,931.33545,15.78,Clear sky
2009-10-11 21:00:00+00:00,BOLU,14,25.710499,11.660501,0.0,7.208994,0.0,48.36902,929.4074,15.78,Clear sky
2009-10-12 21:00:00+00:00,BOLU,14,24.3605,9.5105,0.0,20.892412,3.0,47.647358,924.2632,15.61,Overcast
2009-10-13 21:00:00+00:00,BOLU,14,18.810501,10.5105,11.600001,19.44,61.0,84.98915,927.12427,5.67,Rain: Slight
2009-10-14 21:00:00+00:00,BOLU,14,19.710499,7.2105002,0.5,9.885262,51.0,80.97641,933.9622,13.0,Drizzle: Light
2009-10-15 21:00:00+00:00,BOLU,14,24.6105,10.0105,0.1,15.856356,51.0,68.5958,932.7426,13.79,Drizzle: Light
2009-10-16 21:00:00+00:00,BOLU,14,25.210499,11.8605,0.70000005,11.983188,51.0,66.5952,931.0622,12.86,Drizzle: Light
2009-10-17 21:00:00+00:00,BOLU,14,23.460499,12.9605,0.6,10.308831,51.0,72.77117,930.74115,8.55,Drizzle: Light
2009-10-18 21:00:00+00:00,BOLU,14,26.260502,12.5605,0.0,13.358861,3.0,56.67093,931.40063,11.49,Overcast
2009-10-19 21:00:00+00:00,BOLU,14,25.510502,10.5605,1.2,8.0899935,53.0,65.38839,931.4334,12.33,Drizzle: Moderate
2009-10-20 21:00:00+00:00,BOLU,14,18.560501,12.8105,10.599999,8.891344,61.0,90.077385,932.6911,8.82,Rain: Slight
2009-10-21 21:00:00+00:00,BOLU,14,17.9105,10.3105,0.4,7.072878,51.0,86.52396,935.4104,7.96,Drizzle: Light
2009-10-22 21:00:00+00:00,BOLU,14,22.010502,7.2605,0.0,7.10031,0.0,72.14353,933.39185,13.9,Clear sky
2009-10-23 21:00:00+00:00,BOLU,14,24.010502,8.6105,0.0,7.92,0.0,66.871635,929.5079,13.25,Clear sky
2009-10-24 21:00:00+00:00,BOLU,14,24.260502,9.8605,0.0,6.12,3.0,66.50136,930.4091,12.96,Overcast
2009-10-25 21:00:00+00:00,BOLU,14,24.060501,10.4605,0.0,5.1919937,3.0,64.34622,932.03815,12.97,Overcast
2009-10-26 21:00:00+00:00,BOLU,14,20.9105,10.910501,0.3,6.9247384,51.0,73.79304,929.5943,10.32,Drizzle: Light
2009-10-27 21:00:00+00:00,BOLU,14,15.660501,9.8605,5.7,8.654986,61.0,94.94529,928.9136,7.21,Rain: Slight
2009-10-28 21:00:00+00:00,BOLU,14,12.0605,8.6605,1.0,7.342588,51.0,91.68179,929.4716,5.66,Drizzle: Light
2009-10-29 21:00:00+00:00,BOLU,14,12.5605,8.3605,5.6,8.669949,61.0,93.32629,929.03644,7.1,Rain: Slight
2009-10-30 21:00:00+00:00,BOLU,14,13.160501,7.7105002,8.3,5.506941,61.0,93.68073,928.7339,7.98,Rain: Slight
2009-10-31 21:00:00+00:00,BOLU,14,9.0105,3.6105,24.8,12.783802,73.0,98.066246,926.6501,3.0,Snow fall: Moderate
2009-11-01 21:00:00+00:00,BOLU,14,4.9105,1.3605001,5.2999997,11.570515,71.0,92.468605,926.60864,7.95,Snow fall: Slight
2009-11-02 21:00:00+00:00,BOLU,14,9.0605,-0.58949995,0.0,9.693296,71.0,71.50782,924.3325,11.91,Snow fall: Slight
2009-11-03 21:00:00+00:00,BOLU,14,10.1105,4.7605,9.599999,16.267857,73.0,90.55216,917.407,4.26,Snow fall: Moderate
2009-11-04 21:00:00+00:00,BOLU,14,14.1105,5.7605,1.6,8.78872,55.0,82.72574,928.4795,10.6,Drizzle: Dense
2009-11-05 21:00:00+00:00,BOLU,14,17.6105,4.3105,0.0,8.707237,3.0,78.14361,933.3784,9.79,Overcast
2009-11-06 21:00:00+00:00,BOLU,14,19.510502,6.6105003,0.0,7.5685663,3.0,80.47889,932.2312,11.26,Overcast
2009-11-07 21:00:00+00:00,BOLU,14,20.510502,6.0105,0.0,11.013882,3.0,75.41209,926.0643,11.1,Overcast
2009-11-08 21:00:00+00:00,BOLU,14,19.560501,7.4605002,0.0,8.534353,2.0,77.41323,928.5259,10.43,Partly cloudy
2009-11-09 21:00:00+00:00,BOLU,14,18.810501,5.3105,0.0,13.849476,3.0,80.624886,927.53217,11.11,Overcast
2009-11-10 21:00:00+00:00,BOLU,14,16.1605,6.1605,5.2000003,10.495713,61.0,86.66083,921.93414,5.01,Rain: Slight
2009-11-11 21:00:00+00:00,BOLU,14,11.4605,4.7105002,11.600001,9.504273,61.0,96.16871,923.4428,5.03,Rain: Slight
2009-11-12 21:00:00+00:00,BOLU,14,9.3105,4.8105,8.8,7.10031,71.0,97.889946,931.76636,6.33,Snow fall: Slight
2009-11-13 21:00:00+00:00,BOLU,14,8.5605,3.5605001,1.9000002,7.0911775,71.0,91.1233,936.79865,7.6,Snow fall: Slight
2009-11-14 21:00:00+00:00,BOLU,14,10.660501,1.6105001,1.1,8.311245,51.0,83.57008,933.5208,9.74,Drizzle: Light
2009-11-15 21:00:00+00:00,BOLU,14,7.8105,4.5605,7.2,7.9036193,73.0,96.92942,931.64813,2.81,Snow fall: Moderate
2009-11-16 21:00:00+00:00,BOLU,14,6.3605003,3.3605,6.5,6.792466,73.0,97.78907,934.5976,2.37,Snow fall: Moderate
2009-11-17 21:00:00+00:00,BOLU,14,10.7605,-0.28949976,0.0,6.193674,3.0,79.04888,937.4343,10.39,Overcast
2009-11-18 21:00:00+00:00,BOLU,14,12.4605,1.0105002,0.0,4.5536795,3.0,68.84665,937.27734,9.41,Overcast
2009-11-19 21:00:00+00:00,BOLU,14,12.1105,5.2105002,0.0,6.989936,3.0,84.7096,940.52637,6.92,Overcast
2009-11-20 21:00:00+00:00,BOLU,14,12.6105,3.7605002,0.0,9.387651,3.0,85.95704,940.67596,9.67,Overcast
2009-11-21 21:00:00+00:00,BOLU,14,13.7105,1.4605001,0.0,6.9247384,2.0,66.17934,936.8012,10.04,Partly cloudy
2009-11-22 21:00:00+00:00,BOLU,14,15.410501,1.0105002,0.0,8.373386,0.0,71.7147,932.7258,9.79,Clear sky
2009-11-23 21:00:00+00:00,BOLU,14,14.6105,1.8605001,0.0,7.289445,3.0,71.050476,930.2466,7.98,Overcast
2009-11-24 21:00:00+00:00,BOLU,14,11.7105,4.3105,0.0,7.7879906,3.0,77.32392,931.66486,7.76,Overcast
2009-11-25 21:00:00+00:00,BOLU,14,12.0105,0.8605001,0.0,6.1305785,3.0,80.93522,934.92676,9.56,Overcast
2009-11-26 21:00:00+00:00,BOLU,14,12.8605,0.31050014,0.0,7.9036193,2.0,80.415565,933.7796,9.22,Partly cloudy
2009-11-27 21:00:00+00:00,BOLU,14,12.8605,0.1105001,0.0,9.339208,3.0,77.08306,933.2033,9.11,Overcast
2009-11-28 21:00:00+00:00,BOLU,14,10.410501,0.7605002,3.3000002,9.178235,53.0,87.27823,933.37946,4.49,Drizzle: Moderate
2009-11-29 21:00:00+00:00,BOLU,14,12.3105,1.3605001,0.0,8.534353,3.0,85.66158,936.5135,8.79,Overcast
2009-11-30 21:00:00+00:00,BOLU,14,13.0605,-0.2394998,0.0,10.787993,3.0,73.22642,934.6436,9.19,Overcast
2009-12-01 21:00:00+00:00,BOLU,14,13.660501,0.060500145,0.0,10.315115,3.0,60.125122,930.72894,9.18,Overcast
2009-12-02 21:00:00+00:00,BOLU,14,11.160501,0.91050017,0.0,13.32,3.0,67.853386,924.1511,4.49,Overcast
2009-12-03 21:00:00+00:00,BOLU,14,9.6105,2.6605,1.3,7.9036193,51.0,93.88142,925.5594,4.34,Drizzle: Light
2009-12-04 21:00:00+00:00,BOLU,14,12.8605,1.2605002,0.2,8.587338,51.0,91.34274,925.97565,7.49,Drizzle: Light
2009-12-05 21:00:00+00:00,BOLU,14,9.7605,5.9605002,9.3,6.519877,55.0,97.32725,927.5578,2.88,Drizzle: Dense
2009-12-06 21:00:00+00:00,BOLU,14,7.2105002,3.0105002,4.9,8.049845,71.0,94.05423,930.81244,5.58,Snow fall: Slight
2009-12-07 21:00:00+00:00,BOLU,14,6.8605003,1.2605002,0.0,6.618519,3.0,90.31812,932.0363,5.19,Overcast
2009-12-08 21:00:00+00:00,BOLU,14,7.7105002,-0.1394999,1.3000001,7.0911775,71.0,84.76591,928.79034,5.96,Snow fall: Slight
2009-12-09 21:00:00+00:00,BOLU,14,11.1105,1.0105002,0.0,5.495161,3.0,85.34557,927.1966,7.02,Overcast
2009-12-10 21:00:00+00:00,BOLU,14,8.0605,4.4605002,10.7,5.0911684,55.0,97.95495,922.16113,2.08,Drizzle: Dense
2009-12-11 21:00:00+00:00,BOLU,14,9.960501,3.9105,1.0000001,6.1305785,51.0,93.16211,920.20575,5.74,Drizzle: Light
2009-12-12 21:00:00+00:00,BOLU,14,5.8605003,-0.58949995,24.400002,23.675303,75.0,98.51138,921.31934,2.08,Snow fall: Heavy
2009-12-13 21:00:00+00:00,BOLU,14,3.3605,-5.1394997,1.1,7.8625183,73.0,85.783936,933.5037,7.1,Snow fall: Moderate
2009-12-14 21:00:00+00:00,BOLU,14,5.0605,-4.2894998,0.0,12.24,3.0,79.302605,928.1545,7.08,Overcast
2009-12-15 21:00:00+00:00,BOLU,14,7.7105002,0.3605001,1.5000001,14.707222,53.0,88.85561,918.31744,6.5,Drizzle: Moderate
2009-12-16 21:00:00+00:00,BOLU,14,4.8105,3.2105002,5.4,7.172949,71.0,99.055725,917.28986,1.08,Snow fall: Slight
2009-12-17 21:00:00+00:00,BOLU,14,8.2605,1.6605002,1.9,15.39184,71.0,91.36857,915.98346,5.59,Snow fall: Slight
2009-12-18 21:00:00+00:00,BOLU,14,5.7605,-3.4394999,7.1999993,11.753877,73.0,95.19076,920.45526,3.95,Snow fall: Moderate
2009-12-19 21:00:00+00:00,BOLU,14,11.5105,-2.9895,0.90000004,24.503809,71.0,82.791725,919.4628,5.22,Snow fall: Slight
2009-12-20 21:00:00+00:00,BOLU,14,9.960501,-0.3894999,19.499996,20.532627,75.0,92.08795,928.1856,4.22,Snow fall: Heavy
2009-12-21 21:00:00+00:00,BOLU,14,4.1105003,-5.0895,0.0,9.422101,3.0,85.31209,935.30084,7.43,Overcast
2009-12-22 21:00:00+00:00,BOLU,14,6.6105003,-2.6894999,0.0,10.966713,3.0,79.98217,932.17993,6.49,Overcast
2009-12-23 21:00:00+00:00,BOLU,14,12.7605,0.7105001,0.0,8.854829,3.0,78.818474,932.37256,8.1,Overcast
2009-12-24 21:00:00+00:00,BOLU,14,10.2605,0.5105002,0.2,11.91812,51.0,86.74642,930.3558,6.41,Drizzle: Light
2009-12-25 21:00:00+00:00,BOLU,14,13.4605,8.0105,3.8,12.074766,53.0,92.01263,927.945,4.09,Drizzle: Moderate
2009-12-26 21:00:00+00:00,BOLU,14,14.5105,4.3105,0.4,13.049689,51.0,91.19233,925.74335,5.16,Drizzle: Light
2009-12-27 21:00:00+00:00,BOLU,14,13.0605,7.2105002,10.0,21.077686,61.0,89.181465,920.9807,3.29,Rain: Slight
2009-12-28 21:00:00+00:00,BOLU,14,5.9605002,0.56050014,2.1999998,9.021574,73.0,82.198524,925.8963,5.99,Snow fall: Moderate
2009-12-29 21:00:00+00:00,BOLU,14,7.8105,-0.68949986,0.0,9.028754,3.0,63.741516,927.67914,8.68,Overcast
2009-12-30 21:00:00+00:00,BOLU,14,9.7605,-0.68949986,0.0,13.363711,2.0,72.3795,924.58624,8.16,Partly cloudy
2009-12-31 21:00:00+00:00,BOLU,14,13.9605,1.8105001,0.0,16.09969,3.0,74.84244,917.9197,7.78,Overcast
2010-01-01 21:00:00+00:00,BOLU,14,11.5105,4.5605,7.3,18.751125,73.0,83.542076,915.3139,4.85,Snow fall: Moderate
2010-01-02 21:00:00+00:00,BOLU,14,7.3605003,2.8605,12.9,7.9932966,73.0,95.51365,920.37164,4.01,Snow fall: Moderate
2010-01-03 21:00:00+00:00,BOLU,14,2.1605,-4.4395,9.300002,14.494192,73.0,93.322716,929.4668,7.48,Snow fall: Moderate
2010-01-04 21:00:00+00:00,BOLU,14,1.3605001,-5.6895,0.0,11.770403,3.0,74.80193,934.1162,9.31,Overcast
2010-01-05 21:00:00+00:00,BOLU,14,6.2605,-4.9395,0.0,13.527572,3.0,75.185036,929.8221,6.64,Overcast
2010-01-06 21:00:00+00:00,BOLU,14,8.2605,-1.1894999,0.0,13.049689,3.0,85.39493,929.79034,8.44,Overcast
2010-01-07 21:00:00+00:00,BOLU,14,11.9605,0.46050012,0.0,10.144082,3.0,83.06747,935.83325,9.0,Overcast
2010-01-08 21:00:00+00:00,BOLU,14,9.9105,1.6105001,0.0,11.753877,3.0,81.81547,932.75653,6.03,Overcast
2010-01-09 21:00:00+00:00,BOLU,14,13.9605,3.0105002,0.0,12.181624,3.0,74.1634,927.92206,5.68,Overcast
2010-01-10 21:00:00+00:00,BOLU,14,7.9605002,1.1105001,6.7000003,13.493999,73.0,88.92105,925.99445,7.57,Snow fall: Moderate
2010-01-11 21:00:00+00:00,BOLU,14,7.9105,-0.6394999,1.2,9.511088,71.0,89.55294,927.6082,5.13,Snow fall: Slight
2010-01-12 21:00:00+00:00,BOLU,14,7.4605002,0.8605001,6.8,7.729527,73.0,92.435005,922.49023,4.71,Snow fall: Moderate
2010-01-13 21:00:00+00:00,BOLU,14,5.7105002,1.2605002,2.4,6.130579,73.0,95.06571,924.3051,5.58,Snow fall: Moderate
2010-01-14 21:00:00+00:00,BOLU,14,4.2605,1.7105001,2.7,6.439876,73.0,96.668434,930.1582,2.57,Snow fall: Moderate
2010-01-15 21:00:00+00:00,BOLU,14,4.4105,-0.6394999,0.1,6.638072,51.0,94.41279,936.36273,3.52,Drizzle: Light
2010-01-16 21:00:00+00:00,BOLU,14,7.9105,1.9105002,3.3000002,4.1046314,53.0,95.713745,935.1794,2.59,Drizzle: Moderate
2010-01-17 21:00:00+00:00,BOLU,14,12.5105,-0.03949976,0.0,6.989936,3.0,90.28922,928.7683,8.86,Overcast
2010-01-18 21:00:00+00:00,BOLU,14,7.7105002,1.9105002,3.3999999,7.771331,73.0,93.73701,922.6049,4.04,Snow fall: Moderate
2010-01-19 21:00:00+00:00,BOLU,14,4.9605002,0.16050017,2.0000002,7.172949,73.0,85.534584,926.1037,6.13,Snow fall: Moderate
2010-01-20 21:00:00+00:00,BOLU,14,1.1605002,-1.2894998,15.799998,8.707237,75.0,88.407196,931.0306,5.18,Snow fall: Heavy
2010-01-21 21:00:00+00:00,BOLU,14,2.8105001,-1.5895,5.3,10.990322,73.0,79.534035,929.5378,4.47,Snow fall: Moderate
2010-01-22 21:00:00+00:00,BOLU,14,3.9605002,-3.0394998,7.2999997,13.450708,73.0,94.304665,925.8371,5.59,Snow fall: Moderate
2010-01-23 21:00:00+00:00,BOLU,14,-0.83949995,-5.2894998,6.3,9.983106,73.0,88.04755,933.49976,7.47,Snow fall: Moderate
2010-01-24 21:00:00+00:00,BOLU,14,-5.0394998,-9.339499,8.500001,12.24,73.0,88.34436,938.3614,8.96,Snow fall: Moderate
2010-01-25 21:00:00+00:00,BOLU,14,-3.6394997,-11.3895,0.2,7.628263,71.0,63.863667,943.553,12.12,Snow fall: Slight
2010-01-26 21:00:00+00:00,BOLU,14,-1.5895,-8.589499,0.3,10.390226,71.0,54.875126,936.98883,10.8,Snow fall: Slight
2010-01-27 21:00:00+00:00,BOLU,14,2.5105002,-4.3395,5.5000005,9.028754,73.0,86.80695,922.89404,5.74,Snow fall: Moderate
2010-01-28 21:00:00+00:00,BOLU,14,5.2605,-2.3395,6.2,13.202726,73.0,93.06412,915.9273,6.97,Snow fall: Moderate
2010-01-29 21:00:00+00:00,BOLU,14,8.8105,0.41050017,0.6,12.758432,51.0,90.4573,918.64874,11.1,Drizzle: Light
2010-01-30 21:00:00+00:00,BOLU,14,8.6105,-1.0895,0.5,12.313893,71.0,91.81687,918.7697,8.37,Snow fall: Slight
2010-01-31 21:00:00+00:00,BOLU,14,8.9105,0.060500145,0.2,17.673029,71.0,84.169044,923.5579,10.38,Snow fall: Slight
2010-02-01 21:00:00+00:00,BOLU,14,6.3105,3.0105002,13.300001,13.363711,73.0,92.67164,920.7119,3.96,Snow fall: Moderate
2010-02-02 21:00:00+00:00,BOLU,14,4.0605,-4.9895,30.499998,16.563911,75.0,95.70914,923.6504,6.33,Snow fall: Heavy
2010-02-03 21:00:00+00:00,BOLU,14,-2.6394997,-8.3895,5.0,11.440979,73.0,86.85654,931.6927,10.89,Snow fall: Moderate
2010-02-04 21:00:00+00:00,BOLU,14,-2.0394998,-8.7895,5.1999993,7.386582,73.0,89.894905,935.4766,10.36,Snow fall: Moderate
2010-02-05 21:00:00+00:00,BOLU,14,1.7605002,-13.839499,0.0,8.373386,3.0,80.69427,931.51764,13.66,Overcast
2010-02-06 21:00:00+00:00,BOLU,14,4.6105003,-6.5395,1.2,14.693999,71.0,81.62879,925.6612,10.23,Snow fall: Slight
2010-02-07 21:00:00+00:00,BOLU,14,4.0605,2.1105,6.7,15.315873,73.0,88.89176,918.2979,4.09,Snow fall: Moderate
2010-02-08 21:00:00+00:00,BOLU,14,4.4105,0.9605001,3.3999999,9.360001,73.0,95.31861,921.66864,7.41,Snow fall: Moderate
2010-02-09 21:00:00+00:00,BOLU,14,7.3105,-2.1394997,1.2,12.620554,53.0,88.073204,925.885,11.84,Drizzle: Moderate
2010-02-10 21:00:00+00:00,BOLU,14,9.1105,3.9605002,2.5,17.654686,71.0,86.23116,920.354,8.73,Snow fall: Slight
2010-02-11 21:00:00+00:00,BOLU,14,9.3105,2.0605001,1.9000002,12.57426,53.0,90.797844,924.85254,10.67,Drizzle: Moderate
2010-02-12 21:00:00+00:00,BOLU,14,11.7605,1.1605002,9.9,17.782688,61.0,87.44587,923.9216,9.18,Rain: Slight
2010-02-13 21:00:00+00:00,BOLU,14,9.6605,1.9605001,2.3999999,8.891343,61.0,89.4578,926.87164,7.45,Rain: Slight
2010-02-14 21:00:00+00:00,BOLU,14,13.7605,4.6105003,8.599999,20.211363,61.0,80.43698,916.97363,7.31,Rain: Slight
2010-02-15 21:00:00+00:00,BOLU,14,8.210501,2.6105,0.4,6.9247384,51.0,87.05066,927.3693,9.55,Drizzle: Light
2010-02-16 21:00:00+00:00,BOLU,14,13.910501,0.31050014,0.90000004,10.464797,51.0,83.07293,924.44586,11.11,Drizzle: Light
2010-02-17 21:00:00+00:00,BOLU,14,15.160501,3.2105002,3.5,12.538134,53.0,86.71761,923.7474,10.61,Drizzle: Moderate
2010-02-18 21:00:00+00:00,BOLU,14,12.1105,3.9105,6.2999997,10.041354,71.0,94.62057,926.56573,6.94,Snow fall: Slight
2010-02-19 21:00:00+00:00,BOLU,14,17.6605,3.2105002,0.4,16.09969,51.0,74.06182,922.1938,11.41,Drizzle: Light
2010-02-20 21:00:00+00:00,BOLU,14,13.8605,4.3605003,10.5,17.298738,71.0,83.83405,917.3494,8.11,Snow fall: Slight
2010-02-21 21:00:00+00:00,BOLU,14,6.4605002,0.66050017,6.3999996,10.24578,73.0,81.44038,928.65533,9.35,Snow fall: Moderate
2010-02-22 21:00:00+00:00,BOLU,14,9.8605,2.2105002,0.0,10.365251,3.0,73.4815,927.8005,10.95,Overcast
2010-02-23 21:00:00+00:00,BOLU,14,10.660501,2.0105002,3.2,8.534353,71.0,91.163414,922.4368,8.34,Snow fall: Slight
2010-02-24 21:00:00+00:00,BOLU,14,11.8105,3.0105002,2.5,8.854829,61.0,90.54526,917.3379,8.0,Rain: Slight
2010-02-25 21:00:00+00:00,BOLU,14,11.3105,2.6105,3.0000002,6.696387,53.0,93.78832,920.9004,9.35,Drizzle: Moderate
2010-02-26 21:00:00+00:00,BOLU,14,10.160501,4.9105,3.0,6.638072,53.0,87.78272,920.2781,8.27,Drizzle: Moderate
2010-02-27 21:00:00+00:00,BOLU,14,6.0105,3.5105002,4.3999996,8.373386,71.0,95.599754,924.60986,5.82,Snow fall: Slight
2010-02-28 21:00:00+00:00,BOLU,14,13.0605,2.0105002,0.0,8.217153,3.0,82.11775,928.68677,14.16,Overcast
2010-03-01 21:00:00+00:00,BOLU,14,16.460499,3.5105002,8.7,8.287822,61.0,85.48386,924.61786,14.55,Rain: Slight
2010-03-02 21:00:00+00:00,BOLU,14,7.4605002,0.7605002,15.1,12.303366,73.0,89.41384,929.8606,10.82,Snow fall: Moderate
2010-03-03 21:00:00+00:00,BOLU,14,9.5605,-1.3395,0.3,12.397806,51.0,65.7463,927.9163,13.02,Drizzle: Light
2010-03-04 21:00:00+00:00,BOLU,14,11.2105,2.4605002,5.7000003,11.440979,55.0,85.53513,918.8652,8.68,Drizzle: Dense
2010-03-05 21:00:00+00:00,BOLU,14,9.710501,2.3605,16.999998,9.0,75.0,96.78818,922.1823,5.97,Snow fall: Heavy
2010-03-06 21:00:00+00:00,BOLU,14,7.3605003,-2.4394999,1.5000001,10.315115,73.0,73.796715,934.1512,17.58,Snow fall: Moderate
2010-03-07 21:00:00+00:00,BOLU,14,15.160501,2.3605,3.8999999,7.0911775,73.0,81.87936,927.9825,12.1,Snow fall: Moderate
2010-03-08 21:00:00+00:00,BOLU,14,17.0105,5.8105,5.6,12.074766,61.0,80.368935,921.91095,9.68,Rain: Slight
2010-03-09 21:00:00+00:00,BOLU,14,9.3105,1.9605001,1.3000001,9.83268,51.0,84.0125,935.3738,9.75,Drizzle: Light
2010-03-10 21:00:00+00:00,BOLU,14,17.960499,2.0605001,0.6,10.966713,51.0,80.31951,926.7238,12.92,Drizzle: Light
2010-03-11 21:00:00+00:00,BOLU,14,12.7105,7.5105,1.2,11.269782,53.0,86.465996,927.2752,9.64,Drizzle: Moderate
2010-03-12 21:00:00+00:00,BOLU,14,10.7605,3.6605,2.2,10.086427,53.0,82.87794,928.78253,14.45,Drizzle: Moderate
2010-03-13 21:00:00+00:00,BOLU,14,5.3105,1.8105001,6.6,6.489992,73.0,94.74424,926.6894,4.87,Snow fall: Moderate
2010-03-14 21:00:00+00:00,BOLU,14,4.8105,-0.78949976,3.9999993,9.085988,73.0,90.312775,924.32416,11.25,Snow fall: Moderate
2010-03-15 21:00:00+00:00,BOLU,14,2.7105002,-3.0394998,4.4000006,11.090103,73.0,83.05724,932.3994,14.57,Snow fall: Moderate
2010-03-16 21:00:00+00:00,BOLU,14,5.5605,-1.2894998,4.9999995,12.475961,73.0,72.48517,936.2591,17.44,Snow fall: Moderate
2010-03-17 21:00:00+00:00,BOLU,14,3.3605,-4.3894997,0.3,10.028439,71.0,74.60374,941.4954,20.52,Snow fall: Slight
2010-03-18 21:00:00+00:00,BOLU,14,8.460501,-0.4894998,0.0,7.342588,1.0,66.684746,943.37134,19.95,Mainly clear
2010-03-19 21:00:00+00:00,BOLU,14,12.160501,-0.18949986,0.0,7.0911775,1.0,66.61199,941.763,20.8,Mainly clear
2010-03-20 21:00:00+00:00,BOLU,14,14.910501,-0.78949976,0.0,8.225035,2.0,67.25433,938.28735,20.93,Partly cloudy
2010-03-21 21:00:00+00:00,BOLU,14,16.7605,1.3105001,0.0,7.10031,3.0,68.46885,934.95483,20.36,Overcast
2010-03-22 21:00:00+00:00,BOLU,14,18.6605,7.3105,0.0,6.1305785,3.0,69.688644,933.46704,18.82,Overcast
2010-03-23 21:00:00+00:00,BOLU,14,18.710499,4.4605002,0.0,6.4096174,3.0,81.05804,929.5488,13.05,Overcast
2010-03-24 21:00:00+00:00,BOLU,14,13.7605,6.1605,7.1,9.178235,61.0,94.03192,932.6577,13.42,Rain: Slight
2010-03-25 21:00:00+00:00,BOLU,14,11.8605,4.7105002,0.0,9.885262,3.0,86.26049,934.6467,14.15,Overcast
2010-03-26 21:00:00+00:00,BOLU,14,15.660501,4.1605,0.0,6.193674,3.0,80.400024,929.78546,18.21,Overcast
2010-03-27 21:00:00+00:00,BOLU,14,19.810501,2.3605,10.5,14.440443,61.0,76.38177,920.3277,20.59,Rain: Slight
2010-03-28 21:00:00+00:00,BOLU,14,8.6605,3.8605,12.900001,9.726665,71.0,96.54835,923.9685,9.81,Snow fall: Slight
2010-03-29 21:00:00+00:00,BOLU,14,9.0605,2.6105,9.499999,9.19939,73.0,94.2554,931.4941,8.08,Snow fall: Moderate
2010-03-30 21:00:00+00:00,BOLU,14,15.3105,-0.6394999,0.0,12.324414,3.0,76.709724,929.7016,17.82,Overcast
2010-03-31 21:00:00+00:00,BOLU,14,15.7605,7.2605,1.4000001,10.8955765,51.0,80.69697,928.83075,16.64,Drizzle: Light
2010-04-01 21:00:00+00:00,BOLU,14,16.710499,7.0105,6.7,5.5887027,61.0,81.58756,930.14404,15.64,Rain: Slight
2010-04-02 21:00:00+00:00,BOLU,14,12.660501,6.8605003,9.7,8.825508,63.0,81.10699,931.7613,16.95,Rain: Moderate
2010-04-03 21:00:00+00:00,BOLU,14,15.3105,4.6605,0.0,8.669949,2.0,72.9753,936.9318,22.66,Partly cloudy
2010-04-04 21:00:00+00:00,BOLU,14,18.3605,1.9105002,0.0,7.4128532,3.0,70.23058,934.79144,22.82,Overcast
2010-04-05 21:00:00+00:00,BOLU,14,18.710499,3.3605,13.2,7.754637,63.0,76.18934,925.4848,19.79,Rain: Moderate
2010-04-06 21:00:00+00:00,BOLU,14,8.8105,5.1105003,11.299998,10.086427,71.0,94.58634,923.13947,9.21,Snow fall: Slight
2010-04-07 21:00:00+00:00,BOLU,14,8.960501,3.4605002,5.1,11.885453,71.0,93.81487,930.1604,10.97,Snow fall: Slight
2010-04-08 21:00:00+00:00,BOLU,14,8.6105,2.5605001,2.3000002,9.449572,71.0,87.26113,934.435,14.07,Snow fall: Slight
2010-04-09 21:00:00+00:00,BOLU,14,9.8105,2.0605001,0.0,7.10031,3.0,80.10876,931.4885,17.16,Overcast
2010-04-10 21:00:00+00:00,BOLU,14,13.2605,1.4105002,0.0,11.165805,3.0,81.9642,925.8255,19.27,Overcast
2010-04-11 21:00:00+00:00,BOLU,14,8.960501,3.5105002,0.0,15.124284,3.0,85.14492,926.8797,18.22,Overcast
2010-04-12 21:00:00+00:00,BOLU,14,13.660501,-0.28949976,0.0,7.24486,3.0,75.39126,931.37836,24.42,Overcast
2010-04-13 21:00:00+00:00,BOLU,14,14.410501,1.1105001,0.2,6.830519,51.0,81.62606,929.94696,15.3,Drizzle: Light
2010-04-14 21:00:00+00:00,BOLU,14,17.210499,3.0105002,0.4,7.754637,51.0,78.70037,930.4292,19.4,Drizzle: Light
2010-04-15 21:00:00+00:00,BOLU,14,20.310501,5.2105002,0.70000005,8.217153,53.0,78.826,930.3376,21.85,Drizzle: Moderate
2010-04-16 21:00:00+00:00,BOLU,14,21.1605,6.7105002,5.2000003,7.10031,61.0,84.89992,930.0341,19.58,Rain: Slight
2010-04-17 21:00:00+00:00,BOLU,14,16.7605,9.710501,3.6999996,7.5599995,53.0,90.01731,934.5312,16.47,Drizzle: Moderate
2010-04-18 21:00:00+00:00,BOLU,14,21.460499,7.1605,0.7,9.021574,53.0,81.428856,930.9849,22.33,Drizzle: Moderate
2010-04-19 21:00:00+00:00,BOLU,14,19.6105,9.0105,14.8,10.028439,63.0,86.47687,923.73834,18.24,Rain: Moderate
2010-04-20 21:00:00+00:00,BOLU,14,13.3605,5.2605,8.900001,9.957108,61.0,95.71334,923.1396,12.28,Rain: Slight
2010-04-21 21:00:00+00:00,BOLU,14,13.8105,2.1605,2.1000001,13.049689,53.0,81.515495,929.3011,22.28,Drizzle: Moderate
2010-04-22 21:00:00+00:00,BOLU,14,18.810501,2.9105,0.0,7.9526596,2.0,69.508995,934.824,24.63,Partly cloudy
2010-04-23 21:00:00+00:00,BOLU,14,20.810501,4.6605,0.0,8.534353,3.0,68.33964,935.0297,24.72,Overcast
2010-04-24 21:00:00+00:00,BOLU,14,20.4105,8.0105,0.3,7.8625183,51.0,73.02393,934.0639,21.43,Drizzle: Light
2010-04-25 21:00:00+00:00,BOLU,14,18.1605,8.460501,0.1,10.661107,51.0,79.41392,934.2122,21.63,Drizzle: Light
2010-04-26 21:00:00+00:00,BOLU,14,15.5605,8.3605,1.4000001,9.83268,53.0,86.478645,933.49365,17.58,Drizzle: Moderate
2010-04-27 21:00:00+00:00,BOLU,14,13.3605,7.7105002,0.0,8.766573,3.0,87.959496,932.85516,12.68,Overcast
2010-04-28 21:00:00+00:00,BOLU,14,14.7605,6.4105,0.0,12.964998,3.0,82.88895,932.5174,21.24,Overcast
2010-04-29 21:00:00+00:00,BOLU,14,15.3105,5.3605003,0.6,10.086427,51.0,81.52088,930.3904,21.47,Drizzle: Light
2010-04-30 21:00:00+00:00,BOLU,14,17.310501,4.8605003,0.0,10.239453,1.0,77.87083,929.5,25.72,Mainly clear
2010-05-01 21:00:00+00:00,BOLU,14,18.0105,4.8605003,0.0,10.137692,2.0,78.09938,929.8008,26.2,Partly cloudy
2010-05-02 21:00:00+00:00,BOLU,14,19.4105,5.6605,0.0,9.255571,3.0,78.90531,929.8088,25.37,Overcast
2010-05-03 21:00:00+00:00,BOLU,14,19.310501,6.4105,0.0,8.311245,3.0,72.883446,929.78906,26.31,Overcast
2010-05-04 21:00:00+00:00,BOLU,14,18.960499,5.8605003,0.0,8.557102,3.0,71.31577,929.8352,26.64,Overcast
2010-05-05 21:00:00+00:00,BOLU,14,20.760502,6.3605003,0.0,7.928177,3.0,72.6774,927.6795,26.13,Overcast
2010-05-06 21:00:00+00:00,BOLU,14,25.310501,8.1105,0.7,8.225035,53.0,70.1259,924.6419,25.42,Drizzle: Moderate
2010-05-07 21:00:00+00:00,BOLU,14,21.8605,13.0105,0.5,9.449572,53.0,75.388336,927.5716,23.68,Drizzle: Moderate
2010-05-08 21:00:00+00:00,BOLU,14,25.010502,9.3105,5.4,13.202726,61.0,78.919464,923.5284,19.86,Rain: Slight
2010-05-09 21:00:00+00:00,BOLU,14,16.5105,9.6105,0.2,12.10157,51.0,82.0196,926.40625,21.02,Drizzle: Light
2010-05-10 21:00:00+00:00,BOLU,14,20.210499,7.2605,0.0,10.587917,2.0,75.473694,929.04205,26.17,Partly cloudy
2010-05-11 21:00:00+00:00,BOLU,14,22.810501,7.7605,0.0,7.5942082,3.0,71.73005,929.7276,27.05,Overcast
2010-05-12 21:00:00+00:00,BOLU,14,27.010502,9.710501,0.0,6.1094027,3.0,67.8063,927.9741,27.04,Overcast
2010-05-13 21:00:00+00:00,BOLU,14,25.760502,14.9605,0.3,9.422101,51.0,65.97294,927.3929,24.88,Drizzle: Light
2010-05-14 21:00:00+00:00,BOLU,14,24.560501,11.7105,1.9000001,14.182355,53.0,75.945045,928.7929,15.25,Drizzle: Moderate
2010-05-15 21:00:00+00:00,BOLU,14,26.3605,14.410501,0.0,13.527572,3.0,67.86348,924.37354,26.97,Overcast
2010-05-16 21:00:00+00:00,BOLU,14,20.3605,11.7105,0.6,15.141414,51.0,67.718925,925.28906,24.68,Drizzle: Light
2010-05-17 21:00:00+00:00,BOLU,14,17.2605,9.0605,8.099999,8.707237,61.0,77.217575,924.6472,21.16,Rain: Slight
2010-05-18 21:00:00+00:00,BOLU,14,15.2105,7.4105,1.5000001,7.754637,51.0,82.460785,929.1622,21.0,Drizzle: Light
2010-05-19 21:00:00+00:00,BOLU,14,15.8605,8.3105,8.200001,8.913181,61.0,90.29882,931.4305,20.27,Rain: Slight
2010-05-20 21:00:00+00:00,BOLU,14,17.7605,5.5105,1.6000001,6.5693827,55.0,81.974884,929.11664,22.68,Drizzle: Dense
2010-05-21 21:00:00+00:00,BOLU,14,15.8105,8.5605,12.7,7.208994,61.0,91.301544,925.1257,17.62,Rain: Slight
2010-05-22 21:00:00+00:00,BOLU,14,14.3605,9.6605,12.300001,8.4963045,61.0,95.095375,926.53644,14.17,Rain: Slight
2010-05-23 21:00:00+00:00,BOLU,14,17.1105,7.1605,0.0,9.178235,3.0,76.49799,930.70215,24.3,Overcast
2010-05-24 21:00:00+00:00,BOLU,14,20.810501,7.9605002,2.2,7.289444,61.0,80.33411,931.20703,25.79,Rain: Slight
2010-05-25 21:00:00+00:00,BOLU,14,22.760502,8.210501,0.0,6.28713,2.0,75.79435,931.96185,28.63,Partly cloudy
2010-05-26 21:00:00+00:00,BOLU,14,24.560501,10.160501,1.7,7.342588,55.0,74.83327,930.0801,27.26,Drizzle: Dense
2010-05-27 21:00:00+00:00,BOLU,14,25.060501,13.2105,0.0,7.8954163,2.0,73.08369,930.4221,27.58,Partly cloudy
2010-05-28 21:00:00+00:00,BOLU,14,24.6605,12.3105,0.1,10.495713,51.0,71.65624,931.84717,26.33,Drizzle: Light
2010-05-29 21:00:00+00:00,BOLU,14,23.760502,14.5605,0.0,8.557102,3.0,68.02805,931.84155,27.55,Overcast
2010-05-30 21:00:00+00:00,BOLU,14,26.560501,11.660501,5.1,8.217153,61.0,77.566605,929.2392,25.52,Rain: Slight
2010-05-31 21:00:00+00:00,BOLU,14,29.310501,12.1105,1.2,15.978486,53.0,71.95501,925.57733,25.71,Drizzle: Moderate
2010-06-01 21:00:00+00:00,BOLU,14,20.460499,14.5105,3.3999999,9.290511,53.0,83.70396,923.3479,16.04,Drizzle: Moderate
2010-06-02 21:00:00+00:00,BOLU,14,23.510502,14.5105,0.0,6.3690495,3.0,83.956955,927.4558,18.11,Overcast
2010-06-03 21:00:00+00:00,BOLU,14,25.060501,12.410501,0.0,7.5942082,3.0,79.548256,930.74567,23.95,Overcast
2010-06-04 21:00:00+00:00,BOLU,14,23.4105,13.410501,0.1,8.854829,51.0,79.343605,931.9673,24.87,Drizzle: Light
2010-06-05 21:00:00+00:00,BOLU,14,21.060501,14.4605,17.9,11.183201,63.0,94.14365,927.6586,13.33,Rain: Moderate
2010-06-06 21:00:00+00:00,BOLU,14,17.560501,14.4605,16.1,8.225035,61.0,96.20187,924.9805,11.71,Rain: Slight
2010-06-07 21:00:00+00:00,BOLU,14,20.510502,13.7605,5.4,9.220499,61.0,88.52665,926.3936,18.89,Rain: Slight
2010-06-08 21:00:00+00:00,BOLU,14,20.4105,15.2605,9.499999,8.311245,63.0,93.96726,928.884,14.44,Rain: Moderate
2010-06-09 21:00:00+00:00,BOLU,14,19.8605,14.160501,12.000001,10.239453,63.0,91.98769,929.6517,18.02,Rain: Moderate
2010-06-10 21:00:00+00:00,BOLU,14,21.960499,13.9605,2.8000002,11.090103,53.0,90.086914,930.3142,22.06,Drizzle: Moderate
2010-06-11 21:00:00+00:00,BOLU,14,23.760502,13.3605,6.1,5.6233797,63.0,88.644905,930.0334,23.63,Rain: Moderate
2010-06-12 21:00:00+00:00,BOLU,14,27.3605,12.9605,0.7,8.217153,53.0,84.27787,929.8836,25.71,Drizzle: Moderate
2010-06-13 21:00:00+00:00,BOLU,14,26.510502,17.1105,2.6000001,7.9526596,61.0,86.100464,930.89215,24.05,Rain: Slight
2010-06-14 21:00:00+00:00,BOLU,14,26.210499,16.9105,0.4,11.620809,51.0,78.91321,932.63617,27.47,Drizzle: Light
2010-06-15 21:00:00+00:00,BOLU,14,26.460499,16.210499,0.0,11.901798,3.0,74.21006,933.1274,29.6,Overcast
2010-06-16 21:00:00+00:00,BOLU,14,26.060501,15.0605,0.0,12.0694,3.0,76.78988,930.90936,27.89,Overcast
2010-06-17 21:00:00+00:00,BOLU,14,21.3605,16.210499,3.7,10.028439,53.0,90.78947,929.893,19.51,Drizzle: Moderate
2010-06-18 21:00:00+00:00,BOLU,14,25.4105,13.7605,0.2,9.47012,51.0,80.11906,925.4326,28.22,Drizzle: Light
2010-06-19 21:00:00+00:00,BOLU,14,27.060501,15.7105,0.4,8.39657,51.0,79.64764,924.7041,26.4,Drizzle: Light
2010-06-20 21:00:00+00:00,BOLU,14,27.1605,14.7105,0.0,8.049845,2.0,70.64043,925.9968,27.67,Partly cloudy
2010-06-21 21:00:00+00:00,BOLU,14,24.060501,15.8105,10.2,7.5685663,61.0,78.94895,923.00226,24.46,Rain: Slight
2010-06-22 21:00:00+00:00,BOLU,14,20.710499,12.8605,17.1,7.172949,63.0,86.409706,920.8841,22.32,Rain: Moderate
2010-06-23 21:00:00+00:00,BOLU,14,18.060501,11.7105,8.1,12.24,61.0,95.053406,922.9992,14.16,Rain: Slight
2010-06-24 21:00:00+00:00,BOLU,14,19.1605,12.160501,12.600002,7.4128532,63.0,91.148476,924.852,18.82,Rain: Moderate
2010-06-25 21:00:00+00:00,BOLU,14,18.9105,13.0105,2.4999998,8.217153,53.0,92.44577,926.2381,17.31,Drizzle: Moderate
2010-06-26 21:00:00+00:00,BOLU,14,20.710499,11.2105,2.5,8.427383,61.0,84.54944,928.58496,24.22,Rain: Slight
2010-06-27 21:00:00+00:00,BOLU,14,21.960499,12.910501,4.0,6.763786,61.0,89.05192,929.1402,24.84,Rain: Slight
2010-06-28 21:00:00+00:00,BOLU,14,22.010502,11.3105,0.2,8.373386,51.0,79.56527,928.5085,27.38,Drizzle: Light
2010-06-29 21:00:00+00:00,BOLU,14,22.1105,12.3105,10.0,6.130579,63.0,90.67152,928.1767,21.88,Rain: Moderate
2010-06-30 21:00:00+00:00,BOLU,14,22.6605,13.410501,0.0,11.988594,3.0,80.87298,928.98145,27.87,Overcast
2010-07-01 21:00:00+00:00,BOLU,14,22.6605,16.1605,1.0,8.654986,51.0,85.72109,931.0129,20.97,Drizzle: Light
2010-07-02 21:00:00+00:00,BOLU,14,24.010502,14.0105,0.90000004,10.538843,51.0,82.81622,930.8015,26.63,Drizzle: Light
2010-07-03 21:00:00+00:00,BOLU,14,25.560501,14.7105,0.5,8.4042845,53.0,84.457924,930.59375,22.63,Drizzle: Moderate
2010-07-04 21:00:00+00:00,BOLU,14,23.710499,17.710499,1.1,9.178235,51.0,88.76603,930.2806,23.34,Drizzle: Light
2010-07-05 21:00:00+00:00,BOLU,14,24.210499,17.210499,1.4000001,9.178235,51.0,87.38406,929.65576,23.01,Drizzle: Light
2010-07-06 21:00:00+00:00,BOLU,14,24.3605,15.3105,0.0,9.114471,3.0,78.21685,930.68384,28.77,Overcast
2010-07-07 21:00:00+00:00,BOLU,14,24.6105,14.410501,23.299997,8.557102,63.0,90.3182,929.5434,20.87,Rain: Moderate
2010-07-08 21:00:00+00:00,BOLU,14,21.060501,16.060501,9.7,6.989936,61.0,94.898994,928.948,15.56,Rain: Slight
2010-07-09 21:00:00+00:00,BOLU,14,24.1605,13.7605,0.0,11.384198,3.0,84.95344,930.9294,25.6,Overcast
2010-07-10 21:00:00+00:00,BOLU,14,25.3605,15.7105,0.0,9.290511,3.0,86.11562,932.7771,22.53,Overcast
2010-07-11 21:00:00+00:00,BOLU,14,26.060501,17.060501,0.0,8.049845,3.0,85.01571,931.96,25.99,Overcast
2010-07-12 21:00:00+00:00,BOLU,14,25.1105,17.9105,0.0,11.384199,3.0,85.3599,929.382,25.53,Overcast
2010-07-13 21:00:00+00:00,BOLU,14,23.810501,15.2605,0.1,10.799999,51.0,83.45516,927.9743,25.24,Drizzle: Light
2010-07-14 21:00:00+00:00,BOLU,14,23.260502,16.1605,1.7000002,9.746631,51.0,87.62845,927.7683,21.21,Drizzle: Light
2010-07-15 21:00:00+00:00,BOLU,14,24.560501,17.0105,4.5999994,11.525623,61.0,92.63198,930.9947,23.44,Rain: Slight
2010-07-16 21:00:00+00:00,BOLU,14,24.810501,15.4605,0.0,13.5515,3.0,80.53123,932.24286,26.58,Overcast
2010-07-17 21:00:00+00:00,BOLU,14,25.210499,14.7605,1.0,12.0694,51.0,80.66445,931.2061,25.98,Drizzle: Light
2010-07-18 21:00:00+00:00,BOLU,14,26.810501,16.710499,0.3,11.212135,51.0,75.93652,930.68463,25.87,Drizzle: Light
2010-07-19 21:00:00+00:00,BOLU,14,25.760502,16.2605,0.0,11.090103,2.0,78.820175,929.2481,25.64,Partly cloudy
2010-07-20 21:00:00+00:00,BOLU,14,25.3605,17.5105,0.4,9.605998,51.0,82.05438,928.63995,23.26,Drizzle: Light
2010-07-21 21:00:00+00:00,BOLU,14,25.810501,16.2605,0.0,11.013882,3.0,80.5962,928.26825,24.26,Overcast
2010-07-22 21:00:00+00:00,BOLU,14,25.1105,18.3605,0.0,12.9249525,3.0,82.5933,928.77155,24.49,Overcast
2010-07-23 21:00:00+00:00,BOLU,14,24.6105,16.710499,0.0,12.6462,3.0,80.47283,926.2646,24.0,Overcast
2010-07-24 21:00:00+00:00,BOLU,14,29.210499,14.410501,0.0,6.763786,2.0,71.70753,922.1877,25.43,Partly cloudy
2010-07-25 21:00:00+00:00,BOLU,14,31.8605,16.7605,1.2,5.0911684,53.0,71.69903,923.56494,24.83,Drizzle: Moderate
2010-07-26 21:00:00+00:00,BOLU,14,28.310501,20.060501,0.4,8.854829,51.0,82.06985,928.79565,23.26,Drizzle: Light
2010-07-27 21:00:00+00:00,BOLU,14,25.310501,18.460499,3.8,10.028439,53.0,87.42217,929.8059,22.08,Drizzle: Moderate
2010-07-28 21:00:00+00:00,BOLU,14,23.8605,17.1105,1.5000001,12.074766,51.0,87.75881,930.61505,16.74,Drizzle: Light
2010-07-29 21:00:00+00:00,BOLU,14,30.9105,16.6105,0.0,9.007196,2.0,80.1325,930.72845,25.52,Partly cloudy
2010-07-30 21:00:00+00:00,BOLU,14,34.0105,18.210499,0.0,8.311245,1.0,72.82017,930.53876,27.21,Mainly clear
2010-07-31 21:00:00+00:00,BOLU,14,32.3605,20.310501,0.0,9.0,3.0,77.0212,930.1514,24.27,Overcast
2010-08-01 21:00:00+00:00,BOLU,14,28.210499,20.3605,0.0,10.636766,3.0,81.657585,930.7712,25.01,Overcast
2010-08-02 21:00:00+00:00,BOLU,14,29.560501,17.210499,0.0,10.440001,3.0,77.75362,927.4658,26.84,Overcast
2010-08-03 21:00:00+00:00,BOLU,14,32.6105,18.3605,0.0,8.209263,3.0,75.70359,924.1958,23.81,Overcast
2010-08-04 21:00:00+00:00,BOLU,14,33.2105,20.1105,1.1,9.021574,53.0,74.38403,926.11835,19.49,Drizzle: Moderate
2010-08-05 21:00:00+00:00,BOLU,14,33.5105,19.510502,0.0,7.7879906,3.0,68.455696,929.44196,24.53,Overcast
2010-08-06 21:00:00+00:00,BOLU,14,31.960499,21.210499,2.2,8.707238,55.0,76.55531,931.163,24.63,Drizzle: Dense
2010-08-07 21:00:00+00:00,BOLU,14,31.1605,21.6605,0.1,9.0,51.0,81.63155,930.1548,21.84,Drizzle: Light
2010-08-08 21:00:00+00:00,BOLU,14,31.6105,19.9105,0.0,11.503113,3.0,73.4865,929.0301,24.17,Overcast
2010-08-09 21:00:00+00:00,BOLU,14,30.9105,19.6105,0.0,11.212135,3.0,70.26655,929.8845,25.82,Overcast
2010-08-10 21:00:00+00:00,BOLU,14,31.260502,18.810501,0.0,11.620809,2.0,58.941685,931.39874,26.63,Partly cloudy
2010-08-11 21:00:00+00:00,BOLU,14,31.310501,18.8605,0.0,10.483357,0.0,60.399807,931.9449,25.29,Clear sky
2010-08-12 21:00:00+00:00,BOLU,14,31.310501,17.560501,0.0,11.252519,2.0,71.70461,932.64166,25.85,Partly cloudy
2010-08-13 21:00:00+00:00,BOLU,14,31.260502,18.310501,0.0,13.679999,2.0,69.30744,933.22314,25.87,Partly cloudy
2010-08-14 21:00:00+00:00,BOLU,14,29.6105,19.210499,0.2,13.849476,51.0,74.25356,933.56104,23.49,Drizzle: Light
2010-08-15 21:00:00+00:00,BOLU,14,30.6105,19.6105,0.0,13.207634,3.0,72.08176,932.92267,22.53,Overcast
2010-08-16 21:00:00+00:00,BOLU,14,33.0605,17.560501,0.0,9.178235,3.0,56.07204,929.9942,25.76,Overcast
2010-08-17 21:00:00+00:00,BOLU,14,29.3605,20.1605,0.0,12.522619,2.0,67.20688,927.999,23.49,Partly cloudy
2010-08-18 21:00:00+00:00,BOLU,14,29.4105,18.1105,0.0,12.7279215,3.0,72.88534,931.56586,23.87,Overcast
2010-08-19 21:00:00+00:00,BOLU,14,28.1105,16.8605,0.0,16.263872,2.0,72.43033,934.81525,24.74,Partly cloudy
2010-08-20 21:00:00+00:00,BOLU,14,24.960499,16.5105,0.0,18.161278,2.0,71.89573,936.9666,24.35,Partly cloudy
2010-08-21 21:00:00+00:00,BOLU,14,26.1605,14.7105,0.0,16.394829,2.0,72.37347,933.6399,23.12,Partly cloudy
2010-08-22 21:00:00+00:00,BOLU,14,27.210499,15.160501,0.0,15.158522,2.0,68.51004,930.675,24.66,Partly cloudy
2010-08-23 21:00:00+00:00,BOLU,14,28.960499,14.6105,0.0,11.659777,1.0,66.16781,929.92944,24.5,Mainly clear
2010-08-24 21:00:00+00:00,BOLU,14,28.6105,15.9605,0.0,13.556282,2.0,69.297676,929.851,24.07,Partly cloudy
2010-08-25 21:00:00+00:00,BOLU,14,26.960499,15.5605,0.0,15.4800005,3.0,71.53805,931.2924,23.71,Overcast
2010-08-26 21:00:00+00:00,BOLU,14,28.9105,16.460499,0.0,10.805999,2.0,65.8251,931.8589,23.63,Partly cloudy
2010-08-27 21:00:00+00:00,BOLU,14,33.2605,15.2105,0.0,6.439876,0.0,55.44542,927.45386,23.88,Clear sky
2010-08-28 21:00:00+00:00,BOLU,14,34.1605,17.6605,0.0,10.144082,0.0,52.156162,926.6879,23.5,Clear sky
2010-08-29 21:00:00+00:00,BOLU,14,30.4105,18.4105,0.0,10.24578,2.0,70.33972,928.42804,19.99,Partly cloudy
2010-08-30 21:00:00+00:00,BOLU,14,33.5105,17.8605,0.0,6.6087217,2.0,65.62776,923.2029,21.24,Partly cloudy
2010-08-31 21:00:00+00:00,BOLU,14,25.8605,14.4605,21.600002,11.525623,63.0,83.06313,922.56714,13.36,Rain: Moderate
2010-09-01 21:00:00+00:00,BOLU,14,20.9105,10.7105,0.4,13.891522,51.0,72.63582,931.0048,21.29,Drizzle: Light
2010-09-02 21:00:00+00:00,BOLU,14,24.6605,10.160501,0.0,10.464798,0.0,64.832436,935.2219,23.34,Clear sky
2010-09-03 21:00:00+00:00,BOLU,14,28.1605,12.0105,0.0,6.379216,0.0,66.90828,931.9221,22.6,Clear sky
2010-09-04 21:00:00+00:00,BOLU,14,25.260502,16.710499,4.1000004,9.346143,55.0,84.41513,930.92926,17.1,Drizzle: Dense
2010-09-05 21:00:00+00:00,BOLU,14,22.9105,15.8105,1.8000001,10.495713,53.0,87.50705,930.6724,13.65,Drizzle: Moderate
2010-09-06 21:00:00+00:00,BOLU,14,18.6105,13.8605,13.7,9.585739,63.0,94.813934,930.9018,10.38,Rain: Moderate
2010-09-07 21:00:00+00:00,BOLU,14,25.3605,11.2105,0.0,7.289444,3.0,78.05198,933.3355,21.44,Overcast
2010-09-08 21:00:00+00:00,BOLU,14,27.460499,13.0605,0.0,9.028754,2.0,76.53191,933.38495,21.52,Partly cloudy
2010-09-09 21:00:00+00:00,BOLU,14,27.710499,14.3605,0.0,9.531505,3.0,75.65618,931.33154,21.1,Overcast
2010-09-10 21:00:00+00:00,BOLU,14,26.4105,16.060501,0.0,9.227524,3.0,79.44489,929.1884,18.84,Overcast
2010-09-11 21:00:00+00:00,BOLU,14,25.460499,16.060501,9.4,10.97262,61.0,84.98965,927.0613,13.69,Rain: Slight
2010-09-12 21:00:00+00:00,BOLU,14,17.6605,13.5105,23.900002,8.913181,61.0,95.882286,929.3164,9.65,Rain: Slight
2010-09-13 21:00:00+00:00,BOLU,14,19.810501,11.0105,0.0,8.891344,3.0,84.67278,931.57324,14.8,Overcast
2010-09-14 21:00:00+00:00,BOLU,14,22.960499,12.0605,0.0,9.449572,2.0,82.625984,932.46265,18.31,Partly cloudy
2010-09-15 21:00:00+00:00,BOLU,14,25.560501,12.8105,0.0,7.42159,3.0,78.99827,931.4914,18.54,Overcast
2010-09-16 21:00:00+00:00,BOLU,14,24.4105,14.7105,1.5000001,8.350138,53.0,84.18479,931.3096,14.17,Drizzle: Moderate
2010-09-17 21:00:00+00:00,BOLU,14,24.3605,15.410501,0.0,8.766573,3.0,77.12327,932.81854,18.65,Overcast
2010-09-18 21:00:00+00:00,BOLU,14,29.010502,14.1105,0.0,6.489992,3.0,60.500507,930.30273,19.68,Overcast
2010-09-19 21:00:00+00:00,BOLU,14,28.1105,13.9605,0.0,9.178235,3.0,70.3553,928.8378,18.3,Overcast
2010-09-20 21:00:00+00:00,BOLU,14,22.510502,16.060501,6.1,11.542478,53.0,88.12174,933.184,13.87,Drizzle: Moderate
2010-09-21 21:00:00+00:00,BOLU,14,17.6105,13.660501,4.799999,9.826088,53.0,93.11385,934.59863,8.08,Drizzle: Moderate
2010-09-22 21:00:00+00:00,BOLU,14,22.760502,13.5105,0.0,9.0,3.0,84.662605,935.2083,13.17,Overcast
2010-09-23 21:00:00+00:00,BOLU,14,27.710499,12.6105,0.0,5.0911684,3.0,67.47498,931.05304,17.66,Overcast
2010-09-24 21:00:00+00:00,BOLU,14,25.960499,15.0105,0.0,6.151683,3.0,67.44729,928.648,15.97,Overcast
2010-09-25 21:00:00+00:00,BOLU,14,27.960499,13.9605,0.7,9.826088,53.0,68.22946,929.9958,16.81,Drizzle: Moderate
2010-09-26 21:00:00+00:00,BOLU,14,28.060501,14.7605,0.0,8.699793,2.0,67.350655,931.5212,15.29,Partly cloudy
2010-09-27 21:00:00+00:00,BOLU,14,23.510502,16.310501,0.0,10.233123,3.0,80.055824,932.78314,14.73,Overcast
2010-09-28 21:00:00+00:00,BOLU,14,23.060501,14.160501,0.3,7.5685663,51.0,78.07261,928.50104,7.64,Drizzle: Light
2010-09-29 21:00:00+00:00,BOLU,14,18.260502,12.9605,15.499999,9.339208,63.0,86.65637,928.16144,8.5,Rain: Moderate
2010-09-30 21:00:00+00:00,BOLU,14,18.510502,10.5605,0.0,8.0899935,3.0,84.77116,931.2801,11.68,Overcast
2010-10-01 21:00:00+00:00,BOLU,14,13.7105,9.1105,6.8,7.5685663,53.0,95.12768,933.3503,7.08,Drizzle: Moderate
2010-10-02 21:00:00+00:00,BOLU,14,12.2105,7.1105003,3.0000002,11.384199,53.0,91.58076,934.7947,10.51,Drizzle: Moderate
2010-10-03 21:00:00+00:00,BOLU,14,15.6105,6.2105002,0.0,12.9249525,3.0,79.1654,936.2244,16.61,Overcast
2010-10-04 21:00:00+00:00,BOLU,14,15.1105,5.1605,0.0,12.371645,3.0,79.74316,935.6789,16.01,Overcast
2010-10-05 21:00:00+00:00,BOLU,14,16.060501,4.8105,0.3,7.5170207,51.0,74.94355,933.1487,13.16,Drizzle: Light
2010-10-06 21:00:00+00:00,BOLU,14,10.1105,6.8105,6.7999997,10.08,53.0,94.49222,932.8189,6.0,Drizzle: Moderate
2010-10-07 21:00:00+00:00,BOLU,14,11.5105,4.8105,9.100001,9.19939,55.0,95.55335,930.4905,10.42,Drizzle: Dense
2010-10-08 21:00:00+00:00,BOLU,14,6.4105,3.6105,11.099999,13.324863,73.0,95.88831,928.31366,5.18,Snow fall: Moderate
2010-10-09 21:00:00+00:00,BOLU,14,12.0105,2.2105002,0.0,14.654254,3.0,79.43951,927.8736,12.68,Overcast
2010-10-10 21:00:00+00:00,BOLU,14,13.7605,3.7605002,0.0,9.227524,3.0,73.74749,930.4765,13.71,Overcast
2010-10-11 21:00:00+00:00,BOLU,14,13.7605,5.2605,0.1,6.379216,51.0,82.298035,931.29224,5.87,Drizzle: Light
2010-10-12 21:00:00+00:00,BOLU,14,17.0105,10.2105,8.200001,6.1094027,55.0,91.98034,929.6829,8.0,Drizzle: Dense
2010-10-13 21:00:00+00:00,BOLU,14,17.7605,13.2105,37.799995,7.729527,63.0,97.95483,925.8604,3.75,Rain: Moderate
2010-10-14 21:00:00+00:00,BOLU,14,16.4105,11.9605,15.999999,12.6462,61.0,96.36652,922.56964,5.72,Rain: Slight
2010-10-15 21:00:00+00:00,BOLU,14,19.3605,10.160501,7.8,7.0911775,61.0,90.802986,926.5564,11.94,Rain: Slight
2010-10-16 21:00:00+00:00,BOLU,14,19.3605,9.1105,6.2999997,6.638072,61.0,91.051575,929.6592,11.57,Rain: Slight
2010-10-17 21:00:00+00:00,BOLU,14,21.560501,7.8105,0.6,11.609651,51.0,79.313324,929.9692,11.56,Drizzle: Light
2010-10-18 21:00:00+00:00,BOLU,14,22.1605,12.3105,0.9,12.429127,53.0,76.72283,927.69867,10.72,Drizzle: Moderate
2010-10-19 21:00:00+00:00,BOLU,14,17.560501,12.8605,9.099999,10.495713,63.0,88.17776,927.67426,4.08,Rain: Moderate
2010-10-20 21:00:00+00:00,BOLU,14,19.4105,9.5105,0.70000005,12.7279215,51.0,86.54358,933.25836,10.71,Drizzle: Light
2010-10-21 21:00:00+00:00,BOLU,14,13.0605,8.8105,5.099999,9.793058,55.0,96.21283,939.4212,2.83,Drizzle: Dense
2010-10-22 21:00:00+00:00,BOLU,14,14.660501,8.8605,0.0,7.289444,3.0,89.78683,936.31396,8.01,Overcast
2010-10-23 21:00:00+00:00,BOLU,14,16.560501,7.2605,0.0,5.6920996,3.0,84.15899,933.814,12.46,Overcast
2010-10-24 21:00:00+00:00,BOLU,14,16.9105,4.1605,0.0,7.4128532,2.0,79.43824,931.87134,13.85,Partly cloudy
2010-10-25 21:00:00+00:00,BOLU,14,19.1105,6.0105,3.4,11.841756,53.0,80.63233,931.7985,10.15,Drizzle: Moderate
2010-10-26 21:00:00+00:00,BOLU,14,18.560501,9.3605,5.6,5.00128,61.0,88.844154,932.8901,8.62,Rain: Slight
2010-10-27 21:00:00+00:00,BOLU,14,15.160501,11.5105,21.499998,7.653705,63.0,97.34192,927.55756,2.51,Rain: Moderate
2010-10-28 21:00:00+00:00,BOLU,14,12.1105,4.5605,25.599997,12.864649,71.0,98.21018,927.77905,3.86,Snow fall: Slight
2010-10-29 21:00:00+00:00,BOLU,14,9.0105,2.6605,1.2,8.209263,71.0,85.89916,935.2597,9.48,Snow fall: Slight
2010-10-30 21:00:00+00:00,BOLU,14,14.4605,0.7605002,0.0,6.9247384,2.0,78.81761,936.1238,12.74,Partly cloudy
2010-10-31 21:00:00+00:00,BOLU,14,15.7605,1.2605002,0.0,6.9247384,0.0,72.61364,935.5153,12.96,Clear sky
2010-11-01 21:00:00+00:00,BOLU,14,18.3605,2.4605002,0.0,7.9036193,2.0,70.08436,934.5789,12.77,Partly cloudy
2010-11-02 21:00:00+00:00,BOLU,14,18.3605,2.9605002,0.0,8.707237,3.0,72.46786,936.0174,12.28,Overcast
2010-11-03 21:00:00+00:00,BOLU,14,18.560501,4.1105003,0.0,8.854829,0.0,62.19134,940.45184,12.27,Clear sky
2010-11-04 21:00:00+00:00,BOLU,14,18.960499,9.0605,0.0,4.6102495,0.0,56.35924,940.5864,12.11,Clear sky
2010-11-05 21:00:00+00:00,BOLU,14,18.8605,6.2105002,0.0,7.729527,0.0,72.23235,933.5572,12.06,Clear sky
2010-11-06 21:00:00+00:00,BOLU,14,18.1605,4.0105,0.0,9.021574,0.0,75.87416,928.045,11.78,Clear sky
2010-11-07 21:00:00+00:00,BOLU,14,18.210499,3.8105001,0.0,11.4862,3.0,75.83458,927.72736,11.34,Overcast
2010-11-08 21:00:00+00:00,BOLU,14,19.960499,7.3105,0.0,14.20062,3.0,67.5887,926.967,10.33,Overcast
2010-11-09 21:00:00+00:00,BOLU,14,19.460499,6.5605,0.0,13.397612,2.0,64.61773,930.7945,11.31,Partly cloudy
2010-11-10 21:00:00+00:00,BOLU,14,19.1605,5.7605,0.0,11.119281,2.0,68.6725,932.89716,10.89,Partly cloudy
2010-11-11 21:00:00+00:00,BOLU,14,20.1105,4.9605002,0.0,11.298495,3.0,67.734985,928.30804,10.69,Overcast
2010-11-12 21:00:00+00:00,BOLU,14,19.210499,7.2605,0.2,7.754637,51.0,75.89826,930.76685,8.97,Drizzle: Light
2010-11-13 21:00:00+00:00,BOLU,14,20.8605,8.460501,0.0,7.5942082,3.0,79.203926,934.5039,10.07,Overcast
2010-11-14 21:00:00+00:00,BOLU,14,22.460499,6.2105002,0.0,8.891343,0.0,75.21122,935.55615,10.5,Clear sky
2010-11-15 21:00:00+00:00,BOLU,14,20.9105,7.3605003,0.1,8.707237,51.0,74.65032,933.1155,8.11,Drizzle: Light
2010-11-16 21:00:00+00:00,BOLU,14,20.810501,7.5605,0.0,11.542478,3.0,71.221504,930.6341,9.64,Overcast
2010-11-17 21:00:00+00:00,BOLU,14,19.310501,6.9105,0.0,8.534353,3.0,74.87894,933.0898,9.78,Overcast
2010-11-18 21:00:00+00:00,BOLU,14,18.0105,6.4105,0.0,5.8048253,2.0,79.39753,937.74976,9.75,Partly cloudy
2010-11-19 21:00:00+00:00,BOLU,14,17.060501,5.9605002,0.0,5.8048253,3.0,82.911446,934.4421,9.64,Overcast
2010-11-20 21:00:00+00:00,BOLU,14,13.910501,8.5105,0.3,6.696387,51.0,92.121826,932.2146,6.01,Drizzle: Light
2010-11-21 21:00:00+00:00,BOLU,14,13.2605,6.1605,0.0,8.891344,3.0,82.27292,930.7832,8.75,Overcast
2010-11-22 21:00:00+00:00,BOLU,14,15.6105,4.1605,0.0,14.021525,3.0,73.81176,923.441,7.28,Overcast
2010-11-23 21:00:00+00:00,BOLU,14,13.9605,8.2605,3.2999997,15.905319,61.0,78.95623,922.14276,6.92,Rain: Slight
2010-11-24 21:00:00+00:00,BOLU,14,12.410501,8.0105,11.3,12.599999,61.0,93.76913,925.1385,4.64,Rain: Slight
2010-11-25 21:00:00+00:00,BOLU,14,15.0105,7.1605,2.6,15.379206,53.0,80.25427,926.47614,8.05,Drizzle: Moderate
2010-11-26 21:00:00+00:00,BOLU,14,17.060501,11.3105,0.1,18.228943,51.0,71.40647,927.6341,7.08,Drizzle: Light
2010-11-27 21:00:00+00:00,BOLU,14,18.0105,6.5105,0.0,10.00256,3.0,80.09449,931.7852,8.96,Overcast
2010-11-28 21:00:00+00:00,BOLU,14,19.710499,8.210501,0.0,14.561099,3.0,64.72473,929.781,7.78,Overcast
2010-11-29 21:00:00+00:00,BOLU,14,18.1605,7.7105002,0.0,12.496719,3.0,64.23052,929.60986,7.93,Overcast
2010-11-30 21:00:00+00:00,BOLU,14,18.3605,7.4605002,0.0,11.113451,3.0,69.91779,930.07306,7.88,Overcast
2010-12-01 21:00:00+00:00,BOLU,14,20.310501,8.960501,0.0,12.864649,3.0,69.47594,932.24286,8.2,Overcast
2010-12-02 21:00:00+00:00,BOLU,14,18.960499,10.5605,0.8,12.7279215,51.0,81.69472,935.2913,7.5,Drizzle: Light
2010-12-03 21:00:00+00:00,BOLU,14,19.510502,7.6605,0.0,11.923557,3.0,75.99621,930.25555,8.45,Overcast
2010-12-04 21:00:00+00:00,BOLU,14,12.8105,3.6105,9.899999,10.630672,71.0,78.279816,928.20483,4.42,Snow fall: Slight
2010-12-05 21:00:00+00:00,BOLU,14,6.8605003,2.0605001,2.3000002,8.311245,71.0,92.35474,931.928,4.76,Snow fall: Slight
2010-12-06 21:00:00+00:00,BOLU,14,10.9605,1.0605001,0.0,6.28713,2.0,87.8006,930.4892,8.16,Partly cloudy
2010-12-07 21:00:00+00:00,BOLU,14,13.6105,1.1105001,0.0,7.289445,1.0,85.26033,931.3714,8.28,Mainly clear
2010-12-08 21:00:00+00:00,BOLU,14,14.660501,2.2105002,0.2,9.360001,51.0,83.475,926.6064,7.8,Drizzle: Light
2010-12-09 21:00:00+00:00,BOLU,14,9.3105,0.7605002,22.4,11.269782,75.0,96.71631,918.5249,1.79,Snow fall: Heavy
2010-12-10 21:00:00+00:00,BOLU,14,0.41050017,-2.3894997,25.100002,16.595179,75.0,95.45234,914.14557,2.64,Snow fall: Heavy
2010-12-11 21:00:00+00:00,BOLU,14,-0.78949976,-3.6394997,13.9,17.313717,75.0,93.82487,916.18756,5.2,Snow fall: Heavy
2010-12-12 21:00:00+00:00,BOLU,14,-1.0394998,-12.089499,4.5,11.119281,75.0,87.912865,920.6846,7.83,Snow fall: Heavy
2010-12-13 21:00:00+00:00,BOLU,14,3.2605002,-0.93949986,4.2,9.007196,73.0,93.70638,922.1904,4.99,Snow fall: Moderate
2010-12-14 21:00:00+00:00,BOLU,14,6.1605,-2.6894999,0.1,5.692099,51.0,85.56759,926.2995,7.29,Drizzle: Light
2010-12-15 21:00:00+00:00,BOLU,14,6.2605,0.56050014,2.6,11.966954,71.0,92.46638,921.62384,4.02,Snow fall: Slight
2010-12-16 21:00:00+00:00,BOLU,14,6.9105,1.0605001,7.5,18.11841,73.0,95.58017,914.70624,3.48,Snow fall: Moderate
2010-12-17 21:00:00+00:00,BOLU,14,5.5105,-0.78949976,2.8999999,15.725037,73.0,84.42971,923.8997,6.99,Snow fall: Moderate
2010-12-18 21:00:00+00:00,BOLU,14,7.5605,-2.3894997,2.0,13.37825,71.0,85.67506,929.2906,5.95,Snow fall: Slight
2010-12-19 21:00:00+00:00,BOLU,14,8.8605,1.3605001,0.0,10.315115,2.0,95.38498,933.5938,5.32,Partly cloudy
2010-12-20 21:00:00+00:00,BOLU,14,13.410501,1.5105002,0.0,10.948973,3.0,90.54597,934.8718,7.54,Overcast
2010-12-21 21:00:00+00:00,BOLU,14,14.7105,1.7105001,0.0,9.028754,0.0,85.63743,935.603,8.14,Clear sky
2010-12-22 21:00:00+00:00,BOLU,14,13.8105,1.6105001,0.0,8.217153,2.0,83.864815,932.26495,8.24,Partly cloudy
2010-12-23 21:00:00+00:00,BOLU,14,8.9105,0.3605001,0.0,11.923557,3.0,87.45334,929.4262,8.25,Overcast
2010-12-24 21:00:00+00:00,BOLU,14,9.710501,1.0605001,0.0,15.94601,3.0,81.456726,926.0533,6.8,Overcast
2010-12-25 21:00:00+00:00,BOLU,14,11.910501,5.2605,0.3,11.923557,51.0,81.19591,928.0608,4.48,Drizzle: Light
2010-12-26 21:00:00+00:00,BOLU,14,12.410501,5.0105,0.6,9.826088,51.0,86.495415,929.9733,4.63,Drizzle: Light
2010-12-27 21:00:00+00:00,BOLU,14,12.410501,4.9605002,0.3,9.693296,51.0,85.83258,928.2556,4.18,Drizzle: Light
2010-12-28 21:00:00+00:00,BOLU,14,6.8105,1.4105002,11.900002,6.924738,73.0,98.068695,931.91473,2.42,Snow fall: Moderate
2010-12-29 21:00:00+00:00,BOLU,14,1.4605001,-0.8894999,11.900001,8.64,75.0,94.71264,933.678,4.02,Snow fall: Heavy
2010-12-30 21:00:00+00:00,BOLU,14,2.0105002,-2.5394998,0.0,6.6185193,71.0,89.207855,934.38916,5.4,Snow fall: Slight
2010-12-31 21:00:00+00:00,BOLU,14,3.4605002,-3.3894997,0.0,8.089993,1.0,80.74857,931.92065,8.71,Mainly clear
2011-01-01 21:00:00+00:00,BOLU,14,4.7605,-4.0895,0.0,10.028439,3.0,75.5859,928.87714,8.86,Overcast
2011-01-02 21:00:00+00:00,BOLU,14,5.6105003,-1.9895,3.4,10.661107,71.0,86.19921,925.37885,3.41,Snow fall: Slight
2011-01-03 21:00:00+00:00,BOLU,14,3.6605,0.3605001,8.600001,8.311245,73.0,96.9847,928.88837,2.91,Snow fall: Moderate
2011-01-04 21:00:00+00:00,BOLU,14,1.6605002,-1.0394998,3.0999997,7.5685663,73.0,91.47689,933.7673,3.38,Snow fall: Moderate
2011-01-05 21:00:00+00:00,BOLU,14,3.2105002,-0.43949986,0.0,5.904439,71.0,89.11417,935.39386,5.17,Snow fall: Slight
2011-01-06 21:00:00+00:00,BOLU,14,2.8105001,-1.3894999,3.2,11.620809,73.0,91.6257,938.31714,6.09,Snow fall: Moderate
2011-01-07 21:00:00+00:00,BOLU,14,2.9105,-2.8395,0.0,4.802999,1.0,71.72665,938.2753,9.54,Mainly clear
2011-01-08 21:00:00+00:00,BOLU,14,5.3105,-1.2394998,0.5,6.28713,71.0,64.27591,936.40936,5.58,Snow fall: Slight
2011-01-09 21:00:00+00:00,BOLU,14,6.5105,-0.6394999,0.0,5.8048253,71.0,91.62222,937.2163,6.42,Snow fall: Slight
2011-01-10 21:00:00+00:00,BOLU,14,7.6605,-0.58949995,0.0,7.42159,3.0,89.14215,935.6118,7.53,Overcast
2011-01-11 21:00:00+00:00,BOLU,14,8.8605,-1.0895,0.0,8.699793,3.0,81.81683,932.2991,9.03,Overcast
2011-01-12 21:00:00+00:00,BOLU,14,9.6605,0.7605002,0.0,7.10031,3.0,78.08821,929.89667,9.4,Overcast
2011-01-13 21:00:00+00:00,BOLU,14,6.9605002,1.2105001,0.0,6.618519,3.0,87.35009,928.71954,8.0,Overcast
2011-01-14 21:00:00+00:00,BOLU,14,6.4605002,1.4605001,0.0,6.12,3.0,89.2615,931.0,7.85,Overcast
2011-01-15 21:00:00+00:00,BOLU,14,9.1605,1.3605001,0.4,6.439876,51.0,84.44919,931.67755,7.2,Drizzle: Light
2011-01-16 21:00:00+00:00,BOLU,14,5.4605002,2.4605002,4.0,7.289444,71.0,95.829285,937.908,3.78,Snow fall: Slight
2011-01-17 21:00:00+00:00,BOLU,14,5.8105,0.7105001,0.0,5.95906,3.0,90.65475,936.8164,6.17,Overcast
2011-01-18 21:00:00+00:00,BOLU,14,6.9105,-0.8894999,0.0,4.6938257,3.0,84.21003,933.5437,8.45,Overcast
2011-01-19 21:00:00+00:00,BOLU,14,9.8605,-1.3395,0.0,6.439876,3.0,81.306984,931.00665,9.85,Overcast
2011-01-20 21:00:00+00:00,BOLU,14,10.3105,0.060500145,0.0,6.6087217,3.0,77.886665,932.4715,8.51,Overcast
2011-01-21 21:00:00+00:00,BOLU,14,10.8605,0.060500145,0.3,8.373386,51.0,81.420876,931.35504,7.7,Drizzle: Light
2011-01-22 21:00:00+00:00,BOLU,14,10.5105,1.1105001,3.0000002,18.888851,53.0,86.71032,928.8653,8.16,Drizzle: Moderate
2011-01-23 21:00:00+00:00,BOLU,14,8.6105,2.9105,10.800001,6.489992,73.0,96.228485,927.36554,5.49,Snow fall: Moderate
2011-01-24 21:00:00+00:00,BOLU,14,3.1105,0.56050014,12.099999,6.9527545,73.0,98.062775,921.6518,4.01,Snow fall: Moderate
2011-01-25 21:00:00+00:00,BOLU,14,1.7105001,-1.9895,6.1,6.9899354,73.0,92.52517,924.0417,5.06,Snow fall: Moderate
2011-01-26 21:00:00+00:00,BOLU,14,2.1605,-3.2395,0.4,9.779817,71.0,81.50077,929.815,8.67,Snow fall: Slight
2011-01-27 21:00:00+00:00,BOLU,14,4.0105,-1.7394998,0.0,8.217153,3.0,63.201466,931.6109,9.74,Overcast
2011-01-28 21:00:00+00:00,BOLU,14,2.7605002,-1.1394999,1.5000001,11.183201,71.0,76.6779,927.1246,6.2,Snow fall: Slight
2011-01-29 21:00:00+00:00,BOLU,14,2.2105002,-1.7394998,9.7,9.605998,73.0,94.48834,927.1607,5.23,Snow fall: Moderate
2011-01-30 21:00:00+00:00,BOLU,14,-0.53949976,-5.0895,4.4999995,11.966954,73.0,89.902245,929.906,9.35,Snow fall: Moderate
2011-01-31 21:00:00+00:00,BOLU,14,-0.7394998,-5.2395,3.7,9.983106,73.0,82.9016,932.80927,9.58,Snow fall: Moderate
2011-02-01 21:00:00+00:00,BOLU,14,1.5105002,-4.2395,0.0,5.692099,2.0,68.35345,934.04767,12.2,Partly cloudy
2011-02-02 21:00:00+00:00,BOLU,14,6.5605,-2.0895,0.0,6.193674,3.0,59.723614,932.82,12.03,Overcast
2011-02-03 21:00:00+00:00,BOLU,14,3.3605,-2.0394998,0.0,8.350138,2.0,77.881874,933.1209,11.69,Partly cloudy
2011-02-04 21:00:00+00:00,BOLU,14,6.7105002,-1.8894999,0.0,9.227524,2.0,70.24709,935.5551,12.62,Partly cloudy
2011-02-05 21:00:00+00:00,BOLU,14,7.5605,-1.3894999,0.0,9.793058,0.0,61.638657,934.23175,12.53,Clear sky
2011-02-06 21:00:00+00:00,BOLU,14,7.5605,2.1605,0.0,9.3876505,1.0,74.92272,934.44214,12.52,Mainly clear
2011-02-07 21:00:00+00:00,BOLU,14,10.1105,0.81050014,0.0,7.42159,2.0,80.53326,933.14764,12.82,Partly cloudy
2011-02-08 21:00:00+00:00,BOLU,14,7.3605003,0.21050012,0.0,12.4811535,3.0,87.53768,928.90936,12.11,Overcast
2011-02-09 21:00:00+00:00,BOLU,14,3.5105002,-4.1394997,0.70000005,13.527572,71.0,80.40156,931.82886,11.55,Snow fall: Slight
2011-02-10 21:00:00+00:00,BOLU,14,3.9605002,-4.3395,0.0,7.42159,2.0,69.79311,933.2547,13.25,Partly cloudy
2011-02-11 21:00:00+00:00,BOLU,14,10.2605,-2.4895,0.0,14.529915,3.0,54.87073,925.0806,13.88,Overcast
2011-02-12 21:00:00+00:00,BOLU,14,3.5605001,-0.2394998,6.2,10.805999,73.0,80.51153,929.6346,12.49,Snow fall: Moderate
2011-02-13 21:00:00+00:00,BOLU,14,6.1105003,0.56050014,0.70000005,8.557102,73.0,79.861305,926.3565,9.0,Snow fall: Moderate
2011-02-14 21:00:00+00:00,BOLU,14,2.6105,-2.4895,1.1,8.350138,71.0,92.704346,923.4035,7.8,Snow fall: Slight
2011-02-15 21:00:00+00:00,BOLU,14,1.7605002,-3.8395,0.0,6.763786,3.0,76.61689,927.6828,10.08,Overcast
2011-02-16 21:00:00+00:00,BOLU,14,7.2105002,-1.0394998,0.0,9.6932955,3.0,72.18556,930.2474,13.24,Overcast
2011-02-17 21:00:00+00:00,BOLU,14,12.8105,0.56050014,0.0,7.42159,3.0,77.91037,928.20807,12.89,Overcast
2011-02-18 21:00:00+00:00,BOLU,14,9.4105,1.1605002,5.2000003,10.630672,71.0,89.687614,916.67413,5.32,Snow fall: Slight
2011-02-19 21:00:00+00:00,BOLU,14,5.1105003,0.7105001,5.6000004,10.383987,73.0,95.5577,919.9505,6.45,Snow fall: Moderate
2011-02-20 21:00:00+00:00,BOLU,14,6.0605,-0.08949995,0.4,5.991594,71.0,83.89206,927.7215,8.13,Snow fall: Slight
2011-02-21 21:00:00+00:00,BOLU,14,9.7605,-0.6394999,2.0,15.876775,73.0,84.11106,925.0451,8.9,Snow fall: Moderate
2011-02-22 21:00:00+00:00,BOLU,14,13.1105,0.8605001,4.3999996,8.534353,61.0,89.858,925.01764,12.04,Rain: Slight
2011-02-23 21:00:00+00:00,BOLU,14,12.4605,0.1105001,1.5,5.1165614,53.0,86.94058,927.1946,10.22,Drizzle: Moderate
2011-02-24 21:00:00+00:00,BOLU,14,10.7105,4.0105,5.8,8.217153,71.0,94.10324,925.6511,7.71,Snow fall: Slight
2011-02-25 21:00:00+00:00,BOLU,14,4.1105003,0.41050017,5.7999988,9.9571085,71.0,92.218285,927.5783,7.08,Snow fall: Slight
2011-02-26 21:00:00+00:00,BOLU,14,5.8605003,-0.08949995,0.0,6.162207,71.0,87.03418,928.9599,6.83,Snow fall: Slight
2011-02-27 21:00:00+00:00,BOLU,14,5.8605003,0.56050014,0.2,8.373386,51.0,92.33316,931.87695,7.51,Drizzle: Light
2011-02-28 21:00:00+00:00,BOLU,14,5.2105002,0.2605002,0.2,7.754637,71.0,89.596016,937.3059,6.73,Snow fall: Slight
2011-03-01 21:00:00+00:00,BOLU,14,5.7105002,-0.7394998,0.0,8.12197,3.0,84.37835,940.9326,11.52,Overcast
2011-03-02 21:00:00+00:00,BOLU,14,9.460501,-0.9894998,0.0,7.145796,3.0,75.12182,940.403,15.44,Overcast
2011-03-03 21:00:00+00:00,BOLU,14,4.8605003,0.46050012,0.90000004,8.225035,71.0,90.19909,939.13434,7.68,Snow fall: Slight
2011-03-04 21:00:00+00:00,BOLU,14,10.1105,0.060500145,0.0,6.439876,3.0,77.861,934.12115,14.38,Overcast
2011-03-05 21:00:00+00:00,BOLU,14,8.460501,-0.1394999,6.7000003,6.379216,73.0,90.03994,922.9468,8.42,Snow fall: Moderate
2011-03-06 21:00:00+00:00,BOLU,14,2.0105002,-2.4895,7.6999993,17.935081,73.0,86.43275,927.11896,11.08,Snow fall: Moderate
2011-03-07 21:00:00+00:00,BOLU,14,-1.2894998,-3.7395,12.6,20.730501,73.0,88.015205,928.8262,9.53,Snow fall: Moderate
2011-03-08 21:00:00+00:00,BOLU,14,-0.8894999,-3.9394999,31.900002,14.759999,75.0,95.11866,922.9668,5.05,Snow fall: Heavy
2011-03-09 21:00:00+00:00,BOLU,14,-0.9894998,-4.5394998,10.6,15.315873,73.0,91.84598,927.3189,12.2,Snow fall: Moderate
2011-03-10 21:00:00+00:00,BOLU,14,0.1105001,-8.4395,0.3,6.519877,71.0,86.46653,932.314,16.02,Snow fall: Slight
2011-03-11 21:00:00+00:00,BOLU,14,4.8105,-9.339499,0.0,5.6920996,3.0,75.514084,936.64185,19.79,Overcast
2011-03-12 21:00:00+00:00,BOLU,14,8.6605,-6.4895,0.0,9.826088,3.0,72.48984,938.8487,19.77,Overcast
2011-03-13 21:00:00+00:00,BOLU,14,13.660501,-2.4895,0.0,10.464797,3.0,66.59949,939.10065,19.96,Overcast
2011-03-14 21:00:00+00:00,BOLU,14,15.410501,-1.1394999,0.0,9.511088,3.0,66.995155,938.0289,19.88,Overcast
2011-03-15 21:00:00+00:00,BOLU,14,15.0605,1.8105001,1.0,7.386582,51.0,68.933426,936.6365,16.57,Drizzle: Light
2011-03-16 21:00:00+00:00,BOLU,14,16.960499,3.1105,0.0,6.6185193,3.0,70.541176,933.43744,19.49,Overcast
2011-03-17 21:00:00+00:00,BOLU,14,12.6105,6.4605002,10.1,6.130579,61.0,87.03448,930.1186,6.46,Rain: Slight
2011-03-18 21:00:00+00:00,BOLU,14,13.0105,6.7605,7.7,5.8603754,55.0,92.95297,929.112,13.21,Drizzle: Dense
2011-03-19 21:00:00+00:00,BOLU,14,12.7105,4.4605002,3.1000001,7.968939,55.0,92.59586,930.4289,11.63,Drizzle: Dense
2011-03-20 21:00:00+00:00,BOLU,14,6.0105,1.4105002,7.500001,10.739833,71.0,94.1058,933.2314,7.22,Snow fall: Slight
2011-03-21 21:00:00+00:00,BOLU,14,4.5605,-0.03949976,4.6999993,11.879999,71.0,85.64094,938.0783,11.28,Snow fall: Slight
2011-03-22 21:00:00+00:00,BOLU,14,5.3105,-1.4394999,0.0,11.542478,71.0,77.496475,936.8155,15.19,Snow fall: Slight
2011-03-23 21:00:00+00:00,BOLU,14,6.5105,-1.9394999,0.0,9.346143,3.0,80.74947,935.595,11.52,Overcast
2011-03-24 21:00:00+00:00,BOLU,14,12.8105,0.56050014,0.0,8.557102,2.0,73.97343,936.17773,19.69,Partly cloudy
2011-03-25 21:00:00+00:00,BOLU,14,16.4105,0.16050017,0.0,10.30883,1.0,65.09008,931.6861,21.82,Mainly clear
2011-03-26 21:00:00+00:00,BOLU,14,15.910501,1.8605001,0.0,6.297428,3.0,67.38718,931.2519,19.72,Overcast
2011-03-27 21:00:00+00:00,BOLU,14,13.1105,5.1105003,2.5000002,7.9036193,53.0,88.06708,933.2241,15.87,Drizzle: Moderate
2011-03-28 21:00:00+00:00,BOLU,14,15.4605,1.0605001,0.4,10.97262,51.0,76.7309,931.36444,16.93,Drizzle: Light
2011-03-29 21:00:00+00:00,BOLU,14,15.4605,5.3605003,6.9000006,8.209263,61.0,80.73667,932.1267,18.04,Rain: Slight
2011-03-30 21:00:00+00:00,BOLU,14,15.6105,2.8605,3.2,6.6185193,61.0,89.32345,934.0771,17.63,Rain: Slight
2011-03-31 21:00:00+00:00,BOLU,14,15.2105,6.9105,5.5,6.725354,63.0,91.81765,934.15106,12.14,Rain: Moderate
2011-04-01 21:00:00+00:00,BOLU,14,15.660501,7.3605003,20.799997,5.6920996,63.0,92.57623,926.3985,8.28,Rain: Moderate
2011-04-02 21:00:00+00:00,BOLU,14,13.5605,5.8105,4.8,6.2145634,61.0,91.98025,923.88116,11.53,Rain: Slight
2011-04-03 21:00:00+00:00,BOLU,14,9.960501,4.7605,3.4999998,9.511088,53.0,96.87916,926.72577,8.59,Drizzle: Moderate
2011-04-04 21:00:00+00:00,BOLU,14,8.210501,3.5605001,0.1,7.42159,51.0,95.22308,929.2835,7.7,Drizzle: Light
2011-04-05 21:00:00+00:00,BOLU,14,9.210501,3.9605002,1.2,8.12197,51.0,92.33112,930.9698,11.07,Drizzle: Light
2011-04-06 21:00:00+00:00,BOLU,14,11.5605,2.7605002,0.0,8.654986,3.0,82.89444,931.136,18.14,Overcast
2011-04-07 21:00:00+00:00,BOLU,14,16.8605,2.5105002,11.1,18.057508,73.0,82.692085,923.7448,17.19,Snow fall: Moderate
2011-04-08 21:00:00+00:00,BOLU,14,14.3105,2.4605002,7.0,23.40277,73.0,83.84526,921.48395,15.65,Snow fall: Moderate
2011-04-09 21:00:00+00:00,BOLU,14,7.8105,0.66050017,11.900001,12.819235,73.0,96.20687,923.1179,14.16,Snow fall: Moderate
2011-04-10 21:00:00+00:00,BOLU,14,6.6605,-1.7894998,4.0,10.636766,73.0,83.44286,924.49554,19.67,Snow fall: Moderate
2011-04-11 21:00:00+00:00,BOLU,14,4.3105,-2.8894997,4.3999996,11.753876,73.0,87.02131,926.68646,19.61,Snow fall: Moderate
2011-04-12 21:00:00+00:00,BOLU,14,12.9605,1.9105002,1.3000001,11.841756,71.0,79.45925,926.30566,14.53,Snow fall: Slight
2011-04-13 21:00:00+00:00,BOLU,14,15.7105,4.5605,6.899999,23.233253,71.0,76.08522,921.9063,18.49,Snow fall: Slight
2011-04-14 21:00:00+00:00,BOLU,14,11.8605,-0.4894998,0.0,16.179987,3.0,76.55678,926.1833,19.35,Overcast
2011-04-15 21:00:00+00:00,BOLU,14,12.7605,1.7105001,0.2,8.4963045,51.0,80.4123,930.83203,18.9,Drizzle: Light
2011-04-16 21:00:00+00:00,BOLU,14,13.3605,4.3105,1.2,6.6185193,51.0,86.36324,932.9473,15.0,Drizzle: Light
2011-04-17 21:00:00+00:00,BOLU,14,16.3605,5.0105,15.100001,7.42159,61.0,90.30656,926.1265,11.28,Rain: Slight
2011-04-18 21:00:00+00:00,BOLU,14,12.2605,5.6105003,9.0,9.585739,61.0,97.34324,922.4209,8.72,Rain: Slight
2011-04-19 21:00:00+00:00,BOLU,14,8.5605,4.1605,7.9,11.659777,71.0,92.3554,925.23505,7.64,Snow fall: Slight
2011-04-20 21:00:00+00:00,BOLU,14,8.3105,2.0605001,1.0,15.111424,71.0,82.22772,932.96796,16.6,Snow fall: Slight
2011-04-21 21:00:00+00:00,BOLU,14,12.8105,0.7105001,0.0,12.224107,3.0,78.639854,929.6668,23.72,Overcast
2011-04-22 21:00:00+00:00,BOLU,14,10.3605,2.2105002,0.0,10.483357,3.0,84.52908,929.88776,16.57,Overcast
2011-04-23 21:00:00+00:00,BOLU,14,9.3105,2.2105002,0.3,8.473393,51.0,91.06899,931.8389,14.1,Drizzle: Light
2011-04-24 21:00:00+00:00,BOLU,14,12.160501,3.8105001,0.0,9.779817,3.0,87.72647,932.3303,15.6,Overcast
2011-04-25 21:00:00+00:00,BOLU,14,17.5105,3.9105,0.1,5.6233797,51.0,78.781296,930.01324,23.62,Drizzle: Light
2011-04-26 21:00:00+00:00,BOLU,14,18.510502,4.3605003,0.2,7.7043357,51.0,75.9669,927.6342,15.53,Drizzle: Light
2011-04-27 21:00:00+00:00,BOLU,14,17.960499,8.460501,6.8999996,6.9527545,61.0,86.33488,924.59235,19.99,Rain: Slight
2011-04-28 21:00:00+00:00,BOLU,14,14.410501,8.6605,2.3999999,7.9036193,55.0,90.353004,922.33075,15.01,Drizzle: Dense
2011-04-29 21:00:00+00:00,BOLU,14,15.5605,8.1605,0.0,9.931042,3.0,84.58236,923.84357,18.26,Overcast
2011-04-30 21:00:00+00:00,BOLU,14,18.710499,6.1605,0.3,6.989936,51.0,78.89753,925.5559,20.7,Drizzle: Light
2011-05-01 21:00:00+00:00,BOLU,14,18.9105,8.710501,4.9,8.0899935,61.0,83.81981,924.68024,21.82,Rain: Slight
2011-05-02 21:00:00+00:00,BOLU,14,19.960499,9.4105,2.2000003,7.42159,53.0,82.54435,925.4587,18.83,Drizzle: Moderate
2011-05-03 21:00:00+00:00,BOLU,14,18.760502,9.0105,17.3,8.78872,63.0,88.39181,921.06366,18.33,Rain: Moderate
2011-05-04 21:00:00+00:00,BOLU,14,12.7105,8.6605,8.399999,8.435069,53.0,97.242516,927.13995,7.95,Drizzle: Moderate
2011-05-05 21:00:00+00:00,BOLU,14,9.210501,3.3105001,7.1,11.367109,53.0,95.02018,934.399,10.54,Drizzle: Moderate
2011-05-06 21:00:00+00:00,BOLU,14,13.8105,0.3605001,0.0,11.183201,3.0,74.189,935.1325,27.33,Overcast
2011-05-07 21:00:00+00:00,BOLU,14,15.160501,1.9605001,1.4,7.653705,51.0,79.42368,930.5407,24.85,Drizzle: Light
2011-05-08 21:00:00+00:00,BOLU,14,12.910501,5.4605002,1.4000001,9.107359,53.0,87.64758,932.0208,17.57,Drizzle: Moderate
2011-05-09 21:00:00+00:00,BOLU,14,15.2105,4.5605,0.0,8.557102,3.0,80.13125,931.7175,24.2,Overcast
2011-05-10 21:00:00+00:00,BOLU,14,16.3605,4.7105002,9.500001,9.885262,63.0,89.60415,927.31104,19.86,Rain: Moderate
2011-05-11 21:00:00+00:00,BOLU,14,12.5605,6.9605002,4.7999997,10.239453,53.0,93.73795,924.362,15.75,Drizzle: Moderate
2011-05-12 21:00:00+00:00,BOLU,14,11.3605,7.2105002,4.7000003,8.913181,53.0,95.13218,927.62067,9.02,Drizzle: Moderate
2011-05-13 21:00:00+00:00,BOLU,14,15.2105,6.8605003,7.3999996,10.383987,61.0,96.21363,930.5598,18.51,Rain: Slight
2011-05-14 21:00:00+00:00,BOLU,14,16.8605,6.6605,0.3,11.212135,51.0,80.48248,931.66235,24.24,Drizzle: Light
2011-05-15 21:00:00+00:00,BOLU,14,21.510502,5.0605,0.0,6.6087217,2.0,73.68789,932.0735,28.41,Partly cloudy
2011-05-16 21:00:00+00:00,BOLU,14,22.8605,8.6605,1.2,5.991594,53.0,74.510605,933.2308,26.01,Drizzle: Moderate
2011-05-17 21:00:00+00:00,BOLU,14,23.310501,8.5105,1.0,8.287822,53.0,77.23169,932.38446,24.49,Drizzle: Moderate
2011-05-18 21:00:00+00:00,BOLU,14,19.1105,11.8105,14.199999,6.489992,63.0,91.27762,930.9778,17.79,Rain: Moderate
2011-05-19 21:00:00+00:00,BOLU,14,14.6105,11.2105,10.9,5.6233797,61.0,97.4383,930.78394,9.63,Rain: Slight
2011-05-20 21:00:00+00:00,BOLU,14,16.310501,9.8605,10.5,13.324863,61.0,94.17639,931.022,17.29,Rain: Slight
2011-05-21 21:00:00+00:00,BOLU,14,17.4105,10.9605,2.3,12.24,51.0,86.7763,932.93896,20.52,Drizzle: Light
2011-05-22 21:00:00+00:00,BOLU,14,20.4105,8.6605,0.0,10.966713,3.0,82.736046,934.59674,22.63,Overcast
2011-05-23 21:00:00+00:00,BOLU,14,21.710499,9.3105,4.8,6.4096174,61.0,84.63508,934.91016,21.44,Rain: Slight
2011-05-24 21:00:00+00:00,BOLU,14,22.760502,10.160501,4.1,8.049845,61.0,85.69686,932.84235,23.74,Rain: Slight
2011-05-25 21:00:00+00:00,BOLU,14,21.510502,13.5105,0.2,10.739833,51.0,81.75185,933.61865,24.29,Drizzle: Light
2011-05-26 21:00:00+00:00,BOLU,14,22.1105,12.3605,0.4,6.87779,51.0,82.03654,932.1133,21.78,Drizzle: Light
2011-05-27 21:00:00+00:00,BOLU,14,21.510502,13.0105,3.3,7.172949,61.0,87.64631,927.8972,19.51,Rain: Slight
2011-05-28 21:00:00+00:00,BOLU,14,18.760502,13.5105,12.7,7.127636,63.0,93.01627,927.5581,13.24,Rain: Moderate
2011-05-29 21:00:00+00:00,BOLU,14,19.6605,12.6105,8.400001,6.1305785,63.0,92.262115,931.03467,17.51,Rain: Moderate
2011-05-30 21:00:00+00:00,BOLU,14,21.260502,11.7605,9.3,5.3517847,63.0,90.72474,931.72906,20.6,Rain: Moderate
2011-05-31 21:00:00+00:00,BOLU,14,20.1605,12.910501,7.9,6.9247384,63.0,93.74154,931.10944,20.18,Rain: Moderate
2011-06-01 21:00:00+00:00,BOLU,14,20.560501,13.2605,0.2,9.422101,51.0,85.765015,930.8554,23.81,Drizzle: Light
2011-06-02 21:00:00+00:00,BOLU,14,21.010502,10.7605,0.0,12.371645,2.0,82.12287,931.96295,26.1,Partly cloudy
2011-06-03 21:00:00+00:00,BOLU,14,20.760502,11.910501,0.0,8.707238,3.0,84.11003,931.84076,23.31,Overcast
2011-06-04 21:00:00+00:00,BOLU,14,22.3605,12.410501,0.0,11.367109,3.0,80.14252,931.0246,27.53,Overcast
2011-06-05 21:00:00+00:00,BOLU,14,22.6105,11.6105,0.2,7.771331,51.0,79.344154,931.13745,26.31,Drizzle: Light
2011-06-06 21:00:00+00:00,BOLU,14,23.960499,11.7605,0.0,7.8954163,3.0,80.82093,930.94244,26.71,Overcast
2011-06-07 21:00:00+00:00,BOLU,14,25.1605,12.7105,0.0,8.435069,3.0,78.03306,931.4421,27.88,Overcast
2011-06-08 21:00:00+00:00,BOLU,14,29.510502,14.8605,1.1,11.304229,55.0,64.03216,928.3398,28.0,Drizzle: Dense
2011-06-09 21:00:00+00:00,BOLU,14,23.1605,15.2105,4.1,7.0911775,53.0,79.056404,923.42633,22.0,Drizzle: Moderate
2011-06-10 21:00:00+00:00,BOLU,14,18.310501,13.0105,24.8,10.587917,63.0,91.62318,922.7158,17.46,Rain: Moderate
2011-06-11 21:00:00+00:00,BOLU,14,19.260502,13.9605,8.599999,7.9932966,61.0,93.35099,925.46185,17.83,Rain: Slight
2011-06-12 21:00:00+00:00,BOLU,14,18.760502,12.6105,0.90000004,12.245294,51.0,84.82098,926.51654,22.69,Drizzle: Light
2011-06-13 21:00:00+00:00,BOLU,14,18.8605,11.7105,0.2,7.5170207,51.0,83.56182,928.4655,18.12,Drizzle: Light
2011-06-14 21:00:00+00:00,BOLU,14,21.310501,11.0605,1.9,7.342588,61.0,85.408516,931.3391,24.68,Rain: Slight
2011-06-15 21:00:00+00:00,BOLU,14,21.3605,12.3105,9.200001,8.350138,63.0,90.84905,931.9145,19.66,Rain: Moderate
2011-06-16 21:00:00+00:00,BOLU,14,20.9105,14.0105,8.2,7.928178,61.0,92.04123,932.01044,22.07,Rain: Slight
2011-06-17 21:00:00+00:00,BOLU,14,21.460499,14.2105,6.5999994,7.9526596,63.0,90.96857,931.1807,21.02,Rain: Moderate
2011-06-18 21:00:00+00:00,BOLU,14,22.9105,12.8105,0.90000004,7.2805495,51.0,83.09848,929.5,23.94,Drizzle: Light
2011-06-19 21:00:00+00:00,BOLU,14,24.710499,12.2105,0.0,9.387651,3.0,77.91268,929.68994,29.25,Overcast
2011-06-20 21:00:00+00:00,BOLU,14,21.560501,14.6105,3.5999997,9.47012,53.0,90.24768,935.2115,22.11,Drizzle: Moderate
2011-06-21 21:00:00+00:00,BOLU,14,21.760502,10.6105,0.0,14.332341,2.0,77.916756,936.1999,30.18,Partly cloudy
2011-06-22 21:00:00+00:00,BOLU,14,23.260502,10.7605,0.0,12.303366,0.0,73.72843,933.8064,30.11,Clear sky
2011-06-23 21:00:00+00:00,BOLU,14,25.710499,10.660501,0.0,6.9899354,2.0,78.17504,930.72974,29.89,Partly cloudy
2011-06-24 21:00:00+00:00,BOLU,14,26.1605,13.2605,0.0,9.449572,3.0,81.81305,926.9031,27.19,Overcast
2011-06-25 21:00:00+00:00,BOLU,14,16.0105,10.0605,17.6,12.738099,63.0,96.2024,927.8247,12.42,Rain: Moderate
2011-06-26 21:00:00+00:00,BOLU,14,15.3105,8.2605,4.1,12.229406,55.0,89.14923,928.0799,20.84,Drizzle: Dense
2011-06-27 21:00:00+00:00,BOLU,14,17.210499,9.0605,3.2,4.1046314,61.0,81.78132,926.15015,21.78,Rain: Slight
2011-06-28 21:00:00+00:00,BOLU,14,19.760502,9.460501,5.4,7.7879906,63.0,85.55793,924.8194,24.75,Rain: Moderate
2011-06-29 21:00:00+00:00,BOLU,14,20.1105,9.2605,1.2,11.165805,51.0,84.53589,927.30615,23.26,Drizzle: Light
2011-06-30 21:00:00+00:00,BOLU,14,23.1105,11.8605,0.2,6.297428,51.0,79.2292,927.1175,24.19,Drizzle: Light
2011-07-01 21:00:00+00:00,BOLU,14,21.560501,14.9605,12.2,8.404285,61.0,94.977715,927.82837,17.64,Rain: Slight
2011-07-02 21:00:00+00:00,BOLU,14,25.960499,11.8605,0.0,6.792466,3.0,79.71459,927.87427,28.96,Overcast
2011-07-03 21:00:00+00:00,BOLU,14,22.1105,15.8605,2.2,9.021574,51.0,86.372795,928.25055,22.4,Drizzle: Light
2011-07-04 21:00:00+00:00,BOLU,14,22.1105,13.1105,0.0,7.8625183,3.0,78.24366,929.7487,28.95,Overcast
2011-07-05 21:00:00+00:00,BOLU,14,25.810501,11.2105,0.0,7.628263,2.0,77.01921,926.69415,27.96,Partly cloudy
2011-07-06 21:00:00+00:00,BOLU,14,24.010502,14.2105,0.2,9.793058,51.0,80.14565,930.045,28.02,Drizzle: Light
2011-07-07 21:00:00+00:00,BOLU,14,25.460499,13.3105,0.0,9.3669195,2.0,80.41328,933.5561,28.95,Partly cloudy
2011-07-08 21:00:00+00:00,BOLU,14,26.1605,14.660501,0.0,10.805999,3.0,83.03367,935.62054,27.36,Overcast
2011-07-09 21:00:00+00:00,BOLU,14,25.810501,13.410501,0.0,13.202726,3.0,77.33035,934.2369,28.98,Overcast
2011-07-10 21:00:00+00:00,BOLU,14,24.510502,14.160501,0.0,13.450708,3.0,77.54653,931.508,28.58,Overcast
2011-07-11 21:00:00+00:00,BOLU,14,24.460499,16.1105,0.0,13.708391,3.0,82.32909,930.0732,25.62,Overcast
2011-07-12 21:00:00+00:00,BOLU,14,23.260502,14.3605,1.1000001,10.823973,51.0,84.33196,929.6424,23.25,Drizzle: Light
2011-07-13 21:00:00+00:00,BOLU,14,24.010502,15.910501,2.8,8.759178,53.0,88.74622,930.7471,22.1,Drizzle: Moderate
2011-07-14 21:00:00+00:00,BOLU,14,24.1105,16.560501,0.8,10.931203,51.0,85.79261,931.75146,24.8,Drizzle: Light
2011-07-15 21:00:00+00:00,BOLU,14,23.810501,15.6105,0.5,12.522619,51.0,81.36677,930.21265,24.17,Drizzle: Light
2011-07-16 21:00:00+00:00,BOLU,14,26.3605,15.8105,0.0,10.137692,2.0,72.028465,927.2431,28.54,Partly cloudy
2011-07-17 21:00:00+00:00,BOLU,14,26.510502,14.8105,0.5,10.829959,51.0,79.80781,924.76904,26.49,Drizzle: Light
2011-07-18 21:00:00+00:00,BOLU,14,26.1105,15.6105,0.0,10.661107,2.0,78.13414,926.75635,26.28,Partly cloudy
2011-07-19 21:00:00+00:00,BOLU,14,29.010502,15.8105,0.0,8.669949,3.0,76.38142,925.5273,27.29,Overcast
2011-07-20 21:00:00+00:00,BOLU,14,31.8605,16.710499,0.6,10.1887,51.0,71.82429,921.2002,25.03,Drizzle: Light
2011-07-21 21:00:00+00:00,BOLU,14,23.760502,17.310501,2.3,9.826088,53.0,82.80076,926.1575,23.69,Drizzle: Moderate
2011-07-22 21:00:00+00:00,BOLU,14,25.8605,15.4605,0.0,14.618837,0.0,69.29456,928.4451,28.39,Clear sky
2011-07-23 21:00:00+00:00,BOLU,14,30.260502,13.7605,0.2,8.373386,51.0,64.085945,924.7413,27.76,Drizzle: Light
2011-07-24 21:00:00+00:00,BOLU,14,31.710499,16.4105,0.1,7.9932966,51.0,64.68048,923.51196,25.98,Drizzle: Light
2011-07-25 21:00:00+00:00,BOLU,14,30.6105,17.7605,0.0,7.2,3.0,77.51327,930.0378,24.81,Overcast
2011-07-26 21:00:00+00:00,BOLU,14,29.210499,17.9105,0.0,11.27553,2.0,74.88202,934.8465,26.73,Partly cloudy
2011-07-27 21:00:00+00:00,BOLU,14,28.560501,16.960499,0.0,12.313893,1.0,73.54858,933.17377,27.39,Mainly clear
2011-07-28 21:00:00+00:00,BOLU,14,32.8605,17.060501,0.0,7.5942082,3.0,74.05714,926.0904,26.84,Overcast
2011-07-29 21:00:00+00:00,BOLU,14,29.060501,21.060501,0.5,10.703569,51.0,84.06752,925.9319,22.77,Drizzle: Light
2011-07-30 21:00:00+00:00,BOLU,14,28.760502,17.960499,0.0,11.013882,3.0,79.764046,927.9821,25.1,Overcast
2011-07-31 21:00:00+00:00,BOLU,14,26.310501,18.1105,0.5,10.105681,51.0,85.31141,927.75464,18.8,Drizzle: Light
2011-08-01 21:00:00+00:00,BOLU,14,23.9105,17.310501,0.9000001,12.964998,51.0,86.11536,928.62885,19.83,Drizzle: Light
2011-08-02 21:00:00+00:00,BOLU,14,23.1605,15.410501,0.3,12.287555,51.0,81.605446,931.0666,20.98,Drizzle: Light
2011-08-03 21:00:00+00:00,BOLU,14,24.1105,15.5105,0.0,15.683776,3.0,77.99049,931.4715,22.33,Overcast
2011-08-04 21:00:00+00:00,BOLU,14,26.010502,13.7605,0.0,16.09969,0.0,70.82313,931.33746,26.28,Clear sky
2011-08-05 21:00:00+00:00,BOLU,14,25.8605,13.9605,0.0,14.440443,1.0,71.19457,930.6822,25.97,Mainly clear
2011-08-06 21:00:00+00:00,BOLU,14,25.960499,14.2605,0.0,12.261158,3.0,74.78738,930.5908,24.64,Overcast
2011-08-07 21:00:00+00:00,BOLU,14,27.8605,13.4605,0.0,11.212135,2.0,68.98684,931.0025,26.92,Partly cloudy
2011-08-08 21:00:00+00:00,BOLU,14,29.060501,13.1105,0.0,9.885262,0.0,68.738495,928.8562,26.46,Clear sky
2011-08-09 21:00:00+00:00,BOLU,14,28.8605,14.9605,0.0,11.792404,3.0,74.3462,926.28864,23.21,Overcast
2011-08-10 21:00:00+00:00,BOLU,14,23.960499,15.3105,8.1,10.799999,53.0,89.81655,924.2789,17.42,Drizzle: Moderate
2011-08-11 21:00:00+00:00,BOLU,14,20.210499,13.4605,11.699999,10.853866,61.0,92.49728,924.2973,14.12,Rain: Slight
2011-08-12 21:00:00+00:00,BOLU,14,20.3605,15.1105,6.6000004,8.78872,61.0,91.6087,925.7688,15.06,Rain: Slight
2011-08-13 21:00:00+00:00,BOLU,14,23.8605,14.2105,0.0,9.6932955,3.0,79.03674,927.57837,22.05,Overcast
2011-08-14 21:00:00+00:00,BOLU,14,26.3605,13.7605,0.2,9.726665,51.0,75.14006,929.7612,23.85,Drizzle: Light
2011-08-15 21:00:00+00:00,BOLU,14,26.6105,15.6105,0.0,12.6462,2.0,73.516335,930.59326,25.69,Partly cloudy
2011-08-16 21:00:00+00:00,BOLU,14,26.010502,14.9605,0.0,13.039754,0.0,70.99626,931.7268,25.65,Clear sky
2011-08-17 21:00:00+00:00,BOLU,14,24.8605,14.9605,0.0,14.799459,3.0,77.4909,933.35504,22.87,Overcast
2011-08-18 21:00:00+00:00,BOLU,14,21.4105,14.4605,0.6,15.517629,51.0,80.28401,933.87213,20.75,Drizzle: Light
2011-08-19 21:00:00+00:00,BOLU,14,23.6105,12.0105,0.0,13.684735,2.0,76.12831,932.68317,24.87,Partly cloudy
2011-08-20 21:00:00+00:00,BOLU,14,24.760502,12.910501,0.0,14.440443,1.0,73.467,933.5034,25.01,Mainly clear
2011-08-21 21:00:00+00:00,BOLU,14,23.710499,12.660501,0.0,15.137133,2.0,75.08122,934.7964,24.26,Partly cloudy
2011-08-22 21:00:00+00:00,BOLU,14,24.960499,11.1105,0.0,13.32,0.0,72.490944,934.93604,24.23,Clear sky
2011-08-23 21:00:00+00:00,BOLU,14,25.6105,12.5605,0.0,14.417988,0.0,71.343315,933.9357,24.66,Clear sky
2011-08-24 21:00:00+00:00,BOLU,14,23.6605,12.7105,0.0,13.698934,2.0,71.18215,933.00165,22.36,Partly cloudy
2011-08-25 21:00:00+00:00,BOLU,14,25.560501,12.9605,0.0,15.192682,2.0,74.37087,933.8266,23.35,Partly cloudy
2011-08-26 21:00:00+00:00,BOLU,14,26.9105,13.3105,0.0,10.8955765,3.0,73.765594,932.665,23.82,Overcast
2011-08-27 21:00:00+00:00,BOLU,14,28.010502,13.410501,0.0,10.805999,2.0,69.94816,930.95917,23.98,Partly cloudy
2011-08-28 21:00:00+00:00,BOLU,14,29.6105,13.410501,0.0,6.3690495,3.0,65.97704,928.27264,22.42,Overcast
2011-08-29 21:00:00+00:00,BOLU,14,25.4105,16.560501,2.3000002,9.511088,53.0,80.99295,927.3842,17.63,Drizzle: Moderate
2011-08-30 21:00:00+00:00,BOLU,14,24.560501,14.5605,0.0,11.212135,3.0,68.70796,929.1232,23.28,Overcast
2011-08-31 21:00:00+00:00,BOLU,14,25.760502,16.210499,0.0,13.5515,3.0,54.148396,931.05347,23.04,Overcast
2011-09-01 21:00:00+00:00,BOLU,14,26.010502,15.5105,0.0,13.339445,2.0,57.863903,930.7537,22.71,Partly cloudy
2011-09-02 21:00:00+00:00,BOLU,14,24.1605,13.4605,0.0,11.901798,2.0,73.28271,930.1795,17.91,Partly cloudy
2011-09-03 21:00:00+00:00,BOLU,14,23.9105,13.6105,0.0,14.917212,3.0,74.46856,933.8322,21.64,Overcast
2011-09-04 21:00:00+00:00,BOLU,14,25.310501,11.4605,0.0,13.004921,0.0,66.19626,935.05914,22.67,Clear sky
2011-09-05 21:00:00+00:00,BOLU,14,25.060501,11.5605,0.0,10.661107,2.0,69.216866,933.2422,22.34,Partly cloudy
2011-09-06 21:00:00+00:00,BOLU,14,25.010502,12.2605,0.0,10.239453,2.0,72.960785,929.2436,21.43,Partly cloudy
2011-09-07 21:00:00+00:00,BOLU,14,26.8605,12.4605,0.0,10.931203,2.0,67.56637,926.20905,21.72,Partly cloudy
2011-09-08 21:00:00+00:00,BOLU,14,26.1605,14.660501,0.0,13.392774,3.0,58.22076,928.1892,20.68,Overcast
2011-09-09 21:00:00+00:00,BOLU,14,23.260502,14.7105,0.0,11.726277,2.0,65.679405,934.81854,17.82,Partly cloudy
2011-09-10 21:00:00+00:00,BOLU,14,24.3605,11.0105,0.0,11.928989,2.0,65.89251,934.86304,21.34,Partly cloudy
2011-09-11 21:00:00+00:00,BOLU,14,27.6605,10.5605,0.0,10.805999,0.0,57.91498,931.92523,21.39,Clear sky
2011-09-12 21:00:00+00:00,BOLU,14,29.060501,12.5105,0.0,11.177405,0.0,55.460022,931.1619,21.24,Clear sky
2011-09-13 21:00:00+00:00,BOLU,14,28.6605,14.3105,0.0,9.605998,0.0,54.564514,931.809,20.9,Clear sky
2011-09-14 21:00:00+00:00,BOLU,14,27.6605,14.5605,0.0,10.163227,0.0,61.575985,931.0098,20.52,Clear sky
2011-09-15 21:00:00+00:00,BOLU,14,27.260502,12.7105,0.0,13.5515,2.0,68.66775,932.5717,20.32,Partly cloudy
2011-09-16 21:00:00+00:00,BOLU,14,27.060501,15.0605,0.0,14.264361,1.0,57.78273,933.31866,20.28,Mainly clear
2011-09-17 21:00:00+00:00,BOLU,14,27.510502,12.3105,0.0,7.771331,0.0,59.15183,930.74896,20.35,Clear sky
2011-09-18 21:00:00+00:00,BOLU,14,26.310501,12.410501,0.5,10.739832,53.0,64.41668,929.6763,18.46,Drizzle: Moderate
2011-09-19 21:00:00+00:00,BOLU,14,25.9105,13.2605,0.0,8.373386,3.0,73.14673,932.5361,19.01,Overcast
2011-09-20 21:00:00+00:00,BOLU,14,30.210499,12.7605,0.0,6.193674,3.0,56.512447,929.4688,18.89,Overcast
2011-09-21 21:00:00+00:00,BOLU,14,27.560501,15.7105,3.5000002,5.3517847,61.0,68.77076,925.97296,12.54,Rain: Slight
2011-09-22 21:00:00+00:00,BOLU,14,19.210499,13.4605,12.2,8.759178,61.0,96.12856,927.3264,8.78,Rain: Slight
2011-09-23 21:00:00+00:00,BOLU,14,20.260502,8.8105,0.0,12.959999,3.0,79.01688,930.28107,18.79,Overcast
2011-09-24 21:00:00+00:00,BOLU,14,21.460499,11.2605,0.0,14.689589,2.0,75.28463,935.9266,16.66,Partly cloudy
2011-09-25 21:00:00+00:00,BOLU,14,20.1605,8.7605,0.0,13.339445,2.0,75.32366,937.6468,18.47,Partly cloudy
2011-09-26 21:00:00+00:00,BOLU,14,21.710499,9.2605,0.0,10.823973,2.0,76.91035,937.8252,18.37,Partly cloudy
2011-09-27 21:00:00+00:00,BOLU,14,22.560501,8.3605,0.0,9.3876505,1.0,70.66209,936.18463,18.35,Mainly clear
2011-09-28 21:00:00+00:00,BOLU,14,20.510502,11.410501,0.2,12.371645,51.0,77.10836,934.7276,17.76,Drizzle: Light
2011-09-29 21:00:00+00:00,BOLU,14,15.5605,9.9105,8.0,13.138765,61.0,89.06873,934.19904,13.06,Rain: Slight
2011-09-30 21:00:00+00:00,BOLU,14,16.6605,8.0605,0.1,9.9571085,51.0,77.34167,935.9492,16.87,Drizzle: Light
2011-10-01 21:00:00+00:00,BOLU,14,20.1105,6.7605,0.1,11.503113,51.0,72.65615,933.2851,17.51,Drizzle: Light
2011-10-02 21:00:00+00:00,BOLU,14,16.3605,9.3605,0.3,12.620554,51.0,78.3269,936.25024,16.41,Drizzle: Light
2011-10-03 21:00:00+00:00,BOLU,14,20.260502,4.6605,0.0,6.6087217,2.0,66.44511,935.41455,17.68,Partly cloudy
2011-10-04 21:00:00+00:00,BOLU,14,22.3605,8.4105,0.0,6.725354,2.0,57.992844,934.98126,17.64,Partly cloudy
2011-10-05 21:00:00+00:00,BOLU,14,23.260502,8.1605,0.0,6.1305785,2.0,60.657772,934.39404,17.2,Partly cloudy
2011-10-06 21:00:00+00:00,BOLU,14,24.260502,9.2605,0.0,5.1919937,1.0,63.130173,930.9404,16.64,Mainly clear
2011-10-07 21:00:00+00:00,BOLU,14,23.560501,9.1605,0.0,10.691453,3.0,62.262177,927.7585,16.48,Overcast
2011-10-08 21:00:00+00:00,BOLU,14,19.6105,12.7605,9.3,17.208603,61.0,76.88534,924.30023,5.49,Rain: Slight
2011-10-09 21:00:00+00:00,BOLU,14,23.210499,14.5605,11.400001,19.559633,63.0,84.569595,924.72925,12.09,Rain: Moderate
2011-10-10 21:00:00+00:00,BOLU,14,20.6605,13.5105,14.900001,13.5515,61.0,81.630066,925.6163,11.07,Rain: Slight
2011-10-11 21:00:00+00:00,BOLU,14,13.7605,10.7105,12.7,13.009903,61.0,96.43832,926.8134,5.38,Rain: Slight
2011-10-12 21:00:00+00:00,BOLU,14,14.8105,9.2605,0.5,8.287822,51.0,88.483894,931.3266,8.26,Drizzle: Light
2011-10-13 21:00:00+00:00,BOLU,14,13.5605,7.7105002,5.1,9.585739,61.0,94.43061,933.4394,5.43,Rain: Slight
2011-10-14 21:00:00+00:00,BOLU,14,12.8605,5.8605003,5.9,8.12197,53.0,91.372314,934.9843,7.1,Drizzle: Moderate
2011-10-15 21:00:00+00:00,BOLU,14,7.6105003,4.4605002,12.2,6.8777895,73.0,95.726875,930.4089,4.09,Snow fall: Moderate
2011-10-16 21:00:00+00:00,BOLU,14,10.1105,4.8605003,14.2,5.2416787,73.0,92.65909,927.57446,5.71,Snow fall: Moderate
2011-10-17 21:00:00+00:00,BOLU,14,8.0105,2.6105,9.400001,20.969807,73.0,81.6605,930.25464,11.51,Snow fall: Moderate
2011-10-18 21:00:00+00:00,BOLU,14,9.960501,0.16050017,0.5,10.24578,71.0,72.191,937.31934,14.46,Snow fall: Slight
2011-10-19 21:00:00+00:00,BOLU,14,14.0105,-0.3894999,0.0,6.297428,0.0,70.810814,936.0816,15.08,Clear sky
2011-10-20 21:00:00+00:00,BOLU,14,16.6105,0.6105001,0.0,6.792466,3.0,69.40067,935.0139,14.97,Overcast
2011-10-21 21:00:00+00:00,BOLU,14,14.7605,4.9605002,0.0,8.350138,3.0,79.22374,935.292,11.43,Overcast
2011-10-22 21:00:00+00:00,BOLU,14,14.0605,6.5605,0.0,7.2359104,3.0,84.677605,935.416,10.48,Overcast
2011-10-23 21:00:00+00:00,BOLU,14,14.7105,4.4605002,0.0,5.8048253,3.0,85.28764,932.9859,8.92,Overcast
2011-10-24 21:00:00+00:00,BOLU,14,13.660501,7.5605,0.2,8.12197,51.0,87.33569,934.41943,10.2,Drizzle: Light
2011-10-25 21:00:00+00:00,BOLU,14,10.8605,5.0105,0.6,9.726665,51.0,89.23545,935.67145,7.49,Drizzle: Light
2011-10-26 21:00:00+00:00,BOLU,14,10.2605,2.4105,0.0,13.627795,3.0,82.28568,938.3388,12.94,Overcast
2011-10-27 21:00:00+00:00,BOLU,14,12.0605,1.1105001,0.0,10.086427,3.0,80.684784,939.4783,13.15,Overcast
2011-10-28 21:00:00+00:00,BOLU,14,10.3105,2.7605002,0.0,11.212135,3.0,85.47285,938.2434,10.47,Overcast
2011-10-29 21:00:00+00:00,BOLU,14,9.960501,2.7605002,0.0,10.1376915,3.0,84.84982,936.8316,10.18,Overcast
2011-10-30 21:00:00+00:00,BOLU,14,11.0105,2.6105,0.0,6.6185193,3.0,81.44387,935.5618,11.45,Overcast
2011-10-31 21:00:00+00:00,BOLU,14,11.7605,0.010500193,0.0,6.489992,3.0,81.050224,933.2519,11.24,Overcast
2011-11-01 21:00:00+00:00,BOLU,14,10.2605,3.4605002,1.6,9.531505,51.0,90.5456,933.2861,8.44,Drizzle: Light
2011-11-02 21:00:00+00:00,BOLU,14,7.6605,3.0105002,1.3000001,10.086427,51.0,89.69619,931.94073,9.35,Drizzle: Light
2011-11-03 21:00:00+00:00,BOLU,14,9.1105,1.5105002,0.0,12.879752,3.0,87.48704,934.054,9.45,Overcast
2011-11-04 21:00:00+00:00,BOLU,14,11.7105,1.3105001,0.0,7.9526596,2.0,83.148735,935.46704,11.79,Partly cloudy
2011-11-05 21:00:00+00:00,BOLU,14,13.3605,2.0105002,0.0,7.072878,3.0,77.038246,937.87445,11.75,Overcast
2011-11-06 21:00:00+00:00,BOLU,14,10.8605,1.9105002,0.0,7.5170207,3.0,82.59592,941.05,10.62,Overcast
2011-11-07 21:00:00+00:00,BOLU,14,11.8105,-0.68949986,0.0,5.3517847,3.0,72.386314,940.1731,11.19,Overcast
2011-11-08 21:00:00+00:00,BOLU,14,13.3105,0.66050017,0.0,7.729527,1.0,74.661575,934.1843,11.44,Mainly clear
2011-11-09 21:00:00+00:00,BOLU,14,7.4105,3.1105,2.6000001,7.072878,53.0,97.76105,931.95996,4.14,Drizzle: Moderate
2011-11-10 21:00:00+00:00,BOLU,14,5.6605,0.5105002,3.4,9.387651,73.0,92.836586,936.0318,6.15,Snow fall: Moderate
2011-11-11 21:00:00+00:00,BOLU,14,5.0105,-3.3894997,0.6,10.799999,73.0,73.7277,940.99994,11.13,Snow fall: Moderate
2011-11-12 21:00:00+00:00,BOLU,14,5.8605003,-0.58949995,0.0,10.137692,0.0,66.811195,939.6379,11.3,Clear sky
2011-11-13 21:00:00+00:00,BOLU,14,6.9605002,-0.83949995,0.0,8.350138,3.0,68.93488,934.26556,11.17,Overcast
2011-11-14 21:00:00+00:00,BOLU,14,6.4605002,0.060500145,0.0,6.379216,3.0,76.63914,929.1435,8.72,Overcast
2011-11-15 21:00:00+00:00,BOLU,14,4.9605002,1.2605002,0.8,7.928178,71.0,92.4782,931.8818,3.98,Snow fall: Slight
2011-11-16 21:00:00+00:00,BOLU,14,5.6605,0.91050017,1.5000001,8.64,51.0,87.70739,934.99396,6.52,Drizzle: Light
2011-11-17 21:00:00+00:00,BOLU,14,6.4105,0.31050014,0.0,7.2805495,3.0,85.64407,935.9511,7.2,Overcast
2011-11-18 21:00:00+00:00,BOLU,14,7.3105,0.5105002,0.0,8.287822,2.0,85.57897,935.3535,8.72,Partly cloudy
2011-11-19 21:00:00+00:00,BOLU,14,8.3605,0.21050012,0.0,6.151683,2.0,82.5554,935.88556,9.53,Partly cloudy
2011-11-20 21:00:00+00:00,BOLU,14,8.8605,-0.93949986,0.0,5.154415,3.0,76.84881,936.04254,9.53,Overcast
2011-11-21 21:00:00+00:00,BOLU,14,8.8605,-0.9894998,0.0,5.815978,3.0,77.12404,936.0334,8.57,Overcast
2011-11-22 21:00:00+00:00,BOLU,14,7.1605,-0.2394998,0.0,7.9932976,3.0,83.84141,938.85675,7.77,Overcast
2011-11-23 21:00:00+00:00,BOLU,14,7.5105,0.010500193,0.0,10.182337,3.0,86.230835,941.14746,8.45,Overcast
2011-11-24 21:00:00+00:00,BOLU,14,6.0105,-0.9894998,0.0,6.28713,71.0,72.80691,940.7573,8.94,Snow fall: Slight
2011-11-25 21:00:00+00:00,BOLU,14,7.1605,-1.0895,0.0,6.1305785,1.0,68.13975,936.4383,9.06,Mainly clear
2011-11-26 21:00:00+00:00,BOLU,14,3.9105,-1.8894999,0.0,6.162207,71.0,86.920555,936.77466,6.72,Snow fall: Slight
2011-11-27 21:00:00+00:00,BOLU,14,8.3605,-2.4394999,0.0,6.6185193,1.0,66.51035,935.31464,9.15,Mainly clear
2011-11-28 21:00:00+00:00,BOLU,14,7.9105,-1.7394998,0.0,6.489992,2.0,62.87894,940.6989,9.49,Partly cloudy
2011-11-29 21:00:00+00:00,BOLU,14,10.410501,-1.6394999,0.0,6.489992,2.0,51.899063,937.8697,9.49,Partly cloudy
2011-11-30 21:00:00+00:00,BOLU,14,10.1105,1.3605001,0.0,5.506941,3.0,44.137577,937.2556,8.74,Overcast
2011-12-01 21:00:00+00:00,BOLU,14,6.9105,-2.4895,0.0,6.9247384,3.0,61.448307,937.30536,7.74,Overcast
2011-12-02 21:00:00+00:00,BOLU,14,10.5105,-2.9895,0.0,8.854829,0.0,63.27824,935.8162,9.13,Clear sky
2011-12-03 21:00:00+00:00,BOLU,14,12.410501,-1.5394998,0.0,9.178235,1.0,56.457516,934.7651,9.09,Mainly clear
2011-12-04 21:00:00+00:00,BOLU,14,11.2105,-1.8894999,0.0,10.144082,1.0,56.08399,932.11664,8.92,Mainly clear
2011-12-05 21:00:00+00:00,BOLU,14,10.7105,-0.03949976,0.0,13.202726,3.0,75.14324,929.64307,7.7,Overcast
2011-12-06 21:00:00+00:00,BOLU,14,10.160501,2.7605002,11.9,11.592895,73.0,90.38143,927.72284,4.3,Snow fall: Moderate
2011-12-07 21:00:00+00:00,BOLU,14,6.4605002,2.3605,15.2,9.826088,73.0,96.950325,926.96173,4.57,Snow fall: Moderate
2011-12-08 21:00:00+00:00,BOLU,14,2.1605,-1.5394998,11.400002,12.287555,75.0,96.27212,935.0835,5.18,Snow fall: Heavy
2011-12-09 21:00:00+00:00,BOLU,14,3.7605002,-7.5395,0.0,11.770403,3.0,84.02332,937.5918,8.47,Overcast
2011-12-10 21:00:00+00:00,BOLU,14,7.1105003,-3.9394999,0.0,12.245293,3.0,73.37676,936.80536,6.72,Overcast
2011-12-11 21:00:00+00:00,BOLU,14,10.0605,0.21050012,0.0,8.854829,3.0,79.656265,937.7202,8.0,Overcast
2011-12-12 21:00:00+00:00,BOLU,14,8.7605,-0.58949995,0.0,10.144082,3.0,80.269226,934.60034,7.93,Overcast
2011-12-13 21:00:00+00:00,BOLU,14,12.2605,1.9105002,0.0,6.9247384,3.0,79.5351,934.85376,7.73,Overcast
2011-12-14 21:00:00+00:00,BOLU,14,11.6105,1.0605001,0.0,8.854829,2.0,87.891624,935.03326,8.24,Partly cloudy
2011-12-15 21:00:00+00:00,BOLU,14,9.460501,0.1105001,2.8,12.57426,73.0,84.10801,926.55145,6.65,Snow fall: Moderate
2011-12-16 21:00:00+00:00,BOLU,14,8.4105,1.5105002,0.5,16.595179,71.0,84.90688,923.36346,6.35,Snow fall: Slight
2011-12-17 21:00:00+00:00,BOLU,14,9.9105,6.3105,18.6,17.462784,71.0,87.7158,926.8078,1.88,Snow fall: Slight
2011-12-18 21:00:00+00:00,BOLU,14,11.5105,4.8605003,1.1,11.592895,53.0,92.56842,932.32733,4.94,Drizzle: Moderate
2011-12-19 21:00:00+00:00,BOLU,14,13.2105,4.9105,4.4,12.7279215,53.0,82.543564,926.1894,5.37,Drizzle: Moderate
2011-12-20 21:00:00+00:00,BOLU,14,8.5605,0.41050017,5.1,11.440979,71.0,91.09295,927.0362,6.84,Snow fall: Slight
2011-12-21 21:00:00+00:00,BOLU,14,10.3105,-1.1894999,0.1,10.495713,51.0,86.069275,925.98755,6.52,Drizzle: Light
2011-12-22 21:00:00+00:00,BOLU,14,9.2605,2.7605002,8.4,9.227524,73.0,92.27091,922.3665,5.37,Snow fall: Moderate
2011-12-23 21:00:00+00:00,BOLU,14,3.8605,-1.9895,18.499998,12.10157,75.0,94.873436,926.2347,3.5,Snow fall: Heavy
2011-12-24 21:00:00+00:00,BOLU,14,0.060500145,-5.4895,1.2,9.007196,73.0,87.236626,934.4014,6.33,Snow fall: Moderate
2011-12-25 21:00:00+00:00,BOLU,14,1.8105001,-2.5394998,0.0,5.771239,3.0,77.60916,942.3493,8.04,Overcast
2011-12-26 21:00:00+00:00,BOLU,14,4.5105,-1.2894998,0.0,5.154415,1.0,70.71935,945.2822,7.71,Mainly clear
2011-12-27 21:00:00+00:00,BOLU,14,5.6105003,-1.0895,0.0,5.634891,0.0,66.01984,941.79254,8.11,Clear sky
2011-12-28 21:00:00+00:00,BOLU,14,5.6105003,-3.3395,0.0,7.172949,0.0,70.169,935.2224,8.22,Clear sky
2011-12-29 21:00:00+00:00,BOLU,14,4.9105,-3.8395,0.0,9.028754,3.0,81.41154,928.2793,6.61,Overcast
2011-12-30 21:00:00+00:00,BOLU,14,5.6605,-1.6894999,0.0,9.511088,3.0,86.50927,923.0927,5.36,Overcast
2011-12-31 21:00:00+00:00,BOLU,14,3.6105,0.66050017,15.399999,10.739833,73.0,96.54127,926.4223,1.65,Snow fall: Moderate
2012-01-01 21:00:00+00:00,BOLU,14,1.9105002,-3.1394997,1.2,7.9932976,71.0,87.22976,935.94824,7.48,Snow fall: Slight
2012-01-02 21:00:00+00:00,BOLU,14,8.3105,-2.5895,0.0,9.178235,3.0,77.32624,936.55426,8.83,Overcast
2012-01-03 21:00:00+00:00,BOLU,14,10.160501,-1.6894999,0.0,7.754637,3.0,75.070076,934.02075,8.88,Overcast
2012-01-04 21:00:00+00:00,BOLU,14,7.6105003,-2.1394997,0.0,9.178235,3.0,75.62148,926.7818,7.86,Overcast
2012-01-05 21:00:00+00:00,BOLU,14,6.9605002,-3.4895,0.0,23.4,3.0,80.4975,916.75397,7.42,Overcast
2012-01-06 21:00:00+00:00,BOLU,14,7.8605003,5.4105,8.4,23.828083,71.0,87.005005,916.93146,2.47,Snow fall: Slight
2012-01-07 21:00:00+00:00,BOLU,14,6.8605003,2.5605001,7.4000006,13.797912,73.0,94.21525,919.886,3.15,Snow fall: Moderate
2012-01-08 21:00:00+00:00,BOLU,14,2.6605,-0.7394998,11.7,9.290511,73.0,97.38877,924.2763,2.4,Snow fall: Moderate
2012-01-09 21:00:00+00:00,BOLU,14,2.3605,-1.8395,5.3999996,8.311245,73.0,91.55816,929.7779,4.1,Snow fall: Moderate
2012-01-10 21:00:00+00:00,BOLU,14,0.060500145,-2.8894997,9.9,7.172949,73.0,94.89523,929.408,4.09,Snow fall: Moderate
2012-01-11 21:00:00+00:00,BOLU,14,0.6105001,-3.0394998,5.799999,9.0645685,73.0,96.209816,933.5815,3.81,Snow fall: Moderate
2012-01-12 21:00:00+00:00,BOLU,14,2.2605002,-10.1395,0.0,8.049845,3.0,86.1834,929.23975,9.66,Overcast
2012-01-13 21:00:00+00:00,BOLU,14,3.5605001,-4.1394997,7.8,11.570515,75.0,87.5135,925.7022,6.99,Snow fall: Heavy
2012-01-14 21:00:00+00:00,BOLU,14,0.41050017,-10.3895,0.3,4.39436,71.0,79.42851,924.9768,10.16,Snow fall: Slight
2012-01-15 21:00:00+00:00,BOLU,14,-2.7395,-5.3894997,0.8000001,10.30883,71.0,78.93452,925.9235,9.72,Snow fall: Slight
2012-01-16 21:00:00+00:00,BOLU,14,-3.3894997,-6.2895,0.2,8.209263,71.0,78.13975,932.74243,9.72,Snow fall: Slight
2012-01-17 21:00:00+00:00,BOLU,14,-3.2395,-9.5395,0.6,10.630672,73.0,77.42544,936.53955,9.08,Snow fall: Moderate
2012-01-18 21:00:00+00:00,BOLU,14,-4.7395,-12.0395,0.0,9.3876505,71.0,78.353195,939.17285,9.97,Snow fall: Slight
2012-01-19 21:00:00+00:00,BOLU,14,-0.78949976,-13.4395,0.2,12.57426,71.0,79.11857,932.5278,6.39,Snow fall: Slight
2012-01-20 21:00:00+00:00,BOLU,14,2.9105,-5.0895,2.8000002,13.202726,73.0,85.543236,924.87726,5.96,Snow fall: Moderate
2012-01-21 21:00:00+00:00,BOLU,14,0.9605001,-7.5894995,8.1,10.483357,75.0,88.917114,923.67474,9.79,Snow fall: Heavy
2012-01-22 21:00:00+00:00,BOLU,14,3.4605002,-9.4895,0.4,9.904906,71.0,82.78631,928.446,10.47,Snow fall: Slight
2012-01-23 21:00:00+00:00,BOLU,14,4.8105,-6.3394995,2.7,9.826088,73.0,85.45931,928.5364,9.29,Snow fall: Moderate
2012-01-24 21:00:00+00:00,BOLU,14,5.1605,1.1105001,3.1999998,9.983106,71.0,93.18684,919.47,6.88,Snow fall: Slight
2012-01-25 21:00:00+00:00,BOLU,14,5.7605,0.6105001,10.8,9.826088,73.0,97.06916,917.9025,4.68,Snow fall: Moderate
2012-01-26 21:00:00+00:00,BOLU,14,2.2105002,-2.4895,23.7,15.192682,75.0,96.947205,925.89764,2.95,Snow fall: Heavy
2012-01-27 21:00:00+00:00,BOLU,14,-0.53949976,-4.5394998,2.6000001,6.130579,73.0,92.37787,936.78156,8.53,Snow fall: Moderate
2012-01-28 21:00:00+00:00,BOLU,14,-1.1394999,-8.2395,0.6,7.2805495,71.0,86.60016,935.0363,9.26,Snow fall: Slight
2012-01-29 21:00:00+00:00,BOLU,14,-4.0394998,-9.7895,4.2000003,8.473393,71.0,86.03083,933.3443,9.46,Snow fall: Slight
2012-01-30 21:00:00+00:00,BOLU,14,-6.3394995,-11.6395,2.5,14.182355,73.0,83.29943,930.3609,11.53,Snow fall: Moderate
2012-01-31 21:00:00+00:00,BOLU,14,-6.3394995,-15.1895,3.0,6.924738,73.0,85.27275,933.0845,11.1,Snow fall: Moderate
2012-02-01 21:00:00+00:00,BOLU,14,-3.5895,-21.189499,0.0,11.298495,71.0,74.658714,932.7382,9.42,Snow fall: Slight
2012-02-02 21:00:00+00:00,BOLU,14,3.6605,-7.9395,0.7,8.699793,73.0,85.55441,937.1496,9.85,Snow fall: Moderate
2012-02-03 21:00:00+00:00,BOLU,14,8.4105,-4.4395,0.9,10.00256,73.0,85.69923,938.08887,12.4,Snow fall: Moderate
2012-02-04 21:00:00+00:00,BOLU,14,8.8605,-5.6394997,0.0,10.805998,3.0,77.14933,934.93506,12.06,Overcast
2012-02-05 21:00:00+00:00,BOLU,14,10.8605,-3.5394998,0.0,10.00256,3.0,65.0943,929.1585,12.98,Overcast
2012-02-06 21:00:00+00:00,BOLU,14,4.1105003,-1.6394999,8.6,11.183201,73.0,86.69401,918.4954,3.77,Snow fall: Moderate
2012-02-07 21:00:00+00:00,BOLU,14,1.9105002,-3.4394999,3.8000002,7.42159,71.0,95.50976,927.01263,5.99,Snow fall: Slight
2012-02-08 21:00:00+00:00,BOLU,14,-1.7394998,-4.7395,5.0999994,8.427383,73.0,89.811646,928.6817,5.64,Snow fall: Moderate
2012-02-09 21:00:00+00:00,BOLU,14,-2.2395,-7.1895,1.2000002,8.089993,71.0,85.46406,934.21564,9.26,Snow fall: Slight
2012-02-10 21:00:00+00:00,BOLU,14,0.16050017,-11.339499,0.0,8.699793,71.0,81.86538,938.11115,12.49,Snow fall: Slight
2012-02-11 21:00:00+00:00,BOLU,14,5.7105002,-10.4395,0.0,10.990322,3.0,75.46562,934.5876,13.09,Overcast
2012-02-12 21:00:00+00:00,BOLU,14,4.8605003,-9.1395,0.0,11.753877,3.0,70.43537,927.05396,14.35,Overcast
2012-02-13 21:00:00+00:00,BOLU,14,6.0605,-2.7395,8.2,10.30883,75.0,86.27773,923.8698,10.85,Snow fall: Heavy
2012-02-14 21:00:00+00:00,BOLU,14,2.5105002,-3.8894997,19.400002,8.587338,75.0,96.22802,919.75995,5.94,Snow fall: Heavy
2012-02-15 21:00:00+00:00,BOLU,14,2.1105,-6.9395,8.8,9.983106,75.0,89.651436,916.85614,8.05,Snow fall: Heavy
2012-02-16 21:00:00+00:00,BOLU,14,-0.78949976,-5.0394998,18.2,18.532133,75.0,94.9494,918.17926,6.21,Snow fall: Heavy
2012-02-17 21:00:00+00:00,BOLU,14,-3.2894998,-6.7395,5.3999987,15.696165,73.0,88.97845,928.42975,11.87,Snow fall: Moderate
2012-02-18 21:00:00+00:00,BOLU,14,-3.2395,-14.139501,0.0,7.7043357,3.0,75.82302,934.9135,16.35,Overcast
2012-02-19 21:00:00+00:00,BOLU,14,1.6605002,-15.6895,0.0,9.83268,1.0,72.46734,940.356,16.39,Mainly clear
2012-02-20 21:00:00+00:00,BOLU,14,4.5605,-12.2895,0.0,9.826088,3.0,67.62361,940.97705,15.71,Overcast
2012-02-21 21:00:00+00:00,BOLU,14,6.9605002,-5.6895,0.0,5.904439,3.0,70.942924,939.59454,16.02,Overcast
2012-02-22 21:00:00+00:00,BOLU,14,7.1105003,-4.8395,0.0,6.725354,3.0,75.828026,934.84393,15.04,Overcast
2012-02-23 21:00:00+00:00,BOLU,14,4.1605,-4.7894998,0.0,9.931042,3.0,82.67254,927.9292,13.71,Overcast
2012-02-24 21:00:00+00:00,BOLU,14,5.3605003,-1.6894999,8.0,11.726277,73.0,93.67216,926.0679,7.71,Snow fall: Moderate
2012-02-25 21:00:00+00:00,BOLU,14,7.4105,1.8105001,1.3000001,11.631956,71.0,85.047935,923.91455,12.78,Snow fall: Slight
2012-02-26 21:00:00+00:00,BOLU,14,3.7605002,-0.08949995,14.6,9.007196,75.0,95.82122,919.5371,5.09,Snow fall: Heavy
2012-02-27 21:00:00+00:00,BOLU,14,-0.68949986,-5.8894997,27.699997,13.339445,75.0,93.02755,920.5186,5.32,Snow fall: Heavy
2012-02-28 21:00:00+00:00,BOLU,14,-3.9394999,-6.4395,9.300001,14.118243,73.0,89.98578,917.4592,12.08,Snow fall: Moderate
2012-02-29 21:00:00+00:00,BOLU,14,-1.8395,-7.6394997,11.399999,13.584932,73.0,90.28724,923.6057,13.19,Snow fall: Moderate
2012-03-01 21:00:00+00:00,BOLU,14,-1.8395,-5.8894997,8.3,11.753877,73.0,86.8706,929.0627,14.58,Snow fall: Moderate
2012-03-02 21:00:00+00:00,BOLU,14,3.0105002,-5.7894998,15.199999,12.738099,75.0,94.54404,926.33466,7.35,Snow fall: Heavy
2012-03-03 21:00:00+00:00,BOLU,14,-0.78949976,-6.7895,6.7,16.965895,73.0,89.08294,930.1954,13.59,Snow fall: Moderate
2012-03-04 21:00:00+00:00,BOLU,14,4.7605,-8.089499,0.5,9.178235,73.0,80.43133,930.9324,16.75,Snow fall: Moderate
2012-03-05 21:00:00+00:00,BOLU,14,2.1105,-5.3894997,0.0,6.2145634,3.0,83.421394,931.4981,18.06,Overcast
2012-03-06 21:00:00+00:00,BOLU,14,1.7605002,-6.7395,0.0,5.8603754,3.0,78.195915,936.0366,18.88,Overcast
2012-03-07 21:00:00+00:00,BOLU,14,5.1105003,-8.1395,1.1,7.2359104,71.0,79.37417,934.7427,13.88,Snow fall: Slight
2012-03-08 21:00:00+00:00,BOLU,14,4.1105003,-0.1394999,1.6000001,7.928177,71.0,92.93342,940.48334,12.48,Snow fall: Slight
2012-03-09 21:00:00+00:00,BOLU,14,2.9105,-3.1894999,0.0,7.9526596,3.0,84.73246,941.98395,16.77,Overcast
2012-03-10 21:00:00+00:00,BOLU,14,6.5605,-7.4895,0.3,7.8954163,71.0,76.671074,930.2266,14.28,Snow fall: Slight
2012-03-11 21:00:00+00:00,BOLU,14,3.4605002,-0.43949986,16.300001,6.8777895,75.0,95.54546,918.21075,5.64,Snow fall: Heavy
2012-03-12 21:00:00+00:00,BOLU,14,3.6105,-1.5394998,4.6,8.557102,73.0,94.35337,926.5986,10.05,Snow fall: Moderate
2012-03-13 21:00:00+00:00,BOLU,14,0.81050014,-2.4895,10.0,9.983106,73.0,92.56723,927.45996,8.59,Snow fall: Moderate
2012-03-14 21:00:00+00:00,BOLU,14,2.0605001,-4.3894997,9.5,13.37825,75.0,94.55601,931.66144,7.38,Snow fall: Heavy
2012-03-15 21:00:00+00:00,BOLU,14,-0.83949995,-6.7895,6.1,13.584932,73.0,92.29728,937.54834,14.63,Snow fall: Moderate
2012-03-16 21:00:00+00:00,BOLU,14,5.7605,-10.839499,0.0,6.763786,2.0,78.650276,940.7632,19.84,Partly cloudy
2012-03-17 21:00:00+00:00,BOLU,14,10.3605,-4.4395,0.0,9.511088,0.0,72.32969,939.99146,20.97,Clear sky
2012-03-18 21:00:00+00:00,BOLU,14,12.660501,-1.5394998,0.0,7.9036193,1.0,68.74687,939.6268,20.97,Mainly clear
2012-03-19 21:00:00+00:00,BOLU,14,11.3105,2.3105001,0.0,8.714677,3.0,76.535995,940.8291,20.76,Overcast
2012-03-20 21:00:00+00:00,BOLU,14,9.1605,1.9105002,0.0,9.3876505,3.0,82.91546,941.884,20.16,Overcast
2012-03-21 21:00:00+00:00,BOLU,14,8.9105,2.8105001,0.0,12.43434,3.0,81.72166,940.62946,18.25,Overcast
2012-03-22 21:00:00+00:00,BOLU,14,9.1605,0.66050017,0.0,8.311245,3.0,85.35208,939.84955,20.37,Overcast
2012-03-23 21:00:00+00:00,BOLU,14,13.8105,0.21050012,0.0,7.2805495,0.0,70.72936,935.342,21.48,Clear sky
2012-03-24 21:00:00+00:00,BOLU,14,13.3105,1.7605002,0.0,7.42159,2.0,73.45133,933.0915,20.94,Partly cloudy
2012-03-25 21:00:00+00:00,BOLU,14,10.910501,1.0105002,0.5,14.291592,51.0,80.256,929.75385,19.61,Drizzle: Light
2012-03-26 21:00:00+00:00,BOLU,14,3.5105002,-2.8894997,0.70000005,11.631956,71.0,79.6446,933.03516,18.17,Snow fall: Slight
2012-03-27 21:00:00+00:00,BOLU,14,4.9605002,0.060500145,5.7000003,10.105681,73.0,86.610985,929.84784,11.52,Snow fall: Moderate
2012-03-28 21:00:00+00:00,BOLU,14,8.0105,-1.8894999,0.0,9.726665,3.0,80.190575,928.8117,17.69,Overcast
2012-03-29 21:00:00+00:00,BOLU,14,11.410501,-0.43949986,11.8,15.546833,75.0,77.964165,920.50586,16.06,Snow fall: Heavy
2012-03-30 21:00:00+00:00,BOLU,14,9.1605,2.4605002,4.1,16.09969,73.0,78.36768,923.0114,18.75,Snow fall: Moderate
2012-03-31 21:00:00+00:00,BOLU,14,12.0605,0.2605002,3.7,16.418526,55.0,77.22863,920.9268,19.62,Drizzle: Dense
2012-04-01 21:00:00+00:00,BOLU,14,6.8605003,1.7105001,5.0,9.449572,73.0,84.926025,928.5185,17.27,Snow fall: Moderate
2012-04-02 21:00:00+00:00,BOLU,14,13.9605,-0.4894998,0.0,7.24486,3.0,71.56742,932.2037,23.31,Overcast
2012-04-03 21:00:00+00:00,BOLU,14,19.510502,2.5105002,0.0,7.289445,3.0,65.48626,933.5452,22.83,Overcast
2012-04-04 21:00:00+00:00,BOLU,14,18.9105,5.7605,0.70000005,9.531505,51.0,74.90417,931.4864,16.4,Drizzle: Light
2012-04-05 21:00:00+00:00,BOLU,14,16.4105,5.5105,6.1000004,12.496718,63.0,82.53344,924.8724,20.62,Rain: Moderate
2012-04-06 21:00:00+00:00,BOLU,14,14.1105,6.9105,1.8000001,9.659814,55.0,85.07056,921.8591,18.0,Drizzle: Dense
2012-04-07 21:00:00+00:00,BOLU,14,18.0105,5.3605003,0.6,17.654688,51.0,68.99595,916.8997,21.88,Drizzle: Light
2012-04-08 21:00:00+00:00,BOLU,14,12.2605,4.9605002,6.9000006,12.181624,61.0,79.403786,915.7518,16.26,Rain: Slight
2012-04-09 21:00:00+00:00,BOLU,14,9.6605,4.2605,11.2,7.653705,61.0,96.30188,922.05524,9.2,Rain: Slight
2012-04-10 21:00:00+00:00,BOLU,14,7.9605002,3.5605001,2.4,6.4096174,53.0,97.28942,924.2971,10.76,Drizzle: Moderate
2012-04-11 21:00:00+00:00,BOLU,14,13.0105,3.3605,0.0,9.007196,3.0,77.91091,924.0718,23.39,Overcast
2012-04-12 21:00:00+00:00,BOLU,14,18.6605,4.2605,0.5,8.854829,51.0,70.5962,924.64996,21.77,Drizzle: Light
2012-04-13 21:00:00+00:00,BOLU,14,20.6105,5.5605,3.3000002,19.06301,53.0,73.3407,921.2735,16.93,Drizzle: Moderate
2012-04-14 21:00:00+00:00,BOLU,14,17.560501,8.7605,11.5,17.193533,61.0,76.008064,919.78345,19.54,Rain: Slight
2012-04-15 21:00:00+00:00,BOLU,14,17.060501,3.4605002,0.3,10.464797,51.0,71.70611,925.5701,23.28,Drizzle: Light
2012-04-16 21:00:00+00:00,BOLU,14,22.1605,4.9105,0.0,14.494192,3.0,65.82048,927.3316,24.34,Overcast
2012-04-17 21:00:00+00:00,BOLU,14,25.1605,8.460501,7.4000006,27.438046,63.0,57.63448,913.24365,19.74,Rain: Moderate
2012-04-18 21:00:00+00:00,BOLU,14,15.3105,7.0105,11.2,20.774214,61.0,87.50314,917.60815,13.06,Rain: Slight
2012-04-19 21:00:00+00:00,BOLU,14,18.960499,2.7105002,0.6,14.003029,51.0,75.7699,924.81036,23.55,Drizzle: Light
2012-04-20 21:00:00+00:00,BOLU,14,16.810501,5.8605003,6.5999994,14.618837,61.0,78.5635,924.47345,15.15,Rain: Slight
2012-04-21 21:00:00+00:00,BOLU,14,16.0105,4.0105,3.7000003,10.931203,53.0,87.31729,929.2933,21.49,Drizzle: Moderate
2012-04-22 21:00:00+00:00,BOLU,14,18.460499,4.8605003,0.0,5.3999996,3.0,75.28273,930.8865,22.24,Overcast
2012-04-23 21:00:00+00:00,BOLU,14,21.060501,6.6105003,0.0,7.491114,3.0,72.01078,930.88525,23.85,Overcast
2012-04-24 21:00:00+00:00,BOLU,14,22.310501,8.3605,0.1,7.653705,51.0,73.36329,931.34644,24.76,Drizzle: Light
2012-04-25 21:00:00+00:00,BOLU,14,21.010502,8.3605,0.0,7.9932966,2.0,74.28968,931.5472,24.35,Partly cloudy
2012-04-26 21:00:00+00:00,BOLU,14,21.760502,8.9105,0.4,9.339208,51.0,83.259735,932.073,21.86,Drizzle: Light
2012-04-27 21:00:00+00:00,BOLU,14,23.4105,8.710501,1.4000001,6.638072,53.0,76.113716,932.68744,24.55,Drizzle: Moderate
2012-04-28 21:00:00+00:00,BOLU,14,24.1605,8.8105,0.5,8.714677,53.0,73.473175,932.5473,26.06,Drizzle: Moderate
2012-04-29 21:00:00+00:00,BOLU,14,24.8605,9.3105,0.3,8.647496,51.0,72.41276,931.343,25.49,Drizzle: Light
2012-04-30 21:00:00+00:00,BOLU,14,23.960499,10.660501,0.0,9.726665,3.0,76.53495,930.7266,26.43,Overcast
2012-05-01 21:00:00+00:00,BOLU,14,24.560501,10.2105,0.0,9.0645685,3.0,75.88448,928.19183,26.14,Overcast
2012-05-02 21:00:00+00:00,BOLU,14,24.1105,11.660501,0.0,7.42159,3.0,78.185555,923.575,24.15,Overcast
2012-05-03 21:00:00+00:00,BOLU,14,22.460499,11.8605,1.0,8.209263,53.0,82.75066,923.2885,23.76,Drizzle: Moderate
2012-05-04 21:00:00+00:00,BOLU,14,20.810501,10.5605,1.7,9.178235,55.0,80.94296,926.1887,20.53,Drizzle: Dense
2012-05-05 21:00:00+00:00,BOLU,14,20.510502,11.910501,2.0,9.826088,61.0,80.44047,928.8095,20.82,Rain: Slight
2012-05-06 21:00:00+00:00,BOLU,14,20.6105,11.7105,0.2,12.287555,51.0,75.24397,931.48486,24.42,Drizzle: Light
2012-05-07 21:00:00+00:00,BOLU,14,22.510502,10.8605,0.2,9.422101,51.0,72.88317,930.7072,26.6,Drizzle: Light
2012-05-08 21:00:00+00:00,BOLU,14,22.510502,9.0605,2.2,6.924738,61.0,80.8116,931.9538,22.94,Rain: Slight
2012-05-09 21:00:00+00:00,BOLU,14,19.510502,12.0105,3.8,9.028754,61.0,88.4732,934.1152,16.56,Rain: Slight
2012-05-10 21:00:00+00:00,BOLU,14,18.810501,12.7605,8.3,7.208994,63.0,92.75235,933.33844,12.77,Rain: Moderate
2012-05-11 21:00:00+00:00,BOLU,14,20.6605,9.6105,4.7,6.989936,61.0,89.76835,929.6956,19.63,Rain: Slight
2012-05-12 21:00:00+00:00,BOLU,14,18.3605,12.0105,9.4,7.5942073,63.0,92.99198,925.4946,16.5,Rain: Moderate
2012-05-13 21:00:00+00:00,BOLU,14,16.6605,11.0105,5.7,8.913181,61.0,94.52204,926.90546,13.8,Rain: Slight
2012-05-14 21:00:00+00:00,BOLU,14,22.4105,9.6105,9.0,9.885262,63.0,79.221016,924.9385,23.1,Rain: Moderate
2012-05-15 21:00:00+00:00,BOLU,14,19.9105,9.460501,15.099999,11.966953,63.0,81.27807,924.67017,19.23,Rain: Moderate
2012-05-16 21:00:00+00:00,BOLU,14,21.710499,7.6605,0.0,9.826088,2.0,74.60766,923.5766,23.12,Partly cloudy
2012-05-17 21:00:00+00:00,BOLU,14,23.510502,9.5605,1.7,7.24486,53.0,69.57313,923.07324,25.41,Drizzle: Moderate
2012-05-18 21:00:00+00:00,BOLU,14,19.810501,10.1105,6.5,6.9527545,61.0,81.40652,926.8655,22.94,Rain: Slight
2012-05-19 21:00:00+00:00,BOLU,14,16.460499,9.7605,14.399999,5.8048253,61.0,88.625824,928.93677,19.52,Rain: Slight
2012-05-20 21:00:00+00:00,BOLU,14,16.960499,9.0105,3.6000001,7.754637,55.0,92.08935,930.1208,21.39,Drizzle: Dense
2012-05-21 21:00:00+00:00,BOLU,14,24.260502,7.4105,0.3,9.007196,51.0,72.77476,927.14484,28.37,Drizzle: Light
2012-05-22 21:00:00+00:00,BOLU,14,19.1105,10.5605,6.3,10.44,61.0,80.634636,925.87274,23.69,Rain: Slight
2012-05-23 21:00:00+00:00,BOLU,14,18.560501,9.5105,4.2999997,7.172949,55.0,82.41514,926.0825,23.13,Drizzle: Dense
2012-05-24 21:00:00+00:00,BOLU,14,17.1605,9.5605,13.9,8.373386,63.0,89.11028,925.6768,19.85,Rain: Moderate
2012-05-25 21:00:00+00:00,BOLU,14,14.660501,11.1105,6.099999,10.028439,53.0,93.56794,930.41925,7.29,Drizzle: Moderate
2012-05-26 21:00:00+00:00,BOLU,14,21.1105,8.3605,2.3,7.10031,55.0,83.98432,930.32477,25.89,Drizzle: Dense
2012-05-27 21:00:00+00:00,BOLU,14,20.210499,9.960501,15.8,9.028754,63.0,86.47525,926.1871,19.89,Rain: Moderate
2012-05-28 21:00:00+00:00,BOLU,14,18.4105,8.5105,3.0,10.636766,51.0,86.06368,926.83636,22.11,Drizzle: Light
2012-05-29 21:00:00+00:00,BOLU,14,17.5105,9.1105,6.8999996,7.145796,61.0,88.632996,929.4134,22.52,Rain: Slight
2012-05-30 21:00:00+00:00,BOLU,14,17.560501,9.3605,0.3,10.464798,51.0,81.326225,931.08325,22.3,Drizzle: Light
2012-05-31 21:00:00+00:00,BOLU,14,19.210499,8.9105,0.0,6.9153743,3.0,77.30596,932.0086,24.99,Overcast
2012-06-01 21:00:00+00:00,BOLU,14,21.960499,10.2105,0.0,11.165805,3.0,77.07075,934.57007,25.29,Overcast
2012-06-02 21:00:00+00:00,BOLU,14,25.260502,10.5605,0.0,6.4096174,3.0,77.16741,935.1298,27.1,Overcast
2012-06-03 21:00:00+00:00,BOLU,14,24.560501,13.2105,4.7999997,5.95906,61.0,84.19872,931.1199,21.48,Rain: Slight
2012-06-04 21:00:00+00:00,BOLU,14,25.060501,13.410501,0.1,6.379216,51.0,80.434425,927.58954,26.55,Drizzle: Light
2012-06-05 21:00:00+00:00,BOLU,14,22.9105,13.7105,9.5,7.208994,61.0,85.286156,925.8733,21.98,Rain: Slight
2012-06-06 21:00:00+00:00,BOLU,14,17.060501,12.2105,13.699999,10.464797,61.0,92.90641,928.3614,17.18,Rain: Slight
2012-06-07 21:00:00+00:00,BOLU,14,21.1105,9.6105,0.0,9.007196,3.0,80.68935,931.9177,25.65,Overcast
2012-06-08 21:00:00+00:00,BOLU,14,24.8605,10.160501,0.0,7.9526596,2.0,80.41444,933.5051,28.98,Partly cloudy
2012-06-09 21:00:00+00:00,BOLU,14,27.010502,13.6105,0.0,6.489992,3.0,81.80402,931.04004,27.56,Overcast
2012-06-10 21:00:00+00:00,BOLU,14,29.010502,15.2605,0.0,7.386582,3.0,80.23391,927.87256,26.25,Overcast
2012-06-11 21:00:00+00:00,BOLU,14,29.260502,15.660501,0.0,6.4096174,3.0,74.68116,928.3007,29.59,Overcast
2012-06-12 21:00:00+00:00,BOLU,14,30.960499,15.7105,0.0,7.208994,2.0,69.84225,928.8923,30.14,Partly cloudy
2012-06-13 21:00:00+00:00,BOLU,14,29.8605,17.1605,0.2,9.028754,51.0,69.97232,929.12354,26.7,Drizzle: Light
2012-06-14 21:00:00+00:00,BOLU,14,25.060501,16.460499,0.0,10.948973,3.0,81.349174,933.4663,28.44,Overcast
2012-06-15 21:00:00+00:00,BOLU,14,23.6605,15.0105,0.0,15.827721,3.0,79.22851,936.4744,28.67,Overcast
2012-06-16 21:00:00+00:00,BOLU,14,24.4105,11.5105,0.0,13.207634,0.0,71.786964,936.19073,30.38,Clear sky
2012-06-17 21:00:00+00:00,BOLU,14,27.6605,11.8105,0.0,10.390226,0.0,68.32952,934.4914,30.21,Clear sky
2012-06-18 21:00:00+00:00,BOLU,14,29.3605,13.7105,0.0,11.183201,0.0,66.43597,931.50146,29.91,Clear sky
2012-06-19 21:00:00+00:00,BOLU,14,26.8605,15.5105,0.0,12.758432,2.0,69.041435,929.45245,29.33,Partly cloudy
2012-06-20 21:00:00+00:00,BOLU,14,26.560501,15.0605,0.0,12.7279215,2.0,71.00565,928.28394,29.67,Partly cloudy
2012-06-21 21:00:00+00:00,BOLU,14,27.210499,15.2605,0.0,13.339445,1.0,68.21577,928.9822,29.25,Mainly clear
2012-06-22 21:00:00+00:00,BOLU,14,27.1605,16.1105,0.0,11.183201,3.0,74.873604,931.79443,28.51,Overcast
2012-06-23 21:00:00+00:00,BOLU,14,26.510502,15.9605,0.1,13.493999,51.0,79.147606,931.93976,26.28,Drizzle: Light
2012-06-24 21:00:00+00:00,BOLU,14,26.1605,16.060501,0.8,10.446206,51.0,76.04737,930.6928,26.92,Drizzle: Light
2012-06-25 21:00:00+00:00,BOLU,14,28.1605,15.7605,0.0,11.966954,3.0,75.40773,929.9432,27.53,Overcast
2012-06-26 21:00:00+00:00,BOLU,14,22.6105,15.0605,7.5,9.746631,63.0,90.68639,931.3423,19.1,Rain: Moderate
2012-06-27 21:00:00+00:00,BOLU,14,20.810501,12.660501,0.3,16.039202,51.0,79.24474,931.38135,27.12,Drizzle: Light
2012-06-28 21:00:00+00:00,BOLU,14,23.260502,11.910501,0.0,14.04,2.0,71.67892,931.77057,29.23,Partly cloudy
2012-06-29 21:00:00+00:00,BOLU,14,22.810501,12.1105,0.0,14.417988,2.0,71.958275,933.0725,28.37,Partly cloudy
2012-06-30 21:00:00+00:00,BOLU,14,22.8605,10.8605,0.0,16.946787,3.0,74.967224,933.2336,29.18,Overcast
2012-07-01 21:00:00+00:00,BOLU,14,20.210499,11.660501,0.4,19.353138,51.0,76.69561,933.70044,23.35,Drizzle: Light
2012-07-02 21:00:00+00:00,BOLU,14,22.1105,13.0605,0.2,16.171976,51.0,79.25831,933.1818,23.88,Drizzle: Light
2012-07-03 21:00:00+00:00,BOLU,14,25.1105,13.5105,0.0,14.565548,2.0,70.908485,930.3467,27.66,Partly cloudy
2012-07-04 21:00:00+00:00,BOLU,14,25.510502,16.6105,0.0,12.879752,1.0,70.78249,929.2788,26.79,Mainly clear
2012-07-05 21:00:00+00:00,BOLU,14,23.8605,15.160501,0.2,10.1376915,51.0,78.94611,929.167,21.66,Drizzle: Light
2012-07-06 21:00:00+00:00,BOLU,14,25.1605,14.0105,0.1,12.57426,51.0,73.70733,928.44806,25.67,Drizzle: Light
2012-07-07 21:00:00+00:00,BOLU,14,21.060501,15.8105,14.399999,12.181624,61.0,90.94513,926.1909,16.7,Rain: Slight
2012-07-08 21:00:00+00:00,BOLU,14,23.1605,17.0105,4.2999997,10.823973,53.0,92.67945,928.2729,20.73,Drizzle: Moderate
2012-07-09 21:00:00+00:00,BOLU,14,26.260502,14.4605,0.0,11.901798,3.0,75.46289,930.08203,28.95,Overcast
2012-07-10 21:00:00+00:00,BOLU,14,27.760502,14.0105,0.3,9.9571085,51.0,75.29866,930.51495,28.87,Drizzle: Light
2012-07-11 21:00:00+00:00,BOLU,14,27.710499,13.660501,0.0,10.739833,3.0,73.72326,930.5242,28.48,Overcast
2012-07-12 21:00:00+00:00,BOLU,14,28.8605,15.2605,0.0,12.015589,2.0,68.03372,930.2841,28.21,Partly cloudy
2012-07-13 21:00:00+00:00,BOLU,14,28.8605,17.4105,0.0,12.682018,0.0,65.077614,931.0993,28.81,Clear sky
2012-07-14 21:00:00+00:00,BOLU,14,30.760502,14.660501,0.0,10.464798,0.0,68.63606,931.6138,28.92,Clear sky
2012-07-15 21:00:00+00:00,BOLU,14,32.5105,16.0105,0.0,8.707238,1.0,65.26025,929.3846,28.76,Mainly clear
2012-07-16 21:00:00+00:00,BOLU,14,26.060501,17.710499,0.0,16.766108,3.0,77.62652,931.99066,25.14,Overcast
2012-07-17 21:00:00+00:00,BOLU,14,24.760502,17.1105,0.0,15.941944,3.0,80.008354,932.08234,25.33,Overcast
2012-07-18 21:00:00+00:00,BOLU,14,28.210499,14.410501,0.2,15.188415,51.0,76.25619,932.2155,27.11,Drizzle: Light
2012-07-19 21:00:00+00:00,BOLU,14,30.760502,16.2605,1.0,9.0645685,53.0,74.25913,930.80524,25.81,Drizzle: Moderate
2012-07-20 21:00:00+00:00,BOLU,14,30.060501,16.6105,0.0,11.440978,3.0,71.769714,929.50385,26.77,Overcast
2012-07-21 21:00:00+00:00,BOLU,14,29.810501,17.3605,0.0,11.659777,3.0,72.82128,927.84845,27.16,Overcast
2012-07-22 21:00:00+00:00,BOLU,14,27.8605,18.060501,0.0,10.703569,3.0,80.28045,928.91205,21.95,Overcast
2012-07-23 21:00:00+00:00,BOLU,14,30.510502,18.1605,0.0,10.483357,3.0,78.90133,930.64136,23.4,Overcast
2012-07-24 21:00:00+00:00,BOLU,14,34.6605,19.210499,0.0,10.182337,2.0,65.8141,929.76825,26.2,Partly cloudy
2012-07-25 21:00:00+00:00,BOLU,14,35.3105,19.960499,0.0,9.793058,1.0,56.52109,927.5999,26.8,Mainly clear
2012-07-26 21:00:00+00:00,BOLU,14,32.6605,22.260502,0.0,10.829958,2.0,61.38205,926.6225,24.18,Partly cloudy
2012-07-27 21:00:00+00:00,BOLU,14,30.210499,19.460499,0.4,11.609651,51.0,73.26406,925.75995,24.72,Drizzle: Light
2012-07-28 21:00:00+00:00,BOLU,14,28.760502,18.760502,0.8,10.661107,53.0,78.39762,926.9173,23.37,Drizzle: Moderate
2012-07-29 21:00:00+00:00,BOLU,14,29.010502,18.710499,0.4,10.805999,51.0,76.710175,927.2212,25.39,Drizzle: Light
2012-07-30 21:00:00+00:00,BOLU,14,26.810501,18.1105,0.5,15.137133,53.0,76.77314,927.53467,23.61,Drizzle: Moderate
2012-07-31 21:00:00+00:00,BOLU,14,25.210499,15.9605,0.8,11.753876,51.0,76.62893,928.0432,23.72,Drizzle: Light
2012-08-01 21:00:00+00:00,BOLU,14,28.810501,15.660501,0.8,9.255571,53.0,73.59339,929.2066,25.57,Drizzle: Moderate
2012-08-02 21:00:00+00:00,BOLU,14,27.9105,18.0105,3.9,9.19939,63.0,79.51123,929.9836,22.36,Rain: Moderate
2012-08-03 21:00:00+00:00,BOLU,14,25.8605,17.560501,4.8999996,9.255571,63.0,86.31071,930.1629,22.8,Rain: Moderate
2012-08-04 21:00:00+00:00,BOLU,14,26.210499,17.9105,0.5,13.896187,53.0,75.16509,931.30475,23.97,Drizzle: Moderate
2012-08-05 21:00:00+00:00,BOLU,14,26.8605,18.0105,0.0,16.039202,1.0,69.75518,932.16895,23.79,Mainly clear
2012-08-06 21:00:00+00:00,BOLU,14,27.1605,18.060501,0.4,16.203999,51.0,76.92687,931.531,22.9,Drizzle: Light
2012-08-07 21:00:00+00:00,BOLU,14,26.1605,16.9105,0.0,15.158522,2.0,74.64376,931.5384,23.19,Partly cloudy
2012-08-08 21:00:00+00:00,BOLU,14,25.560501,17.0105,1.5000001,12.287555,51.0,83.65683,932.727,20.47,Drizzle: Light
2012-08-09 21:00:00+00:00,BOLU,14,27.260502,17.310501,0.4,14.113653,51.0,73.89435,931.61676,25.69,Drizzle: Light
2012-08-10 21:00:00+00:00,BOLU,14,28.4105,16.210499,2.6999998,7.729527,61.0,75.57288,928.53864,22.01,Rain: Slight
2012-08-11 21:00:00+00:00,BOLU,14,27.960499,17.310501,11.2,10.661107,63.0,83.68661,926.2641,18.75,Rain: Moderate
2012-08-12 21:00:00+00:00,BOLU,14,22.060501,15.9605,1.5000001,10.00256,51.0,84.09124,930.0489,19.18,Drizzle: Light
2012-08-13 21:00:00+00:00,BOLU,14,24.4105,11.6105,0.0,11.609651,2.0,65.06558,930.8313,26.41,Partly cloudy
2012-08-14 21:00:00+00:00,BOLU,14,25.010502,14.660501,0.0,11.503113,0.0,56.34142,931.1504,26.19,Clear sky
2012-08-15 21:00:00+00:00,BOLU,14,25.1105,15.2605,0.0,12.849528,0.0,56.880367,930.87506,25.77,Clear sky
2012-08-16 21:00:00+00:00,BOLU,14,24.460499,13.4605,0.0,15.542662,0.0,66.13706,932.23236,25.87,Clear sky
2012-08-17 21:00:00+00:00,BOLU,14,23.4105,12.910501,0.0,16.62249,2.0,71.78425,933.15063,23.94,Partly cloudy
2012-08-18 21:00:00+00:00,BOLU,14,21.1605,13.9605,0.0,13.797912,2.0,80.186745,935.1751,19.49,Partly cloudy
2012-08-19 21:00:00+00:00,BOLU,14,22.6605,13.5105,0.0,16.071491,3.0,76.3787,936.0645,22.44,Overcast
2012-08-20 21:00:00+00:00,BOLU,14,26.3605,12.1105,0.0,12.849528,2.0,67.94771,935.095,24.77,Partly cloudy
2012-08-21 21:00:00+00:00,BOLU,14,27.310501,16.1105,0.0,14.205182,1.0,65.69373,935.54565,23.53,Mainly clear
2012-08-22 21:00:00+00:00,BOLU,14,29.260502,14.3605,0.0,14.145756,0.0,58.47685,934.1734,24.92,Clear sky
2012-08-23 21:00:00+00:00,BOLU,14,29.810501,17.710499,0.0,11.165805,0.0,43.76567,932.3443,25.41,Clear sky
2012-08-24 21:00:00+00:00,BOLU,14,32.1105,13.660501,0.0,8.473393,0.0,54.185654,930.75946,24.79,Clear sky
2012-08-25 21:00:00+00:00,BOLU,14,33.3105,15.8105,0.0,7.10031,0.0,59.523426,928.40106,24.01,Clear sky
2012-08-26 21:00:00+00:00,BOLU,14,32.2105,18.060501,0.0,10.883676,2.0,65.08492,925.3872,23.28,Partly cloudy
2012-08-27 21:00:00+00:00,BOLU,14,19.6105,14.660501,25.7,15.1884165,63.0,93.74261,928.2902,13.76,Rain: Moderate
2012-08-28 21:00:00+00:00,BOLU,14,18.460499,11.7105,1.4000001,14.587776,53.0,75.022354,934.2354,22.9,Drizzle: Moderate
2012-08-29 21:00:00+00:00,BOLU,14,22.710499,9.1105,0.0,11.928989,0.0,66.68989,933.6338,24.03,Clear sky
2012-08-30 21:00:00+00:00,BOLU,14,23.010502,10.910501,0.0,13.32,2.0,72.58802,932.49805,22.68,Partly cloudy
2012-08-31 21:00:00+00:00,BOLU,14,23.810501,11.7605,0.0,14.081478,2.0,77.28881,934.1387,21.18,Partly cloudy
2012-09-01 21:00:00+00:00,BOLU,14,25.6105,12.8605,0.0,12.24,2.0,75.04348,936.2995,22.81,Partly cloudy
2012-09-02 21:00:00+00:00,BOLU,14,27.310501,13.2605,0.0,9.028754,3.0,73.38273,934.195,22.23,Overcast
2012-09-03 21:00:00+00:00,BOLU,14,28.710499,12.7105,0.0,8.557102,3.0,73.19972,931.46674,21.72,Overcast
2012-09-04 21:00:00+00:00,BOLU,14,28.810501,15.3105,0.0,8.825508,3.0,73.016365,931.5447,20.99,Overcast
2012-09-05 21:00:00+00:00,BOLU,14,30.460499,16.0105,0.0,7.8954163,3.0,70.4894,929.80927,20.69,Overcast
2012-09-06 21:00:00+00:00,BOLU,14,23.760502,15.2105,1.1,15.188415,51.0,79.74004,930.9304,17.29,Drizzle: Light
2012-09-07 21:00:00+00:00,BOLU,14,21.760502,13.5105,0.0,14.869351,3.0,78.25182,932.384,19.57,Overcast
2012-09-08 21:00:00+00:00,BOLU,14,23.3605,12.160501,0.0,14.404499,2.0,74.378044,932.6338,19.83,Partly cloudy
2012-09-09 21:00:00+00:00,BOLU,14,22.3605,11.0605,0.0,15.725037,1.0,70.22083,935.09766,20.37,Mainly clear
2012-09-10 21:00:00+00:00,BOLU,14,25.560501,10.9605,0.0,9.726665,2.0,67.525795,933.0984,21.55,Partly cloudy
2012-09-11 21:00:00+00:00,BOLU,14,26.460499,10.4605,0.0,5.991594,3.0,59.652905,928.4974,20.58,Overcast
2012-09-12 21:00:00+00:00,BOLU,14,26.010502,13.9605,0.1,7.145796,51.0,66.5364,927.2051,18.18,Drizzle: Light
2012-09-13 21:00:00+00:00,BOLU,14,26.760502,13.7605,0.0,7.653705,3.0,66.81344,931.38226,20.78,Overcast
2012-09-14 21:00:00+00:00,BOLU,14,30.6605,14.9605,0.1,8.473393,51.0,56.268585,930.92816,20.11,Drizzle: Light
2012-09-15 21:00:00+00:00,BOLU,14,32.1605,15.5605,0.0,8.161764,2.0,51.07623,928.8084,20.07,Partly cloudy
2012-09-16 21:00:00+00:00,BOLU,14,29.810501,15.7605,0.4,7.5942082,51.0,61.106384,928.398,18.69,Drizzle: Light
2012-09-17 21:00:00+00:00,BOLU,14,27.9105,17.7605,0.3,8.587338,51.0,78.475136,929.8603,16.34,Drizzle: Light
2012-09-18 21:00:00+00:00,BOLU,14,24.260502,17.0105,6.1000004,7.7043357,61.0,87.160164,928.8199,13.72,Rain: Slight
2012-09-19 21:00:00+00:00,BOLU,14,23.210499,16.7605,1.1,8.12197,51.0,83.33962,929.4047,14.43,Drizzle: Light
2012-09-20 21:00:00+00:00,BOLU,14,23.510502,13.4605,8.6,11.090103,61.0,81.73478,929.84283,14.35,Rain: Slight
2012-09-21 21:00:00+00:00,BOLU,14,17.5105,9.7605,0.3,11.983188,51.0,79.44211,932.22797,14.17,Drizzle: Light
2012-09-22 21:00:00+00:00,BOLU,14,22.460499,9.3105,0.0,9.178235,1.0,76.09603,934.5197,18.91,Mainly clear
2012-09-23 21:00:00+00:00,BOLU,14,25.960499,10.410501,0.0,5.8603754,2.0,71.11001,932.14966,18.98,Partly cloudy
2012-09-24 21:00:00+00:00,BOLU,14,27.6605,13.2105,0.0,7.386582,0.0,56.354748,929.88153,19.02,Clear sky
2012-09-25 21:00:00+00:00,BOLU,14,29.1105,14.6105,0.0,7.0911775,0.0,52.56279,932.55396,18.82,Clear sky
2012-09-26 21:00:00+00:00,BOLU,14,29.560501,16.5105,0.0,7.24486,0.0,52.927723,935.03876,18.27,Clear sky
2012-09-27 21:00:00+00:00,BOLU,14,29.510502,13.9605,0.0,8.557102,3.0,60.01735,935.57684,16.79,Overcast
2012-09-28 21:00:00+00:00,BOLU,14,28.710499,15.5105,0.0,8.12197,2.0,64.961845,936.18555,16.79,Partly cloudy
2012-09-29 21:00:00+00:00,BOLU,14,30.1105,13.5105,0.0,7.10031,3.0,65.42664,935.97626,17.32,Overcast
2012-09-30 21:00:00+00:00,BOLU,14,31.510502,14.3605,0.0,6.1094027,2.0,53.304173,936.41895,16.77,Partly cloudy
2012-10-01 21:00:00+00:00,BOLU,14,28.760502,15.910501,0.2,7.8625183,51.0,55.826664,934.9619,15.2,Drizzle: Light
2012-10-02 21:00:00+00:00,BOLU,14,25.810501,15.660501,3.6000001,6.638072,63.0,69.55731,931.9587,14.55,Rain: Moderate
2012-10-03 21:00:00+00:00,BOLU,14,22.1605,15.0605,0.4,7.8954163,51.0,82.18363,930.6905,13.29,Drizzle: Light
2012-10-04 21:00:00+00:00,BOLU,14,22.3605,13.0105,1.7,8.4042845,61.0,84.537796,932.6795,13.59,Rain: Slight
2012-10-05 21:00:00+00:00,BOLU,14,24.210499,11.8105,0.0,11.183201,2.0,78.58839,936.00806,15.77,Partly cloudy
2012-10-06 21:00:00+00:00,BOLU,14,24.810501,10.6105,0.0,7.491114,2.0,75.44631,931.9512,15.78,Partly cloudy
2012-10-07 21:00:00+00:00,BOLU,14,22.510502,12.5605,13.1,11.525623,63.0,78.47548,927.37823,13.06,Rain: Moderate
2012-10-08 21:00:00+00:00,BOLU,14,15.9605,9.8605,4.2000003,8.373386,61.0,83.326836,929.8518,8.83,Rain: Slight
2012-10-09 21:00:00+00:00,BOLU,14,20.460499,9.4105,0.0,5.8048253,3.0,72.426994,927.3378,15.12,Overcast
2012-10-10 21:00:00+00:00,BOLU,14,17.310501,11.660501,5.6999993,7.729527,61.0,85.87206,926.41943,8.15,Rain: Slight
2012-10-11 21:00:00+00:00,BOLU,14,20.4105,9.1605,0.0,7.10031,3.0,74.48708,932.9847,15.27,Overcast
2012-10-12 21:00:00+00:00,BOLU,14,23.1105,8.2605,0.0,9.19939,1.0,62.252407,932.9038,15.31,Mainly clear
2012-10-13 21:00:00+00:00,BOLU,14,24.260502,9.9105,0.0,7.145796,0.0,63.04265,931.96606,15.12,Clear sky
2012-10-14 21:00:00+00:00,BOLU,14,25.710499,10.7105,0.0,7.9526596,2.0,60.543453,933.7508,14.84,Partly cloudy
2012-10-15 21:00:00+00:00,BOLU,14,26.760502,11.8605,0.0,8.0899935,1.0,60.427876,936.47186,14.71,Mainly clear
2012-10-16 21:00:00+00:00,BOLU,14,26.510502,13.8605,0.0,8.373386,1.0,64.301674,937.35156,14.32,Mainly clear
2012-10-17 21:00:00+00:00,BOLU,14,22.710499,13.5605,0.3,8.905908,51.0,73.82021,938.41815,13.51,Drizzle: Light
2012-10-18 21:00:00+00:00,BOLU,14,20.6605,9.7605,0.0,9.028754,2.0,69.14982,936.90326,14.99,Partly cloudy
2012-10-19 21:00:00+00:00,BOLU,14,17.9105,9.2605,1.1,10.137692,53.0,71.781136,932.7161,12.54,Drizzle: Moderate
2012-10-20 21:00:00+00:00,BOLU,14,23.010502,8.3605,2.1,7.24486,53.0,77.34006,930.5655,12.44,Drizzle: Moderate
2012-10-21 21:00:00+00:00,BOLU,14,23.310501,9.6605,2.7,7.42159,55.0,72.94503,930.8211,12.85,Drizzle: Dense
2012-10-22 21:00:00+00:00,BOLU,14,18.4105,10.0105,3.7999997,4.6938257,53.0,87.70835,930.19916,9.42,Drizzle: Moderate
2012-10-23 21:00:00+00:00,BOLU,14,18.060501,9.710501,7.5,6.0347,63.0,91.48095,930.625,9.12,Rain: Moderate
2012-10-24 21:00:00+00:00,BOLU,14,16.2605,11.160501,0.5,7.42159,51.0,88.8595,929.01434,10.41,Drizzle: Light
2012-10-25 21:00:00+00:00,BOLU,14,18.710499,8.210501,0.0,7.5170207,3.0,84.468636,926.91046,12.32,Overcast
2012-10-26 21:00:00+00:00,BOLU,14,20.1105,6.5105,0.0,10.661107,3.0,73.51091,927.772,13.17,Overcast
2012-10-27 21:00:00+00:00,BOLU,14,21.560501,8.8605,0.0,12.661564,3.0,63.885372,928.78564,11.3,Overcast
2012-10-28 21:00:00+00:00,BOLU,14,24.010502,11.7605,0.0,14.007655,3.0,60.36168,927.8804,11.18,Overcast
2012-10-29 21:00:00+00:00,BOLU,14,18.710499,11.2605,3.3000002,18.057508,53.0,70.26338,925.40485,8.54,Drizzle: Moderate
2012-10-30 21:00:00+00:00,BOLU,14,18.0105,8.5605,0.0,5.1165614,3.0,79.853966,931.4944,8.95,Overcast
2012-10-31 21:00:00+00:00,BOLU,14,21.1105,6.7605,0.0,10.823973,3.0,69.52239,930.7681,12.29,Overcast
2012-11-01 21:00:00+00:00,BOLU,14,20.760502,11.4605,2.0,10.464797,51.0,76.67069,928.86816,9.54,Drizzle: Light
2012-11-02 21:00:00+00:00,BOLU,14,18.1105,11.7605,7.499999,7.491114,61.0,93.45804,931.95,8.33,Rain: Slight
2012-11-03 21:00:00+00:00,BOLU,14,20.460499,9.0105,0.0,7.9036193,3.0,82.08688,933.4509,11.1,Overcast
2012-11-04 21:00:00+00:00,BOLU,14,20.6605,8.6605,0.0,9.6932955,3.0,77.936745,930.5432,11.03,Overcast
2012-11-05 21:00:00+00:00,BOLU,14,21.310501,8.5605,0.0,10.30883,3.0,73.97498,928.94196,9.26,Overcast
2012-11-06 21:00:00+00:00,BOLU,14,17.560501,11.0605,10.500001,7.42159,61.0,88.43861,930.8222,3.95,Rain: Slight
2012-11-07 21:00:00+00:00,BOLU,14,10.910501,8.1105,12.800001,11.27553,55.0,97.67713,931.6741,3.38,Drizzle: Dense
2012-11-08 21:00:00+00:00,BOLU,14,11.4605,7.4605002,1.3000001,8.825508,51.0,94.042015,928.35864,4.47,Drizzle: Light
2012-11-09 21:00:00+00:00,BOLU,14,9.0605,6.4605002,6.9999995,11.212135,55.0,93.70171,929.70557,3.92,Drizzle: Dense
2012-11-10 21:00:00+00:00,BOLU,14,9.710501,5.5605,1.5000001,13.039754,51.0,92.32998,935.8443,7.35,Drizzle: Light
2012-11-11 21:00:00+00:00,BOLU,14,12.0605,6.8105,0.0,8.404285,3.0,90.83965,938.4222,7.18,Overcast
2012-11-12 21:00:00+00:00,BOLU,14,16.060501,3.9105,0.0,5.4477882,3.0,85.47357,936.09033,10.15,Overcast
2012-11-13 21:00:00+00:00,BOLU,14,12.6105,5.4605002,1.3000001,6.379216,51.0,91.21006,935.6867,6.31,Drizzle: Light
2012-11-14 21:00:00+00:00,BOLU,14,15.3605,5.8605003,0.0,4.3498964,3.0,81.460945,935.983,8.6,Overcast
2012-11-15 21:00:00+00:00,BOLU,14,14.910501,5.5105,0.0,5.495161,3.0,81.22447,936.3704,8.37,Overcast
2012-11-16 21:00:00+00:00,BOLU,14,15.6105,5.4605002,0.0,5.0911684,3.0,83.26389,934.4478,8.97,Overcast
2012-11-17 21:00:00+00:00,BOLU,14,16.0105,4.4105,0.0,4.39436,1.0,78.770355,932.42206,9.5,Mainly clear
2012-11-18 21:00:00+00:00,BOLU,14,16.3605,4.4105,0.0,4.6938257,3.0,77.96993,933.0725,9.73,Overcast
2012-11-19 21:00:00+00:00,BOLU,14,15.410501,3.1105,0.0,6.439876,0.0,80.332756,933.6838,9.9,Clear sky
2012-11-20 21:00:00+00:00,BOLU,14,13.7105,2.5105002,0.0,5.8048253,2.0,85.04967,933.41034,9.24,Partly cloudy
2012-11-21 21:00:00+00:00,BOLU,14,12.0605,4.3105,0.0,8.759178,3.0,90.19354,933.7544,7.56,Overcast
2012-11-22 21:00:00+00:00,BOLU,14,11.3605,4.5605,0.1,6.9247384,51.0,89.30796,935.0441,6.81,Drizzle: Light
2012-11-23 21:00:00+00:00,BOLU,14,10.5105,4.9605002,2.2000003,6.9527545,51.0,91.75555,934.75,6.07,Drizzle: Light
2012-11-24 21:00:00+00:00,BOLU,14,9.0105,4.9605002,3.3,5.1544156,51.0,90.32566,935.489,5.32,Drizzle: Light
2012-11-25 21:00:00+00:00,BOLU,14,9.8605,1.6605002,0.0,5.1165614,3.0,83.015976,934.3147,7.06,Overcast
2012-11-26 21:00:00+00:00,BOLU,14,12.4605,-0.43949986,0.0,8.049845,0.0,75.09428,932.0688,9.41,Clear sky
2012-11-27 21:00:00+00:00,BOLU,14,11.8605,0.16050017,0.0,9.83268,3.0,75.42044,931.1895,8.04,Overcast
2012-11-28 21:00:00+00:00,BOLU,14,13.7105,2.0605001,0.0,12.074766,3.0,81.167816,928.5135,8.49,Overcast
2012-11-29 21:00:00+00:00,BOLU,14,14.3105,5.0105,2.5,13.217443,53.0,87.89325,928.60156,5.83,Drizzle: Moderate
2012-11-30 21:00:00+00:00,BOLU,14,15.7605,7.6605,2.0,12.7279215,51.0,86.5972,929.87054,6.73,Drizzle: Light
2012-12-01 21:00:00+00:00,BOLU,14,16.810501,6.8605003,0.6,16.923828,53.0,80.044876,930.10834,8.02,Drizzle: Moderate
2012-12-02 21:00:00+00:00,BOLU,14,13.160501,5.7105002,5.1,16.516901,55.0,80.040276,920.02655,5.25,Drizzle: Dense
2012-12-03 21:00:00+00:00,BOLU,14,6.6105003,0.3605001,21.3,20.870687,75.0,96.717995,915.39404,3.79,Snow fall: Heavy
2012-12-04 21:00:00+00:00,BOLU,14,5.0605,-4.9395,1.9000001,11.435313,73.0,87.02711,920.7629,8.79,Snow fall: Moderate
2012-12-05 21:00:00+00:00,BOLU,14,5.9605002,-3.1894999,5.8,11.792404,73.0,87.68795,918.9861,5.97,Snow fall: Moderate
2012-12-06 21:00:00+00:00,BOLU,14,4.6105003,-0.1394999,14.400002,9.1641035,75.0,98.56757,922.48834,2.81,Snow fall: Heavy
2012-12-07 21:00:00+00:00,BOLU,14,4.3105,-2.8395,0.0,9.178235,3.0,86.01114,929.87866,8.24,Overcast
2012-12-08 21:00:00+00:00,BOLU,14,6.6105003,-4.6394997,0.0,14.693999,3.0,76.59528,925.15985,6.93,Overcast
2012-12-09 21:00:00+00:00,BOLU,14,8.710501,3.5605001,20.0,17.551615,75.0,92.93923,918.7619,4.49,Snow fall: Heavy
2012-12-10 21:00:00+00:00,BOLU,14,4.7605,-3.0895,12.200001,12.397806,75.0,90.40986,923.4944,5.19,Snow fall: Heavy
2012-12-11 21:00:00+00:00,BOLU,14,4.7605,-2.5895,11.000001,13.53236,73.0,92.46609,925.37427,2.2,Snow fall: Moderate
2012-12-12 21:00:00+00:00,BOLU,14,2.5105002,-1.4894998,5.5999994,8.654987,73.0,94.676384,934.56757,6.76,Snow fall: Moderate
2012-12-13 21:00:00+00:00,BOLU,14,2.2105002,-2.1894999,1.4000001,5.1919937,73.0,75.59834,940.1162,7.69,Snow fall: Moderate
2012-12-14 21:00:00+00:00,BOLU,14,4.3605003,-1.3395,0.0,6.28713,3.0,60.339375,938.6038,8.64,Overcast
2012-12-15 21:00:00+00:00,BOLU,14,3.8605,-0.53949976,0.6,6.830519,71.0,70.123055,932.6616,3.72,Snow fall: Slight
2012-12-16 21:00:00+00:00,BOLU,14,4.4105,1.9605001,11.400001,7.42159,73.0,95.66747,926.35016,3.08,Snow fall: Moderate
2012-12-17 21:00:00+00:00,BOLU,14,6.9105,2.6105,2.8,8.534353,71.0,94.57653,923.8061,4.2,Snow fall: Slight
2012-12-18 21:00:00+00:00,BOLU,14,6.3105,1.8105001,5.8999996,9.826088,71.0,97.63919,917.9438,4.91,Snow fall: Slight
2012-12-19 21:00:00+00:00,BOLU,14,3.9105,0.56050014,17.0,5.8603754,73.0,98.51987,918.74713,1.9,Snow fall: Moderate
2012-12-20 21:00:00+00:00,BOLU,14,0.46050012,-1.3894999,11.1,5.692099,73.0,94.67398,924.6931,3.78,Snow fall: Moderate
2012-12-21 21:00:00+00:00,BOLU,14,2.4605002,-3.0394998,0.0,3.7585104,71.0,93.46566,928.5174,4.86,Snow fall: Slight
2012-12-22 21:00:00+00:00,BOLU,14,3.3605,-3.5895,1.7000002,6.489992,71.0,95.21463,930.70874,3.06,Snow fall: Slight
2012-12-23 21:00:00+00:00,BOLU,14,3.8605,-0.7394998,0.1,5.991594,51.0,89.30256,934.22754,6.5,Drizzle: Light
2012-12-24 21:00:00+00:00,BOLU,14,9.5105,-0.08949995,0.0,8.217153,1.0,76.22266,936.26324,8.1,Mainly clear
2012-12-25 21:00:00+00:00,BOLU,14,10.6105,-0.58949995,0.0,11.113451,0.0,85.745705,934.8545,8.37,Clear sky
2012-12-26 21:00:00+00:00,BOLU,14,14.1105,1.3105001,0.0,11.269782,3.0,78.83624,932.73975,7.74,Overcast
2012-12-27 21:00:00+00:00,BOLU,14,11.8105,2.4105,0.0,5.991594,3.0,82.93676,930.8698,6.08,Overcast
2012-12-28 21:00:00+00:00,BOLU,14,7.9605002,3.0105002,1.7,8.350138,53.0,95.22147,932.58026,5.34,Drizzle: Moderate
2012-12-29 21:00:00+00:00,BOLU,14,8.5105,1.6605002,0.2,6.9247384,51.0,91.19418,936.94635,4.43,Drizzle: Light
2012-12-30 21:00:00+00:00,BOLU,14,9.5605,0.060500145,0.0,7.42159,2.0,85.10964,935.14545,8.71,Partly cloudy
2012-12-31 21:00:00+00:00,BOLU,14,10.0605,1.4105002,0.0,5.315336,3.0,83.809105,933.49115,7.22,Overcast
2013-01-01 21:00:00+00:00,BOLU,14,10.4605,0.6105001,0.0,6.9527545,2.0,86.096436,935.8078,8.68,Partly cloudy
2013-01-02 21:00:00+00:00,BOLU,14,8.6105,1.2605002,0.0,6.763786,3.0,89.12484,939.9233,6.81,Overcast
2013-01-03 21:00:00+00:00,BOLU,14,6.2105002,2.4605002,0.5,9.028754,71.0,93.993164,933.83295,5.08,Snow fall: Slight
2013-01-04 21:00:00+00:00,BOLU,14,3.3105001,0.21050012,7.1999993,6.5693827,73.0,93.32394,925.02246,7.45,Snow fall: Moderate
2013-01-05 21:00:00+00:00,BOLU,14,3.1105,-0.93949986,4.0,7.729527,73.0,86.42275,921.5755,6.5,Snow fall: Moderate
2013-01-06 21:00:00+00:00,BOLU,14,-0.7394998,-5.6394997,7.0000005,8.39657,73.0,88.51357,921.2029,5.77,Snow fall: Moderate
2013-01-07 21:00:00+00:00,BOLU,14,-4.4895,-7.4895,6.5999994,10.296251,73.0,85.73999,926.9219,6.52,Snow fall: Moderate
2013-01-08 21:00:00+00:00,BOLU,14,-3.5895,-7.5395,11.000001,13.527572,73.0,89.714325,929.698,5.97,Snow fall: Moderate
2013-01-09 21:00:00+00:00,BOLU,14,-2.7894998,-11.3895,2.6000001,11.770403,73.0,84.85476,931.2634,10.24,Snow fall: Moderate
2013-01-10 21:00:00+00:00,BOLU,14,0.7605002,-11.5395,0.6,13.527572,51.0,77.269264,928.0878,7.72,Drizzle: Light
2013-01-11 21:00:00+00:00,BOLU,14,4.0605,-0.2394998,11.400001,13.049689,73.0,90.713745,927.1157,5.67,Snow fall: Moderate
2013-01-12 21:00:00+00:00,BOLU,14,2.9105,-1.4894998,7.9999995,10.137692,73.0,95.86384,933.2664,4.34,Snow fall: Moderate
2013-01-13 21:00:00+00:00,BOLU,14,5.4605002,-7.9395,0.0,8.78872,3.0,86.08033,937.7618,10.05,Overcast
2013-01-14 21:00:00+00:00,BOLU,14,5.6105003,-7.0894995,0.0,10.805998,3.0,81.18726,936.9426,10.26,Overcast
2013-01-15 21:00:00+00:00,BOLU,14,6.9605002,-3.9895,0.0,12.24,3.0,80.88724,929.0633,10.0,Overcast
2013-01-16 21:00:00+00:00,BOLU,14,6.4605002,0.2605002,1.0,19.67195,71.0,81.98055,922.13336,7.91,Snow fall: Slight
2013-01-17 21:00:00+00:00,BOLU,14,7.5605,3.4105,1.5000001,19.05281,51.0,89.54971,922.5247,3.5,Drizzle: Light
2013-01-18 21:00:00+00:00,BOLU,14,6.7105002,2.1605,5.2000003,19.255793,73.0,88.64859,918.6282,5.53,Snow fall: Moderate
2013-01-19 21:00:00+00:00,BOLU,14,7.1605,-1.4394999,0.0,13.556282,3.0,88.36929,925.9409,8.05,Overcast
2013-01-20 21:00:00+00:00,BOLU,14,10.8605,2.4105,0.0,11.113451,3.0,88.18684,927.242,9.82,Overcast
2013-01-21 21:00:00+00:00,BOLU,14,10.7105,1.1105001,1.6000001,15.876775,53.0,88.54217,922.1235,8.74,Drizzle: Moderate
2013-01-22 21:00:00+00:00,BOLU,14,9.0105,-0.03949976,3.7000003,11.792404,73.0,95.20062,924.30817,7.8,Snow fall: Moderate
2013-01-23 21:00:00+00:00,BOLU,14,9.2605,-1.8395,0.0,14.494192,3.0,85.91625,926.52637,9.77,Overcast
2013-01-24 21:00:00+00:00,BOLU,14,7.2105002,1.4105002,3.8,11.457958,73.0,92.46298,919.0379,5.48,Snow fall: Moderate
2013-01-25 21:00:00+00:00,BOLU,14,8.0605,-0.83949995,2.1999998,15.617529,73.0,86.6849,920.1331,5.53,Snow fall: Moderate
2013-01-26 21:00:00+00:00,BOLU,14,8.0105,0.56050014,4.1000004,9.449572,73.0,96.14136,922.2925,6.16,Snow fall: Moderate
2013-01-27 21:00:00+00:00,BOLU,14,5.1105003,1.4105002,6.0999994,5.6233797,73.0,95.79355,926.4685,5.44,Snow fall: Moderate
2013-01-28 21:00:00+00:00,BOLU,14,2.4105,-1.9895,6.2999988,7.5170207,73.0,91.54703,929.4353,5.87,Snow fall: Moderate
2013-01-29 21:00:00+00:00,BOLU,14,2.2105002,-1.8395,1.3000001,8.049845,71.0,87.55019,928.0578,6.15,Snow fall: Slight
2013-01-30 21:00:00+00:00,BOLU,14,4.4605002,-1.5895,0.5,7.208994,73.0,78.25885,924.99677,11.78,Snow fall: Moderate
2013-01-31 21:00:00+00:00,BOLU,14,4.3605003,0.2605002,6.2999997,10.446206,73.0,79.55475,925.83246,10.83,Snow fall: Moderate
2013-02-01 21:00:00+00:00,BOLU,14,6.7605,-0.18949986,0.0,12.904882,3.0,66.242256,925.3967,10.79,Overcast
2013-02-02 21:00:00+00:00,BOLU,14,9.1105,-2.3395,0.0,14.48972,3.0,81.266235,926.4965,10.66,Overcast
2013-02-03 21:00:00+00:00,BOLU,14,11.0105,1.1605002,0.0,12.879752,3.0,83.76618,929.8818,10.36,Overcast
2013-02-04 21:00:00+00:00,BOLU,14,13.0105,3.4605002,0.0,7.771331,3.0,77.91221,930.18805,8.76,Overcast
2013-02-05 21:00:00+00:00,BOLU,14,14.8105,1.1105001,0.0,8.089993,3.0,76.85827,921.8859,11.13,Overcast
2013-02-06 21:00:00+00:00,BOLU,14,12.8605,2.5105002,0.0,18.72346,3.0,78.571884,922.8177,8.93,Overcast
2013-02-07 21:00:00+00:00,BOLU,14,12.8605,7.7605,0.5,28.036118,51.0,66.25288,922.366,9.12,Drizzle: Light
2013-02-08 21:00:00+00:00,BOLU,14,10.7605,3.0105002,6.8,16.73516,73.0,77.73548,926.2911,11.75,Snow fall: Moderate
2013-02-09 21:00:00+00:00,BOLU,14,11.0605,2.4105,5.2000003,13.339445,71.0,85.09509,926.3069,9.34,Snow fall: Slight
2013-02-10 21:00:00+00:00,BOLU,14,7.4105,2.8605,11.400002,5.692099,73.0,96.74827,923.98627,7.49,Snow fall: Moderate
2013-02-11 21:00:00+00:00,BOLU,14,7.7105002,0.2605002,2.3,6.6087217,71.0,84.11663,931.5765,8.75,Snow fall: Slight
2013-02-12 21:00:00+00:00,BOLU,14,11.2105,-1.1394999,0.0,9.178235,3.0,74.78554,931.9097,12.87,Overcast
2013-02-13 21:00:00+00:00,BOLU,14,13.7105,1.0605001,0.0,8.287822,3.0,70.61514,926.6761,12.29,Overcast
2013-02-14 21:00:00+00:00,BOLU,14,6.7605,0.91050017,10.4,8.217153,73.0,95.92275,921.3763,4.31,Snow fall: Moderate
2013-02-15 21:00:00+00:00,BOLU,14,2.8105001,-0.33949995,4.3999996,8.39657,73.0,88.29719,929.9344,7.43,Snow fall: Moderate
2013-02-16 21:00:00+00:00,BOLU,14,4.7605,-0.6394999,0.0,5.634891,71.0,83.542915,930.74554,8.96,Snow fall: Slight
2013-02-17 21:00:00+00:00,BOLU,14,3.0605001,-1.0895,0.90000004,8.217153,71.0,87.58817,930.3974,8.72,Snow fall: Slight
2013-02-18 21:00:00+00:00,BOLU,14,7.9105,-0.28949976,0.0,6.3690495,3.0,74.2591,929.17163,13.6,Overcast
2013-02-19 21:00:00+00:00,BOLU,14,4.8105,-0.43949986,9.0,12.57426,73.0,92.05926,925.9934,7.82,Snow fall: Moderate
2013-02-20 21:00:00+00:00,BOLU,14,7.2605,-2.9895,0.0,8.854829,3.0,80.8033,931.4346,14.63,Overcast
2013-02-21 21:00:00+00:00,BOLU,14,8.5105,-0.58949995,2.8,11.874544,73.0,86.800385,924.2679,6.02,Snow fall: Moderate
2013-02-22 21:00:00+00:00,BOLU,14,10.7105,2.4105,0.8,7.42159,53.0,91.99921,925.5115,8.11,Drizzle: Moderate
2013-02-23 21:00:00+00:00,BOLU,14,13.8105,2.9105,0.0,6.9247384,3.0,82.90017,934.9765,12.95,Overcast
2013-02-24 21:00:00+00:00,BOLU,14,15.8605,0.91050017,0.0,7.4128532,3.0,76.97149,935.722,14.62,Overcast
2013-02-25 21:00:00+00:00,BOLU,14,15.9605,1.8105001,0.0,6.489992,2.0,77.17341,931.6616,14.82,Partly cloudy
2013-02-26 21:00:00+00:00,BOLU,14,10.7605,3.1105,4.8,6.8777895,71.0,93.87567,929.11273,10.9,Snow fall: Slight
2013-02-27 21:00:00+00:00,BOLU,14,4.8605003,0.5105002,3.9,10.636766,71.0,91.392,930.4909,7.63,Snow fall: Slight
2013-02-28 21:00:00+00:00,BOLU,14,7.5605,-1.3395,0.0,6.763786,3.0,74.69354,931.03094,15.3,Overcast
2013-03-01 21:00:00+00:00,BOLU,14,10.5105,-1.0895,0.0,8.161764,3.0,67.893105,928.38275,17.19,Overcast
2013-03-02 21:00:00+00:00,BOLU,14,7.9105,1.6605002,2.6,8.12197,71.0,88.53358,928.43414,8.42,Snow fall: Slight
2013-03-03 21:00:00+00:00,BOLU,14,5.9105,-0.93949986,0.0,11.966953,3.0,81.763695,928.2481,15.07,Overcast
2013-03-04 21:00:00+00:00,BOLU,14,1.5105002,-2.9895,0.6,17.709658,71.0,78.24962,939.0533,15.07,Snow fall: Slight
2013-03-05 21:00:00+00:00,BOLU,14,8.710501,-3.2894998,0.0,9.504273,3.0,49.48209,940.4506,18.42,Overcast
2013-03-06 21:00:00+00:00,BOLU,14,12.8105,-0.9894998,0.0,12.245293,3.0,50.622555,933.0555,17.18,Overcast
2013-03-07 21:00:00+00:00,BOLU,14,12.910501,2.0105002,0.0,10.182337,3.0,68.60395,926.6253,12.94,Overcast
2013-03-08 21:00:00+00:00,BOLU,14,13.2105,2.9105,1.4000001,8.161764,53.0,83.40164,924.1673,11.05,Drizzle: Moderate
2013-03-09 21:00:00+00:00,BOLU,14,14.7105,3.7605002,3.3,11.246759,53.0,90.43476,922.27606,12.66,Drizzle: Moderate
2013-03-10 21:00:00+00:00,BOLU,14,15.3105,2.0105002,3.9,14.759999,53.0,86.972015,919.69434,12.36,Drizzle: Moderate
2013-03-11 21:00:00+00:00,BOLU,14,15.3105,6.5605,29.5,11.923557,63.0,92.941765,918.16846,8.74,Rain: Moderate
2013-03-12 21:00:00+00:00,BOLU,14,14.9605,1.5105002,1.6000001,15.30741,55.0,84.69387,921.0852,16.54,Drizzle: Dense
2013-03-13 21:00:00+00:00,BOLU,14,17.1105,2.4105,0.0,18.416384,3.0,72.26257,921.08453,16.64,Overcast
2013-03-14 21:00:00+00:00,BOLU,14,17.5105,8.3605,13.3,19.255793,61.0,57.48119,914.76807,7.21,Rain: Slight
2013-03-15 21:00:00+00:00,BOLU,14,10.4605,2.6605,12.400001,7.8954163,73.0,89.34948,920.6931,11.06,Snow fall: Moderate
2013-03-16 21:00:00+00:00,BOLU,14,3.0105002,-2.3395,11.3,11.384199,75.0,87.67245,929.5777,11.78,Snow fall: Heavy
2013-03-17 21:00:00+00:00,BOLU,14,5.3105,-2.9394999,0.0,9.028754,3.0,68.89156,932.78735,20.67,Overcast
2013-03-18 21:00:00+00:00,BOLU,14,12.910501,-2.4394999,0.0,13.397612,3.0,71.71887,924.2142,13.82,Overcast
2013-03-19 21:00:00+00:00,BOLU,14,14.660501,1.9605001,0.0,9.726665,3.0,76.07872,927.17975,14.62,Overcast
2013-03-20 21:00:00+00:00,BOLU,14,17.210499,0.9605001,0.0,12.413476,3.0,71.76116,925.28296,12.67,Overcast
2013-03-21 21:00:00+00:00,BOLU,14,14.5105,3.8105001,18.6,12.24,75.0,76.87377,913.7429,7.1,Snow fall: Heavy
2013-03-22 21:00:00+00:00,BOLU,14,2.5605001,-1.1894999,13.9,18.089775,75.0,94.17947,920.8294,8.74,Snow fall: Heavy
2013-03-23 21:00:00+00:00,BOLU,14,9.210501,-2.0394998,0.0,13.039754,3.0,78.7454,930.1316,18.66,Overcast
2013-03-24 21:00:00+00:00,BOLU,14,15.9605,-0.18949986,0.0,9.178235,3.0,69.27704,928.03754,18.13,Overcast
2013-03-25 21:00:00+00:00,BOLU,14,16.810501,7.9105,3.4999998,14.386494,55.0,67.53756,919.52704,10.58,Drizzle: Dense
2013-03-26 21:00:00+00:00,BOLU,14,12.7605,3.3105001,10.3,8.225035,61.0,91.656334,920.8816,13.89,Rain: Slight
2013-03-27 21:00:00+00:00,BOLU,14,8.210501,4.7605,9.200001,7.9932966,71.0,96.40881,928.9695,5.52,Snow fall: Slight
2013-03-28 21:00:00+00:00,BOLU,14,14.160501,3.8105001,0.0,7.8954163,3.0,78.82666,933.4051,18.03,Overcast
2013-03-29 21:00:00+00:00,BOLU,14,19.210499,6.1605,0.6,10.009036,51.0,78.167244,931.018,20.11,Drizzle: Light
2013-03-30 21:00:00+00:00,BOLU,14,22.1105,6.3605003,0.0,20.176065,1.0,66.54015,927.63275,22.21,Mainly clear
2013-03-31 21:00:00+00:00,BOLU,14,20.310501,6.7605,10.7,8.557102,63.0,74.335106,924.5808,15.81,Rain: Moderate
2013-04-01 21:00:00+00:00,BOLU,14,17.560501,7.9105,7.7,8.473393,63.0,76.74026,926.9924,19.81,Rain: Moderate
2013-04-02 21:00:00+00:00,BOLU,14,18.060501,6.4105,0.8,15.463246,51.0,75.22974,922.20514,12.09,Drizzle: Light
2013-04-03 21:00:00+00:00,BOLU,14,12.8605,8.6605,17.0,11.119281,61.0,90.5437,922.54205,9.55,Rain: Slight
2013-04-04 21:00:00+00:00,BOLU,14,17.460499,6.0105,0.0,10.365251,3.0,76.25048,929.1465,20.66,Overcast
2013-04-05 21:00:00+00:00,BOLU,14,22.1105,6.5105,0.2,12.397806,51.0,66.48948,927.1766,23.1,Drizzle: Light
2013-04-06 21:00:00+00:00,BOLU,14,23.810501,11.160501,0.0,14.759999,3.0,56.770252,921.77765,19.53,Overcast
2013-04-07 21:00:00+00:00,BOLU,14,15.6105,6.2605,10.499999,12.224107,61.0,77.64143,918.4155,13.7,Rain: Slight
2013-04-08 21:00:00+00:00,BOLU,14,10.0605,4.1105003,1.2000002,7.7043357,51.0,89.9736,926.7068,8.5,Drizzle: Light
2013-04-09 21:00:00+00:00,BOLU,14,12.1105,4.7105002,0.6,11.726277,51.0,81.98167,928.91437,15.75,Drizzle: Light
2013-04-10 21:00:00+00:00,BOLU,14,14.5105,2.5105002,4.2000003,7.928177,55.0,83.84994,928.74884,20.42,Drizzle: Dense
2013-04-11 21:00:00+00:00,BOLU,14,14.8105,3.8105001,0.0,8.373386,3.0,77.23666,932.4749,22.66,Overcast
2013-04-12 21:00:00+00:00,BOLU,14,18.810501,3.5105002,0.0,6.519877,3.0,69.45112,933.375,24.2,Overcast
2013-04-13 21:00:00+00:00,BOLU,14,15.660501,9.5605,8.900001,7.7879906,61.0,85.36137,933.79047,14.34,Rain: Slight
2013-04-14 21:00:00+00:00,BOLU,14,9.5605,5.2605,16.3,9.47012,71.0,98.94526,929.0886,5.86,Snow fall: Slight
2013-04-15 21:00:00+00:00,BOLU,14,9.0105,4.1605,5.4,11.792404,71.0,94.58602,925.38104,10.23,Snow fall: Slight
2013-04-16 21:00:00+00:00,BOLU,14,7.8105,3.1105,5.199999,10.636766,71.0,89.35001,928.8547,12.44,Snow fall: Slight
2013-04-17 21:00:00+00:00,BOLU,14,7.9105,2.4105,3.8000002,9.114471,71.0,85.66587,930.46844,13.31,Snow fall: Slight
2013-04-18 21:00:00+00:00,BOLU,14,12.660501,1.8105001,0.0,10.1376915,3.0,84.655426,927.86523,19.43,Overcast
2013-04-19 21:00:00+00:00,BOLU,14,11.1105,4.0105,0.0,11.726277,3.0,88.883705,927.35376,16.21,Overcast
2013-04-20 21:00:00+00:00,BOLU,14,9.8105,4.4605002,1.0,7.9036193,51.0,86.23292,927.6932,13.33,Drizzle: Light
2013-04-21 21:00:00+00:00,BOLU,14,12.5105,3.5105002,0.70000005,12.313893,51.0,84.160706,930.18866,20.89,Drizzle: Light
2013-04-22 21:00:00+00:00,BOLU,14,16.060501,3.6105,0.0,7.754637,2.0,78.48342,936.0776,24.45,Partly cloudy
2013-04-23 21:00:00+00:00,BOLU,14,17.710499,6.5105,0.0,10.805999,2.0,67.52683,939.66,26.54,Partly cloudy
2013-04-24 21:00:00+00:00,BOLU,14,19.9105,8.1605,0.0,8.654986,1.0,63.910507,939.5655,25.67,Mainly clear
2013-04-25 21:00:00+00:00,BOLU,14,20.510502,9.0605,0.0,9.422101,1.0,70.15975,935.67487,26.12,Mainly clear
2013-04-26 21:00:00+00:00,BOLU,14,24.260502,6.7105002,0.0,8.161764,0.0,67.16503,932.40375,26.31,Clear sky
2013-04-27 21:00:00+00:00,BOLU,14,25.1105,8.1605,0.0,8.287822,0.0,64.19404,933.3633,26.19,Clear sky
2013-04-28 21:00:00+00:00,BOLU,14,24.760502,14.0105,0.0,8.557102,3.0,69.34987,937.3294,25.49,Overcast
2013-04-29 21:00:00+00:00,BOLU,14,24.6605,10.9605,0.0,8.64,2.0,74.64145,937.4152,24.96,Partly cloudy
2013-04-30 21:00:00+00:00,BOLU,14,25.060501,10.3105,0.0,8.825508,2.0,77.020096,934.5637,26.42,Partly cloudy
2013-05-01 21:00:00+00:00,BOLU,14,24.960499,11.2605,1.0,9.114471,55.0,81.06376,932.32697,23.66,Drizzle: Dense
2013-05-02 21:00:00+00:00,BOLU,14,25.6605,12.7105,0.8,7.4128532,53.0,77.16529,930.19464,25.01,Drizzle: Moderate
2013-05-03 21:00:00+00:00,BOLU,14,25.460499,12.2105,0.0,9.085988,2.0,73.50672,930.0249,25.21,Partly cloudy
2013-05-04 21:00:00+00:00,BOLU,14,23.060501,13.4605,0.0,11.27553,1.0,64.7314,932.85864,25.68,Mainly clear
2013-05-05 21:00:00+00:00,BOLU,14,21.4105,11.1105,0.0,11.966953,0.0,66.82067,934.69916,26.7,Clear sky
2013-05-06 21:00:00+00:00,BOLU,14,24.1605,9.460501,0.9,6.924738,53.0,75.3718,932.8154,23.36,Drizzle: Moderate
2013-05-07 21:00:00+00:00,BOLU,14,25.4105,10.160501,0.2,8.311245,51.0,70.25486,929.89087,26.88,Drizzle: Light
2013-05-08 21:00:00+00:00,BOLU,14,24.1105,11.0605,0.1,8.473393,51.0,73.187065,928.7071,23.77,Drizzle: Light
2013-05-09 21:00:00+00:00,BOLU,14,21.510502,13.6105,2.1000001,5.6920996,55.0,82.98049,927.80225,17.28,Drizzle: Dense
2013-05-10 21:00:00+00:00,BOLU,14,18.060501,12.5605,15.300001,7.072878,63.0,94.52572,924.94946,12.76,Rain: Moderate
2013-05-11 21:00:00+00:00,BOLU,14,18.460499,11.160501,7.2000003,7.9036193,61.0,90.16006,922.3947,18.81,Rain: Slight
2013-05-12 21:00:00+00:00,BOLU,14,17.8605,9.1605,5.1000004,4.802999,55.0,90.08474,921.2475,19.05,Drizzle: Dense
2013-05-13 21:00:00+00:00,BOLU,14,16.5105,9.5105,2.2,8.557102,55.0,88.660545,921.7019,16.3,Drizzle: Dense
2013-05-14 21:00:00+00:00,BOLU,14,16.560501,8.960501,9.0,7.928177,63.0,92.79443,925.8211,14.9,Rain: Moderate
2013-05-15 21:00:00+00:00,BOLU,14,20.260502,8.4105,0.5,6.9247384,51.0,79.5376,929.38745,24.87,Drizzle: Light
2013-05-16 21:00:00+00:00,BOLU,14,24.1605,11.0105,1.2,8.654986,53.0,79.72819,930.69556,19.38,Drizzle: Moderate
2013-05-17 21:00:00+00:00,BOLU,14,23.1105,12.5605,1.0,12.768586,51.0,79.38584,932.1236,26.02,Drizzle: Light
2013-05-18 21:00:00+00:00,BOLU,14,22.260502,14.0105,0.0,10.948973,3.0,76.36776,931.9908,26.5,Overcast
2013-05-19 21:00:00+00:00,BOLU,14,21.9105,10.410501,0.0,9.422101,2.0,78.52328,931.2343,26.22,Partly cloudy
2013-05-20 21:00:00+00:00,BOLU,14,23.710499,11.0605,0.0,10.365251,2.0,78.54606,931.2347,28.4,Partly cloudy
2013-05-21 21:00:00+00:00,BOLU,14,26.810501,10.410501,0.0,7.653705,3.0,66.8926,929.6508,27.56,Overcast
2013-05-22 21:00:00+00:00,BOLU,14,29.3605,12.0105,0.70000005,17.227419,53.0,60.16982,926.3225,22.95,Drizzle: Moderate
2013-05-23 21:00:00+00:00,BOLU,14,25.560501,15.3605,4.4,12.313893,61.0,59.1451,925.85333,25.01,Rain: Slight
2013-05-24 21:00:00+00:00,BOLU,14,22.9105,10.8605,0.0,6.9899354,2.0,73.098946,929.52106,27.68,Partly cloudy
2013-05-25 21:00:00+00:00,BOLU,14,23.260502,12.0105,0.0,8.4963045,1.0,70.9696,929.5288,27.02,Mainly clear
2013-05-26 21:00:00+00:00,BOLU,14,21.8605,11.9605,5.4,9.360001,61.0,76.00613,929.4301,24.44,Rain: Slight
2013-05-27 21:00:00+00:00,BOLU,14,21.810501,9.8105,0.0,7.5942082,2.0,71.53276,931.58075,29.53,Partly cloudy
2013-05-28 21:00:00+00:00,BOLU,14,26.4105,9.5105,0.0,9.686609,3.0,60.828068,929.15424,21.64,Overcast
2013-05-29 21:00:00+00:00,BOLU,14,25.210499,12.3105,0.2,10.703569,51.0,57.430874,923.92914,25.46,Drizzle: Light
2013-05-30 21:00:00+00:00,BOLU,14,28.960499,12.7105,0.5,14.578888,51.0,68.25222,924.0015,26.28,Drizzle: Light
2013-05-31 21:00:00+00:00,BOLU,14,21.460499,12.8605,1.3,8.654986,53.0,72.294655,926.8106,26.08,Drizzle: Moderate
2013-06-01 21:00:00+00:00,BOLU,14,25.4105,10.7105,4.6,12.261158,61.0,73.68697,924.26935,21.06,Rain: Slight
2013-06-02 21:00:00+00:00,BOLU,14,16.810501,11.4605,2.8999999,17.106628,61.0,83.919556,926.24005,17.82,Rain: Slight
2013-06-03 21:00:00+00:00,BOLU,14,21.460499,8.960501,0.8,6.193674,53.0,74.13942,928.2369,27.41,Drizzle: Moderate
2013-06-04 21:00:00+00:00,BOLU,14,21.960499,10.7605,2.6000001,6.489992,61.0,78.854,930.7363,26.62,Rain: Slight
2013-06-05 21:00:00+00:00,BOLU,14,20.1605,12.2105,1.6,8.14587,55.0,80.30861,932.0588,24.93,Drizzle: Dense
2013-06-06 21:00:00+00:00,BOLU,14,21.1105,11.0105,1.0,8.0899935,55.0,74.092155,931.46436,26.76,Drizzle: Dense
2013-06-07 21:00:00+00:00,BOLU,14,21.310501,10.3605,4.1,7.8625183,63.0,82.436264,928.17896,25.02,Rain: Moderate
2013-06-08 21:00:00+00:00,BOLU,14,19.460499,12.8105,3.9999995,8.311245,61.0,89.89218,928.9123,20.64,Rain: Slight
2013-06-09 21:00:00+00:00,BOLU,14,21.3605,9.4105,0.0,9.746631,3.0,77.81078,930.4692,26.86,Overcast
2013-06-10 21:00:00+00:00,BOLU,14,25.310501,10.1105,0.3,7.072878,51.0,72.40391,927.8831,29.63,Drizzle: Light
2013-06-11 21:00:00+00:00,BOLU,14,22.710499,12.910501,4.7999997,8.557102,61.0,83.45697,923.6047,22.35,Rain: Slight
2013-06-12 21:00:00+00:00,BOLU,14,21.710499,14.910501,6.4999995,7.771331,63.0,90.831,924.6772,21.27,Rain: Moderate
2013-06-13 21:00:00+00:00,BOLU,14,20.760502,14.410501,4.6999993,6.696387,63.0,88.06916,927.2924,22.07,Rain: Moderate
2013-06-14 21:00:00+00:00,BOLU,14,21.6105,13.2105,10.3,9.931042,63.0,90.86096,928.45703,23.3,Rain: Moderate
2013-06-15 21:00:00+00:00,BOLU,14,22.510502,13.8105,6.5000005,13.783817,61.0,92.537506,930.23737,20.98,Rain: Slight
2013-06-16 21:00:00+00:00,BOLU,14,21.060501,15.5105,11.600001,12.181624,61.0,96.059906,931.1302,17.42,Rain: Slight
2013-06-17 21:00:00+00:00,BOLU,14,22.4105,15.0605,1.4000001,14.145756,51.0,89.161285,932.7512,24.09,Drizzle: Light
2013-06-18 21:00:00+00:00,BOLU,14,23.260502,12.9605,0.0,12.783802,3.0,82.391884,932.98553,28.18,Overcast
2013-06-19 21:00:00+00:00,BOLU,14,22.3605,13.3605,0.0,14.561099,2.0,77.5897,933.6072,28.96,Partly cloudy
2013-06-20 21:00:00+00:00,BOLU,14,23.1605,14.0105,0.0,12.605142,3.0,77.42911,933.16644,29.13,Overcast
2013-06-21 21:00:00+00:00,BOLU,14,24.6605,11.3105,0.0,10.805999,1.0,75.810555,931.4795,29.78,Mainly clear
2013-06-22 21:00:00+00:00,BOLU,14,28.210499,12.910501,0.5,10.538843,53.0,73.85215,929.7258,28.83,Drizzle: Moderate
2013-06-23 21:00:00+00:00,BOLU,14,28.510502,15.660501,0.0,9.178235,1.0,63.609562,928.26984,28.58,Mainly clear
2013-06-24 21:00:00+00:00,BOLU,14,28.260502,15.2105,0.0,11.212135,1.0,70.162094,928.4808,28.76,Mainly clear
2013-06-25 21:00:00+00:00,BOLU,14,28.210499,15.660501,0.0,10.594036,1.0,72.69318,930.12103,28.35,Mainly clear
2013-06-26 21:00:00+00:00,BOLU,14,29.510502,15.4605,0.0,9.3669195,3.0,73.558464,930.92535,28.31,Overcast
2013-06-27 21:00:00+00:00,BOLU,14,28.760502,16.4105,0.0,9.3669195,3.0,74.49436,929.1526,26.27,Overcast
2013-06-28 21:00:00+00:00,BOLU,14,26.310501,18.0105,1.1,10.239453,53.0,81.17131,928.5433,26.35,Drizzle: Moderate
2013-06-29 21:00:00+00:00,BOLU,14,25.3605,17.810501,3.1,10.182337,53.0,86.39407,923.9006,22.99,Drizzle: Moderate
2013-06-30 21:00:00+00:00,BOLU,14,20.510502,14.3105,8.8,18.64369,61.0,91.3975,927.00684,18.39,Rain: Slight
2013-07-01 21:00:00+00:00,BOLU,14,17.810501,13.5105,8.400001,12.313893,53.0,92.86673,932.1057,14.62,Drizzle: Moderate
2013-07-02 21:00:00+00:00,BOLU,14,19.960499,11.0605,0.0,12.224107,3.0,80.139824,931.15356,25.68,Overcast
2013-07-03 21:00:00+00:00,BOLU,14,22.510502,11.7605,0.0,11.090103,3.0,77.56038,930.02563,28.95,Overcast
2013-07-04 21:00:00+00:00,BOLU,14,24.210499,12.660501,0.0,11.5199995,3.0,79.01838,929.40826,26.08,Overcast
2013-07-05 21:00:00+00:00,BOLU,14,25.1605,15.5605,0.5,12.015589,53.0,80.32345,929.67505,24.27,Drizzle: Moderate
2013-07-06 21:00:00+00:00,BOLU,14,26.010502,15.3105,0.5,10.594036,51.0,79.114975,931.88837,25.08,Drizzle: Light
2013-07-07 21:00:00+00:00,BOLU,14,27.560501,17.060501,0.4,11.542478,51.0,76.89089,933.867,26.99,Drizzle: Light
2013-07-08 21:00:00+00:00,BOLU,14,27.960499,15.7605,0.0,14.154915,2.0,75.2503,932.6523,27.72,Partly cloudy
2013-07-09 21:00:00+00:00,BOLU,14,28.1105,16.810501,1.2,11.879999,53.0,74.231514,928.1592,25.51,Drizzle: Moderate
2013-07-10 21:00:00+00:00,BOLU,14,26.210499,15.5605,2.6,10.365251,61.0,78.5606,926.68524,25.35,Rain: Slight
2013-07-11 21:00:00+00:00,BOLU,14,26.810501,15.0605,0.0,12.245294,2.0,72.62415,929.1062,28.34,Partly cloudy
2013-07-12 21:00:00+00:00,BOLU,14,25.060501,16.1605,1.4,10.239453,53.0,82.17093,930.4167,23.39,Drizzle: Moderate
2013-07-13 21:00:00+00:00,BOLU,14,25.1105,16.8605,0.0,12.9249525,3.0,81.41306,930.27374,23.64,Overcast
2013-07-14 21:00:00+00:00,BOLU,14,24.6605,15.9605,0.90000004,12.324414,51.0,83.420204,929.9068,22.22,Drizzle: Light
2013-07-15 21:00:00+00:00,BOLU,14,22.010502,16.6105,5.1,11.570515,61.0,92.87826,930.30536,18.17,Rain: Slight
2013-07-16 21:00:00+00:00,BOLU,14,21.6105,14.5605,1.8000001,13.004921,51.0,85.23948,931.47943,19.58,Drizzle: Light
2013-07-17 21:00:00+00:00,BOLU,14,21.760502,15.3105,2.3,13.708391,53.0,84.60788,932.0882,19.54,Drizzle: Moderate
2013-07-18 21:00:00+00:00,BOLU,14,23.510502,14.9605,0.2,14.264361,51.0,79.83416,932.64624,22.28,Drizzle: Light
2013-07-19 21:00:00+00:00,BOLU,14,25.9105,12.9605,0.0,12.682018,2.0,75.21784,929.55865,27.81,Partly cloudy
2013-07-20 21:00:00+00:00,BOLU,14,24.4105,13.8605,0.0,16.65754,3.0,75.781044,929.5318,27.46,Overcast
2013-07-21 21:00:00+00:00,BOLU,14,22.210499,14.6105,0.0,15.84,2.0,75.513954,930.16724,26.74,Partly cloudy
2013-07-22 21:00:00+00:00,BOLU,14,24.210499,12.2105,0.0,14.241629,2.0,69.058014,929.4355,28.75,Partly cloudy
2013-07-23 21:00:00+00:00,BOLU,14,26.9105,12.0105,0.0,12.979984,0.0,64.55076,930.55133,28.86,Clear sky
2013-07-24 21:00:00+00:00,BOLU,14,26.460499,15.1105,0.0,13.684735,0.0,56.96585,931.5405,28.64,Clear sky
2013-07-25 21:00:00+00:00,BOLU,14,24.460499,16.2605,0.0,16.563911,2.0,62.235596,930.5498,26.45,Partly cloudy
2013-07-26 21:00:00+00:00,BOLU,14,21.510502,14.7105,1.0,14.003029,51.0,81.08316,929.752,21.1,Drizzle: Light
2013-07-27 21:00:00+00:00,BOLU,14,23.1105,13.8605,0.1,14.205182,51.0,75.69924,933.3249,23.76,Drizzle: Light
2013-07-28 21:00:00+00:00,BOLU,14,26.710499,11.2105,0.0,13.324863,2.0,65.47318,934.1223,28.22,Partly cloudy
2013-07-29 21:00:00+00:00,BOLU,14,28.6105,14.910501,0.0,13.084402,0.0,56.540546,930.18243,27.91,Clear sky
2013-07-30 21:00:00+00:00,BOLU,14,27.210499,15.910501,0.6,12.7279215,51.0,66.215126,928.02246,26.19,Drizzle: Light
2013-07-31 21:00:00+00:00,BOLU,14,23.6105,17.0105,6.8000007,9.422101,61.0,87.53024,929.6167,17.91,Rain: Slight
2013-08-01 21:00:00+00:00,BOLU,14,25.510502,14.5605,0.0,15.5843,2.0,75.07524,932.59955,26.42,Partly cloudy
2013-08-02 21:00:00+00:00,BOLU,14,25.1105,14.7105,0.0,15.158522,3.0,73.13531,932.96094,24.87,Overcast
2013-08-03 21:00:00+00:00,BOLU,14,24.960499,14.8605,0.0,15.496736,2.0,68.82754,933.3732,23.52,Partly cloudy
2013-08-04 21:00:00+00:00,BOLU,14,25.510502,13.0105,0.0,16.24394,3.0,70.975624,933.5788,27.23,Overcast
2013-08-05 21:00:00+00:00,BOLU,14,26.060501,13.1105,0.0,17.106628,2.0,70.59893,931.89606,26.27,Partly cloudy
2013-08-06 21:00:00+00:00,BOLU,14,25.710499,14.9605,0.0,16.676977,2.0,72.88135,932.0059,25.63,Partly cloudy
2013-08-07 21:00:00+00:00,BOLU,14,27.460499,13.660501,0.0,15.683776,2.0,72.33533,933.6707,25.23,Partly cloudy
2013-08-08 21:00:00+00:00,BOLU,14,29.210499,15.3105,0.0,16.09969,3.0,69.38424,931.7753,26.29,Overcast
2013-08-09 21:00:00+00:00,BOLU,14,29.9105,15.2105,0.0,13.339445,0.0,65.3238,927.2835,26.66,Clear sky
2013-08-10 21:00:00+00:00,BOLU,14,29.210499,16.060501,0.3,12.768586,51.0,69.467834,926.05023,22.69,Drizzle: Light
2013-08-11 21:00:00+00:00,BOLU,14,26.8605,16.6605,0.2,13.661038,51.0,70.13309,930.28864,25.25,Drizzle: Light
2013-08-12 21:00:00+00:00,BOLU,14,28.6105,14.660501,0.0,14.05845,2.0,62.14061,931.54645,26.67,Partly cloudy
2013-08-13 21:00:00+00:00,BOLU,14,30.4105,14.910501,0.0,14.205182,2.0,61.24911,930.8492,26.14,Partly cloudy
2013-08-14 21:00:00+00:00,BOLU,14,28.960499,16.310501,0.5,16.575644,53.0,66.13425,931.2447,25.91,Drizzle: Moderate
2013-08-15 21:00:00+00:00,BOLU,14,28.710499,16.7605,0.3,17.026896,51.0,72.0324,932.0742,20.26,Drizzle: Light
2013-08-16 21:00:00+00:00,BOLU,14,27.960499,17.810501,1.5,16.24394,53.0,72.113655,931.7664,20.83,Drizzle: Moderate
2013-08-17 21:00:00+00:00,BOLU,14,25.6105,16.9105,0.4,13.004921,51.0,75.96587,932.23267,21.84,Drizzle: Light
2013-08-18 21:00:00+00:00,BOLU,14,26.9105,16.210499,0.5,15.629971,51.0,70.42988,932.6965,21.69,Drizzle: Light
2013-08-19 21:00:00+00:00,BOLU,14,28.6105,15.2105,0.0,16.394829,2.0,65.13853,932.0074,25.29,Partly cloudy
2013-08-20 21:00:00+00:00,BOLU,14,28.3605,14.7105,0.0,14.471821,0.0,63.305477,931.2863,25.15,Clear sky
2013-08-21 21:00:00+00:00,BOLU,14,28.8605,14.660501,0.2,14.799459,51.0,66.47523,929.9021,23.9,Drizzle: Light
2013-08-22 21:00:00+00:00,BOLU,14,27.3605,16.1605,1.6,10.636766,55.0,76.24053,929.6245,21.81,Drizzle: Dense
2013-08-23 21:00:00+00:00,BOLU,14,25.310501,16.810501,0.5,11.659777,51.0,74.805595,930.46906,20.6,Drizzle: Light
2013-08-24 21:00:00+00:00,BOLU,14,27.760502,14.8105,0.0,9.007196,2.0,64.05042,930.42285,22.11,Partly cloudy
2013-08-25 21:00:00+00:00,BOLU,14,30.6105,15.5605,0.0,10.086427,2.0,59.83003,930.2304,21.37,Partly cloudy
2013-08-26 21:00:00+00:00,BOLU,14,30.210499,16.710499,0.0,11.013882,0.0,63.593197,930.69366,23.7,Clear sky
2013-08-27 21:00:00+00:00,BOLU,14,32.2105,15.4605,0.0,9.983106,0.0,57.884136,930.0799,23.8,Clear sky
2013-08-28 21:00:00+00:00,BOLU,14,31.510502,17.7605,0.0,12.287555,1.0,48.99818,929.7864,23.32,Mainly clear
2013-08-29 21:00:00+00:00,BOLU,14,26.260502,16.960499,2.3,15.941944,53.0,75.45759,930.2164,18.67,Drizzle: Moderate
2013-08-30 21:00:00+00:00,BOLU,14,21.260502,14.9605,7.6,11.542478,53.0,88.96594,931.43695,16.32,Drizzle: Moderate
2013-08-31 21:00:00+00:00,BOLU,14,22.1605,12.3605,0.0,15.158522,2.0,73.67303,933.61475,21.29,Partly cloudy
2013-09-01 21:00:00+00:00,BOLU,14,24.8605,11.9605,0.0,12.303366,2.0,70.442924,933.82306,21.45,Partly cloudy
2013-09-02 21:00:00+00:00,BOLU,14,23.960499,12.8605,0.0,11.609651,2.0,64.68477,933.32196,22.5,Partly cloudy
2013-09-03 21:00:00+00:00,BOLU,14,17.310501,11.660501,10.599999,12.245293,63.0,80.63025,932.9211,14.98,Rain: Moderate
2013-09-04 21:00:00+00:00,BOLU,14,17.9105,11.2605,1.7000003,12.538134,51.0,80.32671,934.0657,16.74,Drizzle: Light
2013-09-05 21:00:00+00:00,BOLU,14,21.3605,8.5605,0.0,10.495713,2.0,69.461044,931.3077,21.87,Partly cloudy
2013-09-06 21:00:00+00:00,BOLU,14,22.710499,10.660501,0.0,12.324414,0.0,62.2674,933.45953,22.52,Clear sky
2013-09-07 21:00:00+00:00,BOLU,14,19.760502,10.160501,0.0,14.830076,3.0,69.74964,934.7696,19.15,Overcast
2013-09-08 21:00:00+00:00,BOLU,14,19.560501,11.4605,0.0,10.799999,3.0,75.897484,936.2537,18.3,Overcast
2013-09-09 21:00:00+00:00,BOLU,14,22.4105,8.0605,0.0,7.9932966,3.0,67.769066,934.6885,16.44,Overcast
2013-09-10 21:00:00+00:00,BOLU,14,26.4105,12.1105,0.0,8.854829,2.0,60.370968,933.6733,21.37,Partly cloudy
2013-09-11 21:00:00+00:00,BOLU,14,28.260502,14.5605,0.0,8.669949,0.0,57.73235,932.5809,20.96,Clear sky
2013-09-12 21:00:00+00:00,BOLU,14,30.9105,13.910501,0.0,8.669949,1.0,59.547977,931.52563,20.14,Mainly clear
2013-09-13 21:00:00+00:00,BOLU,14,23.510502,13.0605,6.0000005,13.979871,61.0,81.39223,930.32135,13.74,Rain: Slight
2013-09-14 21:00:00+00:00,BOLU,14,21.1105,9.460501,0.0,15.629971,2.0,67.28927,929.74066,20.33,Partly cloudy
2013-09-15 21:00:00+00:00,BOLU,14,24.6105,9.1105,0.0,6.849467,3.0,54.31651,926.87036,20.51,Overcast
2013-09-16 21:00:00+00:00,BOLU,14,23.310501,14.2105,0.7,10.1887,51.0,58.92332,922.20245,16.12,Drizzle: Light
2013-09-17 21:00:00+00:00,BOLU,14,23.1605,13.6105,0.90000004,12.849528,51.0,66.95402,922.06793,12.99,Drizzle: Light
2013-09-18 21:00:00+00:00,BOLU,14,23.9105,13.660501,0.4,9.826088,51.0,73.47374,924.33716,16.13,Drizzle: Light
2013-09-19 21:00:00+00:00,BOLU,14,20.6105,13.5105,2.6000001,10.594036,51.0,79.78712,928.1965,11.12,Drizzle: Light
2013-09-20 21:00:00+00:00,BOLU,14,16.960499,10.7105,3.8,11.090103,53.0,87.57938,931.68896,12.64,Drizzle: Moderate
2013-09-21 21:00:00+00:00,BOLU,14,15.3105,8.9105,1.8000002,10.24578,51.0,82.44867,932.5779,13.53,Drizzle: Light
2013-09-22 21:00:00+00:00,BOLU,14,17.060501,7.9605002,0.0,8.4042845,3.0,79.51859,930.364,14.33,Overcast
2013-09-23 21:00:00+00:00,BOLU,14,17.460499,8.0605,0.3,17.654686,51.0,77.580925,927.11206,10.42,Drizzle: Light
2013-09-24 21:00:00+00:00,BOLU,14,20.760502,9.3605,0.0,17.873554,3.0,75.977325,931.52814,14.69,Overcast
2013-09-25 21:00:00+00:00,BOLU,14,26.460499,8.3105,0.0,9.726665,1.0,57.720448,932.6721,18.89,Mainly clear
2013-09-26 21:00:00+00:00,BOLU,14,23.6105,14.6105,0.2,11.212135,51.0,57.082523,929.73285,16.45,Drizzle: Light
2013-09-27 21:00:00+00:00,BOLU,14,20.8605,12.8105,0.2,10.587918,51.0,76.178314,930.66693,16.75,Drizzle: Light
2013-09-28 21:00:00+00:00,BOLU,14,21.960499,11.7105,0.0,9.178235,1.0,63.28673,930.9775,17.7,Mainly clear
2013-09-29 21:00:00+00:00,BOLU,14,26.460499,12.1105,0.0,8.714677,1.0,52.24159,927.9349,17.4,Mainly clear
2013-09-30 21:00:00+00:00,BOLU,14,23.1605,12.160501,5.4000006,10.805998,61.0,65.649315,921.232,9.1,Rain: Slight
2013-10-01 21:00:00+00:00,BOLU,14,15.0605,9.1105,15.600001,10.308831,61.0,97.72379,923.014,2.76,Rain: Slight
2013-10-02 21:00:00+00:00,BOLU,14,8.8105,3.8105001,18.199999,9.449572,71.0,95.7203,931.36993,6.66,Snow fall: Slight
2013-10-03 21:00:00+00:00,BOLU,14,5.8105,1.2605002,16.499998,11.720751,73.0,91.97974,936.86786,11.49,Snow fall: Moderate
2013-10-04 21:00:00+00:00,BOLU,14,5.1105003,0.7105001,4.8999996,11.304229,71.0,90.30448,937.8489,10.53,Snow fall: Slight
2013-10-05 21:00:00+00:00,BOLU,14,6.9605002,1.6605002,0.8000001,10.041354,51.0,87.93204,938.9239,11.37,Drizzle: Light
2013-10-06 21:00:00+00:00,BOLU,14,12.7105,-0.8894999,0.0,6.151683,3.0,73.36396,941.04596,17.23,Overcast
2013-10-07 21:00:00+00:00,BOLU,14,17.560501,0.91050017,0.0,5.6233797,0.0,60.977722,940.58185,17.16,Clear sky
2013-10-08 21:00:00+00:00,BOLU,14,21.1105,2.8605,0.0,7.24486,0.0,50.864178,938.0569,17.09,Clear sky
2013-10-09 21:00:00+00:00,BOLU,14,22.560501,5.3605003,0.0,8.39657,2.0,42.983246,934.9395,16.17,Partly cloudy
2013-10-10 21:00:00+00:00,BOLU,14,23.460499,9.6605,0.0,5.991594,1.0,49.81331,936.93286,16.03,Mainly clear
2013-10-11 21:00:00+00:00,BOLU,14,21.1105,12.2105,0.0,10.661107,0.0,64.280525,938.36224,15.5,Clear sky
2013-10-12 21:00:00+00:00,BOLU,14,17.9105,9.1105,0.0,14.044615,3.0,78.34653,937.25287,14.25,Overcast
2013-10-13 21:00:00+00:00,BOLU,14,18.760502,6.1105003,0.0,7.9932976,3.0,76.00403,936.2194,15.43,Overcast
2013-10-14 21:00:00+00:00,BOLU,14,21.010502,6.5105,0.0,6.9247384,2.0,69.37609,933.9541,15.39,Partly cloudy
2013-10-15 21:00:00+00:00,BOLU,14,23.210499,6.8105,0.3,10.483357,51.0,55.7476,927.2063,14.69,Drizzle: Light
2013-10-16 21:00:00+00:00,BOLU,14,15.8605,12.910501,8.900001,17.399586,61.0,78.17017,918.8813,3.25,Rain: Slight
2013-10-17 21:00:00+00:00,BOLU,14,13.3105,9.1605,42.100006,18.971008,63.0,96.9484,919.696,5.12,Rain: Moderate
2013-10-18 21:00:00+00:00,BOLU,14,11.0105,6.4105,14.400001,15.141414,61.0,93.6755,935.1975,9.8,Rain: Slight
2013-10-19 21:00:00+00:00,BOLU,14,12.410501,3.4605002,0.0,5.95906,3.0,80.024956,942.9152,14.31,Overcast
2013-10-20 21:00:00+00:00,BOLU,14,17.2605,1.4105002,0.0,8.854829,0.0,68.97018,938.71826,14.72,Clear sky
2013-10-21 21:00:00+00:00,BOLU,14,19.460499,3.8605,0.0,7.4128532,0.0,60.293064,936.1408,14.42,Clear sky
2013-10-22 21:00:00+00:00,BOLU,14,17.6105,9.210501,0.0,10.446206,3.0,69.05198,938.16187,13.83,Overcast
2013-10-23 21:00:00+00:00,BOLU,14,17.5105,4.4105,0.0,6.830519,2.0,76.55843,938.15704,13.61,Partly cloudy
2013-10-24 21:00:00+00:00,BOLU,14,17.5105,3.6105,0.0,5.506941,2.0,77.59279,936.32196,13.01,Partly cloudy
2013-10-25 21:00:00+00:00,BOLU,14,17.1105,5.6605,0.0,8.311245,2.0,76.144295,936.2237,12.53,Partly cloudy
2013-10-26 21:00:00+00:00,BOLU,14,18.4105,5.6605,0.0,6.297428,0.0,66.8041,935.0881,13.04,Clear sky
2013-10-27 21:00:00+00:00,BOLU,14,19.8605,4.3105,0.0,7.289445,2.0,62.28049,933.38354,13.2,Partly cloudy
2013-10-28 21:00:00+00:00,BOLU,14,20.6105,6.9105,0.0,5.1919937,3.0,59.319637,932.8559,12.93,Overcast
2013-10-29 21:00:00+00:00,BOLU,14,21.4105,7.5105,0.0,5.1165614,0.0,59.319904,933.31805,12.47,Clear sky
2013-10-30 21:00:00+00:00,BOLU,14,19.060501,10.3605,0.0,8.049845,2.0,69.33448,936.03107,11.43,Partly cloudy
2013-10-31 21:00:00+00:00,BOLU,14,20.4105,7.9605002,0.0,5.2416787,2.0,75.25343,937.0959,11.55,Partly cloudy
2013-11-01 21:00:00+00:00,BOLU,14,20.1105,8.5605,0.0,5.6233797,0.0,68.40469,934.617,10.83,Clear sky
2013-11-02 21:00:00+00:00,BOLU,14,20.510502,8.210501,0.0,6.6087217,2.0,65.075615,932.88617,11.89,Partly cloudy
2013-11-03 21:00:00+00:00,BOLU,14,20.310501,5.6605,0.0,7.9036193,2.0,64.59611,931.9963,12.24,Partly cloudy
2013-11-04 21:00:00+00:00,BOLU,14,19.6605,5.8605003,0.0,11.720751,3.0,57.131256,929.23126,11.28,Overcast
2013-11-05 21:00:00+00:00,BOLU,14,18.4105,5.8605003,0.0,16.23596,3.0,58.83215,926.5923,10.38,Overcast
2013-11-06 21:00:00+00:00,BOLU,14,14.0105,5.9605002,5.7,8.699793,61.0,84.360725,928.3698,3.59,Rain: Slight
2013-11-07 21:00:00+00:00,BOLU,14,12.5605,2.3605,0.0,5.815978,3.0,78.32063,935.1081,11.57,Overcast
2013-11-08 21:00:00+00:00,BOLU,14,15.6105,0.7105001,0.0,6.9247384,0.0,65.38157,933.59894,11.72,Clear sky
2013-11-09 21:00:00+00:00,BOLU,14,16.1105,0.9605001,0.0,10.30883,1.0,65.51206,929.5202,11.6,Mainly clear
2013-11-10 21:00:00+00:00,BOLU,14,17.3605,1.6105001,0.0,9.983106,3.0,62.2189,930.2368,11.13,Overcast
2013-11-11 21:00:00+00:00,BOLU,14,16.960499,4.9605002,0.0,6.87779,3.0,60.92059,935.15674,10.97,Overcast
2013-11-12 21:00:00+00:00,BOLU,14,14.0605,3.9105,0.0,5.0911684,2.0,78.379524,934.2442,8.57,Partly cloudy
2013-11-13 21:00:00+00:00,BOLU,14,15.0605,5.4105,0.0,6.130579,3.0,74.44611,931.1237,7.96,Overcast
2013-11-14 21:00:00+00:00,BOLU,14,15.410501,6.0105,0.0,6.6087217,3.0,76.60746,931.4278,8.77,Overcast
2013-11-15 21:00:00+00:00,BOLU,14,9.960501,5.6605,1.1000001,7.072878,51.0,91.065834,935.3272,5.85,Drizzle: Light
2013-11-16 21:00:00+00:00,BOLU,14,8.1105,3.4605002,0.8000001,5.8048253,51.0,89.42109,934.8671,5.9,Drizzle: Light
2013-11-17 21:00:00+00:00,BOLU,14,11.9605,0.46050012,0.0,5.6233797,2.0,76.08393,934.2996,10.22,Partly cloudy
2013-11-18 21:00:00+00:00,BOLU,14,14.160501,0.16050017,0.0,8.217153,0.0,71.06869,933.6516,10.2,Clear sky
2013-11-19 21:00:00+00:00,BOLU,14,15.5605,1.2605002,0.0,9.693296,1.0,73.78318,931.58405,9.92,Mainly clear
2013-11-20 21:00:00+00:00,BOLU,14,16.560501,3.3605,0.0,10.630672,3.0,75.18547,927.9793,9.18,Overcast
2013-11-21 21:00:00+00:00,BOLU,14,14.410501,5.9605002,1.1,11.753877,53.0,84.5832,925.9341,4.6,Drizzle: Moderate
2013-11-22 21:00:00+00:00,BOLU,14,17.060501,5.4605002,0.0,10.144082,3.0,86.52839,926.4097,8.85,Overcast
2013-11-23 21:00:00+00:00,BOLU,14,16.6605,4.5105,0.0,9.659814,3.0,82.54914,926.1384,8.16,Overcast
2013-11-24 21:00:00+00:00,BOLU,14,14.8105,6.5105,8.1,10.805998,61.0,86.7826,924.1899,4.46,Rain: Slight
2013-11-25 21:00:00+00:00,BOLU,14,13.6105,8.6605,25.000002,6.763786,61.0,93.303825,924.6237,5.04,Rain: Slight
2013-11-26 21:00:00+00:00,BOLU,14,12.9605,2.7105002,0.3,5.4833565,51.0,87.800415,928.8442,7.92,Drizzle: Light
2013-11-27 21:00:00+00:00,BOLU,14,7.9105,3.9105,11.4,7.289444,71.0,95.99293,935.0354,3.54,Snow fall: Slight
2013-11-28 21:00:00+00:00,BOLU,14,5.3605003,1.6605002,4.1,15.856356,71.0,89.65814,932.5271,6.68,Snow fall: Slight
2013-11-29 21:00:00+00:00,BOLU,14,6.0605,-1.6894999,0.0,8.854829,3.0,79.01667,935.99756,8.79,Overcast
2013-11-30 21:00:00+00:00,BOLU,14,10.7605,-0.4894998,0.0,9.83268,3.0,69.53591,936.16455,5.82,Overcast
2013-12-01 21:00:00+00:00,BOLU,14,14.1105,2.0605001,6.7,10.041354,55.0,88.36428,933.231,5.92,Drizzle: Dense
2013-12-02 21:00:00+00:00,BOLU,14,4.1605,-2.7395,3.3000002,11.659777,71.0,81.62479,940.0224,6.16,Snow fall: Slight
2013-12-03 21:00:00+00:00,BOLU,14,6.8105,-3.3395,0.0,7.8625183,0.0,60.194717,933.90875,9.4,Clear sky
2013-12-04 21:00:00+00:00,BOLU,14,8.1605,-0.7394998,0.0,5.6002855,0.0,59.984303,929.8257,8.16,Clear sky
2013-12-05 21:00:00+00:00,BOLU,14,8.4105,-2.2395,0.0,9.178235,1.0,71.77918,927.71655,8.84,Mainly clear
2013-12-06 21:00:00+00:00,BOLU,14,3.9605002,-5.1394997,6.7,8.311245,75.0,76.612,925.81573,2.34,Snow fall: Heavy
2013-12-07 21:00:00+00:00,BOLU,14,-1.5394998,-6.9395,2.4,21.67487,73.0,81.78121,934.5049,7.19,Snow fall: Moderate
2013-12-08 21:00:00+00:00,BOLU,14,-0.2394998,-5.2395,2.9000003,10.805999,73.0,81.40585,937.3326,8.68,Snow fall: Moderate
2013-12-09 21:00:00+00:00,BOLU,14,1.1105001,-7.8394995,16.800001,10.182337,75.0,92.05276,931.84344,3.84,Snow fall: Heavy
2013-12-10 21:00:00+00:00,BOLU,14,-5.0394998,-9.6395,2.1000001,11.212135,73.0,89.965324,937.7009,8.43,Snow fall: Moderate
2013-12-11 21:00:00+00:00,BOLU,14,-5.4395,-12.6395,0.0,10.661107,71.0,85.6643,935.934,9.0,Snow fall: Slight
2013-12-12 21:00:00+00:00,BOLU,14,-2.7894998,-13.2895,0.1,4.8433046,71.0,81.25689,932.1075,9.45,Snow fall: Slight
2013-12-13 21:00:00+00:00,BOLU,14,-1.5895,-15.739499,0.0,7.729527,3.0,75.783485,935.2342,8.7,Overcast
2013-12-14 21:00:00+00:00,BOLU,14,5.5105,-7.7395,0.0,6.297428,3.0,85.35952,940.1892,8.72,Overcast
2013-12-15 21:00:00+00:00,BOLU,14,4.3605003,-9.8895,0.0,6.489992,1.0,85.20217,939.85175,9.13,Mainly clear
2013-12-16 21:00:00+00:00,BOLU,14,3.7105002,-4.4395,0.0,5.3999996,3.0,89.758934,941.7736,7.46,Overcast
2013-12-17 21:00:00+00:00,BOLU,14,4.2105002,-7.4395,0.0,5.0911684,0.0,79.703705,937.634,8.84,Clear sky
2013-12-18 21:00:00+00:00,BOLU,14,3.6605,-7.5894995,0.0,8.049845,0.0,76.06891,936.251,8.88,Clear sky
2013-12-19 21:00:00+00:00,BOLU,14,6.0605,-8.6895,0.0,10.464797,0.0,74.94225,939.0874,9.02,Clear sky
2013-12-20 21:00:00+00:00,BOLU,14,7.6605,-6.6895,0.0,8.587338,0.0,54.976482,942.937,9.05,Clear sky
2013-12-21 21:00:00+00:00,BOLU,14,7.4605002,-7.4395,0.0,8.707237,0.0,48.758434,943.74243,8.06,Clear sky
2013-12-22 21:00:00+00:00,BOLU,14,6.2105002,-8.9395,0.0,11.119281,3.0,63.855556,938.8438,9.0,Overcast
2013-12-23 21:00:00+00:00,BOLU,14,7.2605,-7.5395,0.0,10.990322,3.0,61.009808,937.97455,9.04,Overcast
2013-12-24 21:00:00+00:00,BOLU,14,7.5105,-3.6894999,0.0,10.495713,3.0,66.760254,934.8039,5.64,Overcast
2013-12-25 21:00:00+00:00,BOLU,14,7.3605003,-5.0895,0.0,10.00256,3.0,58.9502,931.0102,8.72,Overcast
2013-12-26 21:00:00+00:00,BOLU,14,7.2605,-6.2895,0.0,12.413477,3.0,67.356346,930.7339,8.55,Overcast
2013-12-27 21:00:00+00:00,BOLU,14,11.9605,-2.5394998,0.0,10.685391,3.0,68.63415,928.92633,7.84,Overcast
2013-12-28 21:00:00+00:00,BOLU,14,11.5105,-0.6394999,0.4,8.654987,51.0,77.06127,929.8401,6.18,Drizzle: Light
2013-12-29 21:00:00+00:00,BOLU,14,5.5105,2.4605002,0.0,6.638072,3.0,88.989845,932.63446,4.67,Overcast
2013-12-30 21:00:00+00:00,BOLU,14,6.3605003,0.7105001,0.0,6.28713,3.0,94.85392,935.0108,5.89,Overcast
2013-12-31 21:00:00+00:00,BOLU,14,8.8605,-0.08949995,0.0,4.829907,3.0,89.98589,934.3205,7.23,Overcast
2014-01-01 21:00:00+00:00,BOLU,14,7.8605003,-0.78949976,0.0,7.0911775,3.0,89.6496,933.82104,6.11,Overcast
2014-01-02 21:00:00+00:00,BOLU,14,8.8105,-0.33949995,0.8,8.049845,53.0,89.90823,934.1711,5.27,Drizzle: Moderate
2014-01-03 21:00:00+00:00,BOLU,14,9.210501,0.66050017,0.0,5.2416787,3.0,93.21401,936.0914,6.35,Overcast
2014-01-04 21:00:00+00:00,BOLU,14,9.6605,-0.03949976,0.0,6.87779,3.0,87.124664,935.6501,7.98,Overcast
2014-01-05 21:00:00+00:00,BOLU,14,10.0605,-0.6394999,0.0,9.178235,3.0,84.48995,935.2647,7.66,Overcast
2014-01-06 21:00:00+00:00,BOLU,14,10.2605,-0.6394999,0.0,8.217153,2.0,73.90841,936.0867,9.09,Partly cloudy
2014-01-07 21:00:00+00:00,BOLU,14,11.160501,-0.3894999,0.0,4.8965297,0.0,70.01118,935.79865,9.1,Clear sky
2014-01-08 21:00:00+00:00,BOLU,14,11.9605,-0.53949976,0.0,5.904439,1.0,69.57682,933.2759,8.76,Mainly clear
2014-01-09 21:00:00+00:00,BOLU,14,11.7605,-0.9894998,0.0,9.659814,3.0,71.43726,931.21295,9.0,Overcast
2014-01-10 21:00:00+00:00,BOLU,14,9.2605,-0.4894998,0.0,7.8954163,3.0,70.875465,934.3909,7.25,Overcast
2014-01-11 21:00:00+00:00,BOLU,14,10.160501,0.31050014,0.0,7.6367526,3.0,85.98229,933.6125,8.84,Overcast
2014-01-12 21:00:00+00:00,BOLU,14,7.1105003,1.1605002,1.0,14.417988,71.0,89.61129,933.12604,6.25,Snow fall: Slight
2014-01-13 21:00:00+00:00,BOLU,14,10.410501,0.2605002,0.0,7.5685663,3.0,66.684364,932.7336,7.57,Overcast
2014-01-14 21:00:00+00:00,BOLU,14,11.410501,-0.8894999,0.0,9.021574,3.0,67.670135,932.31915,9.66,Overcast
2014-01-15 21:00:00+00:00,BOLU,14,11.9605,1.9105002,0.6,10.30883,51.0,82.188126,930.8028,7.35,Drizzle: Light
2014-01-16 21:00:00+00:00,BOLU,14,10.8105,1.8605001,1.2,7.771331,51.0,94.733925,932.85767,6.23,Drizzle: Light
2014-01-17 21:00:00+00:00,BOLU,14,12.8605,0.16050017,0.0,10.30883,3.0,87.21164,933.0664,9.2,Overcast
2014-01-18 21:00:00+00:00,BOLU,14,12.7105,1.7105001,0.0,6.6087217,3.0,85.2235,933.0085,7.97,Overcast
2014-01-19 21:00:00+00:00,BOLU,14,12.9605,0.81050014,0.4,9.826088,51.0,83.21574,929.56323,8.86,Drizzle: Light
2014-01-20 21:00:00+00:00,BOLU,14,13.6105,0.7605002,0.0,11.435313,3.0,78.893234,926.95306,10.0,Overcast
2014-01-21 21:00:00+00:00,BOLU,14,10.8605,2.5605001,5.2999997,14.081477,71.0,87.86332,924.7298,8.86,Snow fall: Slight
2014-01-22 21:00:00+00:00,BOLU,14,9.3105,2.6105,6.2000003,8.557102,73.0,91.069695,930.14404,6.19,Snow fall: Moderate
2014-01-23 21:00:00+00:00,BOLU,14,9.5605,1.6605002,3.0,6.989936,73.0,90.36314,930.8284,8.85,Snow fall: Moderate
2014-01-24 21:00:00+00:00,BOLU,14,7.0605,1.8605001,4.7,12.7279215,73.0,93.23343,922.7473,4.63,Snow fall: Moderate
2014-01-25 21:00:00+00:00,BOLU,14,10.5605,1.8105001,2.1999998,11.440979,53.0,91.59433,916.2225,6.01,Drizzle: Moderate
2014-01-26 21:00:00+00:00,BOLU,14,8.3605,2.4605002,2.2,8.766573,51.0,94.204506,914.47955,5.55,Drizzle: Light
2014-01-27 21:00:00+00:00,BOLU,14,8.960501,2.5105002,2.1000001,6.12,71.0,95.55196,918.4366,5.62,Snow fall: Slight
2014-01-28 21:00:00+00:00,BOLU,14,9.5105,2.0105002,3.8999999,21.605999,71.0,91.54,919.09283,5.06,Snow fall: Slight
2014-01-29 21:00:00+00:00,BOLU,14,3.3605,0.3605001,4.4,11.090103,73.0,87.98339,935.9043,5.96,Snow fall: Moderate
2014-01-30 21:00:00+00:00,BOLU,14,4.2605,-0.6394999,0.0,6.379216,3.0,76.37655,941.7011,7.53,Overcast
2014-01-31 21:00:00+00:00,BOLU,14,6.5105,-1.0394998,0.0,7.928178,2.0,74.09808,940.14154,10.95,Partly cloudy
2014-02-01 21:00:00+00:00,BOLU,14,7.9605002,-3.1394997,0.0,8.557102,0.0,65.29127,934.4819,12.41,Clear sky
2014-02-02 21:00:00+00:00,BOLU,14,6.9605002,-1.5895,0.0,7.2805495,1.0,59.80353,932.6116,11.42,Mainly clear
2014-02-03 21:00:00+00:00,BOLU,14,5.5105,-0.2394998,0.0,6.638072,2.0,73.42807,935.36774,9.75,Partly cloudy
2014-02-04 21:00:00+00:00,BOLU,14,8.7605,-1.9394999,0.0,5.692099,1.0,64.91317,933.98175,12.61,Mainly clear
2014-02-05 21:00:00+00:00,BOLU,14,9.460501,-1.5394998,0.0,5.154415,2.0,58.96765,930.8716,11.87,Partly cloudy
2014-02-06 21:00:00+00:00,BOLU,14,10.3605,-1.3395,0.0,5.634891,2.0,61.04976,931.3401,12.47,Partly cloudy
2014-02-07 21:00:00+00:00,BOLU,14,11.8605,-1.1894999,0.0,8.534353,3.0,69.46156,931.8975,12.72,Overcast
2014-02-08 21:00:00+00:00,BOLU,14,7.8105,0.46050012,1.5000001,11.252519,71.0,89.64794,929.68195,4.86,Snow fall: Slight
2014-02-09 21:00:00+00:00,BOLU,14,11.8105,3.4605002,4.0,11.384199,53.0,93.71088,928.4002,8.87,Drizzle: Moderate
2014-02-10 21:00:00+00:00,BOLU,14,14.5105,-0.68949986,0.0,8.557102,2.0,82.284294,932.38745,13.05,Partly cloudy
2014-02-11 21:00:00+00:00,BOLU,14,16.810501,1.1605002,0.0,10.805998,1.0,70.54911,930.00433,13.38,Mainly clear
2014-02-12 21:00:00+00:00,BOLU,14,15.910501,1.6105001,0.0,5.1919937,3.0,74.05979,926.8799,13.06,Overcast
2014-02-13 21:00:00+00:00,BOLU,14,13.2605,3.2605002,5.6000004,6.9899354,71.0,78.77704,923.9113,7.87,Snow fall: Slight
2014-02-14 21:00:00+00:00,BOLU,14,8.3105,3.8105001,9.499999,7.24486,71.0,96.95335,926.6827,4.78,Snow fall: Slight
2014-02-15 21:00:00+00:00,BOLU,14,9.8605,2.0605001,0.6,6.638072,71.0,85.210464,933.5476,10.27,Snow fall: Slight
2014-02-16 21:00:00+00:00,BOLU,14,15.160501,-0.18949986,0.0,8.473393,2.0,75.38577,933.70575,14.39,Partly cloudy
2014-02-17 21:00:00+00:00,BOLU,14,16.1605,2.1105,0.0,10.315115,0.0,71.810745,936.23615,14.48,Clear sky
2014-02-18 21:00:00+00:00,BOLU,14,16.960499,1.7605002,0.0,7.729527,1.0,75.3951,937.13086,14.52,Mainly clear
2014-02-19 21:00:00+00:00,BOLU,14,17.7605,1.2105001,0.0,8.217153,1.0,68.033875,932.2349,15.23,Mainly clear
2014-02-20 21:00:00+00:00,BOLU,14,17.5105,4.0605,0.0,5.8603754,3.0,61.858997,930.67523,13.62,Overcast
2014-02-21 21:00:00+00:00,BOLU,14,15.5105,4.2605,0.0,7.491114,3.0,74.947044,926.1265,12.35,Overcast
2014-02-22 21:00:00+00:00,BOLU,14,14.910501,5.0605,2.9,5.904439,53.0,80.99559,929.1141,13.54,Drizzle: Moderate
2014-02-23 21:00:00+00:00,BOLU,14,12.7605,4.2105002,4.5,6.379216,53.0,88.04128,928.8022,9.42,Drizzle: Moderate
2014-02-24 21:00:00+00:00,BOLU,14,6.1605,1.9605001,4.0,9.957108,71.0,94.93572,929.352,5.82,Snow fall: Slight
2014-02-25 21:00:00+00:00,BOLU,14,5.9105,0.81050014,2.0,8.225035,71.0,87.04614,933.9865,7.42,Snow fall: Slight
2014-02-26 21:00:00+00:00,BOLU,14,5.9605002,0.2605002,0.0,10.787993,3.0,86.44388,934.91705,9.89,Overcast
2014-02-27 21:00:00+00:00,BOLU,14,10.5605,0.6105001,0.0,6.151683,3.0,75.80277,932.7421,12.65,Overcast
2014-02-28 21:00:00+00:00,BOLU,14,13.410501,-0.18949986,0.0,9.659814,3.0,71.46775,927.8484,14.7,Overcast
2014-03-01 21:00:00+00:00,BOLU,14,16.6105,3.3605,1.0,13.722565,53.0,75.93801,918.6968,13.94,Drizzle: Moderate
2014-03-02 21:00:00+00:00,BOLU,14,14.2605,4.9605002,0.5,11.91812,51.0,82.220695,919.10944,11.93,Drizzle: Light
2014-03-03 21:00:00+00:00,BOLU,14,12.9605,4.5105,5.9999995,14.118243,63.0,83.111084,918.1534,12.91,Rain: Moderate
2014-03-04 21:00:00+00:00,BOLU,14,15.7105,0.81050014,1.2,15.034041,53.0,72.15781,923.4899,15.05,Drizzle: Moderate
2014-03-05 21:00:00+00:00,BOLU,14,13.410501,5.0605,0.90000004,10.805999,53.0,78.8389,927.7194,14.01,Drizzle: Moderate
2014-03-06 21:00:00+00:00,BOLU,14,13.8605,2.5605001,0.8,6.0347,51.0,79.435814,931.6794,15.89,Drizzle: Light
2014-03-07 21:00:00+00:00,BOLU,14,11.2605,5.5105,6.9000006,5.0911684,55.0,93.76537,928.68195,7.35,Drizzle: Dense
2014-03-08 21:00:00+00:00,BOLU,14,9.0605,4.3605003,5.5,8.427383,71.0,95.70626,930.84296,7.42,Snow fall: Slight
2014-03-09 21:00:00+00:00,BOLU,14,6.2605,4.0605,21.1,7.145796,71.0,98.93753,924.8809,1.5,Snow fall: Slight
2014-03-10 21:00:00+00:00,BOLU,14,3.8605,0.6105001,14.700001,10.105681,73.0,93.55634,925.74725,4.24,Snow fall: Moderate
2014-03-11 21:00:00+00:00,BOLU,14,5.7605,-0.2394998,6.6000004,18.043148,73.0,88.146576,930.4277,15.57,Snow fall: Moderate
2014-03-12 21:00:00+00:00,BOLU,14,3.4605002,-1.6894999,7.3999996,14.05845,73.0,93.48581,935.0766,15.85,Snow fall: Moderate
2014-03-13 21:00:00+00:00,BOLU,14,6.2105002,-2.7395,0.0,7.342588,2.0,78.41865,936.6987,19.66,Partly cloudy
2014-03-14 21:00:00+00:00,BOLU,14,11.660501,0.41050017,0.0,8.225035,0.0,70.662224,930.6787,19.61,Clear sky
2014-03-15 21:00:00+00:00,BOLU,14,11.3105,0.16050017,9.3,14.118243,73.0,75.32891,923.1445,9.45,Snow fall: Moderate
2014-03-16 21:00:00+00:00,BOLU,14,11.2605,2.9605002,3.3999996,12.313894,73.0,87.14629,927.5701,14.05,Snow fall: Moderate
2014-03-17 21:00:00+00:00,BOLU,14,13.410501,1.7105001,0.0,14.77755,2.0,81.24426,931.21704,15.89,Partly cloudy
2014-03-18 21:00:00+00:00,BOLU,14,17.1105,1.5105002,0.0,9.885262,0.0,73.94158,932.24457,19.62,Clear sky
2014-03-19 21:00:00+00:00,BOLU,14,9.9105,3.6105,4.7,10.883676,61.0,86.32621,934.62665,12.68,Rain: Slight
2014-03-20 21:00:00+00:00,BOLU,14,15.5605,0.7605002,0.0,7.5685663,2.0,69.35742,937.89374,20.34,Partly cloudy
2014-03-21 21:00:00+00:00,BOLU,14,17.310501,0.16050017,0.0,8.217153,0.0,67.68928,932.5324,21.04,Clear sky
2014-03-22 21:00:00+00:00,BOLU,14,18.810501,3.8605,0.0,5.6920996,1.0,64.57775,928.8892,20.41,Mainly clear
2014-03-23 21:00:00+00:00,BOLU,14,20.1105,6.2605,0.0,6.489992,3.0,60.353397,927.52905,20.32,Overcast
2014-03-24 21:00:00+00:00,BOLU,14,18.8605,4.7105002,2.9,7.5685663,53.0,64.835304,923.0179,17.11,Drizzle: Moderate
2014-03-25 21:00:00+00:00,BOLU,14,13.5605,4.8105,1.1,8.225035,51.0,76.51541,928.57104,15.22,Drizzle: Light
2014-03-26 21:00:00+00:00,BOLU,14,14.7105,3.3605,0.4,9.085988,51.0,72.94222,931.3909,15.88,Drizzle: Light
2014-03-27 21:00:00+00:00,BOLU,14,18.310501,4.6605,10.1,11.457958,61.0,83.74417,926.6884,14.89,Rain: Slight
2014-03-28 21:00:00+00:00,BOLU,14,10.160501,-1.8395,10.7,18.448023,71.0,94.85502,926.8191,10.53,Snow fall: Slight
2014-03-29 21:00:00+00:00,BOLU,14,4.6105003,-4.0895,0.0,13.556282,71.0,65.81768,933.38544,22.2,Snow fall: Slight
2014-03-30 21:00:00+00:00,BOLU,14,13.7605,-0.83949995,0.0,7.386582,0.0,59.01595,928.02466,22.71,Clear sky
2014-03-31 21:00:00+00:00,BOLU,14,15.2605,3.0105002,0.0,11.304229,3.0,63.2618,924.5224,22.64,Overcast
2014-04-01 21:00:00+00:00,BOLU,14,13.9605,5.6605,3.2,10.990322,61.0,81.77428,927.84064,18.84,Rain: Slight
2014-04-02 21:00:00+00:00,BOLU,14,13.6105,3.1105,0.0,10.805998,3.0,79.511955,930.25446,20.87,Overcast
2014-04-03 21:00:00+00:00,BOLU,14,18.060501,1.6605002,0.2,10.948973,51.0,69.426506,929.77057,21.97,Drizzle: Light
2014-04-04 21:00:00+00:00,BOLU,14,19.560501,4.7605,0.0,7.491114,3.0,68.96838,930.3467,18.89,Overcast
2014-04-05 21:00:00+00:00,BOLU,14,18.060501,9.5605,0.0,8.557102,3.0,69.04242,930.44025,14.71,Overcast
2014-04-06 21:00:00+00:00,BOLU,14,18.260502,8.6605,3.7,8.209263,55.0,84.39867,927.82367,16.29,Drizzle: Dense
2014-04-07 21:00:00+00:00,BOLU,14,12.0605,5.6605,2.9,11.440979,53.0,82.35973,929.925,18.21,Drizzle: Moderate
2014-04-08 21:00:00+00:00,BOLU,14,15.410501,1.9605001,0.0,7.928177,2.0,73.93672,928.47784,23.71,Partly cloudy
2014-04-09 21:00:00+00:00,BOLU,14,18.460499,3.2105002,0.0,8.404285,3.0,66.96018,925.36285,23.16,Overcast
2014-04-10 21:00:00+00:00,BOLU,14,17.1105,4.6605,15.4,12.864649,63.0,80.88928,927.2483,15.62,Rain: Moderate
2014-04-11 21:00:00+00:00,BOLU,14,12.1105,3.9605002,9.2,8.0899935,71.0,91.24108,930.04,15.49,Snow fall: Slight
2014-04-12 21:00:00+00:00,BOLU,14,14.3605,0.2605002,0.0,6.792466,3.0,75.88956,930.27167,22.76,Overcast
2014-04-13 21:00:00+00:00,BOLU,14,13.2605,5.1605,0.9,7.968939,53.0,80.14793,929.88947,21.91,Drizzle: Moderate
2014-04-14 21:00:00+00:00,BOLU,14,16.7605,2.2605002,0.8,7.145796,51.0,73.6725,927.08453,23.15,Drizzle: Light
2014-04-15 21:00:00+00:00,BOLU,14,20.260502,4.1605,0.0,7.342588,3.0,64.67739,926.8226,22.52,Overcast
2014-04-16 21:00:00+00:00,BOLU,14,21.6605,7.4105,0.0,7.9932966,3.0,63.519413,924.95776,21.27,Overcast
2014-04-17 21:00:00+00:00,BOLU,14,20.210499,8.9105,9.7,19.242327,63.0,71.68313,921.39154,18.19,Rain: Moderate
2014-04-18 21:00:00+00:00,BOLU,14,17.810501,4.9105,3.3,11.874544,61.0,69.04651,926.4903,22.02,Rain: Slight
2014-04-19 21:00:00+00:00,BOLU,14,16.7605,2.6605,0.0,7.729527,3.0,73.20792,929.5237,21.87,Overcast
2014-04-20 21:00:00+00:00,BOLU,14,15.5605,7.1605,2.2,6.28713,53.0,81.82905,930.5886,20.2,Drizzle: Moderate
2014-04-21 21:00:00+00:00,BOLU,14,20.460499,4.9605002,0.2,7.628263,51.0,75.09115,931.1796,22.09,Drizzle: Light
2014-04-22 21:00:00+00:00,BOLU,14,21.460499,12.410501,0.0,8.225035,3.0,72.028435,933.94385,23.41,Overcast
2014-04-23 21:00:00+00:00,BOLU,14,25.8605,9.8605,1.6,8.287822,53.0,71.47218,929.6335,21.15,Drizzle: Moderate
2014-04-24 21:00:00+00:00,BOLU,14,23.310501,10.8105,2.5,9.504273,55.0,80.57398,923.872,19.94,Drizzle: Dense
2014-04-25 21:00:00+00:00,BOLU,14,17.6105,10.6105,4.3,10.514218,63.0,88.78098,925.7822,17.84,Rain: Moderate
2014-04-26 21:00:00+00:00,BOLU,14,19.6605,9.5105,11.7,6.162207,61.0,87.103386,925.94147,16.51,Rain: Slight
2014-04-27 21:00:00+00:00,BOLU,14,15.9605,9.1605,17.4,8.0899935,63.0,89.79972,922.3982,14.09,Rain: Moderate
2014-04-28 21:00:00+00:00,BOLU,14,15.6105,8.210501,11.0,10.086427,63.0,88.34116,923.5987,17.76,Rain: Moderate
2014-04-29 21:00:00+00:00,BOLU,14,16.5105,7.0605,20.800001,8.699793,63.0,84.50123,923.15704,17.57,Rain: Moderate
2014-04-30 21:00:00+00:00,BOLU,14,15.6105,7.5105,5.499999,10.08,61.0,77.776405,925.0847,19.01,Rain: Slight
2014-05-01 21:00:00+00:00,BOLU,14,15.8605,7.9605002,9.299999,5.3517847,61.0,87.17695,925.7139,18.15,Rain: Slight
2014-05-02 21:00:00+00:00,BOLU,14,18.310501,6.4105,0.4,6.8777895,51.0,76.89895,927.3386,22.06,Drizzle: Light
2014-05-03 21:00:00+00:00,BOLU,14,22.460499,8.8105,7.5,11.435313,63.0,74.43008,923.9217,16.52,Rain: Moderate
2014-05-04 21:00:00+00:00,BOLU,14,17.210499,10.7605,24.300001,11.874544,63.0,90.39148,925.1397,10.41,Rain: Moderate
2014-05-05 21:00:00+00:00,BOLU,14,12.5605,7.5605,7.7,10.105681,61.0,95.75736,932.3256,11.31,Rain: Slight
2014-05-06 21:00:00+00:00,BOLU,14,15.5605,7.2105002,0.1,8.350138,51.0,85.5271,934.5052,15.35,Drizzle: Light
2014-05-07 21:00:00+00:00,BOLU,14,18.710499,7.1105003,1.7,12.324414,53.0,84.454765,929.60913,21.8,Drizzle: Moderate
2014-05-08 21:00:00+00:00,BOLU,14,19.710499,9.960501,13.300001,7.289444,61.0,88.889824,923.1228,15.06,Rain: Slight
2014-05-09 21:00:00+00:00,BOLU,14,17.0105,10.660501,17.9,6.9247384,63.0,90.240204,925.61395,14.45,Rain: Moderate
2014-05-10 21:00:00+00:00,BOLU,14,16.460499,9.210501,4.9,6.9527545,61.0,91.3158,929.11035,17.95,Rain: Slight
2014-05-11 21:00:00+00:00,BOLU,14,18.9105,7.8605003,0.0,7.928178,3.0,78.91126,929.55707,21.86,Overcast
2014-05-12 21:00:00+00:00,BOLU,14,19.960499,10.160501,6.6000004,5.7599998,63.0,85.0978,931.3532,19.58,Rain: Moderate
2014-05-13 21:00:00+00:00,BOLU,14,23.060501,8.3105,0.0,15.281989,3.0,74.85584,928.4162,22.48,Overcast
2014-05-14 21:00:00+00:00,BOLU,14,25.1105,12.7605,3.5000002,14.186923,61.0,66.76998,923.8074,23.44,Rain: Slight
2014-05-15 21:00:00+00:00,BOLU,14,21.9105,12.2105,2.9999998,5.692099,53.0,78.97953,926.99335,23.68,Drizzle: Moderate
2014-05-16 21:00:00+00:00,BOLU,14,18.210499,11.3105,0.90000004,8.287822,51.0,84.924934,930.0693,20.52,Drizzle: Light
2014-05-17 21:00:00+00:00,BOLU,14,16.7605,8.8105,0.6,9.904906,51.0,79.8304,932.76904,25.54,Drizzle: Light
2014-05-18 21:00:00+00:00,BOLU,14,18.4105,7.8105,0.0,9.826088,2.0,75.017,934.2959,26.5,Partly cloudy
2014-05-19 21:00:00+00:00,BOLU,14,20.9105,6.8105,0.0,9.9571085,2.0,74.66541,932.638,28.02,Partly cloudy
2014-05-20 21:00:00+00:00,BOLU,14,18.4105,8.460501,0.4,11.885453,51.0,83.16234,931.77374,24.03,Drizzle: Light
2014-05-21 21:00:00+00:00,BOLU,14,18.3605,11.5605,3.8000002,8.854829,63.0,91.40043,930.03784,16.47,Rain: Moderate
2014-05-22 21:00:00+00:00,BOLU,14,20.1605,9.0605,0.0,8.587338,2.0,80.457436,928.67377,25.04,Partly cloudy
2014-05-23 21:00:00+00:00,BOLU,14,19.310501,10.8105,5.9,7.4128532,61.0,90.8292,930.0259,21.41,Rain: Slight
2014-05-24 21:00:00+00:00,BOLU,14,19.1105,10.2605,2.1999998,8.905908,61.0,84.92683,931.8107,22.94,Rain: Slight
2014-05-25 21:00:00+00:00,BOLU,14,21.8605,10.5605,0.3,6.297428,51.0,78.385506,931.17456,27.42,Drizzle: Light
2014-05-26 21:00:00+00:00,BOLU,14,23.4105,10.910501,0.90000004,8.435069,53.0,74.69622,928.55615,27.37,Drizzle: Moderate
2014-05-27 21:00:00+00:00,BOLU,14,22.960499,13.8105,0.6,9.793058,53.0,74.40215,927.67926,25.76,Drizzle: Moderate
2014-05-28 21:00:00+00:00,BOLU,14,26.1605,11.4605,1.5000001,6.4096174,53.0,78.32807,927.4571,25.27,Drizzle: Moderate
2014-05-29 21:00:00+00:00,BOLU,14,22.560501,13.3105,19.900002,13.202726,63.0,82.25928,925.06256,22.15,Rain: Moderate
2014-05-30 21:00:00+00:00,BOLU,14,18.3605,11.6105,15.400001,11.609651,63.0,91.48983,923.59204,17.98,Rain: Moderate
2014-05-31 21:00:00+00:00,BOLU,14,16.810501,10.0605,11.5,6.12,63.0,91.51841,925.8037,16.43,Rain: Moderate
2014-06-01 21:00:00+00:00,BOLU,14,16.8605,10.0605,7.7999997,6.725354,63.0,89.92893,927.2268,18.94,Rain: Moderate
2014-06-02 21:00:00+00:00,BOLU,14,18.560501,10.8605,2.3999999,6.4096174,53.0,84.55252,930.0913,18.37,Drizzle: Moderate
2014-06-03 21:00:00+00:00,BOLU,14,26.310501,10.6105,2.0,13.358861,61.0,75.43163,926.0644,20.78,Rain: Slight
2014-06-04 21:00:00+00:00,BOLU,14,19.560501,12.910501,14.799999,9.511088,63.0,91.87928,923.176,16.74,Rain: Moderate
2014-06-05 21:00:00+00:00,BOLU,14,17.0105,13.8105,38.2,11.753877,63.0,95.61249,925.18085,9.5,Rain: Moderate
2014-06-06 21:00:00+00:00,BOLU,14,18.710499,13.9605,10.400001,7.8954163,61.0,95.04464,926.085,15.68,Rain: Slight
2014-06-07 21:00:00+00:00,BOLU,14,20.060501,12.410501,6.0,8.209263,63.0,94.70713,928.7658,14.36,Rain: Moderate
2014-06-08 21:00:00+00:00,BOLU,14,21.6105,12.8105,6.0,10.594036,63.0,91.06318,930.2827,19.71,Rain: Moderate
2014-06-09 21:00:00+00:00,BOLU,14,23.210499,12.0605,0.2,10.440001,51.0,80.71953,931.424,26.91,Drizzle: Light
2014-06-10 21:00:00+00:00,BOLU,14,22.3605,12.5605,0.3,11.440979,51.0,82.014534,930.5664,24.48,Drizzle: Light
2014-06-11 21:00:00+00:00,BOLU,14,18.760502,11.5605,1.7000002,11.770403,51.0,86.282745,931.1726,20.61,Drizzle: Light
2014-06-12 21:00:00+00:00,BOLU,14,21.210499,10.6105,0.0,9.255571,3.0,79.34136,929.9636,29.07,Overcast
2014-06-13 21:00:00+00:00,BOLU,14,24.9105,10.7105,0.0,6.638072,2.0,73.16027,927.5251,29.36,Partly cloudy
2014-06-14 21:00:00+00:00,BOLU,14,24.960499,13.410501,0.70000005,7.289444,53.0,79.7317,929.4869,25.98,Drizzle: Moderate
2014-06-15 21:00:00+00:00,BOLU,14,22.460499,14.660501,9.500001,5.3999996,63.0,90.53944,931.1037,20.23,Rain: Moderate
2014-06-16 21:00:00+00:00,BOLU,14,24.460499,13.5605,0.1,7.386582,51.0,81.98673,932.2376,25.92,Drizzle: Light
2014-06-17 21:00:00+00:00,BOLU,14,25.060501,14.660501,0.1,9.726664,51.0,79.6088,932.49243,26.4,Drizzle: Light
2014-06-18 21:00:00+00:00,BOLU,14,26.6105,14.0105,2.4,8.699793,53.0,77.59473,927.37933,27.03,Drizzle: Moderate
2014-06-19 21:00:00+00:00,BOLU,14,21.510502,13.8605,6.899999,15.856356,55.0,81.66975,922.33984,23.46,Drizzle: Dense
2014-06-20 21:00:00+00:00,BOLU,14,19.710499,11.8605,0.7,8.714677,51.0,77.89837,928.3409,25.0,Drizzle: Light
2014-06-21 21:00:00+00:00,BOLU,14,18.210499,12.7605,1.5,11.304229,53.0,86.661804,933.5813,22.34,Drizzle: Moderate
2014-06-22 21:00:00+00:00,BOLU,14,20.310501,9.7605,0.0,11.212135,2.0,76.409424,936.6243,29.58,Partly cloudy
2014-06-23 21:00:00+00:00,BOLU,14,23.3605,9.2605,0.0,9.0645685,2.0,75.46058,933.8582,30.37,Partly cloudy
2014-06-24 21:00:00+00:00,BOLU,14,24.710499,12.7105,0.0,8.669949,2.0,70.1726,930.8742,29.55,Partly cloudy
2014-06-25 21:00:00+00:00,BOLU,14,29.460499,13.6105,0.0,14.05845,1.0,70.37954,930.4458,28.95,Mainly clear
2014-06-26 21:00:00+00:00,BOLU,14,31.310501,14.7105,0.6,12.429127,51.0,72.785866,932.6871,23.92,Drizzle: Light
2014-06-27 21:00:00+00:00,BOLU,14,22.760502,17.060501,1.4,11.212135,53.0,88.086174,933.98535,22.27,Drizzle: Moderate
2014-06-28 21:00:00+00:00,BOLU,14,23.3605,15.7605,0.1,10.853866,51.0,83.293144,933.2182,22.27,Drizzle: Light
2014-06-29 21:00:00+00:00,BOLU,14,28.4105,13.910501,0.0,6.489992,3.0,78.770195,930.76324,28.8,Overcast
2014-06-30 21:00:00+00:00,BOLU,14,26.6605,15.2605,0.3,9.290511,51.0,81.179726,931.23615,24.98,Drizzle: Light
2014-07-01 21:00:00+00:00,BOLU,14,24.010502,15.0605,0.0,12.287555,3.0,81.118904,936.8703,28.11,Overcast
2014-07-02 21:00:00+00:00,BOLU,14,23.4105,14.410501,0.0,10.948973,3.0,84.41963,934.13556,23.36,Overcast
2014-07-03 21:00:00+00:00,BOLU,14,20.510502,13.3605,6.3,13.684735,61.0,84.90308,930.1655,23.22,Rain: Slight
2014-07-04 21:00:00+00:00,BOLU,14,21.1105,13.8105,1.2,13.202726,53.0,82.19947,930.8386,24.86,Drizzle: Moderate
2014-07-05 21:00:00+00:00,BOLU,14,24.6605,11.910501,0.0,10.948973,2.0,77.98835,931.55194,29.16,Partly cloudy
2014-07-06 21:00:00+00:00,BOLU,14,25.6605,12.8605,0.0,12.261158,2.0,75.487144,931.898,29.04,Partly cloudy
2014-07-07 21:00:00+00:00,BOLU,14,24.810501,14.160501,0.0,12.287555,3.0,77.30254,931.365,28.88,Overcast
2014-07-08 21:00:00+00:00,BOLU,14,27.6605,12.5105,0.0,7.771331,3.0,70.90417,927.0911,29.12,Overcast
2014-07-09 21:00:00+00:00,BOLU,14,30.060501,16.6605,0.0,7.9932966,1.0,67.61954,925.62915,28.09,Mainly clear
2014-07-10 21:00:00+00:00,BOLU,14,34.0605,15.910501,0.0,11.792404,2.0,65.94645,924.675,27.48,Partly cloudy
2014-07-11 21:00:00+00:00,BOLU,14,29.760502,19.1605,0.3,9.826088,51.0,69.73571,926.8233,27.43,Drizzle: Light
2014-07-12 21:00:00+00:00,BOLU,14,23.4105,17.1605,1.7,10.137692,53.0,83.61523,930.4597,22.26,Drizzle: Moderate
2014-07-13 21:00:00+00:00,BOLU,14,25.1105,15.910501,1.5000001,9.885262,51.0,82.30166,929.4172,22.91,Drizzle: Light
2014-07-14 21:00:00+00:00,BOLU,14,29.060501,15.8105,0.1,8.311245,51.0,77.13239,927.2993,24.22,Drizzle: Light
2014-07-15 21:00:00+00:00,BOLU,14,25.210499,18.6105,11.099999,9.0645685,63.0,88.5216,926.71124,18.93,Rain: Moderate
2014-07-16 21:00:00+00:00,BOLU,14,23.560501,16.460499,0.70000005,9.504273,51.0,83.44869,928.972,23.19,Drizzle: Light
2014-07-17 21:00:00+00:00,BOLU,14,25.060501,16.6105,0.0,10.163227,3.0,79.7589,928.63086,25.3,Overcast
2014-07-18 21:00:00+00:00,BOLU,14,23.510502,16.1605,1.7,11.113451,51.0,81.87055,928.05365,24.36,Drizzle: Light
2014-07-19 21:00:00+00:00,BOLU,14,22.010502,16.1605,3.1,10.587918,61.0,89.0878,928.88495,20.68,Rain: Slight
2014-07-20 21:00:00+00:00,BOLU,14,22.810501,16.310501,3.2,10.661107,51.0,88.73814,929.1385,18.88,Drizzle: Light
2014-07-21 21:00:00+00:00,BOLU,14,29.060501,13.8605,0.0,6.193674,2.0,75.249535,928.242,27.84,Partly cloudy
2014-07-22 21:00:00+00:00,BOLU,14,31.1605,16.2605,0.4,6.193674,51.0,73.33193,926.064,25.05,Drizzle: Light
2014-07-23 21:00:00+00:00,BOLU,14,26.460499,17.960499,0.3,9.449572,51.0,79.301216,926.3088,22.47,Drizzle: Light
2014-07-24 21:00:00+00:00,BOLU,14,25.310501,16.9105,0.8000001,12.24,51.0,82.04343,927.76904,21.97,Drizzle: Light
2014-07-25 21:00:00+00:00,BOLU,14,25.4105,16.8605,2.7,10.805999,55.0,85.8717,928.5237,22.89,Drizzle: Dense
2014-07-26 21:00:00+00:00,BOLU,14,25.210499,17.6105,1.8000001,10.239453,53.0,84.18934,930.8413,23.04,Drizzle: Moderate
2014-07-27 21:00:00+00:00,BOLU,14,29.4105,16.310501,0.0,8.557102,2.0,78.00457,931.3733,25.95,Partly cloudy
2014-07-28 21:00:00+00:00,BOLU,14,30.210499,16.7605,0.0,10.163227,3.0,72.2262,928.44073,25.65,Overcast
2014-07-29 21:00:00+00:00,BOLU,14,27.210499,18.6105,0.0,12.429127,3.0,78.43252,929.0747,25.8,Overcast
2014-07-30 21:00:00+00:00,BOLU,14,28.310501,15.5105,0.0,9.255571,3.0,71.84698,927.8323,27.6,Overcast
2014-07-31 21:00:00+00:00,BOLU,14,33.3105,15.5605,0.0,6.489992,2.0,60.865475,924.50635,26.22,Partly cloudy
2014-08-01 21:00:00+00:00,BOLU,14,30.710499,21.1605,4.0,10.703569,61.0,69.10799,924.23004,21.36,Rain: Slight
2014-08-02 21:00:00+00:00,BOLU,14,24.710499,18.6605,2.9,10.829958,53.0,89.582214,926.88477,17.7,Drizzle: Moderate
2014-08-03 21:00:00+00:00,BOLU,14,24.460499,16.810501,3.2,11.165805,55.0,87.3891,926.0878,20.71,Drizzle: Dense
2014-08-04 21:00:00+00:00,BOLU,14,25.710499,17.5105,2.9,12.768586,61.0,85.72855,925.9436,22.29,Rain: Slight
2014-08-05 21:00:00+00:00,BOLU,14,28.260502,15.6105,0.2,12.313893,51.0,67.64173,926.1711,26.14,Drizzle: Light
2014-08-06 21:00:00+00:00,BOLU,14,29.710499,16.9105,10.6,7.968939,63.0,73.76185,925.82635,19.52,Rain: Moderate
2014-08-07 21:00:00+00:00,BOLU,14,23.810501,15.9605,16.699999,6.696387,63.0,92.426155,928.0009,17.95,Rain: Moderate
2014-08-08 21:00:00+00:00,BOLU,14,22.4105,17.2605,11.4,8.707238,63.0,94.321175,930.4296,16.07,Rain: Moderate
2014-08-09 21:00:00+00:00,BOLU,14,25.810501,14.7605,0.0,11.659777,3.0,80.49919,932.40405,24.84,Overcast
2014-08-10 21:00:00+00:00,BOLU,14,27.710499,15.410501,0.0,9.726665,2.0,77.46138,932.02325,24.6,Partly cloudy
2014-08-11 21:00:00+00:00,BOLU,14,26.8605,16.6605,0.3,11.165805,51.0,79.96389,931.5721,23.17,Drizzle: Light
2014-08-12 21:00:00+00:00,BOLU,14,28.310501,15.3605,0.0,11.212135,2.0,73.71906,931.92334,26.26,Partly cloudy
2014-08-13 21:00:00+00:00,BOLU,14,30.6105,15.5105,0.0,6.489992,2.0,74.88366,929.9951,25.79,Partly cloudy
2014-08-14 21:00:00+00:00,BOLU,14,31.1105,17.060501,0.0,8.404285,2.0,77.0671,928.8675,25.45,Partly cloudy
2014-08-15 21:00:00+00:00,BOLU,14,30.060501,15.410501,0.0,8.905908,3.0,69.20583,928.64215,26.02,Overcast
2014-08-16 21:00:00+00:00,BOLU,14,30.4105,17.060501,0.0,8.654986,3.0,71.24038,925.0361,24.82,Overcast
2014-08-17 21:00:00+00:00,BOLU,14,21.6605,17.460499,10.0,10.315115,55.0,91.3862,926.96063,15.4,Drizzle: Dense
2014-08-18 21:00:00+00:00,BOLU,14,21.210499,16.460499,3.5,11.659777,53.0,89.49283,931.86566,13.26,Drizzle: Moderate
2014-08-19 21:00:00+00:00,BOLU,14,25.6105,15.660501,0.0,9.178235,3.0,83.34327,933.7067,21.19,Overcast
2014-08-20 21:00:00+00:00,BOLU,14,27.760502,15.410501,0.0,9.793059,3.0,80.76564,933.2656,22.6,Overcast
2014-08-21 21:00:00+00:00,BOLU,14,27.060501,14.910501,0.0,11.013882,3.0,69.97266,933.7071,24.93,Overcast
2014-08-22 21:00:00+00:00,BOLU,14,27.6105,16.2605,0.0,12.324414,0.0,67.67112,933.4661,24.64,Clear sky
2014-08-23 21:00:00+00:00,BOLU,14,29.8605,14.7605,0.0,9.021574,1.0,71.38639,930.04266,24.12,Mainly clear
2014-08-24 21:00:00+00:00,BOLU,14,27.210499,17.1605,0.0,13.849476,3.0,73.909744,932.0926,22.86,Overcast
2014-08-25 21:00:00+00:00,BOLU,14,28.810501,18.1605,0.0,8.854829,3.0,80.81733,932.1275,20.09,Overcast
2014-08-26 21:00:00+00:00,BOLU,14,31.460499,18.710499,0.0,7.8954163,3.0,77.53736,929.57245,21.39,Overcast
2014-08-27 21:00:00+00:00,BOLU,14,27.1105,18.1105,0.0,14.404499,3.0,77.84303,929.3587,21.2,Overcast
2014-08-28 21:00:00+00:00,BOLU,14,22.1605,16.2605,2.0000002,13.202726,51.0,85.25248,933.5103,15.97,Drizzle: Light
2014-08-29 21:00:00+00:00,BOLU,14,26.260502,15.660501,0.1,8.647496,51.0,77.43419,933.6162,18.44,Drizzle: Light
2014-08-30 21:00:00+00:00,BOLU,14,29.210499,16.0105,0.8,7.6367526,53.0,74.35546,930.1866,20.67,Drizzle: Moderate
2014-08-31 21:00:00+00:00,BOLU,14,29.8605,17.7605,0.0,8.707237,3.0,78.46712,927.1934,18.61,Overcast
2014-09-01 21:00:00+00:00,BOLU,14,30.010502,18.4105,0.0,7.42159,3.0,75.605354,926.6721,19.66,Overcast
2014-09-02 21:00:00+00:00,BOLU,14,28.8605,18.1105,7.8,5.904439,63.0,83.14187,927.555,19.26,Rain: Moderate
2014-09-03 21:00:00+00:00,BOLU,14,27.510502,16.8605,1.0,9.346143,53.0,82.774796,927.78815,17.07,Drizzle: Moderate
2014-09-04 21:00:00+00:00,BOLU,14,26.260502,18.1105,0.90000004,9.255571,53.0,83.54097,926.2531,16.66,Drizzle: Moderate
2014-09-05 21:00:00+00:00,BOLU,14,25.760502,18.310501,5.3999996,8.891343,61.0,85.59592,924.76227,14.77,Rain: Slight
2014-09-06 21:00:00+00:00,BOLU,14,23.6605,17.960499,7.8,6.1305785,63.0,91.752716,927.4275,15.53,Rain: Moderate
2014-09-07 21:00:00+00:00,BOLU,14,22.9105,16.1605,10.2,5.815978,63.0,90.63364,929.88544,15.31,Rain: Moderate
2014-09-08 21:00:00+00:00,BOLU,14,21.310501,14.8605,0.8,9.007196,51.0,84.70873,931.3154,16.92,Drizzle: Light
2014-09-09 21:00:00+00:00,BOLU,14,23.310501,13.6105,5.2999997,7.2805495,63.0,83.35114,930.3588,15.81,Rain: Moderate
2014-09-10 21:00:00+00:00,BOLU,14,23.510502,12.160501,0.1,7.172949,51.0,80.47292,931.50366,19.48,Drizzle: Light
2014-09-11 21:00:00+00:00,BOLU,14,24.810501,13.0605,0.1,7.072878,51.0,81.00935,932.60675,19.13,Drizzle: Light
2014-09-12 21:00:00+00:00,BOLU,14,24.3605,15.660501,0.4,8.557102,51.0,83.662674,933.13824,17.75,Drizzle: Light
2014-09-13 21:00:00+00:00,BOLU,14,23.310501,15.6105,6.6000004,7.7043357,63.0,89.15142,930.69586,15.76,Rain: Moderate
2014-09-14 21:00:00+00:00,BOLU,14,22.6105,14.6105,0.2,7.9036193,51.0,84.31075,929.9878,16.66,Drizzle: Light
2014-09-15 21:00:00+00:00,BOLU,14,22.6605,14.2605,3.6,7.6367526,61.0,89.26682,928.93085,17.05,Rain: Slight
2014-09-16 21:00:00+00:00,BOLU,14,20.460499,14.3105,15.499999,5.506941,63.0,94.09991,928.11395,10.69,Rain: Moderate
2014-09-17 21:00:00+00:00,BOLU,14,16.710499,13.8105,26.5,7.10031,63.0,96.54587,929.94476,5.55,Rain: Moderate
2014-09-18 21:00:00+00:00,BOLU,14,17.9105,12.5605,7.5,8.534353,61.0,96.096214,935.0649,11.21,Rain: Slight
2014-09-19 21:00:00+00:00,BOLU,14,16.6605,11.160501,1.6000003,8.427383,51.0,88.671196,935.7688,11.83,Drizzle: Light
2014-09-20 21:00:00+00:00,BOLU,14,19.9105,8.5105,0.0,6.6087217,3.0,76.54197,931.1181,18.92,Overcast
2014-09-21 21:00:00+00:00,BOLU,14,21.460499,11.6105,0.2,6.9247384,51.0,79.71949,928.1302,17.91,Drizzle: Light
2014-09-22 21:00:00+00:00,BOLU,14,24.1105,11.8105,9.5,22.253124,63.0,83.25997,924.44476,10.73,Rain: Moderate
2014-09-23 21:00:00+00:00,BOLU,14,15.8105,8.4105,0.5,11.212135,51.0,80.81122,932.5622,16.85,Drizzle: Light
2014-09-24 21:00:00+00:00,BOLU,14,16.1105,6.8105,0.0,9.504273,2.0,78.88846,932.4131,18.06,Partly cloudy
2014-09-25 21:00:00+00:00,BOLU,14,19.510502,4.9605002,1.0,6.489992,51.0,71.86581,929.0896,18.28,Drizzle: Light
2014-09-26 21:00:00+00:00,BOLU,14,17.960499,10.7105,6.1000004,7.729527,55.0,86.01758,923.8484,10.92,Drizzle: Dense
2014-09-27 21:00:00+00:00,BOLU,14,12.8605,9.7605,44.400005,17.643673,63.0,98.095985,927.9346,4.37,Rain: Moderate
2014-09-28 21:00:00+00:00,BOLU,14,16.1605,9.710501,2.3999999,13.1041975,53.0,85.94824,939.9449,14.49,Drizzle: Moderate
2014-09-29 21:00:00+00:00,BOLU,14,17.4105,6.5105,0.0,7.5170207,3.0,76.94313,939.11505,18.09,Overcast
2014-09-30 21:00:00+00:00,BOLU,14,19.1105,7.0605,0.0,7.9932976,0.0,73.2094,936.99835,18.21,Clear sky
2014-10-01 21:00:00+00:00,BOLU,14,19.310501,7.4105,0.0,9.3876505,3.0,76.76825,936.9968,17.35,Overcast
2014-10-02 21:00:00+00:00,BOLU,14,18.210499,8.5605,0.1,8.759178,51.0,86.90201,935.2261,13.36,Drizzle: Light
2014-10-03 21:00:00+00:00,BOLU,14,18.060501,10.5605,0.0,7.968939,3.0,86.38969,933.3935,13.58,Overcast
2014-10-04 21:00:00+00:00,BOLU,14,19.310501,9.460501,0.3,6.9247384,51.0,85.34824,933.77563,13.18,Drizzle: Light
2014-10-05 21:00:00+00:00,BOLU,14,17.8605,11.6105,1.5000001,7.8954163,51.0,91.85541,936.5026,10.27,Drizzle: Light
2014-10-06 21:00:00+00:00,BOLU,14,21.6105,9.8605,0.3,7.10031,51.0,84.02645,937.7928,15.9,Drizzle: Light
2014-10-07 21:00:00+00:00,BOLU,14,20.710499,10.8605,0.1,7.69592,51.0,85.28993,936.3611,14.14,Drizzle: Light
2014-10-08 21:00:00+00:00,BOLU,14,19.3605,11.7605,0.0,9.726665,3.0,87.7284,936.1992,11.78,Overcast
2014-10-09 21:00:00+00:00,BOLU,14,20.6105,11.2105,0.0,8.759178,3.0,85.58793,935.6038,13.58,Overcast
2014-10-10 21:00:00+00:00,BOLU,14,20.6605,10.2605,3.6,8.311245,55.0,87.4531,933.3571,13.08,Drizzle: Dense
2014-10-11 21:00:00+00:00,BOLU,14,18.0105,12.1105,10.600001,6.638072,63.0,94.94959,932.48114,9.35,Rain: Moderate
2014-10-12 21:00:00+00:00,BOLU,14,17.7605,11.8605,8.4,5.904439,63.0,93.25125,932.3843,8.4,Rain: Moderate
2014-10-13 21:00:00+00:00,BOLU,14,17.6605,8.960501,6.1,5.1165614,63.0,93.30726,931.1954,10.74,Rain: Moderate
2014-10-14 21:00:00+00:00,BOLU,14,18.760502,8.8105,0.0,6.297428,3.0,85.42495,931.15405,13.3,Overcast
2014-10-15 21:00:00+00:00,BOLU,14,20.6105,8.210501,0.0,8.311245,3.0,82.81346,930.96533,11.41,Overcast
2014-10-16 21:00:00+00:00,BOLU,14,17.2605,11.7105,11.2,8.64,61.0,92.878075,930.9018,7.21,Rain: Slight
2014-10-17 21:00:00+00:00,BOLU,14,15.5105,8.960501,35.3,18.584509,63.0,95.55277,930.0441,6.72,Rain: Moderate
2014-10-18 21:00:00+00:00,BOLU,14,9.6105,4.3605003,3.5999997,16.75064,53.0,85.44459,938.43854,11.41,Drizzle: Moderate
2014-10-19 21:00:00+00:00,BOLU,14,13.0605,0.2605002,0.0,5.8048253,1.0,73.33793,935.8469,14.84,Mainly clear
2014-10-20 21:00:00+00:00,BOLU,14,18.1605,1.9105002,0.0,9.504273,0.0,65.63395,929.5688,14.77,Clear sky
2014-10-21 21:00:00+00:00,BOLU,14,19.710499,4.0105,0.0,10.464797,2.0,59.389156,926.14935,14.5,Partly cloudy
2014-10-22 21:00:00+00:00,BOLU,14,19.210499,7.5605,0.0,20.617662,3.0,71.09192,925.2165,12.51,Overcast
2014-10-23 21:00:00+00:00,BOLU,14,16.8605,10.660501,5.1,10.315115,55.0,89.41505,928.45026,6.2,Drizzle: Dense
2014-10-24 21:00:00+00:00,BOLU,14,16.460499,9.8105,13.8,10.383987,61.0,94.03961,927.89435,6.16,Rain: Slight
2014-10-25 21:00:00+00:00,BOLU,14,16.1605,6.8605003,4.1,5.904439,55.0,88.88076,931.2535,10.4,Drizzle: Dense
2014-10-26 21:00:00+00:00,BOLU,14,15.8105,8.8605,7.2,6.830519,61.0,93.754425,934.11163,8.91,Rain: Slight
2014-10-27 21:00:00+00:00,BOLU,14,13.7105,9.5105,2.0,4.73506,55.0,94.628456,936.4499,6.71,Drizzle: Dense
2014-10-28 21:00:00+00:00,BOLU,14,16.960499,7.6605,0.0,5.1919937,3.0,85.76261,933.6247,10.22,Overcast
2014-10-29 21:00:00+00:00,BOLU,14,14.0605,9.460501,16.300001,4.1046314,61.0,95.34762,929.8785,5.2,Rain: Slight
2014-10-30 21:00:00+00:00,BOLU,14,10.910501,8.0605,18.899998,8.217153,61.0,99.27655,930.6355,2.04,Rain: Slight
2014-10-31 21:00:00+00:00,BOLU,14,8.7605,5.9105,6.099999,9.693296,53.0,89.77375,934.0883,7.73,Drizzle: Moderate
2014-11-01 21:00:00+00:00,BOLU,14,7.7605,3.8105001,3.3000002,9.360001,71.0,89.74933,935.84326,6.66,Snow fall: Slight
2014-11-02 21:00:00+00:00,BOLU,14,7.6605,0.46050012,0.0,5.4477882,3.0,76.60789,936.5806,11.31,Overcast
2014-11-03 21:00:00+00:00,BOLU,14,12.2105,-1.0394998,0.0,7.729527,0.0,71.435196,935.689,12.42,Clear sky
2014-11-04 21:00:00+00:00,BOLU,14,14.160501,0.7605002,0.0,10.144082,0.0,70.44324,935.9621,12.43,Clear sky
2014-11-05 21:00:00+00:00,BOLU,14,14.910501,0.66050017,0.0,9.983106,1.0,70.772385,938.6587,12.01,Mainly clear
2014-11-06 21:00:00+00:00,BOLU,14,16.9105,1.9105002,0.0,9.511088,3.0,74.89455,937.3736,11.71,Overcast
2014-11-07 21:00:00+00:00,BOLU,14,17.1605,4.0105,0.0,10.630672,3.0,64.608,933.8315,11.2,Overcast
2014-11-08 21:00:00+00:00,BOLU,14,17.810501,4.5105,1.5,11.113451,55.0,64.900734,932.351,10.21,Drizzle: Dense
2014-11-09 21:00:00+00:00,BOLU,14,16.6105,5.4605002,0.70000005,8.891343,51.0,84.66481,936.0427,10.13,Drizzle: Light
2014-11-10 21:00:00+00:00,BOLU,14,17.0105,5.2605,0.0,4.8965297,2.0,87.206764,936.84735,10.34,Partly cloudy
2014-11-11 21:00:00+00:00,BOLU,14,16.9105,4.1605,0.0,6.297428,3.0,85.28434,932.7969,10.87,Overcast
2014-11-12 21:00:00+00:00,BOLU,14,16.8605,5.3605003,1.1,7.9036193,51.0,83.10293,929.2376,9.57,Drizzle: Light
2014-11-13 21:00:00+00:00,BOLU,14,16.210499,5.2605,1.2,8.707237,51.0,88.593834,928.08185,7.28,Drizzle: Light
2014-11-14 21:00:00+00:00,BOLU,14,15.6105,7.8605003,5.2,5.991594,61.0,91.6278,929.3211,7.86,Rain: Slight
2014-11-15 21:00:00+00:00,BOLU,14,13.0605,8.1105,0.1,6.924738,51.0,92.41873,930.7889,6.68,Drizzle: Light
2014-11-16 21:00:00+00:00,BOLU,14,14.7105,6.0105,0.0,7.729527,3.0,87.86849,931.1761,9.08,Overcast
2014-11-17 21:00:00+00:00,BOLU,14,16.3605,7.2105002,0.0,6.763786,3.0,87.41372,934.69525,7.55,Overcast
2014-11-18 21:00:00+00:00,BOLU,14,16.060501,5.8105,0.0,9.826088,3.0,85.85096,934.68915,7.69,Overcast
2014-11-19 21:00:00+00:00,BOLU,14,12.160501,7.3105,14.200001,11.119281,61.0,92.94216,928.9803,3.39,Rain: Slight
2014-11-20 21:00:00+00:00,BOLU,14,8.2605,4.3605003,5.4,7.8954163,71.0,93.24835,930.2242,4.83,Snow fall: Slight
2014-11-21 21:00:00+00:00,BOLU,14,4.8605003,2.5605001,7.6000004,8.473393,71.0,95.166405,932.87067,2.98,Snow fall: Slight
2014-11-22 21:00:00+00:00,BOLU,14,5.7605,3.3105001,6.099998,8.049845,71.0,96.075645,936.4446,2.88,Snow fall: Slight
2014-11-23 21:00:00+00:00,BOLU,14,6.0105,2.1605,1.0,5.937272,71.0,90.37582,934.90894,6.02,Snow fall: Slight
2014-11-24 21:00:00+00:00,BOLU,14,5.0105,1.4105002,3.5999997,8.669949,71.0,92.258934,931.9988,5.17,Snow fall: Slight
2014-11-25 21:00:00+00:00,BOLU,14,3.6105,0.9605001,17.5,12.313893,71.0,97.020485,930.9897,3.92,Snow fall: Slight
2014-11-26 21:00:00+00:00,BOLU,14,4.0605,-0.18949986,1.5000001,6.830519,71.0,92.128815,934.4488,4.96,Snow fall: Slight
2014-11-27 21:00:00+00:00,BOLU,14,5.6105003,1.6105001,0.0,7.42159,3.0,86.711464,936.4793,5.53,Overcast
2014-11-28 21:00:00+00:00,BOLU,14,9.2605,0.31050014,0.0,7.9036193,3.0,88.20877,936.5555,5.4,Overcast
2014-11-29 21:00:00+00:00,BOLU,14,7.4105,2.0105002,9.099999,8.373386,61.0,98.14994,932.497,0.96,Rain: Slight
2014-11-30 21:00:00+00:00,BOLU,14,6.0605,1.5105002,2.1000001,5.8603754,53.0,99.00549,933.508,1.31,Drizzle: Moderate
2014-12-01 21:00:00+00:00,BOLU,14,13.3605,2.5105002,2.3,8.209263,55.0,95.15652,931.4009,6.2,Drizzle: Dense
2014-12-02 21:00:00+00:00,BOLU,14,13.8605,4.1605,0.7,10.00256,51.0,93.94461,934.3763,5.17,Drizzle: Light
2014-12-03 21:00:00+00:00,BOLU,14,13.7105,5.0605,4.4,9.693296,53.0,93.81378,934.19025,3.79,Drizzle: Moderate
2014-12-04 21:00:00+00:00,BOLU,14,12.410501,5.5105,1.8000002,4.6938257,53.0,95.84347,935.00586,3.9,Drizzle: Moderate
2014-12-05 21:00:00+00:00,BOLU,14,14.160501,3.9605002,0.0,8.049845,3.0,91.668945,933.1556,6.6,Overcast
2014-12-06 21:00:00+00:00,BOLU,14,13.6105,4.8605003,0.1,9.659814,51.0,91.017296,930.9692,6.56,Drizzle: Light
2014-12-07 21:00:00+00:00,BOLU,14,12.2105,6.3605003,3.6,10.1887,53.0,92.91831,927.86957,4.85,Drizzle: Moderate
2014-12-08 21:00:00+00:00,BOLU,14,13.3605,6.1605,0.2,10.883676,51.0,89.21223,922.7034,3.5,Drizzle: Light
2014-12-09 21:00:00+00:00,BOLU,14,11.8605,6.5605,3.6,8.049845,55.0,94.16086,929.1013,4.73,Drizzle: Dense
2014-12-10 21:00:00+00:00,BOLU,14,12.7605,2.4105,0.2,10.464797,51.0,91.353516,934.2437,6.79,Drizzle: Light
2014-12-11 21:00:00+00:00,BOLU,14,9.6105,5.1605,13.1,8.217153,61.0,95.93095,929.1474,1.67,Rain: Slight
2014-12-12 21:00:00+00:00,BOLU,14,7.4105,6.0605,3.5000002,7.5599995,53.0,98.11688,935.445,1.85,Drizzle: Moderate
2014-12-13 21:00:00+00:00,BOLU,14,11.0105,4.2605,0.0,4.452954,3.0,88.68591,937.83026,7.73,Overcast
2014-12-14 21:00:00+00:00,BOLU,14,11.0605,1.2105001,0.0,7.24486,2.0,83.771645,938.59845,7.6,Partly cloudy
2014-12-15 21:00:00+00:00,BOLU,14,11.3605,-0.33949995,0.0,9.83268,3.0,77.31231,936.8987,8.19,Overcast
2014-12-16 21:00:00+00:00,BOLU,14,10.4605,0.1105001,0.0,11.119281,3.0,74.364784,933.6516,4.68,Overcast
2014-12-17 21:00:00+00:00,BOLU,14,9.9105,2.9105,3.3,12.24,61.0,88.83123,930.0098,4.54,Rain: Slight
2014-12-18 21:00:00+00:00,BOLU,14,7.7105002,2.9605002,0.9000001,5.8603754,51.0,94.30886,934.54156,4.27,Drizzle: Light
2014-12-19 21:00:00+00:00,BOLU,14,8.2605,-0.8894999,0.0,9.178235,2.0,89.869194,933.89276,6.88,Partly cloudy
2014-12-20 21:00:00+00:00,BOLU,14,9.6105,0.56050014,7.7,11.91812,75.0,86.97863,931.502,7.81,Snow fall: Heavy
2014-12-21 21:00:00+00:00,BOLU,14,1.6605002,-2.8395,8.2,9.983106,75.0,89.74859,936.6629,6.56,Snow fall: Heavy
2014-12-22 21:00:00+00:00,BOLU,14,5.6605,-3.5895,0.0,9.779817,3.0,72.900215,933.60724,6.15,Overcast
2014-12-23 21:00:00+00:00,BOLU,14,7.9605002,0.2605002,0.0,9.3876505,0.0,71.17199,935.9251,8.42,Clear sky
2014-12-24 21:00:00+00:00,BOLU,14,7.9605002,-1.5895,0.0,11.269782,0.0,78.01829,933.8355,8.7,Clear sky
2014-12-25 21:00:00+00:00,BOLU,14,10.4605,0.060500145,0.0,9.339208,3.0,74.5067,929.28156,7.42,Overcast
2014-12-26 21:00:00+00:00,BOLU,14,8.9105,1.4605001,13.9,13.339445,75.0,92.57324,922.1552,5.19,Snow fall: Heavy
2014-12-27 21:00:00+00:00,BOLU,14,4.4605002,-1.9895,3.5000002,11.592895,73.0,89.809166,927.2863,7.5,Snow fall: Moderate
2014-12-28 21:00:00+00:00,BOLU,14,9.4105,0.21050012,12.0,23.177402,73.0,89.31088,921.8399,3.21,Snow fall: Moderate
2014-12-29 21:00:00+00:00,BOLU,14,2.2605002,-3.5394998,28.100002,8.557102,75.0,94.420494,928.11426,1.9,Snow fall: Heavy
2014-12-30 21:00:00+00:00,BOLU,14,2.4105,-3.6394997,21.5,6.9527545,75.0,94.33383,926.9388,3.63,Snow fall: Heavy
2014-12-31 21:00:00+00:00,BOLU,14,0.3605001,-1.6894999,8.400001,7.5942073,73.0,95.01819,932.1689,4.8,Snow fall: Moderate
2015-01-01 21:00:00+00:00,BOLU,14,-0.08949995,-5.3395,1.6000001,6.87779,73.0,94.2817,936.16064,5.48,Snow fall: Moderate
2015-01-02 21:00:00+00:00,BOLU,14,2.6105,-7.9395,1.1,5.8603754,71.0,90.73231,932.9907,8.03,Snow fall: Slight
2015-01-03 21:00:00+00:00,BOLU,14,2.7105002,-3.6394997,7.5,9.178235,75.0,92.04477,926.9363,7.32,Snow fall: Heavy
2015-01-04 21:00:00+00:00,BOLU,14,1.3605001,-4.0394998,11.099998,8.714677,75.0,94.2864,924.6521,7.14,Snow fall: Heavy
2015-01-05 21:00:00+00:00,BOLU,14,-2.0394998,-4.2395,18.100002,13.441071,75.0,93.244354,918.9558,4.44,Snow fall: Heavy
2015-01-06 21:00:00+00:00,BOLU,14,-4.2894998,-8.3895,13.200002,18.0,73.0,92.40552,930.46027,6.04,Snow fall: Moderate
2015-01-07 21:00:00+00:00,BOLU,14,-7.9395,-10.339499,9.500001,14.512064,73.0,88.10667,941.5496,7.52,Snow fall: Moderate
2015-01-08 21:00:00+00:00,BOLU,14,-9.589499,-18.289501,0.1,9.83268,71.0,81.96951,939.5838,10.38,Snow fall: Slight
2015-01-09 21:00:00+00:00,BOLU,14,-3.4394999,-11.4895,11.500001,13.779114,75.0,86.724335,927.6816,3.58,Snow fall: Heavy
2015-01-10 21:00:00+00:00,BOLU,14,2.4105,-5.3395,0.0,16.595179,3.0,92.21105,929.1706,5.13,Overcast
2015-01-11 21:00:00+00:00,BOLU,14,3.2605002,-1.9394999,18.800001,16.92383,75.0,92.46732,928.4709,4.67,Snow fall: Heavy
2015-01-12 21:00:00+00:00,BOLU,14,3.1605,-2.0394998,2.3000002,9.504273,73.0,92.0953,936.5237,6.68,Snow fall: Moderate
2015-01-13 21:00:00+00:00,BOLU,14,6.6105003,-3.3395,0.0,8.049845,2.0,87.35452,932.6412,10.0,Partly cloudy
2015-01-14 21:00:00+00:00,BOLU,14,5.3605003,-5.0895,0.1,8.534353,71.0,89.53954,929.7908,8.82,Snow fall: Slight
2015-01-15 21:00:00+00:00,BOLU,14,4.0605,-1.8894999,0.0,5.95906,3.0,90.7311,935.24316,7.73,Overcast
2015-01-16 21:00:00+00:00,BOLU,14,4.5605,-5.7395,0.0,8.891344,0.0,90.15417,937.46344,9.83,Clear sky
2015-01-17 21:00:00+00:00,BOLU,14,4.3605003,-5.1394997,0.0,11.119281,3.0,87.17151,937.88403,10.43,Overcast
2015-01-18 21:00:00+00:00,BOLU,14,5.2105002,-3.4394999,0.0,12.074766,3.0,84.60369,934.03973,8.18,Overcast
2015-01-19 21:00:00+00:00,BOLU,14,6.2605,-2.4394999,0.0,10.00256,3.0,85.52484,932.5379,9.63,Overcast
2015-01-20 21:00:00+00:00,BOLU,14,9.1105,-1.2894998,0.0,9.19939,3.0,83.73767,931.40936,9.18,Overcast
2015-01-21 21:00:00+00:00,BOLU,14,7.0605,-1.2394998,0.0,8.39657,3.0,85.75525,934.22534,10.84,Overcast
2015-01-22 21:00:00+00:00,BOLU,14,7.8605003,-2.5394998,0.0,11.91812,3.0,86.51856,930.0134,10.98,Overcast
2015-01-23 21:00:00+00:00,BOLU,14,7.0605,-1.4394999,0.90000004,12.904882,51.0,84.629974,923.56476,8.13,Drizzle: Light
2015-01-24 21:00:00+00:00,BOLU,14,7.6105003,-1.0895,0.0,10.495713,3.0,91.31022,926.6096,9.98,Overcast
2015-01-25 21:00:00+00:00,BOLU,14,8.4105,-1.5895,0.3,7.5942082,51.0,90.07435,930.1021,10.62,Drizzle: Light
2015-01-26 21:00:00+00:00,BOLU,14,7.3605003,-0.78949976,0.3,9.19939,51.0,90.065544,927.9472,10.26,Drizzle: Light
2015-01-27 21:00:00+00:00,BOLU,14,6.4105,0.5105002,5.5,10.00256,73.0,90.900475,921.63477,8.65,Snow fall: Moderate
2015-01-28 21:00:00+00:00,BOLU,14,6.0105,-0.18949986,0.5,13.004921,71.0,89.18207,923.6946,9.17,Snow fall: Slight
2015-01-29 21:00:00+00:00,BOLU,14,8.460501,-1.2394998,0.0,19.770523,3.0,81.067085,920.1743,11.28,Overcast
2015-01-30 21:00:00+00:00,BOLU,14,9.1105,4.5605,0.2,27.333935,71.0,77.55964,917.5765,6.0,Snow fall: Slight
2015-01-31 21:00:00+00:00,BOLU,14,12.160501,7.2105002,0.2,33.202072,51.0,71.66927,916.74243,11.13,Drizzle: Light
2015-02-01 21:00:00+00:00,BOLU,14,10.8105,3.6105,13.4,23.313995,73.0,78.44985,917.98114,8.51,Snow fall: Moderate
2015-02-02 21:00:00+00:00,BOLU,14,7.1605,1.9605001,8.1,14.707222,73.0,94.04721,920.9866,10.65,Snow fall: Moderate
2015-02-03 21:00:00+00:00,BOLU,14,6.2605,-3.6394997,0.0,10.931203,3.0,85.92218,929.6512,12.24,Overcast
2015-02-04 21:00:00+00:00,BOLU,14,9.7605,-1.8395,0.0,10.948973,2.0,80.50386,930.63873,12.07,Partly cloudy
2015-02-05 21:00:00+00:00,BOLU,14,11.3105,-1.5895,0.0,11.435313,1.0,78.55012,925.4644,12.55,Mainly clear
2015-02-06 21:00:00+00:00,BOLU,14,8.8105,0.7605002,6.3000007,17.208603,73.0,83.59641,925.84393,10.39,Snow fall: Moderate
2015-02-07 21:00:00+00:00,BOLU,14,5.9605002,-0.6394999,2.7,10.1887,73.0,84.62188,920.9983,8.95,Snow fall: Moderate
2015-02-08 21:00:00+00:00,BOLU,14,2.4105,-2.2395,8.800002,8.557102,73.0,92.30552,918.0765,6.54,Snow fall: Moderate
2015-02-09 21:00:00+00:00,BOLU,14,-1.7394998,-3.0394998,18.400002,16.516901,75.0,91.803925,917.2134,3.26,Snow fall: Heavy
2015-02-10 21:00:00+00:00,BOLU,14,-2.0394998,-3.7395,15.099998,15.876775,73.0,93.26141,921.70856,5.55,Snow fall: Moderate
2015-02-11 21:00:00+00:00,BOLU,14,1.3105001,-5.4895,1.5000001,6.151683,71.0,92.82798,929.821,8.34,Snow fall: Slight
2015-02-12 21:00:00+00:00,BOLU,14,2.7105002,-3.0394998,0.70000005,8.64,71.0,92.54113,932.4576,10.07,Snow fall: Slight
2015-02-13 21:00:00+00:00,BOLU,14,4.2105002,-4.4395,0.90000004,6.519877,71.0,92.40891,931.14966,9.22,Snow fall: Slight
2015-02-14 21:00:00+00:00,BOLU,14,6.3605003,-3.9394999,2.9,5.771239,73.0,89.95712,929.7901,11.02,Snow fall: Moderate
2015-02-15 21:00:00+00:00,BOLU,14,3.4605002,-0.83949995,8.900002,9.360001,73.0,97.18601,931.4602,6.8,Snow fall: Moderate
2015-02-16 21:00:00+00:00,BOLU,14,-1.2394998,-8.089499,7.0999994,12.015589,73.0,88.66265,935.2976,12.64,Snow fall: Moderate
2015-02-17 21:00:00+00:00,BOLU,14,-4.6895,-8.589499,2.7000003,10.239453,73.0,85.04172,935.0975,13.89,Snow fall: Moderate
2015-02-18 21:00:00+00:00,BOLU,14,-2.9895,-7.2395,12.5,15.856356,73.0,91.03793,931.4199,8.82,Snow fall: Moderate
2015-02-19 21:00:00+00:00,BOLU,14,-0.93949986,-8.9895,5.5,10.086427,73.0,92.42344,930.5271,8.23,Snow fall: Moderate
2015-02-20 21:00:00+00:00,BOLU,14,3.1605,-12.4395,0.0,10.30883,3.0,74.59767,931.0368,16.62,Overcast
2015-02-21 21:00:00+00:00,BOLU,14,4.9605002,-10.2895,0.0,11.91812,3.0,78.96003,930.0049,16.2,Overcast
2015-02-22 21:00:00+00:00,BOLU,14,5.9105,-3.9394999,2.1999998,10.948973,71.0,82.760826,929.154,8.02,Snow fall: Slight
2015-02-23 21:00:00+00:00,BOLU,14,7.1605,3.0105002,4.3000007,10.966713,73.0,91.88879,924.1546,10.81,Snow fall: Moderate
2015-02-24 21:00:00+00:00,BOLU,14,8.7605,1.8605001,1.6000001,11.885453,51.0,90.382416,924.6411,10.86,Drizzle: Light
2015-02-25 21:00:00+00:00,BOLU,14,11.2105,0.1105001,0.6,13.5515,51.0,86.452515,932.7639,13.24,Drizzle: Light
2015-02-26 21:00:00+00:00,BOLU,14,12.3105,1.3105001,0.0,10.829959,3.0,76.83462,927.8144,12.9,Overcast
2015-02-27 21:00:00+00:00,BOLU,14,8.5105,4.2605,6.5999994,9.028754,61.0,91.31986,924.5379,12.77,Rain: Slight
2015-02-28 21:00:00+00:00,BOLU,14,7.4105,3.7105002,0.0,7.10031,3.0,93.082245,930.0381,9.7,Overcast
2015-03-01 21:00:00+00:00,BOLU,14,8.4105,3.0105002,0.4,6.696387,51.0,86.54014,929.81274,15.15,Drizzle: Light
2015-03-02 21:00:00+00:00,BOLU,14,8.3105,0.5105002,5.9,11.043261,73.0,89.18162,928.52954,11.39,Snow fall: Moderate
2015-03-03 21:00:00+00:00,BOLU,14,3.6105,-0.1394999,5.2999997,14.039999,71.0,92.130005,936.9544,12.59,Snow fall: Slight
2015-03-04 21:00:00+00:00,BOLU,14,7.6605,-2.3894997,0.0,12.074766,3.0,63.413727,935.8619,17.84,Overcast
2015-03-05 21:00:00+00:00,BOLU,14,12.4605,0.66050017,0.3,10.948973,51.0,70.1065,932.72363,13.73,Drizzle: Light
2015-03-06 21:00:00+00:00,BOLU,14,15.7105,1.0605001,0.0,6.9527545,3.0,76.74626,932.6699,17.05,Overcast
2015-03-07 21:00:00+00:00,BOLU,14,15.9605,4.7105002,0.0,6.9247384,3.0,79.75149,934.4553,15.08,Overcast
2015-03-08 21:00:00+00:00,BOLU,14,18.0105,4.5105,0.0,6.28713,3.0,72.19004,934.53436,16.23,Overcast
2015-03-09 21:00:00+00:00,BOLU,14,16.3605,5.4105,0.0,5.904439,3.0,72.9361,934.07,15.9,Overcast
2015-03-10 21:00:00+00:00,BOLU,14,9.3105,4.9605002,2.3999999,6.1305785,53.0,97.601906,930.608,8.67,Drizzle: Moderate
2015-03-11 21:00:00+00:00,BOLU,14,5.7605,2.7605002,2.1000001,8.427383,71.0,95.36337,925.4804,6.68,Snow fall: Slight
2015-03-12 21:00:00+00:00,BOLU,14,7.6605,-0.08949995,3.9,6.792466,71.0,95.30793,928.22394,11.49,Snow fall: Slight
2015-03-13 21:00:00+00:00,BOLU,14,12.660501,-0.83949995,0.8000001,18.161278,53.0,83.16996,928.7083,13.09,Drizzle: Moderate
2015-03-14 21:00:00+00:00,BOLU,14,8.9105,2.9105,5.9,8.435069,71.0,96.84729,935.1319,7.71,Snow fall: Slight
2015-03-15 21:00:00+00:00,BOLU,14,5.3605003,1.7605002,6.1999984,9.504272,71.0,90.53595,940.7767,9.92,Snow fall: Slight
2015-03-16 21:00:00+00:00,BOLU,14,5.7105002,-0.93949986,1.9000001,14.20062,71.0,81.89404,938.9134,16.62,Snow fall: Slight
2015-03-17 21:00:00+00:00,BOLU,14,5.9105,-3.2395,0.0,8.587338,71.0,71.94738,935.6994,16.05,Snow fall: Slight
2015-03-18 21:00:00+00:00,BOLU,14,2.8605,-1.4394999,1.7000002,9.826088,73.0,84.89974,932.5153,10.79,Snow fall: Moderate
2015-03-19 21:00:00+00:00,BOLU,14,3.9605002,-1.6894999,0.4,8.707237,71.0,86.24786,928.8377,10.65,Snow fall: Slight
2015-03-20 21:00:00+00:00,BOLU,14,3.6605,-1.2394998,7.9,14.241629,73.0,87.94715,927.8842,11.8,Snow fall: Moderate
2015-03-21 21:00:00+00:00,BOLU,14,7.6605,-0.08949995,1.2,8.404285,73.0,82.863686,932.57715,18.46,Snow fall: Moderate
2015-03-22 21:00:00+00:00,BOLU,14,12.160501,1.7605002,2.3,8.913181,71.0,76.584755,931.0507,11.83,Snow fall: Slight
2015-03-23 21:00:00+00:00,BOLU,14,8.960501,1.2105001,0.0,9.83268,71.0,83.23658,934.394,13.81,Snow fall: Slight
2015-03-24 21:00:00+00:00,BOLU,14,13.910501,-1.3894999,0.0,10.464798,3.0,66.82746,933.4851,21.83,Overcast
2015-03-25 21:00:00+00:00,BOLU,14,17.4105,0.66050017,0.0,9.826088,3.0,66.35673,932.3994,19.41,Overcast
2015-03-26 21:00:00+00:00,BOLU,14,17.710499,5.3605003,4.8,18.0,53.0,79.916725,925.9834,15.39,Drizzle: Moderate
2015-03-27 21:00:00+00:00,BOLU,14,12.910501,6.4605002,14.700001,16.327497,61.0,91.569496,920.72217,7.13,Rain: Slight
2015-03-28 21:00:00+00:00,BOLU,14,14.8605,4.4605002,6.7,6.9527545,61.0,88.27814,922.1943,14.21,Rain: Slight
2015-03-29 21:00:00+00:00,BOLU,14,13.0105,5.8605003,5.8,8.534353,61.0,93.12765,923.6538,13.86,Rain: Slight
2015-03-30 21:00:00+00:00,BOLU,14,12.910501,2.8105001,7.2999997,9.021574,61.0,89.74058,923.3428,13.54,Rain: Slight
2015-03-31 21:00:00+00:00,BOLU,14,16.310501,2.8605,0.0,12.245293,3.0,78.00032,923.3094,19.2,Overcast
2015-04-01 21:00:00+00:00,BOLU,14,7.3105,1.1105001,12.799998,13.896187,73.0,92.47231,925.3548,10.31,Snow fall: Moderate
2015-04-02 21:00:00+00:00,BOLU,14,10.910501,-2.6394997,0.8,12.096214,73.0,72.12708,925.68243,21.76,Snow fall: Moderate
2015-04-03 21:00:00+00:00,BOLU,14,6.2605,-1.5895,3.1,13.009903,73.0,71.6448,928.66266,19.22,Snow fall: Moderate
2015-04-04 21:00:00+00:00,BOLU,14,11.1105,-0.3894999,0.0,7.928178,3.0,65.544044,928.6345,15.65,Overcast
2015-04-05 21:00:00+00:00,BOLU,14,17.9105,0.1105001,4.1,20.721119,55.0,71.442,925.6158,22.26,Drizzle: Dense
2015-04-06 21:00:00+00:00,BOLU,14,10.3105,3.0105002,10.099998,14.081478,71.0,94.34667,923.24365,10.61,Snow fall: Slight
2015-04-07 21:00:00+00:00,BOLU,14,7.3105,0.81050014,4.1,9.028754,73.0,84.05956,928.3023,16.87,Snow fall: Moderate
2015-04-08 21:00:00+00:00,BOLU,14,1.8605001,-0.83949995,25.599997,12.6462,75.0,93.285286,923.00946,9.67,Snow fall: Heavy
2015-04-09 21:00:00+00:00,BOLU,14,3.1105,-2.9895,3.0,18.416384,73.0,86.37515,933.4585,23.39,Snow fall: Moderate
2015-04-10 21:00:00+00:00,BOLU,14,6.2105002,-6.7895,0.4,15.042659,71.0,80.01941,935.00165,23.14,Snow fall: Slight
2015-04-11 21:00:00+00:00,BOLU,14,8.5105,0.3605001,0.0,13.039754,0.0,73.81107,935.06635,24.78,Clear sky
2015-04-12 21:00:00+00:00,BOLU,14,12.1105,2.6105,0.2,12.245293,51.0,68.29043,935.7798,24.23,Drizzle: Light
2015-04-13 21:00:00+00:00,BOLU,14,15.7605,6.5105,0.70000005,12.475961,51.0,66.31378,933.70337,22.52,Drizzle: Light
2015-04-14 21:00:00+00:00,BOLU,14,12.6105,5.1105003,0.6,9.693296,51.0,80.98599,934.4541,18.54,Drizzle: Light
2015-04-15 21:00:00+00:00,BOLU,14,17.1605,1.9105002,0.0,6.1305785,3.0,70.34814,934.87384,24.71,Overcast
2015-04-16 21:00:00+00:00,BOLU,14,20.6105,5.2605,0.0,8.089993,3.0,66.91767,933.40643,24.51,Overcast
2015-04-17 21:00:00+00:00,BOLU,14,20.710499,6.1605,1.0,16.343367,53.0,70.86836,929.084,23.58,Drizzle: Moderate
2015-04-18 21:00:00+00:00,BOLU,14,15.7105,3.8605,2.4,14.154915,51.0,80.21874,928.4073,16.52,Drizzle: Light
2015-04-19 21:00:00+00:00,BOLU,14,11.1105,1.9605001,0.0,11.113451,3.0,78.419846,927.5274,22.44,Overcast
2015-04-20 21:00:00+00:00,BOLU,14,8.1105,0.9605001,7.5999994,12.7279215,73.0,88.860756,926.43243,13.18,Snow fall: Moderate
2015-04-21 21:00:00+00:00,BOLU,14,7.0105,-1.1894999,4.6,12.074766,73.0,82.24229,929.3208,18.45,Snow fall: Moderate
2015-04-22 21:00:00+00:00,BOLU,14,4.9605002,-0.3894999,6.3,13.708391,73.0,85.82917,933.4428,20.39,Snow fall: Moderate
2015-04-23 21:00:00+00:00,BOLU,14,13.4605,-1.7394998,0.0,6.9247384,2.0,65.53712,934.8084,26.8,Partly cloudy
2015-04-24 21:00:00+00:00,BOLU,14,17.960499,0.3605001,0.0,8.825508,3.0,62.00844,933.5324,23.9,Overcast
2015-04-25 21:00:00+00:00,BOLU,14,15.7605,6.3605003,5.5000005,6.162207,61.0,80.66304,931.5273,18.72,Rain: Slight
2015-04-26 21:00:00+00:00,BOLU,14,18.1605,3.0605001,0.0,8.404285,3.0,75.29965,930.68036,24.65,Overcast
2015-04-27 21:00:00+00:00,BOLU,14,23.1105,4.9105,0.1,12.261158,51.0,66.851494,928.2944,24.31,Drizzle: Light
2015-04-28 21:00:00+00:00,BOLU,14,20.1605,10.5105,1.5000001,9.3876505,53.0,70.57676,926.54144,22.55,Drizzle: Moderate
2015-04-29 21:00:00+00:00,BOLU,14,15.0605,9.2605,5.2000003,9.511088,55.0,89.863,931.0821,17.76,Drizzle: Dense
2015-04-30 21:00:00+00:00,BOLU,14,16.8605,7.0605,2.3000002,8.287822,55.0,88.995186,929.4997,17.78,Drizzle: Dense
2015-05-01 21:00:00+00:00,BOLU,14,20.210499,6.7605,0.0,6.28713,3.0,75.83095,929.23773,23.62,Overcast
2015-05-02 21:00:00+00:00,BOLU,14,14.160501,9.5105,8.900001,10.239453,61.0,93.36374,928.17804,11.01,Rain: Slight
2015-05-03 21:00:00+00:00,BOLU,14,15.9605,8.0605,0.0,9.9571085,3.0,80.77737,932.1684,23.93,Overcast
2015-05-04 21:00:00+00:00,BOLU,14,20.3605,5.2605,0.0,10.1376915,3.0,75.20785,931.7874,25.32,Overcast
2015-05-05 21:00:00+00:00,BOLU,14,20.210499,10.3105,0.0,10.594036,3.0,78.14062,931.0568,26.03,Overcast
2015-05-06 21:00:00+00:00,BOLU,14,22.3605,8.960501,0.0,8.217153,3.0,73.94788,929.57184,25.74,Overcast
2015-05-07 21:00:00+00:00,BOLU,14,15.7605,9.9105,10.8,9.387651,61.0,95.977394,929.40546,7.05,Rain: Slight
2015-05-08 21:00:00+00:00,BOLU,14,16.960499,6.6105003,0.0,13.849476,3.0,81.60233,929.82465,26.88,Overcast
2015-05-09 21:00:00+00:00,BOLU,14,15.8605,5.2605,0.0,14.113653,3.0,77.196465,929.26935,27.29,Overcast
2015-05-10 21:00:00+00:00,BOLU,14,17.3605,5.4605002,0.3,13.276144,51.0,78.905266,930.0407,25.07,Drizzle: Light
2015-05-11 21:00:00+00:00,BOLU,14,16.8605,7.6605,0.0,15.5843,3.0,80.7741,933.028,25.92,Overcast
2015-05-12 21:00:00+00:00,BOLU,14,16.310501,5.6605,0.90000004,13.207634,51.0,77.64151,932.3091,25.31,Drizzle: Light
2015-05-13 21:00:00+00:00,BOLU,14,19.810501,5.3605003,0.0,6.489992,2.0,71.51923,929.26636,26.85,Partly cloudy
2015-05-14 21:00:00+00:00,BOLU,14,22.210499,9.5605,0.0,9.9571085,3.0,68.15818,931.37286,27.01,Overcast
2015-05-15 21:00:00+00:00,BOLU,14,25.310501,12.0105,0.7,9.255571,53.0,69.442604,936.2964,26.18,Drizzle: Moderate
2015-05-16 21:00:00+00:00,BOLU,14,25.1105,14.410501,0.0,8.714677,3.0,67.80791,935.841,27.53,Overcast
2015-05-17 21:00:00+00:00,BOLU,14,27.010502,11.1105,1.1,7.10031,55.0,72.88404,933.0817,26.76,Drizzle: Dense
2015-05-18 21:00:00+00:00,BOLU,14,28.960499,12.4605,0.2,6.489992,51.0,68.04714,929.2256,27.68,Drizzle: Light
2015-05-19 21:00:00+00:00,BOLU,14,29.4105,12.7105,0.3,8.587338,51.0,65.113716,925.98267,24.4,Drizzle: Light
2015-05-20 21:00:00+00:00,BOLU,14,21.010502,13.5605,8.6,7.289444,63.0,90.56372,928.07904,20.53,Rain: Moderate
2015-05-21 21:00:00+00:00,BOLU,14,21.060501,12.8605,0.5,10.853866,51.0,85.94558,929.8511,21.05,Drizzle: Light
2015-05-22 21:00:00+00:00,BOLU,14,25.010502,12.2105,0.3,7.5685663,51.0,77.8967,929.1516,27.18,Drizzle: Light
2015-05-23 21:00:00+00:00,BOLU,14,27.460499,12.3605,0.5,7.42159,51.0,72.144196,927.6589,26.23,Drizzle: Light
2015-05-24 21:00:00+00:00,BOLU,14,24.1105,14.3605,3.1999998,6.989936,55.0,81.84408,926.57184,21.59,Drizzle: Dense
2015-05-25 21:00:00+00:00,BOLU,14,23.260502,15.0605,0.7,7.2805495,51.0,78.1266,926.6838,25.64,Drizzle: Light
2015-05-26 21:00:00+00:00,BOLU,14,19.210499,12.6105,15.499999,6.830519,63.0,89.45556,923.19135,9.9,Rain: Moderate
2015-05-27 21:00:00+00:00,BOLU,14,16.710499,12.3605,15.9,10.446206,61.0,95.98813,923.9178,13.99,Rain: Slight
2015-05-28 21:00:00+00:00,BOLU,14,16.060501,10.410501,8.400001,10.028439,61.0,95.38098,925.7403,14.87,Rain: Slight
2015-05-29 21:00:00+00:00,BOLU,14,13.5105,9.6605,5.7000003,8.587338,53.0,92.71604,928.86957,11.98,Drizzle: Moderate
2015-05-30 21:00:00+00:00,BOLU,14,17.0105,8.960501,1.1,7.6367526,51.0,86.81045,932.56793,20.17,Drizzle: Light
2015-05-31 21:00:00+00:00,BOLU,14,19.710499,8.1105,3.3999999,7.208994,61.0,85.21749,933.7334,24.56,Rain: Slight
2015-06-01 21:00:00+00:00,BOLU,14,22.810501,10.7105,0.8,9.028754,53.0,82.181496,933.25146,25.24,Drizzle: Moderate
2015-06-02 21:00:00+00:00,BOLU,14,17.8605,14.3605,12.8,8.311245,61.0,94.99709,933.00336,10.93,Rain: Slight
2015-06-03 21:00:00+00:00,BOLU,14,19.010502,13.910501,8.299999,10.948973,61.0,92.35561,931.38434,17.71,Rain: Slight
2015-06-04 21:00:00+00:00,BOLU,14,16.0105,12.5105,29.5,6.2145634,63.0,97.90258,930.5012,6.65,Rain: Moderate
2015-06-05 21:00:00+00:00,BOLU,14,19.260502,13.0105,18.100002,9.904906,63.0,94.22872,932.48956,14.77,Rain: Moderate
2015-06-06 21:00:00+00:00,BOLU,14,20.960499,14.3105,10.2,8.217153,63.0,92.45443,935.2872,17.4,Rain: Moderate
2015-06-07 21:00:00+00:00,BOLU,14,20.060501,14.7605,6.1,5.95906,61.0,92.66055,931.7802,13.2,Rain: Slight
2015-06-08 21:00:00+00:00,BOLU,14,20.8605,14.2105,8.800001,6.28713,61.0,95.559746,929.54517,18.22,Rain: Slight
2015-06-09 21:00:00+00:00,BOLU,14,21.1605,13.6105,5.1,8.707237,63.0,89.52027,929.0096,22.31,Rain: Moderate
2015-06-10 21:00:00+00:00,BOLU,14,19.8605,13.3605,4.6000004,9.114471,55.0,91.32233,929.83905,20.91,Drizzle: Dense
2015-06-11 21:00:00+00:00,BOLU,14,20.3605,12.7105,5.0,9.0,61.0,92.4487,931.96796,17.28,Rain: Slight
2015-06-12 21:00:00+00:00,BOLU,14,22.1605,12.8105,7.4,9.531505,63.0,91.08041,933.02563,20.12,Rain: Moderate
2015-06-13 21:00:00+00:00,BOLU,14,21.460499,13.2605,1.4000001,11.212135,51.0,86.00811,931.4294,22.73,Drizzle: Light
2015-06-14 21:00:00+00:00,BOLU,14,22.760502,13.5105,0.4,8.669949,51.0,81.24398,930.30914,25.84,Drizzle: Light
2015-06-15 21:00:00+00:00,BOLU,14,25.3605,12.5605,1.5,8.714677,55.0,80.5514,928.2459,26.18,Drizzle: Dense
2015-06-16 21:00:00+00:00,BOLU,14,21.810501,15.6105,7.5000005,8.891343,61.0,93.3538,927.2767,20.73,Rain: Slight
2015-06-17 21:00:00+00:00,BOLU,14,23.6105,13.3605,3.3000002,5.2416787,55.0,85.16828,924.4441,24.99,Drizzle: Dense
2015-06-18 21:00:00+00:00,BOLU,14,21.4105,14.2105,8.299999,7.928177,63.0,92.77976,923.0086,17.05,Rain: Moderate
2015-06-19 21:00:00+00:00,BOLU,14,19.1105,14.0605,11.7,7.42159,61.0,95.45746,926.5396,17.06,Rain: Slight
2015-06-20 21:00:00+00:00,BOLU,14,22.6105,10.7605,0.3,5.95906,51.0,81.961136,927.2969,26.54,Drizzle: Light
2015-06-21 21:00:00+00:00,BOLU,14,21.460499,15.3605,1.9000001,10.105681,51.0,86.85743,929.95844,21.64,Drizzle: Light
2015-06-22 21:00:00+00:00,BOLU,14,20.310501,14.3105,28.799997,9.983106,63.0,93.92391,929.435,17.35,Rain: Moderate
2015-06-23 21:00:00+00:00,BOLU,14,20.1105,14.2605,11.3,8.209263,61.0,93.79214,930.6705,20.06,Rain: Slight
2015-06-24 21:00:00+00:00,BOLU,14,20.510502,12.0605,0.6,10.028439,51.0,83.915276,929.99347,25.94,Drizzle: Light
2015-06-25 21:00:00+00:00,BOLU,14,19.6605,13.8605,5.0,7.928177,61.0,90.39286,928.0291,17.25,Rain: Slight
2015-06-26 21:00:00+00:00,BOLU,14,21.010502,12.2105,6.7999997,9.114471,63.0,89.47834,925.6252,20.67,Rain: Moderate
2015-06-27 21:00:00+00:00,BOLU,14,16.9105,14.0605,22.700003,8.707238,63.0,93.19135,926.658,12.19,Rain: Moderate
2015-06-28 21:00:00+00:00,BOLU,14,20.810501,11.2605,0.3,10.239453,51.0,79.508125,931.0782,26.1,Drizzle: Light
2015-06-29 21:00:00+00:00,BOLU,14,20.510502,11.3605,0.2,7.24486,51.0,82.0769,932.747,24.53,Drizzle: Light
2015-06-30 21:00:00+00:00,BOLU,14,22.4105,11.8105,0.4,7.9526596,51.0,83.92852,935.135,24.65,Drizzle: Light
2015-07-01 21:00:00+00:00,BOLU,14,20.760502,13.8105,2.2,9.255571,53.0,91.302124,934.78143,20.76,Drizzle: Moderate
2015-07-02 21:00:00+00:00,BOLU,14,19.710499,11.7605,1.7000002,10.137692,51.0,87.70541,935.76434,22.04,Drizzle: Light
2015-07-03 21:00:00+00:00,BOLU,14,21.060501,12.660501,5.7999997,7.8954163,61.0,90.25808,934.95514,19.81,Rain: Slight
2015-07-04 21:00:00+00:00,BOLU,14,21.760502,14.8605,1.4000001,7.968939,51.0,89.4021,933.597,18.59,Drizzle: Light
2015-07-05 21:00:00+00:00,BOLU,14,21.4105,15.5105,0.6,9.565437,51.0,90.34253,933.299,22.54,Drizzle: Light
2015-07-06 21:00:00+00:00,BOLU,14,23.010502,14.0105,0.0,12.661564,3.0,82.530556,933.0572,26.14,Overcast
2015-07-07 21:00:00+00:00,BOLU,14,26.6105,13.5605,0.0,10.661107,2.0,78.347435,930.5086,28.69,Partly cloudy
2015-07-08 21:00:00+00:00,BOLU,14,28.260502,15.0105,0.2,7.491114,51.0,79.28747,927.71576,26.55,Drizzle: Light
2015-07-09 21:00:00+00:00,BOLU,14,26.260502,17.1105,0.6,9.585739,51.0,83.12827,930.26447,25.42,Drizzle: Light
2015-07-10 21:00:00+00:00,BOLU,14,22.4105,16.8605,2.5000002,9.983106,51.0,91.59664,931.4761,18.16,Drizzle: Light
2015-07-11 21:00:00+00:00,BOLU,14,21.8605,14.2605,1.2,12.287555,51.0,84.12817,930.92804,24.06,Drizzle: Light
2015-07-12 21:00:00+00:00,BOLU,14,22.6105,11.0605,0.0,10.239453,2.0,78.23302,931.1699,28.34,Partly cloudy
2015-07-13 21:00:00+00:00,BOLU,14,24.8605,11.6105,0.0,11.183201,3.0,80.8319,930.05396,28.24,Overcast
2015-07-14 21:00:00+00:00,BOLU,14,22.1605,13.8105,0.3,11.183201,51.0,83.68902,932.8247,22.84,Drizzle: Light
2015-07-15 21:00:00+00:00,BOLU,14,23.060501,13.3105,0.0,15.463244,3.0,80.96953,934.68384,28.4,Overcast
2015-07-16 21:00:00+00:00,BOLU,14,22.4105,11.0105,0.0,14.118243,1.0,77.635254,935.2381,28.27,Mainly clear
2015-07-17 21:00:00+00:00,BOLU,14,24.1605,12.0605,0.0,13.138765,2.0,77.72795,933.7178,28.8,Partly cloudy
2015-07-18 21:00:00+00:00,BOLU,14,25.9105,13.7105,0.0,12.224107,0.0,68.457214,932.8025,29.22,Clear sky
2015-07-19 21:00:00+00:00,BOLU,14,27.210499,12.8105,0.0,9.826088,3.0,78.91748,928.80707,28.21,Overcast
2015-07-20 21:00:00+00:00,BOLU,14,25.9105,14.9605,0.0,11.525623,3.0,75.52121,930.0223,28.59,Overcast
2015-07-21 21:00:00+00:00,BOLU,14,25.960499,13.660501,0.0,13.797913,2.0,76.57191,932.5849,27.64,Partly cloudy
2015-07-22 21:00:00+00:00,BOLU,14,29.4105,14.4605,0.0,8.287822,3.0,77.84885,930.2309,27.59,Overcast
2015-07-23 21:00:00+00:00,BOLU,14,31.060501,16.1605,0.0,8.905908,3.0,77.63669,928.41846,25.81,Overcast
2015-07-24 21:00:00+00:00,BOLU,14,27.6105,18.810501,0.0,9.360001,3.0,78.697914,928.15533,23.67,Overcast
2015-07-25 21:00:00+00:00,BOLU,14,28.560501,17.310501,0.0,9.693296,2.0,70.8316,927.7937,27.57,Partly cloudy
2015-07-26 21:00:00+00:00,BOLU,14,28.210499,18.1105,0.0,10.661107,1.0,62.58821,927.1279,27.6,Mainly clear
2015-07-27 21:00:00+00:00,BOLU,14,30.210499,16.960499,0.0,11.966953,0.0,66.75626,927.4038,27.75,Clear sky
2015-07-28 21:00:00+00:00,BOLU,14,32.0605,18.0105,0.0,11.928989,2.0,62.99632,928.8313,26.96,Partly cloudy
2015-07-29 21:00:00+00:00,BOLU,14,32.6105,18.310501,0.0,9.255571,1.0,62.241074,928.16113,27.11,Mainly clear
2015-07-30 21:00:00+00:00,BOLU,14,29.210499,20.060501,0.0,12.0694,3.0,66.103065,927.27374,26.02,Overcast
2015-07-31 21:00:00+00:00,BOLU,14,25.9105,18.4105,0.0,13.910169,3.0,81.02262,931.5264,23.06,Overcast
2015-08-01 21:00:00+00:00,BOLU,14,27.310501,17.960499,1.1,10.823973,51.0,80.52989,935.3582,22.75,Drizzle: Light
2015-08-02 21:00:00+00:00,BOLU,14,27.560501,18.260502,0.9,11.252519,53.0,81.29185,933.7448,23.09,Drizzle: Moderate
2015-08-03 21:00:00+00:00,BOLU,14,28.260502,17.6105,1.0,8.39657,55.0,79.8806,931.09247,24.48,Drizzle: Dense
2015-08-04 21:00:00+00:00,BOLU,14,28.010502,18.460499,2.6000001,8.373386,61.0,85.460884,929.6319,20.93,Rain: Slight
2015-08-05 21:00:00+00:00,BOLU,14,28.260502,18.510502,2.1,9.255571,61.0,83.41107,929.56665,22.94,Rain: Slight
2015-08-06 21:00:00+00:00,BOLU,14,27.210499,20.510502,13.000001,8.905908,63.0,89.10602,930.6924,15.89,Rain: Moderate
2015-08-07 21:00:00+00:00,BOLU,14,26.810501,17.060501,1.2,9.028754,53.0,83.55554,932.77167,22.32,Drizzle: Moderate
2015-08-08 21:00:00+00:00,BOLU,14,28.010502,17.460499,4.6,7.9932976,63.0,83.84603,932.40015,21.85,Rain: Moderate
2015-08-09 21:00:00+00:00,BOLU,14,26.710499,18.560501,0.0,7.729527,3.0,82.717064,930.33154,20.21,Overcast
2015-08-10 21:00:00+00:00,BOLU,14,26.210499,18.760502,14.7,6.439876,63.0,89.81507,929.5506,19.74,Rain: Moderate
2015-08-11 21:00:00+00:00,BOLU,14,26.760502,18.310501,0.0,7.289444,3.0,81.45825,931.33374,24.08,Overcast
2015-08-12 21:00:00+00:00,BOLU,14,28.010502,17.1105,0.0,8.39657,2.0,78.658005,930.33124,25.07,Partly cloudy
2015-08-13 21:00:00+00:00,BOLU,14,28.560501,17.560501,0.0,7.6367526,2.0,77.900185,930.0906,25.1,Partly cloudy
2015-08-14 21:00:00+00:00,BOLU,14,28.460499,17.560501,1.6,7.42159,55.0,80.83062,929.0759,23.66,Drizzle: Dense
2015-08-15 21:00:00+00:00,BOLU,14,26.260502,18.0105,3.4999998,5.8603754,61.0,84.249084,928.87506,20.92,Rain: Slight
2015-08-16 21:00:00+00:00,BOLU,14,28.4105,16.810501,0.2,5.937272,51.0,78.10402,928.64484,23.55,Drizzle: Light
2015-08-17 21:00:00+00:00,BOLU,14,28.1605,17.960499,0.5,8.473393,51.0,78.0416,928.8576,22.55,Drizzle: Light
2015-08-18 21:00:00+00:00,BOLU,14,26.8605,18.310501,0.3,11.165805,51.0,81.96347,931.13007,22.81,Drizzle: Light
2015-08-19 21:00:00+00:00,BOLU,14,28.510502,16.8605,0.0,10.538843,2.0,80.11184,932.10736,24.1,Partly cloudy
2015-08-20 21:00:00+00:00,BOLU,14,26.510502,18.6105,3.8000004,7.0911775,61.0,88.79761,931.39557,18.37,Rain: Slight
2015-08-21 21:00:00+00:00,BOLU,14,24.4105,19.560501,5.9999995,7.9932976,55.0,92.4627,929.687,14.98,Drizzle: Dense
2015-08-22 21:00:00+00:00,BOLU,14,21.260502,17.0105,9.300001,8.049845,55.0,94.45437,929.11743,14.52,Drizzle: Dense
2015-08-23 21:00:00+00:00,BOLU,14,21.4105,15.410501,0.4,11.183201,51.0,83.79193,931.5501,19.32,Drizzle: Light
2015-08-24 21:00:00+00:00,BOLU,14,22.3605,13.7105,0.0,14.241629,3.0,78.92944,933.1158,20.55,Overcast
2015-08-25 21:00:00+00:00,BOLU,14,22.8605,12.8605,0.0,14.494192,2.0,74.04194,933.42035,22.82,Partly cloudy
2015-08-26 21:00:00+00:00,BOLU,14,23.9105,12.3605,0.0,13.661038,2.0,76.65074,934.6958,23.98,Partly cloudy
2015-08-27 21:00:00+00:00,BOLU,14,25.1605,12.5105,0.0,13.849476,2.0,67.712746,936.2102,24.68,Partly cloudy
2015-08-28 21:00:00+00:00,BOLU,14,25.060501,12.910501,0.0,14.512064,0.0,67.63282,936.9868,23.8,Clear sky
2015-08-29 21:00:00+00:00,BOLU,14,24.560501,13.3105,0.0,14.587776,2.0,74.5652,937.28955,23.75,Partly cloudy
2015-08-30 21:00:00+00:00,BOLU,14,25.760502,13.5605,0.0,12.074766,1.0,73.53128,936.4377,23.03,Mainly clear
2015-08-31 21:00:00+00:00,BOLU,14,30.760502,12.8605,0.0,7.2,0.0,61.71253,933.49603,23.7,Clear sky
2015-09-01 21:00:00+00:00,BOLU,14,31.3605,13.7605,0.0,7.7043357,0.0,53.274525,930.7564,23.79,Clear sky
2015-09-02 21:00:00+00:00,BOLU,14,31.060501,18.0105,0.0,9.346143,1.0,56.50446,929.92017,23.0,Mainly clear
2015-09-03 21:00:00+00:00,BOLU,14,29.060501,18.560501,0.0,10.041354,0.0,55.229813,930.93506,21.22,Clear sky
2015-09-04 21:00:00+00:00,BOLU,14,29.4105,15.8105,0.0,8.534353,2.0,65.731445,932.7463,22.63,Partly cloudy
2015-09-05 21:00:00+00:00,BOLU,14,31.460499,14.660501,0.0,7.928177,0.0,54.73857,931.6866,22.85,Clear sky
2015-09-06 21:00:00+00:00,BOLU,14,28.710499,20.1605,0.3,9.0,51.0,60.37531,933.03906,19.63,Drizzle: Light
2015-09-07 21:00:00+00:00,BOLU,14,21.6605,16.460499,8.0,10.028439,61.0,94.57885,932.4622,11.21,Rain: Slight
2015-09-08 21:00:00+00:00,BOLU,14,22.210499,15.0105,0.0,9.007196,3.0,86.67667,933.7915,13.36,Overcast
2015-09-09 21:00:00+00:00,BOLU,14,28.9105,14.410501,0.1,7.5170207,51.0,80.92144,933.8433,20.3,Drizzle: Light
2015-09-10 21:00:00+00:00,BOLU,14,31.810501,15.9605,0.4,6.9153743,51.0,78.00943,934.5637,19.51,Drizzle: Light
2015-09-11 21:00:00+00:00,BOLU,14,25.560501,17.1605,13.999998,9.360001,63.0,89.37975,931.6436,13.83,Rain: Moderate
2015-09-12 21:00:00+00:00,BOLU,14,21.710499,16.960499,4.2000003,8.089993,53.0,92.85494,933.69775,12.76,Drizzle: Moderate
2015-09-13 21:00:00+00:00,BOLU,14,24.8605,15.4605,0.1,8.557102,51.0,85.16425,935.0801,16.16,Drizzle: Light
2015-09-14 21:00:00+00:00,BOLU,14,24.3605,16.560501,0.6,9.0645685,51.0,86.121025,934.88965,14.8,Drizzle: Light
2015-09-15 21:00:00+00:00,BOLU,14,25.560501,16.0105,0.0,8.891344,3.0,84.2892,933.9528,16.6,Overcast
2015-09-16 21:00:00+00:00,BOLU,14,26.060501,15.410501,0.0,9.47012,3.0,79.095436,933.0019,18.63,Overcast
2015-09-17 21:00:00+00:00,BOLU,14,25.810501,14.660501,0.0,9.36,3.0,76.10714,933.0185,17.67,Overcast
2015-09-18 21:00:00+00:00,BOLU,14,27.1605,16.310501,0.0,7.5170207,3.0,78.91891,932.44354,16.92,Overcast
2015-09-19 21:00:00+00:00,BOLU,14,28.4105,15.2605,0.3,8.089993,51.0,78.44984,928.80084,16.67,Drizzle: Light
2015-09-20 21:00:00+00:00,BOLU,14,24.210499,17.460499,3.1,5.0528407,61.0,87.77389,927.2508,14.58,Rain: Slight
2015-09-21 21:00:00+00:00,BOLU,14,25.9105,16.6605,0.2,5.8048253,51.0,78.15371,927.8265,15.31,Drizzle: Light
2015-09-22 21:00:00+00:00,BOLU,14,26.6105,15.8105,0.8,12.682018,53.0,66.26868,927.82135,13.71,Drizzle: Moderate
2015-09-23 21:00:00+00:00,BOLU,14,25.1605,15.1105,0.0,6.9153743,2.0,73.25416,931.9707,15.59,Partly cloudy
2015-09-24 21:00:00+00:00,BOLU,14,24.9105,15.410501,0.2,6.489992,51.0,81.65301,932.9295,16.74,Drizzle: Light
2015-09-25 21:00:00+00:00,BOLU,14,27.310501,14.1105,0.0,6.1094027,2.0,78.17631,931.3328,16.94,Partly cloudy
2015-09-26 21:00:00+00:00,BOLU,14,27.1105,15.910501,2.0,6.439876,55.0,80.84315,931.40717,14.72,Drizzle: Dense
2015-09-27 21:00:00+00:00,BOLU,14,27.260502,15.910501,0.90000004,5.692099,51.0,79.95985,931.44403,11.4,Drizzle: Light
2015-09-28 21:00:00+00:00,BOLU,14,21.460499,16.310501,10.1,6.9247384,61.0,92.9154,931.0053,9.67,Rain: Slight
2015-09-29 21:00:00+00:00,BOLU,14,16.960499,13.6105,34.5,13.53236,63.0,97.78225,932.8449,7.79,Rain: Moderate
2015-09-30 21:00:00+00:00,BOLU,14,16.6605,13.2605,11.8,8.049845,61.0,95.98112,937.7988,8.79,Rain: Slight
2015-10-01 21:00:00+00:00,BOLU,14,18.060501,12.8105,3.1000001,8.557102,53.0,94.52527,939.77313,11.86,Drizzle: Moderate
2015-10-02 21:00:00+00:00,BOLU,14,20.6105,10.0605,0.2,7.145796,51.0,87.07111,939.8448,14.37,Drizzle: Light
2015-10-03 21:00:00+00:00,BOLU,14,22.3605,12.160501,0.0,7.289444,3.0,82.6764,937.8364,16.08,Overcast
2015-10-04 21:00:00+00:00,BOLU,14,23.1605,12.660501,0.0,6.638072,3.0,84.47422,932.2535,14.3,Overcast
2015-10-05 21:00:00+00:00,BOLU,14,18.760502,13.3605,38.899998,6.130579,63.0,93.67779,925.96783,6.46,Rain: Moderate
2015-10-06 21:00:00+00:00,BOLU,14,16.2605,11.8105,14.6,9.0,61.0,96.591576,925.6153,8.76,Rain: Slight
2015-10-07 21:00:00+00:00,BOLU,14,17.7605,9.2605,1.7,5.8603754,53.0,90.18707,929.8851,12.67,Drizzle: Moderate
2015-10-08 21:00:00+00:00,BOLU,14,16.710499,11.0605,0.0,9.47012,3.0,85.05374,932.36694,13.64,Overcast
2015-10-09 21:00:00+00:00,BOLU,14,19.760502,7.7605,0.0,5.315336,3.0,76.46594,933.8986,14.95,Overcast
2015-10-10 21:00:00+00:00,BOLU,14,20.8605,11.7105,6.2,11.631956,55.0,78.428856,930.2525,9.36,Drizzle: Dense
2015-10-11 21:00:00+00:00,BOLU,14,22.4105,13.9605,1.5,12.10157,53.0,84.96832,928.8034,12.23,Drizzle: Moderate
2015-10-12 21:00:00+00:00,BOLU,14,17.1605,11.8605,4.4999995,7.928177,55.0,95.7004,932.1796,6.25,Drizzle: Dense
2015-10-13 21:00:00+00:00,BOLU,14,15.3105,10.2605,1.5000001,7.5942073,51.0,91.1376,935.26227,7.59,Drizzle: Light
2015-10-14 21:00:00+00:00,BOLU,14,18.9105,9.960501,0.0,7.342588,3.0,84.70524,936.4419,12.68,Overcast
2015-10-15 21:00:00+00:00,BOLU,14,20.8605,9.3605,0.0,6.725354,3.0,84.56863,935.8393,13.82,Overcast
2015-10-16 21:00:00+00:00,BOLU,14,21.710499,10.410501,0.3,6.9247384,51.0,82.06279,934.81915,11.7,Drizzle: Light
2015-10-17 21:00:00+00:00,BOLU,14,20.6605,13.2605,0.2,6.489992,51.0,85.22419,934.9644,9.89,Drizzle: Light
2015-10-18 21:00:00+00:00,BOLU,14,20.6605,13.3105,0.0,5.6233797,3.0,87.59812,932.9284,9.83,Overcast
2015-10-19 21:00:00+00:00,BOLU,14,22.4105,10.2105,0.0,6.792466,3.0,77.4767,930.5779,14.36,Overcast
2015-10-20 21:00:00+00:00,BOLU,14,21.560501,10.5105,2.0,7.5685663,53.0,81.21417,928.5227,10.38,Drizzle: Moderate
2015-10-21 21:00:00+00:00,BOLU,14,19.3605,12.910501,4.9,8.557102,55.0,91.378204,927.00616,7.16,Drizzle: Dense
2015-10-22 21:00:00+00:00,BOLU,14,20.310501,13.3605,5.2,10.630672,55.0,92.02828,925.1109,8.17,Drizzle: Dense
2015-10-23 21:00:00+00:00,BOLU,14,15.1105,9.0605,9.900001,8.350138,55.0,97.50272,929.29877,3.38,Drizzle: Dense
2015-10-24 21:00:00+00:00,BOLU,14,12.410501,6.8605003,1.5000001,10.1376915,53.0,85.16357,934.50806,11.54,Drizzle: Moderate
2015-10-25 21:00:00+00:00,BOLU,14,14.0605,4.4605002,0.0,10.105681,3.0,84.08233,934.6224,13.03,Overcast
2015-10-26 21:00:00+00:00,BOLU,14,12.3605,6.7605,0.3,9.746631,51.0,87.53897,934.97577,10.36,Drizzle: Light
2015-10-27 21:00:00+00:00,BOLU,14,10.6105,5.3605003,0.2,10.483357,51.0,88.965614,935.18756,7.38,Drizzle: Light
2015-10-28 21:00:00+00:00,BOLU,14,14.160501,3.5105002,0.0,8.089993,2.0,82.90656,934.3387,12.91,Partly cloudy
2015-10-29 21:00:00+00:00,BOLU,14,13.4605,2.5605001,0.0,8.64,3.0,83.89269,935.7038,12.02,Overcast
2015-10-30 21:00:00+00:00,BOLU,14,12.4605,6.1605,0.0,12.7279215,3.0,85.980095,941.9554,9.4,Overcast
2015-10-31 21:00:00+00:00,BOLU,14,13.0105,1.1605002,0.0,9.007196,3.0,79.69502,944.7985,12.8,Overcast
2015-11-01 21:00:00+00:00,BOLU,14,13.7105,2.8105001,0.0,6.849467,3.0,75.54319,943.01,12.46,Overcast
2015-11-02 21:00:00+00:00,BOLU,14,15.2605,2.5105002,0.0,5.6920996,3.0,67.52441,938.8252,11.34,Overcast
2015-11-03 21:00:00+00:00,BOLU,14,17.2605,3.0605001,0.0,4.8433046,0.0,67.37844,935.08624,12.25,Clear sky
2015-11-04 21:00:00+00:00,BOLU,14,18.1105,5.0605,0.0,5.5887027,2.0,68.26129,932.59076,11.64,Partly cloudy
2015-11-05 21:00:00+00:00,BOLU,14,16.810501,5.0605,0.0,7.172949,3.0,80.174225,934.1219,10.27,Overcast
2015-11-06 21:00:00+00:00,BOLU,14,14.3605,8.0105,1.4000001,8.049845,51.0,89.91865,936.5571,8.16,Drizzle: Light
2015-11-07 21:00:00+00:00,BOLU,14,10.4605,6.4105,2.0000002,9.504272,51.0,90.05344,937.98444,6.54,Drizzle: Light
2015-11-08 21:00:00+00:00,BOLU,14,10.7105,5.7105002,7.6,17.555305,71.0,94.260704,933.7371,4.63,Snow fall: Slight
2015-11-09 21:00:00+00:00,BOLU,14,10.7105,4.6105003,1.2,10.233123,71.0,87.52537,932.0847,8.8,Snow fall: Slight
2015-11-10 21:00:00+00:00,BOLU,14,12.2105,5.4605002,0.1,9.0,51.0,91.46347,932.7031,2.44,Drizzle: Light
2015-11-11 21:00:00+00:00,BOLU,14,15.660501,7.0105,0.0,8.161764,2.0,90.57391,938.6446,7.78,Partly cloudy
2015-11-12 21:00:00+00:00,BOLU,14,15.7605,4.6605,0.0,11.808878,2.0,88.98847,940.48956,9.23,Partly cloudy
2015-11-13 21:00:00+00:00,BOLU,14,17.3605,2.5105002,0.0,9.339208,3.0,73.6262,937.18115,11.13,Overcast
2015-11-14 21:00:00+00:00,BOLU,14,12.2605,4.8105,1.1,8.669949,51.0,85.117645,932.5765,5.82,Drizzle: Light
2015-11-15 21:00:00+00:00,BOLU,14,12.8105,2.8105001,0.0,8.557102,3.0,76.825035,927.761,7.1,Overcast
2015-11-16 21:00:00+00:00,BOLU,14,9.460501,2.3105001,0.0,7.289444,3.0,80.443726,933.9312,9.59,Overcast
2015-11-17 21:00:00+00:00,BOLU,14,12.5105,1.4105002,0.0,8.225035,3.0,66.39723,932.03253,9.41,Overcast
2015-11-18 21:00:00+00:00,BOLU,14,13.3105,2.1605,0.0,12.144331,3.0,81.14735,933.4311,8.95,Overcast
2015-11-19 21:00:00+00:00,BOLU,14,14.8605,0.66050017,0.0,10.948973,1.0,80.26784,932.13275,9.99,Mainly clear
2015-11-20 21:00:00+00:00,BOLU,14,15.3605,2.1605,0.0,14.33234,3.0,66.898155,924.27167,10.04,Overcast
2015-11-21 21:00:00+00:00,BOLU,14,15.4605,4.8605003,0.0,19.734436,0.0,77.05615,926.3847,9.68,Clear sky
2015-11-22 21:00:00+00:00,BOLU,14,17.560501,5.1605,0.0,10.630672,3.0,81.47625,934.7561,8.42,Overcast
2015-11-23 21:00:00+00:00,BOLU,14,17.060501,4.4105,0.0,8.707237,3.0,76.88754,936.39404,8.74,Overcast
2015-11-24 21:00:00+00:00,BOLU,14,15.410501,5.7605,0.0,9.19939,3.0,68.53782,929.5456,6.19,Overcast
2015-11-25 21:00:00+00:00,BOLU,14,13.1105,5.0605,1.6,13.0447235,51.0,74.9169,921.35443,5.31,Drizzle: Light
2015-11-26 21:00:00+00:00,BOLU,14,15.5105,7.1605,3.6999998,9.826088,55.0,87.29754,926.13525,7.48,Drizzle: Dense
2015-11-27 21:00:00+00:00,BOLU,14,14.160501,6.9105,3.1999998,16.09969,61.0,86.49247,925.1761,4.67,Rain: Slight
2015-11-28 21:00:00+00:00,BOLU,14,10.5105,5.7605,6.9999995,8.209263,71.0,95.90693,928.98975,5.04,Snow fall: Slight
2015-11-29 21:00:00+00:00,BOLU,14,6.4105,1.4605001,5.6000004,7.10031,71.0,94.09911,932.8946,6.29,Snow fall: Slight
2015-11-30 21:00:00+00:00,BOLU,14,9.2605,-0.28949976,0.0,11.27553,3.0,84.37332,933.4756,6.54,Overcast
2015-12-01 21:00:00+00:00,BOLU,14,5.6105003,-2.3894997,15.800001,13.70839,75.0,92.12235,933.6219,4.36,Snow fall: Heavy
2015-12-02 21:00:00+00:00,BOLU,14,1.2105001,-3.9895,5.8999987,10.182337,73.0,94.43272,940.1038,7.34,Snow fall: Moderate
2015-12-03 21:00:00+00:00,BOLU,14,2.7605002,-2.4394999,2.7,9.673221,71.0,94.35623,944.7917,5.95,Snow fall: Slight
2015-12-04 21:00:00+00:00,BOLU,14,4.9105,-8.089499,0.0,10.163227,3.0,78.28827,945.618,9.13,Overcast
2015-12-05 21:00:00+00:00,BOLU,14,7.8105,-4.4895,0.0,6.792466,3.0,51.480545,944.4051,8.77,Overcast
2015-12-06 21:00:00+00:00,BOLU,14,11.8105,-1.2894998,0.0,7.5942082,1.0,52.430363,943.5142,8.73,Mainly clear
2015-12-07 21:00:00+00:00,BOLU,14,11.9605,1.6105001,0.0,6.5693827,2.0,57.976986,943.237,8.45,Partly cloudy
2015-12-08 21:00:00+00:00,BOLU,14,10.8105,0.7105001,0.0,5.634891,3.0,65.05336,940.14923,7.8,Overcast
2015-12-09 21:00:00+00:00,BOLU,14,7.8605003,0.3605001,1.1000001,7.5685663,51.0,76.85557,937.24567,6.21,Drizzle: Light
2015-12-10 21:00:00+00:00,BOLU,14,5.3105,1.3105001,0.4,4.802999,51.0,91.913704,936.8863,4.6,Drizzle: Light
2015-12-11 21:00:00+00:00,BOLU,14,4.9605002,0.8605001,0.0,5.8048253,3.0,94.989716,934.5972,5.56,Overcast
2015-12-12 21:00:00+00:00,BOLU,14,4.4605002,-0.03949976,0.3,5.815978,51.0,96.04003,935.68207,5.14,Drizzle: Light
2015-12-13 21:00:00+00:00,BOLU,14,7.8105,-0.83949995,0.0,7.628263,1.0,81.36567,935.45087,8.35,Mainly clear
2015-12-14 21:00:00+00:00,BOLU,14,8.0105,-0.28949976,0.0,4.379589,2.0,82.54784,938.1855,7.94,Partly cloudy
2015-12-15 21:00:00+00:00,BOLU,14,6.6105003,-0.4894998,0.0,7.2359104,3.0,86.42475,937.2427,6.42,Overcast
2015-12-16 21:00:00+00:00,BOLU,14,6.9605002,0.3605001,0.0,7.5942082,3.0,86.08477,938.6833,7.0,Overcast
2015-12-17 21:00:00+00:00,BOLU,14,6.5605,-1.3894999,0.0,4.8965297,2.0,82.60275,937.4228,7.32,Partly cloudy
2015-12-18 21:00:00+00:00,BOLU,14,8.5105,-2.0895,0.0,5.8048253,2.0,75.81536,937.08813,7.88,Partly cloudy
2015-12-19 21:00:00+00:00,BOLU,14,9.0105,-2.1394997,0.0,6.297428,0.0,75.171425,940.7785,8.34,Clear sky
2015-12-20 21:00:00+00:00,BOLU,14,9.0605,-1.5895,0.0,10.787993,1.0,74.38302,942.83765,8.06,Mainly clear
2015-12-21 21:00:00+00:00,BOLU,14,10.2605,-1.4894998,0.0,10.948973,0.0,76.83283,941.33954,8.4,Clear sky
2015-12-22 21:00:00+00:00,BOLU,14,10.910501,-1.4394999,0.0,5.8048253,0.0,72.495285,942.25854,8.45,Clear sky
2015-12-23 21:00:00+00:00,BOLU,14,11.2605,-1.1394999,0.0,9.511088,0.0,64.47745,942.01666,8.33,Clear sky
2015-12-24 21:00:00+00:00,BOLU,14,11.4605,-1.0895,0.0,10.630672,3.0,71.410706,940.66626,7.49,Overcast
2015-12-25 21:00:00+00:00,BOLU,14,5.6105003,1.6105001,0.3,5.1544156,51.0,95.33785,943.26215,3.2,Drizzle: Light
2015-12-26 21:00:00+00:00,BOLU,14,10.4605,-1.4394999,0.0,8.0899935,3.0,80.54012,943.17456,8.39,Overcast
2015-12-27 21:00:00+00:00,BOLU,14,13.0605,-1.0895,0.0,8.707237,0.0,75.61285,940.59894,8.49,Clear sky
2015-12-28 21:00:00+00:00,BOLU,14,10.2605,-0.78949976,2.3,8.587338,71.0,79.63466,934.4021,7.98,Snow fall: Slight
2015-12-29 21:00:00+00:00,BOLU,14,1.8605001,-7.8894997,10.599999,12.849528,73.0,92.12722,935.41486,6.3,Snow fall: Moderate
2015-12-30 21:00:00+00:00,BOLU,14,-4.2395,-8.7895,0.4,10.883676,71.0,80.34484,933.6164,7.09,Snow fall: Slight
2015-12-31 21:00:00+00:00,BOLU,14,-4.2395,-7.9895,0.5,10.144082,71.0,76.66967,934.6401,7.33,Snow fall: Slight
2016-01-01 21:00:00+00:00,BOLU,14,-4.3894997,-9.6395,0.0,11.792404,3.0,72.36975,935.0998,7.73,Overcast
2016-01-02 21:00:00+00:00,BOLU,14,-1.1394999,-10.6895,0.70000005,11.592895,73.0,81.868614,931.8391,6.07,Snow fall: Moderate
2016-01-03 21:00:00+00:00,BOLU,14,3.3105001,-0.8894999,4.9999995,13.905509,73.0,90.23551,920.4111,3.43,Snow fall: Moderate
2016-01-04 21:00:00+00:00,BOLU,14,4.4605002,1.0105002,23.6,12.758432,73.0,97.35993,919.11554,1.6,Snow fall: Moderate
2016-01-05 21:00:00+00:00,BOLU,14,6.5605,2.9105,4.1000004,13.0447235,53.0,97.611176,923.15436,4.15,Drizzle: Moderate
2016-01-06 21:00:00+00:00,BOLU,14,9.9105,4.8605003,6.7,25.984917,63.0,92.80311,912.53217,4.72,Rain: Moderate
2016-01-07 21:00:00+00:00,BOLU,14,3.6105,0.5105002,8.9,11.367109,75.0,94.41077,919.52563,4.41,Snow fall: Heavy
2016-01-08 21:00:00+00:00,BOLU,14,4.4605002,-1.4894998,0.2,10.787993,71.0,86.61273,930.3106,7.81,Snow fall: Slight
2016-01-09 21:00:00+00:00,BOLU,14,6.6605,-3.0394998,1.3,11.770403,53.0,80.667946,928.7954,8.62,Drizzle: Moderate
2016-01-10 21:00:00+00:00,BOLU,14,8.210501,2.3605,5.1000004,11.269782,71.0,97.26673,928.11206,4.59,Snow fall: Slight
2016-01-11 21:00:00+00:00,BOLU,14,10.160501,0.010500193,0.1,15.646544,51.0,87.997375,922.86053,8.98,Drizzle: Light
2016-01-12 21:00:00+00:00,BOLU,14,7.5105,2.0105002,14.200003,11.659777,73.0,90.65305,924.1214,3.07,Snow fall: Moderate
2016-01-13 21:00:00+00:00,BOLU,14,3.7105002,0.010500193,4.7,7.5685663,73.0,95.191864,928.9891,4.84,Snow fall: Moderate
2016-01-14 21:00:00+00:00,BOLU,14,3.8105001,-6.8394995,0.0,11.269782,3.0,86.41215,931.6174,7.55,Overcast
2016-01-15 21:00:00+00:00,BOLU,14,7.1105003,-2.9895,0.0,13.527572,3.0,79.38038,925.524,6.2,Overcast
2016-01-16 21:00:00+00:00,BOLU,14,9.0105,3.5605001,0.0,24.36325,3.0,78.36689,916.9846,6.01,Overcast
2016-01-17 21:00:00+00:00,BOLU,14,7.0605,-3.6394997,20.799997,8.905908,75.0,92.94018,914.5125,3.77,Snow fall: Heavy
2016-01-18 21:00:00+00:00,BOLU,14,-3.6394997,-7.3394995,9.8,12.984975,73.0,91.902885,926.01764,6.37,Snow fall: Moderate
2016-01-19 21:00:00+00:00,BOLU,14,-0.7394998,-18.239498,0.0,9.3669195,3.0,79.27743,932.0688,10.68,Overcast
2016-01-20 21:00:00+00:00,BOLU,14,2.1105,-5.7395,0.0,7.42159,71.0,88.543144,931.7128,5.28,Snow fall: Slight
2016-01-21 21:00:00+00:00,BOLU,14,0.41050017,-5.1895,5.700001,8.4963045,73.0,94.25006,936.139,7.95,Snow fall: Moderate
2016-01-22 21:00:00+00:00,BOLU,14,-4.3894997,-9.6395,3.4999995,8.427383,73.0,88.993996,938.8564,9.75,Snow fall: Moderate
2016-01-23 21:00:00+00:00,BOLU,14,-5.4895,-15.0395,1.6000001,9.290511,73.0,83.8997,937.49677,10.49,Snow fall: Moderate
2016-01-24 21:00:00+00:00,BOLU,14,-5.0895,-11.4895,0.5,6.489992,71.0,84.126335,938.79736,10.92,Snow fall: Slight
2016-01-25 21:00:00+00:00,BOLU,14,-2.6894999,-18.989498,1.0000001,9.983106,71.0,81.83976,934.95996,6.78,Snow fall: Slight
2016-01-26 21:00:00+00:00,BOLU,14,0.5105002,-7.7895,0.8,8.891344,71.0,85.383644,939.7666,8.52,Snow fall: Slight
2016-01-27 21:00:00+00:00,BOLU,14,4.2105002,-6.2895,1.9000002,10.703569,71.0,90.94507,937.983,5.27,Snow fall: Slight
2016-01-28 21:00:00+00:00,BOLU,14,7.5605,-1.2394998,0.1,6.725354,51.0,94.57376,939.814,8.19,Drizzle: Light
2016-01-29 21:00:00+00:00,BOLU,14,5.7105002,-1.1394999,2.1000001,6.6087217,53.0,96.867065,940.13495,3.7,Drizzle: Moderate
2016-01-30 21:00:00+00:00,BOLU,14,5.7105002,0.31050014,0.0,10.365251,3.0,95.01397,935.7654,7.68,Overcast
2016-01-31 21:00:00+00:00,BOLU,14,7.4605002,-1.1394999,3.6,11.770403,71.0,91.67846,931.8342,6.02,Snow fall: Slight
2016-02-01 21:00:00+00:00,BOLU,14,6.0105,-0.1394999,9.599999,14.512064,73.0,87.54953,938.4924,10.89,Snow fall: Moderate
2016-02-02 21:00:00+00:00,BOLU,14,8.460501,-2.6394997,0.0,11.609651,3.0,83.961975,934.7593,11.87,Overcast
2016-02-03 21:00:00+00:00,BOLU,14,10.5105,-0.9894998,0.0,12.72283,3.0,79.108315,929.4366,10.63,Overcast
2016-02-04 21:00:00+00:00,BOLU,14,10.410501,1.6105001,4.1,9.007196,73.0,80.789986,923.19434,9.46,Snow fall: Moderate
2016-02-05 21:00:00+00:00,BOLU,14,3.8605,-3.0394998,31.600002,16.766108,75.0,96.06162,929.7214,4.76,Snow fall: Heavy
2016-02-06 21:00:00+00:00,BOLU,14,-0.28949976,-5.7894998,2.1999998,11.620809,73.0,85.206184,937.77637,11.6,Snow fall: Moderate
2016-02-07 21:00:00+00:00,BOLU,14,5.4605002,-9.9395,0.0,8.217153,1.0,71.121346,936.2276,13.67,Mainly clear
2016-02-08 21:00:00+00:00,BOLU,14,7.9605002,-8.5395,0.0,10.144082,3.0,73.96686,934.26416,13.03,Overcast
2016-02-09 21:00:00+00:00,BOLU,14,6.6105003,-5.9895,0.0,11.966954,3.0,78.281296,928.37665,13.6,Overcast
2016-02-10 21:00:00+00:00,BOLU,14,5.4605002,0.66050017,4.7,15.175612,73.0,92.41977,925.4797,4.94,Snow fall: Moderate
2016-02-11 21:00:00+00:00,BOLU,14,10.0105,3.7105002,10.4,11.726277,61.0,93.67037,928.2016,8.52,Rain: Slight
2016-02-12 21:00:00+00:00,BOLU,14,9.0605,4.4605002,4.3,14.154915,53.0,96.53271,925.05707,5.27,Drizzle: Moderate
2016-02-13 21:00:00+00:00,BOLU,14,12.0605,4.8105,2.2,13.722565,55.0,90.69683,925.3992,9.68,Drizzle: Dense
2016-02-14 21:00:00+00:00,BOLU,14,16.6605,5.8105,0.9,11.269782,53.0,88.25872,933.40753,9.3,Drizzle: Moderate
2016-02-15 21:00:00+00:00,BOLU,14,21.3605,5.7605,0.0,10.00256,3.0,73.33464,942.6795,12.74,Overcast
2016-02-16 21:00:00+00:00,BOLU,14,20.710499,5.7605,0.0,6.9153743,3.0,74.46816,943.1691,12.51,Overcast
2016-02-17 21:00:00+00:00,BOLU,14,19.960499,4.8605003,0.0,7.0911775,3.0,75.45554,936.3581,12.24,Overcast
2016-02-18 21:00:00+00:00,BOLU,14,16.210499,6.3605003,2.3,9.686609,53.0,86.29724,926.2547,10.31,Drizzle: Moderate
2016-02-19 21:00:00+00:00,BOLU,14,6.5105,2.7105002,1.4000002,9.983106,51.0,92.57871,931.6939,4.43,Drizzle: Light
2016-02-20 21:00:00+00:00,BOLU,14,5.6105003,0.41050017,2.5999997,13.661038,71.0,89.71453,928.7036,9.79,Snow fall: Slight
2016-02-21 21:00:00+00:00,BOLU,14,9.2605,-1.0394998,0.0,5.692099,2.0,77.36015,932.4251,15.17,Partly cloudy
2016-02-22 21:00:00+00:00,BOLU,14,15.0105,-0.03949976,0.0,8.654986,3.0,75.838394,930.33624,14.72,Overcast
2016-02-23 21:00:00+00:00,BOLU,14,16.0105,2.0105002,6.2,10.990322,61.0,78.302826,926.93506,9.03,Rain: Slight
2016-02-24 21:00:00+00:00,BOLU,14,10.7105,6.2605,10.900001,8.654986,61.0,93.11831,930.08417,5.01,Rain: Slight
2016-02-25 21:00:00+00:00,BOLU,14,16.3605,3.3105001,0.70000005,11.720751,51.0,84.61886,928.5555,13.07,Drizzle: Light
2016-02-26 21:00:00+00:00,BOLU,14,14.2605,4.3605003,12.2,7.172949,61.0,91.17023,928.5032,10.74,Rain: Slight
2016-02-27 21:00:00+00:00,BOLU,14,15.7105,3.2105002,0.0,6.6087217,3.0,82.62595,936.98004,14.82,Overcast
2016-02-28 21:00:00+00:00,BOLU,14,19.310501,2.7105002,0.0,11.119281,0.0,72.630455,937.97626,16.08,Clear sky
2016-02-29 21:00:00+00:00,BOLU,14,21.060501,7.0105,0.0,14.336861,3.0,65.7349,930.68964,15.58,Overcast
2016-03-01 21:00:00+00:00,BOLU,14,18.560501,4.3105,1.4,6.6087217,53.0,72.84001,923.58954,11.18,Drizzle: Moderate
2016-03-02 21:00:00+00:00,BOLU,14,11.0605,5.0605,15.8,9.178235,71.0,93.36563,917.09064,5.13,Snow fall: Slight
2016-03-03 21:00:00+00:00,BOLU,14,12.7605,3.0105002,3.7,22.81957,71.0,87.73172,917.8029,11.13,Snow fall: Slight
2016-03-04 21:00:00+00:00,BOLU,14,6.8605003,3.8605,11.5,9.693296,73.0,98.63734,923.1609,5.26,Snow fall: Moderate
2016-03-05 21:00:00+00:00,BOLU,14,13.1105,-0.18949986,0.0,9.885262,3.0,81.45489,929.31854,16.86,Overcast
2016-03-06 21:00:00+00:00,BOLU,14,16.460499,0.66050017,0.0,10.144082,3.0,70.035835,927.2356,17.22,Overcast
2016-03-07 21:00:00+00:00,BOLU,14,18.3605,1.9105002,0.0,8.39657,3.0,66.519165,926.14136,18.25,Overcast
2016-03-08 21:00:00+00:00,BOLU,14,20.1105,2.8105001,0.0,9.19939,3.0,64.15806,923.9255,18.28,Overcast
2016-03-09 21:00:00+00:00,BOLU,14,14.7105,5.9605002,9.1,16.62249,61.0,77.67308,919.9213,12.79,Rain: Slight
2016-03-10 21:00:00+00:00,BOLU,14,12.7105,1.9105002,0.4,9.220499,51.0,75.662834,928.44196,15.17,Drizzle: Light
2016-03-11 21:00:00+00:00,BOLU,14,14.6105,4.6105003,0.1,6.162207,51.0,70.66805,932.42456,16.92,Drizzle: Light
2016-03-12 21:00:00+00:00,BOLU,14,16.2605,4.8105,2.4,5.8603754,53.0,80.93711,929.6595,13.04,Drizzle: Moderate
2016-03-13 21:00:00+00:00,BOLU,14,9.0105,2.1105,13.999999,12.6462,73.0,98.51244,922.7237,3.37,Snow fall: Moderate
2016-03-14 21:00:00+00:00,BOLU,14,7.1605,0.010500193,2.2000003,10.105681,71.0,82.288284,928.5925,15.11,Snow fall: Slight
2016-03-15 21:00:00+00:00,BOLU,14,5.9605002,-0.3894999,0.9,12.964998,71.0,81.307495,934.0524,14.06,Snow fall: Slight
2016-03-16 21:00:00+00:00,BOLU,14,6.5605,-1.7394998,0.0,8.287822,3.0,72.29184,936.8382,18.12,Overcast
2016-03-17 21:00:00+00:00,BOLU,14,10.5105,0.010500193,0.0,6.87779,2.0,66.780304,931.00604,20.5,Partly cloudy
2016-03-18 21:00:00+00:00,BOLU,14,8.3105,0.16050017,9.099999,8.049845,73.0,90.823975,924.3986,5.99,Snow fall: Moderate
2016-03-19 21:00:00+00:00,BOLU,14,7.7105002,1.4605001,1.6000001,7.5170207,71.0,83.43262,930.06396,14.45,Snow fall: Slight
2016-03-20 21:00:00+00:00,BOLU,14,11.3605,1.3105001,0.0,13.905509,3.0,76.936615,930.9512,16.58,Overcast
2016-03-21 21:00:00+00:00,BOLU,14,16.5105,2.0605001,0.0,14.408997,3.0,71.81414,926.94415,15.84,Overcast
2016-03-22 21:00:00+00:00,BOLU,14,18.560501,3.7605002,0.0,17.992796,3.0,60.16653,923.424,14.54,Overcast
2016-03-23 21:00:00+00:00,BOLU,14,17.810501,8.8105,5.7999997,21.897945,63.0,57.291782,917.0556,15.32,Rain: Moderate
2016-03-24 21:00:00+00:00,BOLU,14,11.5105,5.6605,9.2,9.779817,61.0,93.89837,923.6196,8.03,Rain: Slight
2016-03-25 21:00:00+00:00,BOLU,14,5.8605003,-0.83949995,12.800001,11.304229,75.0,93.53518,926.6314,9.61,Snow fall: Heavy
2016-03-26 21:00:00+00:00,BOLU,14,5.5605,-2.7395,2.7,8.311245,73.0,84.375015,927.41846,12.45,Snow fall: Moderate
2016-03-27 21:00:00+00:00,BOLU,14,4.4605002,-1.2394998,2.0000002,10.594036,73.0,84.7326,928.8169,17.24,Snow fall: Moderate
2016-03-28 21:00:00+00:00,BOLU,14,10.410501,-0.28949976,0.0,9.19939,3.0,67.863365,931.75073,20.86,Overcast
2016-03-29 21:00:00+00:00,BOLU,14,12.660501,2.1605,0.9,12.245293,51.0,74.84382,935.04425,18.5,Drizzle: Light
2016-03-30 21:00:00+00:00,BOLU,14,17.560501,1.8105001,0.0,5.991594,3.0,74.91248,936.8487,21.57,Overcast
2016-03-31 21:00:00+00:00,BOLU,14,19.6105,4.0105,0.0,6.489992,3.0,68.867,933.8931,21.96,Overcast
2016-04-01 21:00:00+00:00,BOLU,14,16.9105,8.3605,0.0,10.464797,3.0,79.21352,934.23315,17.33,Overcast
2016-04-02 21:00:00+00:00,BOLU,14,12.7605,5.5605,0.0,9.6932955,3.0,71.29889,936.70825,22.83,Overcast
2016-04-03 21:00:00+00:00,BOLU,14,17.460499,1.0105002,0.0,6.4096174,0.0,67.22524,931.39435,23.63,Clear sky
2016-04-04 21:00:00+00:00,BOLU,14,20.010502,3.9105,0.0,7.2359104,0.0,72.00085,928.1403,23.61,Clear sky
2016-04-05 21:00:00+00:00,BOLU,14,21.9105,6.0105,0.0,6.439876,1.0,69.00557,927.19147,23.3,Mainly clear
2016-04-06 21:00:00+00:00,BOLU,14,23.060501,7.7605,0.1,7.145796,51.0,67.0533,928.8625,23.31,Drizzle: Light
2016-04-07 21:00:00+00:00,BOLU,14,22.9105,7.6105003,0.1,11.113451,51.0,62.43501,926.0555,14.33,Drizzle: Light
2016-04-08 21:00:00+00:00,BOLU,14,24.760502,8.1105,7.0,10.028439,61.0,65.58827,921.1526,19.83,Rain: Slight
2016-04-09 21:00:00+00:00,BOLU,14,16.5105,9.6105,13.099999,6.151683,63.0,88.81643,920.79785,17.11,Rain: Moderate
2016-04-10 21:00:00+00:00,BOLU,14,17.060501,5.1105003,11.700001,7.69592,61.0,86.55419,921.80133,17.83,Rain: Slight
2016-04-11 21:00:00+00:00,BOLU,14,12.7605,9.0105,10.499999,8.217153,55.0,97.86956,925.8112,7.39,Drizzle: Dense
2016-04-12 21:00:00+00:00,BOLU,14,16.060501,8.2605,0.2,10.383987,51.0,83.94277,928.3591,19.71,Drizzle: Light
2016-04-13 21:00:00+00:00,BOLU,14,21.6605,5.7605,0.4,9.779817,51.0,76.48356,926.4617,21.22,Drizzle: Light
2016-04-14 21:00:00+00:00,BOLU,14,18.6105,7.9105,2.8000002,11.885453,55.0,84.16308,926.67633,18.47,Drizzle: Dense
2016-04-15 21:00:00+00:00,BOLU,14,19.6605,4.7605,0.0,7.491114,2.0,74.13921,934.38257,24.94,Partly cloudy
2016-04-16 21:00:00+00:00,BOLU,14,22.1605,7.8605003,0.0,8.14587,0.0,64.61029,934.926,25.15,Clear sky
2016-04-17 21:00:00+00:00,BOLU,14,24.6105,9.3105,0.0,6.379216,2.0,64.36433,935.88403,24.54,Partly cloudy
2016-04-18 21:00:00+00:00,BOLU,14,26.3605,11.0605,0.0,7.7043357,3.0,63.94903,933.21674,23.35,Overcast
2016-04-19 21:00:00+00:00,BOLU,14,25.3605,10.0605,2.1,15.782622,53.0,68.51416,928.8619,19.14,Drizzle: Moderate
2016-04-20 21:00:00+00:00,BOLU,14,9.6605,4.7105002,12.000001,9.983106,71.0,89.4332,937.41876,17.27,Snow fall: Slight
2016-04-21 21:00:00+00:00,BOLU,14,17.7605,0.010500193,0.0,7.7043357,0.0,59.59572,934.7483,26.73,Clear sky
2016-04-22 21:00:00+00:00,BOLU,14,19.9105,3.7605002,0.0,7.5685663,3.0,62.969727,926.37225,16.6,Overcast
2016-04-23 21:00:00+00:00,BOLU,14,21.3605,8.4105,1.9,9.504272,53.0,70.7656,918.7429,22.57,Drizzle: Moderate
2016-04-24 21:00:00+00:00,BOLU,14,16.4105,8.460501,8.900002,13.5515,61.0,83.90918,917.39014,20.97,Rain: Slight
2016-04-25 21:00:00+00:00,BOLU,14,18.1105,6.5605,17.800001,15.137133,63.0,82.84109,919.5977,18.04,Rain: Moderate
2016-04-26 21:00:00+00:00,BOLU,14,13.7105,5.9605002,0.1,8.647496,51.0,81.33916,929.39215,17.59,Drizzle: Light
2016-04-27 21:00:00+00:00,BOLU,14,16.460499,4.5605,0.0,10.30883,2.0,74.94634,931.32446,26.74,Partly cloudy
2016-04-28 21:00:00+00:00,BOLU,14,18.1105,3.9605002,0.0,6.8777895,3.0,76.12226,931.7158,22.54,Overcast
2016-04-29 21:00:00+00:00,BOLU,14,15.9605,9.0605,0.0,10.495713,3.0,79.807816,931.16034,24.83,Overcast
2016-04-30 21:00:00+00:00,BOLU,14,18.060501,6.1105003,0.0,9.007196,3.0,78.20241,931.16034,25.93,Overcast
2016-05-01 21:00:00+00:00,BOLU,14,22.060501,6.8105,1.1,7.7043357,51.0,74.95051,927.8488,19.39,Drizzle: Light
2016-05-02 21:00:00+00:00,BOLU,14,20.960499,9.5605,25.899998,7.5685663,63.0,84.87799,922.5181,16.55,Rain: Moderate
2016-05-03 21:00:00+00:00,BOLU,14,13.8605,6.9605002,14.900002,7.968939,61.0,91.20292,920.6211,17.36,Rain: Slight
2016-05-04 21:00:00+00:00,BOLU,14,13.7105,4.8105,7.7000003,6.2145634,61.0,92.59063,923.5078,18.83,Rain: Slight
2016-05-05 21:00:00+00:00,BOLU,14,14.0105,7.1605,5.6,8.557102,61.0,93.055016,926.2456,19.2,Rain: Slight
2016-05-06 21:00:00+00:00,BOLU,14,14.7605,6.3105,0.8,7.754637,51.0,82.39426,929.3603,22.18,Drizzle: Light
2016-05-07 21:00:00+00:00,BOLU,14,18.760502,4.0605,2.8,5.991594,61.0,83.16151,931.6612,25.0,Rain: Slight
2016-05-08 21:00:00+00:00,BOLU,14,18.960499,6.4605002,3.6999998,6.8777895,61.0,85.01918,933.3576,21.36,Rain: Slight
2016-05-09 21:00:00+00:00,BOLU,14,16.9105,10.3605,2.7,9.178235,53.0,90.8706,931.97784,20.41,Drizzle: Moderate
2016-05-10 21:00:00+00:00,BOLU,14,16.5105,7.1605,0.6,9.504272,51.0,80.53303,929.79803,21.13,Drizzle: Light
2016-05-11 21:00:00+00:00,BOLU,14,22.260502,8.1105,1.2,10.948973,51.0,77.30024,926.125,19.22,Drizzle: Light
2016-05-12 21:00:00+00:00,BOLU,14,25.060501,13.2105,6.0999994,15.546833,55.0,83.59101,923.01544,20.04,Drizzle: Dense
2016-05-13 21:00:00+00:00,BOLU,14,25.060501,11.0605,0.0,14.113652,3.0,71.8115,925.99445,26.29,Overcast
2016-05-14 21:00:00+00:00,BOLU,14,22.060501,11.8605,4.4,11.841756,61.0,79.54372,927.76,22.74,Rain: Slight
2016-05-15 21:00:00+00:00,BOLU,14,19.810501,10.3605,12.200001,11.304229,63.0,77.78225,929.53296,23.25,Rain: Moderate
2016-05-16 21:00:00+00:00,BOLU,14,17.2605,11.5105,8.700001,8.78872,63.0,90.441154,928.91437,16.5,Rain: Moderate
2016-05-17 21:00:00+00:00,BOLU,14,14.9605,8.1605,12.9,9.107359,61.0,96.10958,928.9495,15.08,Rain: Slight
2016-05-18 21:00:00+00:00,BOLU,14,16.1105,5.1605,0.0,10.315115,3.0,76.515305,931.301,27.09,Overcast
2016-05-19 21:00:00+00:00,BOLU,14,19.1105,5.3605003,0.0,8.209263,3.0,70.72624,931.46564,28.7,Overcast
2016-05-20 21:00:00+00:00,BOLU,14,21.6105,7.3105,0.8,6.638072,51.0,73.97057,930.04913,18.54,Drizzle: Light
2016-05-21 21:00:00+00:00,BOLU,14,18.210499,12.3605,18.6,7.7879906,61.0,92.58039,927.75604,12.42,Rain: Slight
2016-05-22 21:00:00+00:00,BOLU,14,13.6105,8.7605,18.699999,10.365251,61.0,96.03716,927.69775,12.43,Rain: Slight
2016-05-23 21:00:00+00:00,BOLU,14,20.4105,6.3105,0.0,7.289445,3.0,75.563484,927.31476,26.92,Overcast
2016-05-24 21:00:00+00:00,BOLU,14,19.010502,8.6105,11.499999,10.1887,63.0,79.019,921.6133,20.47,Rain: Moderate
2016-05-25 21:00:00+00:00,BOLU,14,15.0605,8.7605,11.200001,10.495713,63.0,91.76188,923.2585,14.39,Rain: Moderate
2016-05-26 21:00:00+00:00,BOLU,14,15.910501,5.9105,10.1,9.0,61.0,89.71466,926.93195,18.01,Rain: Slight
2016-05-27 21:00:00+00:00,BOLU,14,14.8105,9.3105,3.3,9.826088,53.0,91.579346,930.011,17.01,Drizzle: Moderate
2016-05-28 21:00:00+00:00,BOLU,14,19.060501,8.0105,0.70000005,9.504272,51.0,87.817474,930.0756,19.01,Drizzle: Light
2016-05-29 21:00:00+00:00,BOLU,14,23.710499,11.1105,0.6,12.015589,51.0,79.86725,930.0433,26.85,Drizzle: Light
2016-05-30 21:00:00+00:00,BOLU,14,25.810501,13.660501,1.7,8.534353,53.0,80.23075,929.70844,26.59,Drizzle: Moderate
2016-05-31 21:00:00+00:00,BOLU,14,23.010502,15.6105,0.6,8.0899935,51.0,80.27079,932.17194,24.52,Drizzle: Light
2016-06-01 21:00:00+00:00,BOLU,14,25.960499,12.7605,0.1,10.464798,51.0,74.4376,929.53516,26.93,Drizzle: Light
2016-06-02 21:00:00+00:00,BOLU,14,25.560501,14.4605,3.4,8.534353,53.0,77.68166,925.9541,23.68,Drizzle: Moderate
2016-06-03 21:00:00+00:00,BOLU,14,20.060501,12.8605,5.8,10.383987,63.0,90.378914,926.2032,21.95,Rain: Moderate
2016-06-04 21:00:00+00:00,BOLU,14,19.4105,12.2105,1.4000001,9.504273,51.0,84.62649,929.60016,22.38,Drizzle: Light
2016-06-05 21:00:00+00:00,BOLU,14,21.760502,9.9105,1.6,9.085988,61.0,79.27939,929.11694,27.35,Rain: Slight
2016-06-06 21:00:00+00:00,BOLU,14,18.0105,9.460501,1.0,10.028439,51.0,81.72698,930.69604,19.51,Drizzle: Light
2016-06-07 21:00:00+00:00,BOLU,14,14.3605,10.0605,3.6,10.823973,51.0,89.757355,931.9131,14.11,Drizzle: Light
2016-06-08 21:00:00+00:00,BOLU,14,16.210499,9.4105,5.8,9.107359,61.0,88.22327,929.49164,20.49,Rain: Slight
2016-06-09 21:00:00+00:00,BOLU,14,19.760502,7.0605,1.0,7.5685663,51.0,80.39199,928.65454,26.98,Drizzle: Light
2016-06-10 21:00:00+00:00,BOLU,14,21.810501,9.2605,0.0,8.714677,3.0,80.77409,930.55304,26.71,Overcast
2016-06-11 21:00:00+00:00,BOLU,14,25.3605,10.6105,0.0,6.989936,3.0,72.10304,931.1152,29.82,Overcast
2016-06-12 21:00:00+00:00,BOLU,14,27.1105,12.8605,0.0,6.696387,3.0,70.458664,925.574,27.27,Overcast
2016-06-13 21:00:00+00:00,BOLU,14,23.710499,15.3105,10.700001,15.986595,61.0,79.10341,922.9744,18.53,Rain: Slight
2016-06-14 21:00:00+00:00,BOLU,14,21.510502,13.3605,11.8,10.365251,61.0,87.77738,924.2099,23.88,Rain: Slight
2016-06-15 21:00:00+00:00,BOLU,14,23.4105,14.6105,0.0,11.183201,2.0,76.1869,932.055,27.24,Partly cloudy
2016-06-16 21:00:00+00:00,BOLU,14,24.060501,15.1105,0.0,10.105681,0.0,74.893196,935.92377,30.04,Clear sky
2016-06-17 21:00:00+00:00,BOLU,14,27.6105,13.4605,0.0,9.3669195,2.0,70.15952,934.5498,30.02,Partly cloudy
2016-06-18 21:00:00+00:00,BOLU,14,29.4105,14.4605,0.0,8.225035,1.0,70.123436,933.03656,29.79,Mainly clear
2016-06-19 21:00:00+00:00,BOLU,14,30.060501,15.4605,0.0,11.013882,2.0,70.22471,935.0608,29.42,Partly cloudy
2016-06-20 21:00:00+00:00,BOLU,14,28.310501,16.310501,0.0,13.202726,3.0,75.9104,935.6027,28.76,Overcast
2016-06-21 21:00:00+00:00,BOLU,14,27.010502,17.210499,0.0,12.371645,3.0,83.102455,934.20123,27.02,Overcast
2016-06-22 21:00:00+00:00,BOLU,14,26.810501,17.2605,0.0,13.910169,3.0,82.159744,933.73846,26.1,Overcast
2016-06-23 21:00:00+00:00,BOLU,14,26.1105,17.4105,0.4,15.941944,51.0,80.54832,933.23016,26.55,Drizzle: Light
2016-06-24 21:00:00+00:00,BOLU,14,27.460499,16.9105,0.2,10.587917,51.0,80.00454,931.7339,25.63,Drizzle: Light
2016-06-25 21:00:00+00:00,BOLU,14,30.510502,16.960499,0.0,7.92,3.0,74.64079,929.122,26.59,Overcast
2016-06-26 21:00:00+00:00,BOLU,14,25.4105,19.260502,2.2,9.904906,53.0,87.83609,927.7271,22.23,Drizzle: Moderate
2016-06-27 21:00:00+00:00,BOLU,14,24.060501,17.4105,6.7,9.659814,61.0,88.884346,926.18866,22.05,Rain: Slight
2016-06-28 21:00:00+00:00,BOLU,14,22.6105,16.560501,7.4,7.9932976,61.0,89.6611,927.7209,19.14,Rain: Slight
2016-06-29 21:00:00+00:00,BOLU,14,22.1105,15.8105,5.1,9.0,53.0,88.67083,930.84454,18.41,Drizzle: Moderate
2016-06-30 21:00:00+00:00,BOLU,14,23.460499,15.9605,1.3000001,11.298495,51.0,85.96533,933.1778,21.82,Drizzle: Light
2016-07-01 21:00:00+00:00,BOLU,14,24.510502,15.3605,0.0,10.594036,2.0,82.86422,931.6206,24.23,Partly cloudy
2016-07-02 21:00:00+00:00,BOLU,14,24.310501,16.4105,1.2,11.183201,51.0,84.65948,929.05927,23.6,Drizzle: Light
2016-07-03 21:00:00+00:00,BOLU,14,24.510502,17.5105,0.0,16.965895,3.0,80.97302,930.1286,26.68,Overcast
2016-07-04 21:00:00+00:00,BOLU,14,23.310501,14.660501,1.7000002,12.6462,51.0,83.16279,931.29126,23.51,Drizzle: Light
2016-07-05 21:00:00+00:00,BOLU,14,23.010502,16.310501,1.7000002,10.440001,51.0,86.29943,930.06494,21.69,Drizzle: Light
2016-07-06 21:00:00+00:00,BOLU,14,23.960499,16.710499,5.7000003,9.255571,61.0,90.6918,929.08374,19.36,Rain: Slight
2016-07-07 21:00:00+00:00,BOLU,14,22.010502,14.1105,0.2,15.978486,51.0,79.35799,934.3846,26.69,Drizzle: Light
2016-07-08 21:00:00+00:00,BOLU,14,23.6605,10.5605,0.0,11.966953,2.0,73.00483,932.7714,29.31,Partly cloudy
2016-07-09 21:00:00+00:00,BOLU,14,23.1605,13.0605,0.1,12.57426,51.0,73.170265,931.9756,28.82,Drizzle: Light
2016-07-10 21:00:00+00:00,BOLU,14,22.9105,13.9605,0.1,13.039754,51.0,76.71186,933.66437,26.99,Drizzle: Light
2016-07-11 21:00:00+00:00,BOLU,14,28.260502,12.6105,0.0,8.350138,2.0,74.8482,932.1534,28.98,Partly cloudy
2016-07-12 21:00:00+00:00,BOLU,14,29.8605,14.9605,0.0,9.360001,3.0,74.12102,930.24225,27.89,Overcast
2016-07-13 21:00:00+00:00,BOLU,14,28.810501,16.5105,0.0,9.693296,3.0,72.21415,928.2554,28.21,Overcast
2016-07-14 21:00:00+00:00,BOLU,14,29.6605,14.2605,0.0,9.605998,3.0,70.141785,927.9861,28.15,Overcast
2016-07-15 21:00:00+00:00,BOLU,14,33.8105,14.6105,0.0,9.007196,2.0,59.556152,928.5512,29.69,Partly cloudy
2016-07-16 21:00:00+00:00,BOLU,14,33.8105,18.510502,0.0,8.707237,3.0,51.591038,927.33466,27.95,Overcast
2016-07-17 21:00:00+00:00,BOLU,14,25.810501,17.810501,1.1,14.973576,51.0,83.04023,927.5732,22.48,Drizzle: Light
2016-07-18 21:00:00+00:00,BOLU,14,22.6105,15.8105,2.1,13.138765,51.0,83.22479,928.97144,20.99,Drizzle: Light
2016-07-19 21:00:00+00:00,BOLU,14,23.810501,13.2605,1.0,13.363711,51.0,79.14812,929.3593,24.7,Drizzle: Light
2016-07-20 21:00:00+00:00,BOLU,14,21.810501,15.0605,1.9000002,11.159999,53.0,83.182365,931.0297,18.19,Drizzle: Moderate
2016-07-21 21:00:00+00:00,BOLU,14,25.1605,13.160501,0.0,11.304229,2.0,75.23336,932.8924,28.57,Partly cloudy
2016-07-22 21:00:00+00:00,BOLU,14,24.9105,12.5605,0.0,14.044615,2.0,67.88737,932.63385,28.67,Partly cloudy
2016-07-23 21:00:00+00:00,BOLU,14,25.260502,13.7105,0.0,15.281989,0.0,67.19816,931.87085,28.5,Clear sky
2016-07-24 21:00:00+00:00,BOLU,14,26.8605,13.5105,0.0,13.627795,3.0,72.10132,930.7859,28.08,Overcast
2016-07-25 21:00:00+00:00,BOLU,14,28.6105,14.5605,0.0,12.9249525,3.0,74.34799,929.7327,26.95,Overcast
2016-07-26 21:00:00+00:00,BOLU,14,27.1605,16.460499,0.0,12.015589,3.0,77.20739,929.75586,23.5,Overcast
2016-07-27 21:00:00+00:00,BOLU,14,28.210499,17.8605,0.0,13.722565,3.0,75.233345,930.6235,25.69,Overcast
2016-07-28 21:00:00+00:00,BOLU,14,29.8605,16.4105,0.4,10.446206,51.0,72.790146,929.05,25.72,Drizzle: Light
2016-07-29 21:00:00+00:00,BOLU,14,27.1105,18.810501,0.90000004,12.015589,51.0,79.12856,929.2629,23.56,Drizzle: Light
2016-07-30 21:00:00+00:00,BOLU,14,28.560501,16.4105,0.0,12.224107,3.0,72.021996,930.8791,27.22,Overcast
2016-07-31 21:00:00+00:00,BOLU,14,32.4105,16.560501,0.0,7.10031,2.0,62.57719,930.356,26.32,Partly cloudy
2016-08-01 21:00:00+00:00,BOLU,14,33.2105,17.560501,0.0,8.39657,2.0,60.639324,928.8879,24.8,Partly cloudy
2016-08-02 21:00:00+00:00,BOLU,14,26.6605,19.710499,1.6,8.435069,55.0,86.36793,928.8516,21.78,Drizzle: Dense
2016-08-03 21:00:00+00:00,BOLU,14,25.8605,18.0105,5.0,10.495713,61.0,87.341255,930.70135,20.34,Rain: Slight
2016-08-04 21:00:00+00:00,BOLU,14,28.960499,17.8605,2.3000002,9.793058,55.0,79.687096,930.695,23.76,Drizzle: Dense
2016-08-05 21:00:00+00:00,BOLU,14,27.6105,19.060501,0.4,12.6462,51.0,80.294174,930.5361,21.02,Drizzle: Light
2016-08-06 21:00:00+00:00,BOLU,14,26.6105,17.1605,0.0,11.874544,3.0,77.65284,931.44385,23.67,Overcast
2016-08-07 21:00:00+00:00,BOLU,14,28.510502,18.060501,0.0,13.004921,2.0,75.78973,932.9534,24.79,Partly cloudy
2016-08-08 21:00:00+00:00,BOLU,14,29.6605,17.5105,0.5,10.1376915,53.0,76.091805,930.3247,22.73,Drizzle: Moderate
2016-08-09 21:00:00+00:00,BOLU,14,28.6605,20.010502,1.6,8.473393,55.0,80.69508,928.90845,21.8,Drizzle: Dense
2016-08-10 21:00:00+00:00,BOLU,14,30.760502,18.460499,0.0,11.542478,3.0,70.409096,930.6235,25.44,Overcast
2016-08-11 21:00:00+00:00,BOLU,14,30.710499,17.060501,1.1,11.27553,51.0,68.081764,930.84033,23.28,Drizzle: Light
2016-08-12 21:00:00+00:00,BOLU,14,22.010502,15.910501,27.0,11.304229,63.0,94.61508,933.71313,10.81,Rain: Moderate
2016-08-13 21:00:00+00:00,BOLU,14,20.4105,14.0605,3.5,15.484185,55.0,83.21048,936.3381,17.65,Drizzle: Dense
2016-08-14 21:00:00+00:00,BOLU,14,25.260502,11.4605,0.0,12.324414,2.0,71.16548,934.2431,26.38,Partly cloudy
2016-08-15 21:00:00+00:00,BOLU,14,24.6605,13.8605,0.0,11.525623,2.0,74.48473,931.02545,25.64,Partly cloudy
2016-08-16 21:00:00+00:00,BOLU,14,25.310501,14.0105,0.0,12.429127,3.0,75.95518,929.8984,24.44,Overcast
2016-08-17 21:00:00+00:00,BOLU,14,28.060501,13.660501,0.0,11.525623,2.0,72.37882,929.4279,25.3,Partly cloudy
2016-08-18 21:00:00+00:00,BOLU,14,30.510502,15.160501,0.0,8.473393,3.0,72.83082,929.1072,24.25,Overcast
2016-08-19 21:00:00+00:00,BOLU,14,28.4105,18.560501,0.5,13.004921,53.0,79.262985,930.6468,19.41,Drizzle: Moderate
2016-08-20 21:00:00+00:00,BOLU,14,27.9105,18.060501,0.6,10.966713,51.0,79.151695,931.06885,20.08,Drizzle: Light
2016-08-21 21:00:00+00:00,BOLU,14,28.6605,17.4105,0.0,8.534353,2.0,74.970665,930.3342,22.38,Partly cloudy
2016-08-22 21:00:00+00:00,BOLU,14,28.210499,18.8605,0.0,9.220499,3.0,76.67471,931.5607,21.21,Overcast
2016-08-23 21:00:00+00:00,BOLU,14,27.260502,16.6105,0.0,11.620809,3.0,79.28569,931.7375,21.37,Overcast
2016-08-24 21:00:00+00:00,BOLU,14,23.710499,17.810501,9.900001,9.028754,63.0,92.596924,931.5759,15.42,Rain: Moderate
2016-08-25 21:00:00+00:00,BOLU,14,22.8605,17.2605,7.6999993,9.511088,61.0,91.83906,933.2137,14.71,Rain: Slight
2016-08-26 21:00:00+00:00,BOLU,14,23.510502,15.5105,1.8,11.570515,51.0,84.39675,934.15326,17.83,Drizzle: Light
2016-08-27 21:00:00+00:00,BOLU,14,23.210499,16.710499,7.3,7.8625183,61.0,91.34734,933.11743,16.75,Rain: Slight
2016-08-28 21:00:00+00:00,BOLU,14,25.260502,16.960499,10.4,7.072878,63.0,89.106636,931.28815,16.7,Rain: Moderate
2016-08-29 21:00:00+00:00,BOLU,14,23.960499,17.710499,7.3,7.4128532,61.0,93.4728,931.2734,14.76,Rain: Slight
2016-08-30 21:00:00+00:00,BOLU,14,22.710499,16.5105,1.5,12.620554,51.0,88.35146,933.9556,16.33,Drizzle: Light
2016-08-31 21:00:00+00:00,BOLU,14,22.060501,15.4605,0.4,14.081478,51.0,82.03858,935.2481,19.31,Drizzle: Light
2016-09-01 21:00:00+00:00,BOLU,14,22.8605,13.8105,0.1,12.620554,51.0,82.993324,931.1719,16.2,Drizzle: Light
2016-09-02 21:00:00+00:00,BOLU,14,21.6605,12.8605,0.0,15.876775,3.0,81.061485,930.0525,20.23,Overcast
2016-09-03 21:00:00+00:00,BOLU,14,23.310501,13.9605,0.0,11.885453,3.0,78.70253,932.3462,21.01,Overcast
2016-09-04 21:00:00+00:00,BOLU,14,26.1105,12.410501,0.0,6.439876,2.0,73.94017,931.758,20.92,Partly cloudy
2016-09-05 21:00:00+00:00,BOLU,14,27.510502,14.160501,0.4,6.849467,51.0,73.91114,932.22906,20.04,Drizzle: Light
2016-09-06 21:00:00+00:00,BOLU,14,28.1605,16.960499,0.3,8.669949,51.0,71.424095,934.65985,19.53,Drizzle: Light
2016-09-07 21:00:00+00:00,BOLU,14,28.1605,14.4605,0.0,7.968939,3.0,73.26187,932.4385,21.46,Overcast
2016-09-08 21:00:00+00:00,BOLU,14,27.060501,15.7105,0.0,10.390226,3.0,74.929146,931.7625,19.82,Overcast
2016-09-09 21:00:00+00:00,BOLU,14,28.4105,14.160501,0.0,8.4963045,3.0,71.24219,932.3706,20.61,Overcast
2016-09-10 21:00:00+00:00,BOLU,14,27.260502,14.3105,0.3,9.47012,51.0,76.40327,931.7143,19.0,Drizzle: Light
2016-09-11 21:00:00+00:00,BOLU,14,24.960499,15.910501,0.0,10.853866,3.0,80.84483,931.88153,15.85,Overcast
2016-09-12 21:00:00+00:00,BOLU,14,22.3605,16.1105,1.0,9.3876505,51.0,86.33546,930.7165,14.86,Drizzle: Light
2016-09-13 21:00:00+00:00,BOLU,14,23.810501,14.2605,0.1,8.39657,51.0,81.12471,929.5743,17.32,Drizzle: Light
2016-09-14 21:00:00+00:00,BOLU,14,22.710499,14.160501,0.6,14.618837,53.0,77.947365,931.8809,18.75,Drizzle: Moderate
2016-09-15 21:00:00+00:00,BOLU,14,21.1105,12.3105,0.0,11.090103,2.0,76.37725,933.81,19.77,Partly cloudy
2016-09-16 21:00:00+00:00,BOLU,14,23.810501,10.0105,0.0,9.9571085,2.0,66.77823,933.1984,20.5,Partly cloudy
2016-09-17 21:00:00+00:00,BOLU,14,27.760502,11.3605,0.0,5.692099,1.0,58.718372,931.16266,19.92,Mainly clear
2016-09-18 21:00:00+00:00,BOLU,14,29.3605,13.910501,0.0,7.6367526,3.0,52.935337,927.65546,18.87,Overcast
2016-09-19 21:00:00+00:00,BOLU,14,25.560501,14.7105,15.899999,15.077082,63.0,72.16217,924.1472,12.24,Rain: Moderate
2016-09-20 21:00:00+00:00,BOLU,14,16.810501,13.0605,13.199999,10.105681,61.0,97.18017,928.3775,6.85,Rain: Slight
2016-09-21 21:00:00+00:00,BOLU,14,16.310501,11.9605,5.4000006,6.12,53.0,88.36805,931.138,9.54,Drizzle: Moderate
2016-09-22 21:00:00+00:00,BOLU,14,13.2605,6.9105,6.4999995,14.76439,53.0,87.362175,935.6135,14.16,Drizzle: Moderate
2016-09-23 21:00:00+00:00,BOLU,14,14.3105,6.4105,0.2,10.495713,51.0,82.49453,938.9886,12.81,Drizzle: Light
2016-09-24 21:00:00+00:00,BOLU,14,17.5105,6.3605003,0.0,8.669949,3.0,75.68273,933.59033,16.83,Overcast
2016-09-25 21:00:00+00:00,BOLU,14,18.1605,6.8105,0.1,9.085988,51.0,81.02584,931.9866,17.17,Drizzle: Light
2016-09-26 21:00:00+00:00,BOLU,14,18.310501,7.5105,2.3,8.435069,53.0,84.29665,934.9345,16.1,Drizzle: Moderate
2016-09-27 21:00:00+00:00,BOLU,14,15.910501,10.0105,0.90000004,9.983106,53.0,87.66626,940.43866,11.96,Drizzle: Moderate
2016-09-28 21:00:00+00:00,BOLU,14,17.3605,7.8105,0.0,7.968939,3.0,80.30655,939.385,17.49,Overcast
2016-09-29 21:00:00+00:00,BOLU,14,20.260502,8.3605,0.0,8.287822,2.0,75.527504,936.7159,17.89,Partly cloudy
2016-09-30 21:00:00+00:00,BOLU,14,23.8605,7.8105,0.0,6.9247384,0.0,69.51377,933.782,17.8,Clear sky
2016-10-01 21:00:00+00:00,BOLU,14,24.3605,11.3605,0.0,6.4096174,3.0,69.61855,933.71075,16.64,Overcast
2016-10-02 21:00:00+00:00,BOLU,14,25.010502,11.9605,0.0,5.95906,3.0,79.2996,933.3422,16.19,Overcast
2016-10-03 21:00:00+00:00,BOLU,14,22.8605,11.910501,0.0,7.42159,3.0,76.96061,930.72705,15.97,Overcast
2016-10-04 21:00:00+00:00,BOLU,14,19.4105,12.1105,2.5000002,9.220499,51.0,88.06912,928.6474,10.73,Drizzle: Light
2016-10-05 21:00:00+00:00,BOLU,14,19.560501,12.2605,0.0,7.289444,3.0,87.650856,932.1094,10.13,Overcast
2016-10-06 21:00:00+00:00,BOLU,14,22.1105,11.7105,0.0,6.297428,3.0,80.753456,932.1336,15.12,Overcast
2016-10-07 21:00:00+00:00,BOLU,14,21.210499,10.7605,4.6,13.513193,55.0,76.499985,928.85846,10.99,Drizzle: Dense
2016-10-08 21:00:00+00:00,BOLU,14,16.8605,11.6105,0.4,7.24486,51.0,90.414215,935.174,8.67,Drizzle: Light
2016-10-09 21:00:00+00:00,BOLU,14,19.810501,10.2605,0.0,5.3517847,3.0,79.40249,934.3183,14.53,Overcast
2016-10-10 21:00:00+00:00,BOLU,14,22.1605,11.160501,0.8000001,8.891344,51.0,71.43494,930.2503,15.05,Drizzle: Light
2016-10-11 21:00:00+00:00,BOLU,14,25.8605,12.160501,0.0,11.808878,3.0,64.203285,926.8157,12.77,Overcast
2016-10-12 21:00:00+00:00,BOLU,14,18.060501,11.660501,4.5,6.725354,55.0,87.88315,931.34717,4.95,Drizzle: Dense
2016-10-13 21:00:00+00:00,BOLU,14,14.0605,7.7605,1.2000002,9.83268,51.0,84.506805,936.00024,11.21,Drizzle: Light
2016-10-14 21:00:00+00:00,BOLU,14,14.0105,6.3105,0.0,6.162207,3.0,81.86237,937.7702,11.5,Overcast
2016-10-15 21:00:00+00:00,BOLU,14,20.010502,5.2605,0.0,6.8777895,3.0,73.44724,935.4385,14.75,Overcast
2016-10-16 21:00:00+00:00,BOLU,14,12.1105,7.0605,4.999999,9.3876505,53.0,94.56603,935.9161,5.21,Drizzle: Moderate
2016-10-17 21:00:00+00:00,BOLU,14,9.3605,4.6105003,0.0,9.3669195,3.0,83.504005,937.53046,8.33,Overcast
2016-10-18 21:00:00+00:00,BOLU,14,14.3105,1.5105002,0.0,5.3517847,3.0,78.35732,934.3294,13.43,Overcast
2016-10-19 21:00:00+00:00,BOLU,14,15.660501,4.6605,0.0,7.9526596,3.0,83.242805,934.09174,13.24,Overcast
2016-10-20 21:00:00+00:00,BOLU,14,19.010502,4.0605,0.0,5.692099,3.0,74.73388,932.7002,13.74,Overcast
2016-10-21 21:00:00+00:00,BOLU,14,20.460499,6.2105002,0.0,5.495161,3.0,72.59191,932.3759,13.02,Overcast
2016-10-22 21:00:00+00:00,BOLU,14,17.1105,9.2605,0.1,6.151683,51.0,88.57911,935.1294,7.75,Drizzle: Light
2016-10-23 21:00:00+00:00,BOLU,14,14.0605,7.7605,2.3999999,8.825508,51.0,95.2442,938.2502,8.21,Drizzle: Light
2016-10-24 21:00:00+00:00,BOLU,14,12.3605,5.8105,0.0,8.669949,3.0,87.77576,939.53314,10.32,Overcast
2016-10-25 21:00:00+00:00,BOLU,14,14.2605,5.7105002,0.0,6.2145634,3.0,78.69398,934.38385,11.2,Overcast
2016-10-26 21:00:00+00:00,BOLU,14,11.4605,6.4605002,1.4,6.6185193,51.0,85.24119,935.1125,3.82,Drizzle: Light
2016-10-27 21:00:00+00:00,BOLU,14,13.7105,7.5605,0.5,8.049845,51.0,90.18281,939.3582,6.01,Drizzle: Light
2016-10-28 21:00:00+00:00,BOLU,14,12.3605,8.5105,1.3000001,6.1305785,51.0,93.89817,937.2625,4.2,Drizzle: Light
2016-10-29 21:00:00+00:00,BOLU,14,8.9105,5.5105,5.6000004,13.684735,53.0,92.37262,932.91925,5.49,Drizzle: Moderate
2016-10-30 21:00:00+00:00,BOLU,14,6.8605003,1.9605001,3.8000002,10.009036,71.0,92.82437,933.5638,7.95,Snow fall: Slight
2016-10-31 21:00:00+00:00,BOLU,14,5.2605,-0.33949995,7.1,10.739832,73.0,93.68197,933.7275,5.66,Snow fall: Moderate
2016-11-01 21:00:00+00:00,BOLU,14,8.0105,-2.0394998,0.0,8.373386,2.0,76.98162,934.9026,12.42,Partly cloudy
2016-11-02 21:00:00+00:00,BOLU,14,14.0605,-0.3894999,0.0,10.30883,0.0,60.440296,932.24884,12.48,Clear sky
2016-11-03 21:00:00+00:00,BOLU,14,13.3605,1.6605002,0.0,6.792466,3.0,70.3187,935.031,7.65,Overcast
2016-11-04 21:00:00+00:00,BOLU,14,14.660501,3.5605001,1.0,6.379216,53.0,91.14584,935.3084,8.83,Drizzle: Moderate
2016-11-05 21:00:00+00:00,BOLU,14,16.6105,2.9105,0.0,9.021574,3.0,84.527145,932.4516,10.4,Overcast
2016-11-06 21:00:00+00:00,BOLU,14,17.3605,6.0105,0.0,11.269782,3.0,71.967636,931.1799,9.82,Overcast
2016-11-07 21:00:00+00:00,BOLU,14,17.460499,6.0105,0.0,12.879752,3.0,74.06001,931.77264,6.44,Overcast
2016-11-08 21:00:00+00:00,BOLU,14,22.060501,9.960501,0.0,15.256526,3.0,63.844906,928.76294,9.45,Overcast
2016-11-09 21:00:00+00:00,BOLU,14,17.0105,9.0105,3.8999999,15.496736,61.0,70.22188,927.35254,9.14,Rain: Slight
2016-11-10 21:00:00+00:00,BOLU,14,15.660501,5.7105002,0.2,13.70839,51.0,77.339035,933.4487,9.03,Drizzle: Light
2016-11-11 21:00:00+00:00,BOLU,14,16.710499,4.2605,0.0,10.823973,3.0,75.65098,935.2308,10.6,Overcast
2016-11-12 21:00:00+00:00,BOLU,14,12.5105,5.9605002,2.8999999,12.397806,53.0,87.64819,930.38745,4.17,Drizzle: Moderate
2016-11-13 21:00:00+00:00,BOLU,14,9.1105,4.1105003,0.4,7.289445,51.0,91.81039,937.6714,5.45,Drizzle: Light
2016-11-14 21:00:00+00:00,BOLU,14,5.1605,1.5605001,4.9,8.473393,51.0,90.559326,938.8024,4.8,Drizzle: Light
2016-11-15 21:00:00+00:00,BOLU,14,3.2605002,-0.18949986,7.0999994,10.44,73.0,90.29592,936.16925,6.49,Snow fall: Moderate
2016-11-16 21:00:00+00:00,BOLU,14,5.4105,-1.2894998,1.6,6.28713,73.0,80.755714,936.7227,7.65,Snow fall: Moderate
2016-11-17 21:00:00+00:00,BOLU,14,9.7605,-2.3894997,0.0,7.8954163,0.0,65.32737,938.4484,10.39,Clear sky
2016-11-18 21:00:00+00:00,BOLU,14,13.5605,-1.1894999,0.0,7.5942082,0.0,58.049015,937.4672,10.36,Clear sky
2016-11-19 21:00:00+00:00,BOLU,14,15.0105,-0.6394999,0.0,8.0899935,2.0,55.872753,934.98956,10.35,Partly cloudy
2016-11-20 21:00:00+00:00,BOLU,14,13.3105,1.7605002,0.0,4.8965297,2.0,57.959797,935.8472,9.18,Partly cloudy
2016-11-21 21:00:00+00:00,BOLU,14,12.910501,1.2605002,0.0,5.4119864,0.0,61.886166,936.85004,9.46,Clear sky
2016-11-22 21:00:00+00:00,BOLU,14,12.0105,0.060500145,0.0,5.8603754,1.0,57.14598,937.3791,9.26,Mainly clear
2016-11-23 21:00:00+00:00,BOLU,14,11.4605,-0.83949995,0.0,5.1919937,1.0,52.076477,936.12695,9.22,Mainly clear
2016-11-24 21:00:00+00:00,BOLU,14,12.0105,-1.0895,0.0,5.495161,0.0,46.10028,933.4836,9.56,Clear sky
2016-11-25 21:00:00+00:00,BOLU,14,10.7605,0.46050012,0.0,5.634891,0.0,61.5684,933.5705,9.55,Clear sky
2016-11-26 21:00:00+00:00,BOLU,14,13.1105,-0.33949995,0.0,10.315115,2.0,70.401276,930.0816,9.37,Partly cloudy
2016-11-27 21:00:00+00:00,BOLU,14,10.7105,2.1105,11.799999,12.245293,71.0,85.45525,925.84357,3.4,Snow fall: Slight
2016-11-28 21:00:00+00:00,BOLU,14,8.3105,4.1105003,16.800001,7.8954163,73.0,96.45756,926.13525,2.54,Snow fall: Moderate
2016-11-29 21:00:00+00:00,BOLU,14,3.7605002,-0.6394999,13.200001,12.849528,73.0,94.01847,929.87067,3.2,Snow fall: Moderate
2016-11-30 21:00:00+00:00,BOLU,14,1.6105001,-2.9394999,3.0000005,8.4042845,73.0,88.69436,928.18085,4.61,Snow fall: Moderate
2016-12-01 21:00:00+00:00,BOLU,14,2.9105,-3.7894998,3.6000001,15.580141,73.0,79.54579,923.4666,8.05,Snow fall: Moderate
2016-12-02 21:00:00+00:00,BOLU,14,3.1105,-0.8894999,7.799999,15.4800005,73.0,88.004425,932.09955,6.82,Snow fall: Moderate
2016-12-03 21:00:00+00:00,BOLU,14,3.3105001,-1.8395,0.0,5.2416787,3.0,71.90386,939.57495,9.01,Overcast
2016-12-04 21:00:00+00:00,BOLU,14,1.2605002,-2.5394998,0.0,8.64,3.0,82.17504,942.9446,7.46,Overcast
2016-12-05 21:00:00+00:00,BOLU,14,5.4605002,-2.0895,0.0,9.107359,0.0,63.11024,938.8349,9.14,Clear sky
2016-12-06 21:00:00+00:00,BOLU,14,3.0605001,-1.3395,7.1,9.360001,73.0,79.30996,940.95966,4.24,Snow fall: Moderate
2016-12-07 21:00:00+00:00,BOLU,14,0.8605001,-4.4395,0.5,7.42159,71.0,76.772865,946.3509,8.24,Snow fall: Slight
2016-12-08 21:00:00+00:00,BOLU,14,6.6605,-2.7894998,0.0,9.0,2.0,57.31487,938.7857,8.43,Partly cloudy
2016-12-09 21:00:00+00:00,BOLU,14,5.9105,-0.53949976,0.0,11.298495,3.0,66.617744,934.66547,8.12,Overcast
2016-12-10 21:00:00+00:00,BOLU,14,9.3605,-1.1394999,0.0,8.534353,0.0,77.47279,931.84235,8.3,Clear sky
2016-12-11 21:00:00+00:00,BOLU,14,9.5605,-1.4394999,1.5,8.891344,71.0,78.72898,924.75244,5.97,Snow fall: Slight
2016-12-12 21:00:00+00:00,BOLU,14,3.0105002,-4.1895,24.699999,15.484185,75.0,96.650024,926.57227,3.25,Snow fall: Heavy
2016-12-13 21:00:00+00:00,BOLU,14,-2.5394998,-10.2395,2.2,15.84409,73.0,85.869606,936.07794,6.43,Snow fall: Moderate
2016-12-14 21:00:00+00:00,BOLU,14,0.060500145,-4.3894997,1.8999999,9.028754,73.0,67.46328,933.70026,6.34,Snow fall: Moderate
2016-12-15 21:00:00+00:00,BOLU,14,-0.2394998,-2.7894998,3.9999998,7.42159,73.0,92.79464,938.4318,5.41,Snow fall: Moderate
2016-12-16 21:00:00+00:00,BOLU,14,-1.1394999,-5.1895,0.0,5.937272,71.0,88.720924,944.399,7.31,Snow fall: Slight
2016-12-17 21:00:00+00:00,BOLU,14,1.2105001,-6.6895,0.0,5.154415,2.0,69.34437,942.924,8.88,Partly cloudy
2016-12-18 21:00:00+00:00,BOLU,14,2.2105002,-4.6895,0.0,5.4833565,0.0,60.495026,942.2217,8.71,Clear sky
2016-12-19 21:00:00+00:00,BOLU,14,-0.2394998,-4.2894998,3.0000002,8.669949,73.0,77.77964,938.4611,5.01,Snow fall: Moderate
2016-12-20 21:00:00+00:00,BOLU,14,0.81050014,-3.4895,1.4000001,11.119281,73.0,89.66871,936.65656,6.65,Snow fall: Moderate
2016-12-21 21:00:00+00:00,BOLU,14,-0.08949995,-5.8894997,0.4,7.628263,71.0,83.15637,935.9556,8.63,Snow fall: Slight
2016-12-22 21:00:00+00:00,BOLU,14,4.8605003,-1.4894998,0.9,5.634891,71.0,79.430145,935.39966,4.38,Snow fall: Slight
2016-12-23 21:00:00+00:00,BOLU,14,3.1605,-0.3894999,0.7,6.849467,51.0,91.148094,935.6978,6.12,Drizzle: Light
2016-12-24 21:00:00+00:00,BOLU,14,2.6105,-0.6394999,2.2000003,6.489992,73.0,93.56655,932.05176,4.37,Snow fall: Moderate
2016-12-25 21:00:00+00:00,BOLU,14,1.5605001,-2.6394997,6.9000006,7.69592,73.0,93.21157,933.03204,4.65,Snow fall: Moderate
2016-12-26 21:00:00+00:00,BOLU,14,1.8105001,-3.0895,0.2,7.8954163,71.0,91.789246,933.5671,6.18,Snow fall: Slight
2016-12-27 21:00:00+00:00,BOLU,14,2.5105002,-0.78949976,6.1000004,6.9527545,73.0,87.44171,930.8103,3.34,Snow fall: Moderate
2016-12-28 21:00:00+00:00,BOLU,14,2.3105001,-3.5895,19.4,9.885262,75.0,94.35508,921.83124,5.03,Snow fall: Heavy
2016-12-29 21:00:00+00:00,BOLU,14,-0.2394998,-5.6394997,6.4000006,8.647496,75.0,94.01203,929.16455,3.0,Snow fall: Heavy
2016-12-30 21:00:00+00:00,BOLU,14,-1.0394998,-6.5395,5.8999996,7.10031,75.0,93.583595,931.7325,3.05,Snow fall: Heavy
2016-12-31 21:00:00+00:00,BOLU,14,0.30149996,-7.2485,0.5,10.948973,71.0,81.722534,934.2668,5.88,Snow fall: Slight
2017-01-01 21:00:00+00:00,BOLU,14,0.60150003,-8.7985,0.0,6.849467,1.0,52.30864,933.02716,9.67,Mainly clear
2017-01-02 21:00:00+00:00,BOLU,14,0.051499963,-9.7985,0.0,8.714677,2.0,54.385265,932.0471,9.69,Partly cloudy
2017-01-03 21:00:00+00:00,BOLU,14,2.8515,-6.2485,0.0,15.03835,3.0,71.52905,930.53595,8.83,Overcast
2017-01-04 21:00:00+00:00,BOLU,14,5.4515,-3.6984997,2.9,15.905319,73.0,75.781166,924.4681,5.81,Snow fall: Moderate
2017-01-05 21:00:00+00:00,BOLU,14,8.6515,4.5515,0.4,28.162956,51.0,70.193535,920.9846,5.96,Drizzle: Light
2017-01-06 21:00:00+00:00,BOLU,14,4.3015,-6.7985,18.100006,14.007655,75.0,85.800446,919.4126,2.61,Snow fall: Heavy
2017-01-07 21:00:00+00:00,BOLU,14,-5.6984997,-10.4985,1.6000001,7.5685663,71.0,82.53016,924.5274,7.28,Snow fall: Slight
2017-01-08 21:00:00+00:00,BOLU,14,-3.2985,-11.9985,0.1,8.4042845,71.0,72.24891,925.4107,9.66,Snow fall: Slight
2017-01-09 21:00:00+00:00,BOLU,14,2.6515,-10.2485,2.1000001,23.469128,73.0,57.12572,925.29865,5.8,Snow fall: Moderate
2017-01-10 21:00:00+00:00,BOLU,14,3.7015,-7.2485,0.70000005,15.256526,73.0,69.95146,930.1033,9.46,Snow fall: Moderate
2017-01-11 21:00:00+00:00,BOLU,14,4.4015,-7.3485003,4.6,23.051247,75.0,71.73518,929.58954,4.85,Snow fall: Heavy
2017-01-12 21:00:00+00:00,BOLU,14,1.8015001,-9.7485,0.0,11.183201,71.0,66.76415,931.50665,9.67,Snow fall: Slight
2017-01-13 21:00:00+00:00,BOLU,14,5.6015,-1.3985001,0.0,12.783802,3.0,52.25209,925.3631,9.5,Overcast
2017-01-14 21:00:00+00:00,BOLU,14,5.4015,2.7015,4.9,11.525623,73.0,70.281364,927.36774,6.22,Snow fall: Moderate
2017-01-15 21:00:00+00:00,BOLU,14,7.8515,0.051499963,7.7,10.390226,73.0,79.03898,928.4792,6.9,Snow fall: Moderate
2017-01-16 21:00:00+00:00,BOLU,14,8.2515,3.3014998,2.4999998,10.446206,61.0,70.77734,930.8179,8.67,Rain: Slight
2017-01-17 21:00:00+00:00,BOLU,14,7.4515,3.1515,2.6,9.659814,71.0,82.267586,933.6026,5.82,Snow fall: Slight
2017-01-18 21:00:00+00:00,BOLU,14,7.1015,0.5515,0.6,7.729527,71.0,85.51734,938.40424,5.8,Snow fall: Slight
2017-01-19 21:00:00+00:00,BOLU,14,2.5514998,-0.9985,3.5,8.4042845,73.0,88.81666,939.538,3.69,Snow fall: Moderate
2017-01-20 21:00:00+00:00,BOLU,14,2.0515,-2.9984999,0.0,5.4119864,3.0,70.31101,940.709,8.21,Overcast
2017-01-21 21:00:00+00:00,BOLU,14,4.4015,-5.1984997,0.0,7.4128532,3.0,66.26444,941.8831,8.76,Overcast
2017-01-22 21:00:00+00:00,BOLU,14,6.9515,-3.2484999,0.0,5.4833565,0.0,65.58756,940.0032,10.89,Clear sky
2017-01-23 21:00:00+00:00,BOLU,14,7.6015,-1.3484999,0.1,7.491114,71.0,46.94726,933.1182,4.84,Snow fall: Slight
2017-01-24 21:00:00+00:00,BOLU,14,4.1515,-1.0984999,2.2000003,6.5693827,71.0,73.5009,929.19604,4.65,Snow fall: Slight
2017-01-25 21:00:00+00:00,BOLU,14,-0.69850004,-5.3485,3.8999999,12.0694,73.0,75.39588,933.8631,4.97,Snow fall: Moderate
2017-01-26 21:00:00+00:00,BOLU,14,-1.6485001,-5.6984997,3.3999996,14.84318,73.0,72.94912,935.6292,8.1,Snow fall: Moderate
2017-01-27 21:00:00+00:00,BOLU,14,-1.5485,-5.8985,3.6999996,11.246759,71.0,81.45145,935.73956,5.7,Snow fall: Slight
2017-01-28 21:00:00+00:00,BOLU,14,1.3515,-6.4985,0.2,7.5685663,71.0,74.46917,938.2832,10.61,Snow fall: Slight
2017-01-29 21:00:00+00:00,BOLU,14,1.9015,-7.1484995,0.0,6.5693827,3.0,58.666546,936.2579,12.23,Overcast
2017-01-30 21:00:00+00:00,BOLU,14,-1.2985,-9.3984995,0.1,7.9932976,71.0,49.124043,939.0336,12.25,Snow fall: Slight
2017-01-31 21:00:00+00:00,BOLU,14,3.4015,-9.7485,0.0,7.072878,0.0,38.01401,940.0738,12.43,Clear sky
2017-02-01 21:00:00+00:00,BOLU,14,7.5515003,-6.7985,0.0,8.766573,0.0,37.655643,940.679,12.58,Clear sky
2017-02-02 21:00:00+00:00,BOLU,14,8.6015,-6.6484995,0.0,11.770403,3.0,51.57495,937.3836,11.42,Overcast
2017-02-03 21:00:00+00:00,BOLU,14,8.6515,0.45150006,0.0,16.62249,3.0,73.39873,933.9863,8.29,Overcast
2017-02-04 21:00:00+00:00,BOLU,14,8.5015,2.4515,11.199999,14.118243,61.0,81.516304,929.8294,5.38,Rain: Slight
2017-02-05 21:00:00+00:00,BOLU,14,10.9015,3.1515,15.200002,13.202726,63.0,80.89254,930.845,9.66,Rain: Moderate
2017-02-06 21:00:00+00:00,BOLU,14,13.5515,1.7515,0.0,12.287555,3.0,64.93143,931.05914,11.71,Overcast
2017-02-07 21:00:00+00:00,BOLU,14,12.6015005,3.0514998,0.1,5.0528407,51.0,65.90664,928.7662,7.29,Drizzle: Light
2017-02-08 21:00:00+00:00,BOLU,14,9.2515,2.8515,0.4,6.6185193,51.0,87.28573,933.9065,7.51,Drizzle: Light
2017-02-09 21:00:00+00:00,BOLU,14,5.7015,0.9515,0.1,6.638072,51.0,93.784996,937.0805,5.71,Drizzle: Light
2017-02-10 21:00:00+00:00,BOLU,14,4.0515,-1.3985001,0.0,7.145796,3.0,79.21223,936.8062,7.37,Overcast
2017-02-11 21:00:00+00:00,BOLU,14,1.1515,-3.1485,0.0,11.119281,3.0,68.569214,939.68243,9.22,Overcast
2017-02-12 21:00:00+00:00,BOLU,14,1.0015,-3.9984999,0.0,9.6932955,3.0,64.23212,939.9944,11.26,Overcast
2017-02-13 21:00:00+00:00,BOLU,14,0.4015,-5.0985,0.5,10.44,71.0,62.087284,939.4959,9.17,Snow fall: Slight
2017-02-14 21:00:00+00:00,BOLU,14,0.5015,-3.5984998,7.1000004,13.392774,73.0,72.32755,937.1626,4.79,Snow fall: Moderate
2017-02-15 21:00:00+00:00,BOLU,14,0.5015,-3.9984999,1.2000002,9.449572,71.0,71.01701,941.28754,6.84,Snow fall: Slight
2017-02-16 21:00:00+00:00,BOLU,14,7.9515,-4.8485,0.0,7.42159,3.0,52.00029,939.1592,14.81,Overcast
2017-02-17 21:00:00+00:00,BOLU,14,10.6015005,-1.7985,0.0,11.753877,3.0,36.134098,935.6414,14.36,Overcast
2017-02-18 21:00:00+00:00,BOLU,14,11.3515005,-0.29849994,0.0,10.883676,2.0,44.22285,938.3405,14.93,Partly cloudy
2017-02-19 21:00:00+00:00,BOLU,14,10.6515,-0.5984999,2.9,14.77755,53.0,71.80224,933.65814,9.8,Drizzle: Moderate
2017-02-20 21:00:00+00:00,BOLU,14,8.7515,0.101500034,0.70000005,14.654254,71.0,81.03135,930.7315,10.85,Snow fall: Slight
2017-02-21 21:00:00+00:00,BOLU,14,6.3515,0.8015,3.3999996,13.207634,53.0,83.33321,929.8234,3.65,Drizzle: Moderate
2017-02-22 21:00:00+00:00,BOLU,14,12.2515,-0.44850004,0.0,14.81259,2.0,65.096016,931.3864,15.59,Partly cloudy
2017-02-23 21:00:00+00:00,BOLU,14,14.7015,5.3015,0.0,17.654686,3.0,51.680424,931.32355,15.7,Overcast
2017-02-24 21:00:00+00:00,BOLU,14,14.5515,2.8515,0.1,14.587776,51.0,67.90016,933.02106,15.74,Drizzle: Light
2017-02-25 21:00:00+00:00,BOLU,14,12.3515005,5.1015,1.9000001,8.350138,53.0,89.65539,937.1381,7.79,Drizzle: Moderate
2017-02-26 21:00:00+00:00,BOLU,14,15.4515,2.4015,0.0,7.7043357,3.0,78.04052,933.0396,15.68,Overcast
2017-02-27 21:00:00+00:00,BOLU,14,16.8015,2.8515,0.0,6.162207,3.0,61.25787,930.27155,16.36,Overcast
2017-02-28 21:00:00+00:00,BOLU,14,16.4515,3.1515,0.0,11.177405,3.0,59.81987,927.02106,16.4,Overcast
2017-03-01 21:00:00+00:00,BOLU,14,16.0515,4.7015,6.2999997,10.823973,63.0,69.25826,924.8891,14.33,Rain: Moderate
2017-03-02 21:00:00+00:00,BOLU,14,10.5015,5.8015003,3.7,7.928177,51.0,94.93284,931.11444,4.74,Drizzle: Light
2017-03-03 21:00:00+00:00,BOLU,14,10.4015,-2.0984998,0.0,9.659814,3.0,79.19369,936.22626,15.92,Overcast
2017-03-04 21:00:00+00:00,BOLU,14,15.3515005,-0.9985,0.0,7.928178,0.0,61.94476,934.9629,18.05,Clear sky
2017-03-05 21:00:00+00:00,BOLU,14,16.1015,0.6515,0.0,9.6932955,3.0,50.79305,929.40454,17.64,Overcast
2017-03-06 21:00:00+00:00,BOLU,14,15.8015,0.8015,0.0,9.826088,3.0,56.59289,925.753,17.88,Overcast
2017-03-07 21:00:00+00:00,BOLU,14,15.2015,-0.14849997,0.0,10.464798,3.0,62.931072,925.67413,15.64,Overcast
2017-03-08 21:00:00+00:00,BOLU,14,16.651499,2.2515001,0.4,8.714677,51.0,66.16515,926.8703,13.96,Drizzle: Light
2017-03-09 21:00:00+00:00,BOLU,14,14.0015,4.9515,0.6,10.08,51.0,70.66245,921.39764,12.33,Drizzle: Light
2017-03-10 21:00:00+00:00,BOLU,14,14.2015,0.5515,1.4000001,11.165805,53.0,76.21363,918.55695,16.55,Drizzle: Moderate
2017-03-11 21:00:00+00:00,BOLU,14,12.4015,3.0015001,2.2,9.178235,53.0,79.667656,920.6397,9.83,Drizzle: Moderate
2017-03-12 21:00:00+00:00,BOLU,14,8.4515,2.4515,5.2000003,11.885453,73.0,92.58543,924.9261,7.78,Snow fall: Moderate
2017-03-13 21:00:00+00:00,BOLU,14,5.0515,0.7515,6.8999996,13.910169,73.0,90.58786,929.1167,6.48,Snow fall: Moderate
2017-03-14 21:00:00+00:00,BOLU,14,3.4515,0.45150006,10.000002,11.570515,73.0,91.37726,932.46606,5.38,Snow fall: Moderate
2017-03-15 21:00:00+00:00,BOLU,14,7.9515,-0.79849994,0.0,8.049845,3.0,76.90737,930.4626,14.08,Overcast
2017-03-16 21:00:00+00:00,BOLU,14,6.4015,-1.2485,8.6,15.4800005,75.0,85.24032,926.2891,10.25,Snow fall: Heavy
2017-03-17 21:00:00+00:00,BOLU,14,8.8515,-1.6485001,2.5999994,11.841756,73.0,69.75405,928.90936,18.47,Snow fall: Moderate
2017-03-18 21:00:00+00:00,BOLU,14,12.8015,1.4015,3.4999998,15.281989,53.0,62.049076,923.70355,12.58,Drizzle: Moderate
2017-03-19 21:00:00+00:00,BOLU,14,9.6515,2.2015,6.7,13.5515,73.0,76.82018,927.2027,16.22,Snow fall: Moderate
2017-03-20 21:00:00+00:00,BOLU,14,13.6515,1.2014999,0.3,9.659814,51.0,75.388954,929.2263,14.0,Drizzle: Light
2017-03-21 21:00:00+00:00,BOLU,14,15.2515,0.6515,0.0,7.5942073,0.0,61.38738,929.9451,21.24,Clear sky
2017-03-22 21:00:00+00:00,BOLU,14,16.0515,2.9515,0.0,8.049845,0.0,54.25473,932.0434,20.92,Clear sky
2017-03-23 21:00:00+00:00,BOLU,14,17.7515,6.0515003,0.0,5.495161,3.0,53.027203,935.04706,21.4,Overcast
2017-03-24 21:00:00+00:00,BOLU,14,17.2015,5.8015003,0.0,11.304229,3.0,55.00822,932.9006,20.82,Overcast
2017-03-25 21:00:00+00:00,BOLU,14,14.8015,3.2015,5.4,14.113653,55.0,70.72231,928.4194,17.31,Drizzle: Dense
2017-03-26 21:00:00+00:00,BOLU,14,8.1515,1.7515,7.6999993,11.165805,71.0,87.55604,931.47,6.01,Snow fall: Slight
2017-03-27 21:00:00+00:00,BOLU,14,12.9015,-1.4985,0.0,5.6233797,2.0,64.97033,934.43414,22.24,Partly cloudy
2017-03-28 21:00:00+00:00,BOLU,14,17.401499,3.8515,0.0,9.346143,0.0,56.574722,934.3044,22.4,Clear sky
2017-03-29 21:00:00+00:00,BOLU,14,17.3515,1.2515,0.0,10.805998,1.0,51.551037,931.49603,20.89,Mainly clear
2017-03-30 21:00:00+00:00,BOLU,14,14.1515,4.1515,0.7,9.904906,51.0,74.04803,933.3326,17.29,Drizzle: Light
2017-03-31 21:00:00+00:00,BOLU,14,14.3515005,3.3515,0.0,8.905908,3.0,79.340904,933.7014,18.97,Overcast
2017-04-01 21:00:00+00:00,BOLU,14,17.151499,4.0515,0.0,9.085988,1.0,55.26862,934.19727,22.96,Mainly clear
2017-04-02 21:00:00+00:00,BOLU,14,18.8515,8.5515,0.0,7.5170207,2.0,54.916706,934.56055,22.92,Partly cloudy
2017-04-03 21:00:00+00:00,BOLU,14,20.301498,2.9015,0.0,9.779817,3.0,52.686108,935.21515,21.51,Overcast
2017-04-04 21:00:00+00:00,BOLU,14,19.8515,6.9515,0.0,11.966954,3.0,66.025345,931.4263,18.06,Overcast
2017-04-05 21:00:00+00:00,BOLU,14,16.3015,6.3515,8.1,16.1198,63.0,71.40804,925.7712,17.78,Rain: Moderate
2017-04-06 21:00:00+00:00,BOLU,14,11.2015,4.7515,4.4999995,10.829958,55.0,85.10505,926.3044,14.13,Drizzle: Dense
2017-04-07 21:00:00+00:00,BOLU,14,6.6015,0.30149996,11.400001,14.264361,75.0,87.38153,927.6734,13.15,Snow fall: Heavy
2017-04-08 21:00:00+00:00,BOLU,14,7.4015,-0.6485001,6.4,11.525623,73.0,85.51516,935.0472,16.37,Snow fall: Moderate
2017-04-09 21:00:00+00:00,BOLU,14,8.0015,-0.6485001,5.5,8.217153,71.0,82.931,936.8823,16.1,Snow fall: Slight
2017-04-10 21:00:00+00:00,BOLU,14,15.0015,-1.7985,0.0,6.9527545,3.0,58.89043,932.3569,24.99,Overcast
2017-04-11 21:00:00+00:00,BOLU,14,15.5515,0.85150003,0.0,6.28713,3.0,58.928562,929.62164,14.37,Overcast
2017-04-12 21:00:00+00:00,BOLU,14,17.0015,6.8515,0.1,7.2,51.0,67.26711,925.383,18.75,Drizzle: Light
2017-04-13 21:00:00+00:00,BOLU,14,16.1015,3.7515001,0.0,11.770403,3.0,67.48092,925.9421,24.67,Overcast
2017-04-14 21:00:00+00:00,BOLU,14,15.4015,4.6515,0.0,10.495713,2.0,64.05166,931.08356,20.0,Partly cloudy
2017-04-15 21:00:00+00:00,BOLU,14,18.651499,7.1015,2.5999997,12.661564,55.0,65.399185,929.6004,20.83,Drizzle: Dense
2017-04-16 21:00:00+00:00,BOLU,14,18.7515,7.5515003,0.1,15.856354,51.0,59.64455,925.96075,22.22,Drizzle: Light
2017-04-17 21:00:00+00:00,BOLU,14,12.3515005,3.1515,7.5999994,16.299694,61.0,81.58768,926.57513,8.51,Rain: Slight
2017-04-18 21:00:00+00:00,BOLU,14,15.7015,-0.09850001,0.1,11.923557,51.0,67.537224,931.15814,25.31,Drizzle: Light
2017-04-19 21:00:00+00:00,BOLU,14,18.9515,6.2515,2.3,16.854767,53.0,61.00261,927.03687,21.88,Drizzle: Moderate
2017-04-20 21:00:00+00:00,BOLU,14,7.0015,2.9515,14.499999,10.823973,71.0,93.22501,930.878,6.25,Snow fall: Slight
2017-04-21 21:00:00+00:00,BOLU,14,11.8515005,-0.04849994,6.4,8.217153,73.0,75.90856,931.9639,16.62,Snow fall: Moderate
2017-04-22 21:00:00+00:00,BOLU,14,4.0015,-1.8484999,20.900002,13.684735,75.0,87.89687,925.51544,14.12,Snow fall: Heavy
2017-04-23 21:00:00+00:00,BOLU,14,7.4015,-1.9985,4.7,15.815435,73.0,81.463554,934.8842,15.51,Snow fall: Moderate
2017-04-24 21:00:00+00:00,BOLU,14,14.6515,0.8015,0.0,8.049845,0.0,44.99805,937.3669,27.32,Clear sky
2017-04-25 21:00:00+00:00,BOLU,14,18.801498,-0.24849999,0.0,8.891344,0.0,57.228634,934.6457,26.54,Clear sky
2017-04-26 21:00:00+00:00,BOLU,14,20.651499,9.5515,0.0,9.693296,0.0,46.204,933.8779,26.76,Clear sky
2017-04-27 21:00:00+00:00,BOLU,14,22.2015,8.4015,0.0,7.9932976,1.0,48.727352,932.6685,26.22,Mainly clear
2017-04-28 21:00:00+00:00,BOLU,14,23.4515,6.6015,0.4,9.346143,51.0,55.23351,930.76416,26.51,Drizzle: Light
2017-04-29 21:00:00+00:00,BOLU,14,23.2515,12.0015,0.3,8.427383,51.0,52.09506,928.88086,23.54,Drizzle: Light
2017-04-30 21:00:00+00:00,BOLU,14,21.7515,11.2515,1.7,12.682018,55.0,63.186672,927.9927,17.12,Drizzle: Dense
2017-05-01 21:00:00+00:00,BOLU,14,20.2515,10.7515,0.1,9.346143,51.0,72.77345,930.24756,18.58,Drizzle: Light
2017-05-02 21:00:00+00:00,BOLU,14,21.301498,9.5015,0.0,10.464797,3.0,69.16176,931.293,26.61,Overcast
2017-05-03 21:00:00+00:00,BOLU,14,22.9515,12.3515005,0.0,7.172949,3.0,59.128696,931.21826,24.96,Overcast
2017-05-04 21:00:00+00:00,BOLU,14,22.9515,14.3515005,0.0,7.5942082,3.0,52.367985,931.27124,25.36,Overcast
2017-05-05 21:00:00+00:00,BOLU,14,17.7015,8.7515,11.3,16.73516,63.0,71.884224,927.7028,13.85,Rain: Moderate
2017-05-06 21:00:00+00:00,BOLU,14,15.9515,6.2015,3.1000001,12.9249525,53.0,80.81244,925.69244,19.02,Drizzle: Moderate
2017-05-07 21:00:00+00:00,BOLU,14,19.5015,10.7515,4.0,16.62249,55.0,67.57381,922.9106,19.3,Drizzle: Dense
2017-05-08 21:00:00+00:00,BOLU,14,21.8515,9.1015,1.4,19.852295,51.0,68.23083,922.8142,17.49,Drizzle: Light
2017-05-09 21:00:00+00:00,BOLU,14,14.4515,9.5015,11.800001,11.440979,63.0,92.44749,925.53204,15.56,Rain: Moderate
2017-05-10 21:00:00+00:00,BOLU,14,16.8015,8.5015,0.1,12.261158,51.0,77.09196,932.33417,23.39,Drizzle: Light
2017-05-11 21:00:00+00:00,BOLU,14,22.551498,9.7515,0.0,10.799999,3.0,57.50855,933.4722,26.6,Overcast
2017-05-12 21:00:00+00:00,BOLU,14,27.301498,15.2015,0.6,12.7279215,53.0,57.196514,930.20306,27.32,Drizzle: Moderate
2017-05-13 21:00:00+00:00,BOLU,14,20.0015,10.5515,0.3,17.309973,51.0,80.16164,930.563,20.24,Drizzle: Light
2017-05-14 21:00:00+00:00,BOLU,14,14.0515,10.3515005,6.0999994,13.324863,61.0,88.845,935.11786,13.75,Rain: Slight
2017-05-15 21:00:00+00:00,BOLU,14,17.2015,9.8515005,0.4,12.538134,51.0,81.346954,936.54443,14.07,Drizzle: Light
2017-05-16 21:00:00+00:00,BOLU,14,19.5015,9.0015,0.3,8.427383,51.0,73.2204,931.86646,17.5,Drizzle: Light
2017-05-17 21:00:00+00:00,BOLU,14,18.051498,9.8015,3.8,7.208994,63.0,80.513954,928.8974,20.53,Rain: Moderate
2017-05-18 21:00:00+00:00,BOLU,14,14.5515,8.0015,1.9000003,11.874544,53.0,84.501884,927.3217,11.53,Drizzle: Moderate
2017-05-19 21:00:00+00:00,BOLU,14,16.1015,5.1015,0.0,14.05845,3.0,75.008095,927.7859,25.96,Overcast
2017-05-20 21:00:00+00:00,BOLU,14,13.7515,7.4515,7.8,15.459054,61.0,80.884544,924.94073,9.27,Rain: Slight
2017-05-21 21:00:00+00:00,BOLU,14,12.7515,5.9015,1.5000001,15.39184,51.0,81.39265,926.017,19.23,Drizzle: Light
2017-05-22 21:00:00+00:00,BOLU,14,13.9015,9.0015,5.4999995,10.739832,61.0,82.84226,930.3392,18.8,Rain: Slight
2017-05-23 21:00:00+00:00,BOLU,14,17.6015,4.8015,0.0,10.1376915,3.0,74.24903,932.36725,28.83,Overcast
2017-05-24 21:00:00+00:00,BOLU,14,20.3515,5.6015,0.2,9.449572,51.0,67.2039,930.3776,25.7,Drizzle: Light
2017-05-25 21:00:00+00:00,BOLU,14,18.151499,11.9015,8.6,9.422101,63.0,78.502464,929.1487,14.16,Rain: Moderate
2017-05-26 21:00:00+00:00,BOLU,14,17.7015,10.8515005,1.3000001,8.854829,53.0,76.52457,928.3288,19.68,Drizzle: Moderate
2017-05-27 21:00:00+00:00,BOLU,14,15.7015,10.4515,5.7999997,9.178235,61.0,90.598076,931.2536,10.59,Rain: Slight
2017-05-28 21:00:00+00:00,BOLU,14,20.151499,9.6515,8.700001,10.1376915,63.0,86.03141,931.2151,19.53,Rain: Moderate
2017-05-29 21:00:00+00:00,BOLU,14,18.2515,9.5515,5.2999997,10.587917,63.0,87.415016,930.17206,20.56,Rain: Moderate
2017-05-30 21:00:00+00:00,BOLU,14,18.7515,10.4515,3.4,10.948973,61.0,83.11108,933.35815,20.94,Rain: Slight
2017-05-31 21:00:00+00:00,BOLU,14,19.7515,9.9515,2.3,10.105681,53.0,82.13798,933.7065,18.48,Drizzle: Moderate
2017-06-01 21:00:00+00:00,BOLU,14,21.801498,12.2015,2.1999998,10.948973,61.0,84.453026,934.4628,21.68,Rain: Slight
2017-06-02 21:00:00+00:00,BOLU,14,24.8515,13.3015,0.0,7.754637,2.0,70.688576,932.8513,26.14,Partly cloudy
2017-06-03 21:00:00+00:00,BOLU,14,23.551498,12.8015,2.8,9.693296,63.0,77.92061,931.1844,20.8,Rain: Moderate
2017-06-04 21:00:00+00:00,BOLU,14,23.151499,14.1515,1.3000001,6.830519,53.0,82.71718,930.0874,20.69,Drizzle: Moderate
2017-06-05 21:00:00+00:00,BOLU,14,19.4515,14.2015,26.700003,9.0645685,63.0,91.32736,929.97174,11.08,Rain: Moderate
2017-06-06 21:00:00+00:00,BOLU,14,24.901499,11.1015005,0.0,7.9036193,1.0,75.87211,931.6285,27.84,Mainly clear
2017-06-07 21:00:00+00:00,BOLU,14,27.151499,13.7015,1.0,10.08,53.0,73.7223,930.74146,22.48,Drizzle: Moderate
2017-06-08 21:00:00+00:00,BOLU,14,21.151499,14.0015,18.900003,10.483357,63.0,94.21567,928.4643,12.96,Rain: Moderate
2017-06-09 21:00:00+00:00,BOLU,14,18.401499,12.5015,2.1000001,13.363711,53.0,88.717255,930.73236,15.91,Drizzle: Moderate
2017-06-10 21:00:00+00:00,BOLU,14,19.1015,13.7515,4.3,8.435069,61.0,88.99749,931.0092,13.58,Rain: Slight
2017-06-11 21:00:00+00:00,BOLU,14,20.801498,12.4015,0.3,9.826088,51.0,82.00177,930.9373,20.37,Drizzle: Light
2017-06-12 21:00:00+00:00,BOLU,14,23.801498,12.9015,0.3,8.557102,51.0,82.58395,929.00977,25.03,Drizzle: Light
2017-06-13 21:00:00+00:00,BOLU,14,21.9515,14.1515,2.6,12.904882,53.0,81.33811,928.0278,24.98,Drizzle: Moderate
2017-06-14 21:00:00+00:00,BOLU,14,20.7015,14.3515005,1.0000001,9.290511,51.0,81.983665,931.93243,20.35,Drizzle: Light
2017-06-15 21:00:00+00:00,BOLU,14,20.151499,10.8015,0.6,7.968939,51.0,75.18756,933.3355,26.19,Drizzle: Light
2017-06-16 21:00:00+00:00,BOLU,14,22.801498,10.2015,0.4,10.365251,51.0,72.267,927.8875,26.92,Drizzle: Light
2017-06-17 21:00:00+00:00,BOLU,14,17.801498,12.5515,9.5,7.968939,61.0,85.392334,926.13776,11.71,Rain: Slight
2017-06-18 21:00:00+00:00,BOLU,14,17.1015,12.1015005,14.199999,12.959999,63.0,91.64573,926.1214,14.47,Rain: Moderate
2017-06-19 21:00:00+00:00,BOLU,14,17.651499,11.5515,9.100002,8.225035,55.0,91.77722,929.72266,14.21,Drizzle: Dense
2017-06-20 21:00:00+00:00,BOLU,14,21.051498,9.2515,1.2,10.636766,53.0,78.948845,930.83014,24.01,Drizzle: Moderate
2017-06-21 21:00:00+00:00,BOLU,14,22.2015,13.5015,1.1,8.766573,51.0,75.08645,932.877,23.89,Drizzle: Light
2017-06-22 21:00:00+00:00,BOLU,14,24.401499,13.1015005,0.1,9.0,51.0,73.24164,934.19244,28.05,Drizzle: Light
2017-06-23 21:00:00+00:00,BOLU,14,25.2015,16.2515,0.0,12.324414,2.0,67.17927,932.7148,27.08,Partly cloudy
2017-06-24 21:00:00+00:00,BOLU,14,24.9515,13.0015,0.0,7.7043357,2.0,77.69617,933.3115,26.23,Partly cloudy
2017-06-25 21:00:00+00:00,BOLU,14,27.7015,13.6515,0.0,7.2359104,3.0,70.61116,930.1013,26.13,Overcast
2017-06-26 21:00:00+00:00,BOLU,14,26.151499,17.4515,1.9000001,9.904906,55.0,79.69674,930.2286,25.2,Drizzle: Dense
2017-06-27 21:00:00+00:00,BOLU,14,26.901499,15.1015005,0.0,7.771331,3.0,76.671715,930.55023,28.32,Overcast
2017-06-28 21:00:00+00:00,BOLU,14,27.151499,16.5515,0.0,9.746631,0.0,60.34062,931.72266,29.33,Clear sky
2017-06-29 21:00:00+00:00,BOLU,14,30.9515,19.2515,0.0,10.464798,1.0,57.202118,933.0142,28.91,Mainly clear
2017-06-30 21:00:00+00:00,BOLU,14,31.801498,16.5515,0.0,7.2,0.0,54.349575,932.31006,29.82,Clear sky
2017-07-01 21:00:00+00:00,BOLU,14,31.3515,18.0015,0.0,9.0645685,0.0,57.394726,928.0821,29.66,Clear sky
2017-07-02 21:00:00+00:00,BOLU,14,34.5015,21.0015,0.1,10.787993,51.0,62.494175,924.12866,28.9,Drizzle: Light
2017-07-03 21:00:00+00:00,BOLU,14,22.051498,16.8515,12.299998,14.4,55.0,92.551994,928.5467,14.12,Drizzle: Dense
2017-07-04 21:00:00+00:00,BOLU,14,21.9515,15.4015,0.3,12.768586,51.0,79.51631,934.0469,18.26,Drizzle: Light
2017-07-05 21:00:00+00:00,BOLU,14,23.2515,13.7015,0.0,9.3669195,3.0,79.75218,932.77124,20.69,Overcast
2017-07-06 21:00:00+00:00,BOLU,14,22.801498,13.6515,1.7,9.114471,53.0,74.78558,933.24805,24.92,Drizzle: Moderate
2017-07-07 21:00:00+00:00,BOLU,14,23.2015,14.0515,0.0,7.771331,3.0,74.58052,932.23456,25.71,Overcast
2017-07-08 21:00:00+00:00,BOLU,14,26.1015,14.4515,0.0,8.0899935,0.0,60.902187,932.1748,29.03,Clear sky
2017-07-09 21:00:00+00:00,BOLU,14,26.4515,14.5015,0.0,9.511088,1.0,64.64399,934.0293,26.63,Mainly clear
2017-07-10 21:00:00+00:00,BOLU,14,26.801498,12.6515,0.0,8.557102,3.0,76.84296,933.94806,27.89,Overcast
2017-07-11 21:00:00+00:00,BOLU,14,28.651499,17.7015,0.0,5.2416787,3.0,74.35088,931.4585,29.79,Overcast
2017-07-12 21:00:00+00:00,BOLU,14,28.6015,17.901499,0.0,10.163227,1.0,57.5426,927.94354,28.51,Mainly clear
2017-07-13 21:00:00+00:00,BOLU,14,25.551498,14.7015,0.90000004,10.883676,53.0,69.549995,928.3511,26.04,Drizzle: Moderate
2017-07-14 21:00:00+00:00,BOLU,14,25.151499,15.3515005,0.3,10.137692,51.0,81.70518,928.36945,21.92,Drizzle: Light
2017-07-15 21:00:00+00:00,BOLU,14,27.7015,16.2015,0.5,8.913181,53.0,75.66896,928.7158,25.91,Drizzle: Moderate
2017-07-16 21:00:00+00:00,BOLU,14,27.9515,18.5015,0.0,5.634891,3.0,78.30814,928.896,24.94,Overcast
2017-07-17 21:00:00+00:00,BOLU,14,24.9515,18.1015,1.6999999,9.793058,53.0,87.98453,929.91705,18.81,Drizzle: Moderate
2017-07-18 21:00:00+00:00,BOLU,14,22.3515,17.6015,3.9999993,8.373386,53.0,87.140564,931.7332,13.86,Drizzle: Moderate
2017-07-19 21:00:00+00:00,BOLU,14,24.3515,16.7515,0.2,11.631956,51.0,78.665184,930.5594,18.64,Drizzle: Light
2017-07-20 21:00:00+00:00,BOLU,14,25.0015,16.3015,0.4,6.489992,51.0,80.52795,930.2556,21.03,Drizzle: Light
2017-07-21 21:00:00+00:00,BOLU,14,26.551498,17.651499,0.0,7.754637,3.0,78.33593,932.209,25.55,Overcast
2017-07-22 21:00:00+00:00,BOLU,14,27.3515,15.1015005,0.0,9.693296,3.0,71.20879,932.9096,27.82,Overcast
2017-07-23 21:00:00+00:00,BOLU,14,27.7515,17.5015,0.0,8.12197,1.0,62.79637,929.4631,26.03,Mainly clear
2017-07-24 21:00:00+00:00,BOLU,14,30.801498,16.0515,0.0,7.289445,0.0,52.2907,925.586,28.94,Clear sky
2017-07-25 21:00:00+00:00,BOLU,14,30.7515,21.551498,0.0,12.10157,2.0,48.933075,924.94434,25.95,Partly cloudy
2017-07-26 21:00:00+00:00,BOLU,14,32.5015,19.2015,1.7,12.979984,53.0,57.775692,923.2229,25.49,Drizzle: Moderate
2017-07-27 21:00:00+00:00,BOLU,14,23.551498,14.4015,3.2,17.673029,55.0,81.40625,926.7222,20.62,Drizzle: Dense
2017-07-28 21:00:00+00:00,BOLU,14,23.7015,13.6015005,0.0,11.570515,2.0,69.123276,933.21,24.24,Partly cloudy
2017-07-29 21:00:00+00:00,BOLU,14,25.4515,13.2015,0.0,12.261157,0.0,67.78286,934.6987,27.14,Clear sky
2017-07-30 21:00:00+00:00,BOLU,14,26.5015,13.3515005,0.0,9.422101,0.0,68.26789,933.69214,28.62,Clear sky
2017-07-31 21:00:00+00:00,BOLU,14,27.801498,16.401499,0.0,6.28713,2.0,72.5824,933.6782,27.52,Partly cloudy
2017-08-01 21:00:00+00:00,BOLU,14,28.401499,18.0015,0.0,7.7879906,3.0,75.60012,932.79694,23.49,Overcast
2017-08-02 21:00:00+00:00,BOLU,14,28.2015,18.051498,0.0,10.823973,3.0,72.19245,931.1197,23.4,Overcast
2017-08-03 21:00:00+00:00,BOLU,14,26.401499,17.8515,1.7000003,12.4811535,53.0,73.025505,929.1838,19.57,Drizzle: Moderate
2017-08-04 21:00:00+00:00,BOLU,14,27.301498,16.9515,0.2,11.792404,51.0,70.56324,928.9798,19.2,Drizzle: Light
2017-08-05 21:00:00+00:00,BOLU,14,28.651499,16.8515,0.2,5.8048253,51.0,75.676796,928.9155,20.38,Drizzle: Light
2017-08-06 21:00:00+00:00,BOLU,14,28.651499,18.3515,1.0,8.287822,53.0,77.78999,929.52985,21.47,Drizzle: Moderate
2017-08-07 21:00:00+00:00,BOLU,14,30.801498,18.2515,0.6,9.0645685,53.0,76.234856,932.8776,24.08,Drizzle: Moderate
2017-08-08 21:00:00+00:00,BOLU,14,30.9515,21.1015,1.2,10.383987,55.0,74.21177,934.5996,24.06,Drizzle: Dense
2017-08-09 21:00:00+00:00,BOLU,14,29.8515,19.8515,0.0,11.928989,2.0,73.35239,933.1893,23.17,Partly cloudy
2017-08-10 21:00:00+00:00,BOLU,14,27.801498,18.3515,0.6,10.383987,51.0,71.04543,930.6418,21.74,Drizzle: Light
2017-08-11 21:00:00+00:00,BOLU,14,29.0015,17.8515,0.0,7.8954163,1.0,66.39794,928.5681,22.5,Mainly clear
2017-08-12 21:00:00+00:00,BOLU,14,30.6015,16.6015,0.0,11.770403,1.0,69.57167,925.1679,25.77,Mainly clear
2017-08-13 21:00:00+00:00,BOLU,14,26.7015,17.2515,1.5000001,13.397612,51.0,78.120186,930.0241,22.53,Drizzle: Light
2017-08-14 21:00:00+00:00,BOLU,14,24.7015,15.9015,0.6,12.10157,51.0,80.028175,931.90845,17.59,Drizzle: Light
2017-08-15 21:00:00+00:00,BOLU,14,26.4515,16.6015,0.0,10.703569,3.0,73.29491,928.8051,22.63,Overcast
2017-08-16 21:00:00+00:00,BOLU,14,25.5015,18.301498,1.2,8.707237,53.0,78.33683,928.8066,18.63,Drizzle: Moderate
2017-08-17 21:00:00+00:00,BOLU,14,26.651499,17.2015,0.5,11.183201,51.0,76.905594,931.07477,20.52,Drizzle: Light
2017-08-18 21:00:00+00:00,BOLU,14,26.5015,17.2515,0.0,10.703569,3.0,76.71709,932.1682,22.12,Overcast
2017-08-19 21:00:00+00:00,BOLU,14,28.551498,17.0015,0.0,10.390226,3.0,76.00332,930.9255,24.68,Overcast
2017-08-20 21:00:00+00:00,BOLU,14,23.651499,17.1015,3.3000002,10.587917,55.0,84.728264,928.0322,13.4,Drizzle: Dense
2017-08-21 21:00:00+00:00,BOLU,14,21.7015,15.2015,2.6000001,13.089354,55.0,80.55172,929.09546,17.2,Drizzle: Dense
2017-08-22 21:00:00+00:00,BOLU,14,21.901499,14.4015,3.1,10.853866,61.0,77.093895,932.6142,18.38,Rain: Slight
2017-08-23 21:00:00+00:00,BOLU,14,22.8515,10.3515005,0.0,9.19939,3.0,73.10517,934.846,24.04,Overcast
2017-08-24 21:00:00+00:00,BOLU,14,24.151499,12.6015005,0.0,10.739832,3.0,74.09595,936.67334,21.33,Overcast
2017-08-25 21:00:00+00:00,BOLU,14,23.901499,14.0015,0.0,7.8954163,1.0,73.35236,934.85254,23.91,Mainly clear
2017-08-26 21:00:00+00:00,BOLU,14,25.6015,14.8515005,0.0,8.473393,1.0,70.02564,931.03906,24.29,Mainly clear
2017-08-27 21:00:00+00:00,BOLU,14,25.8515,16.151499,0.0,10.587917,3.0,73.12374,928.71246,21.15,Overcast
2017-08-28 21:00:00+00:00,BOLU,14,25.401499,15.4015,0.0,11.457958,3.0,70.96455,929.3513,18.76,Overcast
2017-08-29 21:00:00+00:00,BOLU,14,17.3515,12.6515,0.9000001,10.739832,51.0,84.366005,932.06665,7.62,Drizzle: Light
2017-08-30 21:00:00+00:00,BOLU,14,21.2515,10.2515,0.0,9.19939,2.0,70.1137,933.17896,23.93,Partly cloudy
2017-08-31 21:00:00+00:00,BOLU,14,23.401499,10.2515,0.0,9.028754,0.0,67.50436,931.7707,24.4,Clear sky
2017-09-01 21:00:00+00:00,BOLU,14,26.6015,13.5515,0.0,8.225035,0.0,48.647404,930.9694,24.4,Clear sky
2017-09-02 21:00:00+00:00,BOLU,14,31.4515,18.551498,0.0,8.4963045,0.0,37.32965,929.15546,24.1,Clear sky
2017-09-03 21:00:00+00:00,BOLU,14,31.5015,18.301498,0.0,13.1041975,3.0,44.89822,929.8835,23.4,Overcast
2017-09-04 21:00:00+00:00,BOLU,14,21.1015,15.8015,1.3000001,10.009036,51.0,80.40906,932.5153,9.26,Drizzle: Light
2017-09-05 21:00:00+00:00,BOLU,14,15.5015,10.3015,17.4,11.709688,63.0,86.97577,929.98975,7.82,Rain: Moderate
2017-09-06 21:00:00+00:00,BOLU,14,22.651499,10.0515,0.0,7.968939,0.0,59.376087,933.64594,22.93,Clear sky
2017-09-07 21:00:00+00:00,BOLU,14,26.9515,10.4515,0.0,7.928177,3.0,49.158543,932.3732,21.86,Overcast
2017-09-08 21:00:00+00:00,BOLU,14,29.1015,17.5015,0.0,10.829959,0.0,43.92061,932.51636,22.85,Clear sky
2017-09-09 21:00:00+00:00,BOLU,14,30.2515,20.151499,0.0,9.178235,1.0,46.33044,932.54877,21.38,Mainly clear
2017-09-10 21:00:00+00:00,BOLU,14,31.901499,16.8015,0.0,10.086427,0.0,46.812954,931.9617,22.43,Clear sky
2017-09-11 21:00:00+00:00,BOLU,14,32.8515,15.6515,0.0,14.182355,0.0,40.863598,929.7415,22.56,Clear sky
2017-09-12 21:00:00+00:00,BOLU,14,27.651499,17.2015,0.0,8.891343,0.0,58.574146,933.4839,21.96,Clear sky
2017-09-13 21:00:00+00:00,BOLU,14,27.4515,14.1015005,0.0,9.19939,0.0,66.47349,933.1058,21.29,Clear sky
2017-09-14 21:00:00+00:00,BOLU,14,29.4515,17.6015,0.0,6.8777895,1.0,63.21178,930.3886,20.13,Mainly clear
2017-09-15 21:00:00+00:00,BOLU,14,32.9515,18.2015,0.0,7.9932966,1.0,62.150227,931.9436,19.92,Mainly clear
2017-09-16 21:00:00+00:00,BOLU,14,32.3515,20.7515,0.0,7.6367526,0.0,57.297024,932.51074,19.73,Clear sky
2017-09-17 21:00:00+00:00,BOLU,14,30.401499,16.651499,0.0,8.905908,3.0,67.40573,931.5132,19.11,Overcast
2017-09-18 21:00:00+00:00,BOLU,14,31.5015,19.051498,0.0,9.007196,3.0,60.89558,930.02875,18.87,Overcast
2017-09-19 21:00:00+00:00,BOLU,14,32.1515,16.7515,0.0,8.891344,0.0,31.01589,930.62476,20.87,Clear sky
2017-09-20 21:00:00+00:00,BOLU,14,31.2015,16.3515,0.0,15.646544,3.0,44.1324,928.09076,18.24,Overcast
2017-09-21 21:00:00+00:00,BOLU,14,17.401499,13.4015,6.1000004,12.864649,63.0,80.604576,930.4334,15.43,Rain: Moderate
2017-09-22 21:00:00+00:00,BOLU,14,16.901499,10.3015,0.6,13.039754,51.0,75.91262,934.1938,14.45,Drizzle: Light
2017-09-23 21:00:00+00:00,BOLU,14,21.2015,9.4015,0.0,10.464797,3.0,69.87661,935.999,19.87,Overcast
2017-09-24 21:00:00+00:00,BOLU,14,25.301498,10.3015,0.0,8.825508,3.0,60.3873,933.57837,16.21,Overcast
2017-09-25 21:00:00+00:00,BOLU,14,22.7015,16.2015,0.4,10.086427,51.0,57.453136,931.585,11.36,Drizzle: Light
2017-09-26 21:00:00+00:00,BOLU,14,20.551498,12.5515,1.4,6.193674,51.0,83.52697,934.4843,12.89,Drizzle: Light
2017-09-27 21:00:00+00:00,BOLU,14,16.7015,11.3015,3.2999997,10.009036,51.0,90.27534,936.85297,7.1,Drizzle: Light
2017-09-28 21:00:00+00:00,BOLU,14,17.2015,10.9515,0.0,9.220499,3.0,84.79278,934.8113,8.56,Overcast
2017-09-29 21:00:00+00:00,BOLU,14,19.301498,10.4515,5.2,7.9036193,63.0,83.33092,931.64844,11.79,Rain: Moderate
2017-09-30 21:00:00+00:00,BOLU,14,18.7015,11.3515005,13.700001,10.446206,63.0,91.30305,931.85956,8.96,Rain: Moderate
2017-10-01 21:00:00+00:00,BOLU,14,12.4515,8.6515,10.199999,8.435069,63.0,93.607506,936.4876,2.87,Rain: Moderate
2017-10-02 21:00:00+00:00,BOLU,14,15.1015005,4.5515,0.0,7.9932966,3.0,75.60165,937.5253,16.7,Overcast
2017-10-03 21:00:00+00:00,BOLU,14,18.401499,6.2515,0.0,6.1305785,0.0,64.5936,937.00903,18.56,Clear sky
2017-10-04 21:00:00+00:00,BOLU,14,17.3515,6.5015,0.0,10.041354,1.0,63.08035,934.405,17.76,Mainly clear
2017-10-05 21:00:00+00:00,BOLU,14,20.7515,9.4015,0.0,11.753877,0.0,42.1518,927.67426,17.74,Clear sky
2017-10-06 21:00:00+00:00,BOLU,14,21.1015,9.3015,0.0,12.303366,3.0,46.289196,926.2225,11.99,Overcast
2017-10-07 21:00:00+00:00,BOLU,14,18.4515,8.2515,11.8,14.33234,63.0,77.56582,925.1779,4.67,Rain: Moderate
2017-10-08 21:00:00+00:00,BOLU,14,13.0015,5.3515,0.5,8.287822,51.0,77.733864,930.95197,11.68,Drizzle: Light
2017-10-09 21:00:00+00:00,BOLU,14,14.8015,5.9015,0.0,10.990322,3.0,78.97188,934.5733,13.8,Overcast
2017-10-10 21:00:00+00:00,BOLU,14,15.8015,6.3515,0.0,8.587338,3.0,75.795494,937.12427,15.63,Overcast
2017-10-11 21:00:00+00:00,BOLU,14,16.5515,6.2015,0.0,6.28713,0.0,60.007397,937.48456,16.71,Clear sky
2017-10-12 21:00:00+00:00,BOLU,14,17.551498,8.3515,0.0,7.42159,0.0,46.588673,936.1748,16.33,Clear sky
2017-10-13 21:00:00+00:00,BOLU,14,14.4515,6.9515,1.1,7.69592,51.0,72.63241,935.98016,9.09,Drizzle: Light
2017-10-14 21:00:00+00:00,BOLU,14,13.3515005,6.6015,0.1,6.792466,51.0,83.85796,940.227,7.6,Drizzle: Light
2017-10-15 21:00:00+00:00,BOLU,14,13.5515,7.6515,2.5,9.779817,53.0,89.97055,940.4996,3.98,Drizzle: Moderate
2017-10-16 21:00:00+00:00,BOLU,14,19.801498,7.1515,0.0,10.685391,2.0,65.8953,941.19855,15.52,Partly cloudy
2017-10-17 21:00:00+00:00,BOLU,14,21.051498,11.6015005,0.0,7.8954163,0.0,49.099686,938.5395,15.36,Clear sky
2017-10-18 21:00:00+00:00,BOLU,14,21.8515,12.0015,0.0,5.8048253,0.0,47.080013,935.3116,15.28,Clear sky
2017-10-19 21:00:00+00:00,BOLU,14,21.3515,13.3015,0.0,8.049845,1.0,43.069702,934.83405,15.13,Mainly clear
2017-10-20 21:00:00+00:00,BOLU,14,19.6015,11.1015005,0.0,7.5685663,2.0,49.22098,933.18304,14.91,Partly cloudy
2017-10-21 21:00:00+00:00,BOLU,14,18.7015,7.7515,0.0,11.212135,3.0,51.76331,930.82404,14.28,Overcast
2017-10-22 21:00:00+00:00,BOLU,14,20.4515,7.8015003,0.0,11.113451,3.0,55.65694,926.6735,13.59,Overcast
2017-10-23 21:00:00+00:00,BOLU,14,20.2015,7.8015003,0.3,14.799459,51.0,60.89264,923.9773,11.75,Drizzle: Light
2017-10-24 21:00:00+00:00,BOLU,14,18.7015,9.0515,9.6,7.6367526,63.0,83.11428,929.6514,6.45,Rain: Moderate
2017-10-25 21:00:00+00:00,BOLU,14,11.6515,8.7515,5.2,14.494192,61.0,93.51785,936.0049,2.47,Rain: Slight
2017-10-26 21:00:00+00:00,BOLU,14,16.901499,5.0515,0.0,9.983106,3.0,75.1655,932.28937,13.21,Overcast
2017-10-27 21:00:00+00:00,BOLU,14,16.8015,9.9515,0.5,14.372974,51.0,71.47993,923.85077,10.26,Drizzle: Light
2017-10-28 21:00:00+00:00,BOLU,14,11.5515,7.8015003,10.500002,14.05845,63.0,88.136086,920.66583,3.29,Rain: Moderate
2017-10-29 21:00:00+00:00,BOLU,14,9.5515,3.3515,6.8,18.947083,61.0,77.32256,923.12866,6.21,Rain: Slight
2017-10-30 21:00:00+00:00,BOLU,14,6.7515,0.9015,0.0,15.546833,2.0,68.40287,933.39056,11.53,Partly cloudy
2017-10-31 21:00:00+00:00,BOLU,14,6.3015003,0.45150006,0.1,8.766573,51.0,80.17115,937.03784,4.74,Drizzle: Light
2017-11-01 21:00:00+00:00,BOLU,14,11.0515,0.45150006,0.0,6.989936,0.0,65.15147,934.80664,13.08,Clear sky
2017-11-02 21:00:00+00:00,BOLU,14,13.1515,0.85150003,0.0,9.957108,3.0,48.226074,929.97687,12.99,Overcast
2017-11-03 21:00:00+00:00,BOLU,14,11.1015005,4.7515,0.0,8.049845,3.0,59.815197,931.8352,8.15,Overcast
2017-11-04 21:00:00+00:00,BOLU,14,11.9515,3.0514998,3.4,7.10031,53.0,80.5346,931.5613,7.08,Drizzle: Moderate
2017-11-05 21:00:00+00:00,BOLU,14,8.1515,6.3515,11.600002,12.181625,61.0,94.73048,931.68414,1.5,Rain: Slight
2017-11-06 21:00:00+00:00,BOLU,14,13.6515,4.8015,0.0,6.87779,1.0,76.971794,936.90375,11.3,Mainly clear
2017-11-07 21:00:00+00:00,BOLU,14,15.3515005,5.2015,0.0,6.8777895,0.0,59.206844,936.89606,11.85,Clear sky
2017-11-08 21:00:00+00:00,BOLU,14,17.0015,7.3015003,0.0,8.669949,2.0,59.33064,934.39667,11.43,Partly cloudy
2017-11-09 21:00:00+00:00,BOLU,14,11.0015,5.7015,0.1,9.007196,51.0,79.74935,934.3918,8.23,Drizzle: Light
2017-11-10 21:00:00+00:00,BOLU,14,13.0515,3.4515,0.1,9.387651,51.0,72.25222,932.98444,10.25,Drizzle: Light
2017-11-11 21:00:00+00:00,BOLU,14,15.5515,7.2515,0.0,16.45007,3.0,60.752888,931.9974,7.32,Overcast
2017-11-12 21:00:00+00:00,BOLU,14,17.3015,6.1515,0.4,11.200571,51.0,59.5549,928.0738,4.76,Drizzle: Light
2017-11-13 21:00:00+00:00,BOLU,14,16.9515,5.9015,0.0,9.585739,3.0,62.382763,928.79156,10.3,Overcast
2017-11-14 21:00:00+00:00,BOLU,14,17.0015,9.3015,0.0,6.130579,3.0,66.76591,935.86597,9.46,Overcast
2017-11-15 21:00:00+00:00,BOLU,14,17.6015,7.8515,0.0,6.638072,3.0,69.50675,935.7024,10.77,Overcast
2017-11-16 21:00:00+00:00,BOLU,14,16.9515,4.6015,0.0,7.2805495,3.0,69.319466,932.2446,10.85,Overcast
2017-11-17 21:00:00+00:00,BOLU,14,17.4515,5.2015,0.0,10.823973,3.0,55.45912,929.16626,8.08,Overcast
2017-11-18 21:00:00+00:00,BOLU,14,16.2015,7.0515003,0.0,11.298495,3.0,56.25478,925.1928,9.49,Overcast
2017-11-19 21:00:00+00:00,BOLU,14,12.3015,5.6015,4.8,15.315873,61.0,76.399666,921.2964,6.31,Rain: Slight
2017-11-20 21:00:00+00:00,BOLU,14,4.3515,-1.2985,42.400005,16.766108,75.0,94.11605,926.462,3.83,Snow fall: Heavy
2017-11-21 21:00:00+00:00,BOLU,14,3.0514998,-6.7985,7.1000004,9.504273,75.0,82.6472,931.5508,7.75,Snow fall: Heavy
2017-11-22 21:00:00+00:00,BOLU,14,4.2015,2.4015,21.2,6.439876,75.0,99.12302,932.67285,2.64,Snow fall: Heavy
2017-11-23 21:00:00+00:00,BOLU,14,7.8515,3.1015,3.4999998,8.942214,51.0,87.89945,935.4866,4.31,Drizzle: Light
2017-11-24 21:00:00+00:00,BOLU,14,11.3515005,2.1515,0.0,5.315336,0.0,66.58805,935.8027,9.78,Clear sky
2017-11-25 21:00:00+00:00,BOLU,14,11.5515,1.5515,0.0,8.891343,3.0,66.56716,933.6826,9.81,Overcast
2017-11-26 21:00:00+00:00,BOLU,14,12.5015,5.3015,0.70000005,11.841756,53.0,70.88604,929.9628,7.79,Drizzle: Moderate
2017-11-27 21:00:00+00:00,BOLU,14,11.6015005,4.8015,1.6000001,13.797912,53.0,77.04365,926.06934,7.5,Drizzle: Moderate
2017-11-28 21:00:00+00:00,BOLU,14,7.9515,2.0015001,1.5,11.269782,53.0,76.91777,930.4753,6.47,Drizzle: Moderate
2017-11-29 21:00:00+00:00,BOLU,14,10.9515,2.6515,0.0,13.493999,3.0,61.97259,933.5608,9.46,Overcast
2017-11-30 21:00:00+00:00,BOLU,14,14.8515005,7.3515,0.0,12.429127,3.0,63.520176,934.2078,8.4,Overcast
2017-12-01 21:00:00+00:00,BOLU,14,17.1015,7.4015,0.0,9.0,3.0,58.750706,934.5174,8.92,Overcast
2017-12-02 21:00:00+00:00,BOLU,14,18.2015,8.5015,0.0,8.759178,3.0,53.26634,936.011,8.54,Overcast
2017-12-03 21:00:00+00:00,BOLU,14,15.9015,7.7515,7.7000003,12.57426,61.0,65.03178,933.5578,5.63,Rain: Slight
2017-12-04 21:00:00+00:00,BOLU,14,8.3515,-0.8484999,26.6,9.47012,75.0,94.86032,932.18463,2.6,Snow fall: Heavy
2017-12-05 21:00:00+00:00,BOLU,14,1.3515,-2.5984998,6.599999,11.753877,73.0,88.647224,935.4787,5.7,Snow fall: Moderate
2017-12-06 21:00:00+00:00,BOLU,14,2.9515,-1.6985,3.4999998,11.013882,73.0,83.88305,938.2846,3.6,Snow fall: Moderate
2017-12-07 21:00:00+00:00,BOLU,14,9.5515,-0.39849997,0.0,9.220499,2.0,69.11604,937.26166,9.05,Partly cloudy
2017-12-08 21:00:00+00:00,BOLU,14,10.3015,1.8515,0.0,14.04,3.0,59.927235,932.48175,8.22,Overcast
2017-12-09 21:00:00+00:00,BOLU,14,11.0515,2.6515,10.2,21.67487,75.0,77.27064,929.5452,6.54,Snow fall: Heavy
2017-12-10 21:00:00+00:00,BOLU,14,10.9015,1.0015,0.1,11.91812,51.0,74.992905,936.0267,8.64,Drizzle: Light
2017-12-11 21:00:00+00:00,BOLU,14,13.7015,4.8015,0.0,7.2,3.0,64.21493,936.4096,8.51,Overcast
2017-12-12 21:00:00+00:00,BOLU,14,13.1515,5.4515,0.0,7.10031,2.0,60.4133,934.0247,8.69,Partly cloudy
2017-12-13 21:00:00+00:00,BOLU,14,12.8015,2.4515,0.0,8.587338,3.0,58.58511,929.4885,6.68,Overcast
2017-12-14 21:00:00+00:00,BOLU,14,12.9015,3.3515,0.0,9.585739,1.0,63.859116,930.3322,8.61,Mainly clear
2017-12-15 21:00:00+00:00,BOLU,14,12.1515,4.0515,0.0,21.313093,3.0,65.23116,929.4043,7.73,Overcast
2017-12-16 21:00:00+00:00,BOLU,14,13.2515,6.9015,2.0,19.959719,53.0,70.787895,928.1579,4.89,Drizzle: Moderate
2017-12-17 21:00:00+00:00,BOLU,14,10.8515005,4.4015,7.2999997,13.708391,55.0,92.62852,929.3497,0.98,Drizzle: Dense
2017-12-18 21:00:00+00:00,BOLU,14,9.5015,1.9015,1.4000001,14.021525,71.0,85.90872,932.4838,6.63,Snow fall: Slight
2017-12-19 21:00:00+00:00,BOLU,14,3.7015,0.45150006,4.2999997,7.9932966,73.0,93.09634,938.6438,3.36,Snow fall: Moderate
2017-12-20 21:00:00+00:00,BOLU,14,8.8015,-1.3484999,0.6,8.225035,73.0,83.59237,938.50684,6.54,Snow fall: Moderate
2017-12-21 21:00:00+00:00,BOLU,14,3.8014998,1.2515,8.399999,7.5685663,75.0,89.71884,935.5241,1.75,Snow fall: Heavy
2017-12-22 21:00:00+00:00,BOLU,14,1.9514999,-0.6485001,17.7,6.725354,75.0,94.578514,926.89014,2.91,Snow fall: Heavy
2017-12-23 21:00:00+00:00,BOLU,14,1.0015,-7.9985,1.2,9.0,73.0,82.38206,931.1674,6.63,Snow fall: Moderate
2017-12-24 21:00:00+00:00,BOLU,14,5.9515,-5.9484997,0.0,8.287822,3.0,71.004524,937.5495,9.1,Overcast
2017-12-25 21:00:00+00:00,BOLU,14,10.2015,-1.9485,0.0,6.9153743,3.0,51.03461,936.6176,9.23,Overcast
2017-12-26 21:00:00+00:00,BOLU,14,8.7515,0.5015,0.0,10.630672,3.0,47.05473,931.8444,9.18,Overcast
2017-12-27 21:00:00+00:00,BOLU,14,9.8515005,-1.0984999,0.0,12.959999,3.0,57.33311,927.388,8.2,Overcast
2017-12-28 21:00:00+00:00,BOLU,14,10.7515,2.0515,0.90000004,8.699793,51.0,68.47721,925.9732,5.81,Drizzle: Light
2017-12-29 21:00:00+00:00,BOLU,14,10.8515005,4.4015,5.6,11.570515,61.0,73.906364,925.1194,6.79,Rain: Slight
2017-12-30 21:00:00+00:00,BOLU,14,7.1515,2.4515,0.90000004,10.464797,51.0,88.8197,929.5786,5.03,Drizzle: Light
2017-12-31 21:00:00+00:00,BOLU,14,6.7515,-0.24849999,0.2,8.209263,71.0,81.05778,930.6992,6.1,Snow fall: Slight
2018-01-01 21:00:00+00:00,BOLU,14,11.5515,1.3015,0.0,8.473393,3.0,70.92451,926.3367,8.44,Overcast
2018-01-02 21:00:00+00:00,BOLU,14,10.6515,2.6515,2.1999998,10.829959,55.0,69.40788,923.3267,6.38,Drizzle: Dense
2018-01-03 21:00:00+00:00,BOLU,14,9.2015,1.6515,0.0,10.44,3.0,73.8868,920.18634,6.81,Overcast
2018-01-04 21:00:00+00:00,BOLU,14,7.9015,1.8015001,2.1,9.107359,53.0,80.3621,924.89984,5.37,Drizzle: Moderate
2018-01-05 21:00:00+00:00,BOLU,14,9.9515,0.101500034,0.7,7.729527,53.0,76.60923,934.19904,8.47,Drizzle: Moderate
2018-01-06 21:00:00+00:00,BOLU,14,12.3015,1.1515,0.0,7.7043357,0.0,60.73128,939.7194,9.4,Clear sky
2018-01-07 21:00:00+00:00,BOLU,14,11.6015005,3.1015,0.0,6.830519,3.0,57.07878,943.8125,8.85,Overcast
2018-01-08 21:00:00+00:00,BOLU,14,9.5515,3.0514998,0.0,6.2145634,3.0,68.43294,943.32074,6.38,Overcast
2018-01-09 21:00:00+00:00,BOLU,14,10.6515,-0.24849999,0.0,6.4799995,3.0,68.96903,937.0971,5.97,Overcast
2018-01-10 21:00:00+00:00,BOLU,14,12.0015,5.0515,0.1,9.360001,51.0,54.86844,927.4307,8.15,Drizzle: Light
2018-01-11 21:00:00+00:00,BOLU,14,10.1015005,5.2515,2.9999995,9.19939,53.0,82.222534,929.333,4.68,Drizzle: Moderate
2018-01-12 21:00:00+00:00,BOLU,14,8.5015,3.9515,2.1000001,8.209263,71.0,95.65409,932.2021,4.64,Snow fall: Slight
2018-01-13 21:00:00+00:00,BOLU,14,3.8014998,-1.1985,8.2,7.42159,73.0,89.699,932.065,2.9,Snow fall: Moderate
2018-01-14 21:00:00+00:00,BOLU,14,3.5015001,-0.94850004,0.1,5.8048253,71.0,68.05463,938.8598,6.73,Snow fall: Slight
2018-01-15 21:00:00+00:00,BOLU,14,5.8515,0.2515,4.8,11.91812,75.0,69.95205,932.60736,4.85,Snow fall: Heavy
2018-01-16 21:00:00+00:00,BOLU,14,7.8515,1.2515,0.4,15.315873,51.0,76.13984,922.804,7.14,Drizzle: Light
2018-01-17 21:00:00+00:00,BOLU,14,7.1015,-1.4485,26.500002,19.486609,75.0,85.7731,912.23627,1.84,Snow fall: Heavy
2018-01-18 21:00:00+00:00,BOLU,14,1.3515,-4.7985,16.3,13.397612,75.0,70.613625,926.5688,9.34,Snow fall: Heavy
2018-01-19 21:00:00+00:00,BOLU,14,5.9015,-5.9484997,0.0,14.24163,3.0,49.038525,928.3931,11.04,Overcast
2018-01-20 21:00:00+00:00,BOLU,14,8.0015,2.5015001,2.3,13.627795,73.0,72.438545,925.655,7.65,Snow fall: Moderate
2018-01-21 21:00:00+00:00,BOLU,14,8.1015,3.0514998,1.9000002,12.55879,53.0,76.2678,916.24774,5.16,Drizzle: Moderate
2018-01-22 21:00:00+00:00,BOLU,14,3.1515,-1.1985,5.6999984,8.759178,73.0,91.01611,926.4003,3.99,Snow fall: Moderate
2018-01-23 21:00:00+00:00,BOLU,14,0.60150003,-3.9484997,1.9000003,12.397806,71.0,79.09336,937.0136,8.0,Snow fall: Slight
2018-01-24 21:00:00+00:00,BOLU,14,-1.2985,-4.5485,0.0,14.186923,3.0,69.5655,937.50714,8.56,Overcast
2018-01-25 21:00:00+00:00,BOLU,14,0.9515,-5.1485,0.0,8.209263,3.0,70.143776,936.25287,8.57,Overcast
2018-01-26 21:00:00+00:00,BOLU,14,5.1015,-3.8985,0.0,5.4833565,3.0,77.65856,940.9191,10.76,Overcast
2018-01-27 21:00:00+00:00,BOLU,14,6.7015,-3.2484999,0.0,8.4042845,1.0,78.97444,941.94037,11.03,Mainly clear
2018-01-28 21:00:00+00:00,BOLU,14,7.0015,-2.8985,0.0,9.726665,2.0,76.64568,939.69556,11.06,Partly cloudy
2018-01-29 21:00:00+00:00,BOLU,14,11.6515,-1.5984999,0.0,10.308831,1.0,67.37661,936.16675,11.2,Mainly clear
2018-01-30 21:00:00+00:00,BOLU,14,9.3515,-0.8985001,0.0,9.826088,3.0,71.26828,936.7547,9.66,Overcast
2018-01-31 21:00:00+00:00,BOLU,14,13.0515,2.0015001,0.0,12.849528,1.0,46.222317,934.77057,12.07,Mainly clear
2018-02-01 21:00:00+00:00,BOLU,14,11.4015,3.9515,0.0,15.379206,3.0,55.395947,934.4629,9.27,Overcast
2018-02-02 21:00:00+00:00,BOLU,14,12.4015,4.4515,0.3,16.23596,51.0,69.52955,932.0469,8.97,Drizzle: Light
2018-02-03 21:00:00+00:00,BOLU,14,13.1515,6.6015,0.5,13.339445,51.0,57.124172,927.0861,3.11,Drizzle: Light
2018-02-04 21:00:00+00:00,BOLU,14,6.0515003,2.5015001,3.1000001,6.379216,53.0,94.287384,933.08636,3.62,Drizzle: Moderate
2018-02-05 21:00:00+00:00,BOLU,14,8.7515,1.8015001,1.9000001,6.439876,51.0,93.33762,934.26434,3.67,Drizzle: Light
2018-02-06 21:00:00+00:00,BOLU,14,14.1015005,4.6515,1.3000001,11.525623,55.0,66.16889,935.80145,12.6,Drizzle: Dense
2018-02-07 21:00:00+00:00,BOLU,14,15.6015005,6.9515,6.7,13.493999,61.0,70.095634,929.4597,9.51,Rain: Slight
2018-02-08 21:00:00+00:00,BOLU,14,12.0515,3.8014998,0.2,10.239453,51.0,75.32313,928.67694,12.09,Drizzle: Light
2018-02-09 21:00:00+00:00,BOLU,14,11.7015,3.7515001,3.1000001,7.5942073,55.0,71.372375,925.3008,7.26,Drizzle: Dense
2018-02-10 21:00:00+00:00,BOLU,14,13.2515,3.5015001,0.3,17.727943,51.0,69.01039,916.4937,8.88,Drizzle: Light
2018-02-11 21:00:00+00:00,BOLU,14,5.2515,1.2014999,5.0000005,10.086427,73.0,91.86321,923.96173,6.26,Snow fall: Moderate
2018-02-12 21:00:00+00:00,BOLU,14,5.2015,0.5015,1.6000001,10.163227,73.0,84.5461,928.45844,5.95,Snow fall: Moderate
2018-02-13 21:00:00+00:00,BOLU,14,10.1515,0.85150003,0.70000005,17.283749,71.0,62.492294,927.01935,9.22,Snow fall: Slight
2018-02-14 21:00:00+00:00,BOLU,14,10.9015,1.4515,0.0,12.181625,3.0,66.803696,931.0208,11.96,Overcast
2018-02-15 21:00:00+00:00,BOLU,14,13.1515,2.0515,1.2,7.072878,51.0,74.11434,933.29584,11.35,Drizzle: Light
2018-02-16 21:00:00+00:00,BOLU,14,6.4515,2.8014998,1.2000002,7.928177,51.0,94.070335,934.86444,5.57,Drizzle: Light
2018-02-17 21:00:00+00:00,BOLU,14,9.8515005,1.2515,0.4,6.28713,71.0,79.92373,933.12524,13.64,Snow fall: Slight
2018-02-18 21:00:00+00:00,BOLU,14,11.9515,2.7515001,0.0,7.754637,3.0,64.55151,929.35034,11.89,Overcast
2018-02-19 21:00:00+00:00,BOLU,14,11.7015,1.6515,0.6,9.449572,51.0,84.714714,927.0144,13.18,Drizzle: Light
2018-02-20 21:00:00+00:00,BOLU,14,12.2515,2.5514998,0.5,7.6367526,51.0,70.79879,924.8318,12.01,Drizzle: Light
2018-02-21 21:00:00+00:00,BOLU,14,13.7015,1.6015,3.1000001,9.511088,61.0,73.05047,924.4622,12.93,Rain: Slight
2018-02-22 21:00:00+00:00,BOLU,14,9.6515,3.8014998,0.4,6.9153743,51.0,88.12089,926.62335,5.99,Drizzle: Light
2018-02-23 21:00:00+00:00,BOLU,14,11.6515,2.6015,3.1000001,10.948973,73.0,89.48138,923.25104,11.32,Snow fall: Moderate
2018-02-24 21:00:00+00:00,BOLU,14,5.4515,0.7015,12.600001,13.679999,75.0,93.87113,921.8416,5.18,Snow fall: Heavy
2018-02-25 21:00:00+00:00,BOLU,14,10.0015,-2.0984998,1.0,11.165805,71.0,75.19962,919.9207,11.96,Snow fall: Slight
2018-02-26 21:00:00+00:00,BOLU,14,10.0515,3.2015,4.9999995,20.12461,53.0,75.9853,919.1148,12.18,Drizzle: Moderate
2018-02-27 21:00:00+00:00,BOLU,14,9.8015,-3.9984999,17.500002,24.336637,75.0,82.9432,922.3538,4.55,Snow fall: Heavy
2018-02-28 21:00:00+00:00,BOLU,14,-0.29849994,-4.4484997,1.6000003,12.181625,73.0,70.312355,931.6416,11.87,Snow fall: Moderate
2018-03-01 21:00:00+00:00,BOLU,14,12.3515005,-0.29849994,0.0,13.627795,3.0,54.18453,926.7297,13.56,Overcast
2018-03-02 21:00:00+00:00,BOLU,14,14.7515,4.9515,10.800001,24.448214,63.0,72.36093,919.9531,10.95,Rain: Moderate
2018-03-03 21:00:00+00:00,BOLU,14,11.3515005,4.9515,17.599998,14.77755,63.0,85.62208,919.5662,5.37,Rain: Moderate
2018-03-04 21:00:00+00:00,BOLU,14,13.1515,4.3515,0.0,10.703569,3.0,78.389885,924.8057,11.42,Overcast
2018-03-05 21:00:00+00:00,BOLU,14,14.7515,7.9015,4.7,16.92383,61.0,72.72741,921.3903,10.39,Rain: Slight
2018-03-06 21:00:00+00:00,BOLU,14,17.2515,6.9015,2.3000002,18.345877,55.0,67.14253,922.79755,10.84,Drizzle: Dense
2018-03-07 21:00:00+00:00,BOLU,14,12.0015,5.8515,9.3,11.753876,61.0,76.24571,920.49274,5.86,Rain: Slight
2018-03-08 21:00:00+00:00,BOLU,14,11.4015,5.1515,5.5999994,10.538843,55.0,80.407455,928.1286,13.64,Drizzle: Dense
2018-03-09 21:00:00+00:00,BOLU,14,12.6515,4.1515,0.0,8.557102,3.0,62.554108,931.08514,17.65,Overcast
2018-03-10 21:00:00+00:00,BOLU,14,13.9015,5.3015,0.0,8.14587,3.0,63.93999,930.163,12.24,Overcast
2018-03-11 21:00:00+00:00,BOLU,14,17.0015,5.6015,0.0,9.449572,3.0,60.954517,929.28735,18.23,Overcast
2018-03-12 21:00:00+00:00,BOLU,14,15.2015,6.1015,5.7999997,15.986595,61.0,69.28807,923.6955,9.36,Rain: Slight
2018-03-13 21:00:00+00:00,BOLU,14,12.9515,3.5015001,4.5,13.783817,55.0,77.60701,924.3532,15.47,Drizzle: Dense
2018-03-14 21:00:00+00:00,BOLU,14,11.7515,4.6015,3.6999998,10.495713,71.0,78.562195,925.5357,15.0,Snow fall: Slight
2018-03-15 21:00:00+00:00,BOLU,14,12.8515005,1.3015,0.1,11.525623,51.0,75.13033,928.02606,16.33,Drizzle: Light
2018-03-16 21:00:00+00:00,BOLU,14,18.3515,6.2515,0.0,14.654254,3.0,61.130188,927.0693,18.9,Overcast
2018-03-17 21:00:00+00:00,BOLU,14,20.2515,10.8515005,0.0,15.815435,3.0,53.01034,922.9971,9.46,Overcast
2018-03-18 21:00:00+00:00,BOLU,14,17.551498,8.8015,1.2,11.620809,51.0,65.254845,922.4333,12.22,Drizzle: Light
2018-03-19 21:00:00+00:00,BOLU,14,15.3515005,6.9015,3.8000002,20.523157,71.0,68.76143,922.23486,16.02,Snow fall: Slight
2018-03-20 21:00:00+00:00,BOLU,14,15.2515,5.6515,0.1,13.70839,51.0,62.61465,930.2175,20.19,Drizzle: Light
2018-03-21 21:00:00+00:00,BOLU,14,17.2015,6.4515,0.4,12.015589,51.0,53.7513,927.7324,14.28,Drizzle: Light
2018-03-22 21:00:00+00:00,BOLU,14,19.8515,9.6015005,0.4,24.627789,51.0,45.988743,915.4317,12.91,Drizzle: Light
2018-03-23 21:00:00+00:00,BOLU,14,9.5015,5.3515,5.8999996,12.0694,61.0,87.82843,917.03876,9.93,Rain: Slight
2018-03-24 21:00:00+00:00,BOLU,14,11.5515,3.1015,2.5,19.453327,61.0,82.198715,927.70044,16.17,Rain: Slight
2018-03-25 21:00:00+00:00,BOLU,14,15.8015,5.0015,0.0,19.164719,3.0,57.48589,930.8115,14.0,Overcast
2018-03-26 21:00:00+00:00,BOLU,14,16.2015,6.4515,1.9,18.328207,53.0,56.455654,926.5232,17.96,Drizzle: Moderate
2018-03-27 21:00:00+00:00,BOLU,14,18.8515,4.0515,1.5,10.308831,53.0,74.97257,924.9114,19.02,Drizzle: Moderate
2018-03-28 21:00:00+00:00,BOLU,14,8.9515,2.3515,33.0,10.636766,75.0,98.55033,921.3088,2.76,Snow fall: Heavy
2018-03-29 21:00:00+00:00,BOLU,14,11.6515,2.3515,1.1,7.9036193,71.0,80.74236,932.5517,16.43,Snow fall: Slight
2018-03-30 21:00:00+00:00,BOLU,14,16.8015,4.8515,0.0,10.483357,3.0,54.44125,933.75214,22.0,Overcast
2018-03-31 21:00:00+00:00,BOLU,14,20.301498,8.6015,0.0,20.991426,3.0,49.93752,925.7874,20.34,Overcast
2018-04-01 21:00:00+00:00,BOLU,14,13.9015,3.9015002,9.900001,13.708391,73.0,81.542854,926.1868,8.23,Snow fall: Moderate
2018-04-02 21:00:00+00:00,BOLU,14,11.6515,2.1015,0.0,8.647496,3.0,62.52151,935.8029,17.77,Overcast
2018-04-03 21:00:00+00:00,BOLU,14,17.8515,5.4015,0.0,6.924738,0.0,54.048187,935.9715,23.23,Clear sky
2018-04-04 21:00:00+00:00,BOLU,14,21.7015,10.0515,0.0,6.2145634,1.0,49.962128,931.5047,23.12,Mainly clear
2018-04-05 21:00:00+00:00,BOLU,14,22.901499,6.6015,0.0,8.4042845,3.0,51.808857,926.9336,22.85,Overcast
2018-04-06 21:00:00+00:00,BOLU,14,22.801498,6.5015,2.1,13.32,61.0,64.61143,927.44965,20.22,Rain: Slight
2018-04-07 21:00:00+00:00,BOLU,14,22.0015,8.0015,2.4,10.630672,55.0,68.86954,929.21625,18.16,Drizzle: Dense
2018-04-08 21:00:00+00:00,BOLU,14,18.551498,9.7015,2.7,9.290511,61.0,78.02212,930.1999,16.91,Rain: Slight
2018-04-09 21:00:00+00:00,BOLU,14,20.301498,8.7515,0.0,5.991594,3.0,69.76147,929.517,19.45,Overcast
2018-04-10 21:00:00+00:00,BOLU,14,22.3515,12.4015,1.5,8.647496,53.0,62.99101,928.6884,20.05,Drizzle: Moderate
2018-04-11 21:00:00+00:00,BOLU,14,20.2015,11.5015,0.6,15.1884165,51.0,72.69826,929.18646,17.46,Drizzle: Light
2018-04-12 21:00:00+00:00,BOLU,14,20.7515,10.2515,0.0,10.1376915,1.0,71.08123,931.0279,21.55,Mainly clear
2018-04-13 21:00:00+00:00,BOLU,14,21.301498,11.3015,0.0,7.0911775,1.0,65.166145,934.22894,21.74,Mainly clear
2018-04-14 21:00:00+00:00,BOLU,14,19.6015,8.9515,0.0,9.028754,1.0,63.140823,936.7464,24.99,Mainly clear
2018-04-15 21:00:00+00:00,BOLU,14,21.051498,9.1015,0.0,8.209263,3.0,48.220505,934.5173,24.82,Overcast
2018-04-16 21:00:00+00:00,BOLU,14,22.651499,6.9015,0.0,10.587917,3.0,47.536892,932.5975,24.35,Overcast
2018-04-17 21:00:00+00:00,BOLU,14,22.8515,12.7015,0.0,10.1887,3.0,59.557663,935.09546,24.25,Overcast
2018-04-18 21:00:00+00:00,BOLU,14,18.151499,8.2015,0.5,12.819235,51.0,74.89444,934.9392,24.06,Drizzle: Light
2018-04-19 21:00:00+00:00,BOLU,14,9.3015,4.2015,11.5,8.435069,61.0,86.16715,929.6945,7.89,Rain: Slight
2018-04-20 21:00:00+00:00,BOLU,14,12.4015,5.6515,0.6,14.113652,51.0,72.25712,932.5689,15.98,Drizzle: Light
2018-04-21 21:00:00+00:00,BOLU,14,18.401499,3.9015002,0.0,10.239453,0.0,60.367844,931.93,26.11,Clear sky
2018-04-22 21:00:00+00:00,BOLU,14,21.151499,11.1515,0.0,11.367109,0.0,48.35249,931.6267,26.31,Clear sky
2018-04-23 21:00:00+00:00,BOLU,14,20.901499,9.1515,0.5,10.105681,51.0,55.02235,932.78217,24.03,Drizzle: Light
2018-04-24 21:00:00+00:00,BOLU,14,22.2515,12.5515,0.0,8.0899935,2.0,53.109554,932.44116,23.53,Partly cloudy
2018-04-25 21:00:00+00:00,BOLU,14,22.9515,12.2015,0.0,9.178235,3.0,54.614807,930.54376,24.03,Overcast
2018-04-26 21:00:00+00:00,BOLU,14,23.301498,11.0015,0.0,7.172949,3.0,57.295597,929.9101,21.93,Overcast
2018-04-27 21:00:00+00:00,BOLU,14,22.2515,9.6515,0.0,10.233123,2.0,61.108593,933.69525,26.63,Partly cloudy
2018-04-28 21:00:00+00:00,BOLU,14,24.2515,11.4515,0.0,8.209263,3.0,58.97822,933.3821,25.23,Overcast
2018-04-29 21:00:00+00:00,BOLU,14,24.801498,12.6015005,0.0,5.0911684,3.0,57.71194,930.5505,25.38,Overcast
2018-04-30 21:00:00+00:00,BOLU,14,24.4515,11.9015,0.0,8.209263,3.0,62.46179,929.6336,24.59,Overcast
2018-05-01 21:00:00+00:00,BOLU,14,24.2515,12.7015,0.2,9.3876505,51.0,60.455826,929.8597,23.66,Drizzle: Light
2018-05-02 21:00:00+00:00,BOLU,14,23.1015,12.4515,2.2,9.686609,61.0,63.862774,928.97235,21.59,Rain: Slight
2018-05-03 21:00:00+00:00,BOLU,14,25.8515,12.4515,0.1,8.534353,51.0,59.21295,928.60645,23.71,Drizzle: Light
2018-05-04 21:00:00+00:00,BOLU,14,24.7015,11.9515,0.5,9.255571,51.0,66.42144,926.897,21.86,Drizzle: Light
2018-05-05 21:00:00+00:00,BOLU,14,19.2515,12.1515,9.599999,5.8603754,61.0,84.247856,925.8256,13.49,Rain: Slight
2018-05-06 21:00:00+00:00,BOLU,14,15.9015,10.7015,4.2,9.904906,53.0,88.64929,924.3061,10.7,Drizzle: Moderate
2018-05-07 21:00:00+00:00,BOLU,14,14.8515005,9.5515,4.5000005,11.726277,53.0,90.310005,920.3017,13.56,Drizzle: Moderate
2018-05-08 21:00:00+00:00,BOLU,14,14.9015,11.3515005,6.6999993,10.853866,61.0,93.85928,921.4009,7.3,Rain: Slight
2018-05-09 21:00:00+00:00,BOLU,14,16.5015,9.7015,4.9000006,14.205182,63.0,82.70106,923.4659,16.95,Rain: Moderate
2018-05-10 21:00:00+00:00,BOLU,14,15.4515,10.7515,4.6000004,12.074766,53.0,85.79758,924.61957,14.07,Drizzle: Moderate
2018-05-11 21:00:00+00:00,BOLU,14,14.2015,5.6015,4.9999995,9.904906,53.0,86.83581,926.85956,14.1,Drizzle: Moderate
2018-05-12 21:00:00+00:00,BOLU,14,16.3515,5.5015,0.0,6.489992,1.0,61.480007,927.83075,27.33,Mainly clear
2018-05-13 21:00:00+00:00,BOLU,14,19.051498,9.2515,0.1,12.43434,51.0,70.56786,930.1314,26.84,Drizzle: Light
2018-05-14 21:00:00+00:00,BOLU,14,21.9515,12.2515,0.0,9.0,1.0,57.166096,934.1658,27.27,Mainly clear
2018-05-15 21:00:00+00:00,BOLU,14,24.551498,14.1515,0.4,9.0,51.0,58.77649,934.3918,24.8,Drizzle: Light
2018-05-16 21:00:00+00:00,BOLU,14,24.7515,15.5015,1.3,14.332341,61.0,56.721966,934.4246,21.93,Rain: Slight
2018-05-17 21:00:00+00:00,BOLU,14,23.651499,14.1515,2.1,10.30883,53.0,64.56155,933.7383,17.61,Drizzle: Moderate
2018-05-18 21:00:00+00:00,BOLU,14,23.2515,14.4015,0.6,10.30883,51.0,61.504578,931.69696,22.89,Drizzle: Light
2018-05-19 21:00:00+00:00,BOLU,14,21.6015,12.9515,8.1,8.473393,63.0,76.20194,931.1082,19.81,Rain: Moderate
2018-05-20 21:00:00+00:00,BOLU,14,20.7015,12.5015,0.5,9.693296,51.0,84.14022,932.60565,20.63,Drizzle: Light
2018-05-21 21:00:00+00:00,BOLU,14,22.051498,11.0515,3.2,7.2,61.0,81.691345,932.39185,22.64,Rain: Slight
2018-05-22 21:00:00+00:00,BOLU,14,23.2515,14.0515,0.3,10.44,51.0,80.126434,934.3638,23.1,Drizzle: Light
2018-05-23 21:00:00+00:00,BOLU,14,24.051498,14.0015,2.9,7.6367526,63.0,76.62823,930.4529,24.4,Rain: Moderate
2018-05-24 21:00:00+00:00,BOLU,14,20.151499,15.3515005,10.4,11.874544,63.0,86.30311,926.8859,17.63,Rain: Moderate
2018-05-25 21:00:00+00:00,BOLU,14,20.3515,14.7015,1.6,9.178235,53.0,83.03304,928.8069,16.91,Drizzle: Moderate
2018-05-26 21:00:00+00:00,BOLU,14,20.401499,13.9015,1.6,6.3690495,53.0,87.01224,930.9668,18.26,Drizzle: Moderate
2018-05-27 21:00:00+00:00,BOLU,14,20.901499,15.5515,0.2,8.669949,51.0,84.33552,932.32324,14.4,Drizzle: Light
2018-05-28 21:00:00+00:00,BOLU,14,19.5015,14.8015,3.3,9.0,53.0,89.50236,930.85675,13.17,Drizzle: Moderate
2018-05-29 21:00:00+00:00,BOLU,14,20.551498,12.2015,0.90000004,11.885453,51.0,79.96702,929.54596,20.46,Drizzle: Light
2018-05-30 21:00:00+00:00,BOLU,14,17.551498,10.2515,4.1000004,10.805999,61.0,84.529366,929.11914,8.61,Rain: Slight
2018-05-31 21:00:00+00:00,BOLU,14,21.2015,10.9015,0.2,12.738099,51.0,74.75437,930.221,23.03,Drizzle: Light
2018-06-01 21:00:00+00:00,BOLU,14,22.4515,12.7015,0.0,11.709688,3.0,69.32234,931.93195,27.85,Overcast
2018-06-02 21:00:00+00:00,BOLU,14,21.7015,9.1515,0.1,7.5942073,51.0,76.67564,930.091,30.22,Drizzle: Light
2018-06-03 21:00:00+00:00,BOLU,14,23.2015,12.6515,0.0,10.739833,0.0,66.83194,927.52594,31.04,Clear sky
2018-06-04 21:00:00+00:00,BOLU,14,20.8515,14.0015,4.9,14.336861,63.0,66.841835,926.8296,21.05,Rain: Moderate
2018-06-05 21:00:00+00:00,BOLU,14,21.8515,14.9015,2.7,11.440978,53.0,71.57093,931.9675,23.79,Drizzle: Moderate
2018-06-06 21:00:00+00:00,BOLU,14,25.3515,16.5015,0.8,6.830519,53.0,64.729515,935.5782,25.03,Drizzle: Moderate
2018-06-07 21:00:00+00:00,BOLU,14,24.151499,15.8015,0.2,6.9153743,51.0,66.593376,935.5738,26.2,Drizzle: Light
2018-06-08 21:00:00+00:00,BOLU,14,27.1015,14.5015,0.0,9.028754,3.0,66.99996,930.9956,30.52,Overcast
2018-06-09 21:00:00+00:00,BOLU,14,28.7515,15.0515,0.0,8.669949,2.0,53.806675,925.1152,26.72,Partly cloudy
2018-06-10 21:00:00+00:00,BOLU,14,25.301498,16.5515,0.1,9.387651,51.0,78.276794,925.5618,23.57,Drizzle: Light
2018-06-11 21:00:00+00:00,BOLU,14,23.9515,14.7015,0.0,8.373386,3.0,73.29284,926.19025,29.15,Overcast
2018-06-12 21:00:00+00:00,BOLU,14,25.8515,15.0015,0.0,7.42159,1.0,62.995296,923.99115,28.31,Mainly clear
2018-06-13 21:00:00+00:00,BOLU,14,29.0015,17.8515,0.0,9.504273,3.0,60.646027,923.3559,26.51,Overcast
2018-06-14 21:00:00+00:00,BOLU,14,25.801498,16.1015,1.6,12.10157,55.0,64.4612,926.0676,25.3,Drizzle: Dense
2018-06-15 21:00:00+00:00,BOLU,14,26.301498,13.7515,3.8000002,11.457958,61.0,56.668518,926.6259,24.14,Rain: Slight
2018-06-16 21:00:00+00:00,BOLU,14,19.4515,14.4015,10.4000025,10.086427,61.0,82.09075,925.986,16.01,Rain: Slight
2018-06-17 21:00:00+00:00,BOLU,14,20.1015,13.8515005,1.3000001,10.594036,51.0,85.60027,926.1641,18.55,Drizzle: Light
2018-06-18 21:00:00+00:00,BOLU,14,21.6015,15.2015,11.3,8.404285,63.0,86.46444,928.3591,17.68,Rain: Moderate
2018-06-19 21:00:00+00:00,BOLU,14,23.0015,14.4015,1.0,8.913181,51.0,82.963066,931.8742,20.86,Drizzle: Light
2018-06-20 21:00:00+00:00,BOLU,14,22.801498,14.8515005,2.3000002,7.5942073,55.0,82.42069,932.12604,20.02,Drizzle: Dense
2018-06-21 21:00:00+00:00,BOLU,14,21.4515,15.7515,4.7000003,8.427383,55.0,84.00442,929.6923,21.61,Drizzle: Dense
2018-06-22 21:00:00+00:00,BOLU,14,22.151499,14.8015,8.4,13.237038,63.0,84.16069,929.68024,22.26,Rain: Moderate
2018-06-23 21:00:00+00:00,BOLU,14,20.4515,15.3515005,15.100002,10.883676,63.0,85.22054,931.7124,16.34,Rain: Moderate
2018-06-24 21:00:00+00:00,BOLU,14,21.7515,15.2015,13.600001,8.209263,63.0,88.91394,931.0686,15.01,Rain: Moderate
2018-06-25 21:00:00+00:00,BOLU,14,24.7515,15.8515005,0.1,8.089993,51.0,80.81759,928.5616,23.94,Drizzle: Light
2018-06-26 21:00:00+00:00,BOLU,14,27.551498,16.2015,0.5,10.799999,51.0,70.577034,926.29315,26.66,Drizzle: Light
2018-06-27 21:00:00+00:00,BOLU,14,28.551498,14.9015,1.6,9.693296,53.0,74.7283,923.5336,27.1,Drizzle: Moderate
2018-06-28 21:00:00+00:00,BOLU,14,23.4515,15.8015,0.1,12.979984,51.0,77.27667,923.6518,25.25,Drizzle: Light
2018-06-29 21:00:00+00:00,BOLU,14,21.801498,16.401499,1.1,12.413477,51.0,75.41834,923.5997,24.66,Drizzle: Light
2018-06-30 21:00:00+00:00,BOLU,14,23.301498,15.5015,1.5000001,9.3876505,51.0,77.637184,930.10223,23.59,Drizzle: Light
2018-07-01 21:00:00+00:00,BOLU,14,25.301498,15.0515,0.0,9.178235,3.0,74.60284,934.2031,29.73,Overcast
2018-07-02 21:00:00+00:00,BOLU,14,26.3515,15.2515,0.0,9.779817,0.0,56.935413,933.7539,30.92,Clear sky
2018-07-03 21:00:00+00:00,BOLU,14,26.2015,13.8515005,0.0,8.891343,0.0,55.16904,932.46747,30.25,Clear sky
2018-07-04 21:00:00+00:00,BOLU,14,25.401499,13.3015,0.0,10.137692,2.0,58.217667,930.134,29.92,Partly cloudy
2018-07-05 21:00:00+00:00,BOLU,14,24.7515,14.6515,0.0,10.233123,3.0,60.242523,929.1999,28.13,Overcast
2018-07-06 21:00:00+00:00,BOLU,14,25.7515,15.6515,0.0,7.7879906,2.0,66.007576,928.1929,26.27,Partly cloudy
2018-07-07 21:00:00+00:00,BOLU,14,25.2015,16.3515,1.2,8.654986,53.0,74.79854,926.87573,24.9,Drizzle: Moderate
2018-07-08 21:00:00+00:00,BOLU,14,25.6015,17.9515,0.1,7.5942073,51.0,81.19093,928.3055,23.4,Drizzle: Light
2018-07-09 21:00:00+00:00,BOLU,14,26.901499,16.901499,0.1,6.6087217,51.0,79.27459,929.38544,24.47,Drizzle: Light
2018-07-10 21:00:00+00:00,BOLU,14,27.401499,18.7515,0.0,10.805998,3.0,72.022964,930.13794,25.77,Overcast
2018-07-11 21:00:00+00:00,BOLU,14,25.3515,18.2015,1.9000001,9.826088,53.0,79.61279,930.68115,17.72,Drizzle: Moderate
2018-07-12 21:00:00+00:00,BOLU,14,27.151499,16.2015,0.6,9.178235,51.0,77.13007,930.0879,24.94,Drizzle: Light
2018-07-13 21:00:00+00:00,BOLU,14,23.301498,16.0515,1.2,10.086427,51.0,76.96394,929.1062,21.01,Drizzle: Light
2018-07-14 21:00:00+00:00,BOLU,14,23.651499,14.8515005,0.3,8.78872,51.0,73.999016,928.9736,24.13,Drizzle: Light
2018-07-15 21:00:00+00:00,BOLU,14,22.6015,13.0015,2.1999998,10.685391,55.0,76.91365,928.84283,23.42,Drizzle: Dense
2018-07-16 21:00:00+00:00,BOLU,14,25.7015,12.2015,0.0,10.08,0.0,60.29555,928.2692,28.79,Clear sky
2018-07-17 21:00:00+00:00,BOLU,14,23.3515,16.5515,5.1000004,12.144331,61.0,70.959236,924.8061,18.17,Rain: Slight
2018-07-18 21:00:00+00:00,BOLU,14,21.9515,13.2015,2.1,14.081478,53.0,80.45695,924.8514,23.02,Drizzle: Moderate
2018-07-19 21:00:00+00:00,BOLU,14,23.651499,14.5015,1.2,10.239453,51.0,76.60404,926.9668,23.04,Drizzle: Light
2018-07-20 21:00:00+00:00,BOLU,14,25.4515,16.2515,1.7,9.793059,53.0,79.82275,929.9077,23.88,Drizzle: Moderate
2018-07-21 21:00:00+00:00,BOLU,14,24.551498,15.3515005,0.90000004,9.885262,51.0,75.309006,929.81683,23.39,Drizzle: Light
2018-07-22 21:00:00+00:00,BOLU,14,28.0015,15.0515,0.0,8.049845,3.0,60.21892,925.7165,26.83,Overcast
2018-07-23 21:00:00+00:00,BOLU,14,24.901499,19.7015,2.8000002,12.7279215,61.0,65.15391,922.1765,20.46,Rain: Slight
2018-07-24 21:00:00+00:00,BOLU,14,23.8515,17.5015,4.2000003,8.707238,61.0,76.56899,923.28827,21.62,Rain: Slight
2018-07-25 21:00:00+00:00,BOLU,14,26.1015,14.6015005,0.9,10.1376915,53.0,72.86903,927.06934,25.86,Drizzle: Moderate
2018-07-26 21:00:00+00:00,BOLU,14,25.151499,15.9515,2.6,7.653705,61.0,82.49622,929.23114,22.56,Rain: Slight
2018-07-27 21:00:00+00:00,BOLU,14,23.901499,18.301498,10.200002,7.0911775,63.0,86.21911,928.2707,18.89,Rain: Moderate
2018-07-28 21:00:00+00:00,BOLU,14,25.801498,16.7515,0.1,6.763786,51.0,79.598724,927.2164,21.14,Drizzle: Light
2018-07-29 21:00:00+00:00,BOLU,14,26.7515,17.3015,0.3,8.089993,51.0,80.26492,927.70514,23.28,Drizzle: Light
2018-07-30 21:00:00+00:00,BOLU,14,27.3515,19.2515,1.8,5.8048253,55.0,80.43582,928.7928,20.26,Drizzle: Dense
2018-07-31 21:00:00+00:00,BOLU,14,26.901499,19.1015,2.0000002,9.346143,53.0,80.45052,930.5217,19.73,Drizzle: Moderate
2018-08-01 21:00:00+00:00,BOLU,14,25.801498,18.1015,2.3,10.30883,53.0,85.381744,931.40656,17.43,Drizzle: Moderate
2018-08-02 21:00:00+00:00,BOLU,14,25.4515,17.8515,1.3000001,9.0,53.0,81.47289,930.413,20.2,Drizzle: Moderate
2018-08-03 21:00:00+00:00,BOLU,14,25.801498,15.1015005,0.0,11.592894,3.0,73.92184,930.38995,26.04,Overcast
2018-08-04 21:00:00+00:00,BOLU,14,26.4515,16.151499,0.0,8.0899935,3.0,64.353355,931.4379,23.35,Overcast
2018-08-05 21:00:00+00:00,BOLU,14,26.901499,16.4515,0.0,6.763786,2.0,68.288826,931.9883,24.97,Partly cloudy
2018-08-06 21:00:00+00:00,BOLU,14,25.551498,17.5015,1.2,8.4963045,53.0,75.23071,931.8149,19.85,Drizzle: Moderate
2018-08-07 21:00:00+00:00,BOLU,14,26.2515,14.8015,0.0,10.8955765,3.0,69.81402,932.65625,24.61,Overcast
2018-08-08 21:00:00+00:00,BOLU,14,25.7515,16.6015,0.0,11.609651,3.0,74.50729,934.3199,22.77,Overcast
2018-08-09 21:00:00+00:00,BOLU,14,25.051498,15.3515005,0.0,11.212135,1.0,69.25368,935.2702,23.93,Mainly clear
2018-08-10 21:00:00+00:00,BOLU,14,24.4515,13.9515,0.0,10.739833,3.0,67.19771,933.62946,26.86,Overcast
2018-08-11 21:00:00+00:00,BOLU,14,24.5015,12.6515,0.0,11.525623,3.0,67.73455,933.249,26.32,Overcast
2018-08-12 21:00:00+00:00,BOLU,14,26.151499,13.4015,0.0,8.049845,0.0,57.478382,931.7483,27.06,Clear sky
2018-08-13 21:00:00+00:00,BOLU,14,27.7515,15.9015,0.0,6.9527545,0.0,47.055614,930.48724,26.38,Clear sky
2018-08-14 21:00:00+00:00,BOLU,14,28.9515,19.801498,0.0,8.049845,1.0,50.126816,929.28986,26.15,Mainly clear
2018-08-15 21:00:00+00:00,BOLU,14,29.8515,18.2015,0.0,9.387651,1.0,56.42275,928.95526,24.33,Mainly clear
2018-08-16 21:00:00+00:00,BOLU,14,30.301498,19.4515,0.0,7.9526596,3.0,55.94315,928.7295,22.68,Overcast
2018-08-17 21:00:00+00:00,BOLU,14,27.3515,18.6015,0.0,12.413477,2.0,62.797665,929.5817,21.73,Partly cloudy
2018-08-18 21:00:00+00:00,BOLU,14,26.3515,15.8015,0.0,12.031756,3.0,69.434,931.2539,22.29,Overcast
2018-08-19 21:00:00+00:00,BOLU,14,27.051498,16.401499,0.0,8.587338,1.0,64.81519,930.21246,24.7,Mainly clear
2018-08-20 21:00:00+00:00,BOLU,14,27.8515,15.4515,0.2,9.3876505,51.0,63.30872,930.8044,23.18,Drizzle: Light
2018-08-21 21:00:00+00:00,BOLU,14,28.7515,15.6515,0.0,9.290511,0.0,60.38216,932.5981,23.98,Clear sky
2018-08-22 21:00:00+00:00,BOLU,14,29.651499,17.551498,0.0,9.19939,1.0,44.311615,931.5765,24.73,Mainly clear
2018-08-23 21:00:00+00:00,BOLU,14,31.151499,18.651499,0.0,7.754637,0.0,45.030735,929.6846,24.34,Clear sky
2018-08-24 21:00:00+00:00,BOLU,14,30.801498,17.1015,0.0,12.303366,2.0,59.310505,928.06854,22.36,Partly cloudy
2018-08-25 21:00:00+00:00,BOLU,14,28.9515,19.0015,0.0,8.049845,3.0,74.02478,926.9197,21.2,Overcast
2018-08-26 21:00:00+00:00,BOLU,14,28.301498,19.2015,0.2,9.028754,51.0,78.105034,926.02905,20.1,Drizzle: Light
2018-08-27 21:00:00+00:00,BOLU,14,29.0015,19.801498,0.1,7.5599995,51.0,71.32339,927.5935,18.93,Drizzle: Light
2018-08-28 21:00:00+00:00,BOLU,14,26.051498,18.5015,0.0,11.620809,3.0,77.98638,929.67096,14.79,Overcast
2018-08-29 21:00:00+00:00,BOLU,14,27.901499,16.8015,0.8000001,7.754637,51.0,74.29905,931.9382,21.12,Drizzle: Light
2018-08-30 21:00:00+00:00,BOLU,14,29.4515,17.401499,0.0,10.365251,0.0,66.46343,933.7181,20.76,Clear sky
2018-08-31 21:00:00+00:00,BOLU,14,30.551498,19.051498,0.0,9.449572,1.0,53.227905,934.0506,21.19,Mainly clear
2018-09-01 21:00:00+00:00,BOLU,14,29.551498,19.151499,0.0,10.948973,2.0,45.248676,933.6233,23.5,Partly cloudy
2018-09-02 21:00:00+00:00,BOLU,14,29.2015,18.051498,0.0,9.726664,1.0,59.828033,930.89813,21.46,Mainly clear
2018-09-03 21:00:00+00:00,BOLU,14,28.4515,18.0015,0.2,13.661038,51.0,69.92004,928.2363,21.69,Drizzle: Light
2018-09-04 21:00:00+00:00,BOLU,14,27.7015,17.651499,4.4,11.620809,63.0,74.5942,926.824,20.52,Rain: Moderate
2018-09-05 21:00:00+00:00,BOLU,14,20.401499,15.5515,5.699999,17.057314,61.0,87.55579,925.4478,14.75,Rain: Slight
2018-09-06 21:00:00+00:00,BOLU,14,20.0015,13.5015,4.9,16.394829,55.0,80.61924,928.15485,15.76,Drizzle: Dense
2018-09-07 21:00:00+00:00,BOLU,14,22.2015,12.4515,0.6,8.089993,51.0,71.09733,931.15924,18.33,Drizzle: Light
2018-09-08 21:00:00+00:00,BOLU,14,21.9515,13.3515005,0.2,8.209263,51.0,66.57876,932.56494,19.26,Drizzle: Light
2018-09-09 21:00:00+00:00,BOLU,14,18.801498,12.6515,2.6,12.979984,53.0,84.10211,933.42554,15.62,Drizzle: Moderate
2018-09-10 21:00:00+00:00,BOLU,14,20.2515,12.5515,0.3,10.703569,51.0,73.111786,935.2034,19.6,Drizzle: Light
2018-09-11 21:00:00+00:00,BOLU,14,22.5015,12.0515,0.0,9.726664,2.0,67.2174,935.41766,21.43,Partly cloudy
2018-09-12 21:00:00+00:00,BOLU,14,23.8515,14.0515,1.8000001,12.43434,55.0,68.541336,930.721,15.7,Drizzle: Dense
2018-09-13 21:00:00+00:00,BOLU,14,21.2015,14.3515005,2.5999994,11.753877,53.0,81.79848,929.52637,13.64,Drizzle: Moderate
2018-09-14 21:00:00+00:00,BOLU,14,19.6015,13.4515,4.3999996,10.495713,53.0,88.05817,933.03986,12.24,Drizzle: Moderate
2018-09-15 21:00:00+00:00,BOLU,14,21.6015,10.8015,1.5,9.793059,51.0,75.81733,936.0025,16.41,Drizzle: Light
2018-09-16 21:00:00+00:00,BOLU,14,21.6015,12.8015,0.4,10.086427,51.0,79.99514,937.4821,15.32,Drizzle: Light
2018-09-17 21:00:00+00:00,BOLU,14,21.9515,12.3015,0.0,10.041354,3.0,77.57395,936.50287,16.7,Overcast
2018-09-18 21:00:00+00:00,BOLU,14,24.2515,13.2015,0.0,8.707237,0.0,64.90708,936.04865,20.55,Clear sky
2018-09-19 21:00:00+00:00,BOLU,14,25.3515,8.5015,0.0,7.145796,1.0,56.701843,933.9968,20.73,Mainly clear
2018-09-20 21:00:00+00:00,BOLU,14,24.551498,13.6515,0.0,6.28713,3.0,63.144573,933.5193,18.75,Overcast
2018-09-21 21:00:00+00:00,BOLU,14,25.6015,14.9015,0.0,7.7879906,3.0,60.833736,933.83374,19.89,Overcast
2018-09-22 21:00:00+00:00,BOLU,14,25.8515,14.9015,0.0,8.225035,3.0,55.11177,935.9941,19.77,Overcast
2018-09-23 21:00:00+00:00,BOLU,14,29.051498,15.7015,0.0,11.923557,0.0,47.131824,933.3535,19.92,Clear sky
2018-09-24 21:00:00+00:00,BOLU,14,17.801498,10.0515,4.799999,10.495713,53.0,73.76681,934.7426,5.97,Drizzle: Moderate
2018-09-25 21:00:00+00:00,BOLU,14,11.4515,8.5515,0.70000005,15.815435,51.0,82.87122,939.98834,5.75,Drizzle: Light
2018-09-26 21:00:00+00:00,BOLU,14,18.2515,8.5515,0.0,12.904882,3.0,76.4312,939.3679,12.73,Overcast
2018-09-27 21:00:00+00:00,BOLU,14,21.2015,8.6015,0.0,8.78872,3.0,75.15214,935.3928,18.48,Overcast
2018-09-28 21:00:00+00:00,BOLU,14,26.1015,14.8015,0.5,12.9249525,51.0,59.631733,931.77057,17.87,Drizzle: Light
2018-09-29 21:00:00+00:00,BOLU,14,23.901499,12.0015,0.2,9.885262,51.0,80.35331,932.1574,15.93,Drizzle: Light
2018-09-30 21:00:00+00:00,BOLU,14,23.2515,13.0515,0.7,14.33234,51.0,67.798454,929.1586,14.56,Drizzle: Light
2018-10-01 21:00:00+00:00,BOLU,14,20.5015,13.4515,0.3,14.773164,51.0,70.97048,933.02606,13.06,Drizzle: Light
2018-10-02 21:00:00+00:00,BOLU,14,23.151499,13.8015,0.0,10.483357,3.0,70.43665,935.498,16.56,Overcast
2018-10-03 21:00:00+00:00,BOLU,14,16.0015,10.4015,4.2999997,8.311245,55.0,92.74948,938.4409,5.83,Drizzle: Dense
2018-10-04 21:00:00+00:00,BOLU,14,17.5015,6.8515,0.3,12.074766,51.0,78.01917,942.36896,17.37,Drizzle: Light
2018-10-05 21:00:00+00:00,BOLU,14,20.401499,6.7515,0.0,5.8603754,0.0,61.30551,938.68475,17.77,Clear sky
2018-10-06 21:00:00+00:00,BOLU,14,21.3515,8.7015,0.0,6.87779,0.0,55.502777,932.89386,17.82,Clear sky
2018-10-07 21:00:00+00:00,BOLU,14,22.7515,11.7515,0.0,8.209263,0.0,48.062653,932.0925,17.29,Clear sky
2018-10-08 21:00:00+00:00,BOLU,14,21.4515,11.0515,0.0,8.12197,1.0,75.10619,933.7237,16.4,Mainly clear
2018-10-09 21:00:00+00:00,BOLU,14,19.2015,10.8015,0.1,10.105681,51.0,79.12991,935.2696,11.67,Drizzle: Light
2018-10-10 21:00:00+00:00,BOLU,14,20.0015,9.9015,1.6,9.085988,61.0,83.185135,934.9914,14.03,Rain: Slight
2018-10-11 21:00:00+00:00,BOLU,14,21.901499,11.8015,0.0,8.209263,3.0,77.430336,935.79443,13.88,Overcast
2018-10-12 21:00:00+00:00,BOLU,14,21.7015,12.7015,2.0,7.754637,61.0,82.11224,936.01984,12.66,Rain: Slight
2018-10-13 21:00:00+00:00,BOLU,14,20.0015,12.6015005,2.1,8.714677,53.0,85.73214,936.293,10.56,Drizzle: Moderate
2018-10-14 21:00:00+00:00,BOLU,14,21.651499,12.1515,0.3,5.6920996,51.0,76.92744,935.5662,12.86,Drizzle: Light
2018-10-15 21:00:00+00:00,BOLU,14,24.0015,12.6515,0.0,5.1165614,3.0,68.08456,935.74774,13.33,Overcast
2018-10-16 21:00:00+00:00,BOLU,14,22.7015,13.0015,0.0,6.8777895,3.0,77.42265,933.9024,13.28,Overcast
2018-10-17 21:00:00+00:00,BOLU,14,23.401499,11.2015,0.6,4.3498964,53.0,72.58596,932.5988,12.66,Drizzle: Moderate
2018-10-18 21:00:00+00:00,BOLU,14,22.401499,13.5515,1.3,6.3690495,61.0,73.783714,932.69385,12.01,Rain: Slight
2018-10-19 21:00:00+00:00,BOLU,14,17.3515,12.8015,12.1,7.10031,63.0,92.09026,932.19464,9.34,Rain: Moderate
2018-10-20 21:00:00+00:00,BOLU,14,14.0515,10.5015,9.8,8.714677,61.0,92.57587,931.3404,6.76,Rain: Slight
2018-10-21 21:00:00+00:00,BOLU,14,17.1015,8.7515,0.2,8.225035,51.0,81.106606,933.7585,11.23,Drizzle: Light
2018-10-22 21:00:00+00:00,BOLU,14,18.151499,8.1015,0.90000004,9.47012,51.0,78.589905,931.9226,11.61,Drizzle: Light
2018-10-23 21:00:00+00:00,BOLU,14,19.051498,9.1515,15.099999,15.03835,63.0,79.49921,922.19403,10.44,Rain: Moderate
2018-10-24 21:00:00+00:00,BOLU,14,9.7015,2.8014998,34.0,12.959999,75.0,93.96084,921.71735,2.88,Snow fall: Heavy
2018-10-25 21:00:00+00:00,BOLU,14,10.1015005,2.9015,0.90000004,11.966954,51.0,75.83109,931.79425,9.53,Drizzle: Light
2018-10-26 21:00:00+00:00,BOLU,14,15.0015,1.3015,0.0,9.9571085,3.0,63.713314,936.69403,13.64,Overcast
2018-10-27 21:00:00+00:00,BOLU,14,19.8515,3.0514998,0.0,5.4833565,3.0,56.560467,938.46405,13.9,Overcast
2018-10-28 21:00:00+00:00,BOLU,14,21.651499,5.3515,0.0,4.3498964,1.0,48.301716,938.2539,13.88,Mainly clear
2018-10-29 21:00:00+00:00,BOLU,14,22.3515,7.1515,0.0,4.829907,3.0,38.81796,938.4661,13.42,Overcast
2018-10-30 21:00:00+00:00,BOLU,14,21.301498,12.7015,0.0,5.937272,3.0,34.09843,941.00665,13.25,Overcast
2018-10-31 21:00:00+00:00,BOLU,14,21.551498,12.7015,0.0,6.989936,3.0,42.841908,942.3598,12.72,Overcast
2018-11-01 21:00:00+00:00,BOLU,14,20.8515,9.6515,0.0,7.5942082,3.0,49.619995,940.6713,12.84,Overcast
2018-11-02 21:00:00+00:00,BOLU,14,18.6015,6.7515,0.0,6.6185193,0.0,52.214905,938.30927,13.13,Clear sky
2018-11-03 21:00:00+00:00,BOLU,14,18.8515,4.0015,0.0,7.771331,0.0,63.31613,937.22504,12.48,Clear sky
2018-11-04 21:00:00+00:00,BOLU,14,17.2515,7.0515003,0.0,7.653705,3.0,66.46812,935.17255,12.44,Overcast
2018-11-05 21:00:00+00:00,BOLU,14,16.401499,8.0015,0.0,5.6002855,2.0,70.81788,934.4091,11.69,Partly cloudy
2018-11-06 21:00:00+00:00,BOLU,14,15.5015,7.0515003,0.0,5.315336,1.0,78.81365,935.07544,11.93,Mainly clear
2018-11-07 21:00:00+00:00,BOLU,14,15.2515,4.8015,0.0,6.2145634,3.0,79.01382,933.99384,11.53,Overcast
2018-11-08 21:00:00+00:00,BOLU,14,14.1515,6.2015,0.1,6.1305785,51.0,84.64416,934.0586,8.1,Drizzle: Light
2018-11-09 21:00:00+00:00,BOLU,14,15.6515,6.9515,0.0,6.162207,2.0,71.62432,933.40967,8.74,Partly cloudy
2018-11-10 21:00:00+00:00,BOLU,14,15.6515,8.3515,0.0,6.8399997,1.0,66.67622,935.74384,10.44,Mainly clear
2018-11-11 21:00:00+00:00,BOLU,14,13.5515,6.0515003,0.1,7.145796,51.0,72.05276,939.26605,9.47,Drizzle: Light
2018-11-12 21:00:00+00:00,BOLU,14,10.1015005,4.2015,0.2,8.669949,51.0,80.88308,939.94086,7.66,Drizzle: Light
2018-11-13 21:00:00+00:00,BOLU,14,7.1515,0.6515,0.0,8.209263,3.0,79.7908,936.12396,5.27,Overcast
2018-11-14 21:00:00+00:00,BOLU,14,6.4515,2.0015001,1.9000001,5.506941,51.0,84.02941,932.17413,3.66,Drizzle: Light
2018-11-15 21:00:00+00:00,BOLU,14,5.2015,2.3015,4.599999,10.630672,73.0,93.15753,934.1106,4.19,Snow fall: Moderate
2018-11-16 21:00:00+00:00,BOLU,14,9.0515,-0.69850004,1.1,5.0142193,51.0,77.99289,938.8471,8.11,Drizzle: Light
2018-11-17 21:00:00+00:00,BOLU,14,12.1515,4.4015,1.4000001,7.7043357,53.0,80.16186,935.205,8.08,Drizzle: Moderate
2018-11-18 21:00:00+00:00,BOLU,14,16.2515,9.7515,1.6,13.556282,61.0,70.05605,930.20294,6.9,Rain: Slight
2018-11-19 21:00:00+00:00,BOLU,14,15.9515,8.0515,0.8,10.691453,51.0,80.48013,934.4007,8.04,Drizzle: Light
2018-11-20 21:00:00+00:00,BOLU,14,15.0515,10.6015005,1.4000001,8.534353,53.0,76.85941,930.23364,4.95,Drizzle: Moderate
2018-11-21 21:00:00+00:00,BOLU,14,11.7015,6.4015,4.9,7.5685663,53.0,86.66465,928.67676,5.37,Drizzle: Moderate
2018-11-22 21:00:00+00:00,BOLU,14,7.6015,4.0515,1.5000001,9.19939,51.0,87.77252,935.16656,2.96,Drizzle: Light
2018-11-23 21:00:00+00:00,BOLU,14,10.2015,1.8515,0.0,8.209263,3.0,82.12812,937.29205,10.03,Overcast
2018-11-24 21:00:00+00:00,BOLU,14,11.4515,1.0515001,0.0,9.931042,3.0,62.239426,932.7548,9.35,Overcast
2018-11-25 21:00:00+00:00,BOLU,14,13.5015,2.7015,5.8,14.145756,63.0,66.48782,927.00287,7.88,Rain: Moderate
2018-11-26 21:00:00+00:00,BOLU,14,13.8015,8.2515,0.7,15.111424,53.0,76.426384,926.45215,3.64,Drizzle: Moderate
2018-11-27 21:00:00+00:00,BOLU,14,13.8515005,8.9015,17.599998,16.09969,63.0,78.00816,925.2485,2.15,Rain: Moderate
2018-11-28 21:00:00+00:00,BOLU,14,8.6015,3.7015,4.4999995,10.805999,55.0,94.30154,932.7181,2.24,Drizzle: Dense
2018-11-29 21:00:00+00:00,BOLU,14,3.4515,1.6015,12.399999,8.161764,75.0,94.54672,930.72363,1.98,Snow fall: Heavy
2018-11-30 21:00:00+00:00,BOLU,14,4.6015,1.8015001,0.2,6.1305785,71.0,92.55265,934.1525,2.85,Snow fall: Slight
2018-12-01 21:00:00+00:00,BOLU,14,10.9515,1.0515001,0.0,4.3498964,3.0,75.29665,934.3566,7.47,Overcast
2018-12-02 21:00:00+00:00,BOLU,14,12.5515,1.5515,0.0,4.3498964,3.0,70.81271,931.0368,6.97,Overcast
2018-12-03 21:00:00+00:00,BOLU,14,14.1515,4.7015,0.0,4.3498964,3.0,69.657646,926.21735,7.51,Overcast
2018-12-04 21:00:00+00:00,BOLU,14,9.1515,6.4515,5.5000005,5.1544156,53.0,84.99288,926.2769,1.92,Drizzle: Moderate
2018-12-05 21:00:00+00:00,BOLU,14,5.9515,2.5514998,10.199999,7.729527,73.0,91.808586,929.6243,1.78,Snow fall: Moderate
2018-12-06 21:00:00+00:00,BOLU,14,2.5015001,-0.5984999,3.1999998,8.557102,73.0,82.32703,932.6023,1.98,Snow fall: Moderate
2018-12-07 21:00:00+00:00,BOLU,14,8.0515,-1.5485,0.0,8.089993,3.0,60.83884,930.1164,9.04,Overcast
2018-12-08 21:00:00+00:00,BOLU,14,10.1015005,2.4515,5.8999996,11.966953,63.0,54.212173,926.6865,8.36,Rain: Moderate
2018-12-09 21:00:00+00:00,BOLU,14,9.9515,3.4015,4.7999997,14.404499,61.0,79.23026,920.5988,6.68,Rain: Slight
2018-12-10 21:00:00+00:00,BOLU,14,7.7015,0.20150006,11.400001,16.80857,73.0,87.04007,921.17456,2.06,Snow fall: Moderate
2018-12-11 21:00:00+00:00,BOLU,14,4.0015,-1.3484999,5.0000005,11.435313,75.0,81.832245,927.67365,5.23,Snow fall: Heavy
2018-12-12 21:00:00+00:00,BOLU,14,3.9015002,-3.7484999,0.0,12.10157,3.0,69.08935,934.6015,8.61,Overcast
2018-12-13 21:00:00+00:00,BOLU,14,7.8015003,1.1515,1.7,10.1887,71.0,71.808754,934.7949,5.81,Snow fall: Slight
2018-12-14 21:00:00+00:00,BOLU,14,11.8515005,5.7015,0.0,9.449572,3.0,75.76067,935.41644,6.85,Overcast
2018-12-15 21:00:00+00:00,BOLU,14,12.0515,4.4015,0.0,5.04,3.0,72.52741,931.2168,4.8,Overcast
2018-12-16 21:00:00+00:00,BOLU,14,11.3515005,3.6015,0.1,8.161764,51.0,74.46223,928.05023,4.69,Drizzle: Light
2018-12-17 21:00:00+00:00,BOLU,14,11.8515005,3.8014998,0.9,7.9526596,53.0,75.17,929.5813,6.75,Drizzle: Moderate
2018-12-18 21:00:00+00:00,BOLU,14,9.9515,0.8015,3.8000002,16.954432,55.0,87.73969,928.4742,5.6,Drizzle: Dense
2018-12-19 21:00:00+00:00,BOLU,14,3.1015,0.20150006,1.0000001,9.826088,71.0,92.91544,937.896,1.66,Snow fall: Slight
2018-12-20 21:00:00+00:00,BOLU,14,9.9515,-0.24849999,0.0,7.729527,3.0,81.35757,938.65356,8.44,Overcast
2018-12-21 21:00:00+00:00,BOLU,14,10.3515005,1.1015,0.0,9.693296,3.0,75.66955,935.79956,8.49,Overcast
2018-12-22 21:00:00+00:00,BOLU,14,6.5515003,2.3015,4.5,9.9571085,55.0,81.19739,933.1154,2.82,Drizzle: Dense
2018-12-23 21:00:00+00:00,BOLU,14,7.7015,-1.0485,4.3999996,14.494192,75.0,79.62316,931.9892,5.4,Snow fall: Heavy
2018-12-24 21:00:00+00:00,BOLU,14,7.8015003,-2.0485,18.099998,17.068707,75.0,83.20124,927.7351,1.56,Snow fall: Heavy
2018-12-25 21:00:00+00:00,BOLU,14,-0.5984999,-3.0485,4.0,6.1094027,73.0,86.79107,932.85376,5.21,Snow fall: Moderate
2018-12-26 21:00:00+00:00,BOLU,14,-1.2985,-3.9984999,2.4,6.849467,73.0,83.69576,933.3271,3.18,Snow fall: Moderate
2018-12-27 21:00:00+00:00,BOLU,14,1.7515,-3.2484999,1.1000001,7.5942073,71.0,82.954155,934.65533,6.14,Snow fall: Slight
2018-12-28 21:00:00+00:00,BOLU,14,1.1515,-5.6485,2.6000001,7.2,73.0,73.97003,930.90894,3.86,Snow fall: Moderate
2018-12-29 21:00:00+00:00,BOLU,14,1.4515,-1.8985001,4.6999993,7.5685663,73.0,87.10052,933.9426,4.09,Snow fall: Moderate
2018-12-30 21:00:00+00:00,BOLU,14,2.2515001,-6.6484995,0.0,6.162207,3.0,74.10171,934.72186,8.8,Overcast
2018-12-31 21:00:00+00:00,BOLU,14,3.8515,-10.6484995,0.1,5.1919937,71.0,68.908485,932.7102,6.31,Snow fall: Slight
2019-01-01 21:00:00+00:00,BOLU,14,6.8015003,-0.7485,2.5,5.95906,73.0,80.80895,924.1385,3.16,Snow fall: Moderate
2019-01-02 21:00:00+00:00,BOLU,14,5.8515,1.5515,9.8,8.669949,75.0,91.76828,922.8051,3.52,Snow fall: Heavy
2019-01-03 21:00:00+00:00,BOLU,14,5.3515,-5.0485,4.2999997,24.993437,75.0,83.04663,926.28815,3.81,Snow fall: Heavy
2019-01-04 21:00:00+00:00,BOLU,14,4.8015,-4.6984997,2.6999998,8.854829,73.0,79.079414,926.5799,4.71,Snow fall: Moderate
2019-01-05 21:00:00+00:00,BOLU,14,0.30149996,-2.8484998,11.5,7.289444,75.0,87.42423,920.684,2.37,Snow fall: Heavy
2019-01-06 21:00:00+00:00,BOLU,14,-0.04849994,-5.0985,1.1000001,7.729527,73.0,82.673836,927.2028,7.7,Snow fall: Moderate
2019-01-07 21:00:00+00:00,BOLU,14,-1.6485001,-5.4484997,3.1,8.0899935,73.0,85.772545,928.1153,4.6,Snow fall: Moderate
2019-01-08 21:00:00+00:00,BOLU,14,-2.0984998,-9.0985,0.4,13.202726,71.0,69.342674,927.696,9.9,Snow fall: Slight
2019-01-09 21:00:00+00:00,BOLU,14,5.0515,-3.8985,0.0,21.611998,3.0,62.579834,927.45386,4.25,Overcast
2019-01-10 21:00:00+00:00,BOLU,14,7.0015,2.0015001,3.8,21.2522,53.0,75.3828,928.9524,2.4,Drizzle: Moderate
2019-01-11 21:00:00+00:00,BOLU,14,7.6515,2.2015,6.1,13.627795,73.0,89.55178,925.97925,5.16,Snow fall: Moderate
2019-01-12 21:00:00+00:00,BOLU,14,2.2015,-0.44850004,9.400001,4.802999,75.0,96.38911,921.89874,2.95,Snow fall: Heavy
2019-01-13 21:00:00+00:00,BOLU,14,5.0515,0.5015,0.0,12.768586,3.0,82.67644,917.2487,5.33,Overcast
2019-01-14 21:00:00+00:00,BOLU,14,5.5515003,-0.7485,22.599998,8.647496,75.0,84.53957,914.37476,3.07,Snow fall: Heavy
2019-01-15 21:00:00+00:00,BOLU,14,-0.9985,-6.4484997,11.3,8.891343,75.0,85.06739,924.30475,6.15,Snow fall: Heavy
2019-01-16 21:00:00+00:00,BOLU,14,1.4515,-3.5485,6.1,8.049845,73.0,86.38214,931.9761,4.31,Snow fall: Moderate
2019-01-17 21:00:00+00:00,BOLU,14,5.0015,-6.1984997,0.0,7.9036193,0.0,63.826466,932.6348,11.17,Clear sky
2019-01-18 21:00:00+00:00,BOLU,14,4.8515,-2.0485,0.0,9.107359,3.0,69.69446,933.4443,10.14,Overcast
2019-01-19 21:00:00+00:00,BOLU,14,6.7515,-0.79849994,0.0,8.12197,3.0,64.01558,932.93536,10.89,Overcast
2019-01-20 21:00:00+00:00,BOLU,14,6.3515,1.6015,5.0000005,5.1919937,73.0,75.356026,930.6871,5.31,Snow fall: Moderate
2019-01-21 21:00:00+00:00,BOLU,14,5.4015,1.4515,0.3,7.8625183,71.0,87.24459,931.06445,10.29,Snow fall: Slight
2019-01-22 21:00:00+00:00,BOLU,14,8.1515,1.3515,0.0,13.1041975,3.0,74.74692,925.50824,9.6,Overcast
2019-01-23 21:00:00+00:00,BOLU,14,8.5015,2.6515,2.4,16.327497,71.0,67.54884,918.41626,8.19,Snow fall: Slight
2019-01-24 21:00:00+00:00,BOLU,14,9.9015,4.0015,0.2,11.681987,51.0,71.714966,922.5485,9.9,Drizzle: Light
2019-01-25 21:00:00+00:00,BOLU,14,7.9515,2.8014998,6.4999995,12.682018,71.0,79.72861,918.6299,4.54,Snow fall: Slight
2019-01-26 21:00:00+00:00,BOLU,14,7.1015,3.8515,0.70000005,10.691453,51.0,78.30273,921.0922,3.91,Drizzle: Light
2019-01-27 21:00:00+00:00,BOLU,14,9.6015005,1.4015,0.0,11.298495,1.0,70.43137,924.3127,11.11,Mainly clear
2019-01-28 21:00:00+00:00,BOLU,14,11.0515,4.2515,0.0,14.869351,3.0,63.23344,926.6748,10.34,Overcast
2019-01-29 21:00:00+00:00,BOLU,14,10.8015,3.6515002,0.0,11.901798,3.0,66.93201,923.7769,8.9,Overcast
2019-01-30 21:00:00+00:00,BOLU,14,9.8015,2.2015,1.1,17.643673,53.0,72.75183,922.2197,9.04,Drizzle: Moderate
2019-01-31 21:00:00+00:00,BOLU,14,6.3015003,-1.9485,7.299999,12.7279215,73.0,84.31692,927.54297,3.93,Snow fall: Moderate
2019-02-01 21:00:00+00:00,BOLU,14,10.0515,-2.4984999,0.0,9.360001,3.0,66.73313,933.7622,11.49,Overcast
2019-02-02 21:00:00+00:00,BOLU,14,13.0015,1.9514999,0.0,8.759178,3.0,62.245907,934.25415,11.67,Overcast
2019-02-03 21:00:00+00:00,BOLU,14,15.1015005,1.6515,0.0,4.198285,3.0,54.748158,934.9987,11.81,Overcast
2019-02-04 21:00:00+00:00,BOLU,14,15.9515,1.2515,0.0,5.4833565,3.0,55.675655,933.0618,12.44,Overcast
2019-02-05 21:00:00+00:00,BOLU,14,13.2015,1.9015,2.9,11.440978,61.0,66.02852,928.84686,8.18,Rain: Slight
2019-02-06 21:00:00+00:00,BOLU,14,5.9015,2.2515001,14.800001,7.127636,75.0,95.1999,928.9096,3.01,Snow fall: Heavy
2019-02-07 21:00:00+00:00,BOLU,14,6.0515003,1.9514999,6.0999994,5.0142193,73.0,94.94213,929.2612,4.27,Snow fall: Moderate
2019-02-08 21:00:00+00:00,BOLU,14,4.4015,1.7015,4.0999994,6.696387,73.0,89.946045,931.6604,3.21,Snow fall: Moderate
2019-02-09 21:00:00+00:00,BOLU,14,5.8015003,1.2515,0.0,6.5693827,3.0,89.8071,933.761,5.07,Overcast
2019-02-10 21:00:00+00:00,BOLU,14,10.6515,0.30149996,0.0,15.158522,3.0,60.079407,930.21014,12.48,Overcast
2019-02-11 21:00:00+00:00,BOLU,14,11.4515,1.9514999,0.0,20.929596,2.0,67.577965,927.09906,12.5,Partly cloudy
2019-02-12 21:00:00+00:00,BOLU,14,11.5015,1.5515,0.4,9.346143,51.0,85.961006,931.53784,7.46,Drizzle: Light
2019-02-13 21:00:00+00:00,BOLU,14,3.5514998,0.051499963,5.8,7.653705,73.0,88.09021,933.2116,2.91,Snow fall: Moderate
2019-02-14 21:00:00+00:00,BOLU,14,2.8014998,-1.0485,0.2,10.630672,71.0,82.99809,932.2668,5.89,Snow fall: Slight
2019-02-15 21:00:00+00:00,BOLU,14,3.5015001,0.35150003,0.1,8.209263,71.0,84.97274,936.9617,5.61,Snow fall: Slight
2019-02-16 21:00:00+00:00,BOLU,14,9.3515,-0.8484999,0.0,2.4149535,3.0,74.39721,937.57715,13.42,Overcast
2019-02-17 21:00:00+00:00,BOLU,14,11.1015005,-1.6485001,0.0,12.324414,1.0,65.39774,935.71124,14.5,Mainly clear
2019-02-18 21:00:00+00:00,BOLU,14,9.5015,-1.9485,0.0,11.525623,2.0,80.504845,935.56323,12.98,Partly cloudy
2019-02-19 21:00:00+00:00,BOLU,14,13.2015,-1.2985,0.0,9.028754,0.0,61.24129,932.79877,15.03,Clear sky
2019-02-20 21:00:00+00:00,BOLU,14,8.8015,-0.9985,0.4,9.983106,51.0,74.19254,934.14795,11.21,Drizzle: Light
2019-02-21 21:00:00+00:00,BOLU,14,10.1015005,-1.0485,0.0,14.904173,3.0,79.26054,931.1184,13.11,Overcast
2019-02-22 21:00:00+00:00,BOLU,14,6.8515,0.2515,2.6999996,11.113451,71.0,86.91531,932.5564,6.94,Snow fall: Slight
2019-02-23 21:00:00+00:00,BOLU,14,2.3015,-0.7485,0.0,8.647496,3.0,87.89618,939.27106,4.38,Overcast
2019-02-24 21:00:00+00:00,BOLU,14,11.0515,-0.5984999,0.0,8.714677,3.0,82.42605,938.2747,13.05,Overcast
2019-02-25 21:00:00+00:00,BOLU,14,8.8515,0.7015,0.0,11.440978,3.0,86.29267,929.7365,11.98,Overcast
2019-02-26 21:00:00+00:00,BOLU,14,1.4515,-2.7484999,9.700001,10.163227,73.0,86.93814,924.6035,5.61,Snow fall: Moderate
2019-02-27 21:00:00+00:00,BOLU,14,0.30149996,-5.0985,4.2,11.525623,73.0,84.68897,926.0562,5.15,Snow fall: Moderate
2019-02-28 21:00:00+00:00,BOLU,14,10.0515,-5.5985,0.0,18.430452,2.0,63.373947,922.90845,16.24,Partly cloudy
2019-03-01 21:00:00+00:00,BOLU,14,9.0515,0.7515,2.4,14.417988,53.0,82.211784,923.4526,8.51,Drizzle: Moderate
2019-03-02 21:00:00+00:00,BOLU,14,5.1015,0.8015,0.8000001,8.287822,51.0,90.34079,929.33527,7.26,Drizzle: Light
2019-03-03 21:00:00+00:00,BOLU,14,10.6015005,-1.2485,0.0,11.609651,3.0,81.60824,929.1109,14.3,Overcast
2019-03-04 21:00:00+00:00,BOLU,14,12.8015,3.1515,0.0,14.799459,3.0,57.86623,928.54144,17.29,Overcast
2019-03-05 21:00:00+00:00,BOLU,14,10.1515,2.7015,11.0,12.522619,73.0,75.690285,931.9111,6.48,Snow fall: Moderate
2019-03-06 21:00:00+00:00,BOLU,14,10.6515,1.7515,3.6,9.021574,75.0,69.49586,937.5642,17.43,Snow fall: Heavy
2019-03-07 21:00:00+00:00,BOLU,14,14.4515,2.5514998,0.0,8.089993,3.0,50.36726,937.51294,17.89,Overcast
2019-03-08 21:00:00+00:00,BOLU,14,16.0515,2.0515,0.0,11.298495,3.0,56.72208,935.8379,17.23,Overcast
2019-03-09 21:00:00+00:00,BOLU,14,14.4515,6.0015,0.4,14.440443,51.0,70.223946,932.9568,15.29,Drizzle: Light
2019-03-10 21:00:00+00:00,BOLU,14,16.901499,4.6015,0.0,14.113652,3.0,60.134808,928.26544,17.45,Overcast
2019-03-11 21:00:00+00:00,BOLU,14,14.9015,5.0515,3.5,22.218153,53.0,63.888042,924.2659,12.35,Drizzle: Moderate
2019-03-12 21:00:00+00:00,BOLU,14,8.3515,3.6515002,9.300001,7.9932966,55.0,94.56252,925.6182,3.6,Drizzle: Dense
2019-03-13 21:00:00+00:00,BOLU,14,12.8515005,2.1515,0.0,12.261157,3.0,86.22128,924.57196,13.15,Overcast
2019-03-14 21:00:00+00:00,BOLU,14,8.0515,2.8515,7.099999,10.594036,73.0,95.169304,921.50397,7.11,Snow fall: Moderate
2019-03-15 21:00:00+00:00,BOLU,14,6.0515003,1.5015,4.9,11.885453,73.0,78.24195,926.0699,10.46,Snow fall: Moderate
2019-03-16 21:00:00+00:00,BOLU,14,11.1515,3.5015001,5.7,11.440979,61.0,73.16855,930.8127,17.06,Rain: Slight
2019-03-17 21:00:00+00:00,BOLU,14,16.8015,0.7015,0.0,8.707237,1.0,69.02693,932.4155,18.06,Mainly clear
2019-03-18 21:00:00+00:00,BOLU,14,18.651499,5.7515,0.0,8.557102,1.0,57.20763,932.0781,18.98,Mainly clear
2019-03-19 21:00:00+00:00,BOLU,14,16.8515,5.8515,0.0,9.178235,3.0,57.372837,934.4212,19.65,Overcast
2019-03-20 21:00:00+00:00,BOLU,14,11.5015,1.8515,0.0,13.493999,3.0,66.770775,939.5764,16.87,Overcast
2019-03-21 21:00:00+00:00,BOLU,14,10.8015,2.2015,0.0,8.14587,3.0,73.87322,939.26337,17.25,Overcast
2019-03-22 21:00:00+00:00,BOLU,14,10.3015,0.051499963,0.6,14.021525,71.0,73.92943,934.7183,13.51,Snow fall: Slight
2019-03-23 21:00:00+00:00,BOLU,14,3.8014998,-1.4985,0.0,13.276144,3.0,71.13148,932.96216,9.04,Overcast
2019-03-24 21:00:00+00:00,BOLU,14,12.9515,-1.3985001,0.0,7.289445,1.0,62.618275,928.23724,21.53,Mainly clear
2019-03-25 21:00:00+00:00,BOLU,14,15.8515005,4.2015,0.0,6.989936,3.0,52.715816,925.1818,21.89,Overcast
2019-03-26 21:00:00+00:00,BOLU,14,11.1015005,0.35150003,0.0,10.630672,3.0,76.139275,931.69965,16.85,Overcast
2019-03-27 21:00:00+00:00,BOLU,14,8.6015,-0.24849999,0.0,11.440978,3.0,68.038475,937.2559,20.28,Overcast
2019-03-28 21:00:00+00:00,BOLU,14,5.9515,-1.7485,0.0,16.641972,3.0,73.15402,934.9121,16.23,Overcast
2019-03-29 21:00:00+00:00,BOLU,14,8.3515,-3.7985,0.0,12.496718,3.0,72.848175,930.90814,22.89,Overcast
2019-03-30 21:00:00+00:00,BOLU,14,11.1515,-2.1485,0.0,10.233123,3.0,73.48795,925.7075,20.48,Overcast
2019-03-31 21:00:00+00:00,BOLU,14,10.7015,1.7515,0.2,8.209263,71.0,82.0708,925.7717,12.41,Snow fall: Slight
2019-04-01 21:00:00+00:00,BOLU,14,13.2515,0.9515,0.0,12.904882,3.0,73.69754,929.5756,19.3,Overcast
2019-04-02 21:00:00+00:00,BOLU,14,10.7515,4.2515,0.5,10.086427,51.0,85.248604,930.8154,13.11,Drizzle: Light
2019-04-03 21:00:00+00:00,BOLU,14,13.6015005,3.8014998,1.0,10.464797,51.0,82.33889,929.156,18.94,Drizzle: Light
2019-04-04 21:00:00+00:00,BOLU,14,16.7515,5.0015,1.1,9.021574,55.0,71.49666,928.85645,20.05,Drizzle: Dense
2019-04-05 21:00:00+00:00,BOLU,14,18.901499,1.3015,0.0,12.72283,3.0,59.66876,926.04913,20.87,Overcast
2019-04-06 21:00:00+00:00,BOLU,14,17.0515,8.2015,0.2,9.422101,51.0,64.345985,925.8244,14.14,Drizzle: Light
2019-04-07 21:00:00+00:00,BOLU,14,18.7015,6.2015,8.299999,12.287555,63.0,73.60429,922.7925,18.01,Rain: Moderate
2019-04-08 21:00:00+00:00,BOLU,14,16.0515,5.9015,3.2,11.885453,61.0,67.09499,918.1279,16.94,Rain: Slight
2019-04-09 21:00:00+00:00,BOLU,14,14.6015005,7.1515,1.2,13.493999,53.0,65.344444,921.7033,16.51,Drizzle: Moderate
2019-04-10 21:00:00+00:00,BOLU,14,12.0015,6.7515,9.0,15.9134655,61.0,81.500015,925.70483,8.42,Rain: Slight
2019-04-11 21:00:00+00:00,BOLU,14,15.1515,4.4515,6.5,14.618837,61.0,71.92103,929.27423,15.37,Rain: Slight
2019-04-12 21:00:00+00:00,BOLU,14,17.901499,9.5515,1.7,13.441071,53.0,62.978466,929.07153,17.26,Drizzle: Moderate
2019-04-13 21:00:00+00:00,BOLU,14,14.5515,5.6515,6.1,9.028754,61.0,81.92759,924.73444,13.68,Rain: Slight
2019-04-14 21:00:00+00:00,BOLU,14,9.6015005,3.8515,3.799999,12.758432,53.0,90.86707,927.5336,10.59,Drizzle: Moderate
2019-04-15 21:00:00+00:00,BOLU,14,8.2515,3.7015,1.1,8.891343,51.0,87.223045,929.0801,7.26,Drizzle: Light
2019-04-16 21:00:00+00:00,BOLU,14,8.9015,0.2515,0.6,9.885262,51.0,80.4392,930.2924,13.75,Drizzle: Light
2019-04-17 21:00:00+00:00,BOLU,14,7.8015003,2.5015001,2.1000001,9.673221,51.0,84.14523,932.53516,8.62,Drizzle: Light
2019-04-18 21:00:00+00:00,BOLU,14,4.3015,0.9515,6.500001,13.0447235,73.0,89.14584,933.3779,8.51,Snow fall: Moderate
2019-04-19 21:00:00+00:00,BOLU,14,5.0015,0.60150003,10.6,12.682018,75.0,84.484726,934.0107,13.33,Snow fall: Heavy
2019-04-20 21:00:00+00:00,BOLU,14,6.1015,0.5015,7.9999995,10.829958,73.0,86.263405,933.8865,10.53,Snow fall: Moderate
2019-04-21 21:00:00+00:00,BOLU,14,10.7015,-2.3985,0.1,10.636766,51.0,74.41543,935.3837,20.61,Drizzle: Light
2019-04-22 21:00:00+00:00,BOLU,14,14.4015,0.45150006,0.0,5.8048253,3.0,50.0336,938.29425,23.6,Overcast
2019-04-23 21:00:00+00:00,BOLU,14,17.151499,3.6515002,2.8,10.315115,53.0,61.382233,940.0484,14.98,Drizzle: Moderate
2019-04-24 21:00:00+00:00,BOLU,14,19.401499,8.4515,0.0,11.043261,1.0,56.19515,938.8763,25.09,Mainly clear
2019-04-25 21:00:00+00:00,BOLU,14,18.2015,8.5015,0.0,12.783802,3.0,68.82575,934.8637,22.63,Overcast
2019-04-26 21:00:00+00:00,BOLU,14,19.301498,8.5015,0.0,8.854829,2.0,54.950687,931.5056,27.47,Partly cloudy
2019-04-27 21:00:00+00:00,BOLU,14,18.551498,9.6515,0.3,12.620554,51.0,57.018375,929.5894,20.71,Drizzle: Light
2019-04-28 21:00:00+00:00,BOLU,14,22.651499,9.2015,0.1,12.768586,51.0,57.279022,929.7537,23.12,Drizzle: Light
2019-04-29 21:00:00+00:00,BOLU,14,23.551498,14.1515,0.0,14.565548,1.0,48.89803,928.30426,25.37,Mainly clear
2019-04-30 21:00:00+00:00,BOLU,14,22.2515,10.2515,0.0,14.658676,3.0,55.083103,926.4246,24.06,Overcast
2019-05-01 21:00:00+00:00,BOLU,14,14.4015,8.2515,18.900002,14.773164,63.0,83.26365,925.4887,14.37,Rain: Moderate
2019-05-02 21:00:00+00:00,BOLU,14,14.8015,6.2515,1.5,9.387651,53.0,74.58263,928.41315,21.27,Drizzle: Moderate
2019-05-03 21:00:00+00:00,BOLU,14,19.551498,7.8015003,0.0,10.495713,3.0,54.7865,928.4844,26.42,Overcast
2019-05-04 21:00:00+00:00,BOLU,14,21.2515,11.1015005,1.4000001,16.199999,53.0,69.10514,927.70746,20.91,Drizzle: Moderate
2019-05-05 21:00:00+00:00,BOLU,14,22.5015,11.9015,0.1,12.144331,51.0,64.01599,924.6215,26.72,Drizzle: Light
2019-05-06 21:00:00+00:00,BOLU,14,18.1015,9.0515,2.9999998,14.529915,55.0,72.27793,923.4082,24.65,Drizzle: Dense
2019-05-07 21:00:00+00:00,BOLU,14,8.8515,6.4015,12.000002,12.641076,61.0,90.35656,928.9162,6.58,Rain: Slight
2019-05-08 21:00:00+00:00,BOLU,14,13.3515005,4.3515,0.2,10.495713,51.0,74.26408,928.4981,17.24,Drizzle: Light
2019-05-09 21:00:00+00:00,BOLU,14,15.2515,7.4515,5.1,15.856354,63.0,68.619804,925.96783,11.4,Rain: Moderate
2019-05-10 21:00:00+00:00,BOLU,14,14.2015,6.4015,3.7999997,10.966713,61.0,79.301765,929.4069,17.37,Rain: Slight
2019-05-11 21:00:00+00:00,BOLU,14,16.8015,4.4015,0.0,9.360001,2.0,75.42052,933.82623,21.81,Partly cloudy
2019-05-12 21:00:00+00:00,BOLU,14,22.301498,8.1515,0.0,9.605998,3.0,59.788822,933.4422,28.46,Overcast
2019-05-13 21:00:00+00:00,BOLU,14,25.7515,8.8515,0.0,9.605998,3.0,61.664867,932.01117,27.87,Overcast
2019-05-14 21:00:00+00:00,BOLU,14,28.301498,10.3515005,0.0,14.145756,2.0,64.311615,929.3853,28.08,Partly cloudy
2019-05-15 21:00:00+00:00,BOLU,14,25.7515,14.5515,0.3,9.085988,51.0,61.61865,927.8132,23.82,Drizzle: Light
2019-05-16 21:00:00+00:00,BOLU,14,26.8515,10.1515,0.4,9.346143,51.0,67.73345,925.4114,23.71,Drizzle: Light
2019-05-17 21:00:00+00:00,BOLU,14,18.551498,12.8015,7.1999993,10.805999,61.0,89.36114,924.0432,11.71,Rain: Slight
2019-05-18 21:00:00+00:00,BOLU,14,20.3515,12.1015005,8.900002,14.830076,61.0,78.11323,928.8769,21.09,Rain: Slight
2019-05-19 21:00:00+00:00,BOLU,14,26.5015,13.0515,0.0,9.449572,3.0,57.043655,930.73883,24.43,Overcast
2019-05-20 21:00:00+00:00,BOLU,14,25.3515,14.1015005,0.4,14.021525,51.0,61.12929,931.87494,21.94,Drizzle: Light
2019-05-21 21:00:00+00:00,BOLU,14,21.9515,13.6515,3.0,14.277983,53.0,67.24432,932.3086,21.8,Drizzle: Moderate
2019-05-22 21:00:00+00:00,BOLU,14,18.801498,14.5515,8.299999,9.360001,61.0,78.44529,930.4915,10.34,Rain: Slight
2019-05-23 21:00:00+00:00,BOLU,14,20.5015,11.8515005,4.2,14.081478,63.0,76.55968,925.5014,21.47,Rain: Moderate
2019-05-24 21:00:00+00:00,BOLU,14,17.1015,12.2515,5.9999995,14.05845,63.0,85.11118,928.915,22.49,Rain: Moderate
2019-05-25 21:00:00+00:00,BOLU,14,19.8515,9.1015,0.0,8.766573,2.0,71.92053,933.3135,23.46,Partly cloudy
2019-05-26 21:00:00+00:00,BOLU,14,24.901499,10.3015,0.0,9.387651,3.0,66.583855,933.86597,29.33,Overcast
2019-05-27 21:00:00+00:00,BOLU,14,29.0015,12.3515005,0.0,8.225035,2.0,57.803646,932.1552,28.81,Partly cloudy
2019-05-28 21:00:00+00:00,BOLU,14,30.0015,16.1015,0.0,14.33234,2.0,57.65753,931.41315,27.13,Partly cloudy
2019-05-29 21:00:00+00:00,BOLU,14,26.151499,16.8515,0.0,8.287822,3.0,69.71436,934.34,28.38,Overcast
2019-05-30 21:00:00+00:00,BOLU,14,25.651499,14.2015,0.0,7.6367526,2.0,73.5888,933.2732,28.9,Partly cloudy
2019-05-31 21:00:00+00:00,BOLU,14,24.1015,13.5515,2.5,10.390226,61.0,81.37836,931.33545,21.2,Rain: Slight
2019-06-01 21:00:00+00:00,BOLU,14,23.801498,17.2515,2.3999999,9.673221,61.0,84.10069,931.4067,16.58,Rain: Slight
2019-06-02 21:00:00+00:00,BOLU,14,26.051498,16.0015,0.3,13.53236,51.0,72.975395,932.55695,26.94,Drizzle: Light
2019-06-03 21:00:00+00:00,BOLU,14,23.801498,12.3515005,3.7,11.304229,61.0,70.206825,930.75586,24.81,Rain: Slight
2019-06-04 21:00:00+00:00,BOLU,14,22.9515,15.2515,0.1,7.928177,51.0,78.86579,931.1379,23.38,Drizzle: Light
2019-06-05 21:00:00+00:00,BOLU,14,22.4515,14.6515,1.2,8.39657,55.0,80.08774,932.6934,21.8,Drizzle: Dense
2019-06-06 21:00:00+00:00,BOLU,14,23.401499,14.2515,0.7,9.449572,53.0,81.045944,934.27094,23.11,Drizzle: Moderate
2019-06-07 21:00:00+00:00,BOLU,14,24.8515,14.6515,0.0,8.311245,2.0,74.28312,935.04926,27.24,Partly cloudy
2019-06-08 21:00:00+00:00,BOLU,14,23.901499,14.2015,0.4,10.30883,51.0,70.06292,933.2673,24.96,Drizzle: Light
2019-06-09 21:00:00+00:00,BOLU,14,24.7015,15.9015,4.4,10.1887,63.0,81.20609,929.54364,20.38,Rain: Moderate
2019-06-10 21:00:00+00:00,BOLU,14,23.0015,15.1515,3.9,5.937272,63.0,81.12295,927.7662,21.04,Rain: Moderate
2019-06-11 21:00:00+00:00,BOLU,14,21.7015,15.1015005,14.599999,10.636766,63.0,90.651855,928.6848,15.09,Rain: Moderate
2019-06-12 21:00:00+00:00,BOLU,14,22.7515,13.7515,7.8999996,10.931203,63.0,86.724,930.7911,21.79,Rain: Moderate
2019-06-13 21:00:00+00:00,BOLU,14,20.901499,15.1515,8.800001,7.42159,61.0,89.00671,931.3017,15.23,Rain: Slight
2019-06-14 21:00:00+00:00,BOLU,14,23.801498,13.8015,3.3,8.587338,61.0,83.198326,929.1323,20.77,Rain: Slight
2019-06-15 21:00:00+00:00,BOLU,14,21.651499,15.4515,9.599999,6.5693827,63.0,87.68781,928.1253,15.79,Rain: Moderate
2019-06-16 21:00:00+00:00,BOLU,14,23.7015,14.0015,0.6,6.696387,51.0,84.20144,928.40137,19.28,Drizzle: Light
2019-06-17 21:00:00+00:00,BOLU,14,23.2015,17.151499,3.7,7.5942082,61.0,84.77587,929.594,20.2,Rain: Slight
2019-06-18 21:00:00+00:00,BOLU,14,22.9515,14.8515005,2.3999999,8.217153,53.0,83.911156,929.1568,20.48,Drizzle: Moderate
2019-06-19 21:00:00+00:00,BOLU,14,21.7015,16.0515,2.4999998,7.2,51.0,88.21191,928.5149,16.21,Drizzle: Light
2019-06-20 21:00:00+00:00,BOLU,14,21.0015,13.9515,8.9,6.489992,61.0,90.63346,930.0615,13.18,Rain: Slight
2019-06-21 21:00:00+00:00,BOLU,14,25.551498,16.7015,0.2,11.525623,51.0,74.25326,931.37177,25.16,Drizzle: Light
2019-06-22 21:00:00+00:00,BOLU,14,25.051498,13.2515,0.0,11.709688,3.0,75.57531,932.86426,27.82,Overcast
2019-06-23 21:00:00+00:00,BOLU,14,26.051498,14.9515,0.0,9.726664,0.0,68.68844,933.0142,29.08,Clear sky
2019-06-24 21:00:00+00:00,BOLU,14,26.9515,16.3015,0.0,8.891343,3.0,76.09335,933.5744,26.72,Overcast
2019-06-25 21:00:00+00:00,BOLU,14,26.2015,17.6015,1.5,6.618519,53.0,81.300415,934.7463,23.85,Drizzle: Moderate
2019-06-26 21:00:00+00:00,BOLU,14,27.0015,18.4515,0.0,8.587338,2.0,76.71613,932.59576,27.54,Partly cloudy
2019-06-27 21:00:00+00:00,BOLU,14,26.0015,15.4015,0.0,9.885262,2.0,66.22842,927.82635,31.45,Partly cloudy
2019-06-28 21:00:00+00:00,BOLU,14,20.401499,13.8015,2.7000003,12.0694,53.0,79.256004,930.7251,23.13,Drizzle: Moderate
2019-06-29 21:00:00+00:00,BOLU,14,18.0015,10.6015005,1.4000001,11.681987,51.0,77.38018,934.1125,22.72,Drizzle: Light
2019-06-30 21:00:00+00:00,BOLU,14,22.801498,9.9515,0.0,10.086427,1.0,71.90244,935.2912,30.9,Mainly clear
2019-07-01 21:00:00+00:00,BOLU,14,28.4515,12.6515,0.0,7.5942073,0.0,57.97444,931.56305,31.08,Clear sky
2019-07-02 21:00:00+00:00,BOLU,14,28.9515,15.2515,0.0,9.449572,0.0,57.28754,930.95856,30.92,Clear sky
2019-07-03 21:00:00+00:00,BOLU,14,29.1015,17.801498,0.0,7.9526596,1.0,60.97711,933.4314,28.57,Mainly clear
2019-07-04 21:00:00+00:00,BOLU,14,24.301498,17.7515,4.2999997,7.729527,61.0,80.6496,932.34015,20.98,Rain: Slight
2019-07-05 21:00:00+00:00,BOLU,14,24.301498,14.9515,0.0,10.182337,3.0,77.922165,929.86676,25.82,Overcast
2019-07-06 21:00:00+00:00,BOLU,14,26.2515,15.2515,0.0,8.669949,0.0,64.52596,929.17725,29.9,Clear sky
2019-07-07 21:00:00+00:00,BOLU,14,27.551498,16.7515,0.0,12.144331,2.0,58.633972,928.6198,30.67,Partly cloudy
2019-07-08 21:00:00+00:00,BOLU,14,26.2515,16.2015,0.2,6.489992,51.0,67.20951,930.99445,28.61,Drizzle: Light
2019-07-09 21:00:00+00:00,BOLU,14,26.401499,18.2015,10.5,9.504273,63.0,70.674484,927.4426,24.21,Rain: Moderate
2019-07-10 21:00:00+00:00,BOLU,14,22.0015,15.3015,18.099998,8.311245,63.0,88.431786,924.5428,13.53,Rain: Moderate
2019-07-11 21:00:00+00:00,BOLU,14,19.551498,13.7015,1.4000002,11.457958,51.0,80.45579,928.00397,21.99,Drizzle: Light
2019-07-12 21:00:00+00:00,BOLU,14,20.0015,11.5515,0.0,10.009036,3.0,69.988396,928.70605,25.09,Overcast
2019-07-13 21:00:00+00:00,BOLU,14,22.5015,10.4515,8.2,8.669949,63.0,68.687,924.18604,14.7,Rain: Moderate
2019-07-14 21:00:00+00:00,BOLU,14,16.8015,12.8515005,12.1,16.981165,61.0,92.053955,924.2779,12.2,Rain: Slight
2019-07-15 21:00:00+00:00,BOLU,14,22.551498,11.9515,0.0,9.085988,3.0,72.8785,926.79517,25.77,Overcast
2019-07-16 21:00:00+00:00,BOLU,14,21.7515,13.7515,11.4,6.519877,61.0,83.54475,924.34766,14.02,Rain: Slight
2019-07-17 21:00:00+00:00,BOLU,14,21.7015,14.6015005,10.800001,8.707237,63.0,82.51524,927.37305,17.83,Rain: Moderate
2019-07-18 21:00:00+00:00,BOLU,14,24.1015,13.4015,0.0,8.587338,1.0,73.43191,932.4754,27.97,Mainly clear
2019-07-19 21:00:00+00:00,BOLU,14,24.6015,12.7515,0.0,7.289444,1.0,73.086205,933.736,23.76,Mainly clear
2019-07-20 21:00:00+00:00,BOLU,14,23.2515,14.0515,0.0,10.086427,3.0,74.81099,934.9191,27.45,Overcast
2019-07-21 21:00:00+00:00,BOLU,14,24.2015,12.9015,0.0,12.475961,3.0,73.290504,934.6573,24.93,Overcast
2019-07-22 21:00:00+00:00,BOLU,14,24.551498,12.3515005,0.0,11.966954,1.0,70.871925,931.1247,27.11,Mainly clear
2019-07-23 21:00:00+00:00,BOLU,14,24.151499,13.6515,1.1,9.021574,51.0,74.53667,929.03973,23.9,Drizzle: Light
2019-07-24 21:00:00+00:00,BOLU,14,22.8515,14.4515,1.4000001,7.5942082,51.0,79.46467,932.7099,22.6,Drizzle: Light
2019-07-25 21:00:00+00:00,BOLU,14,25.1015,13.6515,0.0,7.771331,0.0,66.356026,931.2822,27.74,Clear sky
2019-07-26 21:00:00+00:00,BOLU,14,27.051498,16.3015,0.0,7.8954163,1.0,68.76008,926.8362,27.08,Mainly clear
2019-07-27 21:00:00+00:00,BOLU,14,27.151499,17.6015,0.0,7.5942082,1.0,72.31347,925.7415,26.08,Mainly clear
2019-07-28 21:00:00+00:00,BOLU,14,30.0015,18.6015,0.4,10.829958,51.0,68.99937,924.07837,27.92,Drizzle: Light
2019-07-29 21:00:00+00:00,BOLU,14,25.151499,17.5015,0.3,11.885453,51.0,76.73733,925.08856,24.28,Drizzle: Light
2019-07-30 21:00:00+00:00,BOLU,14,26.9515,18.0015,0.1,8.049845,51.0,78.38752,927.8641,24.83,Drizzle: Light
2019-07-31 21:00:00+00:00,BOLU,14,28.7515,17.8515,0.0,10.495713,1.0,70.57285,928.5107,25.33,Mainly clear
2019-08-01 21:00:00+00:00,BOLU,14,25.651499,17.5015,0.8000001,10.799999,51.0,72.61471,929.39777,23.69,Drizzle: Light
2019-08-02 21:00:00+00:00,BOLU,14,27.2515,16.8515,0.0,10.739833,3.0,72.80985,927.0274,27.04,Overcast
2019-08-03 21:00:00+00:00,BOLU,14,21.3515,15.5515,10.5,12.245294,63.0,81.4166,926.5698,15.38,Rain: Moderate
2019-08-04 21:00:00+00:00,BOLU,14,20.301498,12.5515,1.1,10.144082,51.0,78.04023,930.45966,20.19,Drizzle: Light
2019-08-05 21:00:00+00:00,BOLU,14,22.7515,12.5515,0.0,10.009036,0.0,67.4815,932.49927,27.77,Clear sky
2019-08-06 21:00:00+00:00,BOLU,14,25.2515,13.7515,0.0,9.422101,0.0,61.037525,933.4456,28.28,Clear sky
2019-08-07 21:00:00+00:00,BOLU,14,27.1015,16.1015,0.0,7.42159,0.0,58.83534,932.07635,27.89,Clear sky
2019-08-08 21:00:00+00:00,BOLU,14,27.6015,17.2015,0.0,6.28713,2.0,57.692596,930.1879,27.83,Partly cloudy
2019-08-09 21:00:00+00:00,BOLU,14,27.1015,13.5515,0.0,10.990322,3.0,64.99824,931.91473,27.41,Overcast
2019-08-10 21:00:00+00:00,BOLU,14,27.8515,16.1015,0.0,8.942214,0.0,63.24399,933.35114,27.5,Clear sky
2019-08-11 21:00:00+00:00,BOLU,14,30.1015,18.7015,0.0,9.957108,0.0,53.529453,931.95,27.27,Clear sky
2019-08-12 21:00:00+00:00,BOLU,14,31.0015,18.401499,0.0,7.92,0.0,46.4104,929.3674,27.37,Clear sky
2019-08-13 21:00:00+00:00,BOLU,14,35.101498,21.7515,0.0,7.172949,3.0,48.94995,927.14355,25.43,Overcast
2019-08-14 21:00:00+00:00,BOLU,14,29.901499,19.801498,0.0,8.647496,3.0,67.12263,926.7779,15.36,Overcast
2019-08-15 21:00:00+00:00,BOLU,14,26.4515,18.801498,4.1,10.383987,61.0,78.68022,929.0301,19.54,Rain: Slight
2019-08-16 21:00:00+00:00,BOLU,14,22.651499,16.5515,4.2,11.631956,61.0,84.52039,929.49896,17.32,Rain: Slight
2019-08-17 21:00:00+00:00,BOLU,14,19.2515,13.5015,9.600001,10.086427,63.0,82.730125,931.02997,11.82,Rain: Moderate
2019-08-18 21:00:00+00:00,BOLU,14,22.0015,10.6015005,0.2,12.181624,51.0,78.19513,933.48566,20.47,Drizzle: Light
2019-08-19 21:00:00+00:00,BOLU,14,23.651499,14.0515,0.4,10.483357,51.0,79.74581,934.5207,16.89,Drizzle: Light
2019-08-20 21:00:00+00:00,BOLU,14,21.4515,16.3515,9.0,9.693296,61.0,89.42698,933.1558,11.3,Rain: Slight
2019-08-21 21:00:00+00:00,BOLU,14,24.1015,16.0015,9.099999,10.105681,61.0,86.09765,933.6385,17.83,Rain: Slight
2019-08-22 21:00:00+00:00,BOLU,14,26.7515,15.1515,0.4,10.182337,51.0,80.23232,934.5386,23.73,Drizzle: Light
2019-08-23 21:00:00+00:00,BOLU,14,27.1015,15.8015,0.0,11.709688,1.0,72.34073,935.1673,23.38,Mainly clear
2019-08-24 21:00:00+00:00,BOLU,14,27.0015,18.301498,0.0,12.096214,1.0,70.76045,934.2631,22.6,Mainly clear
2019-08-25 21:00:00+00:00,BOLU,14,27.401499,16.9515,0.0,11.457958,0.0,70.46773,934.19165,22.58,Clear sky
2019-08-26 21:00:00+00:00,BOLU,14,26.1015,15.6515,0.0,12.313894,0.0,71.58043,934.40576,24.3,Clear sky
2019-08-27 21:00:00+00:00,BOLU,14,26.2015,14.2515,0.0,9.1641035,0.0,69.85667,934.29926,24.44,Clear sky
2019-08-28 21:00:00+00:00,BOLU,14,24.8515,17.901499,0.3,8.049845,51.0,72.70167,933.48773,21.8,Drizzle: Light
2019-08-29 21:00:00+00:00,BOLU,14,24.401499,15.7015,0.3,12.397806,51.0,79.862816,933.38617,19.54,Drizzle: Light
2019-08-30 21:00:00+00:00,BOLU,14,24.6015,13.0015,0.0,9.449572,3.0,78.129616,931.6324,20.11,Overcast
2019-08-31 21:00:00+00:00,BOLU,14,26.2015,15.6515,0.0,7.7043357,2.0,69.60782,929.21747,21.09,Partly cloudy
2019-09-01 21:00:00+00:00,BOLU,14,26.4515,16.401499,0.0,7.7043357,2.0,70.956795,930.471,20.62,Partly cloudy
2019-09-02 21:00:00+00:00,BOLU,14,27.1015,16.7515,0.1,6.519877,51.0,66.45855,930.03564,18.19,Drizzle: Light
2019-09-03 21:00:00+00:00,BOLU,14,25.551498,14.5015,0.0,9.255571,3.0,73.88036,929.6081,20.8,Overcast
2019-09-04 21:00:00+00:00,BOLU,14,25.1015,14.4515,0.0,10.514218,2.0,63.252728,929.9287,23.94,Partly cloudy
2019-09-05 21:00:00+00:00,BOLU,14,24.2515,13.0515,0.5,11.753877,51.0,78.28599,931.481,19.47,Drizzle: Light
2019-09-06 21:00:00+00:00,BOLU,14,22.6015,11.4515,0.0,11.384198,3.0,73.01722,932.48096,21.03,Overcast
2019-09-07 21:00:00+00:00,BOLU,14,24.551498,12.9015,0.0,9.885262,3.0,70.6006,932.00836,21.14,Overcast
2019-09-08 21:00:00+00:00,BOLU,14,24.051498,13.0515,0.0,6.989936,1.0,69.61512,931.3235,21.92,Mainly clear
2019-09-09 21:00:00+00:00,BOLU,14,25.9515,13.4015,0.0,9.114471,3.0,68.41849,931.05493,20.16,Overcast
2019-09-10 21:00:00+00:00,BOLU,14,25.9515,15.3515005,0.0,9.793059,2.0,68.196465,933.64606,20.31,Partly cloudy
2019-09-11 21:00:00+00:00,BOLU,14,25.6015,15.1515,0.2,8.825508,51.0,76.36074,935.4277,19.97,Drizzle: Light
2019-09-12 21:00:00+00:00,BOLU,14,22.9515,13.8015,0.0,11.609651,3.0,73.87543,934.8907,18.19,Overcast
2019-09-13 21:00:00+00:00,BOLU,14,22.301498,11.3015,0.0,12.413477,3.0,69.939316,935.5508,22.06,Overcast
2019-09-14 21:00:00+00:00,BOLU,14,21.9515,9.0015,0.0,15.379206,3.0,73.1833,936.7194,19.45,Overcast
2019-09-15 21:00:00+00:00,BOLU,14,22.2015,10.8515005,0.0,6.9153743,3.0,73.3034,933.877,17.97,Overcast
2019-09-16 21:00:00+00:00,BOLU,14,23.801498,12.8515005,0.0,10.30883,2.0,59.49481,932.46735,21.97,Partly cloudy
2019-09-17 21:00:00+00:00,BOLU,14,28.5015,15.1515,0.0,11.212135,0.0,40.26205,932.9583,21.94,Clear sky
2019-09-18 21:00:00+00:00,BOLU,14,25.7015,13.8015,0.0,11.246759,0.0,58.55641,933.5391,21.08,Clear sky
2019-09-19 21:00:00+00:00,BOLU,14,20.2015,11.4015,5.9,13.661038,55.0,86.25617,931.41473,15.74,Drizzle: Dense
2019-09-20 21:00:00+00:00,BOLU,14,13.8015,6.2015,2.8000002,10.853866,51.0,78.24083,937.69684,14.92,Drizzle: Light
2019-09-21 21:00:00+00:00,BOLU,14,18.7015,3.6515002,0.0,8.350138,1.0,63.536743,936.934,21.09,Mainly clear
2019-09-22 21:00:00+00:00,BOLU,14,22.651499,7.7515,0.0,8.825508,3.0,49.165432,932.53784,20.67,Overcast
2019-09-23 21:00:00+00:00,BOLU,14,23.901499,13.8515005,0.0,9.028754,3.0,47.092102,929.32367,18.45,Overcast
2019-09-24 21:00:00+00:00,BOLU,14,19.801498,13.4015,1.8000002,9.449572,53.0,84.1573,927.3366,11.35,Drizzle: Moderate
2019-09-25 21:00:00+00:00,BOLU,14,22.301498,12.8015,0.0,10.086427,3.0,80.73438,930.18506,17.11,Overcast
2019-09-26 21:00:00+00:00,BOLU,14,19.651499,13.0515,2.6,11.367109,53.0,83.81834,931.5645,11.28,Drizzle: Moderate
2019-09-27 21:00:00+00:00,BOLU,14,19.151499,9.9515,1.0,9.085988,51.0,85.60055,935.25543,10.52,Drizzle: Light
2019-09-28 21:00:00+00:00,BOLU,14,21.901499,11.4515,0.0,9.746631,0.0,68.782845,933.26416,19.18,Clear sky
2019-09-29 21:00:00+00:00,BOLU,14,25.1015,12.3515005,0.0,8.225035,0.0,58.59683,930.634,19.21,Clear sky
2019-09-30 21:00:00+00:00,BOLU,14,23.8515,12.8515005,0.0,8.427383,0.0,56.72659,930.9502,18.83,Clear sky
2019-10-01 21:00:00+00:00,BOLU,14,26.8515,12.4515,0.0,10.365251,0.0,53.99944,929.0213,18.84,Clear sky
2019-10-02 21:00:00+00:00,BOLU,14,25.2015,11.8015,0.0,11.200571,0.0,49.930134,928.72614,18.31,Clear sky
2019-10-03 21:00:00+00:00,BOLU,14,26.901499,12.7015,0.0,10.853866,0.0,41.665867,929.27277,18.21,Clear sky
2019-10-04 21:00:00+00:00,BOLU,14,20.9515,13.2015,3.3,20.898613,53.0,67.52854,925.4028,11.79,Drizzle: Moderate
2019-10-05 21:00:00+00:00,BOLU,14,13.4515,8.8515,16.900002,19.770523,63.0,91.5223,926.1279,6.68,Rain: Moderate
2019-10-06 21:00:00+00:00,BOLU,14,18.401499,5.8515,0.0,12.144331,3.0,69.24227,928.41034,17.01,Overcast
2019-10-07 21:00:00+00:00,BOLU,14,16.6015,9.7515,5.8999996,11.298495,55.0,89.89974,932.2697,6.23,Drizzle: Dense
2019-10-08 21:00:00+00:00,BOLU,14,20.4515,8.6015,0.0,7.6367526,3.0,81.70302,937.7834,17.05,Overcast
2019-10-09 21:00:00+00:00,BOLU,14,21.7515,12.9515,0.0,10.853866,2.0,75.13735,935.1055,16.46,Partly cloudy
2019-10-10 21:00:00+00:00,BOLU,14,20.2015,12.1015005,1.6000001,11.212135,53.0,75.882484,937.27563,14.49,Drizzle: Moderate
2019-10-11 21:00:00+00:00,BOLU,14,20.301498,12.6015005,0.2,8.0899935,51.0,81.55766,940.1484,15.76,Drizzle: Light
2019-10-12 21:00:00+00:00,BOLU,14,23.6015,12.9515,0.0,5.904439,2.0,56.67837,939.1428,16.66,Partly cloudy
2019-10-13 21:00:00+00:00,BOLU,14,24.9515,15.8515005,0.0,5.8603754,0.0,43.236053,938.2808,16.79,Clear sky
2019-10-14 21:00:00+00:00,BOLU,14,26.7015,17.7015,0.0,7.5685663,1.0,43.45609,935.99414,16.35,Mainly clear
2019-10-15 21:00:00+00:00,BOLU,14,26.2015,16.151499,0.4,10.365251,51.0,52.11034,934.18964,13.86,Drizzle: Light
2019-10-16 21:00:00+00:00,BOLU,14,24.151499,15.6015005,3.9,5.0911684,63.0,63.74692,934.53937,14.07,Rain: Moderate
2019-10-17 21:00:00+00:00,BOLU,14,19.7515,14.0015,3.7,8.4963045,61.0,80.11869,934.8721,11.11,Rain: Slight
2019-10-18 21:00:00+00:00,BOLU,14,20.0015,10.5015,0.0,8.28,2.0,72.41126,935.1804,14.84,Partly cloudy
2019-10-19 21:00:00+00:00,BOLU,14,20.051498,12.2515,0.1,6.8399997,51.0,71.36288,936.8765,13.11,Drizzle: Light
2019-10-20 21:00:00+00:00,BOLU,14,19.1015,9.8515005,0.0,9.290511,3.0,78.05809,937.0639,12.98,Overcast
2019-10-21 21:00:00+00:00,BOLU,14,19.3515,11.1015005,0.0,8.913181,3.0,83.48895,936.501,12.68,Overcast
2019-10-22 21:00:00+00:00,BOLU,14,20.4515,9.5015,0.0,7.653705,3.0,79.45992,935.8935,14.21,Overcast
2019-10-23 21:00:00+00:00,BOLU,14,21.2015,11.1515,0.0,6.297428,1.0,62.79881,934.41534,14.76,Mainly clear
2019-10-24 21:00:00+00:00,BOLU,14,20.7515,10.5515,0.0,6.2145634,3.0,63.014786,933.3091,14.02,Overcast
2019-10-25 21:00:00+00:00,BOLU,14,17.4515,8.8515,0.1,6.9153743,51.0,77.16069,935.7861,11.49,Drizzle: Light
2019-10-26 21:00:00+00:00,BOLU,14,17.3515,8.5015,0.0,7.771331,3.0,78.56682,934.44073,12.46,Overcast
2019-10-27 21:00:00+00:00,BOLU,14,19.051498,7.6515,0.0,6.87779,2.0,68.56782,930.1303,13.65,Partly cloudy
2019-10-28 21:00:00+00:00,BOLU,14,17.5015,6.8015003,0.0,9.0,1.0,80.783676,931.01904,12.9,Mainly clear
2019-10-29 21:00:00+00:00,BOLU,14,17.3515,7.4015,0.0,6.151683,2.0,69.64268,933.8576,13.19,Partly cloudy
2019-10-30 21:00:00+00:00,BOLU,14,17.801498,6.5515003,4.5,8.854829,55.0,69.20493,932.5827,12.18,Drizzle: Dense
2019-10-31 21:00:00+00:00,BOLU,14,12.0015,5.8015003,7.9,11.792404,61.0,88.50912,931.6916,2.5,Rain: Slight
2019-11-01 21:00:00+00:00,BOLU,14,11.9015,1.7015,0.0,5.4833565,3.0,70.433716,934.74786,13.54,Overcast
2019-11-02 21:00:00+00:00,BOLU,14,15.8015,1.5015,0.0,10.805998,3.0,54.955658,933.1696,13.38,Overcast
2019-11-03 21:00:00+00:00,BOLU,14,18.1015,7.6015,0.0,13.979871,3.0,56.345215,932.68604,11.51,Overcast
2019-11-04 21:00:00+00:00,BOLU,14,18.051498,10.6515,0.0,13.849477,3.0,65.44787,931.82544,7.68,Overcast
2019-11-05 21:00:00+00:00,BOLU,14,20.2015,10.7015,0.0,13.570615,0.0,63.08763,931.68536,12.45,Clear sky
2019-11-06 21:00:00+00:00,BOLU,14,21.1015,7.9015,0.0,12.496719,2.0,58.99358,931.16656,12.42,Partly cloudy
2019-11-07 21:00:00+00:00,BOLU,14,20.901499,7.1015,0.0,8.766573,3.0,57.932438,931.8851,12.26,Overcast
2019-11-08 21:00:00+00:00,BOLU,14,20.6015,6.2015,0.0,5.8603754,0.0,61.43897,933.9423,11.85,Clear sky
2019-11-09 21:00:00+00:00,BOLU,14,20.3515,6.0015,0.0,9.449572,3.0,56.703632,932.7972,12.09,Overcast
2019-11-10 21:00:00+00:00,BOLU,14,20.8515,9.2015,0.0,6.130579,3.0,52.62401,935.14545,11.33,Overcast
2019-11-11 21:00:00+00:00,BOLU,14,21.3515,6.4515,0.0,5.0142193,2.0,58.771877,934.4012,11.43,Partly cloudy
2019-11-12 21:00:00+00:00,BOLU,14,21.1015,6.2515,0.0,7.386582,3.0,59.311604,931.3859,11.22,Overcast
2019-11-13 21:00:00+00:00,BOLU,14,19.551498,6.8015003,0.0,5.8603754,3.0,50.44403,928.3106,8.95,Overcast
2019-11-14 21:00:00+00:00,BOLU,14,17.8515,9.7515,0.3,7.24486,51.0,68.99641,933.39233,8.99,Drizzle: Light
2019-11-15 21:00:00+00:00,BOLU,14,19.651499,11.0515,0.0,6.9153743,2.0,72.37574,937.2066,10.37,Partly cloudy
2019-11-16 21:00:00+00:00,BOLU,14,19.401499,4.1015,0.0,4.198285,0.0,57.504593,936.0093,11.39,Clear sky
2019-11-17 21:00:00+00:00,BOLU,14,17.9515,4.2515,0.0,5.991594,0.0,51.288494,936.49835,11.03,Clear sky
2019-11-18 21:00:00+00:00,BOLU,14,16.651499,7.5515003,0.0,7.145796,3.0,59.36617,939.1472,10.81,Overcast
2019-11-19 21:00:00+00:00,BOLU,14,16.151499,1.7015,0.0,6.9899354,3.0,43.804947,935.7898,11.18,Overcast
2019-11-20 21:00:00+00:00,BOLU,14,15.8515005,3.8515,0.0,5.904439,1.0,30.082863,933.1621,10.58,Mainly clear
2019-11-21 21:00:00+00:00,BOLU,14,16.0515,6.8515,0.0,5.1165614,3.0,42.09299,931.1533,10.18,Overcast
2019-11-22 21:00:00+00:00,BOLU,14,13.8015,5.3515,0.0,6.489992,3.0,53.715958,932.48785,8.91,Overcast
2019-11-23 21:00:00+00:00,BOLU,14,14.3015,6.0015,0.3,7.928177,51.0,62.551678,933.03564,8.16,Drizzle: Light
2019-11-24 21:00:00+00:00,BOLU,14,15.1015005,3.4015,0.0,9.3876505,3.0,70.976776,928.38214,7.92,Overcast
2019-11-25 21:00:00+00:00,BOLU,14,12.0515,6.2515,10.199999,13.684735,61.0,73.089226,923.14575,4.4,Rain: Slight
2019-11-26 21:00:00+00:00,BOLU,14,10.4515,6.5515003,3.6000004,11.013882,53.0,89.07304,926.07764,2.7,Drizzle: Moderate
2019-11-27 21:00:00+00:00,BOLU,14,13.0015,6.9515,0.0,11.609651,3.0,72.72948,929.761,6.99,Overcast
2019-11-28 21:00:00+00:00,BOLU,14,12.3015,5.9515,6.9,15.978486,61.0,75.97387,926.3801,3.45,Rain: Slight
2019-11-29 21:00:00+00:00,BOLU,14,13.9515,5.2015,1.5,12.261157,51.0,78.51857,928.1025,8.33,Drizzle: Light
2019-11-30 21:00:00+00:00,BOLU,14,8.2015,3.2515001,17.4,8.759178,63.0,94.48589,932.2112,2.3,Rain: Moderate
2019-12-01 21:00:00+00:00,BOLU,14,7.7015,0.9515,0.2,8.39657,51.0,73.89439,937.1216,9.73,Drizzle: Light
2019-12-02 21:00:00+00:00,BOLU,14,10.5515,2.8014998,0.0,10.163227,3.0,61.812332,933.0513,8.86,Overcast
2019-12-03 21:00:00+00:00,BOLU,14,4.1515,2.1515,8.3,9.726664,73.0,91.66056,935.19653,2.03,Snow fall: Moderate
2019-12-04 21:00:00+00:00,BOLU,14,5.3015,-3.1984997,0.0,10.144082,3.0,81.71946,939.92554,7.75,Overcast
2019-12-05 21:00:00+00:00,BOLU,14,8.6515,-3.0984998,0.0,5.0911684,0.0,43.229584,938.7991,9.59,Clear sky
2019-12-06 21:00:00+00:00,BOLU,14,11.9515,0.30149996,0.0,9.021574,3.0,37.05687,932.6982,9.49,Overcast
2019-12-07 21:00:00+00:00,BOLU,14,5.1515,0.85150003,1.6000001,5.95906,73.0,67.42754,930.98145,3.01,Snow fall: Moderate
2019-12-08 21:00:00+00:00,BOLU,14,8.6515,0.7015,0.0,8.891344,3.0,81.5729,930.7168,7.68,Overcast
2019-12-09 21:00:00+00:00,BOLU,14,9.3015,0.30149996,0.0,8.825508,0.0,65.319725,928.28265,9.21,Clear sky
2019-12-10 21:00:00+00:00,BOLU,14,11.4515,-0.94850004,0.0,6.638072,3.0,67.74326,927.83203,9.15,Overcast
2019-12-11 21:00:00+00:00,BOLU,14,9.7515,5.6515,1.9000001,5.991594,51.0,76.87804,922.70355,3.96,Drizzle: Light
2019-12-12 21:00:00+00:00,BOLU,14,10.5015,5.2015,1.9000001,13.37825,53.0,79.95361,920.23285,6.45,Drizzle: Moderate
2019-12-13 21:00:00+00:00,BOLU,14,12.3015,5.1515,0.0,15.111424,3.0,72.26419,920.3235,8.4,Overcast
2019-12-14 21:00:00+00:00,BOLU,14,11.6015005,5.5515003,1.4000001,11.525623,53.0,79.14378,930.4807,4.98,Drizzle: Moderate
2019-12-15 21:00:00+00:00,BOLU,14,12.5015,2.5514998,0.4,6.12,51.0,59.06926,939.7483,8.96,Drizzle: Light
2019-12-16 21:00:00+00:00,BOLU,14,15.0015,5.1515,0.0,6.193674,0.0,43.669052,939.6643,9.06,Clear sky
2019-12-17 21:00:00+00:00,BOLU,14,16.7515,6.5015,0.0,6.696387,0.0,38.054203,941.2185,8.96,Clear sky
2019-12-18 21:00:00+00:00,BOLU,14,17.401499,5.9015,0.0,5.1919937,3.0,34.887104,942.48346,9.03,Overcast
2019-12-19 21:00:00+00:00,BOLU,14,16.401499,3.6515002,0.0,5.315336,3.0,40.074512,937.3013,7.95,Overcast
2019-12-20 21:00:00+00:00,BOLU,14,12.9015,3.3515,0.0,13.5515,3.0,52.455692,931.9278,8.52,Overcast
2019-12-21 21:00:00+00:00,BOLU,14,12.5515,4.1515,0.0,19.813087,3.0,61.679836,926.1337,6.98,Overcast
2019-12-22 21:00:00+00:00,BOLU,14,10.5515,7.1015,12.6,23.042812,61.0,72.55761,915.86615,2.6,Rain: Slight
2019-12-23 21:00:00+00:00,BOLU,14,8.4015,4.9015,11.3,8.905908,61.0,89.03103,913.6843,2.77,Rain: Slight
2019-12-24 21:00:00+00:00,BOLU,14,4.6515,3.0514998,8.9,8.404285,71.0,96.18218,919.909,1.64,Snow fall: Slight
2019-12-25 21:00:00+00:00,BOLU,14,4.8015,2.5514998,8.4,9.3876505,73.0,97.13595,922.3024,1.81,Snow fall: Moderate
2019-12-26 21:00:00+00:00,BOLU,14,3.0015001,0.7015,9.000002,10.805999,73.0,94.10239,928.5101,2.3,Snow fall: Moderate
2019-12-27 21:00:00+00:00,BOLU,14,3.9515,-0.14849997,0.70000005,5.692099,71.0,83.22364,928.77545,5.73,Snow fall: Slight
2019-12-28 21:00:00+00:00,BOLU,14,4.1015,-0.54849994,0.4,6.12,71.0,82.682884,931.0444,5.26,Snow fall: Slight
2019-12-29 21:00:00+00:00,BOLU,14,4.3515,-1.9485,3.9,17.148247,73.0,88.20461,932.1158,3.36,Snow fall: Moderate
2019-12-30 21:00:00+00:00,BOLU,14,5.7515,2.3015,4.3999996,8.714677,73.0,94.7725,934.07227,2.2,Snow fall: Moderate
2019-12-31 21:00:00+00:00,BOLU,14,3.1515,-0.24849999,4.7,8.647496,73.0,94.43151,933.4482,2.02,Snow fall: Moderate
2020-01-01 21:00:00+00:00,BOLU,14,2.6515,-1.7985,0.0,10.636766,3.0,82.62338,936.8977,5.93,Overcast
2020-01-02 21:00:00+00:00,BOLU,14,5.4015,-3.0485,0.0,6.9527545,2.0,77.617455,935.02167,8.92,Partly cloudy
2020-01-03 21:00:00+00:00,BOLU,14,3.3014998,-0.3485,0.1,10.8955765,71.0,77.24713,929.60986,4.96,Snow fall: Slight
2020-01-04 21:00:00+00:00,BOLU,14,5.7515,-1.3484999,0.0,7.2805495,3.0,66.00147,927.02057,5.79,Overcast
2020-01-05 21:00:00+00:00,BOLU,14,3.4515,-1.6485001,5.3,13.783817,73.0,79.339226,925.1121,2.01,Snow fall: Moderate
2020-01-06 21:00:00+00:00,BOLU,14,4.1015,0.35150003,10.800001,6.9247384,73.0,95.60443,925.7076,2.04,Snow fall: Moderate
2020-01-07 21:00:00+00:00,BOLU,14,2.4015,-1.2485,10.3,7.8954163,73.0,94.00726,932.3134,2.55,Snow fall: Moderate
2020-01-08 21:00:00+00:00,BOLU,14,1.2515,-1.8985001,0.2,4.8433046,71.0,79.44549,936.7684,3.94,Snow fall: Slight
2020-01-09 21:00:00+00:00,BOLU,14,6.6515,-2.1485,0.0,6.12,2.0,52.206192,936.34375,9.45,Partly cloudy
2020-01-10 21:00:00+00:00,BOLU,14,11.6515,0.6515,0.0,8.669949,3.0,49.1209,936.1412,9.36,Overcast
2020-01-11 21:00:00+00:00,BOLU,14,6.2515,0.5515,0.6,7.42159,71.0,77.02723,937.69257,3.6,Snow fall: Slight
2020-01-12 21:00:00+00:00,BOLU,14,7.0515003,0.60150003,0.0,7.24486,3.0,79.51056,939.2486,8.81,Overcast
2020-01-13 21:00:00+00:00,BOLU,14,9.6515,1.7515,0.2,7.69592,71.0,53.428387,937.551,8.25,Snow fall: Slight
2020-01-14 21:00:00+00:00,BOLU,14,10.4515,1.7515,0.0,6.618519,3.0,42.95795,940.4773,10.15,Overcast
2020-01-15 21:00:00+00:00,BOLU,14,10.7015,-0.09850001,0.0,5.692099,0.0,38.931103,937.8838,10.62,Clear sky
2020-01-16 21:00:00+00:00,BOLU,14,7.4515,-2.0485,0.0,7.4128532,1.0,69.40152,935.9942,9.89,Mainly clear
2020-01-17 21:00:00+00:00,BOLU,14,5.6515,-1.6985,0.0,8.209263,3.0,67.711845,936.11163,8.38,Overcast
2020-01-18 21:00:00+00:00,BOLU,14,2.7515001,-1.6485001,0.70000005,7.2805495,71.0,77.645515,933.55927,7.49,Snow fall: Slight
2020-01-19 21:00:00+00:00,BOLU,14,4.1015,-1.2985,3.3000002,10.594036,73.0,78.8536,941.41205,6.12,Snow fall: Moderate
2020-01-20 21:00:00+00:00,BOLU,14,0.5515,-1.2985,1.2000002,7.145796,71.0,78.92972,946.4649,2.64,Snow fall: Slight
2020-01-21 21:00:00+00:00,BOLU,14,7.0015,-1.4485,0.0,8.435069,3.0,68.831856,940.7153,9.5,Overcast
2020-01-22 21:00:00+00:00,BOLU,14,1.4015,-3.4484997,15.5,14.332341,75.0,75.94053,934.5584,2.66,Snow fall: Heavy
2020-01-23 21:00:00+00:00,BOLU,14,0.5015,-4.4985,1.6000001,7.968939,73.0,75.96166,941.6906,5.21,Snow fall: Moderate
2020-01-24 21:00:00+00:00,BOLU,14,10.6515,-4.8485,0.0,10.315115,1.0,46.56291,938.7925,11.4,Mainly clear
2020-01-25 21:00:00+00:00,BOLU,14,9.7015,0.8015,0.0,7.5685663,3.0,43.157734,938.6191,10.37,Overcast
2020-01-26 21:00:00+00:00,BOLU,14,10.1515,1.2515,0.0,8.534353,3.0,56.613342,934.41644,5.87,Overcast
2020-01-27 21:00:00+00:00,BOLU,14,7.7515,2.2515001,1.3000001,10.182337,51.0,75.47718,927.80707,3.43,Drizzle: Light
2020-01-28 21:00:00+00:00,BOLU,14,8.6015,2.3515,2.6000001,18.079027,73.0,79.34676,927.2292,8.66,Snow fall: Moderate
2020-01-29 21:00:00+00:00,BOLU,14,5.5015,0.2515,13.8,10.440001,75.0,94.25702,925.44464,2.21,Snow fall: Heavy
2020-01-30 21:00:00+00:00,BOLU,14,1.8515,-6.9484997,5.8,11.928989,73.0,85.02802,930.38983,7.69,Snow fall: Moderate
2020-01-31 21:00:00+00:00,BOLU,14,6.6515,-3.1485,7.2999997,11.384198,75.0,84.43405,929.9004,7.52,Snow fall: Heavy
2020-02-01 21:00:00+00:00,BOLU,14,9.9015,1.3515,0.0,11.841756,3.0,81.55659,932.53595,12.29,Overcast
2020-02-02 21:00:00+00:00,BOLU,14,11.2515,1.8515,0.90000004,17.388409,53.0,75.78681,929.47437,9.23,Drizzle: Moderate
2020-02-03 21:00:00+00:00,BOLU,14,11.1515,4.8515,23.800001,18.64369,63.0,80.2848,925.01636,6.92,Rain: Moderate
2020-02-04 21:00:00+00:00,BOLU,14,14.2015,9.3015,0.0,25.699057,3.0,65.96194,913.2111,5.99,Overcast
2020-02-05 21:00:00+00:00,BOLU,14,10.5515,1.0015,17.9,16.766108,73.0,84.87923,919.03156,4.99,Snow fall: Moderate
2020-02-06 21:00:00+00:00,BOLU,14,0.9015,-3.4484997,7.2000003,10.703569,75.0,89.946724,926.8121,3.19,Snow fall: Heavy
2020-02-07 21:00:00+00:00,BOLU,14,-3.9984999,-7.5985003,12.600002,13.089354,75.0,79.46105,933.57574,6.88,Snow fall: Heavy
2020-02-08 21:00:00+00:00,BOLU,14,-3.4484997,-8.4985,8.700001,10.661107,73.0,84.9231,940.75507,5.43,Snow fall: Moderate
2020-02-09 21:00:00+00:00,BOLU,14,0.4015,-6.3985,1.5000001,9.9571085,71.0,75.31057,937.6453,13.05,Snow fall: Slight
2020-02-10 21:00:00+00:00,BOLU,14,3.8515,-5.2985,7.3999996,12.55879,75.0,71.51212,926.874,7.31,Snow fall: Heavy
2020-02-11 21:00:00+00:00,BOLU,14,4.6515,1.4515,13.900001,8.891343,75.0,81.33758,929.03143,7.28,Snow fall: Heavy
2020-02-12 21:00:00+00:00,BOLU,14,3.6015,-3.5984998,1.2,11.159999,73.0,78.45742,936.17755,12.21,Snow fall: Moderate
2020-02-13 21:00:00+00:00,BOLU,14,8.2515,-6.0985,0.0,11.304229,3.0,49.9323,936.4839,12.93,Overcast
2020-02-14 21:00:00+00:00,BOLU,14,8.1015,2.9515,3.5999994,6.9153743,71.0,81.09431,933.15607,4.11,Snow fall: Slight
2020-02-15 21:00:00+00:00,BOLU,14,6.5015,2.6515,0.90000004,9.793059,51.0,87.758644,939.6573,5.49,Drizzle: Light
2020-02-16 21:00:00+00:00,BOLU,14,10.4015,-0.9985,0.0,7.145796,3.0,72.86941,939.377,14.12,Overcast
2020-02-17 21:00:00+00:00,BOLU,14,11.4015,-1.4985,0.0,4.6102495,0.0,54.29195,933.6446,15.19,Clear sky
2020-02-18 21:00:00+00:00,BOLU,14,11.8515005,0.85150003,0.0,7.5685663,3.0,51.374195,931.6241,13.82,Overcast
2020-02-19 21:00:00+00:00,BOLU,14,10.3015,3.2515001,0.9,7.42159,53.0,68.02906,926.92194,7.86,Drizzle: Moderate
2020-02-20 21:00:00+00:00,BOLU,14,4.7015,2.2015,7.1000004,6.6185193,71.0,95.86982,926.8747,2.91,Snow fall: Slight
2020-02-21 21:00:00+00:00,BOLU,14,3.7015,0.60150003,5.5999994,9.387651,73.0,88.4394,933.7303,4.45,Snow fall: Moderate
2020-02-22 21:00:00+00:00,BOLU,14,9.5515,-0.44850004,0.1,8.427383,71.0,76.402794,936.04663,12.5,Snow fall: Slight
2020-02-23 21:00:00+00:00,BOLU,14,11.8515005,-0.19850004,5.2999997,16.09969,71.0,70.68757,928.83075,9.52,Snow fall: Slight
2020-02-24 21:00:00+00:00,BOLU,14,9.9515,-0.3485,1.6,9.504272,71.0,66.167885,932.3997,15.64,Snow fall: Slight
2020-02-25 21:00:00+00:00,BOLU,14,15.4515,1.8515,0.0,17.227419,3.0,43.923264,925.74054,16.36,Overcast
2020-02-26 21:00:00+00:00,BOLU,14,13.3515005,8.6015,0.0,17.727943,3.0,56.3963,923.47003,8.17,Overcast
2020-02-27 21:00:00+00:00,BOLU,14,11.7015,1.5515,10.800001,16.704155,75.0,72.058586,925.42505,15.55,Snow fall: Heavy
2020-02-28 21:00:00+00:00,BOLU,14,7.3515,1.0515001,2.8,11.113451,51.0,86.967674,924.2883,10.86,Drizzle: Light
2020-02-29 21:00:00+00:00,BOLU,14,9.8015,1.8015001,0.3,6.162207,71.0,77.15125,932.76587,14.88,Snow fall: Slight
2020-03-01 21:00:00+00:00,BOLU,14,14.1015005,1.5515,0.0,14.145756,2.0,58.112522,930.29517,17.2,Partly cloudy
2020-03-02 21:00:00+00:00,BOLU,14,18.1015,3.0514998,0.0,12.0694,2.0,56.295116,931.9043,17.63,Partly cloudy
2020-03-03 21:00:00+00:00,BOLU,14,18.1015,4.3015,0.0,7.072878,3.0,55.670853,927.98566,10.48,Overcast
2020-03-04 21:00:00+00:00,BOLU,14,16.151499,3.7015,0.70000005,12.015589,51.0,61.793125,922.5991,11.15,Drizzle: Light
2020-03-05 21:00:00+00:00,BOLU,14,11.4515,4.0015,0.8,18.35647,51.0,71.80987,924.2285,8.65,Drizzle: Light
2020-03-06 21:00:00+00:00,BOLU,14,16.1015,4.0015,0.0,14.145756,3.0,61.32799,929.5594,18.0,Overcast
2020-03-07 21:00:00+00:00,BOLU,14,20.801498,6.7015,0.0,11.183201,3.0,52.600796,933.2236,16.28,Overcast
2020-03-08 21:00:00+00:00,BOLU,14,20.0015,7.8015003,0.0,10.182337,3.0,53.707504,926.6962,16.08,Overcast
2020-03-09 21:00:00+00:00,BOLU,14,14.2015,6.8015003,4.0,21.407139,55.0,69.71339,922.5415,6.22,Drizzle: Dense
2020-03-10 21:00:00+00:00,BOLU,14,15.2015,5.4515,0.0,9.885262,3.0,71.299095,931.6123,14.74,Overcast
2020-03-11 21:00:00+00:00,BOLU,14,16.151499,4.5015,0.0,9.085988,2.0,73.722115,933.1608,17.83,Partly cloudy
2020-03-12 21:00:00+00:00,BOLU,14,18.901499,5.6015,0.0,8.209263,0.0,70.68836,926.7534,19.0,Clear sky
2020-03-13 21:00:00+00:00,BOLU,14,16.0015,6.4515,0.0,8.049845,3.0,81.26374,928.21234,18.31,Overcast
2020-03-14 21:00:00+00:00,BOLU,14,9.8515005,2.5015001,2.3,12.605142,73.0,82.62834,929.0286,11.58,Snow fall: Moderate
2020-03-15 21:00:00+00:00,BOLU,14,4.2515,-1.3985001,2.7999995,13.237038,73.0,81.13854,937.7298,8.81,Snow fall: Moderate
2020-03-16 21:00:00+00:00,BOLU,14,3.8515,-3.1984997,0.2,13.044722,71.0,69.549034,939.6285,17.42,Snow fall: Slight
2020-03-17 21:00:00+00:00,BOLU,14,3.1015,-5.4985,2.2,16.645864,73.0,72.727585,935.46387,14.78,Snow fall: Moderate
2020-03-18 21:00:00+00:00,BOLU,14,2.0015001,-0.29849994,12.9,10.308831,73.0,86.30389,932.52026,7.27,Snow fall: Moderate
2020-03-19 21:00:00+00:00,BOLU,14,4.4015,0.0015000105,0.70000005,7.928177,71.0,80.41346,933.02216,6.89,Snow fall: Slight
2020-03-20 21:00:00+00:00,BOLU,14,13.6015005,-2.5485,0.0,5.6920996,3.0,68.565704,930.918,20.94,Overcast
2020-03-21 21:00:00+00:00,BOLU,14,15.4515,0.6515,0.0,8.654986,3.0,60.010235,928.8008,20.72,Overcast
2020-03-22 21:00:00+00:00,BOLU,14,14.2015,5.2015,2.3999999,7.24486,61.0,79.712494,928.3309,14.78,Rain: Slight
2020-03-23 21:00:00+00:00,BOLU,14,11.0515,5.1515,3.1,6.162207,51.0,90.37408,928.30927,8.86,Drizzle: Light
2020-03-24 21:00:00+00:00,BOLU,14,11.9015,3.8515,0.2,10.1887,51.0,89.74166,932.6196,10.98,Drizzle: Light
2020-03-25 21:00:00+00:00,BOLU,14,17.1015,2.9515,0.6,7.69592,51.0,78.62774,930.2326,19.07,Drizzle: Light
2020-03-26 21:00:00+00:00,BOLU,14,15.6515,4.8015,0.4,6.193674,51.0,78.50262,925.81805,17.46,Drizzle: Light
2020-03-27 21:00:00+00:00,BOLU,14,8.0515,3.7515001,11.9,10.829958,55.0,96.99433,923.96075,4.35,Drizzle: Dense
2020-03-28 21:00:00+00:00,BOLU,14,7.2015,3.0015001,8.2,10.805999,71.0,92.92513,922.10913,7.17,Snow fall: Slight
2020-03-29 21:00:00+00:00,BOLU,14,12.1015005,2.7515001,4.7,9.339208,73.0,83.21643,925.98065,11.39,Snow fall: Moderate
2020-03-30 21:00:00+00:00,BOLU,14,14.0515,1.1515,2.0000002,10.383987,51.0,75.16064,926.5318,15.75,Drizzle: Light
2020-03-31 21:00:00+00:00,BOLU,14,9.1515,4.9515,1.1000001,8.587338,51.0,85.93644,927.69464,7.71,Drizzle: Light
2020-04-01 21:00:00+00:00,BOLU,14,14.1015005,2.8515,2.4,10.538843,53.0,78.23811,923.9028,17.9,Drizzle: Moderate
2020-04-02 21:00:00+00:00,BOLU,14,8.0515,3.6015,3.1999998,11.885453,71.0,89.60363,928.0115,6.33,Snow fall: Slight
2020-04-03 21:00:00+00:00,BOLU,14,15.1015005,3.9015002,2.5,10.587917,53.0,70.44053,931.6926,15.0,Drizzle: Moderate
2020-04-04 21:00:00+00:00,BOLU,14,16.401499,7.8015003,5.9,16.418526,55.0,85.441315,928.05615,10.47,Drizzle: Dense
2020-04-05 21:00:00+00:00,BOLU,14,15.8015,5.0515,4.7,15.379206,55.0,81.73409,931.8025,11.88,Drizzle: Dense
2020-04-06 21:00:00+00:00,BOLU,14,13.2015,1.9015,0.0,14.529915,3.0,70.21468,935.4642,24.24,Overcast
2020-04-07 21:00:00+00:00,BOLU,14,14.4515,1.1015,0.0,9.47012,3.0,71.03382,933.89154,23.25,Overcast
2020-04-08 21:00:00+00:00,BOLU,14,12.3515005,2.8515,0.0,10.137692,3.0,78.497505,931.00446,19.19,Overcast
2020-04-09 21:00:00+00:00,BOLU,14,14.4515,2.0515,0.0,7.653705,1.0,68.16267,929.6008,24.27,Mainly clear
2020-04-10 21:00:00+00:00,BOLU,14,15.1515,3.7515001,0.0,12.43434,3.0,49.096634,933.4309,22.26,Overcast
2020-04-11 21:00:00+00:00,BOLU,14,13.7515,0.9515,0.0,6.489992,2.0,65.20456,936.62604,25.55,Partly cloudy
2020-04-12 21:00:00+00:00,BOLU,14,17.4515,2.9515,0.0,10.233123,1.0,62.101147,933.34863,25.04,Mainly clear
2020-04-13 21:00:00+00:00,BOLU,14,19.051498,3.6515002,0.0,12.72283,3.0,59.631313,930.2898,24.25,Overcast
2020-04-14 21:00:00+00:00,BOLU,14,14.5515,6.8515,6.7000003,12.979984,61.0,74.832924,930.02515,11.12,Rain: Slight
2020-04-15 21:00:00+00:00,BOLU,14,11.7015,3.0514998,5.6,8.654986,71.0,71.87628,934.0593,24.2,Snow fall: Slight
2020-04-16 21:00:00+00:00,BOLU,14,20.051498,4.1515,0.0,12.768586,3.0,58.465725,930.9973,26.17,Overcast
2020-04-17 21:00:00+00:00,BOLU,14,18.7015,8.6515,0.0,11.183201,3.0,55.500134,930.68085,26.15,Overcast
2020-04-18 21:00:00+00:00,BOLU,14,20.2515,9.7015,0.0,9.585739,3.0,50.26974,930.9329,25.24,Overcast
2020-04-19 21:00:00+00:00,BOLU,14,19.301498,10.1515,0.0,14.618837,3.0,60.101074,929.0174,21.0,Overcast
2020-04-20 21:00:00+00:00,BOLU,14,12.7015,5.7015,4.9,9.957108,53.0,83.17062,930.51117,9.72,Drizzle: Moderate
2020-04-21 21:00:00+00:00,BOLU,14,8.2515,4.1015,1.3000001,8.905908,51.0,83.23768,930.48004,6.39,Drizzle: Light
2020-04-22 21:00:00+00:00,BOLU,14,12.8515005,2.1015,0.0,11.709688,3.0,74.259094,931.3212,21.79,Overcast
2020-04-23 21:00:00+00:00,BOLU,14,15.5515,1.0015,0.0,7.145796,3.0,61.47929,926.7231,25.68,Overcast
2020-04-24 21:00:00+00:00,BOLU,14,14.6515,4.0515,0.0,13.363711,1.0,71.42597,923.11554,27.53,Mainly clear
2020-04-25 21:00:00+00:00,BOLU,14,16.901499,3.7515001,0.0,12.0694,3.0,47.633167,924.90533,24.14,Overcast
2020-04-26 21:00:00+00:00,BOLU,14,16.7515,7.7515,0.4,10.799999,51.0,58.706863,927.70197,22.38,Drizzle: Light
2020-04-27 21:00:00+00:00,BOLU,14,16.2015,6.0015,0.0,12.144331,2.0,62.45024,930.3791,27.06,Partly cloudy
2020-04-28 21:00:00+00:00,BOLU,14,18.551498,7.1515,0.0,7.5170207,3.0,50.89267,929.25073,25.26,Overcast
2020-04-29 21:00:00+00:00,BOLU,14,19.151499,11.0015,1.2,9.47012,53.0,59.27376,926.26196,19.13,Drizzle: Moderate
2020-04-30 21:00:00+00:00,BOLU,14,16.2015,9.4515,5.8,12.413477,63.0,80.501884,926.62616,16.88,Rain: Moderate
2020-05-01 21:00:00+00:00,BOLU,14,18.4515,9.7015,1.4000001,8.311245,53.0,73.682396,925.14264,20.08,Drizzle: Moderate
2020-05-02 21:00:00+00:00,BOLU,14,16.7515,9.4515,3.3,11.269782,61.0,77.98609,921.3311,14.16,Rain: Slight
2020-05-03 21:00:00+00:00,BOLU,14,12.6515,8.3515,20.4,9.504273,63.0,88.39338,922.87036,7.59,Rain: Moderate
2020-05-04 21:00:00+00:00,BOLU,14,12.6515,8.3515,8.0,11.570515,55.0,91.43945,927.9467,8.46,Drizzle: Dense
2020-05-05 21:00:00+00:00,BOLU,14,18.301498,6.0015,0.0,10.739833,2.0,73.844505,927.7336,26.08,Partly cloudy
2020-05-06 21:00:00+00:00,BOLU,14,11.9515,3.8515,6.1,12.015589,55.0,90.49801,927.8394,7.06,Drizzle: Dense
2020-05-07 21:00:00+00:00,BOLU,14,14.3015,2.6515,0.2,10.587918,51.0,69.586235,932.3298,21.75,Drizzle: Light
2020-05-08 21:00:00+00:00,BOLU,14,15.6515,3.0514998,0.0,9.178235,3.0,69.61184,932.96564,28.56,Overcast
2020-05-09 21:00:00+00:00,BOLU,14,19.051498,7.3015003,0.0,7.92,1.0,52.888744,932.63654,28.32,Mainly clear
2020-05-10 21:00:00+00:00,BOLU,14,22.7515,10.3515005,0.0,6.5693827,3.0,52.68632,933.0025,23.88,Overcast
2020-05-11 21:00:00+00:00,BOLU,14,27.9515,13.9515,0.0,14.8257065,2.0,49.34628,929.9521,28.71,Partly cloudy
2020-05-12 21:00:00+00:00,BOLU,14,22.2515,10.6015005,0.2,9.028754,51.0,71.20166,934.55414,24.16,Drizzle: Light
2020-05-13 21:00:00+00:00,BOLU,14,25.5015,11.0515,0.0,9.422101,3.0,66.44509,935.23364,29.03,Overcast
2020-05-14 21:00:00+00:00,BOLU,14,30.1015,19.2015,0.0,9.114471,3.0,40.5511,935.34564,28.68,Overcast
2020-05-15 21:00:00+00:00,BOLU,14,25.3515,16.901499,0.0,12.074766,3.0,58.5976,936.51935,28.73,Overcast
2020-05-16 21:00:00+00:00,BOLU,14,29.4515,13.3515005,0.0,7.5685663,3.0,55.944607,938.68207,28.34,Overcast
2020-05-17 21:00:00+00:00,BOLU,14,26.6015,14.9515,0.0,8.4042845,3.0,63.804287,937.8483,27.28,Overcast
2020-05-18 21:00:00+00:00,BOLU,14,27.151499,15.7515,0.1,9.504273,51.0,57.972233,936.8101,28.54,Drizzle: Light
2020-05-19 21:00:00+00:00,BOLU,14,31.0015,18.901499,0.0,13.392774,3.0,49.40434,930.6923,26.49,Overcast
2020-05-20 21:00:00+00:00,BOLU,14,28.8515,14.1515,1.1,16.203999,51.0,57.259037,924.9245,22.86,Drizzle: Light
2020-05-21 21:00:00+00:00,BOLU,14,14.1015005,4.8515,15.1,11.019764,61.0,91.86902,929.51465,7.29,Rain: Slight
2020-05-22 21:00:00+00:00,BOLU,14,12.3515005,3.0514998,2.3000002,9.178235,51.0,77.71567,935.8094,16.63,Drizzle: Light
2020-05-23 21:00:00+00:00,BOLU,14,15.0015,4.1515,0.0,7.24486,3.0,71.53399,937.1347,24.99,Overcast
2020-05-24 21:00:00+00:00,BOLU,14,15.9515,6.5515003,1.3,13.039754,53.0,66.74658,934.4908,22.34,Drizzle: Moderate
2020-05-25 21:00:00+00:00,BOLU,14,12.1015005,8.4015,17.8,9.339208,63.0,90.3479,933.31305,7.33,Rain: Moderate
2020-05-26 21:00:00+00:00,BOLU,14,17.0015,7.9015,10.800001,13.358861,63.0,89.73898,930.72217,16.94,Rain: Moderate
2020-05-27 21:00:00+00:00,BOLU,14,13.3015,8.9015,2.2999997,11.090103,53.0,88.06738,930.4226,21.5,Drizzle: Moderate
2020-05-28 21:00:00+00:00,BOLU,14,12.7515,6.9015,3.8999999,8.647496,53.0,83.05389,930.2268,13.31,Drizzle: Moderate
2020-05-29 21:00:00+00:00,BOLU,14,15.8515005,8.5515,4.6999993,12.031756,63.0,77.23411,931.53046,22.82,Rain: Moderate
2020-05-30 21:00:00+00:00,BOLU,14,19.3515,10.4515,10.2,12.496718,63.0,66.32606,930.9795,24.02,Rain: Moderate
2020-05-31 21:00:00+00:00,BOLU,14,16.8015,11.6515,6.2,11.384199,63.0,77.61042,927.4101,20.01,Rain: Moderate
2020-06-01 21:00:00+00:00,BOLU,14,14.0515,9.6515,12.999999,7.5599995,63.0,87.97247,924.0845,15.1,Rain: Moderate
2020-06-02 21:00:00+00:00,BOLU,14,15.4015,6.5015,1.7000002,11.119281,53.0,81.7136,925.3113,21.43,Drizzle: Moderate
2020-06-03 21:00:00+00:00,BOLU,14,17.3515,10.3015,1.9000001,11.043261,53.0,74.54527,929.16547,25.44,Drizzle: Moderate
2020-06-04 21:00:00+00:00,BOLU,14,24.0015,11.8015,0.0,12.979984,2.0,53.40434,932.9284,30.92,Partly cloudy
2020-06-05 21:00:00+00:00,BOLU,14,28.6015,10.4015,0.0,10.594036,3.0,55.027027,930.8813,30.43,Overcast
2020-06-06 21:00:00+00:00,BOLU,14,30.151499,12.5015,2.7,12.9249525,63.0,61.737473,927.0747,29.79,Rain: Moderate
2020-06-07 21:00:00+00:00,BOLU,14,25.051498,13.6015005,0.1,8.942214,51.0,73.05783,927.8386,29.61,Drizzle: Light
2020-06-08 21:00:00+00:00,BOLU,14,25.551498,15.2515,0.0,7.42159,3.0,79.187096,928.6846,26.78,Overcast
2020-06-09 21:00:00+00:00,BOLU,14,26.7515,14.4515,1.2,7.771331,55.0,75.48209,927.49976,23.33,Drizzle: Dense
2020-06-10 21:00:00+00:00,BOLU,14,21.801498,15.7515,2.5,7.7043357,53.0,81.823456,926.1338,20.7,Drizzle: Moderate
2020-06-11 21:00:00+00:00,BOLU,14,19.801498,14.5015,10.7,13.441071,63.0,74.294,925.62665,23.27,Rain: Moderate
2020-06-12 21:00:00+00:00,BOLU,14,17.401499,13.1015005,3.2,6.193674,61.0,80.135994,924.6787,14.39,Rain: Slight
2020-06-13 21:00:00+00:00,BOLU,14,19.3515,13.3015,1.4000001,12.287555,55.0,75.31142,925.0674,17.56,Drizzle: Dense
2020-06-14 21:00:00+00:00,BOLU,14,21.1015,15.1015005,13.800002,10.97262,63.0,80.22907,927.1079,12.34,Rain: Moderate
2020-06-15 21:00:00+00:00,BOLU,14,25.1015,14.6515,0.3,13.527572,51.0,73.52642,927.63916,24.73,Drizzle: Light
2020-06-16 21:00:00+00:00,BOLU,14,23.7015,12.7515,0.90000004,7.928178,53.0,71.889145,926.6672,24.75,Drizzle: Moderate
2020-06-17 21:00:00+00:00,BOLU,14,20.8515,14.6515,8.3,7.2359104,61.0,83.92701,926.6218,21.58,Rain: Slight
2020-06-18 21:00:00+00:00,BOLU,14,19.5015,12.5515,3.4,10.8955765,53.0,90.22739,927.7027,21.46,Drizzle: Moderate
2020-06-19 21:00:00+00:00,BOLU,14,19.3515,14.4515,6.1,11.165805,55.0,88.31118,928.06744,14.56,Drizzle: Dense
2020-06-20 21:00:00+00:00,BOLU,14,22.9515,13.0515,2.5,6.5693827,61.0,65.87919,925.7691,26.38,Rain: Slight
2020-06-21 21:00:00+00:00,BOLU,14,22.6015,13.7515,5.2,7.0911775,63.0,75.58535,926.1318,24.57,Rain: Moderate
2020-06-22 21:00:00+00:00,BOLU,14,22.401499,15.3515005,5.7999997,8.699793,63.0,75.96412,928.18964,21.34,Rain: Moderate
2020-06-23 21:00:00+00:00,BOLU,14,20.7515,13.0015,1.6000001,12.620554,51.0,82.896416,932.50195,23.79,Drizzle: Light
2020-06-24 21:00:00+00:00,BOLU,14,22.7515,13.4515,0.1,6.9899354,51.0,79.39546,934.91693,21.86,Drizzle: Light
2020-06-25 21:00:00+00:00,BOLU,14,23.0015,16.151499,4.0,6.763786,61.0,86.169586,933.69196,21.43,Rain: Slight
2020-06-26 21:00:00+00:00,BOLU,14,24.401499,14.1515,0.0,9.449572,3.0,79.55045,933.22784,29.81,Overcast
2020-06-27 21:00:00+00:00,BOLU,14,25.5015,15.0015,0.0,7.4128532,3.0,76.4316,931.51227,27.31,Overcast
2020-06-28 21:00:00+00:00,BOLU,14,24.8515,15.7015,0.3,7.771331,51.0,77.5078,928.5391,26.58,Drizzle: Light
2020-06-29 21:00:00+00:00,BOLU,14,25.6015,15.3015,0.0,9.422101,0.0,61.86592,928.20557,31.04,Clear sky
2020-06-30 21:00:00+00:00,BOLU,14,26.551498,15.8015,0.0,9.686609,0.0,66.46688,931.127,28.64,Clear sky
2020-07-01 21:00:00+00:00,BOLU,14,26.9515,17.1015,0.0,7.5942082,1.0,69.32093,930.12555,27.59,Mainly clear
2020-07-02 21:00:00+00:00,BOLU,14,27.4515,17.5015,0.0,6.0347,1.0,67.140816,928.7348,27.36,Mainly clear
2020-07-03 21:00:00+00:00,BOLU,14,28.7015,18.7515,0.0,5.95906,1.0,66.78887,929.8885,29.59,Mainly clear
2020-07-04 21:00:00+00:00,BOLU,14,28.3515,17.901499,0.0,10.195057,0.0,70.319725,928.4763,29.94,Clear sky
2020-07-05 21:00:00+00:00,BOLU,14,29.4515,16.651499,0.0,6.1305785,2.0,72.20201,925.2163,28.17,Partly cloudy
2020-07-06 21:00:00+00:00,BOLU,14,28.7015,20.4515,1.0,8.0899935,51.0,71.266884,923.18774,25.3,Drizzle: Light
2020-07-07 21:00:00+00:00,BOLU,14,24.801498,17.8515,7.3,10.829958,61.0,86.65686,929.99835,20.01,Rain: Slight
2020-07-08 21:00:00+00:00,BOLU,14,22.4515,15.4515,0.0,13.324863,3.0,79.37462,934.0621,22.94,Overcast
2020-07-09 21:00:00+00:00,BOLU,14,25.401499,13.5515,0.0,7.9932966,3.0,77.163216,933.4019,29.14,Overcast
2020-07-10 21:00:00+00:00,BOLU,14,27.1015,15.9515,0.0,6.297428,1.0,70.39417,931.71063,29.2,Mainly clear
2020-07-11 21:00:00+00:00,BOLU,14,25.401499,17.551498,1.3000002,8.913181,51.0,83.66389,928.98956,24.4,Drizzle: Light
2020-07-12 21:00:00+00:00,BOLU,14,24.651499,16.2515,0.5,11.966953,51.0,74.05419,929.24457,26.63,Drizzle: Light
2020-07-13 21:00:00+00:00,BOLU,14,21.301498,15.2015,3.3999999,10.739832,51.0,83.99796,930.82367,19.47,Drizzle: Light
2020-07-14 21:00:00+00:00,BOLU,14,24.1015,13.9015,0.5,10.144082,51.0,84.54186,931.04266,20.79,Drizzle: Light
2020-07-15 21:00:00+00:00,BOLU,14,23.401499,15.7515,1.4000001,12.57426,51.0,84.3964,929.0398,18.52,Drizzle: Light
2020-07-16 21:00:00+00:00,BOLU,14,23.8515,16.901499,3.4000003,11.988594,53.0,80.19209,928.2305,19.62,Drizzle: Moderate
2020-07-17 21:00:00+00:00,BOLU,14,26.5015,15.1515,0.0,6.696387,2.0,79.06917,928.08105,24.28,Partly cloudy
2020-07-18 21:00:00+00:00,BOLU,14,29.5015,18.801498,0.0,9.085988,3.0,77.75878,928.3582,25.3,Overcast
2020-07-19 21:00:00+00:00,BOLU,14,24.6015,18.301498,1.1000001,12.55879,51.0,88.10465,930.5617,14.79,Drizzle: Light
2020-07-20 21:00:00+00:00,BOLU,14,24.2015,15.6015005,0.3,10.587918,51.0,77.610695,933.6607,24.9,Drizzle: Light
2020-07-21 21:00:00+00:00,BOLU,14,25.9515,13.3015,0.0,11.753876,2.0,73.33304,932.52814,28.36,Partly cloudy
2020-07-22 21:00:00+00:00,BOLU,14,26.7515,14.5015,0.0,10.296251,0.0,66.73841,929.8355,29.28,Clear sky
2020-07-23 21:00:00+00:00,BOLU,14,27.151499,17.9515,0.0,8.350138,0.0,61.50447,928.68243,27.96,Clear sky
2020-07-24 21:00:00+00:00,BOLU,14,27.301498,16.4515,0.0,6.9247384,0.0,68.035416,927.92896,26.74,Clear sky
2020-07-25 21:00:00+00:00,BOLU,14,27.901499,17.6015,0.0,9.6932955,3.0,80.32416,928.476,25.53,Overcast
2020-07-26 21:00:00+00:00,BOLU,14,27.3515,16.2515,0.0,8.209263,3.0,75.73463,930.8471,27.21,Overcast
2020-07-27 21:00:00+00:00,BOLU,14,25.901499,16.8515,0.5,10.239453,51.0,72.74606,931.6919,25.94,Drizzle: Light
2020-07-28 21:00:00+00:00,BOLU,14,27.801498,15.8515005,0.0,8.209263,0.0,58.807964,933.7214,28.83,Clear sky
2020-07-29 21:00:00+00:00,BOLU,14,27.7515,16.7515,0.0,9.726664,0.0,63.87392,934.3777,28.57,Clear sky
2020-07-30 21:00:00+00:00,BOLU,14,28.7015,16.7015,0.0,6.87779,2.0,69.07102,931.38605,28.34,Partly cloudy
2020-07-31 21:00:00+00:00,BOLU,14,27.7015,14.8015,1.1,9.504273,51.0,68.19337,928.05615,26.53,Drizzle: Light
2020-08-01 21:00:00+00:00,BOLU,14,25.0015,14.5515,0.0,14.291592,3.0,68.84688,929.48755,27.84,Overcast
2020-08-02 21:00:00+00:00,BOLU,14,27.051498,12.9515,0.0,7.968939,0.0,61.796616,930.40234,28.86,Clear sky
2020-08-03 21:00:00+00:00,BOLU,14,28.8515,15.9015,0.0,8.942214,3.0,57.468002,928.4514,27.94,Overcast
2020-08-04 21:00:00+00:00,BOLU,14,28.4515,16.6015,0.0,6.12,0.0,59.6232,927.9129,28.67,Clear sky
2020-08-05 21:00:00+00:00,BOLU,14,31.1015,18.7515,0.0,8.311245,0.0,56.857784,929.83734,27.82,Clear sky
2020-08-06 21:00:00+00:00,BOLU,14,32.7015,21.2515,0.0,8.287822,1.0,46.557125,929.7337,26.46,Mainly clear
2020-08-07 21:00:00+00:00,BOLU,14,31.7515,19.051498,0.0,7.42159,3.0,54.023808,926.2592,25.47,Overcast
2020-08-08 21:00:00+00:00,BOLU,14,28.5015,18.801498,0.0,12.261158,3.0,68.07491,925.9302,22.18,Overcast
2020-08-09 21:00:00+00:00,BOLU,14,25.901499,16.3515,0.0,10.446206,3.0,68.94745,928.9748,21.69,Overcast
2020-08-10 21:00:00+00:00,BOLU,14,26.6015,16.1015,0.0,11.841756,3.0,69.41622,932.0552,22.32,Overcast
2020-08-11 21:00:00+00:00,BOLU,14,27.3515,15.4515,0.0,10.587917,0.0,58.64448,931.9707,26.42,Clear sky
2020-08-12 21:00:00+00:00,BOLU,14,26.2515,15.6515,0.0,12.313894,1.0,62.51788,932.5435,25.48,Mainly clear
2020-08-13 21:00:00+00:00,BOLU,14,25.2515,12.8515005,0.0,10.990322,1.0,64.138,932.05304,26.28,Mainly clear
2020-08-14 21:00:00+00:00,BOLU,14,25.7015,12.5015,0.0,9.19939,0.0,60.086422,930.88086,26.99,Clear sky
2020-08-15 21:00:00+00:00,BOLU,14,25.4515,15.3015,0.0,12.313894,3.0,65.83871,929.25903,24.18,Overcast
2020-08-16 21:00:00+00:00,BOLU,14,26.151499,13.5515,0.0,11.043261,0.0,64.52159,930.1646,24.65,Clear sky
2020-08-17 21:00:00+00:00,BOLU,14,27.301498,16.401499,0.0,9.178235,1.0,59.146088,928.0058,24.45,Mainly clear
2020-08-18 21:00:00+00:00,BOLU,14,28.401499,16.2015,0.0,9.931042,1.0,64.721855,925.5975,24.78,Mainly clear
2020-08-19 21:00:00+00:00,BOLU,14,24.3515,15.0515,4.2999997,10.931203,61.0,83.18293,925.97394,18.95,Rain: Slight
2020-08-20 21:00:00+00:00,BOLU,14,24.7515,14.9515,0.0,12.768586,3.0,74.98655,930.5256,22.39,Overcast
2020-08-21 21:00:00+00:00,BOLU,14,26.2015,13.4015,0.70000005,14.689589,51.0,73.00692,932.6802,22.34,Drizzle: Light
2020-08-22 21:00:00+00:00,BOLU,14,26.551498,15.7015,0.0,8.699793,2.0,70.39211,930.5373,22.49,Partly cloudy
2020-08-23 21:00:00+00:00,BOLU,14,29.151499,14.0015,0.0,8.209263,0.0,62.6474,928.9666,24.18,Clear sky
2020-08-24 21:00:00+00:00,BOLU,14,29.401499,19.2015,0.0,11.983188,1.0,59.96083,928.9135,24.27,Mainly clear
2020-08-25 21:00:00+00:00,BOLU,14,27.301498,16.1015,0.3,9.3669195,51.0,74.5427,930.7994,21.64,Drizzle: Light
2020-08-26 21:00:00+00:00,BOLU,14,27.0015,13.4015,0.0,7.5685663,3.0,62.592747,930.5557,23.99,Overcast
2020-08-27 21:00:00+00:00,BOLU,14,29.401499,15.3515005,0.0,10.799999,0.0,49.290943,930.7978,25.03,Clear sky
2020-08-28 21:00:00+00:00,BOLU,14,33.3015,18.051498,0.0,10.440001,0.0,41.330048,932.04974,24.8,Clear sky
2020-08-29 21:00:00+00:00,BOLU,14,33.4015,20.301498,0.0,8.942214,0.0,41.828415,932.46625,24.39,Clear sky
2020-08-30 21:00:00+00:00,BOLU,14,31.151499,19.051498,0.0,7.7879906,0.0,57.880615,930.5435,23.48,Clear sky
2020-08-31 21:00:00+00:00,BOLU,14,32.7015,17.401499,0.0,9.726665,2.0,56.94074,926.7649,21.17,Partly cloudy
2020-09-01 21:00:00+00:00,BOLU,14,32.7515,21.551498,0.0,8.714677,1.0,46.303562,930.42993,23.25,Mainly clear
2020-09-02 21:00:00+00:00,BOLU,14,35.601498,21.7515,0.0,9.693296,1.0,49.549316,934.1894,23.56,Mainly clear
2020-09-03 21:00:00+00:00,BOLU,14,27.7015,18.0015,2.4,16.167967,53.0,73.33718,932.98566,20.63,Drizzle: Moderate
2020-09-04 21:00:00+00:00,BOLU,14,20.9515,15.9015,7.7,10.137692,53.0,89.11126,932.80273,14.57,Drizzle: Moderate
2020-09-05 21:00:00+00:00,BOLU,14,21.7015,15.3015,1.1000001,9.346143,51.0,82.78981,931.8821,12.94,Drizzle: Light
2020-09-06 21:00:00+00:00,BOLU,14,26.4515,14.9015,0.0,7.289445,1.0,71.02538,933.2944,22.96,Mainly clear
2020-09-07 21:00:00+00:00,BOLU,14,26.0015,13.2515,0.0,10.365251,3.0,77.03068,936.22217,21.56,Overcast
2020-09-08 21:00:00+00:00,BOLU,14,25.301498,15.0015,0.0,12.313894,3.0,77.27047,938.4671,19.73,Overcast
2020-09-09 21:00:00+00:00,BOLU,14,27.7015,13.3515005,0.0,8.311245,0.0,68.32586,932.98615,22.31,Clear sky
2020-09-10 21:00:00+00:00,BOLU,14,28.2015,16.5015,0.0,7.5599995,1.0,64.49884,930.31964,22.0,Mainly clear
2020-09-11 21:00:00+00:00,BOLU,14,30.551498,16.7015,0.4,7.69592,51.0,68.03951,932.175,19.36,Drizzle: Light
2020-09-12 21:00:00+00:00,BOLU,14,25.051498,18.4515,4.9999995,5.1919937,63.0,78.192085,934.88477,15.37,Rain: Moderate
2020-09-13 21:00:00+00:00,BOLU,14,25.8515,16.7015,0.5,9.290511,51.0,78.582146,937.3721,18.26,Drizzle: Light
2020-09-14 21:00:00+00:00,BOLU,14,28.301498,15.9515,0.0,8.557102,3.0,66.7217,937.0505,21.38,Overcast
2020-09-15 21:00:00+00:00,BOLU,14,27.9515,16.0015,0.0,5.991594,0.0,56.31606,934.7885,21.65,Clear sky
2020-09-16 21:00:00+00:00,BOLU,14,29.6015,17.401499,0.0,10.636766,3.0,55.7217,932.1247,21.06,Overcast
2020-09-17 21:00:00+00:00,BOLU,14,25.401499,16.0015,0.4,11.542478,51.0,72.633415,933.1501,19.11,Drizzle: Light
2020-09-18 21:00:00+00:00,BOLU,14,21.6015,14.4515,0.0,10.315115,3.0,77.543755,934.8575,16.48,Overcast
2020-09-19 21:00:00+00:00,BOLU,14,24.151499,13.7515,0.2,8.942214,51.0,75.904655,932.4661,16.8,Drizzle: Light
2020-09-20 21:00:00+00:00,BOLU,14,23.7015,14.8015,0.0,9.360001,3.0,81.2177,932.9568,14.73,Overcast
2020-09-21 21:00:00+00:00,BOLU,14,24.5015,13.8015,0.1,6.9899354,51.0,78.524055,934.7092,17.51,Drizzle: Light
2020-09-22 21:00:00+00:00,BOLU,14,24.3515,14.4515,0.3,11.542478,51.0,78.66677,933.07587,16.98,Drizzle: Light
2020-09-23 21:00:00+00:00,BOLU,14,25.1015,13.4515,0.0,11.592895,3.0,66.25475,931.5756,19.62,Overcast
2020-09-24 21:00:00+00:00,BOLU,14,22.901499,16.2515,0.4,8.435069,51.0,58.80449,929.2744,13.27,Drizzle: Light
2020-09-25 21:00:00+00:00,BOLU,14,27.0015,12.7015,0.0,14.372974,1.0,56.009335,925.4814,19.14,Mainly clear
2020-09-26 21:00:00+00:00,BOLU,14,26.651499,14.7015,0.1,18.584509,51.0,61.857315,930.23193,15.39,Drizzle: Light
2020-09-27 21:00:00+00:00,BOLU,14,28.4515,14.3015,0.0,11.570515,1.0,61.257854,935.7757,18.95,Mainly clear
2020-09-28 21:00:00+00:00,BOLU,14,26.401499,16.0515,3.7000003,17.414474,63.0,63.100006,931.59985,12.64,Rain: Moderate
2020-09-29 21:00:00+00:00,BOLU,14,18.0015,12.1015005,1.9000001,10.787993,51.0,84.1417,926.7524,13.67,Drizzle: Light
2020-09-30 21:00:00+00:00,BOLU,14,18.9515,11.0015,5.4999995,10.636766,61.0,79.69021,926.6424,15.7,Rain: Slight
2020-10-01 21:00:00+00:00,BOLU,14,20.151499,11.3015,0.0,9.449572,1.0,60.087727,931.65454,18.28,Mainly clear
2020-10-02 21:00:00+00:00,BOLU,14,23.2015,12.9015,0.0,7.24486,2.0,50.609913,935.2447,18.54,Partly cloudy
2020-10-03 21:00:00+00:00,BOLU,14,24.0015,13.1515,0.0,7.968939,2.0,48.99294,935.99335,18.34,Partly cloudy
2020-10-04 21:00:00+00:00,BOLU,14,27.7515,15.3515005,0.0,6.6087217,3.0,43.940998,937.27,16.77,Overcast
2020-10-05 21:00:00+00:00,BOLU,14,29.301498,19.3515,0.0,6.4096174,2.0,40.470104,935.75195,16.35,Partly cloudy
2020-10-06 21:00:00+00:00,BOLU,14,27.301498,15.4515,0.0,7.342588,3.0,47.819836,933.8847,14.76,Overcast
2020-10-07 21:00:00+00:00,BOLU,14,28.0015,13.5515,0.0,10.1376915,3.0,59.113453,931.15356,12.36,Overcast
2020-10-08 21:00:00+00:00,BOLU,14,20.9515,14.3015,4.7,7.5685663,55.0,84.3087,931.1948,8.29,Drizzle: Dense
2020-10-09 21:00:00+00:00,BOLU,14,18.0015,11.7015,4.4999995,12.10157,61.0,84.839836,933.2707,13.0,Rain: Slight
2020-10-10 21:00:00+00:00,BOLU,14,22.1015,9.4515,0.0,7.729527,2.0,68.40569,933.1433,16.82,Partly cloudy
2020-10-11 21:00:00+00:00,BOLU,14,24.901499,14.6015005,0.0,10.308831,3.0,53.303295,932.09375,16.31,Overcast
2020-10-12 21:00:00+00:00,BOLU,14,24.8515,10.1015005,0.0,15.876775,1.0,49.998814,928.8824,16.44,Mainly clear
2020-10-13 21:00:00+00:00,BOLU,14,21.551498,13.6015005,0.0,11.090103,3.0,69.2469,932.78766,9.86,Overcast
2020-10-14 21:00:00+00:00,BOLU,14,22.7015,9.1015,0.0,9.673221,3.0,75.2101,935.6304,15.67,Overcast
2020-10-15 21:00:00+00:00,BOLU,14,23.301498,9.4515,0.0,9.178235,0.0,51.088577,933.38385,16.05,Clear sky
2020-10-16 21:00:00+00:00,BOLU,14,25.2015,9.5015,0.0,13.661038,3.0,51.336475,931.3432,14.98,Overcast
2020-10-17 21:00:00+00:00,BOLU,14,21.2015,12.2515,0.2,10.636766,51.0,70.59481,932.12103,9.48,Drizzle: Light
2020-10-18 21:00:00+00:00,BOLU,14,14.3515005,10.2015,9.999999,8.225035,61.0,89.98011,936.4224,4.88,Rain: Slight
2020-10-19 21:00:00+00:00,BOLU,14,15.2015,9.9015,4.0,7.7043357,53.0,89.10877,937.2868,6.58,Drizzle: Moderate
2020-10-20 21:00:00+00:00,BOLU,14,20.151499,7.3515,0.0,7.342588,3.0,80.213326,937.7507,13.91,Overcast
2020-10-21 21:00:00+00:00,BOLU,14,21.901499,13.5015,0.0,4.896529,0.0,62.8811,938.41406,13.86,Clear sky
2020-10-22 21:00:00+00:00,BOLU,14,23.801498,11.4515,0.0,6.12,1.0,56.17937,937.40643,13.63,Mainly clear
2020-10-23 21:00:00+00:00,BOLU,14,25.051498,11.3015,0.0,6.696387,0.0,53.483456,934.2954,14.37,Clear sky
2020-10-24 21:00:00+00:00,BOLU,14,25.1015,11.5515,0.0,8.39657,3.0,50.46056,931.81586,14.01,Overcast
2020-10-25 21:00:00+00:00,BOLU,14,24.051498,11.6015005,0.0,10.514218,3.0,59.094254,930.6516,12.88,Overcast
2020-10-26 21:00:00+00:00,BOLU,14,22.9515,10.7515,0.0,9.028754,3.0,71.59176,931.3952,13.11,Overcast
2020-10-27 21:00:00+00:00,BOLU,14,22.1015,14.0015,0.0,11.457958,2.0,60.051434,930.9336,13.27,Partly cloudy
2020-10-28 21:00:00+00:00,BOLU,14,18.801498,10.3015,1.8000001,14.512064,55.0,73.359276,930.84064,9.18,Drizzle: Dense
2020-10-29 21:00:00+00:00,BOLU,14,16.7015,9.5015,3.3,12.605142,61.0,83.55543,931.70074,9.0,Rain: Slight
2020-10-30 21:00:00+00:00,BOLU,14,10.1015005,7.5015,3.8,15.778518,53.0,88.32113,932.52026,4.76,Drizzle: Moderate
2020-10-31 21:00:00+00:00,BOLU,14,8.6015,4.2015,8.900001,14.118243,61.0,88.338295,933.3339,7.42,Rain: Slight
2020-11-01 21:00:00+00:00,BOLU,14,13.4515,4.1015,0.0,6.9527545,0.0,69.21322,936.674,12.81,Clear sky
2020-11-02 21:00:00+00:00,BOLU,14,13.8515005,6.6515,0.0,6.439876,3.0,63.390583,934.2319,9.5,Overcast
2020-11-03 21:00:00+00:00,BOLU,14,12.1515,5.8515,0.3,8.473393,51.0,81.04165,932.9761,9.71,Drizzle: Light
2020-11-04 21:00:00+00:00,BOLU,14,12.2015,6.0015,3.0999992,5.4119864,51.0,94.300896,935.5224,2.77,Drizzle: Light
2020-11-05 21:00:00+00:00,BOLU,14,13.5515,8.8015,1.1000001,7.928177,51.0,88.26034,938.3299,6.29,Drizzle: Light
2020-11-06 21:00:00+00:00,BOLU,14,12.1515,3.5015001,0.1,9.028754,51.0,79.845024,941.42633,9.15,Drizzle: Light
2020-11-07 21:00:00+00:00,BOLU,14,16.7515,3.8515,0.0,8.707238,0.0,67.44364,940.09796,12.2,Clear sky
2020-11-08 21:00:00+00:00,BOLU,14,16.8515,8.6515,0.0,4.0249224,0.0,58.656307,937.09674,12.15,Clear sky
2020-11-09 21:00:00+00:00,BOLU,14,15.1015005,5.7015,0.0,6.618519,3.0,78.52079,937.77637,11.15,Overcast
2020-11-10 21:00:00+00:00,BOLU,14,14.2515,6.4515,0.0,7.4128532,3.0,80.88131,939.3537,10.28,Overcast
2020-11-11 21:00:00+00:00,BOLU,14,14.6015005,2.2515001,0.0,4.510787,3.0,77.77268,939.1301,11.4,Overcast
2020-11-12 21:00:00+00:00,BOLU,14,15.2515,1.3515,0.0,7.9526596,2.0,66.75741,937.3367,11.67,Partly cloudy
2020-11-13 21:00:00+00:00,BOLU,14,10.6515,5.5015,0.5,5.1544156,51.0,74.89502,936.42505,4.15,Drizzle: Light
2020-11-14 21:00:00+00:00,BOLU,14,9.7015,5.6015,3.6000001,7.771331,53.0,93.73703,936.76245,4.66,Drizzle: Moderate
2020-11-15 21:00:00+00:00,BOLU,14,11.7515,3.8014998,0.0,6.1305785,3.0,73.992256,936.0017,10.3,Overcast
2020-11-16 21:00:00+00:00,BOLU,14,13.5015,5.1015,0.0,8.39657,1.0,67.29156,937.9055,11.02,Mainly clear
2020-11-17 21:00:00+00:00,BOLU,14,12.1015005,1.2515,0.2,6.379216,51.0,82.36235,938.5041,8.36,Drizzle: Light
2020-11-18 21:00:00+00:00,BOLU,14,10.0015,1.6515,0.0,10.1887,3.0,82.74126,935.722,9.57,Overcast
2020-11-19 21:00:00+00:00,BOLU,14,9.6515,0.6515,0.0,6.849467,1.0,62.51103,929.5652,11.06,Mainly clear
2020-11-20 21:00:00+00:00,BOLU,14,10.4015,1.7015,0.0,8.913181,3.0,66.34879,935.56104,10.29,Overcast
2020-11-21 21:00:00+00:00,BOLU,14,6.5515003,1.2014999,0.0,8.311245,3.0,87.05692,942.09863,3.57,Overcast
2020-11-22 21:00:00+00:00,BOLU,14,11.8015,-0.9985,0.0,6.725354,1.0,57.52231,939.9509,10.59,Mainly clear
2020-11-23 21:00:00+00:00,BOLU,14,10.0015,1.1015,0.0,7.5942073,3.0,53.20575,935.82324,9.99,Overcast
2020-11-24 21:00:00+00:00,BOLU,14,7.8515,1.9015,0.0,11.983188,3.0,88.92933,936.37933,6.67,Overcast
2020-11-25 21:00:00+00:00,BOLU,14,9.4015,1.1515,0.0,8.39657,3.0,75.68083,936.7033,9.84,Overcast
2020-11-26 21:00:00+00:00,BOLU,14,13.3015,3.0015001,0.0,5.495161,0.0,48.696415,936.3499,10.17,Clear sky
2020-11-27 21:00:00+00:00,BOLU,14,13.5515,-0.09850001,0.0,9.19939,0.0,40.115017,933.71295,10.42,Clear sky
2020-11-28 21:00:00+00:00,BOLU,14,13.9515,-0.4985,0.0,8.587338,3.0,38.335636,933.3401,9.99,Overcast
2020-11-29 21:00:00+00:00,BOLU,14,12.5015,-0.29849994,0.0,8.4963045,3.0,36.89755,930.3671,9.06,Overcast
2020-11-30 21:00:00+00:00,BOLU,14,8.6015,1.7515,0.6,9.339208,51.0,71.51641,931.78656,7.8,Drizzle: Light
2020-12-01 21:00:00+00:00,BOLU,14,11.3015,2.1015,0.0,9.885262,3.0,86.2879,933.83026,9.38,Overcast
2020-12-02 21:00:00+00:00,BOLU,14,13.3515005,1.9514999,0.0,7.2805495,3.0,69.404976,933.91815,9.47,Overcast
2020-12-03 21:00:00+00:00,BOLU,14,14.3515005,3.1015,0.0,6.830519,2.0,66.384125,931.95734,9.24,Partly cloudy
2020-12-04 21:00:00+00:00,BOLU,14,14.3515005,2.3515,0.0,5.904439,0.0,67.7255,932.2287,9.28,Clear sky
2020-12-05 21:00:00+00:00,BOLU,14,12.0015,2.9515,0.0,6.638072,1.0,66.415825,932.67163,9.48,Mainly clear
2020-12-06 21:00:00+00:00,BOLU,14,12.3515005,1.3515,0.0,9.085988,2.0,63.23773,928.8965,9.18,Partly cloudy
2020-12-07 21:00:00+00:00,BOLU,14,10.4015,5.4015,2.0,9.0,53.0,74.659676,928.5507,4.81,Drizzle: Moderate
2020-12-08 21:00:00+00:00,BOLU,14,11.6515,4.1515,0.0,9.339208,3.0,68.03382,933.4196,9.06,Overcast
2020-12-09 21:00:00+00:00,BOLU,14,13.0015,5.4015,0.0,8.12197,3.0,61.595383,931.4478,7.63,Overcast
2020-12-10 21:00:00+00:00,BOLU,14,10.7015,4.8515,2.1999998,15.379206,55.0,72.260994,926.3533,5.77,Drizzle: Dense
2020-12-11 21:00:00+00:00,BOLU,14,11.7515,2.7515001,0.7,13.627795,51.0,70.496056,923.0254,3.52,Drizzle: Light
2020-12-12 21:00:00+00:00,BOLU,14,12.7015,7.0015,0.3,12.849528,51.0,73.73544,923.0813,3.56,Drizzle: Light
2020-12-13 21:00:00+00:00,BOLU,14,15.3515005,4.4015,1.2,8.699793,53.0,77.464226,921.86444,4.99,Drizzle: Moderate
2020-12-14 21:00:00+00:00,BOLU,14,12.1015005,7.2015,9.6,6.130579,61.0,86.03919,927.9488,5.68,Rain: Slight
2020-12-15 21:00:00+00:00,BOLU,14,8.2015,6.2015,1.9000002,5.495161,51.0,94.42196,936.4041,2.18,Drizzle: Light
2020-12-16 21:00:00+00:00,BOLU,14,10.8015,3.8014998,0.0,7.5170207,3.0,90.677216,938.364,7.61,Overcast
2020-12-17 21:00:00+00:00,BOLU,14,8.7515,1.8015001,0.0,7.7043357,3.0,86.42428,938.8972,7.66,Overcast
2020-12-18 21:00:00+00:00,BOLU,14,7.1015,2.5015001,0.2,6.489992,51.0,87.03177,940.5383,4.02,Drizzle: Light
2020-12-19 21:00:00+00:00,BOLU,14,8.5015,-0.54849994,0.0,7.9932966,3.0,80.675186,939.29297,8.83,Overcast
2020-12-20 21:00:00+00:00,BOLU,14,5.4015,1.4515,0.4,7.6367526,51.0,92.01703,939.0735,2.98,Drizzle: Light
2020-12-21 21:00:00+00:00,BOLU,14,3.5015001,-0.3485,2.9000003,6.792466,73.0,92.30779,937.97534,2.29,Snow fall: Moderate
2020-12-22 21:00:00+00:00,BOLU,14,3.9015002,-1.3985001,0.0,6.489992,3.0,79.84202,936.39545,4.05,Overcast
2020-12-23 21:00:00+00:00,BOLU,14,5.0015,-1.2985,3.5,7.754637,73.0,80.05546,934.49316,1.2,Snow fall: Moderate
2020-12-24 21:00:00+00:00,BOLU,14,11.7015,4.5015,0.0,12.397806,3.0,66.539696,931.96625,8.75,Overcast
2020-12-25 21:00:00+00:00,BOLU,14,13.1015005,6.8015003,0.0,13.009903,3.0,63.854763,933.30304,8.22,Overcast
2020-12-26 21:00:00+00:00,BOLU,14,13.3015,2.6515,0.0,8.557102,3.0,68.60473,934.34546,6.72,Overcast
2020-12-27 21:00:00+00:00,BOLU,14,12.9515,5.3515,0.3,12.7279215,51.0,60.859943,930.8698,6.56,Drizzle: Light
2020-12-28 21:00:00+00:00,BOLU,14,12.6515,4.5015,0.0,11.792404,3.0,65.77044,933.1097,9.17,Overcast
2020-12-29 21:00:00+00:00,BOLU,14,13.5015,4.4015,0.0,10.041354,2.0,63.430405,933.88885,9.14,Partly cloudy
2020-12-30 21:00:00+00:00,BOLU,14,12.6515,3.7515001,0.0,11.5199995,2.0,67.55253,931.36774,9.05,Partly cloudy
2020-12-31 21:00:00+00:00,BOLU,14,12.2015,4.7515,0.0,13.708391,3.0,66.04667,931.7176,6.41,Overcast
2021-01-01 21:00:00+00:00,BOLU,14,12.1515,0.5515,0.0,5.6233797,0.0,74.13767,936.9341,8.98,Clear sky
2021-01-02 21:00:00+00:00,BOLU,14,12.6015005,1.7015,0.0,7.0911775,3.0,64.46708,936.417,7.44,Overcast
2021-01-03 21:00:00+00:00,BOLU,14,12.8015,0.4015,0.0,8.28,3.0,60.263577,932.8154,8.13,Overcast
2021-01-04 21:00:00+00:00,BOLU,14,10.8515005,5.4015,0.90000004,10.495713,51.0,69.2208,930.2546,4.54,Drizzle: Light
2021-01-05 21:00:00+00:00,BOLU,14,11.2515,3.1015,0.0,8.905908,3.0,71.69681,936.38446,8.92,Overcast
2021-01-06 21:00:00+00:00,BOLU,14,12.3515005,4.6015,0.0,15.137133,3.0,66.39237,933.83374,8.57,Overcast
2021-01-07 21:00:00+00:00,BOLU,14,13.8015,6.4015,0.0,17.026896,3.0,69.26438,931.1602,8.19,Overcast
2021-01-08 21:00:00+00:00,BOLU,14,13.7015,5.8515,1.4000001,15.281989,55.0,75.80437,929.70795,4.14,Drizzle: Dense
2021-01-09 21:00:00+00:00,BOLU,14,13.5515,8.1515,8.4,12.682018,53.0,87.056755,931.7395,3.84,Drizzle: Moderate
2021-01-10 21:00:00+00:00,BOLU,14,16.401499,8.6015,0.7,17.399586,51.0,78.13692,931.133,5.63,Drizzle: Light
2021-01-11 21:00:00+00:00,BOLU,14,17.7015,10.3015,0.70000005,19.839235,51.0,66.33543,927.4559,8.01,Drizzle: Light
2021-01-12 21:00:00+00:00,BOLU,14,12.4015,2.5015001,18.699999,18.079027,75.0,89.86979,919.7939,2.88,Snow fall: Heavy
2021-01-13 21:00:00+00:00,BOLU,14,2.5514998,-1.5485,8.900001,10.483357,75.0,95.51243,920.9028,3.52,Snow fall: Heavy
2021-01-14 21:00:00+00:00,BOLU,14,0.5015,-6.2985,4.1,12.413476,73.0,88.207115,924.64594,3.65,Snow fall: Moderate
2021-01-15 21:00:00+00:00,BOLU,14,3.9015002,-11.3485,3.1999998,5.4477882,75.0,60.052227,922.695,8.38,Snow fall: Heavy
2021-01-16 21:00:00+00:00,BOLU,14,-0.8985001,-4.5485,16.800001,12.620554,75.0,91.76477,920.7133,4.89,Snow fall: Heavy
2021-01-17 21:00:00+00:00,BOLU,14,-4.9484997,-11.0985,2.6,8.905908,73.0,78.78655,929.9241,10.82,Snow fall: Moderate
2021-01-18 21:00:00+00:00,BOLU,14,-3.8985,-12.7985,0.2,6.725354,71.0,63.87309,933.47705,10.66,Snow fall: Slight
2021-01-19 21:00:00+00:00,BOLU,14,-1.1985,-12.7485,0.90000004,12.144331,71.0,72.95023,936.6887,11.56,Snow fall: Slight
2021-01-20 21:00:00+00:00,BOLU,14,4.1015,-5.1984997,0.0,9.605998,3.0,63.46182,940.2832,11.19,Overcast
2021-01-21 21:00:00+00:00,BOLU,14,6.7015,-1.7985,0.0,11.212135,3.0,64.64389,938.7209,8.9,Overcast
2021-01-22 21:00:00+00:00,BOLU,14,8.6515,1.8515,0.0,13.084402,3.0,65.06953,934.02734,11.11,Overcast
2021-01-23 21:00:00+00:00,BOLU,14,9.2015,1.5515,0.3,19.813087,51.0,68.0661,928.5034,7.73,Drizzle: Light
2021-01-24 21:00:00+00:00,BOLU,14,8.8515,6.0015,2.8999999,25.325686,55.0,72.284325,925.37274,3.78,Drizzle: Dense
2021-01-25 21:00:00+00:00,BOLU,14,10.6015005,5.8515,1.1,19.959719,51.0,73.29384,925.4389,3.32,Drizzle: Light
2021-01-26 21:00:00+00:00,BOLU,14,11.1015005,-1.1985,13.0,32.058193,75.0,73.603645,915.3525,5.89,Snow fall: Heavy
2021-01-27 21:00:00+00:00,BOLU,14,0.051499963,-2.5485,5.7999988,9.793058,73.0,88.46505,922.59863,6.99,Snow fall: Moderate
2021-01-28 21:00:00+00:00,BOLU,14,3.4015,-3.7985,0.0,11.592894,3.0,65.33109,925.9471,11.95,Overcast
2021-01-29 21:00:00+00:00,BOLU,14,5.4515,-0.9985,9.000001,15.517629,75.0,73.13064,919.35565,3.41,Snow fall: Heavy
2021-01-30 21:00:00+00:00,BOLU,14,9.2015,1.9015,1.4000001,12.6462,51.0,75.98379,924.6535,10.79,Drizzle: Light
2021-01-31 21:00:00+00:00,BOLU,14,12.1015005,3.0514998,0.0,16.299694,3.0,60.087006,926.2051,8.2,Overcast
2021-02-01 21:00:00+00:00,BOLU,14,14.6015005,5.3515,0.0,16.343367,3.0,62.222004,930.06445,9.8,Overcast
2021-02-02 21:00:00+00:00,BOLU,14,14.5015,5.8515,0.1,9.3876505,51.0,67.38848,931.542,10.29,Drizzle: Light
2021-02-03 21:00:00+00:00,BOLU,14,14.2015,4.2015,0.0,11.246759,2.0,67.993126,930.74835,12.47,Partly cloudy
2021-02-04 21:00:00+00:00,BOLU,14,11.6515,4.5015,1.1,12.682018,53.0,78.95725,934.1035,9.84,Drizzle: Moderate
2021-02-05 21:00:00+00:00,BOLU,14,15.5015,5.2015,0.0,10.144082,2.0,55.91038,931.9423,12.7,Partly cloudy
2021-02-06 21:00:00+00:00,BOLU,14,16.1015,7.1515,0.0,10.009036,3.0,55.157368,930.4755,12.7,Overcast
2021-02-07 21:00:00+00:00,BOLU,14,15.3515005,7.2515,0.3,18.391735,51.0,43.75763,927.32697,5.05,Drizzle: Light
2021-02-08 21:00:00+00:00,BOLU,14,15.7515,9.1515,0.0,21.67487,3.0,53.99705,928.32245,12.09,Overcast
2021-02-09 21:00:00+00:00,BOLU,14,12.3015,5.6515,2.3999999,16.08761,55.0,71.157875,928.5925,7.71,Drizzle: Dense
2021-02-10 21:00:00+00:00,BOLU,14,15.7515,5.7015,0.0,15.815435,3.0,54.227306,927.7151,12.61,Overcast
2021-02-11 21:00:00+00:00,BOLU,14,11.2515,-2.3484998,10.300001,16.676977,75.0,79.44361,927.5303,2.36,Snow fall: Heavy
2021-02-12 21:00:00+00:00,BOLU,14,1.7015,-3.1984997,0.0,8.209263,3.0,78.03683,936.32965,10.24,Overcast
2021-02-13 21:00:00+00:00,BOLU,14,5.0015,-2.9484997,11.500001,10.233123,75.0,81.82566,932.26544,4.96,Snow fall: Heavy
2021-02-14 21:00:00+00:00,BOLU,14,-2.0984998,-5.6485,15.900001,9.290511,75.0,89.464935,931.9643,5.05,Snow fall: Heavy
2021-02-15 21:00:00+00:00,BOLU,14,-2.5485,-6.6984997,2.7,11.212135,71.0,82.590324,930.0337,12.41,Snow fall: Slight
2021-02-16 21:00:00+00:00,BOLU,14,-2.2484999,-7.8485003,2.6999998,6.792466,73.0,88.23569,929.8904,9.99,Snow fall: Moderate
2021-02-17 21:00:00+00:00,BOLU,14,0.101500034,-7.8984995,2.6999998,10.799999,73.0,77.24316,930.94135,13.33,Snow fall: Moderate
2021-02-18 21:00:00+00:00,BOLU,14,-1.3484999,-4.6984997,6.799999,10.787993,73.0,86.28872,938.0906,6.41,Snow fall: Moderate
2021-02-19 21:00:00+00:00,BOLU,14,1.6515,-8.2985,0.0,7.2359104,3.0,50.47649,939.68036,16.7,Overcast
2021-02-20 21:00:00+00:00,BOLU,14,5.3015,-7.3485003,0.0,4.73506,3.0,36.43911,941.04254,17.3,Overcast
2021-02-21 21:00:00+00:00,BOLU,14,6.7015,-2.8985,0.0,7.208994,3.0,36.41271,941.9297,16.83,Overcast
2021-02-22 21:00:00+00:00,BOLU,14,9.6015005,2.1515,0.0,8.766573,0.0,40.365288,942.6014,16.85,Clear sky
2021-02-23 21:00:00+00:00,BOLU,14,7.3015003,0.15149999,0.2,8.473393,51.0,62.356884,942.351,16.35,Drizzle: Light
2021-02-24 21:00:00+00:00,BOLU,14,7.3515,0.7015,0.0,7.24486,3.0,88.26545,944.24023,12.59,Overcast
2021-02-25 21:00:00+00:00,BOLU,14,11.4515,0.7515,0.0,5.991594,1.0,65.53038,940.6629,16.57,Mainly clear
2021-02-26 21:00:00+00:00,BOLU,14,15.4515,3.3515,0.0,9.178235,0.0,55.82051,933.5942,16.94,Clear sky
2021-02-27 21:00:00+00:00,BOLU,14,4.0515,-0.3485,6.8,10.630672,75.0,90.234566,936.2202,3.51,Snow fall: Heavy
2021-02-28 21:00:00+00:00,BOLU,14,5.3015,-1.9985,1.1,5.7599998,73.0,79.65156,938.3626,9.13,Snow fall: Moderate
2021-03-01 21:00:00+00:00,BOLU,14,5.3515,0.7515,1.3000002,9.0,71.0,80.26171,939.39886,10.16,Snow fall: Slight
2021-03-02 21:00:00+00:00,BOLU,14,7.7515,-0.54849994,0.0,9.107359,3.0,78.81237,939.7242,12.54,Overcast
2021-03-03 21:00:00+00:00,BOLU,14,10.0015,-0.69850004,0.0,7.69592,3.0,65.496254,936.63574,17.69,Overcast
2021-03-04 21:00:00+00:00,BOLU,14,15.5015,3.3014998,0.0,11.246759,2.0,36.68714,932.112,18.57,Partly cloudy
2021-03-05 21:00:00+00:00,BOLU,14,12.4515,2.4515,1.0,9.6932955,51.0,50.746323,933.5893,10.1,Drizzle: Light
2021-03-06 21:00:00+00:00,BOLU,14,3.1015,-0.8484999,5.4999995,7.968939,73.0,89.832306,936.18335,5.27,Snow fall: Moderate
2021-03-07 21:00:00+00:00,BOLU,14,7.7515,-2.4485002,0.0,8.647496,3.0,71.29832,931.0613,19.12,Overcast
2021-03-08 21:00:00+00:00,BOLU,14,10.2515,-0.4985,0.0,7.9526596,1.0,50.845577,931.20264,18.69,Mainly clear
2021-03-09 21:00:00+00:00,BOLU,14,14.3515005,-1.3985001,0.0,10.137692,3.0,48.632984,926.81036,17.52,Overcast
2021-03-10 21:00:00+00:00,BOLU,14,6.2015,0.0015000105,9.7,7.928178,73.0,86.492256,924.2688,4.34,Snow fall: Moderate
2021-03-11 21:00:00+00:00,BOLU,14,7.1515,-2.4984999,0.4,8.714677,71.0,63.0584,932.62964,19.24,Snow fall: Slight
2021-03-12 21:00:00+00:00,BOLU,14,12.5515,-0.69850004,0.0,10.195057,3.0,53.264374,931.0086,18.89,Overcast
2021-03-13 21:00:00+00:00,BOLU,14,15.1515,3.8014998,0.0,9.504273,3.0,61.282368,928.6866,18.67,Overcast
2021-03-14 21:00:00+00:00,BOLU,14,15.0515,4.1515,0.1,14.182355,51.0,58.952892,921.2339,18.1,Drizzle: Light
2021-03-15 21:00:00+00:00,BOLU,14,10.0515,3.8014998,4.4999995,18.668005,71.0,69.633026,915.98004,13.35,Snow fall: Slight
2021-03-16 21:00:00+00:00,BOLU,14,8.8015,1.4515,12.5,20.08916,75.0,79.252846,917.44257,12.79,Snow fall: Heavy
2021-03-17 21:00:00+00:00,BOLU,14,5.9515,0.2515,5.2999997,13.849477,75.0,82.59673,924.0903,11.3,Snow fall: Heavy
2021-03-18 21:00:00+00:00,BOLU,14,7.8515,-0.6485001,2.1999998,12.864649,73.0,75.447945,928.0947,11.84,Snow fall: Moderate
2021-03-19 21:00:00+00:00,BOLU,14,9.7515,3.2015,6.4000006,8.404285,71.0,83.17219,930.65936,10.15,Snow fall: Slight
2021-03-20 21:00:00+00:00,BOLU,14,9.8515005,2.9515,14.300001,10.948973,71.0,92.40986,926.2912,4.5,Snow fall: Slight
2021-03-21 21:00:00+00:00,BOLU,14,15.8015,5.5515003,2.6999998,17.193533,53.0,72.75575,916.67554,15.7,Drizzle: Moderate
2021-03-22 21:00:00+00:00,BOLU,14,7.6015,-0.09850001,20.6,9.511088,75.0,93.246025,919.01514,3.33,Snow fall: Heavy
2021-03-23 21:00:00+00:00,BOLU,14,0.7015,-1.9485,13.3,7.9932976,73.0,90.634315,920.74945,8.36,Snow fall: Moderate
2021-03-24 21:00:00+00:00,BOLU,14,1.2515,-2.6984997,5.7999997,6.379216,73.0,87.66169,927.57764,10.18,Snow fall: Moderate
2021-03-25 21:00:00+00:00,BOLU,14,0.20150006,-2.1985002,12.699999,14.345898,73.0,91.835365,933.5093,6.94,Snow fall: Moderate
2021-03-26 21:00:00+00:00,BOLU,14,6.0015,-0.8484999,4.4,8.0899935,73.0,80.86906,939.61676,19.66,Snow fall: Moderate
2021-03-27 21:00:00+00:00,BOLU,14,10.7015,-1.7485,0.0,7.928177,1.0,64.141304,941.1352,23.07,Mainly clear
2021-03-28 21:00:00+00:00,BOLU,14,6.9015,-1.3985001,2.5,9.114471,53.0,85.8603,940.98193,8.44,Drizzle: Moderate
2021-03-29 21:00:00+00:00,BOLU,14,7.4515,-1.0984999,1.7,9.826088,73.0,80.23856,936.82196,14.9,Snow fall: Moderate
2021-03-30 21:00:00+00:00,BOLU,14,9.9015,1.5015,0.3,10.799999,51.0,85.92102,933.01324,13.47,Drizzle: Light
2021-03-31 21:00:00+00:00,BOLU,14,5.4515,2.6015,7.499999,7.928177,75.0,94.22794,929.6325,4.87,Snow fall: Heavy
2021-04-01 21:00:00+00:00,BOLU,14,10.1015005,1.3015,0.0,10.538843,3.0,83.633514,928.76373,10.64,Overcast
2021-04-02 21:00:00+00:00,BOLU,14,14.7515,1.9514999,5.7,13.32,73.0,72.589355,928.54364,15.06,Snow fall: Moderate
2021-04-03 21:00:00+00:00,BOLU,14,14.9515,7.5015,0.2,18.626305,51.0,64.22967,928.4445,15.39,Drizzle: Light
2021-04-04 21:00:00+00:00,BOLU,14,11.4015,5.0015,21.3,17.727943,63.0,84.05358,926.84564,3.75,Rain: Moderate
2021-04-05 21:00:00+00:00,BOLU,14,17.5015,6.6015,2.5,20.418695,53.0,61.30771,924.9104,14.83,Drizzle: Moderate
2021-04-06 21:00:00+00:00,BOLU,14,20.1015,7.9515,0.0,19.107151,1.0,55.002697,922.772,22.42,Mainly clear
2021-04-07 21:00:00+00:00,BOLU,14,14.1015005,1.7015,7.7,14.986553,73.0,87.78362,927.0891,13.42,Snow fall: Moderate
2021-04-08 21:00:00+00:00,BOLU,14,3.4015,-0.54849994,7.799999,9.511088,73.0,84.67535,935.49774,9.28,Snow fall: Moderate
2021-04-09 21:00:00+00:00,BOLU,14,4.9515,-1.3985001,1.2000002,16.055353,71.0,77.082436,936.8638,17.84,Snow fall: Slight
2021-04-10 21:00:00+00:00,BOLU,14,4.8015,-0.24849999,9.5,12.413477,73.0,87.32644,935.7859,7.05,Snow fall: Moderate
2021-04-11 21:00:00+00:00,BOLU,14,3.3014998,1.0015,10.0,9.885262,73.0,90.89036,935.8608,7.73,Snow fall: Moderate
2021-04-12 21:00:00+00:00,BOLU,14,13.6015005,1.4515,0.0,11.542478,3.0,69.485596,933.27954,22.22,Overcast
2021-04-13 21:00:00+00:00,BOLU,14,16.2015,6.4515,2.6999998,14.773164,53.0,64.90531,930.2172,21.0,Drizzle: Moderate
2021-04-14 21:00:00+00:00,BOLU,14,16.3515,5.8015003,0.2,12.387348,51.0,70.437126,931.0374,21.41,Drizzle: Light
2021-04-15 21:00:00+00:00,BOLU,14,14.4515,7.4015,0.8,12.303366,51.0,86.90591,931.60596,16.91,Drizzle: Light
2021-04-16 21:00:00+00:00,BOLU,14,20.0015,6.7515,2.4,12.074766,51.0,78.71802,930.8499,14.02,Drizzle: Light
2021-04-17 21:00:00+00:00,BOLU,14,20.4515,10.9015,2.6000001,16.808569,53.0,66.51095,930.6951,11.26,Drizzle: Moderate
2021-04-18 21:00:00+00:00,BOLU,14,16.5015,11.4015,14.999999,17.227419,61.0,77.248726,929.3929,8.01,Rain: Slight
2021-04-19 21:00:00+00:00,BOLU,14,13.8015,5.3515,4.4999995,16.311613,55.0,75.531395,926.8718,21.46,Drizzle: Dense
2021-04-20 21:00:00+00:00,BOLU,14,13.6515,4.8515,0.6,12.413477,51.0,74.27659,932.34454,22.95,Drizzle: Light
2021-04-21 21:00:00+00:00,BOLU,14,14.1515,3.5514998,0.0,10.805999,1.0,73.02369,936.1829,24.47,Mainly clear
2021-04-22 21:00:00+00:00,BOLU,14,19.4515,3.4515,0.0,13.493999,3.0,61.462326,935.01953,25.64,Overcast
2021-04-23 21:00:00+00:00,BOLU,14,16.2515,8.5015,1.0000001,9.83268,51.0,73.428764,934.43896,14.5,Drizzle: Light
2021-04-24 21:00:00+00:00,BOLU,14,14.5515,7.7515,8.900001,10.636766,61.0,89.937325,929.107,9.89,Rain: Slight
2021-04-25 21:00:00+00:00,BOLU,14,9.0515,4.0515,2.1000001,10.1376915,51.0,87.75079,930.1011,7.28,Drizzle: Light
2021-04-26 21:00:00+00:00,BOLU,14,19.0015,-0.3485,0.0,11.435313,3.0,58.402203,929.6291,26.95,Overcast
2021-04-27 21:00:00+00:00,BOLU,14,22.2015,10.7515,0.1,9.178235,51.0,56.09656,930.29315,22.24,Drizzle: Light
2021-04-28 21:00:00+00:00,BOLU,14,21.9515,13.2515,0.70000005,11.726277,51.0,65.94544,931.293,24.62,Drizzle: Light
2021-04-29 21:00:00+00:00,BOLU,14,20.551498,14.5515,0.0,11.013882,3.0,64.127785,933.5666,21.87,Overcast
2021-04-30 21:00:00+00:00,BOLU,14,24.7015,13.5015,0.0,9.028754,3.0,56.2448,934.55707,25.48,Overcast
2021-05-01 21:00:00+00:00,BOLU,14,26.551498,16.5515,0.0,13.397612,3.0,54.246185,931.9992,17.86,Overcast
2021-05-02 21:00:00+00:00,BOLU,14,25.901499,14.0515,0.4,14.4,51.0,63.771595,930.4534,24.07,Drizzle: Light
2021-05-03 21:00:00+00:00,BOLU,14,16.5015,10.6015005,1.2,10.144082,51.0,82.2114,931.81146,12.45,Drizzle: Light
2021-05-04 21:00:00+00:00,BOLU,14,21.1015,10.0015,0.0,9.107359,3.0,62.89003,929.02997,21.84,Overcast
2021-05-05 21:00:00+00:00,BOLU,14,17.4515,12.4015,1.7000002,9.178235,53.0,75.682884,929.3005,14.52,Drizzle: Moderate
2021-05-06 21:00:00+00:00,BOLU,14,22.7015,11.3515005,0.0,10.464797,3.0,64.016716,932.416,28.27,Overcast
2021-05-07 21:00:00+00:00,BOLU,14,22.151499,12.6515,6.5000005,12.682018,53.0,69.57766,930.5975,13.71,Drizzle: Moderate
2021-05-08 21:00:00+00:00,BOLU,14,13.3015,5.2515,5.1,12.979984,55.0,73.60273,936.81146,22.74,Drizzle: Dense
2021-05-09 21:00:00+00:00,BOLU,14,17.0515,1.5515,0.0,7.172949,1.0,65.246666,936.3256,29.44,Mainly clear
2021-05-10 21:00:00+00:00,BOLU,14,18.3515,6.9515,0.0,7.42159,3.0,71.37066,931.3923,28.98,Overcast
2021-05-11 21:00:00+00:00,BOLU,14,21.6015,7.7015,0.0,9.605998,3.0,60.85318,926.45465,29.07,Overcast
2021-05-12 21:00:00+00:00,BOLU,14,26.0015,13.7015,0.0,12.879752,3.0,55.26868,925.9853,28.74,Overcast
2021-05-13 21:00:00+00:00,BOLU,14,25.801498,12.4015,0.0,13.608762,1.0,63.582478,929.14136,28.7,Mainly clear
2021-05-14 21:00:00+00:00,BOLU,14,25.9515,12.8015,0.0,10.799999,3.0,66.20821,929.28485,28.33,Overcast
2021-05-15 21:00:00+00:00,BOLU,14,18.6015,10.7015,8.599999,14.404499,63.0,81.416084,924.4284,17.11,Rain: Moderate
2021-05-16 21:00:00+00:00,BOLU,14,17.3515,8.9515,2.6000001,11.503113,53.0,81.57578,926.3719,20.24,Drizzle: Moderate
2021-05-17 21:00:00+00:00,BOLU,14,22.7015,12.8515005,5.1999993,18.204042,61.0,66.01769,926.69214,22.56,Rain: Slight
2021-05-18 21:00:00+00:00,BOLU,14,21.651499,7.0515003,0.0,12.496719,2.0,61.335266,930.42706,29.98,Partly cloudy
2021-05-19 21:00:00+00:00,BOLU,14,28.301498,10.4515,0.0,19.513195,3.0,54.935093,925.5992,29.71,Overcast
2021-05-20 21:00:00+00:00,BOLU,14,23.2015,11.6515,20.0,17.015474,63.0,80.13921,925.7107,21.38,Rain: Moderate
2021-05-21 21:00:00+00:00,BOLU,14,14.1515,7.1515,22.300003,12.24,63.0,94.65195,931.7835,9.76,Rain: Moderate
2021-05-22 21:00:00+00:00,BOLU,14,19.151499,5.7015,0.0,7.42159,3.0,69.62354,934.5135,28.79,Overcast
2021-05-23 21:00:00+00:00,BOLU,14,24.3515,9.5015,0.0,7.729527,3.0,45.163006,936.5923,30.01,Overcast
2021-05-24 21:00:00+00:00,BOLU,14,23.7015,12.7015,0.0,7.172949,2.0,68.26016,936.19147,29.81,Partly cloudy
2021-05-25 21:00:00+00:00,BOLU,14,25.7015,14.7515,0.0,7.42159,3.0,48.551716,932.2806,29.89,Overcast
2021-05-26 21:00:00+00:00,BOLU,14,26.901499,16.151499,0.0,7.771331,3.0,59.18898,928.5977,26.85,Overcast
2021-05-27 21:00:00+00:00,BOLU,14,24.0015,14.6515,10.799999,10.805999,63.0,78.49927,926.1303,22.98,Rain: Moderate
2021-05-28 21:00:00+00:00,BOLU,14,15.6015005,12.1515,12.900001,11.966953,63.0,92.55276,928.5107,12.62,Rain: Moderate
2021-05-29 21:00:00+00:00,BOLU,14,22.901499,12.4015,0.3,13.441071,51.0,79.006035,931.0302,22.07,Drizzle: Light
2021-05-30 21:00:00+00:00,BOLU,14,17.3015,13.0015,4.499999,12.287555,53.0,91.105255,927.1209,15.15,Drizzle: Moderate
2021-05-31 21:00:00+00:00,BOLU,14,17.9515,9.0015,8.1,21.129885,63.0,87.407104,925.27216,18.06,Rain: Moderate
2021-06-01 21:00:00+00:00,BOLU,14,12.0515,6.3515,7.2,17.81909,61.0,88.45658,930.77203,17.92,Rain: Slight
2021-06-02 21:00:00+00:00,BOLU,14,13.1515,5.5515003,1.8000001,12.287555,51.0,85.01343,934.7583,12.9,Drizzle: Light
2021-06-03 21:00:00+00:00,BOLU,14,14.7015,10.1515,5.1,11.874544,53.0,86.49766,936.7046,16.65,Drizzle: Moderate
2021-06-04 21:00:00+00:00,BOLU,14,15.2515,5.8015003,4.0,9.47012,61.0,83.26432,936.0372,14.25,Rain: Slight
2021-06-05 21:00:00+00:00,BOLU,14,19.2515,8.8015,0.0,13.441071,2.0,67.77546,933.7498,29.78,Partly cloudy
2021-06-06 21:00:00+00:00,BOLU,14,20.801498,10.0515,0.3,7.289445,51.0,61.512363,933.4946,28.09,Drizzle: Light
2021-06-07 21:00:00+00:00,BOLU,14,18.7515,13.6515,1.3,7.10031,51.0,75.03592,931.35394,17.5,Drizzle: Light
2021-06-08 21:00:00+00:00,BOLU,14,21.151499,12.3015,0.0,8.049845,3.0,74.37461,929.1909,27.21,Overcast
2021-06-09 21:00:00+00:00,BOLU,14,21.0015,9.3515,0.2,9.021574,51.0,70.53004,928.2073,26.68,Drizzle: Light
2021-06-10 21:00:00+00:00,BOLU,14,21.5015,12.8515005,1.5000001,8.707237,55.0,74.13879,929.6121,24.17,Drizzle: Dense
2021-06-11 21:00:00+00:00,BOLU,14,20.551498,13.1015005,1.3000001,10.8955765,53.0,80.17608,930.85223,24.6,Drizzle: Moderate
2021-06-12 21:00:00+00:00,BOLU,14,20.7515,11.1515,1.5,9.007196,55.0,78.47543,929.8469,24.33,Drizzle: Dense
2021-06-13 21:00:00+00:00,BOLU,14,17.551498,11.6515,20.3,11.542478,63.0,90.24224,926.77057,16.51,Rain: Moderate
2021-06-14 21:00:00+00:00,BOLU,14,16.6015,11.1015005,9.0,11.726277,63.0,86.212036,927.2442,22.1,Rain: Moderate
2021-06-15 21:00:00+00:00,BOLU,14,19.4515,11.1515,5.3,13.202726,61.0,73.85597,926.4148,24.67,Rain: Slight
2021-06-16 21:00:00+00:00,BOLU,14,17.801498,12.7515,8.900001,15.328561,61.0,87.10409,932.04443,17.33,Rain: Slight
2021-06-17 21:00:00+00:00,BOLU,14,21.3515,12.0515,1.1000001,11.525623,51.0,81.31621,932.03424,23.21,Drizzle: Light
2021-06-18 21:00:00+00:00,BOLU,14,22.9515,12.9515,2.5000002,11.090103,55.0,80.932556,929.6248,24.09,Drizzle: Dense
2021-06-19 21:00:00+00:00,BOLU,14,23.3515,15.1015005,3.2999997,6.12,61.0,85.63497,928.8977,22.76,Rain: Slight
2021-06-20 21:00:00+00:00,BOLU,14,21.2015,16.1015,10.500001,6.162207,63.0,90.536865,928.9031,15.04,Rain: Moderate
2021-06-21 21:00:00+00:00,BOLU,14,19.9515,15.0515,10.0,8.209263,63.0,90.525764,930.85254,14.68,Rain: Moderate
2021-06-22 21:00:00+00:00,BOLU,14,23.4515,13.2515,2.2999997,11.542478,55.0,80.176506,932.5961,26.15,Drizzle: Dense
2021-06-23 21:00:00+00:00,BOLU,14,23.2515,14.4515,2.4999998,9.220499,61.0,83.80396,933.7043,26.78,Rain: Slight
2021-06-24 21:00:00+00:00,BOLU,14,23.901499,13.9015,11.6,9.83268,63.0,79.10183,932.4738,27.66,Rain: Moderate
2021-06-25 21:00:00+00:00,BOLU,14,23.7515,17.0015,7.8,9.028754,55.0,89.46403,930.89215,23.52,Drizzle: Dense
2021-06-26 21:00:00+00:00,BOLU,14,25.2515,14.1015005,0.8,7.172949,51.0,78.12056,931.8687,27.48,Drizzle: Light
2021-06-27 21:00:00+00:00,BOLU,14,24.801498,15.8515005,0.8000001,8.714677,51.0,74.27844,934.0564,26.18,Drizzle: Light
2021-06-28 21:00:00+00:00,BOLU,14,25.4515,13.8515005,0.0,8.427383,3.0,75.23973,934.1258,29.36,Overcast
2021-06-29 21:00:00+00:00,BOLU,14,27.801498,13.5015,0.0,6.489992,0.0,68.99507,933.0024,29.31,Clear sky
2021-06-30 21:00:00+00:00,BOLU,14,29.2515,16.2515,0.0,7.69592,0.0,57.283066,931.07733,31.08,Clear sky
2021-07-01 21:00:00+00:00,BOLU,14,30.1015,20.651499,0.4,10.538843,51.0,53.495007,927.2338,27.17,Drizzle: Light
2021-07-02 21:00:00+00:00,BOLU,14,21.301498,16.5015,12.6,7.8954163,61.0,89.76901,925.99927,14.93,Rain: Slight
2021-07-03 21:00:00+00:00,BOLU,14,18.901499,12.7015,9.900001,13.358861,61.0,90.69767,927.01465,17.13,Rain: Slight
2021-07-04 21:00:00+00:00,BOLU,14,21.401499,11.8015,1.2,13.202726,51.0,78.03472,927.25165,22.16,Drizzle: Light
2021-07-05 21:00:00+00:00,BOLU,14,22.9515,15.7515,6.8999996,13.202726,61.0,75.200096,926.4355,23.2,Rain: Slight
2021-07-06 21:00:00+00:00,BOLU,14,21.3515,17.0015,20.700003,9.793058,63.0,94.70208,930.2347,13.34,Rain: Moderate
2021-07-07 21:00:00+00:00,BOLU,14,22.2515,18.2515,11.100001,9.746631,61.0,93.630394,933.14935,14.61,Rain: Slight
2021-07-08 21:00:00+00:00,BOLU,14,23.151499,16.2515,0.90000004,13.551501,51.0,81.17307,933.53046,22.57,Drizzle: Light
2021-07-09 21:00:00+00:00,BOLU,14,24.151499,14.2015,0.0,11.384198,1.0,75.01932,931.0273,26.73,Mainly clear
2021-07-10 21:00:00+00:00,BOLU,14,24.3515,13.4515,0.0,9.0,1.0,70.706764,929.42114,26.06,Mainly clear
2021-07-11 21:00:00+00:00,BOLU,14,25.1015,14.7015,0.0,9.107359,1.0,72.761,930.315,28.11,Mainly clear
2021-07-12 21:00:00+00:00,BOLU,14,25.801498,14.6515,0.0,7.2359104,3.0,73.9476,931.4888,27.51,Overcast
2021-07-13 21:00:00+00:00,BOLU,14,24.6015,13.9515,0.0,9.387651,2.0,73.518456,931.2314,25.69,Partly cloudy
2021-07-14 21:00:00+00:00,BOLU,14,27.1015,16.7515,0.0,11.525623,1.0,70.87647,930.8823,28.57,Mainly clear
2021-07-15 21:00:00+00:00,BOLU,14,29.051498,17.0015,0.0,7.9036193,0.0,60.868534,928.73584,30.28,Clear sky
2021-07-16 21:00:00+00:00,BOLU,14,31.901499,16.5515,0.0,9.3669195,1.0,63.055515,925.6367,29.43,Mainly clear
2021-07-17 21:00:00+00:00,BOLU,14,32.6515,21.3515,0.0,8.373386,1.0,54.190968,924.8692,25.54,Mainly clear
2021-07-18 21:00:00+00:00,BOLU,14,32.5015,17.6015,0.0,8.913181,3.0,70.28405,925.7202,26.73,Overcast
2021-07-19 21:00:00+00:00,BOLU,14,28.1015,18.7015,0.1,12.429127,51.0,82.36825,928.4312,25.91,Drizzle: Light
2021-07-20 21:00:00+00:00,BOLU,14,27.1015,16.9515,1.2000002,10.195057,51.0,77.35834,929.7361,25.67,Drizzle: Light
2021-07-21 21:00:00+00:00,BOLU,14,21.051498,16.3015,6.500001,14.003029,53.0,91.439545,930.8933,21.24,Drizzle: Moderate
2021-07-22 21:00:00+00:00,BOLU,14,21.651499,14.7015,4.1000004,8.714677,53.0,81.92859,930.5517,20.67,Drizzle: Moderate
2021-07-23 21:00:00+00:00,BOLU,14,23.8515,12.9515,0.1,8.435069,51.0,77.582535,929.97534,24.22,Drizzle: Light
2021-07-24 21:00:00+00:00,BOLU,14,24.551498,15.0515,0.4,7.92,51.0,73.496414,931.3831,25.09,Drizzle: Light
2021-07-25 21:00:00+00:00,BOLU,14,23.0015,16.3015,2.3999999,10.24578,53.0,82.35435,934.6175,22.9,Drizzle: Moderate
2021-07-26 21:00:00+00:00,BOLU,14,26.151499,14.4015,0.3,12.181624,51.0,76.31034,936.31055,24.01,Drizzle: Light
2021-07-27 21:00:00+00:00,BOLU,14,27.401499,15.1015005,0.0,12.10157,0.0,66.339424,935.39325,28.51,Clear sky
2021-07-28 21:00:00+00:00,BOLU,14,28.2015,17.551498,0.0,9.931042,0.0,54.808346,932.9174,28.93,Clear sky
2021-07-29 21:00:00+00:00,BOLU,14,29.8515,18.301498,0.0,10.739832,0.0,54.110474,931.13727,28.43,Clear sky
2021-07-30 21:00:00+00:00,BOLU,14,29.401499,17.7515,0.0,8.891343,1.0,53.302322,930.41846,26.96,Mainly clear
2021-07-31 21:00:00+00:00,BOLU,14,29.051498,17.651499,0.0,10.24578,0.0,48.563732,931.26666,28.41,Clear sky
2021-08-01 21:00:00+00:00,BOLU,14,30.151499,17.5015,0.0,7.42159,0.0,47.59344,931.3837,28.65,Clear sky
2021-08-02 21:00:00+00:00,BOLU,14,32.7515,17.551498,0.0,10.948973,0.0,44.39044,932.6868,28.49,Clear sky
2021-08-03 21:00:00+00:00,BOLU,14,30.551498,18.8515,0.0,9.511088,0.0,55.720783,934.4077,27.85,Clear sky
2021-08-04 21:00:00+00:00,BOLU,14,31.051498,18.9515,0.0,7.9932966,0.0,53.95158,932.3078,27.21,Clear sky
2021-08-05 21:00:00+00:00,BOLU,14,33.6515,19.2015,0.0,6.924738,3.0,42.520603,925.0693,26.66,Overcast
2021-08-06 21:00:00+00:00,BOLU,14,25.7515,16.8515,19.400002,10.661107,63.0,82.84063,925.6512,11.59,Rain: Moderate
2021-08-07 21:00:00+00:00,BOLU,14,22.051498,17.4515,17.200003,7.653705,63.0,89.681526,932.0014,14.32,Rain: Moderate
2021-08-08 21:00:00+00:00,BOLU,14,25.2515,16.8015,0.4,9.746631,51.0,77.5223,934.9046,24.3,Drizzle: Light
2021-08-09 21:00:00+00:00,BOLU,14,24.401499,14.4515,0.3,12.031756,51.0,77.86715,934.03046,23.97,Drizzle: Light
2021-08-10 21:00:00+00:00,BOLU,14,22.9515,16.4515,7.699999,10.703569,55.0,85.642944,932.33636,15.93,Drizzle: Dense
2021-08-11 21:00:00+00:00,BOLU,14,22.4515,14.9015,2.5999997,12.371645,53.0,82.79107,933.92645,20.66,Drizzle: Moderate
2021-08-12 21:00:00+00:00,BOLU,14,23.5015,14.1515,0.3,10.308831,51.0,75.918686,937.0603,22.99,Drizzle: Light
2021-08-13 21:00:00+00:00,BOLU,14,22.301498,12.5015,0.0,11.592894,3.0,74.7013,936.37427,21.55,Overcast
2021-08-14 21:00:00+00:00,BOLU,14,23.801498,12.4015,0.0,9.693296,0.0,66.95591,934.0516,27.51,Clear sky
2021-08-15 21:00:00+00:00,BOLU,14,26.151499,12.9015,0.0,8.427383,0.0,67.18372,932.9344,26.72,Clear sky
2021-08-16 21:00:00+00:00,BOLU,14,29.0015,15.9515,0.0,7.145796,0.0,59.86015,930.7138,26.5,Clear sky
2021-08-17 21:00:00+00:00,BOLU,14,26.6015,16.901499,0.0,10.137692,3.0,70.62866,928.2022,26.08,Overcast
2021-08-18 21:00:00+00:00,BOLU,14,24.551498,14.9015,0.1,8.825508,51.0,74.379265,929.2819,20.88,Drizzle: Light
2021-08-19 21:00:00+00:00,BOLU,14,21.301498,16.151499,3.4,9.885262,51.0,82.70042,932.21606,15.13,Drizzle: Light
2021-08-20 21:00:00+00:00,BOLU,14,24.9515,12.5515,0.0,9.957108,2.0,75.488,932.97095,25.93,Partly cloudy
2021-08-21 21:00:00+00:00,BOLU,14,25.551498,14.5515,0.0,9.659814,2.0,76.40014,932.5678,23.65,Partly cloudy
2021-08-22 21:00:00+00:00,BOLU,14,26.301498,15.3515005,0.0,9.957108,1.0,71.17762,932.94196,24.26,Mainly clear
2021-08-23 21:00:00+00:00,BOLU,14,27.9515,15.6515,0.0,8.311245,0.0,67.294426,931.51605,24.95,Clear sky
2021-08-24 21:00:00+00:00,BOLU,14,28.4515,17.2515,0.0,10.495713,2.0,67.520294,930.4515,23.78,Partly cloudy
2021-08-25 21:00:00+00:00,BOLU,14,27.8515,17.7015,0.1,12.72283,51.0,74.78463,930.6519,24.69,Drizzle: Light
2021-08-26 21:00:00+00:00,BOLU,14,31.7515,20.651499,0.0,11.923557,1.0,45.77863,930.9795,23.4,Mainly clear
2021-08-27 21:00:00+00:00,BOLU,14,31.901499,20.4515,0.0,10.086427,2.0,54.3125,929.5823,22.71,Partly cloudy
2021-08-28 21:00:00+00:00,BOLU,14,27.6015,18.2515,0.0,12.605142,3.0,79.23237,925.51587,21.5,Overcast
2021-08-29 21:00:00+00:00,BOLU,14,27.651499,15.9015,0.3,9.339208,51.0,73.81834,928.2417,21.65,Drizzle: Light
2021-08-30 21:00:00+00:00,BOLU,14,26.1015,17.5015,0.3,11.753876,51.0,77.987404,931.898,17.64,Drizzle: Light
2021-08-31 21:00:00+00:00,BOLU,14,25.051498,16.401499,0.6,10.8955765,51.0,71.31357,930.96185,17.78,Drizzle: Light
2021-09-01 21:00:00+00:00,BOLU,14,19.1015,12.9015,3.3999999,11.4862,51.0,83.03064,932.8282,16.0,Drizzle: Light
2021-09-02 21:00:00+00:00,BOLU,14,19.1015,13.2515,5.4,8.350138,61.0,83.5337,935.12775,15.89,Rain: Slight
2021-09-03 21:00:00+00:00,BOLU,14,22.301498,10.9015,0.0,9.659814,3.0,77.84186,932.23944,21.41,Overcast
2021-09-04 21:00:00+00:00,BOLU,14,22.0015,11.6515,0.1,8.913181,51.0,79.44918,931.5268,18.15,Drizzle: Light
2021-09-05 21:00:00+00:00,BOLU,14,19.7015,14.0515,4.2999997,6.9899354,61.0,83.37873,934.16266,12.7,Rain: Slight
2021-09-06 21:00:00+00:00,BOLU,14,22.7515,11.4515,0.0,7.4128532,3.0,71.59287,936.469,22.59,Overcast
2021-09-07 21:00:00+00:00,BOLU,14,23.7515,12.8015,0.0,6.193674,0.0,59.743423,935.5997,22.83,Clear sky
2021-09-08 21:00:00+00:00,BOLU,14,25.7015,14.3515005,0.0,7.6367526,2.0,61.584732,932.5532,22.38,Partly cloudy
2021-09-09 21:00:00+00:00,BOLU,14,20.651499,12.7515,10.7,10.105681,61.0,90.043755,931.5441,13.29,Rain: Slight
2021-09-10 21:00:00+00:00,BOLU,14,17.2015,13.3515005,11.700001,9.885262,61.0,89.10276,931.997,8.63,Rain: Slight
2021-09-11 21:00:00+00:00,BOLU,14,22.051498,11.7515,0.0,7.2805495,2.0,72.99785,930.166,20.9,Partly cloudy
2021-09-12 21:00:00+00:00,BOLU,14,22.401499,11.6515,0.4,7.5170207,51.0,78.61341,928.88873,19.96,Drizzle: Light
2021-09-13 21:00:00+00:00,BOLU,14,22.8515,12.4015,0.0,7.7879906,3.0,74.69912,930.6613,20.25,Overcast
2021-09-14 21:00:00+00:00,BOLU,14,16.3515,14.1015005,18.200003,5.7599998,63.0,90.17498,931.7627,4.1,Rain: Moderate
2021-09-15 21:00:00+00:00,BOLU,14,19.301498,12.4015,0.0,10.296251,3.0,76.600624,933.3276,12.95,Overcast
2021-09-16 21:00:00+00:00,BOLU,14,20.801498,8.0515,0.0,6.9899354,0.0,69.046364,933.0087,21.25,Clear sky
2021-09-17 21:00:00+00:00,BOLU,14,25.0015,9.7515,0.70000005,12.496718,53.0,55.954514,930.47906,19.75,Drizzle: Moderate
2021-09-18 21:00:00+00:00,BOLU,14,22.051498,14.0515,3.6999998,11.620809,55.0,74.2616,931.6924,18.65,Drizzle: Dense
2021-09-19 21:00:00+00:00,BOLU,14,24.651499,14.1015005,5.2000003,11.620809,55.0,68.59391,932.1893,18.29,Drizzle: Dense
2021-09-20 21:00:00+00:00,BOLU,14,20.1015,14.0515,4.4,12.6462,53.0,82.788635,933.5983,8.36,Drizzle: Moderate
2021-09-21 21:00:00+00:00,BOLU,14,13.9015,10.7015,7.0,8.913181,53.0,89.5253,932.2502,8.88,Drizzle: Moderate
2021-09-22 21:00:00+00:00,BOLU,14,10.6015005,8.0515,12.400001,10.703569,61.0,89.152374,929.5386,5.67,Rain: Slight
2021-09-23 21:00:00+00:00,BOLU,14,14.6515,7.6015,1.4000001,9.387651,51.0,80.806984,932.6214,11.43,Drizzle: Light
2021-09-24 21:00:00+00:00,BOLU,14,16.5515,6.2015,0.0,11.304229,3.0,74.39364,935.23236,12.37,Overcast
2021-09-25 21:00:00+00:00,BOLU,14,21.4515,11.0515,0.0,6.792466,0.0,63.14979,937.74097,19.69,Clear sky
2021-09-26 21:00:00+00:00,BOLU,14,20.651499,10.8015,0.0,7.386582,3.0,70.81669,933.56104,19.27,Overcast
2021-09-27 21:00:00+00:00,BOLU,14,19.651499,9.6015005,0.0,6.9153743,3.0,78.37707,932.8784,17.83,Overcast
2021-09-28 21:00:00+00:00,BOLU,14,16.5515,10.2515,1.8000001,8.14587,53.0,84.828804,934.1296,10.32,Drizzle: Moderate
2021-09-29 21:00:00+00:00,BOLU,14,15.8015,6.6015,0.0,12.218805,3.0,79.80299,935.6345,14.44,Overcast
2021-09-30 21:00:00+00:00,BOLU,14,15.2015,5.6515,0.0,11.631956,3.0,78.60224,936.13824,12.28,Overcast
2021-10-01 21:00:00+00:00,BOLU,14,17.0515,6.7015,0.0,7.928178,3.0,78.91001,934.6844,17.16,Overcast
2021-10-02 21:00:00+00:00,BOLU,14,14.6015005,8.7515,3.6,7.2,61.0,86.05875,936.1406,9.98,Rain: Slight
2021-10-03 21:00:00+00:00,BOLU,14,15.2515,7.2515,1.3000001,6.193674,51.0,83.61288,936.7595,12.15,Drizzle: Light
2021-10-04 21:00:00+00:00,BOLU,14,14.1015005,8.5515,1.2,11.966954,51.0,86.362724,936.4331,10.82,Drizzle: Light
2021-10-05 21:00:00+00:00,BOLU,14,15.9515,7.6015,0.0,9.693296,3.0,78.06493,936.47675,12.61,Overcast
2021-10-06 21:00:00+00:00,BOLU,14,19.151499,5.8015003,0.0,8.473393,3.0,79.62666,934.7788,16.8,Overcast
2021-10-07 21:00:00+00:00,BOLU,14,20.401499,6.4515,0.0,7.653705,3.0,66.7619,933.71454,17.27,Overcast
2021-10-08 21:00:00+00:00,BOLU,14,20.301498,8.6515,0.0,9.726664,3.0,63.325047,933.5131,15.01,Overcast
2021-10-09 21:00:00+00:00,BOLU,14,20.551498,12.4015,0.0,7.7043357,3.0,85.087204,935.967,13.87,Overcast
2021-10-10 21:00:00+00:00,BOLU,14,21.551498,12.7015,0.0,8.854829,3.0,81.481636,933.63153,14.87,Overcast
2021-10-11 21:00:00+00:00,BOLU,14,22.901499,10.5015,2.6999998,12.979984,55.0,62.512737,926.67535,14.73,Drizzle: Dense
2021-10-12 21:00:00+00:00,BOLU,14,16.0015,8.4515,3.6000001,18.089775,61.0,82.33592,927.5279,10.41,Rain: Slight
2021-10-13 21:00:00+00:00,BOLU,14,20.9515,7.5015,0.0,13.1041975,3.0,72.762794,932.9388,13.99,Overcast
2021-10-14 21:00:00+00:00,BOLU,14,22.2515,7.0515003,0.0,10.587917,3.0,61.511692,932.05615,14.86,Overcast
2021-10-15 21:00:00+00:00,BOLU,14,20.0015,10.5515,0.5,13.896187,53.0,64.36555,929.2941,13.04,Drizzle: Moderate
2021-10-16 21:00:00+00:00,BOLU,14,12.7015,10.5515,8.900001,10.086427,61.0,91.43732,931.0803,3.63,Rain: Slight
2021-10-17 21:00:00+00:00,BOLU,14,13.3015,10.2515,10.5,7.628263,61.0,90.69843,935.49316,6.21,Rain: Slight
2021-10-18 21:00:00+00:00,BOLU,14,11.9015,5.1515,4.7999997,8.587338,53.0,86.30325,939.51587,4.34,Drizzle: Moderate
2021-10-19 21:00:00+00:00,BOLU,14,14.4515,2.7515001,0.0,7.5599995,3.0,74.1805,940.7305,13.54,Overcast
2021-10-20 21:00:00+00:00,BOLU,14,18.1015,2.1515,0.0,9.028754,0.0,61.817616,937.2368,15.37,Clear sky
2021-10-21 21:00:00+00:00,BOLU,14,19.651499,6.0515003,0.0,9.220499,0.0,53.05191,935.52435,15.19,Clear sky
2021-10-22 21:00:00+00:00,BOLU,14,19.551498,9.8015,0.0,9.693296,3.0,60.94791,936.15546,14.84,Overcast
2021-10-23 21:00:00+00:00,BOLU,14,14.6515,6.9515,4.2,12.7279215,53.0,87.97925,937.56616,8.31,Drizzle: Moderate
2021-10-24 21:00:00+00:00,BOLU,14,10.9015,3.5015001,0.2,11.841756,51.0,79.050224,941.4387,14.26,Drizzle: Light
2021-10-25 21:00:00+00:00,BOLU,14,14.3515005,1.8015001,0.0,7.69592,0.0,64.5069,937.8108,14.53,Clear sky
2021-10-26 21:00:00+00:00,BOLU,14,15.4515,4.4515,0.0,7.7879906,0.0,55.770832,936.5291,14.1,Clear sky
2021-10-27 21:00:00+00:00,BOLU,14,15.0015,4.7015,0.0,8.891344,3.0,82.35726,937.8137,12.08,Overcast
2021-10-28 21:00:00+00:00,BOLU,14,14.7515,5.7015,0.0,6.830519,3.0,81.66326,936.58887,9.68,Overcast
2021-10-29 21:00:00+00:00,BOLU,14,15.5515,5.5515003,0.0,4.802999,0.0,65.262695,935.5943,13.71,Clear sky
2021-10-30 21:00:00+00:00,BOLU,14,18.2015,4.1015,0.0,7.2805495,3.0,63.148594,933.7779,11.81,Overcast
2021-10-31 21:00:00+00:00,BOLU,14,15.5515,10.1015005,2.7,7.8625183,61.0,79.897385,930.0777,4.1,Rain: Slight
2021-11-01 21:00:00+00:00,BOLU,14,18.3515,8.6015,0.0,11.165805,3.0,74.94878,928.3995,12.55,Overcast
2021-11-02 21:00:00+00:00,BOLU,14,18.651499,10.0015,5.7999997,10.829958,61.0,81.09855,932.7669,9.67,Rain: Slight
2021-11-03 21:00:00+00:00,BOLU,14,20.301498,7.6515,0.0,8.891343,3.0,69.86734,937.8868,12.86,Overcast
2021-11-04 21:00:00+00:00,BOLU,14,20.8515,5.9515,0.0,5.1165614,0.0,59.494583,937.97174,12.77,Clear sky
2021-11-05 21:00:00+00:00,BOLU,14,21.6015,10.1015005,0.0,7.386582,3.0,54.513336,939.04865,12.35,Overcast
2021-11-06 21:00:00+00:00,BOLU,14,21.651499,10.7515,0.0,5.8603754,3.0,58.809826,938.4456,11.62,Overcast
2021-11-07 21:00:00+00:00,BOLU,14,21.801498,11.4015,0.0,8.473393,3.0,54.675167,935.0174,11.78,Overcast
2021-11-08 21:00:00+00:00,BOLU,14,19.7515,10.3015,0.8,11.631956,53.0,73.71928,936.0427,11.67,Drizzle: Moderate
2021-11-09 21:00:00+00:00,BOLU,14,9.8515005,2.2015,13.500001,14.113653,71.0,83.501785,944.101,5.13,Snow fall: Slight
2021-11-10 21:00:00+00:00,BOLU,14,11.0515,-1.4485,0.0,9.085988,2.0,66.28152,941.43,11.99,Partly cloudy
2021-11-11 21:00:00+00:00,BOLU,14,13.7515,3.3515,0.0,4.3349743,0.0,49.35812,936.0151,12.07,Clear sky
2021-11-12 21:00:00+00:00,BOLU,14,15.4515,2.4015,0.0,4.73506,3.0,38.75784,935.3138,11.4,Overcast
2021-11-13 21:00:00+00:00,BOLU,14,16.3515,-0.19850004,0.0,6.28713,3.0,43.81924,934.6536,11.04,Overcast
2021-11-14 21:00:00+00:00,BOLU,14,13.9515,3.1015,0.0,8.891344,3.0,49.751255,935.66644,10.99,Overcast
2021-11-15 21:00:00+00:00,BOLU,14,13.4015,2.9515,0.0,6.6087217,3.0,76.90101,936.8154,11.21,Overcast
2021-11-16 21:00:00+00:00,BOLU,14,14.1015005,3.8014998,0.0,8.404285,3.0,80.48376,934.3035,10.56,Overcast
2021-11-17 21:00:00+00:00,BOLU,14,12.7515,4.5015,0.1,8.287822,51.0,75.46023,935.2496,10.4,Drizzle: Light
2021-11-18 21:00:00+00:00,BOLU,14,6.5515003,5.1015,2.1000004,7.342588,51.0,94.50321,934.56805,1.58,Drizzle: Light
2021-11-19 21:00:00+00:00,BOLU,14,7.4515,4.0515,2.2,4.379589,51.0,85.824425,932.2546,4.46,Drizzle: Light
2021-11-20 21:00:00+00:00,BOLU,14,12.7015,3.6015,0.0,6.638072,3.0,70.988884,932.1407,10.45,Overcast
2021-11-21 21:00:00+00:00,BOLU,14,14.4015,3.2015,0.0,10.948973,3.0,57.794415,932.1062,10.59,Overcast
2021-11-22 21:00:00+00:00,BOLU,14,13.9015,8.1015,6.5,13.049689,61.0,69.93528,932.7586,7.43,Rain: Slight
2021-11-23 21:00:00+00:00,BOLU,14,8.1515,4.4515,5.1999993,10.495713,53.0,94.10433,934.7295,2.66,Drizzle: Moderate
2021-11-24 21:00:00+00:00,BOLU,14,10.0515,4.0015,0.0,6.1305785,3.0,82.21603,934.055,7.04,Overcast
2021-11-25 21:00:00+00:00,BOLU,14,13.1015005,3.0514998,0.1,16.563911,51.0,69.531136,930.0738,9.83,Drizzle: Light
2021-11-26 21:00:00+00:00,BOLU,14,14.9015,11.3515005,0.3,17.114204,51.0,71.02741,927.4017,5.12,Drizzle: Light
2021-11-27 21:00:00+00:00,BOLU,14,15.7515,8.5515,7.3999996,17.555305,63.0,74.12222,925.51556,6.81,Rain: Moderate
2021-11-28 21:00:00+00:00,BOLU,14,19.401499,12.9015,6.9,26.220753,63.0,55.521725,923.2864,5.54,Rain: Moderate
2021-11-29 21:00:00+00:00,BOLU,14,13.8515005,3.0015001,27.500002,22.17144,73.0,79.87855,920.5889,3.81,Snow fall: Moderate
2021-11-30 21:00:00+00:00,BOLU,14,4.5015,2.0515,3.7999995,13.627795,73.0,83.217026,927.33905,5.08,Snow fall: Moderate
2021-12-01 21:00:00+00:00,BOLU,14,10.1515,-0.54849994,0.1,11.367109,71.0,64.04001,930.15186,9.73,Snow fall: Slight
2021-12-02 21:00:00+00:00,BOLU,14,12.1515,1.5015,0.0,18.089775,3.0,67.28849,930.2789,8.07,Overcast
2021-12-03 21:00:00+00:00,BOLU,14,11.5515,6.4515,13.099999,12.979984,63.0,72.41361,927.75323,3.02,Rain: Moderate
2021-12-04 21:00:00+00:00,BOLU,14,13.9015,7.4515,0.0,12.599998,3.0,78.5283,926.7266,6.28,Overcast
2021-12-05 21:00:00+00:00,BOLU,14,15.1015005,6.9515,0.0,13.849476,3.0,70.81948,928.7012,8.16,Overcast
2021-12-06 21:00:00+00:00,BOLU,14,14.1015005,7.1515,13.200001,15.39184,63.0,73.78418,922.28217,5.18,Rain: Moderate
2021-12-07 21:00:00+00:00,BOLU,14,11.0015,5.5015,9.3,11.609651,71.0,79.755684,920.6807,6.92,Snow fall: Slight
2021-12-08 21:00:00+00:00,BOLU,14,9.9515,4.0515,0.5,13.527572,51.0,77.0248,931.2464,6.58,Drizzle: Light
2021-12-09 21:00:00+00:00,BOLU,14,14.2015,5.7515,0.0,13.0447235,3.0,57.03059,931.30444,8.97,Overcast
2021-12-10 21:00:00+00:00,BOLU,14,14.2015,6.4015,0.70000005,11.966954,51.0,72.7398,931.13385,6.55,Drizzle: Light
2021-12-11 21:00:00+00:00,BOLU,14,15.2515,7.9015,0.0,13.627795,3.0,57.508633,930.51544,7.42,Overcast
2021-12-12 21:00:00+00:00,BOLU,14,13.7015,2.9015,2.3000002,11.165805,53.0,69.57396,929.7067,6.56,Drizzle: Moderate
2021-12-13 21:00:00+00:00,BOLU,14,9.5515,5.9515,5.699999,6.9247384,53.0,92.38842,928.0325,3.02,Drizzle: Moderate
2021-12-14 21:00:00+00:00,BOLU,14,6.6515,2.2515001,23.3,10.594036,73.0,97.4983,928.2358,1.06,Snow fall: Moderate
2021-12-15 21:00:00+00:00,BOLU,14,2.6515,1.0515001,2.3,9.0645685,73.0,92.13831,932.62286,1.74,Snow fall: Moderate
2021-12-16 21:00:00+00:00,BOLU,14,2.5015001,1.0515001,5.7999997,13.708391,73.0,89.10734,930.42456,1.95,Snow fall: Moderate
2021-12-17 21:00:00+00:00,BOLU,14,3.5015001,0.85150003,7.5,8.557102,75.0,87.84546,928.3516,2.5,Snow fall: Heavy
2021-12-18 21:00:00+00:00,BOLU,14,3.5514998,0.20150006,5.799999,14.480773,75.0,85.70731,926.49554,3.55,Snow fall: Heavy
2021-12-19 21:00:00+00:00,BOLU,14,4.6015,0.101500034,2.0,13.75558,73.0,81.80852,923.25464,5.5,Snow fall: Moderate
2021-12-20 21:00:00+00:00,BOLU,14,0.8015,-2.4485002,5.099999,15.517629,73.0,80.719734,930.21454,6.02,Snow fall: Moderate
2021-12-21 21:00:00+00:00,BOLU,14,-0.8484999,-3.1485,1.9000001,11.525623,73.0,74.916695,936.87555,4.11,Snow fall: Moderate
2021-12-22 21:00:00+00:00,BOLU,14,-0.69850004,-5.8985,0.2,7.386582,71.0,69.057976,936.8238,4.85,Snow fall: Slight
2021-12-23 21:00:00+00:00,BOLU,14,3.1515,-7.2985,0.0,13.237039,3.0,50.55281,932.9251,8.96,Overcast
2021-12-24 21:00:00+00:00,BOLU,14,7.8515,-3.1485,0.0,13.237039,3.0,54.333893,931.9754,8.83,Overcast
2021-12-25 21:00:00+00:00,BOLU,14,8.7515,0.20150006,0.0,14.408997,3.0,78.32328,932.5137,5.85,Overcast
2021-12-26 21:00:00+00:00,BOLU,14,10.4515,4.1515,0.0,10.829959,3.0,72.22516,933.37103,7.55,Overcast
2021-12-27 21:00:00+00:00,BOLU,14,10.9515,3.8515,0.0,12.303366,3.0,66.49546,929.79926,8.74,Overcast
2021-12-28 21:00:00+00:00,BOLU,14,10.8515005,3.5015001,0.0,9.47012,3.0,67.49427,926.6775,8.19,Overcast
2021-12-29 21:00:00+00:00,BOLU,14,12.1015005,2.2015,0.0,6.439876,3.0,73.85317,925.93945,7.69,Overcast
2021-12-30 21:00:00+00:00,BOLU,14,10.2015,3.4515,0.0,7.729527,3.0,74.802864,933.0261,8.61,Overcast
2021-12-31 21:00:00+00:00,BOLU,14,6.2015,1.0015,2.6000001,6.12,53.0,91.458984,931.7153,2.05,Drizzle: Moderate
2022-01-01 21:00:00+00:00,BOLU,14,5.6015,0.9515,7.4999995,9.422101,55.0,91.85694,935.2498,2.51,Drizzle: Dense
2022-01-02 21:00:00+00:00,BOLU,14,10.1515,-0.8985001,0.0,12.55879,3.0,56.143955,931.945,7.46,Overcast
2022-01-03 21:00:00+00:00,BOLU,14,9.1515,0.0015000105,0.2,12.24,51.0,73.78619,929.52716,4.89,Drizzle: Light
2022-01-04 21:00:00+00:00,BOLU,14,12.5515,4.9015,0.0,12.641076,2.0,61.373978,929.04834,9.23,Partly cloudy
2022-01-05 21:00:00+00:00,BOLU,14,13.5515,3.9015002,0.0,15.646544,3.0,70.504326,929.46954,8.5,Overcast
2022-01-06 21:00:00+00:00,BOLU,14,11.7015,3.6015,0.6,8.587338,51.0,82.48443,931.64087,6.22,Drizzle: Light
2022-01-07 21:00:00+00:00,BOLU,14,12.7015,1.3015,6.2,9.007196,73.0,78.97383,929.1189,7.29,Snow fall: Moderate
2022-01-08 21:00:00+00:00,BOLU,14,11.2015,2.4015,1.8,12.496719,61.0,72.51126,922.80304,8.14,Rain: Slight
2022-01-09 21:00:00+00:00,BOLU,14,9.1515,2.3515,1.0,11.165805,53.0,73.97608,918.12646,5.79,Drizzle: Moderate
2022-01-10 21:00:00+00:00,BOLU,14,8.4015,1.5515,1.1,7.5685663,53.0,83.24935,923.22516,3.57,Drizzle: Moderate
2022-01-11 21:00:00+00:00,BOLU,14,4.8015,-1.3484999,7.9999986,14.007655,73.0,90.47114,928.7824,1.71,Snow fall: Moderate
2022-01-12 21:00:00+00:00,BOLU,14,-1.5485,-3.6984997,4.399999,9.0,73.0,76.162254,938.1608,4.74,Snow fall: Moderate
2022-01-13 21:00:00+00:00,BOLU,14,4.1515,-3.8484998,0.0,9.255571,3.0,63.095028,934.3115,9.22,Overcast
2022-01-14 21:00:00+00:00,BOLU,14,0.5515,-4.0485,12.0,14.618837,75.0,78.74526,929.37476,3.63,Snow fall: Heavy
2022-01-15 21:00:00+00:00,BOLU,14,-0.5984999,-4.9985,10.000003,10.00256,75.0,87.61295,935.39716,5.02,Snow fall: Heavy
2022-01-16 21:00:00+00:00,BOLU,14,1.9015,-5.3485,0.1,13.37825,71.0,70.78533,933.1321,10.04,Snow fall: Slight
2022-01-17 21:00:00+00:00,BOLU,14,-0.44850004,-6.2485,21.899998,13.708391,75.0,81.83242,930.08276,4.52,Snow fall: Heavy
2022-01-18 21:00:00+00:00,BOLU,14,-3.2985,-6.7985,13.599999,11.720751,73.0,85.843864,936.4141,5.54,Snow fall: Moderate
2022-01-19 21:00:00+00:00,BOLU,14,-1.5485,-7.3984995,1.1000001,12.641076,73.0,70.286476,936.54645,11.66,Snow fall: Moderate
2022-01-20 21:00:00+00:00,BOLU,14,3.1515,-3.6485,4.2,14.372974,75.0,69.8238,930.7879,7.93,Snow fall: Heavy
2022-01-21 21:00:00+00:00,BOLU,14,-0.4985,-4.7485,13.100001,8.0899935,75.0,90.63834,926.4428,4.05,Snow fall: Heavy
2022-01-22 21:00:00+00:00,BOLU,14,-3.4484997,-5.4985,9.099999,12.245293,73.0,89.67776,925.9205,5.31,Snow fall: Moderate
2022-01-23 21:00:00+00:00,BOLU,14,-2.9984999,-7.1484995,1.3000001,6.9247384,71.0,83.5064,933.1958,9.51,Snow fall: Slight
2022-01-24 21:00:00+00:00,BOLU,14,-3.9484997,-9.9985,0.3,6.0347,71.0,71.64837,934.8516,10.82,Snow fall: Slight
2022-01-25 21:00:00+00:00,BOLU,14,-2.8985,-7.9985,2.6999998,6.519877,73.0,83.38823,931.6888,7.2,Snow fall: Moderate
2022-01-26 21:00:00+00:00,BOLU,14,-2.1485,-6.4484997,4.3999996,9.746631,73.0,86.91671,934.44977,4.69,Snow fall: Moderate
2022-01-27 21:00:00+00:00,BOLU,14,-1.1985,-9.4985,0.0,11.966954,3.0,72.13476,933.2199,12.29,Overcast
2022-01-28 21:00:00+00:00,BOLU,14,2.2015,-4.2485,0.0,8.311245,3.0,72.54206,934.18243,9.94,Overcast
2022-01-29 21:00:00+00:00,BOLU,14,1.9514999,-6.3985,0.8,11.923557,73.0,64.656715,928.8931,12.66,Snow fall: Moderate
2022-01-30 21:00:00+00:00,BOLU,14,2.1515,-2.3484998,1.2000002,10.00256,73.0,74.4797,925.60864,11.58,Snow fall: Moderate
2022-01-31 21:00:00+00:00,BOLU,14,3.3515,-4.1485,0.6,15.226764,73.0,64.691505,924.10455,11.26,Snow fall: Moderate
2022-02-01 21:00:00+00:00,BOLU,14,8.0015,2.3515,2.3999999,13.684735,73.0,74.70372,922.4755,6.63,Snow fall: Moderate
2022-02-02 21:00:00+00:00,BOLU,14,6.8515,0.6515,18.3,15.124284,75.0,87.74006,921.9121,5.15,Snow fall: Heavy
2022-02-03 21:00:00+00:00,BOLU,14,0.45150006,-4.1984997,5.5,10.233123,73.0,85.731316,931.0433,7.45,Snow fall: Moderate
2022-02-04 21:00:00+00:00,BOLU,14,3.8515,-5.8485,0.0,8.287822,3.0,59.744034,931.8713,13.65,Overcast
2022-02-05 21:00:00+00:00,BOLU,14,3.6515002,-2.5485,0.0,9.36,3.0,66.375595,934.64276,7.27,Overcast
2022-02-06 21:00:00+00:00,BOLU,14,6.8015003,0.7515,0.0,13.32,3.0,61.08481,929.0031,14.2,Overcast
2022-02-07 21:00:00+00:00,BOLU,14,8.8515,1.1015,16.5,16.93531,75.0,81.58733,920.2283,5.7,Snow fall: Heavy
2022-02-08 21:00:00+00:00,BOLU,14,1.3015,-2.3484998,12.799999,9.885262,75.0,90.085266,930.24664,6.27,Snow fall: Heavy
2022-02-09 21:00:00+00:00,BOLU,14,2.9515,-1.8985001,1.3000001,6.9153743,71.0,84.43062,937.9885,6.57,Snow fall: Slight
2022-02-10 21:00:00+00:00,BOLU,14,8.9515,-2.7484999,0.0,8.854829,0.0,59.311047,936.9521,14.5,Clear sky
2022-02-11 21:00:00+00:00,BOLU,14,10.5515,-0.24849999,0.0,7.5685663,3.0,51.142338,938.3853,14.31,Overcast
2022-02-12 21:00:00+00:00,BOLU,14,8.9015,-1.8484999,0.0,7.968939,3.0,72.99481,938.6176,13.18,Overcast
2022-02-13 21:00:00+00:00,BOLU,14,2.8515,-1.2985,0.3,7.92,71.0,93.841576,935.4798,6.71,Snow fall: Slight
2022-02-14 21:00:00+00:00,BOLU,14,5.5015,-1.6985,0.0,6.9899354,3.0,78.63926,936.2453,10.41,Overcast
2022-02-15 21:00:00+00:00,BOLU,14,8.5515,-2.6984997,0.0,8.225035,3.0,66.62439,935.2446,14.93,Overcast
2022-02-16 21:00:00+00:00,BOLU,14,10.2515,-3.5485,0.0,10.390226,3.0,62.460712,928.1286,14.6,Overcast
2022-02-17 21:00:00+00:00,BOLU,14,6.2515,0.7515,12.9000025,10.703569,75.0,77.8404,925.37775,3.28,Snow fall: Heavy
2022-02-18 21:00:00+00:00,BOLU,14,7.5015,-1.7485,0.2,9.1641035,71.0,72.6612,933.632,15.42,Snow fall: Slight
2022-02-19 21:00:00+00:00,BOLU,14,12.0515,-1.8484999,0.0,9.021574,3.0,56.78607,932.8374,12.21,Overcast
2022-02-20 21:00:00+00:00,BOLU,14,13.2015,2.8014998,0.0,8.654987,3.0,66.69066,928.9878,14.77,Overcast
2022-02-21 21:00:00+00:00,BOLU,14,11.8515005,5.3515,0.0,12.015589,3.0,67.32514,924.20337,11.02,Overcast
2022-02-22 21:00:00+00:00,BOLU,14,13.3515005,4.3515,1.4000001,10.1376915,55.0,74.69002,927.83075,13.0,Drizzle: Dense
2022-02-23 21:00:00+00:00,BOLU,14,4.8515,2.4515,13.900002,5.692099,73.0,98.181,928.22125,2.05,Snow fall: Moderate
2022-02-24 21:00:00+00:00,BOLU,14,3.2515001,1.5015,12.800001,8.905908,73.0,97.62257,926.8616,2.98,Snow fall: Moderate
2022-02-25 21:00:00+00:00,BOLU,14,6.0515003,0.85150003,1.5000002,6.924738,73.0,90.34649,933.0161,7.75,Snow fall: Moderate
2022-02-26 21:00:00+00:00,BOLU,14,10.6015005,0.6515,0.0,8.759178,3.0,76.62896,932.6706,13.94,Overcast
2022-02-27 21:00:00+00:00,BOLU,14,9.6015005,1.1015,10.099999,13.084402,75.0,81.79914,928.57837,10.14,Snow fall: Heavy
2022-02-28 21:00:00+00:00,BOLU,14,3.6515002,-0.29849994,1.3000002,13.891522,71.0,85.23057,932.7713,8.84,Snow fall: Slight
2022-03-01 21:00:00+00:00,BOLU,14,5.0515,-1.0485,2.5,8.942214,73.0,81.50447,928.69037,9.4,Snow fall: Moderate
2022-03-02 21:00:00+00:00,BOLU,14,0.60150003,-1.9985,17.0,13.797913,75.0,86.32824,923.10626,5.06,Snow fall: Heavy
2022-03-03 21:00:00+00:00,BOLU,14,4.2515,-1.8985001,2.0,10.931203,73.0,71.32424,929.2126,11.99,Snow fall: Moderate
2022-03-04 21:00:00+00:00,BOLU,14,7.0015,-2.3484998,0.2,9.1641035,51.0,68.89108,929.387,12.29,Drizzle: Light
2022-03-05 21:00:00+00:00,BOLU,14,10.4015,-2.9984999,0.0,7.10031,3.0,72.066605,927.42267,11.87,Overcast
2022-03-06 21:00:00+00:00,BOLU,14,8.0515,1.7015,5.8999996,10.739832,73.0,78.74833,924.299,5.37,Snow fall: Moderate
2022-03-07 21:00:00+00:00,BOLU,14,6.6515,0.15149999,8.5,8.654986,75.0,81.633995,925.66,11.47,Snow fall: Heavy
2022-03-08 21:00:00+00:00,BOLU,14,1.4015,-3.1485,6.1999993,7.653705,73.0,80.675934,925.6985,8.02,Snow fall: Moderate
2022-03-09 21:00:00+00:00,BOLU,14,0.60150003,-5.8485,1.8000001,11.988594,73.0,78.87545,926.2119,13.01,Snow fall: Moderate
2022-03-10 21:00:00+00:00,BOLU,14,-2.5485,-6.8485003,5.7999988,12.496719,73.0,79.29731,929.7305,11.53,Snow fall: Moderate
2022-03-11 21:00:00+00:00,BOLU,14,-4.2985,-10.1484995,1.2,8.557102,73.0,74.26728,934.72516,20.31,Snow fall: Moderate
2022-03-12 21:00:00+00:00,BOLU,14,-0.39849997,-12.6484995,0.0,7.754637,2.0,61.5324,936.5794,20.9,Partly cloudy
2022-03-13 21:00:00+00:00,BOLU,14,0.45150006,-9.6484995,0.9000001,6.6087217,73.0,66.51099,942.38574,17.37,Snow fall: Moderate
2022-03-14 21:00:00+00:00,BOLU,14,1.4015,-5.6984997,1.3000001,6.696387,73.0,80.31744,944.2634,12.5,Snow fall: Moderate
2022-03-15 21:00:00+00:00,BOLU,14,6.5015,-7.2985,0.0,8.557102,3.0,59.490402,938.4678,20.78,Overcast
2022-03-16 21:00:00+00:00,BOLU,14,3.2015,-1.4985,8.5,10.383987,73.0,76.76534,936.264,7.7,Snow fall: Moderate
2022-03-17 21:00:00+00:00,BOLU,14,-2.0485,-7.8984995,13.700001,11.457958,75.0,78.29161,941.5049,14.14,Snow fall: Heavy
2022-03-18 21:00:00+00:00,BOLU,14,-1.7985,-10.8485,11.4,10.009036,75.0,79.24679,941.9211,17.25,Snow fall: Heavy
2022-03-19 21:00:00+00:00,BOLU,14,0.051499963,-7.1484995,3.6999998,13.37825,73.0,85.06603,941.801,10.11,Snow fall: Moderate
2022-03-20 21:00:00+00:00,BOLU,14,0.2515,-7.1484995,0.0,11.457958,3.0,81.01345,939.8129,16.43,Overcast
2022-03-21 21:00:00+00:00,BOLU,14,3.5015001,-4.5485,0.0,12.979984,3.0,81.44442,935.2827,18.8,Overcast
2022-03-22 21:00:00+00:00,BOLU,14,4.4515,-4.7985,0.2,7.7879906,71.0,78.827805,932.64496,16.11,Snow fall: Slight
2022-03-23 21:00:00+00:00,BOLU,14,2.0515,-4.9484997,7.0999994,9.83268,75.0,88.28568,931.4316,6.45,Snow fall: Heavy
2022-03-24 21:00:00+00:00,BOLU,14,7.4015,-9.6484995,0.5,16.62249,71.0,70.93377,931.3671,19.29,Snow fall: Slight
2022-03-25 21:00:00+00:00,BOLU,14,4.4515,-2.6485,4.0,10.009036,73.0,83.016754,937.8991,8.95,Snow fall: Moderate
2022-03-26 21:00:00+00:00,BOLU,14,11.8015,-4.4985,0.0,15.876775,2.0,56.942993,939.3465,22.43,Partly cloudy
2022-03-27 21:00:00+00:00,BOLU,14,14.4515,0.60150003,0.0,8.759178,3.0,59.682026,940.71924,22.07,Overcast
2022-03-28 21:00:00+00:00,BOLU,14,14.0515,0.60150003,0.0,12.031756,3.0,58.85277,933.05023,12.95,Overcast
2022-03-29 21:00:00+00:00,BOLU,14,15.2015,2.8014998,1.0,12.682018,53.0,62.48939,929.3125,20.04,Drizzle: Moderate
2022-03-30 21:00:00+00:00,BOLU,14,17.9515,3.0514998,0.0,19.839235,3.0,50.46819,928.50494,21.41,Overcast
2022-03-31 21:00:00+00:00,BOLU,14,22.4515,10.7515,1.4000001,13.910169,53.0,43.158585,926.58,13.8,Drizzle: Moderate
2022-04-01 21:00:00+00:00,BOLU,14,20.901499,8.5515,0.0,23.1774,3.0,36.92672,923.0472,22.36,Overcast
2022-04-02 21:00:00+00:00,BOLU,14,15.2515,5.3015,4.9999995,25.77962,63.0,64.49801,925.341,19.53,Rain: Moderate
2022-04-03 21:00:00+00:00,BOLU,14,12.6015005,0.4015,3.0,11.183201,53.0,75.55422,932.1922,19.32,Drizzle: Moderate
2022-04-04 21:00:00+00:00,BOLU,14,12.2015,6.5015,6.9999995,7.172949,61.0,88.57529,928.44354,7.29,Rain: Slight
2022-04-05 21:00:00+00:00,BOLU,14,16.1015,5.7515,0.0,6.193674,3.0,75.787994,928.08887,21.45,Overcast
2022-04-06 21:00:00+00:00,BOLU,14,18.301498,5.0015,8.1,20.12461,63.0,64.13029,922.8709,21.0,Rain: Moderate
2022-04-07 21:00:00+00:00,BOLU,14,13.7515,5.5015,5.4999995,18.289274,61.0,83.90834,922.5623,14.53,Rain: Slight
2022-04-08 21:00:00+00:00,BOLU,14,19.8515,4.8515,0.0,16.954432,3.0,53.15982,926.48584,24.38,Overcast
2022-04-09 21:00:00+00:00,BOLU,14,21.301498,11.5515,0.0,12.303366,3.0,48.214367,923.58685,23.86,Overcast
2022-04-10 21:00:00+00:00,BOLU,14,13.4515,2.2515001,8.700001,18.079027,73.0,74.215675,922.1495,11.06,Snow fall: Moderate
2022-04-11 21:00:00+00:00,BOLU,14,5.4015,0.2515,10.8,13.891522,75.0,79.92396,932.2141,17.21,Snow fall: Heavy
2022-04-12 21:00:00+00:00,BOLU,14,6.4515,-2.0485,1.5000001,10.24578,73.0,71.95138,933.89874,20.59,Snow fall: Moderate
2022-04-13 21:00:00+00:00,BOLU,14,11.6515,-0.5984999,0.0,10.805998,3.0,61.780773,935.4907,21.27,Overcast
2022-04-14 21:00:00+00:00,BOLU,14,16.3015,3.9515,0.0,9.793059,1.0,67.030464,934.865,23.42,Mainly clear
2022-04-15 21:00:00+00:00,BOLU,14,19.7515,8.3015,0.0,9.983106,3.0,55.80229,930.6962,24.45,Overcast
2022-04-16 21:00:00+00:00,BOLU,14,18.7515,5.5015,2.1,9.6932955,55.0,67.51876,925.27075,9.9,Drizzle: Dense
2022-04-17 21:00:00+00:00,BOLU,14,17.2015,6.6015,0.6,15.683776,51.0,82.683464,919.9086,17.7,Drizzle: Light
2022-04-18 21:00:00+00:00,BOLU,14,11.1515,4.2515,5.5,12.57426,63.0,90.63387,924.50464,10.17,Rain: Moderate
2022-04-19 21:00:00+00:00,BOLU,14,14.0015,3.3014998,0.1,13.779114,51.0,71.14001,930.0002,24.68,Drizzle: Light
2022-04-20 21:00:00+00:00,BOLU,14,13.5515,4.4515,0.2,14.77755,51.0,70.86722,930.63525,18.17,Drizzle: Light
2022-04-21 21:00:00+00:00,BOLU,14,19.6015,6.4015,0.0,7.491114,3.0,61.443844,932.04175,24.75,Overcast
2022-04-22 21:00:00+00:00,BOLU,14,23.901499,8.0015,0.0,14.044615,3.0,54.740284,927.21246,22.41,Overcast
2022-04-23 21:00:00+00:00,BOLU,14,22.401499,10.1515,0.0,8.825508,1.0,67.19884,927.92847,25.9,Mainly clear
2022-04-24 21:00:00+00:00,BOLU,14,25.301498,10.5515,0.0,12.0694,3.0,63.75392,926.2632,25.92,Overcast
2022-04-25 21:00:00+00:00,BOLU,14,22.1015,11.6015005,0.0,8.825508,3.0,66.93832,928.87274,24.22,Overcast
2022-04-26 21:00:00+00:00,BOLU,14,21.4515,11.5515,0.0,7.072878,3.0,58.795444,929.82684,24.12,Overcast
2022-04-27 21:00:00+00:00,BOLU,14,21.801498,10.1015005,2.0,10.97262,61.0,76.363335,930.23267,23.34,Rain: Slight
2022-04-28 21:00:00+00:00,BOLU,14,20.551498,11.0015,0.6,6.489992,53.0,79.9694,931.56793,20.94,Drizzle: Moderate
2022-04-29 21:00:00+00:00,BOLU,14,15.5515,10.5015,5.8999996,7.771331,53.0,89.39756,930.5044,7.61,Drizzle: Moderate
2022-04-30 21:00:00+00:00,BOLU,14,14.0015,9.0015,0.90000004,11.525623,51.0,81.52282,931.62946,10.9,Drizzle: Light
2022-05-01 21:00:00+00:00,BOLU,14,18.801498,5.6515,0.0,8.669949,3.0,76.38197,928.89276,21.18,Overcast
2022-05-02 21:00:00+00:00,BOLU,14,17.901499,10.1515,8.500001,13.207634,61.0,85.69083,925.74835,13.09,Rain: Slight
2022-05-03 21:00:00+00:00,BOLU,14,11.2015,7.3015003,4.1000004,11.384198,51.0,88.30387,929.0923,8.97,Drizzle: Light
2022-05-04 21:00:00+00:00,BOLU,14,11.3515005,6.4515,6.2000003,9.673221,61.0,82.93013,933.39825,14.81,Rain: Slight
2022-05-05 21:00:00+00:00,BOLU,14,9.9515,5.8515,4.0999994,11.384198,53.0,88.55041,935.1572,6.82,Drizzle: Moderate
2022-05-06 21:00:00+00:00,BOLU,14,11.8015,5.3515,0.8000001,10.514218,51.0,81.74047,934.9682,9.68,Drizzle: Light
2022-05-07 21:00:00+00:00,BOLU,14,17.0015,5.0015,0.0,10.1887,3.0,74.68278,935.035,27.86,Overcast
2022-05-08 21:00:00+00:00,BOLU,14,17.9515,6.5515003,0.1,8.0899935,51.0,70.06791,933.7378,28.23,Drizzle: Light
2022-05-09 21:00:00+00:00,BOLU,14,17.651499,6.4015,0.5,8.557102,51.0,72.610435,933.4465,25.62,Drizzle: Light
2022-05-10 21:00:00+00:00,BOLU,14,17.551498,7.4515,0.0,10.703569,3.0,67.69808,932.98334,26.34,Overcast
2022-05-11 21:00:00+00:00,BOLU,14,18.651499,7.7515,0.0,10.137692,2.0,53.2244,936.6626,28.25,Partly cloudy
2022-05-12 21:00:00+00:00,BOLU,14,23.4515,11.2015,0.0,8.942214,3.0,48.622585,935.2544,28.99,Overcast
2022-05-13 21:00:00+00:00,BOLU,14,20.2515,10.3015,0.0,10.661107,3.0,54.513885,932.12714,25.39,Overcast
2022-05-14 21:00:00+00:00,BOLU,14,21.1015,12.0515,0.70000005,7.9526596,51.0,58.1309,932.43286,26.77,Drizzle: Light
2022-05-15 21:00:00+00:00,BOLU,14,20.0015,12.1515,0.70000005,8.759178,53.0,65.28537,934.96027,21.52,Drizzle: Moderate
2022-05-16 21:00:00+00:00,BOLU,14,21.0015,11.3515005,0.2,6.830519,51.0,63.009613,933.5024,26.77,Drizzle: Light
2022-05-17 21:00:00+00:00,BOLU,14,22.2015,9.5515,3.6,14.685176,55.0,67.074135,930.51874,26.3,Drizzle: Dense
2022-05-18 21:00:00+00:00,BOLU,14,11.7515,6.0015,2.7999995,11.542478,53.0,74.9123,937.56226,15.44,Drizzle: Moderate
2022-05-19 21:00:00+00:00,BOLU,14,18.1015,3.7015,0.0,8.587338,3.0,66.69868,939.1148,30.11,Overcast
2022-05-20 21:00:00+00:00,BOLU,14,23.7515,4.9515,0.0,6.696387,0.0,58.5183,933.8535,30.05,Clear sky
2022-05-21 21:00:00+00:00,BOLU,14,22.901499,12.5515,0.0,13.661038,3.0,52.9266,926.5647,28.63,Overcast
2022-05-22 21:00:00+00:00,BOLU,14,16.5015,10.0015,6.8999996,13.527572,63.0,84.560234,925.341,18.81,Rain: Moderate
2022-05-23 21:00:00+00:00,BOLU,14,18.051498,7.0515003,0.0,11.27553,3.0,69.01981,929.61456,26.47,Overcast
2022-05-24 21:00:00+00:00,BOLU,14,21.5015,12.7015,0.0,8.534353,3.0,59.826107,933.7954,21.7,Overcast
2022-05-25 21:00:00+00:00,BOLU,14,25.7015,12.3015,1.9,11.043261,61.0,65.89993,935.9294,28.04,Rain: Slight
2022-05-26 21:00:00+00:00,BOLU,14,22.901499,14.1015005,1.6,9.1641035,53.0,70.52279,935.49005,25.59,Drizzle: Moderate
2022-05-27 21:00:00+00:00,BOLU,14,23.7515,15.1515,0.0,10.823973,3.0,58.194046,931.23535,29.25,Overcast
2022-05-28 21:00:00+00:00,BOLU,14,28.7015,15.3515005,0.1,12.538134,51.0,52.52449,930.4199,27.41,Drizzle: Light
2022-05-29 21:00:00+00:00,BOLU,14,29.051498,12.9515,0.9,18.532133,53.0,60.92781,929.397,27.95,Drizzle: Moderate
2022-05-30 21:00:00+00:00,BOLU,14,24.6015,14.9015,0.0,10.805998,3.0,64.157074,932.0234,25.63,Overcast
2022-05-31 21:00:00+00:00,BOLU,14,24.151499,14.1015005,0.90000004,7.5685663,51.0,74.29603,931.74725,25.38,Drizzle: Light
2022-06-01 21:00:00+00:00,BOLU,14,26.3515,15.8515005,0.7,11.090103,53.0,73.97051,930.9446,25.72,Drizzle: Moderate
2022-06-02 21:00:00+00:00,BOLU,14,24.7515,15.6015005,0.0,8.287822,3.0,81.751205,930.7929,19.84,Overcast
2022-06-03 21:00:00+00:00,BOLU,14,26.2015,14.4015,0.90000004,9.0,53.0,78.463745,931.583,24.22,Drizzle: Moderate
2022-06-04 21:00:00+00:00,BOLU,14,26.301498,13.8515005,0.0,9.178235,3.0,67.78844,931.3137,26.93,Overcast
2022-06-05 21:00:00+00:00,BOLU,14,24.801498,13.5015,2.5,11.808878,61.0,71.712906,929.7718,26.06,Rain: Slight
2022-06-06 21:00:00+00:00,BOLU,14,20.3515,14.3015,1.6,8.905908,53.0,79.64425,928.31445,20.27,Drizzle: Moderate
2022-06-07 21:00:00+00:00,BOLU,14,21.8515,13.5015,9.500001,13.202726,63.0,87.3837,926.61896,20.31,Rain: Moderate
2022-06-08 21:00:00+00:00,BOLU,14,22.4515,12.7015,0.6,11.183201,51.0,75.20725,927.2188,27.49,Drizzle: Light
2022-06-09 21:00:00+00:00,BOLU,14,25.1015,14.4015,0.4,11.659777,51.0,63.042843,928.50836,25.19,Drizzle: Light
2022-06-10 21:00:00+00:00,BOLU,14,24.8515,12.8515005,14.200001,10.464797,63.0,81.35076,926.5616,15.43,Rain: Moderate
2022-06-11 21:00:00+00:00,BOLU,14,21.7015,14.5515,4.2,11.720751,63.0,83.391716,922.1553,20.01,Rain: Moderate
2022-06-12 21:00:00+00:00,BOLU,14,20.9515,15.0515,12.599998,12.144331,63.0,86.88906,925.68744,18.56,Rain: Moderate
2022-06-13 21:00:00+00:00,BOLU,14,21.801498,15.2515,1.6,14.33234,51.0,79.043015,929.2666,20.83,Drizzle: Light
2022-06-14 21:00:00+00:00,BOLU,14,22.7015,14.9015,3.5999997,11.177405,63.0,74.23362,933.77826,25.36,Rain: Moderate
2022-06-15 21:00:00+00:00,BOLU,14,21.651499,13.4015,0.9,9.449572,51.0,81.87798,934.86176,20.47,Drizzle: Light
2022-06-16 21:00:00+00:00,BOLU,14,21.3515,12.3515005,10.8,11.525623,63.0,82.765205,932.9587,20.48,Rain: Moderate
2022-06-17 21:00:00+00:00,BOLU,14,23.7015,15.0015,0.1,9.605998,51.0,76.43168,931.89496,27.22,Drizzle: Light
2022-06-18 21:00:00+00:00,BOLU,14,21.2015,15.2015,10.400001,7.145796,63.0,82.864044,932.72406,18.32,Rain: Moderate
2022-06-19 21:00:00+00:00,BOLU,14,26.6015,13.4015,7.1,10.636766,63.0,77.4506,930.1165,26.25,Rain: Moderate
2022-06-20 21:00:00+00:00,BOLU,14,18.4515,12.6015005,23.300001,10.495713,63.0,89.96348,926.33374,13.61,Rain: Moderate
2022-06-21 21:00:00+00:00,BOLU,14,21.901499,11.2015,0.1,16.75064,51.0,77.28087,926.9654,27.64,Drizzle: Light
2022-06-22 21:00:00+00:00,BOLU,14,21.9515,13.3515005,0.5,11.659777,51.0,65.50253,929.1133,26.96,Drizzle: Light
2022-06-23 21:00:00+00:00,BOLU,14,17.801498,12.6015005,6.7999997,14.182355,61.0,85.34817,929.0152,19.63,Rain: Slight
2022-06-24 21:00:00+00:00,BOLU,14,17.0015,13.8515005,25.0,15.683776,63.0,90.41409,929.29614,14.82,Rain: Moderate
2022-06-25 21:00:00+00:00,BOLU,14,17.3515,13.1515,14.500001,10.495713,63.0,87.7124,930.50885,13.85,Rain: Moderate
2022-06-26 21:00:00+00:00,BOLU,14,17.1015,13.6515,19.8,13.237039,63.0,93.14639,930.37134,8.68,Rain: Moderate
2022-06-27 21:00:00+00:00,BOLU,14,20.1015,14.9515,8.3,9.0,55.0,90.11483,928.91504,15.44,Drizzle: Dense
2022-06-28 21:00:00+00:00,BOLU,14,19.6015,14.6515,3.2,9.028754,53.0,84.41656,930.03125,18.55,Drizzle: Moderate
2022-06-29 21:00:00+00:00,BOLU,14,21.901499,12.0515,5.9999995,8.0899935,63.0,85.9656,930.1142,20.4,Rain: Moderate
2022-06-30 21:00:00+00:00,BOLU,14,23.551498,14.1515,0.3,12.218805,51.0,80.49482,931.4893,25.3,Drizzle: Light
2022-07-01 21:00:00+00:00,BOLU,14,24.2015,14.8515005,0.0,13.493999,1.0,77.09498,933.5559,26.58,Mainly clear
2022-07-02 21:00:00+00:00,BOLU,14,24.401499,13.3515005,0.0,7.7043357,0.0,69.51619,933.5494,31.51,Clear sky
2022-07-03 21:00:00+00:00,BOLU,14,25.0015,14.0515,0.0,8.669949,0.0,61.207043,931.76294,31.12,Clear sky
2022-07-04 21:00:00+00:00,BOLU,14,25.1015,14.1515,0.0,7.4128532,0.0,66.76232,930.80914,30.1,Clear sky
2022-07-05 21:00:00+00:00,BOLU,14,26.7015,14.5515,0.0,6.193674,3.0,69.07921,928.84717,28.59,Overcast
2022-07-06 21:00:00+00:00,BOLU,14,24.2515,14.7515,1.8000001,8.654986,53.0,85.45005,929.1223,24.79,Drizzle: Moderate
2022-07-07 21:00:00+00:00,BOLU,14,24.3515,16.7015,0.2,9.585739,51.0,76.13409,930.0776,25.75,Drizzle: Light
2022-07-08 21:00:00+00:00,BOLU,14,24.051498,15.9015,6.799999,8.699793,61.0,82.23075,926.0713,22.63,Rain: Slight
2022-07-09 21:00:00+00:00,BOLU,14,18.3515,15.6515,14.400001,10.948973,63.0,90.2571,924.5725,11.8,Rain: Moderate
2022-07-10 21:00:00+00:00,BOLU,14,21.051498,13.9515,1.5000001,7.928177,51.0,82.05288,931.0628,23.43,Drizzle: Light
2022-07-11 21:00:00+00:00,BOLU,14,21.6015,12.7515,1.4,9.957108,51.0,82.27457,933.6731,20.63,Drizzle: Light
2022-07-12 21:00:00+00:00,BOLU,14,21.151499,13.5515,2.2,8.4042845,53.0,81.9975,933.20355,17.22,Drizzle: Moderate
2022-07-13 21:00:00+00:00,BOLU,14,22.3515,12.2515,0.0,11.720751,3.0,76.76032,934.033,28.75,Overcast
2022-07-14 21:00:00+00:00,BOLU,14,24.151499,12.1015005,0.0,8.473393,3.0,68.65447,930.5683,29.29,Overcast
2022-07-15 21:00:00+00:00,BOLU,14,23.901499,13.7515,0.0,9.693296,3.0,77.25364,932.3294,26.91,Overcast
2022-07-16 21:00:00+00:00,BOLU,14,25.401499,11.9515,0.0,12.24,1.0,72.19236,934.29083,27.69,Mainly clear
2022-07-17 21:00:00+00:00,BOLU,14,21.8515,13.3515005,0.2,14.05845,51.0,75.2493,936.3037,25.7,Drizzle: Light
2022-07-18 21:00:00+00:00,BOLU,14,22.051498,11.4515,0.6,11.384198,51.0,82.21436,935.2744,14.88,Drizzle: Light
2022-07-19 21:00:00+00:00,BOLU,14,22.9515,12.8015,0.0,11.753877,3.0,76.57002,934.1946,24.44,Overcast
2022-07-20 21:00:00+00:00,BOLU,14,24.4515,9.8015,0.0,11.923557,3.0,70.318535,932.29694,28.24,Overcast
2022-07-21 21:00:00+00:00,BOLU,14,24.8515,12.5515,0.0,10.44,3.0,71.84558,932.88776,28.83,Overcast
2022-07-22 21:00:00+00:00,BOLU,14,24.051498,10.0515,0.0,10.587918,0.0,63.31012,934.06616,29.22,Clear sky
2022-07-23 21:00:00+00:00,BOLU,14,25.551498,14.0015,0.0,9.0,0.0,60.89654,932.7421,29.94,Clear sky
2022-07-24 21:00:00+00:00,BOLU,14,26.6015,15.5515,0.0,9.114471,2.0,59.49464,930.8205,28.29,Partly cloudy
2022-07-25 21:00:00+00:00,BOLU,14,25.8515,15.3515005,0.0,8.891344,1.0,59.87741,929.8557,28.19,Mainly clear
2022-07-26 21:00:00+00:00,BOLU,14,27.551498,15.2015,0.0,8.699793,0.0,56.868824,929.3648,29.61,Clear sky
2022-07-27 21:00:00+00:00,BOLU,14,29.901499,18.301498,0.0,7.072878,0.0,58.31578,930.41766,28.78,Clear sky
2022-07-28 21:00:00+00:00,BOLU,14,29.401499,18.8515,0.0,7.289445,3.0,67.688644,931.2247,25.55,Overcast
2022-07-29 21:00:00+00:00,BOLU,14,28.9515,17.3515,0.0,6.379216,3.0,74.977486,930.11865,27.72,Overcast
2022-07-30 21:00:00+00:00,BOLU,14,27.8515,16.0015,1.0,7.5170207,53.0,75.27308,927.82245,25.53,Drizzle: Moderate
2022-07-31 21:00:00+00:00,BOLU,14,24.901499,18.1015,1.7000002,7.7043357,51.0,82.90974,928.3592,21.03,Drizzle: Light
2022-08-01 21:00:00+00:00,BOLU,14,26.2015,15.6015005,0.1,11.177405,51.0,76.87557,929.6958,24.49,Drizzle: Light
2022-08-02 21:00:00+00:00,BOLU,14,26.901499,16.3015,0.0,10.009036,3.0,74.488785,931.3392,27.49,Overcast
2022-08-03 21:00:00+00:00,BOLU,14,27.301498,16.7515,1.5,7.5685663,53.0,79.00997,931.7176,22.13,Drizzle: Moderate
2022-08-04 21:00:00+00:00,BOLU,14,26.8515,19.0015,0.6,9.504272,51.0,81.29084,931.1152,17.06,Drizzle: Light
2022-08-05 21:00:00+00:00,BOLU,14,28.3515,18.7015,0.1,9.007196,51.0,79.07371,928.4412,18.03,Drizzle: Light
2022-08-06 21:00:00+00:00,BOLU,14,27.3515,18.2515,0.0,11.298495,3.0,74.55369,927.1502,20.77,Overcast
2022-08-07 21:00:00+00:00,BOLU,14,27.551498,16.7015,0.0,9.957108,3.0,71.63404,929.02704,24.8,Overcast
2022-08-08 21:00:00+00:00,BOLU,14,26.401499,17.2515,3.8000002,10.08,63.0,83.5533,928.89624,19.11,Rain: Moderate
2022-08-09 21:00:00+00:00,BOLU,14,25.401499,17.3515,5.2999997,9.565437,63.0,77.7717,928.5622,20.12,Rain: Moderate
2022-08-10 21:00:00+00:00,BOLU,14,23.2015,15.4515,2.6,11.91812,53.0,84.25602,929.98096,21.79,Drizzle: Moderate
2022-08-11 21:00:00+00:00,BOLU,14,26.801498,15.0015,0.0,6.638072,3.0,77.76003,931.03326,21.52,Overcast
2022-08-12 21:00:00+00:00,BOLU,14,27.301498,16.7515,10.9,6.638072,63.0,79.50689,927.96234,20.79,Rain: Moderate
2022-08-13 21:00:00+00:00,BOLU,14,26.4515,17.151499,1.9,8.891343,61.0,81.72673,925.45703,21.45,Rain: Slight
2022-08-14 21:00:00+00:00,BOLU,14,22.6015,15.2015,4.8,12.324414,61.0,86.94637,925.4697,17.74,Rain: Slight
2022-08-15 21:00:00+00:00,BOLU,14,25.8515,13.5015,0.0,9.3876505,3.0,72.90024,930.3482,24.62,Overcast
2022-08-16 21:00:00+00:00,BOLU,14,27.0015,16.901499,0.2,7.5170207,51.0,59.915424,930.111,24.62,Drizzle: Light
2022-08-17 21:00:00+00:00,BOLU,14,27.4515,16.2015,0.0,8.089993,1.0,60.446182,929.685,24.54,Mainly clear
2022-08-18 21:00:00+00:00,BOLU,14,24.1015,15.0515,3.1000001,9.826088,55.0,77.06264,929.075,20.72,Drizzle: Dense
2022-08-19 21:00:00+00:00,BOLU,14,27.151499,16.0515,0.0,9.6932955,3.0,77.83127,928.88306,20.96,Overcast
2022-08-20 21:00:00+00:00,BOLU,14,28.551498,14.4015,0.0,7.9036193,2.0,71.786964,925.6613,21.99,Partly cloudy
2022-08-21 21:00:00+00:00,BOLU,14,29.401499,18.3515,0.0,9.0,3.0,63.196335,925.81195,21.94,Overcast
2022-08-22 21:00:00+00:00,BOLU,14,31.801498,17.7515,0.90000004,12.413476,53.0,55.45434,927.6735,22.23,Drizzle: Moderate
2022-08-23 21:00:00+00:00,BOLU,14,31.4515,19.6015,4.1000004,14.512064,61.0,53.088257,927.8498,21.77,Rain: Slight
2022-08-24 21:00:00+00:00,BOLU,14,24.9515,16.5015,1.9000001,10.495713,55.0,83.82405,927.11035,17.45,Drizzle: Dense
2022-08-25 21:00:00+00:00,BOLU,14,25.5015,15.8015,0.7,5.495161,51.0,80.44946,927.02466,19.56,Drizzle: Light
2022-08-26 21:00:00+00:00,BOLU,14,26.4515,17.0015,0.6,12.10157,51.0,80.10163,929.5666,20.19,Drizzle: Light
2022-08-27 21:00:00+00:00,BOLU,14,25.901499,18.1015,1.4000001,7.42159,55.0,77.886375,932.06256,19.14,Drizzle: Dense
2022-08-28 21:00:00+00:00,BOLU,14,28.801498,18.4515,0.1,8.311245,51.0,65.15093,932.9963,21.81,Drizzle: Light
2022-08-29 21:00:00+00:00,BOLU,14,30.1015,18.901499,0.0,6.379216,2.0,63.99584,931.58014,20.42,Partly cloudy
2022-08-30 21:00:00+00:00,BOLU,14,27.2015,17.801498,0.7,12.287555,53.0,82.98286,930.15283,19.87,Drizzle: Moderate
2022-08-31 21:00:00+00:00,BOLU,14,26.301498,18.6015,1.0,8.473393,53.0,82.59474,929.48315,18.19,Drizzle: Moderate
2022-09-01 21:00:00+00:00,BOLU,14,29.301498,17.2015,0.0,8.473393,3.0,78.529625,930.01263,21.46,Overcast
2022-09-02 21:00:00+00:00,BOLU,14,26.3515,16.4515,1.5000001,13.5515,53.0,78.23542,931.7158,18.15,Drizzle: Moderate
2022-09-03 21:00:00+00:00,BOLU,14,23.0015,17.1015,3.1,9.178235,53.0,81.1686,935.8264,16.77,Drizzle: Moderate
2022-09-04 21:00:00+00:00,BOLU,14,21.0015,14.8515005,4.0,10.086427,53.0,82.9222,935.195,13.95,Drizzle: Moderate
2022-09-05 21:00:00+00:00,BOLU,14,21.801498,12.8015,0.3,10.1887,51.0,77.07488,934.561,15.65,Drizzle: Light
2022-09-06 21:00:00+00:00,BOLU,14,20.301498,10.8015,0.0,11.753877,3.0,69.11255,934.9316,17.75,Overcast
2022-09-07 21:00:00+00:00,BOLU,14,23.5015,8.9015,0.0,8.209263,0.0,60.415497,934.64185,23.03,Clear sky
2022-09-08 21:00:00+00:00,BOLU,14,26.0015,14.4515,0.0,10.009036,0.0,57.01118,934.934,23.11,Clear sky
2022-09-09 21:00:00+00:00,BOLU,14,27.5015,16.7515,0.0,8.587338,0.0,52.683308,932.9287,22.52,Clear sky
2022-09-10 21:00:00+00:00,BOLU,14,26.651499,18.2515,0.0,11.252519,1.0,58.12143,929.95825,21.32,Mainly clear
2022-09-11 21:00:00+00:00,BOLU,14,20.4515,12.5515,2.3999999,12.015589,53.0,81.87989,926.60455,9.99,Drizzle: Moderate
2022-09-12 21:00:00+00:00,BOLU,14,18.5015,10.3515005,1.3000001,14.658676,51.0,82.9997,927.58154,17.46,Drizzle: Light
2022-09-13 21:00:00+00:00,BOLU,14,21.801498,8.8515,0.0,7.8954163,3.0,69.868866,931.8481,21.79,Overcast
2022-09-14 21:00:00+00:00,BOLU,14,27.801498,13.7015,0.0,10.105681,3.0,47.392807,932.5842,21.51,Overcast
2022-09-15 21:00:00+00:00,BOLU,14,31.651499,18.801498,0.0,11.457958,3.0,43.67037,931.0125,21.2,Overcast
2022-09-16 21:00:00+00:00,BOLU,14,32.5015,19.151499,0.0,13.441071,3.0,43.97931,927.55695,20.64,Overcast
2022-09-17 21:00:00+00:00,BOLU,14,30.4515,16.901499,0.70000005,16.58346,51.0,55.842785,925.9947,20.04,Drizzle: Light
2022-09-18 21:00:00+00:00,BOLU,14,21.8515,11.4015,1.9000002,11.113451,51.0,76.93897,930.42334,17.05,Drizzle: Light
2022-09-19 21:00:00+00:00,BOLU,14,20.2015,9.5515,1.0,12.7279215,53.0,78.31276,929.32007,17.29,Drizzle: Moderate
2022-09-20 21:00:00+00:00,BOLU,14,17.6015,10.3515005,0.9000001,11.988594,51.0,77.49044,929.6626,12.1,Drizzle: Light
2022-09-21 21:00:00+00:00,BOLU,14,13.4515,8.3015,4.999999,13.797913,61.0,87.25083,927.7046,10.02,Rain: Slight
2022-09-22 21:00:00+00:00,BOLU,14,14.9515,7.1515,0.3,10.30883,51.0,77.631584,931.6651,14.75,Drizzle: Light
2022-09-23 21:00:00+00:00,BOLU,14,15.1015005,5.6015,0.0,10.805999,3.0,75.16092,934.9846,16.02,Overcast
2022-09-24 21:00:00+00:00,BOLU,14,21.551498,7.9515,0.0,8.209263,1.0,48.631542,935.78314,20.37,Mainly clear
2022-09-25 21:00:00+00:00,BOLU,14,25.4515,10.2015,0.0,10.44,3.0,34.427795,932.4788,20.29,Overcast
2022-09-26 21:00:00+00:00,BOLU,14,26.551498,14.1015005,0.0,14.693999,3.0,33.673244,927.36774,17.92,Overcast
2022-09-27 21:00:00+00:00,BOLU,14,23.5015,15.5015,2.6,16.135872,61.0,63.511353,926.6928,12.34,Rain: Slight
2022-09-28 21:00:00+00:00,BOLU,14,24.051498,13.0515,0.3,12.879752,51.0,64.96748,929.8081,15.6,Drizzle: Light
2022-09-29 21:00:00+00:00,BOLU,14,25.651499,15.3515005,0.0,9.0,2.0,56.43382,934.95337,17.77,Partly cloudy
2022-09-30 21:00:00+00:00,BOLU,14,25.801498,16.0515,0.0,7.0911775,0.0,61.833805,938.35913,18.67,Clear sky
2022-10-01 21:00:00+00:00,BOLU,14,25.901499,13.3515005,6.2,17.873556,55.0,71.87017,929.8421,9.67,Drizzle: Dense
2022-10-02 21:00:00+00:00,BOLU,14,18.3515,11.2515,0.6,10.195057,51.0,81.50124,929.6037,15.5,Drizzle: Light
2022-10-03 21:00:00+00:00,BOLU,14,15.5515,8.9515,0.90000004,9.726664,51.0,84.83808,931.6391,9.63,Drizzle: Light
2022-10-04 21:00:00+00:00,BOLU,14,16.401499,7.9015,0.4,9.686609,51.0,79.91175,938.65015,12.02,Drizzle: Light
2022-10-05 21:00:00+00:00,BOLU,14,18.1015,9.4015,0.0,11.304229,3.0,80.29356,938.7889,13.63,Overcast
2022-10-06 21:00:00+00:00,BOLU,14,15.9515,9.2015,3.9999998,11.609651,63.0,85.10016,934.919,7.37,Rain: Moderate
2022-10-07 21:00:00+00:00,BOLU,14,14.0515,11.1015005,10.500001,9.47012,61.0,93.34554,931.0848,4.34,Rain: Slight
2022-10-08 21:00:00+00:00,BOLU,14,13.3515005,11.1515,12.700002,14.404499,63.0,96.29745,933.3281,3.27,Rain: Moderate
2022-10-09 21:00:00+00:00,BOLU,14,17.7015,9.8015,1.1,6.489992,51.0,83.376915,938.7889,13.0,Drizzle: Light
2022-10-10 21:00:00+00:00,BOLU,14,20.301498,5.8515,0.0,6.9153743,3.0,82.095314,936.8303,15.49,Overcast
2022-10-11 21:00:00+00:00,BOLU,14,18.1015,11.5015,0.0,8.12197,3.0,79.60206,934.9075,9.46,Overcast
2022-10-12 21:00:00+00:00,BOLU,14,18.9515,10.7015,0.4,6.638072,51.0,84.788,934.90643,13.85,Drizzle: Light
2022-10-13 21:00:00+00:00,BOLU,14,19.0015,10.2515,2.4,6.696387,61.0,79.93051,931.01874,12.25,Rain: Slight
2022-10-14 21:00:00+00:00,BOLU,14,17.6015,10.8015,5.2,5.8603754,61.0,79.68391,929.5224,7.75,Rain: Slight
2022-10-15 21:00:00+00:00,BOLU,14,14.7015,11.9515,12.3,4.8965297,61.0,92.043816,934.3962,3.74,Rain: Slight
2022-10-16 21:00:00+00:00,BOLU,14,15.4515,12.0015,2.9999995,12.181624,53.0,90.614296,940.06616,4.71,Drizzle: Moderate
2022-10-17 21:00:00+00:00,BOLU,14,18.801498,12.1015005,0.3,12.10157,51.0,86.2987,940.25464,11.67,Drizzle: Light
2022-10-18 21:00:00+00:00,BOLU,14,18.401499,10.1515,0.0,9.227524,3.0,90.16959,932.75226,13.17,Overcast
2022-10-19 21:00:00+00:00,BOLU,14,15.4515,8.5015,7.2999997,9.686609,61.0,85.61135,933.71533,9.96,Rain: Slight
2022-10-20 21:00:00+00:00,BOLU,14,11.4515,2.3015,0.0,10.685391,3.0,75.67201,938.6308,13.79,Overcast
2022-10-21 21:00:00+00:00,BOLU,14,15.1515,-0.29849994,0.0,5.991594,2.0,64.03233,938.26166,15.56,Partly cloudy
2022-10-22 21:00:00+00:00,BOLU,14,19.0015,4.3515,0.0,10.24578,3.0,54.901077,936.4712,13.27,Overcast
2022-10-23 21:00:00+00:00,BOLU,14,17.7015,6.2515,0.0,7.9932966,3.0,72.85245,938.1252,13.27,Overcast
2022-10-24 21:00:00+00:00,BOLU,14,19.1015,9.4015,0.0,4.829907,3.0,59.07335,935.6699,14.5,Overcast
2022-10-25 21:00:00+00:00,BOLU,14,17.9515,8.3515,0.8,10.1376915,51.0,68.231224,935.5455,13.16,Drizzle: Light
2022-10-26 21:00:00+00:00,BOLU,14,16.0515,7.4515,0.0,12.229406,3.0,79.71191,940.3847,12.84,Overcast
2022-10-27 21:00:00+00:00,BOLU,14,15.4015,5.4015,0.0,8.089993,3.0,74.65735,940.87964,13.62,Overcast
2022-10-28 21:00:00+00:00,BOLU,14,16.0015,5.7015,0.0,4.6938257,1.0,62.965,938.3569,13.8,Mainly clear
2022-10-29 21:00:00+00:00,BOLU,14,16.8015,5.4515,0.0,4.6938257,0.0,61.855408,935.00446,13.76,Clear sky
2022-10-30 21:00:00+00:00,BOLU,14,14.9015,8.3015,0.1,6.12,51.0,63.332855,934.2758,10.66,Drizzle: Light
2022-10-31 21:00:00+00:00,BOLU,14,15.0515,4.7015,0.0,5.00128,2.0,76.16766,936.8841,12.63,Partly cloudy
2022-11-01 21:00:00+00:00,BOLU,14,17.2515,4.6015,0.0,6.9899354,0.0,47.40244,935.3609,12.88,Clear sky
2022-11-02 21:00:00+00:00,BOLU,14,17.0515,5.9015,0.0,10.390226,3.0,74.65652,935.1633,12.36,Overcast
2022-11-03 21:00:00+00:00,BOLU,14,16.8515,5.2015,0.0,8.669949,3.0,67.60975,933.3492,11.87,Overcast
2022-11-04 21:00:00+00:00,BOLU,14,20.051498,7.0015,0.0,10.009036,3.0,52.95093,932.24243,12.17,Overcast
2022-11-05 21:00:00+00:00,BOLU,14,20.551498,3.2515001,0.0,5.904439,3.0,51.283077,931.46313,12.01,Overcast
2022-11-06 21:00:00+00:00,BOLU,14,15.6015005,6.8015003,0.2,11.525623,51.0,66.73751,929.9362,11.38,Drizzle: Light
2022-11-07 21:00:00+00:00,BOLU,14,13.4515,8.5515,1.1,6.4096174,51.0,83.17316,933.9731,7.0,Drizzle: Light
2022-11-08 21:00:00+00:00,BOLU,14,12.9515,3.7015,0.0,5.495161,3.0,71.05315,936.0903,11.37,Overcast
2022-11-09 21:00:00+00:00,BOLU,14,14.3515005,3.3515,0.0,4.3349743,0.0,50.784893,937.2474,12.05,Clear sky
2022-11-10 21:00:00+00:00,BOLU,14,14.2515,3.9015002,0.0,6.792466,1.0,60.36665,939.21216,11.92,Mainly clear
2022-11-11 21:00:00+00:00,BOLU,14,15.6515,4.1015,0.0,4.3349743,3.0,54.29141,940.7232,11.71,Overcast
2022-11-12 21:00:00+00:00,BOLU,14,15.0515,4.7015,0.0,5.8603754,2.0,48.433735,942.2221,11.58,Partly cloudy
2022-11-13 21:00:00+00:00,BOLU,14,13.8515005,4.1015,0.0,4.896529,3.0,54.699844,937.94525,11.38,Overcast
2022-11-14 21:00:00+00:00,BOLU,14,14.1015005,3.1015,0.0,4.379589,3.0,59.39023,932.8057,10.11,Overcast
2022-11-15 21:00:00+00:00,BOLU,14,13.2015,1.4515,0.0,10.739832,3.0,51.959354,925.9434,11.28,Overcast
2022-11-16 21:00:00+00:00,BOLU,14,13.6015005,4.9515,0.0,15.745627,3.0,53.300156,924.29126,7.2,Overcast
2022-11-17 21:00:00+00:00,BOLU,14,16.6015,9.4515,1.3000001,16.311613,53.0,65.37842,926.1933,7.88,Drizzle: Moderate
2022-11-18 21:00:00+00:00,BOLU,14,17.9515,12.1015005,0.0,20.06334,3.0,61.893612,931.3174,9.97,Overcast
2022-11-19 21:00:00+00:00,BOLU,14,18.0015,9.7515,0.0,14.512064,3.0,61.492374,934.8282,8.55,Overcast
2022-11-20 21:00:00+00:00,BOLU,14,17.401499,10.8015,0.0,12.964998,3.0,57.861053,929.3824,5.36,Overcast
2022-11-21 21:00:00+00:00,BOLU,14,12.7515,8.1515,3.7,17.339897,55.0,74.510574,927.67114,7.86,Drizzle: Dense
2022-11-22 21:00:00+00:00,BOLU,14,15.6015005,7.9015,0.0,8.14587,3.0,51.69913,926.45264,8.6,Overcast
2022-11-23 21:00:00+00:00,BOLU,14,12.0015,7.1515,14.499999,8.669949,61.0,82.72404,923.0564,2.55,Rain: Slight
2022-11-24 21:00:00+00:00,BOLU,14,8.1015,4.3515,6.7,12.261158,53.0,95.28762,926.1021,1.57,Drizzle: Moderate
2022-11-25 21:00:00+00:00,BOLU,14,5.3515,3.6015,4.6999993,9.36,51.0,96.093666,934.8837,1.65,Drizzle: Light
2022-11-26 21:00:00+00:00,BOLU,14,9.7515,0.15149999,0.1,8.225035,51.0,86.07549,936.7303,7.24,Drizzle: Light
2022-11-27 21:00:00+00:00,BOLU,14,11.2515,-0.29849994,0.0,5.0911684,3.0,69.68857,931.33545,9.53,Overcast
2022-11-28 21:00:00+00:00,BOLU,14,13.8015,2.5514998,0.0,4.2136917,3.0,67.37961,928.9272,6.9,Overcast
2022-11-29 21:00:00+00:00,BOLU,14,16.7515,4.6515,0.0,5.8048253,3.0,70.73567,930.447,9.1,Overcast
2022-11-30 21:00:00+00:00,BOLU,14,15.3015,5.4515,0.0,9.178235,3.0,68.18509,931.21313,8.23,Overcast
2022-12-01 21:00:00+00:00,BOLU,14,13.7515,5.6015,4.4,9.422101,61.0,78.66252,933.9283,8.32,Rain: Slight
2022-12-02 21:00:00+00:00,BOLU,14,10.2015,6.3015003,0.9000001,5.315336,51.0,89.25049,938.196,4.95,Drizzle: Light
2022-12-03 21:00:00+00:00,BOLU,14,11.2015,3.6515002,0.0,6.489992,3.0,85.9383,939.038,8.02,Overcast
2022-12-04 21:00:00+00:00,BOLU,14,11.0015,3.0015001,0.0,5.692099,3.0,77.86931,937.2119,7.95,Overcast
2022-12-05 21:00:00+00:00,BOLU,14,9.8515005,3.1015,0.0,7.69592,3.0,76.69312,934.5144,6.73,Overcast
2022-12-06 21:00:00+00:00,BOLU,14,11.2515,1.0015,0.0,8.942214,3.0,70.6912,931.0362,9.12,Overcast
2022-12-07 21:00:00+00:00,BOLU,14,12.0015,3.6015,0.0,7.6367526,3.0,65.186005,932.89526,9.1,Overcast
2022-12-08 21:00:00+00:00,BOLU,14,13.1015005,5.5515003,0.0,10.703569,3.0,64.57664,934.0093,7.79,Overcast
2022-12-09 21:00:00+00:00,BOLU,14,12.9015,9.1515,0.0,10.538843,3.0,59.896526,931.0402,3.65,Overcast
2022-12-10 21:00:00+00:00,BOLU,14,14.3515005,9.4015,3.2999997,17.654688,53.0,73.57031,924.4432,3.4,Drizzle: Moderate
2022-12-11 21:00:00+00:00,BOLU,14,13.3015,9.0515,0.1,15.042659,51.0,72.438736,923.0842,6.4,Drizzle: Light
2022-12-12 21:00:00+00:00,BOLU,14,12.3015,4.1015,13.199999,12.43434,63.0,82.025314,924.60254,2.42,Rain: Moderate
2022-12-13 21:00:00+00:00,BOLU,14,10.8015,3.2015,1.3000001,7.653705,51.0,87.19189,928.4399,5.75,Drizzle: Light
2022-12-14 21:00:00+00:00,BOLU,14,13.5015,5.8015003,0.1,14.689589,51.0,75.03142,929.0898,5.64,Drizzle: Light
2022-12-15 21:00:00+00:00,BOLU,14,15.9015,8.6015,0.0,9.360001,3.0,76.24181,935.2212,8.37,Overcast
2022-12-16 21:00:00+00:00,BOLU,14,16.7515,7.2015,0.0,9.021574,3.0,70.67977,936.0693,8.64,Overcast
2022-12-17 21:00:00+00:00,BOLU,14,16.651499,7.7015,0.2,9.6932955,51.0,75.54347,939.39166,8.66,Drizzle: Light
2022-12-18 21:00:00+00:00,BOLU,14,8.7515,0.15149999,3.4999988,11.269782,71.0,90.95767,943.8167,1.73,Snow fall: Slight
2022-12-19 21:00:00+00:00,BOLU,14,3.8515,-2.8484998,0.3,11.4862,71.0,78.13625,942.0424,8.64,Snow fall: Slight
2022-12-20 21:00:00+00:00,BOLU,14,7.9515,-0.69850004,0.0,3.396233,1.0,46.431454,936.47534,9.04,Mainly clear
2022-12-21 21:00:00+00:00,BOLU,14,10.6015005,-1.6985,0.0,7.42159,1.0,64.890205,932.2934,9.0,Mainly clear
2022-12-22 21:00:00+00:00,BOLU,14,9.8015,1.2515,0.0,8.4963045,0.0,60.890976,930.18506,9.07,Clear sky
2022-12-23 21:00:00+00:00,BOLU,14,8.9515,0.5515,0.0,9.565437,3.0,70.31864,929.65656,8.6,Overcast
2022-12-24 21:00:00+00:00,BOLU,14,4.5015,1.3515,6.0,7.628263,71.0,85.32894,933.05963,1.47,Snow fall: Slight
2022-12-25 21:00:00+00:00,BOLU,14,4.7015,0.6515,4.3999996,10.233123,73.0,93.87832,939.44116,2.02,Snow fall: Moderate
2022-12-26 21:00:00+00:00,BOLU,14,10.8515005,-0.79849994,0.0,11.043261,3.0,57.772343,937.7358,8.9,Overcast
2022-12-27 21:00:00+00:00,BOLU,14,7.7515,2.0515,1.1,7.5942073,51.0,87.091866,940.1464,2.63,Drizzle: Light
2022-12-28 21:00:00+00:00,BOLU,14,11.1015005,0.6515,0.0,5.2416787,3.0,72.78923,939.8696,8.64,Overcast
2022-12-29 21:00:00+00:00,BOLU,14,11.6515,0.5515,0.0,9.028754,0.0,61.99301,940.1347,9.11,Clear sky
2022-12-30 21:00:00+00:00,BOLU,14,9.8515005,2.6015,0.0,6.297428,3.0,65.35346,942.7404,7.72,Overcast
2022-12-31 21:00:00+00:00,BOLU,14,10.5515,3.2515001,0.0,5.154415,0.0,56.40451,944.82983,9.31,Clear sky
2023-01-01 21:00:00+00:00,BOLU,14,13.0515,2.7515001,0.0,4.1046314,0.0,28.909517,943.51587,9.51,Clear sky
2023-01-02 21:00:00+00:00,BOLU,14,14.2515,3.4515,0.0,6.989936,0.0,26.112188,939.9549,9.54,Clear sky
2023-01-03 21:00:00+00:00,BOLU,14,9.6515,1.9514999,0.0,8.089993,3.0,48.970936,937.8992,9.13,Overcast
2023-01-04 21:00:00+00:00,BOLU,14,10.4015,0.9015,0.0,8.942214,3.0,74.91706,934.6464,9.37,Overcast
2023-01-05 21:00:00+00:00,BOLU,14,5.5515003,-0.54849994,3.0999994,12.429127,71.0,87.55808,932.7325,2.76,Snow fall: Slight
2023-01-06 21:00:00+00:00,BOLU,14,7.4515,0.15149999,0.2,7.771331,51.0,77.604805,937.3029,7.83,Drizzle: Light
2023-01-07 21:00:00+00:00,BOLU,14,7.6015,-0.6485001,0.0,8.209263,1.0,68.183846,935.80194,9.19,Mainly clear
2023-01-08 21:00:00+00:00,BOLU,14,8.3515,-3.4984999,0.0,11.013882,0.0,60.356583,934.6597,9.76,Clear sky
2023-01-09 21:00:00+00:00,BOLU,14,10.8515005,-1.0984999,0.0,11.874544,3.0,46.625042,931.78784,9.24,Overcast
2023-01-10 21:00:00+00:00,BOLU,14,11.5515,1.8515,0.5,14.494192,51.0,71.2556,929.93146,4.82,Drizzle: Light
2023-01-11 21:00:00+00:00,BOLU,14,11.7015,1.6015,0.4,8.534353,51.0,69.84336,930.0476,6.26,Drizzle: Light
2023-01-12 21:00:00+00:00,BOLU,14,10.8515005,0.8015,0.0,6.12,3.0,68.71353,930.6862,8.87,Overcast
2023-01-13 21:00:00+00:00,BOLU,14,9.7515,2.7015,0.0,6.489992,3.0,63.823837,931.8378,9.41,Overcast
2023-01-14 21:00:00+00:00,BOLU,14,10.2015,-1.2985,0.0,6.8777895,3.0,60.847916,932.4963,9.89,Overcast
2023-01-15 21:00:00+00:00,BOLU,14,11.4015,-1.8484999,0.0,10.30883,0.0,53.215042,929.0642,10.33,Clear sky
2023-01-16 21:00:00+00:00,BOLU,14,10.9515,1.3015,0.0,19.35314,3.0,60.270954,928.7681,8.6,Overcast
2023-01-17 21:00:00+00:00,BOLU,14,13.7515,4.2515,0.0,18.36353,3.0,61.889084,930.20856,8.22,Overcast
2023-01-18 21:00:00+00:00,BOLU,14,14.2515,3.8515,0.0,14.4,3.0,51.668797,933.48315,10.12,Overcast
2023-01-19 21:00:00+00:00,BOLU,14,17.1015,6.6515,0.0,9.793059,3.0,34.55609,928.4702,11.02,Overcast
2023-01-20 21:00:00+00:00,BOLU,14,14.0015,1.4515,0.0,8.225035,1.0,55.173107,932.1363,10.8,Mainly clear
2023-01-21 21:00:00+00:00,BOLU,14,14.7515,-0.5984999,0.0,6.849467,3.0,56.84961,934.9726,10.59,Overcast
2023-01-22 21:00:00+00:00,BOLU,14,12.3015,3.6515002,0.0,7.9526596,3.0,63.370342,938.0586,10.99,Overcast
2023-01-23 21:00:00+00:00,BOLU,14,7.6515,1.5015,0.1,7.9036193,51.0,89.74323,939.8157,9.55,Drizzle: Light
2023-01-24 21:00:00+00:00,BOLU,14,4.3515,1.1015,0.6,5.8048253,71.0,89.98966,938.49225,4.23,Snow fall: Slight
2023-01-25 21:00:00+00:00,BOLU,14,10.8015,-1.5485,0.1,8.534353,51.0,64.15813,933.249,11.3,Drizzle: Light
2023-01-26 21:00:00+00:00,BOLU,14,13.0515,1.9015,2.4,11.183201,61.0,59.272823,923.78107,5.73,Rain: Slight
2023-01-27 21:00:00+00:00,BOLU,14,9.9515,1.6515,9.200001,14.003029,75.0,77.000015,923.6993,7.79,Snow fall: Heavy
2023-01-28 21:00:00+00:00,BOLU,14,2.2515001,-1.0984999,2.2,10.594036,73.0,90.61799,929.9041,4.47,Snow fall: Moderate
2023-01-29 21:00:00+00:00,BOLU,14,2.3015,-1.5485,6.3,8.287822,73.0,84.56454,928.3819,4.0,Snow fall: Moderate
2023-01-30 21:00:00+00:00,BOLU,14,2.3015,-0.9985,3.3999994,7.9932966,73.0,79.756226,923.6192,5.38,Snow fall: Moderate
2023-01-31 21:00:00+00:00,BOLU,14,0.8015,-1.4485,6.4,10.390226,75.0,84.8296,927.42065,3.12,Snow fall: Heavy
2023-02-01 21:00:00+00:00,BOLU,14,3.8515,-5.6485,3.0,14.154915,75.0,72.854485,930.8007,7.52,Snow fall: Heavy
2023-02-02 21:00:00+00:00,BOLU,14,3.4015,-2.4485002,2.1999998,11.609651,73.0,75.07886,931.7014,8.41,Snow fall: Moderate
2023-02-03 21:00:00+00:00,BOLU,14,2.8014998,-5.9484997,0.4,10.948973,71.0,69.25767,927.35724,8.36,Snow fall: Slight
2023-02-04 21:00:00+00:00,BOLU,14,4.0515,-2.1985002,1.1,7.8954163,71.0,71.40034,923.4099,10.5,Snow fall: Slight
2023-02-05 21:00:00+00:00,BOLU,14,1.2515,-1.7485,11.499999,16.1198,75.0,88.30509,924.3449,3.08,Snow fall: Heavy
2023-02-06 21:00:00+00:00,BOLU,14,-1.8985001,-4.9985,8.500001,13.1041975,73.0,85.07418,933.1646,7.2,Snow fall: Moderate
2023-02-07 21:00:00+00:00,BOLU,14,-1.9485,-6.0985,3.6000001,9.107359,73.0,91.58942,939.73566,6.01,Snow fall: Moderate
2023-02-08 21:00:00+00:00,BOLU,14,0.30149996,-3.1984997,6.6,5.991594,73.0,86.05741,942.5052,7.19,Snow fall: Moderate
2023-02-09 21:00:00+00:00,BOLU,14,0.5515,-5.0485,1.4000001,5.8048253,73.0,83.778946,943.6523,7.88,Snow fall: Moderate
2023-02-10 21:00:00+00:00,BOLU,14,-0.04849994,-6.8485003,0.0,7.289445,3.0,75.29161,941.8138,12.93,Overcast
2023-02-11 21:00:00+00:00,BOLU,14,1.4015,-8.6985,0.2,8.217153,71.0,74.50505,938.1232,13.54,Snow fall: Slight
2023-02-12 21:00:00+00:00,BOLU,14,2.3015,-6.7485,1.1000001,7.5599995,71.0,82.24134,943.7493,11.42,Snow fall: Slight
2023-02-13 21:00:00+00:00,BOLU,14,2.0515,-5.6485,0.4,10.182337,71.0,62.582535,938.6726,14.28,Snow fall: Slight
2023-02-14 21:00:00+00:00,BOLU,14,0.85150003,-1.3985001,11.100002,10.97262,75.0,90.55053,937.21185,6.37,Snow fall: Heavy
2023-02-15 21:00:00+00:00,BOLU,14,0.9015,-4.7985,4.1999993,8.905908,73.0,86.818756,941.45917,7.05,Snow fall: Moderate
2023-02-16 21:00:00+00:00,BOLU,14,7.4015,-6.5985003,0.0,11.609651,3.0,63.28316,938.47,15.6,Overcast
2023-02-17 21:00:00+00:00,BOLU,14,10.9015,-4.3485,0.1,13.217443,51.0,58.88207,936.14014,13.25,Drizzle: Light
2023-02-18 21:00:00+00:00,BOLU,14,13.7015,2.9515,0.0,11.525623,3.0,65.93896,933.142,13.74,Overcast
2023-02-19 21:00:00+00:00,BOLU,14,5.7015,1.7015,9.0,16.263872,75.0,83.95023,932.5523,3.13,Snow fall: Heavy
2023-02-20 21:00:00+00:00,BOLU,14,10.7515,-0.4985,0.0,13.830749,3.0,74.06017,931.98175,15.23,Overcast
2023-02-21 21:00:00+00:00,BOLU,14,13.6015005,0.2515,0.0,10.308831,3.0,66.04981,929.7549,15.14,Overcast
2023-02-22 21:00:00+00:00,BOLU,14,10.7515,1.4515,0.1,7.7879906,51.0,75.07833,931.16504,11.46,Drizzle: Light
2023-02-23 21:00:00+00:00,BOLU,14,13.2515,1.3515,0.0,10.483357,3.0,62.90764,930.6971,14.62,Overcast
2023-02-24 21:00:00+00:00,BOLU,14,13.9515,4.1515,0.0,16.79314,3.0,57.057064,927.99176,15.82,Overcast
2023-02-25 21:00:00+00:00,BOLU,14,14.7515,3.4515,0.0,17.873556,3.0,54.48135,929.972,15.74,Overcast
2023-02-26 21:00:00+00:00,BOLU,14,17.651499,7.5015,0.0,10.8955765,3.0,46.654865,935.0891,12.05,Overcast
2023-02-27 21:00:00+00:00,BOLU,14,15.9015,7.7015,1.5,8.669949,51.0,60.839233,937.9952,7.43,Drizzle: Light
2023-02-28 21:00:00+00:00,BOLU,14,18.301498,5.5515003,4.5,7.491114,61.0,79.62622,933.99725,14.84,Rain: Slight
2023-03-01 21:00:00+00:00,BOLU,14,12.0515,6.6515,1.8000001,7.928177,53.0,91.48637,931.53973,8.03,Drizzle: Moderate
2023-03-02 21:00:00+00:00,BOLU,14,10.8515005,5.3015,2.3,10.105681,55.0,93.79182,929.04596,9.83,Drizzle: Dense
2023-03-03 21:00:00+00:00,BOLU,14,13.1015005,2.7015,0.7,12.522619,53.0,83.55012,930.5168,12.36,Drizzle: Moderate
2023-03-04 21:00:00+00:00,BOLU,14,12.0015,5.1515,6.8999996,12.661564,55.0,82.43645,924.74274,7.59,Drizzle: Dense
2023-03-05 21:00:00+00:00,BOLU,14,7.6015,0.15149999,15.100001,10.805999,75.0,85.94268,925.7173,8.68,Snow fall: Heavy
2023-03-06 21:00:00+00:00,BOLU,14,11.4515,0.60150003,0.1,14.986553,51.0,63.340424,927.8321,14.48,Drizzle: Light
2023-03-07 21:00:00+00:00,BOLU,14,14.4015,4.1015,0.9000001,14.039999,51.0,69.53489,927.7488,14.32,Drizzle: Light
2023-03-08 21:00:00+00:00,BOLU,14,13.9015,5.6515,0.5,15.815435,51.0,64.68494,927.0888,12.68,Drizzle: Light
2023-03-09 21:00:00+00:00,BOLU,14,14.3515005,4.4515,0.0,13.1041975,3.0,68.3204,926.16675,6.33,Overcast
2023-03-10 21:00:00+00:00,BOLU,14,14.4015,7.3515,3.3000002,19.562946,55.0,72.25399,920.01654,8.14,Drizzle: Dense
2023-03-11 21:00:00+00:00,BOLU,14,9.7015,3.3515,12.099999,11.631956,71.0,88.700325,921.86285,3.56,Snow fall: Slight
2023-03-12 21:00:00+00:00,BOLU,14,4.2515,1.1515,2.7999997,10.630672,73.0,87.15262,930.04565,6.81,Snow fall: Moderate
2023-03-13 21:00:00+00:00,BOLU,14,9.9015,1.3515,1.6999999,6.87779,73.0,80.41363,928.49896,10.76,Snow fall: Moderate
2023-03-14 21:00:00+00:00,BOLU,14,14.7015,0.5515,0.0,9.0,3.0,71.89581,922.20917,19.65,Overcast
2023-03-15 21:00:00+00:00,BOLU,14,11.6015005,2.9515,3.2,11.592895,53.0,78.42793,921.8401,6.34,Drizzle: Moderate
2023-03-16 21:00:00+00:00,BOLU,14,5.6515,3.0015001,18.699999,6.193674,73.0,91.32011,927.2588,2.79,Snow fall: Moderate
2023-03-17 21:00:00+00:00,BOLU,14,6.5015,3.1015,3.1000004,10.829958,51.0,95.21226,929.4497,5.08,Drizzle: Light
2023-03-18 21:00:00+00:00,BOLU,14,7.1515,4.3515,6.1,7.24486,53.0,95.02298,930.18317,3.47,Drizzle: Moderate
2023-03-19 21:00:00+00:00,BOLU,14,11.4515,3.9015002,0.4,7.968939,51.0,86.93229,932.52496,11.42,Drizzle: Light
2023-03-20 21:00:00+00:00,BOLU,14,15.4515,0.60150003,0.0,7.69592,3.0,64.213936,929.3952,19.81,Overcast
2023-03-21 21:00:00+00:00,BOLU,14,14.3515005,3.1515,1.4000001,7.69592,51.0,67.96483,926.0223,9.74,Drizzle: Light
2023-03-22 21:00:00+00:00,BOLU,14,7.3015003,4.9015,8.700002,8.28,61.0,95.17959,929.357,3.58,Rain: Slight
2023-03-23 21:00:00+00:00,BOLU,14,13.7515,1.8515,0.2,7.8954163,51.0,81.21035,931.0245,15.42,Drizzle: Light
2023-03-24 21:00:00+00:00,BOLU,14,17.5015,2.1515,0.0,7.7043357,1.0,65.42325,927.05273,20.16,Mainly clear
2023-03-25 21:00:00+00:00,BOLU,14,13.4015,6.2015,4.5,12.371645,61.0,76.51061,924.4892,14.71,Rain: Slight
2023-03-26 21:00:00+00:00,BOLU,14,16.8015,4.8515,0.0,16.75064,3.0,61.7984,923.6369,21.34,Overcast
2023-03-27 21:00:00+00:00,BOLU,14,11.6015005,2.5015001,10.799998,17.31746,75.0,76.29615,919.65576,12.64,Snow fall: Heavy
2023-03-28 21:00:00+00:00,BOLU,14,2.7015,-3.4984999,9.8,13.708391,75.0,82.31203,928.69403,9.12,Snow fall: Heavy
2023-03-29 21:00:00+00:00,BOLU,14,0.101500034,-5.6984997,6.7,13.722565,75.0,77.00341,934.84814,13.93,Snow fall: Heavy
2023-03-30 21:00:00+00:00,BOLU,14,10.2515,-6.0985,1.0,10.703569,53.0,60.732483,931.6893,22.46,Drizzle: Moderate
2023-03-31 21:00:00+00:00,BOLU,14,15.6015005,3.4515,0.2,15.517629,51.0,64.57784,925.7359,18.84,Drizzle: Light
2023-04-01 21:00:00+00:00,BOLU,14,15.4015,7.8015003,8.6,15.546833,63.0,75.77181,924.7255,12.22,Rain: Moderate
2023-04-02 21:00:00+00:00,BOLU,14,18.051498,8.7515,8.2,13.493999,61.0,71.18757,926.6098,17.3,Rain: Slight
2023-04-03 21:00:00+00:00,BOLU,14,19.151499,6.4515,0.9,20.598795,53.0,60.511166,920.81,17.07,Drizzle: Moderate
2023-04-04 21:00:00+00:00,BOLU,14,11.5015,4.7515,9.0,11.659777,73.0,85.97941,923.84204,12.01,Snow fall: Moderate
2023-04-05 21:00:00+00:00,BOLU,14,12.5015,3.6515002,8.499999,10.041354,71.0,79.33019,926.1735,16.26,Snow fall: Slight
2023-04-06 21:00:00+00:00,BOLU,14,7.3015003,4.3515,6.3999987,13.75558,73.0,90.489815,927.91095,8.05,Snow fall: Moderate
2023-04-07 21:00:00+00:00,BOLU,14,14.0515,0.30149996,0.0,13.797913,3.0,72.88999,932.88715,23.28,Overcast
2023-04-08 21:00:00+00:00,BOLU,14,16.401499,2.1015,0.3,13.854155,51.0,65.91251,930.9117,17.18,Drizzle: Light
2023-04-09 21:00:00+00:00,BOLU,14,11.9015,6.0515003,11.099999,10.308831,71.0,86.91742,924.5232,7.8,Snow fall: Slight
2023-04-10 21:00:00+00:00,BOLU,14,12.2015,5.0015,2.6000004,13.746156,51.0,82.7709,920.5782,15.98,Drizzle: Light
2023-04-11 21:00:00+00:00,BOLU,14,9.7515,2.2515001,2.9999998,15.315873,71.0,84.90746,919.3239,11.57,Snow fall: Slight
2023-04-12 21:00:00+00:00,BOLU,14,9.1515,4.8515,4.8999996,13.363711,53.0,86.03939,925.48285,8.07,Drizzle: Moderate
2023-04-13 21:00:00+00:00,BOLU,14,18.6015,5.6015,0.0,11.792404,3.0,58.23601,928.80194,25.02,Overcast
2023-04-14 21:00:00+00:00,BOLU,14,20.3515,7.8015003,1.2,13.1041975,53.0,60.135433,930.68646,21.69,Drizzle: Moderate
2023-04-15 21:00:00+00:00,BOLU,14,19.401499,7.7015,0.6,16.595179,51.0,73.671616,929.33966,16.9,Drizzle: Light
2023-04-16 21:00:00+00:00,BOLU,14,19.2015,6.7015,0.4,15.463246,51.0,65.46137,927.3462,15.35,Drizzle: Light
2023-04-17 21:00:00+00:00,BOLU,14,19.8515,6.6015,1.8000001,16.946787,55.0,69.46458,927.29913,20.78,Drizzle: Dense
2023-04-18 21:00:00+00:00,BOLU,14,16.0015,8.1515,6.2,12.605142,63.0,78.10888,925.20087,19.05,Rain: Moderate
2023-04-19 21:00:00+00:00,BOLU,14,10.6515,5.2015,2.2999997,11.503113,53.0,89.67673,925.7476,11.66,Drizzle: Moderate
2023-04-20 21:00:00+00:00,BOLU,14,12.4515,5.4515,3.3,11.440978,55.0,83.99568,926.4012,14.58,Drizzle: Dense
2023-04-21 21:00:00+00:00,BOLU,14,13.9015,3.6015,0.3,7.9036193,51.0,74.382484,929.091,21.08,Drizzle: Light
2023-04-22 21:00:00+00:00,BOLU,14,12.7515,6.0515003,3.0,8.587338,61.0,77.21261,929.3211,11.22,Rain: Slight
2023-04-23 21:00:00+00:00,BOLU,14,13.7515,4.2015,0.2,10.446206,51.0,72.89217,929.73804,23.06,Drizzle: Light
2023-04-24 21:00:00+00:00,BOLU,14,17.4515,6.1015,0.1,12.10157,51.0,55.88547,926.55646,21.91,Drizzle: Light
2023-04-25 21:00:00+00:00,BOLU,14,16.8015,9.3015,6.2,14.529915,63.0,70.07365,923.44727,16.73,Rain: Moderate
2023-04-26 21:00:00+00:00,BOLU,14,14.6515,6.6515,15.200001,16.73516,63.0,81.05131,923.0795,10.76,Rain: Moderate
2023-04-27 21:00:00+00:00,BOLU,14,6.5015,3.4515,10.300002,13.089354,55.0,91.475586,929.77216,8.97,Drizzle: Dense
2023-04-28 21:00:00+00:00,BOLU,14,4.9515,3.0514998,4.1,11.525623,53.0,93.21499,929.462,5.91,Drizzle: Moderate
2023-04-29 21:00:00+00:00,BOLU,14,10.6015005,2.4015,1.7,12.9249525,71.0,78.20219,929.0015,12.65,Snow fall: Slight
2023-04-30 21:00:00+00:00,BOLU,14,14.7515,2.5514998,0.1,9.659814,51.0,60.904194,932.9024,26.02,Drizzle: Light
2023-05-01 21:00:00+00:00,BOLU,14,17.9515,3.1515,0.0,8.905908,1.0,61.253437,936.7034,28.41,Mainly clear
2023-05-02 21:00:00+00:00,BOLU,14,22.151499,7.1515,0.0,6.696387,3.0,44.576458,937.0356,27.68,Overcast
2023-05-03 21:00:00+00:00,BOLU,14,20.8515,6.6015,2.3999999,8.287822,61.0,65.798355,934.2806,17.74,Rain: Slight
2023-05-04 21:00:00+00:00,BOLU,14,19.151499,8.8015,2.4,10.296251,55.0,85.18256,930.311,17.04,Drizzle: Dense
2023-05-05 21:00:00+00:00,BOLU,14,16.9515,9.3015,2.7999995,9.885262,53.0,89.32544,926.03564,16.35,Drizzle: Moderate
2023-05-06 21:00:00+00:00,BOLU,14,13.8015,8.8515,1.7000002,10.990322,51.0,87.548805,930.1101,8.19,Drizzle: Light
2023-05-07 21:00:00+00:00,BOLU,14,16.401499,9.2015,1.6000001,6.28713,51.0,86.66388,932.84784,11.77,Drizzle: Light
2023-05-08 21:00:00+00:00,BOLU,14,14.2515,7.6515,1.0,9.9571085,51.0,85.55772,932.6766,12.7,Drizzle: Light
2023-05-09 21:00:00+00:00,BOLU,14,13.7515,8.0015,10.999999,7.4128532,61.0,86.040474,932.3747,7.86,Rain: Slight
2023-05-10 21:00:00+00:00,BOLU,14,16.3015,7.2515,0.0,6.519877,3.0,85.46008,932.2359,16.01,Overcast
2023-05-11 21:00:00+00:00,BOLU,14,16.6015,9.0015,2.0,9.449572,51.0,89.31848,930.5474,13.91,Drizzle: Light
2023-05-12 21:00:00+00:00,BOLU,14,14.3015,7.1515,2.5,8.654986,51.0,88.58474,935.1652,15.66,Drizzle: Light
2023-05-13 21:00:00+00:00,BOLU,14,18.7515,8.7515,0.0,10.390226,3.0,76.126755,937.1419,27.2,Overcast
2023-05-14 21:00:00+00:00,BOLU,14,21.401499,11.5515,0.0,7.6367526,3.0,60.771683,933.9692,26.55,Overcast
2023-05-15 21:00:00+00:00,BOLU,14,25.9515,14.7515,0.0,7.9932976,3.0,61.043537,931.02496,27.6,Overcast
2023-05-16 21:00:00+00:00,BOLU,14,21.1015,12.3015,21.800001,10.636766,63.0,79.88315,926.333,18.75,Rain: Moderate
2023-05-17 21:00:00+00:00,BOLU,14,17.1015,10.4015,20.099998,10.182337,65.0,90.13851,924.403,17.32,Rain: Heavy
2023-05-18 21:00:00+00:00,BOLU,14,14.2015,10.8015,13.700002,9.693296,61.0,91.12739,927.7693,9.55,Rain: Slight
2023-05-19 21:00:00+00:00,BOLU,14,16.401499,9.3015,1.4000001,8.699793,51.0,87.01749,928.22833,14.06,Drizzle: Light
2023-05-20 21:00:00+00:00,BOLU,14,18.051498,8.3515,0.8,8.913181,51.0,85.586334,925.9387,20.03,Drizzle: Light
2023-05-21 21:00:00+00:00,BOLU,14,18.801498,10.0515,1.1,7.628263,51.0,83.488594,925.1799,19.56,Drizzle: Light
2023-05-22 21:00:00+00:00,BOLU,14,18.0015,10.9015,10.0,7.491114,63.0,87.801056,926.1704,15.03,Rain: Moderate
2023-05-23 21:00:00+00:00,BOLU,14,17.6015,11.2515,9.6,9.220499,63.0,88.39875,928.8824,13.25,Rain: Moderate
2023-05-24 21:00:00+00:00,BOLU,14,18.1015,10.0515,8.900002,6.1305785,63.0,85.49999,930.3559,20.12,Rain: Moderate
2023-05-25 21:00:00+00:00,BOLU,14,19.2515,10.8015,9.299999,7.42159,63.0,83.77764,929.7398,19.67,Rain: Moderate
2023-05-26 21:00:00+00:00,BOLU,14,20.4515,12.5015,2.3999999,7.7043357,53.0,79.718956,928.5511,21.51,Drizzle: Moderate
2023-05-27 21:00:00+00:00,BOLU,14,19.7015,11.0015,9.9,10.195057,63.0,84.4502,925.7598,21.6,Rain: Moderate
2023-05-28 21:00:00+00:00,BOLU,14,19.7015,12.7015,14.800001,6.9247384,65.0,82.90823,925.6917,17.18,Rain: Heavy
2023-05-29 21:00:00+00:00,BOLU,14,18.3515,12.2015,6.5,8.161764,61.0,86.3728,928.6352,16.52,Rain: Slight
2023-05-30 21:00:00+00:00,BOLU,14,19.8515,10.7015,4.1,10.296251,61.0,83.00089,931.9423,22.27,Rain: Slight
2023-05-31 21:00:00+00:00,BOLU,14,20.651499,9.6515,0.0,9.693296,3.0,70.45414,931.8125,24.5,Overcast
2023-06-01 21:00:00+00:00,BOLU,14,23.301498,12.7515,1.2,7.628263,53.0,73.80189,929.6238,24.98,Drizzle: Moderate
2023-06-02 21:00:00+00:00,BOLU,14,20.0015,12.8515005,18.699999,6.519877,63.0,85.29011,927.5872,16.3,Rain: Moderate
2023-06-03 21:00:00+00:00,BOLU,14,16.2015,14.0515,23.300005,7.69592,63.0,91.64685,931.73883,7.12,Rain: Moderate
2023-06-04 21:00:00+00:00,BOLU,14,18.8515,13.5015,1.2000002,12.984975,51.0,83.69936,934.365,18.71,Drizzle: Light
2023-06-05 21:00:00+00:00,BOLU,14,23.151499,12.2015,0.1,11.384199,51.0,77.913376,934.5795,24.27,Drizzle: Light
2023-06-06 21:00:00+00:00,BOLU,14,24.5015,14.5515,0.6,7.729527,51.0,75.10193,933.1235,26.43,Drizzle: Light
2023-06-07 21:00:00+00:00,BOLU,14,25.6015,14.1515,0.7,7.42159,53.0,73.85082,930.6595,23.49,Drizzle: Moderate
2023-06-08 21:00:00+00:00,BOLU,14,21.6015,15.0515,1.3000001,9.021574,51.0,84.239815,928.20026,17.81,Drizzle: Light
2023-06-09 21:00:00+00:00,BOLU,14,22.9515,14.7515,1.2,5.991594,53.0,81.51002,926.33307,27.81,Drizzle: Moderate
2023-06-10 21:00:00+00:00,BOLU,14,22.2015,13.8515005,0.8000001,7.4128532,53.0,73.3596,925.5776,25.4,Drizzle: Moderate
2023-06-11 21:00:00+00:00,BOLU,14,20.301498,12.2515,3.3999999,11.269782,53.0,84.70725,925.9284,21.04,Drizzle: Moderate
2023-06-12 21:00:00+00:00,BOLU,14,19.8515,14.5015,2.7999995,10.636766,51.0,85.57449,926.30365,20.2,Drizzle: Light
2023-06-13 21:00:00+00:00,BOLU,14,21.151499,12.8015,2.3000002,10.1887,53.0,84.711044,928.7231,20.81,Drizzle: Moderate
2023-06-14 21:00:00+00:00,BOLU,14,23.7515,12.9515,0.0,8.287822,3.0,75.062775,930.7266,28.71,Overcast
2023-06-15 21:00:00+00:00,BOLU,14,26.1015,13.9015,1.7,8.049845,55.0,65.751045,927.4136,24.56,Drizzle: Dense
2023-06-16 21:00:00+00:00,BOLU,14,23.901499,14.3015,15.7,13.896187,63.0,80.90904,922.66327,21.77,Rain: Moderate
2023-06-17 21:00:00+00:00,BOLU,14,21.2515,14.4015,11.700001,7.42159,63.0,84.9055,925.53754,18.35,Rain: Moderate
2023-06-18 21:00:00+00:00,BOLU,14,20.401499,14.0515,4.5000005,13.104198,53.0,87.27991,929.00684,19.86,Drizzle: Moderate
2023-06-19 21:00:00+00:00,BOLU,14,19.1015,14.4015,7.0,10.587917,61.0,89.62304,931.96924,16.28,Rain: Slight
2023-06-20 21:00:00+00:00,BOLU,14,21.2015,13.7515,1.4000001,9.290511,51.0,80.73947,933.57715,24.6,Drizzle: Light
2023-06-21 21:00:00+00:00,BOLU,14,22.401499,11.0515,0.0,9.220499,1.0,73.421005,934.92896,27.06,Mainly clear
2023-06-22 21:00:00+00:00,BOLU,14,24.9515,14.2015,0.0,8.557102,0.0,66.340385,935.0925,30.21,Clear sky
2023-06-23 21:00:00+00:00,BOLU,14,27.3515,12.9515,0.0,7.2359104,0.0,57.30562,933.6088,30.73,Clear sky
2023-06-24 21:00:00+00:00,BOLU,14,27.6015,18.2015,0.0,8.714677,1.0,62.811386,930.1292,29.79,Mainly clear
2023-06-25 21:00:00+00:00,BOLU,14,24.0015,15.3515005,4.7999997,8.534353,63.0,79.22375,927.2771,22.53,Rain: Moderate
2023-06-26 21:00:00+00:00,BOLU,14,23.551498,13.5515,0.6,10.691453,51.0,82.22638,929.47577,24.63,Drizzle: Light
2023-06-27 21:00:00+00:00,BOLU,14,25.0015,14.8515005,3.6,9.028754,55.0,81.791176,929.4802,25.19,Drizzle: Dense
2023-06-28 21:00:00+00:00,BOLU,14,23.1015,12.8015,3.6,15.484185,53.0,82.82447,930.6006,22.42,Drizzle: Moderate
2023-06-29 21:00:00+00:00,BOLU,14,23.2515,13.7015,2.1,8.311245,53.0,75.748146,931.4746,27.6,Drizzle: Moderate
2023-06-30 21:00:00+00:00,BOLU,14,26.3515,13.2515,0.0,8.854829,0.0,64.60993,929.54535,30.85,Clear sky
2023-07-01 21:00:00+00:00,BOLU,14,27.8515,12.5015,0.0,10.594036,2.0,66.01955,928.205,29.66,Partly cloudy
2023-07-02 21:00:00+00:00,BOLU,14,27.7015,20.301498,0.0,8.209263,3.0,61.07359,929.9351,25.4,Overcast
2023-07-03 21:00:00+00:00,BOLU,14,27.901499,18.2015,0.70000005,7.10031,53.0,76.003845,931.91595,26.62,Drizzle: Moderate
2023-07-04 21:00:00+00:00,BOLU,14,29.901499,16.7015,0.0,7.729527,3.0,73.61057,930.3918,26.5,Overcast
2023-07-05 21:00:00+00:00,BOLU,14,29.2515,18.0015,0.9,8.12197,53.0,71.62868,928.66034,25.34,Drizzle: Moderate
2023-07-06 21:00:00+00:00,BOLU,14,27.2515,17.8515,1.5,12.496718,53.0,77.85604,930.27655,25.8,Drizzle: Moderate
2023-07-07 21:00:00+00:00,BOLU,14,23.1015,16.4515,20.699999,10.799999,63.0,91.35087,930.3057,18.51,Rain: Moderate
2023-07-08 21:00:00+00:00,BOLU,14,17.8515,15.3515005,34.300003,14.973576,63.0,95.35282,930.44305,7.53,Rain: Moderate
2023-07-09 21:00:00+00:00,BOLU,14,20.7515,15.4015,10.8,10.1887,61.0,81.89761,934.3406,23.78,Rain: Slight
2023-07-10 21:00:00+00:00,BOLU,14,23.301498,12.0515,0.6,10.703569,51.0,68.07581,935.3477,26.37,Drizzle: Light
2023-07-11 21:00:00+00:00,BOLU,14,26.7015,16.901499,0.0,9.83268,1.0,63.070286,936.5999,27.49,Mainly clear
2023-07-12 21:00:00+00:00,BOLU,14,29.901499,18.2015,0.0,5.6920996,1.0,60.56526,936.6719,30.05,Mainly clear
2023-07-13 21:00:00+00:00,BOLU,14,30.9515,20.1015,0.0,7.42159,0.0,56.369488,934.89233,29.97,Clear sky
2023-07-14 21:00:00+00:00,BOLU,14,27.401499,16.3515,0.0,10.195057,1.0,71.09435,935.4329,28.84,Mainly clear
2023-07-15 21:00:00+00:00,BOLU,14,25.7015,15.0515,0.0,9.0,0.0,66.850334,934.9975,30.02,Clear sky
2023-07-16 21:00:00+00:00,BOLU,14,26.6015,13.9015,0.0,7.628263,1.0,76.23943,934.6027,28.31,Mainly clear
2023-07-17 21:00:00+00:00,BOLU,14,27.2515,16.2515,0.0,8.427383,3.0,75.913536,932.36017,29.0,Overcast
2023-07-18 21:00:00+00:00,BOLU,14,27.301498,15.2515,0.0,11.200571,3.0,65.59885,931.20856,29.61,Overcast
2023-07-19 21:00:00+00:00,BOLU,14,29.651499,17.2015,0.0,6.162207,0.0,62.947872,929.6318,29.04,Clear sky
2023-07-20 21:00:00+00:00,BOLU,14,27.551498,17.8515,0.0,9.3669195,1.0,65.98536,931.59174,27.02,Mainly clear
2023-07-21 21:00:00+00:00,BOLU,14,30.2015,18.5015,0.0,9.0,1.0,65.81843,934.4043,29.49,Mainly clear
2023-07-22 21:00:00+00:00,BOLU,14,31.2015,19.551498,0.5,12.261158,51.0,60.35321,934.16595,26.2,Drizzle: Light
2023-07-23 21:00:00+00:00,BOLU,14,25.5015,16.151499,2.3999999,10.630672,53.0,81.33141,933.1263,22.69,Drizzle: Moderate
2023-07-24 21:00:00+00:00,BOLU,14,27.7015,12.4015,0.0,7.5942082,0.0,51.8078,931.1255,29.77,Clear sky
2023-07-25 21:00:00+00:00,BOLU,14,34.0015,18.401499,0.0,6.439876,0.0,36.392643,928.1778,29.23,Clear sky
2023-07-26 21:00:00+00:00,BOLU,14,33.5515,18.1015,3.1000001,19.008547,55.0,58.563236,925.822,20.53,Drizzle: Dense
2023-07-27 21:00:00+00:00,BOLU,14,23.651499,13.8515005,2.3999996,13.684735,51.0,76.80408,932.44586,23.88,Drizzle: Light
2023-07-28 21:00:00+00:00,BOLU,14,25.7015,13.2515,0.0,8.209263,1.0,68.52532,930.2508,28.93,Mainly clear
2023-07-29 21:00:00+00:00,BOLU,14,25.901499,14.8015,0.0,7.4128532,1.0,65.82206,929.313,28.82,Mainly clear
2023-07-30 21:00:00+00:00,BOLU,14,28.051498,15.0515,0.0,7.8954163,3.0,73.7903,926.9477,27.64,Overcast
2023-07-31 21:00:00+00:00,BOLU,14,27.2515,17.3515,0.0,7.754637,3.0,78.16782,927.8593,23.16,Overcast
2023-08-01 21:00:00+00:00,BOLU,14,29.2515,17.8515,0.0,10.636766,3.0,74.132256,928.82477,26.45,Overcast
2023-08-02 21:00:00+00:00,BOLU,14,30.0015,18.551498,0.0,9.793059,0.0,59.89,931.44696,27.95,Clear sky
2023-08-03 21:00:00+00:00,BOLU,14,31.8515,19.2015,0.0,8.891343,0.0,54.807007,931.60205,28.01,Clear sky
2023-08-04 21:00:00+00:00,BOLU,14,33.6515,16.151499,0.0,9.227524,0.0,55.48821,927.9341,28.24,Clear sky
2023-08-05 21:00:00+00:00,BOLU,14,36.3015,21.151499,0.0,13.608762,1.0,55.305744,925.0058,26.56,Mainly clear
2023-08-06 21:00:00+00:00,BOLU,14,29.5015,18.7515,0.0,9.36,2.0,70.46487,928.9619,26.52,Partly cloudy
2023-08-07 21:00:00+00:00,BOLU,14,28.151499,17.9515,2.7,12.4811535,55.0,74.333374,929.4737,23.08,Drizzle: Dense
2023-08-08 21:00:00+00:00,BOLU,14,24.9515,16.7015,0.5,13.479583,51.0,82.07237,931.7583,13.93,Drizzle: Light
2023-08-09 21:00:00+00:00,BOLU,14,27.5015,17.651499,0.8000001,9.47012,51.0,82.36793,931.09937,17.3,Drizzle: Light
2023-08-10 21:00:00+00:00,BOLU,14,22.7015,17.551498,7.8999996,9.107359,53.0,87.94286,933.23584,13.35,Drizzle: Moderate
2023-08-11 21:00:00+00:00,BOLU,14,25.7515,16.651499,0.0,12.768586,3.0,80.351845,934.6402,17.96,Overcast
2023-08-12 21:00:00+00:00,BOLU,14,31.2515,16.2515,0.0,7.729527,2.0,78.93618,933.11426,25.11,Partly cloudy
2023-08-13 21:00:00+00:00,BOLU,14,37.5515,17.651499,0.0,13.1041975,3.0,65.672104,932.7773,23.66,Overcast
2023-08-14 21:00:00+00:00,BOLU,14,39.7515,20.4515,0.0,10.182337,3.0,48.48068,932.0552,24.21,Overcast
2023-08-15 21:00:00+00:00,BOLU,14,35.4515,23.7015,0.0,6.489992,1.0,49.74492,931.22687,24.36,Mainly clear
2023-08-16 21:00:00+00:00,BOLU,14,34.851498,23.151499,0.0,6.792466,0.0,53.375675,930.5402,25.74,Clear sky
2023-08-17 21:00:00+00:00,BOLU,14,34.8015,21.051498,0.0,7.42159,0.0,54.411465,931.42596,25.99,Clear sky
2023-08-18 21:00:00+00:00,BOLU,14,34.5015,20.3515,0.0,8.287822,0.0,52.134594,931.4615,25.84,Clear sky
2023-08-19 21:00:00+00:00,BOLU,14,30.151499,18.8515,0.0,9.746631,1.0,64.4672,931.58746,25.15,Mainly clear
2023-08-20 21:00:00+00:00,BOLU,14,30.4515,18.301498,0.0,13.237038,0.0,54.713287,932.47394,25.71,Clear sky
2023-08-21 21:00:00+00:00,BOLU,14,31.4515,17.3515,0.0,13.493999,0.0,46.49178,934.05743,26.05,Clear sky
2023-08-22 21:00:00+00:00,BOLU,14,32.3515,19.651499,0.0,8.287822,1.0,44.06064,933.80664,25.02,Mainly clear
2023-08-23 21:00:00+00:00,BOLU,14,30.3515,19.551498,0.0,8.766573,3.0,53.638046,932.6892,25.11,Overcast
2023-08-24 21:00:00+00:00,BOLU,14,30.801498,17.3515,0.0,10.464798,3.0,62.55337,932.50946,24.11,Overcast
2023-08-25 21:00:00+00:00,BOLU,14,31.551498,19.7015,0.0,9.531505,0.0,46.919567,931.90216,23.66,Clear sky
2023-08-26 21:00:00+00:00,BOLU,14,30.9515,18.9515,0.0,8.78872,1.0,49.331463,928.40674,22.95,Mainly clear
2023-08-27 21:00:00+00:00,BOLU,14,28.3515,16.4515,0.0,11.720751,3.0,70.75149,927.18524,22.9,Overcast
2023-08-28 21:00:00+00:00,BOLU,14,30.651499,16.0015,0.0,8.707237,0.0,53.068104,926.36163,22.71,Clear sky
2023-08-29 21:00:00+00:00,BOLU,14,34.2015,15.7015,0.0,13.363711,3.0,50.16202,926.25977,24.25,Overcast
2023-08-30 21:00:00+00:00,BOLU,14,32.0515,20.2515,0.0,12.10157,3.0,63.04352,930.9195,21.1,Overcast
2023-08-31 21:00:00+00:00,BOLU,14,26.551498,17.2515,1.9,9.793059,55.0,66.607735,933.6223,20.44,Drizzle: Dense
2023-09-01 21:00:00+00:00,BOLU,14,26.7015,16.5515,0.8,13.246826,53.0,71.46508,934.4282,18.98,Drizzle: Moderate
2023-09-02 21:00:00+00:00,BOLU,14,24.8515,17.9515,1.9000002,10.990322,51.0,78.46546,933.08057,16.12,Drizzle: Light
2023-09-03 21:00:00+00:00,BOLU,14,24.7015,16.3015,0.2,8.714677,51.0,73.662445,929.4821,17.23,Drizzle: Light
2023-09-04 21:00:00+00:00,BOLU,14,26.2015,14.9515,1.7,8.217153,61.0,73.10509,929.9934,16.14,Rain: Slight
2023-09-05 21:00:00+00:00,BOLU,14,26.9515,18.7515,0.2,9.220499,51.0,76.02477,934.03125,16.3,Drizzle: Light
2023-09-06 21:00:00+00:00,BOLU,14,27.8515,18.2515,0.0,8.759178,3.0,74.21869,934.5972,19.47,Overcast
2023-09-07 21:00:00+00:00,BOLU,14,23.801498,16.901499,0.0,8.209263,3.0,73.27376,933.389,13.23,Overcast
2023-09-08 21:00:00+00:00,BOLU,14,26.1015,12.6015005,0.0,11.885453,3.0,70.12601,932.55475,20.11,Overcast
2023-09-09 21:00:00+00:00,BOLU,14,25.0015,11.7515,0.0,8.825508,3.0,52.866077,932.30597,22.76,Overcast
2023-09-10 21:00:00+00:00,BOLU,14,24.2015,12.1515,0.0,11.923557,2.0,66.568886,931.6919,22.18,Partly cloudy
2023-09-11 21:00:00+00:00,BOLU,14,23.5015,11.2015,0.0,11.620809,0.0,57.710094,933.0181,22.06,Clear sky
2023-09-12 21:00:00+00:00,BOLU,14,25.5015,13.4515,0.0,10.1376915,1.0,50.154495,934.7745,22.38,Mainly clear
2023-09-13 21:00:00+00:00,BOLU,14,26.551498,14.2515,0.0,8.557102,0.0,40.545807,934.2585,22.66,Clear sky
2023-09-14 21:00:00+00:00,BOLU,14,26.8515,16.2515,0.0,9.531505,2.0,42.51883,934.446,22.28,Partly cloudy
2023-09-15 21:00:00+00:00,BOLU,14,26.6015,14.4515,0.0,10.630672,3.0,49.583084,935.1469,21.52,Overcast
2023-09-16 21:00:00+00:00,BOLU,14,25.401499,13.6015005,0.0,11.013882,3.0,61.853436,934.9621,20.61,Overcast
2023-09-17 21:00:00+00:00,BOLU,14,24.6015,12.6015005,0.0,10.464797,3.0,63.641674,933.5192,20.07,Overcast
2023-09-18 21:00:00+00:00,BOLU,14,26.7515,13.2515,0.0,7.5170207,0.0,53.51382,932.43463,21.77,Clear sky
2023-09-19 21:00:00+00:00,BOLU,14,25.4515,11.9515,0.0,8.427383,1.0,65.08626,933.22235,21.47,Mainly clear
2023-09-20 21:00:00+00:00,BOLU,14,26.7015,10.8015,0.0,9.290511,3.0,69.05532,933.6474,20.79,Overcast
2023-09-21 21:00:00+00:00,BOLU,14,27.5015,16.0015,0.0,10.464797,3.0,51.066822,935.0254,20.16,Overcast
2023-09-22 21:00:00+00:00,BOLU,14,28.7515,16.8515,0.0,11.525623,0.0,39.237648,935.6242,20.11,Clear sky
2023-09-23 21:00:00+00:00,BOLU,14,29.5015,16.4515,0.0,7.8625183,0.0,46.056335,933.2994,19.83,Clear sky
2023-09-24 21:00:00+00:00,BOLU,14,30.7515,16.4515,0.0,8.473393,3.0,51.347992,932.4288,19.76,Overcast
2023-09-25 21:00:00+00:00,BOLU,14,28.301498,17.2515,0.0,8.854829,3.0,62.995575,931.9505,19.39,Overcast
2023-09-26 21:00:00+00:00,BOLU,14,28.6015,15.2515,0.0,11.113451,3.0,63.762684,931.95184,18.6,Overcast
2023-09-27 21:00:00+00:00,BOLU,14,25.7015,14.1515,0.6,9.387651,51.0,66.41783,932.5119,13.35,Drizzle: Light
2023-09-28 21:00:00+00:00,BOLU,14,22.801498,15.1515,4.2,10.08,63.0,76.49388,933.7383,16.04,Rain: Moderate
2023-09-29 21:00:00+00:00,BOLU,14,22.301498,12.6515,1.5,6.989936,53.0,83.635864,931.7842,13.55,Drizzle: Moderate
2023-09-30 21:00:00+00:00,BOLU,14,19.1015,13.1015005,2.5000002,11.542478,53.0,86.25946,929.5998,11.27,Drizzle: Moderate
2023-10-01 21:00:00+00:00,BOLU,14,17.901499,13.8015,10.200002,6.489992,61.0,85.82598,933.7119,9.44,Rain: Slight
2023-10-02 21:00:00+00:00,BOLU,14,17.3515,9.4515,1.5000002,7.8954163,51.0,79.95196,938.5261,11.73,Drizzle: Light
2023-10-03 21:00:00+00:00,BOLU,14,20.401499,8.2015,0.0,7.729527,0.0,67.72942,938.3379,18.46,Clear sky
2023-10-04 21:00:00+00:00,BOLU,14,22.2015,8.3015,0.0,6.2145634,3.0,61.158707,938.261,18.04,Overcast
2023-10-05 21:00:00+00:00,BOLU,14,21.5015,9.3515,0.0,8.217153,3.0,65.2524,936.7019,17.29,Overcast
2023-10-06 21:00:00+00:00,BOLU,14,22.301498,9.3015,0.0,8.404285,3.0,70.26774,937.4671,16.8,Overcast
2023-10-07 21:00:00+00:00,BOLU,14,23.901499,11.8015,0.0,11.269782,0.0,64.48548,933.43024,17.53,Clear sky
2023-10-08 21:00:00+00:00,BOLU,14,15.0515,8.8015,6.0999994,8.78872,55.0,81.23092,935.09015,7.79,Drizzle: Dense
2023-10-09 21:00:00+00:00,BOLU,14,16.9515,6.3015003,0.3,11.165805,51.0,77.72915,934.67535,15.18,Drizzle: Light
2023-10-10 21:00:00+00:00,BOLU,14,16.7015,8.4515,0.7,11.885453,51.0,83.39739,938.363,12.55,Drizzle: Light
2023-10-11 21:00:00+00:00,BOLU,14,20.3515,7.3015003,0.0,5.771239,0.0,63.70154,937.7386,16.9,Clear sky
2023-10-12 21:00:00+00:00,BOLU,14,21.8515,6.1015,0.0,7.491114,0.0,57.657597,936.3103,16.9,Clear sky
2023-10-13 21:00:00+00:00,BOLU,14,22.901499,9.2515,0.0,7.9036193,3.0,59.251125,933.23834,16.09,Overcast
2023-10-14 21:00:00+00:00,BOLU,14,22.5015,8.6015,0.0,9.6932955,1.0,53.854015,928.1972,15.29,Mainly clear
2023-10-15 21:00:00+00:00,BOLU,14,18.1015,9.7515,6.1,17.015474,61.0,74.85392,930.2625,10.64,Rain: Slight
2023-10-16 21:00:00+00:00,BOLU,14,17.3515,8.5515,0.0,11.609651,3.0,81.97774,934.29083,9.76,Overcast
2023-10-17 21:00:00+00:00,BOLU,14,12.4515,9.9515,7.3999987,9.028754,61.0,92.63555,930.2173,3.22,Rain: Slight
2023-10-18 21:00:00+00:00,BOLU,14,17.551498,7.2515,0.0,8.766573,3.0,79.51978,932.1643,12.71,Overcast
2023-10-19 21:00:00+00:00,BOLU,14,22.0015,7.2015,0.0,10.296251,0.0,64.74407,931.4558,15.13,Clear sky
2023-10-20 21:00:00+00:00,BOLU,14,25.0015,12.5515,0.0,6.87779,1.0,52.05925,935.3157,14.67,Mainly clear
2023-10-21 21:00:00+00:00,BOLU,14,26.8515,17.2515,0.0,5.8603754,3.0,37.909603,936.7993,14.5,Overcast
2023-10-22 21:00:00+00:00,BOLU,14,25.551498,16.2515,0.0,5.8603754,3.0,45.086376,935.6689,14.35,Overcast
2023-10-23 21:00:00+00:00,BOLU,14,22.551498,15.5515,0.0,7.072878,3.0,53.891582,933.8422,13.99,Overcast
2023-10-24 21:00:00+00:00,BOLU,14,23.6015,10.4515,0.0,13.044722,3.0,53.473846,929.93774,12.94,Overcast
2023-10-25 21:00:00+00:00,BOLU,14,22.801498,13.8015,2.2,14.386494,61.0,58.95187,929.2927,9.33,Rain: Slight
2023-10-26 21:00:00+00:00,BOLU,14,23.7015,14.3515005,0.0,16.075521,3.0,55.46224,927.7871,12.42,Overcast
2023-10-27 21:00:00+00:00,BOLU,14,23.5015,12.8515005,0.0,13.004921,3.0,63.56126,928.8838,12.12,Overcast
2023-10-28 21:00:00+00:00,BOLU,14,21.7015,13.1515,0.1,7.6367526,51.0,71.79086,933.6875,10.45,Drizzle: Light
2023-10-29 21:00:00+00:00,BOLU,14,24.151499,13.3015,0.0,8.699793,3.0,71.444374,935.59515,12.06,Overcast
2023-10-30 21:00:00+00:00,BOLU,14,25.151499,10.0515,0.0,8.435069,3.0,62.740738,933.58,12.92,Overcast
2023-10-31 21:00:00+00:00,BOLU,14,22.151499,12.0515,0.0,12.313893,3.0,64.47123,932.1586,10.05,Overcast
2023-11-01 21:00:00+00:00,BOLU,14,19.9515,9.1015,1.9000001,11.592894,61.0,73.368904,928.3392,5.91,Rain: Slight
2023-11-02 21:00:00+00:00,BOLU,14,20.401499,11.3015,0.0,16.595179,3.0,71.603355,927.79565,10.3,Overcast
2023-11-03 21:00:00+00:00,BOLU,14,24.051498,12.2015,0.0,10.24578,3.0,59.030422,927.394,11.15,Overcast
2023-11-04 21:00:00+00:00,BOLU,14,21.651499,11.2515,0.0,21.758419,3.0,59.788406,926.76117,9.84,Overcast
2023-11-05 21:00:00+00:00,BOLU,14,19.1015,11.2515,0.70000005,16.09969,51.0,77.32726,931.1005,9.44,Drizzle: Light
2023-11-06 21:00:00+00:00,BOLU,14,20.2015,10.2015,1.3000001,8.39657,53.0,76.010155,937.02386,8.5,Drizzle: Moderate
2023-11-07 21:00:00+00:00,BOLU,14,21.551498,8.3015,0.0,9.931042,3.0,65.544846,933.8736,11.17,Overcast
2023-11-08 21:00:00+00:00,BOLU,14,12.6015005,8.3015,3.9999998,9.47012,53.0,85.70533,933.4941,2.43,Drizzle: Moderate
2023-11-09 21:00:00+00:00,BOLU,14,17.4515,4.2515,0.0,11.435313,3.0,78.684906,934.06793,10.41,Overcast
2023-11-10 21:00:00+00:00,BOLU,14,20.0015,10.8515005,0.0,19.917469,3.0,55.29344,929.446,8.18,Overcast
2023-11-11 21:00:00+00:00,BOLU,14,17.3515,9.6515,8.199999,16.746773,63.0,80.980034,929.4643,4.29,Rain: Moderate
2023-11-12 21:00:00+00:00,BOLU,14,15.5015,10.7015,19.2,12.245294,63.0,82.26132,929.5747,3.16,Rain: Moderate
2023-11-13 21:00:00+00:00,BOLU,14,13.6515,7.4015,5.2,12.24,55.0,75.60423,932.4998,9.17,Drizzle: Dense
2023-11-14 21:00:00+00:00,BOLU,14,17.401499,6.0515003,0.0,9.726664,3.0,64.96537,928.3516,10.46,Overcast
2023-11-15 21:00:00+00:00,BOLU,14,10.7015,7.1015,12.300001,14.799459,63.0,88.946106,930.2187,2.29,Rain: Moderate
2023-11-16 21:00:00+00:00,BOLU,14,11.7015,1.9015,0.0,6.924738,3.0,74.64742,931.6936,6.19,Overcast
2023-11-17 21:00:00+00:00,BOLU,14,13.6515,3.7015,22.4,25.006397,63.0,74.35049,918.86005,3.19,Rain: Moderate
2023-11-18 21:00:00+00:00,BOLU,14,3.6015,0.7515,54.800003,25.603062,75.0,91.96755,919.60736,1.92,Snow fall: Heavy
2023-11-19 21:00:00+00:00,BOLU,14,4.0015,1.1515,8.100001,10.829959,75.0,89.13053,928.14154,5.46,Snow fall: Heavy
2023-11-20 21:00:00+00:00,BOLU,14,8.6015,0.0015000105,0.0,8.049845,3.0,83.884834,930.63135,10.44,Overcast
2023-11-21 21:00:00+00:00,BOLU,14,15.3015,3.9015002,0.1,8.699793,51.0,69.26446,930.76733,9.96,Drizzle: Light
2023-11-22 21:00:00+00:00,BOLU,14,12.0015,6.4015,0.4,8.707238,51.0,88.44425,933.457,3.73,Drizzle: Light
2023-11-23 21:00:00+00:00,BOLU,14,14.2015,5.3515,0.1,11.480557,51.0,86.577446,924.94,5.69,Drizzle: Light
2023-11-24 21:00:00+00:00,BOLU,14,13.4515,7.3515,0.70000005,16.09969,51.0,74.83074,914.3847,4.11,Drizzle: Light
2023-11-25 21:00:00+00:00,BOLU,14,13.3015,-1.6985,21.699999,32.407997,75.0,79.63575,909.31244,2.31,Snow fall: Heavy
2023-11-26 21:00:00+00:00,BOLU,14,1.3515,-2.0984998,4.1,17.106628,73.0,76.78425,927.7275,8.11,Snow fall: Moderate
2023-11-27 21:00:00+00:00,BOLU,14,6.6015,-3.8484998,5.4,10.739833,75.0,63.467686,929.0884,9.84,Snow fall: Heavy
2023-11-28 21:00:00+00:00,BOLU,14,11.2515,6.0515003,25.300003,24.627787,73.0,74.37179,923.85785,2.42,Snow fall: Moderate
2023-11-29 21:00:00+00:00,BOLU,14,13.8515005,7.5015,13.5,13.53236,63.0,82.07896,931.3575,6.98,Rain: Moderate
2023-11-30 21:00:00+00:00,BOLU,14,15.1015005,7.3015003,0.0,14.33234,3.0,75.86714,932.70746,7.56,Overcast
2023-12-01 21:00:00+00:00,BOLU,14,17.2015,9.2015,0.0,9.693296,3.0,69.62864,931.23175,9.49,Overcast
2023-12-02 21:00:00+00:00,BOLU,14,18.1015,9.6015005,0.0,8.891343,3.0,61.00649,931.2255,8.58,Overcast
2023-12-03 21:00:00+00:00,BOLU,14,14.8515005,5.7515,0.4,10.390226,51.0,80.3784,933.5031,8.28,Drizzle: Light
2023-12-04 21:00:00+00:00,BOLU,14,14.4015,3.4515,0.0,8.913181,3.0,86.51059,932.51587,8.05,Overcast
2023-12-05 21:00:00+00:00,BOLU,14,14.0515,1.6015,0.0,5.8048253,3.0,78.85581,926.0024,8.41,Overcast
2023-12-06 21:00:00+00:00,BOLU,14,12.3515005,7.8015003,0.4,10.587918,51.0,74.44796,927.4062,5.52,Drizzle: Light
2023-12-07 21:00:00+00:00,BOLU,14,9.2015,6.2015,12.299999,5.904439,61.0,92.06037,925.7732,1.51,Rain: Slight
2023-12-08 21:00:00+00:00,BOLU,14,8.0015,5.5515003,26.9,12.413476,63.0,95.50048,925.03925,1.05,Rain: Moderate
2023-12-09 21:00:00+00:00,BOLU,14,9.5515,3.2515001,1.9000002,13.32,53.0,85.25687,931.8967,8.11,Drizzle: Moderate
2023-12-10 21:00:00+00:00,BOLU,14,10.9015,3.7515001,0.1,6.489992,51.0,77.91056,930.1131,5.08,Drizzle: Light
2023-12-11 21:00:00+00:00,BOLU,14,10.3515005,4.4015,2.6999998,10.495713,55.0,86.246826,929.3061,5.78,Drizzle: Dense
2023-12-12 21:00:00+00:00,BOLU,14,10.2515,3.8515,0.3,8.161764,51.0,76.04381,930.5119,8.0,Drizzle: Light
2023-12-13 21:00:00+00:00,BOLU,14,14.9015,5.1015,0.0,9.178235,3.0,60.14034,929.08203,8.84,Overcast
2023-12-14 21:00:00+00:00,BOLU,14,16.651499,5.2515,0.0,8.78872,3.0,62.545822,932.0632,7.05,Overcast
2023-12-15 21:00:00+00:00,BOLU,14,12.5015,3.0015001,6.1000004,10.661107,61.0,88.72233,934.92535,5.19,Rain: Slight
2023-12-16 21:00:00+00:00,BOLU,14,4.4015,1.0515001,2.9999998,7.8954163,73.0,84.64148,945.8308,3.54,Snow fall: Moderate
2023-12-17 21:00:00+00:00,BOLU,14,8.0515,0.30149996,0.0,9.220499,0.0,64.9943,943.7747,8.87,Clear sky
2023-12-18 21:00:00+00:00,BOLU,14,11.6515,3.4015,0.0,6.9247384,1.0,58.773388,939.448,8.91,Mainly clear
2023-12-19 21:00:00+00:00,BOLU,14,13.8515005,-0.04849994,0.0,7.729527,0.0,54.239853,932.0284,8.96,Clear sky
2023-12-20 21:00:00+00:00,BOLU,14,11.9515,3.5514998,0.3,5.634891,51.0,64.923775,924.1255,5.76,Drizzle: Light
2023-12-21 21:00:00+00:00,BOLU,14,9.1015,5.1515,4.9999995,13.217443,61.0,82.42736,915.72925,4.08,Rain: Slight
2023-12-22 21:00:00+00:00,BOLU,14,9.0515,3.1015,19.9,21.461555,75.0,81.86514,918.58966,6.59,Snow fall: Heavy
2023-12-23 21:00:00+00:00,BOLU,14,5.6515,2.6015,11.900001,23.97989,73.0,89.8543,925.61224,1.32,Snow fall: Moderate
2023-12-24 21:00:00+00:00,BOLU,14,12.7515,2.7015,0.0,11.792404,3.0,76.98672,930.93896,6.58,Overcast
2023-12-25 21:00:00+00:00,BOLU,14,16.0515,4.0515,0.0,9.779817,0.0,67.74119,934.84863,8.69,Clear sky
2023-12-26 21:00:00+00:00,BOLU,14,12.1515,4.7515,0.1,10.182337,51.0,74.076706,936.11676,7.14,Drizzle: Light
2023-12-27 21:00:00+00:00,BOLU,14,11.6515,0.85150003,0.0,7.5599995,3.0,78.48235,940.68646,8.76,Overcast
2023-12-28 21:00:00+00:00,BOLU,14,13.0515,1.1515,0.0,7.289445,3.0,60.647175,936.4778,9.14,Overcast
2023-12-29 21:00:00+00:00,BOLU,14,13.0515,2.6015,0.0,8.28,3.0,57.378895,934.9484,8.98,Overcast
2023-12-30 21:00:00+00:00,BOLU,14,11.7015,2.7015,0.0,6.725354,3.0,74.41986,935.08405,7.61,Overcast
2023-12-31 21:00:00+00:00,BOLU,14,12.5015,0.2515,0.0,7.5942082,3.0,75.80683,932.62665,8.56,Overcast
2024-01-01 21:00:00+00:00,BOLU,14,11.0015,5.0515,9.599999,7.8954163,61.0,80.270615,930.24384,4.1,Rain: Slight
2024-01-02 21:00:00+00:00,BOLU,14,11.6015005,6.6015,1.5,13.891522,53.0,82.219246,928.9426,5.87,Drizzle: Moderate
2024-01-03 21:00:00+00:00,BOLU,14,12.1515,5.5015,3.5,16.055355,53.0,80.11408,925.9687,6.83,Drizzle: Moderate
2024-01-04 21:00:00+00:00,BOLU,14,9.2015,2.7015,9.6,17.873556,61.0,81.26361,930.1739,7.14,Rain: Slight
2024-01-05 21:00:00+00:00,BOLU,14,13.8515005,-0.39849997,0.0,6.193674,3.0,53.875477,932.75116,8.51,Overcast
2024-01-06 21:00:00+00:00,BOLU,14,14.2015,1.7515,14.200001,15.856356,63.0,65.79328,924.3091,6.78,Rain: Moderate
2024-01-07 21:00:00+00:00,BOLU,14,10.9515,4.3015,0.5,17.906157,51.0,79.55124,923.8247,5.57,Drizzle: Light
2024-01-08 21:00:00+00:00,BOLU,14,6.5015,2.3015,3.1000001,12.096214,73.0,91.965096,928.80475,2.97,Snow fall: Moderate
2024-01-09 21:00:00+00:00,BOLU,14,2.7015,0.35150003,7.600001,4.510787,73.0,93.510864,932.37823,1.72,Snow fall: Moderate
2024-01-10 21:00:00+00:00,BOLU,14,2.9515,-1.9985,0.3,5.4477882,71.0,89.78005,933.41406,6.71,Snow fall: Slight
2024-01-11 21:00:00+00:00,BOLU,14,0.2515,-4.2485,5.2,11.165805,73.0,86.79368,927.7209,3.33,Snow fall: Moderate
2024-01-12 21:00:00+00:00,BOLU,14,-0.8985001,-6.4484997,2.1999998,6.379216,73.0,73.77151,930.3558,5.98,Snow fall: Moderate
2024-01-13 21:00:00+00:00,BOLU,14,4.1515,-7.3485003,0.0,9.659814,3.0,58.880276,928.3453,10.51,Overcast
2024-01-14 21:00:00+00:00,BOLU,14,7.2015,-1.6485001,0.0,18.1041,3.0,57.831253,927.383,9.77,Overcast
2024-01-15 21:00:00+00:00,BOLU,14,7.6515,1.6515,22.0,16.62249,73.0,84.762794,924.2845,1.92,Snow fall: Moderate
2024-01-16 21:00:00+00:00,BOLU,14,11.1515,0.5515,0.0,9.220499,3.0,86.49064,931.7214,9.59,Overcast
2024-01-17 21:00:00+00:00,BOLU,14,11.2015,1.9015,3.7,12.55879,63.0,74.95251,929.8913,7.31,Rain: Moderate
2024-01-18 21:00:00+00:00,BOLU,14,12.3515005,6.5515003,3.0999997,16.434305,53.0,78.391426,926.9084,6.12,Drizzle: Moderate
2024-01-19 21:00:00+00:00,BOLU,14,12.7015,3.2515001,3.8999999,9.19939,73.0,82.45597,929.8823,6.33,Snow fall: Moderate
2024-01-20 21:00:00+00:00,BOLU,14,2.8515,-0.04849994,9.600004,9.1641035,75.0,88.80544,936.873,3.34,Snow fall: Heavy
2024-01-21 21:00:00+00:00,BOLU,14,2.7015,-4.7985,0.1,12.7279215,51.0,78.79819,941.8106,8.99,Drizzle: Light
2024-01-22 21:00:00+00:00,BOLU,14,7.3515,-5.2485,0.0,6.130579,0.0,45.979137,936.894,11.28,Clear sky
2024-01-23 21:00:00+00:00,BOLU,14,6.5515003,-2.0984998,0.0,8.534353,2.0,57.890656,936.1717,11.18,Partly cloudy
2024-01-24 21:00:00+00:00,BOLU,14,6.0515003,-3.8484998,0.70000005,13.493999,73.0,68.46839,930.898,5.21,Snow fall: Moderate
2024-01-25 21:00:00+00:00,BOLU,14,2.8014998,0.30149996,12.099998,12.224107,75.0,90.054535,930.2077,3.39,Snow fall: Heavy
2024-01-26 21:00:00+00:00,BOLU,14,1.6015,-0.9985,10.0,11.966954,75.0,86.90568,932.5783,6.02,Snow fall: Heavy
2024-01-27 21:00:00+00:00,BOLU,14,0.2515,-1.8484999,9.6,11.966953,75.0,92.01959,936.07733,3.83,Snow fall: Heavy
2024-01-28 21:00:00+00:00,BOLU,14,1.7515,-2.1485,0.1,6.28713,71.0,85.7457,940.1653,9.63,Snow fall: Slight
2024-01-29 21:00:00+00:00,BOLU,14,4.1515,-4.9985,0.0,13.755579,3.0,76.10302,941.0452,10.29,Overcast
2024-01-30 21:00:00+00:00,BOLU,14,6.1015,-5.1485,0.0,6.379216,3.0,74.252014,940.43207,11.81,Overcast
2024-01-31 21:00:00+00:00,BOLU,14,7.5015,-3.5984998,0.0,5.95906,2.0,68.26978,937.59375,11.94,Partly cloudy
2024-02-01 21:00:00+00:00,BOLU,14,7.0015,-1.6985,0.1,10.315115,71.0,59.46874,933.1629,11.78,Snow fall: Slight
2024-02-02 21:00:00+00:00,BOLU,14,5.4015,-0.8985001,2.9,10.538843,73.0,84.51138,935.2087,6.76,Snow fall: Moderate
2024-02-03 21:00:00+00:00,BOLU,14,7.0015,-2.7484999,0.70000005,11.542478,51.0,75.99943,933.03107,5.64,Drizzle: Light
2024-02-04 21:00:00+00:00,BOLU,14,8.3015,2.5514998,2.3000002,14.904173,53.0,82.243095,931.3123,5.76,Drizzle: Moderate
2024-02-05 21:00:00+00:00,BOLU,14,12.7015,3.6515002,0.0,18.72346,3.0,74.98039,932.88055,12.39,Overcast
2024-02-06 21:00:00+00:00,BOLU,14,15.6515,5.0015,0.0,10.799999,3.0,56.44957,930.4487,12.92,Overcast
2024-02-07 21:00:00+00:00,BOLU,14,13.7015,4.6515,0.0,17.654688,3.0,69.99921,928.85675,10.66,Overcast
2024-02-08 21:00:00+00:00,BOLU,14,14.0515,3.9515,0.0,11.770403,3.0,71.16262,928.0253,12.93,Overcast
2024-02-09 21:00:00+00:00,BOLU,14,14.4015,4.9515,0.0,10.829958,3.0,60.747574,929.4004,12.73,Overcast
2024-02-10 21:00:00+00:00,BOLU,14,15.1015005,6.0015,0.0,11.043261,3.0,61.13979,931.17084,11.34,Overcast
2024-02-11 21:00:00+00:00,BOLU,14,15.9515,3.9515,1.2,11.525623,51.0,66.218605,927.57324,9.1,Drizzle: Light
2024-02-12 21:00:00+00:00,BOLU,14,12.9515,5.0015,3.8000002,10.144082,55.0,73.23166,923.4068,7.72,Drizzle: Dense
2024-02-13 21:00:00+00:00,BOLU,14,7.8515,4.6015,3.8000004,6.9247384,51.0,91.53525,925.0335,2.19,Drizzle: Light
2024-02-14 21:00:00+00:00,BOLU,14,7.1515,4.2515,7.999999,10.086427,71.0,94.07156,927.9363,3.03,Snow fall: Slight
2024-02-15 21:00:00+00:00,BOLU,14,8.4515,3.0015001,0.2,7.5170207,51.0,84.45476,932.2593,8.09,Drizzle: Light
2024-02-16 21:00:00+00:00,BOLU,14,5.1515,3.1515,6.5,7.5685663,53.0,95.404175,936.12384,2.62,Drizzle: Moderate
2024-02-17 21:00:00+00:00,BOLU,14,4.3015,2.1515,3.8000002,7.5170207,71.0,93.404625,938.9913,3.6,Snow fall: Slight
2024-02-18 21:00:00+00:00,BOLU,14,6.5015,1.7515,0.6,6.0347,71.0,82.72611,937.7612,7.79,Snow fall: Slight
2024-02-19 21:00:00+00:00,BOLU,14,9.4015,0.5515,0.1,11.570515,51.0,82.67336,935.6071,12.75,Drizzle: Light
2024-02-20 21:00:00+00:00,BOLU,14,9.9015,-0.4985,0.5,13.627795,51.0,87.656006,935.53864,9.3,Drizzle: Light
2024-02-21 21:00:00+00:00,BOLU,14,8.7015,-2.1985002,0.0,6.379216,3.0,73.81443,935.481,13.42,Overcast
2024-02-22 21:00:00+00:00,BOLU,14,12.0515,-2.3985,0.0,13.570615,2.0,63.906216,933.4507,15.94,Partly cloudy
2024-02-23 21:00:00+00:00,BOLU,14,15.0515,-0.44850004,0.0,8.4042845,2.0,70.73769,934.7641,15.38,Partly cloudy
2024-02-24 21:00:00+00:00,BOLU,14,15.8515005,2.7015,0.0,7.2359104,3.0,61.378616,934.48126,15.35,Overcast
2024-02-25 21:00:00+00:00,BOLU,14,15.0015,0.4015,0.0,7.2,3.0,67.30054,927.4101,11.1,Overcast
2024-02-26 21:00:00+00:00,BOLU,14,15.4015,4.4015,0.0,7.24486,3.0,64.278786,931.77216,14.18,Overcast
2024-02-27 21:00:00+00:00,BOLU,14,17.2015,1.3015,0.0,8.78872,3.0,66.273735,936.1887,15.03,Overcast
2024-02-28 21:00:00+00:00,BOLU,14,18.401499,4.0015,0.0,10.594036,3.0,58.642853,936.9165,16.08,Overcast
2024-02-29 21:00:00+00:00,BOLU,14,17.8515,1.0515001,0.0,6.5693827,3.0,65.693016,930.8425,11.25,Overcast
2024-03-01 21:00:00+00:00,BOLU,14,15.0015,2.0515,3.5,12.904882,61.0,70.50054,925.6248,12.95,Rain: Slight
2024-03-02 21:00:00+00:00,BOLU,14,11.7015,5.0015,0.70000005,9.36,51.0,79.44994,928.0335,14.32,Drizzle: Light
2024-03-03 21:00:00+00:00,BOLU,14,11.9515,3.9015002,0.0,9.746631,3.0,79.781944,929.26483,14.12,Overcast
2024-03-04 21:00:00+00:00,BOLU,14,15.0015,-0.29849994,9.200001,13.441071,63.0,74.69187,924.28107,11.17,Rain: Moderate
2024-03-05 21:00:00+00:00,BOLU,14,5.9015,2.7515001,8.1,12.287555,55.0,95.50155,926.99994,3.12,Drizzle: Dense
2024-03-06 21:00:00+00:00,BOLU,14,9.6015005,2.6015,0.4,10.028439,51.0,82.530945,931.1728,11.02,Drizzle: Light
2024-03-07 21:00:00+00:00,BOLU,14,12.0515,0.15149999,10.8,11.304229,75.0,75.38254,928.58295,13.61,Snow fall: Heavy
2024-03-08 21:00:00+00:00,BOLU,14,5.5515003,2.3015,9.5,8.0899935,75.0,91.09237,932.09863,7.75,Snow fall: Heavy
2024-03-09 21:00:00+00:00,BOLU,14,10.4015,-1.2985,0.0,9.9571085,3.0,74.92143,933.69464,18.9,Overcast
2024-03-10 21:00:00+00:00,BOLU,14,15.0515,0.5015,0.0,8.587338,3.0,57.970387,934.698,17.18,Overcast
2024-03-11 21:00:00+00:00,BOLU,14,17.0515,0.15149999,0.0,15.141414,3.0,63.98466,929.83344,17.11,Overcast
2024-03-12 21:00:00+00:00,BOLU,14,15.1015005,5.0015,1.1,18.089775,51.0,72.17806,926.51263,15.7,Drizzle: Light
2024-03-13 21:00:00+00:00,BOLU,14,12.0015,3.4015,1.1,10.661107,51.0,80.3915,928.2182,15.07,Drizzle: Light
2024-03-14 21:00:00+00:00,BOLU,14,10.3515005,2.5514998,2.2,10.1376915,61.0,82.908714,929.8471,10.92,Rain: Slight
2024-03-15 21:00:00+00:00,BOLU,14,8.1515,1.4015,0.5,7.289445,51.0,85.167786,933.2912,8.73,Drizzle: Light
2024-03-16 21:00:00+00:00,BOLU,14,12.2015,-0.14849997,0.0,8.427383,3.0,73.260056,932.55524,17.61,Overcast
2024-03-17 21:00:00+00:00,BOLU,14,12.9515,1.3015,0.0,9.904906,3.0,75.41349,928.5656,18.4,Overcast
2024-03-18 21:00:00+00:00,BOLU,14,12.8515005,0.35150003,0.0,8.942214,3.0,73.984436,926.5158,20.42,Overcast
2024-03-19 21:00:00+00:00,BOLU,14,7.4515,2.2015,10.8,7.653705,75.0,85.90912,929.3072,5.94,Snow fall: Heavy
2024-03-20 21:00:00+00:00,BOLU,14,6.4015,-1.3484999,6.199999,7.289445,75.0,83.64293,931.75586,14.03,Snow fall: Heavy
2024-03-21 21:00:00+00:00,BOLU,14,4.3515,-1.7985,10.000001,8.12197,75.0,84.89054,929.16675,8.65,Snow fall: Heavy
2024-03-22 21:00:00+00:00,BOLU,14,7.3515,1.2014999,3.3999999,10.661107,73.0,82.39609,930.52484,12.41,Snow fall: Moderate
2024-03-23 21:00:00+00:00,BOLU,14,12.9015,-2.2985,0.0,9.3669195,3.0,53.986034,925.32666,22.14,Overcast
2024-03-24 21:00:00+00:00,BOLU,14,14.5015,1.1515,13.6,20.88,73.0,67.468254,919.8847,16.95,Snow fall: Moderate
2024-03-25 21:00:00+00:00,BOLU,14,10.1515,-0.4985,0.2,15.158522,51.0,68.245056,929.0325,19.77,Drizzle: Light
2024-03-26 21:00:00+00:00,BOLU,14,16.9515,4.4015,1.5,12.24,51.0,68.12893,929.7225,14.75,Drizzle: Light
2024-03-27 21:00:00+00:00,BOLU,14,21.8515,5.3515,1.7,10.30883,53.0,64.8019,930.34454,20.57,Drizzle: Moderate
2024-03-28 21:00:00+00:00,BOLU,14,20.151499,10.1515,1.0,11.609651,53.0,73.204414,933.3387,21.32,Drizzle: Moderate
2024-03-29 21:00:00+00:00,BOLU,14,23.301498,8.1515,0.0,9.686609,3.0,59.585453,936.1973,20.6,Overcast
2024-03-30 21:00:00+00:00,BOLU,14,23.7015,9.0515,0.0,10.703569,3.0,57.62718,936.6775,21.63,Overcast
2024-03-31 21:00:00+00:00,BOLU,14,24.6015,13.8015,0.0,7.5685663,2.0,54.20763,936.5141,22.8,Partly cloudy
2024-04-01 21:00:00+00:00,BOLU,14,25.5015,7.4015,0.0,11.720751,3.0,55.71716,930.8327,22.58,Overcast
2024-04-02 21:00:00+00:00,BOLU,14,17.1015,9.5515,0.0,11.298495,3.0,61.976486,930.8427,19.11,Overcast
2024-04-03 21:00:00+00:00,BOLU,14,20.6015,2.4015,0.0,12.7279215,3.0,64.27244,929.91815,23.16,Overcast
2024-04-04 21:00:00+00:00,BOLU,14,16.151499,5.1515,0.0,10.948973,2.0,58.654907,933.8608,22.55,Partly cloudy
2024-04-05 21:00:00+00:00,BOLU,14,16.9515,5.5015,0.0,9.178235,3.0,53.29694,934.26605,22.37,Overcast
2024-04-06 21:00:00+00:00,BOLU,14,15.6515,6.6515,0.0,12.387348,3.0,60.804123,931.1141,20.43,Overcast
2024-04-07 21:00:00+00:00,BOLU,14,15.2015,4.3515,0.0,14.113652,3.0,76.680695,932.4234,19.0,Overcast
2024-04-08 21:00:00+00:00,BOLU,14,18.4515,6.8015003,0.1,12.287555,51.0,79.234085,931.1298,19.82,Drizzle: Light
2024-04-09 21:00:00+00:00,BOLU,14,18.901499,7.7515,0.0,10.883676,3.0,79.04189,931.1276,20.79,Overcast
2024-04-10 21:00:00+00:00,BOLU,14,19.7515,7.7515,0.0,8.854829,3.0,77.9318,935.3438,21.46,Overcast
2024-04-11 21:00:00+00:00,BOLU,14,16.1015,8.5015,1.2000002,8.913181,51.0,84.26909,937.01294,8.71,Drizzle: Light
2024-04-12 21:00:00+00:00,BOLU,14,18.5015,7.7515,0.4,7.5170207,51.0,82.006744,936.86163,20.26,Drizzle: Light
2024-04-13 21:00:00+00:00,BOLU,14,17.801498,5.7015,0.1,11.808878,51.0,73.7771,936.6606,22.47,Drizzle: Light
2024-04-14 21:00:00+00:00,BOLU,14,23.1015,8.7015,0.0,8.557102,0.0,53.602062,935.39996,25.26,Clear sky
2024-04-15 21:00:00+00:00,BOLU,14,25.4515,8.1015,0.0,14.007655,3.0,47.09056,929.5559,25.6,Overcast
2024-04-16 21:00:00+00:00,BOLU,14,24.7515,11.2515,0.4,14.578888,51.0,40.645042,923.7214,18.73,Drizzle: Light
2024-04-17 21:00:00+00:00,BOLU,14,23.0015,12.6515,1.8000001,22.881956,55.0,55.15222,920.5302,22.0,Drizzle: Dense
2024-04-18 21:00:00+00:00,BOLU,14,18.2015,10.2015,1.0,13.797912,51.0,71.95375,926.13043,20.03,Drizzle: Light
2024-04-19 21:00:00+00:00,BOLU,14,20.551498,6.5015,4.3,21.707731,61.0,71.104744,918.78125,15.85,Rain: Slight
2024-04-20 21:00:00+00:00,BOLU,14,17.151499,6.8015003,0.1,15.496736,51.0,64.62394,927.51196,21.08,Drizzle: Light
2024-04-21 21:00:00+00:00,BOLU,14,20.3515,7.3515,0.0,14.186923,3.0,58.5179,932.1877,24.53,Overcast
2024-04-22 21:00:00+00:00,BOLU,14,25.4515,9.1015,0.70000005,14.417988,53.0,62.98407,932.84985,21.64,Drizzle: Moderate
2024-04-23 21:00:00+00:00,BOLU,14,29.2515,13.9015,0.0,21.485697,3.0,40.3753,925.86664,20.1,Overcast
2024-04-24 21:00:00+00:00,BOLU,14,27.0015,16.5015,0.1,22.314194,51.0,48.65761,923.16156,16.87,Drizzle: Light
2024-04-25 21:00:00+00:00,BOLU,14,20.4515,12.4015,6.399999,11.212135,63.0,78.74197,928.07007,20.95,Rain: Moderate
2024-04-26 21:00:00+00:00,BOLU,14,22.7515,8.4015,0.1,10.464797,51.0,82.73861,931.47797,22.17,Drizzle: Light
2024-04-27 21:00:00+00:00,BOLU,14,18.301498,12.0515,25.400003,8.669949,65.0,90.81185,932.7624,12.93,Rain: Heavy
2024-04-28 21:00:00+00:00,BOLU,14,19.8515,11.4515,1.3000002,8.311245,51.0,84.9347,934.65674,13.14,Drizzle: Light
2024-04-29 21:00:00+00:00,BOLU,14,21.2515,11.3515005,4.2999997,9.693296,61.0,86.63492,933.07245,17.66,Rain: Slight
2024-04-30 21:00:00+00:00,BOLU,14,17.151499,10.5015,9.700001,10.948973,63.0,91.50576,929.8943,10.21,Rain: Moderate
2024-05-01 21:00:00+00:00,BOLU,14,13.7515,9.3515,1.5000002,11.542478,51.0,88.11319,926.7246,9.25,Drizzle: Light
2024-05-02 21:00:00+00:00,BOLU,14,17.401499,10.1515,2.5,11.212135,51.0,84.59847,923.9943,15.7,Drizzle: Light
2024-05-03 21:00:00+00:00,BOLU,14,15.8515005,7.8515,6.6999993,9.511088,61.0,80.90729,921.92255,20.06,Rain: Slight
2024-05-04 21:00:00+00:00,BOLU,14,14.1515,5.3015,0.90000004,13.039754,51.0,76.17884,927.3689,22.85,Drizzle: Light
2024-05-05 21:00:00+00:00,BOLU,14,16.151499,3.6015,0.0,6.3690495,2.0,66.03614,930.8759,27.93,Partly cloudy
2024-05-06 21:00:00+00:00,BOLU,14,19.3515,7.6515,0.0,9.422101,3.0,47.642475,930.8791,29.32,Overcast
2024-05-07 21:00:00+00:00,BOLU,14,21.5015,10.6015005,0.1,8.699793,51.0,52.907043,932.44116,25.91,Drizzle: Light
2024-05-08 21:00:00+00:00,BOLU,14,22.2515,12.1515,0.4,8.891343,51.0,68.02357,930.72144,19.54,Drizzle: Light
2024-05-09 21:00:00+00:00,BOLU,14,20.8515,11.6015005,5.9,10.799999,63.0,82.50032,928.21405,19.4,Rain: Moderate
2024-05-10 21:00:00+00:00,BOLU,14,14.0515,10.0515,6.9,16.203999,61.0,91.1885,924.772,9.71,Rain: Slight
2024-05-11 21:00:00+00:00,BOLU,14,14.7015,8.9015,1.2,10.636766,51.0,74.82914,929.8469,9.49,Drizzle: Light
2024-05-12 21:00:00+00:00,BOLU,14,14.7515,5.4015,8.5,8.942214,63.0,79.80548,930.35815,16.13,Rain: Moderate
2024-05-13 21:00:00+00:00,BOLU,14,14.3015,2.8515,0.4,7.653705,51.0,76.26484,931.68915,23.35,Drizzle: Light
2024-05-14 21:00:00+00:00,BOLU,14,16.0515,4.1515,0.0,13.1041975,3.0,71.255806,932.45013,24.56,Overcast
2024-05-15 21:00:00+00:00,BOLU,14,16.2515,5.8015003,2.1999998,12.6462,71.0,76.7505,935.4267,25.0,Snow fall: Slight
2024-05-16 21:00:00+00:00,BOLU,14,20.2015,8.7015,0.6,7.2359104,51.0,75.82317,934.4368,16.46,Drizzle: Light
2024-05-17 21:00:00+00:00,BOLU,14,20.551498,11.7015,0.0,14.205182,3.0,76.18863,933.02466,25.11,Overcast
2024-05-18 21:00:00+00:00,BOLU,14,22.301498,8.7015,0.1,10.823973,51.0,77.22134,931.6601,21.36,Drizzle: Light
2024-05-19 21:00:00+00:00,BOLU,14,22.901499,12.7015,0.0,8.654986,3.0,76.79762,930.04474,25.41,Overcast
2024-05-20 21:00:00+00:00,BOLU,14,23.0015,11.2515,0.1,9.255571,51.0,78.560555,931.4051,28.32,Drizzle: Light
2024-05-21 21:00:00+00:00,BOLU,14,26.4515,12.2515,0.0,10.805999,3.0,64.521996,929.91815,28.01,Overcast
2024-05-22 21:00:00+00:00,BOLU,14,24.8515,12.5015,40.2,12.245293,65.0,76.43502,927.05396,20.8,Rain: Heavy
2024-05-23 21:00:00+00:00,BOLU,14,17.9515,11.9015,15.499999,11.246759,63.0,85.68509,928.6845,17.4,Rain: Moderate
2024-05-24 21:00:00+00:00,BOLU,14,19.051498,9.8015,0.9000001,8.557102,51.0,85.94934,930.0915,20.63,Drizzle: Light
2024-05-25 21:00:00+00:00,BOLU,14,18.551498,10.6015005,2.5,7.172949,53.0,83.74453,930.45465,19.39,Drizzle: Moderate
2024-05-26 21:00:00+00:00,BOLU,14,18.1015,10.2515,1.8000001,8.766573,51.0,82.36753,930.7342,17.59,Drizzle: Light
2024-05-27 21:00:00+00:00,BOLU,14,17.151499,10.6015005,1.3000002,6.28713,51.0,85.97413,929.7757,14.79,Drizzle: Light
2024-05-28 21:00:00+00:00,BOLU,14,21.051498,7.5015,0.2,9.9571085,51.0,73.6811,929.1589,26.25,Drizzle: Light
2024-05-29 21:00:00+00:00,BOLU,14,22.6015,12.5515,2.3000002,7.653705,55.0,68.43518,928.8942,23.9,Drizzle: Dense
2024-05-30 21:00:00+00:00,BOLU,14,21.551498,12.4015,1.7,8.669949,61.0,66.82494,932.22076,24.49,Rain: Slight
2024-05-31 21:00:00+00:00,BOLU,14,26.8515,10.6015005,0.0,9.693296,2.0,64.0538,935.8409,28.04,Partly cloudy
2024-06-01 21:00:00+00:00,BOLU,14,27.801498,18.3515,0.0,7.24486,3.0,54.083393,936.50226,26.19,Overcast
2024-06-02 21:00:00+00:00,BOLU,14,29.7515,18.7515,0.0,6.9247384,3.0,55.759,935.09625,28.25,Overcast
2024-06-03 21:00:00+00:00,BOLU,14,31.7515,17.9515,0.0,8.557102,3.0,53.27092,932.1756,25.5,Overcast
2024-06-04 21:00:00+00:00,BOLU,14,28.551498,18.1015,0.0,10.086427,2.0,57.113113,932.6338,28.07,Partly cloudy
2024-06-05 21:00:00+00:00,BOLU,14,27.6015,18.7515,1.1,8.209263,55.0,63.070297,934.0135,25.46,Drizzle: Dense
2024-06-06 21:00:00+00:00,BOLU,14,25.5015,17.801498,0.6,6.849467,51.0,75.64812,934.0593,20.87,Drizzle: Light
2024-06-07 21:00:00+00:00,BOLU,14,24.0015,15.9515,1.8000001,6.8399997,55.0,76.26551,930.341,20.33,Drizzle: Dense
2024-06-08 21:00:00+00:00,BOLU,14,26.4515,14.5515,0.0,9.885262,3.0,69.95844,930.0135,29.11,Overcast
2024-06-09 21:00:00+00:00,BOLU,14,29.051498,14.9515,0.0,6.9247384,1.0,57.74026,930.7557,29.61,Mainly clear
2024-06-10 21:00:00+00:00,BOLU,14,32.1015,16.401499,0.0,8.669949,3.0,50.416412,930.90546,30.67,Overcast
2024-06-11 21:00:00+00:00,BOLU,14,31.6015,22.301498,0.0,12.074766,1.0,48.602024,932.7663,30.05,Mainly clear
2024-06-12 21:00:00+00:00,BOLU,14,32.3515,20.151499,0.0,12.144331,3.0,56.978653,933.4553,28.02,Overcast
2024-06-13 21:00:00+00:00,BOLU,14,31.901499,18.901499,0.8,20.150354,51.0,55.74724,929.89966,22.8,Drizzle: Light
2024-06-14 21:00:00+00:00,BOLU,14,20.8515,15.0015,2.8999999,15.5843,53.0,83.881325,929.35077,20.87,Drizzle: Moderate
2024-06-15 21:00:00+00:00,BOLU,14,25.551498,11.8015,0.0,9.422101,1.0,70.31068,929.83966,28.97,Mainly clear
2024-06-16 21:00:00+00:00,BOLU,14,27.051498,14.5515,0.0,9.449572,0.0,66.56406,932.4104,30.98,Clear sky
2024-06-17 21:00:00+00:00,BOLU,14,29.151499,16.9515,0.0,8.12197,3.0,58.41768,934.45404,29.55,Overcast
2024-06-18 21:00:00+00:00,BOLU,14,28.4515,17.2015,0.1,7.491114,51.0,74.92345,934.6092,25.92,Drizzle: Light
2024-06-19 21:00:00+00:00,BOLU,14,29.7515,16.5515,0.0,9.793058,3.0,69.67338,933.67285,29.29,Overcast
2024-06-20 21:00:00+00:00,BOLU,14,28.7015,14.7515,0.0,12.599998,1.0,58.773315,933.8068,29.93,Mainly clear
2024-06-21 21:00:00+00:00,BOLU,14,29.1015,16.4515,0.0,10.195057,1.0,66.86901,929.6001,30.16,Mainly clear
2024-06-22 21:00:00+00:00,BOLU,14,32.0015,18.401499,0.0,6.638072,0.0,52.111774,927.40094,31.13,Clear sky
2024-06-23 21:00:00+00:00,BOLU,14,33.3015,16.8015,0.0,8.28,3.0,57.566757,927.81744,28.87,Overcast
2024-06-24 21:00:00+00:00,BOLU,14,28.551498,17.551498,0.90000004,11.792404,51.0,72.16768,931.18365,29.79,Drizzle: Light
2024-06-25 21:00:00+00:00,BOLU,14,25.551498,15.0515,0.1,13.830749,51.0,67.74743,932.8342,27.19,Drizzle: Light
2024-06-26 21:00:00+00:00,BOLU,14,29.8515,15.9015,0.0,7.386582,1.0,61.91068,930.37036,29.32,Mainly clear
2024-06-27 21:00:00+00:00,BOLU,14,31.3515,17.9515,0.0,8.654987,3.0,58.958584,927.2971,26.32,Overcast
2024-06-28 21:00:00+00:00,BOLU,14,26.551498,16.3015,0.1,14.973577,51.0,68.15603,929.3335,25.35,Drizzle: Light
2024-06-29 21:00:00+00:00,BOLU,14,26.6015,13.9015,0.0,13.004921,3.0,65.57502,931.33417,28.68,Overcast
2024-06-30 21:00:00+00:00,BOLU,14,28.301498,14.1015005,0.0,12.904882,0.0,63.691425,929.9626,29.1,Clear sky
2024-07-01 21:00:00+00:00,BOLU,14,30.551498,15.4015,0.0,8.404285,0.0,54.60698,926.5003,30.18,Clear sky
2024-07-02 21:00:00+00:00,BOLU,14,32.7515,19.1015,1.4,12.7279215,53.0,46.538036,921.4016,27.15,Drizzle: Moderate
2024-07-03 21:00:00+00:00,BOLU,14,26.2515,15.5515,7.4,9.565437,63.0,77.613,923.5188,23.06,Rain: Moderate
2024-07-04 21:00:00+00:00,BOLU,14,23.651499,17.1015,3.5999997,8.217153,53.0,84.2078,929.23193,18.65,Drizzle: Moderate
2024-07-05 21:00:00+00:00,BOLU,14,23.801498,14.7015,3.0,7.289444,53.0,81.13803,932.356,20.81,Drizzle: Moderate
2024-07-06 21:00:00+00:00,BOLU,14,27.3515,15.8015,0.1,13.896187,51.0,73.58985,932.1809,28.55,Drizzle: Light
2024-07-07 21:00:00+00:00,BOLU,14,29.0015,16.7515,0.1,13.18308,51.0,70.63907,931.16626,27.87,Drizzle: Light
2024-07-08 21:00:00+00:00,BOLU,14,28.651499,17.7515,0.8,17.429354,51.0,68.38398,930.98016,23.65,Drizzle: Light
2024-07-09 21:00:00+00:00,BOLU,14,28.0015,17.2015,1.8000002,12.10157,53.0,75.21646,930.44824,24.32,Drizzle: Moderate
2024-07-10 21:00:00+00:00,BOLU,14,28.151499,17.651499,0.3,6.439876,51.0,78.935036,930.2473,24.51,Drizzle: Light
2024-07-11 21:00:00+00:00,BOLU,14,27.0015,18.7015,1.0,6.489992,51.0,79.90377,930.15234,22.44,Drizzle: Light
2024-07-12 21:00:00+00:00,BOLU,14,27.2515,18.7515,2.9999998,10.464797,61.0,78.84953,928.587,24.0,Rain: Slight
2024-07-13 21:00:00+00:00,BOLU,14,28.5015,17.5015,0.0,13.698934,3.0,69.06615,928.794,25.92,Overcast
2024-07-14 21:00:00+00:00,BOLU,14,28.1015,16.151499,0.0,11.792404,3.0,55.326183,928.8632,26.28,Overcast
2024-07-15 21:00:00+00:00,BOLU,14,29.401499,16.651499,2.6999998,12.783802,61.0,54.51031,929.06903,25.94,Rain: Slight
2024-07-16 21:00:00+00:00,BOLU,14,27.0015,18.8515,6.9999995,9.673221,63.0,73.01847,930.4272,21.99,Rain: Moderate
2024-07-17 21:00:00+00:00,BOLU,14,30.551498,18.7015,0.0,16.039202,1.0,65.15885,931.8199,27.16,Mainly clear
2024-07-18 21:00:00+00:00,BOLU,14,29.7515,17.0515,0.8,13.854155,51.0,65.30204,931.216,26.18,Drizzle: Light
2024-07-19 21:00:00+00:00,BOLU,14,29.7015,18.6015,0.4,9.693296,51.0,72.02404,929.4104,24.45,Drizzle: Light
2024-07-20 21:00:00+00:00,BOLU,14,32.0515,19.1015,0.0,11.609651,3.0,64.02157,928.533,27.17,Overcast
2024-07-21 21:00:00+00:00,BOLU,14,31.6015,19.651499,0.0,9.255571,0.0,59.829224,929.0821,27.82,Clear sky
2024-07-22 21:00:00+00:00,BOLU,14,30.0015,20.051498,1.8000001,9.227524,61.0,60.910885,929.4624,25.17,Rain: Slight
2024-07-23 21:00:00+00:00,BOLU,14,27.301498,17.7515,1.1,13.324863,53.0,68.08617,927.5566,24.12,Drizzle: Moderate
2024-07-24 21:00:00+00:00,BOLU,14,28.2015,16.151499,0.3,7.072878,51.0,68.931595,924.2004,23.8,Drizzle: Light
2024-07-25 21:00:00+00:00,BOLU,14,21.901499,17.551498,8.5,12.783802,61.0,87.79593,925.30347,16.51,Rain: Slight
2024-07-26 21:00:00+00:00,BOLU,14,21.2515,16.2015,7.9999995,11.435313,55.0,88.351585,932.1938,17.53,Drizzle: Dense
2024-07-27 21:00:00+00:00,BOLU,14,27.4515,16.6015,0.1,12.031756,51.0,74.06868,936.3,28.61,Drizzle: Light
2024-07-28 21:00:00+00:00,BOLU,14,30.151499,15.8015,0.0,9.605998,0.0,58.623966,931.4907,28.6,Clear sky
2024-07-29 21:00:00+00:00,BOLU,14,26.8515,16.5515,0.6,16.595179,53.0,67.722435,929.398,26.55,Drizzle: Moderate
2024-07-30 21:00:00+00:00,BOLU,14,24.901499,14.6515,0.3,10.182337,51.0,71.86442,931.9316,21.85,Drizzle: Light
2024-07-31 21:00:00+00:00,BOLU,14,28.7015,15.5015,0.0,8.891344,3.0,70.31455,931.08984,26.46,Overcast
2024-08-01 21:00:00+00:00,BOLU,14,30.1015,16.1015,0.0,8.39657,1.0,67.48633,928.1491,28.33,Mainly clear
2024-08-02 21:00:00+00:00,BOLU,14,30.651499,17.151499,0.0,10.739833,0.0,59.70169,926.05475,28.84,Clear sky
2024-08-03 21:00:00+00:00,BOLU,14,30.4515,18.301498,0.0,9.904906,2.0,46.034893,927.53345,27.1,Partly cloudy
2024-08-04 21:00:00+00:00,BOLU,14,28.051498,18.2515,6.1,7.42159,63.0,70.10093,928.7002,22.25,Rain: Moderate
2024-08-05 21:00:00+00:00,BOLU,14,28.1015,16.1015,0.1,9.83268,51.0,67.97056,928.1892,25.92,Drizzle: Light
2024-08-06 21:00:00+00:00,BOLU,14,26.2515,16.2015,0.8000001,14.417988,51.0,72.77145,929.99274,23.64,Drizzle: Light
2024-08-07 21:00:00+00:00,BOLU,14,29.151499,15.0015,0.0,8.311245,3.0,70.6755,930.62866,27.32,Overcast
2024-08-08 21:00:00+00:00,BOLU,14,29.651499,16.0515,0.0,12.6462,3.0,73.62859,930.4123,26.37,Overcast
2024-08-09 21:00:00+00:00,BOLU,14,25.5015,18.8515,3.7,7.754637,53.0,80.32951,932.3947,16.66,Drizzle: Moderate
2024-08-10 21:00:00+00:00,BOLU,14,27.801498,17.801498,0.2,11.983188,51.0,68.50973,934.58984,24.93,Drizzle: Light
2024-08-11 21:00:00+00:00,BOLU,14,29.0015,16.6015,0.0,13.246826,0.0,61.056858,933.15454,26.99,Clear sky
2024-08-12 21:00:00+00:00,BOLU,14,32.7015,16.1015,0.0,10.787993,0.0,55.136753,931.72064,26.69,Clear sky
2024-08-13 21:00:00+00:00,BOLU,14,33.3015,18.9515,0.0,13.830749,1.0,45.167934,932.2351,26.59,Mainly clear
2024-08-14 21:00:00+00:00,BOLU,14,30.3515,18.2515,0.0,11.090103,0.0,53.90182,933.18945,27.09,Clear sky
2024-08-15 21:00:00+00:00,BOLU,14,29.301498,14.4015,0.0,10.990322,0.0,56.53224,932.95044,26.87,Clear sky
2024-08-16 21:00:00+00:00,BOLU,14,29.901499,16.5015,0.0,10.239453,0.0,55.136524,930.5015,26.78,Clear sky
2024-08-17 21:00:00+00:00,BOLU,14,31.151499,17.9515,0.0,9.19939,0.0,53.139385,928.4594,26.22,Clear sky
2024-08-18 21:00:00+00:00,BOLU,14,31.651499,17.901499,0.0,10.383987,1.0,60.027496,928.83154,25.17,Mainly clear
2024-08-19 21:00:00+00:00,BOLU,14,33.8015,17.2515,0.0,10.990322,3.0,64.93304,930.09375,25.09,Overcast
2024-08-20 21:00:00+00:00,BOLU,14,33.0515,20.2015,0.3,8.913181,51.0,59.720722,927.0866,21.48,Drizzle: Light
2024-08-21 21:00:00+00:00,BOLU,14,29.1015,17.901499,0.8,10.799999,51.0,72.93682,926.94745,19.39,Drizzle: Light
2024-08-22 21:00:00+00:00,BOLU,14,28.7015,18.3515,0.3,11.841756,51.0,69.685356,931.76447,20.4,Drizzle: Light
2024-08-23 21:00:00+00:00,BOLU,14,28.151499,16.401499,1.2,9.47012,53.0,70.64676,933.4804,21.79,Drizzle: Moderate
2024-08-24 21:00:00+00:00,BOLU,14,28.4515,15.3515005,0.1,13.441071,51.0,66.70056,930.4869,20.38,Drizzle: Light
2024-08-25 21:00:00+00:00,BOLU,14,27.301498,14.8015,0.4,8.534353,51.0,64.62391,929.41046,22.44,Drizzle: Light
2024-08-26 21:00:00+00:00,BOLU,14,25.8515,14.4515,1.6,9.387651,53.0,71.08554,930.37067,20.02,Drizzle: Moderate
2024-08-27 21:00:00+00:00,BOLU,14,27.3515,15.3515005,0.6,12.287555,51.0,71.72607,932.30414,22.36,Drizzle: Light
2024-08-28 21:00:00+00:00,BOLU,14,27.301498,15.5515,0.90000004,10.587917,53.0,70.29342,930.69794,21.07,Drizzle: Moderate
2024-08-29 21:00:00+00:00,BOLU,14,26.7015,15.7015,0.4,12.522619,51.0,74.09287,929.768,21.02,Drizzle: Light
2024-08-30 21:00:00+00:00,BOLU,14,27.551498,15.4015,0.5,8.435069,51.0,75.07199,929.4888,20.21,Drizzle: Light
2024-08-31 21:00:00+00:00,BOLU,14,25.901499,16.0015,3.7,9.028754,61.0,80.47624,928.49554,15.46,Rain: Slight
2024-09-01 21:00:00+00:00,BOLU,14,24.401499,16.6015,3.7999997,11.183201,61.0,80.97901,930.09125,14.47,Rain: Slight
2024-09-02 21:00:00+00:00,BOLU,14,25.6015,16.7015,6.4999995,8.913181,63.0,78.06046,933.0544,17.86,Rain: Moderate
2024-09-03 21:00:00+00:00,BOLU,14,26.151499,16.5015,0.70000005,7.208994,51.0,72.504074,932.5407,19.98,Drizzle: Light
2024-09-04 21:00:00+00:00,BOLU,14,25.7015,14.3515005,0.0,11.631956,3.0,71.58515,931.8538,22.08,Overcast
2024-09-05 21:00:00+00:00,BOLU,14,26.151499,13.7515,0.0,11.966953,3.0,72.20941,932.2954,21.0,Overcast
2024-09-06 21:00:00+00:00,BOLU,14,24.7515,15.3015,3.4,11.659777,53.0,79.508156,932.81055,19.08,Drizzle: Moderate
2024-09-07 21:00:00+00:00,BOLU,14,21.551498,14.9515,5.5,11.720751,63.0,84.5793,931.0461,16.13,Rain: Moderate
2024-09-08 21:00:00+00:00,BOLU,14,26.151499,13.7515,0.0,10.805998,3.0,75.00826,930.0489,21.36,Overcast
2024-09-09 21:00:00+00:00,BOLU,14,31.3515,13.2015,0.0,14.917212,3.0,59.636814,925.7261,20.43,Overcast
2024-09-10 21:00:00+00:00,BOLU,14,29.1015,16.0515,1.2,14.658676,55.0,63.09818,926.17267,18.98,Drizzle: Dense
2024-09-11 21:00:00+00:00,BOLU,14,25.551498,15.6515,0.3,12.24,51.0,67.98882,930.0828,19.41,Drizzle: Light
2024-09-12 21:00:00+00:00,BOLU,14,30.8515,13.5015,0.0,12.879752,3.0,58.998936,929.03766,20.43,Overcast
2024-09-13 21:00:00+00:00,BOLU,14,30.2515,17.401499,0.0,12.43434,3.0,59.959522,927.4439,20.49,Overcast
2024-09-14 21:00:00+00:00,BOLU,14,29.2015,16.8515,1.5000001,15.629971,51.0,69.38911,924.9012,17.49,Drizzle: Light
2024-09-15 21:00:00+00:00,BOLU,14,24.5015,12.2015,0.0,11.440978,3.0,71.4688,926.7238,19.55,Overcast
2024-09-16 21:00:00+00:00,BOLU,14,23.651499,12.0515,0.0,7.968939,3.0,76.70931,931.4305,17.8,Overcast
2024-09-17 21:00:00+00:00,BOLU,14,23.1015,11.8515005,0.9,6.6087217,51.0,73.35169,933.15894,14.48,Drizzle: Light
2024-09-18 21:00:00+00:00,BOLU,14,19.2015,13.9015,3.7,7.172949,53.0,84.317696,932.1695,12.68,Drizzle: Moderate
2024-09-19 21:00:00+00:00,BOLU,14,22.401499,11.5015,0.0,9.504273,3.0,75.7192,931.79395,15.74,Overcast
2024-09-20 21:00:00+00:00,BOLU,14,20.401499,12.9015,6.4999995,7.5942082,63.0,79.98885,932.0313,14.54,Rain: Moderate
2024-09-21 21:00:00+00:00,BOLU,14,17.401499,9.8015,4.2,7.7879906,61.0,86.78701,931.34937,10.62,Rain: Slight
2024-09-22 21:00:00+00:00,BOLU,14,15.9515,12.5515,17.2,11.726277,63.0,92.625694,931.30927,4.03,Rain: Moderate
2024-09-23 21:00:00+00:00,BOLU,14,22.801498,9.6515,0.0,8.534353,3.0,75.33965,933.5029,17.49,Overcast
2024-09-24 21:00:00+00:00,BOLU,14,23.7515,13.3515005,0.0,8.305396,3.0,67.59175,934.925,18.32,Overcast
2024-09-25 21:00:00+00:00,BOLU,14,25.651499,13.2515,0.0,8.467655,2.0,66.197845,934.2246,19.28,Partly cloudy
2024-09-26 21:00:00+00:00,BOLU,14,27.6015,13.8015,0.0,8.65873,0.0,62.603428,933.23395,19.38,Clear sky
2024-09-27 21:00:00+00:00,BOLU,14,29.5015,10.6015005,0.0,7.0107627,2.0,53.313034,930.7789,19.53,Partly cloudy
2024-09-28 21:00:00+00:00,BOLU,14,27.801498,17.0515,0.0,7.0107627,3.0,52.53427,927.3785,18.91,Overcast
2024-09-29 21:00:00+00:00,BOLU,14,17.5015,11.2515,19.199999,11.402683,63.0,90.1735,925.56494,3.32,Rain: Moderate
2024-09-30 21:00:00+00:00,BOLU,14,11.4015,8.7515,13.0,14.713831,61.0,90.13053,926.20526,3.33,Rain: Slight
2024-10-01 21:00:00+00:00,BOLU,14,15.2015,8.7015,11.200002,12.483748,61.0,89.62493,929.5876,6.03,Rain: Slight
2024-10-02 21:00:00+00:00,BOLU,14,22.0015,8.4015,0.0,9.984729,1.0,70.550644,932.0372,18.14,Mainly clear
2024-10-03 21:00:00+00:00,BOLU,14,24.901499,11.1015005,0.0,8.626865,0.0,64.06899,933.4212,17.96,Clear sky
2024-10-04 21:00:00+00:00,BOLU,14,26.9515,13.5515,0.0,7.968939,0.0,57.73973,932.257,17.33,Clear sky
2024-10-05 21:00:00+00:00,BOLU,14,26.8515,11.5515,0.0,11.53265,3.0,65.07935,928.9263,16.8,Overcast
2024-10-06 21:00:00+00:00,BOLU,14,20.2515,14.2515,2.0,10.070353,53.0,77.71395,931.6407,13.96,Drizzle: Moderate
2024-10-07 21:00:00+00:00,BOLU,14,22.651499,10.4515,0.0,7.596341,3.0,79.5468,936.1529,17.28,Overcast
2024-10-08 21:00:00+00:00,BOLU,14,26.401499,9.6515,0.0,11.726277,3.0,68.706184,931.31885,17.15,Overcast
2024-10-09 21:00:00+00:00,BOLU,14,22.151499,13.9015,0.0,9.437563,3.0,77.72685,929.2166,11.44,Overcast
2024-10-10 21:00:00+00:00,BOLU,14,24.2015,15.7515,0.0,9.144637,3.0,63.816914,929.3338,14.31,Overcast
2024-10-11 21:00:00+00:00,BOLU,14,25.7015,15.1515,16.6,13.878688,65.0,69.814125,929.908,13.29,Rain: Heavy
2024-10-12 21:00:00+00:00,BOLU,14,17.2515,12.9015,2.4,10.272623,51.0,88.54771,932.86334,7.71,Drizzle: Light
2024-10-13 21:00:00+00:00,BOLU,14,18.401499,9.8515005,0.0,5.7204895,3.0,83.801735,933.12085,12.37,Overcast
2024-10-14 21:00:00+00:00,BOLU,14,20.9515,7.2015,0.0,5.9617786,3.0,71.58732,934.50726,15.82,Overcast
2024-10-15 21:00:00+00:00,BOLU,14,17.7515,8.6015,5.9000006,9.0,55.0,83.102356,935.72974,12.82,Drizzle: Dense
2024-10-16 21:00:00+00:00,BOLU,14,10.4015,6.6015,14.800002,9.531505,61.0,85.99741,937.841,7.24,Rain: Slight
2024-10-17 21:00:00+00:00,BOLU,14,8.2015,6.2515,8.300001,7.989243,53.0,86.75168,937.72656,6.11,Drizzle: Moderate
2024-10-18 21:00:00+00:00,BOLU,14,9.3515,5.7515,4.7,8.688613,53.0,84.25604,938.52466,7.39,Drizzle: Moderate
2024-10-19 21:00:00+00:00,BOLU,14,10.7015,4.3515,1.9000002,6.050785,51.0,85.17593,941.7932,7.56,Drizzle: Light
2024-10-20 21:00:00+00:00,BOLU,14,10.3515005,6.0015,4.3,5.7204895,51.0,90.77407,944.65546,6.02,Drizzle: Light
2024-10-21 21:00:00+00:00,BOLU,14,13.9015,5.2515,2.3000002,7.6409945,51.0,83.750534,943.99347,8.49,Drizzle: Light
2024-10-22 21:00:00+00:00,BOLU,14,16.8015,3.9015002,0.0,6.156947,1.0,70.990685,942.85254,14.45,Mainly clear
2024-10-23 21:00:00+00:00,BOLU,14,16.2015,5.2015,0.0,6.5248446,3.0,74.3085,942.7286,14.35,Overcast
2024-10-24 21:00:00+00:00,BOLU,14,15.9515,5.7015,0.0,6.6624317,3.0,71.608536,941.03436,13.6,Overcast
2024-10-25 21:00:00+00:00,BOLU,14,16.6015,3.8014998,0.0,6.945761,3.0,70.1105,940.60645,13.94,Overcast
2024-10-26 21:00:00+00:00,BOLU,14,18.3515,7.8015003,0.0,5.318383,0.0,55.4473,940.0322,14.27,Clear sky
2024-10-27 21:00:00+00:00,BOLU,14,17.4515,8.9515,0.0,7.3094187,0.0,54.193726,937.96405,14.14,Clear sky
2024-10-28 21:00:00+00:00,BOLU,14,16.901499,7.5015,0.0,5.9427266,3.0,59.75119,937.15594,12.53,Overcast
2024-10-29 21:00:00+00:00,BOLU,14,14.6515,7.4515,5.3,5.506941,55.0,87.55381,936.1695,8.18,Drizzle: Dense
2024-10-30 21:00:00+00:00,BOLU,14,14.9015,6.9515,2.0000002,7.344794,51.0,83.19409,936.52814,8.36,Drizzle: Light
2024-10-31 21:00:00+00:00,BOLU,14,16.401499,4.8015,0.0,7.145796,3.0,78.410774,937.34357,12.71,Overcast
2024-11-01 21:00:00+00:00,BOLU,14,18.7515,3.7515001,0.0,10.210936,3.0,64.289055,933.9201,12.31,Overcast
2024-11-02 21:00:00+00:00,BOLU,14,10.3515005,4.0515,4.4,8.431228,55.0,79.724014,937.9016,4.23,Drizzle: Dense
2024-11-03 21:00:00+00:00,BOLU,14,10.3515005,1.1515,0.0,8.101999,3.0,77.60976,937.2741,13.03,Overcast
2024-11-04 21:00:00+00:00,BOLU,14,8.4015,0.45150006,3.6000004,9.109138,51.0,86.189186,940.9617,4.72,Drizzle: Light
2024-11-05 21:00:00+00:00,BOLU,14,11.5015,0.6515,0.0,8.155807,3.0,82.79789,942.6186,11.92,Overcast
2024-11-06 21:00:00+00:00,BOLU,14,14.5015,2.3515,0.0,11.385622,0.0,62.401535,944.61816,12.42,Clear sky
2024-11-07 21:00:00+00:00,BOLU,14,15.0515,4.1015,0.0,5.8048253,0.0,58.016018,941.9554,12.27,Clear sky
2024-11-08 21:00:00+00:00,BOLU,14,12.8515005,1.5515,0.0,6.0077944,1.0,61.3399,938.12604,11.97,Mainly clear
2024-11-09 21:00:00+00:00,BOLU,14,14.0015,-1.4985,0.0,6.763786,3.0,67.15121,934.39044,11.62,Overcast
2024-11-10 21:00:00+00:00,BOLU,14,14.3515005,4.9015,2.5000002,4.503598,53.0,80.30213,935.17523,6.51,Drizzle: Moderate
2024-11-11 21:00:00+00:00,BOLU,14,16.7515,3.3014998,0.0,5.6233797,3.0,79.16821,936.6635,11.03,Overcast
2024-11-12 21:00:00+00:00,BOLU,14,16.7515,0.9515,0.1,9.826088,51.0,76.19135,936.4617,10.46,Drizzle: Light
2024-11-13 21:00:00+00:00,BOLU,14,14.3515005,5.2015,1.2,4.1085763,51.0,86.52439,935.0389,6.26,Drizzle: Light
2024-11-14 21:00:00+00:00,BOLU,14,12.0515,6.4515,10.600001,8.163749,61.0,87.99253,930.30707,3.69,Rain: Slight
2024-11-15 21:00:00+00:00,BOLU,14,10.1515,4.9015,5.7,9.059205,55.0,88.974976,933.5423,3.9,Drizzle: Dense
2024-11-16 21:00:00+00:00,BOLU,14,15.7515,2.0515,0.90000004,6.0347,53.0,84.908165,928.1259,7.35,Drizzle: Moderate
2024-11-17 21:00:00+00:00,BOLU,14,11.1515,4.8515,0.5,7.7420926,51.0,90.93743,926.90936,4.27,Drizzle: Light
2024-11-18 21:00:00+00:00,BOLU,14,13.1515,2.3515,0.0,4.1125174,3.0,83.51827,931.0806,6.97,Overcast
2024-11-19 21:00:00+00:00,BOLU,14,14.5015,1.4015,0.0,15.83693,1.0,71.49586,926.9124,10.5,Mainly clear
2024-11-20 21:00:00+00:00,BOLU,14,14.4515,5.5515003,11.600001,23.138927,63.0,73.12498,922.80927,3.16,Rain: Moderate
2024-11-21 21:00:00+00:00,BOLU,14,17.151499,5.5515003,0.5,16.774803,51.0,74.062096,928.63745,7.57,Drizzle: Light
2024-11-22 21:00:00+00:00,BOLU,14,15.0015,0.2515,22.0,23.00693,75.0,79.10908,928.3693,1.89,Snow fall: Heavy
2024-11-23 21:00:00+00:00,BOLU,14,1.1015,-2.4984999,17.399998,12.431734,75.0,88.91067,939.52954,7.07,Snow fall: Heavy
2024-11-24 21:00:00+00:00,BOLU,14,1.6515,-2.0485,12.299998,6.8612823,73.0,88.20066,938.1924,5.4,Snow fall: Moderate
2024-11-25 21:00:00+00:00,BOLU,14,3.0015001,0.60150003,7.5000005,7.570707,73.0,90.76447,935.2122,4.15,Snow fall: Moderate
2024-11-26 21:00:00+00:00,BOLU,14,4.0015,-3.2484999,0.3,5.796447,71.0,77.37527,936.2583,5.12,Snow fall: Slight
2024-11-27 21:00:00+00:00,BOLU,14,4.6015,1.5515,0.2,3.745557,51.0,87.66857,939.26935,3.71,Drizzle: Light
2024-11-28 21:00:00+00:00,BOLU,14,6.3015003,-3.5485,0.0,3.563818,3.0,83.63883,936.6939,10.13,Overcast
2024-11-29 21:00:00+00:00,BOLU,14,8.4515,-5.1984997,0.0,1.9386592,3.0,74.98142,936.6399,10.25,Overcast
2024-11-30 21:00:00+00:00,BOLU,14,8.9515,-2.5485,0.0,1.5273507,3.0,76.695045,935.2874,9.64,Overcast
2024-12-01 21:00:00+00:00,BOLU,14,10.3015,-3.4484997,0.0,3.462369,3.0,81.42479,931.92267,9.68,Overcast
2024-12-02 21:00:00+00:00,BOLU,14,11.0015,0.85150003,0.0,3.4152596,3.0,83.15911,929.80475,7.16,Overcast
2024-12-03 21:00:00+00:00,BOLU,14,9.3015,3.3014998,2.4,7.056826,53.0,88.0918,931.3194,3.37,Drizzle: Moderate
2024-12-04 21:00:00+00:00,BOLU,14,9.9515,-1.3484999,0.90000004,5.9644947,53.0,85.1919,936.3483,6.71,Drizzle: Moderate
2024-12-05 21:00:00+00:00,BOLU,14,11.2015,-2.1485,0.0,5.3999996,3.0,78.9666,935.80035,8.33,Overcast
2024-12-06 21:00:00+00:00,BOLU,14,13.1515,0.7015,1.4,6.489992,53.0,78.14855,931.8035,7.33,Drizzle: Moderate
2024-12-07 21:00:00+00:00,BOLU,14,13.0015,4.2015,1.3000001,12.483749,53.0,79.26506,927.99786,5.4,Drizzle: Moderate
2024-12-08 21:00:00+00:00,BOLU,14,16.0515,7.3515,1.5,16.120806,61.0,71.467026,932.2963,6.69,Rain: Slight
2024-12-09 21:00:00+00:00,BOLU,14,16.3015,6.5015,0.0,17.214249,3.0,73.19476,934.5254,8.08,Overcast
2024-12-10 21:00:00+00:00,BOLU,14,9.8015,5.5515003,12.300001,9.05205,63.0,89.48356,933.80426,2.37,Rain: Moderate
2024-12-11 21:00:00+00:00,BOLU,14,5.9015,2.0015001,11.900002,11.132385,75.0,96.19387,935.63104,1.34,Snow fall: Heavy
2024-12-12 21:00:00+00:00,BOLU,14,2.5514998,0.7515,5.5,7.754637,73.0,93.661804,940.55365,1.98,Snow fall: Moderate
2024-12-13 21:00:00+00:00,BOLU,14,4.7515,-1.0485,1.4000001,4.613762,71.0,79.496,942.40826,8.47,Snow fall: Slight
2024-12-14 21:00:00+00:00,BOLU,14,6.3515,-0.54849994,13.5,6.5223618,73.0,72.904144,934.10626,2.03,Snow fall: Moderate
2024-12-15 21:00:00+00:00,BOLU,14,3.4015,-1.9485,6.399999,7.24486,73.0,94.24963,938.5948,2.55,Snow fall: Moderate
2024-12-16 21:00:00+00:00,BOLU,14,10.0515,-2.3985,0.0,9.396275,1.0,74.96667,939.6629,8.66,Mainly clear
2024-12-17 21:00:00+00:00,BOLU,14,8.5515,-0.19850004,0.0,8.431228,3.0,84.38726,938.5786,4.53,Overcast
2024-12-18 21:00:00+00:00,BOLU,14,12.1015005,-1.2485,0.0,4.913044,1.0,72.877205,933.03827,8.92,Mainly clear
2024-12-19 21:00:00+00:00,BOLU,14,12.7515,-1.9985,0.0,7.256032,2.0,72.363754,926.89105,8.95,Partly cloudy
2024-12-20 21:00:00+00:00,BOLU,14,10.7015,0.8015,14.8,10.028439,73.0,80.35778,925.5913,2.89,Snow fall: Moderate
2024-12-21 21:00:00+00:00,BOLU,14,5.2015,2.9515,8.2,8.197414,71.0,94.27164,927.42725,1.66,Snow fall: Slight
2024-12-22 21:00:00+00:00,BOLU,14,10.2515,0.6515,0.0,12.257194,3.0,75.84917,924.3401,8.03,Overcast
2024-12-23 21:00:00+00:00,BOLU,14,10.0515,1.0015,3.1000001,11.1090765,53.0,87.03699,921.77936,3.6,Drizzle: Moderate
2024-12-24 21:00:00+00:00,BOLU,14,12.2515,4.8015,2.9,11.304229,55.0,79.03037,925.15967,5.46,Drizzle: Dense
2024-12-25 21:00:00+00:00,BOLU,14,11.5015,1.4015,0.6,8.12197,51.0,86.33603,929.93164,5.36,Drizzle: Light
2024-12-26 21:00:00+00:00,BOLU,14,5.6515,1.4515,12.299998,6.7469993,73.0,94.14895,931.96027,1.75,Snow fall: Moderate
2024-12-27 21:00:00+00:00,BOLU,14,6.1515,1.4015,2.2999997,8.783189,73.0,87.00016,933.4196,5.49,Snow fall: Moderate
2024-12-28 21:00:00+00:00,BOLU,14,7.0515003,2.1015,1.4000001,8.39078,71.0,88.77166,935.3604,4.0,Snow fall: Slight
2024-12-29 21:00:00+00:00,BOLU,14,5.8515,1.6515,0.6,5.796447,51.0,85.667755,937.7369,3.56,Drizzle: Light
2024-12-30 21:00:00+00:00,BOLU,14,7.3515,-0.29849994,0.0,3.0758414,3.0,85.68978,942.3271,7.94,Overcast
2024-12-31 21:00:00+00:00,BOLU,14,11.9015,-1.6485001,0.0,3.9966483,0.0,58.618755,943.48145,9.3,Clear sky
2025-01-01 21:00:00+00:00,BOLU,14,13.4015,-2.7484999,0.0,6.552099,2.0,60.218887,939.5012,9.45,Partly cloudy
2025-01-02 21:00:00+00:00,BOLU,14,9.3015,-0.4985,0.0,15.376045,3.0,67.97484,934.8833,8.38,Overcast
2025-01-03 21:00:00+00:00,BOLU,14,9.4515,3.8515,7.5000005,13.719023,61.0,85.61893,932.45184,4.37,Rain: Slight
2025-01-04 21:00:00+00:00,BOLU,14,6.6015,2.1515,2.8999999,7.293888,53.0,93.23499,934.41547,4.02,Drizzle: Moderate
2025-01-05 21:00:00+00:00,BOLU,14,11.6515,-1.0984999,0.0,6.59154,2.0,70.85626,934.46216,9.34,Partly cloudy
2025-01-06 21:00:00+00:00,BOLU,14,14.3515005,1.3515,0.0,5.8603754,3.0,62.318817,935.61523,9.37,Overcast
2025-01-07 21:00:00+00:00,BOLU,14,13.2515,0.7015,0.0,7.5105524,3.0,76.77659,936.00366,8.7,Overcast
2025-01-08 21:00:00+00:00,BOLU,14,13.6515,-0.3485,0.0,5.896202,2.0,80.15597,934.96063,9.52,Partly cloudy
2025-01-09 21:00:00+00:00,BOLU,14,14.1015005,-1.0485,0.0,5.072041,3.0,72.043465,929.5196,9.4,Overcast
2025-01-10 21:00:00+00:00,BOLU,14,11.7015,-0.9985,0.6,9.587428,51.0,79.106285,928.8877,6.8,Drizzle: Light
2025-01-11 21:00:00+00:00,BOLU,14,9.8515005,4.2015,1.8000001,7.2403865,53.0,85.33383,930.16406,2.52,Drizzle: Moderate
2025-01-12 21:00:00+00:00,BOLU,14,7.2015,2.3515,7.2999997,10.00256,71.0,94.567345,935.7849,1.7,Snow fall: Slight
2025-01-13 21:00:00+00:00,BOLU,14,5.4015,1.7515,1.4000001,6.330782,71.0,93.08869,939.0822,3.51,Snow fall: Slight
2025-01-14 21:00:00+00:00,BOLU,14,10.1515,2.1015,3.2,7.0407386,53.0,90.67307,933.38885,3.91,Drizzle: Moderate
2025-01-15 21:00:00+00:00,BOLU,14,4.5515,2.9515,8.400001,6.0347,73.0,96.60084,941.33563,2.01,Snow fall: Moderate
2025-01-16 21:00:00+00:00,BOLU,14,6.3515,-0.04849994,1.8000002,6.1437774,71.0,88.42585,946.77216,5.48,Snow fall: Slight
2025-01-17 21:00:00+00:00,BOLU,14,8.4015,-1.1985,0.0,9.741642,3.0,63.406322,941.8365,10.03,Overcast
2025-01-18 21:00:00+00:00,BOLU,14,9.5015,-0.19850004,0.0,9.444426,3.0,84.21752,938.56464,10.09,Overcast
2025-01-19 21:00:00+00:00,BOLU,14,9.4515,-0.9985,0.0,7.570707,3.0,73.2183,937.87384,9.37,Overcast
2025-01-20 21:00:00+00:00,BOLU,14,13.0015,-2.3484998,0.0,7.970972,3.0,54.697178,934.55536,10.11,Overcast
2025-01-21 21:00:00+00:00,BOLU,14,11.3015,1.9015,5.9,9.614426,61.0,77.293884,932.5659,7.02,Rain: Slight
2025-01-22 21:00:00+00:00,BOLU,14,8.4515,1.2515,5.4999995,7.579261,55.0,87.14362,933.3179,4.56,Drizzle: Dense
2025-01-23 21:00:00+00:00,BOLU,14,11.4515,0.5515,0.0,9.743304,3.0,78.52188,933.3903,8.93,Overcast
2025-01-24 21:00:00+00:00,BOLU,14,5.3515,1.4015,11.800001,5.3517847,75.0,90.89863,933.31354,1.58,Snow fall: Heavy
2025-01-25 21:00:00+00:00,BOLU,14,14.0515,0.0015000105,0.0,8.181589,3.0,83.92184,936.98145,10.18,Overcast
2025-01-26 21:00:00+00:00,BOLU,14,14.3015,-1.1485001,0.0,3.0652893,3.0,74.59968,935.3256,11.6,Overcast
2025-01-27 21:00:00+00:00,BOLU,14,13.8515005,-1.8484999,0.0,7.6367526,3.0,66.3834,933.6211,11.84,Overcast
2025-01-28 21:00:00+00:00,BOLU,14,14.9515,-1.3985001,0.0,7.145796,3.0,62.12057,935.03424,11.94,Overcast
2025-01-29 21:00:00+00:00,BOLU,14,14.0015,-1.8985001,0.0,4.1046314,3.0,68.957985,936.8862,10.43,Overcast
2025-01-30 21:00:00+00:00,BOLU,14,12.8515005,2.6015,0.2,7.771331,51.0,70.425995,936.73175,11.39,Drizzle: Light
2025-01-31 21:00:00+00:00,BOLU,14,10.8515005,1.8515,0.0,6.830519,3.0,88.75012,939.49927,9.25,Overcast
2025-02-01 21:00:00+00:00,BOLU,14,12.5515,1.4015,0.0,8.338489,3.0,83.40311,938.06,11.57,Overcast
2025-02-02 21:00:00+00:00,BOLU,14,11.3515005,-0.14849997,1.1,9.92778,51.0,79.84624,932.71075,11.9,Drizzle: Light
2025-02-03 21:00:00+00:00,BOLU,14,3.1515,-0.54849994,5.5999994,8.936777,73.0,89.5953,935.9607,5.2,Snow fall: Moderate
2025-02-04 21:00:00+00:00,BOLU,14,0.7515,-2.9984999,8.1,7.289444,75.0,80.922386,934.8841,7.07,Snow fall: Heavy
2025-02-05 21:00:00+00:00,BOLU,14,-0.44850004,-4.5485,12.300001,7.9932966,75.0,81.17351,936.72125,10.61,Snow fall: Heavy
2025-02-06 21:00:00+00:00,BOLU,14,0.8015,-3.9484997,4.8,6.5049515,73.0,87.65909,941.3073,7.52,Snow fall: Moderate
2025-02-07 21:00:00+00:00,BOLU,14,1.7515,-1.3985001,1.4000002,7.6388745,71.0,86.108,941.6175,6.4,Snow fall: Slight
2025-02-08 21:00:00+00:00,BOLU,14,1.5015,-1.5984999,2.3999999,6.989936,73.0,86.51359,938.3437,5.67,Snow fall: Moderate
2025-02-09 21:00:00+00:00,BOLU,14,0.8015,-3.7985,2.6000001,5.4119864,73.0,83.170334,937.24677,7.7,Snow fall: Moderate
2025-02-10 21:00:00+00:00,BOLU,14,0.7515,-3.4484997,1.3000002,5.414979,71.0,82.11127,938.24786,8.23,Snow fall: Slight
2025-02-11 21:00:00+00:00,BOLU,14,1.8515,-7.8485003,0.9000001,8.099999,73.0,84.21392,937.7369,8.65,Snow fall: Moderate
2025-02-12 21:00:00+00:00,BOLU,14,2.3015,-1.2985,4.6999993,6.151683,73.0,89.57072,937.60547,6.93,Snow fall: Moderate
2025-02-13 21:00:00+00:00,BOLU,14,5.9015,-9.3485,0.0,5.771239,3.0,72.9925,933.302,14.41,Overcast
2025-02-14 21:00:00+00:00,BOLU,14,11.8515005,-2.2484999,0.4,15.922626,51.0,74.43032,930.79315,10.41,Drizzle: Light
2025-02-15 21:00:00+00:00,BOLU,14,9.2015,1.4015,3.3000002,7.44121,53.0,85.362755,929.4951,8.59,Drizzle: Moderate
2025-02-16 21:00:00+00:00,BOLU,14,10.2015,0.6515,8.7,13.089354,73.0,90.40516,927.9348,6.13,Snow fall: Moderate
2025-02-17 21:00:00+00:00,BOLU,14,3.2515001,0.9015,7.2999997,5.920878,73.0,96.422554,931.1097,6.0,Snow fall: Moderate
2025-02-18 21:00:00+00:00,BOLU,14,1.3015,-2.7985,8.200001,9.044888,75.0,90.31338,933.7868,6.84,Snow fall: Heavy
2025-02-19 21:00:00+00:00,BOLU,14,-1.4485,-7.2985,4.1,8.287822,73.0,77.35176,938.5135,12.41,Snow fall: Moderate
2025-02-20 21:00:00+00:00,BOLU,14,-3.3484998,-9.2485,12.2,10.9859,75.0,80.2129,939.4978,9.83,Snow fall: Heavy
2025-02-21 21:00:00+00:00,BOLU,14,-3.4484997,-11.9985,8.400001,7.491114,75.0,76.37904,940.37665,14.0,Snow fall: Heavy
2025-02-22 21:00:00+00:00,BOLU,14,-4.1485,-18.698502,3.7,6.151683,73.0,73.89268,941.64233,16.1,Snow fall: Moderate
2025-02-23 21:00:00+00:00,BOLU,14,-0.6485001,-17.2985,0.2,4.2671766,71.0,66.662544,940.9987,17.54,Snow fall: Slight
2025-02-24 21:00:00+00:00,BOLU,14,2.3015,-14.8984995,0.0,8.557102,3.0,65.91077,935.6162,16.82,Overcast
2025-02-25 21:00:00+00:00,BOLU,14,4.1015,-4.6984997,0.1,7.0199995,71.0,72.96757,935.4954,16.77,Snow fall: Slight
2025-02-26 21:00:00+00:00,BOLU,14,7.6515,-5.1984997,0.0,5.8104043,3.0,68.98202,935.2085,13.6,Overcast
2025-02-27 21:00:00+00:00,BOLU,14,7.1515,1.9015,0.9000001,5.00128,51.0,80.26006,932.7991,11.2,Drizzle: Light
2025-02-28 21:00:00+00:00,BOLU,14,10.0515,1.0015,0.0,9.039514,3.0,82.51113,936.104,16.63,Overcast
2025-03-01 21:00:00+00:00,BOLU,14,11.2015,-0.09850001,0.4,7.2403865,51.0,76.119606,935.6111,14.6,Drizzle: Light
2025-03-02 21:00:00+00:00,BOLU,14,4.4515,0.85150003,2.8999999,7.8625183,71.0,84.61659,935.5036,5.8,Snow fall: Slight
2025-03-03 21:00:00+00:00,BOLU,14,8.5515,-3.2484999,0.0,9.860649,3.0,73.79137,936.4556,17.62,Overcast
2025-03-04 21:00:00+00:00,BOLU,14,13.5015,-2.6984997,0.0,6.12,3.0,54.87595,938.19525,18.39,Overcast
2025-03-05 21:00:00+00:00,BOLU,14,17.4515,0.15149999,0.0,4.060985,3.0,37.06779,940.1623,17.88,Overcast
2025-03-06 21:00:00+00:00,BOLU,14,18.6015,1.9015,0.0,9.3962755,1.0,35.0875,936.1016,18.46,Mainly clear
2025-03-07 21:00:00+00:00,BOLU,14,18.0015,0.45150006,0.0,6.4924874,3.0,63.73473,928.5223,18.0,Overcast
2025-03-08 21:00:00+00:00,BOLU,14,17.401499,0.45150006,0.0,11.038858,3.0,71.870346,926.3725,18.6,Overcast
2025-03-09 21:00:00+00:00,BOLU,14,17.551498,2.7015,0.0,8.297589,0.0,64.19471,930.44025,18.76,Clear sky
2025-03-10 21:00:00+00:00,BOLU,14,18.901499,1.0515001,0.0,12.136325,3.0,57.834167,931.26984,18.89,Overcast
2025-03-11 21:00:00+00:00,BOLU,14,20.901499,4.4515,0.0,10.589448,3.0,52.786926,931.3215,16.74,Overcast
2025-03-12 21:00:00+00:00,BOLU,14,20.7015,3.1015,0.0,13.523978,3.0,52.17683,929.15314,15.83,Overcast
2025-03-13 21:00:00+00:00,BOLU,14,22.6015,5.1515,0.0,10.163227,3.0,53.78882,932.166,19.15,Overcast
2025-03-14 21:00:00+00:00,BOLU,14,24.1015,5.3015,0.0,11.989946,3.0,59.51012,934.9138,19.32,Overcast
2025-03-15 21:00:00+00:00,BOLU,14,25.1015,7.4015,0.1,14.186923,51.0,59.39739,930.68,16.21,Drizzle: Light
2025-03-16 21:00:00+00:00,BOLU,14,20.401499,8.0515,0.4,17.208603,51.0,71.25367,924.21875,15.8,Drizzle: Light
2025-03-17 21:00:00+00:00,BOLU,14,8.4515,1.0515001,14.000002,10.185519,71.0,87.34058,928.20465,5.81,Snow fall: Slight
2025-03-18 21:00:00+00:00,BOLU,14,0.8015,-2.1985002,3.1999996,13.878688,73.0,75.34491,937.1004,7.98,Snow fall: Moderate
2025-03-19 21:00:00+00:00,BOLU,14,3.6015,-2.3985,4.0,15.226764,73.0,77.51945,938.57227,9.02,Snow fall: Moderate
2025-03-20 21:00:00+00:00,BOLU,14,3.8515,-3.1984997,0.2,8.338489,51.0,77.27822,938.30524,9.35,Drizzle: Light
2025-03-21 21:00:00+00:00,BOLU,14,10.5515,-3.1485,0.0,7.388775,0.0,71.53777,936.3149,21.48,Clear sky
2025-03-22 21:00:00+00:00,BOLU,14,15.3015,-2.3985,0.0,10.656547,3.0,51.808807,936.4805,20.65,Overcast
2025-03-23 21:00:00+00:00,BOLU,14,16.7515,4.2515,0.0,7.6388745,3.0,69.6914,938.84326,6.91,Overcast
2025-03-24 21:00:00+00:00,BOLU,14,19.9515,7.2015,0.0,9.224011,3.0,68.871735,937.5344,11.96,Overcast
2025-03-25 21:00:00+00:00,BOLU,14,18.7515,8.5015,0.0,7.388775,3.0,62.072174,932.988,6.39,Overcast
2025-03-26 21:00:00+00:00,BOLU,14,23.0015,4.1515,0.0,9.648067,3.0,65.81044,928.3283,17.38,Overcast
2025-03-27 21:00:00+00:00,BOLU,14,23.301498,7.8015003,0.8,9.446141,53.0,62.28981,922.2342,13.01,Drizzle: Moderate
2025-03-28 21:00:00+00:00,BOLU,14,17.5015,6.9515,3.4,8.297589,61.0,80.25687,920.56757,17.33,Rain: Slight
2025-03-29 21:00:00+00:00,BOLU,14,15.2515,4.0015,11.2,10.656547,63.0,82.522934,922.2939,14.91,Rain: Moderate
2025-03-30 21:00:00+00:00,BOLU,14,16.3515,4.2015,0.90000004,15.096411,51.0,74.16906,924.465,17.87,Drizzle: Light
2025-03-31 21:00:00+00:00,BOLU,14,18.2015,6.0515003,4.8999996,12.267762,61.0,74.00967,924.5574,11.49,Rain: Slight
2025-04-01 21:00:00+00:00,BOLU,14,14.7515,5.5015,8.0,8.913181,63.0,87.65394,921.8117,10.83,Rain: Moderate
2025-04-02 21:00:00+00:00,BOLU,14,10.7015,5.4515,3.4999998,8.32877,51.0,90.165184,929.2911,6.72,Drizzle: Light
2025-04-03 21:00:00+00:00,BOLU,14,13.1015005,3.4515,4.0,5.1575575,55.0,86.711296,929.35944,13.17,Drizzle: Dense
2025-04-04 21:00:00+00:00,BOLU,14,14.2015,5.4515,0.2,13.910169,51.0,81.967606,923.4206,17.61,Drizzle: Light
2025-04-05 21:00:00+00:00,BOLU,14,14.8515005,3.6015,1.0,15.735336,53.0,74.81898,921.94415,17.04,Drizzle: Moderate
2025-04-06 21:00:00+00:00,BOLU,14,16.5015,3.0514998,3.8000002,21.531641,55.0,77.29475,924.4267,20.51,Drizzle: Dense
2025-04-07 21:00:00+00:00,BOLU,14,5.9515,1.6515,2.7,9.387651,73.0,85.22257,932.50055,5.85,Snow fall: Moderate
2025-04-08 21:00:00+00:00,BOLU,14,4.2515,-1.0984999,3.3,8.161764,73.0,85.39109,930.1877,5.07,Snow fall: Moderate
2025-04-09 21:00:00+00:00,BOLU,14,8.2515,-3.8985,0.0,11.788281,3.0,69.7487,928.94604,22.49,Overcast
2025-04-10 21:00:00+00:00,BOLU,14,4.2515,-7.6484995,14.8,15.048042,75.0,79.65331,925.6331,15.85,Snow fall: Heavy
2025-04-11 21:00:00+00:00,BOLU,14,2.6015,-4.4985,14.200001,11.090103,75.0,86.46585,926.6441,9.36,Snow fall: Heavy
2025-04-12 21:00:00+00:00,BOLU,14,4.9515,-1.3484999,0.7,8.297589,71.0,82.466835,933.4903,17.28,Snow fall: Slight
2025-04-13 21:00:00+00:00,BOLU,14,7.0015,-5.2485,0.4,8.654987,71.0,76.933655,935.9517,26.22,Snow fall: Slight
2025-04-14 21:00:00+00:00,BOLU,14,15.0515,-4.6485,0.0,6.502461,1.0,66.559425,936.99194,25.79,Mainly clear
2025-04-15 21:00:00+00:00,BOLU,14,19.3515,2.6515,0.0,6.330782,1.0,57.733906,938.519,25.23,Mainly clear
2025-04-16 21:00:00+00:00,BOLU,14,22.551498,6.7515,0.0,8.037761,0.0,62.37733,937.325,25.42,Clear sky
2025-04-17 21:00:00+00:00,BOLU,14,23.651499,9.5015,0.0,9.984729,3.0,55.67192,931.603,25.52,Overcast
2025-04-18 21:00:00+00:00,BOLU,14,20.151499,9.6015005,2.1999998,9.266067,53.0,59.787693,927.2044,17.99,Drizzle: Moderate
2025-04-19 21:00:00+00:00,BOLU,14,16.5015,6.2515,0.2,10.440001,51.0,80.37337,927.9929,18.23,Drizzle: Light
2025-04-20 21:00:00+00:00,BOLU,14,20.7015,6.2515,0.0,7.8954163,3.0,63.719357,928.2742,24.64,Overcast
2025-04-21 21:00:00+00:00,BOLU,14,21.7015,6.2515,0.1,7.653705,51.0,70.12788,928.4045,20.08,Drizzle: Light
2025-04-22 21:00:00+00:00,BOLU,14,20.5015,8.5515,2.1,7.2649574,55.0,78.08724,927.64166,22.18,Drizzle: Dense
2025-04-23 21:00:00+00:00,BOLU,14,20.4515,7.6015,9.5,11.39842,61.0,84.36288,922.8714,16.83,Rain: Slight
2025-04-24 21:00:00+00:00,BOLU,14,12.3515005,6.3515,17.8,11.892265,63.0,89.25509,923.37823,8.57,Rain: Moderate
2025-04-25 21:00:00+00:00,BOLU,14,16.7515,4.7515,0.1,9.028754,51.0,70.40809,925.7007,22.66,Drizzle: Light
2025-04-26 21:00:00+00:00,BOLU,14,15.5015,5.5015,4.8999996,7.458606,53.0,84.490166,932.0826,14.37,Drizzle: Moderate
2025-04-27 21:00:00+00:00,BOLU,14,16.2015,6.8015003,0.4,11.931705,51.0,80.642624,936.43195,17.54,Drizzle: Light
2025-04-28 21:00:00+00:00,BOLU,14,16.6015,4.3015,0.0,9.195868,3.0,76.9771,932.9868,25.57,Overcast
2025-04-29 21:00:00+00:00,BOLU,14,17.6015,4.7015,0.0,10.4166975,3.0,76.522156,930.489,24.31,Overcast
2025-04-30 21:00:00+00:00,BOLU,14,17.8515,7.2015,33.9,7.186487,65.0,85.53024,925.5833,14.73,Rain: Heavy
2025-05-01 21:00:00+00:00,BOLU,14,12.7515,7.9515,4.1,9.0018,53.0,90.52801,929.69775,8.62,Drizzle: Moderate
2025-05-02 21:00:00+00:00,BOLU,14,17.4515,7.9015,0.0,7.5019197,3.0,77.79091,931.9108,22.7,Overcast
2025-05-03 21:00:00+00:00,BOLU,14,17.7515,3.0015001,0.0,10.63372,3.0,66.04841,928.6018,29.15,Overcast
2025-05-04 21:00:00+00:00,BOLU,14,20.051498,6.8015003,0.0,8.6867485,1.0,50.678013,927.42096,28.36,Mainly clear
2025-05-05 21:00:00+00:00,BOLU,14,20.9515,10.1515,1.4000001,9.0018,53.0,69.31032,930.1546,23.35,Drizzle: Moderate
2025-05-06 21:00:00+00:00,BOLU,14,21.9515,10.8515005,5.0,9.761578,61.0,72.70394,930.866,21.24,Rain: Slight
2025-05-07 21:00:00+00:00,BOLU,14,23.1015,10.7015,0.0,12.074766,3.0,68.88566,928.6452,24.72,Overcast
2025-05-08 21:00:00+00:00,BOLU,14,22.9515,11.0015,0.3,12.662843,51.0,72.604706,930.1434,22.45,Drizzle: Light
2025-05-09 21:00:00+00:00,BOLU,14,21.3515,10.8015,3.7,10.813492,61.0,82.76499,929.71796,20.33,Rain: Slight
2025-05-10 21:00:00+00:00,BOLU,14,14.9515,9.8015,7.0999994,10.215693,63.0,89.17337,929.18195,11.94,Rain: Moderate
2025-05-11 21:00:00+00:00,BOLU,14,17.4515,7.9015,0.1,9.430694,51.0,81.509094,926.2029,21.28,Drizzle: Light
2025-05-12 21:00:00+00:00,BOLU,14,13.9515,5.8015003,1.5,9.983106,51.0,77.07827,927.31573,18.95,Drizzle: Light
2025-05-13 21:00:00+00:00,BOLU,14,12.7015,3.6515002,0.90000004,8.65873,53.0,80.427635,929.4517,20.3,Drizzle: Moderate
2025-05-14 21:00:00+00:00,BOLU,14,17.801498,2.5015001,0.0,8.39078,3.0,57.133606,930.64935,30.29,Overcast
2025-05-15 21:00:00+00:00,BOLU,14,22.2515,3.5514998,1.6999999,10.464797,61.0,68.7933,927.399,16.22,Rain: Slight
2025-05-16 21:00:00+00:00,BOLU,14,23.3515,13.8515005,1.4,19.62743,53.0,65.913795,926.52606,23.13,Drizzle: Moderate
2025-05-17 21:00:00+00:00,BOLU,14,17.7015,7.9015,6.6,11.712455,61.0,88.293175,932.0628,18.6,Rain: Slight
2025-05-18 21:00:00+00:00,BOLU,14,19.9515,4.0015,0.0,10.285232,1.0,61.00174,933.90015,30.0,Mainly clear
2025-05-19 21:00:00+00:00,BOLU,14,16.1015,8.1015,0.3,17.750774,51.0,70.957306,932.9654,23.62,Drizzle: Light
2025-05-20 21:00:00+00:00,BOLU,14,20.801498,7.0515003,0.0,10.266314,3.0,61.929214,934.3615,28.71,Overcast
2025-05-21 21:00:00+00:00,BOLU,14,23.551498,6.9015,0.0,10.105681,3.0,65.91677,932.0628,27.17,Overcast
2025-05-22 21:00:00+00:00,BOLU,14,25.8515,8.8515,0.0,13.833091,3.0,66.29458,928.81714,26.67,Overcast
2025-05-23 21:00:00+00:00,BOLU,14,25.4515,14.2015,0.0,9.5416975,3.0,65.946236,930.1186,26.47,Overcast
2025-05-24 21:00:00+00:00,BOLU,14,30.6015,10.8515005,0.0,8.909545,3.0,61.377033,928.2908,26.67,Overcast
2025-05-25 21:00:00+00:00,BOLU,14,27.051498,13.3515005,9.0,16.584438,63.0,78.64355,925.9384,18.18,Rain: Moderate
2025-05-26 21:00:00+00:00,BOLU,14,16.651499,9.9515,0.9000001,13.690654,51.0,78.66455,928.02765,20.49,Drizzle: Light
2025-05-27 21:00:00+00:00,BOLU,14,18.6015,8.3515,0.0,10.837435,3.0,72.09118,928.1297,23.67,Overcast
2025-05-28 21:00:00+00:00,BOLU,14,18.5015,9.6015005,0.6,8.827343,51.0,76.59467,926.65594,22.81,Drizzle: Light
2025-05-29 21:00:00+00:00,BOLU,14,19.0015,8.6515,0.6,9.595874,53.0,76.1304,927.68866,22.05,Drizzle: Moderate
2025-05-30 21:00:00+00:00,BOLU,14,18.7515,8.6515,1.9,7.538541,61.0,81.18253,931.0533,19.75,Rain: Slight
2025-05-31 21:00:00+00:00,BOLU,14,18.151499,11.5515,2.9000003,5.1575575,51.0,86.66904,932.31024,14.96,Drizzle: Light
2025-06-01 21:00:00+00:00,BOLU,14,19.651499,8.9515,0.4,8.37532,51.0,82.8382,935.02606,20.68,Drizzle: Light
2025-06-02 21:00:00+00:00,BOLU,14,22.9515,7.6515,0.0,8.149847,0.0,71.72843,935.76666,28.45,Clear sky
2025-06-03 21:00:00+00:00,BOLU,14,24.651499,12.1015005,0.0,6.1858225,0.0,63.67464,935.6263,30.72,Clear sky
2025-06-04 21:00:00+00:00,BOLU,14,25.801498,12.4015,0.0,9.931042,0.0,55.811398,935.67755,29.94,Clear sky
2025-06-05 21:00:00+00:00,BOLU,14,27.0015,15.1515,0.0,7.970972,3.0,65.545784,934.36084,28.31,Overcast
2025-06-06 21:00:00+00:00,BOLU,14,27.9515,13.0015,0.0,5.637765,3.0,72.32312,933.6612,27.02,Overcast
2025-06-07 21:00:00+00:00,BOLU,14,27.7515,14.9515,0.0,7.9526596,3.0,67.68039,931.7454,29.83,Overcast
2025-06-08 21:00:00+00:00,BOLU,14,28.0015,13.2015,0.0,6.889557,3.0,71.93879,931.50287,28.35,Overcast
2025-06-09 21:00:00+00:00,BOLU,14,25.651499,14.0015,0.3,11.892265,51.0,71.22462,933.602,27.31,Drizzle: Light
2025-06-10 21:00:00+00:00,BOLU,14,27.1015,14.3015,0.0,8.027678,2.0,71.71157,931.26074,27.6,Partly cloudy
2025-06-11 21:00:00+00:00,BOLU,14,26.3515,15.8515005,0.0,8.863972,2.0,75.53619,932.6464,26.76,Partly cloudy
2025-06-12 21:00:00+00:00,BOLU,14,25.8515,14.0515,0.0,12.886039,3.0,73.55109,933.85236,26.81,Overcast
2025-06-13 21:00:00+00:00,BOLU,14,22.2015,10.4015,0.0,13.31635,3.0,67.35076,933.7021,30.11,Overcast
2025-06-14 21:00:00+00:00,BOLU,14,19.651499,9.5515,0.1,8.415842,51.0,72.12258,933.2742,22.28,Drizzle: Light
2025-06-15 21:00:00+00:00,BOLU,14,20.3515,8.9015,0.3,9.807935,51.0,68.720634,932.7941,24.17,Drizzle: Light
2025-06-16 21:00:00+00:00,BOLU,14,23.401499,9.6515,0.0,10.694485,3.0,62.6416,933.91486,26.95,Overcast
2025-06-17 21:00:00+00:00,BOLU,14,25.8515,11.6015005,0.0,10.908951,0.0,59.81407,935.74286,31.0,Clear sky
2025-06-18 21:00:00+00:00,BOLU,14,27.0015,13.1015005,0.0,7.555712,0.0,61.463135,934.5485,30.87,Clear sky
2025-06-19 21:00:00+00:00,BOLU,14,27.901499,14.3515005,0.0,10.692969,1.0,50.49989,931.63446,31.39,Mainly clear
2025-06-20 21:00:00+00:00,BOLU,14,22.7515,12.3515005,0.6,15.530151,51.0,64.49217,933.3188,21.69,Drizzle: Light
2025-06-21 21:00:00+00:00,BOLU,14,21.551498,9.3515,0.0,12.638512,2.0,62.35094,934.4614,30.07,Partly cloudy
2025-06-22 21:00:00+00:00,BOLU,14,25.401499,9.1015,0.0,8.260411,0.0,55.16785,933.6495,31.46,Clear sky
2025-06-23 21:00:00+00:00,BOLU,14,28.551498,12.3015,0.0,9.6932955,0.0,48.083828,932.60425,31.68,Clear sky
2025-06-24 21:00:00+00:00,BOLU,14,30.5015,14.7015,0.0,9.0018,0.0,44.17348,932.4063,31.44,Clear sky
2025-06-25 21:00:00+00:00,BOLU,14,31.401499,16.7015,0.0,9.580668,0.0,41.642643,932.49896,31.09,Clear sky
2025-06-26 21:00:00+00:00,BOLU,14,29.551498,16.6015,0.0,12.538134,0.0,40.730938,933.21655,31.37,Clear sky
2025-06-27 21:00:00+00:00,BOLU,14,27.051498,14.7015,0.0,11.588701,0.0,41.375843,929.5246,31.96,Clear sky
2025-06-28 21:00:00+00:00,BOLU,14,19.401499,13.6015005,2.0,12.421304,53.0,66.12425,929.90314,19.57,Drizzle: Moderate
2025-06-29 21:00:00+00:00,BOLU,14,23.2015,9.8515005,0.0,6.156947,3.0,73.99477,931.0108,21.42,Overcast
2025-06-30 21:00:00+00:00,BOLU,14,26.051498,14.0515,1.5000001,8.865799,51.0,67.656944,930.9108,27.18,Drizzle: Light
2025-07-01 21:00:00+00:00,BOLU,14,22.2015,12.9015,0.4,12.688404,51.0,67.811615,932.9764,30.27,Drizzle: Light
2025-07-02 21:00:00+00:00,BOLU,14,23.151499,9.0515,0.0,14.4415655,3.0,64.59397,934.4173,25.43,Overcast
2025-07-03 21:00:00+00:00,BOLU,14,23.151499,11.5015,0.0,16.383955,3.0,68.220314,935.30054,21.61,Overcast
2025-07-04 21:00:00+00:00,BOLU,14,28.301498,11.1515,0.0,10.514218,0.0,59.249798,934.23175,30.9,Clear sky
2025-07-05 21:00:00+00:00,BOLU,14,31.2515,13.2015,0.0,10.931203,1.0,53.7664,932.97406,29.19,Mainly clear
2025-07-06 21:00:00+00:00,BOLU,14,32.4015,13.6015005,0.0,8.099999,0.0,47.24497,929.0877,29.7,Clear sky
2025-07-07 21:00:00+00:00,BOLU,14,31.2015,18.651499,0.0,12.193588,0.0,48.58595,927.23175,30.81,Clear sky
2025-07-08 21:00:00+00:00,BOLU,14,33.6515,18.151499,0.0,10.658068,0.0,38.60399,926.09937,31.19,Clear sky
2025-07-09 21:00:00+00:00,BOLU,14,28.7515,18.0015,0.3,9.781473,51.0,59.490322,926.6486,26.06,Drizzle: Light
2025-07-10 21:00:00+00:00,BOLU,14,29.051498,17.7515,0.0,7.6409945,3.0,68.225876,928.3889,26.09,Overcast
2025-07-11 21:00:00+00:00,BOLU,14,29.301498,16.5015,0.0,8.9873905,3.0,71.491356,931.56323,25.69,Overcast
2025-07-12 21:00:00+00:00,BOLU,14,29.2515,16.2015,0.0,12.503199,0.0,61.43555,934.581,29.63,Clear sky
2025-07-13 21:00:00+00:00,BOLU,14,31.3515,16.7515,0.0,10.390226,0.0,55.463333,932.5752,29.18,Clear sky
2025-07-14 21:00:00+00:00,BOLU,14,30.8515,17.5015,0.0,7.8149853,3.0,57.33276,927.8926,24.46,Overcast
2025-07-15 21:00:00+00:00,BOLU,14,30.401499,17.401499,0.0,10.075177,3.0,58.315296,927.1504,26.38,Overcast
2025-07-16 21:00:00+00:00,BOLU,14,30.2515,18.1015,0.0,11.351422,1.0,52.29457,928.5878,26.92,Mainly clear
2025-07-17 21:00:00+00:00,BOLU,14,29.2015,20.1015,0.0,8.880405,3.0,56.15032,929.77167,22.64,Overcast
2025-07-18 21:00:00+00:00,BOLU,14,28.9515,18.551498,1.9,10.195057,61.0,69.23562,930.4717,24.51,Rain: Slight
2025-07-19 21:00:00+00:00,BOLU,14,28.6015,16.1015,0.0,12.791403,0.0,56.88161,929.4053,29.31,Clear sky
2025-07-20 21:00:00+00:00,BOLU,14,29.151499,15.1515,0.0,9.82114,0.0,52.974503,929.5171,29.95,Clear sky
2025-07-21 21:00:00+00:00,BOLU,14,32.4515,15.9515,0.0,10.8029995,0.0,39.283806,930.3794,30.18,Clear sky
2025-07-22 21:00:00+00:00,BOLU,14,34.6515,18.7015,0.0,14.51876,0.0,35.101788,930.1806,29.6,Clear sky
2025-07-23 21:00:00+00:00,BOLU,14,34.6515,17.901499,0.0,14.8257065,0.0,36.245686,929.4792,28.92,Clear sky
2025-07-24 21:00:00+00:00,BOLU,14,32.4515,19.051498,0.0,12.483749,0.0,38.44799,930.4196,29.4,Clear sky
2025-07-25 21:00:00+00:00,BOLU,14,33.3515,16.7015,0.0,13.3649235,0.0,41.985367,930.7448,29.69,Clear sky
2025-07-26 21:00:00+00:00,BOLU,14,38.2015,15.1015005,0.0,12.362475,0.0,36.968243,925.3674,29.74,Clear sky
2025-07-27 21:00:00+00:00,BOLU,14,36.0015,22.3515,0.0,9.449572,1.0,35.222458,923.1149,27.39,Mainly clear
2025-07-28 21:00:00+00:00,BOLU,14,34.4015,23.0015,0.0,12.864649,0.0,45.91057,923.7033,28.52,Clear sky
2025-07-29 21:00:00+00:00,BOLU,14,33.2015,19.9515,0.1,10.783486,51.0,55.482418,927.9758,27.38,Drizzle: Light
2025-07-30 21:00:00+00:00,BOLU,14,30.901499,19.4515,0.1,11.391313,51.0,69.415306,928.7242,21.94,Drizzle: Light
2025-07-31 21:00:00+00:00,BOLU,14,27.4515,19.5015,0.90000004,14.256409,51.0,75.45256,927.64777,15.29,Drizzle: Light
2025-08-01 21:00:00+00:00,BOLU,14,27.5015,20.651499,1.0,8.133928,51.0,73.47532,927.71185,16.7,Drizzle: Light
2025-08-02 21:00:00+00:00,BOLU,14,25.651499,19.1015,5.899999,7.0911775,63.0,81.6417,929.86334,16.69,Rain: Moderate
2025-08-03 21:00:00+00:00,BOLU,14,30.301498,17.2515,0.0,6.76618,2.0,69.013466,931.89374,24.12,Partly cloudy
2025-08-04 21:00:00+00:00,BOLU,14,32.6515,19.8515,0.70000005,9.627896,51.0,61.817352,932.14606,23.62,Drizzle: Light
2025-08-05 21:00:00+00:00,BOLU,14,34.5515,19.2515,0.0,9.144637,1.0,54.43369,930.46436,23.88,Mainly clear
2025-08-06 21:00:00+00:00,BOLU,14,29.801498,17.4515,0.2,13.737904,51.0,64.494484,932.25714,25.16,Drizzle: Light
2025-08-07 21:00:00+00:00,BOLU,14,29.0015,18.7015,0.9000001,13.044722,53.0,66.569466,935.0913,21.66,Drizzle: Moderate
2025-08-08 21:00:00+00:00,BOLU,14,31.9515,17.5015,0.0,12.387348,0.0,60.414394,937.3619,26.97,Clear sky
2025-08-09 21:00:00+00:00,BOLU,14,32.8015,18.651499,0.0,11.793777,0.0,47.75906,936.9995,27.3,Clear sky
2025-08-10 21:00:00+00:00,BOLU,14,31.6015,16.901499,0.0,10.464798,0.0,43.62552,934.6296,27.45,Clear sky
2025-08-11 21:00:00+00:00,BOLU,14,31.401499,16.4515,0.0,11.503113,0.0,37.084568,935.6198,27.17,Clear sky
2025-08-12 21:00:00+00:00,BOLU,14,32.8515,17.4515,0.0,9.97986,0.0,54.30015,935.68964,26.71,Clear sky
2025-08-13 21:00:00+00:00,BOLU,14,35.1515,18.8515,0.0,9.860649,1.0,48.735165,933.8198,26.33,Mainly clear
2025-08-14 21:00:00+00:00,BOLU,14,33.2515,18.5015,0.0,9.721666,0.0,45.58459,931.7076,26.02,Clear sky
2025-08-15 21:00:00+00:00,BOLU,14,30.3515,14.5515,0.0,7.970972,0.0,57.115814,929.6834,26.95,Clear sky
2025-08-16 21:00:00+00:00,BOLU,14,33.601498,14.3015,0.0,11.720751,1.0,50.974766,926.6946,26.24,Mainly clear
2025-08-17 21:00:00+00:00,BOLU,14,28.551498,15.2015,0.2,9.743305,51.0,66.99004,928.5113,22.26,Drizzle: Light
2025-08-18 21:00:00+00:00,BOLU,14,28.9515,16.6015,0.1,14.410121,51.0,65.38197,930.0566,23.45,Drizzle: Light
2025-08-19 21:00:00+00:00,BOLU,14,25.901499,15.2515,2.7999997,10.837435,53.0,70.17881,929.2256,21.45,Drizzle: Moderate
2025-08-20 21:00:00+00:00,BOLU,14,29.0015,14.1015005,0.0,7.7400002,2.0,65.69196,930.9266,24.89,Partly cloudy
2025-08-21 21:00:00+00:00,BOLU,14,33.601498,15.5015,0.0,10.597094,0.0,40.725857,928.72705,26.49,Clear sky
2025-08-22 21:00:00+00:00,BOLU,14,28.8515,18.301498,0.0,13.060857,3.0,51.463566,928.10547,24.01,Overcast
2025-08-23 21:00:00+00:00,BOLU,14,25.151499,16.3515,3.2000003,9.220499,53.0,72.04519,930.36664,19.75,Drizzle: Moderate
2025-08-24 21:00:00+00:00,BOLU,14,25.7015,14.4015,0.0,12.984975,3.0,69.38106,933.0948,17.78,Overcast
2025-08-25 21:00:00+00:00,BOLU,14,26.7515,12.1015005,0.0,12.594856,0.0,62.53487,932.83356,22.27,Clear sky
2025-08-26 21:00:00+00:00,BOLU,14,28.801498,14.2015,0.0,9.668195,2.0,57.117706,932.40424,23.09,Partly cloudy
2025-08-27 21:00:00+00:00,BOLU,14,28.8515,13.2515,0.0,10.658068,1.0,58.17157,932.8269,24.89,Mainly clear
2025-08-28 21:00:00+00:00,BOLU,14,30.401499,15.0515,0.0,11.328566,0.0,52.27934,931.13275,24.73,Clear sky
2025-08-29 21:00:00+00:00,BOLU,14,32.4515,17.651499,0.0,13.53236,0.0,54.73317,930.1587,24.48,Clear sky
2025-08-30 21:00:00+00:00,BOLU,14,33.2515,18.1015,0.0,14.336861,0.0,49.349407,930.13153,24.48,Clear sky
2025-08-31 21:00:00+00:00,BOLU,14,28.051498,16.5515,0.0,15.659999,1.0,60.31386,929.5918,22.26,Mainly clear
2025-09-01 21:00:00+00:00,BOLU,14,28.6015,15.3015,0.0,11.672275,2.0,62.922287,929.14233,23.07,Partly cloudy
2025-09-02 21:00:00+00:00,BOLU,14,26.0015,14.1015005,0.1,12.097553,51.0,63.54466,930.1661,18.41,Drizzle: Light
2025-09-03 21:00:00+00:00,BOLU,14,30.3515,13.2515,0.0,10.075177,0.0,58.37389,929.4876,23.67,Clear sky
2025-09-04 21:00:00+00:00,BOLU,14,31.551498,13.5515,1.0,13.752047,53.0,62.545063,930.0053,20.25,Drizzle: Moderate
2025-09-05 21:00:00+00:00,BOLU,14,24.651499,16.6015,5.3999996,8.287822,61.0,83.90859,931.6343,12.6,Rain: Slight
2025-09-06 21:00:00+00:00,BOLU,14,23.2015,15.0515,2.1000001,7.995323,51.0,77.21051,931.9221,16.53,Drizzle: Light
2025-09-07 21:00:00+00:00,BOLU,14,23.2515,13.6015005,0.5,10.094454,51.0,74.99837,930.55597,18.04,Drizzle: Light
2025-09-08 21:00:00+00:00,BOLU,14,24.901499,11.0015,0.0,9.3962755,2.0,69.21815,931.91754,21.01,Partly cloudy
2025-09-09 21:00:00+00:00,BOLU,14,25.6015,12.0015,0.0,11.666721,1.0,63.446712,934.55804,21.85,Mainly clear
2025-09-10 21:00:00+00:00,BOLU,14,25.6015,12.3015,0.0,12.525207,2.0,67.195854,934.0529,18.97,Partly cloudy
2025-09-11 21:00:00+00:00,BOLU,14,27.7015,13.5015,0.0,13.324863,3.0,67.46764,933.6796,21.11,Overcast
2025-09-12 21:00:00+00:00,BOLU,14,26.2015,14.4515,0.0,10.957846,3.0,71.43397,936.1137,18.41,Overcast
2025-09-13 21:00:00+00:00,BOLU,14,27.3515,14.8515005,0.0,11.362834,3.0,70.05074,935.0756,19.72,Overcast
2025-09-14 21:00:00+00:00,BOLU,14,26.901499,13.6515,0.0,10.931203,3.0,68.85235,933.24554,20.27,Overcast
2025-09-15 21:00:00+00:00,BOLU,14,24.5015,12.6015005,0.1,11.345712,51.0,72.85453,934.979,20.74,Drizzle: Light
2025-09-16 21:00:00+00:00,BOLU,14,27.9515,10.9515,0.0,9.059205,3.0,54.01492,931.615,21.73,Overcast
2025-09-17 21:00:00+00:00,BOLU,14,16.2015,11.0515,18.599997,8.790563,63.0,86.20072,934.1235,10.91,Rain: Moderate
2025-09-18 21:00:00+00:00,BOLU,14,17.8515,10.7015,4.0,10.644379,53.0,81.223305,938.7204,13.84,Drizzle: Moderate
2025-09-19 21:00:00+00:00,BOLU,14,20.3515,9.3515,0.0,11.782784,3.0,71.94278,939.74786,20.57,Overcast
2025-09-20 21:00:00+00:00,BOLU,14,23.551498,8.8015,0.0,9.418662,0.0,65.16217,937.4302,20.71,Clear sky
2025-09-21 21:00:00+00:00,BOLU,14,26.551498,7.2015,0.0,5.2478566,0.0,60.037663,934.3574,20.84,Clear sky
2025-09-22 21:00:00+00:00,BOLU,14,27.9515,7.4015,0.0,8.39078,0.0,52.616604,933.24396,20.81,Clear sky
2025-09-23 21:00:00+00:00,BOLU,14,27.551498,12.7515,0.0,8.211235,3.0,51.47642,932.1546,20.11,Overcast
2025-09-24 21:00:00+00:00,BOLU,14,24.4515,13.5015,0.4,7.7734165,51.0,75.28521,932.71185,18.86,Drizzle: Light
2025-09-25 21:00:00+00:00,BOLU,14,22.151499,11.0015,0.0,10.348043,3.0,70.470436,935.74316,17.82,Overcast
2025-09-26 21:00:00+00:00,BOLU,14,19.1015,11.2515,0.1,9.6480665,51.0,76.358185,935.36206,10.45,Drizzle: Light
2025-09-27 21:00:00+00:00,BOLU,14,21.7015,8.4015,0.0,10.962281,3.0,78.67666,932.0918,16.28,Overcast
2025-09-28 21:00:00+00:00,BOLU,14,17.7015,12.1015005,12.100001,9.96524,61.0,90.204216,929.6878,4.14,Rain: Slight
2025-09-29 21:00:00+00:00,BOLU,14,16.651499,10.9515,9.000003,9.801326,61.0,86.793945,933.082,10.25,Rain: Slight
2025-09-30 21:00:00+00:00,BOLU,14,17.5015,7.7515,0.3,9.913082,51.0,80.18496,934.07446,12.71,Drizzle: Light
2025-10-01 21:00:00+00:00,BOLU,14,22.651499,5.8015003,0.0,9.172938,3.0,65.477165,930.1389,18.29,Overcast
2025-10-02 21:00:00+00:00,BOLU,14,24.551498,8.7015,0.0,15.3264475,3.0,59.91942,925.9463,16.32,Overcast
2025-10-03 21:00:00+00:00,BOLU,14,22.2515,11.3015,1.3000001,17.892578,55.0,71.403404,930.0686,13.44,Drizzle: Dense
2025-10-04 21:00:00+00:00,BOLU,14,20.2515,9.6515,0.0,12.768586,3.0,69.01862,932.3789,14.5,Overcast
2025-10-05 21:00:00+00:00,BOLU,14,22.401499,5.9015,0.0,10.692969,0.0,64.706505,929.30493,17.96,Clear sky
2025-10-06 21:00:00+00:00,BOLU,14,22.901499,8.7015,15.2,8.641874,63.0,63.94525,924.1257,10.94,Rain: Moderate
2025-10-07 21:00:00+00:00,BOLU,14,18.9515,10.1515,3.6,14.408997,55.0,72.14187,923.3759,13.35,Drizzle: Dense
2025-10-08 21:00:00+00:00,BOLU,14,14.8015,7.6515,6.4,16.568802,61.0,83.16627,929.1674,8.62,Rain: Slight
2025-10-09 21:00:00+00:00,BOLU,14,15.6015005,7.8015003,0.5,12.093534,51.0,80.22953,937.25146,12.1,Drizzle: Light
2025-10-10 21:00:00+00:00,BOLU,14,15.6515,4.8515,12.7,14.830076,61.0,84.52221,934.288,8.3,Rain: Slight
2025-10-11 21:00:00+00:00,BOLU,14,11.3015,6.4515,4.4999995,9.473541,53.0,87.03875,935.86566,8.03,Drizzle: Moderate
2025-10-12 21:00:00+00:00,BOLU,14,16.3515,8.8515,1.6000001,5.9427266,51.0,79.86652,935.44025,9.59,Drizzle: Light
2025-10-13 21:00:00+00:00,BOLU,14,18.651499,5.2015,0.0,10.234705,3.0,74.53415,934.09,13.71,Overcast
2025-10-14 21:00:00+00:00,BOLU,14,15.4515,6.7015,0.1,6.5520988,51.0,79.93824,935.0141,11.2,Drizzle: Light
2025-10-15 21:00:00+00:00,BOLU,14,16.901499,7.3515,1.0,7.1321807,53.0,84.18778,936.09674,12.33,Drizzle: Moderate
2025-10-16 21:00:00+00:00,BOLU,14,21.1015,4.4515,0.0,10.739832,3.0,71.37247,935.2112,15.01,Overcast
2025-10-17 21:00:00+00:00,BOLU,14,19.8515,6.4515,0.6,11.252519,53.0,72.11211,934.3918,11.41,Drizzle: Moderate
2025-10-18 21:00:00+00:00,BOLU,14,15.8015,9.5015,12.800001,9.734988,63.0,91.820496,933.5928,6.7,Rain: Moderate
2025-10-19 21:00:00+00:00,BOLU,14,14.6015005,6.1015,3.6,7.69592,53.0,78.01331,932.9163,12.74,Drizzle: Moderate
2025-10-20 21:00:00+00:00,BOLU,14,18.2515,4.9015,0.0,8.528657,3.0,65.74743,931.22217,14.79,Overcast
2025-10-21 21:00:00+00:00,BOLU,14,18.901499,5.4515,0.4,13.125196,51.0,76.78513,930.372,10.33,Drizzle: Light
2025-10-22 21:00:00+00:00,BOLU,14,19.3515,8.8515,1.9000001,11.457958,53.0,82.34812,930.1445,8.19,Drizzle: Moderate
2025-10-23 21:00:00+00:00,BOLU,14,20.4515,11.6515,0.1,16.575644,51.0,74.30075,927.6753,11.37,Drizzle: Light
2025-10-24 21:00:00+00:00,BOLU,14,19.401499,12.2515,7.7999997,13.207634,61.0,84.54569,928.739,10.25,Rain: Slight
2025-10-25 21:00:00+00:00,BOLU,14,19.3515,10.0015,0.3,11.032987,51.0,73.34385,929.228,13.27,Drizzle: Light
2025-10-26 21:00:00+00:00,BOLU,14,23.2515,10.0015,0.0,20.037485,3.0,62.750427,925.792,13.21,Overcast
2025-10-27 21:00:00+00:00,BOLU,14,18.2515,10.0515,10.0,16.836496,63.0,81.20221,927.8963,7.98,Rain: Moderate
2025-10-28 21:00:00+00:00,BOLU,14,13.6515,6.7515,4.5,8.538149,61.0,72.785255,936.5659,12.23,Rain: Slight
2025-10-29 21:00:00+00:00,BOLU,14,19.551498,4.9015,0.0,5.8603754,0.0,48.503452,936.17554,13.87,Clear sky
2025-10-30 21:00:00+00:00,BOLU,14,20.301498,2.3015,0.0,8.12197,3.0,61.469723,935.0257,12.9,Overcast
2025-10-31 21:00:00+00:00,BOLU,14,19.7015,7.6515,0.0,4.452954,3.0,50.780502,937.16016,13.48,Overcast
2025-11-01 21:00:00+00:00,BOLU,14,21.5015,7.1515,0.0,2.34,3.0,50.96489,936.9268,12.92,Overcast
2025-11-02 21:00:00+00:00,BOLU,14,22.2015,4.9515,0.0,7.3997297,3.0,58.18375,934.70245,12.18,Overcast
2025-11-03 21:00:00+00:00,BOLU,14,20.8515,9.9015,0.0,6.090812,3.0,62.71626,935.74225,11.52,Overcast
2025-11-04 21:00:00+00:00,BOLU,14,20.3515,8.1515,0.2,7.3094187,51.0,74.72721,935.5188,11.93,Drizzle: Light
2025-11-05 21:00:00+00:00,BOLU,14,21.7015,6.2515,0.0,6.310277,3.0,73.174286,931.4385,10.11,Overcast
2025-11-06 21:00:00+00:00,BOLU,14,21.0015,6.5515003,0.0,9.659814,3.0,73.54871,930.4956,9.87,Overcast
2025-11-07 21:00:00+00:00,BOLU,14,20.651499,6.5015,0.0,12.535549,3.0,71.29385,933.9851,10.71,Overcast
2025-11-08 21:00:00+00:00,BOLU,14,20.2015,4.6015,0.0,8.3520775,3.0,74.52625,935.6275,10.73,Overcast
2025-11-09 21:00:00+00:00,BOLU,14,19.8515,5.3515,0.0,6.696387,3.0,70.92458,933.38336,8.84,Overcast
2025-11-10 21:00:00+00:00,BOLU,14,19.301498,5.2015,0.4,11.592894,51.0,71.567116,929.2581,11.09,Drizzle: Light
2025-11-11 21:00:00+00:00,BOLU,14,11.7515,7.7515,15.400001,12.879752,63.0,91.914825,933.4062,2.2,Rain: Moderate
2025-11-12 21:00:00+00:00,BOLU,14,12.5515,7.3515,2.6,7.1661706,53.0,88.783264,936.1296,6.62,Drizzle: Moderate
2025-11-13 21:00:00+00:00,BOLU,14,9.6515,5.3015,4.2,7.5213294,51.0,84.31252,934.7769,6.54,Drizzle: Light
2025-11-14 21:00:00+00:00,BOLU,14,12.7015,0.7015,0.2,2.9024127,51.0,78.4697,932.71564,11.11,Drizzle: Light
2025-11-15 21:00:00+00:00,BOLU,14,16.1015,0.5515,0.0,7.519175,3.0,53.780125,932.54517,11.31,Overcast
2025-11-16 21:00:00+00:00,BOLU,14,17.401499,-0.69850004,0.0,9.021574,2.0,59.99013,935.02026,11.17,Partly cloudy
2025-11-17 21:00:00+00:00,BOLU,14,18.7515,4.5015,0.0,8.049845,3.0,54.915966,935.4157,10.43,Overcast
2025-11-18 21:00:00+00:00,BOLU,14,18.4515,4.8515,0.0,2.907989,3.0,68.219475,934.17914,7.81,Overcast
2025-11-19 21:00:00+00:00,BOLU,14,16.7515,3.8014998,0.0,8.936778,3.0,68.73846,934.458,8.45,Overcast
2025-11-20 21:00:00+00:00,BOLU,14,19.1015,3.9515,0.0,4.4565907,3.0,60.375122,935.01855,9.64,Overcast
2025-11-21 21:00:00+00:00,BOLU,14,20.4515,5.5515003,0.0,8.297589,3.0,56.267487,934.77124,8.69,Overcast
2025-11-22 21:00:00+00:00,BOLU,14,21.0015,7.0015,0.0,5.9834766,3.0,59.90179,931.93896,9.11,Overcast
2025-11-23 21:00:00+00:00,BOLU,14,12.2015,3.1515,3.3,8.415842,55.0,84.71393,931.6343,4.6,Drizzle: Dense
2025-11-24 21:00:00+00:00,BOLU,14,15.7015,0.8015,0.0,8.037761,3.0,81.305916,931.41595,9.43,Overcast
2025-11-25 21:00:00+00:00,BOLU,14,15.7515,1.9015,0.0,11.190442,3.0,72.2051,931.2061,9.97,Overcast
2025-11-26 21:00:00+00:00,BOLU,14,17.151499,2.6515,0.0,8.723967,3.0,75.24312,932.48047,9.22,Overcast
2025-11-27 21:00:00+00:00,BOLU,14,16.5515,1.3015,0.0,3.8773184,3.0,78.13748,932.6779,9.41,Overcast
2025-11-28 21:00:00+00:00,BOLU,14,16.8515,2.8515,2.9,12.081472,53.0,73.27633,927.424,7.05,Drizzle: Moderate
2025-11-29 21:00:00+00:00,BOLU,14,12.9515,4.2015,4.3999996,11.334285,61.0,81.09957,925.9536,7.95,Rain: Slight
2025-11-30 21:00:00+00:00,BOLU,14,10.6515,3.0514998,7.5999994,9.726665,71.0,87.386444,931.8757,7.14,Snow fall: Slight
2025-12-01 21:00:00+00:00,BOLU,14,11.2015,1.3015,0.0,5.426933,3.0,82.89758,935.6914,6.68,Overcast
2025-12-02 21:00:00+00:00,BOLU,14,12.8015,-0.4985,0.0,5.8603754,3.0,77.090935,935.06006,9.23,Overcast
2025-12-03 21:00:00+00:00,BOLU,14,13.1015005,-1.1985,0.0,3.710795,3.0,73.17713,932.4299,8.84,Overcast
2025-12-04 21:00:00+00:00,BOLU,14,15.6515,0.051499963,1.4000001,8.528657,53.0,72.05802,926.46704,8.63,Drizzle: Moderate
2025-12-05 21:00:00+00:00,BOLU,14,15.3515005,3.6515002,0.2,7.653705,51.0,78.01653,925.159,6.33,Drizzle: Light
2025-12-06 21:00:00+00:00,BOLU,14,12.9015,4.8015,5.2000003,12.267763,63.0,79.27349,921.865,6.62,Rain: Moderate
2025-12-07 21:00:00+00:00,BOLU,14,8.2015,5.0515,11.0,14.572219,55.0,93.8955,928.69794,1.37,Drizzle: Dense
2025-12-08 21:00:00+00:00,BOLU,14,8.7515,5.5015,2.8,6.6818557,51.0,90.15569,935.61914,1.77,Drizzle: Light
2025-12-09 21:00:00+00:00,BOLU,14,10.0515,3.3515,0.2,5.983477,51.0,89.7377,934.68646,6.02,Drizzle: Light
2025-12-10 21:00:00+00:00,BOLU,14,8.3515,4.9515,4.999999,5.7599998,53.0,90.61634,934.3562,4.29,Drizzle: Moderate
2025-12-11 21:00:00+00:00,BOLU,14,9.7515,3.1515,0.3,5.004518,51.0,80.60707,934.0249,7.45,Drizzle: Light
2025-12-12 21:00:00+00:00,BOLU,14,8.8015,4.7515,7.4999995,7.729527,55.0,90.59024,937.26904,3.63,Drizzle: Dense
2025-12-13 21:00:00+00:00,BOLU,14,9.1515,1.1515,0.6,6.87779,51.0,87.62045,936.8566,4.76,Drizzle: Light
2025-12-14 21:00:00+00:00,BOLU,14,5.6515,3.1015,11.800002,7.5363917,73.0,91.590485,937.5153,3.21,Snow fall: Moderate
2025-12-15 21:00:00+00:00,BOLU,14,7.1515,2.4515,0.70000005,7.0107627,51.0,83.35705,939.02856,3.77,Drizzle: Light
2025-12-16 21:00:00+00:00,BOLU,14,10.4015,-1.9485,0.0,3.7971041,3.0,77.94759,940.62225,9.06,Overcast
2025-12-17 21:00:00+00:00,BOLU,14,14.1015005,-1.6485001,0.0,4.353619,3.0,44.501743,941.47577,8.65,Overcast
2025-12-18 21:00:00+00:00,BOLU,14,12.6015005,1.9015,0.0,2.0523157,3.0,38.827206,939.73193,8.0,Overcast
2025-12-19 21:00:00+00:00,BOLU,14,13.1015005,0.6515,0.0,1.609969,3.0,60.097576,933.3665,8.43,Overcast
2025-12-20 21:00:00+00:00,BOLU,14,10.9015,0.15149999,0.1,3.96,51.0,60.58527,929.9651,4.58,Drizzle: Light
2025-12-21 21:00:00+00:00,BOLU,14,6.4515,2.5514998,6.099999,3.644722,61.0,92.18658,930.71875,1.85,Rain: Slight
2025-12-22 21:00:00+00:00,BOLU,14,9.0515,4.1015,0.3,6.9550843,51.0,91.25086,931.0865,3.24,Drizzle: Light
2025-12-23 21:00:00+00:00,BOLU,14,11.0515,0.8015,0.0,6.6087217,3.0,83.75858,933.93146,7.72,Overcast
2025-12-24 21:00:00+00:00,BOLU,14,10.9515,0.7515,0.2,3.7064266,51.0,81.49312,934.7012,4.48,Drizzle: Light
2025-12-25 21:00:00+00:00,BOLU,14,5.6515,1.5015,4.9999995,10.137692,73.0,92.340454,933.61993,2.11,Snow fall: Moderate
2025-12-26 21:00:00+00:00,BOLU,14,1.2515,-1.8484999,27.8,13.3649235,75.0,91.436134,928.31647,3.73,Snow fall: Heavy
2025-12-27 21:00:00+00:00,BOLU,14,2.5015001,-3.2985,22.7,14.145756,75.0,88.23645,922.3418,5.68,Snow fall: Heavy
2025-12-28 21:00:00+00:00,BOLU,14,-1.1485001,-2.6485,28.900003,16.141893,75.0,85.714165,926.0982,4.0,Snow fall: Heavy
2025-12-29 21:00:00+00:00,BOLU,14,2.7515001,-7.9484997,0.0,7.841887,3.0,69.90591,923.8884,10.23,Overcast
2025-12-30 21:00:00+00:00,BOLU,14,-0.3485,-4.8985,10.000002,9.3962755,75.0,90.70493,922.5694,3.76,Snow fall: Heavy
2025-12-31 21:00:00+00:00,BOLU,14,-3.9484997,-18.1485,3.5,16.04526,75.0,82.139175,927.2708,5.87,Snow fall: Heavy
