date,city,plate_code,max_temp,min_temp,precipitation,wind_speed,weather_code,humidity,pressure,radiation,weather_desc
2002-12-31 21:00:00+00:00,HAKKARİ,30,0.32800007,-15.422001,0.0,6.130579,3.0,70.91528,810.0275,10.12,Overcast
2003-01-01 21:00:00+00:00,HAKKARİ,30,-1.1719999,-7.8719997,0.0,4.73506,71.0,82.23925,812.29,10.17,Snow fall: Slight
2003-01-02 21:00:00+00:00,HAKKARİ,30,-0.5719998,-4.1219997,3.7999995,5.3999996,73.0,94.595726,813.9903,4.96,Snow fall: Moderate
2003-01-03 21:00:00+00:00,HAKKARİ,30,-0.8219998,-5.6219997,4.3,6.0347,73.0,93.20504,811.61017,4.63,Snow fall: Moderate
2003-01-04 21:00:00+00:00,HAKKARİ,30,0.32800007,-2.222,8.7,5.315336,75.0,95.17858,811.44916,4.5,Snow fall: Heavy
2003-01-05 21:00:00+00:00,HAKKARİ,30,2.378,-0.5719998,18.0,6.12,75.0,96.066986,816.3035,3.52,Snow fall: Heavy
2003-01-06 21:00:00+00:00,HAKKARİ,30,3.778,-0.622,1.3000001,5.991594,73.0,90.036736,819.5884,9.23,Snow fall: Moderate
2003-01-07 21:00:00+00:00,HAKKARİ,30,4.228,-4.0220003,0.0,6.2145634,3.0,73.57626,816.4421,11.69,Overcast
2003-01-08 21:00:00+00:00,HAKKARİ,30,3.428,-3.522,0.0,4.39436,1.0,65.02117,814.34515,12.06,Mainly clear
2003-01-09 21:00:00+00:00,HAKKARİ,30,3.8780003,-9.372,0.0,5.0528407,3.0,67.52392,815.5064,11.93,Overcast
2003-01-10 21:00:00+00:00,HAKKARİ,30,7.9280005,-6.0720005,0.0,6.519877,3.0,44.35892,817.0915,12.17,Overcast
2003-01-11 21:00:00+00:00,HAKKARİ,30,7.778,0.32800007,0.0,5.4119864,3.0,39.962574,818.4848,12.19,Overcast
2003-01-12 21:00:00+00:00,HAKKARİ,30,2.6280003,-1.122,0.0,5.1544156,3.0,56.691437,815.10223,9.99,Overcast
2003-01-13 21:00:00+00:00,HAKKARİ,30,0.07800007,-1.6719999,8.8,6.12,75.0,92.93633,811.21875,4.15,Snow fall: Heavy
2003-01-14 21:00:00+00:00,HAKKARİ,30,-0.37199998,-4.922,12.100002,7.172949,75.0,91.52728,807.233,9.86,Snow fall: Heavy
2003-01-15 21:00:00+00:00,HAKKARİ,30,-2.472,-8.622,0.0,10.182337,3.0,74.782745,808.02295,12.61,Overcast
2003-01-16 21:00:00+00:00,HAKKARİ,30,-0.872,-14.771999,0.0,11.183201,1.0,53.450085,811.0489,13.29,Mainly clear
2003-01-17 21:00:00+00:00,HAKKARİ,30,-3.522,-11.022,0.0,8.557102,3.0,57.381027,810.5185,9.94,Overcast
2003-01-18 21:00:00+00:00,HAKKARİ,30,-4.0220003,-12.522,0.0,11.013882,2.0,70.10462,812.9976,13.21,Partly cloudy
2003-01-19 21:00:00+00:00,HAKKARİ,30,-4.222,-18.122,0.0,6.849467,3.0,71.19793,808.9646,13.19,Overcast
2003-01-20 21:00:00+00:00,HAKKARİ,30,-2.9219997,-9.872,0.2,4.802999,71.0,80.06027,810.6246,8.99,Snow fall: Slight
2003-01-21 21:00:00+00:00,HAKKARİ,30,-0.9719999,-10.672,0.0,5.4477882,71.0,87.45944,812.5893,9.79,Snow fall: Slight
2003-01-22 21:00:00+00:00,HAKKARİ,30,1.3780001,-11.122,0.0,8.287822,3.0,73.948166,812.87946,13.1,Overcast
2003-01-23 21:00:00+00:00,HAKKARİ,30,3.3780003,-8.172,0.0,6.489992,2.0,52.165623,811.92456,13.35,Partly cloudy
2003-01-24 21:00:00+00:00,HAKKARİ,30,3.078,-11.722,0.0,7.9526596,0.0,59.05371,810.8421,13.95,Clear sky
2003-01-25 21:00:00+00:00,HAKKARİ,30,1.7280002,-13.472,0.0,9.3876505,3.0,64.130844,809.73016,13.51,Overcast
2003-01-26 21:00:00+00:00,HAKKARİ,30,-1.3219998,-6.972,1.1,3.6179552,73.0,62.358883,809.458,13.82,Snow fall: Moderate
2003-01-27 21:00:00+00:00,HAKKARİ,30,-0.52199984,-4.8219995,9.9,5.937272,73.0,89.680244,801.52924,5.93,Snow fall: Moderate
2003-01-28 21:00:00+00:00,HAKKARİ,30,-0.52199984,-3.3219998,3.5000002,8.12197,73.0,92.05628,808.73096,8.86,Snow fall: Moderate
2003-01-29 21:00:00+00:00,HAKKARİ,30,1.1280001,-2.772,3.6,6.9153743,73.0,90.152824,815.6313,8.36,Snow fall: Moderate
2003-01-30 21:00:00+00:00,HAKKARİ,30,2.078,-8.972,0.0,5.771239,3.0,72.13724,815.7737,13.68,Overcast
2003-01-31 21:00:00+00:00,HAKKARİ,30,0.37800014,-8.222,0.0,5.506941,3.0,74.325966,813.2913,14.75,Overcast
2003-02-01 21:00:00+00:00,HAKKARİ,30,0.62800014,-9.972,2.2,5.0528407,73.0,87.75183,810.8501,11.19,Snow fall: Moderate
2003-02-02 21:00:00+00:00,HAKKARİ,30,-0.17199993,-2.1719997,16.900002,5.0911684,75.0,93.97172,808.8486,5.68,Snow fall: Heavy
2003-02-03 21:00:00+00:00,HAKKARİ,30,0.028000116,-3.1719997,9.7,9.007196,73.0,95.00921,808.67804,8.85,Snow fall: Moderate
2003-02-04 21:00:00+00:00,HAKKARİ,30,-0.67199993,-4.3219995,6.4999995,7.4128532,73.0,89.68094,812.7055,12.87,Snow fall: Moderate
2003-02-05 21:00:00+00:00,HAKKARİ,30,0.028000116,-10.272,0.0,5.8048253,3.0,74.20617,815.43945,14.58,Overcast
2003-02-06 21:00:00+00:00,HAKKARİ,30,1.9780002,-5.222,0.0,5.0528407,3.0,55.48058,812.9865,14.64,Overcast
2003-02-07 21:00:00+00:00,HAKKARİ,30,-0.42199993,-2.972,0.6,5.2416787,71.0,62.09555,808.4549,7.95,Snow fall: Slight
2003-02-08 21:00:00+00:00,HAKKARİ,30,-0.622,-4.222,2.3999999,7.8625183,73.0,91.80285,808.0186,10.9,Snow fall: Moderate
2003-02-09 21:00:00+00:00,HAKKARİ,30,-2.0719998,-5.8219995,9.2,7.42159,75.0,91.306786,808.0196,6.95,Snow fall: Heavy
2003-02-10 21:00:00+00:00,HAKKARİ,30,-3.622,-7.5220003,3.5999997,7.968939,73.0,87.22994,810.70685,13.13,Snow fall: Moderate
2003-02-11 21:00:00+00:00,HAKKARİ,30,0.9280001,-14.422001,0.0,9.422101,3.0,49.069366,813.5369,15.21,Overcast
2003-02-12 21:00:00+00:00,HAKKARİ,30,-1.2719998,-5.1219997,12.8,5.95906,75.0,78.79565,809.38214,4.81,Snow fall: Heavy
2003-02-13 21:00:00+00:00,HAKKARİ,30,-0.17199993,-3.622,9.599999,7.5942073,75.0,89.81839,805.1867,9.48,Snow fall: Heavy
2003-02-14 21:00:00+00:00,HAKKARİ,30,-1.122,-4.5719995,4.999999,8.891343,75.0,88.96401,806.7888,13.4,Snow fall: Heavy
2003-02-15 21:00:00+00:00,HAKKARİ,30,-0.622,-5.7720003,1.7,6.725354,73.0,90.62363,808.14105,12.9,Snow fall: Moderate
2003-02-16 21:00:00+00:00,HAKKARİ,30,-0.872,-8.3220005,0.0,7.2359104,71.0,79.764534,810.9724,15.85,Snow fall: Slight
2003-02-17 21:00:00+00:00,HAKKARİ,30,-3.6719997,-11.272,10.400001,6.638072,75.0,84.760414,805.9056,8.95,Snow fall: Heavy
2003-02-18 21:00:00+00:00,HAKKARİ,30,-2.872,-6.5220003,20.200003,6.924738,75.0,92.759735,799.19415,4.86,Snow fall: Heavy
2003-02-19 21:00:00+00:00,HAKKARİ,30,-2.372,-5.3719997,45.499996,6.489992,75.0,93.502106,798.8138,4.99,Snow fall: Heavy
2003-02-20 21:00:00+00:00,HAKKARİ,30,-3.0719998,-5.7720003,19.699999,9.9571085,75.0,89.05847,806.62177,10.49,Snow fall: Heavy
2003-02-21 21:00:00+00:00,HAKKARİ,30,-1.2719998,-5.5719995,26.500002,9.449572,75.0,85.52657,809.3398,16.25,Snow fall: Heavy
2003-02-22 21:00:00+00:00,HAKKARİ,30,-2.622,-8.172,0.0,4.452954,71.0,73.876114,812.94244,18.52,Snow fall: Slight
2003-02-23 21:00:00+00:00,HAKKARİ,30,-0.021999836,-5.972,14.8,5.4833565,75.0,82.39007,810.0674,9.16,Snow fall: Heavy
2003-02-24 21:00:00+00:00,HAKKARİ,30,-0.12199998,-5.8219995,27.1,9.114471,75.0,90.85263,806.3714,12.88,Snow fall: Heavy
2003-02-25 21:00:00+00:00,HAKKARİ,30,-3.6719997,-7.5220003,5.6000004,5.4477882,73.0,86.217354,807.57697,9.64,Snow fall: Moderate
2003-02-26 21:00:00+00:00,HAKKARİ,30,-3.222,-10.222,1.9,6.638072,73.0,80.09205,810.8057,16.62,Snow fall: Moderate
2003-02-27 21:00:00+00:00,HAKKARİ,30,-2.472,-13.8220005,0.0,7.928178,3.0,72.2696,813.593,19.59,Overcast
2003-02-28 21:00:00+00:00,HAKKARİ,30,-0.67199993,-14.5720005,0.0,8.287822,0.0,53.813908,815.54926,20.61,Clear sky
2003-03-01 21:00:00+00:00,HAKKARİ,30,1.5780001,-14.222,0.0,7.928178,3.0,41.20448,816.1924,20.08,Overcast
2003-03-02 21:00:00+00:00,HAKKARİ,30,2.378,-3.4219997,0.0,7.69592,71.0,40.88082,814.7579,15.02,Snow fall: Slight
2003-03-03 21:00:00+00:00,HAKKARİ,30,2.328,-3.3219998,1.3000001,6.439876,73.0,74.40429,814.7522,17.45,Snow fall: Moderate
2003-03-04 21:00:00+00:00,HAKKARİ,30,3.828,-0.021999836,0.5,6.924738,71.0,82.48722,815.18945,15.22,Snow fall: Slight
2003-03-05 21:00:00+00:00,HAKKARİ,30,2.328,-2.022,26.3,5.2416787,75.0,91.56662,811.5476,6.12,Snow fall: Heavy
2003-03-06 21:00:00+00:00,HAKKARİ,30,3.528,-0.52199984,12.1,7.628263,75.0,79.68808,809.49164,17.79,Snow fall: Heavy
2003-03-07 21:00:00+00:00,HAKKARİ,30,4.828,-4.922,0.0,6.849467,3.0,77.186165,814.1655,20.43,Overcast
2003-03-08 21:00:00+00:00,HAKKARİ,30,5.9280005,-1.0719998,0.0,6.28713,3.0,50.265636,813.2219,21.93,Overcast
2003-03-09 21:00:00+00:00,HAKKARİ,30,3.2280002,0.12800014,7.099999,5.154415,75.0,78.421684,812.573,11.54,Snow fall: Heavy
2003-03-10 21:00:00+00:00,HAKKARİ,30,4.3780003,0.07800007,6.6000004,7.2805495,75.0,79.386475,810.626,15.86,Snow fall: Heavy
2003-03-11 21:00:00+00:00,HAKKARİ,30,3.7280002,-0.47199988,5.1000004,5.904439,73.0,82.76036,805.5285,13.02,Snow fall: Moderate
2003-03-12 21:00:00+00:00,HAKKARİ,30,2.6280003,-0.7219999,10.799999,7.8625183,73.0,92.8695,804.7806,10.82,Snow fall: Moderate
2003-03-13 21:00:00+00:00,HAKKARİ,30,2.828,-1.4719999,1.3000001,8.891343,73.0,87.3934,814.5162,17.37,Snow fall: Moderate
2003-03-14 21:00:00+00:00,HAKKARİ,30,5.478,-2.522,0.0,6.162207,3.0,83.235214,815.8152,20.15,Overcast
2003-03-15 21:00:00+00:00,HAKKARİ,30,6.3780003,-4.722,0.0,5.771239,3.0,71.33655,809.27985,22.72,Overcast
2003-03-16 21:00:00+00:00,HAKKARİ,30,4.4280005,-0.27199984,3.6,8.209263,73.0,81.5608,808.9864,18.4,Snow fall: Moderate
2003-03-17 21:00:00+00:00,HAKKARİ,30,3.328,0.028000116,20.9,8.287822,75.0,92.40463,808.74896,11.41,Snow fall: Heavy
2003-03-18 21:00:00+00:00,HAKKARİ,30,2.378,-1.2719998,46.800003,7.69592,75.0,95.843895,802.3713,9.41,Snow fall: Heavy
2003-03-19 21:00:00+00:00,HAKKARİ,30,0.62800014,-2.9219997,29.6,9.422101,75.0,95.112335,804.25885,8.67,Snow fall: Heavy
2003-03-20 21:00:00+00:00,HAKKARİ,30,-0.27199984,-5.1219997,0.70000005,9.605998,71.0,82.195854,806.82086,21.02,Snow fall: Slight
2003-03-21 21:00:00+00:00,HAKKARİ,30,-0.22199988,-7.3719997,0.70000005,7.9932976,73.0,85.4569,810.06415,18.9,Snow fall: Moderate
2003-03-22 21:00:00+00:00,HAKKARİ,30,0.9280001,-3.4219997,7.5,8.28,73.0,90.4029,811.0528,14.43,Snow fall: Moderate
2003-03-23 21:00:00+00:00,HAKKARİ,30,-0.12199998,-4.0220003,42.199997,6.28713,75.0,94.92343,809.2067,4.64,Snow fall: Heavy
2003-03-24 21:00:00+00:00,HAKKARİ,30,2.7280002,-0.52199984,48.999996,7.2,75.0,96.471344,806.0756,4.48,Snow fall: Heavy
2003-03-25 21:00:00+00:00,HAKKARİ,30,1.5280001,-3.622,29.199999,10.495713,75.0,90.12362,799.64185,18.13,Snow fall: Heavy
2003-03-26 21:00:00+00:00,HAKKARİ,30,0.57800007,-5.3719997,3.8000002,9.346143,73.0,84.99965,807.8628,19.93,Snow fall: Moderate
2003-03-27 21:00:00+00:00,HAKKARİ,30,-0.622,-5.3719997,3.9999998,10.1887,73.0,72.09148,809.28375,23.63,Snow fall: Moderate
2003-03-28 21:00:00+00:00,HAKKARİ,30,-1.2219999,-8.872,0.0,8.161764,1.0,65.754585,809.6384,25.92,Mainly clear
2003-03-29 21:00:00+00:00,HAKKARİ,30,-0.021999836,-11.622,0.0,7.771331,0.0,57.468906,811.22577,26.37,Clear sky
2003-03-30 21:00:00+00:00,HAKKARİ,30,2.8780003,-6.422,0.0,6.519877,0.0,55.035767,812.5152,26.03,Clear sky
2003-03-31 21:00:00+00:00,HAKKARİ,30,4.278,-7.422,0.0,7.2,3.0,60.347805,812.6209,26.28,Overcast
2003-04-01 21:00:00+00:00,HAKKARİ,30,5.478,-3.1719997,0.0,6.9247384,3.0,61.990795,815.0229,24.92,Overcast
2003-04-02 21:00:00+00:00,HAKKARİ,30,8.728,0.6780001,0.0,7.289444,3.0,68.07316,817.4831,23.35,Overcast
2003-04-03 21:00:00+00:00,HAKKARİ,30,10.778,5.728,0.5,6.763786,51.0,64.93566,817.20795,19.5,Drizzle: Light
2003-04-04 21:00:00+00:00,HAKKARİ,30,11.9279995,8.328,0.0,6.28713,3.0,58.705288,814.0598,25.46,Overcast
2003-04-05 21:00:00+00:00,HAKKARİ,30,10.528,3.078,6.8999996,6.725354,61.0,80.77461,811.3354,14.5,Rain: Slight
2003-04-06 21:00:00+00:00,HAKKARİ,30,8.478,2.1780002,12.5,5.95906,61.0,87.53387,813.92303,12.73,Rain: Slight
2003-04-07 21:00:00+00:00,HAKKARİ,30,10.028,5.478,22.3,7.072878,63.0,86.55621,817.47876,16.71,Rain: Moderate
2003-04-08 21:00:00+00:00,HAKKARİ,30,11.628,5.728,14.9,8.287822,63.0,83.09348,813.08954,20.5,Rain: Moderate
2003-04-09 21:00:00+00:00,HAKKARİ,30,8.728,2.928,0.0,6.4799995,3.0,82.764244,814.49445,25.0,Overcast
2003-04-10 21:00:00+00:00,HAKKARİ,30,9.728,-0.37199998,0.0,6.8399997,3.0,70.91062,812.9694,26.53,Overcast
2003-04-11 21:00:00+00:00,HAKKARİ,30,10.4279995,-1.2719998,0.0,8.647496,3.0,63.291866,812.4506,27.88,Overcast
2003-04-12 21:00:00+00:00,HAKKARİ,30,10.528,3.828,0.0,7.5942073,3.0,63.156834,811.4909,23.91,Overcast
2003-04-13 21:00:00+00:00,HAKKARİ,30,9.878,4.278,0.0,7.208994,3.0,63.60908,811.02216,25.03,Overcast
2003-04-14 21:00:00+00:00,HAKKARİ,30,6.4779997,1.8780001,12.5,7.5685663,75.0,83.70993,811.48236,14.0,Snow fall: Heavy
2003-04-15 21:00:00+00:00,HAKKARİ,30,4.6780005,0.6780001,22.3,8.39657,75.0,91.467224,808.1778,9.0,Snow fall: Heavy
2003-04-16 21:00:00+00:00,HAKKARİ,30,6.528,-0.67199993,0.0,8.654986,3.0,79.692085,812.61127,21.34,Overcast
2003-04-17 21:00:00+00:00,HAKKARİ,30,8.578,-0.27199984,2.3999999,7.754637,53.0,86.0282,813.69775,22.53,Drizzle: Moderate
2003-04-18 21:00:00+00:00,HAKKARİ,30,8.128,4.028,9.0,7.42159,71.0,88.93876,811.8018,18.75,Snow fall: Slight
2003-04-19 21:00:00+00:00,HAKKARİ,30,8.528,1.8280001,12.699999,8.12197,73.0,92.49307,805.96906,15.93,Snow fall: Moderate
2003-04-20 21:00:00+00:00,HAKKARİ,30,6.6780005,0.87800014,0.4,7.968939,71.0,83.5274,808.811,21.78,Snow fall: Slight
2003-04-21 21:00:00+00:00,HAKKARİ,30,7.8780003,1.3280001,0.7,7.754637,51.0,82.27021,810.11664,24.88,Drizzle: Light
2003-04-22 21:00:00+00:00,HAKKARİ,30,7.278,2.578,1.7,9.693296,71.0,89.37784,814.9988,19.8,Snow fall: Slight
2003-04-23 21:00:00+00:00,HAKKARİ,30,9.178,0.5280001,1.5,8.854829,55.0,87.116394,816.7072,22.36,Drizzle: Dense
2003-04-24 21:00:00+00:00,HAKKARİ,30,9.078,4.6780005,12.0,7.9932966,61.0,83.056786,813.3797,13.38,Rain: Slight
2003-04-25 21:00:00+00:00,HAKKARİ,30,8.478,4.1280003,17.0,9.107359,71.0,91.503265,808.0283,12.0,Snow fall: Slight
2003-04-26 21:00:00+00:00,HAKKARİ,30,7.2279997,2.678,2.9,6.725354,73.0,83.80697,808.11084,13.37,Snow fall: Moderate
2003-04-27 21:00:00+00:00,HAKKARİ,30,6.1280003,1.4780002,4.3000007,7.754637,73.0,84.50268,810.75244,21.64,Snow fall: Moderate
2003-04-28 21:00:00+00:00,HAKKARİ,30,8.378,-1.0219998,2.2,7.289445,71.0,80.396645,816.5634,24.02,Snow fall: Slight
2003-04-29 21:00:00+00:00,HAKKARİ,30,9.178,1.7280002,8.9,6.519877,75.0,69.61806,819.14825,24.2,Snow fall: Heavy
2003-04-30 21:00:00+00:00,HAKKARİ,30,12.078,-1.4219999,0.0,9.028754,3.0,67.20753,818.8732,27.84,Overcast
2003-05-01 21:00:00+00:00,HAKKARİ,30,11.478,1.0280001,0.0,11.043261,3.0,56.362156,817.47284,28.72,Overcast
2003-05-02 21:00:00+00:00,HAKKARİ,30,15.128,4.3780003,0.0,10.948973,1.0,56.867596,818.2912,26.08,Mainly clear
2003-05-03 21:00:00+00:00,HAKKARİ,30,18.328,2.528,0.0,8.64,0.0,47.525486,819.9239,29.43,Clear sky
2003-05-04 21:00:00+00:00,HAKKARİ,30,17.428,5.6780005,0.0,8.891343,3.0,50.196655,817.7397,28.2,Overcast
2003-05-05 21:00:00+00:00,HAKKARİ,30,14.328,7.4779997,3.6999998,10.948973,61.0,66.421425,814.38446,23.58,Rain: Slight
2003-05-06 21:00:00+00:00,HAKKARİ,30,11.228,1.5280001,1.2,13.392774,71.0,73.52892,808.64545,26.96,Snow fall: Slight
2003-05-07 21:00:00+00:00,HAKKARİ,30,10.878,-1.372,0.2,10.239453,51.0,59.12727,813.83057,30.13,Drizzle: Light
2003-05-08 21:00:00+00:00,HAKKARİ,30,16.528,0.22800016,0.0,6.4799995,2.0,45.906902,817.9555,29.51,Partly cloudy
2003-05-09 21:00:00+00:00,HAKKARİ,30,16.278,1.7780001,0.2,6.849467,51.0,52.312347,818.9555,28.4,Drizzle: Light
2003-05-10 21:00:00+00:00,HAKKARİ,30,16.978,4.778,0.6,6.849467,53.0,60.173298,820.4006,25.39,Drizzle: Moderate
2003-05-11 21:00:00+00:00,HAKKARİ,30,15.6779995,1.2280002,1.5,7.42159,61.0,68.80251,817.3367,25.27,Rain: Slight
2003-05-12 21:00:00+00:00,HAKKARİ,30,19.078,1.1280001,0.0,7.289444,3.0,62.885773,817.83295,25.94,Overcast
2003-05-13 21:00:00+00:00,HAKKARİ,30,19.028,8.428,0.0,9.290511,3.0,52.207275,817.86383,27.77,Overcast
2003-05-14 21:00:00+00:00,HAKKARİ,30,17.928,8.378,0.5,10.799999,51.0,52.371933,816.3235,26.16,Drizzle: Light
2003-05-15 21:00:00+00:00,HAKKARİ,30,17.278,11.878,1.5000001,11.841756,53.0,51.980606,815.42993,24.13,Drizzle: Moderate
2003-05-16 21:00:00+00:00,HAKKARİ,30,17.528,10.578,0.0,12.768586,2.0,50.823147,817.6555,28.34,Partly cloudy
2003-05-17 21:00:00+00:00,HAKKARİ,30,17.128,7.278,1.4,9.793058,55.0,65.49283,816.7251,26.01,Drizzle: Dense
2003-05-18 21:00:00+00:00,HAKKARİ,30,17.378,3.928,0.0,9.1641035,3.0,69.21809,816.1438,26.82,Overcast
2003-05-19 21:00:00+00:00,HAKKARİ,30,18.478,7.078,0.0,11.269782,3.0,57.27315,817.4649,27.91,Overcast
2003-05-20 21:00:00+00:00,HAKKARİ,30,19.578,10.778,0.0,9.387651,3.0,47.4312,820.2659,28.9,Overcast
2003-05-21 21:00:00+00:00,HAKKARİ,30,16.278,11.528,1.9000001,12.397806,55.0,53.761784,816.4412,21.29,Drizzle: Dense
2003-05-22 21:00:00+00:00,HAKKARİ,30,16.478,10.4279995,3.9,8.225035,61.0,69.42859,814.8006,21.45,Rain: Slight
2003-05-23 21:00:00+00:00,HAKKARİ,30,16.678,3.778,1.4000001,9.085988,53.0,78.80387,816.8496,22.67,Drizzle: Moderate
2003-05-24 21:00:00+00:00,HAKKARİ,30,19.128,4.528,1.0,10.44,53.0,63.979267,819.71216,25.23,Drizzle: Moderate
2003-05-25 21:00:00+00:00,HAKKARİ,30,18.878,12.1779995,0.6,12.7279215,53.0,51.71112,819.4046,27.32,Drizzle: Moderate
2003-05-26 21:00:00+00:00,HAKKARİ,30,18.478,12.4279995,1.1,10.966713,55.0,54.542347,816.7358,27.04,Drizzle: Dense
2003-05-27 21:00:00+00:00,HAKKARİ,30,17.428,11.028,0.8,12.682018,51.0,56.002117,813.9373,26.6,Drizzle: Light
2003-05-28 21:00:00+00:00,HAKKARİ,30,17.278,10.028,0.0,11.298495,3.0,58.82748,813.2015,26.57,Overcast
2003-05-29 21:00:00+00:00,HAKKARİ,30,14.4279995,9.878,15.999999,9.422101,61.0,85.54648,814.50507,10.67,Rain: Slight
2003-05-30 21:00:00+00:00,HAKKARİ,30,16.078001,8.878,4.9,14.587776,61.0,81.87395,814.2952,20.05,Rain: Slight
2003-05-31 21:00:00+00:00,HAKKARİ,30,16.228,9.378,1.9000001,10.00256,51.0,67.19007,816.3305,24.5,Drizzle: Light
2003-06-01 21:00:00+00:00,HAKKARİ,30,18.428,9.428,0.0,11.183201,3.0,61.51515,818.2029,27.46,Overcast
2003-06-02 21:00:00+00:00,HAKKARİ,30,16.428,8.978,3.8,10.464798,53.0,72.76255,817.37866,17.95,Drizzle: Moderate
2003-06-03 21:00:00+00:00,HAKKARİ,30,17.328001,8.428,0.1,9.826088,51.0,67.440834,817.56757,26.53,Drizzle: Light
2003-06-04 21:00:00+00:00,HAKKARİ,30,17.128,7.4779997,3.4,11.304229,61.0,71.84406,817.0398,24.79,Rain: Slight
2003-06-05 21:00:00+00:00,HAKKARİ,30,18.428,2.678,0.0,10.041354,2.0,61.385635,817.5429,29.53,Partly cloudy
2003-06-06 21:00:00+00:00,HAKKARİ,30,21.178,7.6780005,0.0,8.049845,1.0,51.833134,818.0469,29.63,Mainly clear
2003-06-07 21:00:00+00:00,HAKKARİ,30,22.728,10.028,0.0,7.5685663,2.0,51.344334,818.5677,29.12,Partly cloudy
2003-06-08 21:00:00+00:00,HAKKARİ,30,24.628,11.578,0.5,9.220499,53.0,47.6031,819.3099,28.52,Drizzle: Moderate
2003-06-09 21:00:00+00:00,HAKKARİ,30,24.778,12.328,0.0,9.220499,2.0,37.945423,819.1187,30.66,Partly cloudy
2003-06-10 21:00:00+00:00,HAKKARİ,30,25.078,11.978,0.4,10.587917,51.0,43.25503,817.8208,28.41,Drizzle: Light
2003-06-11 21:00:00+00:00,HAKKARİ,30,23.778,13.978,0.0,12.429127,2.0,46.521454,816.7949,29.38,Partly cloudy
2003-06-12 21:00:00+00:00,HAKKARİ,30,23.478,13.028,0.0,11.720751,2.0,39.652058,816.7891,29.43,Partly cloudy
2003-06-13 21:00:00+00:00,HAKKARİ,30,24.328,10.778,2.3,10.829959,53.0,53.937115,816.499,27.97,Drizzle: Moderate
2003-06-14 21:00:00+00:00,HAKKARİ,30,24.378,14.828,0.0,7.7879906,2.0,54.0903,817.6679,27.32,Partly cloudy
2003-06-15 21:00:00+00:00,HAKKARİ,30,24.628,15.578,0.0,8.0899935,1.0,47.548298,817.5118,26.03,Mainly clear
2003-06-16 21:00:00+00:00,HAKKARİ,30,26.028,16.328001,0.0,11.91812,2.0,38.914223,817.3542,27.73,Partly cloudy
2003-06-17 21:00:00+00:00,HAKKARİ,30,24.278,13.778,0.1,12.015589,51.0,44.439816,815.18945,25.81,Drizzle: Light
2003-06-18 21:00:00+00:00,HAKKARİ,30,25.228,13.328,0.0,9.659814,2.0,50.91385,816.32526,26.33,Partly cloudy
2003-06-19 21:00:00+00:00,HAKKARİ,30,24.928,14.328,0.1,9.085988,51.0,50.383224,815.16016,28.64,Drizzle: Light
2003-06-20 21:00:00+00:00,HAKKARİ,30,25.278,16.378,0.0,10.829959,1.0,41.154713,814.5672,29.87,Mainly clear
2003-06-21 21:00:00+00:00,HAKKARİ,30,25.878,15.778,0.0,10.966713,0.0,39.738934,815.00055,30.62,Clear sky
2003-06-22 21:00:00+00:00,HAKKARİ,30,25.878,14.528,0.0,10.948973,2.0,39.717796,816.0735,29.56,Partly cloudy
2003-06-23 21:00:00+00:00,HAKKARİ,30,26.678,14.528,0.0,11.808878,0.0,43.633068,815.6179,30.69,Clear sky
2003-06-24 21:00:00+00:00,HAKKARİ,30,25.378,6.9779997,0.0,11.726277,0.0,41.72744,816.41705,31.8,Clear sky
2003-06-25 21:00:00+00:00,HAKKARİ,30,26.578,11.1779995,0.0,10.365251,0.0,33.492275,814.5462,31.42,Clear sky
2003-06-26 21:00:00+00:00,HAKKARİ,30,26.778,13.278,0.0,10.636766,0.0,31.596987,815.1994,31.24,Clear sky
2003-06-27 21:00:00+00:00,HAKKARİ,30,27.428,14.878,0.0,9.885262,0.0,31.758575,816.57367,31.27,Clear sky
2003-06-28 21:00:00+00:00,HAKKARİ,30,27.278,16.928,0.0,11.503113,0.0,33.235363,815.1844,30.78,Clear sky
2003-06-29 21:00:00+00:00,HAKKARİ,30,25.928,14.978,0.0,9.72,2.0,42.039978,812.23444,29.05,Partly cloudy
2003-06-30 21:00:00+00:00,HAKKARİ,30,24.478,14.278,0.0,12.979984,1.0,42.79784,811.54395,27.87,Mainly clear
2003-07-01 21:00:00+00:00,HAKKARİ,30,26.228,15.028,0.0,10.028439,2.0,34.614666,817.23615,30.49,Partly cloudy
2003-07-02 21:00:00+00:00,HAKKARİ,30,29.478,14.228,0.0,6.4799995,0.0,35.206337,822.0454,30.1,Clear sky
2003-07-03 21:00:00+00:00,HAKKARİ,30,29.928,16.428,0.0,9.9571085,0.0,38.13717,820.1597,28.74,Clear sky
2003-07-04 21:00:00+00:00,HAKKARİ,30,28.528,16.128,0.0,10.308831,2.0,39.252686,817.0073,25.93,Partly cloudy
2003-07-05 21:00:00+00:00,HAKKARİ,30,28.228,19.678,0.0,7.289445,2.0,38.791203,816.792,24.1,Partly cloudy
2003-07-06 21:00:00+00:00,HAKKARİ,30,29.378,20.178,0.0,13.049689,3.0,32.927834,814.9567,25.97,Overcast
2003-07-07 21:00:00+00:00,HAKKARİ,30,26.928,20.078,0.0,13.797912,0.0,30.62792,813.77313,30.99,Clear sky
2003-07-08 21:00:00+00:00,HAKKARİ,30,26.278,16.778,0.0,12.397806,0.0,39.55521,815.9571,30.47,Clear sky
2003-07-09 21:00:00+00:00,HAKKARİ,30,28.428,12.6779995,0.0,8.825508,0.0,33.585705,817.27216,31.01,Clear sky
2003-07-10 21:00:00+00:00,HAKKARİ,30,29.078,14.828,0.0,9.605998,0.0,39.696545,816.7712,30.38,Clear sky
2003-07-11 21:00:00+00:00,HAKKARİ,30,30.678,15.078,0.0,10.24578,0.0,41.781067,817.2862,30.37,Clear sky
2003-07-12 21:00:00+00:00,HAKKARİ,30,30.778,20.478,0.0,10.308831,0.0,36.545757,817.4253,30.12,Clear sky
2003-07-13 21:00:00+00:00,HAKKARİ,30,30.478,18.778,0.0,9.531505,0.0,33.735165,817.43756,30.15,Clear sky
2003-07-14 21:00:00+00:00,HAKKARİ,30,30.928,17.928,0.0,9.028754,0.0,36.483154,818.46857,29.24,Clear sky
2003-07-15 21:00:00+00:00,HAKKARİ,30,31.228,18.528,0.0,10.948973,1.0,39.46065,818.4949,28.03,Mainly clear
2003-07-16 21:00:00+00:00,HAKKARİ,30,29.578,20.278,0.0,11.177405,0.0,36.28361,817.41724,30.05,Clear sky
2003-07-17 21:00:00+00:00,HAKKARİ,30,28.678,18.078,0.0,12.074766,1.0,34.26726,816.3951,29.65,Mainly clear
2003-07-18 21:00:00+00:00,HAKKARİ,30,28.078,18.028,0.0,11.440978,0.0,28.116781,816.9544,30.7,Clear sky
2003-07-19 21:00:00+00:00,HAKKARİ,30,28.528,15.228,0.0,9.346143,0.0,24.68911,817.3103,31.03,Clear sky
2003-07-20 21:00:00+00:00,HAKKARİ,30,29.828,15.478,0.0,8.287822,0.0,32.13022,818.4961,29.96,Clear sky
2003-07-21 21:00:00+00:00,HAKKARİ,30,29.528,15.378,0.0,10.182337,1.0,46.683956,817.4458,28.34,Mainly clear
2003-07-22 21:00:00+00:00,HAKKARİ,30,27.928,15.328,0.0,13.722565,1.0,48.846935,815.8652,27.66,Mainly clear
2003-07-23 21:00:00+00:00,HAKKARİ,30,26.878,16.528,0.0,10.495713,2.0,36.593033,815.041,25.84,Partly cloudy
2003-07-24 21:00:00+00:00,HAKKARİ,30,25.278,15.9279995,0.5,9.504273,51.0,46.233078,813.86993,25.16,Drizzle: Light
2003-07-25 21:00:00+00:00,HAKKARİ,30,25.678,16.728,0.2,9.3876505,51.0,40.38827,813.44434,26.28,Drizzle: Light
2003-07-26 21:00:00+00:00,HAKKARİ,30,27.428,15.778,0.0,8.766573,1.0,40.874268,815.4709,27.64,Mainly clear
2003-07-27 21:00:00+00:00,HAKKARİ,30,27.978,17.328001,0.0,12.429127,0.0,39.283653,816.69135,28.81,Clear sky
2003-07-28 21:00:00+00:00,HAKKARİ,30,26.278,17.428,0.0,12.144331,0.0,32.01682,816.14374,29.9,Clear sky
2003-07-29 21:00:00+00:00,HAKKARİ,30,27.228,13.728,0.0,10.028439,0.0,35.774963,814.53326,29.75,Clear sky
2003-07-30 21:00:00+00:00,HAKKARİ,30,27.628,16.428,0.0,10.24578,0.0,31.3962,815.5259,29.65,Clear sky
2003-07-31 21:00:00+00:00,HAKKARİ,30,29.228,17.178,0.0,8.557102,0.0,28.087267,818.8637,29.71,Clear sky
2003-08-01 21:00:00+00:00,HAKKARİ,30,30.628,16.928,0.0,8.4042845,2.0,30.544983,820.1701,28.63,Partly cloudy
2003-08-02 21:00:00+00:00,HAKKARİ,30,30.778,16.578001,0.0,9.565437,0.0,32.339657,821.3461,28.26,Clear sky
2003-08-03 21:00:00+00:00,HAKKARİ,30,30.978,16.778,0.0,11.212135,0.0,32.150696,821.0369,28.68,Clear sky
2003-08-04 21:00:00+00:00,HAKKARİ,30,30.528,20.228,0.0,12.979984,0.0,31.205278,819.64526,28.94,Clear sky
2003-08-05 21:00:00+00:00,HAKKARİ,30,29.678,18.778,0.0,12.397806,1.0,31.495644,819.5376,28.49,Mainly clear
2003-08-06 21:00:00+00:00,HAKKARİ,30,30.128,18.428,0.0,10.966713,0.0,30.564753,820.6944,28.71,Clear sky
2003-08-07 21:00:00+00:00,HAKKARİ,30,30.828,19.428,0.0,10.041354,2.0,29.092215,822.3193,25.26,Partly cloudy
2003-08-08 21:00:00+00:00,HAKKARİ,30,31.728,21.478,0.0,11.753876,1.0,29.576187,822.0507,24.33,Mainly clear
2003-08-09 21:00:00+00:00,HAKKARİ,30,31.928,21.128,0.0,11.525623,2.0,28.739548,822.1836,25.04,Partly cloudy
2003-08-10 21:00:00+00:00,HAKKARİ,30,33.628002,22.178,0.0,10.948973,1.0,25.464294,823.1257,27.09,Mainly clear
2003-08-11 21:00:00+00:00,HAKKARİ,30,32.078,22.128,0.0,14.021525,0.0,21.743744,822.7299,28.25,Clear sky
2003-08-12 21:00:00+00:00,HAKKARİ,30,30.428,18.278,0.0,10.829959,0.0,20.896818,819.7752,28.9,Clear sky
2003-08-13 21:00:00+00:00,HAKKARİ,30,29.178,17.478,0.0,10.931203,0.0,27.969305,818.19415,28.63,Clear sky
2003-08-14 21:00:00+00:00,HAKKARİ,30,28.178,16.928,0.0,10.703569,0.0,25.005526,818.6573,28.71,Clear sky
2003-08-15 21:00:00+00:00,HAKKARİ,30,28.128,14.9279995,0.0,8.287822,0.0,32.260353,819.87213,27.74,Clear sky
2003-08-16 21:00:00+00:00,HAKKARİ,30,29.628,15.828,0.0,9.346143,0.0,34.956295,821.06573,27.08,Clear sky
2003-08-17 21:00:00+00:00,HAKKARİ,30,29.928,16.078001,0.0,9.346143,2.0,33.19369,821.0534,26.17,Partly cloudy
2003-08-18 21:00:00+00:00,HAKKARİ,30,29.678,15.878,0.0,9.693296,2.0,35.514286,819.45734,26.3,Partly cloudy
2003-08-19 21:00:00+00:00,HAKKARİ,30,28.778,15.128,0.0,9.83268,2.0,44.529453,817.37775,25.6,Partly cloudy
2003-08-20 21:00:00+00:00,HAKKARİ,30,28.028,15.278,0.0,9.028754,2.0,46.705395,816.8474,24.21,Partly cloudy
2003-08-21 21:00:00+00:00,HAKKARİ,30,26.628,13.228,0.0,11.384198,2.0,46.6029,817.5759,24.04,Partly cloudy
2003-08-22 21:00:00+00:00,HAKKARİ,30,27.228,17.478,0.3,13.905509,51.0,31.643885,818.281,24.5,Drizzle: Light
2003-08-23 21:00:00+00:00,HAKKARİ,30,25.978,11.9279995,0.0,10.630672,3.0,39.402927,817.57074,23.11,Overcast
2003-08-24 21:00:00+00:00,HAKKARİ,30,27.028,16.328001,0.0,9.904906,3.0,39.102077,819.00885,22.13,Overcast
2003-08-25 21:00:00+00:00,HAKKARİ,30,27.878,16.778,0.0,10.829958,0.0,33.377407,819.0166,26.79,Clear sky
2003-08-26 21:00:00+00:00,HAKKARİ,30,28.928,16.128,0.0,10.041354,0.0,28.436613,818.2336,27.0,Clear sky
2003-08-27 21:00:00+00:00,HAKKARİ,30,27.928,16.128,0.0,10.823973,0.0,31.897318,818.90826,25.73,Clear sky
2003-08-28 21:00:00+00:00,HAKKARİ,30,28.378,15.828,0.0,10.1376915,0.0,30.100471,820.8947,25.33,Clear sky
2003-08-29 21:00:00+00:00,HAKKARİ,30,27.478,15.528,0.0,9.255571,1.0,39.96717,820.52423,23.64,Mainly clear
2003-08-30 21:00:00+00:00,HAKKARİ,30,26.878,15.778,0.1,8.891344,51.0,42.858006,818.68024,21.6,Drizzle: Light
2003-08-31 21:00:00+00:00,HAKKARİ,30,26.778,16.378,0.0,7.5170207,3.0,38.749958,819.3137,19.71,Overcast
2003-09-01 21:00:00+00:00,HAKKARİ,30,28.078,16.978,0.0,7.2805495,2.0,33.46271,821.3354,22.04,Partly cloudy
2003-09-02 21:00:00+00:00,HAKKARİ,30,28.878,17.628,0.0,8.0899935,2.0,30.668093,821.7127,23.4,Partly cloudy
2003-09-03 21:00:00+00:00,HAKKARİ,30,29.528,17.828001,0.0,11.928989,0.0,28.667456,820.22534,24.8,Clear sky
2003-09-04 21:00:00+00:00,HAKKARİ,30,28.128,19.378,0.0,13.039754,0.0,27.216463,818.4322,24.85,Clear sky
2003-09-05 21:00:00+00:00,HAKKARİ,30,23.978,16.678,0.0,12.397806,0.0,38.344902,817.1724,24.33,Clear sky
2003-09-06 21:00:00+00:00,HAKKARİ,30,22.328,11.9279995,0.0,11.440978,0.0,44.995,816.03644,24.72,Clear sky
2003-09-07 21:00:00+00:00,HAKKARİ,30,22.378,9.328,0.0,9.0,0.0,34.20277,816.3997,25.09,Clear sky
2003-09-08 21:00:00+00:00,HAKKARİ,30,23.028,10.028,0.0,9.83268,0.0,31.545212,817.70844,24.7,Clear sky
2003-09-09 21:00:00+00:00,HAKKARİ,30,24.378,8.528,0.0,8.4963045,0.0,34.451305,817.3999,24.12,Clear sky
2003-09-10 21:00:00+00:00,HAKKARİ,30,25.428,12.378,0.0,10.1887,0.0,38.128353,817.9312,23.61,Clear sky
2003-09-11 21:00:00+00:00,HAKKARİ,30,23.478,13.1779995,0.0,13.70839,0.0,42.165363,817.01385,23.48,Clear sky
2003-09-12 21:00:00+00:00,HAKKARİ,30,22.628,12.078,0.0,10.163227,0.0,48.719654,817.62555,23.16,Clear sky
2003-09-13 21:00:00+00:00,HAKKARİ,30,24.178,11.778,0.0,9.565437,1.0,48.74944,820.4781,21.93,Mainly clear
2003-09-14 21:00:00+00:00,HAKKARİ,30,25.828,12.9279995,0.0,8.759178,0.0,38.235416,821.77594,23.07,Clear sky
2003-09-15 21:00:00+00:00,HAKKARİ,30,25.528,13.4279995,0.0,10.8955765,0.0,34.704365,820.5413,22.8,Clear sky
2003-09-16 21:00:00+00:00,HAKKARİ,30,23.428,12.228,0.0,12.57426,0.0,41.541607,818.366,22.69,Clear sky
2003-09-17 21:00:00+00:00,HAKKARİ,30,17.278,9.928,1.7000002,12.181624,53.0,67.86736,816.1274,14.27,Drizzle: Moderate
2003-09-18 21:00:00+00:00,HAKKARİ,30,18.428,9.978,0.3,10.685391,51.0,64.601,817.82745,17.97,Drizzle: Light
2003-09-19 21:00:00+00:00,HAKKARİ,30,19.528,11.078,0.0,12.287555,2.0,53.02682,819.472,19.05,Partly cloudy
2003-09-20 21:00:00+00:00,HAKKARİ,30,19.678,9.228,0.0,9.779817,0.0,45.20018,819.81665,22.04,Clear sky
2003-09-21 21:00:00+00:00,HAKKARİ,30,19.578,5.8780003,0.0,9.504273,1.0,58.677322,821.5659,20.51,Mainly clear
2003-09-22 21:00:00+00:00,HAKKARİ,30,21.678,6.578,0.0,9.693296,1.0,54.03047,822.15674,21.49,Mainly clear
2003-09-23 21:00:00+00:00,HAKKARİ,30,22.378,9.228,0.0,9.659814,0.0,38.49623,820.35986,21.6,Clear sky
2003-09-24 21:00:00+00:00,HAKKARİ,30,22.278,9.728,0.0,9.360001,0.0,38.616447,820.75995,20.9,Clear sky
2003-09-25 21:00:00+00:00,HAKKARİ,30,21.828,9.828,0.0,9.726665,1.0,40.89316,822.4289,19.77,Mainly clear
2003-09-26 21:00:00+00:00,HAKKARİ,30,23.028,10.1779995,0.0,9.007196,0.0,41.896786,822.865,21.0,Clear sky
2003-09-27 21:00:00+00:00,HAKKARİ,30,22.778,11.478,0.0,10.948973,2.0,36.154377,819.85443,19.83,Partly cloudy
2003-09-28 21:00:00+00:00,HAKKARİ,30,22.978,10.228,0.0,11.966953,2.0,37.83575,816.8853,19.85,Partly cloudy
2003-09-29 21:00:00+00:00,HAKKARİ,30,20.328,12.028,0.0,10.594036,1.0,38.94369,817.8322,20.38,Mainly clear
2003-09-30 21:00:00+00:00,HAKKARİ,30,18.928,9.678,0.0,11.525623,3.0,46.661255,816.99756,17.6,Overcast
2003-10-01 21:00:00+00:00,HAKKARİ,30,17.828001,9.428,0.8,11.792404,51.0,53.387287,817.1381,17.77,Drizzle: Light
2003-10-02 21:00:00+00:00,HAKKARİ,30,15.328,8.978,7.0,8.647496,55.0,76.705795,816.94946,10.28,Drizzle: Dense
2003-10-03 21:00:00+00:00,HAKKARİ,30,14.628,7.8780003,1.6,9.387651,51.0,73.06429,817.93463,14.94,Drizzle: Light
2003-10-04 21:00:00+00:00,HAKKARİ,30,19.328,2.9780002,0.0,6.8399997,1.0,61.45885,820.91144,19.33,Mainly clear
2003-10-05 21:00:00+00:00,HAKKARİ,30,21.478,5.528,0.0,9.007196,0.0,42.65376,821.07416,19.55,Clear sky
2003-10-06 21:00:00+00:00,HAKKARİ,30,23.278,7.4779997,0.0,9.746631,0.0,43.84589,820.8427,19.08,Clear sky
2003-10-07 21:00:00+00:00,HAKKARİ,30,22.978,10.878,0.0,9.605998,0.0,36.613663,821.1458,19.12,Clear sky
2003-10-08 21:00:00+00:00,HAKKARİ,30,21.978,11.878,0.0,9.83268,0.0,31.277855,822.0859,18.99,Clear sky
2003-10-09 21:00:00+00:00,HAKKARİ,30,21.928,10.478,0.0,8.766573,3.0,34.72591,822.7032,18.78,Overcast
2003-10-10 21:00:00+00:00,HAKKARİ,30,22.378,11.078,0.0,10.028439,3.0,34.716427,821.2539,18.0,Overcast
2003-10-11 21:00:00+00:00,HAKKARİ,30,20.128,12.6779995,0.0,12.9249525,3.0,36.28691,819.53314,13.9,Overcast
2003-10-12 21:00:00+00:00,HAKKARİ,30,19.878,12.628,0.2,14.345898,51.0,39.96912,820.45404,16.38,Drizzle: Light
2003-10-13 21:00:00+00:00,HAKKARİ,30,20.728,11.978,0.0,10.661107,2.0,38.44951,823.47125,17.83,Partly cloudy
2003-10-14 21:00:00+00:00,HAKKARİ,30,20.228,10.578,0.0,12.641076,3.0,41.97965,825.5186,15.15,Overcast
2003-10-15 21:00:00+00:00,HAKKARİ,30,19.578,11.028,2.5,10.028439,53.0,54.700047,824.8804,13.8,Drizzle: Moderate
2003-10-16 21:00:00+00:00,HAKKARİ,30,16.228,10.478,1.4000001,9.0645685,53.0,70.2443,821.9158,8.96,Drizzle: Moderate
2003-10-17 21:00:00+00:00,HAKKARİ,30,15.078,8.228,1.3000001,9.793059,51.0,78.1455,821.21094,12.95,Drizzle: Light
2003-10-18 21:00:00+00:00,HAKKARİ,30,15.778,8.728,0.6,11.720751,51.0,72.387566,820.4736,13.18,Drizzle: Light
2003-10-19 21:00:00+00:00,HAKKARİ,30,17.128,5.9280005,0.0,8.913181,3.0,68.86598,821.19977,13.95,Overcast
2003-10-20 21:00:00+00:00,HAKKARİ,30,18.178,5.6280003,0.0,7.10031,2.0,61.884796,821.4353,14.63,Partly cloudy
2003-10-21 21:00:00+00:00,HAKKARİ,30,19.828,4.6280003,0.0,9.3876505,3.0,55.25797,822.357,15.99,Overcast
2003-10-22 21:00:00+00:00,HAKKARİ,30,19.978,6.278,0.0,6.8399997,1.0,52.096645,823.24536,16.29,Mainly clear
2003-10-23 21:00:00+00:00,HAKKARİ,30,18.728,8.478,0.0,9.957108,3.0,49.49236,821.4148,15.92,Overcast
2003-10-24 21:00:00+00:00,HAKKARİ,30,18.178,8.878,0.0,9.339208,3.0,57.027477,819.3067,12.56,Overcast
2003-10-25 21:00:00+00:00,HAKKARİ,30,15.9279995,8.628,0.5,12.413477,51.0,74.70997,815.8091,13.18,Drizzle: Light
2003-10-26 21:00:00+00:00,HAKKARİ,30,15.378,7.6280003,0.6,11.720751,51.0,64.33118,813.06177,14.93,Drizzle: Light
2003-10-27 21:00:00+00:00,HAKKARİ,30,9.978,5.828,22.6,11.770403,63.0,82.30024,811.20416,6.0,Rain: Moderate
2003-10-28 21:00:00+00:00,HAKKARİ,30,8.078,2.778,64.2,10.594036,75.0,99.04952,807.89624,2.15,Snow fall: Heavy
2003-10-29 21:00:00+00:00,HAKKARİ,30,3.9780002,-4.472,5.8,8.699793,75.0,84.05337,812.58466,15.03,Snow fall: Heavy
2003-10-30 21:00:00+00:00,HAKKARİ,30,3.8780003,-14.672001,0.1,7.289445,71.0,78.446434,812.6741,11.07,Snow fall: Slight
2003-10-31 21:00:00+00:00,HAKKARİ,30,10.228,-8.272,0.0,7.5685663,3.0,79.61581,814.6867,14.95,Overcast
2003-11-01 21:00:00+00:00,HAKKARİ,30,12.378,-4.172,0.0,7.9526596,3.0,67.66646,814.70917,14.99,Overcast
2003-11-02 21:00:00+00:00,HAKKARİ,30,13.278,-4.922,0.0,10.08,3.0,64.06025,816.872,15.31,Overcast
2003-11-03 21:00:00+00:00,HAKKARİ,30,14.878,-3.022,0.0,8.287822,0.0,49.619644,818.74,15.29,Clear sky
2003-11-04 21:00:00+00:00,HAKKARİ,30,14.778,-1.5719998,0.0,7.208994,3.0,45.09007,818.66986,15.11,Overcast
2003-11-05 21:00:00+00:00,HAKKARİ,30,16.628,-0.37199998,0.0,5.7599998,3.0,55.831394,820.08075,14.17,Overcast
2003-11-06 21:00:00+00:00,HAKKARİ,30,15.478,4.328,0.9,6.4799995,53.0,70.170265,820.2547,10.53,Drizzle: Moderate
2003-11-07 21:00:00+00:00,HAKKARİ,30,12.628,1.8780001,0.1,6.489992,51.0,75.285515,814.4304,8.74,Drizzle: Light
2003-11-08 21:00:00+00:00,HAKKARİ,30,6.6280003,2.4280002,32.000004,5.7599998,75.0,95.621254,809.1103,3.03,Snow fall: Heavy
2003-11-09 21:00:00+00:00,HAKKARİ,30,3.7280002,2.6280003,59.8,6.489992,75.0,99.281746,809.7193,1.72,Snow fall: Heavy
2003-11-10 21:00:00+00:00,HAKKARİ,30,5.8780003,2.828,35.699993,6.924738,75.0,98.7073,813.1846,5.86,Snow fall: Heavy
2003-11-11 21:00:00+00:00,HAKKARİ,30,4.778,0.028000116,1.9000002,8.654986,71.0,94.38143,817.4446,9.21,Snow fall: Slight
2003-11-12 21:00:00+00:00,HAKKARİ,30,3.1280003,-4.7720003,0.70000005,9.826088,71.0,86.696655,814.27216,11.26,Snow fall: Slight
2003-11-13 21:00:00+00:00,HAKKARİ,30,2.028,-6.472,0.0,8.311245,3.0,70.24955,814.71655,13.32,Overcast
2003-11-14 21:00:00+00:00,HAKKARİ,30,2.778,-8.972,0.0,7.9526596,0.0,66.49166,816.7767,13.76,Clear sky
2003-11-15 21:00:00+00:00,HAKKARİ,30,3.7280002,-9.672,0.0,9.007196,2.0,60.969467,815.73975,13.66,Partly cloudy
2003-11-16 21:00:00+00:00,HAKKARİ,30,5.6280003,-5.2720003,0.0,7.2,3.0,52.91569,815.5916,13.39,Overcast
2003-11-17 21:00:00+00:00,HAKKARİ,30,5.3780003,-4.472,0.0,9.0,3.0,63.726254,813.95654,13.36,Overcast
2003-11-18 21:00:00+00:00,HAKKARİ,30,3.428,-4.172,6.8,10.137692,75.0,88.89413,812.0269,10.26,Snow fall: Heavy
2003-11-19 21:00:00+00:00,HAKKARİ,30,2.6280003,-2.722,1.7000002,6.379216,73.0,81.48956,812.8867,11.71,Snow fall: Moderate
2003-11-20 21:00:00+00:00,HAKKARİ,30,3.678,-5.922,0.0,6.297428,2.0,78.46273,814.2487,10.2,Partly cloudy
2003-11-21 21:00:00+00:00,HAKKARİ,30,7.328,-11.372,0.0,10.446206,1.0,61.05832,817.2563,12.71,Mainly clear
2003-11-22 21:00:00+00:00,HAKKARİ,30,9.828,-4.972,0.0,8.64,3.0,43.21317,818.66595,12.61,Overcast
2003-11-23 21:00:00+00:00,HAKKARİ,30,9.528,-3.5719998,0.0,8.287822,3.0,44.689754,818.64355,12.38,Overcast
2003-11-24 21:00:00+00:00,HAKKARİ,30,6.9779997,-0.9719999,6.7000003,7.9932976,75.0,58.7253,820.6032,7.3,Snow fall: Heavy
2003-11-25 21:00:00+00:00,HAKKARİ,30,3.778,0.57800007,22.099998,5.95906,75.0,96.99694,819.82416,2.89,Snow fall: Heavy
2003-11-26 21:00:00+00:00,HAKKARİ,30,4.528,1.4780002,10.800001,5.0911684,75.0,95.24334,814.71655,5.34,Snow fall: Heavy
2003-11-27 21:00:00+00:00,HAKKARİ,30,4.6280003,-0.92199993,0.0,7.8625183,3.0,83.28765,812.8118,11.83,Overcast
2003-11-28 21:00:00+00:00,HAKKARİ,30,4.1280003,-5.6219997,0.0,11.440978,3.0,83.06004,813.4883,9.0,Overcast
2003-11-29 21:00:00+00:00,HAKKARİ,30,3.2280002,-1.872,0.0,7.8625183,3.0,85.01319,815.1243,6.01,Overcast
2003-11-30 21:00:00+00:00,HAKKARİ,30,3.9780002,-3.1719997,0.0,8.049845,3.0,80.22185,815.482,10.83,Overcast
2003-12-01 21:00:00+00:00,HAKKARİ,30,3.778,-6.672,0.0,10.538843,3.0,83.33997,814.6534,8.4,Overcast
2003-12-02 21:00:00+00:00,HAKKARİ,30,3.1280003,-1.9719999,2.5999994,7.072878,73.0,87.075714,813.5915,5.48,Snow fall: Moderate
2003-12-03 21:00:00+00:00,HAKKARİ,30,3.4780002,-1.872,0.1,6.9899354,71.0,83.7432,813.30444,8.24,Snow fall: Slight
2003-12-04 21:00:00+00:00,HAKKARİ,30,3.4780002,-7.5220003,0.0,9.0645685,3.0,84.88888,811.2937,9.54,Overcast
2003-12-05 21:00:00+00:00,HAKKARİ,30,3.578,-8.372,0.1,9.779817,71.0,84.53723,806.4982,8.6,Snow fall: Slight
2003-12-06 21:00:00+00:00,HAKKARİ,30,1.6780001,-3.622,0.1,8.404285,71.0,88.669365,815.011,8.47,Snow fall: Slight
2003-12-07 21:00:00+00:00,HAKKARİ,30,2.528,-2.3219998,0.1,7.289445,71.0,92.2645,818.6973,5.43,Snow fall: Slight
2003-12-08 21:00:00+00:00,HAKKARİ,30,2.128,-1.3219998,7.2000003,8.557102,73.0,95.53091,816.7205,3.81,Snow fall: Moderate
2003-12-09 21:00:00+00:00,HAKKARİ,30,3.928,-1.8219998,1.8000002,6.924738,73.0,87.90543,816.3985,7.82,Snow fall: Moderate
2003-12-10 21:00:00+00:00,HAKKARİ,30,-2.272,-12.3220005,0.0,13.358861,3.0,69.75652,818.0691,11.52,Overcast
2003-12-11 21:00:00+00:00,HAKKARİ,30,0.47800016,-12.922,0.0,13.797912,3.0,53.61258,814.88617,11.24,Overcast
2003-12-12 21:00:00+00:00,HAKKARİ,30,5.1780005,-10.872,0.0,10.446206,3.0,35.91054,814.22974,11.58,Overcast
2003-12-13 21:00:00+00:00,HAKKARİ,30,3.578,-3.272,0.0,4.5536795,3.0,36.5167,816.6723,9.99,Overcast
2003-12-14 21:00:00+00:00,HAKKARİ,30,-0.37199998,-4.2720003,29.8,3.219938,75.0,73.6392,814.22974,2.86,Snow fall: Heavy
2003-12-15 21:00:00+00:00,HAKKARİ,30,3.028,-0.92199993,15.199999,5.0142193,75.0,96.70785,812.3811,3.36,Snow fall: Heavy
2003-12-16 21:00:00+00:00,HAKKARİ,30,3.428,0.97800016,7.0999994,7.0911775,73.0,97.44233,813.5374,6.14,Snow fall: Moderate
2003-12-17 21:00:00+00:00,HAKKARİ,30,3.078,0.72800016,40.100002,8.427383,75.0,98.51425,808.9991,3.23,Snow fall: Heavy
2003-12-18 21:00:00+00:00,HAKKARİ,30,-0.12199998,-5.2720003,15.3,9.904906,75.0,91.39362,808.5691,6.79,Snow fall: Heavy
2003-12-19 21:00:00+00:00,HAKKARİ,30,-3.872,-8.122,7.3000007,6.638072,75.0,83.8411,813.4643,9.63,Snow fall: Heavy
2003-12-20 21:00:00+00:00,HAKKARİ,30,-2.3219998,-15.0720005,0.0,9.007196,2.0,67.57746,815.7824,11.02,Partly cloudy
2003-12-21 21:00:00+00:00,HAKKARİ,30,-0.17199993,-8.172,0.0,6.8399997,3.0,41.39908,816.68097,11.62,Overcast
2003-12-22 21:00:00+00:00,HAKKARİ,30,0.4280001,-5.7720003,1.3000001,6.8399997,73.0,40.33537,813.05707,8.49,Snow fall: Moderate
2003-12-23 21:00:00+00:00,HAKKARİ,30,0.4280001,-9.022,0.0,6.489992,3.0,69.12763,815.5025,10.98,Overcast
2003-12-24 21:00:00+00:00,HAKKARİ,30,3.778,-10.422,0.0,9.0,3.0,57.003986,814.8299,11.01,Overcast
2003-12-25 21:00:00+00:00,HAKKARİ,30,3.678,-3.772,19.199999,6.2145634,75.0,58.767124,812.25055,6.89,Snow fall: Heavy
2003-12-26 21:00:00+00:00,HAKKARİ,30,-1.4719999,-5.8219995,2.8999999,5.04,73.0,89.77825,809.20135,8.7,Snow fall: Moderate
2003-12-27 21:00:00+00:00,HAKKARİ,30,-1.0219998,-9.372,0.0,6.489992,71.0,83.76064,811.68646,9.29,Snow fall: Slight
2003-12-28 21:00:00+00:00,HAKKARİ,30,-0.872,-6.722,3.4,6.519877,73.0,83.41184,817.8687,8.78,Snow fall: Moderate
2003-12-29 21:00:00+00:00,HAKKARİ,30,0.4280001,-11.372,0.0,9.826088,3.0,78.0758,820.343,11.15,Overcast
2003-12-30 21:00:00+00:00,HAKKARİ,30,0.62800014,-15.922001,0.0,10.182337,3.0,63.77782,814.9978,10.38,Overcast
2003-12-31 21:00:00+00:00,HAKKARİ,30,0.07800007,-6.8220005,1.1,4.73506,73.0,43.350636,812.5005,10.68,Snow fall: Moderate
2004-01-01 21:00:00+00:00,HAKKARİ,30,-1.5219998,-5.8719997,1.3000001,5.4477882,73.0,89.74841,810.7481,9.73,Snow fall: Moderate
2004-01-02 21:00:00+00:00,HAKKARİ,30,1.1280001,-3.972,2.8000002,6.130579,73.0,87.66788,808.40326,8.07,Snow fall: Moderate
2004-01-03 21:00:00+00:00,HAKKARİ,30,-0.37199998,-9.022,0.0,5.0911684,3.0,82.46603,811.94604,9.93,Overcast
2004-01-04 21:00:00+00:00,HAKKARİ,30,-2.3219998,-3.6719997,18.8,5.0528407,75.0,93.5532,811.44995,2.17,Snow fall: Heavy
2004-01-05 21:00:00+00:00,HAKKARİ,30,-0.17199993,-3.4219997,0.3,5.8603754,71.0,92.88479,810.7224,8.75,Snow fall: Slight
2004-01-06 21:00:00+00:00,HAKKARİ,30,-0.07199979,-4.422,16.199999,5.937272,75.0,90.6579,804.7753,6.56,Snow fall: Heavy
2004-01-07 21:00:00+00:00,HAKKARİ,30,-3.622,-8.422,15.4,9.36,75.0,90.99874,806.4781,4.71,Snow fall: Heavy
2004-01-08 21:00:00+00:00,HAKKARİ,30,-5.3219995,-8.872,3.9,5.95906,73.0,86.72986,810.06104,9.09,Snow fall: Moderate
2004-01-09 21:00:00+00:00,HAKKARİ,30,-4.0719995,-8.772,0.8000001,6.439876,73.0,85.01519,813.10785,9.73,Snow fall: Moderate
2004-01-10 21:00:00+00:00,HAKKARİ,30,1.2780001,-5.2720003,1.7000003,5.506941,73.0,80.436134,814.5386,9.6,Snow fall: Moderate
2004-01-11 21:00:00+00:00,HAKKARİ,30,1.7780001,-1.9719999,0.1,5.95906,71.0,85.72702,813.19244,8.22,Snow fall: Slight
2004-01-12 21:00:00+00:00,HAKKARİ,30,-0.27199984,-4.1219997,25.6,9.0,75.0,92.64758,802.7759,2.68,Snow fall: Heavy
2004-01-13 21:00:00+00:00,HAKKARİ,30,-0.17199993,-2.972,1.3000001,7.4128532,73.0,91.274895,806.9334,9.38,Snow fall: Moderate
2004-01-14 21:00:00+00:00,HAKKARİ,30,-0.12199998,-2.872,6.4999995,6.9527545,73.0,95.04651,809.7739,4.55,Snow fall: Moderate
2004-01-15 21:00:00+00:00,HAKKARİ,30,0.028000116,-4.0719995,0.0,5.95906,71.0,91.467865,814.6004,7.45,Snow fall: Slight
2004-01-16 21:00:00+00:00,HAKKARİ,30,0.97800016,-2.1719997,5.9999995,6.12,73.0,94.58958,813.2654,5.19,Snow fall: Moderate
2004-01-17 21:00:00+00:00,HAKKARİ,30,1.2280002,-4.422,1.7000002,6.12,73.0,88.17764,813.01715,10.18,Snow fall: Moderate
2004-01-18 21:00:00+00:00,HAKKARİ,30,3.578,-9.622,0.0,8.64,3.0,62.643707,811.4047,13.2,Overcast
2004-01-19 21:00:00+00:00,HAKKARİ,30,3.3780003,-5.172,0.0,6.4799995,0.0,40.960724,811.7432,13.59,Clear sky
2004-01-20 21:00:00+00:00,HAKKARİ,30,1.9780002,-5.5719995,0.0,4.6800003,3.0,37.97365,810.15015,12.67,Overcast
2004-01-21 21:00:00+00:00,HAKKARİ,30,0.17800009,-5.3719997,2.4,6.763786,73.0,54.10819,808.2142,9.78,Snow fall: Moderate
2004-01-22 21:00:00+00:00,HAKKARİ,30,-2.4219997,-4.8719997,31.400003,6.9899354,75.0,94.83016,802.2486,3.22,Snow fall: Heavy
2004-01-23 21:00:00+00:00,HAKKARİ,30,-1.4719999,-4.8219995,16.7,6.130579,75.0,92.02622,806.0938,6.96,Snow fall: Heavy
2004-01-24 21:00:00+00:00,HAKKARİ,30,0.6780001,-3.522,6.7999997,4.829907,75.0,84.83448,811.0674,10.05,Snow fall: Heavy
2004-01-25 21:00:00+00:00,HAKKARİ,30,-0.47199988,-4.3219995,1.5000001,5.8603754,71.0,87.388725,808.4069,7.82,Snow fall: Slight
2004-01-26 21:00:00+00:00,HAKKARİ,30,-0.67199993,-4.472,0.70000005,6.924738,71.0,88.99624,807.80304,11.25,Snow fall: Slight
2004-01-27 21:00:00+00:00,HAKKARİ,30,1.0280001,-8.8220005,0.0,6.4799995,3.0,76.22366,810.38324,13.81,Overcast
2004-01-28 21:00:00+00:00,HAKKARİ,30,2.8780003,-11.022,0.0,7.208994,0.0,59.530117,812.0347,14.26,Clear sky
2004-01-29 21:00:00+00:00,HAKKARİ,30,2.4780002,-4.0719995,0.0,4.3349743,3.0,47.114574,812.8543,14.68,Overcast
2004-01-30 21:00:00+00:00,HAKKARİ,30,0.57800007,-5.672,0.0,4.802999,3.0,58.864742,812.378,14.56,Overcast
2004-01-31 21:00:00+00:00,HAKKARİ,30,0.57800007,-6.672,0.0,9.449572,71.0,71.51685,809.45905,13.86,Snow fall: Slight
2004-02-01 21:00:00+00:00,HAKKARİ,30,-0.021999836,-5.8719997,2.1999998,9.9571085,73.0,86.29236,808.57794,9.32,Snow fall: Moderate
2004-02-02 21:00:00+00:00,HAKKARİ,30,-1.122,-4.7720003,1.0,7.5170207,71.0,89.76331,813.7893,11.12,Snow fall: Slight
2004-02-03 21:00:00+00:00,HAKKARİ,30,-0.52199984,-8.972,0.0,7.2,3.0,80.980675,813.87964,14.43,Overcast
2004-02-04 21:00:00+00:00,HAKKARİ,30,0.6780001,-5.222,0.0,5.771239,3.0,75.177155,812.04877,14.65,Overcast
2004-02-05 21:00:00+00:00,HAKKARİ,30,0.07800007,-11.8220005,0.0,7.289445,71.0,80.94451,807.6673,14.42,Snow fall: Slight
2004-02-06 21:00:00+00:00,HAKKARİ,30,0.27800012,-9.222,0.0,5.5887027,2.0,72.90569,812.0283,15.14,Partly cloudy
2004-02-07 21:00:00+00:00,HAKKARİ,30,1.3780001,-7.0720005,0.0,6.792466,1.0,75.18511,817.08765,15.56,Mainly clear
2004-02-08 21:00:00+00:00,HAKKARİ,30,1.0280001,-4.8219995,0.0,6.9153743,3.0,86.75053,817.9898,11.62,Overcast
2004-02-09 21:00:00+00:00,HAKKARİ,30,2.4780002,-5.0220003,0.0,7.4128532,3.0,93.591896,816.61127,10.17,Overcast
2004-02-10 21:00:00+00:00,HAKKARİ,30,0.7780001,-1.4719999,31.400002,6.830519,75.0,96.67936,809.10986,2.48,Snow fall: Heavy
2004-02-11 21:00:00+00:00,HAKKARİ,30,0.17800009,-3.472,4.6,9.339208,75.0,87.93479,812.46796,14.2,Snow fall: Heavy
2004-02-12 21:00:00+00:00,HAKKARİ,30,0.9280001,-3.0719998,19.099998,4.8433046,75.0,89.5133,811.78735,11.2,Snow fall: Heavy
2004-02-13 21:00:00+00:00,HAKKARİ,30,1.4780002,-2.872,37.700005,9.826088,75.0,97.00668,805.25806,9.08,Snow fall: Heavy
2004-02-14 21:00:00+00:00,HAKKARİ,30,-1.7219999,-10.8220005,17.199999,11.792404,75.0,86.892586,802.8682,7.29,Snow fall: Heavy
2004-02-15 21:00:00+00:00,HAKKARİ,30,-9.422,-15.472,7.8000007,10.365251,75.0,81.24961,810.39966,12.38,Snow fall: Heavy
2004-02-16 21:00:00+00:00,HAKKARİ,30,-4.1219997,-9.3220005,2.5,7.729527,73.0,80.24639,812.1201,15.65,Snow fall: Moderate
2004-02-17 21:00:00+00:00,HAKKARİ,30,-1.0219998,-12.022,2.3,6.519877,73.0,80.66979,809.9698,12.23,Snow fall: Moderate
2004-02-18 21:00:00+00:00,HAKKARİ,30,0.22800016,-4.8219995,0.4,6.2145634,71.0,87.32734,810.39923,13.9,Snow fall: Slight
2004-02-19 21:00:00+00:00,HAKKARİ,30,-0.52199984,-8.472,0.0,7.24486,3.0,84.084366,812.87836,16.32,Overcast
2004-02-20 21:00:00+00:00,HAKKARİ,30,-1.8219998,-5.6219997,7.2000003,8.287822,73.0,91.09579,812.47046,8.45,Snow fall: Moderate
2004-02-21 21:00:00+00:00,HAKKARİ,30,-1.4719999,-9.672,64.700005,10.538843,75.0,93.50079,804.6059,2.48,Snow fall: Heavy
2004-02-22 21:00:00+00:00,HAKKARİ,30,-5.922,-13.122,1.2,6.9527545,73.0,71.913475,808.5518,16.03,Snow fall: Moderate
2004-02-23 21:00:00+00:00,HAKKARİ,30,-0.622,-11.022,0.0,7.9932976,0.0,62.300934,813.2968,19.35,Clear sky
2004-02-24 21:00:00+00:00,HAKKARİ,30,2.828,-8.172,0.0,5.771239,3.0,68.02043,815.86743,18.48,Overcast
2004-02-25 21:00:00+00:00,HAKKARİ,30,4.778,-1.8219998,0.0,6.12,3.0,81.85449,816.17303,18.66,Overcast
2004-02-26 21:00:00+00:00,HAKKARİ,30,6.9779997,-7.5720005,0.0,8.647496,3.0,68.19923,814.1839,18.5,Overcast
2004-02-27 21:00:00+00:00,HAKKARİ,30,11.628,-2.8219998,0.0,6.519877,3.0,51.026722,817.0422,19.36,Overcast
2004-02-28 21:00:00+00:00,HAKKARİ,30,12.078,2.928,0.0,7.5942073,3.0,63.270596,818.53467,14.42,Overcast
2004-02-29 21:00:00+00:00,HAKKARİ,30,8.128,3.778,0.70000005,5.8048253,51.0,72.15801,818.30707,16.17,Drizzle: Light
2004-03-01 21:00:00+00:00,HAKKARİ,30,8.328,2.778,1.7000002,6.725354,51.0,84.61059,817.7104,15.41,Drizzle: Light
2004-03-02 21:00:00+00:00,HAKKARİ,30,8.378,4.3780003,0.1,5.634891,51.0,80.882545,818.62775,14.54,Drizzle: Light
2004-03-03 21:00:00+00:00,HAKKARİ,30,9.878,-0.07199979,0.0,5.4477882,3.0,75.9964,818.0927,18.24,Overcast
2004-03-04 21:00:00+00:00,HAKKARİ,30,9.228,6.328,2.4,7.342588,53.0,69.28186,813.5528,14.34,Drizzle: Moderate
2004-03-05 21:00:00+00:00,HAKKARİ,30,5.9280005,1.6280001,51.200005,9.9571085,75.0,96.850395,809.4548,1.27,Snow fall: Heavy
2004-03-06 21:00:00+00:00,HAKKARİ,30,3.328,-0.17199993,4.3,10.163227,75.0,85.25475,815.03827,18.31,Snow fall: Heavy
2004-03-07 21:00:00+00:00,HAKKARİ,30,5.328,-5.0719995,0.0,6.6185193,3.0,68.44023,817.3737,22.08,Overcast
2004-03-08 21:00:00+00:00,HAKKARİ,30,5.578,-5.3719997,0.0,7.5170207,2.0,62.448658,818.16895,22.1,Partly cloudy
2004-03-09 21:00:00+00:00,HAKKARİ,30,7.078,-1.9219999,0.0,5.7599998,1.0,43.001526,814.68475,22.35,Mainly clear
2004-03-10 21:00:00+00:00,HAKKARİ,30,3.9780002,-0.42199993,0.0,9.178235,71.0,68.76333,812.7715,19.88,Snow fall: Slight
2004-03-11 21:00:00+00:00,HAKKARİ,30,3.028,-2.122,0.0,8.891343,71.0,82.115105,812.7161,17.72,Snow fall: Slight
2004-03-12 21:00:00+00:00,HAKKARİ,30,4.1780005,-4.0220003,0.0,7.628263,3.0,68.83503,810.5852,19.39,Overcast
2004-03-13 21:00:00+00:00,HAKKARİ,30,2.078,-7.672,0.0,9.227524,71.0,68.99172,811.12695,21.04,Snow fall: Slight
2004-03-14 21:00:00+00:00,HAKKARİ,30,0.82800007,-8.422,0.0,10.587918,3.0,67.96868,811.64264,20.3,Overcast
2004-03-15 21:00:00+00:00,HAKKARİ,30,1.7280002,-9.222,0.0,9.47012,2.0,62.70415,813.44604,23.3,Partly cloudy
2004-03-16 21:00:00+00:00,HAKKARİ,30,0.97800016,-5.972,0.3,8.891344,71.0,70.44625,813.68115,19.38,Snow fall: Slight
2004-03-17 21:00:00+00:00,HAKKARİ,30,1.3780001,-5.0220003,3.2,8.4963045,73.0,76.21305,814.2995,19.69,Snow fall: Moderate
2004-03-18 21:00:00+00:00,HAKKARİ,30,4.478,-7.1219997,0.0,7.072878,3.0,67.804375,812.9158,21.19,Overcast
2004-03-19 21:00:00+00:00,HAKKARİ,30,5.1780005,-5.422,0.0,8.707238,1.0,64.65564,814.26196,22.51,Mainly clear
2004-03-20 21:00:00+00:00,HAKKARİ,30,7.578,-4.8719997,0.0,6.849467,1.0,56.579895,816.32074,24.03,Mainly clear
2004-03-21 21:00:00+00:00,HAKKARİ,30,9.728,-2.472,0.0,6.87779,0.0,57.833157,818.622,24.24,Clear sky
2004-03-22 21:00:00+00:00,HAKKARİ,30,11.328,-1.2219999,0.0,7.208994,0.0,51.242752,819.8069,24.44,Clear sky
2004-03-23 21:00:00+00:00,HAKKARİ,30,10.6779995,3.578,0.0,5.771239,3.0,45.935642,819.5638,23.17,Overcast
2004-03-24 21:00:00+00:00,HAKKARİ,30,11.778,1.8780001,0.0,5.771239,1.0,55.30666,815.7115,24.38,Mainly clear
2004-03-25 21:00:00+00:00,HAKKARİ,30,11.728,2.928,0.0,6.439876,0.0,59.564316,814.5733,24.79,Clear sky
2004-03-26 21:00:00+00:00,HAKKARİ,30,12.1779995,2.4780002,0.0,6.2145634,2.0,59.05376,817.1661,25.1,Partly cloudy
2004-03-27 21:00:00+00:00,HAKKARİ,30,12.1779995,3.7280002,0.0,5.3999996,3.0,57.481365,818.33057,24.04,Overcast
2004-03-28 21:00:00+00:00,HAKKARİ,30,11.828,3.078,0.0,8.699793,3.0,59.590305,817.12006,22.45,Overcast
2004-03-29 21:00:00+00:00,HAKKARİ,30,7.028,3.428,16.899998,6.162207,73.0,90.745964,811.0385,6.56,Snow fall: Moderate
2004-03-30 21:00:00+00:00,HAKKARİ,30,8.028,-0.3219998,2.8000002,7.7043357,73.0,75.78341,807.1777,22.98,Snow fall: Moderate
2004-03-31 21:00:00+00:00,HAKKARİ,30,7.3780003,-2.372,0.1,9.511088,71.0,58.212296,809.7651,24.83,Snow fall: Slight
2004-04-01 21:00:00+00:00,HAKKARİ,30,4.228,0.72800016,8.0,10.931203,75.0,81.880455,809.9982,14.18,Snow fall: Heavy
2004-04-02 21:00:00+00:00,HAKKARİ,30,5.078,1.0280001,5.399999,10.495713,73.0,81.34283,805.3835,17.12,Snow fall: Moderate
2004-04-03 21:00:00+00:00,HAKKARİ,30,4.478,-3.1719997,3.1000001,13.783817,73.0,75.257095,806.15814,23.89,Snow fall: Moderate
2004-04-04 21:00:00+00:00,HAKKARİ,30,4.028,-8.372,0.0,9.255571,3.0,66.35772,811.7344,24.84,Overcast
2004-04-05 21:00:00+00:00,HAKKARİ,30,5.8780003,-4.172,0.0,6.849467,3.0,67.399796,814.3672,26.93,Overcast
2004-04-06 21:00:00+00:00,HAKKARİ,30,7.528,-1.372,0.0,6.6185193,3.0,67.6766,815.105,25.78,Overcast
2004-04-07 21:00:00+00:00,HAKKARİ,30,9.078,-1.4219999,0.0,6.4799995,1.0,59.876038,816.65436,26.56,Mainly clear
2004-04-08 21:00:00+00:00,HAKKARİ,30,10.828,-0.07199979,0.0,8.311245,0.0,51.606808,815.7547,27.6,Clear sky
2004-04-09 21:00:00+00:00,HAKKARİ,30,10.528,1.6780001,0.0,9.726665,0.0,48.44418,816.5041,27.62,Clear sky
2004-04-10 21:00:00+00:00,HAKKARİ,30,13.078,1.2280002,0.0,10.105681,0.0,50.310024,818.35815,27.84,Clear sky
2004-04-11 21:00:00+00:00,HAKKARİ,30,13.828,0.17800009,0.0,9.726665,0.0,46.953983,818.7436,28.05,Clear sky
2004-04-12 21:00:00+00:00,HAKKARİ,30,16.578001,1.5280001,0.0,8.64,2.0,39.515316,817.2054,28.13,Partly cloudy
2004-04-13 21:00:00+00:00,HAKKARİ,30,15.278,3.9780002,0.0,7.9036193,2.0,59.66206,815.92816,26.19,Partly cloudy
2004-04-14 21:00:00+00:00,HAKKARİ,30,12.378,4.9280005,1.9000001,13.783817,51.0,65.85765,812.3426,17.63,Drizzle: Light
2004-04-15 21:00:00+00:00,HAKKARİ,30,5.3780003,1.9280001,14.099999,8.557102,75.0,88.44651,804.5252,14.27,Snow fall: Heavy
2004-04-16 21:00:00+00:00,HAKKARİ,30,6.578,-0.872,0.1,7.24486,71.0,73.03761,806.0786,21.27,Snow fall: Slight
2004-04-17 21:00:00+00:00,HAKKARİ,30,6.028,-1.622,1.2,9.585739,71.0,78.71818,808.9665,21.86,Snow fall: Slight
2004-04-18 21:00:00+00:00,HAKKARİ,30,4.778,1.3280001,8.300001,8.669949,73.0,92.20685,807.3808,12.57,Snow fall: Moderate
2004-04-19 21:00:00+00:00,HAKKARİ,30,6.278,0.97800016,7.8,6.9527545,73.0,93.0682,807.85126,15.14,Snow fall: Moderate
2004-04-20 21:00:00+00:00,HAKKARİ,30,8.478,-1.622,0.8,8.225035,51.0,88.187675,812.4948,20.57,Drizzle: Light
2004-04-21 21:00:00+00:00,HAKKARİ,30,10.378,2.7280002,6.799999,15.226764,71.0,83.49365,809.03046,20.94,Snow fall: Slight
2004-04-22 21:00:00+00:00,HAKKARİ,30,6.8780003,3.178,21.999998,6.4799995,73.0,97.05952,806.50616,7.5,Snow fall: Moderate
2004-04-23 21:00:00+00:00,HAKKARİ,30,8.178,0.97800016,0.90000004,10.464797,51.0,79.82299,810.8641,23.46,Drizzle: Light
2004-04-24 21:00:00+00:00,HAKKARİ,30,9.028,1.2780001,0.6,11.592894,51.0,76.00314,811.97314,23.77,Drizzle: Light
2004-04-25 21:00:00+00:00,HAKKARİ,30,10.478,1.7780001,0.0,9.220499,3.0,66.69276,815.4451,25.8,Overcast
2004-04-26 21:00:00+00:00,HAKKARİ,30,14.478,2.6280003,0.0,7.2,3.0,50.733154,819.00446,26.09,Overcast
2004-04-27 21:00:00+00:00,HAKKARİ,30,13.028,7.328,0.4,10.587918,51.0,61.772594,819.8189,22.68,Drizzle: Light
2004-04-28 21:00:00+00:00,HAKKARİ,30,12.6779995,6.8780003,2.0,8.707238,55.0,74.70977,816.665,16.99,Drizzle: Dense
2004-04-29 21:00:00+00:00,HAKKARİ,30,9.378,6.578,15.999998,6.162207,61.0,88.52726,811.4924,8.98,Rain: Slight
2004-04-30 21:00:00+00:00,HAKKARİ,30,10.578,5.478,9.000001,7.9932976,61.0,95.35254,810.3027,18.6,Rain: Slight
2004-05-01 21:00:00+00:00,HAKKARİ,30,11.028,3.8780003,1.3000001,7.0911775,53.0,80.35336,813.5759,23.22,Drizzle: Moderate
2004-05-02 21:00:00+00:00,HAKKARİ,30,11.228,5.028,11.6,7.9932976,61.0,85.904976,814.0926,19.14,Rain: Slight
2004-05-03 21:00:00+00:00,HAKKARİ,30,10.878,4.828,6.7,10.948973,61.0,89.50713,812.482,18.96,Rain: Slight
2004-05-04 21:00:00+00:00,HAKKARİ,30,10.378,3.1280003,5.9,7.5685663,61.0,86.04514,812.61523,19.94,Rain: Slight
2004-05-05 21:00:00+00:00,HAKKARİ,30,11.978,2.328,1.6000001,7.386582,51.0,77.89376,815.22784,20.85,Drizzle: Light
2004-05-06 21:00:00+00:00,HAKKARİ,30,16.928,0.22800016,0.0,9.360001,3.0,69.37532,815.0467,28.27,Overcast
2004-05-07 21:00:00+00:00,HAKKARİ,30,16.578001,2.828,0.0,9.793059,3.0,67.8502,815.75635,26.41,Overcast
2004-05-08 21:00:00+00:00,HAKKARİ,30,14.878,9.028,0.3,10.739833,51.0,69.53479,815.1993,28.61,Drizzle: Light
2004-05-09 21:00:00+00:00,HAKKARİ,30,14.978,6.778,0.0,10.829959,3.0,68.10701,814.7087,27.7,Overcast
2004-05-10 21:00:00+00:00,HAKKARİ,30,14.378,9.528,1.1,12.904882,51.0,62.577377,809.5786,27.54,Drizzle: Light
2004-05-11 21:00:00+00:00,HAKKARİ,30,13.578,5.978,8.2,10.829959,61.0,87.83594,808.25323,19.32,Rain: Slight
2004-05-12 21:00:00+00:00,HAKKARİ,30,8.878,1.8780001,11.3,8.049845,73.0,80.50805,804.86444,15.9,Snow fall: Moderate
2004-05-13 21:00:00+00:00,HAKKARİ,30,13.878,-0.52199984,2.4,10.195057,61.0,73.15128,808.4532,26.19,Rain: Slight
2004-05-14 21:00:00+00:00,HAKKARİ,30,12.128,4.828,5.7999997,9.605998,61.0,85.08041,803.87006,19.29,Rain: Slight
2004-05-15 21:00:00+00:00,HAKKARİ,30,7.9280005,4.828,10.100001,7.5685663,71.0,95.85669,805.73456,9.54,Snow fall: Slight
2004-05-16 21:00:00+00:00,HAKKARİ,30,10.578,3.928,12.699999,7.9526596,71.0,96.308044,812.8567,14.63,Snow fall: Slight
2004-05-17 21:00:00+00:00,HAKKARİ,30,12.6779995,3.4780002,0.5,12.475961,51.0,75.269966,817.5517,25.13,Drizzle: Light
2004-05-18 21:00:00+00:00,HAKKARİ,30,13.628,3.8780003,2.0,15.1884165,53.0,68.56204,816.1421,27.33,Drizzle: Moderate
2004-05-19 21:00:00+00:00,HAKKARİ,30,9.528,4.578,8.6,7.928178,61.0,89.93093,812.7625,9.46,Rain: Slight
2004-05-20 21:00:00+00:00,HAKKARİ,30,15.078,0.12800014,0.0,8.311245,3.0,70.291435,816.4033,29.12,Overcast
2004-05-21 21:00:00+00:00,HAKKARİ,30,15.978,3.778,1.2,9.9571085,53.0,67.23997,816.3322,26.29,Drizzle: Moderate
2004-05-22 21:00:00+00:00,HAKKARİ,30,15.6779995,1.8780001,2.5,8.4042845,53.0,77.07816,815.8857,24.98,Drizzle: Moderate
2004-05-23 21:00:00+00:00,HAKKARİ,30,17.878,5.3780003,1.0,7.4128532,53.0,68.56011,816.9278,23.97,Drizzle: Moderate
2004-05-24 21:00:00+00:00,HAKKARİ,30,20.528,5.1280003,0.3,8.161764,51.0,59.980225,818.3139,26.97,Drizzle: Light
2004-05-25 21:00:00+00:00,HAKKARİ,30,21.928,8.678,0.5,7.208994,53.0,59.52982,819.48285,25.39,Drizzle: Moderate
2004-05-26 21:00:00+00:00,HAKKARİ,30,20.678,10.9279995,4.7999997,8.4963045,61.0,68.43957,817.73773,17.75,Rain: Slight
2004-05-27 21:00:00+00:00,HAKKARİ,30,18.878,8.878,4.1,10.483357,61.0,68.55418,816.2947,23.35,Rain: Slight
2004-05-28 21:00:00+00:00,HAKKARİ,30,18.228,7.778,6.1,9.504273,63.0,75.19122,814.5992,21.75,Rain: Moderate
2004-05-29 21:00:00+00:00,HAKKARİ,30,17.528,7.778,6.7,9.904906,61.0,80.39655,815.7496,23.12,Rain: Slight
2004-05-30 21:00:00+00:00,HAKKARİ,30,20.378,6.8780003,0.3,11.720751,51.0,65.673965,818.10846,28.22,Drizzle: Light
2004-05-31 21:00:00+00:00,HAKKARİ,30,20.428,12.578,0.0,14.20062,1.0,46.958054,817.1431,30.1,Mainly clear
2004-06-01 21:00:00+00:00,HAKKARİ,30,17.728,10.528,0.4,12.181624,51.0,48.42117,817.25665,27.62,Drizzle: Light
2004-06-02 21:00:00+00:00,HAKKARİ,30,19.378,9.578,0.0,10.799999,3.0,52.18127,818.6568,28.23,Overcast
2004-06-03 21:00:00+00:00,HAKKARİ,30,20.528,10.328,0.0,11.304229,0.0,51.445423,819.37054,30.39,Clear sky
2004-06-04 21:00:00+00:00,HAKKARİ,30,22.728,9.428,0.0,9.021574,0.0,51.724167,821.39606,30.22,Clear sky
2004-06-05 21:00:00+00:00,HAKKARİ,30,24.778,10.778,0.0,8.373386,0.0,46.083103,822.0445,30.67,Clear sky
2004-06-06 21:00:00+00:00,HAKKARİ,30,25.378,11.578,0.0,13.979872,0.0,39.98894,820.87787,30.53,Clear sky
2004-06-07 21:00:00+00:00,HAKKARİ,30,23.478,14.4279995,0.0,11.525623,0.0,39.97979,817.8682,30.69,Clear sky
2004-06-08 21:00:00+00:00,HAKKARİ,30,21.828,14.378,0.0,15.937878,0.0,36.321575,815.0965,30.58,Clear sky
2004-06-09 21:00:00+00:00,HAKKARİ,30,19.078,12.128,0.5,11.753877,51.0,47.651367,815.46967,24.91,Drizzle: Light
2004-06-10 21:00:00+00:00,HAKKARİ,30,20.178,12.078,0.0,11.090103,2.0,47.349182,816.3731,28.46,Partly cloudy
2004-06-11 21:00:00+00:00,HAKKARİ,30,21.928,9.028,0.0,9.504273,2.0,47.882732,818.4661,29.29,Partly cloudy
2004-06-12 21:00:00+00:00,HAKKARİ,30,23.928,9.228,0.0,8.905908,0.0,52.38606,821.0494,30.18,Clear sky
2004-06-13 21:00:00+00:00,HAKKARİ,30,25.128,9.378,0.0,11.090103,1.0,40.950817,817.9377,30.96,Mainly clear
2004-06-14 21:00:00+00:00,HAKKARİ,30,24.928,12.6779995,0.6,9.422101,51.0,46.36706,813.14484,27.0,Drizzle: Light
2004-06-15 21:00:00+00:00,HAKKARİ,30,22.728,12.4279995,1.2,13.1041975,51.0,53.63074,814.1049,25.41,Drizzle: Light
2004-06-16 21:00:00+00:00,HAKKARİ,30,22.228,14.228,0.2,11.609651,51.0,44.55609,814.7727,26.72,Drizzle: Light
2004-06-17 21:00:00+00:00,HAKKARİ,30,24.578,11.628,0.3,8.669949,51.0,54.9015,815.9956,26.11,Drizzle: Light
2004-06-18 21:00:00+00:00,HAKKARİ,30,26.528,11.728,0.3,9.605998,51.0,55.23308,816.1464,27.95,Drizzle: Light
2004-06-19 21:00:00+00:00,HAKKARİ,30,26.278,16.578001,0.0,10.948973,1.0,40.26157,816.2757,29.7,Mainly clear
2004-06-20 21:00:00+00:00,HAKKARİ,30,24.978,15.728,0.0,9.904906,0.0,32.766098,818.7139,31.08,Clear sky
2004-06-21 21:00:00+00:00,HAKKARİ,30,26.878,14.278,0.0,8.759178,0.0,38.013714,818.0874,30.69,Clear sky
2004-06-22 21:00:00+00:00,HAKKARİ,30,26.328,16.578001,0.0,10.948973,2.0,36.50187,817.14166,30.12,Partly cloudy
2004-06-23 21:00:00+00:00,HAKKARİ,30,25.578,17.428,0.0,11.183201,1.0,38.006405,817.12164,30.03,Mainly clear
2004-06-24 21:00:00+00:00,HAKKARİ,30,26.478,16.378,0.0,11.165805,0.0,34.75533,819.82574,30.54,Clear sky
2004-06-25 21:00:00+00:00,HAKKARİ,30,26.428,16.578001,0.0,10.948973,0.0,31.751205,819.77814,31.1,Clear sky
2004-06-26 21:00:00+00:00,HAKKARİ,30,26.328,14.778,0.0,9.47012,2.0,34.868984,819.07983,30.1,Partly cloudy
2004-06-27 21:00:00+00:00,HAKKARİ,30,27.178,13.078,0.0,11.165805,2.0,41.663975,817.72015,29.64,Partly cloudy
2004-06-28 21:00:00+00:00,HAKKARİ,30,23.828,14.028,0.6,14.618837,51.0,37.718136,815.58203,26.96,Drizzle: Light
2004-06-29 21:00:00+00:00,HAKKARİ,30,26.078,8.578,0.0,9.885262,2.0,49.081135,818.82983,31.0,Partly cloudy
2004-06-30 21:00:00+00:00,HAKKARİ,30,27.178,14.1779995,0.0,11.183201,0.0,32.368202,818.2376,31.14,Clear sky
2004-07-01 21:00:00+00:00,HAKKARİ,30,27.978,14.6779995,0.0,10.495713,0.0,29.55984,817.8933,30.93,Clear sky
2004-07-02 21:00:00+00:00,HAKKARİ,30,29.028,14.078,0.0,9.007196,0.0,35.165585,817.4462,30.91,Clear sky
2004-07-03 21:00:00+00:00,HAKKARİ,30,28.128,15.378,0.0,11.212135,2.0,39.08401,817.38324,28.14,Partly cloudy
2004-07-04 21:00:00+00:00,HAKKARİ,30,25.478,14.578,0.5,8.891344,53.0,55.667618,818.865,25.48,Drizzle: Moderate
2004-07-05 21:00:00+00:00,HAKKARİ,30,26.428,13.728,0.6,9.360001,53.0,52.618835,819.68744,23.62,Drizzle: Moderate
2004-07-06 21:00:00+00:00,HAKKARİ,30,27.778,12.728,0.0,10.587917,1.0,44.93083,820.1192,30.55,Mainly clear
2004-07-07 21:00:00+00:00,HAKKARİ,30,27.678,15.378,0.1,8.473393,51.0,44.014507,819.5179,27.97,Drizzle: Light
2004-07-08 21:00:00+00:00,HAKKARİ,30,28.128,16.578001,0.9,9.511088,53.0,45.426193,817.68317,23.61,Drizzle: Moderate
2004-07-09 21:00:00+00:00,HAKKARİ,30,26.528,13.4279995,7.4,11.165805,61.0,63.977184,812.6726,22.62,Rain: Slight
2004-07-10 21:00:00+00:00,HAKKARİ,30,24.428,9.228,0.4,10.365251,51.0,61.7364,811.4866,26.95,Drizzle: Light
2004-07-11 21:00:00+00:00,HAKKARİ,30,24.928,13.128,0.1,10.137692,51.0,50.431904,813.22003,25.95,Drizzle: Light
2004-07-12 21:00:00+00:00,HAKKARİ,30,25.828,11.6779995,0.1,9.504272,51.0,43.220013,815.7598,29.09,Drizzle: Light
2004-07-13 21:00:00+00:00,HAKKARİ,30,28.328,16.828001,0.0,10.685391,0.0,32.25473,817.6884,30.04,Clear sky
2004-07-14 21:00:00+00:00,HAKKARİ,30,27.878,16.928,0.0,9.346143,0.0,32.039154,817.8239,30.08,Clear sky
2004-07-15 21:00:00+00:00,HAKKARİ,30,28.628,18.678,0.0,11.609651,0.0,26.310484,820.34155,30.83,Clear sky
2004-07-16 21:00:00+00:00,HAKKARİ,30,30.528,14.878,0.0,10.829959,0.0,26.096624,820.9285,30.35,Clear sky
2004-07-17 21:00:00+00:00,HAKKARİ,30,30.878,18.028,0.0,12.9249525,2.0,28.853088,820.9035,28.57,Partly cloudy
2004-07-18 21:00:00+00:00,HAKKARİ,30,29.178,19.728,0.0,12.599999,0.0,25.870857,819.0017,30.54,Clear sky
2004-07-19 21:00:00+00:00,HAKKARİ,30,28.178,16.228,0.0,10.966713,0.0,32.324417,818.139,29.97,Clear sky
2004-07-20 21:00:00+00:00,HAKKARİ,30,28.178,16.478,0.0,12.181624,1.0,33.483036,818.21063,28.98,Mainly clear
2004-07-21 21:00:00+00:00,HAKKARİ,30,26.578,18.128,0.6,14.408997,51.0,29.68669,816.3317,25.42,Drizzle: Light
2004-07-22 21:00:00+00:00,HAKKARİ,30,25.278,15.878,0.0,10.587917,3.0,45.05141,815.96185,25.53,Overcast
2004-07-23 21:00:00+00:00,HAKKARİ,30,25.428,15.778,0.5,11.681987,51.0,44.51523,816.5069,25.71,Drizzle: Light
2004-07-24 21:00:00+00:00,HAKKARİ,30,25.728,15.978,0.0,13.53236,1.0,37.47848,817.6748,29.81,Mainly clear
2004-07-25 21:00:00+00:00,HAKKARİ,30,26.628,15.9279995,0.0,11.659777,2.0,35.474987,818.1933,27.26,Partly cloudy
2004-07-26 21:00:00+00:00,HAKKARİ,30,29.028,16.278,0.0,11.631956,0.0,31.211443,818.6674,29.77,Clear sky
2004-07-27 21:00:00+00:00,HAKKARİ,30,28.928,16.228,0.0,8.350138,3.0,37.518993,818.638,24.2,Overcast
2004-07-28 21:00:00+00:00,HAKKARİ,30,29.278,15.578,0.0,9.793058,3.0,43.07584,818.63794,25.08,Overcast
2004-07-29 21:00:00+00:00,HAKKARİ,30,31.328,17.778,0.0,11.177405,0.0,36.65125,819.80225,28.5,Clear sky
2004-07-30 21:00:00+00:00,HAKKARİ,30,31.628,19.778,0.0,10.137692,0.0,30.179884,820.22736,29.61,Clear sky
2004-07-31 21:00:00+00:00,HAKKARİ,30,31.528,19.678,0.0,11.165805,1.0,28.729034,819.2609,28.9,Mainly clear
2004-08-01 21:00:00+00:00,HAKKARİ,30,31.228,19.728,0.0,12.0694,0.0,34.62744,817.44684,28.26,Clear sky
2004-08-02 21:00:00+00:00,HAKKARİ,30,28.578,20.678,0.0,12.758432,0.0,31.13376,814.3186,29.28,Clear sky
2004-08-03 21:00:00+00:00,HAKKARİ,30,27.978,15.528,0.0,10.296251,2.0,35.532276,815.4326,28.07,Partly cloudy
2004-08-04 21:00:00+00:00,HAKKARİ,30,29.278,17.928,0.0,8.669949,0.0,37.040997,817.9751,28.3,Clear sky
2004-08-05 21:00:00+00:00,HAKKARİ,30,30.828,16.978,0.0,10.538843,0.0,34.477123,818.4897,28.54,Clear sky
2004-08-06 21:00:00+00:00,HAKKARİ,30,30.378,17.128,0.0,9.422101,0.0,40.43006,818.9983,27.69,Clear sky
2004-08-07 21:00:00+00:00,HAKKARİ,30,30.128,18.478,0.0,10.594036,0.0,39.463306,818.4302,27.17,Clear sky
2004-08-08 21:00:00+00:00,HAKKARİ,30,30.028,18.878,0.0,9.904906,0.0,31.697203,818.17535,28.84,Clear sky
2004-08-09 21:00:00+00:00,HAKKARİ,30,29.978,18.978,0.0,9.605998,0.0,30.188677,818.1838,28.54,Clear sky
2004-08-10 21:00:00+00:00,HAKKARİ,30,28.628,18.128,0.0,11.966954,0.0,36.243843,816.344,28.35,Clear sky
2004-08-11 21:00:00+00:00,HAKKARİ,30,25.878,17.328001,0.0,14.168641,1.0,43.577362,815.45233,27.99,Mainly clear
2004-08-12 21:00:00+00:00,HAKKARİ,30,24.628,16.428,0.0,10.163227,3.0,47.577515,817.30145,21.45,Overcast
2004-08-13 21:00:00+00:00,HAKKARİ,30,27.278,15.828,0.0,9.107359,0.0,35.946735,819.5363,27.6,Clear sky
2004-08-14 21:00:00+00:00,HAKKARİ,30,28.578,16.278,0.0,9.531505,0.0,32.247204,817.7128,27.08,Clear sky
2004-08-15 21:00:00+00:00,HAKKARİ,30,29.928,17.628,0.0,8.654986,0.0,29.369448,818.6381,27.32,Clear sky
2004-08-16 21:00:00+00:00,HAKKARİ,30,30.528,17.678,0.0,9.779817,0.0,37.80453,820.8295,26.71,Clear sky
2004-08-17 21:00:00+00:00,HAKKARİ,30,30.878,19.478,0.0,10.853866,0.0,36.04327,820.58453,27.39,Clear sky
2004-08-18 21:00:00+00:00,HAKKARİ,30,29.878,18.228,0.0,10.799999,0.0,26.798723,817.7942,28.14,Clear sky
2004-08-19 21:00:00+00:00,HAKKARİ,30,28.478,15.228,0.0,10.446206,0.0,24.1229,816.1839,28.22,Clear sky
2004-08-20 21:00:00+00:00,HAKKARİ,30,26.778,15.878,0.0,11.27553,0.0,28.563324,817.9783,27.51,Clear sky
2004-08-21 21:00:00+00:00,HAKKARİ,30,26.928,14.9279995,0.0,9.605998,0.0,30.842558,819.592,27.41,Clear sky
2004-08-22 21:00:00+00:00,HAKKARİ,30,28.378,13.828,0.0,9.255571,0.0,31.508003,820.40186,27.08,Clear sky
2004-08-23 21:00:00+00:00,HAKKARİ,30,28.328,16.778,0.0,10.390226,1.0,32.375084,820.7729,26.69,Mainly clear
2004-08-24 21:00:00+00:00,HAKKARİ,30,28.628,17.128,0.0,9.793058,1.0,34.07906,819.9092,25.14,Mainly clear
2004-08-25 21:00:00+00:00,HAKKARİ,30,27.128,17.128,0.0,8.654986,2.0,33.26526,818.87744,24.68,Partly cloudy
2004-08-26 21:00:00+00:00,HAKKARİ,30,27.878,16.878,0.0,10.24578,1.0,30.893183,819.1203,25.46,Mainly clear
2004-08-27 21:00:00+00:00,HAKKARİ,30,27.978,17.128,0.0,10.931203,0.0,26.004927,820.26196,26.64,Clear sky
2004-08-28 21:00:00+00:00,HAKKARİ,30,28.778,13.4279995,0.0,9.659814,0.0,28.454172,821.32544,25.92,Clear sky
2004-08-29 21:00:00+00:00,HAKKARİ,30,29.028,16.078001,0.0,10.08,0.0,28.223467,820.8807,25.99,Clear sky
2004-08-30 21:00:00+00:00,HAKKARİ,30,28.778,17.628,0.0,10.446206,0.0,24.625944,820.0554,26.04,Clear sky
2004-08-31 21:00:00+00:00,HAKKARİ,30,28.828,15.228,0.0,9.72,0.0,23.15212,819.1496,25.93,Clear sky
2004-09-01 21:00:00+00:00,HAKKARİ,30,28.828,15.128,0.0,9.605998,0.0,22.525343,819.17975,25.89,Clear sky
2004-09-02 21:00:00+00:00,HAKKARİ,30,27.128,15.878,0.0,11.269782,0.0,29.968918,821.3565,25.17,Clear sky
2004-09-03 21:00:00+00:00,HAKKARİ,30,26.978,15.028,0.0,11.753877,0.0,33.03512,821.3428,24.74,Clear sky
2004-09-04 21:00:00+00:00,HAKKARİ,30,27.378,15.6779995,0.6,18.998316,51.0,31.728384,817.0508,22.08,Drizzle: Light
2004-09-05 21:00:00+00:00,HAKKARİ,30,24.028,16.578001,0.3,14.003029,51.0,46.03709,818.0549,22.02,Drizzle: Light
2004-09-06 21:00:00+00:00,HAKKARİ,30,24.578,14.778,0.0,12.979984,0.0,36.648026,822.19,24.45,Clear sky
2004-09-07 21:00:00+00:00,HAKKARİ,30,27.128,13.4279995,0.0,13.779114,0.0,33.399998,823.2934,23.82,Clear sky
2004-09-08 21:00:00+00:00,HAKKARİ,30,28.478,17.278,0.0,14.986553,1.0,33.16635,821.9537,22.6,Mainly clear
2004-09-09 21:00:00+00:00,HAKKARİ,30,25.728,17.728,0.0,14.8257065,0.0,31.322145,819.2072,23.62,Clear sky
2004-09-10 21:00:00+00:00,HAKKARİ,30,23.578,12.728,0.0,11.966953,0.0,35.277786,818.4265,23.95,Clear sky
2004-09-11 21:00:00+00:00,HAKKARİ,30,22.178,11.828,0.0,11.525623,0.0,39.385616,816.90753,23.94,Clear sky
2004-09-12 21:00:00+00:00,HAKKARİ,30,22.428,8.128,0.0,8.707237,1.0,46.158863,818.60004,23.09,Mainly clear
2004-09-13 21:00:00+00:00,HAKKARİ,30,23.678,8.428,0.0,9.449572,0.0,40.092907,821.08734,23.35,Clear sky
2004-09-14 21:00:00+00:00,HAKKARİ,30,24.128,9.828,0.0,8.905908,0.0,36.850307,820.3762,23.01,Clear sky
2004-09-15 21:00:00+00:00,HAKKARİ,30,23.528,8.628,0.0,9.904906,2.0,44.217876,817.8571,22.08,Partly cloudy
2004-09-16 21:00:00+00:00,HAKKARİ,30,22.678,10.478,0.0,9.0,2.0,43.62224,817.5313,20.47,Partly cloudy
2004-09-17 21:00:00+00:00,HAKKARİ,30,22.278,12.978,0.0,8.049845,1.0,38.57146,820.3186,21.16,Mainly clear
2004-09-18 21:00:00+00:00,HAKKARİ,30,22.228,7.6780005,0.0,9.255571,2.0,46.19449,822.09906,20.83,Partly cloudy
2004-09-19 21:00:00+00:00,HAKKARİ,30,23.628,9.428,0.0,9.47012,2.0,43.217228,823.3767,21.5,Partly cloudy
2004-09-20 21:00:00+00:00,HAKKARİ,30,23.978,10.228,0.0,9.178235,1.0,33.233326,822.79376,21.32,Mainly clear
2004-09-21 21:00:00+00:00,HAKKARİ,30,24.228,12.9279995,0.0,11.043261,0.0,29.503538,821.38324,21.65,Clear sky
2004-09-22 21:00:00+00:00,HAKKARİ,30,23.178,12.4279995,0.0,14.05845,1.0,29.49343,821.48944,21.5,Mainly clear
2004-09-23 21:00:00+00:00,HAKKARİ,30,25.028,12.828,0.0,11.592894,0.0,27.594894,824.09674,21.22,Clear sky
2004-09-24 21:00:00+00:00,HAKKARİ,30,26.128,14.128,0.0,7.491114,0.0,24.765673,825.9312,21.38,Clear sky
2004-09-25 21:00:00+00:00,HAKKARİ,30,26.928,12.1779995,0.0,6.489992,0.0,24.477358,825.5135,21.26,Clear sky
2004-09-26 21:00:00+00:00,HAKKARİ,30,26.828,12.6779995,0.0,8.766573,0.0,25.380243,826.0307,20.91,Clear sky
2004-09-27 21:00:00+00:00,HAKKARİ,30,27.228,13.728,0.0,8.287822,0.0,26.383726,825.3247,20.62,Clear sky
2004-09-28 21:00:00+00:00,HAKKARİ,30,26.078,13.028,0.0,8.707238,0.0,28.83761,824.67975,20.19,Clear sky
2004-09-29 21:00:00+00:00,HAKKARİ,30,26.128,12.778,0.0,8.311245,0.0,27.012018,825.2466,20.37,Clear sky
2004-09-30 21:00:00+00:00,HAKKARİ,30,24.878,14.6779995,0.0,10.630672,0.0,28.832716,824.73096,20.26,Clear sky
2004-10-01 21:00:00+00:00,HAKKARİ,30,22.478,12.828,0.0,11.27553,0.0,30.347086,821.0501,20.05,Clear sky
2004-10-02 21:00:00+00:00,HAKKARİ,30,20.128,11.578,0.0,16.575644,2.0,40.95728,818.67773,18.26,Partly cloudy
2004-10-03 21:00:00+00:00,HAKKARİ,30,18.928,10.6779995,0.0,14.255272,2.0,51.904495,819.60724,17.6,Partly cloudy
2004-10-04 21:00:00+00:00,HAKKARİ,30,20.528,9.478,0.0,10.464797,0.0,48.399998,821.0009,19.59,Clear sky
2004-10-05 21:00:00+00:00,HAKKARİ,30,21.178,9.328,0.2,11.252519,51.0,41.84589,823.0817,18.02,Drizzle: Light
2004-10-06 21:00:00+00:00,HAKKARİ,30,21.328,10.828,0.3,10.495713,51.0,45.69071,824.11615,17.04,Drizzle: Light
2004-10-07 21:00:00+00:00,HAKKARİ,30,21.478,10.978,0.2,10.966713,51.0,48.616608,823.03326,16.95,Drizzle: Light
2004-10-08 21:00:00+00:00,HAKKARİ,30,20.978,12.9279995,1.1,15.629972,53.0,49.588474,820.70483,11.86,Drizzle: Moderate
2004-10-09 21:00:00+00:00,HAKKARİ,30,17.928,10.028,0.0,11.165805,1.0,48.251507,821.1331,18.16,Mainly clear
2004-10-10 21:00:00+00:00,HAKKARİ,30,19.628,6.4280005,0.0,9.504272,0.0,36.69287,822.4914,18.93,Clear sky
2004-10-11 21:00:00+00:00,HAKKARİ,30,21.178,9.778,0.2,12.24,51.0,36.073917,822.53,16.33,Drizzle: Light
2004-10-12 21:00:00+00:00,HAKKARİ,30,13.228,7.328,8.9,6.849467,61.0,84.521675,820.00415,5.21,Rain: Slight
2004-10-13 21:00:00+00:00,HAKKARİ,30,15.9279995,5.728,1.2,7.628263,51.0,74.04617,821.71014,14.46,Drizzle: Light
2004-10-14 21:00:00+00:00,HAKKARİ,30,17.628,6.1780005,0.0,8.942214,3.0,68.5963,823.5874,16.05,Overcast
2004-10-15 21:00:00+00:00,HAKKARİ,30,17.628,5.278,0.4,7.7879906,51.0,56.665752,823.04254,16.91,Drizzle: Light
2004-10-16 21:00:00+00:00,HAKKARİ,30,18.078,7.9779997,0.4,8.942214,51.0,50.088024,823.4277,16.32,Drizzle: Light
2004-10-17 21:00:00+00:00,HAKKARİ,30,18.578,5.8780003,0.0,6.130579,1.0,51.720673,823.9008,15.83,Mainly clear
2004-10-18 21:00:00+00:00,HAKKARİ,30,19.628,5.6280003,0.0,7.928178,0.0,47.51761,823.38885,16.92,Clear sky
2004-10-19 21:00:00+00:00,HAKKARİ,30,19.478,8.778,0.0,10.086427,3.0,44.741856,819.5982,16.05,Overcast
2004-10-20 21:00:00+00:00,HAKKARİ,30,14.578,6.6780005,8.400001,12.879752,55.0,73.25158,814.8868,10.16,Drizzle: Dense
2004-10-21 21:00:00+00:00,HAKKARİ,30,14.1779995,3.928,0.2,8.14587,51.0,70.535446,814.52905,13.22,Drizzle: Light
2004-10-22 21:00:00+00:00,HAKKARİ,30,13.878,5.228,0.0,6.9247384,3.0,63.988464,820.1372,15.62,Overcast
2004-10-23 21:00:00+00:00,HAKKARİ,30,15.728,2.828,0.0,6.8399997,3.0,43.541515,822.0267,16.32,Overcast
2004-10-24 21:00:00+00:00,HAKKARİ,30,16.578001,6.328,0.0,9.511088,2.0,49.089085,822.6491,15.26,Partly cloudy
2004-10-25 21:00:00+00:00,HAKKARİ,30,17.428,3.4780002,0.0,6.8399997,0.0,52.106464,823.62573,15.97,Clear sky
2004-10-26 21:00:00+00:00,HAKKARİ,30,18.678,4.6280003,0.0,7.2,0.0,43.531235,824.26196,15.79,Clear sky
2004-10-27 21:00:00+00:00,HAKKARİ,30,18.278,4.978,0.6,6.849467,51.0,58.955425,821.47797,13.85,Drizzle: Light
2004-10-28 21:00:00+00:00,HAKKARİ,30,16.378,4.228,2.2,7.24486,53.0,64.36939,820.12994,13.33,Drizzle: Moderate
2004-10-29 21:00:00+00:00,HAKKARİ,30,13.4279995,7.3780003,9.2,8.209263,61.0,80.904175,820.29254,5.82,Rain: Slight
2004-10-30 21:00:00+00:00,HAKKARİ,30,10.628,3.4780002,4.2999997,6.162207,61.0,88.69733,820.278,6.28,Rain: Slight
2004-10-31 21:00:00+00:00,HAKKARİ,30,13.6779995,2.4280002,0.8,6.849467,53.0,85.04096,819.883,11.47,Drizzle: Moderate
2004-11-01 21:00:00+00:00,HAKKARİ,30,12.878,0.62800014,2.3,5.8048253,53.0,86.625984,818.3447,10.36,Drizzle: Moderate
2004-11-02 21:00:00+00:00,HAKKARİ,30,12.478,1.0280001,3.1999998,6.9247384,55.0,84.536514,817.1264,11.38,Drizzle: Dense
2004-11-03 21:00:00+00:00,HAKKARİ,30,10.128,5.728,3.8000002,8.089993,53.0,91.70923,818.3933,7.46,Drizzle: Moderate
2004-11-04 21:00:00+00:00,HAKKARİ,30,10.328,4.478,0.90000004,7.928177,71.0,80.404625,818.6978,11.38,Snow fall: Slight
2004-11-05 21:00:00+00:00,HAKKARİ,30,10.828,0.47800016,0.0,6.849467,3.0,65.689156,817.97015,13.45,Overcast
2004-11-06 21:00:00+00:00,HAKKARİ,30,11.628,4.228,0.2,7.69592,51.0,74.49329,817.5591,11.35,Drizzle: Light
2004-11-07 21:00:00+00:00,HAKKARİ,30,11.778,5.778,5.2,4.829907,55.0,90.89112,818.04443,6.13,Drizzle: Dense
2004-11-08 21:00:00+00:00,HAKKARİ,30,10.878,2.678,4.1000004,5.4477882,61.0,92.77984,817.20135,7.42,Rain: Slight
2004-11-09 21:00:00+00:00,HAKKARİ,30,11.228,2.328,2.9,6.130579,55.0,93.11575,816.57666,9.57,Drizzle: Dense
2004-11-10 21:00:00+00:00,HAKKARİ,30,10.878,1.8280001,0.6,6.6185193,51.0,86.52753,818.29956,10.75,Drizzle: Light
2004-11-11 21:00:00+00:00,HAKKARİ,30,12.578,0.07800007,0.0,5.771239,3.0,73.50327,819.91034,11.94,Overcast
2004-11-12 21:00:00+00:00,HAKKARİ,30,12.128,1.9280001,0.0,7.6367526,2.0,67.92538,819.63715,10.94,Partly cloudy
2004-11-13 21:00:00+00:00,HAKKARİ,30,11.728,4.278,0.0,5.4477882,1.0,63.104248,820.2383,12.51,Mainly clear
2004-11-14 21:00:00+00:00,HAKKARİ,30,10.978,1.7780001,0.0,6.0347,3.0,69.83981,819.3935,13.18,Overcast
2004-11-15 21:00:00+00:00,HAKKARİ,30,8.878,1.8780001,4.7,7.8625183,73.0,79.14565,815.9847,10.1,Snow fall: Moderate
2004-11-16 21:00:00+00:00,HAKKARİ,30,4.278,1.7780001,31.200003,4.73506,75.0,97.19192,809.8116,4.06,Snow fall: Heavy
2004-11-17 21:00:00+00:00,HAKKARİ,30,4.6280003,-0.12199998,11.0,6.725354,75.0,86.00674,808.83563,10.51,Snow fall: Heavy
2004-11-18 21:00:00+00:00,HAKKARİ,30,5.328,-7.8719997,0.0,11.525623,3.0,82.51855,812.18695,12.96,Overcast
2004-11-19 21:00:00+00:00,HAKKARİ,30,3.4780002,-11.022,0.0,5.937272,3.0,87.764915,812.58374,8.67,Overcast
2004-11-20 21:00:00+00:00,HAKKARİ,30,3.528,-5.172,3.4999998,7.8625183,73.0,91.71646,814.1673,7.55,Snow fall: Moderate
2004-11-21 21:00:00+00:00,HAKKARİ,30,1.6780001,0.32800007,49.8,8.350138,75.0,97.74734,808.69476,1.84,Snow fall: Heavy
2004-11-22 21:00:00+00:00,HAKKARİ,30,0.17800009,-5.1219997,18.500006,8.707238,75.0,94.01444,804.0796,5.15,Snow fall: Heavy
2004-11-23 21:00:00+00:00,HAKKARİ,30,-3.972,-9.272,0.2,7.145796,71.0,84.77419,812.3325,10.69,Snow fall: Slight
2004-11-24 21:00:00+00:00,HAKKARİ,30,-2.372,-16.372,0.0,5.0528407,3.0,71.40825,811.45746,12.38,Overcast
2004-11-25 21:00:00+00:00,HAKKARİ,30,-3.872,-5.8219995,22.1,4.896529,75.0,82.833885,808.54224,3.03,Snow fall: Heavy
2004-11-26 21:00:00+00:00,HAKKARİ,30,-3.272,-8.222,15.400001,6.489992,75.0,87.503654,806.74335,8.65,Snow fall: Heavy
2004-11-27 21:00:00+00:00,HAKKARİ,30,-2.3219998,-14.172001,0.0,9.028754,1.0,72.82135,814.4119,12.18,Mainly clear
2004-11-28 21:00:00+00:00,HAKKARİ,30,-0.12199998,-11.8220005,0.0,6.489992,3.0,57.338135,816.1795,12.25,Overcast
2004-11-29 21:00:00+00:00,HAKKARİ,30,1.9280001,-14.8220005,0.0,7.92,0.0,53.884388,813.34467,12.35,Clear sky
2004-11-30 21:00:00+00:00,HAKKARİ,30,0.87800014,-8.472,0.0,6.130579,3.0,52.688507,811.1391,11.75,Overcast
2004-12-01 21:00:00+00:00,HAKKARİ,30,-2.1719997,-15.3220005,0.0,10.086427,3.0,69.89155,812.38544,11.74,Overcast
2004-12-02 21:00:00+00:00,HAKKARİ,30,2.7280002,-13.8220005,0.0,10.08,3.0,56.297764,815.99896,11.57,Overcast
2004-12-03 21:00:00+00:00,HAKKARİ,30,4.028,-9.3220005,0.0,6.4799995,3.0,44.20665,816.0564,11.87,Overcast
2004-12-04 21:00:00+00:00,HAKKARİ,30,2.1780002,-7.8719997,0.0,5.4119864,3.0,48.87552,815.8115,11.6,Overcast
2004-12-05 21:00:00+00:00,HAKKARİ,30,1.3280001,-4.5220003,0.0,6.924738,71.0,78.11775,817.2793,8.72,Snow fall: Slight
2004-12-06 21:00:00+00:00,HAKKARİ,30,0.07800007,-11.672,0.0,8.669949,71.0,84.04087,814.82806,8.28,Snow fall: Slight
2004-12-07 21:00:00+00:00,HAKKARİ,30,1.4280001,-5.1219997,0.6,9.826088,71.0,85.51868,815.38226,8.39,Snow fall: Slight
2004-12-08 21:00:00+00:00,HAKKARİ,30,2.7280002,-12.922,0.0,10.538843,3.0,70.01276,809.29144,11.37,Overcast
2004-12-09 21:00:00+00:00,HAKKARİ,30,-3.3219998,-7.8719997,0.0,4.3498964,3.0,85.22958,810.75836,7.96,Overcast
2004-12-10 21:00:00+00:00,HAKKARİ,30,-3.6719997,-13.022,1.3,5.8603754,73.0,79.70846,811.11475,9.99,Snow fall: Moderate
2004-12-11 21:00:00+00:00,HAKKARİ,30,-1.4219999,-7.922,3.3,6.924738,73.0,76.606544,809.8775,9.75,Snow fall: Moderate
2004-12-12 21:00:00+00:00,HAKKARİ,30,-2.222,-18.072,0.0,7.5685663,1.0,56.667805,809.1508,11.41,Mainly clear
2004-12-13 21:00:00+00:00,HAKKARİ,30,-6.2720003,-11.922,0.0,4.73506,3.0,64.94338,809.19635,10.28,Overcast
2004-12-14 21:00:00+00:00,HAKKARİ,30,-4.2720003,-9.472,3.6999996,6.924738,73.0,88.109505,807.1594,8.74,Snow fall: Moderate
2004-12-15 21:00:00+00:00,HAKKARİ,30,-6.5220003,-11.272,3.3,7.342588,73.0,87.80816,807.1049,7.06,Snow fall: Moderate
2004-12-16 21:00:00+00:00,HAKKARİ,30,-7.472,-17.722,0.0,10.495713,1.0,71.73769,809.19977,11.44,Mainly clear
2004-12-17 21:00:00+00:00,HAKKARİ,30,-3.372,-20.172,0.0,7.5685663,3.0,49.50851,812.23724,11.53,Overcast
2004-12-18 21:00:00+00:00,HAKKARİ,30,-1.8219998,-9.122,0.0,5.04,3.0,50.52586,812.5525,9.43,Overcast
2004-12-19 21:00:00+00:00,HAKKARİ,30,-2.8219998,-16.022,0.0,5.771239,3.0,81.144875,808.718,10.43,Overcast
2004-12-20 21:00:00+00:00,HAKKARİ,30,0.57800007,-14.021999,0.0,7.208994,3.0,82.557625,807.389,10.41,Overcast
2004-12-21 21:00:00+00:00,HAKKARİ,30,1.6280001,-14.8220005,0.0,6.12,1.0,76.81876,808.64655,10.97,Mainly clear
2004-12-22 21:00:00+00:00,HAKKARİ,30,0.32800007,-10.022,0.0,5.771239,3.0,78.1214,809.1962,10.35,Overcast
2004-12-23 21:00:00+00:00,HAKKARİ,30,-1.0719998,-6.7720003,0.0,4.452954,3.0,82.415436,809.2422,9.78,Overcast
2004-12-24 21:00:00+00:00,HAKKARİ,30,1.0280001,-5.2720003,2.2,10.390226,73.0,81.87519,808.43414,9.47,Snow fall: Moderate
2004-12-25 21:00:00+00:00,HAKKARİ,30,1.6280001,-7.1219997,0.0,11.901798,3.0,79.2855,811.7935,10.03,Overcast
2004-12-26 21:00:00+00:00,HAKKARİ,30,1.1280001,-13.222,0.0,12.261158,0.0,66.346344,814.6976,11.48,Clear sky
2004-12-27 21:00:00+00:00,HAKKARİ,30,4.6780005,-8.172,0.0,12.24,1.0,46.235676,813.9939,11.39,Mainly clear
2004-12-28 21:00:00+00:00,HAKKARİ,30,5.6280003,-10.022,0.0,8.28,3.0,51.094265,814.46246,11.51,Overcast
2004-12-29 21:00:00+00:00,HAKKARİ,30,7.6780005,-3.222,0.0,7.2359104,3.0,51.695023,818.32074,10.8,Overcast
2004-12-30 21:00:00+00:00,HAKKARİ,30,8.428,-0.67199993,0.0,5.8048253,0.0,42.97321,818.4553,11.39,Clear sky
2004-12-31 21:00:00+00:00,HAKKARİ,30,7.6280003,-1.9219999,0.0,5.4119864,3.0,43.538525,816.278,11.55,Overcast
2005-01-01 21:00:00+00:00,HAKKARİ,30,4.1780005,-1.3219998,1.0,4.6938252,71.0,50.998226,811.00934,6.72,Snow fall: Slight
2005-01-02 21:00:00+00:00,HAKKARİ,30,-0.17199993,-2.522,16.3,5.3999996,75.0,92.56905,804.2043,2.95,Snow fall: Heavy
2005-01-03 21:00:00+00:00,HAKKARİ,30,-0.9719999,-4.6219997,2.4,8.311245,73.0,92.379005,812.8794,8.28,Snow fall: Moderate
2005-01-04 21:00:00+00:00,HAKKARİ,30,-0.7219999,-4.2720003,28.400002,6.0347,75.0,95.33682,810.41797,3.21,Snow fall: Heavy
2005-01-05 21:00:00+00:00,HAKKARİ,30,0.6780001,-2.722,8.099999,5.0142193,75.0,89.535065,808.42725,7.54,Snow fall: Heavy
2005-01-06 21:00:00+00:00,HAKKARİ,30,-0.67199993,-5.5719995,0.0,5.4477882,71.0,87.24658,814.1264,8.7,Snow fall: Slight
2005-01-07 21:00:00+00:00,HAKKARİ,30,0.32800007,-6.8719997,0.0,9.114471,71.0,85.39538,816.85126,9.33,Snow fall: Slight
2005-01-08 21:00:00+00:00,HAKKARİ,30,0.87800014,-10.272,0.0,10.105681,3.0,72.99178,815.1197,11.65,Overcast
2005-01-09 21:00:00+00:00,HAKKARİ,30,0.9280001,-14.472,0.0,9.007196,2.0,53.907078,807.397,12.73,Partly cloudy
2005-01-10 21:00:00+00:00,HAKKARİ,30,-5.3719997,-11.672,0.7,10.440001,73.0,64.94011,807.88995,12.54,Snow fall: Moderate
2005-01-11 21:00:00+00:00,HAKKARİ,30,0.9280001,-13.022,0.0,10.446206,0.0,59.417023,812.55817,12.48,Clear sky
2005-01-12 21:00:00+00:00,HAKKARİ,30,1.5780001,-13.872,0.0,8.28,0.0,58.1131,812.93335,12.95,Clear sky
2005-01-13 21:00:00+00:00,HAKKARİ,30,1.1280001,-8.972,0.0,5.4119864,0.0,39.214886,812.18304,13.11,Clear sky
2005-01-14 21:00:00+00:00,HAKKARİ,30,-0.42199993,-10.422,0.0,5.04,3.0,39.767643,810.4638,12.54,Overcast
2005-01-15 21:00:00+00:00,HAKKARİ,30,0.22800016,-7.5220003,0.0,4.68,3.0,54.62608,812.3972,12.51,Overcast
2005-01-16 21:00:00+00:00,HAKKARİ,30,1.4280001,-6.5720005,0.0,4.68,1.0,62.716404,812.68195,12.14,Mainly clear
2005-01-17 21:00:00+00:00,HAKKARİ,30,-0.52199984,-10.972,6.7,7.145796,75.0,81.08147,807.37885,9.9,Snow fall: Heavy
2005-01-18 21:00:00+00:00,HAKKARİ,30,-2.5719998,-5.6219997,10.200001,6.696387,73.0,87.21023,805.29877,8.66,Snow fall: Moderate
2005-01-19 21:00:00+00:00,HAKKARİ,30,-1.622,-8.222,0.2,5.4119864,71.0,87.10684,811.8675,10.48,Snow fall: Slight
2005-01-20 21:00:00+00:00,HAKKARİ,30,-1.9219999,-10.972,0.0,6.489992,3.0,80.61623,814.6695,12.38,Overcast
2005-01-21 21:00:00+00:00,HAKKARİ,30,-2.6719997,-6.922,12.8,6.9899354,75.0,74.84025,806.9202,5.81,Snow fall: Heavy
2005-01-22 21:00:00+00:00,HAKKARİ,30,-0.5719998,-5.472,8.2,8.557102,75.0,87.37626,802.715,11.4,Snow fall: Heavy
2005-01-23 21:00:00+00:00,HAKKARİ,30,-2.722,-6.8719997,30.699999,7.072878,75.0,93.92883,803.29254,3.75,Snow fall: Heavy
2005-01-24 21:00:00+00:00,HAKKARİ,30,-1.0219998,-12.3220005,0.0,6.489992,3.0,70.24314,810.712,13.24,Overcast
2005-01-25 21:00:00+00:00,HAKKARİ,30,2.7280002,-8.472,0.0,6.8399997,3.0,47.46161,813.1486,13.23,Overcast
2005-01-26 21:00:00+00:00,HAKKARİ,30,2.9780002,-6.222,0.0,6.12,3.0,45.701824,812.5996,14.31,Overcast
2005-01-27 21:00:00+00:00,HAKKARİ,30,6.078,-8.772,0.0,7.2359104,0.0,51.546787,812.1604,14.41,Clear sky
2005-01-28 21:00:00+00:00,HAKKARİ,30,5.028,-3.8219998,0.0,6.162207,3.0,52.738953,814.514,12.06,Overcast
2005-01-29 21:00:00+00:00,HAKKARİ,30,2.8780003,-1.4719999,4.5999994,4.5536795,73.0,65.047005,813.7837,8.09,Snow fall: Moderate
2005-01-30 21:00:00+00:00,HAKKARİ,30,0.028000116,-2.8219998,16.599998,6.5693827,75.0,92.39921,809.3151,4.63,Snow fall: Heavy
2005-01-31 21:00:00+00:00,HAKKARİ,30,-0.3219998,-3.772,25.7,7.208994,75.0,93.66706,804.102,7.12,Snow fall: Heavy
2005-02-01 21:00:00+00:00,HAKKARİ,30,-0.8219998,-5.3719997,1.4000001,8.12197,73.0,88.57321,807.96857,12.41,Snow fall: Moderate
2005-02-02 21:00:00+00:00,HAKKARİ,30,-0.5719998,-6.0220003,0.0,5.8048253,3.0,83.96654,810.611,13.18,Overcast
2005-02-03 21:00:00+00:00,HAKKARİ,30,-1.2719998,-8.972,0.7,6.849467,71.0,83.774506,806.50604,12.26,Snow fall: Slight
2005-02-04 21:00:00+00:00,HAKKARİ,30,-1.9219999,-5.172,10.899999,6.2145634,73.0,91.53631,804.97296,6.81,Snow fall: Moderate
2005-02-05 21:00:00+00:00,HAKKARİ,30,-2.972,-5.8219995,12.200002,5.154415,75.0,89.949066,804.2204,5.54,Snow fall: Heavy
2005-02-06 21:00:00+00:00,HAKKARİ,30,-3.6719997,-7.672,4.4,6.4096174,73.0,81.083534,805.6624,12.57,Snow fall: Moderate
2005-02-07 21:00:00+00:00,HAKKARİ,30,-4.1219997,-9.472,2.2000003,6.9153743,71.0,80.49104,805.4033,10.13,Snow fall: Slight
2005-02-08 21:00:00+00:00,HAKKARİ,30,-5.222,-12.022,1.6000001,9.028754,73.0,75.12888,805.0284,11.93,Snow fall: Moderate
2005-02-09 21:00:00+00:00,HAKKARİ,30,-6.172,-13.772,0.0,8.766573,3.0,73.4077,809.55444,14.2,Overcast
2005-02-10 21:00:00+00:00,HAKKARİ,30,-7.1219997,-12.722,0.6,5.771239,71.0,75.57748,810.0296,12.83,Snow fall: Slight
2005-02-11 21:00:00+00:00,HAKKARİ,30,-7.1219997,-13.522,0.0,6.162207,3.0,72.21486,810.3631,15.34,Overcast
2005-02-12 21:00:00+00:00,HAKKARİ,30,-6.472,-16.572,0.0,6.849467,2.0,65.85675,809.4612,17.39,Partly cloudy
2005-02-13 21:00:00+00:00,HAKKARİ,30,-1.7219999,-21.122,0.0,7.208994,0.0,49.887257,811.5572,17.5,Clear sky
2005-02-14 21:00:00+00:00,HAKKARİ,30,5.528,-9.222,0.0,7.5685663,0.0,43.147198,813.9421,17.55,Clear sky
2005-02-15 21:00:00+00:00,HAKKARİ,30,6.9779997,-8.8220005,0.0,7.92,3.0,47.295734,815.23145,17.61,Overcast
2005-02-16 21:00:00+00:00,HAKKARİ,30,7.4280005,-0.9719999,0.0,5.7599998,3.0,43.158295,815.9492,17.2,Overcast
2005-02-17 21:00:00+00:00,HAKKARİ,30,7.528,-0.52199984,0.0,6.130579,3.0,54.719604,815.85455,17.71,Overcast
2005-02-18 21:00:00+00:00,HAKKARİ,30,5.028,0.4280001,2.4,7.342588,73.0,59.88548,814.0478,15.71,Snow fall: Moderate
2005-02-19 21:00:00+00:00,HAKKARİ,30,0.07800007,-1.8219998,42.8,5.506941,75.0,94.69799,810.3361,2.18,Snow fall: Heavy
2005-02-20 21:00:00+00:00,HAKKARİ,30,3.028,-1.9719999,12.399999,8.049845,75.0,90.45288,809.02496,13.06,Snow fall: Heavy
2005-02-21 21:00:00+00:00,HAKKARİ,30,1.6280001,-5.922,0.0,7.208994,3.0,76.17298,813.1434,18.25,Overcast
2005-02-22 21:00:00+00:00,HAKKARİ,30,2.7280002,-8.3220005,0.0,7.208994,2.0,55.2807,813.4949,19.26,Partly cloudy
2005-02-23 21:00:00+00:00,HAKKARİ,30,2.4780002,-8.172,0.0,6.489992,3.0,57.0616,811.2505,19.08,Overcast
2005-02-24 21:00:00+00:00,HAKKARİ,30,2.578,-5.472,0.0,5.6920996,0.0,53.664154,811.2972,19.49,Clear sky
2005-02-25 21:00:00+00:00,HAKKARİ,30,3.1280003,-9.922,0.0,6.8399997,3.0,59.089947,811.065,17.7,Overcast
2005-02-26 21:00:00+00:00,HAKKARİ,30,2.9780002,-4.472,0.8,5.937272,73.0,66.6553,810.53156,17.99,Snow fall: Moderate
2005-02-27 21:00:00+00:00,HAKKARİ,30,2.828,-1.4219999,11.3,8.049845,73.0,94.97873,808.7813,6.91,Snow fall: Moderate
2005-02-28 21:00:00+00:00,HAKKARİ,30,3.8780003,0.17800009,3.6000001,8.373386,73.0,92.7901,810.4301,11.53,Snow fall: Moderate
2005-03-01 21:00:00+00:00,HAKKARİ,30,6.6780005,1.0280001,0.1,6.4096174,71.0,89.16571,814.0564,13.55,Snow fall: Slight
2005-03-02 21:00:00+00:00,HAKKARİ,30,6.9779997,1.0780001,2.2000003,9.9571085,73.0,85.89808,811.7695,16.85,Snow fall: Moderate
2005-03-03 21:00:00+00:00,HAKKARİ,30,3.3780003,0.87800014,37.6,5.95906,75.0,96.61497,807.6538,6.25,Snow fall: Heavy
2005-03-04 21:00:00+00:00,HAKKARİ,30,5.028,-0.12199998,0.70000005,5.0528407,73.0,83.45701,810.8365,18.1,Snow fall: Moderate
2005-03-05 21:00:00+00:00,HAKKARİ,30,4.1280003,-1.1719999,2.2,7.729527,73.0,86.83814,814.3608,15.02,Snow fall: Moderate
2005-03-06 21:00:00+00:00,HAKKARİ,30,5.4280005,0.07800007,0.8,6.989936,71.0,87.732025,812.7303,15.56,Snow fall: Slight
2005-03-07 21:00:00+00:00,HAKKARİ,30,3.1280003,1.0780001,13.499999,6.87779,75.0,96.558655,810.4609,6.56,Snow fall: Heavy
2005-03-08 21:00:00+00:00,HAKKARİ,30,4.1280003,0.17800009,14.999999,10.966713,75.0,96.95138,808.1997,9.65,Snow fall: Heavy
2005-03-09 21:00:00+00:00,HAKKARİ,30,2.678,-0.622,17.8,7.10031,75.0,95.61161,808.19476,7.56,Snow fall: Heavy
2005-03-10 21:00:00+00:00,HAKKARİ,30,1.7280002,-3.3219998,2.6,10.495713,73.0,86.32635,808.4854,17.28,Snow fall: Moderate
2005-03-11 21:00:00+00:00,HAKKARİ,30,0.4280001,-4.1219997,13.500001,8.64,75.0,89.43476,810.4702,14.0,Snow fall: Heavy
2005-03-12 21:00:00+00:00,HAKKARİ,30,2.578,-5.922,0.0,6.8399997,3.0,74.507545,814.1037,21.74,Overcast
2005-03-13 21:00:00+00:00,HAKKARİ,30,3.028,-4.6219997,0.0,5.8603754,2.0,62.6127,813.04266,23.01,Partly cloudy
2005-03-14 21:00:00+00:00,HAKKARİ,30,4.528,-8.372,0.0,6.12,3.0,62.48868,812.44354,23.04,Overcast
2005-03-15 21:00:00+00:00,HAKKARİ,30,4.9280005,-4.3219995,0.0,6.519877,2.0,60.761734,811.26685,23.01,Partly cloudy
2005-03-16 21:00:00+00:00,HAKKARİ,30,5.478,-7.2720003,0.0,6.28713,3.0,68.9972,811.86566,21.54,Overcast
2005-03-17 21:00:00+00:00,HAKKARİ,30,4.828,-4.7720003,0.0,6.9899354,2.0,69.76632,812.5823,22.51,Partly cloudy
2005-03-18 21:00:00+00:00,HAKKARİ,30,3.2280002,-1.8219998,0.6,9.028754,71.0,84.23627,810.13226,17.93,Snow fall: Slight
2005-03-19 21:00:00+00:00,HAKKARİ,30,4.528,-0.9719999,12.599998,11.043261,75.0,91.84307,810.40063,16.81,Snow fall: Heavy
2005-03-20 21:00:00+00:00,HAKKARİ,30,4.078,-0.47199988,15.099999,10.30883,75.0,94.262856,810.1211,14.35,Snow fall: Heavy
2005-03-21 21:00:00+00:00,HAKKARİ,30,4.978,0.32800007,10.700001,7.42159,73.0,94.51868,811.42596,13.26,Snow fall: Moderate
2005-03-22 21:00:00+00:00,HAKKARİ,30,3.928,-0.7219999,7.2999997,9.47012,73.0,91.50959,806.4505,17.19,Snow fall: Moderate
2005-03-23 21:00:00+00:00,HAKKARİ,30,0.57800007,-3.872,7.7,8.311245,73.0,86.33606,804.87866,17.82,Snow fall: Moderate
2005-03-24 21:00:00+00:00,HAKKARİ,30,0.12800014,-5.7720003,0.0,7.2,71.0,61.38564,809.71924,24.23,Snow fall: Slight
2005-03-25 21:00:00+00:00,HAKKARİ,30,0.47800016,-12.722,0.0,7.2359104,3.0,62.502014,813.52466,25.27,Overcast
2005-03-26 21:00:00+00:00,HAKKARİ,30,4.6780005,-8.0720005,0.0,7.2359104,2.0,68.382614,814.52936,24.05,Partly cloudy
2005-03-27 21:00:00+00:00,HAKKARİ,30,5.478,-2.222,0.1,7.8954163,71.0,76.9192,815.851,24.08,Snow fall: Slight
2005-03-28 21:00:00+00:00,HAKKARİ,30,6.7279997,0.47800016,0.0,9.021574,71.0,82.02827,815.5325,19.21,Snow fall: Slight
2005-03-29 21:00:00+00:00,HAKKARİ,30,8.528,2.7280002,0.0,9.114471,3.0,77.0465,813.6396,23.6,Overcast
2005-03-30 21:00:00+00:00,HAKKARİ,30,8.978,5.278,0.0,9.693296,1.0,72.30596,813.2537,23.3,Mainly clear
2005-03-31 21:00:00+00:00,HAKKARİ,30,8.278,4.1280003,11.400001,7.5170207,73.0,88.85615,810.99835,14.04,Snow fall: Moderate
2005-04-01 21:00:00+00:00,HAKKARİ,30,6.9280005,1.2780001,13.0,8.350138,75.0,90.69065,809.2015,15.53,Snow fall: Heavy
2005-04-02 21:00:00+00:00,HAKKARİ,30,3.8780003,-1.7219999,5.0000005,7.208994,73.0,92.982124,810.27057,15.9,Snow fall: Moderate
2005-04-03 21:00:00+00:00,HAKKARİ,30,2.778,-2.622,3.3000002,8.049845,73.0,86.32473,813.8198,21.33,Snow fall: Moderate
2005-04-04 21:00:00+00:00,HAKKARİ,30,4.3780003,-3.372,0.1,6.830519,71.0,75.301315,818.0017,23.58,Snow fall: Slight
2005-04-05 21:00:00+00:00,HAKKARİ,30,5.528,-4.172,0.0,8.654986,3.0,67.22859,817.94464,26.11,Overcast
2005-04-06 21:00:00+00:00,HAKKARİ,30,9.228,-2.522,0.0,8.825508,3.0,55.49426,816.0476,26.15,Overcast
2005-04-07 21:00:00+00:00,HAKKARİ,30,10.128,-3.6719997,0.0,8.311245,3.0,55.60872,817.03296,26.96,Overcast
2005-04-08 21:00:00+00:00,HAKKARİ,30,10.228,2.6280003,0.70000005,7.9526596,71.0,50.281773,816.42554,19.27,Snow fall: Slight
2005-04-09 21:00:00+00:00,HAKKARİ,30,10.4279995,2.2280002,0.0,8.311245,3.0,69.67251,815.01276,24.81,Overcast
2005-04-10 21:00:00+00:00,HAKKARİ,30,13.9279995,1.1280001,0.0,9.3669195,1.0,60.839657,816.6668,27.18,Mainly clear
2005-04-11 21:00:00+00:00,HAKKARİ,30,14.728,2.8780003,0.0,7.928178,0.0,53.37498,818.13745,27.48,Clear sky
2005-04-12 21:00:00+00:00,HAKKARİ,30,13.778,4.528,0.0,6.4799995,3.0,55.080765,818.9351,27.02,Overcast
2005-04-13 21:00:00+00:00,HAKKARİ,30,13.628,6.1780005,1.9000001,7.342588,53.0,62.26512,819.12006,23.42,Drizzle: Moderate
2005-04-14 21:00:00+00:00,HAKKARİ,30,9.828,4.6780005,27.599998,9.227524,73.0,86.02029,813.01385,12.8,Snow fall: Moderate
2005-04-15 21:00:00+00:00,HAKKARİ,30,6.528,1.1780001,4.2,6.87779,71.0,91.61243,811.7955,20.24,Snow fall: Slight
2005-04-16 21:00:00+00:00,HAKKARİ,30,8.578,-1.5219998,0.3,8.0899935,51.0,82.880135,813.49945,24.67,Drizzle: Light
2005-04-17 21:00:00+00:00,HAKKARİ,30,9.978,-1.6719999,0.0,7.628263,3.0,78.172356,816.424,27.02,Overcast
2005-04-18 21:00:00+00:00,HAKKARİ,30,10.978,4.728,0.0,10.483357,3.0,71.881996,816.5179,25.9,Overcast
2005-04-19 21:00:00+00:00,HAKKARİ,30,12.228,7.328,0.0,12.074766,2.0,60.554325,816.7172,28.11,Partly cloudy
2005-04-20 21:00:00+00:00,HAKKARİ,30,12.578,4.028,0.0,6.0347,3.0,60.200714,819.3447,28.37,Overcast
2005-04-21 21:00:00+00:00,HAKKARİ,30,17.428,2.778,0.0,8.287822,3.0,56.554718,820.46906,26.61,Overcast
2005-04-22 21:00:00+00:00,HAKKARİ,30,18.128,8.878,0.0,8.089993,3.0,60.756992,819.8271,26.21,Overcast
2005-04-23 21:00:00+00:00,HAKKARİ,30,17.828001,9.378,0.0,9.339208,3.0,56.159122,817.20013,25.97,Overcast
2005-04-24 21:00:00+00:00,HAKKARİ,30,13.228,7.4280005,11.8,7.9932966,61.0,81.71791,815.0969,12.37,Rain: Slight
2005-04-25 21:00:00+00:00,HAKKARİ,30,8.378,5.4280005,23.5,5.6920996,63.0,90.46374,812.18335,4.39,Rain: Moderate
2005-04-26 21:00:00+00:00,HAKKARİ,30,8.678,4.228,1.4000001,8.225035,51.0,88.40885,812.24603,17.74,Drizzle: Light
2005-04-27 21:00:00+00:00,HAKKARİ,30,9.278,1.5780001,7.5,8.12197,61.0,93.25454,812.93115,17.75,Rain: Slight
2005-04-28 21:00:00+00:00,HAKKARİ,30,10.328,2.528,2.6000001,8.557102,51.0,86.049446,811.4258,24.42,Drizzle: Light
2005-04-29 21:00:00+00:00,HAKKARİ,30,12.878,3.278,0.0,14.345898,3.0,69.03921,811.1303,28.2,Overcast
2005-04-30 21:00:00+00:00,HAKKARİ,30,13.478,7.328,0.1,15.978484,51.0,58.75258,811.6661,23.16,Drizzle: Light
2005-05-01 21:00:00+00:00,HAKKARİ,30,9.678,3.528,22.800001,10.163227,75.0,86.00977,810.6386,13.95,Snow fall: Heavy
2005-05-02 21:00:00+00:00,HAKKARİ,30,6.078,0.47800016,38.20001,8.707238,75.0,94.95877,805.0527,14.23,Snow fall: Heavy
2005-05-03 21:00:00+00:00,HAKKARİ,30,5.4280005,0.37800014,13.499999,6.87779,75.0,92.49659,806.35205,16.12,Snow fall: Heavy
2005-05-04 21:00:00+00:00,HAKKARİ,30,9.678,-1.7219999,2.7000003,5.6920996,73.0,80.75408,805.7548,19.83,Snow fall: Moderate
2005-05-05 21:00:00+00:00,HAKKARİ,30,11.228,-2.4219997,0.0,9.3669195,3.0,76.11599,810.0757,26.62,Overcast
2005-05-06 21:00:00+00:00,HAKKARİ,30,13.478,-3.872,0.0,7.5942073,3.0,75.56422,813.54376,26.38,Overcast
2005-05-07 21:00:00+00:00,HAKKARİ,30,12.828,0.6780001,3.8,8.373386,53.0,87.812386,814.2652,24.77,Drizzle: Moderate
2005-05-08 21:00:00+00:00,HAKKARİ,30,13.578,6.1780005,3.8000002,14.386494,55.0,69.377464,815.1936,27.51,Drizzle: Dense
2005-05-09 21:00:00+00:00,HAKKARİ,30,16.578001,1.3280001,0.0,7.928178,3.0,54.604572,817.08734,29.34,Overcast
2005-05-10 21:00:00+00:00,HAKKARİ,30,16.728,5.028,0.0,8.64,3.0,49.329975,818.0354,28.23,Overcast
2005-05-11 21:00:00+00:00,HAKKARİ,30,16.428,8.578,0.2,10.24578,51.0,51.285686,818.9023,25.09,Drizzle: Light
2005-05-12 21:00:00+00:00,HAKKARİ,30,16.078001,5.528,0.8,8.311245,53.0,60.910496,816.4495,25.51,Drizzle: Moderate
2005-05-13 21:00:00+00:00,HAKKARİ,30,16.028,9.328,1.5,8.654986,53.0,64.15159,813.8877,23.67,Drizzle: Moderate
2005-05-14 21:00:00+00:00,HAKKARİ,30,15.628,7.6280003,2.7,10.105681,61.0,75.066795,814.6604,22.68,Rain: Slight
2005-05-15 21:00:00+00:00,HAKKARİ,30,14.4279995,5.978,2.6,9.605998,53.0,79.56309,816.3222,24.51,Drizzle: Moderate
2005-05-16 21:00:00+00:00,HAKKARİ,30,16.828001,2.128,0.6,9.793059,53.0,70.50408,818.19305,27.04,Drizzle: Moderate
2005-05-17 21:00:00+00:00,HAKKARİ,30,17.278,4.078,0.0,8.707238,2.0,62.09755,817.5297,29.31,Partly cloudy
2005-05-18 21:00:00+00:00,HAKKARİ,30,13.978,6.328,7.6,8.891344,63.0,83.371574,816.0192,18.36,Rain: Moderate
2005-05-19 21:00:00+00:00,HAKKARİ,30,17.478,2.2280002,6.5,9.0,63.0,79.36593,816.5904,22.64,Rain: Moderate
2005-05-20 21:00:00+00:00,HAKKARİ,30,20.728,2.678,0.0,10.182337,3.0,64.25114,818.4825,25.81,Overcast
2005-05-21 21:00:00+00:00,HAKKARİ,30,20.978,7.278,0.2,10.041354,51.0,56.11111,819.5386,26.12,Drizzle: Light
2005-05-22 21:00:00+00:00,HAKKARİ,30,21.328,8.978,3.8,8.759178,61.0,60.13286,818.5198,25.08,Rain: Slight
2005-05-23 21:00:00+00:00,HAKKARİ,30,20.478,9.228,1.8,10.931203,53.0,63.14618,817.2922,25.53,Drizzle: Moderate
2005-05-24 21:00:00+00:00,HAKKARİ,30,19.478,12.128,0.0,12.245294,0.0,51.100597,815.962,30.11,Clear sky
2005-05-25 21:00:00+00:00,HAKKARİ,30,18.928,9.228,0.0,10.883676,1.0,54.369213,817.2045,30.14,Mainly clear
2005-05-26 21:00:00+00:00,HAKKARİ,30,20.178,8.678,0.0,10.799999,1.0,46.57294,819.1035,30.43,Mainly clear
2005-05-27 21:00:00+00:00,HAKKARİ,30,21.428,8.028,0.4,11.298495,51.0,44.863064,819.57294,29.22,Drizzle: Light
2005-05-28 21:00:00+00:00,HAKKARİ,30,19.728,12.378,0.0,14.417988,2.0,39.557186,818.0827,28.48,Partly cloudy
2005-05-29 21:00:00+00:00,HAKKARİ,30,18.778,10.028,1.1,10.00256,53.0,47.215805,818.0512,27.54,Drizzle: Moderate
2005-05-30 21:00:00+00:00,HAKKARİ,30,18.928,8.928,0.1,9.565437,51.0,53.931095,817.42505,27.37,Drizzle: Light
2005-05-31 21:00:00+00:00,HAKKARİ,30,17.428,9.478,2.2,10.464798,53.0,63.156754,816.38794,27.06,Drizzle: Moderate
2005-06-01 21:00:00+00:00,HAKKARİ,30,16.878,8.128,0.8,9.504273,51.0,68.69447,815.55646,26.56,Drizzle: Light
2005-06-02 21:00:00+00:00,HAKKARİ,30,18.378,7.328,0.1,9.227524,51.0,62.996265,816.90485,26.91,Drizzle: Light
2005-06-03 21:00:00+00:00,HAKKARİ,30,19.278,10.328,1.2,10.587918,53.0,64.893906,818.72394,25.32,Drizzle: Moderate
2005-06-04 21:00:00+00:00,HAKKARİ,30,23.028,10.778,1.3000001,13.75558,55.0,54.502193,816.355,26.09,Drizzle: Dense
2005-06-05 21:00:00+00:00,HAKKARİ,30,17.478,11.628,2.4999998,13.896187,53.0,61.304638,816.9527,27.69,Drizzle: Moderate
2005-06-06 21:00:00+00:00,HAKKARİ,30,22.328,2.7280002,0.0,8.534353,2.0,54.07118,819.57983,30.98,Partly cloudy
2005-06-07 21:00:00+00:00,HAKKARİ,30,24.328,8.078,0.0,10.086427,0.0,41.80478,819.4124,31.15,Clear sky
2005-06-08 21:00:00+00:00,HAKKARİ,30,23.978,11.228,2.6,9.107359,61.0,51.993576,817.7918,27.18,Rain: Slight
2005-06-09 21:00:00+00:00,HAKKARİ,30,24.478,10.828,0.0,9.605998,3.0,45.728817,817.29364,28.88,Overcast
2005-06-10 21:00:00+00:00,HAKKARİ,30,25.028,13.978,0.0,7.9036193,3.0,42.519146,817.8335,28.16,Overcast
2005-06-11 21:00:00+00:00,HAKKARİ,30,24.928,15.9279995,0.0,10.8955765,0.0,43.767746,817.4612,29.97,Clear sky
2005-06-12 21:00:00+00:00,HAKKARİ,30,23.528,13.1779995,0.0,10.853866,0.0,44.325665,816.46173,30.94,Clear sky
2005-06-13 21:00:00+00:00,HAKKARİ,30,22.528,12.978,0.0,12.181624,0.0,38.3875,819.2138,30.97,Clear sky
2005-06-14 21:00:00+00:00,HAKKARİ,30,24.728,14.478,0.0,12.181625,1.0,37.90082,821.18024,28.32,Mainly clear
2005-06-15 21:00:00+00:00,HAKKARİ,30,25.578,18.678,0.0,17.283749,3.0,34.05049,820.44946,29.08,Overcast
2005-06-16 21:00:00+00:00,HAKKARİ,30,25.628,16.628,0.0,10.495713,0.0,33.061726,820.37616,31.13,Clear sky
2005-06-17 21:00:00+00:00,HAKKARİ,30,25.678,11.9279995,0.0,8.825508,0.0,38.227665,817.83575,30.7,Clear sky
2005-06-18 21:00:00+00:00,HAKKARİ,30,26.128,14.628,0.0,10.805998,0.0,36.411137,814.7348,30.64,Clear sky
2005-06-19 21:00:00+00:00,HAKKARİ,30,24.428,15.478,0.0,14.021525,3.0,35.757706,812.5347,29.36,Overcast
2005-06-20 21:00:00+00:00,HAKKARİ,30,23.578,14.278,0.0,13.584932,1.0,41.9332,813.2632,30.05,Mainly clear
2005-06-21 21:00:00+00:00,HAKKARİ,30,22.378,13.228,0.0,14.773164,2.0,40.386345,815.2776,28.98,Partly cloudy
2005-06-22 21:00:00+00:00,HAKKARİ,30,24.878,11.778,0.0,8.654986,0.0,39.35626,818.0464,31.15,Clear sky
2005-06-23 21:00:00+00:00,HAKKARİ,30,26.628,11.228,0.0,9.504273,0.0,35.458622,817.60767,31.56,Clear sky
2005-06-24 21:00:00+00:00,HAKKARİ,30,26.178,12.528,0.0,10.137692,0.0,35.100784,815.7507,31.21,Clear sky
2005-06-25 21:00:00+00:00,HAKKARİ,30,25.328,15.4279995,0.0,13.138765,0.0,28.839676,814.5153,31.2,Clear sky
2005-06-26 21:00:00+00:00,HAKKARİ,30,21.478,11.1779995,0.0,9.021574,3.0,57.142044,812.924,24.92,Overcast
2005-06-27 21:00:00+00:00,HAKKARİ,30,23.478,7.9779997,0.0,8.473393,3.0,58.097977,813.888,22.98,Overcast
2005-06-28 21:00:00+00:00,HAKKARİ,30,25.528,15.778,0.2,8.049845,51.0,42.924255,814.8754,28.68,Drizzle: Light
2005-06-29 21:00:00+00:00,HAKKARİ,30,25.278,15.778,0.0,10.8955765,0.0,37.80337,815.50934,29.35,Clear sky
2005-06-30 21:00:00+00:00,HAKKARİ,30,25.428,13.628,0.0,8.12197,2.0,41.78345,815.43243,28.15,Partly cloudy
2005-07-01 21:00:00+00:00,HAKKARİ,30,26.378,12.378,0.0,9.47012,2.0,50.70068,815.1931,25.47,Partly cloudy
2005-07-02 21:00:00+00:00,HAKKARİ,30,27.728,15.6779995,0.0,9.387651,2.0,42.921814,815.424,28.36,Partly cloudy
2005-07-03 21:00:00+00:00,HAKKARİ,30,28.778,17.928,0.0,12.0694,0.0,35.481464,815.5101,30.46,Clear sky
2005-07-04 21:00:00+00:00,HAKKARİ,30,26.178,17.128,0.0,12.413476,0.0,33.798214,813.6633,31.02,Clear sky
2005-07-05 21:00:00+00:00,HAKKARİ,30,26.228,12.1779995,0.0,10.931203,1.0,40.00527,813.2483,29.92,Mainly clear
2005-07-06 21:00:00+00:00,HAKKARİ,30,27.228,14.278,0.2,7.24486,51.0,42.678288,817.14667,26.51,Drizzle: Light
2005-07-07 21:00:00+00:00,HAKKARİ,30,29.028,15.9279995,0.0,7.69592,1.0,41.961212,820.0175,28.84,Mainly clear
2005-07-08 21:00:00+00:00,HAKKARİ,30,30.978,15.778,0.0,10.137692,0.0,38.92541,819.4714,30.16,Clear sky
2005-07-09 21:00:00+00:00,HAKKARİ,30,30.578,18.728,0.0,10.661107,1.0,39.290173,819.78156,28.73,Mainly clear
2005-07-10 21:00:00+00:00,HAKKARİ,30,31.428,18.578,0.0,9.565437,2.0,36.27597,820.084,28.76,Partly cloudy
2005-07-11 21:00:00+00:00,HAKKARİ,30,31.878,18.578,0.0,8.350138,1.0,39.63225,820.2522,28.91,Mainly clear
2005-07-12 21:00:00+00:00,HAKKARİ,30,32.128002,20.328,0.0,11.435313,0.0,34.28641,818.8548,29.7,Clear sky
2005-07-13 21:00:00+00:00,HAKKARİ,30,31.428,20.678,0.0,12.641076,0.0,26.627474,818.5208,30.61,Clear sky
2005-07-14 21:00:00+00:00,HAKKARİ,30,29.628,18.778,0.0,11.165805,0.0,24.160032,819.9078,31.28,Clear sky
2005-07-15 21:00:00+00:00,HAKKARİ,30,29.228,16.878,0.0,10.495713,0.0,28.997702,820.59784,30.73,Clear sky
2005-07-16 21:00:00+00:00,HAKKARİ,30,29.928,18.778,0.0,12.904882,0.0,31.252998,820.3947,29.68,Clear sky
2005-07-17 21:00:00+00:00,HAKKARİ,30,30.078,19.928,0.0,14.007655,0.0,27.894022,820.1328,29.78,Clear sky
2005-07-18 21:00:00+00:00,HAKKARİ,30,29.628,15.978,0.0,11.609651,0.0,23.279556,821.3543,31.09,Clear sky
2005-07-19 21:00:00+00:00,HAKKARİ,30,29.228,16.128,0.0,9.726665,3.0,26.789011,820.25116,29.23,Overcast
2005-07-20 21:00:00+00:00,HAKKARİ,30,28.078,18.028,0.0,6.9153743,1.0,36.73744,818.36566,26.32,Mainly clear
2005-07-21 21:00:00+00:00,HAKKARİ,30,29.728,17.728,0.0,9.422101,0.0,33.44728,818.3759,27.57,Clear sky
2005-07-22 21:00:00+00:00,HAKKARİ,30,30.478,18.528,0.0,10.446206,2.0,31.046015,817.8663,26.97,Partly cloudy
2005-07-23 21:00:00+00:00,HAKKARİ,30,29.878,18.728,0.0,12.9249525,1.0,31.708113,817.34863,27.2,Mainly clear
2005-07-24 21:00:00+00:00,HAKKARİ,30,30.028,20.278,0.0,12.015589,2.0,29.30124,819.08325,26.28,Partly cloudy
2005-07-25 21:00:00+00:00,HAKKARİ,30,30.428,20.378,0.3,11.090103,51.0,31.948095,820.10004,27.37,Drizzle: Light
2005-07-26 21:00:00+00:00,HAKKARİ,30,30.978,16.678,0.0,9.904906,1.0,39.647312,819.75446,27.28,Mainly clear
2005-07-27 21:00:00+00:00,HAKKARİ,30,31.028,16.378,0.0,10.966713,3.0,42.796474,820.0867,26.02,Overcast
2005-07-28 21:00:00+00:00,HAKKARİ,30,30.678,17.428,0.0,10.703569,2.0,37.71011,819.41437,25.88,Partly cloudy
2005-07-29 21:00:00+00:00,HAKKARİ,30,30.928,18.928,0.0,12.015589,1.0,32.448925,819.2153,26.57,Mainly clear
2005-07-30 21:00:00+00:00,HAKKARİ,30,30.778,20.128,0.0,11.304229,0.0,29.736113,818.8033,29.52,Clear sky
2005-07-31 21:00:00+00:00,HAKKARİ,30,29.778,18.078,0.0,10.464798,0.0,28.831339,817.3291,29.83,Clear sky
2005-08-01 21:00:00+00:00,HAKKARİ,30,28.628,16.978,0.0,11.5199995,0.0,28.312895,815.7388,29.98,Clear sky
2005-08-02 21:00:00+00:00,HAKKARİ,30,27.378,16.928,0.0,11.183201,0.0,36.25429,816.41095,28.09,Clear sky
2005-08-03 21:00:00+00:00,HAKKARİ,30,27.528,17.478,0.0,10.390226,2.0,37.58317,818.2722,25.78,Partly cloudy
2005-08-04 21:00:00+00:00,HAKKARİ,30,28.378,17.078001,0.0,10.483357,0.0,35.788357,818.6638,28.77,Clear sky
2005-08-05 21:00:00+00:00,HAKKARİ,30,30.078,15.9279995,0.0,9.255571,0.0,32.691715,818.03595,28.46,Clear sky
2005-08-06 21:00:00+00:00,HAKKARİ,30,30.228,17.828001,0.0,9.779817,0.0,32.843525,816.52124,28.46,Clear sky
2005-08-07 21:00:00+00:00,HAKKARİ,30,31.228,17.878,0.0,10.1376915,2.0,38.313038,815.8574,25.41,Partly cloudy
2005-08-08 21:00:00+00:00,HAKKARİ,30,30.028,18.528,0.0,9.793058,2.0,41.77057,818.03424,25.19,Partly cloudy
2005-08-09 21:00:00+00:00,HAKKARİ,30,28.678,15.978,0.0,10.163227,2.0,50.65153,818.049,22.98,Partly cloudy
2005-08-10 21:00:00+00:00,HAKKARİ,30,27.978,17.128,1.5,8.473393,53.0,54.771088,817.4722,22.93,Drizzle: Moderate
2005-08-11 21:00:00+00:00,HAKKARİ,30,25.978,13.228,3.8,9.107359,61.0,72.94975,817.608,18.08,Rain: Slight
2005-08-12 21:00:00+00:00,HAKKARİ,30,28.128,14.6779995,2.3999999,8.311245,61.0,61.252956,819.9221,23.36,Rain: Slight
2005-08-13 21:00:00+00:00,HAKKARİ,30,28.578,15.978,0.0,8.049845,2.0,45.426178,821.1177,25.8,Partly cloudy
2005-08-14 21:00:00+00:00,HAKKARİ,30,29.778,18.778,0.0,9.565437,1.0,34.698437,821.3225,28.04,Mainly clear
2005-08-15 21:00:00+00:00,HAKKARİ,30,30.178,19.228,0.0,10.446206,0.0,32.24331,821.16254,26.51,Clear sky
2005-08-16 21:00:00+00:00,HAKKARİ,30,30.628,20.178,0.0,10.182337,2.0,32.113174,821.04987,23.84,Partly cloudy
2005-08-17 21:00:00+00:00,HAKKARİ,30,30.978,20.928,0.0,11.212135,1.0,32.099655,821.7139,25.78,Mainly clear
2005-08-18 21:00:00+00:00,HAKKARİ,30,31.278,20.878,0.0,10.948973,0.0,28.819695,820.5915,27.62,Clear sky
2005-08-19 21:00:00+00:00,HAKKARİ,30,31.128,15.6779995,0.0,10.1376915,0.0,26.220995,817.2574,28.04,Clear sky
2005-08-20 21:00:00+00:00,HAKKARİ,30,28.678,17.778,0.0,10.966713,0.0,31.377342,816.47174,27.63,Clear sky
2005-08-21 21:00:00+00:00,HAKKARİ,30,28.378,16.178,0.0,10.630672,0.0,41.989635,818.08405,26.64,Clear sky
2005-08-22 21:00:00+00:00,HAKKARİ,30,29.878,17.928,0.0,10.464797,1.0,41.72076,819.7371,25.59,Mainly clear
2005-08-23 21:00:00+00:00,HAKKARİ,30,30.078,18.678,0.0,10.703569,0.0,37.222042,820.23334,26.49,Clear sky
2005-08-24 21:00:00+00:00,HAKKARİ,30,29.428,17.428,0.0,10.966713,0.0,33.958996,819.9537,26.47,Clear sky
2005-08-25 21:00:00+00:00,HAKKARİ,30,28.778,17.578001,0.0,9.779817,0.0,32.483326,820.6723,26.68,Clear sky
2005-08-26 21:00:00+00:00,HAKKARİ,30,28.578,16.728,0.0,9.9571085,0.0,33.416878,820.6895,26.06,Clear sky
2005-08-27 21:00:00+00:00,HAKKARİ,30,27.278,16.028,0.0,13.755579,0.0,32.719387,819.961,25.44,Clear sky
2005-08-28 21:00:00+00:00,HAKKARİ,30,26.478,15.378,0.0,7.8625183,2.0,40.76766,819.61914,21.47,Partly cloudy
2005-08-29 21:00:00+00:00,HAKKARİ,30,24.128,11.9279995,3.5,8.766573,55.0,59.150517,818.9288,19.47,Drizzle: Dense
2005-08-30 21:00:00+00:00,HAKKARİ,30,22.728,12.128,1.6999999,8.373386,55.0,66.701485,817.1623,18.91,Drizzle: Dense
2005-08-31 21:00:00+00:00,HAKKARİ,30,24.928,12.628,0.0,9.6932955,2.0,49.23448,817.6086,21.48,Partly cloudy
2005-09-01 21:00:00+00:00,HAKKARİ,30,25.078,16.528,0.0,13.32,0.0,35.749508,819.9756,25.2,Clear sky
2005-09-02 21:00:00+00:00,HAKKARİ,30,24.228,15.028,0.3,14.277983,51.0,46.57701,819.3724,22.2,Drizzle: Light
2005-09-03 21:00:00+00:00,HAKKARİ,30,21.978,14.6779995,0.0,13.779114,1.0,54.72317,817.4921,23.07,Mainly clear
2005-09-04 21:00:00+00:00,HAKKARİ,30,21.428,11.978,0.0,11.681987,1.0,52.427937,816.7349,23.62,Mainly clear
2005-09-05 21:00:00+00:00,HAKKARİ,30,23.128,9.178,0.0,8.759178,0.0,45.74487,818.3221,24.77,Clear sky
2005-09-06 21:00:00+00:00,HAKKARİ,30,24.728,8.928,0.0,10.137692,0.0,41.595116,820.0708,24.63,Clear sky
2005-09-07 21:00:00+00:00,HAKKARİ,30,25.178,11.9279995,0.0,10.495713,0.0,39.13647,819.7202,24.15,Clear sky
2005-09-08 21:00:00+00:00,HAKKARİ,30,25.328,12.9279995,0.0,10.823973,2.0,40.459476,820.6067,23.64,Partly cloudy
2005-09-09 21:00:00+00:00,HAKKARİ,30,25.228,15.328,0.0,14.689589,2.0,32.98347,819.5435,21.14,Partly cloudy
2005-09-10 21:00:00+00:00,HAKKARİ,30,24.978,16.928,0.0,12.7279215,0.0,26.654089,817.1709,23.94,Clear sky
2005-09-11 21:00:00+00:00,HAKKARİ,30,23.678,10.128,0.0,9.565437,0.0,30.944815,816.333,23.88,Clear sky
2005-09-12 21:00:00+00:00,HAKKARİ,30,24.478,10.028,0.0,8.766573,0.0,34.512104,818.2302,23.48,Clear sky
2005-09-13 21:00:00+00:00,HAKKARİ,30,24.778,11.1779995,0.0,9.0,0.0,36.80554,819.0171,22.73,Clear sky
2005-09-14 21:00:00+00:00,HAKKARİ,30,24.678,13.328,0.0,9.107359,0.0,35.077602,818.6729,22.89,Clear sky
2005-09-15 21:00:00+00:00,HAKKARİ,30,24.928,12.978,0.0,8.373386,0.0,30.307938,818.415,22.9,Clear sky
2005-09-16 21:00:00+00:00,HAKKARİ,30,26.328,11.6779995,0.0,9.983106,0.0,30.942186,818.9737,22.77,Clear sky
2005-09-17 21:00:00+00:00,HAKKARİ,30,25.928,11.228,0.0,8.435069,2.0,33.50818,819.7055,19.97,Partly cloudy
2005-09-18 21:00:00+00:00,HAKKARİ,30,25.678,13.378,0.0,9.693296,3.0,31.010824,820.92694,21.11,Overcast
2005-09-19 21:00:00+00:00,HAKKARİ,30,25.578,14.478,0.0,11.841756,0.0,30.723976,819.1668,22.06,Clear sky
2005-09-20 21:00:00+00:00,HAKKARİ,30,24.728,14.328,0.0,10.829959,0.0,30.448587,819.9764,21.8,Clear sky
2005-09-21 21:00:00+00:00,HAKKARİ,30,24.328,13.828,0.0,9.726664,2.0,33.675747,821.85956,20.82,Partly cloudy
2005-09-22 21:00:00+00:00,HAKKARİ,30,23.828,12.978,0.0,11.304229,0.0,37.12893,821.4593,21.46,Clear sky
2005-09-23 21:00:00+00:00,HAKKARİ,30,22.678,10.628,0.0,11.988594,0.0,34.579826,820.5186,21.6,Clear sky
2005-09-24 21:00:00+00:00,HAKKARİ,30,21.128,13.278,0.1,13.70839,51.0,41.78066,820.3235,19.34,Drizzle: Light
2005-09-25 21:00:00+00:00,HAKKARİ,30,20.878,10.078,0.0,9.983106,0.0,46.150406,820.1343,21.03,Clear sky
2005-09-26 21:00:00+00:00,HAKKARİ,30,19.978,8.528,0.0,8.587338,2.0,49.933384,819.39215,17.69,Partly cloudy
2005-09-27 21:00:00+00:00,HAKKARİ,30,17.828001,10.6779995,0.6,7.5599995,51.0,58.513416,818.7885,15.16,Drizzle: Light
2005-09-28 21:00:00+00:00,HAKKARİ,30,17.128,7.9280005,0.5,9.826088,51.0,65.337715,817.42096,15.43,Drizzle: Light
2005-09-29 21:00:00+00:00,HAKKARİ,30,14.828,7.1280003,2.6,7.8954163,53.0,73.157234,817.4746,14.35,Drizzle: Moderate
2005-09-30 21:00:00+00:00,HAKKARİ,30,18.778,3.078,0.0,8.225035,3.0,61.992,820.8938,18.69,Overcast
2005-10-01 21:00:00+00:00,HAKKARİ,30,20.328,7.578,0.0,9.360001,2.0,49.303555,821.8549,19.59,Partly cloudy
2005-10-02 21:00:00+00:00,HAKKARİ,30,20.128,9.728,0.0,9.83268,0.0,47.286316,819.7509,19.79,Clear sky
2005-10-03 21:00:00+00:00,HAKKARİ,30,16.478,8.278,0.0,7.9932976,3.0,63.318684,816.517,13.35,Overcast
2005-10-04 21:00:00+00:00,HAKKARİ,30,17.478,8.678,0.0,9.983106,3.0,59.130264,817.2918,15.2,Overcast
2005-10-05 21:00:00+00:00,HAKKARİ,30,17.528,9.228,0.0,10.703569,3.0,55.320484,819.6147,13.61,Overcast
2005-10-06 21:00:00+00:00,HAKKARİ,30,18.128,8.828,0.4,14.565548,51.0,52.39922,820.42694,18.35,Drizzle: Light
2005-10-07 21:00:00+00:00,HAKKARİ,30,18.278,8.428,0.0,10.703569,3.0,43.78062,818.54126,17.38,Overcast
2005-10-08 21:00:00+00:00,HAKKARİ,30,17.178,5.6780005,0.0,10.829958,0.0,37.1445,819.42017,19.17,Clear sky
2005-10-09 21:00:00+00:00,HAKKARİ,30,19.078,8.728,0.6,11.720751,51.0,37.054264,823.6408,16.53,Drizzle: Light
2005-10-10 21:00:00+00:00,HAKKARİ,30,21.978,13.028,0.3,14.480773,51.0,38.279705,825.7326,16.57,Drizzle: Light
2005-10-11 21:00:00+00:00,HAKKARİ,30,22.178,14.278,0.0,14.021525,2.0,34.011612,826.71875,15.12,Partly cloudy
2005-10-12 21:00:00+00:00,HAKKARİ,30,22.978,12.978,0.0,10.514218,2.0,33.97968,826.8662,16.65,Partly cloudy
2005-10-13 21:00:00+00:00,HAKKARİ,30,22.678,8.778,0.1,7.9526596,51.0,41.572784,823.6316,15.07,Drizzle: Light
2005-10-14 21:00:00+00:00,HAKKARİ,30,19.878,12.4279995,0.7,15.072783,51.0,45.274506,821.0525,15.13,Drizzle: Light
2005-10-15 21:00:00+00:00,HAKKARİ,30,18.228,10.978,2.2,15.034041,61.0,62.13327,818.93024,15.0,Rain: Slight
2005-10-16 21:00:00+00:00,HAKKARİ,30,12.028,7.578,12.200001,11.841756,61.0,72.97834,815.9167,8.19,Rain: Slight
2005-10-17 21:00:00+00:00,HAKKARİ,30,16.428,4.328,0.0,9.983106,1.0,56.436615,820.2751,17.4,Mainly clear
2005-10-18 21:00:00+00:00,HAKKARİ,30,9.078,3.928,22.6,6.489992,75.0,86.638084,814.3987,3.3,Snow fall: Heavy
2005-10-19 21:00:00+00:00,HAKKARİ,30,7.278,-0.021999836,8.1,10.1376915,73.0,93.20034,810.3653,9.72,Snow fall: Moderate
2005-10-20 21:00:00+00:00,HAKKARİ,30,7.578,-6.5220003,0.0,6.519877,3.0,66.06253,813.42334,16.19,Overcast
2005-10-21 21:00:00+00:00,HAKKARİ,30,8.978,-1.9219999,0.1,6.849467,51.0,52.286877,818.04047,15.26,Drizzle: Light
2005-10-22 21:00:00+00:00,HAKKARİ,30,10.878,-4.0220003,0.0,8.669949,0.0,55.800068,820.95526,17.11,Clear sky
2005-10-23 21:00:00+00:00,HAKKARİ,30,13.328,-3.722,0.0,8.350138,0.0,44.802853,818.24884,17.03,Clear sky
2005-10-24 21:00:00+00:00,HAKKARİ,30,14.278,-2.4219997,0.0,6.849467,0.0,45.181965,816.56854,16.7,Clear sky
2005-10-25 21:00:00+00:00,HAKKARİ,30,14.078,-0.872,0.0,8.049845,0.0,46.071125,819.1011,16.32,Clear sky
2005-10-26 21:00:00+00:00,HAKKARİ,30,14.478,1.2280002,0.0,7.5942073,0.0,42.235645,817.7639,16.28,Clear sky
2005-10-27 21:00:00+00:00,HAKKARİ,30,11.278,5.028,0.0,12.4811535,0.0,42.593445,815.46564,15.71,Clear sky
2005-10-28 21:00:00+00:00,HAKKARİ,30,11.778,4.4280005,9.3,14.145756,73.0,54.72865,816.3096,13.93,Snow fall: Moderate
2005-10-29 21:00:00+00:00,HAKKARİ,30,11.628,4.4280005,11.7,8.049845,73.0,82.702065,818.33496,10.39,Snow fall: Moderate
2005-10-30 21:00:00+00:00,HAKKARİ,30,13.028,6.1280003,6.4,15.4800005,53.0,82.16172,818.8672,12.19,Drizzle: Moderate
2005-10-31 21:00:00+00:00,HAKKARİ,30,11.778,5.228,0.1,8.4042845,51.0,71.13161,818.17,14.52,Drizzle: Light
2005-11-01 21:00:00+00:00,HAKKARİ,30,10.828,2.028,0.0,7.928178,1.0,56.19893,816.6914,15.29,Mainly clear
2005-11-02 21:00:00+00:00,HAKKARİ,30,10.578,1.7780001,0.0,5.8603754,3.0,48.23146,817.2678,14.96,Overcast
2005-11-03 21:00:00+00:00,HAKKARİ,30,11.9279995,4.1780005,0.0,10.028439,3.0,42.591972,816.37103,14.48,Overcast
2005-11-04 21:00:00+00:00,HAKKARİ,30,5.6780005,0.27800012,24.499998,5.904439,75.0,86.6568,811.03656,5.9,Snow fall: Heavy
2005-11-05 21:00:00+00:00,HAKKARİ,30,5.3780003,-7.2720003,0.0,7.208994,3.0,82.921455,813.1087,14.03,Overcast
2005-11-06 21:00:00+00:00,HAKKARİ,30,7.578,-6.422,0.0,8.707238,3.0,75.82966,812.7309,12.81,Overcast
2005-11-07 21:00:00+00:00,HAKKARİ,30,4.828,-3.0719998,2.6999998,9.0645685,73.0,83.92335,811.2426,9.57,Snow fall: Moderate
2005-11-08 21:00:00+00:00,HAKKARİ,30,5.528,-7.5220003,0.0,11.252519,3.0,79.97643,814.46094,11.93,Overcast
2005-11-09 21:00:00+00:00,HAKKARİ,30,6.328,-11.272,0.0,10.464798,3.0,71.915855,815.518,13.98,Overcast
2005-11-10 21:00:00+00:00,HAKKARİ,30,5.6780005,-4.222,0.0,8.647496,2.0,62.935444,814.29376,13.97,Partly cloudy
2005-11-11 21:00:00+00:00,HAKKARİ,30,6.4779997,-1.2219999,0.0,7.5170207,3.0,62.260777,814.5008,11.75,Overcast
2005-11-12 21:00:00+00:00,HAKKARİ,30,5.778,-2.122,0.0,7.2,3.0,61.024612,817.4012,11.79,Overcast
2005-11-13 21:00:00+00:00,HAKKARİ,30,6.9779997,-4.972,0.0,9.422101,1.0,58.39902,817.7295,13.6,Mainly clear
2005-11-14 21:00:00+00:00,HAKKARİ,30,9.128,-3.122,0.0,9.0645685,2.0,50.91794,816.4428,13.29,Partly cloudy
2005-11-15 21:00:00+00:00,HAKKARİ,30,7.7279997,-1.0219998,0.0,7.771331,3.0,61.738453,812.90674,9.44,Overcast
2005-11-16 21:00:00+00:00,HAKKARİ,30,6.328,-2.0719998,0.0,6.12,3.0,73.892494,813.8696,9.83,Overcast
2005-11-17 21:00:00+00:00,HAKKARİ,30,6.4280005,-2.872,0.0,7.24486,2.0,73.78052,815.4866,12.87,Partly cloudy
2005-11-18 21:00:00+00:00,HAKKARİ,30,5.978,-1.2719998,0.0,6.9153743,71.0,75.97134,814.70825,8.85,Snow fall: Slight
2005-11-19 21:00:00+00:00,HAKKARİ,30,4.778,-1.4719999,3.4999998,7.8625183,73.0,91.30408,814.7715,4.87,Snow fall: Moderate
2005-11-20 21:00:00+00:00,HAKKARİ,30,3.1280003,-0.12199998,16.9,7.628263,75.0,95.01373,813.8201,3.59,Snow fall: Heavy
2005-11-21 21:00:00+00:00,HAKKARİ,30,2.928,-1.2719998,18.7,6.439876,75.0,94.83959,816.0848,6.8,Snow fall: Heavy
2005-11-22 21:00:00+00:00,HAKKARİ,30,4.828,-8.722,0.0,9.007196,3.0,59.161457,819.93506,11.48,Overcast
2005-11-23 21:00:00+00:00,HAKKARİ,30,7.7279997,-12.472,0.0,6.849467,3.0,38.49498,815.85565,12.56,Overcast
2005-11-24 21:00:00+00:00,HAKKARİ,30,8.978,-9.522,0.0,7.208994,3.0,48.91983,816.665,10.93,Overcast
2005-11-25 21:00:00+00:00,HAKKARİ,30,12.228,-3.0719998,0.0,6.849467,3.0,41.375652,818.24585,11.1,Overcast
2005-11-26 21:00:00+00:00,HAKKARİ,30,12.278,-0.52199984,0.0,6.849467,3.0,54.703415,818.4394,8.87,Overcast
2005-11-27 21:00:00+00:00,HAKKARİ,30,13.528,-4.672,0.0,7.9526596,2.0,58.499954,818.6382,11.81,Partly cloudy
2005-11-28 21:00:00+00:00,HAKKARİ,30,11.228,-0.12199998,0.0,5.4119864,3.0,59.29738,819.5527,9.85,Overcast
2005-11-29 21:00:00+00:00,HAKKARİ,30,8.928,0.72800016,0.0,5.4477882,3.0,71.410835,815.7557,10.46,Overcast
2005-11-30 21:00:00+00:00,HAKKARİ,30,8.878,-9.872,0.0,7.208994,3.0,73.78801,812.762,11.7,Overcast
2005-12-01 21:00:00+00:00,HAKKARİ,30,12.278,-3.8219998,0.0,7.208994,3.0,57.089153,816.0527,10.84,Overcast
2005-12-02 21:00:00+00:00,HAKKARİ,30,13.878,-0.12199998,1.6,6.87779,51.0,72.89474,819.13873,10.11,Drizzle: Light
2005-12-03 21:00:00+00:00,HAKKARİ,30,11.478,1.2780001,0.0,5.815978,3.0,84.170784,818.4055,10.43,Overcast
2005-12-04 21:00:00+00:00,HAKKARİ,30,9.378,1.2780001,0.0,6.162207,3.0,85.91175,815.66095,10.26,Overcast
2005-12-05 21:00:00+00:00,HAKKARİ,30,9.578,1.1280001,0.0,5.04,0.0,78.055145,817.8235,11.08,Clear sky
2005-12-06 21:00:00+00:00,HAKKARİ,30,10.9279995,-1.1719999,0.0,5.7599998,0.0,60.555798,820.4598,11.33,Clear sky
2005-12-07 21:00:00+00:00,HAKKARİ,30,12.478,-0.77199984,0.0,5.771239,3.0,38.921383,820.84955,11.32,Overcast
2005-12-08 21:00:00+00:00,HAKKARİ,30,12.528,-0.47199988,0.0,6.130579,3.0,40.204006,818.8559,11.04,Overcast
2005-12-09 21:00:00+00:00,HAKKARİ,30,12.078,0.37800014,0.0,6.849467,3.0,50.685505,820.19507,10.76,Overcast
2005-12-10 21:00:00+00:00,HAKKARİ,30,12.1779995,1.2780001,0.0,6.4799995,3.0,55.608204,820.1982,10.75,Overcast
2005-12-11 21:00:00+00:00,HAKKARİ,30,10.378,2.4280002,0.0,5.815978,3.0,58.218616,817.22534,10.63,Overcast
2005-12-12 21:00:00+00:00,HAKKARİ,30,8.478,1.1780001,0.0,6.162207,0.0,59.366673,817.5176,10.89,Clear sky
2005-12-13 21:00:00+00:00,HAKKARİ,30,9.378,-1.0719998,0.0,5.5887027,1.0,57.325317,816.8147,10.77,Mainly clear
2005-12-14 21:00:00+00:00,HAKKARİ,30,7.8780003,1.6780001,5.6000004,6.489992,75.0,59.336533,815.38385,9.08,Snow fall: Heavy
2005-12-15 21:00:00+00:00,HAKKARİ,30,1.1280001,-1.622,43.000004,4.452954,75.0,95.77035,807.91986,2.37,Snow fall: Heavy
2005-12-16 21:00:00+00:00,HAKKARİ,30,1.3780001,-2.1719997,17.8,6.130579,75.0,95.8373,809.0767,4.74,Snow fall: Heavy
2005-12-17 21:00:00+00:00,HAKKARİ,30,3.528,-6.3220005,0.0,4.6102495,3.0,87.65415,815.3034,8.88,Overcast
2005-12-18 21:00:00+00:00,HAKKARİ,30,2.4780002,-11.472,0.0,6.162207,3.0,81.547646,811.72754,10.56,Overcast
2005-12-19 21:00:00+00:00,HAKKARİ,30,1.7780001,-2.4219997,4.2,4.379589,73.0,94.44512,814.03906,3.01,Snow fall: Moderate
2005-12-20 21:00:00+00:00,HAKKARİ,30,3.278,0.27800012,3.9,7.5685663,73.0,95.434746,815.5012,6.87,Snow fall: Moderate
2005-12-21 21:00:00+00:00,HAKKARİ,30,1.7780001,-4.1219997,2.2,6.519877,73.0,88.473755,815.0756,8.84,Snow fall: Moderate
2005-12-22 21:00:00+00:00,HAKKARİ,30,-0.67199993,-8.272,22.4,6.130579,75.0,92.63697,806.6818,2.39,Snow fall: Heavy
2005-12-23 21:00:00+00:00,HAKKARİ,30,-1.7219999,-5.0220003,6.7,8.350138,75.0,88.89996,806.7442,8.93,Snow fall: Heavy
2005-12-24 21:00:00+00:00,HAKKARİ,30,-2.3219998,-5.672,51.6,5.6920996,75.0,95.5332,806.07965,1.58,Snow fall: Heavy
2005-12-25 21:00:00+00:00,HAKKARİ,30,-3.972,-10.122,4.1,7.289445,73.0,76.446236,810.0732,8.94,Snow fall: Moderate
2005-12-26 21:00:00+00:00,HAKKARİ,30,-2.372,-16.822,0.0,8.350138,3.0,59.22469,815.22784,9.94,Overcast
2005-12-27 21:00:00+00:00,HAKKARİ,30,-1.3219998,-18.322,0.0,11.212135,0.0,50.927475,814.813,11.72,Clear sky
2005-12-28 21:00:00+00:00,HAKKARİ,30,-0.67199993,-15.422001,0.0,12.287555,3.0,48.961956,814.7945,11.91,Overcast
2005-12-29 21:00:00+00:00,HAKKARİ,30,0.028000116,-15.0720005,0.0,12.682018,3.0,46.463074,814.3059,11.87,Overcast
2005-12-30 21:00:00+00:00,HAKKARİ,30,-1.2219999,-15.8220005,0.0,13.084402,3.0,48.878815,815.008,11.31,Overcast
2005-12-31 21:00:00+00:00,HAKKARİ,30,3.078,-9.772,0.0,7.208994,3.0,50.295593,815.2072,11.41,Overcast
2006-01-01 21:00:00+00:00,HAKKARİ,30,0.22800016,-3.622,0.0,4.32,71.0,63.830105,816.87006,7.77,Snow fall: Slight
2006-01-02 21:00:00+00:00,HAKKARİ,30,2.078,-4.3219995,0.0,6.489992,71.0,75.07029,817.8682,11.38,Snow fall: Slight
2006-01-03 21:00:00+00:00,HAKKARİ,30,4.578,-12.722,0.0,6.849467,3.0,63.586506,816.8208,11.69,Overcast
2006-01-04 21:00:00+00:00,HAKKARİ,30,4.978,-5.2720003,0.0,7.208994,3.0,48.99895,817.37726,10.82,Overcast
2006-01-05 21:00:00+00:00,HAKKARİ,30,1.1780001,-1.4219999,1.0,3.7585104,71.0,67.492325,817.1435,5.8,Snow fall: Slight
2006-01-06 21:00:00+00:00,HAKKARİ,30,0.22800016,-1.8219998,20.000002,4.39436,75.0,94.70188,812.65106,3.46,Snow fall: Heavy
2006-01-07 21:00:00+00:00,HAKKARİ,30,0.17800009,-3.022,18.0,4.3498964,75.0,91.77903,807.25385,5.71,Snow fall: Heavy
2006-01-08 21:00:00+00:00,HAKKARİ,30,-1.2719998,-5.2720003,16.7,5.315336,75.0,87.09988,807.3894,6.2,Snow fall: Heavy
2006-01-09 21:00:00+00:00,HAKKARİ,30,-1.6719999,-5.3719997,4.0,5.1165614,73.0,84.794556,811.281,7.97,Snow fall: Moderate
2006-01-10 21:00:00+00:00,HAKKARİ,30,-2.772,-7.3220005,0.0,9.659814,71.0,79.54314,810.4885,9.23,Snow fall: Slight
2006-01-11 21:00:00+00:00,HAKKARİ,30,-3.022,-8.372,3.8000002,7.5685663,73.0,81.821724,809.36066,6.17,Snow fall: Moderate
2006-01-12 21:00:00+00:00,HAKKARİ,30,-1.8219998,-5.2720003,0.8,6.763786,71.0,84.447754,811.81366,9.39,Snow fall: Slight
2006-01-13 21:00:00+00:00,HAKKARİ,30,-1.5719998,-10.5720005,0.0,8.311245,3.0,77.25174,810.11304,11.21,Overcast
2006-01-14 21:00:00+00:00,HAKKARİ,30,-2.0719998,-12.172,0.0,8.287822,3.0,70.47573,808.4734,11.73,Overcast
2006-01-15 21:00:00+00:00,HAKKARİ,30,-3.5719998,-16.772,0.0,8.669949,1.0,55.309933,809.4759,13.25,Mainly clear
2006-01-16 21:00:00+00:00,HAKKARİ,30,-5.1219997,-17.172,0.0,6.87779,0.0,56.311398,807.9882,12.91,Clear sky
2006-01-17 21:00:00+00:00,HAKKARİ,30,-7.3220005,-15.3220005,0.0,5.5887027,3.0,73.05724,810.03705,11.51,Overcast
2006-01-18 21:00:00+00:00,HAKKARİ,30,-5.1219997,-15.3220005,0.0,6.162207,71.0,85.18618,812.92065,10.44,Snow fall: Slight
2006-01-19 21:00:00+00:00,HAKKARİ,30,-5.222,-9.122,25.9,5.771239,75.0,92.05292,811.1682,3.75,Snow fall: Heavy
2006-01-20 21:00:00+00:00,HAKKARİ,30,-3.022,-8.272,21.6,6.162207,75.0,77.57993,806.0081,9.85,Snow fall: Heavy
2006-01-21 21:00:00+00:00,HAKKARİ,30,-1.9219999,-9.522,0.0,5.771239,3.0,46.93202,812.95575,13.08,Overcast
2006-01-22 21:00:00+00:00,HAKKARİ,30,-4.0220003,-6.5220003,10.799999,3.8939953,73.0,78.30731,812.06274,5.24,Snow fall: Moderate
2006-01-23 21:00:00+00:00,HAKKARİ,30,-1.2719998,-5.0719995,5.599999,5.4119864,73.0,94.1694,813.3613,4.87,Snow fall: Moderate
2006-01-24 21:00:00+00:00,HAKKARİ,30,1.7280002,-1.8219998,23.699999,5.937272,75.0,96.418816,811.22705,5.16,Snow fall: Heavy
2006-01-25 21:00:00+00:00,HAKKARİ,30,0.5280001,-4.7720003,23.299995,8.854829,75.0,92.644905,806.9021,11.31,Snow fall: Heavy
2006-01-26 21:00:00+00:00,HAKKARİ,30,-0.77199984,-5.222,3.7,6.379216,73.0,87.58448,810.9702,11.78,Snow fall: Moderate
2006-01-27 21:00:00+00:00,HAKKARİ,30,-3.272,-10.522,0.0,8.311245,3.0,78.944786,810.4795,13.97,Overcast
2006-01-28 21:00:00+00:00,HAKKARİ,30,-2.6719997,-12.272,0.0,7.9526596,3.0,67.61805,810.96747,14.64,Overcast
2006-01-29 21:00:00+00:00,HAKKARİ,30,-5.1219997,-12.922,0.0,5.6233797,71.0,78.196365,808.94464,12.65,Snow fall: Slight
2006-01-30 21:00:00+00:00,HAKKARİ,30,-6.0720005,-10.372,0.9000001,8.0899935,71.0,85.72173,810.482,11.52,Snow fall: Slight
2006-01-31 21:00:00+00:00,HAKKARİ,30,-4.5220003,-11.122,2.6,5.904439,73.0,88.93515,812.96295,6.4,Snow fall: Moderate
2006-02-01 21:00:00+00:00,HAKKARİ,30,-1.3219998,-6.1219997,14.3,6.0347,75.0,93.8259,814.77783,6.21,Snow fall: Heavy
2006-02-02 21:00:00+00:00,HAKKARİ,30,1.1280001,-1.5719998,66.8,5.1165614,75.0,96.378426,806.16846,1.97,Snow fall: Heavy
2006-02-03 21:00:00+00:00,HAKKARİ,30,0.7780001,-1.0719998,44.000004,7.754637,75.0,96.03661,805.2944,3.65,Snow fall: Heavy
2006-02-04 21:00:00+00:00,HAKKARİ,30,0.47800016,-4.1219997,2.0000002,6.989936,71.0,83.921684,814.9675,13.06,Snow fall: Slight
2006-02-05 21:00:00+00:00,HAKKARİ,30,1.2280002,-5.422,0.0,5.0911684,0.0,72.63841,811.9751,15.22,Clear sky
2006-02-06 21:00:00+00:00,HAKKARİ,30,0.028000116,-2.972,10.900001,4.896529,75.0,88.405235,810.2378,7.78,Snow fall: Heavy
2006-02-07 21:00:00+00:00,HAKKARİ,30,3.6280003,-2.622,0.1,6.849467,51.0,88.70038,807.8797,11.07,Drizzle: Light
2006-02-08 21:00:00+00:00,HAKKARİ,30,0.17800009,-4.222,25.2,11.090103,75.0,93.40688,804.00635,9.67,Snow fall: Heavy
2006-02-09 21:00:00+00:00,HAKKARİ,30,-0.42199993,-4.2720003,3.8000002,9.565437,73.0,90.464424,815.57477,11.84,Snow fall: Moderate
2006-02-10 21:00:00+00:00,HAKKARİ,30,1.3780001,-7.922,0.0,5.771239,2.0,76.92511,815.09894,16.44,Partly cloudy
2006-02-11 21:00:00+00:00,HAKKARİ,30,-0.7219999,-5.6219997,0.0,5.8048253,3.0,68.05774,810.58075,16.25,Overcast
2006-02-12 21:00:00+00:00,HAKKARİ,30,0.4280001,-5.972,6.9000006,5.937272,75.0,79.37551,808.9402,13.46,Snow fall: Heavy
2006-02-13 21:00:00+00:00,HAKKARİ,30,-0.021999836,-2.3219998,35.5,6.5693827,75.0,95.88526,807.7536,4.23,Snow fall: Heavy
2006-02-14 21:00:00+00:00,HAKKARİ,30,0.07800007,-4.472,29.000004,5.937272,75.0,95.29468,802.8426,4.5,Snow fall: Heavy
2006-02-15 21:00:00+00:00,HAKKARİ,30,-4.6219997,-8.872,7.4000006,9.0645685,73.0,87.89041,802.4448,14.47,Snow fall: Moderate
2006-02-16 21:00:00+00:00,HAKKARİ,30,-6.422,-11.872,1.6,7.289445,73.0,71.83759,808.64325,17.04,Snow fall: Moderate
2006-02-17 21:00:00+00:00,HAKKARİ,30,-0.9719999,-15.422001,0.0,7.69592,1.0,64.39073,812.9634,17.83,Mainly clear
2006-02-18 21:00:00+00:00,HAKKARİ,30,1.9280001,-10.772,0.0,9.36,1.0,64.734924,812.99713,17.92,Mainly clear
2006-02-19 21:00:00+00:00,HAKKARİ,30,5.078,-12.522,0.0,9.36,3.0,44.87395,813.096,15.87,Overcast
2006-02-20 21:00:00+00:00,HAKKARİ,30,5.9280005,-5.972,0.0,9.114471,3.0,37.078873,812.7429,16.45,Overcast
2006-02-21 21:00:00+00:00,HAKKARİ,30,3.528,-7.672,0.0,10.8955765,3.0,49.050705,812.7,18.94,Overcast
2006-02-22 21:00:00+00:00,HAKKARİ,30,6.828,-7.922,0.0,11.183201,0.0,41.508343,813.7161,19.49,Clear sky
2006-02-23 21:00:00+00:00,HAKKARİ,30,7.278,-9.172,0.0,7.92,2.0,39.559093,813.50824,19.8,Partly cloudy
2006-02-24 21:00:00+00:00,HAKKARİ,30,3.928,-1.872,0.0,5.495161,3.0,40.376766,815.139,17.49,Overcast
2006-02-25 21:00:00+00:00,HAKKARİ,30,2.778,-1.872,2.7000003,4.8965297,73.0,73.81283,815.2595,10.21,Snow fall: Moderate
2006-02-26 21:00:00+00:00,HAKKARİ,30,4.1780005,0.028000116,9.8,5.4833565,73.0,95.13364,813.7205,9.69,Snow fall: Moderate
2006-02-27 21:00:00+00:00,HAKKARİ,30,4.778,0.97800016,8.200001,5.95906,75.0,87.90328,814.341,15.62,Snow fall: Heavy
2006-02-28 21:00:00+00:00,HAKKARİ,30,5.8780003,0.9280001,3.0,6.519877,73.0,72.67593,811.3279,16.32,Snow fall: Moderate
2006-03-01 21:00:00+00:00,HAKKARİ,30,5.778,-1.0719998,0.0,6.28713,71.0,77.66094,809.7365,19.36,Snow fall: Slight
2006-03-02 21:00:00+00:00,HAKKARİ,30,3.928,-0.77199984,3.2,10.383987,73.0,86.95269,810.2293,16.52,Snow fall: Moderate
2006-03-03 21:00:00+00:00,HAKKARİ,30,4.078,-0.67199993,5.7,8.14587,73.0,83.115295,810.69135,16.45,Snow fall: Moderate
2006-03-04 21:00:00+00:00,HAKKARİ,30,5.478,-4.6219997,0.0,6.849467,3.0,68.06085,813.59247,20.25,Overcast
2006-03-05 21:00:00+00:00,HAKKARİ,30,8.278,-2.1719997,0.0,6.4799995,3.0,53.867313,812.37067,21.13,Overcast
2006-03-06 21:00:00+00:00,HAKKARİ,30,7.9779997,0.47800016,0.0,5.771239,3.0,46.52524,813.58545,21.63,Overcast
2006-03-07 21:00:00+00:00,HAKKARİ,30,4.4280005,2.578,2.3999999,5.771239,73.0,56.39824,812.2959,9.84,Snow fall: Moderate
2006-03-08 21:00:00+00:00,HAKKARİ,30,3.528,-0.47199988,31.8,12.57426,75.0,89.42377,806.22754,4.94,Snow fall: Heavy
2006-03-09 21:00:00+00:00,HAKKARİ,30,1.0780001,-2.622,10.599999,9.449572,75.0,89.61132,810.5752,17.54,Snow fall: Heavy
2006-03-10 21:00:00+00:00,HAKKARİ,30,3.3780003,-5.972,0.0,7.928178,3.0,73.867455,813.66425,21.51,Overcast
2006-03-11 21:00:00+00:00,HAKKARİ,30,5.828,-3.8219998,0.0,5.1544156,3.0,55.052677,813.21686,21.59,Overcast
2006-03-12 21:00:00+00:00,HAKKARİ,30,6.6780005,-1.2719998,0.0,5.0911684,3.0,40.734318,812.7324,22.33,Overcast
2006-03-13 21:00:00+00:00,HAKKARİ,30,8.328,0.22800016,0.0,5.4119864,0.0,47.921192,814.0324,22.49,Clear sky
2006-03-14 21:00:00+00:00,HAKKARİ,30,5.478,-0.3219998,7.8,9.0,75.0,80.79179,811.5134,8.74,Snow fall: Heavy
2006-03-15 21:00:00+00:00,HAKKARİ,30,4.1780005,-1.872,0.0,7.5170207,3.0,80.50199,811.3711,21.7,Overcast
2006-03-16 21:00:00+00:00,HAKKARİ,30,3.528,-4.722,0.90000004,7.42159,73.0,79.31174,809.29266,20.09,Snow fall: Moderate
2006-03-17 21:00:00+00:00,HAKKARİ,30,3.6280003,-4.172,0.0,7.729527,71.0,83.508995,810.979,19.4,Snow fall: Slight
2006-03-18 21:00:00+00:00,HAKKARİ,30,3.1280003,-1.0719998,20.600002,8.373386,75.0,91.12534,808.9018,15.27,Snow fall: Heavy
2006-03-19 21:00:00+00:00,HAKKARİ,30,2.4280002,-1.4719999,10.700001,9.449572,75.0,80.79049,808.03766,21.55,Snow fall: Heavy
2006-03-20 21:00:00+00:00,HAKKARİ,30,3.578,-5.972,0.4,6.151683,73.0,76.8659,813.2784,23.48,Snow fall: Moderate
2006-03-21 21:00:00+00:00,HAKKARİ,30,5.578,-1.372,0.7,6.489992,71.0,79.263145,812.1177,21.25,Snow fall: Slight
2006-03-22 21:00:00+00:00,HAKKARİ,30,9.678,-4.5719995,0.0,7.5685663,1.0,62.347477,812.64996,24.37,Mainly clear
2006-03-23 21:00:00+00:00,HAKKARİ,30,12.1779995,-0.8219998,0.0,7.2359104,3.0,55.821903,812.8401,24.07,Overcast
2006-03-24 21:00:00+00:00,HAKKARİ,30,9.428,4.078,3.1,9.3669195,73.0,66.17689,811.85077,21.46,Snow fall: Moderate
2006-03-25 21:00:00+00:00,HAKKARİ,30,5.8780003,2.128,2.0000002,6.5693827,71.0,87.811035,811.9221,17.8,Snow fall: Slight
2006-03-26 21:00:00+00:00,HAKKARİ,30,6.2279997,0.37800014,0.0,8.373386,3.0,83.41141,811.885,20.25,Overcast
2006-03-27 21:00:00+00:00,HAKKARİ,30,6.828,-0.22199988,0.1,5.8048253,51.0,79.30864,810.3488,18.21,Drizzle: Light
2006-03-28 21:00:00+00:00,HAKKARİ,30,8.078,1.4280001,0.0,5.506941,2.0,74.014305,810.8704,23.24,Partly cloudy
2006-03-29 21:00:00+00:00,HAKKARİ,30,8.428,0.17800009,0.0,7.0911775,3.0,77.518364,812.83734,21.69,Overcast
2006-03-30 21:00:00+00:00,HAKKARİ,30,8.178,-1.3219998,0.0,7.289444,3.0,82.615005,815.37744,21.89,Overcast
2006-03-31 21:00:00+00:00,HAKKARİ,30,9.928,-0.5719998,0.0,6.4799995,3.0,68.94465,814.1477,23.58,Overcast
2006-04-01 21:00:00+00:00,HAKKARİ,30,6.6280003,2.7280002,11.9,5.1165614,75.0,79.252174,809.07153,14.67,Snow fall: Heavy
2006-04-02 21:00:00+00:00,HAKKARİ,30,4.4280005,1.8780001,23.8,5.6233797,75.0,96.42966,807.04663,9.01,Snow fall: Heavy
2006-04-03 21:00:00+00:00,HAKKARİ,30,4.1780005,0.62800014,22.8,7.2805495,75.0,94.67707,809.8781,14.04,Snow fall: Heavy
2006-04-04 21:00:00+00:00,HAKKARİ,30,3.528,0.87800014,32.300003,6.193674,75.0,95.96237,810.1084,7.39,Snow fall: Heavy
2006-04-05 21:00:00+00:00,HAKKARİ,30,5.478,0.72800016,3.8999999,8.669949,73.0,85.169586,813.38885,17.73,Snow fall: Moderate
2006-04-06 21:00:00+00:00,HAKKARİ,30,11.4279995,-1.2719998,0.0,8.28,3.0,63.87267,812.38007,25.15,Overcast
2006-04-07 21:00:00+00:00,HAKKARİ,30,12.828,1.3280001,0.0,7.5685663,0.0,61.374485,816.2786,26.36,Clear sky
2006-04-08 21:00:00+00:00,HAKKARİ,30,12.528,5.078,0.0,6.725354,0.0,66.3251,817.63525,26.33,Clear sky
2006-04-09 21:00:00+00:00,HAKKARİ,30,14.128,6.4280005,0.0,7.928178,2.0,63.889523,818.5927,26.61,Partly cloudy
2006-04-10 21:00:00+00:00,HAKKARİ,30,13.228,7.078,0.0,9.793058,3.0,58.863415,816.1404,24.67,Overcast
2006-04-11 21:00:00+00:00,HAKKARİ,30,11.628,5.578,0.90000004,8.049845,53.0,68.743324,812.4947,20.77,Drizzle: Moderate
2006-04-12 21:00:00+00:00,HAKKARİ,30,11.828,2.778,0.0,7.729527,3.0,72.13746,813.721,26.02,Overcast
2006-04-13 21:00:00+00:00,HAKKARİ,30,14.778,-0.67199993,0.0,6.5693827,3.0,66.56363,816.70483,26.4,Overcast
2006-04-14 21:00:00+00:00,HAKKARİ,30,16.178,6.1280003,0.0,7.208994,3.0,53.46239,819.09406,26.11,Overcast
2006-04-15 21:00:00+00:00,HAKKARİ,30,13.578,7.578,2.2,6.763786,53.0,70.275475,815.2443,20.82,Drizzle: Moderate
2006-04-16 21:00:00+00:00,HAKKARİ,30,12.1779995,6.778,20.599998,7.5170207,61.0,81.51896,810.7911,18.15,Rain: Slight
2006-04-17 21:00:00+00:00,HAKKARİ,30,8.778,4.228,11.299999,6.1305785,71.0,88.6279,809.6584,13.49,Snow fall: Slight
2006-04-18 21:00:00+00:00,HAKKARİ,30,12.328,0.7780001,0.0,6.489992,3.0,78.77796,815.5022,24.37,Overcast
2006-04-19 21:00:00+00:00,HAKKARİ,30,12.528,2.4280002,0.2,7.289445,51.0,71.49439,816.7251,25.26,Drizzle: Light
2006-04-20 21:00:00+00:00,HAKKARİ,30,11.528,1.3780001,6.8999996,8.4042845,63.0,86.17222,814.6531,20.97,Rain: Moderate
2006-04-21 21:00:00+00:00,HAKKARİ,30,12.578,4.778,0.8000001,8.4042845,51.0,91.48072,812.2989,22.97,Drizzle: Light
2006-04-22 21:00:00+00:00,HAKKARİ,30,10.078,1.9780002,5.5,7.5942082,53.0,89.59878,813.6319,17.32,Drizzle: Moderate
2006-04-23 21:00:00+00:00,HAKKARİ,30,7.4280005,4.078,18.999998,5.937272,61.0,91.43448,810.1525,9.01,Rain: Slight
2006-04-24 21:00:00+00:00,HAKKARİ,30,7.9280005,3.178,16.800001,6.379216,73.0,92.58555,806.9559,19.81,Snow fall: Moderate
2006-04-25 21:00:00+00:00,HAKKARİ,30,7.528,0.82800007,4.2999997,6.87779,71.0,92.309265,806.4848,17.89,Snow fall: Slight
2006-04-26 21:00:00+00:00,HAKKARİ,30,6.4280005,1.0280001,9.700001,8.4042845,73.0,96.580666,809.16815,11.04,Snow fall: Moderate
2006-04-27 21:00:00+00:00,HAKKARİ,30,7.8780003,-1.4219999,0.0,11.720751,3.0,75.16792,811.81415,22.46,Overcast
2006-04-28 21:00:00+00:00,HAKKARİ,30,9.278,1.3280001,1.5000001,9.686609,73.0,76.56427,812.8899,19.34,Snow fall: Moderate
2006-04-29 21:00:00+00:00,HAKKARİ,30,10.9279995,4.978,5.299999,6.725354,71.0,85.02414,813.3606,16.17,Snow fall: Slight
2006-04-30 21:00:00+00:00,HAKKARİ,30,12.6779995,4.3780003,0.0,12.538134,3.0,75.465675,815.02057,27.44,Overcast
2006-05-01 21:00:00+00:00,HAKKARİ,30,13.628,4.528,0.8,12.984975,53.0,69.15732,816.1902,26.09,Drizzle: Moderate
2006-05-02 21:00:00+00:00,HAKKARİ,30,11.878,5.528,6.2000003,9.3669195,61.0,83.596306,816.39575,22.92,Rain: Slight
2006-05-03 21:00:00+00:00,HAKKARİ,30,13.578,6.1280003,5.6,9.793058,61.0,71.387825,817.84955,26.9,Rain: Slight
2006-05-04 21:00:00+00:00,HAKKARİ,30,12.278,7.278,9.8,5.3517847,61.0,78.018776,818.04956,11.45,Rain: Slight
2006-05-05 21:00:00+00:00,HAKKARİ,30,13.528,4.778,1.0,8.4042845,51.0,84.85227,818.9978,21.18,Drizzle: Light
2006-05-06 21:00:00+00:00,HAKKARİ,30,12.078,8.128,6.2999997,9.726665,63.0,85.22363,817.8479,18.63,Rain: Moderate
2006-05-07 21:00:00+00:00,HAKKARİ,30,11.478,2.2280002,11.1,9.746631,61.0,92.25825,814.1079,13.69,Rain: Slight
2006-05-08 21:00:00+00:00,HAKKARİ,30,13.4279995,7.6280003,1.9999999,10.390226,61.0,88.7229,815.4659,22.74,Rain: Slight
2006-05-09 21:00:00+00:00,HAKKARİ,30,14.328,5.9280005,0.1,13.37825,51.0,66.049065,816.30316,27.21,Drizzle: Light
2006-05-10 21:00:00+00:00,HAKKARİ,30,15.078,3.4780002,0.0,8.534353,0.0,56.038746,818.8741,30.13,Clear sky
2006-05-11 21:00:00+00:00,HAKKARİ,30,17.828001,1.1780001,0.0,7.2,0.0,51.27638,819.79376,30.28,Clear sky
2006-05-12 21:00:00+00:00,HAKKARİ,30,16.728,3.1280003,0.0,10.195057,1.0,52.922928,817.87604,29.79,Mainly clear
2006-05-13 21:00:00+00:00,HAKKARİ,30,15.228,10.378,0.0,14.003029,0.0,59.151104,815.99243,29.74,Clear sky
2006-05-14 21:00:00+00:00,HAKKARİ,30,14.4279995,5.328,0.0,9.83268,0.0,60.34907,815.7968,30.15,Clear sky
2006-05-15 21:00:00+00:00,HAKKARİ,30,17.528,5.1280003,0.1,10.195057,51.0,50.742176,816.61694,29.15,Drizzle: Light
2006-05-16 21:00:00+00:00,HAKKARİ,30,17.278,11.028,2.3999999,14.05845,61.0,57.23672,816.83417,22.89,Rain: Slight
2006-05-17 21:00:00+00:00,HAKKARİ,30,13.6779995,9.378,1.2,13.53236,53.0,65.40331,815.8894,27.94,Drizzle: Moderate
2006-05-18 21:00:00+00:00,HAKKARİ,30,16.328001,4.578,0.3,8.12197,51.0,65.3936,816.0479,27.62,Drizzle: Light
2006-05-19 21:00:00+00:00,HAKKARİ,30,19.378,7.4280005,0.7,8.350138,53.0,60.586475,815.4853,26.76,Drizzle: Moderate
2006-05-20 21:00:00+00:00,HAKKARİ,30,18.028,3.078,2.8000002,8.4042845,55.0,73.595955,814.4512,22.46,Drizzle: Dense
2006-05-21 21:00:00+00:00,HAKKARİ,30,18.328,4.3780003,2.3000002,7.342588,61.0,78.63862,815.5713,21.62,Rain: Slight
2006-05-22 21:00:00+00:00,HAKKARİ,30,17.378,3.328,2.6000001,8.766573,61.0,80.630104,815.2613,19.49,Rain: Slight
2006-05-23 21:00:00+00:00,HAKKARİ,30,19.128,5.728,1.0,9.9571085,53.0,67.37262,817.8252,24.89,Drizzle: Moderate
2006-05-24 21:00:00+00:00,HAKKARİ,30,19.128,5.828,0.0,11.525623,0.0,54.162807,818.9536,30.58,Clear sky
2006-05-25 21:00:00+00:00,HAKKARİ,30,21.228,7.6280003,0.0,9.028754,3.0,41.384647,818.8774,29.3,Overcast
2006-05-26 21:00:00+00:00,HAKKARİ,30,21.378,10.578,0.9,12.984975,53.0,50.391148,820.35333,28.67,Drizzle: Moderate
2006-05-27 21:00:00+00:00,HAKKARİ,30,20.628,12.728,0.0,13.281023,1.0,45.655823,818.6482,29.94,Mainly clear
2006-05-28 21:00:00+00:00,HAKKARİ,30,22.428,6.6280003,0.0,8.287822,2.0,48.089413,817.9803,30.56,Partly cloudy
2006-05-29 21:00:00+00:00,HAKKARİ,30,23.628,9.528,0.2,7.5685663,51.0,48.18631,818.3938,28.69,Drizzle: Light
2006-05-30 21:00:00+00:00,HAKKARİ,30,25.978,11.728,0.0,7.928178,2.0,44.573826,819.563,29.88,Partly cloudy
2006-05-31 21:00:00+00:00,HAKKARİ,30,27.178,12.578,0.1,9.028754,51.0,42.88173,820.2973,29.02,Drizzle: Light
2006-06-01 21:00:00+00:00,HAKKARİ,30,26.778,14.4279995,0.3,10.308831,51.0,43.373608,820.1622,27.09,Drizzle: Light
2006-06-02 21:00:00+00:00,HAKKARİ,30,25.828,13.628,0.9000001,8.825508,51.0,53.708694,820.01495,26.47,Drizzle: Light
2006-06-03 21:00:00+00:00,HAKKARİ,30,26.128,11.9279995,1.1,9.178235,53.0,59.906834,819.71826,26.02,Drizzle: Moderate
2006-06-04 21:00:00+00:00,HAKKARİ,30,26.628,11.9279995,1.5,9.746631,61.0,55.60882,821.68335,27.08,Rain: Slight
2006-06-05 21:00:00+00:00,HAKKARİ,30,27.178,13.378,0.4,9.0645685,51.0,43.55327,822.83325,29.83,Drizzle: Light
2006-06-06 21:00:00+00:00,HAKKARİ,30,26.028,16.978,2.1000001,9.511088,55.0,41.50915,821.5881,28.53,Drizzle: Dense
2006-06-07 21:00:00+00:00,HAKKARİ,30,24.478,17.328001,0.0,11.659777,0.0,33.281578,819.7082,31.09,Clear sky
2006-06-08 21:00:00+00:00,HAKKARİ,30,22.978,12.4279995,0.0,9.983106,0.0,35.53677,820.1301,31.39,Clear sky
2006-06-09 21:00:00+00:00,HAKKARİ,30,24.228,11.728,0.0,10.195057,0.0,32.078106,821.8416,31.54,Clear sky
2006-06-10 21:00:00+00:00,HAKKARİ,30,25.978,12.478,0.0,9.504273,0.0,27.913391,821.86993,31.76,Clear sky
2006-06-11 21:00:00+00:00,HAKKARİ,30,26.128,13.828,0.0,9.693296,0.0,26.061861,820.927,31.74,Clear sky
2006-06-12 21:00:00+00:00,HAKKARİ,30,27.328,12.328,0.0,9.47012,0.0,27.518412,819.98346,31.67,Clear sky
2006-06-13 21:00:00+00:00,HAKKARİ,30,27.028,15.278,0.0,10.483357,0.0,25.993433,819.95844,31.63,Clear sky
2006-06-14 21:00:00+00:00,HAKKARİ,30,26.278,11.478,0.0,10.24578,0.0,29.743227,821.05524,31.27,Clear sky
2006-06-15 21:00:00+00:00,HAKKARİ,30,26.828,14.078,0.0,9.793058,0.0,24.265116,820.6641,31.82,Clear sky
2006-06-16 21:00:00+00:00,HAKKARİ,30,27.178,14.378,0.0,10.296251,0.0,25.259626,820.0765,31.19,Clear sky
2006-06-17 21:00:00+00:00,HAKKARİ,30,27.078,13.778,0.0,10.464797,0.0,27.962858,820.8702,31.34,Clear sky
2006-06-18 21:00:00+00:00,HAKKARİ,30,26.928,11.778,0.0,10.703569,0.0,25.721807,820.0442,31.69,Clear sky
2006-06-19 21:00:00+00:00,HAKKARİ,30,27.478,13.028,0.0,7.6367526,0.0,34.37578,820.0103,29.73,Clear sky
2006-06-20 21:00:00+00:00,HAKKARİ,30,28.428,15.978,0.0,8.557102,0.0,34.032894,819.99585,30.46,Clear sky
2006-06-21 21:00:00+00:00,HAKKARİ,30,29.378,14.9279995,0.0,11.609651,2.0,29.433365,818.63776,29.37,Partly cloudy
2006-06-22 21:00:00+00:00,HAKKARİ,30,27.878,17.178,0.0,14.685176,1.0,29.081627,818.37476,29.57,Mainly clear
2006-06-23 21:00:00+00:00,HAKKARİ,30,27.878,18.178,0.0,13.698934,0.0,26.898993,818.5613,29.83,Clear sky
2006-06-24 21:00:00+00:00,HAKKARİ,30,27.978,16.678,0.0,10.24578,0.0,28.416168,819.3865,31.07,Clear sky
2006-06-25 21:00:00+00:00,HAKKARİ,30,28.878,15.4279995,0.0,10.495713,0.0,30.884056,818.6355,30.74,Clear sky
2006-06-26 21:00:00+00:00,HAKKARİ,30,27.828,16.278,0.0,10.661107,1.0,35.428684,817.2019,28.44,Mainly clear
2006-06-27 21:00:00+00:00,HAKKARİ,30,25.578,16.728,0.6,10.24578,51.0,45.197857,816.2829,25.15,Drizzle: Light
2006-06-28 21:00:00+00:00,HAKKARİ,30,27.028,16.578001,0.0,10.703569,0.0,37.04163,817.12274,30.92,Clear sky
2006-06-29 21:00:00+00:00,HAKKARİ,30,25.878,15.878,0.0,10.538843,2.0,39.02525,816.6197,26.69,Partly cloudy
2006-06-30 21:00:00+00:00,HAKKARİ,30,24.678,14.278,0.0,7.628263,2.0,50.1936,815.9988,23.95,Partly cloudy
2006-07-01 21:00:00+00:00,HAKKARİ,30,25.878,14.728,0.0,7.771331,3.0,55.271236,815.0777,23.66,Overcast
2006-07-02 21:00:00+00:00,HAKKARİ,30,24.828,12.4279995,0.2,10.028439,51.0,58.692917,813.8938,25.05,Drizzle: Light
2006-07-03 21:00:00+00:00,HAKKARİ,30,25.078,17.828001,0.0,12.661564,2.0,42.992733,815.67065,27.94,Partly cloudy
2006-07-04 21:00:00+00:00,HAKKARİ,30,25.628,15.878,0.0,9.346143,1.0,45.263134,818.06683,28.28,Mainly clear
2006-07-05 21:00:00+00:00,HAKKARİ,30,27.328,15.228,0.0,10.739833,0.0,35.029476,817.6951,31.14,Clear sky
2006-07-06 21:00:00+00:00,HAKKARİ,30,26.478,15.328,0.0,10.538843,0.0,27.323832,816.48004,31.6,Clear sky
2006-07-07 21:00:00+00:00,HAKKARİ,30,25.378,15.078,0.0,11.27553,0.0,35.477665,816.8391,30.91,Clear sky
2006-07-08 21:00:00+00:00,HAKKARİ,30,27.878,12.378,0.0,9.693296,0.0,38.306732,817.69855,30.28,Clear sky
2006-07-09 21:00:00+00:00,HAKKARİ,30,29.828,16.178,0.0,7.6367526,1.0,37.051487,818.2009,29.08,Mainly clear
2006-07-10 21:00:00+00:00,HAKKARİ,30,28.978,15.478,0.0,9.726664,2.0,44.594894,817.56976,29.85,Partly cloudy
2006-07-11 21:00:00+00:00,HAKKARİ,30,29.028,12.628,0.0,10.805998,0.0,46.690678,817.2507,30.35,Clear sky
2006-07-12 21:00:00+00:00,HAKKARİ,30,30.628,13.378,0.0,11.113451,0.0,40.71707,817.76495,30.24,Clear sky
2006-07-13 21:00:00+00:00,HAKKARİ,30,30.528,17.878,0.0,11.159999,0.0,36.688152,817.36896,30.03,Clear sky
2006-07-14 21:00:00+00:00,HAKKARİ,30,26.278,18.628,0.0,12.015589,0.0,41.033337,816.9008,30.48,Clear sky
2006-07-15 21:00:00+00:00,HAKKARİ,30,27.378,14.378,0.0,10.028439,3.0,41.430664,818.58685,23.88,Overcast
2006-07-16 21:00:00+00:00,HAKKARİ,30,27.978,17.628,0.0,7.0911775,1.0,38.65775,820.0535,23.59,Mainly clear
2006-07-17 21:00:00+00:00,HAKKARİ,30,30.878,15.528,0.0,9.793058,0.0,33.78706,818.5014,30.12,Clear sky
2006-07-18 21:00:00+00:00,HAKKARİ,30,31.678,20.278,0.0,11.183201,0.0,31.463493,819.3659,29.79,Clear sky
2006-07-19 21:00:00+00:00,HAKKARİ,30,32.228,21.628,0.0,11.183201,0.0,32.064564,820.25665,28.18,Clear sky
2006-07-20 21:00:00+00:00,HAKKARİ,30,30.978,20.478,0.0,10.587917,2.0,36.98267,819.821,24.42,Partly cloudy
2006-07-21 21:00:00+00:00,HAKKARİ,30,30.878,21.478,0.0,12.261158,0.0,34.567616,820.5423,28.4,Clear sky
2006-07-22 21:00:00+00:00,HAKKARİ,30,30.728,20.178,0.0,12.964998,0.0,29.157906,820.482,29.99,Clear sky
2006-07-23 21:00:00+00:00,HAKKARİ,30,29.628,18.878,0.0,11.183201,0.0,23.027481,819.4434,30.71,Clear sky
2006-07-24 21:00:00+00:00,HAKKARİ,30,30.028,15.328,0.0,8.350138,0.0,26.991478,819.1036,30.42,Clear sky
2006-07-25 21:00:00+00:00,HAKKARİ,30,30.228,16.878,0.0,10.105681,0.0,31.54319,819.8633,29.49,Clear sky
2006-07-26 21:00:00+00:00,HAKKARİ,30,30.478,18.578,0.0,10.182337,0.0,28.608688,818.3261,30.1,Clear sky
2006-07-27 21:00:00+00:00,HAKKARİ,30,30.478,16.978,0.0,10.086427,0.0,26.911026,813.24365,30.24,Clear sky
2006-07-28 21:00:00+00:00,HAKKARİ,30,26.378,17.478,1.3,13.493999,53.0,40.12365,811.25165,25.97,Drizzle: Moderate
2006-07-29 21:00:00+00:00,HAKKARİ,30,24.678,13.228,6.7,7.9932976,61.0,70.78078,813.7929,20.8,Rain: Slight
2006-07-30 21:00:00+00:00,HAKKARİ,30,26.828,12.6779995,0.0,9.107359,3.0,54.490784,816.0911,26.88,Overcast
2006-07-31 21:00:00+00:00,HAKKARİ,30,26.628,17.828001,0.0,10.315115,3.0,41.368153,816.0808,21.64,Overcast
2006-08-01 21:00:00+00:00,HAKKARİ,30,27.078,18.228,0.0,9.779817,0.0,38.516735,816.6731,28.59,Clear sky
2006-08-02 21:00:00+00:00,HAKKARİ,30,28.378,15.378,0.0,8.350138,3.0,41.80695,816.8515,27.79,Overcast
2006-08-03 21:00:00+00:00,HAKKARİ,30,29.978,16.878,0.0,9.346143,0.0,38.0732,817.98627,28.29,Clear sky
2006-08-04 21:00:00+00:00,HAKKARİ,30,30.978,17.928,0.0,8.905908,2.0,34.98606,818.85626,27.32,Partly cloudy
2006-08-05 21:00:00+00:00,HAKKARİ,30,31.378,18.478,0.0,8.825508,2.0,32.207096,819.40753,28.21,Partly cloudy
2006-08-06 21:00:00+00:00,HAKKARİ,30,31.378,19.278,0.0,8.825508,2.0,29.284155,817.8267,25.81,Partly cloudy
2006-08-07 21:00:00+00:00,HAKKARİ,30,30.528,21.828,0.0,10.315115,2.0,34.183453,816.9365,21.55,Partly cloudy
2006-08-08 21:00:00+00:00,HAKKARİ,30,30.378,20.528,0.0,10.594036,0.0,35.333927,818.97534,28.25,Clear sky
2006-08-09 21:00:00+00:00,HAKKARİ,30,32.728,20.778,0.0,9.779817,0.0,28.332792,819.74335,28.31,Clear sky
2006-08-10 21:00:00+00:00,HAKKARİ,30,33.478,20.928,0.1,9.028754,51.0,30.552658,820.35913,27.0,Drizzle: Light
2006-08-11 21:00:00+00:00,HAKKARİ,30,33.828,20.978,0.0,8.825508,0.0,21.597189,820.2552,27.91,Clear sky
2006-08-12 21:00:00+00:00,HAKKARİ,30,33.228,20.928,0.0,8.12197,0.0,19.225803,821.4578,27.4,Clear sky
2006-08-13 21:00:00+00:00,HAKKARİ,30,31.528,18.228,0.0,9.449572,0.0,21.588446,821.1043,28.53,Clear sky
2006-08-14 21:00:00+00:00,HAKKARİ,30,31.128,17.378,0.0,9.6932955,3.0,24.462189,820.01373,26.24,Overcast
2006-08-15 21:00:00+00:00,HAKKARİ,30,29.928,17.178,0.0,10.308831,2.0,31.170904,820.0512,24.26,Partly cloudy
2006-08-16 21:00:00+00:00,HAKKARİ,30,29.528,16.278,2.5,8.905908,61.0,47.528713,821.16864,23.19,Rain: Slight
2006-08-17 21:00:00+00:00,HAKKARİ,30,28.478,14.1779995,0.3,9.9571085,51.0,53.682053,820.1539,23.13,Drizzle: Light
2006-08-18 21:00:00+00:00,HAKKARİ,30,28.178,15.628,0.2,8.707237,51.0,47.657803,821.1995,23.03,Drizzle: Light
2006-08-19 21:00:00+00:00,HAKKARİ,30,28.228,15.878,0.0,8.350138,1.0,43.135014,821.83344,25.24,Mainly clear
2006-08-20 21:00:00+00:00,HAKKARİ,30,28.428,18.228,0.0,11.631956,3.0,33.549892,821.60205,22.91,Overcast
2006-08-21 21:00:00+00:00,HAKKARİ,30,26.878,17.728,0.0,10.195057,1.0,35.096554,820.1994,23.48,Mainly clear
2006-08-22 21:00:00+00:00,HAKKARİ,30,28.778,15.528,0.0,9.449572,1.0,36.185844,819.0854,26.03,Mainly clear
2006-08-23 21:00:00+00:00,HAKKARİ,30,28.978,18.478,0.1,7.5942073,51.0,34.0719,820.7176,23.78,Drizzle: Light
2006-08-24 21:00:00+00:00,HAKKARİ,30,30.028,19.628,0.0,9.422101,0.0,31.278002,821.805,25.36,Clear sky
2006-08-25 21:00:00+00:00,HAKKARİ,30,30.328,17.728,0.0,10.1887,3.0,29.703783,823.2529,24.09,Overcast
2006-08-26 21:00:00+00:00,HAKKARİ,30,29.978,19.778,0.0,11.525623,2.0,28.32756,823.0146,23.36,Partly cloudy
2006-08-27 21:00:00+00:00,HAKKARİ,30,30.178,19.828,0.0,13.797912,0.0,27.716242,820.97144,25.7,Clear sky
2006-08-28 21:00:00+00:00,HAKKARİ,30,28.478,17.228,0.0,9.793058,0.0,29.14268,819.6337,26.53,Clear sky
2006-08-29 21:00:00+00:00,HAKKARİ,30,29.678,14.828,0.0,8.654986,1.0,36.547417,821.2742,25.01,Mainly clear
2006-08-30 21:00:00+00:00,HAKKARİ,30,31.278,19.028,0.0,10.931203,2.0,25.677406,821.5332,24.04,Partly cloudy
2006-08-31 21:00:00+00:00,HAKKARİ,30,29.528,19.828,0.0,10.137692,2.0,25.293655,819.11334,21.83,Partly cloudy
2006-09-01 21:00:00+00:00,HAKKARİ,30,30.028,19.628,0.0,12.287555,0.0,24.508461,820.09735,24.81,Clear sky
2006-09-02 21:00:00+00:00,HAKKARİ,30,28.428,18.628,0.0,12.57426,0.0,26.791475,823.1067,24.87,Clear sky
2006-09-03 21:00:00+00:00,HAKKARİ,30,27.978,13.278,0.0,9.449572,0.0,29.785284,820.80493,25.57,Clear sky
2006-09-04 21:00:00+00:00,HAKKARİ,30,26.728,13.328,0.0,10.24578,0.0,29.144888,817.2934,25.02,Clear sky
2006-09-05 21:00:00+00:00,HAKKARİ,30,24.928,15.1779995,0.0,11.792404,0.0,32.578217,818.18604,24.6,Clear sky
2006-09-06 21:00:00+00:00,HAKKARİ,30,25.228,15.128,0.0,13.18308,0.0,36.203396,820.58795,24.03,Clear sky
2006-09-07 21:00:00+00:00,HAKKARİ,30,26.378,14.778,0.0,10.163227,0.0,38.781326,822.23047,23.95,Clear sky
2006-09-08 21:00:00+00:00,HAKKARİ,30,26.978,15.128,0.0,9.360001,0.0,33.2324,822.6382,24.17,Clear sky
2006-09-09 21:00:00+00:00,HAKKARİ,30,27.778,13.878,0.0,8.766573,0.0,31.098701,823.4612,23.46,Clear sky
2006-09-10 21:00:00+00:00,HAKKARİ,30,28.328,15.028,0.0,9.290511,0.0,29.997747,822.20386,23.3,Clear sky
2006-09-11 21:00:00+00:00,HAKKARİ,30,26.678,17.228,0.0,17.826363,2.0,33.040768,820.3227,21.7,Partly cloudy
2006-09-12 21:00:00+00:00,HAKKARİ,30,25.428,12.278,0.0,9.659814,2.0,41.416607,820.3994,23.35,Partly cloudy
2006-09-13 21:00:00+00:00,HAKKARİ,30,24.678,14.1779995,0.0,10.787993,0.0,43.16251,819.6191,22.5,Clear sky
2006-09-14 21:00:00+00:00,HAKKARİ,30,22.928,13.878,0.0,14.021525,0.0,32.03141,816.6351,23.04,Clear sky
2006-09-15 21:00:00+00:00,HAKKARİ,30,22.078,10.628,0.0,11.841756,0.0,29.592064,816.2446,23.14,Clear sky
2006-09-16 21:00:00+00:00,HAKKARİ,30,19.228,7.6780005,0.5,9.19939,51.0,44.15946,818.5408,19.07,Drizzle: Light
2006-09-17 21:00:00+00:00,HAKKARİ,30,22.528,4.3780003,0.0,11.440978,0.0,33.503345,820.06415,23.03,Clear sky
2006-09-18 21:00:00+00:00,HAKKARİ,30,23.878,8.778,0.0,9.0645685,1.0,28.375435,820.154,22.55,Mainly clear
2006-09-19 21:00:00+00:00,HAKKARİ,30,24.278,10.6779995,0.0,9.021574,0.0,27.911211,819.5371,22.32,Clear sky
2006-09-20 21:00:00+00:00,HAKKARİ,30,23.178,11.828,0.0,12.768586,2.0,35.76275,818.5701,21.11,Partly cloudy
2006-09-21 21:00:00+00:00,HAKKARİ,30,20.928,12.878,0.0,11.384199,0.0,47.34541,817.24945,21.04,Clear sky
2006-09-22 21:00:00+00:00,HAKKARİ,30,21.578,10.078,0.0,9.255571,0.0,52.805546,818.7429,21.21,Clear sky
2006-09-23 21:00:00+00:00,HAKKARİ,30,19.978,10.228,0.90000004,11.183201,51.0,53.72344,821.0871,19.19,Drizzle: Light
2006-09-24 21:00:00+00:00,HAKKARİ,30,21.478,11.478,0.2,13.896187,51.0,48.846867,819.7354,19.16,Drizzle: Light
2006-09-25 21:00:00+00:00,HAKKARİ,30,17.578001,11.9279995,1.6,12.682018,53.0,54.776394,816.717,17.64,Drizzle: Moderate
2006-09-26 21:00:00+00:00,HAKKARİ,30,19.978,7.828,0.0,9.885262,3.0,53.61095,817.46454,18.11,Overcast
2006-09-27 21:00:00+00:00,HAKKARİ,30,20.578,8.778,0.0,7.8954163,3.0,45.388805,819.8194,15.77,Overcast
2006-09-28 21:00:00+00:00,HAKKARİ,30,22.478,9.228,0.4,8.0899935,51.0,43.44621,821.3127,18.27,Drizzle: Light
2006-09-29 21:00:00+00:00,HAKKARİ,30,22.078,11.9279995,0.1,9.227524,51.0,46.1928,820.58966,18.54,Drizzle: Light
2006-09-30 21:00:00+00:00,HAKKARİ,30,21.628,11.878,1.4,15.617529,53.0,53.836376,820.2739,16.68,Drizzle: Moderate
2006-10-01 21:00:00+00:00,HAKKARİ,30,20.828,10.9279995,2.6999998,14.512064,53.0,58.121487,821.19684,16.08,Drizzle: Moderate
2006-10-02 21:00:00+00:00,HAKKARİ,30,21.528,12.878,1.3000001,15.124284,53.0,45.993336,821.1152,17.27,Drizzle: Moderate
2006-10-03 21:00:00+00:00,HAKKARİ,30,16.328001,10.328,8.400001,8.4042845,61.0,68.86318,820.49945,11.25,Rain: Slight
2006-10-04 21:00:00+00:00,HAKKARİ,30,17.878,5.3780003,0.2,8.28,51.0,62.306576,819.44,16.14,Drizzle: Light
2006-10-05 21:00:00+00:00,HAKKARİ,30,19.628,5.578,0.0,8.647496,2.0,55.46025,819.66486,16.83,Partly cloudy
2006-10-06 21:00:00+00:00,HAKKARİ,30,20.328,6.4779997,0.0,8.287822,3.0,49.31666,818.28326,17.58,Overcast
2006-10-07 21:00:00+00:00,HAKKARİ,30,20.828,7.078,0.0,6.8399997,0.0,44.223804,818.0513,19.13,Clear sky
2006-10-08 21:00:00+00:00,HAKKARİ,30,20.928,10.378,0.0,9.387651,3.0,44.876835,820.13983,18.18,Overcast
2006-10-09 21:00:00+00:00,HAKKARİ,30,19.978,12.128,0.2,11.726277,51.0,46.741577,820.2199,16.74,Drizzle: Light
2006-10-10 21:00:00+00:00,HAKKARİ,30,18.228,10.128,0.2,11.753877,51.0,50.59641,822.16095,17.14,Drizzle: Light
2006-10-11 21:00:00+00:00,HAKKARİ,30,18.528,7.1280003,1.4000001,10.948973,53.0,65.158806,823.9624,13.96,Drizzle: Moderate
2006-10-12 21:00:00+00:00,HAKKARİ,30,16.328001,2.928,0.5,10.948973,51.0,74.07044,821.2671,14.69,Drizzle: Light
2006-10-13 21:00:00+00:00,HAKKARİ,30,16.528,7.4280005,1.5000001,11.753876,51.0,66.51085,821.34174,15.47,Drizzle: Light
2006-10-14 21:00:00+00:00,HAKKARİ,30,13.078,8.128,9.3,9.114471,55.0,88.0737,816.8808,10.36,Drizzle: Dense
2006-10-15 21:00:00+00:00,HAKKARİ,30,12.228,6.528,10.500001,11.753877,61.0,89.02636,814.58813,12.11,Rain: Slight
2006-10-16 21:00:00+00:00,HAKKARİ,30,13.628,6.528,0.90000004,9.511088,51.0,80.8455,819.53125,13.32,Drizzle: Light
2006-10-17 21:00:00+00:00,HAKKARİ,30,15.4279995,7.328,1.3,9.885262,51.0,74.92827,822.1789,14.31,Drizzle: Light
2006-10-18 21:00:00+00:00,HAKKARİ,30,18.278,7.9280005,0.2,10.028439,51.0,61.132507,821.29486,15.26,Drizzle: Light
2006-10-19 21:00:00+00:00,HAKKARİ,30,16.378,8.828,2.0,7.24486,53.0,65.21223,820.3195,13.64,Drizzle: Moderate
2006-10-20 21:00:00+00:00,HAKKARİ,30,14.078,8.178,0.90000004,12.522619,51.0,68.88409,818.575,14.11,Drizzle: Light
2006-10-21 21:00:00+00:00,HAKKARİ,30,14.528,2.4780002,0.0,7.072878,3.0,66.80011,818.5122,16.46,Overcast
2006-10-22 21:00:00+00:00,HAKKARİ,30,14.228,4.8780003,0.0,7.5170207,3.0,65.2658,818.99286,14.54,Overcast
2006-10-23 21:00:00+00:00,HAKKARİ,30,14.828,3.4780002,0.0,7.2805495,3.0,65.57024,819.5068,14.55,Overcast
2006-10-24 21:00:00+00:00,HAKKARİ,30,13.478,6.778,3.4,6.725354,61.0,79.30031,819.68854,9.39,Rain: Slight
2006-10-25 21:00:00+00:00,HAKKARİ,30,10.578,6.2279997,7.1999993,5.4833565,53.0,95.11013,817.73096,6.9,Drizzle: Moderate
2006-10-26 21:00:00+00:00,HAKKARİ,30,11.228,5.8780003,2.3,7.69592,53.0,86.381744,817.7181,10.59,Drizzle: Moderate
2006-10-27 21:00:00+00:00,HAKKARİ,30,8.328,5.078,13.299999,5.3999996,73.0,91.756294,816.8326,3.88,Snow fall: Moderate
2006-10-28 21:00:00+00:00,HAKKARİ,30,7.528,4.828,30.599998,7.072878,71.0,96.59042,812.8089,1.54,Snow fall: Slight
2006-10-29 21:00:00+00:00,HAKKARİ,30,6.9280005,3.328,10.599999,8.473393,73.0,96.36027,814.4805,7.8,Snow fall: Moderate
2006-10-30 21:00:00+00:00,HAKKARİ,30,12.278,-0.67199993,0.4,9.6932955,51.0,83.15401,818.6525,12.93,Drizzle: Light
2006-10-31 21:00:00+00:00,HAKKARİ,30,11.728,5.528,8.9,6.28713,61.0,88.13543,819.8979,8.34,Rain: Slight
2006-11-01 21:00:00+00:00,HAKKARİ,30,7.3780003,4.3780003,20.4,6.5693827,63.0,98.77061,813.14374,3.39,Rain: Moderate
2006-11-02 21:00:00+00:00,HAKKARİ,30,9.828,3.028,0.0,8.209263,3.0,83.82018,814.31915,10.99,Overcast
2006-11-03 21:00:00+00:00,HAKKARİ,30,7.1280003,2.928,8.1,7.754637,55.0,96.58826,816.15607,2.27,Drizzle: Dense
2006-11-04 21:00:00+00:00,HAKKARİ,30,7.1280003,4.4280005,36.500004,6.4799995,73.0,98.69769,814.5144,2.36,Snow fall: Moderate
2006-11-05 21:00:00+00:00,HAKKARİ,30,6.7279997,1.0780001,1.1,7.2805495,71.0,82.76589,815.4021,9.74,Snow fall: Slight
2006-11-06 21:00:00+00:00,HAKKARİ,30,5.8780003,-0.52199984,1.1,9.107359,73.0,78.14094,815.3708,13.67,Snow fall: Moderate
2006-11-07 21:00:00+00:00,HAKKARİ,30,5.6280003,-3.522,0.0,6.8399997,3.0,67.81523,815.35785,13.81,Overcast
2006-11-08 21:00:00+00:00,HAKKARİ,30,7.6780005,-4.5220003,0.0,9.0645685,2.0,53.051548,816.66034,14.4,Partly cloudy
2006-11-09 21:00:00+00:00,HAKKARİ,30,7.7279997,-4.3219995,0.0,6.489992,1.0,57.321808,815.90485,14.14,Mainly clear
2006-11-10 21:00:00+00:00,HAKKARİ,30,7.578,-3.4219997,0.0,6.489992,0.0,59.47906,815.42816,14.0,Clear sky
2006-11-11 21:00:00+00:00,HAKKARİ,30,6.828,-3.022,0.0,5.937272,0.0,64.59074,814.0086,13.76,Clear sky
2006-11-12 21:00:00+00:00,HAKKARİ,30,8.428,-2.522,0.0,6.5693827,0.0,65.66279,813.6547,13.46,Clear sky
2006-11-13 21:00:00+00:00,HAKKARİ,30,5.078,0.17800009,1.8000001,10.315115,73.0,86.2561,812.69604,5.71,Snow fall: Moderate
2006-11-14 21:00:00+00:00,HAKKARİ,30,3.828,-5.5220003,9.0,7.5685663,73.0,94.82571,810.8791,6.44,Snow fall: Moderate
2006-11-15 21:00:00+00:00,HAKKARİ,30,5.3780003,-7.2720003,0.0,10.08,0.0,60.57417,813.10406,13.62,Clear sky
2006-11-16 21:00:00+00:00,HAKKARİ,30,5.978,-4.3719997,0.0,6.519877,0.0,59.152325,811.6087,13.3,Clear sky
2006-11-17 21:00:00+00:00,HAKKARİ,30,4.6780005,-4.1219997,4.5,7.653705,73.0,83.006874,810.63556,9.01,Snow fall: Moderate
2006-11-18 21:00:00+00:00,HAKKARİ,30,0.6780001,-7.7720003,4.1000004,12.496719,75.0,86.731224,809.81476,7.01,Snow fall: Heavy
2006-11-19 21:00:00+00:00,HAKKARİ,30,2.8780003,-15.021999,0.0,13.397612,1.0,67.17342,811.58887,13.54,Mainly clear
2006-11-20 21:00:00+00:00,HAKKARİ,30,4.728,-15.722,0.0,8.64,3.0,50.6674,811.772,13.19,Overcast
2006-11-21 21:00:00+00:00,HAKKARİ,30,5.728,-6.2720003,0.0,6.489992,3.0,52.69897,812.95636,12.65,Overcast
2006-11-22 21:00:00+00:00,HAKKARİ,30,5.4280005,-6.7720003,0.0,6.4799995,1.0,51.34288,813.7347,12.9,Mainly clear
2006-11-23 21:00:00+00:00,HAKKARİ,30,7.278,-6.422,0.0,7.928178,0.0,56.080044,814.3894,12.61,Clear sky
2006-11-24 21:00:00+00:00,HAKKARİ,30,7.7279997,-6.672,0.0,10.464798,0.0,53.077145,814.7045,12.55,Clear sky
2006-11-25 21:00:00+00:00,HAKKARİ,30,7.4280005,-5.7720003,0.0,10.853866,0.0,53.127274,814.7649,12.43,Clear sky
2006-11-26 21:00:00+00:00,HAKKARİ,30,7.078,-5.922,0.0,9.36,0.0,54.91939,813.26935,12.22,Clear sky
2006-11-27 21:00:00+00:00,HAKKARİ,30,7.028,-5.3219995,0.0,7.9526596,1.0,67.074,812.40753,11.85,Mainly clear
2006-11-28 21:00:00+00:00,HAKKARİ,30,5.528,-6.0220003,0.0,7.2,0.0,67.95582,812.0744,11.81,Clear sky
2006-11-29 21:00:00+00:00,HAKKARİ,30,4.028,-5.722,0.5,6.849467,71.0,67.92606,814.7795,9.97,Snow fall: Slight
2006-11-30 21:00:00+00:00,HAKKARİ,30,4.478,-6.972,0.0,9.028754,3.0,63.329716,815.5887,11.9,Overcast
2006-12-01 21:00:00+00:00,HAKKARİ,30,3.778,-6.3719997,0.0,9.826088,71.0,62.670444,812.17285,9.35,Snow fall: Slight
2006-12-02 21:00:00+00:00,HAKKARİ,30,3.6280003,-8.272,0.0,11.609651,0.0,53.6394,815.4039,11.9,Clear sky
2006-12-03 21:00:00+00:00,HAKKARİ,30,6.4779997,-7.722,0.0,6.849467,3.0,39.17905,813.575,11.02,Overcast
2006-12-04 21:00:00+00:00,HAKKARİ,30,3.928,-5.5719995,0.0,5.771239,3.0,45.89625,814.6856,10.18,Overcast
2006-12-05 21:00:00+00:00,HAKKARİ,30,4.078,-8.222,0.0,5.7599998,3.0,52.82941,815.0759,11.33,Overcast
2006-12-06 21:00:00+00:00,HAKKARİ,30,5.1780005,-6.172,0.0,6.162207,3.0,50.924923,813.4158,10.06,Overcast
2006-12-07 21:00:00+00:00,HAKKARİ,30,5.578,-6.8719997,0.0,7.5599995,3.0,59.763824,814.3427,10.31,Overcast
2006-12-08 21:00:00+00:00,HAKKARİ,30,5.228,-6.722,0.0,6.8399997,0.0,67.04196,818.1645,11.09,Clear sky
2006-12-09 21:00:00+00:00,HAKKARİ,30,4.9280005,-6.5220003,0.0,9.3876505,1.0,66.88653,817.03436,11.05,Mainly clear
2006-12-10 21:00:00+00:00,HAKKARİ,30,2.8780003,-6.922,0.0,10.8955765,2.0,64.05222,815.6722,10.05,Partly cloudy
2006-12-11 21:00:00+00:00,HAKKARİ,30,3.928,-6.922,0.0,10.1376915,1.0,61.028896,814.73486,10.89,Mainly clear
2006-12-12 21:00:00+00:00,HAKKARİ,30,3.928,-8.022,0.0,6.130579,3.0,63.034435,814.867,10.87,Overcast
2006-12-13 21:00:00+00:00,HAKKARİ,30,3.428,-7.6219997,0.0,6.725354,3.0,62.034817,816.0864,10.57,Overcast
2006-12-14 21:00:00+00:00,HAKKARİ,30,-0.8219998,-7.6219997,4.0,10.587917,73.0,83.10796,815.05975,6.36,Snow fall: Moderate
2006-12-15 21:00:00+00:00,HAKKARİ,30,0.4280001,-15.0720005,0.0,14.618837,2.0,68.89232,818.61694,11.02,Partly cloudy
2006-12-16 21:00:00+00:00,HAKKARİ,30,4.028,-9.172,0.0,16.87398,2.0,36.613003,816.97943,11.39,Partly cloudy
2006-12-17 21:00:00+00:00,HAKKARİ,30,9.078,-7.472,0.0,12.245294,1.0,35.566013,814.5594,11.04,Mainly clear
2006-12-18 21:00:00+00:00,HAKKARİ,30,10.378,-6.0220003,0.0,7.208994,2.0,41.41393,816.0589,10.91,Partly cloudy
2006-12-19 21:00:00+00:00,HAKKARİ,30,7.3780003,-5.6219997,0.0,7.289444,2.0,52.90717,814.4234,10.96,Partly cloudy
2006-12-20 21:00:00+00:00,HAKKARİ,30,4.028,-8.272,0.0,6.87779,3.0,68.03408,813.30865,10.7,Overcast
2006-12-21 21:00:00+00:00,HAKKARİ,30,2.4280002,-6.972,0.9,7.42159,71.0,79.77303,811.7564,8.53,Snow fall: Slight
2006-12-22 21:00:00+00:00,HAKKARİ,30,0.4280001,-8.672,3.3000002,9.726665,73.0,76.492226,811.0884,10.0,Snow fall: Moderate
2006-12-23 21:00:00+00:00,HAKKARİ,30,1.8280001,-18.172,0.0,10.799999,3.0,62.075363,806.92065,11.23,Overcast
2006-12-24 21:00:00+00:00,HAKKARİ,30,0.97800016,-11.272,0.0,7.8954163,0.0,57.379436,809.08325,11.15,Clear sky
2006-12-25 21:00:00+00:00,HAKKARİ,30,-4.0719995,-8.772,14.7,10.495713,75.0,89.48309,807.0733,4.76,Snow fall: Heavy
2006-12-26 21:00:00+00:00,HAKKARİ,30,-3.772,-5.422,64.600006,7.42159,75.0,92.83884,802.00104,1.75,Snow fall: Heavy
2006-12-27 21:00:00+00:00,HAKKARİ,30,-5.8219995,-9.022,11.599999,9.826088,75.0,78.8347,805.82733,6.33,Snow fall: Heavy
2006-12-28 21:00:00+00:00,HAKKARİ,30,-4.922,-17.722,0.0,8.28,3.0,68.73086,812.43945,11.26,Overcast
2006-12-29 21:00:00+00:00,HAKKARİ,30,-1.7719998,-19.022,0.0,7.5685663,0.0,50.979965,811.368,11.81,Clear sky
2006-12-30 21:00:00+00:00,HAKKARİ,30,-1.9219999,-19.222,0.0,9.007196,0.0,56.884,812.53076,11.72,Clear sky
2006-12-31 21:00:00+00:00,HAKKARİ,30,-2.122,-22.122,0.0,9.746631,0.0,58.47264,812.53174,11.97,Clear sky
2007-01-01 21:00:00+00:00,HAKKARİ,30,-4.422,-21.072,0.0,8.647496,0.0,54.17567,813.03815,11.98,Clear sky
2007-01-02 21:00:00+00:00,HAKKARİ,30,2.2280002,-16.972,0.0,7.928178,2.0,48.552357,814.9029,11.73,Partly cloudy
2007-01-03 21:00:00+00:00,HAKKARİ,30,2.8780003,-8.172,0.0,5.771239,3.0,38.39295,817.2255,11.23,Overcast
2007-01-04 21:00:00+00:00,HAKKARİ,30,0.72800016,-5.472,12.1,6.439876,75.0,55.530857,812.7233,6.59,Snow fall: Heavy
2007-01-05 21:00:00+00:00,HAKKARİ,30,-3.122,-5.5220003,17.2,5.771239,75.0,92.13702,809.2715,4.31,Snow fall: Heavy
2007-01-06 21:00:00+00:00,HAKKARİ,30,-2.772,-11.972,0.0,8.28,3.0,81.290115,811.397,11.28,Overcast
2007-01-07 21:00:00+00:00,HAKKARİ,30,-1.622,-18.172,0.0,6.489992,3.0,68.440216,810.3003,12.14,Overcast
2007-01-08 21:00:00+00:00,HAKKARİ,30,-2.372,-12.922,0.0,7.5599995,1.0,56.81682,813.95465,12.26,Mainly clear
2007-01-09 21:00:00+00:00,HAKKARİ,30,-0.47199988,-18.522,0.0,9.007196,1.0,56.98868,813.97455,12.53,Mainly clear
2007-01-10 21:00:00+00:00,HAKKARİ,30,-0.52199984,-15.021999,0.0,9.3876505,3.0,51.02327,813.3276,12.58,Overcast
2007-01-11 21:00:00+00:00,HAKKARİ,30,-0.52199984,-10.672,0.0,7.5685663,3.0,43.832943,810.9353,10.11,Overcast
2007-01-12 21:00:00+00:00,HAKKARİ,30,-0.12199998,-7.972,0.0,5.04,3.0,74.7213,811.12604,9.58,Overcast
2007-01-13 21:00:00+00:00,HAKKARİ,30,-2.6719997,-13.5720005,0.0,6.297428,3.0,83.74446,812.12396,10.17,Overcast
2007-01-14 21:00:00+00:00,HAKKARİ,30,0.9280001,-13.772,0.0,9.746631,3.0,67.324745,812.26733,12.28,Overcast
2007-01-15 21:00:00+00:00,HAKKARİ,30,-0.622,-8.722,0.0,7.5685663,3.0,65.358826,809.65204,11.07,Overcast
2007-01-16 21:00:00+00:00,HAKKARİ,30,-1.0719998,-15.3220005,0.0,9.028754,1.0,65.1787,811.83636,12.98,Mainly clear
2007-01-17 21:00:00+00:00,HAKKARİ,30,1.4280001,-15.722,0.0,6.849467,0.0,57.668854,814.8588,13.11,Clear sky
2007-01-18 21:00:00+00:00,HAKKARİ,30,-1.5219998,-9.172,0.0,5.1919937,3.0,50.228485,814.81573,12.74,Overcast
2007-01-19 21:00:00+00:00,HAKKARİ,30,-4.972,-12.0720005,2.1000001,5.0911684,73.0,83.42421,811.285,4.85,Snow fall: Moderate
2007-01-20 21:00:00+00:00,HAKKARİ,30,0.82800007,-11.772,0.0,9.3876505,3.0,70.77275,809.56976,11.07,Overcast
2007-01-21 21:00:00+00:00,HAKKARİ,30,3.078,-12.8220005,0.0,10.495713,0.0,55.800198,812.18384,13.62,Clear sky
2007-01-22 21:00:00+00:00,HAKKARİ,30,6.9280005,-10.522,0.0,9.007196,0.0,50.39787,816.9327,13.54,Clear sky
2007-01-23 21:00:00+00:00,HAKKARİ,30,8.228,-4.0719995,0.0,6.849467,3.0,42.93494,819.9721,13.68,Overcast
2007-01-24 21:00:00+00:00,HAKKARİ,30,8.578,-2.272,0.0,6.130579,2.0,35.341312,820.1792,13.98,Partly cloudy
2007-01-25 21:00:00+00:00,HAKKARİ,30,7.7279997,-6.0220003,0.0,5.771239,3.0,38.124325,817.62744,14.28,Overcast
2007-01-26 21:00:00+00:00,HAKKARİ,30,4.328,-3.5719998,0.0,4.6938252,3.0,43.771088,815.0726,12.65,Overcast
2007-01-27 21:00:00+00:00,HAKKARİ,30,0.97800016,-4.3719997,6.0,7.69592,75.0,59.438263,810.72064,12.42,Snow fall: Heavy
2007-01-28 21:00:00+00:00,HAKKARİ,30,-1.2719998,-3.972,39.699997,6.5693827,75.0,93.56317,803.1674,6.32,Snow fall: Heavy
2007-01-29 21:00:00+00:00,HAKKARİ,30,-2.772,-5.922,8.599999,10.24578,75.0,86.9672,807.41046,12.42,Snow fall: Heavy
2007-01-30 21:00:00+00:00,HAKKARİ,30,-4.0719995,-9.672,21.599998,11.165805,75.0,90.51752,805.979,9.78,Snow fall: Heavy
2007-01-31 21:00:00+00:00,HAKKARİ,30,-7.2720003,-15.0720005,0.0,5.8048253,3.0,69.517235,813.0018,14.12,Overcast
2007-02-01 21:00:00+00:00,HAKKARİ,30,-1.8219998,-10.772,0.0,6.130579,3.0,43.773678,811.39716,14.95,Overcast
2007-02-02 21:00:00+00:00,HAKKARİ,30,-1.622,-8.5720005,10.1,6.638072,75.0,69.903656,808.42096,9.09,Snow fall: Heavy
2007-02-03 21:00:00+00:00,HAKKARİ,30,0.07800007,-4.5220003,17.7,7.5685663,75.0,91.856834,800.9138,4.19,Snow fall: Heavy
2007-02-04 21:00:00+00:00,HAKKARİ,30,0.07800007,-3.222,9.0,8.089993,73.0,91.4414,808.6889,9.1,Snow fall: Moderate
2007-02-05 21:00:00+00:00,HAKKARİ,30,-0.77199984,-2.372,49.399998,5.937272,75.0,96.31082,809.0005,2.25,Snow fall: Heavy
2007-02-06 21:00:00+00:00,HAKKARİ,30,-0.27199984,-5.1219997,5.2000003,8.287822,75.0,86.35288,809.3674,11.54,Snow fall: Heavy
2007-02-07 21:00:00+00:00,HAKKARİ,30,4.028,-12.0720005,0.0,10.086427,3.0,58.138336,812.69086,16.27,Overcast
2007-02-08 21:00:00+00:00,HAKKARİ,30,4.4280005,-5.8219995,0.0,6.12,3.0,37.072933,813.28955,14.46,Overcast
2007-02-09 21:00:00+00:00,HAKKARİ,30,4.3780003,-2.622,0.0,5.3999996,3.0,35.941196,810.979,14.5,Overcast
2007-02-10 21:00:00+00:00,HAKKARİ,30,4.6280003,-9.0720005,0.0,7.2,0.0,45.175472,812.1458,16.77,Clear sky
2007-02-11 21:00:00+00:00,HAKKARİ,30,2.9780002,-5.672,0.0,5.04,3.0,44.64778,812.2121,17.05,Overcast
2007-02-12 21:00:00+00:00,HAKKARİ,30,-1.0719998,-4.922,5.5000005,3.9763298,73.0,67.93246,809.32904,8.53,Snow fall: Moderate
2007-02-13 21:00:00+00:00,HAKKARİ,30,1.4280001,-3.622,0.0,6.12,3.0,84.87078,810.26056,12.59,Overcast
2007-02-14 21:00:00+00:00,HAKKARİ,30,1.1280001,-5.172,0.0,6.5693827,71.0,89.66894,811.3388,11.11,Snow fall: Slight
2007-02-15 21:00:00+00:00,HAKKARİ,30,1.3780001,-3.4219997,3.2,6.9899354,73.0,86.23953,808.71075,8.59,Snow fall: Moderate
2007-02-16 21:00:00+00:00,HAKKARİ,30,2.1780002,-6.5220003,0.0,6.28713,3.0,80.73296,810.5402,15.62,Overcast
2007-02-17 21:00:00+00:00,HAKKARİ,30,1.7780001,-7.922,0.0,7.208994,71.0,81.75613,810.1472,15.32,Snow fall: Slight
2007-02-18 21:00:00+00:00,HAKKARİ,30,1.5780001,-9.972,0.0,9.531505,3.0,73.77612,812.05444,17.64,Overcast
2007-02-19 21:00:00+00:00,HAKKARİ,30,0.7780001,-11.622,0.0,6.0347,1.0,71.872475,811.8754,18.37,Mainly clear
2007-02-20 21:00:00+00:00,HAKKARİ,30,1.9780002,-9.0720005,0.0,7.42159,3.0,78.046455,813.273,15.5,Overcast
2007-02-21 21:00:00+00:00,HAKKARİ,30,4.1780005,-7.222,0.0,7.2359104,2.0,80.037415,810.4615,18.03,Partly cloudy
2007-02-22 21:00:00+00:00,HAKKARİ,30,4.1780005,-3.9219997,0.90000004,7.928177,71.0,84.2326,809.9392,16.23,Snow fall: Slight
2007-02-23 21:00:00+00:00,HAKKARİ,30,2.4780002,-0.7219999,20.6,8.12197,75.0,96.562065,808.8752,6.13,Snow fall: Heavy
2007-02-24 21:00:00+00:00,HAKKARİ,30,4.3780003,-0.8219998,9.5,7.342588,75.0,88.71994,806.3789,13.64,Snow fall: Heavy
2007-02-25 21:00:00+00:00,HAKKARİ,30,3.3780003,-2.0719998,0.90000004,7.5942073,73.0,90.418144,807.56885,14.48,Snow fall: Moderate
2007-02-26 21:00:00+00:00,HAKKARİ,30,3.428,-0.3219998,0.3,6.6185193,71.0,85.63622,810.1889,16.11,Snow fall: Slight
2007-02-27 21:00:00+00:00,HAKKARİ,30,3.6280003,-4.6219997,0.0,5.8048253,3.0,75.80371,812.77216,18.95,Overcast
2007-02-28 21:00:00+00:00,HAKKARİ,30,4.978,-6.0220003,0.0,6.162207,3.0,67.73994,810.23193,19.23,Overcast
2007-03-01 21:00:00+00:00,HAKKARİ,30,5.228,-6.3719997,0.0,7.42159,3.0,73.027916,810.52106,19.32,Overcast
2007-03-02 21:00:00+00:00,HAKKARİ,30,4.278,-5.972,0.0,7.7879906,71.0,83.433105,815.1419,17.62,Snow fall: Slight
2007-03-03 21:00:00+00:00,HAKKARİ,30,3.828,0.07800007,4.7,6.87779,73.0,95.69506,814.9488,9.99,Snow fall: Moderate
2007-03-04 21:00:00+00:00,HAKKARİ,30,4.278,1.0280001,27.5,6.638072,75.0,97.04197,813.6045,7.66,Snow fall: Heavy
2007-03-05 21:00:00+00:00,HAKKARİ,30,3.578,-1.9719999,33.400005,5.4477882,75.0,94.13134,808.2614,12.73,Snow fall: Heavy
2007-03-06 21:00:00+00:00,HAKKARİ,30,5.528,-1.9219999,0.0,7.2359104,3.0,81.71988,812.6569,18.31,Overcast
2007-03-07 21:00:00+00:00,HAKKARİ,30,5.1280003,-2.5719998,0.0,5.8603754,3.0,78.23223,811.22876,20.44,Overcast
2007-03-08 21:00:00+00:00,HAKKARİ,30,5.1780005,-3.4219997,0.8,7.24486,73.0,79.05666,809.58453,18.82,Snow fall: Moderate
2007-03-09 21:00:00+00:00,HAKKARİ,30,5.6780005,-4.672,0.0,9.746631,3.0,70.28105,812.9731,20.81,Overcast
2007-03-10 21:00:00+00:00,HAKKARİ,30,6.4779997,-7.3220005,0.0,7.9526596,3.0,62.066467,813.80536,22.24,Overcast
2007-03-11 21:00:00+00:00,HAKKARİ,30,6.6780005,1.0280001,0.0,8.311245,3.0,64.26606,809.6801,20.25,Overcast
2007-03-12 21:00:00+00:00,HAKKARİ,30,4.578,0.6780001,2.1000001,8.759178,73.0,83.47097,807.75836,17.73,Snow fall: Moderate
2007-03-13 21:00:00+00:00,HAKKARİ,30,3.9780002,0.7780001,6.3000007,6.489992,73.0,91.97404,805.2298,11.07,Snow fall: Moderate
2007-03-14 21:00:00+00:00,HAKKARİ,30,3.3780003,-1.5719998,12.5,6.439876,75.0,93.03204,804.0828,10.83,Snow fall: Heavy
2007-03-15 21:00:00+00:00,HAKKARİ,30,0.37800014,-2.872,5.499999,8.714677,73.0,85.00786,803.0295,16.84,Snow fall: Moderate
2007-03-16 21:00:00+00:00,HAKKARİ,30,0.57800007,-5.3219995,9.700001,7.8625183,73.0,89.79623,805.9333,12.78,Snow fall: Moderate
2007-03-17 21:00:00+00:00,HAKKARİ,30,0.9280001,-9.3220005,0.0,8.311245,3.0,71.279205,806.49615,22.95,Overcast
2007-03-18 21:00:00+00:00,HAKKARİ,30,0.62800014,-4.222,6.800001,9.021574,73.0,90.76847,807.7563,9.8,Snow fall: Moderate
2007-03-19 21:00:00+00:00,HAKKARİ,30,3.328,-1.122,7.6000004,8.587338,73.0,89.6388,811.9577,16.62,Snow fall: Moderate
2007-03-20 21:00:00+00:00,HAKKARİ,30,4.478,-1.2719998,2.5,6.28713,73.0,83.54681,814.4462,19.81,Snow fall: Moderate
2007-03-21 21:00:00+00:00,HAKKARİ,30,5.478,-4.5220003,0.3,6.4096174,51.0,80.89419,814.0506,21.18,Drizzle: Light
2007-03-22 21:00:00+00:00,HAKKARİ,30,5.4280005,-2.1719997,0.5,8.587338,71.0,86.79894,815.88995,17.65,Snow fall: Slight
2007-03-23 21:00:00+00:00,HAKKARİ,30,3.828,1.2280002,24.600002,7.9932976,75.0,94.40104,814.3108,7.41,Snow fall: Heavy
2007-03-24 21:00:00+00:00,HAKKARİ,30,4.228,-0.07199979,11.700002,9.178235,75.0,85.26275,810.7273,20.61,Snow fall: Heavy
2007-03-25 21:00:00+00:00,HAKKARİ,30,3.9780002,-1.9719999,0.2,8.225035,71.0,80.53057,809.8142,21.24,Snow fall: Slight
2007-03-26 21:00:00+00:00,HAKKARİ,30,5.1280003,-1.3219998,0.0,7.928178,3.0,72.35694,807.63336,19.25,Overcast
2007-03-27 21:00:00+00:00,HAKKARİ,30,4.328,-0.872,0.2,6.830519,71.0,76.03527,812.7456,20.27,Snow fall: Slight
2007-03-28 21:00:00+00:00,HAKKARİ,30,4.228,-4.3219995,0.90000004,7.5942073,73.0,80.62881,812.4651,22.28,Snow fall: Moderate
2007-03-29 21:00:00+00:00,HAKKARİ,30,4.278,-1.122,4.0,6.519877,73.0,82.93849,813.47876,20.83,Snow fall: Moderate
2007-03-30 21:00:00+00:00,HAKKARİ,30,6.328,-4.3219995,0.0,7.5942082,3.0,73.711334,814.05176,24.62,Overcast
2007-03-31 21:00:00+00:00,HAKKARİ,30,2.778,0.028000116,10.8,6.9527545,73.0,90.14849,812.0784,10.27,Snow fall: Moderate
2007-04-01 21:00:00+00:00,HAKKARİ,30,3.8780003,-0.5719998,7.2,5.154415,73.0,89.77133,807.2038,12.35,Snow fall: Moderate
2007-04-02 21:00:00+00:00,HAKKARİ,30,2.528,-0.872,18.900002,7.5942073,75.0,94.92947,806.4035,9.43,Snow fall: Heavy
2007-04-03 21:00:00+00:00,HAKKARİ,30,2.678,-2.372,0.9,10.315115,73.0,79.33494,809.8054,22.99,Snow fall: Moderate
2007-04-04 21:00:00+00:00,HAKKARİ,30,5.1780005,-4.422,0.2,6.439876,71.0,70.243454,814.5267,26.32,Snow fall: Slight
2007-04-05 21:00:00+00:00,HAKKARİ,30,7.828,0.17800009,0.0,10.787993,3.0,73.77432,815.21436,22.92,Overcast
2007-04-06 21:00:00+00:00,HAKKARİ,30,8.378,4.1280003,3.1,10.966713,73.0,78.81121,812.64575,19.21,Snow fall: Moderate
2007-04-07 21:00:00+00:00,HAKKARİ,30,8.678,3.778,8.900001,6.151683,73.0,85.5925,809.6076,17.67,Snow fall: Moderate
2007-04-08 21:00:00+00:00,HAKKARİ,30,7.778,2.7280002,11.0,7.6367526,75.0,89.70895,807.4162,15.44,Snow fall: Heavy
2007-04-09 21:00:00+00:00,HAKKARİ,30,7.4779997,2.678,4.4999995,10.086427,73.0,76.25681,810.3122,22.19,Snow fall: Moderate
2007-04-10 21:00:00+00:00,HAKKARİ,30,7.828,2.8780003,8.8,7.342588,75.0,83.59441,806.9958,18.78,Snow fall: Heavy
2007-04-11 21:00:00+00:00,HAKKARİ,30,5.478,1.9780002,8.000001,6.849467,73.0,95.072266,810.4987,15.22,Snow fall: Moderate
2007-04-12 21:00:00+00:00,HAKKARİ,30,6.1780005,0.07800007,2.3999999,8.534353,73.0,84.235634,811.70294,23.55,Snow fall: Moderate
2007-04-13 21:00:00+00:00,HAKKARİ,30,8.128,-0.47199988,0.4,9.693296,71.0,74.96148,807.38184,20.72,Snow fall: Slight
2007-04-14 21:00:00+00:00,HAKKARİ,30,4.6780005,0.12800014,18.2,8.311245,75.0,93.25647,807.8137,16.61,Snow fall: Heavy
2007-04-15 21:00:00+00:00,HAKKARİ,30,3.528,-0.77199984,19.4,10.041354,75.0,93.26715,812.40533,16.31,Snow fall: Heavy
2007-04-16 21:00:00+00:00,HAKKARİ,30,4.828,-0.92199993,2.7000003,7.9526596,73.0,89.341576,814.31256,17.14,Snow fall: Moderate
2007-04-17 21:00:00+00:00,HAKKARİ,30,4.578,1.8280001,33.899998,5.1544156,75.0,97.92115,809.03705,6.93,Snow fall: Heavy
2007-04-18 21:00:00+00:00,HAKKARİ,30,3.328,-1.622,19.600002,9.028754,75.0,95.25741,807.3204,10.61,Snow fall: Heavy
2007-04-19 21:00:00+00:00,HAKKARİ,30,3.6280003,-1.8219998,5.2000003,10.390226,73.0,85.249794,812.9563,25.51,Snow fall: Moderate
2007-04-20 21:00:00+00:00,HAKKARİ,30,6.7279997,-1.1719999,1.7,6.162207,73.0,72.36419,816.10223,28.44,Snow fall: Moderate
2007-04-21 21:00:00+00:00,HAKKARİ,30,9.228,-2.472,0.0,7.2359104,3.0,56.35875,816.4927,28.64,Overcast
2007-04-22 21:00:00+00:00,HAKKARİ,30,8.128,2.1780002,8.6,9.114471,75.0,73.172775,813.14984,20.97,Snow fall: Heavy
2007-04-23 21:00:00+00:00,HAKKARİ,30,7.2279997,2.678,27.200003,8.0899935,75.0,94.9813,807.2688,9.99,Snow fall: Heavy
2007-04-24 21:00:00+00:00,HAKKARİ,30,7.1780005,1.4780002,0.4,7.5685663,71.0,77.19403,812.1223,27.62,Snow fall: Slight
2007-04-25 21:00:00+00:00,HAKKARİ,30,9.578,0.97800016,0.0,7.6367526,3.0,60.23741,816.23773,29.02,Overcast
2007-04-26 21:00:00+00:00,HAKKARİ,30,10.478,3.9780002,0.0,7.6367526,3.0,60.637043,816.35565,22.8,Overcast
2007-04-27 21:00:00+00:00,HAKKARİ,30,10.278,3.528,0.0,8.209263,3.0,73.317604,813.8482,27.44,Overcast
2007-04-28 21:00:00+00:00,HAKKARİ,30,9.328,3.528,7.0,7.928178,63.0,88.88089,811.4653,19.92,Rain: Moderate
2007-04-29 21:00:00+00:00,HAKKARİ,30,7.328,3.578,14.700001,9.693296,73.0,94.12063,808.47577,15.49,Snow fall: Moderate
2007-04-30 21:00:00+00:00,HAKKARİ,30,9.578,-0.42199993,0.0,7.5685663,3.0,76.309074,816.3084,28.7,Overcast
2007-05-01 21:00:00+00:00,HAKKARİ,30,11.828,0.47800016,0.0,13.044722,3.0,73.882744,817.81177,28.07,Overcast
2007-05-02 21:00:00+00:00,HAKKARİ,30,12.1779995,5.8780003,0.3,11.384198,51.0,71.230446,816.5933,26.45,Drizzle: Light
2007-05-03 21:00:00+00:00,HAKKARİ,30,12.578,6.328,1.3000001,8.225035,53.0,78.216545,816.4844,20.51,Drizzle: Moderate
2007-05-04 21:00:00+00:00,HAKKARİ,30,15.6779995,6.1780005,0.0,6.4799995,3.0,69.02515,818.2978,27.33,Overcast
2007-05-05 21:00:00+00:00,HAKKARİ,30,18.928,6.4779997,0.0,8.287822,0.0,55.035206,820.2761,29.88,Clear sky
2007-05-06 21:00:00+00:00,HAKKARİ,30,18.878,4.3780003,0.0,8.647496,2.0,55.63939,820.0196,29.45,Partly cloudy
2007-05-07 21:00:00+00:00,HAKKARİ,30,19.928,6.6280003,0.0,7.208994,3.0,52.377354,818.9847,29.73,Overcast
2007-05-08 21:00:00+00:00,HAKKARİ,30,17.478,7.078,0.1,8.891343,51.0,60.908016,816.8343,25.71,Drizzle: Light
2007-05-09 21:00:00+00:00,HAKKARİ,30,14.628,10.528,0.8,10.195057,53.0,69.695076,817.24115,24.18,Drizzle: Moderate
2007-05-10 21:00:00+00:00,HAKKARİ,30,14.828,4.3780003,3.5,6.87779,53.0,83.207466,816.8333,17.34,Drizzle: Moderate
2007-05-11 21:00:00+00:00,HAKKARİ,30,17.278,7.9779997,7.2,9.6932955,63.0,73.596,816.8071,19.13,Rain: Moderate
2007-05-12 21:00:00+00:00,HAKKARİ,30,15.128,4.528,0.1,10.587917,51.0,80.13391,812.8935,24.42,Drizzle: Light
2007-05-13 21:00:00+00:00,HAKKARİ,30,14.028,7.1280003,1.2,7.2805495,51.0,80.43432,812.8924,20.52,Drizzle: Light
2007-05-14 21:00:00+00:00,HAKKARİ,30,10.4279995,3.578,5.1,9.904906,55.0,88.59774,813.8738,13.92,Drizzle: Dense
2007-05-15 21:00:00+00:00,HAKKARİ,30,15.478,3.028,0.0,11.503113,3.0,67.734184,816.11163,29.16,Overcast
2007-05-16 21:00:00+00:00,HAKKARİ,30,15.078,4.728,0.4,11.720751,51.0,60.666134,815.8703,27.27,Drizzle: Light
2007-05-17 21:00:00+00:00,HAKKARİ,30,13.128,7.078,6.2000003,9.107359,63.0,77.16507,816.64874,22.55,Rain: Moderate
2007-05-18 21:00:00+00:00,HAKKARİ,30,13.528,7.2279997,5.4,6.6185193,61.0,89.87811,818.3591,12.21,Rain: Slight
2007-05-19 21:00:00+00:00,HAKKARİ,30,16.678,2.278,0.3,9.028754,51.0,77.73343,818.7194,24.31,Drizzle: Light
2007-05-20 21:00:00+00:00,HAKKARİ,30,20.028,2.778,0.2,8.287822,51.0,65.21128,819.89307,25.96,Drizzle: Light
2007-05-21 21:00:00+00:00,HAKKARİ,30,19.578,7.028,1.3000001,8.311245,55.0,69.40421,818.98364,25.21,Drizzle: Dense
2007-05-22 21:00:00+00:00,HAKKARİ,30,23.978,0.87800014,1.5000001,8.647496,55.0,63.29498,818.49805,27.88,Drizzle: Dense
2007-05-23 21:00:00+00:00,HAKKARİ,30,24.128,12.4279995,2.1,11.592895,61.0,47.017735,823.06665,25.54,Rain: Slight
2007-05-24 21:00:00+00:00,HAKKARİ,30,22.128,13.078,0.5,7.42159,51.0,51.660923,823.0835,19.12,Drizzle: Light
2007-05-25 21:00:00+00:00,HAKKARİ,30,25.628,13.4279995,1.2,9.47012,53.0,48.971222,823.67816,25.62,Drizzle: Moderate
2007-05-26 21:00:00+00:00,HAKKARİ,30,25.128,13.728,1.4000001,9.178235,53.0,52.19337,821.8055,21.17,Drizzle: Moderate
2007-05-27 21:00:00+00:00,HAKKARİ,30,23.478,14.1779995,3.0000002,12.522619,61.0,57.500427,819.7393,21.15,Rain: Slight
2007-05-28 21:00:00+00:00,HAKKARİ,30,21.528,13.278,0.0,11.928989,3.0,50.68928,818.10614,28.15,Overcast
2007-05-29 21:00:00+00:00,HAKKARİ,30,21.178,11.578,0.4,10.163227,51.0,53.349438,816.9899,27.88,Drizzle: Light
2007-05-30 21:00:00+00:00,HAKKARİ,30,20.678,10.978,0.2,10.1887,51.0,58.849884,818.5573,26.62,Drizzle: Light
2007-05-31 21:00:00+00:00,HAKKARİ,30,21.178,9.978,0.0,9.983106,2.0,60.84163,818.7883,27.15,Partly cloudy
2007-06-01 21:00:00+00:00,HAKKARİ,30,21.978,4.728,2.4,9.885262,61.0,65.77718,817.4776,25.79,Rain: Slight
2007-06-02 21:00:00+00:00,HAKKARİ,30,20.378,8.528,1.2,8.654987,53.0,65.536415,817.86456,25.74,Drizzle: Moderate
2007-06-03 21:00:00+00:00,HAKKARİ,30,20.728,9.428,0.7,9.0,51.0,67.078896,818.3768,24.64,Drizzle: Light
2007-06-04 21:00:00+00:00,HAKKARİ,30,21.978,9.128,1.3,8.78872,53.0,62.76378,817.4389,23.49,Drizzle: Moderate
2007-06-05 21:00:00+00:00,HAKKARİ,30,23.128,8.478,0.0,10.799999,3.0,50.325344,816.11554,29.08,Overcast
2007-06-06 21:00:00+00:00,HAKKARİ,30,24.278,13.278,0.0,12.313894,3.0,43.122513,816.4139,28.61,Overcast
2007-06-07 21:00:00+00:00,HAKKARİ,30,23.478,15.228,3.9,17.208603,61.0,47.63196,815.3442,26.37,Rain: Slight
2007-06-08 21:00:00+00:00,HAKKARİ,30,21.778,14.078,0.0,11.177405,0.0,46.93327,816.67065,30.84,Clear sky
2007-06-09 21:00:00+00:00,HAKKARİ,30,21.478,11.778,0.0,11.090103,1.0,54.633713,818.1355,29.62,Mainly clear
2007-06-10 21:00:00+00:00,HAKKARİ,30,21.028,11.1779995,1.5,13.493999,53.0,56.713623,817.2119,27.06,Drizzle: Moderate
2007-06-11 21:00:00+00:00,HAKKARİ,30,22.278,13.528,0.0,12.864649,0.0,42.157867,814.87787,31.0,Clear sky
2007-06-12 21:00:00+00:00,HAKKARİ,30,24.478,9.078,0.0,8.049845,0.0,40.06911,816.56836,31.39,Clear sky
2007-06-13 21:00:00+00:00,HAKKARİ,30,27.028,10.828,0.0,8.647496,0.0,35.58192,818.00214,31.18,Clear sky
2007-06-14 21:00:00+00:00,HAKKARİ,30,28.078,14.278,0.0,9.028754,0.0,37.52866,817.08185,30.24,Clear sky
2007-06-15 21:00:00+00:00,HAKKARİ,30,27.828,15.328,0.0,9.9571085,1.0,45.467484,815.85016,28.37,Mainly clear
2007-06-16 21:00:00+00:00,HAKKARİ,30,27.128,16.028,0.0,10.948973,0.0,37.974377,814.67456,30.09,Clear sky
2007-06-17 21:00:00+00:00,HAKKARİ,30,25.028,13.228,0.0,9.826088,1.0,42.532787,813.7756,28.33,Mainly clear
2007-06-18 21:00:00+00:00,HAKKARİ,30,24.828,13.878,0.0,11.770403,2.0,43.39764,812.79,28.04,Partly cloudy
2007-06-19 21:00:00+00:00,HAKKARİ,30,24.478,12.778,0.0,11.631956,1.0,44.143986,812.49884,29.58,Mainly clear
2007-06-20 21:00:00+00:00,HAKKARİ,30,24.528,14.028,0.0,12.074766,1.0,42.32892,813.5765,29.74,Mainly clear
2007-06-21 21:00:00+00:00,HAKKARİ,30,23.878,11.878,0.2,9.360001,51.0,48.105255,814.823,28.55,Drizzle: Light
2007-06-22 21:00:00+00:00,HAKKARİ,30,24.528,8.878,0.0,10.163227,0.0,56.831135,818.78485,30.1,Clear sky
2007-06-23 21:00:00+00:00,HAKKARİ,30,27.028,11.078,0.0,10.594036,0.0,41.01347,817.81036,31.16,Clear sky
2007-06-24 21:00:00+00:00,HAKKARİ,30,27.078,12.378,0.0,10.948973,2.0,39.187527,814.82294,30.55,Partly cloudy
2007-06-25 21:00:00+00:00,HAKKARİ,30,26.178,11.878,0.0,10.805998,2.0,45.975857,811.84283,29.62,Partly cloudy
2007-06-26 21:00:00+00:00,HAKKARİ,30,24.928,10.1779995,0.1,11.183201,51.0,57.26436,813.39795,28.17,Drizzle: Light
2007-06-27 21:00:00+00:00,HAKKARİ,30,26.578,11.528,0.0,10.931203,2.0,46.144,815.65314,28.26,Partly cloudy
2007-06-28 21:00:00+00:00,HAKKARİ,30,26.478,14.378,0.8,8.427383,51.0,52.561993,815.7656,25.06,Drizzle: Light
2007-06-29 21:00:00+00:00,HAKKARİ,30,26.128,13.378,0.0,9.290511,2.0,48.17383,816.1058,28.31,Partly cloudy
2007-06-30 21:00:00+00:00,HAKKARİ,30,27.528,16.528,0.0,14.264361,0.0,33.727444,815.9544,29.88,Clear sky
2007-07-01 21:00:00+00:00,HAKKARİ,30,27.778,15.1779995,0.0,11.609651,0.0,28.38595,816.38745,30.83,Clear sky
2007-07-02 21:00:00+00:00,HAKKARİ,30,27.628,15.9279995,0.0,11.928989,0.0,30.525246,815.35815,29.55,Clear sky
2007-07-03 21:00:00+00:00,HAKKARİ,30,27.028,14.028,0.0,9.0,3.0,47.675663,815.35504,24.08,Overcast
2007-07-04 21:00:00+00:00,HAKKARİ,30,27.328,16.278,0.0,7.42159,3.0,44.132526,816.1568,23.16,Overcast
2007-07-05 21:00:00+00:00,HAKKARİ,30,28.478,15.978,0.0,8.4042845,3.0,41.670357,817.08545,25.39,Overcast
2007-07-06 21:00:00+00:00,HAKKARİ,30,29.928,17.228,0.0,10.594036,1.0,37.244827,816.66876,25.64,Mainly clear
2007-07-07 21:00:00+00:00,HAKKARİ,30,27.428,15.878,4.9000006,8.473393,63.0,59.47163,815.88696,21.06,Rain: Moderate
2007-07-08 21:00:00+00:00,HAKKARİ,30,26.228,13.378,2.7,9.0,61.0,75.08159,815.292,21.74,Rain: Slight
2007-07-09 21:00:00+00:00,HAKKARİ,30,28.678,12.978,0.0,10.483357,1.0,59.16596,816.9341,28.94,Mainly clear
2007-07-10 21:00:00+00:00,HAKKARİ,30,28.028,15.6779995,0.0,9.028754,1.0,46.502224,817.4727,27.68,Mainly clear
2007-07-11 21:00:00+00:00,HAKKARİ,30,30.028,19.478,0.0,9.904906,0.0,31.072683,818.00226,30.7,Clear sky
2007-07-12 21:00:00+00:00,HAKKARİ,30,29.378,18.478,0.0,9.178235,2.0,35.001736,817.5424,23.61,Partly cloudy
2007-07-13 21:00:00+00:00,HAKKARİ,30,28.628,20.478,0.0,11.212135,1.0,41.277596,816.9161,26.04,Mainly clear
2007-07-14 21:00:00+00:00,HAKKARİ,30,28.478,17.678,0.0,10.823973,0.0,30.921148,815.7055,30.99,Clear sky
2007-07-15 21:00:00+00:00,HAKKARİ,30,25.978,16.778,0.0,12.620554,1.0,40.351353,814.72833,26.19,Mainly clear
2007-07-16 21:00:00+00:00,HAKKARİ,30,21.528,12.778,11.8,8.0899935,63.0,70.270195,812.5627,20.23,Rain: Moderate
2007-07-17 21:00:00+00:00,HAKKARİ,30,20.278,11.878,0.70000005,9.686609,51.0,72.231735,815.0213,24.13,Drizzle: Light
2007-07-18 21:00:00+00:00,HAKKARİ,30,22.478,9.578,0.0,11.592894,2.0,67.86142,818.28296,25.91,Partly cloudy
2007-07-19 21:00:00+00:00,HAKKARİ,30,23.428,9.578,0.3,10.1887,51.0,64.43832,819.969,25.43,Drizzle: Light
2007-07-20 21:00:00+00:00,HAKKARİ,30,27.828,13.4279995,0.0,10.823973,1.0,48.517544,818.9294,29.02,Mainly clear
2007-07-21 21:00:00+00:00,HAKKARİ,30,26.428,15.578,0.0,8.557102,2.0,50.03926,815.72363,23.33,Partly cloudy
2007-07-22 21:00:00+00:00,HAKKARİ,30,26.378,13.728,0.9,10.041354,53.0,58.73415,815.2668,24.41,Drizzle: Moderate
2007-07-23 21:00:00+00:00,HAKKARİ,30,27.028,13.228,0.3,10.137692,51.0,53.115025,817.564,25.69,Drizzle: Light
2007-07-24 21:00:00+00:00,HAKKARİ,30,27.628,15.728,1.4,8.905908,55.0,57.02139,819.57886,24.52,Drizzle: Dense
2007-07-25 21:00:00+00:00,HAKKARİ,30,27.578,15.978,0.6,8.350138,53.0,53.95818,820.73346,22.68,Drizzle: Moderate
2007-07-26 21:00:00+00:00,HAKKARİ,30,28.628,16.628,0.1,8.427383,51.0,58.229477,819.51154,21.9,Drizzle: Light
2007-07-27 21:00:00+00:00,HAKKARİ,30,25.728,12.9279995,12.000001,9.47012,63.0,75.30012,817.86127,20.59,Rain: Moderate
2007-07-28 21:00:00+00:00,HAKKARİ,30,26.978,13.078,0.0,9.885262,1.0,53.19948,817.73926,27.77,Mainly clear
2007-07-29 21:00:00+00:00,HAKKARİ,30,27.678,14.778,0.0,8.905908,2.0,40.8483,819.38336,27.74,Partly cloudy
2007-07-30 21:00:00+00:00,HAKKARİ,30,28.578,16.778,0.0,9.114471,2.0,34.70991,820.25635,27.89,Partly cloudy
2007-07-31 21:00:00+00:00,HAKKARİ,30,28.478,18.228,0.0,8.473393,1.0,33.97251,819.45917,25.66,Mainly clear
2007-08-01 21:00:00+00:00,HAKKARİ,30,28.628,19.528,0.0,8.225035,2.0,32.52263,818.8017,23.23,Partly cloudy
2007-08-02 21:00:00+00:00,HAKKARİ,30,28.328,19.028,0.5,9.6932955,53.0,39.45781,818.5522,24.98,Drizzle: Moderate
2007-08-03 21:00:00+00:00,HAKKARİ,30,25.628,14.6779995,0.1,9.605998,51.0,54.64732,816.97705,25.17,Drizzle: Light
2007-08-04 21:00:00+00:00,HAKKARİ,30,25.678,14.278,0.0,9.565437,2.0,51.771107,816.03815,22.41,Partly cloudy
2007-08-05 21:00:00+00:00,HAKKARİ,30,28.828,16.728,0.0,10.105681,1.0,41.0615,817.65753,24.43,Mainly clear
2007-08-06 21:00:00+00:00,HAKKARİ,30,29.478,19.978,0.0,13.722565,0.0,33.52007,818.6347,28.09,Clear sky
2007-08-07 21:00:00+00:00,HAKKARİ,30,30.078,16.278,0.0,8.707238,0.0,31.550825,817.4387,28.79,Clear sky
2007-08-08 21:00:00+00:00,HAKKARİ,30,30.478,17.878,0.0,10.239453,1.0,31.593956,816.0993,26.74,Mainly clear
2007-08-09 21:00:00+00:00,HAKKARİ,30,31.178,18.128,0.0,11.570515,0.0,31.30822,817.2767,27.46,Clear sky
2007-08-10 21:00:00+00:00,HAKKARİ,30,30.528,15.978,0.0,10.8955765,2.0,38.54299,819.4854,26.37,Partly cloudy
2007-08-11 21:00:00+00:00,HAKKARİ,30,31.128,16.878,0.0,11.165805,1.0,35.260563,819.9129,27.51,Mainly clear
2007-08-12 21:00:00+00:00,HAKKARİ,30,30.778,19.628,0.0,10.086427,0.0,23.802193,819.13446,28.94,Clear sky
2007-08-13 21:00:00+00:00,HAKKARİ,30,30.378,17.578001,0.0,10.823973,0.0,23.838455,817.48517,28.5,Clear sky
2007-08-14 21:00:00+00:00,HAKKARİ,30,29.578,19.128,0.0,13.004921,0.0,26.572035,818.0578,28.27,Clear sky
2007-08-15 21:00:00+00:00,HAKKARİ,30,28.828,15.828,0.0,9.605998,0.0,24.687769,818.14276,28.6,Clear sky
2007-08-16 21:00:00+00:00,HAKKARİ,30,27.028,17.528,0.1,11.440979,51.0,32.132843,817.1866,24.46,Drizzle: Light
2007-08-17 21:00:00+00:00,HAKKARİ,30,24.828,13.528,0.2,9.6932955,51.0,52.812805,814.9167,23.04,Drizzle: Light
2007-08-18 21:00:00+00:00,HAKKARİ,30,23.928,12.028,0.2,9.021574,51.0,55.3318,816.1411,20.64,Drizzle: Light
2007-08-19 21:00:00+00:00,HAKKARİ,30,25.528,14.278,0.0,10.182337,2.0,45.389904,819.0425,21.18,Partly cloudy
2007-08-20 21:00:00+00:00,HAKKARİ,30,25.178,15.1779995,0.0,7.771331,3.0,45.435787,820.5904,23.48,Overcast
2007-08-21 21:00:00+00:00,HAKKARİ,30,25.828,11.878,0.7,9.114471,53.0,56.257206,819.5532,22.82,Drizzle: Moderate
2007-08-22 21:00:00+00:00,HAKKARİ,30,24.678,12.4279995,3.1,8.766573,61.0,66.61918,818.3176,21.17,Rain: Slight
2007-08-23 21:00:00+00:00,HAKKARİ,30,24.628,11.528,0.3,9.746631,51.0,64.15293,820.087,21.43,Drizzle: Light
2007-08-24 21:00:00+00:00,HAKKARİ,30,27.378,12.378,0.0,9.255571,1.0,47.626568,823.36945,25.07,Mainly clear
2007-08-25 21:00:00+00:00,HAKKARİ,30,27.778,14.9279995,0.2,9.422101,51.0,44.539383,822.0312,23.1,Drizzle: Light
2007-08-26 21:00:00+00:00,HAKKARİ,30,26.578,14.128,0.0,16.700275,2.0,42.881054,818.37695,23.61,Partly cloudy
2007-08-27 21:00:00+00:00,HAKKARİ,30,26.478,16.078001,0.0,10.495713,0.0,33.685696,819.8503,26.15,Clear sky
2007-08-28 21:00:00+00:00,HAKKARİ,30,26.928,14.828,0.0,10.739832,0.0,36.901814,820.559,26.1,Clear sky
2007-08-29 21:00:00+00:00,HAKKARİ,30,27.478,14.128,0.0,10.144082,0.0,33.010265,819.3697,25.96,Clear sky
2007-08-30 21:00:00+00:00,HAKKARİ,30,27.478,14.778,0.0,7.6367526,2.0,36.1926,818.439,23.75,Partly cloudy
2007-08-31 21:00:00+00:00,HAKKARİ,30,27.878,14.128,0.0,8.759178,1.0,41.944736,820.0549,24.92,Mainly clear
2007-09-01 21:00:00+00:00,HAKKARİ,30,27.978,13.478,0.0,10.483357,1.0,42.487305,820.41644,23.41,Mainly clear
2007-09-02 21:00:00+00:00,HAKKARİ,30,28.928,16.278,0.0,11.525623,2.0,36.676895,820.6223,21.49,Partly cloudy
2007-09-03 21:00:00+00:00,HAKKARİ,30,29.928,18.328,0.0,11.879999,0.0,26.040586,821.24756,24.9,Clear sky
2007-09-04 21:00:00+00:00,HAKKARİ,30,30.278,17.128,0.0,11.570515,0.0,23.288666,820.4384,24.58,Clear sky
2007-09-05 21:00:00+00:00,HAKKARİ,30,30.378,17.578001,0.0,9.746631,0.0,25.408224,819.23834,24.13,Clear sky
2007-09-06 21:00:00+00:00,HAKKARİ,30,30.378,17.128,0.0,8.4042845,0.0,26.709776,818.7502,24.26,Clear sky
2007-09-07 21:00:00+00:00,HAKKARİ,30,30.028,18.728,0.0,10.703569,0.0,24.249329,818.0105,24.44,Clear sky
2007-09-08 21:00:00+00:00,HAKKARİ,30,27.528,18.278,0.0,11.792404,0.0,24.506296,818.4814,24.44,Clear sky
2007-09-09 21:00:00+00:00,HAKKARİ,30,25.178,14.878,0.0,10.464797,0.0,27.089424,820.4106,24.46,Clear sky
2007-09-10 21:00:00+00:00,HAKKARİ,30,26.628,10.628,0.0,9.422101,0.0,24.400917,820.252,24.69,Clear sky
2007-09-11 21:00:00+00:00,HAKKARİ,30,26.978,10.078,0.0,9.255571,0.0,20.45959,819.4484,24.57,Clear sky
2007-09-12 21:00:00+00:00,HAKKARİ,30,25.978,13.6779995,0.0,11.013882,0.0,21.130741,818.1114,24.3,Clear sky
2007-09-13 21:00:00+00:00,HAKKARİ,30,24.578,12.1779995,0.0,10.163227,0.0,32.298317,818.9001,23.51,Clear sky
2007-09-14 21:00:00+00:00,HAKKARİ,30,25.028,10.478,0.0,9.83268,0.0,29.138191,820.28735,23.54,Clear sky
2007-09-15 21:00:00+00:00,HAKKARİ,30,24.578,13.528,0.0,11.019764,0.0,25.424927,818.66,23.3,Clear sky
2007-09-16 21:00:00+00:00,HAKKARİ,30,24.528,11.078,0.0,10.587918,0.0,28.238913,818.53656,22.59,Clear sky
2007-09-17 21:00:00+00:00,HAKKARİ,30,25.128,10.4279995,0.0,8.707238,0.0,29.793818,820.43646,22.51,Clear sky
2007-09-18 21:00:00+00:00,HAKKARİ,30,24.528,12.378,0.0,9.028754,2.0,31.816164,820.1047,21.37,Partly cloudy
2007-09-19 21:00:00+00:00,HAKKARİ,30,25.578,11.978,0.0,9.511088,0.0,26.971807,820.53375,22.35,Clear sky
2007-09-20 21:00:00+00:00,HAKKARİ,30,26.428,11.628,0.0,7.42159,0.0,29.88652,822.4681,21.74,Clear sky
2007-09-21 21:00:00+00:00,HAKKARİ,30,26.878,12.828,0.0,11.367109,0.0,33.17205,822.41144,21.55,Clear sky
2007-09-22 21:00:00+00:00,HAKKARİ,30,26.478,14.378,0.0,11.879999,0.0,31.38326,820.95,21.43,Clear sky
2007-09-23 21:00:00+00:00,HAKKARİ,30,25.578,15.078,0.0,11.631956,0.0,24.412947,819.0489,21.84,Clear sky
2007-09-24 21:00:00+00:00,HAKKARİ,30,21.578,14.078,0.0,11.720751,0.0,34.315952,819.16437,21.41,Clear sky
2007-09-25 21:00:00+00:00,HAKKARİ,30,22.628,6.7279997,0.0,8.049845,0.0,42.299862,820.3732,21.29,Clear sky
2007-09-26 21:00:00+00:00,HAKKARİ,30,24.028,9.478,0.0,8.825508,0.0,40.658493,822.0518,20.76,Clear sky
2007-09-27 21:00:00+00:00,HAKKARİ,30,23.828,10.128,1.6,8.825508,55.0,47.193836,821.18945,18.89,Drizzle: Dense
2007-09-28 21:00:00+00:00,HAKKARİ,30,20.028,8.328,3.1,9.107359,61.0,58.652813,819.6658,16.11,Rain: Slight
2007-09-29 21:00:00+00:00,HAKKARİ,30,19.228,6.6780005,2.5,9.565437,53.0,61.023804,821.40643,15.52,Drizzle: Moderate
2007-09-30 21:00:00+00:00,HAKKARİ,30,19.828,8.528,0.1,7.9932976,51.0,52.330063,822.3637,16.29,Drizzle: Light
2007-10-01 21:00:00+00:00,HAKKARİ,30,20.278,8.578,0.1,7.6367526,51.0,44.858234,822.58685,18.47,Drizzle: Light
2007-10-02 21:00:00+00:00,HAKKARİ,30,21.628,8.578,0.0,7.9526596,2.0,40.658867,823.9545,19.47,Partly cloudy
2007-10-03 21:00:00+00:00,HAKKARİ,30,21.128,9.428,0.0,7.9932976,2.0,36.119335,824.14606,18.54,Partly cloudy
2007-10-04 21:00:00+00:00,HAKKARİ,30,20.878,10.278,0.1,10.587917,51.0,37.99436,822.4512,14.25,Drizzle: Light
2007-10-05 21:00:00+00:00,HAKKARİ,30,19.428,10.828,0.0,14.404499,2.0,44.912064,819.74835,15.49,Partly cloudy
2007-10-06 21:00:00+00:00,HAKKARİ,30,17.378,10.378,0.0,8.654986,3.0,47.220917,820.2181,15.23,Overcast
2007-10-07 21:00:00+00:00,HAKKARİ,30,19.728,6.578,0.0,6.763786,3.0,49.69957,821.9029,15.61,Overcast
2007-10-08 21:00:00+00:00,HAKKARİ,30,20.628,8.528,0.1,6.489992,51.0,46.621105,823.4751,17.83,Drizzle: Light
2007-10-09 21:00:00+00:00,HAKKARİ,30,20.778,10.028,0.0,7.653705,3.0,43.154964,822.4825,17.62,Overcast
2007-10-10 21:00:00+00:00,HAKKARİ,30,19.728,9.878,0.3,8.78872,51.0,54.00334,821.62646,15.22,Drizzle: Light
2007-10-11 21:00:00+00:00,HAKKARİ,30,19.928,6.778,0.0,9.422101,2.0,54.43132,823.1518,15.9,Partly cloudy
2007-10-12 21:00:00+00:00,HAKKARİ,30,20.428,11.578,0.1,13.281023,51.0,40.862053,824.4746,16.42,Drizzle: Light
2007-10-13 21:00:00+00:00,HAKKARİ,30,19.128,11.778,1.8000001,13.1041975,53.0,55.66966,823.06445,14.52,Drizzle: Moderate
2007-10-14 21:00:00+00:00,HAKKARİ,30,19.228,11.078,1.6,13.5515,51.0,49.965855,822.4177,13.18,Drizzle: Light
2007-10-15 21:00:00+00:00,HAKKARİ,30,16.428,7.8780003,3.8000002,11.043261,53.0,67.29282,821.0987,13.16,Drizzle: Moderate
2007-10-16 21:00:00+00:00,HAKKARİ,30,15.228,5.1280003,0.4,10.308831,51.0,61.205357,817.4011,17.47,Drizzle: Light
2007-10-17 21:00:00+00:00,HAKKARİ,30,14.778,2.1780002,0.0,9.6932955,0.0,47.30238,819.1872,17.87,Clear sky
2007-10-18 21:00:00+00:00,HAKKARİ,30,16.428,5.828,0.0,9.504273,3.0,37.784054,821.8716,17.27,Overcast
2007-10-19 21:00:00+00:00,HAKKARİ,30,14.4279995,2.828,4.1,7.2805495,61.0,68.18104,822.8916,11.19,Rain: Slight
2007-10-20 21:00:00+00:00,HAKKARİ,30,16.328001,1.3780001,0.4,7.42159,51.0,70.87174,820.82745,14.82,Drizzle: Light
2007-10-21 21:00:00+00:00,HAKKARİ,30,17.478,6.328,0.1,7.9036193,51.0,57.33891,820.58344,15.56,Drizzle: Light
2007-10-22 21:00:00+00:00,HAKKARİ,30,17.828001,6.828,0.0,7.653705,2.0,54.35014,820.14746,15.44,Partly cloudy
2007-10-23 21:00:00+00:00,HAKKARİ,30,18.578,5.778,0.0,7.5599995,2.0,51.42568,821.28955,15.51,Partly cloudy
2007-10-24 21:00:00+00:00,HAKKARİ,30,19.728,6.1780005,0.0,7.2,3.0,43.736557,823.38574,15.34,Overcast
2007-10-25 21:00:00+00:00,HAKKARİ,30,18.078,9.428,0.1,8.404285,51.0,51.641438,823.8489,13.25,Drizzle: Light
2007-10-26 21:00:00+00:00,HAKKARİ,30,15.1779995,10.6779995,0.1,13.009903,51.0,55.407497,821.50494,12.68,Drizzle: Light
2007-10-27 21:00:00+00:00,HAKKARİ,30,14.278,7.4280005,0.0,10.308831,3.0,53.71597,819.134,12.03,Overcast
2007-10-28 21:00:00+00:00,HAKKARİ,30,14.078,5.9280005,0.0,8.759178,3.0,49.767803,818.82745,15.25,Overcast
2007-10-29 21:00:00+00:00,HAKKARİ,30,14.1779995,5.078,0.0,7.9526596,2.0,40.312893,818.752,15.44,Partly cloudy
2007-10-30 21:00:00+00:00,HAKKARİ,30,10.578,3.3780003,3.5,5.771239,73.0,69.65341,818.55444,9.89,Snow fall: Moderate
2007-10-31 21:00:00+00:00,HAKKARİ,30,12.978,0.47800016,0.0,7.928178,3.0,67.81999,818.38116,13.41,Overcast
2007-11-01 21:00:00+00:00,HAKKARİ,30,14.278,1.4280001,0.0,8.287822,1.0,59.072296,817.3362,14.88,Mainly clear
2007-11-02 21:00:00+00:00,HAKKARİ,30,12.1779995,4.478,0.2,11.183201,51.0,64.929504,812.6585,12.61,Drizzle: Light
2007-11-03 21:00:00+00:00,HAKKARİ,30,11.578,1.9780002,0.0,7.42159,1.0,69.183685,815.06134,14.33,Mainly clear
2007-11-04 21:00:00+00:00,HAKKARİ,30,11.278,2.7280002,0.0,9.0,2.0,62.85536,819.0659,14.45,Partly cloudy
2007-11-05 21:00:00+00:00,HAKKARİ,30,11.028,4.728,2.8000002,9.387651,53.0,75.50875,818.378,9.84,Drizzle: Moderate
2007-11-06 21:00:00+00:00,HAKKARİ,30,9.628,4.6780005,12.2,10.182337,55.0,88.27814,814.60114,9.12,Drizzle: Dense
2007-11-07 21:00:00+00:00,HAKKARİ,30,10.128,4.278,0.0,12.413477,2.0,76.77531,815.32513,11.27,Partly cloudy
2007-11-08 21:00:00+00:00,HAKKARİ,30,6.6780005,2.6280003,10.400001,8.654986,73.0,92.07452,814.7238,6.25,Snow fall: Moderate
2007-11-09 21:00:00+00:00,HAKKARİ,30,8.078,2.028,0.8000001,7.9036193,71.0,81.30482,814.22656,11.49,Snow fall: Slight
2007-11-10 21:00:00+00:00,HAKKARİ,30,6.7279997,0.57800007,11.200001,10.163227,75.0,91.425896,813.04315,6.73,Snow fall: Heavy
2007-11-11 21:00:00+00:00,HAKKARİ,30,5.1780005,-2.8219998,22.499998,8.350138,75.0,74.88532,812.84375,12.4,Snow fall: Heavy
2007-11-12 21:00:00+00:00,HAKKARİ,30,6.2279997,-12.772,0.0,7.208994,1.0,53.712368,812.9822,14.12,Mainly clear
2007-11-13 21:00:00+00:00,HAKKARİ,30,5.478,-6.672,0.0,5.692099,2.0,63.710224,813.7872,13.23,Partly cloudy
2007-11-14 21:00:00+00:00,HAKKARİ,30,9.778,-9.022,0.0,6.130579,3.0,70.43194,816.726,11.47,Overcast
2007-11-15 21:00:00+00:00,HAKKARİ,30,9.528,1.0780001,0.0,5.771239,3.0,65.704384,818.7207,13.19,Overcast
2007-11-16 21:00:00+00:00,HAKKARİ,30,9.978,-6.8719997,0.0,7.5685663,3.0,65.80731,815.6066,13.1,Overcast
2007-11-17 21:00:00+00:00,HAKKARİ,30,10.628,-1.0719998,0.0,6.130579,1.0,56.842182,813.4296,12.94,Mainly clear
2007-11-18 21:00:00+00:00,HAKKARİ,30,9.528,-2.472,0.0,6.28713,3.0,61.776505,814.0893,11.96,Overcast
2007-11-19 21:00:00+00:00,HAKKARİ,30,9.978,1.4280001,1.0,10.464798,71.0,55.385742,815.96533,10.57,Snow fall: Slight
2007-11-20 21:00:00+00:00,HAKKARİ,30,5.1280003,0.6780001,22.8,7.208994,75.0,94.09415,812.414,4.13,Snow fall: Heavy
2007-11-21 21:00:00+00:00,HAKKARİ,30,3.078,-0.7219999,9.6,6.4799995,75.0,87.45401,813.50415,7.93,Snow fall: Heavy
2007-11-22 21:00:00+00:00,HAKKARİ,30,2.128,-3.722,15.900001,5.3517847,75.0,88.27776,814.85516,7.41,Snow fall: Heavy
2007-11-23 21:00:00+00:00,HAKKARİ,30,0.72800016,-5.3219995,0.6,6.5693827,71.0,84.057335,816.3894,10.28,Snow fall: Slight
2007-11-24 21:00:00+00:00,HAKKARİ,30,1.9780002,-12.922,0.0,11.885453,3.0,68.57652,815.0249,12.81,Overcast
2007-11-25 21:00:00+00:00,HAKKARİ,30,3.3780003,-19.222,0.0,10.464798,0.0,58.6828,812.4875,12.9,Clear sky
2007-11-26 21:00:00+00:00,HAKKARİ,30,3.678,-12.422,0.0,6.849467,3.0,42.778336,812.43286,11.61,Overcast
2007-11-27 21:00:00+00:00,HAKKARİ,30,2.828,-4.222,4.8,6.12,75.0,73.48557,811.69867,10.08,Snow fall: Heavy
2007-11-28 21:00:00+00:00,HAKKARİ,30,1.2280002,-8.022,5.0,10.805999,75.0,84.7427,811.9484,9.21,Snow fall: Heavy
2007-11-29 21:00:00+00:00,HAKKARİ,30,4.9280005,-18.822,0.0,12.261158,0.0,47.96046,811.28876,12.65,Clear sky
2007-11-30 21:00:00+00:00,HAKKARİ,30,5.228,-3.5719998,0.0,5.0528407,3.0,31.329432,813.32465,10.69,Overcast
2007-12-01 21:00:00+00:00,HAKKARİ,30,0.9280001,-2.5719998,13.099999,6.489992,75.0,88.12823,807.3299,3.11,Snow fall: Heavy
2007-12-02 21:00:00+00:00,HAKKARİ,30,0.22800016,-7.422,0.0,9.007196,3.0,71.39167,809.4524,10.79,Overcast
2007-12-03 21:00:00+00:00,HAKKARİ,30,0.72800016,-9.472,0.0,5.4119864,3.0,61.894184,813.232,11.28,Overcast
2007-12-04 21:00:00+00:00,HAKKARİ,30,1.2280002,-5.922,1.1,5.0528407,71.0,75.973595,815.2766,4.82,Snow fall: Slight
2007-12-05 21:00:00+00:00,HAKKARİ,30,3.3780003,-7.5720005,16.900002,5.6002855,75.0,92.85137,813.0511,5.9,Snow fall: Heavy
2007-12-06 21:00:00+00:00,HAKKARİ,30,3.028,-1.2719998,31.300005,6.5693827,75.0,96.22733,809.4316,6.86,Snow fall: Heavy
2007-12-07 21:00:00+00:00,HAKKARİ,30,1.9280001,-2.372,0.4,6.439876,71.0,89.36542,812.74286,9.33,Snow fall: Slight
2007-12-08 21:00:00+00:00,HAKKARİ,30,1.1280001,-8.3220005,0.0,8.311245,3.0,81.90872,812.56104,10.4,Overcast
2007-12-09 21:00:00+00:00,HAKKARİ,30,1.5780001,-14.271999,0.0,6.130579,3.0,77.76743,811.8139,10.62,Overcast
2007-12-10 21:00:00+00:00,HAKKARİ,30,3.1280003,-1.9219999,1.7000002,5.6920996,71.0,93.101234,816.02686,5.14,Snow fall: Slight
2007-12-11 21:00:00+00:00,HAKKARİ,30,4.4280005,-4.922,0.0,7.6367526,3.0,85.77068,814.8195,10.11,Overcast
2007-12-12 21:00:00+00:00,HAKKARİ,30,3.6280003,-6.972,1.3,6.489992,73.0,91.991005,811.5557,6.61,Snow fall: Moderate
2007-12-13 21:00:00+00:00,HAKKARİ,30,2.2280002,-0.9719999,16.9,8.311245,75.0,96.96124,811.30597,3.7,Snow fall: Heavy
2007-12-14 21:00:00+00:00,HAKKARİ,30,2.4280002,-1.122,2.4,7.0911775,75.0,87.80884,814.8422,8.72,Snow fall: Heavy
2007-12-15 21:00:00+00:00,HAKKARİ,30,2.928,-8.272,0.0,7.5685663,3.0,78.95293,812.8254,10.5,Overcast
2007-12-16 21:00:00+00:00,HAKKARİ,30,-0.12199998,-4.472,3.7,6.849467,73.0,82.967285,811.8885,7.01,Snow fall: Moderate
2007-12-17 21:00:00+00:00,HAKKARİ,30,-1.5219998,-9.772,1.3000001,8.28,71.0,87.48923,810.4995,8.02,Snow fall: Slight
2007-12-18 21:00:00+00:00,HAKKARİ,30,-4.422,-8.122,6.7999997,7.5942073,73.0,88.01102,807.65314,8.19,Snow fall: Moderate
2007-12-19 21:00:00+00:00,HAKKARİ,30,-3.972,-16.522,0.0,7.928178,2.0,66.06998,810.08295,11.27,Partly cloudy
2007-12-20 21:00:00+00:00,HAKKARİ,30,-3.472,-16.122,0.0,6.130579,0.0,61.665466,809.86505,11.3,Clear sky
2007-12-21 21:00:00+00:00,HAKKARİ,30,-2.372,-17.222,0.0,7.92,0.0,64.63157,811.3692,11.34,Clear sky
2007-12-22 21:00:00+00:00,HAKKARİ,30,0.17800009,-19.622,0.0,8.64,0.0,60.92094,811.7442,11.55,Clear sky
2007-12-23 21:00:00+00:00,HAKKARİ,30,0.07800007,-14.122,0.0,8.287822,0.0,43.273235,811.3599,11.79,Clear sky
2007-12-24 21:00:00+00:00,HAKKARİ,30,-0.622,-15.622,0.0,9.3669195,3.0,42.616352,810.68097,11.81,Overcast
2007-12-25 21:00:00+00:00,HAKKARİ,30,-1.5719998,-18.472,0.0,9.726665,3.0,58.952473,813.49854,11.44,Overcast
2007-12-26 21:00:00+00:00,HAKKARİ,30,-1.1719999,-22.322,0.0,8.287822,3.0,55.820374,812.7022,11.74,Overcast
2007-12-27 21:00:00+00:00,HAKKARİ,30,-0.5719998,-11.772,0.0,6.4799995,3.0,31.911507,813.23737,10.77,Overcast
2007-12-28 21:00:00+00:00,HAKKARİ,30,-1.6719999,-9.222,0.0,6.489992,3.0,35.42396,811.70844,11.66,Overcast
2007-12-29 21:00:00+00:00,HAKKARİ,30,-2.972,-9.3220005,1.5000001,5.4477882,71.0,77.55027,811.9887,9.01,Snow fall: Slight
2007-12-30 21:00:00+00:00,HAKKARİ,30,-3.622,-14.5720005,0.0,5.4119864,3.0,85.84736,812.0679,10.45,Overcast
2007-12-31 21:00:00+00:00,HAKKARİ,30,-3.0719998,-16.372,0.0,8.64,3.0,66.138214,809.8587,9.95,Overcast
2008-01-01 21:00:00+00:00,HAKKARİ,30,-0.77199984,-6.672,0.0,3.6179552,3.0,55.518463,809.64874,11.05,Overcast
2008-01-02 21:00:00+00:00,HAKKARİ,30,-1.0219998,-10.3220005,0.0,5.3999996,1.0,81.16543,810.6431,10.86,Mainly clear
2008-01-03 21:00:00+00:00,HAKKARİ,30,-0.12199998,-12.772,1.3,6.130579,73.0,85.63911,812.4582,10.13,Snow fall: Moderate
2008-01-04 21:00:00+00:00,HAKKARİ,30,-2.472,-9.222,21.600004,7.5942073,75.0,91.13611,809.2246,8.77,Snow fall: Heavy
2008-01-05 21:00:00+00:00,HAKKARİ,30,-6.672,-14.922001,1.3000001,12.074766,73.0,72.53837,809.4753,11.88,Snow fall: Moderate
2008-01-06 21:00:00+00:00,HAKKARİ,30,-7.7720003,-20.922,0.0,10.8955765,2.0,64.878624,807.7692,12.32,Partly cloudy
2008-01-07 21:00:00+00:00,HAKKARİ,30,-8.972,-21.622,0.0,6.8399997,3.0,50.91777,805.6795,12.09,Overcast
2008-01-08 21:00:00+00:00,HAKKARİ,30,-7.5220003,-22.322,0.0,6.8399997,1.0,63.236847,807.68896,12.52,Mainly clear
2008-01-09 21:00:00+00:00,HAKKARİ,30,-7.5720005,-23.172,0.0,7.6367526,3.0,59.034138,808.028,12.56,Overcast
2008-01-10 21:00:00+00:00,HAKKARİ,30,-10.372,-24.122,0.0,10.931203,3.0,71.01861,806.457,10.34,Overcast
2008-01-11 21:00:00+00:00,HAKKARİ,30,-8.722,-18.722,0.0,12.074766,3.0,73.37837,810.7437,12.58,Overcast
2008-01-12 21:00:00+00:00,HAKKARİ,30,-10.122,-23.372,0.0,11.792404,2.0,74.15141,811.0811,12.75,Partly cloudy
2008-01-13 21:00:00+00:00,HAKKARİ,30,-10.472,-23.822,0.0,13.138765,2.0,68.29366,811.56525,13.0,Partly cloudy
2008-01-14 21:00:00+00:00,HAKKARİ,30,-4.8219995,-21.872,0.0,13.698934,0.0,47.37414,810.99854,13.31,Clear sky
2008-01-15 21:00:00+00:00,HAKKARİ,30,-1.5719998,-16.722,0.0,7.5599995,3.0,31.980104,813.48566,13.43,Overcast
2008-01-16 21:00:00+00:00,HAKKARİ,30,-0.7219999,-8.622,0.0,5.4119864,3.0,30.151129,818.20245,13.06,Overcast
2008-01-17 21:00:00+00:00,HAKKARİ,30,0.028000116,-11.672,0.0,7.5599995,3.0,46.740025,815.46265,13.3,Overcast
2008-01-18 21:00:00+00:00,HAKKARİ,30,-0.021999836,-13.172,0.0,8.647496,2.0,45.597553,812.1975,13.44,Partly cloudy
2008-01-19 21:00:00+00:00,HAKKARİ,30,-1.4219999,-9.972,0.0,6.849467,2.0,44.858486,811.99493,13.48,Partly cloudy
2008-01-20 21:00:00+00:00,HAKKARİ,30,-1.1719999,-17.972,0.0,8.647496,1.0,50.967392,810.0393,13.75,Mainly clear
2008-01-21 21:00:00+00:00,HAKKARİ,30,2.8780003,-16.122,0.0,8.28,3.0,45.93443,808.353,13.59,Overcast
2008-01-22 21:00:00+00:00,HAKKARİ,30,-1.0219998,-7.3719997,0.9,10.105681,71.0,61.662075,806.45087,6.75,Snow fall: Slight
2008-01-23 21:00:00+00:00,HAKKARİ,30,1.5780001,-11.022,0.0,10.086427,1.0,65.273125,809.64435,13.59,Mainly clear
2008-01-24 21:00:00+00:00,HAKKARİ,30,0.47800016,-7.3719997,0.0,4.32,1.0,68.37708,810.8699,13.77,Mainly clear
2008-01-25 21:00:00+00:00,HAKKARİ,30,-0.22199988,-13.922,0.0,7.342588,2.0,80.13011,806.30975,12.35,Partly cloudy
2008-01-26 21:00:00+00:00,HAKKARİ,30,-2.222,-12.5720005,0.6,9.422101,71.0,85.634254,806.6235,11.67,Snow fall: Slight
2008-01-27 21:00:00+00:00,HAKKARİ,30,-2.8219998,-8.5720005,8.2,10.137692,75.0,90.75396,808.7942,7.26,Snow fall: Heavy
2008-01-28 21:00:00+00:00,HAKKARİ,30,-1.7719998,-4.3719997,45.0,8.825508,75.0,95.25943,808.1636,3.33,Snow fall: Heavy
2008-01-29 21:00:00+00:00,HAKKARİ,30,-2.522,-5.422,43.9,8.311245,75.0,91.91641,801.7285,5.49,Snow fall: Heavy
2008-01-30 21:00:00+00:00,HAKKARİ,30,-2.522,-6.722,10.200001,6.297428,75.0,83.2252,803.8137,7.62,Snow fall: Heavy
2008-01-31 21:00:00+00:00,HAKKARİ,30,-3.622,-13.272,0.0,8.287822,3.0,70.73581,809.9312,13.92,Overcast
2008-02-01 21:00:00+00:00,HAKKARİ,30,-3.022,-14.222,0.0,9.726665,1.0,60.26005,811.7109,15.22,Mainly clear
2008-02-02 21:00:00+00:00,HAKKARİ,30,-0.9719999,-18.322,0.0,11.901798,1.0,56.822876,813.60767,15.72,Mainly clear
2008-02-03 21:00:00+00:00,HAKKARİ,30,1.1780001,-12.3220005,0.0,10.853866,0.0,41.322453,816.523,15.94,Clear sky
2008-02-04 21:00:00+00:00,HAKKARİ,30,0.97800016,-13.422,0.0,8.28,0.0,37.666164,815.6975,15.95,Clear sky
2008-02-05 21:00:00+00:00,HAKKARİ,30,1.0280001,-9.472,0.0,5.3999996,0.0,37.17156,816.4488,15.98,Clear sky
2008-02-06 21:00:00+00:00,HAKKARİ,30,1.7780001,-7.8220005,0.0,4.32,0.0,32.676395,815.26666,16.18,Clear sky
2008-02-07 21:00:00+00:00,HAKKARİ,30,1.1780001,-4.8219995,2.8,4.6800003,73.0,40.64185,814.886,13.62,Snow fall: Moderate
2008-02-08 21:00:00+00:00,HAKKARİ,30,2.078,-5.972,1.2,6.130579,73.0,77.22978,819.013,15.85,Snow fall: Moderate
2008-02-09 21:00:00+00:00,HAKKARİ,30,4.478,-8.622,0.0,7.5685663,1.0,51.064316,817.0135,16.9,Mainly clear
2008-02-10 21:00:00+00:00,HAKKARİ,30,1.4280001,-4.5719995,7.7,6.379216,75.0,53.042053,812.9318,14.53,Snow fall: Heavy
2008-02-11 21:00:00+00:00,HAKKARİ,30,0.62800014,-5.2720003,21.100006,5.6920996,75.0,88.25617,808.70776,9.21,Snow fall: Heavy
2008-02-12 21:00:00+00:00,HAKKARİ,30,0.37800014,-3.522,3.1000001,6.638072,73.0,91.464195,811.67914,12.26,Snow fall: Moderate
2008-02-13 21:00:00+00:00,HAKKARİ,30,-0.8219998,-4.222,7.0,6.5693827,73.0,93.21351,810.4778,9.8,Snow fall: Moderate
2008-02-14 21:00:00+00:00,HAKKARİ,30,-0.622,-4.3719997,8.8,4.510787,75.0,90.11319,807.389,10.25,Snow fall: Heavy
2008-02-15 21:00:00+00:00,HAKKARİ,30,-4.2720003,-7.8719997,0.0,8.766573,71.0,85.33123,813.98956,15.53,Snow fall: Slight
2008-02-16 21:00:00+00:00,HAKKARİ,30,-1.3219998,-7.222,0.0,6.519877,3.0,84.674736,814.78656,13.99,Overcast
2008-02-17 21:00:00+00:00,HAKKARİ,30,2.1780002,-3.372,11.9,5.1165614,75.0,84.73766,812.2657,12.32,Snow fall: Heavy
2008-02-18 21:00:00+00:00,HAKKARİ,30,-1.1719999,-8.122,18.9,12.43434,75.0,89.29577,805.19794,12.75,Snow fall: Heavy
2008-02-19 21:00:00+00:00,HAKKARİ,30,-5.7720003,-9.772,1.5000002,8.209263,71.0,76.95079,811.2603,14.57,Snow fall: Slight
2008-02-20 21:00:00+00:00,HAKKARİ,30,-0.9719999,-13.872,0.0,8.669949,1.0,50.411,817.9382,18.77,Mainly clear
2008-02-21 21:00:00+00:00,HAKKARİ,30,1.7780001,-12.5720005,0.0,7.2,0.0,49.004196,817.40356,18.86,Clear sky
2008-02-22 21:00:00+00:00,HAKKARİ,30,1.3280001,-8.422,0.0,6.8399997,1.0,49.46011,816.41455,18.66,Mainly clear
2008-02-23 21:00:00+00:00,HAKKARİ,30,0.9280001,-6.922,0.0,4.896529,71.0,59.387257,814.00336,15.97,Snow fall: Slight
2008-02-24 21:00:00+00:00,HAKKARİ,30,0.62800014,-3.772,8.3,9.085988,75.0,70.58846,812.3741,9.01,Snow fall: Heavy
2008-02-25 21:00:00+00:00,HAKKARİ,30,1.9780002,-3.222,23.0,5.991594,75.0,88.80175,810.18536,8.94,Snow fall: Heavy
2008-02-26 21:00:00+00:00,HAKKARİ,30,4.778,-7.8719997,0.0,7.2,3.0,76.29884,814.4175,17.11,Overcast
2008-02-27 21:00:00+00:00,HAKKARİ,30,5.728,-9.5720005,0.0,6.130579,3.0,63.084454,817.72876,19.96,Overcast
2008-02-28 21:00:00+00:00,HAKKARİ,30,4.278,-3.5719998,0.0,6.162207,3.0,61.499203,815.6841,18.89,Overcast
2008-02-29 21:00:00+00:00,HAKKARİ,30,4.1280003,-2.472,0.2,7.10031,71.0,82.154594,814.1984,17.38,Snow fall: Slight
2008-03-01 21:00:00+00:00,HAKKARİ,30,4.728,-3.522,0.0,7.5170207,3.0,83.01079,811.4404,19.26,Overcast
2008-03-02 21:00:00+00:00,HAKKARİ,30,2.778,-1.7719998,17.600002,5.815978,75.0,94.28895,806.855,8.43,Snow fall: Heavy
2008-03-03 21:00:00+00:00,HAKKARİ,30,4.028,-4.2720003,0.90000004,7.5685663,73.0,64.05102,809.1519,20.73,Snow fall: Moderate
2008-03-04 21:00:00+00:00,HAKKARİ,30,10.228,-7.172,0.0,7.5685663,3.0,46.572514,815.64136,21.29,Overcast
2008-03-05 21:00:00+00:00,HAKKARİ,30,8.728,1.4780002,0.0,4.73506,3.0,40.14126,816.7037,18.51,Overcast
2008-03-06 21:00:00+00:00,HAKKARİ,30,8.978,1.1780001,0.0,6.130579,3.0,53.71375,817.2046,21.16,Overcast
2008-03-07 21:00:00+00:00,HAKKARİ,30,12.078,-2.972,0.0,7.5685663,3.0,47.343998,819.282,21.86,Overcast
2008-03-08 21:00:00+00:00,HAKKARİ,30,13.728,3.8780003,0.0,6.489992,3.0,35.621628,820.6773,17.06,Overcast
2008-03-09 21:00:00+00:00,HAKKARİ,30,9.928,5.1780005,0.5,7.208994,51.0,41.451557,818.02905,19.8,Drizzle: Light
2008-03-10 21:00:00+00:00,HAKKARİ,30,9.478,4.6780005,0.1,9.3669195,51.0,66.846825,813.8554,20.71,Drizzle: Light
2008-03-11 21:00:00+00:00,HAKKARİ,30,7.078,2.678,0.0,8.311245,2.0,68.608604,811.61273,21.93,Partly cloudy
2008-03-12 21:00:00+00:00,HAKKARİ,30,7.1280003,1.2780001,19.800001,8.209263,75.0,82.488075,806.2636,14.66,Snow fall: Heavy
2008-03-13 21:00:00+00:00,HAKKARİ,30,3.028,-0.92199993,21.3,8.825508,75.0,94.60064,803.52936,13.08,Snow fall: Heavy
2008-03-14 21:00:00+00:00,HAKKARİ,30,1.1780001,-1.9719999,14.900003,7.42159,75.0,89.319695,806.5888,17.39,Snow fall: Heavy
2008-03-15 21:00:00+00:00,HAKKARİ,30,2.7280002,-4.222,0.0,9.1641035,3.0,81.64732,813.81537,19.56,Overcast
2008-03-16 21:00:00+00:00,HAKKARİ,30,5.478,-5.422,0.0,6.849467,3.0,76.095665,814.5701,22.92,Overcast
2008-03-17 21:00:00+00:00,HAKKARİ,30,7.028,-2.0719998,0.0,6.151683,3.0,60.460926,812.82733,23.73,Overcast
2008-03-18 21:00:00+00:00,HAKKARİ,30,7.6780005,0.62800014,0.0,8.4963045,3.0,69.220535,812.31396,21.99,Overcast
2008-03-19 21:00:00+00:00,HAKKARİ,30,7.278,1.0780001,0.0,7.8625183,3.0,79.56985,812.80524,22.98,Overcast
2008-03-20 21:00:00+00:00,HAKKARİ,30,8.178,0.87800014,0.2,9.686609,51.0,86.1887,813.62506,20.51,Drizzle: Light
2008-03-21 21:00:00+00:00,HAKKARİ,30,10.478,0.62800014,0.0,7.342588,3.0,73.3299,814.4732,22.52,Overcast
2008-03-22 21:00:00+00:00,HAKKARİ,30,14.228,6.078,0.0,6.924738,3.0,55.539,817.13745,23.53,Overcast
2008-03-23 21:00:00+00:00,HAKKARİ,30,15.778,5.8780003,0.0,6.162207,3.0,43.61295,818.1303,23.4,Overcast
2008-03-24 21:00:00+00:00,HAKKARİ,30,13.078,7.7279997,0.0,6.87779,2.0,48.740814,812.48553,24.09,Partly cloudy
2008-03-25 21:00:00+00:00,HAKKARİ,30,11.028,5.978,0.3,6.489992,51.0,55.629807,809.49603,22.9,Drizzle: Light
2008-03-26 21:00:00+00:00,HAKKARİ,30,10.028,4.228,0.0,6.725354,1.0,60.16817,808.34064,24.93,Mainly clear
2008-03-27 21:00:00+00:00,HAKKARİ,30,9.378,4.078,0.0,9.114471,3.0,64.780914,810.2549,24.51,Overcast
2008-03-28 21:00:00+00:00,HAKKARİ,30,10.128,2.7280002,0.0,6.4799995,3.0,57.17008,813.5095,25.05,Overcast
2008-03-29 21:00:00+00:00,HAKKARİ,30,12.328,5.1780005,0.0,7.5942073,2.0,46.115158,813.01855,25.42,Partly cloudy
2008-03-30 21:00:00+00:00,HAKKARİ,30,9.978,5.028,1.7,6.2145634,53.0,65.16512,809.9412,22.47,Drizzle: Moderate
2008-03-31 21:00:00+00:00,HAKKARİ,30,7.778,2.128,2.6999998,10.799999,73.0,79.470795,809.2283,21.62,Snow fall: Moderate
2008-04-01 21:00:00+00:00,HAKKARİ,30,5.528,-0.67199993,0.1,9.957108,51.0,80.19254,811.5998,21.09,Drizzle: Light
2008-04-02 21:00:00+00:00,HAKKARİ,30,7.528,-2.022,0.0,9.220499,3.0,74.761475,812.2475,24.92,Overcast
2008-04-03 21:00:00+00:00,HAKKARİ,30,6.4779997,0.9280001,4.8,9.422101,73.0,80.77382,808.49835,19.21,Snow fall: Moderate
2008-04-04 21:00:00+00:00,HAKKARİ,30,7.828,-0.42199993,0.0,10.787993,3.0,72.07593,810.6501,22.59,Overcast
2008-04-05 21:00:00+00:00,HAKKARİ,30,10.328,0.47800016,0.0,5.991594,3.0,68.17619,815.3662,25.64,Overcast
2008-04-06 21:00:00+00:00,HAKKARİ,30,9.478,5.728,2.8000002,6.297428,53.0,76.30943,813.8493,21.08,Drizzle: Moderate
2008-04-07 21:00:00+00:00,HAKKARİ,30,9.578,3.6280003,0.3,9.531505,51.0,75.16171,809.8266,24.75,Drizzle: Light
2008-04-08 21:00:00+00:00,HAKKARİ,30,5.728,1.4280001,9.5,7.928178,75.0,86.60437,810.20245,17.36,Snow fall: Heavy
2008-04-09 21:00:00+00:00,HAKKARİ,30,7.7279997,0.37800014,0.0,9.686609,3.0,71.709816,814.37225,23.83,Overcast
2008-04-10 21:00:00+00:00,HAKKARİ,30,7.328,2.578,1.4,6.28713,73.0,80.77549,815.78864,14.72,Snow fall: Moderate
2008-04-11 21:00:00+00:00,HAKKARİ,30,11.128,0.07800007,0.0,6.489992,3.0,75.005,815.0937,24.14,Overcast
2008-04-12 21:00:00+00:00,HAKKARİ,30,13.878,-0.7219999,0.0,9.0,0.0,66.6675,815.9521,27.28,Clear sky
2008-04-13 21:00:00+00:00,HAKKARİ,30,18.428,3.2280002,0.0,10.446206,3.0,57.05328,819.11456,26.34,Overcast
2008-04-14 21:00:00+00:00,HAKKARİ,30,16.628,4.278,0.0,8.287822,3.0,56.762188,817.5835,26.36,Overcast
2008-04-15 21:00:00+00:00,HAKKARİ,30,15.028,7.1280003,1.3000001,11.440979,53.0,57.604015,816.06055,23.46,Drizzle: Moderate
2008-04-16 21:00:00+00:00,HAKKARİ,30,12.828,3.778,0.0,14.512064,1.0,54.445496,812.4837,27.3,Mainly clear
2008-04-17 21:00:00+00:00,HAKKARİ,30,11.9279995,-0.622,0.0,10.086427,2.0,54.4549,813.4607,28.07,Partly cloudy
2008-04-18 21:00:00+00:00,HAKKARİ,30,11.728,5.1780005,0.0,12.4811535,3.0,57.18253,811.80133,24.42,Overcast
2008-04-19 21:00:00+00:00,HAKKARİ,30,13.228,2.378,0.5,7.928178,53.0,56.563976,811.293,25.75,Drizzle: Moderate
2008-04-20 21:00:00+00:00,HAKKARİ,30,13.978,3.4780002,0.0,8.654986,1.0,58.74782,814.46844,25.48,Mainly clear
2008-04-21 21:00:00+00:00,HAKKARİ,30,16.228,4.6780005,0.5,9.085988,51.0,63.969604,816.8171,25.92,Drizzle: Light
2008-04-22 21:00:00+00:00,HAKKARİ,30,20.878,3.078,1.4,9.387651,61.0,57.344074,821.50024,24.83,Rain: Slight
2008-04-23 21:00:00+00:00,HAKKARİ,30,19.828,8.278,0.0,9.339208,3.0,44.687313,821.5044,26.84,Overcast
2008-04-24 21:00:00+00:00,HAKKARİ,30,19.628,11.628,0.0,12.758432,3.0,37.296043,821.1347,27.76,Overcast
2008-04-25 21:00:00+00:00,HAKKARİ,30,20.528,12.278,0.0,9.114471,3.0,37.18343,822.78906,27.54,Overcast
2008-04-26 21:00:00+00:00,HAKKARİ,30,20.878,11.778,0.0,13.039754,3.0,36.9492,820.40894,26.42,Overcast
2008-04-27 21:00:00+00:00,HAKKARİ,30,18.278,11.078,0.2,11.457958,51.0,47.385777,817.2278,25.8,Drizzle: Light
2008-04-28 21:00:00+00:00,HAKKARİ,30,17.278,8.778,1.2,11.043261,51.0,56.983738,813.21387,18.16,Drizzle: Light
2008-04-29 21:00:00+00:00,HAKKARİ,30,14.328,7.028,7.3,11.090103,61.0,74.272255,814.3587,21.62,Rain: Slight
2008-04-30 21:00:00+00:00,HAKKARİ,30,14.9279995,4.028,0.4,11.090103,51.0,64.38535,815.0303,27.79,Drizzle: Light
2008-05-01 21:00:00+00:00,HAKKARİ,30,13.528,4.728,1.5,9.028754,53.0,62.030293,813.53705,26.57,Drizzle: Moderate
2008-05-02 21:00:00+00:00,HAKKARİ,30,11.728,3.7280002,8.700001,8.473393,61.0,86.14454,812.06274,21.64,Rain: Slight
2008-05-03 21:00:00+00:00,HAKKARİ,30,14.6779995,-0.3219998,0.4,15.03835,51.0,65.98983,813.22296,25.95,Drizzle: Light
2008-05-04 21:00:00+00:00,HAKKARİ,30,17.878,6.9280005,0.2,15.827721,51.0,47.260098,813.71466,26.31,Drizzle: Light
2008-05-05 21:00:00+00:00,HAKKARİ,30,13.278,7.028,2.4,13.979871,61.0,56.687,810.451,23.98,Rain: Slight
2008-05-06 21:00:00+00:00,HAKKARİ,30,12.128,3.528,0.0,15.546833,3.0,53.244125,808.9362,25.79,Overcast
2008-05-07 21:00:00+00:00,HAKKARİ,30,11.228,4.3780003,1.3000001,12.245293,51.0,61.841038,810.1507,20.53,Drizzle: Light
2008-05-08 21:00:00+00:00,HAKKARİ,30,8.128,3.028,11.099999,8.311245,73.0,87.10673,808.5905,12.12,Snow fall: Moderate
2008-05-09 21:00:00+00:00,HAKKARİ,30,9.478,2.4280002,5.4999995,8.825508,71.0,89.84378,811.85345,18.75,Snow fall: Slight
2008-05-10 21:00:00+00:00,HAKKARİ,30,11.128,1.5780001,2.0,10.30883,51.0,80.445854,814.628,25.48,Drizzle: Light
2008-05-11 21:00:00+00:00,HAKKARİ,30,12.828,1.9780002,0.1,14.77755,51.0,66.46612,814.3243,24.61,Drizzle: Light
2008-05-12 21:00:00+00:00,HAKKARİ,30,13.528,3.678,3.1000001,13.513193,55.0,67.24592,813.85406,23.86,Drizzle: Dense
2008-05-13 21:00:00+00:00,HAKKARİ,30,15.4279995,-1.9719999,0.0,8.373386,3.0,54.579716,813.7895,28.31,Overcast
2008-05-14 21:00:00+00:00,HAKKARİ,30,17.078001,4.578,0.4,11.384198,51.0,47.976093,817.01587,28.55,Drizzle: Light
2008-05-15 21:00:00+00:00,HAKKARİ,30,16.628,7.8780003,1.7,16.923828,53.0,60.960835,815.7701,25.75,Drizzle: Moderate
2008-05-16 21:00:00+00:00,HAKKARİ,30,16.728,8.328,0.0,9.255571,2.0,57.441635,818.23065,26.96,Partly cloudy
2008-05-17 21:00:00+00:00,HAKKARİ,30,17.728,5.528,1.3,10.137692,53.0,64.37098,816.44476,25.73,Drizzle: Moderate
2008-05-18 21:00:00+00:00,HAKKARİ,30,18.828,9.228,0.0,13.849476,1.0,51.801533,816.63934,30.02,Mainly clear
2008-05-19 21:00:00+00:00,HAKKARİ,30,17.928,8.578,1.3,10.787993,61.0,53.456676,817.2817,26.16,Rain: Slight
2008-05-20 21:00:00+00:00,HAKKARİ,30,21.328,4.4280005,0.0,7.92,2.0,54.27542,818.1379,29.76,Partly cloudy
2008-05-21 21:00:00+00:00,HAKKARİ,30,21.778,9.178,0.0,7.386582,3.0,43.28545,818.5257,28.05,Overcast
2008-05-22 21:00:00+00:00,HAKKARİ,30,23.628,9.428,0.0,8.427383,3.0,42.91226,817.6757,29.77,Overcast
2008-05-23 21:00:00+00:00,HAKKARİ,30,24.528,10.528,0.0,7.7043357,3.0,44.467716,818.3686,28.98,Overcast
2008-05-24 21:00:00+00:00,HAKKARİ,30,23.128,14.128,0.0,13.661038,3.0,41.04073,816.40326,28.3,Overcast
2008-05-25 21:00:00+00:00,HAKKARİ,30,19.228,12.028,0.0,14.145756,2.0,42.78674,814.6582,29.76,Partly cloudy
2008-05-26 21:00:00+00:00,HAKKARİ,30,18.478,10.728,0.4,11.753877,51.0,51.6405,816.55804,27.96,Drizzle: Light
2008-05-27 21:00:00+00:00,HAKKARİ,30,19.828,9.828,1.3000001,12.641076,55.0,54.13387,814.61566,26.36,Drizzle: Dense
2008-05-28 21:00:00+00:00,HAKKARİ,30,20.978,7.4280005,0.0,12.313894,0.0,53.166195,814.5718,30.31,Clear sky
2008-05-29 21:00:00+00:00,HAKKARİ,30,19.828,13.578,0.6,15.575981,51.0,43.477757,816.1071,27.3,Drizzle: Light
2008-05-30 21:00:00+00:00,HAKKARİ,30,21.178,9.628,0.0,10.495713,0.0,33.096867,817.55396,31.41,Clear sky
2008-05-31 21:00:00+00:00,HAKKARİ,30,22.128,10.078,0.0,11.592894,0.0,31.092333,817.97235,31.23,Clear sky
2008-06-01 21:00:00+00:00,HAKKARİ,30,23.078,12.028,0.3,13.570615,51.0,35.622402,817.1905,28.28,Drizzle: Light
2008-06-02 21:00:00+00:00,HAKKARİ,30,22.478,15.278,0.0,14.205182,2.0,34.962944,816.2593,27.57,Partly cloudy
2008-06-03 21:00:00+00:00,HAKKARİ,30,21.928,13.378,0.0,12.904882,0.0,35.421368,818.6097,30.77,Clear sky
2008-06-04 21:00:00+00:00,HAKKARİ,30,23.428,9.628,0.0,8.587338,0.0,33.1679,819.37384,31.3,Clear sky
2008-06-05 21:00:00+00:00,HAKKARİ,30,24.178,9.578,0.0,9.504272,1.0,35.241394,815.6707,30.13,Mainly clear
2008-06-06 21:00:00+00:00,HAKKARİ,30,23.078,13.6779995,0.0,12.522619,0.0,34.748463,813.81323,30.93,Clear sky
2008-06-07 21:00:00+00:00,HAKKARİ,30,22.028,12.628,0.0,10.703569,2.0,44.873783,814.5554,27.63,Partly cloudy
2008-06-08 21:00:00+00:00,HAKKARİ,30,23.728,11.828,0.0,10.883676,0.0,41.107433,815.6342,30.57,Clear sky
2008-06-09 21:00:00+00:00,HAKKARİ,30,24.028,12.4279995,0.0,11.090103,1.0,36.268448,815.23926,30.46,Mainly clear
2008-06-10 21:00:00+00:00,HAKKARİ,30,21.328,13.9279995,1.2,14.799459,53.0,38.725132,812.2513,28.0,Drizzle: Moderate
2008-06-11 21:00:00+00:00,HAKKARİ,30,18.278,11.378,1.3,12.879752,51.0,56.338367,812.9544,25.29,Drizzle: Light
2008-06-12 21:00:00+00:00,HAKKARİ,30,21.378,10.078,0.0,7.386582,3.0,47.21126,816.0666,27.42,Overcast
2008-06-13 21:00:00+00:00,HAKKARİ,30,23.628,11.028,0.0,9.693296,0.0,43.77479,815.51447,30.56,Clear sky
2008-06-14 21:00:00+00:00,HAKKARİ,30,25.678,11.978,0.0,10.1887,1.0,39.1707,814.0594,30.44,Mainly clear
2008-06-15 21:00:00+00:00,HAKKARİ,30,24.978,14.978,0.0,11.384199,0.0,32.47882,814.73566,31.05,Clear sky
2008-06-16 21:00:00+00:00,HAKKARİ,30,26.128,11.128,0.0,9.028754,1.0,40.013588,815.25946,29.47,Mainly clear
2008-06-17 21:00:00+00:00,HAKKARİ,30,22.928,12.228,0.3,10.163227,51.0,51.530243,814.4754,27.03,Drizzle: Light
2008-06-18 21:00:00+00:00,HAKKARİ,30,25.428,9.178,0.0,10.931203,0.0,50.315105,815.6796,30.86,Clear sky
2008-06-19 21:00:00+00:00,HAKKARİ,30,26.728,12.078,0.0,9.565437,2.0,40.913174,815.4651,30.11,Partly cloudy
2008-06-20 21:00:00+00:00,HAKKARİ,30,26.378,16.478,0.0,12.303366,1.0,31.490557,816.0244,29.95,Mainly clear
2008-06-21 21:00:00+00:00,HAKKARİ,30,25.178,16.528,0.0,14.05845,1.0,28.534544,816.7757,30.79,Mainly clear
2008-06-22 21:00:00+00:00,HAKKARİ,30,23.478,12.078,0.0,10.495713,2.0,46.942825,816.3713,27.69,Partly cloudy
2008-06-23 21:00:00+00:00,HAKKARİ,30,23.978,9.228,0.1,8.766573,51.0,52.696655,816.6612,27.35,Drizzle: Light
2008-06-24 21:00:00+00:00,HAKKARİ,30,27.378,13.828,0.0,7.42159,2.0,40.73975,818.93365,29.49,Partly cloudy
2008-06-25 21:00:00+00:00,HAKKARİ,30,28.278,13.9279995,0.0,8.473393,3.0,41.684536,820.5004,29.25,Overcast
2008-06-26 21:00:00+00:00,HAKKARİ,30,29.928,15.028,0.0,9.3876505,0.0,38.41084,821.1879,29.81,Clear sky
2008-06-27 21:00:00+00:00,HAKKARİ,30,31.128,17.478,0.0,10.383987,0.0,28.92997,818.50006,30.76,Clear sky
2008-06-28 21:00:00+00:00,HAKKARİ,30,28.978,15.528,0.0,12.181624,3.0,30.348694,815.91113,28.45,Overcast
2008-06-29 21:00:00+00:00,HAKKARİ,30,26.728,13.878,0.0,11.792404,3.0,48.95047,813.22577,23.98,Overcast
2008-06-30 21:00:00+00:00,HAKKARİ,30,25.478,10.828,0.0,10.805998,2.0,53.615067,813.80225,27.47,Partly cloudy
2008-07-01 21:00:00+00:00,HAKKARİ,30,26.028,15.878,0.2,12.641076,51.0,37.131786,815.3613,26.42,Drizzle: Light
2008-07-02 21:00:00+00:00,HAKKARİ,30,26.778,17.178,0.0,14.145756,0.0,24.886889,815.23456,31.3,Clear sky
2008-07-03 21:00:00+00:00,HAKKARİ,30,25.978,15.978,0.0,12.72283,0.0,21.721954,815.37964,31.23,Clear sky
2008-07-04 21:00:00+00:00,HAKKARİ,30,26.978,13.978,0.0,9.9571085,0.0,29.414375,816.2182,31.05,Clear sky
2008-07-05 21:00:00+00:00,HAKKARİ,30,27.378,16.778,0.0,10.495713,0.0,20.826357,815.5844,31.48,Clear sky
2008-07-06 21:00:00+00:00,HAKKARİ,30,28.678,13.478,0.0,10.703569,0.0,24.276731,814.157,31.07,Clear sky
2008-07-07 21:00:00+00:00,HAKKARİ,30,22.378,12.278,2.6,9.826088,61.0,65.19225,812.314,22.99,Rain: Slight
2008-07-08 21:00:00+00:00,HAKKARİ,30,26.578,9.028,0.0,10.24578,1.0,53.587276,815.1311,30.11,Mainly clear
2008-07-09 21:00:00+00:00,HAKKARİ,30,28.378,16.678,0.0,10.661107,0.0,30.745234,818.0503,30.83,Clear sky
2008-07-10 21:00:00+00:00,HAKKARİ,30,29.528,15.528,0.0,7.9932976,0.0,27.13581,818.38873,29.87,Clear sky
2008-07-11 21:00:00+00:00,HAKKARİ,30,29.778,16.928,0.0,8.854829,2.0,36.052563,816.9139,26.63,Partly cloudy
2008-07-12 21:00:00+00:00,HAKKARİ,30,30.028,16.278,0.0,11.901798,1.0,45.536175,817.6856,25.44,Mainly clear
2008-07-13 21:00:00+00:00,HAKKARİ,30,30.378,20.128,0.0,12.015589,0.0,31.747862,819.84503,30.09,Clear sky
2008-07-14 21:00:00+00:00,HAKKARİ,30,28.278,17.678,0.0,11.367109,0.0,27.430967,817.28644,31.2,Clear sky
2008-07-15 21:00:00+00:00,HAKKARİ,30,27.078,15.028,0.0,8.089993,2.0,43.126812,815.45654,21.25,Partly cloudy
2008-07-16 21:00:00+00:00,HAKKARİ,30,30.628,18.078,0.0,10.44,2.0,34.1157,816.49677,28.63,Partly cloudy
2008-07-17 21:00:00+00:00,HAKKARİ,30,30.728,19.828,0.0,11.770403,0.0,22.994215,817.875,30.81,Clear sky
2008-07-18 21:00:00+00:00,HAKKARİ,30,31.528,13.128,0.0,9.0,0.0,18.384796,818.12213,30.94,Clear sky
2008-07-19 21:00:00+00:00,HAKKARİ,30,32.278,17.528,0.0,11.304229,0.0,23.886656,819.06866,28.84,Clear sky
2008-07-20 21:00:00+00:00,HAKKARİ,30,32.328,21.178,0.0,14.77755,1.0,24.006807,820.23773,29.36,Mainly clear
2008-07-21 21:00:00+00:00,HAKKARİ,30,31.228,19.328,0.0,12.959999,0.0,26.481745,819.3831,30.07,Clear sky
2008-07-22 21:00:00+00:00,HAKKARİ,30,29.878,17.478,0.0,9.565437,0.0,23.465368,817.93536,30.03,Clear sky
2008-07-23 21:00:00+00:00,HAKKARİ,30,29.778,17.178,0.0,7.6367526,3.0,32.152267,818.5381,21.03,Overcast
2008-07-24 21:00:00+00:00,HAKKARİ,30,29.878,20.228,0.0,8.707237,3.0,31.89171,818.90326,21.69,Overcast
2008-07-25 21:00:00+00:00,HAKKARİ,30,32.378002,21.178,0.0,10.587918,1.0,26.453733,818.34845,29.78,Mainly clear
2008-07-26 21:00:00+00:00,HAKKARİ,30,30.728,20.778,0.0,13.084402,0.0,24.67465,817.0722,29.8,Clear sky
2008-07-27 21:00:00+00:00,HAKKARİ,30,30.328,17.178,0.0,10.1376915,0.0,23.100334,816.69476,30.42,Clear sky
2008-07-28 21:00:00+00:00,HAKKARİ,30,32.328,17.828001,0.0,11.252519,0.0,21.612768,816.7422,28.77,Clear sky
2008-07-29 21:00:00+00:00,HAKKARİ,30,33.378002,20.028,0.0,12.144331,1.0,27.301994,817.63696,27.37,Mainly clear
2008-07-30 21:00:00+00:00,HAKKARİ,30,33.178,20.878,0.0,10.823973,3.0,28.479774,818.8648,24.44,Overcast
2008-07-31 21:00:00+00:00,HAKKARİ,30,33.628002,20.628,0.0,11.525623,1.0,25.298414,820.43585,25.61,Mainly clear
2008-08-01 21:00:00+00:00,HAKKARİ,30,34.428,22.878,0.0,12.245294,1.0,24.799477,820.24554,25.83,Mainly clear
2008-08-02 21:00:00+00:00,HAKKARİ,30,33.828,20.428,0.0,12.849528,0.0,30.544336,818.5074,28.21,Clear sky
2008-08-03 21:00:00+00:00,HAKKARİ,30,33.028,20.328,0.0,12.6462,0.0,33.73146,817.6503,28.04,Clear sky
2008-08-04 21:00:00+00:00,HAKKARİ,30,32.878002,21.378,0.0,12.245294,0.0,28.35318,816.9664,28.74,Clear sky
2008-08-05 21:00:00+00:00,HAKKARİ,30,31.378,20.728,0.0,11.570515,0.0,27.703009,816.3811,28.91,Clear sky
2008-08-06 21:00:00+00:00,HAKKARİ,30,30.478,17.028,0.0,10.440001,0.0,30.459679,815.3616,28.7,Clear sky
2008-08-07 21:00:00+00:00,HAKKARİ,30,28.678,17.178,0.0,10.464798,1.0,36.329514,814.6756,26.42,Mainly clear
2008-08-08 21:00:00+00:00,HAKKARİ,30,25.178,15.228,0.4,8.587338,51.0,55.96934,815.7133,21.5,Drizzle: Light
2008-08-09 21:00:00+00:00,HAKKARİ,30,27.328,12.478,0.0,9.227524,3.0,50.30398,815.4568,24.24,Overcast
2008-08-10 21:00:00+00:00,HAKKARİ,30,28.328,17.578001,0.0,10.483357,1.0,37.255116,816.2573,23.49,Mainly clear
2008-08-11 21:00:00+00:00,HAKKARİ,30,28.428,18.478,0.0,7.10031,2.0,38.10144,816.3367,19.83,Partly cloudy
2008-08-12 21:00:00+00:00,HAKKARİ,30,29.078,17.128,0.0,9.3876505,1.0,40.88931,816.32886,24.19,Mainly clear
2008-08-13 21:00:00+00:00,HAKKARİ,30,29.078,15.078,0.0,11.013882,0.0,39.282856,816.2039,26.08,Clear sky
2008-08-14 21:00:00+00:00,HAKKARİ,30,28.828,13.628,0.0,12.522619,0.0,40.39804,815.6489,26.82,Clear sky
2008-08-15 21:00:00+00:00,HAKKARİ,30,28.528,16.878,0.0,12.620554,0.0,33.72237,817.27936,27.68,Clear sky
2008-08-16 21:00:00+00:00,HAKKARİ,30,29.028,18.928,0.0,12.964998,1.0,24.802877,820.1265,26.85,Mainly clear
2008-08-17 21:00:00+00:00,HAKKARİ,30,29.328,15.978,0.0,11.726277,2.0,28.737505,820.6407,24.69,Partly cloudy
2008-08-18 21:00:00+00:00,HAKKARİ,30,29.678,16.228,0.0,9.422101,2.0,34.173058,820.29663,24.66,Partly cloudy
2008-08-19 21:00:00+00:00,HAKKARİ,30,29.678,19.278,0.0,10.086427,2.0,23.890898,821.5542,23.0,Partly cloudy
2008-08-20 21:00:00+00:00,HAKKARİ,30,29.178,19.778,0.0,10.009036,3.0,24.92143,822.4267,22.76,Overcast
2008-08-21 21:00:00+00:00,HAKKARİ,30,29.678,15.9279995,1.7,8.39657,53.0,46.950558,821.1199,19.9,Drizzle: Moderate
2008-08-22 21:00:00+00:00,HAKKARİ,30,28.778,14.278,0.1,9.47012,51.0,48.19396,819.24316,21.56,Drizzle: Light
2008-08-23 21:00:00+00:00,HAKKARİ,30,27.378,16.878,0.3,14.77755,51.0,41.365635,820.6823,23.25,Drizzle: Light
2008-08-24 21:00:00+00:00,HAKKARİ,30,27.328,18.028,0.1,9.0,51.0,31.595465,824.0595,22.59,Drizzle: Light
2008-08-25 21:00:00+00:00,HAKKARİ,30,28.878,17.978,0.0,14.689589,2.0,30.35328,824.88257,24.85,Partly cloudy
2008-08-26 21:00:00+00:00,HAKKARİ,30,27.678,17.978,0.0,7.968939,2.0,31.097895,824.0484,23.85,Partly cloudy
2008-08-27 21:00:00+00:00,HAKKARİ,30,29.428,15.978,0.0,7.208994,2.0,32.870106,823.07983,22.35,Partly cloudy
2008-08-28 21:00:00+00:00,HAKKARİ,30,29.678,17.328001,0.0,7.208994,3.0,28.839182,823.5432,22.46,Overcast
2008-08-29 21:00:00+00:00,HAKKARİ,30,30.428,18.278,0.0,13.905509,2.0,29.649551,821.6679,23.35,Partly cloudy
2008-08-30 21:00:00+00:00,HAKKARİ,30,29.428,17.578001,0.0,13.608762,0.0,24.307753,821.0281,26.1,Clear sky
2008-08-31 21:00:00+00:00,HAKKARİ,30,29.378,15.828,0.0,12.682018,0.0,24.541391,822.0074,25.66,Clear sky
2008-09-01 21:00:00+00:00,HAKKARİ,30,30.528,17.078001,0.0,11.966953,2.0,27.701178,823.5847,24.46,Partly cloudy
2008-09-02 21:00:00+00:00,HAKKARİ,30,29.328,18.928,0.0,15.1884165,3.0,31.834566,823.7015,21.68,Overcast
2008-09-03 21:00:00+00:00,HAKKARİ,30,30.078,18.828,0.0,14.707222,2.0,31.382668,823.85065,22.63,Partly cloudy
2008-09-04 21:00:00+00:00,HAKKARİ,30,29.228,17.528,0.0,13.084402,3.0,32.615814,823.84735,21.33,Overcast
2008-09-05 21:00:00+00:00,HAKKARİ,30,28.328,18.878,1.9,14.986553,61.0,28.535995,821.8411,22.26,Rain: Slight
2008-09-06 21:00:00+00:00,HAKKARİ,30,28.178,17.378,0.0,14.264361,0.0,24.092684,819.75006,24.78,Clear sky
2008-09-07 21:00:00+00:00,HAKKARİ,30,25.428,17.178,0.70000005,17.072504,51.0,32.969547,820.26855,19.11,Drizzle: Light
2008-09-08 21:00:00+00:00,HAKKARİ,30,23.728,14.9279995,1.2,14.05845,53.0,51.37787,819.41895,18.36,Drizzle: Moderate
2008-09-09 21:00:00+00:00,HAKKARİ,30,21.128,14.1779995,1.2,12.879752,51.0,58.74837,817.4065,18.96,Drizzle: Light
2008-09-10 21:00:00+00:00,HAKKARİ,30,21.278,12.9279995,0.3,12.7279215,51.0,51.37987,815.9358,20.4,Drizzle: Light
2008-09-11 21:00:00+00:00,HAKKARİ,30,22.578,12.878,0.0,10.990322,0.0,41.86728,818.9876,23.29,Clear sky
2008-09-12 21:00:00+00:00,HAKKARİ,30,24.528,11.378,0.0,8.587338,3.0,38.729855,820.19196,22.71,Overcast
2008-09-13 21:00:00+00:00,HAKKARİ,30,24.178,12.478,1.9,8.311245,61.0,49.05902,818.9834,19.33,Rain: Slight
2008-09-14 21:00:00+00:00,HAKKARİ,30,25.028,11.078,0.0,9.007196,2.0,45.296326,819.09424,21.61,Partly cloudy
2008-09-15 21:00:00+00:00,HAKKARİ,30,25.078,13.578,0.0,8.534353,3.0,42.740173,819.65814,20.04,Overcast
2008-09-16 21:00:00+00:00,HAKKARİ,30,25.128,13.028,0.0,9.107359,2.0,49.810215,818.6906,20.06,Partly cloudy
2008-09-17 21:00:00+00:00,HAKKARİ,30,24.328,14.578,0.0,11.770403,0.0,39.357708,818.6026,22.38,Clear sky
2008-09-18 21:00:00+00:00,HAKKARİ,30,23.728,10.978,0.0,10.514218,0.0,37.347046,818.6066,22.04,Clear sky
2008-09-19 21:00:00+00:00,HAKKARİ,30,22.478,11.978,0.8,13.684735,53.0,41.350056,820.35205,19.97,Drizzle: Moderate
2008-09-20 21:00:00+00:00,HAKKARİ,30,24.028,12.9279995,0.0,8.654987,2.0,42.950253,821.6351,21.47,Partly cloudy
2008-09-21 21:00:00+00:00,HAKKARİ,30,23.828,13.9279995,0.0,13.0447235,1.0,39.970303,819.83466,21.23,Mainly clear
2008-09-22 21:00:00+00:00,HAKKARİ,30,21.628,12.028,0.6,13.246826,53.0,51.873005,818.2964,19.16,Drizzle: Moderate
2008-09-23 21:00:00+00:00,HAKKARİ,30,21.428,12.578,0.0,16.1198,3.0,57.741165,818.2166,18.83,Overcast
2008-09-24 21:00:00+00:00,HAKKARİ,30,20.278,10.228,0.0,9.83268,2.0,54.89357,817.9914,20.47,Partly cloudy
2008-09-25 21:00:00+00:00,HAKKARİ,30,19.228,9.978,0.0,10.514218,3.0,53.26388,817.72894,16.95,Overcast
2008-09-26 21:00:00+00:00,HAKKARİ,30,14.1779995,9.628,18.699999,7.968939,63.0,84.7866,814.5798,7.52,Rain: Moderate
2008-09-27 21:00:00+00:00,HAKKARİ,30,14.878,8.778,3.5,9.957108,53.0,73.92254,814.7468,14.31,Drizzle: Moderate
2008-09-28 21:00:00+00:00,HAKKARİ,30,16.528,7.328,0.0,9.290511,2.0,59.942474,817.74945,19.35,Partly cloudy
2008-09-29 21:00:00+00:00,HAKKARİ,30,11.728,7.8780003,7.2,9.6932955,61.0,79.69694,816.5992,6.79,Rain: Slight
2008-09-30 21:00:00+00:00,HAKKARİ,30,16.578001,7.1280003,1.0,8.161764,51.0,68.10111,816.75165,17.16,Drizzle: Light
2008-10-01 21:00:00+00:00,HAKKARİ,30,17.778,5.528,0.1,6.519877,51.0,55.75874,819.0961,19.96,Drizzle: Light
2008-10-02 21:00:00+00:00,HAKKARİ,30,18.978,5.4280005,0.0,9.255571,0.0,47.522644,820.4047,20.27,Clear sky
2008-10-03 21:00:00+00:00,HAKKARİ,30,19.578,7.1280003,0.0,8.049845,1.0,45.63448,820.7839,19.63,Mainly clear
2008-10-04 21:00:00+00:00,HAKKARİ,30,18.478,6.9280005,0.70000005,9.085988,51.0,54.03339,820.45215,18.47,Drizzle: Light
2008-10-05 21:00:00+00:00,HAKKARİ,30,18.928,8.978,0.3,8.714677,51.0,62.11208,821.3618,17.68,Drizzle: Light
2008-10-06 21:00:00+00:00,HAKKARİ,30,18.878,7.778,0.0,10.086427,1.0,54.79527,820.30786,19.04,Mainly clear
2008-10-07 21:00:00+00:00,HAKKARİ,30,17.678,8.278,0.0,11.885453,3.0,44.7784,819.5518,18.84,Overcast
2008-10-08 21:00:00+00:00,HAKKARİ,30,16.828001,6.8780003,0.0,9.19939,3.0,39.723793,819.05304,19.05,Overcast
2008-10-09 21:00:00+00:00,HAKKARİ,30,17.328001,6.4779997,0.0,8.311245,3.0,42.15385,820.50494,15.73,Overcast
2008-10-10 21:00:00+00:00,HAKKARİ,30,17.378,7.578,0.0,9.6932955,1.0,42.993774,820.63135,18.22,Mainly clear
2008-10-11 21:00:00+00:00,HAKKARİ,30,19.228,8.328,0.0,10.739833,3.0,43.398212,821.0747,16.46,Overcast
2008-10-12 21:00:00+00:00,HAKKARİ,30,21.128,11.328,0.0,13.551501,1.0,41.785267,826.04034,16.74,Mainly clear
2008-10-13 21:00:00+00:00,HAKKARİ,30,22.878,11.628,0.0,9.387651,3.0,39.866047,827.88727,17.68,Overcast
2008-10-14 21:00:00+00:00,HAKKARİ,30,23.328,10.228,0.0,10.440001,3.0,41.147343,825.0464,14.3,Overcast
2008-10-15 21:00:00+00:00,HAKKARİ,30,16.278,9.528,2.1,10.931203,53.0,63.987774,819.3677,11.89,Drizzle: Moderate
2008-10-16 21:00:00+00:00,HAKKARİ,30,15.4279995,6.778,0.0,8.654986,3.0,72.34165,818.8452,12.91,Overcast
2008-10-17 21:00:00+00:00,HAKKARİ,30,15.228,4.978,0.1,6.792466,51.0,66.67582,821.05743,12.63,Drizzle: Light
2008-10-18 21:00:00+00:00,HAKKARİ,30,17.228,5.078,0.0,6.489992,3.0,56.15846,822.43335,15.47,Overcast
2008-10-19 21:00:00+00:00,HAKKARİ,30,18.228,6.6780005,0.0,8.350138,0.0,49.79155,820.10065,16.71,Clear sky
2008-10-20 21:00:00+00:00,HAKKARİ,30,17.128,8.428,0.0,8.311245,3.0,48.544537,817.53174,16.39,Overcast
2008-10-21 21:00:00+00:00,HAKKARİ,30,14.528,6.3780003,2.7000003,8.049845,53.0,65.4013,818.14154,13.13,Drizzle: Moderate
2008-10-22 21:00:00+00:00,HAKKARİ,30,11.028,7.1280003,11.099999,7.5170207,55.0,88.878395,820.2624,5.53,Drizzle: Dense
2008-10-23 21:00:00+00:00,HAKKARİ,30,11.4279995,4.728,15.8,7.5170207,61.0,93.296455,819.96924,6.31,Rain: Slight
2008-10-24 21:00:00+00:00,HAKKARİ,30,13.028,7.1780005,5.0999994,7.10031,61.0,88.61538,819.7617,8.5,Rain: Slight
2008-10-25 21:00:00+00:00,HAKKARİ,30,13.228,5.228,3.1999998,6.297428,61.0,87.77549,816.6643,10.93,Rain: Slight
2008-10-26 21:00:00+00:00,HAKKARİ,30,8.228,5.4280005,9.0,6.379216,73.0,88.93003,815.4011,6.61,Snow fall: Moderate
2008-10-27 21:00:00+00:00,HAKKARİ,30,11.878,3.828,0.5,6.28713,51.0,77.525604,816.39655,11.8,Drizzle: Light
2008-10-28 21:00:00+00:00,HAKKARİ,30,11.128,1.6780001,0.1,9.178235,51.0,80.14423,816.32745,8.84,Drizzle: Light
2008-10-29 21:00:00+00:00,HAKKARİ,30,9.378,2.078,0.0,10.685391,3.0,78.6476,815.7679,8.59,Overcast
2008-10-30 21:00:00+00:00,HAKKARİ,30,9.828,1.0280001,0.6,8.766573,51.0,75.1332,817.72406,11.72,Drizzle: Light
2008-10-31 21:00:00+00:00,HAKKARİ,30,9.078,0.57800007,0.0,8.669949,3.0,71.48032,818.6094,11.79,Overcast
2008-11-01 21:00:00+00:00,HAKKARİ,30,9.428,2.078,2.2,7.729527,73.0,79.56488,819.76465,10.93,Snow fall: Moderate
2008-11-02 21:00:00+00:00,HAKKARİ,30,9.478,-0.77199984,1.8000001,8.12197,71.0,85.166954,817.1851,12.39,Snow fall: Slight
2008-11-03 21:00:00+00:00,HAKKARİ,30,8.828,-1.6719999,0.6,7.208994,51.0,81.32396,817.67523,11.3,Drizzle: Light
2008-11-04 21:00:00+00:00,HAKKARİ,30,10.628,-1.4219999,0.0,7.928178,3.0,67.50208,817.5154,12.77,Overcast
2008-11-05 21:00:00+00:00,HAKKARİ,30,10.578,1.6280001,0.0,5.937272,3.0,59.26584,815.4099,12.42,Overcast
2008-11-06 21:00:00+00:00,HAKKARİ,30,9.328,2.1780002,0.4,6.618519,51.0,69.41346,816.4251,11.28,Drizzle: Light
2008-11-07 21:00:00+00:00,HAKKARİ,30,10.478,0.97800016,0.0,6.0347,3.0,68.91869,820.1058,11.89,Overcast
2008-11-08 21:00:00+00:00,HAKKARİ,30,10.1779995,0.17800009,0.0,8.209263,3.0,64.6601,819.48584,12.53,Overcast
2008-11-09 21:00:00+00:00,HAKKARİ,30,6.328,-1.1719999,0.0,10.739832,2.0,71.7426,820.5257,12.89,Partly cloudy
2008-11-10 21:00:00+00:00,HAKKARİ,30,8.128,-1.1719999,0.0,8.78872,1.0,69.51586,820.84503,12.44,Mainly clear
2008-11-11 21:00:00+00:00,HAKKARİ,30,9.978,0.27800012,0.0,8.209263,2.0,65.829414,819.3357,13.26,Partly cloudy
2008-11-12 21:00:00+00:00,HAKKARİ,30,9.878,-1.372,0.0,6.924738,3.0,68.45455,816.4904,12.24,Overcast
2008-11-13 21:00:00+00:00,HAKKARİ,30,8.078,0.72800016,0.5,7.342588,51.0,73.91898,816.4279,9.26,Drizzle: Light
2008-11-14 21:00:00+00:00,HAKKARİ,30,8.178,-0.9719999,0.0,7.771331,2.0,75.299545,817.5018,10.21,Partly cloudy
2008-11-15 21:00:00+00:00,HAKKARİ,30,8.128,0.82800007,0.8,6.792466,71.0,67.8741,817.05365,11.15,Snow fall: Slight
2008-11-16 21:00:00+00:00,HAKKARİ,30,6.8780003,-0.42199993,1.1,6.162207,73.0,67.256905,815.2771,10.77,Snow fall: Moderate
2008-11-17 21:00:00+00:00,HAKKARİ,30,7.578,-0.021999836,0.0,7.5942082,2.0,69.643776,816.7789,12.55,Partly cloudy
2008-11-18 21:00:00+00:00,HAKKARİ,30,9.528,1.1780001,1.2,6.989936,71.0,63.798397,819.5877,11.14,Snow fall: Slight
2008-11-19 21:00:00+00:00,HAKKARİ,30,4.728,2.028,8.3,4.73506,73.0,95.45693,817.12604,4.25,Snow fall: Moderate
2008-11-20 21:00:00+00:00,HAKKARİ,30,5.978,2.028,3.5000002,7.729527,71.0,95.26649,815.3658,7.63,Snow fall: Slight
2008-11-21 21:00:00+00:00,HAKKARİ,30,5.728,1.0780001,3.9999998,6.924738,73.0,95.789375,814.5074,4.94,Snow fall: Moderate
2008-11-22 21:00:00+00:00,HAKKARİ,30,6.3780003,0.028000116,4.0,7.628263,73.0,94.13743,814.908,5.25,Snow fall: Moderate
2008-11-23 21:00:00+00:00,HAKKARİ,30,8.428,-2.872,0.0,7.5942073,3.0,83.42742,816.882,10.83,Overcast
2008-11-24 21:00:00+00:00,HAKKARİ,30,9.628,-1.5219998,0.0,7.208994,3.0,69.3012,817.49536,10.89,Overcast
2008-11-25 21:00:00+00:00,HAKKARİ,30,9.578,-1.0719998,0.0,6.849467,2.0,75.515175,814.71954,10.57,Partly cloudy
2008-11-26 21:00:00+00:00,HAKKARİ,30,8.928,-0.622,0.0,6.5693827,3.0,75.967445,812.8057,10.24,Overcast
2008-11-27 21:00:00+00:00,HAKKARİ,30,6.1280003,1.7780001,0.7,6.489992,73.0,82.19001,814.37134,8.86,Snow fall: Moderate
2008-11-28 21:00:00+00:00,HAKKARİ,30,2.8780003,-1.0219998,20.9,9.885262,75.0,91.98118,815.67633,2.22,Snow fall: Heavy
2008-11-29 21:00:00+00:00,HAKKARİ,30,7.2279997,-6.672,0.0,11.609651,3.0,79.927986,813.5044,11.29,Overcast
2008-11-30 21:00:00+00:00,HAKKARİ,30,7.6280003,-12.222,0.0,8.64,3.0,68.31985,813.12225,11.03,Overcast
2008-12-01 21:00:00+00:00,HAKKARİ,30,6.7279997,-13.422,0.0,10.086427,3.0,72.09405,813.43536,11.61,Overcast
2008-12-02 21:00:00+00:00,HAKKARİ,30,5.1280003,-13.622,0.0,11.165805,0.0,68.28398,814.2491,11.82,Clear sky
2008-12-03 21:00:00+00:00,HAKKARİ,30,8.178,-13.022,0.0,11.879999,0.0,62.07472,816.4555,11.8,Clear sky
2008-12-04 21:00:00+00:00,HAKKARİ,30,11.028,-13.922,0.0,11.5199995,2.0,50.261448,818.0246,11.89,Partly cloudy
2008-12-05 21:00:00+00:00,HAKKARİ,30,12.628,-9.272,0.0,8.28,3.0,39.956627,817.76666,11.65,Overcast
2008-12-06 21:00:00+00:00,HAKKARİ,30,11.478,-4.6219997,0.0,9.3669195,3.0,37.67183,814.7158,11.41,Overcast
2008-12-07 21:00:00+00:00,HAKKARİ,30,8.228,-1.9219999,0.0,5.5887027,3.0,43.214,812.5533,11.11,Overcast
2008-12-08 21:00:00+00:00,HAKKARİ,30,4.528,-2.122,0.0,6.489992,3.0,48.55458,815.0568,10.06,Overcast
2008-12-09 21:00:00+00:00,HAKKARİ,30,0.82800007,-4.222,24.300003,6.725354,75.0,89.36862,814.4878,1.67,Snow fall: Heavy
2008-12-10 21:00:00+00:00,HAKKARİ,30,1.4780002,-14.021999,0.0,11.879999,3.0,69.072075,815.18134,11.58,Overcast
2008-12-11 21:00:00+00:00,HAKKARİ,30,1.8780001,-22.322,0.0,9.3669195,0.0,52.19487,808.0745,11.89,Clear sky
2008-12-12 21:00:00+00:00,HAKKARİ,30,1.6780001,-21.772,0.0,8.647496,1.0,44.87918,806.8188,11.79,Mainly clear
2008-12-13 21:00:00+00:00,HAKKARİ,30,-0.3219998,-20.272,0.0,5.4119864,1.0,43.85397,807.35236,11.62,Mainly clear
2008-12-14 21:00:00+00:00,HAKKARİ,30,-0.021999836,-22.872,0.0,8.647496,0.0,53.381832,805.3918,11.8,Clear sky
2008-12-15 21:00:00+00:00,HAKKARİ,30,-1.4719999,-22.272,0.0,10.08,3.0,70.00974,807.7452,11.34,Overcast
2008-12-16 21:00:00+00:00,HAKKARİ,30,0.5280001,-21.822,0.0,8.669949,3.0,60.97189,807.5281,11.45,Overcast
2008-12-17 21:00:00+00:00,HAKKARİ,30,1.9780002,-21.472,0.0,8.647496,2.0,62.73468,811.0528,11.43,Partly cloudy
2008-12-18 21:00:00+00:00,HAKKARİ,30,1.9780002,-18.322,0.0,7.5685663,3.0,50.07208,811.55426,10.7,Overcast
2008-12-19 21:00:00+00:00,HAKKARİ,30,2.778,-8.5720005,0.0,5.4833565,2.0,65.68855,813.4283,10.95,Partly cloudy
2008-12-20 21:00:00+00:00,HAKKARİ,30,-0.3219998,-6.8719997,9.400001,4.3349743,73.0,74.70717,814.9551,4.74,Snow fall: Moderate
2008-12-21 21:00:00+00:00,HAKKARİ,30,0.5280001,-3.372,13.5,4.379589,75.0,85.19216,815.60443,4.21,Snow fall: Heavy
2008-12-22 21:00:00+00:00,HAKKARİ,30,0.72800016,-3.022,22.699999,5.2416787,75.0,96.341705,812.6202,2.57,Snow fall: Heavy
2008-12-23 21:00:00+00:00,HAKKARİ,30,0.62800014,-2.222,29.799997,7.5942073,75.0,93.39432,809.1525,5.55,Snow fall: Heavy
2008-12-24 21:00:00+00:00,HAKKARİ,30,-1.4219999,-4.2720003,27.800007,9.387651,75.0,93.47156,811.12103,3.09,Snow fall: Heavy
2008-12-25 21:00:00+00:00,HAKKARİ,30,-1.7719998,-6.722,0.0,4.6938252,71.0,83.514046,815.4025,9.45,Snow fall: Slight
2008-12-26 21:00:00+00:00,HAKKARİ,30,-0.42199993,-15.472,0.0,7.5599995,3.0,70.19177,811.3887,11.03,Overcast
2008-12-27 21:00:00+00:00,HAKKARİ,30,-0.22199988,-9.422,0.0,5.4119864,2.0,49.21814,810.8096,11.29,Partly cloudy
2008-12-28 21:00:00+00:00,HAKKARİ,30,-2.5719998,-8.3220005,1.9,4.3349743,73.0,70.511,810.2146,10.66,Snow fall: Moderate
2008-12-29 21:00:00+00:00,HAKKARİ,30,-2.372,-5.2720003,13.300002,5.0528407,75.0,93.54559,811.7762,5.24,Snow fall: Heavy
2008-12-30 21:00:00+00:00,HAKKARİ,30,-2.1719997,-4.6219997,26.199999,6.28713,75.0,94.73944,809.8369,2.62,Snow fall: Heavy
2008-12-31 21:00:00+00:00,HAKKARİ,30,-2.972,-12.722,25.800001,9.178235,75.0,89.52725,804.33496,8.38,Snow fall: Heavy
2009-01-01 21:00:00+00:00,HAKKARİ,30,-5.672,-15.021999,0.0,9.36,3.0,68.24336,808.9575,11.49,Overcast
2009-01-02 21:00:00+00:00,HAKKARİ,30,-2.472,-13.772,0.0,6.87779,2.0,44.63634,811.6362,11.72,Partly cloudy
2009-01-03 21:00:00+00:00,HAKKARİ,30,0.47800016,-14.222,0.5,7.9526596,73.0,62.2588,810.01044,10.1,Snow fall: Moderate
2009-01-04 21:00:00+00:00,HAKKARİ,30,-1.4719999,-14.372,0.1,5.0911684,71.0,84.920334,810.8955,11.35,Snow fall: Slight
2009-01-05 21:00:00+00:00,HAKKARİ,30,0.5280001,-13.672,0.0,6.162207,3.0,83.13047,810.0862,10.93,Overcast
2009-01-06 21:00:00+00:00,HAKKARİ,30,-0.5719998,-10.622,0.0,3.9763298,3.0,89.361,810.25146,10.31,Overcast
2009-01-07 21:00:00+00:00,HAKKARİ,30,-0.42199993,-5.0719995,1.5000001,5.634891,73.0,90.51736,813.69244,8.76,Snow fall: Moderate
2009-01-08 21:00:00+00:00,HAKKARİ,30,-2.222,-8.872,0.0,6.1305785,3.0,81.72314,812.9641,8.87,Overcast
2009-01-09 21:00:00+00:00,HAKKARİ,30,-4.422,-11.622,0.0,8.28,3.0,79.4993,812.19037,10.78,Overcast
2009-01-10 21:00:00+00:00,HAKKARİ,30,-5.6219997,-13.0720005,0.0,8.669949,3.0,78.68095,810.8802,11.53,Overcast
2009-01-11 21:00:00+00:00,HAKKARİ,30,-7.0720005,-19.672,0.0,11.525623,2.0,66.92669,811.94855,12.66,Partly cloudy
2009-01-12 21:00:00+00:00,HAKKARİ,30,-2.9219997,-16.122,0.0,12.620554,0.0,55.952587,814.93365,12.6,Clear sky
2009-01-13 21:00:00+00:00,HAKKARİ,30,3.3780003,-10.022,0.0,11.570515,3.0,50.079315,820.0061,12.7,Overcast
2009-01-14 21:00:00+00:00,HAKKARİ,30,5.1780005,-10.972,0.0,7.928178,3.0,48.675922,816.4887,13.02,Overcast
2009-01-15 21:00:00+00:00,HAKKARİ,30,6.6280003,-9.622,0.0,7.208994,3.0,48.083225,814.88043,12.78,Overcast
2009-01-16 21:00:00+00:00,HAKKARİ,30,2.9780002,-2.722,0.0,3.9763298,3.0,57.369984,814.67316,10.87,Overcast
2009-01-17 21:00:00+00:00,HAKKARİ,30,0.22800016,-5.0220003,0.0,3.671294,3.0,54.823627,813.7016,12.77,Overcast
2009-01-18 21:00:00+00:00,HAKKARİ,30,-0.22199988,-7.3220005,0.0,3.7064266,3.0,63.284977,812.5381,12.15,Overcast
2009-01-19 21:00:00+00:00,HAKKARİ,30,-0.622,-8.272,0.0,4.379589,3.0,75.033035,811.47925,11.93,Overcast
2009-01-20 21:00:00+00:00,HAKKARİ,30,-0.021999836,-14.5720005,0.0,7.92,0.0,72.27398,811.49927,13.36,Clear sky
2009-01-21 21:00:00+00:00,HAKKARİ,30,-0.8219998,-13.522,0.0,11.901798,3.0,73.52259,814.2009,13.21,Overcast
2009-01-22 21:00:00+00:00,HAKKARİ,30,4.1280003,-9.772,0.0,11.525623,3.0,51.961613,811.8156,13.92,Overcast
2009-01-23 21:00:00+00:00,HAKKARİ,30,-0.622,-7.3719997,0.0,7.208994,71.0,59.73917,809.0073,10.46,Snow fall: Slight
2009-01-24 21:00:00+00:00,HAKKARİ,30,-0.12199998,-6.6219997,0.2,6.4096174,71.0,84.1287,812.0446,11.12,Snow fall: Slight
2009-01-25 21:00:00+00:00,HAKKARİ,30,0.62800014,-5.0220003,0.0,6.638072,71.0,91.24175,814.6014,8.13,Snow fall: Slight
2009-01-26 21:00:00+00:00,HAKKARİ,30,1.2780001,-3.272,4.1000004,6.519877,73.0,93.43838,814.1513,8.02,Snow fall: Moderate
2009-01-27 21:00:00+00:00,HAKKARİ,30,2.4780002,-8.722,0.0,7.92,3.0,71.788864,812.5342,13.35,Overcast
2009-01-28 21:00:00+00:00,HAKKARİ,30,3.678,-3.3219998,1.7,5.0528407,73.0,61.554264,811.2159,13.87,Snow fall: Moderate
2009-01-29 21:00:00+00:00,HAKKARİ,30,0.82800007,-2.0719998,13.699999,4.896529,75.0,89.24679,809.56854,7.68,Snow fall: Heavy
2009-01-30 21:00:00+00:00,HAKKARİ,30,1.0280001,-3.222,1.9000001,6.638072,73.0,90.67578,810.38214,11.1,Snow fall: Moderate
2009-01-31 21:00:00+00:00,HAKKARİ,30,1.7280002,-3.872,1.3000001,6.638072,73.0,86.72469,809.5864,11.86,Snow fall: Moderate
2009-02-01 21:00:00+00:00,HAKKARİ,30,0.57800007,-5.5719995,0.0,6.489992,71.0,86.053276,813.6191,12.52,Snow fall: Slight
2009-02-02 21:00:00+00:00,HAKKARİ,30,0.028000116,-8.622,0.0,5.815978,3.0,71.70898,815.59595,14.81,Overcast
2009-02-03 21:00:00+00:00,HAKKARİ,30,2.328,-12.522,0.0,7.928178,3.0,60.634495,814.7163,15.42,Overcast
2009-02-04 21:00:00+00:00,HAKKARİ,30,2.4780002,-5.2720003,0.0,5.1544156,3.0,58.730793,814.18726,13.63,Overcast
2009-02-05 21:00:00+00:00,HAKKARİ,30,2.9780002,-2.4219997,0.0,5.0528407,71.0,65.15536,812.1963,14.22,Snow fall: Slight
2009-02-06 21:00:00+00:00,HAKKARİ,30,2.4780002,-1.7719998,3.8999996,5.7599998,73.0,87.90811,811.5306,11.11,Snow fall: Moderate
2009-02-07 21:00:00+00:00,HAKKARİ,30,2.9780002,-6.1219997,0.0,6.297428,3.0,85.826454,813.9014,12.61,Overcast
2009-02-08 21:00:00+00:00,HAKKARİ,30,2.678,-1.9719999,4.8,4.510787,73.0,90.26068,815.6463,6.6,Snow fall: Moderate
2009-02-09 21:00:00+00:00,HAKKARİ,30,2.578,-1.8219998,22.400002,6.763786,75.0,90.64471,806.4048,5.51,Snow fall: Heavy
2009-02-10 21:00:00+00:00,HAKKARİ,30,1.2280002,-3.9219997,1.1,5.1165614,73.0,84.90839,802.0087,10.25,Snow fall: Moderate
2009-02-11 21:00:00+00:00,HAKKARİ,30,0.97800016,-9.722,0.0,6.5693827,3.0,78.48504,810.2639,15.42,Overcast
2009-02-12 21:00:00+00:00,HAKKARİ,30,5.778,-9.222,0.0,6.489992,3.0,68.93867,811.2158,16.36,Overcast
2009-02-13 21:00:00+00:00,HAKKARİ,30,4.6780005,-2.0719998,0.0,3.6179552,2.0,55.435024,811.2591,17.1,Partly cloudy
2009-02-14 21:00:00+00:00,HAKKARİ,30,3.9780002,-0.42199993,2.3,6.162207,73.0,72.933754,811.2844,12.61,Snow fall: Moderate
2009-02-15 21:00:00+00:00,HAKKARİ,30,2.678,-0.872,8.4,6.5693827,73.0,92.931496,811.7015,10.98,Snow fall: Moderate
2009-02-16 21:00:00+00:00,HAKKARİ,30,1.3280001,-4.722,7.3999996,7.4128532,73.0,89.85714,809.4184,12.02,Snow fall: Moderate
2009-02-17 21:00:00+00:00,HAKKARİ,30,-1.4719999,-6.472,0.0,6.6185193,3.0,74.872444,812.55,17.51,Overcast
2009-02-18 21:00:00+00:00,HAKKARİ,30,-0.92199993,-11.922,0.0,5.4477882,3.0,69.59058,812.05664,17.73,Overcast
2009-02-19 21:00:00+00:00,HAKKARİ,30,-0.67199993,-5.6219997,11.800002,5.7599998,75.0,83.33787,808.72687,6.18,Snow fall: Heavy
2009-02-20 21:00:00+00:00,HAKKARİ,30,-1.622,-5.172,35.0,5.815978,75.0,90.61242,802.4766,3.23,Snow fall: Heavy
2009-02-21 21:00:00+00:00,HAKKARİ,30,-2.022,-7.8220005,3.2,9.255571,73.0,84.7131,803.5827,15.81,Snow fall: Moderate
2009-02-22 21:00:00+00:00,HAKKARİ,30,-0.8219998,-6.722,0.0,6.12,71.0,77.339165,809.77325,17.83,Snow fall: Slight
2009-02-23 21:00:00+00:00,HAKKARİ,30,0.7780001,-5.5719995,0.1,6.519877,71.0,81.47381,813.0578,15.91,Snow fall: Slight
2009-02-24 21:00:00+00:00,HAKKARİ,30,1.6280001,-6.3719997,3.3000002,5.0142193,73.0,87.9174,813.0115,12.6,Snow fall: Moderate
2009-02-25 21:00:00+00:00,HAKKARİ,30,1.6780001,-2.772,4.6000004,6.489992,73.0,88.42086,812.1966,13.14,Snow fall: Moderate
2009-02-26 21:00:00+00:00,HAKKARİ,30,0.9280001,-1.8219998,37.5,5.1165614,75.0,92.01136,806.8166,5.62,Snow fall: Heavy
2009-02-27 21:00:00+00:00,HAKKARİ,30,0.27800012,-4.1219997,22.999998,6.725354,75.0,89.67081,802.3061,11.1,Snow fall: Heavy
2009-02-28 21:00:00+00:00,HAKKARİ,30,-0.021999836,-4.5719995,13.200001,6.924738,75.0,85.66266,806.4068,13.4,Snow fall: Heavy
2009-03-01 21:00:00+00:00,HAKKARİ,30,-0.07199979,-7.5220003,1.5000001,9.693296,73.0,84.95913,807.56714,17.22,Snow fall: Moderate
2009-03-02 21:00:00+00:00,HAKKARİ,30,-2.4219997,-6.8220005,5.8,9.904906,73.0,88.471016,810.6529,11.13,Snow fall: Moderate
2009-03-03 21:00:00+00:00,HAKKARİ,30,-0.07199979,-4.172,0.5,8.4963045,71.0,79.0382,811.8143,17.97,Snow fall: Slight
2009-03-04 21:00:00+00:00,HAKKARİ,30,1.4280001,-4.7720003,0.2,7.386582,71.0,72.601036,813.96136,17.52,Snow fall: Slight
2009-03-05 21:00:00+00:00,HAKKARİ,30,3.328,-8.5720005,0.0,6.725354,3.0,77.91557,813.52716,15.56,Overcast
2009-03-06 21:00:00+00:00,HAKKARİ,30,6.4779997,-4.5220003,0.0,6.725354,3.0,78.7851,815.6436,20.83,Overcast
2009-03-07 21:00:00+00:00,HAKKARİ,30,7.9779997,2.6280003,4.6,5.7599998,55.0,62.6405,815.6006,17.46,Drizzle: Dense
2009-03-08 21:00:00+00:00,HAKKARİ,30,6.6780005,2.378,43.5,7.289445,75.0,91.98052,810.7896,5.75,Snow fall: Heavy
2009-03-09 21:00:00+00:00,HAKKARİ,30,5.228,0.72800016,2.0,7.9036193,73.0,84.87142,811.56415,18.76,Snow fall: Moderate
2009-03-10 21:00:00+00:00,HAKKARİ,30,4.578,-0.9719999,0.0,9.957108,71.0,87.09908,815.25146,16.55,Snow fall: Slight
2009-03-11 21:00:00+00:00,HAKKARİ,30,5.8780003,0.028000116,0.0,6.297428,3.0,84.44736,816.5627,19.86,Overcast
2009-03-12 21:00:00+00:00,HAKKARİ,30,7.7279997,0.87800014,2.9,5.692099,73.0,69.22325,814.6889,16.73,Snow fall: Moderate
2009-03-13 21:00:00+00:00,HAKKARİ,30,3.528,0.22800016,34.000004,8.473393,75.0,94.95927,807.7861,7.66,Snow fall: Heavy
2009-03-14 21:00:00+00:00,HAKKARİ,30,1.4780002,-2.0719998,18.2,8.654986,75.0,94.31794,809.0607,9.08,Snow fall: Heavy
2009-03-15 21:00:00+00:00,HAKKARİ,30,-0.17199993,-3.722,10.2,9.346143,75.0,88.41456,808.4951,19.4,Snow fall: Heavy
2009-03-16 21:00:00+00:00,HAKKARİ,30,0.87800014,-7.922,0.0,7.5685663,3.0,71.356514,811.40814,21.11,Overcast
2009-03-17 21:00:00+00:00,HAKKARİ,30,0.97800016,-7.1219997,0.0,6.725354,71.0,68.98778,811.8211,20.8,Snow fall: Slight
2009-03-18 21:00:00+00:00,HAKKARİ,30,3.9780002,-2.972,0.0,7.289444,71.0,81.00439,812.51324,20.38,Snow fall: Slight
2009-03-19 21:00:00+00:00,HAKKARİ,30,4.728,-0.07199979,1.5,9.028754,73.0,83.374954,811.156,19.93,Snow fall: Moderate
2009-03-20 21:00:00+00:00,HAKKARİ,30,5.478,-0.37199998,1.4000001,5.8048253,73.0,76.74208,809.58514,23.32,Snow fall: Moderate
2009-03-21 21:00:00+00:00,HAKKARİ,30,5.528,-3.722,0.0,7.289444,3.0,70.75537,807.15063,23.81,Overcast
2009-03-22 21:00:00+00:00,HAKKARİ,30,4.028,-1.622,5.7,8.905908,75.0,82.89723,807.93677,18.3,Snow fall: Heavy
2009-03-23 21:00:00+00:00,HAKKARİ,30,0.57800007,-2.9219997,54.0,9.19939,75.0,94.770454,803.03424,5.48,Snow fall: Heavy
2009-03-24 21:00:00+00:00,HAKKARİ,30,2.928,-3.222,0.4,8.699793,71.0,81.35583,810.55975,20.67,Snow fall: Slight
2009-03-25 21:00:00+00:00,HAKKARİ,30,4.478,-5.922,0.0,6.924738,3.0,66.83712,811.2588,25.38,Overcast
2009-03-26 21:00:00+00:00,HAKKARİ,30,4.078,-2.272,3.6,8.557102,73.0,77.57605,810.0068,22.53,Snow fall: Moderate
2009-03-27 21:00:00+00:00,HAKKARİ,30,1.8780001,-1.3219998,29.000004,7.42159,75.0,93.06537,807.46704,9.28,Snow fall: Heavy
2009-03-28 21:00:00+00:00,HAKKARİ,30,4.8780003,-2.6719997,1.4000001,9.904906,73.0,71.23516,811.0862,24.66,Snow fall: Moderate
2009-03-29 21:00:00+00:00,HAKKARİ,30,6.3780003,-1.372,1.0,12.538134,73.0,78.56211,810.90753,21.11,Snow fall: Moderate
2009-03-30 21:00:00+00:00,HAKKARİ,30,6.9779997,-2.5719998,0.3,10.587918,71.0,64.20287,809.57104,25.1,Snow fall: Slight
2009-03-31 21:00:00+00:00,HAKKARİ,30,8.678,-0.22199988,0.0,9.726665,0.0,56.267975,812.3386,26.28,Clear sky
2009-04-01 21:00:00+00:00,HAKKARİ,30,7.778,0.62800014,0.0,7.289445,3.0,74.74594,813.77734,20.31,Overcast
2009-04-02 21:00:00+00:00,HAKKARİ,30,8.878,0.07800007,0.2,6.297428,71.0,75.62168,812.8953,21.62,Snow fall: Slight
2009-04-03 21:00:00+00:00,HAKKARİ,30,7.4779997,3.078,1.4000001,7.7043357,71.0,83.56876,813.0966,18.99,Snow fall: Slight
2009-04-04 21:00:00+00:00,HAKKARİ,30,7.7279997,2.6280003,1.8000002,6.989936,73.0,77.89127,813.09863,23.2,Snow fall: Moderate
2009-04-05 21:00:00+00:00,HAKKARİ,30,8.628,0.87800014,0.0,6.6185193,2.0,68.21637,816.0445,26.51,Partly cloudy
2009-04-06 21:00:00+00:00,HAKKARİ,30,7.2279997,2.4780002,2.2,6.489992,71.0,87.4356,813.8641,16.89,Snow fall: Slight
2009-04-07 21:00:00+00:00,HAKKARİ,30,6.9280005,-0.17199993,0.4,8.4963045,71.0,83.25626,808.7983,22.97,Snow fall: Slight
2009-04-08 21:00:00+00:00,HAKKARİ,30,6.1280003,-0.7219999,4.5,7.6367526,73.0,88.97248,807.50433,18.15,Snow fall: Moderate
2009-04-09 21:00:00+00:00,HAKKARİ,30,6.9280005,-2.522,0.0,8.669949,3.0,74.56978,810.5301,25.65,Overcast
2009-04-10 21:00:00+00:00,HAKKARİ,30,6.9779997,-0.17199993,0.0,11.525623,2.0,66.91047,811.5549,26.62,Partly cloudy
2009-04-11 21:00:00+00:00,HAKKARİ,30,6.9779997,0.62800014,1.7000002,9.0,71.0,74.41371,811.4764,21.06,Snow fall: Slight
2009-04-12 21:00:00+00:00,HAKKARİ,30,6.4280005,-0.9719999,3.5000002,9.726665,73.0,71.39795,809.7188,22.81,Snow fall: Moderate
2009-04-13 21:00:00+00:00,HAKKARİ,30,8.578,-3.5719998,0.0,9.0,3.0,59.58935,812.62836,28.22,Overcast
2009-04-14 21:00:00+00:00,HAKKARİ,30,4.328,2.4780002,9.900001,4.829907,75.0,84.673096,807.5117,9.36,Snow fall: Heavy
2009-04-15 21:00:00+00:00,HAKKARİ,30,5.6280003,1.3780001,17.500002,7.928178,75.0,88.397,805.01935,18.67,Snow fall: Heavy
2009-04-16 21:00:00+00:00,HAKKARİ,30,4.078,1.0780001,16.8,7.172949,75.0,94.63028,805.69257,11.94,Snow fall: Heavy
2009-04-17 21:00:00+00:00,HAKKARİ,30,3.828,0.62800014,15.700001,6.87779,75.0,92.34976,810.15546,18.3,Snow fall: Heavy
2009-04-18 21:00:00+00:00,HAKKARİ,30,8.178,-2.472,0.0,6.9153743,71.0,73.684906,813.12665,26.06,Snow fall: Slight
2009-04-19 21:00:00+00:00,HAKKARİ,30,9.128,0.32800007,0.0,6.6185193,3.0,62.745182,816.1071,28.29,Overcast
2009-04-20 21:00:00+00:00,HAKKARİ,30,9.378,2.1780002,1.7,8.404285,53.0,67.84006,813.67255,25.96,Drizzle: Moderate
2009-04-21 21:00:00+00:00,HAKKARİ,30,10.078,1.9780002,1.3000001,10.296251,51.0,78.542694,812.1396,24.77,Drizzle: Light
2009-04-22 21:00:00+00:00,HAKKARİ,30,9.478,5.278,4.6000004,10.239453,53.0,73.93467,811.32367,16.8,Drizzle: Moderate
2009-04-23 21:00:00+00:00,HAKKARİ,30,9.678,4.228,1.0000001,11.720751,71.0,67.27785,810.5351,28.15,Snow fall: Slight
2009-04-24 21:00:00+00:00,HAKKARİ,30,8.328,2.828,2.1999998,10.483357,51.0,83.5493,813.8501,23.63,Drizzle: Light
2009-04-25 21:00:00+00:00,HAKKARİ,30,8.228,2.778,1.9000002,7.42159,71.0,79.585655,814.43085,23.99,Snow fall: Slight
2009-04-26 21:00:00+00:00,HAKKARİ,30,10.078,0.32800007,0.0,6.28713,1.0,71.8924,816.8587,28.2,Mainly clear
2009-04-27 21:00:00+00:00,HAKKARİ,30,10.628,3.1280003,0.8,7.5170207,51.0,69.27515,817.09515,23.54,Drizzle: Light
2009-04-28 21:00:00+00:00,HAKKARİ,30,10.528,4.578,2.5999997,7.968939,55.0,81.76869,813.63696,24.6,Drizzle: Dense
2009-04-29 21:00:00+00:00,HAKKARİ,30,10.9279995,2.7280002,2.3,9.585739,53.0,81.05008,810.6951,26.56,Drizzle: Moderate
2009-04-30 21:00:00+00:00,HAKKARİ,30,12.128,4.8780003,0.0,10.24578,2.0,64.38052,810.03265,28.25,Partly cloudy
2009-05-01 21:00:00+00:00,HAKKARİ,30,11.478,4.528,0.5,10.739832,51.0,64.55226,813.8746,28.9,Drizzle: Light
2009-05-02 21:00:00+00:00,HAKKARİ,30,11.278,2.7280002,0.0,10.086427,1.0,65.625275,818.00323,29.56,Mainly clear
2009-05-03 21:00:00+00:00,HAKKARİ,30,10.978,2.9780002,2.0000002,7.072878,51.0,68.92065,816.14795,21.45,Drizzle: Light
2009-05-04 21:00:00+00:00,HAKKARİ,30,11.078,6.828,11.999998,11.252519,61.0,82.60457,811.75836,18.21,Rain: Slight
2009-05-05 21:00:00+00:00,HAKKARİ,30,10.1779995,5.228,2.4,11.269782,53.0,77.7265,811.74945,24.17,Drizzle: Moderate
2009-05-06 21:00:00+00:00,HAKKARİ,30,10.728,2.2280002,0.0,10.703569,2.0,72.987656,813.8714,26.82,Partly cloudy
2009-05-07 21:00:00+00:00,HAKKARİ,30,11.328,1.6780001,0.0,8.707237,2.0,65.427605,815.1426,29.8,Partly cloudy
2009-05-08 21:00:00+00:00,HAKKARİ,30,11.828,2.578,0.1,11.019764,51.0,59.440388,815.5908,28.99,Drizzle: Light
2009-05-09 21:00:00+00:00,HAKKARİ,30,12.128,2.9780002,0.0,9.504273,3.0,64.768005,814.5178,25.8,Overcast
2009-05-10 21:00:00+00:00,HAKKARİ,30,11.878,3.778,1.3000001,9.085988,51.0,72.80117,814.5864,26.56,Drizzle: Light
2009-05-11 21:00:00+00:00,HAKKARİ,30,11.4279995,5.1280003,3.9999998,8.825508,61.0,84.20566,816.8504,22.02,Rain: Slight
2009-05-12 21:00:00+00:00,HAKKARİ,30,13.828,-0.67199993,0.6,7.145796,51.0,69.46784,817.71826,28.25,Drizzle: Light
2009-05-13 21:00:00+00:00,HAKKARİ,30,16.178,2.678,0.0,8.78872,1.0,53.279903,817.41406,29.64,Mainly clear
2009-05-14 21:00:00+00:00,HAKKARİ,30,18.378,3.4780002,0.0,8.64,3.0,47.91981,816.6941,28.85,Overcast
2009-05-15 21:00:00+00:00,HAKKARİ,30,17.478,8.278,4.2,9.3876505,61.0,63.09683,817.95996,23.9,Rain: Slight
2009-05-16 21:00:00+00:00,HAKKARİ,30,19.078,0.82800007,0.0,9.726665,3.0,66.33066,818.3422,27.14,Overcast
2009-05-17 21:00:00+00:00,HAKKARİ,30,19.328,7.9779997,1.2,7.6367526,53.0,58.84882,820.0883,27.52,Drizzle: Moderate
2009-05-18 21:00:00+00:00,HAKKARİ,30,19.728,6.7279997,0.9,6.9247384,53.0,56.003265,819.1782,27.24,Drizzle: Moderate
2009-05-19 21:00:00+00:00,HAKKARİ,30,21.878,7.578,1.4000001,8.161764,55.0,50.740826,818.9131,27.64,Drizzle: Dense
2009-05-20 21:00:00+00:00,HAKKARİ,30,19.878,11.028,0.0,11.879999,2.0,46.053158,817.82355,27.47,Partly cloudy
2009-05-21 21:00:00+00:00,HAKKARİ,30,18.728,12.728,0.1,12.261157,51.0,43.264023,820.06866,29.4,Drizzle: Light
2009-05-22 21:00:00+00:00,HAKKARİ,30,19.678,9.578,0.3,11.808878,51.0,49.52097,818.97437,27.36,Drizzle: Light
2009-05-23 21:00:00+00:00,HAKKARİ,30,18.728,10.828,0.0,13.891522,1.0,44.773907,815.2038,29.81,Mainly clear
2009-05-24 21:00:00+00:00,HAKKARİ,30,16.778,9.078,4.7,11.770403,61.0,67.09814,812.88403,24.72,Rain: Slight
2009-05-25 21:00:00+00:00,HAKKARİ,30,17.178,9.278,1.5,14.512064,53.0,56.679928,811.9026,28.51,Drizzle: Moderate
2009-05-26 21:00:00+00:00,HAKKARİ,30,15.978,9.778,0.5,13.513193,51.0,48.423702,814.4219,25.54,Drizzle: Light
2009-05-27 21:00:00+00:00,HAKKARİ,30,19.228,10.978,0.5,15.629971,51.0,45.46053,816.4712,29.62,Drizzle: Light
2009-05-28 21:00:00+00:00,HAKKARİ,30,18.528,11.778,0.0,12.57426,0.0,38.955418,817.8016,31.09,Clear sky
2009-05-29 21:00:00+00:00,HAKKARİ,30,21.078,5.228,0.0,9.107359,0.0,40.891136,819.8811,31.18,Clear sky
2009-05-30 21:00:00+00:00,HAKKARİ,30,21.828,8.128,1.9000001,8.913181,53.0,50.237278,817.79205,26.57,Drizzle: Moderate
2009-05-31 21:00:00+00:00,HAKKARİ,30,19.828,8.378,6.3,9.178235,63.0,64.46908,817.2732,25.34,Rain: Moderate
2009-06-01 21:00:00+00:00,HAKKARİ,30,18.828,6.9779997,2.1,9.693296,61.0,65.51639,817.97314,24.83,Rain: Slight
2009-06-02 21:00:00+00:00,HAKKARİ,30,21.428,7.028,0.0,8.209263,3.0,53.120663,819.18475,26.52,Overcast
2009-06-03 21:00:00+00:00,HAKKARİ,30,24.128,12.578,0.0,10.195057,2.0,43.124344,820.52783,30.27,Partly cloudy
2009-06-04 21:00:00+00:00,HAKKARİ,30,22.428,13.878,0.1,15.021105,51.0,41.522366,817.91327,28.81,Drizzle: Light
2009-06-05 21:00:00+00:00,HAKKARİ,30,20.878,11.128,0.0,10.495713,2.0,36.44691,814.3947,31.11,Partly cloudy
2009-06-06 21:00:00+00:00,HAKKARİ,30,17.428,8.328,2.2,8.557102,53.0,66.27468,815.44476,22.38,Drizzle: Moderate
2009-06-07 21:00:00+00:00,HAKKARİ,30,18.578,6.528,0.2,10.1376915,51.0,68.99357,818.0901,24.12,Drizzle: Light
2009-06-08 21:00:00+00:00,HAKKARİ,30,21.028,5.1280003,0.1,8.759178,51.0,60.770523,820.4187,27.88,Drizzle: Light
2009-06-09 21:00:00+00:00,HAKKARİ,30,21.778,9.278,0.1,7.7879906,51.0,58.31436,820.7708,27.73,Drizzle: Light
2009-06-10 21:00:00+00:00,HAKKARİ,30,23.378,10.228,1.1,9.346143,55.0,52.408875,819.95654,26.32,Drizzle: Dense
2009-06-11 21:00:00+00:00,HAKKARİ,30,23.228,13.078,0.5,8.654986,51.0,46.0789,820.0247,24.38,Drizzle: Light
2009-06-12 21:00:00+00:00,HAKKARİ,30,25.428,12.078,1.3000001,13.217443,53.0,49.634033,818.9529,26.88,Drizzle: Moderate
2009-06-13 21:00:00+00:00,HAKKARİ,30,22.878,14.978,0.0,13.276144,1.0,45.823303,819.5154,29.07,Mainly clear
2009-06-14 21:00:00+00:00,HAKKARİ,30,23.428,13.4279995,0.0,10.296251,2.0,44.80357,820.4797,28.02,Partly cloudy
2009-06-15 21:00:00+00:00,HAKKARİ,30,24.428,11.578,0.0,9.904906,3.0,44.75301,819.87836,29.36,Overcast
2009-06-16 21:00:00+00:00,HAKKARİ,30,21.878,11.128,2.3999999,9.983106,61.0,64.67423,817.9497,18.3,Rain: Slight
2009-06-17 21:00:00+00:00,HAKKARİ,30,20.178,9.728,3.2,9.983106,61.0,75.509056,815.46045,21.72,Rain: Slight
2009-06-18 21:00:00+00:00,HAKKARİ,30,19.478,7.4280005,2.3,9.114471,55.0,73.68334,817.38434,22.1,Drizzle: Dense
2009-06-19 21:00:00+00:00,HAKKARİ,30,19.678,9.728,6.3,8.891344,63.0,79.58417,819.23566,22.36,Rain: Moderate
2009-06-20 21:00:00+00:00,HAKKARİ,30,21.928,8.078,0.0,9.346143,3.0,70.38307,818.8967,25.97,Overcast
2009-06-21 21:00:00+00:00,HAKKARİ,30,22.978,7.6280003,1.0,8.707238,53.0,70.95902,818.94354,21.86,Drizzle: Moderate
2009-06-22 21:00:00+00:00,HAKKARİ,30,23.978,7.278,1.9000001,8.707238,55.0,69.72079,818.4277,25.3,Drizzle: Dense
2009-06-23 21:00:00+00:00,HAKKARİ,30,23.628,10.628,2.3,9.47012,61.0,69.04165,818.2808,24.77,Rain: Slight
2009-06-24 21:00:00+00:00,HAKKARİ,30,23.678,12.478,1.3,9.255571,53.0,62.116634,818.95514,24.93,Drizzle: Moderate
2009-06-25 21:00:00+00:00,HAKKARİ,30,25.078,9.478,0.1,9.422101,51.0,58.514828,818.8875,26.15,Drizzle: Light
2009-06-26 21:00:00+00:00,HAKKARİ,30,26.978,13.328,0.6,14.277983,51.0,44.575073,819.35474,28.5,Drizzle: Light
2009-06-27 21:00:00+00:00,HAKKARİ,30,25.228,19.278,0.0,13.75558,2.0,31.583227,818.6237,30.88,Partly cloudy
2009-06-28 21:00:00+00:00,HAKKARİ,30,26.278,13.728,0.0,9.107359,0.0,38.365284,820.2564,31.03,Clear sky
2009-06-29 21:00:00+00:00,HAKKARİ,30,27.928,13.278,0.0,8.427383,0.0,36.793385,820.7027,31.4,Clear sky
2009-06-30 21:00:00+00:00,HAKKARİ,30,28.878,12.328,0.0,8.534353,0.0,35.450466,819.3221,31.29,Clear sky
2009-07-01 21:00:00+00:00,HAKKARİ,30,27.778,16.078001,0.0,9.449572,0.0,39.75887,817.2869,30.32,Clear sky
2009-07-02 21:00:00+00:00,HAKKARİ,30,27.278,14.978,0.0,10.703569,0.0,42.872528,813.8025,29.79,Clear sky
2009-07-03 21:00:00+00:00,HAKKARİ,30,26.628,17.728,0.0,12.181624,1.0,35.26771,812.0503,30.52,Mainly clear
2009-07-04 21:00:00+00:00,HAKKARİ,30,24.528,17.078001,0.6,11.966953,51.0,39.49325,812.4951,28.25,Drizzle: Light
2009-07-05 21:00:00+00:00,HAKKARİ,30,23.878,14.4279995,0.0,8.78872,2.0,47.994656,814.3242,26.3,Partly cloudy
2009-07-06 21:00:00+00:00,HAKKARİ,30,24.228,15.4279995,0.0,7.729527,2.0,53.934658,817.4217,24.79,Partly cloudy
2009-07-07 21:00:00+00:00,HAKKARİ,30,24.528,10.878,0.2,8.766573,51.0,57.751026,817.9502,25.74,Drizzle: Light
2009-07-08 21:00:00+00:00,HAKKARİ,30,25.178,14.9279995,0.0,8.759178,1.0,46.436634,818.0953,27.19,Mainly clear
2009-07-09 21:00:00+00:00,HAKKARİ,30,27.778,15.328,0.0,9.983106,1.0,43.877384,817.2832,29.68,Mainly clear
2009-07-10 21:00:00+00:00,HAKKARİ,30,28.878,16.628,0.0,9.178235,1.0,38.31427,818.1648,30.03,Mainly clear
2009-07-11 21:00:00+00:00,HAKKARİ,30,29.928,17.178,0.0,9.904906,0.0,36.883926,818.8977,30.2,Clear sky
2009-07-12 21:00:00+00:00,HAKKARİ,30,29.878,18.378,0.0,10.823973,0.0,35.103466,817.6917,29.38,Clear sky
2009-07-13 21:00:00+00:00,HAKKARİ,30,27.978,19.028,0.0,11.165805,0.0,30.914804,815.6768,30.93,Clear sky
2009-07-14 21:00:00+00:00,HAKKARİ,30,24.778,15.4279995,0.0,11.966953,0.0,31.72455,813.3235,30.99,Clear sky
2009-07-15 21:00:00+00:00,HAKKARİ,30,25.428,13.728,0.0,10.182337,0.0,36.131775,813.986,30.38,Clear sky
2009-07-16 21:00:00+00:00,HAKKARİ,30,27.128,14.978,0.0,11.159999,0.0,37.989292,815.6298,30.14,Clear sky
2009-07-17 21:00:00+00:00,HAKKARİ,30,27.628,16.428,0.0,10.08,0.0,35.49671,815.44366,30.3,Clear sky
2009-07-18 21:00:00+00:00,HAKKARİ,30,28.278,16.378,0.0,10.538843,0.0,35.37238,816.57544,30.36,Clear sky
2009-07-19 21:00:00+00:00,HAKKARİ,30,27.628,15.4279995,0.0,7.968939,2.0,40.716557,816.4267,24.61,Partly cloudy
2009-07-20 21:00:00+00:00,HAKKARİ,30,28.978,16.878,0.0,8.707238,1.0,38.06844,816.9807,24.89,Mainly clear
2009-07-21 21:00:00+00:00,HAKKARİ,30,27.728,17.128,0.0,8.891344,2.0,41.53183,817.7669,24.09,Partly cloudy
2009-07-22 21:00:00+00:00,HAKKARİ,30,28.628,15.9279995,0.0,9.904906,2.0,42.49506,818.08716,25.46,Partly cloudy
2009-07-23 21:00:00+00:00,HAKKARİ,30,25.978,15.278,0.5,10.163227,51.0,52.304607,817.3586,22.4,Drizzle: Light
2009-07-24 21:00:00+00:00,HAKKARİ,30,26.328,17.728,0.0,13.039754,1.0,42.85275,816.2949,24.96,Mainly clear
2009-07-25 21:00:00+00:00,HAKKARİ,30,25.578,15.6779995,0.0,8.557102,1.0,43.095367,816.4659,24.9,Mainly clear
2009-07-26 21:00:00+00:00,HAKKARİ,30,27.828,14.128,0.0,7.9526596,3.0,42.584354,816.5776,23.39,Overcast
2009-07-27 21:00:00+00:00,HAKKARİ,30,28.628,17.128,0.0,10.630672,1.0,41.300713,816.1934,27.92,Mainly clear
2009-07-28 21:00:00+00:00,HAKKARİ,30,28.628,13.478,0.0,10.594036,1.0,47.85634,815.05634,28.91,Mainly clear
2009-07-29 21:00:00+00:00,HAKKARİ,30,29.128,13.028,0.0,10.594036,1.0,37.142715,816.4053,29.66,Mainly clear
2009-07-30 21:00:00+00:00,HAKKARİ,30,27.628,17.778,0.0,12.7279215,0.0,29.967455,816.03546,29.63,Clear sky
2009-07-31 21:00:00+00:00,HAKKARİ,30,26.328,16.028,0.0,12.0694,0.0,31.185143,816.38776,29.34,Clear sky
2009-08-01 21:00:00+00:00,HAKKARİ,30,26.328,15.878,0.0,9.6932955,0.0,31.286354,818.14435,29.68,Clear sky
2009-08-02 21:00:00+00:00,HAKKARİ,30,27.228,15.128,0.0,10.739833,0.0,30.619217,819.6657,29.44,Clear sky
2009-08-03 21:00:00+00:00,HAKKARİ,30,26.978,13.278,0.0,8.4963045,3.0,34.76369,819.5789,26.07,Overcast
2009-08-04 21:00:00+00:00,HAKKARİ,30,27.578,16.378,0.0,7.2805495,3.0,37.312378,820.08136,22.31,Overcast
2009-08-05 21:00:00+00:00,HAKKARİ,30,28.378,17.078001,0.0,7.6367526,3.0,38.65361,818.8203,24.1,Overcast
2009-08-06 21:00:00+00:00,HAKKARİ,30,28.178,19.028,0.0,13.891522,0.0,34.621265,817.0914,28.09,Clear sky
2009-08-07 21:00:00+00:00,HAKKARİ,30,27.128,16.328001,0.0,12.979984,1.0,38.458004,816.90405,28.05,Mainly clear
2009-08-08 21:00:00+00:00,HAKKARİ,30,26.328,14.6779995,0.0,12.55879,0.0,33.771526,816.2132,29.1,Clear sky
2009-08-09 21:00:00+00:00,HAKKARİ,30,25.378,15.028,0.0,10.948973,3.0,38.75082,815.4947,23.09,Overcast
2009-08-10 21:00:00+00:00,HAKKARİ,30,24.728,13.478,0.0,13.004921,1.0,43.77774,816.48834,25.84,Mainly clear
2009-08-11 21:00:00+00:00,HAKKARİ,30,25.878,14.528,0.0,9.565437,0.0,27.717085,818.133,28.98,Clear sky
2009-08-12 21:00:00+00:00,HAKKARİ,30,28.028,11.378,0.0,9.114471,0.0,26.826624,818.1846,29.03,Clear sky
2009-08-13 21:00:00+00:00,HAKKARİ,30,28.328,16.278,0.0,10.787993,0.0,22.59699,819.48834,28.86,Clear sky
2009-08-14 21:00:00+00:00,HAKKARİ,30,28.678,14.128,0.0,9.114471,0.0,35.303978,819.8479,27.86,Clear sky
2009-08-15 21:00:00+00:00,HAKKARİ,30,29.278,14.1779995,0.0,10.041354,0.0,36.792973,818.0014,27.95,Clear sky
2009-08-16 21:00:00+00:00,HAKKARİ,30,29.528,14.028,0.0,10.829958,0.0,40.764214,818.9974,27.58,Clear sky
2009-08-17 21:00:00+00:00,HAKKARİ,30,30.178,16.528,0.0,11.298495,0.0,39.27801,820.98505,27.34,Clear sky
2009-08-18 21:00:00+00:00,HAKKARİ,30,30.978,17.628,0.0,13.783817,2.0,29.617353,821.6311,27.09,Partly cloudy
2009-08-19 21:00:00+00:00,HAKKARİ,30,29.478,20.028,0.0,14.003029,0.0,26.056242,821.34625,27.59,Clear sky
2009-08-20 21:00:00+00:00,HAKKARİ,30,28.528,16.678,0.0,11.183201,0.0,29.031403,819.12354,26.67,Clear sky
2009-08-21 21:00:00+00:00,HAKKARİ,30,27.828,17.128,0.0,13.217443,0.0,28.030184,817.4985,27.32,Clear sky
2009-08-22 21:00:00+00:00,HAKKARİ,30,27.228,15.228,0.0,12.4811535,0.0,25.49755,815.49506,27.43,Clear sky
2009-08-23 21:00:00+00:00,HAKKARİ,30,27.478,13.4279995,0.0,9.178235,0.0,29.692919,818.3023,26.95,Clear sky
2009-08-24 21:00:00+00:00,HAKKARİ,30,27.878,15.828,0.0,11.792404,0.0,25.618078,819.8325,26.93,Clear sky
2009-08-25 21:00:00+00:00,HAKKARİ,30,26.428,16.028,0.0,10.703569,0.0,29.590754,819.0017,26.52,Clear sky
2009-08-26 21:00:00+00:00,HAKKARİ,30,25.528,15.728,0.0,12.979984,0.0,35.484528,818.91,25.96,Clear sky
2009-08-27 21:00:00+00:00,HAKKARİ,30,24.078,11.378,0.0,10.137692,1.0,34.76829,819.4798,25.37,Mainly clear
2009-08-28 21:00:00+00:00,HAKKARİ,30,25.628,14.228,0.0,8.942214,1.0,30.352884,820.2198,25.5,Mainly clear
2009-08-29 21:00:00+00:00,HAKKARİ,30,26.228,15.028,0.0,11.090103,0.0,30.43551,819.12396,23.61,Clear sky
2009-08-30 21:00:00+00:00,HAKKARİ,30,25.878,15.378,0.0,8.350138,2.0,31.441475,819.2984,22.68,Partly cloudy
2009-08-31 21:00:00+00:00,HAKKARİ,30,25.378,13.828,0.0,8.891344,2.0,40.641796,820.184,21.7,Partly cloudy
2009-09-01 21:00:00+00:00,HAKKARİ,30,25.228,14.028,0.1,13.276144,51.0,41.697495,819.4632,24.15,Drizzle: Light
2009-09-02 21:00:00+00:00,HAKKARİ,30,26.728,13.378,0.0,8.891344,0.0,28.54548,819.56396,25.27,Clear sky
2009-09-03 21:00:00+00:00,HAKKARİ,30,28.028,14.378,0.0,8.707238,1.0,27.811302,821.3552,24.49,Mainly clear
2009-09-04 21:00:00+00:00,HAKKARİ,30,28.128,15.9279995,0.0,8.373386,2.0,26.11943,819.738,23.79,Partly cloudy
2009-09-05 21:00:00+00:00,HAKKARİ,30,27.528,16.478,0.0,11.440978,0.0,25.774694,816.8295,24.08,Clear sky
2009-09-06 21:00:00+00:00,HAKKARİ,30,25.278,15.028,0.1,11.901798,51.0,32.76123,815.52124,21.36,Drizzle: Light
2009-09-07 21:00:00+00:00,HAKKARİ,30,24.278,13.328,0.0,7.9932976,3.0,39.952312,819.62274,21.07,Overcast
2009-09-08 21:00:00+00:00,HAKKARİ,30,25.428,14.4279995,0.0,10.538843,2.0,38.103615,822.04865,23.32,Partly cloudy
2009-09-09 21:00:00+00:00,HAKKARİ,30,22.728,14.978,0.2,13.698934,51.0,39.01626,818.135,21.79,Drizzle: Light
2009-09-10 21:00:00+00:00,HAKKARİ,30,22.428,11.378,0.0,10.315115,3.0,46.68869,816.2447,18.27,Overcast
2009-09-11 21:00:00+00:00,HAKKARİ,30,23.578,13.078,0.0,11.792404,1.0,46.162006,820.02905,22.92,Mainly clear
2009-09-12 21:00:00+00:00,HAKKARİ,30,23.678,14.478,0.3,18.03237,51.0,47.993835,820.7531,18.53,Drizzle: Light
2009-09-13 21:00:00+00:00,HAKKARİ,30,23.628,13.328,0.0,10.691453,3.0,51.76219,821.4583,20.67,Overcast
2009-09-14 21:00:00+00:00,HAKKARİ,30,22.878,12.728,0.4,7.8954163,51.0,54.51155,819.7119,18.75,Drizzle: Light
2009-09-15 21:00:00+00:00,HAKKARİ,30,20.878,13.1779995,0.7,11.874544,53.0,59.592113,815.257,17.13,Drizzle: Moderate
2009-09-16 21:00:00+00:00,HAKKARİ,30,17.178,9.628,4.3,7.5170207,55.0,81.510025,814.0247,14.31,Drizzle: Dense
2009-09-17 21:00:00+00:00,HAKKARİ,30,20.328,3.828,0.0,9.6932955,3.0,60.68231,815.8171,20.24,Overcast
2009-09-18 21:00:00+00:00,HAKKARİ,30,18.178,11.628,0.1,11.726277,51.0,49.80434,816.74384,17.6,Drizzle: Light
2009-09-19 21:00:00+00:00,HAKKARİ,30,14.628,9.628,5.0000005,7.9526596,53.0,80.3146,815.1626,12.59,Drizzle: Moderate
2009-09-20 21:00:00+00:00,HAKKARİ,30,13.828,8.178,10.000001,6.489992,61.0,94.41101,817.1108,9.98,Rain: Slight
2009-09-21 21:00:00+00:00,HAKKARİ,30,16.878,9.028,0.4,12.496718,51.0,72.84428,820.15576,18.48,Drizzle: Light
2009-09-22 21:00:00+00:00,HAKKARİ,30,17.428,6.4779997,0.0,9.826088,3.0,61.964428,818.1071,20.51,Overcast
2009-09-23 21:00:00+00:00,HAKKARİ,30,16.428,6.6780005,0.70000005,8.759178,51.0,61.08031,818.6684,17.56,Drizzle: Light
2009-09-24 21:00:00+00:00,HAKKARİ,30,18.328,5.6780005,0.4,7.289445,51.0,62.17819,819.75275,18.04,Drizzle: Light
2009-09-25 21:00:00+00:00,HAKKARİ,30,20.028,8.428,0.0,8.913181,3.0,51.577267,819.32587,19.61,Overcast
2009-09-26 21:00:00+00:00,HAKKARİ,30,17.628,10.1779995,0.4,14.186923,51.0,49.71939,815.4854,18.67,Drizzle: Light
2009-09-27 21:00:00+00:00,HAKKARİ,30,14.228,7.3780003,0.0,16.62249,0.0,39.25112,812.87427,20.76,Clear sky
2009-09-28 21:00:00+00:00,HAKKARİ,30,13.9279995,5.228,0.0,10.296251,0.0,34.130413,814.0217,20.82,Clear sky
2009-09-29 21:00:00+00:00,HAKKARİ,30,15.778,4.1280003,0.0,8.891343,1.0,42.745502,816.7404,20.74,Mainly clear
2009-09-30 21:00:00+00:00,HAKKARİ,30,17.628,4.028,0.0,8.587338,1.0,41.60297,818.9319,20.4,Mainly clear
2009-10-01 21:00:00+00:00,HAKKARİ,30,19.528,6.6780005,0.0,7.928178,0.0,41.03801,822.3138,20.27,Clear sky
2009-10-02 21:00:00+00:00,HAKKARİ,30,21.028,4.228,0.0,8.287822,0.0,39.34085,821.2866,20.17,Clear sky
2009-10-03 21:00:00+00:00,HAKKARİ,30,22.678,5.728,0.0,8.287822,0.0,38.07137,820.044,19.79,Clear sky
2009-10-04 21:00:00+00:00,HAKKARİ,30,22.978,10.828,0.0,9.504273,0.0,30.89454,819.78485,19.61,Clear sky
2009-10-05 21:00:00+00:00,HAKKARİ,30,21.478,11.328,0.0,11.183201,1.0,32.674904,817.8448,19.13,Mainly clear
2009-10-06 21:00:00+00:00,HAKKARİ,30,17.778,8.578,0.2,7.5685663,51.0,48.166702,818.0087,15.77,Drizzle: Light
2009-10-07 21:00:00+00:00,HAKKARİ,30,17.078001,6.8780003,0.0,8.404285,2.0,66.65442,820.2153,15.02,Partly cloudy
2009-10-08 21:00:00+00:00,HAKKARİ,30,18.228,4.6280003,1.1,9.511088,51.0,61.284817,819.6285,16.02,Drizzle: Light
2009-10-09 21:00:00+00:00,HAKKARİ,30,18.128,7.528,0.1,9.114471,51.0,54.851078,817.43994,14.96,Drizzle: Light
2009-10-10 21:00:00+00:00,HAKKARİ,30,19.078,5.978,0.0,10.009036,3.0,49.279522,820.7271,16.78,Overcast
2009-10-11 21:00:00+00:00,HAKKARİ,30,20.428,5.6780005,0.0,6.519877,0.0,41.853573,822.322,18.42,Clear sky
2009-10-12 21:00:00+00:00,HAKKARİ,30,20.328,7.778,0.0,11.480557,3.0,41.34589,821.667,16.77,Overcast
2009-10-13 21:00:00+00:00,HAKKARİ,30,18.778,10.278,0.0,8.4963045,3.0,33.43854,822.1163,15.43,Overcast
2009-10-14 21:00:00+00:00,HAKKARİ,30,21.028,6.7279997,0.0,7.8954163,3.0,30.448889,824.695,17.85,Overcast
2009-10-15 21:00:00+00:00,HAKKARİ,30,21.878,8.228,0.0,6.989936,0.0,34.365902,824.7922,17.52,Clear sky
2009-10-16 21:00:00+00:00,HAKKARİ,30,21.978,7.6280003,0.4,8.373386,51.0,39.61057,822.6362,16.12,Drizzle: Light
2009-10-17 21:00:00+00:00,HAKKARİ,30,20.078,6.7279997,0.0,7.5685663,2.0,41.78306,821.32275,15.71,Partly cloudy
2009-10-18 21:00:00+00:00,HAKKARİ,30,20.978,6.1780005,0.0,7.208994,1.0,40.347042,822.21875,16.59,Mainly clear
2009-10-19 21:00:00+00:00,HAKKARİ,30,20.728,6.4280005,0.0,7.2,2.0,41.366417,822.42725,16.46,Partly cloudy
2009-10-20 21:00:00+00:00,HAKKARİ,30,20.228,7.1280003,1.3,6.130579,53.0,46.980453,820.6004,14.86,Drizzle: Moderate
2009-10-21 21:00:00+00:00,HAKKARİ,30,19.078,6.7279997,0.0,7.754637,3.0,50.345,821.0655,14.53,Overcast
2009-10-22 21:00:00+00:00,HAKKARİ,30,17.828001,5.6280003,0.0,5.771239,3.0,53.96538,821.92596,13.88,Overcast
2009-10-23 21:00:00+00:00,HAKKARİ,30,16.978,5.778,0.0,6.638072,2.0,50.336655,820.5588,14.46,Partly cloudy
2009-10-24 21:00:00+00:00,HAKKARİ,30,16.578001,5.078,0.0,7.653705,3.0,47.638718,819.13916,13.76,Overcast
2009-10-25 21:00:00+00:00,HAKKARİ,30,15.828,4.528,0.3,5.4119864,51.0,52.29851,819.94946,14.46,Drizzle: Light
2009-10-26 21:00:00+00:00,HAKKARİ,30,16.328001,7.528,0.0,9.360001,3.0,54.33227,820.1115,13.72,Overcast
2009-10-27 21:00:00+00:00,HAKKARİ,30,9.228,6.1280003,6.1000004,6.130579,53.0,88.90626,815.78314,5.39,Drizzle: Moderate
2009-10-28 21:00:00+00:00,HAKKARİ,30,10.478,5.978,3.2,7.2359104,55.0,90.53735,814.8885,7.79,Drizzle: Dense
2009-10-29 21:00:00+00:00,HAKKARİ,30,9.828,6.328,11.499999,5.8603754,55.0,96.85711,814.6199,3.99,Drizzle: Dense
2009-10-30 21:00:00+00:00,HAKKARİ,30,9.028,5.728,18.199997,8.669949,61.0,99.20655,814.3791,2.35,Rain: Slight
2009-10-31 21:00:00+00:00,HAKKARİ,30,8.828,5.6280003,21.2,6.725354,71.0,98.25742,814.0059,4.1,Snow fall: Slight
2009-11-01 21:00:00+00:00,HAKKARİ,30,8.628,5.1280003,27.200005,7.5599995,73.0,98.99585,810.28613,3.39,Snow fall: Moderate
2009-11-02 21:00:00+00:00,HAKKARİ,30,4.078,0.57800007,24.0,8.64,75.0,98.05393,810.22906,3.08,Snow fall: Heavy
2009-11-03 21:00:00+00:00,HAKKARİ,30,4.6780005,0.028000116,0.1,8.217153,71.0,90.160866,816.73315,9.27,Snow fall: Slight
2009-11-04 21:00:00+00:00,HAKKARİ,30,6.9779997,-1.1719999,0.0,7.145796,3.0,86.362335,818.5345,13.72,Overcast
2009-11-05 21:00:00+00:00,HAKKARİ,30,11.078,-4.422,0.0,9.3669195,3.0,71.71898,818.7238,14.32,Overcast
2009-11-06 21:00:00+00:00,HAKKARİ,30,13.828,-2.122,0.0,9.3669195,3.0,56.53647,818.9868,13.59,Overcast
2009-11-07 21:00:00+00:00,HAKKARİ,30,14.378,-1.0719998,0.0,8.287822,3.0,56.10335,817.80664,13.81,Overcast
2009-11-08 21:00:00+00:00,HAKKARİ,30,13.328,0.27800012,0.0,5.0528407,2.0,64.28679,817.3603,11.66,Partly cloudy
2009-11-09 21:00:00+00:00,HAKKARİ,30,13.228,-1.3219998,0.0,7.9526596,2.0,74.72736,814.20996,12.75,Partly cloudy
2009-11-10 21:00:00+00:00,HAKKARİ,30,13.578,-1.8219998,0.0,6.849467,0.0,67.963585,813.23065,13.59,Clear sky
2009-11-11 21:00:00+00:00,HAKKARİ,30,12.328,-1.2719998,0.0,6.0347,2.0,77.6924,813.2254,13.08,Partly cloudy
2009-11-12 21:00:00+00:00,HAKKARİ,30,11.978,-0.07199979,2.1,7.2359104,61.0,76.1798,815.66437,12.87,Rain: Slight
2009-11-13 21:00:00+00:00,HAKKARİ,30,6.328,3.428,24.199999,5.0911684,75.0,92.65542,816.40204,2.56,Snow fall: Heavy
2009-11-14 21:00:00+00:00,HAKKARİ,30,8.428,2.6280003,4.1,9.0,73.0,91.48386,815.4101,9.23,Snow fall: Moderate
2009-11-15 21:00:00+00:00,HAKKARİ,30,5.3780003,-0.5719998,0.0,6.489992,3.0,84.60339,814.25854,10.23,Overcast
2009-11-16 21:00:00+00:00,HAKKARİ,30,4.9280005,-0.3219998,3.8,6.151683,73.0,84.11875,808.3371,5.35,Snow fall: Moderate
2009-11-17 21:00:00+00:00,HAKKARİ,30,3.8780003,0.12800014,12.000001,6.5693827,73.0,92.29618,807.00275,5.68,Snow fall: Moderate
2009-11-18 21:00:00+00:00,HAKKARİ,30,4.4280005,-7.3719997,1.5000001,9.0,71.0,90.72351,812.92755,10.64,Snow fall: Slight
2009-11-19 21:00:00+00:00,HAKKARİ,30,4.1280003,0.32800007,2.1000001,7.2,71.0,91.20484,816.1572,8.5,Snow fall: Slight
2009-11-20 21:00:00+00:00,HAKKARİ,30,2.9780002,-4.672,5.9,8.669949,73.0,90.83273,812.4727,7.93,Snow fall: Moderate
2009-11-21 21:00:00+00:00,HAKKARİ,30,3.278,-15.672001,0.0,9.746631,3.0,74.300224,811.9471,12.39,Overcast
2009-11-22 21:00:00+00:00,HAKKARİ,30,4.328,-13.122,0.0,7.5942073,3.0,74.72751,812.5283,12.3,Overcast
2009-11-23 21:00:00+00:00,HAKKARİ,30,7.2279997,-15.372,0.0,6.519877,3.0,65.47347,811.8503,12.14,Overcast
2009-11-24 21:00:00+00:00,HAKKARİ,30,4.4280005,-1.3219998,0.0,6.162207,3.0,67.24468,813.5081,7.26,Overcast
2009-11-25 21:00:00+00:00,HAKKARİ,30,3.7280002,-7.0220003,0.0,6.989936,3.0,87.00995,813.5433,9.68,Overcast
2009-11-26 21:00:00+00:00,HAKKARİ,30,4.9280005,-13.022,0.0,8.669949,3.0,68.54328,813.12305,12.33,Overcast
2009-11-27 21:00:00+00:00,HAKKARİ,30,7.2279997,-13.922,0.0,10.823973,0.0,55.68881,812.11066,12.37,Clear sky
2009-11-28 21:00:00+00:00,HAKKARİ,30,7.4280005,-6.222,0.0,10.823973,0.0,44.522903,813.4626,12.25,Clear sky
2009-11-29 21:00:00+00:00,HAKKARİ,30,5.728,-5.8719997,0.0,6.130579,71.0,55.54056,813.96454,11.65,Snow fall: Slight
2009-11-30 21:00:00+00:00,HAKKARİ,30,5.3780003,-5.6219997,0.0,10.086427,2.0,66.699165,816.3193,11.61,Partly cloudy
2009-12-01 21:00:00+00:00,HAKKARİ,30,5.1780005,-9.472,0.0,11.542478,1.0,67.45777,816.8282,11.62,Mainly clear
2009-12-02 21:00:00+00:00,HAKKARİ,30,6.4280005,-8.122,0.0,9.028754,2.0,46.37787,813.3494,11.88,Partly cloudy
2009-12-03 21:00:00+00:00,HAKKARİ,30,5.1280003,-7.722,0.0,5.8048253,3.0,50.90421,814.26636,10.96,Overcast
2009-12-04 21:00:00+00:00,HAKKARİ,30,6.2279997,-4.6219997,0.0,6.4799995,3.0,60.883762,813.4182,10.81,Overcast
2009-12-05 21:00:00+00:00,HAKKARİ,30,3.578,-0.9719999,0.4,5.937272,71.0,86.0632,811.6402,4.68,Snow fall: Slight
2009-12-06 21:00:00+00:00,HAKKARİ,30,3.4780002,-2.9219997,7.5,6.28713,73.0,87.54211,808.4881,5.64,Snow fall: Moderate
2009-12-07 21:00:00+00:00,HAKKARİ,30,2.778,-2.0719998,1.6000001,6.725354,73.0,87.56797,807.75323,7.89,Snow fall: Moderate
2009-12-08 21:00:00+00:00,HAKKARİ,30,2.278,-5.222,0.6,7.2805495,71.0,87.792175,810.24756,9.1,Snow fall: Slight
2009-12-09 21:00:00+00:00,HAKKARİ,30,1.2780001,-7.3719997,0.0,6.6087217,71.0,89.17795,812.5208,8.02,Snow fall: Slight
2009-12-10 21:00:00+00:00,HAKKARİ,30,2.9780002,-12.722,0.0,7.5685663,3.0,80.9927,809.8557,10.78,Overcast
2009-12-11 21:00:00+00:00,HAKKARİ,30,1.8780001,-8.422,2.8000002,6.924738,73.0,90.642006,811.25946,5.98,Snow fall: Moderate
2009-12-12 21:00:00+00:00,HAKKARİ,30,2.278,-1.6719999,6.2,7.8625183,73.0,94.147545,812.482,5.05,Snow fall: Moderate
2009-12-13 21:00:00+00:00,HAKKARİ,30,1.1280001,-5.422,18.6,7.729527,75.0,94.644066,811.19775,6.94,Snow fall: Heavy
2009-12-14 21:00:00+00:00,HAKKARİ,30,0.87800014,-15.872,0.0,7.208994,3.0,60.873165,812.16095,11.1,Overcast
2009-12-15 21:00:00+00:00,HAKKARİ,30,0.97800016,-6.3719997,0.0,4.0249224,71.0,59.65216,813.5993,7.15,Snow fall: Slight
2009-12-16 21:00:00+00:00,HAKKARİ,30,1.0780001,-1.5719998,25.999996,4.6938257,75.0,96.34271,808.1948,3.66,Snow fall: Heavy
2009-12-17 21:00:00+00:00,HAKKARİ,30,1.7780001,-1.2719998,24.400002,4.3349743,75.0,95.97474,807.10297,4.59,Snow fall: Heavy
2009-12-18 21:00:00+00:00,HAKKARİ,30,0.87800014,-1.0219998,29.399998,5.815978,75.0,97.76475,810.5393,1.7,Snow fall: Heavy
2009-12-19 21:00:00+00:00,HAKKARİ,30,3.428,0.57800007,6.099999,5.495161,75.0,95.59666,816.9746,5.74,Snow fall: Heavy
2009-12-20 21:00:00+00:00,HAKKARİ,30,3.928,-1.8219998,0.9,4.8965297,71.0,93.21958,817.66974,9.41,Snow fall: Slight
2009-12-21 21:00:00+00:00,HAKKARİ,30,5.478,0.17800009,0.0,3.5455887,71.0,89.5169,817.66986,8.49,Snow fall: Slight
2009-12-22 21:00:00+00:00,HAKKARİ,30,5.578,0.6780001,0.0,4.68,3.0,80.07775,818.2073,7.03,Overcast
2009-12-23 21:00:00+00:00,HAKKARİ,30,4.4280005,-6.5220003,0.0,4.6938252,3.0,83.16722,816.56134,7.13,Overcast
2009-12-24 21:00:00+00:00,HAKKARİ,30,4.9280005,-2.9219997,0.0,5.0528407,3.0,78.72434,815.74506,9.63,Overcast
2009-12-25 21:00:00+00:00,HAKKARİ,30,4.6280003,-8.8220005,0.4,6.519877,71.0,80.51879,811.0129,9.76,Snow fall: Slight
2009-12-26 21:00:00+00:00,HAKKARİ,30,6.828,-3.9219997,0.8,8.28,73.0,81.92752,811.61346,10.4,Snow fall: Moderate
2009-12-27 21:00:00+00:00,HAKKARİ,30,7.2279997,-9.122,0.0,5.3999996,3.0,72.3454,811.57916,10.74,Overcast
2009-12-28 21:00:00+00:00,HAKKARİ,30,4.778,1.0780001,2.9,5.8048253,75.0,86.353485,812.26996,6.91,Snow fall: Heavy
2009-12-29 21:00:00+00:00,HAKKARİ,30,1.5780001,0.72800016,28.7,6.162207,75.0,97.48688,810.03394,2.94,Snow fall: Heavy
2009-12-30 21:00:00+00:00,HAKKARİ,30,3.278,-1.872,5.7000003,4.6938252,75.0,93.31309,808.76263,7.2,Snow fall: Heavy
2009-12-31 21:00:00+00:00,HAKKARİ,30,4.028,-5.472,0.0,9.726665,3.0,74.13213,809.30493,10.23,Overcast
2010-01-01 21:00:00+00:00,HAKKARİ,30,2.7280002,-2.222,0.2,6.193674,71.0,76.05288,812.1138,8.34,Snow fall: Slight
2010-01-02 21:00:00+00:00,HAKKARİ,30,1.0780001,-1.2719998,28.200005,8.766573,75.0,97.72959,810.34717,2.85,Snow fall: Heavy
2010-01-03 21:00:00+00:00,HAKKARİ,30,0.82800007,-1.872,37.199997,8.049845,75.0,97.137726,810.4304,2.75,Snow fall: Heavy
2010-01-04 21:00:00+00:00,HAKKARİ,30,2.128,-0.27199984,22.9,7.42159,75.0,97.282135,813.75806,3.35,Snow fall: Heavy
2010-01-05 21:00:00+00:00,HAKKARİ,30,5.328,-3.372,0.0,8.669949,71.0,69.05903,816.801,11.48,Snow fall: Slight
2010-01-06 21:00:00+00:00,HAKKARİ,30,7.4280005,-3.4219997,0.0,6.849467,3.0,52.72894,815.69147,11.73,Overcast
2010-01-07 21:00:00+00:00,HAKKARİ,30,7.078,-7.1219997,0.0,8.669949,3.0,60.435436,816.2752,10.93,Overcast
2010-01-08 21:00:00+00:00,HAKKARİ,30,2.1780002,-7.3220005,0.0,11.183201,2.0,66.88435,817.6175,12.03,Partly cloudy
2010-01-09 21:00:00+00:00,HAKKARİ,30,6.528,-9.272,0.0,11.212135,3.0,53.770893,815.94574,12.31,Overcast
2010-01-10 21:00:00+00:00,HAKKARİ,30,5.1780005,-1.1719999,0.0,7.9526596,3.0,38.810295,815.2847,11.38,Overcast
2010-01-11 21:00:00+00:00,HAKKARİ,30,2.078,-2.522,0.0,5.3517847,3.0,75.36546,814.8242,8.85,Overcast
2010-01-12 21:00:00+00:00,HAKKARİ,30,0.07800007,-1.6719999,22.800001,5.8603754,75.0,97.04404,812.8017,1.64,Snow fall: Heavy
2010-01-13 21:00:00+00:00,HAKKARİ,30,1.9780002,-1.8219998,11.2,7.9932976,75.0,94.33893,813.6113,7.19,Snow fall: Heavy
2010-01-14 21:00:00+00:00,HAKKARİ,30,2.078,-0.9719999,8.700001,7.342588,73.0,94.92434,816.48676,5.49,Snow fall: Moderate
2010-01-15 21:00:00+00:00,HAKKARİ,30,3.928,-0.67199993,0.1,5.0911684,71.0,92.97083,819.00946,7.91,Snow fall: Slight
2010-01-16 21:00:00+00:00,HAKKARİ,30,4.9280005,-2.022,0.0,6.130579,3.0,80.016914,820.33,10.25,Overcast
2010-01-17 21:00:00+00:00,HAKKARİ,30,6.828,3.7280002,0.3,5.0911684,51.0,73.45517,817.676,11.33,Drizzle: Light
2010-01-18 21:00:00+00:00,HAKKARİ,30,3.9780002,1.0280001,42.699997,7.6367526,75.0,95.98643,810.7727,3.28,Snow fall: Heavy
2010-01-19 21:00:00+00:00,HAKKARİ,30,2.7280002,0.028000116,11.299999,6.849467,73.0,96.364655,813.94824,7.92,Snow fall: Moderate
2010-01-20 21:00:00+00:00,HAKKARİ,30,2.278,-0.7219999,8.9,5.0911684,73.0,94.78654,814.3972,6.97,Snow fall: Moderate
2010-01-21 21:00:00+00:00,HAKKARİ,30,1.1280001,-2.9219997,0.0,6.3690495,3.0,85.22161,815.91437,11.98,Overcast
2010-01-22 21:00:00+00:00,HAKKARİ,30,1.0280001,-3.772,0.6,5.937272,71.0,85.85159,816.16254,10.07,Snow fall: Slight
2010-01-23 21:00:00+00:00,HAKKARİ,30,0.62800014,-1.872,12.9,4.896529,75.0,94.00656,812.24,5.34,Snow fall: Heavy
2010-01-24 21:00:00+00:00,HAKKARİ,30,0.5280001,-4.972,31.2,6.489992,75.0,93.66766,804.9515,7.63,Snow fall: Heavy
2010-01-25 21:00:00+00:00,HAKKARİ,30,-3.622,-6.3719997,4.3000007,6.924738,73.0,86.95514,809.2712,11.09,Snow fall: Moderate
2010-01-26 21:00:00+00:00,HAKKARİ,30,-4.8219995,-10.972,0.5,5.8048253,71.0,72.33706,813.4273,14.07,Snow fall: Slight
2010-01-27 21:00:00+00:00,HAKKARİ,30,-4.0220003,-12.022,1.0,6.87779,73.0,53.881336,809.6277,12.99,Snow fall: Moderate
2010-01-28 21:00:00+00:00,HAKKARİ,30,-2.9219997,-7.7720003,4.3999996,3.2399998,73.0,86.20441,810.09906,5.64,Snow fall: Moderate
2010-01-29 21:00:00+00:00,HAKKARİ,30,0.5280001,-4.0220003,1.2,6.130579,71.0,92.057304,814.9268,6.51,Snow fall: Slight
2010-01-30 21:00:00+00:00,HAKKARİ,30,2.6280003,-2.222,12.7,3.5455887,75.0,93.6691,814.6728,6.54,Snow fall: Heavy
2010-01-31 21:00:00+00:00,HAKKARİ,30,4.4280005,0.37800014,4.7999997,5.6920996,73.0,90.52969,812.82153,10.99,Snow fall: Moderate
2010-02-01 21:00:00+00:00,HAKKARİ,30,3.678,-3.972,0.0,8.28,3.0,80.875786,811.28143,13.95,Overcast
2010-02-02 21:00:00+00:00,HAKKARİ,30,2.578,-1.8219998,3.1999998,5.506941,73.0,83.18488,807.398,12.15,Snow fall: Moderate
2010-02-03 21:00:00+00:00,HAKKARİ,30,1.1280001,-5.1219997,10.400002,7.8625183,73.0,93.523315,802.0522,10.36,Snow fall: Moderate
2010-02-04 21:00:00+00:00,HAKKARİ,30,-3.272,-7.672,1.1,6.924738,71.0,81.28597,804.0188,13.07,Snow fall: Slight
2010-02-05 21:00:00+00:00,HAKKARİ,30,-2.722,-8.672,0.2,6.87779,71.0,80.11092,810.0158,12.91,Snow fall: Slight
2010-02-06 21:00:00+00:00,HAKKARİ,30,-3.022,-12.272,0.0,9.028754,3.0,72.31347,812.23553,15.8,Overcast
2010-02-07 21:00:00+00:00,HAKKARİ,30,-1.4719999,-8.372,0.0,4.3349743,3.0,57.0744,813.3693,13.19,Overcast
2010-02-08 21:00:00+00:00,HAKKARİ,30,-2.522,-6.3719997,3.0,4.32,73.0,73.95173,810.9863,7.86,Snow fall: Moderate
2010-02-09 21:00:00+00:00,HAKKARİ,30,0.57800007,-8.422,0.0,5.4119864,3.0,81.40835,811.2493,15.34,Overcast
2010-02-10 21:00:00+00:00,HAKKARİ,30,0.9280001,-10.972,0.0,5.4119864,71.0,80.23025,813.1162,14.71,Snow fall: Slight
2010-02-11 21:00:00+00:00,HAKKARİ,30,3.528,-4.3719997,0.2,5.0528407,71.0,87.01606,815.75323,12.01,Snow fall: Slight
2010-02-12 21:00:00+00:00,HAKKARİ,30,4.1280003,-3.6719997,0.0,4.32,3.0,81.534386,816.9485,15.68,Overcast
2010-02-13 21:00:00+00:00,HAKKARİ,30,7.6280003,-5.472,0.0,6.519877,3.0,70.36658,817.0652,16.74,Overcast
2010-02-14 21:00:00+00:00,HAKKARİ,30,9.028,1.1780001,1.5,5.4119864,73.0,53.961315,817.12604,15.28,Snow fall: Moderate
2010-02-15 21:00:00+00:00,HAKKARİ,30,3.928,1.2280002,11.800001,5.1165614,75.0,92.95444,814.7952,6.37,Snow fall: Heavy
2010-02-16 21:00:00+00:00,HAKKARİ,30,6.7279997,2.4280002,0.0,5.95906,3.0,92.05541,814.9566,15.3,Overcast
2010-02-17 21:00:00+00:00,HAKKARİ,30,6.828,2.578,0.0,6.725354,3.0,82.366646,814.6757,14.7,Overcast
2010-02-18 21:00:00+00:00,HAKKARİ,30,5.578,1.5280001,5.2,6.638072,73.0,93.28893,809.0075,8.58,Snow fall: Moderate
2010-02-19 21:00:00+00:00,HAKKARİ,30,7.6280003,-1.4219999,0.0,7.5685663,71.0,78.66425,809.198,16.94,Snow fall: Slight
2010-02-20 21:00:00+00:00,HAKKARİ,30,6.9280005,-0.872,0.1,5.8603754,71.0,76.47758,810.7966,15.18,Snow fall: Slight
2010-02-21 21:00:00+00:00,HAKKARİ,30,2.6280003,-0.47199988,21.2,9.0645685,75.0,94.852234,805.6472,10.35,Snow fall: Heavy
2010-02-22 21:00:00+00:00,HAKKARİ,30,2.2280002,-2.8219998,1.7,7.172949,73.0,88.3168,809.8462,12.29,Snow fall: Moderate
2010-02-23 21:00:00+00:00,HAKKARİ,30,1.3280001,-2.6719997,1.0,7.5942082,71.0,86.709175,808.6768,13.19,Snow fall: Slight
2010-02-24 21:00:00+00:00,HAKKARİ,30,3.578,-7.1219997,0.0,6.2145634,3.0,79.61243,806.5555,17.89,Overcast
2010-02-25 21:00:00+00:00,HAKKARİ,30,3.8780003,-5.422,0.0,8.766573,71.0,74.99273,803.9183,12.93,Snow fall: Slight
2010-02-26 21:00:00+00:00,HAKKARİ,30,3.2280002,-1.622,5.4,6.725354,73.0,89.77955,803.96967,9.95,Snow fall: Moderate
2010-02-27 21:00:00+00:00,HAKKARİ,30,2.678,-0.67199993,6.3,6.519877,73.0,91.56808,808.96875,11.58,Snow fall: Moderate
2010-02-28 21:00:00+00:00,HAKKARİ,30,2.7280002,-0.7219999,17.5,5.6233797,75.0,92.10728,807.5195,7.25,Snow fall: Heavy
2010-03-01 21:00:00+00:00,HAKKARİ,30,4.578,-3.8219998,0.2,7.928178,71.0,86.333824,810.03546,17.5,Snow fall: Slight
2010-03-02 21:00:00+00:00,HAKKARİ,30,2.8780003,-1.7719998,12.599999,6.924738,75.0,95.49001,808.21484,7.49,Snow fall: Heavy
2010-03-03 21:00:00+00:00,HAKKARİ,30,4.028,0.4280001,15.0,8.089993,75.0,91.1637,806.5395,14.01,Snow fall: Heavy
2010-03-04 21:00:00+00:00,HAKKARİ,30,5.028,-0.872,2.6000001,7.42159,73.0,85.74045,812.7383,14.73,Snow fall: Moderate
2010-03-05 21:00:00+00:00,HAKKARİ,30,4.078,0.17800009,1.4000001,6.9899354,73.0,91.976585,811.87994,10.58,Snow fall: Moderate
2010-03-06 21:00:00+00:00,HAKKARİ,30,4.6780005,1.4780002,2.1,9.085988,71.0,93.444786,815.1866,13.59,Snow fall: Slight
2010-03-07 21:00:00+00:00,HAKKARİ,30,7.778,-0.37199998,0.0,6.162207,3.0,83.44985,819.6504,17.59,Overcast
2010-03-08 21:00:00+00:00,HAKKARİ,30,10.828,3.678,0.0,7.208994,3.0,71.10862,820.44995,18.64,Overcast
2010-03-09 21:00:00+00:00,HAKKARİ,30,10.228,4.728,6.4,10.041354,61.0,84.6365,818.70245,19.7,Rain: Slight
2010-03-10 21:00:00+00:00,HAKKARİ,30,12.328,0.37800014,0.0,5.8603754,3.0,77.23801,818.0093,17.74,Overcast
2010-03-11 21:00:00+00:00,HAKKARİ,30,10.9279995,3.578,1.0,8.209263,53.0,80.258934,818.80133,17.85,Drizzle: Moderate
2010-03-12 21:00:00+00:00,HAKKARİ,30,10.328,4.528,7.4,7.5942073,61.0,89.19913,815.71356,14.14,Rain: Slight
2010-03-13 21:00:00+00:00,HAKKARİ,30,8.478,3.6280003,9.8,2.7416782,55.0,82.76987,814.0325,9.32,Drizzle: Dense
2010-03-14 21:00:00+00:00,HAKKARİ,30,8.378,6.828,8.7,5.7599998,61.0,80.93313,811.92993,7.81,Rain: Slight
2010-03-15 21:00:00+00:00,HAKKARİ,30,7.328,1.2280002,16.400002,13.37825,73.0,86.12786,807.6746,15.47,Snow fall: Moderate
2010-03-16 21:00:00+00:00,HAKKARİ,30,5.778,0.7780001,0.6,9.793059,71.0,77.18214,813.4538,19.45,Snow fall: Slight
2010-03-17 21:00:00+00:00,HAKKARİ,30,2.378,-1.2719998,11.800001,4.452954,75.0,87.04603,810.8527,6.5,Snow fall: Heavy
2010-03-18 21:00:00+00:00,HAKKARİ,30,4.1780005,-3.8219998,1.6000001,9.339208,73.0,76.69017,814.51117,20.3,Snow fall: Moderate
2010-03-19 21:00:00+00:00,HAKKARİ,30,3.278,-6.672,0.0,9.83268,2.0,70.399734,816.83417,23.59,Partly cloudy
2010-03-20 21:00:00+00:00,HAKKARİ,30,5.6280003,-7.972,0.0,9.47012,2.0,62.53018,817.1037,24.16,Partly cloudy
2010-03-21 21:00:00+00:00,HAKKARİ,30,8.978,-6.6219997,0.0,9.0,3.0,53.76884,815.72845,24.09,Overcast
2010-03-22 21:00:00+00:00,HAKKARİ,30,12.6779995,-1.4219999,0.0,7.92,3.0,47.438435,814.3535,24.2,Overcast
2010-03-23 21:00:00+00:00,HAKKARİ,30,10.278,2.378,0.0,9.9571085,3.0,60.902134,815.01776,20.83,Overcast
2010-03-24 21:00:00+00:00,HAKKARİ,30,11.578,2.828,0.0,6.162207,3.0,66.27394,815.11115,22.04,Overcast
2010-03-25 21:00:00+00:00,HAKKARİ,30,10.478,4.028,0.0,10.383987,3.0,71.37473,812.81366,20.93,Overcast
2010-03-26 21:00:00+00:00,HAKKARİ,30,3.8780003,-1.9719999,2.8,12.783802,75.0,76.545105,808.7327,14.5,Snow fall: Heavy
2010-03-27 21:00:00+00:00,HAKKARİ,30,5.578,-2.1719997,3.0,9.504273,73.0,84.865746,809.7353,14.0,Snow fall: Moderate
2010-03-28 21:00:00+00:00,HAKKARİ,30,7.528,1.6280001,0.7,7.8625183,71.0,91.143654,815.3118,14.82,Snow fall: Slight
2010-03-29 21:00:00+00:00,HAKKARİ,30,6.028,2.578,16.9,8.209263,75.0,97.44797,815.0358,8.28,Snow fall: Heavy
2010-03-30 21:00:00+00:00,HAKKARİ,30,4.3780003,0.62800014,4.5000005,8.557102,73.0,91.49264,813.7964,18.78,Snow fall: Moderate
2010-03-31 21:00:00+00:00,HAKKARİ,30,7.578,-2.8219998,0.0,6.9899354,3.0,76.48684,814.5085,23.49,Overcast
2010-04-01 21:00:00+00:00,HAKKARİ,30,8.878,0.57800007,0.0,7.42159,3.0,75.0644,815.42865,24.27,Overcast
2010-04-02 21:00:00+00:00,HAKKARİ,30,8.028,-1.6719999,3.2,10.296251,53.0,87.72098,814.5896,20.17,Drizzle: Moderate
2010-04-03 21:00:00+00:00,HAKKARİ,30,10.778,3.9780002,0.1,12.10157,51.0,79.68105,815.08594,22.98,Drizzle: Light
2010-04-04 21:00:00+00:00,HAKKARİ,30,11.978,0.9280001,0.0,7.9932976,2.0,67.02122,815.8547,24.72,Partly cloudy
2010-04-05 21:00:00+00:00,HAKKARİ,30,10.1779995,2.828,0.0,7.9932976,3.0,66.99511,815.00726,22.88,Overcast
2010-04-06 21:00:00+00:00,HAKKARİ,30,7.328,2.4280002,30.799997,5.6920996,75.0,89.483315,812.3217,11.42,Snow fall: Heavy
2010-04-07 21:00:00+00:00,HAKKARİ,30,6.6780005,3.278,9.200001,10.739833,71.0,98.71939,811.1586,9.33,Snow fall: Slight
2010-04-08 21:00:00+00:00,HAKKARİ,30,6.4779997,0.028000116,2.8,9.449572,73.0,85.150925,812.3427,23.0,Snow fall: Moderate
2010-04-09 21:00:00+00:00,HAKKARİ,30,4.978,-0.77199984,3.5,7.754637,73.0,91.5893,811.695,20.82,Snow fall: Moderate
2010-04-10 21:00:00+00:00,HAKKARİ,30,6.578,-0.9719999,1.8,9.178235,73.0,86.8512,813.00165,17.95,Snow fall: Moderate
2010-04-11 21:00:00+00:00,HAKKARİ,30,6.9280005,3.4780002,21.599998,5.991594,71.0,91.83851,810.24976,7.03,Snow fall: Slight
2010-04-12 21:00:00+00:00,HAKKARİ,30,6.528,2.078,7.1,9.885262,73.0,94.435234,810.6823,17.0,Snow fall: Moderate
2010-04-13 21:00:00+00:00,HAKKARİ,30,8.328,-2.3219998,0.0,7.5685663,3.0,74.36802,813.0181,26.73,Overcast
2010-04-14 21:00:00+00:00,HAKKARİ,30,9.778,0.47800016,0.0,7.4128532,2.0,65.370575,815.5583,27.45,Partly cloudy
2010-04-15 21:00:00+00:00,HAKKARİ,30,15.228,-0.22199988,0.0,7.928178,3.0,54.10146,817.89703,26.74,Overcast
2010-04-16 21:00:00+00:00,HAKKARİ,30,14.278,1.9780002,0.1,7.208994,51.0,55.83955,815.618,27.21,Drizzle: Light
2010-04-17 21:00:00+00:00,HAKKARİ,30,8.978,4.278,6.7999997,7.9526596,53.0,79.24498,813.48126,10.28,Drizzle: Moderate
2010-04-18 21:00:00+00:00,HAKKARİ,30,10.878,2.278,3.6999998,7.289444,55.0,86.637596,814.77985,21.9,Drizzle: Dense
2010-04-19 21:00:00+00:00,HAKKARİ,30,12.728,-2.5719998,0.0,7.5685663,3.0,74.471535,813.8974,27.45,Overcast
2010-04-20 21:00:00+00:00,HAKKARİ,30,11.078,3.6280003,5.1,6.830519,53.0,85.02357,811.7592,10.97,Drizzle: Moderate
2010-04-21 21:00:00+00:00,HAKKARİ,30,8.428,5.728,10.300001,7.172949,55.0,96.876625,810.8676,8.24,Drizzle: Dense
2010-04-22 21:00:00+00:00,HAKKARİ,30,9.828,3.428,8.299999,6.6087217,71.0,80.994514,811.8289,16.71,Snow fall: Slight
2010-04-23 21:00:00+00:00,HAKKARİ,30,9.178,2.4780002,4.0,8.707238,71.0,86.97335,814.36993,18.94,Snow fall: Slight
2010-04-24 21:00:00+00:00,HAKKARİ,30,11.328,-0.021999836,1.1,6.489992,51.0,78.52345,815.5718,22.64,Drizzle: Light
2010-04-25 21:00:00+00:00,HAKKARİ,30,11.578,4.1780005,3.7,7.9036193,61.0,75.35444,816.502,23.7,Rain: Slight
2010-04-26 21:00:00+00:00,HAKKARİ,30,12.328,4.278,2.3,7.928177,53.0,74.36113,817.30707,23.07,Drizzle: Moderate
2010-04-27 21:00:00+00:00,HAKKARİ,30,11.278,5.1280003,17.4,9.726665,71.0,87.01318,815.0447,16.98,Snow fall: Slight
2010-04-28 21:00:00+00:00,HAKKARİ,30,10.828,5.1780005,7.6000004,9.83268,55.0,89.7425,810.7321,22.66,Drizzle: Dense
2010-04-29 21:00:00+00:00,HAKKARİ,30,10.478,5.9280005,14.699999,8.759178,61.0,95.590485,813.0464,17.01,Rain: Slight
2010-04-30 21:00:00+00:00,HAKKARİ,30,8.178,4.828,22.300001,6.638072,73.0,98.40835,813.7378,10.03,Snow fall: Moderate
2010-05-01 21:00:00+00:00,HAKKARİ,30,7.4280005,2.9780002,22.2,5.4119864,73.0,97.17154,809.5688,4.79,Snow fall: Moderate
2010-05-02 21:00:00+00:00,HAKKARİ,30,6.4779997,3.028,10.6,7.2,73.0,96.46288,811.13306,12.04,Snow fall: Moderate
2010-05-03 21:00:00+00:00,HAKKARİ,30,9.378,1.9280001,4.3,7.9932976,61.0,89.70611,812.3921,17.52,Rain: Slight
2010-05-04 21:00:00+00:00,HAKKARİ,30,10.6779995,0.6780001,6.9,6.8399997,61.0,86.170784,812.29315,19.26,Rain: Slight
2010-05-05 21:00:00+00:00,HAKKARİ,30,11.228,-0.37199998,8.2,7.2,61.0,90.654655,811.90753,18.67,Rain: Slight
2010-05-06 21:00:00+00:00,HAKKARİ,30,13.328,0.32800007,5.0000005,8.217153,61.0,80.637215,812.16815,21.56,Rain: Slight
2010-05-07 21:00:00+00:00,HAKKARİ,30,15.878,3.528,5.9000006,7.8954163,63.0,76.490486,814.1623,22.14,Rain: Moderate
2010-05-08 21:00:00+00:00,HAKKARİ,30,17.128,3.9780002,0.5,12.475961,51.0,70.929306,814.1834,26.81,Drizzle: Light
2010-05-09 21:00:00+00:00,HAKKARİ,30,17.428,7.6280003,2.3,9.422101,53.0,76.19655,812.9306,22.68,Drizzle: Moderate
2010-05-10 21:00:00+00:00,HAKKARİ,30,18.578,6.528,0.2,6.849467,51.0,64.50921,816.0827,24.59,Drizzle: Light
2010-05-11 21:00:00+00:00,HAKKARİ,30,21.328,9.028,0.0,12.303366,3.0,54.363754,816.98804,26.93,Overcast
2010-05-12 21:00:00+00:00,HAKKARİ,30,21.078,11.328,0.6,8.891344,53.0,54.1742,818.2258,26.37,Drizzle: Moderate
2010-05-13 21:00:00+00:00,HAKKARİ,30,20.878,8.728,0.1,11.090103,51.0,49.791355,818.11694,27.11,Drizzle: Light
2010-05-14 21:00:00+00:00,HAKKARİ,30,20.128,9.328,1.5,10.086427,53.0,50.55835,817.3447,25.92,Drizzle: Moderate
2010-05-15 21:00:00+00:00,HAKKARİ,30,22.328,5.028,0.0,6.849467,3.0,57.313076,816.5596,27.24,Overcast
2010-05-16 21:00:00+00:00,HAKKARİ,30,21.228,8.128,1.1,12.096214,53.0,58.84551,816.74457,26.87,Drizzle: Moderate
2010-05-17 21:00:00+00:00,HAKKARİ,30,19.128,9.378,0.0,12.096214,3.0,41.279675,817.65717,30.19,Overcast
2010-05-18 21:00:00+00:00,HAKKARİ,30,14.478,7.2279997,4.5000005,7.9932976,55.0,81.18787,816.8754,11.97,Drizzle: Dense
2010-05-19 21:00:00+00:00,HAKKARİ,30,16.928,4.778,0.0,12.287555,3.0,65.092674,815.45215,29.38,Overcast
2010-05-20 21:00:00+00:00,HAKKARİ,30,16.428,6.7279997,0.5,11.770403,51.0,62.183994,815.2778,28.68,Drizzle: Light
2010-05-21 21:00:00+00:00,HAKKARİ,30,17.228,8.378,0.70000005,13.755579,51.0,59.92563,816.8242,28.33,Drizzle: Light
2010-05-22 21:00:00+00:00,HAKKARİ,30,17.128,9.178,0.6,15.281989,51.0,58.21272,815.32794,22.53,Drizzle: Light
2010-05-23 21:00:00+00:00,HAKKARİ,30,16.328001,6.9779997,0.1,11.298495,51.0,54.941925,814.2888,29.9,Drizzle: Light
2010-05-24 21:00:00+00:00,HAKKARİ,30,17.478,3.078,0.4,10.086427,51.0,57.852695,817.2527,28.44,Drizzle: Light
2010-05-25 21:00:00+00:00,HAKKARİ,30,19.678,6.278,0.4,9.511088,51.0,52.362244,818.7509,29.54,Drizzle: Light
2010-05-26 21:00:00+00:00,HAKKARİ,30,21.528,8.028,0.0,9.449572,2.0,50.67674,820.4288,27.99,Partly cloudy
2010-05-27 21:00:00+00:00,HAKKARİ,30,21.578,9.028,0.90000004,9.028754,53.0,56.715042,819.0804,24.72,Drizzle: Moderate
2010-05-28 21:00:00+00:00,HAKKARİ,30,22.228,8.428,1.4,16.454008,51.0,56.61169,815.84283,26.95,Drizzle: Light
2010-05-29 21:00:00+00:00,HAKKARİ,30,20.928,12.228,0.6,10.365251,53.0,53.725018,817.8046,26.25,Drizzle: Moderate
2010-05-30 21:00:00+00:00,HAKKARİ,30,22.028,12.128,0.0,9.085988,1.0,55.0056,819.94403,25.42,Mainly clear
2010-05-31 21:00:00+00:00,HAKKARİ,30,24.128,11.9279995,0.0,7.69592,2.0,50.67467,821.2233,28.88,Partly cloudy
2010-06-01 21:00:00+00:00,HAKKARİ,30,25.878,13.4279995,0.0,8.825508,3.0,43.301517,821.2984,29.25,Overcast
2010-06-02 21:00:00+00:00,HAKKARİ,30,26.728,16.678,0.1,11.91812,51.0,33.509422,823.2837,27.15,Drizzle: Light
2010-06-03 21:00:00+00:00,HAKKARİ,30,28.728,16.128,0.0,8.587338,0.0,29.38788,824.06964,30.93,Clear sky
2010-06-04 21:00:00+00:00,HAKKARİ,30,28.578,13.878,1.4000001,8.287822,53.0,39.22198,821.72565,26.21,Drizzle: Moderate
2010-06-05 21:00:00+00:00,HAKKARİ,30,28.278,16.278,0.0,8.905908,3.0,34.934643,818.722,28.97,Overcast
2010-06-06 21:00:00+00:00,HAKKARİ,30,23.578,16.928,1.9,16.394829,53.0,44.28532,815.8984,26.04,Drizzle: Moderate
2010-06-07 21:00:00+00:00,HAKKARİ,30,21.078,13.228,0.2,14.113652,51.0,43.838226,817.3491,30.02,Drizzle: Light
2010-06-08 21:00:00+00:00,HAKKARİ,30,20.978,12.228,1.3000001,12.768586,53.0,48.060238,817.6726,26.82,Drizzle: Moderate
2010-06-09 21:00:00+00:00,HAKKARİ,30,23.928,14.228,0.0,11.609651,0.0,40.194164,818.01874,30.54,Clear sky
2010-06-10 21:00:00+00:00,HAKKARİ,30,24.378,12.9279995,0.0,10.464797,0.0,38.365463,820.313,31.08,Clear sky
2010-06-11 21:00:00+00:00,HAKKARİ,30,25.828,14.978,0.0,8.905908,0.0,38.948093,822.4182,30.32,Clear sky
2010-06-12 21:00:00+00:00,HAKKARİ,30,28.478,12.828,0.0,10.086427,0.0,37.768314,822.7775,30.32,Clear sky
2010-06-13 21:00:00+00:00,HAKKARİ,30,29.528,15.278,0.0,9.028754,1.0,33.997227,823.3743,29.12,Mainly clear
2010-06-14 21:00:00+00:00,HAKKARİ,30,29.528,16.978,1.7,8.350138,53.0,37.72096,820.86273,23.92,Drizzle: Moderate
2010-06-15 21:00:00+00:00,HAKKARİ,30,26.528,18.628,0.0,15.158522,2.0,35.272026,816.48224,30.03,Partly cloudy
2010-06-16 21:00:00+00:00,HAKKARİ,30,23.078,15.378,0.6,8.557102,53.0,46.424313,814.4444,25.91,Drizzle: Moderate
2010-06-17 21:00:00+00:00,HAKKARİ,30,23.428,12.078,0.0,10.805998,2.0,55.10703,814.8381,25.28,Partly cloudy
2010-06-18 21:00:00+00:00,HAKKARİ,30,24.978,16.028,0.0,11.27553,2.0,46.339188,817.5418,25.91,Partly cloudy
2010-06-19 21:00:00+00:00,HAKKARİ,30,23.578,12.778,3.0,10.182337,61.0,52.660694,817.6303,21.51,Rain: Slight
2010-06-20 21:00:00+00:00,HAKKARİ,30,25.528,14.378,0.0,10.495713,3.0,40.444477,817.8557,29.28,Overcast
2010-06-21 21:00:00+00:00,HAKKARİ,30,24.828,13.1779995,0.0,10.195057,1.0,41.543995,816.5923,28.75,Mainly clear
2010-06-22 21:00:00+00:00,HAKKARİ,30,24.028,15.778,0.6,16.87398,53.0,38.291725,813.9209,27.53,Drizzle: Moderate
2010-06-23 21:00:00+00:00,HAKKARİ,30,18.378,12.328,1.6000001,15.496736,53.0,51.309025,811.72894,27.64,Drizzle: Moderate
2010-06-24 21:00:00+00:00,HAKKARİ,30,21.128,10.028,0.0,9.504273,3.0,56.713688,812.8508,23.49,Overcast
2010-06-25 21:00:00+00:00,HAKKARİ,30,23.128,12.4279995,0.0,11.367109,1.0,47.90153,814.7786,28.92,Mainly clear
2010-06-26 21:00:00+00:00,HAKKARİ,30,24.828,12.4279995,0.0,10.137692,0.0,40.65763,817.04376,31.08,Clear sky
2010-06-27 21:00:00+00:00,HAKKARİ,30,26.378,13.978,0.0,10.182337,0.0,34.743267,818.68286,31.18,Clear sky
2010-06-28 21:00:00+00:00,HAKKARİ,30,26.278,14.628,0.0,11.384199,0.0,33.76297,817.9451,31.0,Clear sky
2010-06-29 21:00:00+00:00,HAKKARİ,30,26.328,13.478,0.0,9.83268,0.0,31.129469,818.0444,31.62,Clear sky
2010-06-30 21:00:00+00:00,HAKKARİ,30,27.228,11.328,0.0,10.703569,0.0,31.134523,817.09076,31.46,Clear sky
2010-07-01 21:00:00+00:00,HAKKARİ,30,28.528,13.028,0.0,9.47012,0.0,32.415913,816.8432,31.16,Clear sky
2010-07-02 21:00:00+00:00,HAKKARİ,30,29.828,15.828,0.0,9.114471,0.0,32.592567,817.768,30.8,Clear sky
2010-07-03 21:00:00+00:00,HAKKARİ,30,30.928,17.528,0.0,10.8955765,0.0,34.25253,819.3013,30.52,Clear sky
2010-07-04 21:00:00+00:00,HAKKARİ,30,31.178,20.378,0.0,11.183201,0.0,29.351868,819.633,30.75,Clear sky
2010-07-05 21:00:00+00:00,HAKKARİ,30,30.378,18.878,0.0,9.6932955,0.0,29.911263,819.62994,30.75,Clear sky
2010-07-06 21:00:00+00:00,HAKKARİ,30,30.778,18.028,0.0,9.693296,0.0,33.85414,820.12604,30.32,Clear sky
2010-07-07 21:00:00+00:00,HAKKARİ,30,31.378,19.928,0.0,11.609651,0.0,28.53322,821.0115,30.34,Clear sky
2010-07-08 21:00:00+00:00,HAKKARİ,30,30.528,18.978,0.0,11.119281,0.0,18.937237,821.84247,31.48,Clear sky
2010-07-09 21:00:00+00:00,HAKKARİ,30,31.128,17.928,0.0,9.983106,0.0,18.944382,822.8055,31.43,Clear sky
2010-07-10 21:00:00+00:00,HAKKARİ,30,33.878002,15.278,0.0,8.714677,0.0,22.073174,822.91675,30.81,Clear sky
2010-07-11 21:00:00+00:00,HAKKARİ,30,34.228,18.428,0.0,9.793059,0.0,21.809195,821.0795,30.75,Clear sky
2010-07-12 21:00:00+00:00,HAKKARİ,30,33.278,17.928,0.0,10.30883,0.0,24.815866,816.86053,30.52,Clear sky
2010-07-13 21:00:00+00:00,HAKKARİ,30,30.678,20.328,0.0,12.979984,0.0,24.383596,813.99994,30.8,Clear sky
2010-07-14 21:00:00+00:00,HAKKARİ,30,28.378,19.678,0.1,13.527572,51.0,30.686928,815.1885,27.89,Drizzle: Light
2010-07-15 21:00:00+00:00,HAKKARİ,30,27.728,19.178,0.0,13.237039,2.0,37.185448,818.13226,28.62,Partly cloudy
2010-07-16 21:00:00+00:00,HAKKARİ,30,28.078,18.378,0.1,10.829959,51.0,36.87331,818.9566,26.3,Drizzle: Light
2010-07-17 21:00:00+00:00,HAKKARİ,30,28.078,18.128,0.0,10.948973,1.0,38.929073,819.0562,28.52,Mainly clear
2010-07-18 21:00:00+00:00,HAKKARİ,30,30.178,16.828001,0.0,9.885262,0.0,36.137638,818.2939,28.58,Clear sky
2010-07-19 21:00:00+00:00,HAKKARİ,30,30.978,18.378,0.0,8.161764,0.0,36.84516,816.99994,28.3,Clear sky
2010-07-20 21:00:00+00:00,HAKKARİ,30,31.128,15.828,0.0,10.30883,1.0,47.081512,815.99725,27.63,Mainly clear
2010-07-21 21:00:00+00:00,HAKKARİ,30,30.828,19.628,0.0,12.371645,1.0,36.424007,815.76044,28.49,Mainly clear
2010-07-22 21:00:00+00:00,HAKKARİ,30,29.528,19.028,0.0,10.182337,2.0,37.130596,815.5883,26.16,Partly cloudy
2010-07-23 21:00:00+00:00,HAKKARİ,30,27.628,18.478,0.0,12.620554,2.0,40.537598,814.2046,27.72,Partly cloudy
2010-07-24 21:00:00+00:00,HAKKARİ,30,27.128,17.578001,0.0,10.495713,1.0,37.948704,814.64307,25.4,Mainly clear
2010-07-25 21:00:00+00:00,HAKKARİ,30,28.928,16.628,0.0,8.669949,2.0,38.62823,818.01953,26.2,Partly cloudy
2010-07-26 21:00:00+00:00,HAKKARİ,30,31.428,15.878,0.0,10.739833,1.0,37.309685,820.20703,28.9,Mainly clear
2010-07-27 21:00:00+00:00,HAKKARİ,30,30.028,15.6779995,0.0,11.043261,0.0,35.891132,819.3819,29.82,Clear sky
2010-07-28 21:00:00+00:00,HAKKARİ,30,29.928,13.728,0.0,11.503113,0.0,29.453217,818.73755,30.07,Clear sky
2010-07-29 21:00:00+00:00,HAKKARİ,30,30.728,15.4279995,0.0,10.587917,0.0,29.690481,821.0721,28.26,Clear sky
2010-07-30 21:00:00+00:00,HAKKARİ,30,29.228,14.028,0.0,11.298495,0.0,27.248926,821.90643,30.19,Clear sky
2010-07-31 21:00:00+00:00,HAKKARİ,30,27.828,12.228,0.0,11.841756,0.0,29.246925,821.3067,30.03,Clear sky
2010-08-01 21:00:00+00:00,HAKKARİ,30,28.678,12.628,0.0,10.587917,0.0,24.17309,820.5302,30.06,Clear sky
2010-08-02 21:00:00+00:00,HAKKARİ,30,29.378,14.778,0.0,9.449572,3.0,20.428436,818.28735,28.02,Overcast
2010-08-03 21:00:00+00:00,HAKKARİ,30,28.128,16.878,0.8,7.5170207,51.0,27.88508,817.9913,22.26,Drizzle: Light
2010-08-04 21:00:00+00:00,HAKKARİ,30,28.228,18.578,0.0,7.5170207,2.0,30.96652,820.4795,24.61,Partly cloudy
2010-08-05 21:00:00+00:00,HAKKARİ,30,29.728,19.778,0.0,6.489992,3.0,27.824427,824.0564,23.1,Overcast
2010-08-06 21:00:00+00:00,HAKKARİ,30,29.978,19.828,0.0,6.519877,3.0,28.34876,824.6441,24.22,Overcast
2010-08-07 21:00:00+00:00,HAKKARİ,30,29.278,20.778,0.0,8.557102,3.0,27.192472,821.85815,23.41,Overcast
2010-08-08 21:00:00+00:00,HAKKARİ,30,31.178,20.578,0.0,11.043261,0.0,22.197502,820.4827,28.6,Clear sky
2010-08-09 21:00:00+00:00,HAKKARİ,30,30.428,18.878,0.0,12.496719,0.0,21.065077,820.6773,29.01,Clear sky
2010-08-10 21:00:00+00:00,HAKKARİ,30,30.928,17.128,0.0,10.514218,1.0,25.428446,821.8969,27.39,Mainly clear
2010-08-11 21:00:00+00:00,HAKKARİ,30,28.628,17.778,0.0,7.2359104,2.0,33.840004,822.364,21.39,Partly cloudy
2010-08-12 21:00:00+00:00,HAKKARİ,30,28.528,18.178,0.2,7.69592,51.0,35.725643,822.6799,21.82,Drizzle: Light
2010-08-13 21:00:00+00:00,HAKKARİ,30,29.628,17.178,0.0,9.0,2.0,34.895866,822.3169,24.79,Partly cloudy
2010-08-14 21:00:00+00:00,HAKKARİ,30,29.478,17.278,0.0,9.0,2.0,27.939402,821.53906,24.38,Partly cloudy
2010-08-15 21:00:00+00:00,HAKKARİ,30,30.128,20.278,0.0,11.384199,2.0,23.788004,821.52716,25.72,Partly cloudy
2010-08-16 21:00:00+00:00,HAKKARİ,30,30.278,19.978,0.0,14.081477,3.0,26.164665,821.01166,25.24,Overcast
2010-08-17 21:00:00+00:00,HAKKARİ,30,30.728,19.028,0.0,14.707222,1.0,28.92795,819.13385,27.33,Mainly clear
2010-08-18 21:00:00+00:00,HAKKARİ,30,30.878,19.078,0.0,10.24578,0.0,27.216467,820.3992,27.71,Clear sky
2010-08-19 21:00:00+00:00,HAKKARİ,30,32.328,17.078001,0.0,9.83268,0.0,27.20365,822.2285,27.22,Clear sky
2010-08-20 21:00:00+00:00,HAKKARİ,30,32.678,19.078,0.0,10.829958,0.0,25.477308,820.574,27.42,Clear sky
2010-08-21 21:00:00+00:00,HAKKARİ,30,30.078,17.478,0.0,11.165805,0.0,32.821827,818.8042,26.61,Clear sky
2010-08-22 21:00:00+00:00,HAKKARİ,30,30.378,18.028,0.0,12.496718,0.0,34.601658,820.11786,26.67,Clear sky
2010-08-23 21:00:00+00:00,HAKKARİ,30,31.278,20.578,0.0,13.698934,1.0,27.907457,819.5322,26.28,Mainly clear
2010-08-24 21:00:00+00:00,HAKKARİ,30,29.278,17.578001,0.0,8.311245,3.0,32.23922,816.77325,21.83,Overcast
2010-08-25 21:00:00+00:00,HAKKARİ,30,25.628,16.328001,2.1999998,10.24578,53.0,59.465652,815.1652,17.65,Drizzle: Moderate
2010-08-26 21:00:00+00:00,HAKKARİ,30,24.428,11.4279995,0.8,10.948973,53.0,63.537247,816.70465,17.96,Drizzle: Moderate
2010-08-27 21:00:00+00:00,HAKKARİ,30,26.878,11.778,0.9,9.0,53.0,54.9314,819.1194,23.39,Drizzle: Moderate
2010-08-28 21:00:00+00:00,HAKKARİ,30,28.528,15.478,0.0,8.350138,2.0,42.52747,820.54443,23.48,Partly cloudy
2010-08-29 21:00:00+00:00,HAKKARİ,30,28.578,16.728,0.0,6.6185193,3.0,40.84324,819.5837,20.78,Overcast
2010-08-30 21:00:00+00:00,HAKKARİ,30,29.478,17.678,0.0,8.39657,1.0,37.356697,818.35986,24.47,Mainly clear
2010-08-31 21:00:00+00:00,HAKKARİ,30,29.278,18.178,0.0,12.979984,2.0,28.886263,819.1436,23.32,Partly cloudy
2010-09-01 21:00:00+00:00,HAKKARİ,30,28.328,19.078,0.0,12.43434,3.0,29.02436,821.9168,21.57,Overcast
2010-09-02 21:00:00+00:00,HAKKARİ,30,29.478,19.728,0.0,13.75558,0.0,26.09675,823.6818,24.98,Clear sky
2010-09-03 21:00:00+00:00,HAKKARİ,30,29.878,16.728,0.0,10.1887,1.0,34.139297,821.9842,23.5,Mainly clear
2010-09-04 21:00:00+00:00,HAKKARİ,30,30.478,17.378,0.0,9.255571,3.0,26.666489,820.88763,22.0,Overcast
2010-09-05 21:00:00+00:00,HAKKARİ,30,29.728,19.378,0.0,11.119281,3.0,25.779436,820.99274,21.19,Overcast
2010-09-06 21:00:00+00:00,HAKKARİ,30,28.678,18.978,0.0,12.475961,0.0,26.85229,820.7156,24.51,Clear sky
2010-09-07 21:00:00+00:00,HAKKARİ,30,28.128,16.828001,0.0,11.983188,0.0,31.200094,821.076,23.89,Clear sky
2010-09-08 21:00:00+00:00,HAKKARİ,30,28.078,15.378,0.0,9.531505,0.0,30.731451,820.7199,23.91,Clear sky
2010-09-09 21:00:00+00:00,HAKKARİ,30,27.978,15.528,0.0,9.746631,1.0,32.356236,819.0972,22.51,Mainly clear
2010-09-10 21:00:00+00:00,HAKKARİ,30,27.478,16.228,0.9,10.390226,53.0,43.164867,819.13434,20.83,Drizzle: Moderate
2010-09-11 21:00:00+00:00,HAKKARİ,30,26.828,12.9279995,0.0,9.793058,1.0,48.774998,821.2104,22.31,Mainly clear
2010-09-12 21:00:00+00:00,HAKKARİ,30,26.478,16.878,0.0,12.4811535,0.0,40.326725,819.9983,23.08,Clear sky
2010-09-13 21:00:00+00:00,HAKKARİ,30,23.378,15.4279995,0.0,12.979984,0.0,38.382114,817.4864,23.03,Clear sky
2010-09-14 21:00:00+00:00,HAKKARİ,30,25.128,12.228,0.0,9.021574,2.0,41.6385,818.8514,22.1,Partly cloudy
2010-09-15 21:00:00+00:00,HAKKARİ,30,25.778,14.078,0.0,9.693296,0.0,38.872807,820.71454,22.54,Clear sky
2010-09-16 21:00:00+00:00,HAKKARİ,30,26.578,12.878,0.0,9.346143,0.0,36.315723,820.60236,22.5,Clear sky
2010-09-17 21:00:00+00:00,HAKKARİ,30,25.528,14.878,0.0,11.457958,3.0,32.47148,818.47754,20.6,Overcast
2010-09-18 21:00:00+00:00,HAKKARİ,30,23.228,13.528,1.9000001,7.0911775,55.0,47.20163,818.51825,18.4,Drizzle: Dense
2010-09-19 21:00:00+00:00,HAKKARİ,30,24.828,12.1779995,0.0,7.8625183,2.0,47.124447,820.97626,19.66,Partly cloudy
2010-09-20 21:00:00+00:00,HAKKARİ,30,25.528,13.228,0.0,7.5942073,1.0,36.864952,823.0674,21.12,Mainly clear
2010-09-21 21:00:00+00:00,HAKKARİ,30,26.428,15.278,0.0,9.346143,1.0,32.146008,824.53394,21.56,Mainly clear
2010-09-22 21:00:00+00:00,HAKKARİ,30,23.178,12.128,0.6,13.004922,51.0,44.850327,823.3525,17.36,Drizzle: Light
2010-09-23 21:00:00+00:00,HAKKARİ,30,25.378,11.328,0.0,10.105681,3.0,43.828964,823.3138,19.42,Overcast
2010-09-24 21:00:00+00:00,HAKKARİ,30,25.728,14.328,3.0,9.028754,61.0,51.10239,823.7029,17.44,Rain: Slight
2010-09-25 21:00:00+00:00,HAKKARİ,30,22.678,10.028,0.7,14.05845,51.0,57.64149,822.2629,17.81,Drizzle: Light
2010-09-26 21:00:00+00:00,HAKKARİ,30,24.378,11.328,0.0,8.534353,3.0,49.243652,822.7605,19.85,Overcast
2010-09-27 21:00:00+00:00,HAKKARİ,30,23.478,12.228,0.0,7.5942082,2.0,46.850586,821.5485,18.34,Partly cloudy
2010-09-28 21:00:00+00:00,HAKKARİ,30,22.928,14.128,0.0,9.746631,3.0,47.2524,820.08685,19.37,Overcast
2010-09-29 21:00:00+00:00,HAKKARİ,30,23.628,10.078,0.0,7.928177,3.0,49.434246,819.715,18.66,Overcast
2010-09-30 21:00:00+00:00,HAKKARİ,30,20.728,13.578,1.2,14.081477,51.0,60.7392,820.19476,16.44,Drizzle: Light
2010-10-01 21:00:00+00:00,HAKKARİ,30,19.728,10.278,0.0,13.18308,1.0,59.616333,821.27606,18.4,Mainly clear
2010-10-02 21:00:00+00:00,HAKKARİ,30,19.128,10.728,2.0,11.720751,61.0,63.501217,821.8908,16.98,Rain: Slight
2010-10-03 21:00:00+00:00,HAKKARİ,30,18.478,11.328,0.6,9.449572,51.0,70.228645,821.45636,13.83,Drizzle: Light
2010-10-04 21:00:00+00:00,HAKKARİ,30,19.728,11.028,0.4,14.007655,51.0,59.39031,818.5489,17.65,Drizzle: Light
2010-10-05 21:00:00+00:00,HAKKARİ,30,16.928,9.978,2.0,12.4811535,55.0,65.863594,816.6418,15.26,Drizzle: Dense
2010-10-06 21:00:00+00:00,HAKKARİ,30,17.828001,6.278,0.0,9.6932955,3.0,63.327374,818.0246,18.43,Overcast
2010-10-07 21:00:00+00:00,HAKKARİ,30,17.778,8.928,1.2,7.9932976,51.0,57.348022,818.7004,14.95,Drizzle: Light
2010-10-08 21:00:00+00:00,HAKKARİ,30,18.778,10.478,0.5,14.33234,51.0,56.750748,817.2413,18.29,Drizzle: Light
2010-10-09 21:00:00+00:00,HAKKARİ,30,14.9279995,9.578,1.1,11.753876,53.0,61.88477,816.5905,15.26,Drizzle: Moderate
2010-10-10 21:00:00+00:00,HAKKARİ,30,9.428,5.478,4.3999996,5.3999996,73.0,75.80412,814.3948,6.13,Snow fall: Moderate
2010-10-11 21:00:00+00:00,HAKKARİ,30,14.478,2.778,0.0,8.28,3.0,62.84959,815.8831,17.64,Overcast
2010-10-12 21:00:00+00:00,HAKKARİ,30,15.378,4.778,0.0,9.422101,3.0,54.04732,816.95306,17.64,Overcast
2010-10-13 21:00:00+00:00,HAKKARİ,30,15.328,6.6280003,0.0,10.296251,3.0,74.72912,817.4393,11.44,Overcast
2010-10-14 21:00:00+00:00,HAKKARİ,30,15.378,10.478,1.5,8.699793,51.0,87.21383,818.64655,7.74,Drizzle: Light
2010-10-15 21:00:00+00:00,HAKKARİ,30,18.328,10.128,0.6,11.165805,51.0,74.28962,820.71954,15.06,Drizzle: Light
2010-10-16 21:00:00+00:00,HAKKARİ,30,17.778,11.728,2.4,11.592894,61.0,64.084206,821.21313,13.97,Rain: Slight
2010-10-17 21:00:00+00:00,HAKKARİ,30,18.428,7.6280003,0.0,9.449572,0.0,55.682575,821.3223,16.71,Clear sky
2010-10-18 21:00:00+00:00,HAKKARİ,30,20.728,6.6780005,0.0,6.489992,3.0,47.20117,822.5677,17.06,Overcast
2010-10-19 21:00:00+00:00,HAKKARİ,30,22.928,8.028,0.0,7.208994,0.0,46.547222,824.17804,16.76,Clear sky
2010-10-20 21:00:00+00:00,HAKKARİ,30,23.228,9.928,0.0,7.24486,2.0,48.663013,824.6306,16.2,Partly cloudy
2010-10-21 21:00:00+00:00,HAKKARİ,30,21.278,9.478,0.0,7.10031,2.0,47.41487,821.12274,16.19,Partly cloudy
2010-10-22 21:00:00+00:00,HAKKARİ,30,18.928,10.528,0.0,7.968939,3.0,46.22102,820.31805,15.76,Overcast
2010-10-23 21:00:00+00:00,HAKKARİ,30,19.128,8.878,0.0,9.957108,2.0,46.95612,819.7971,15.32,Partly cloudy
2010-10-24 21:00:00+00:00,HAKKARİ,30,18.478,8.778,0.1,8.557102,51.0,57.41625,820.47266,13.97,Drizzle: Light
2010-10-25 21:00:00+00:00,HAKKARİ,30,14.878,4.9280005,2.8000002,5.7599998,55.0,79.67333,818.5879,11.03,Drizzle: Dense
2010-10-26 21:00:00+00:00,HAKKARİ,30,15.6779995,1.3280001,0.1,7.208994,51.0,67.97772,816.3991,13.55,Drizzle: Light
2010-10-27 21:00:00+00:00,HAKKARİ,30,16.478,5.3780003,0.0,8.669949,3.0,59.829193,817.59576,13.99,Overcast
2010-10-28 21:00:00+00:00,HAKKARİ,30,16.528,7.1780005,1.4,12.0694,55.0,61.680943,816.8467,14.25,Drizzle: Dense
2010-10-29 21:00:00+00:00,HAKKARİ,30,9.028,4.728,22.6,9.605998,73.0,91.96087,813.74005,5.91,Snow fall: Moderate
2010-10-30 21:00:00+00:00,HAKKARİ,30,9.678,4.4280005,1.3000001,10.233123,51.0,76.36872,817.0712,10.9,Drizzle: Light
2010-10-31 21:00:00+00:00,HAKKARİ,30,10.728,-0.3219998,0.0,6.5693827,3.0,60.312637,815.71704,14.53,Overcast
2010-11-01 21:00:00+00:00,HAKKARİ,30,10.6779995,-1.5719998,0.0,10.041354,0.0,47.233532,814.91156,15.54,Clear sky
2010-11-02 21:00:00+00:00,HAKKARİ,30,12.828,-1.6719999,0.0,11.090103,0.0,41.70554,819.89996,15.42,Clear sky
2010-11-03 21:00:00+00:00,HAKKARİ,30,15.128,-1.622,0.0,7.5685663,0.0,39.734695,821.8389,15.11,Clear sky
2010-11-04 21:00:00+00:00,HAKKARİ,30,15.628,0.62800014,0.0,6.4799995,0.0,35.69033,819.9439,15.08,Clear sky
2010-11-05 21:00:00+00:00,HAKKARİ,30,16.128,0.17800009,0.0,7.5685663,0.0,40.251728,818.16406,14.75,Clear sky
2010-11-06 21:00:00+00:00,HAKKARİ,30,13.878,5.6780005,0.0,6.12,3.0,36.93434,818.33685,14.63,Overcast
2010-11-07 21:00:00+00:00,HAKKARİ,30,11.978,3.8780003,0.0,5.771239,3.0,41.000004,818.42755,14.42,Overcast
2010-11-08 21:00:00+00:00,HAKKARİ,30,11.9279995,3.6280003,0.0,6.989936,0.0,50.876953,820.5389,14.05,Clear sky
2010-11-09 21:00:00+00:00,HAKKARİ,30,13.878,5.578,0.0,9.449572,2.0,57.825726,824.035,12.37,Partly cloudy
2010-11-10 21:00:00+00:00,HAKKARİ,30,15.278,0.62800014,0.0,7.2359104,0.0,54.18817,820.80475,13.84,Clear sky
2010-11-11 21:00:00+00:00,HAKKARİ,30,15.228,3.578,0.0,7.5685663,0.0,42.178555,817.5027,13.62,Clear sky
2010-11-12 21:00:00+00:00,HAKKARİ,30,15.528,5.1780005,0.0,5.7599998,0.0,46.865696,817.46783,13.4,Clear sky
2010-11-13 21:00:00+00:00,HAKKARİ,30,16.228,4.228,0.0,6.87779,0.0,45.38196,821.2702,13.38,Clear sky
2010-11-14 21:00:00+00:00,HAKKARİ,30,16.278,1.6780001,0.0,8.28,0.0,41.723225,824.1797,13.32,Clear sky
2010-11-15 21:00:00+00:00,HAKKARİ,30,14.478,1.4780002,0.0,8.669949,0.0,40.689316,822.51636,13.29,Clear sky
2010-11-16 21:00:00+00:00,HAKKARİ,30,12.978,5.4280005,0.0,6.6087217,1.0,40.433342,821.21704,12.96,Mainly clear
2010-11-17 21:00:00+00:00,HAKKARİ,30,13.1779995,2.4780002,0.0,6.130579,0.0,43.995007,821.3257,12.83,Clear sky
2010-11-18 21:00:00+00:00,HAKKARİ,30,14.578,1.4780002,0.0,7.5685663,0.0,40.486084,820.7949,12.83,Clear sky
2010-11-19 21:00:00+00:00,HAKKARİ,30,13.778,0.62800014,0.0,8.647496,0.0,41.2045,817.2827,12.76,Clear sky
2010-11-20 21:00:00+00:00,HAKKARİ,30,13.4279995,5.278,0.0,6.12,0.0,36.63786,814.65234,12.55,Clear sky
2010-11-21 21:00:00+00:00,HAKKARİ,30,11.828,4.228,0.0,6.439876,3.0,42.958878,813.0153,11.81,Overcast
2010-11-22 21:00:00+00:00,HAKKARİ,30,9.928,1.4280001,0.0,5.5887027,3.0,45.520782,812.987,11.21,Overcast
2010-11-23 21:00:00+00:00,HAKKARİ,30,10.1779995,2.078,0.0,6.297428,1.0,46.002136,815.8577,12.04,Mainly clear
2010-11-24 21:00:00+00:00,HAKKARİ,30,10.978,2.7280002,0.0,5.634891,3.0,53.59436,818.4616,11.29,Overcast
2010-11-25 21:00:00+00:00,HAKKARİ,30,11.128,3.8780003,0.0,7.289444,2.0,53.83867,819.4009,11.82,Partly cloudy
2010-11-26 21:00:00+00:00,HAKKARİ,30,11.628,3.078,0.0,5.3999996,1.0,53.345684,819.29,11.68,Mainly clear
2010-11-27 21:00:00+00:00,HAKKARİ,30,12.9279995,-0.12199998,0.0,7.92,3.0,49.463562,817.9156,11.34,Overcast
2010-11-28 21:00:00+00:00,HAKKARİ,30,14.128,2.928,0.0,9.36,0.0,44.40086,820.9748,11.64,Clear sky
2010-11-29 21:00:00+00:00,HAKKARİ,30,14.578,5.328,0.0,5.904439,3.0,37.880688,821.69025,11.45,Overcast
2010-11-30 21:00:00+00:00,HAKKARİ,30,13.728,4.528,0.0,5.154415,1.0,37.329987,820.29755,11.32,Mainly clear
2010-12-01 21:00:00+00:00,HAKKARİ,30,14.028,3.578,0.0,7.5599995,0.0,38.843372,820.2512,11.29,Clear sky
2010-12-02 21:00:00+00:00,HAKKARİ,30,15.578,3.2280002,0.0,9.3669195,1.0,50.49378,822.7817,10.95,Mainly clear
2010-12-03 21:00:00+00:00,HAKKARİ,30,16.428,4.278,0.0,9.726665,0.0,49.70816,822.7873,11.04,Clear sky
2010-12-04 21:00:00+00:00,HAKKARİ,30,15.828,5.078,0.0,7.5599995,1.0,44.123287,819.3226,11.24,Mainly clear
2010-12-05 21:00:00+00:00,HAKKARİ,30,13.128,6.6780005,0.0,6.2145634,3.0,36.56996,816.049,10.38,Overcast
2010-12-06 21:00:00+00:00,HAKKARİ,30,9.928,4.3780003,0.0,10.703569,0.0,38.411385,815.3755,11.06,Clear sky
2010-12-07 21:00:00+00:00,HAKKARİ,30,8.228,1.4280001,0.0,5.0911684,0.0,50.239452,816.41815,11.05,Clear sky
2010-12-08 21:00:00+00:00,HAKKARİ,30,8.928,0.57800007,0.0,5.771239,2.0,44.69836,814.7524,11.08,Partly cloudy
2010-12-09 21:00:00+00:00,HAKKARİ,30,6.1780005,1.2280002,0.0,7.172949,3.0,50.35315,811.7702,9.89,Overcast
2010-12-10 21:00:00+00:00,HAKKARİ,30,2.578,-0.7219999,13.1,7.9526596,75.0,85.39367,807.2122,2.7,Snow fall: Heavy
2010-12-11 21:00:00+00:00,HAKKARİ,30,0.47800016,-4.172,54.500008,6.5693827,75.0,96.63675,803.02344,1.55,Snow fall: Heavy
2010-12-12 21:00:00+00:00,HAKKARİ,30,-2.122,-6.7720003,1.3000001,6.162207,71.0,89.88697,806.28217,9.01,Snow fall: Slight
2010-12-13 21:00:00+00:00,HAKKARİ,30,-2.5719998,-16.222,0.0,5.506941,71.0,86.97513,812.93585,7.48,Snow fall: Slight
2010-12-14 21:00:00+00:00,HAKKARİ,30,0.57800007,-8.422,0.0,3.9763298,3.0,87.04684,813.40204,10.58,Overcast
2010-12-15 21:00:00+00:00,HAKKARİ,30,2.2280002,-14.722,0.0,5.0911684,3.0,67.54847,812.36505,10.65,Overcast
2010-12-16 21:00:00+00:00,HAKKARİ,30,1.9280001,-4.1219997,0.0,3.9763298,3.0,57.828426,813.07,10.9,Overcast
2010-12-17 21:00:00+00:00,HAKKARİ,30,2.8780003,-1.9219999,6.7000003,6.379216,73.0,83.988304,812.87396,7.07,Snow fall: Moderate
2010-12-18 21:00:00+00:00,HAKKARİ,30,2.928,-8.022,0.0,5.8048253,3.0,77.39732,813.86835,10.34,Overcast
2010-12-19 21:00:00+00:00,HAKKARİ,30,4.728,-10.622,0.0,6.849467,3.0,69.70086,815.1259,10.93,Overcast
2010-12-20 21:00:00+00:00,HAKKARİ,30,5.6280003,-13.522,0.0,7.5599995,1.0,64.16865,816.12714,11.09,Mainly clear
2010-12-21 21:00:00+00:00,HAKKARİ,30,5.6280003,-14.0720005,0.0,9.3669195,0.0,59.409092,813.5064,11.19,Clear sky
2010-12-22 21:00:00+00:00,HAKKARİ,30,4.278,-14.771999,0.0,10.446206,2.0,65.05914,810.1997,11.11,Partly cloudy
2010-12-23 21:00:00+00:00,HAKKARİ,30,5.028,-15.3220005,0.0,9.36,0.0,64.61024,809.7586,11.23,Clear sky
2010-12-24 21:00:00+00:00,HAKKARİ,30,5.078,-15.122,0.0,8.28,0.0,64.65692,810.36816,11.27,Clear sky
2010-12-25 21:00:00+00:00,HAKKARİ,30,5.478,-16.622,0.0,8.647496,0.0,50.786472,809.6285,11.75,Clear sky
2010-12-26 21:00:00+00:00,HAKKARİ,30,8.578,-13.872,0.0,8.647496,1.0,50.105732,811.95074,11.04,Mainly clear
2010-12-27 21:00:00+00:00,HAKKARİ,30,9.678,-7.2720003,0.0,8.64,3.0,58.54304,815.31366,11.07,Overcast
2010-12-28 21:00:00+00:00,HAKKARİ,30,8.178,-2.222,0.0,5.771239,3.0,54.988316,816.5537,10.86,Overcast
2010-12-29 21:00:00+00:00,HAKKARİ,30,4.8780003,-2.6719997,0.0,4.68,3.0,49.656002,814.76263,10.4,Overcast
2010-12-30 21:00:00+00:00,HAKKARİ,30,0.4280001,-4.3719997,16.7,6.130579,75.0,77.26022,811.25775,3.16,Snow fall: Heavy
2010-12-31 21:00:00+00:00,HAKKARİ,30,-0.77199984,-4.422,9.5,7.289444,73.0,92.233,809.6058,7.32,Snow fall: Moderate
2011-01-01 21:00:00+00:00,HAKKARİ,30,-0.92199993,-11.772,0.0,7.92,3.0,70.63599,812.15204,11.36,Overcast
2011-01-02 21:00:00+00:00,HAKKARİ,30,0.87800014,-9.372,0.0,6.4799995,3.0,44.843456,811.40063,11.76,Overcast
2011-01-03 21:00:00+00:00,HAKKARİ,30,-0.22199988,-6.6219997,5.4000006,6.130579,73.0,58.637585,810.83374,6.75,Snow fall: Moderate
2011-01-04 21:00:00+00:00,HAKKARİ,30,3.278,-2.272,0.1,5.4119864,71.0,85.20596,811.3138,9.93,Snow fall: Slight
2011-01-05 21:00:00+00:00,HAKKARİ,30,1.4780002,-8.772,0.0,7.9526596,3.0,84.72529,813.3361,10.65,Overcast
2011-01-06 21:00:00+00:00,HAKKARİ,30,1.8780001,-12.622,0.0,7.5942073,3.0,79.138954,813.4175,11.6,Overcast
2011-01-07 21:00:00+00:00,HAKKARİ,30,1.5280001,-12.522,0.0,9.3876505,3.0,81.71643,811.58014,10.79,Overcast
2011-01-08 21:00:00+00:00,HAKKARİ,30,1.1280001,-11.772,0.3,8.707238,71.0,80.74124,809.059,10.08,Snow fall: Slight
2011-01-09 21:00:00+00:00,HAKKARİ,30,-0.872,-8.622,0.0,8.647496,71.0,79.75333,811.33514,10.26,Snow fall: Slight
2011-01-10 21:00:00+00:00,HAKKARİ,30,-2.022,-14.922001,0.0,9.746631,3.0,76.20809,811.73193,11.64,Overcast
2011-01-11 21:00:00+00:00,HAKKARİ,30,-2.722,-16.222,0.0,11.252519,3.0,70.93434,812.87286,12.49,Overcast
2011-01-12 21:00:00+00:00,HAKKARİ,30,-0.07199979,-20.422,0.0,9.0,1.0,45.5471,809.4184,12.9,Mainly clear
2011-01-13 21:00:00+00:00,HAKKARİ,30,0.97800016,-8.172,0.0,5.04,2.0,26.229263,809.34467,12.77,Partly cloudy
2011-01-14 21:00:00+00:00,HAKKARİ,30,-0.67199993,-10.872,0.4,9.565437,71.0,49.640812,804.82074,8.78,Snow fall: Slight
2011-01-15 21:00:00+00:00,HAKKARİ,30,-0.27199984,-6.422,1.2,8.473393,71.0,78.25668,809.1821,10.54,Snow fall: Slight
2011-01-16 21:00:00+00:00,HAKKARİ,30,-0.22199988,-13.0720005,0.0,7.2,3.0,63.967678,811.87115,12.87,Overcast
2011-01-17 21:00:00+00:00,HAKKARİ,30,1.6280001,-14.972,0.0,8.28,1.0,52.007687,808.9742,13.22,Mainly clear
2011-01-18 21:00:00+00:00,HAKKARİ,30,1.0780001,-13.372,0.0,6.489992,0.0,52.6984,807.7473,13.3,Clear sky
2011-01-19 21:00:00+00:00,HAKKARİ,30,0.37800014,-15.372,0.0,8.287822,1.0,63.235897,809.6123,13.31,Mainly clear
2011-01-20 21:00:00+00:00,HAKKARİ,30,2.028,-12.422,0.0,6.849467,1.0,49.970104,812.3781,13.54,Mainly clear
2011-01-21 21:00:00+00:00,HAKKARİ,30,3.3780003,-11.122,0.0,6.8399997,3.0,47.41518,813.27264,13.5,Overcast
2011-01-22 21:00:00+00:00,HAKKARİ,30,1.6780001,-6.922,0.0,4.68,3.0,48.79672,814.3388,13.54,Overcast
2011-01-23 21:00:00+00:00,HAKKARİ,30,0.87800014,-9.772,0.0,5.0528407,3.0,53.100323,814.2524,12.6,Overcast
2011-01-24 21:00:00+00:00,HAKKARİ,30,0.5280001,-7.3220005,0.0,4.802999,3.0,58.926315,812.7469,13.56,Overcast
2011-01-25 21:00:00+00:00,HAKKARİ,30,0.6780001,-5.8219995,1.3000001,4.3349743,71.0,82.26049,810.9526,5.86,Snow fall: Slight
2011-01-26 21:00:00+00:00,HAKKARİ,30,0.57800007,-3.122,17.2,5.4477882,75.0,95.98679,812.37354,5.58,Snow fall: Heavy
2011-01-27 21:00:00+00:00,HAKKARİ,30,1.4780002,-3.272,11.799999,5.3999996,73.0,94.67276,813.07697,7.29,Snow fall: Moderate
2011-01-28 21:00:00+00:00,HAKKARİ,30,0.22800016,-1.5719998,8.2,7.9932976,73.0,94.20163,809.0366,4.99,Snow fall: Moderate
2011-01-29 21:00:00+00:00,HAKKARİ,30,1.5280001,-1.8219998,25.5,4.0249224,75.0,96.345924,806.25287,4.77,Snow fall: Heavy
2011-01-30 21:00:00+00:00,HAKKARİ,30,1.1780001,-2.972,27.499998,7.6367526,75.0,93.01312,802.801,8.35,Snow fall: Heavy
2011-01-31 21:00:00+00:00,HAKKARİ,30,-2.972,-7.0220003,13.500003,8.654986,75.0,89.09347,802.94116,11.74,Snow fall: Heavy
2011-02-01 21:00:00+00:00,HAKKARİ,30,-4.722,-8.522,0.1,6.379216,71.0,81.3322,805.11865,13.17,Snow fall: Slight
2011-02-02 21:00:00+00:00,HAKKARİ,30,-3.522,-12.922,0.1,9.36,71.0,61.15689,808.19,15.45,Snow fall: Slight
2011-02-03 21:00:00+00:00,HAKKARİ,30,-5.8219995,-12.622,1.4000001,8.287822,73.0,67.525734,810.7746,10.05,Snow fall: Moderate
2011-02-04 21:00:00+00:00,HAKKARİ,30,-1.9219999,-16.322,0.0,10.446206,3.0,59.637466,809.02313,15.64,Overcast
2011-02-05 21:00:00+00:00,HAKKARİ,30,-0.622,-14.0720005,0.0,7.2359104,0.0,46.458538,809.42487,15.84,Clear sky
2011-02-06 21:00:00+00:00,HAKKARİ,30,-0.7219999,-6.972,0.0,5.495161,0.0,59.728817,809.2793,15.34,Clear sky
2011-02-07 21:00:00+00:00,HAKKARİ,30,3.328,-15.372,0.0,7.928178,0.0,61.788696,805.7954,16.38,Clear sky
2011-02-08 21:00:00+00:00,HAKKARİ,30,1.6280001,-15.372,0.0,8.28,0.0,56.60399,804.0647,16.62,Clear sky
2011-02-09 21:00:00+00:00,HAKKARİ,30,-1.6719999,-9.622,0.0,5.506941,71.0,69.738594,802.31714,16.07,Snow fall: Slight
2011-02-10 21:00:00+00:00,HAKKARİ,30,-1.872,-10.022,5.100001,10.853866,73.0,82.13235,802.79126,13.23,Snow fall: Moderate
2011-02-11 21:00:00+00:00,HAKKARİ,30,-3.0719998,-16.472,0.0,10.182337,2.0,53.226406,806.42554,17.07,Partly cloudy
2011-02-12 21:00:00+00:00,HAKKARİ,30,-3.3219998,-9.772,0.0,6.297428,2.0,63.087414,807.5342,16.46,Partly cloudy
2011-02-13 21:00:00+00:00,HAKKARİ,30,-1.8219998,-8.622,0.0,7.2,71.0,86.42355,808.2098,12.91,Snow fall: Slight
2011-02-14 21:00:00+00:00,HAKKARİ,30,-2.222,-7.2720003,19.699999,6.519877,75.0,92.67974,804.9431,5.83,Snow fall: Heavy
2011-02-15 21:00:00+00:00,HAKKARİ,30,0.5280001,-3.4219997,19.2,6.6087217,75.0,94.4722,804.3056,5.93,Snow fall: Heavy
2011-02-16 21:00:00+00:00,HAKKARİ,30,0.4280001,-4.0220003,0.1,7.4128532,71.0,84.297424,808.1585,16.67,Snow fall: Slight
2011-02-17 21:00:00+00:00,HAKKARİ,30,0.27800012,-7.172,0.0,7.072878,1.0,72.01891,811.03613,17.5,Mainly clear
2011-02-18 21:00:00+00:00,HAKKARİ,30,1.0280001,-10.472,0.0,6.5693827,3.0,67.02061,810.2273,15.83,Overcast
2011-02-19 21:00:00+00:00,HAKKARİ,30,1.1280001,-3.472,32.7,7.24486,75.0,94.6663,804.2258,5.9,Snow fall: Heavy
2011-02-20 21:00:00+00:00,HAKKARİ,30,1.6280001,-1.5219998,19.7,5.5887027,75.0,95.37345,806.0837,7.94,Snow fall: Heavy
2011-02-21 21:00:00+00:00,HAKKARİ,30,2.928,-0.92199993,1.5000001,7.968939,71.0,87.80591,812.98285,14.16,Snow fall: Slight
2011-02-22 21:00:00+00:00,HAKKARİ,30,4.4280005,-0.77199984,0.0,7.2359104,71.0,86.86673,814.7493,13.24,Snow fall: Slight
2011-02-23 21:00:00+00:00,HAKKARİ,30,4.328,-0.37199998,10.5,5.937272,75.0,83.82784,813.8987,14.71,Snow fall: Heavy
2011-02-24 21:00:00+00:00,HAKKARİ,30,4.978,-2.8219998,0.0,5.771239,3.0,78.49993,812.30023,15.52,Overcast
2011-02-25 21:00:00+00:00,HAKKARİ,30,4.978,-0.8219998,20.0,7.9932966,75.0,77.57835,806.9871,8.29,Snow fall: Heavy
2011-02-26 21:00:00+00:00,HAKKARİ,30,2.328,-1.2719998,1.8000002,8.12197,73.0,90.72546,809.5825,13.84,Snow fall: Moderate
2011-02-27 21:00:00+00:00,HAKKARİ,30,3.528,-1.7219999,8.9,7.2805495,75.0,87.53895,811.66766,14.76,Snow fall: Heavy
2011-02-28 21:00:00+00:00,HAKKARİ,30,3.7280002,-1.0719998,5.2999997,5.5887027,73.0,87.8234,811.4053,13.9,Snow fall: Moderate
2011-03-01 21:00:00+00:00,HAKKARİ,30,3.028,-4.5719995,0.1,8.287822,71.0,73.498474,812.4424,18.46,Snow fall: Slight
2011-03-02 21:00:00+00:00,HAKKARİ,30,0.028000116,-7.2720003,1.3000001,10.514218,73.0,70.48054,811.1419,16.21,Snow fall: Moderate
2011-03-03 21:00:00+00:00,HAKKARİ,30,1.5780001,-11.122,0.0,7.5942073,0.0,56.777676,810.25836,20.97,Clear sky
2011-03-04 21:00:00+00:00,HAKKARİ,30,1.2780001,-10.872,0.0,7.2,2.0,50.664318,809.5169,21.19,Partly cloudy
2011-03-05 21:00:00+00:00,HAKKARİ,30,0.87800014,-7.672,0.0,6.830519,3.0,65.98991,811.70703,21.13,Overcast
2011-03-06 21:00:00+00:00,HAKKARİ,30,-0.9719999,-4.0220003,40.6,5.1919937,75.0,93.79766,812.79913,5.4,Snow fall: Heavy
2011-03-07 21:00:00+00:00,HAKKARİ,30,1.2280002,-1.7219999,56.199997,6.151683,75.0,96.632454,810.33014,3.64,Snow fall: Heavy
2011-03-08 21:00:00+00:00,HAKKARİ,30,3.6280003,-1.6719999,23.699999,6.924738,75.0,92.325134,810.42145,9.22,Snow fall: Heavy
2011-03-09 21:00:00+00:00,HAKKARİ,30,1.9780002,-2.472,14.6,12.682018,75.0,86.776276,808.8575,17.67,Snow fall: Heavy
2011-03-10 21:00:00+00:00,HAKKARİ,30,0.57800007,-3.9219997,11.099999,8.759178,73.0,92.614586,810.66504,11.67,Snow fall: Moderate
2011-03-11 21:00:00+00:00,HAKKARİ,30,2.2280002,-5.1219997,0.7,7.9932976,73.0,75.35085,812.9087,20.05,Snow fall: Moderate
2011-03-12 21:00:00+00:00,HAKKARİ,30,1.8780001,-5.3219995,2.6,9.449572,73.0,70.3049,812.4302,20.13,Snow fall: Moderate
2011-03-13 21:00:00+00:00,HAKKARİ,30,0.87800014,-8.422,0.0,11.304229,2.0,67.69204,815.8879,21.49,Partly cloudy
2011-03-14 21:00:00+00:00,HAKKARİ,30,3.328,-11.472,0.0,10.538843,3.0,61.7137,819.2596,22.88,Overcast
2011-03-15 21:00:00+00:00,HAKKARİ,30,7.1280003,-9.622,0.0,8.64,3.0,44.887238,817.41266,23.34,Overcast
2011-03-16 21:00:00+00:00,HAKKARİ,30,7.2279997,-3.0719998,0.0,6.379216,1.0,46.97647,815.0037,23.3,Mainly clear
2011-03-17 21:00:00+00:00,HAKKARİ,30,9.578,-4.0719995,0.0,7.5942073,3.0,51.973705,814.8923,21.81,Overcast
2011-03-18 21:00:00+00:00,HAKKARİ,30,8.478,1.8280001,0.0,5.634891,3.0,64.69869,814.0943,18.96,Overcast
2011-03-19 21:00:00+00:00,HAKKARİ,30,9.328,2.378,0.0,6.379216,3.0,59.22435,814.58936,20.48,Overcast
2011-03-20 21:00:00+00:00,HAKKARİ,30,7.578,3.1280003,4.1,5.5887027,73.0,76.30276,813.68036,10.09,Snow fall: Moderate
2011-03-21 21:00:00+00:00,HAKKARİ,30,6.328,2.828,9.3,5.7599998,75.0,80.587776,811.45087,15.2,Snow fall: Heavy
2011-03-22 21:00:00+00:00,HAKKARİ,30,3.9780002,0.5280001,9.099999,6.12,75.0,90.82464,808.6817,17.04,Snow fall: Heavy
2011-03-23 21:00:00+00:00,HAKKARİ,30,3.1280003,-1.1719999,9.8,9.605998,75.0,87.26657,809.4033,18.38,Snow fall: Heavy
2011-03-24 21:00:00+00:00,HAKKARİ,30,4.9280005,-1.9219999,0.6,8.28,73.0,76.40786,809.8615,23.62,Snow fall: Moderate
2011-03-25 21:00:00+00:00,HAKKARİ,30,7.028,-5.3219995,0.0,9.36,0.0,60.16962,813.88104,25.26,Clear sky
2011-03-26 21:00:00+00:00,HAKKARİ,30,7.9280005,-1.4719999,0.0,5.8048253,0.0,54.03246,815.7424,25.51,Clear sky
2011-03-27 21:00:00+00:00,HAKKARİ,30,6.9779997,-0.42199993,0.0,7.072878,3.0,66.411995,814.55804,24.39,Overcast
2011-03-28 21:00:00+00:00,HAKKARİ,30,7.078,-0.22199988,0.0,8.12197,2.0,69.10329,815.2869,24.12,Partly cloudy
2011-03-29 21:00:00+00:00,HAKKARİ,30,8.528,-1.1719999,0.0,6.379216,1.0,68.65484,817.1165,25.21,Mainly clear
2011-03-30 21:00:00+00:00,HAKKARİ,30,9.078,1.1780001,0.0,5.95906,3.0,67.5079,818.13745,24.2,Overcast
2011-03-31 21:00:00+00:00,HAKKARİ,30,10.778,2.028,0.0,5.991594,3.0,62.3873,819.3278,24.43,Overcast
2011-04-01 21:00:00+00:00,HAKKARİ,30,11.278,5.578,0.0,5.4119864,3.0,59.441315,819.33685,24.06,Overcast
2011-04-02 21:00:00+00:00,HAKKARİ,30,11.228,6.2279997,0.70000005,7.5942073,53.0,52.960495,816.03143,20.58,Drizzle: Moderate
2011-04-03 21:00:00+00:00,HAKKARİ,30,9.828,2.828,17.199999,6.9247384,75.0,80.50339,811.3562,16.28,Snow fall: Heavy
2011-04-04 21:00:00+00:00,HAKKARİ,30,5.478,1.3280001,10.7,6.162207,73.0,95.533295,809.15717,13.09,Snow fall: Moderate
2011-04-05 21:00:00+00:00,HAKKARİ,30,5.978,-0.47199988,2.6,7.5685663,73.0,91.034454,807.5664,18.24,Snow fall: Moderate
2011-04-06 21:00:00+00:00,HAKKARİ,30,6.328,2.028,0.8,8.209263,71.0,87.727234,810.9741,20.11,Snow fall: Slight
2011-04-07 21:00:00+00:00,HAKKARİ,30,4.4280005,1.2280002,11.4,7.69592,73.0,93.874115,810.69806,10.27,Snow fall: Moderate
2011-04-08 21:00:00+00:00,HAKKARİ,30,5.1780005,0.47800016,10.0,9.693296,73.0,92.353096,808.0515,16.9,Snow fall: Moderate
2011-04-09 21:00:00+00:00,HAKKARİ,30,5.078,1.3780001,24.800001,7.2,75.0,96.24178,807.17914,10.02,Snow fall: Heavy
2011-04-10 21:00:00+00:00,HAKKARİ,30,5.8780003,0.6780001,26.900002,7.928178,75.0,95.85548,806.43384,15.44,Snow fall: Heavy
2011-04-11 21:00:00+00:00,HAKKARİ,30,5.028,-0.77199984,28.500002,11.874544,75.0,95.56347,803.4937,10.77,Snow fall: Heavy
2011-04-12 21:00:00+00:00,HAKKARİ,30,1.2280002,-3.872,7.700001,10.483357,73.0,84.30131,808.9055,20.47,Snow fall: Moderate
2011-04-13 21:00:00+00:00,HAKKARİ,30,5.278,-5.6219997,0.0,8.669949,3.0,70.73072,813.4736,28.02,Overcast
2011-04-14 21:00:00+00:00,HAKKARİ,30,7.9280005,-0.9719999,0.0,8.913181,2.0,64.446686,813.7557,27.76,Partly cloudy
2011-04-15 21:00:00+00:00,HAKKARİ,30,9.728,2.7280002,0.0,11.183201,2.0,67.35238,816.1111,27.35,Partly cloudy
2011-04-16 21:00:00+00:00,HAKKARİ,30,10.778,3.928,0.8,11.212135,51.0,74.08544,818.1284,25.25,Drizzle: Light
2011-04-17 21:00:00+00:00,HAKKARİ,30,13.528,5.828,0.1,12.313893,51.0,61.50023,818.7215,26.83,Drizzle: Light
2011-04-18 21:00:00+00:00,HAKKARİ,30,13.628,8.228,0.0,9.826088,3.0,50.52528,816.2712,27.1,Overcast
2011-04-19 21:00:00+00:00,HAKKARİ,30,10.778,4.278,22.000002,13.779114,73.0,87.50467,811.0643,5.26,Snow fall: Moderate
2011-04-20 21:00:00+00:00,HAKKARİ,30,10.728,4.978,2.1000001,10.24578,53.0,78.28465,812.99097,23.13,Drizzle: Moderate
2011-04-21 21:00:00+00:00,HAKKARİ,30,6.2279997,4.1780005,57.4,5.991594,73.0,93.215485,810.23584,3.75,Snow fall: Moderate
2011-04-22 21:00:00+00:00,HAKKARİ,30,6.278,1.9780002,20.400003,7.342588,73.0,94.8111,811.55865,16.03,Snow fall: Moderate
2011-04-23 21:00:00+00:00,HAKKARİ,30,8.128,0.07800007,0.0,7.072878,3.0,79.93937,812.4451,25.51,Overcast
2011-04-24 21:00:00+00:00,HAKKARİ,30,10.078,-0.021999836,0.2,7.42159,51.0,68.53741,811.66473,28.9,Drizzle: Light
2011-04-25 21:00:00+00:00,HAKKARİ,30,6.328,3.278,8.299999,5.0911684,75.0,85.635735,811.0774,14.48,Snow fall: Heavy
2011-04-26 21:00:00+00:00,HAKKARİ,30,9.678,0.17800009,0.0,7.9526596,3.0,79.95173,813.51263,27.04,Overcast
2011-04-27 21:00:00+00:00,HAKKARİ,30,12.378,-0.021999836,0.0,6.849467,3.0,70.66286,813.15356,28.71,Overcast
2011-04-28 21:00:00+00:00,HAKKARİ,30,9.278,6.328,6.700001,5.0142193,53.0,85.50819,811.01514,15.97,Drizzle: Moderate
2011-04-29 21:00:00+00:00,HAKKARİ,30,7.3780003,4.9280005,19.099998,6.12,61.0,92.689095,808.4922,5.51,Rain: Slight
2011-04-30 21:00:00+00:00,HAKKARİ,30,6.9779997,3.328,14.099999,5.95906,73.0,92.929504,809.5554,9.82,Snow fall: Moderate
2011-05-01 21:00:00+00:00,HAKKARİ,30,8.828,2.1780002,1.9000001,7.754637,53.0,87.98882,812.986,18.6,Drizzle: Moderate
2011-05-02 21:00:00+00:00,HAKKARİ,30,9.628,3.278,3.1999998,5.8603754,61.0,86.33182,812.61865,21.96,Rain: Slight
2011-05-03 21:00:00+00:00,HAKKARİ,30,12.128,-1.4219999,0.0,8.287822,3.0,77.7332,812.27924,28.14,Overcast
2011-05-04 21:00:00+00:00,HAKKARİ,30,10.1779995,5.778,12.400001,7.5942082,61.0,96.50257,814.2194,14.12,Rain: Slight
2011-05-05 21:00:00+00:00,HAKKARİ,30,10.878,1.3780001,4.7000003,9.360001,61.0,91.38622,813.6309,21.72,Rain: Slight
2011-05-06 21:00:00+00:00,HAKKARİ,30,11.828,1.3780001,2.5,8.12197,53.0,83.60317,812.4716,23.77,Drizzle: Moderate
2011-05-07 21:00:00+00:00,HAKKARİ,30,9.928,2.1780002,2.0,8.473393,53.0,83.40714,812.198,19.32,Drizzle: Moderate
2011-05-08 21:00:00+00:00,HAKKARİ,30,11.578,2.7280002,1.6,9.511088,51.0,75.42563,813.267,25.62,Drizzle: Light
2011-05-09 21:00:00+00:00,HAKKARİ,30,13.578,3.1280003,0.1,8.78872,51.0,66.73702,815.2876,28.26,Drizzle: Light
2011-05-10 21:00:00+00:00,HAKKARİ,30,16.478,6.278,0.6,7.5942082,51.0,60.975582,814.8667,28.47,Drizzle: Light
2011-05-11 21:00:00+00:00,HAKKARİ,30,15.078,9.828,0.2,12.522619,51.0,53.64375,813.6038,28.74,Drizzle: Light
2011-05-12 21:00:00+00:00,HAKKARİ,30,12.028,5.478,3.3999999,16.516901,53.0,63.360653,812.03467,28.08,Drizzle: Moderate
2011-05-13 21:00:00+00:00,HAKKARİ,30,9.978,1.6780001,4.1000004,10.464798,71.0,83.67135,810.73193,18.51,Snow fall: Slight
2011-05-14 21:00:00+00:00,HAKKARİ,30,9.778,0.17800009,0.8,10.144082,51.0,81.062965,812.6206,24.88,Drizzle: Light
2011-05-15 21:00:00+00:00,HAKKARİ,30,13.078,1.2280002,0.0,11.609651,3.0,70.6735,817.9387,28.44,Overcast
2011-05-16 21:00:00+00:00,HAKKARİ,30,15.728,3.428,0.0,9.0645685,3.0,57.860714,820.0046,28.63,Overcast
2011-05-17 21:00:00+00:00,HAKKARİ,30,17.828001,7.4779997,0.0,11.525623,3.0,58.12233,820.2615,28.67,Overcast
2011-05-18 21:00:00+00:00,HAKKARİ,30,15.728,9.278,11.5,12.641076,63.0,74.45849,819.4305,21.67,Rain: Moderate
2011-05-19 21:00:00+00:00,HAKKARİ,30,17.478,6.528,0.0,11.019764,3.0,67.28537,819.092,26.95,Overcast
2011-05-20 21:00:00+00:00,HAKKARİ,30,16.578001,8.928,2.3000002,12.371645,61.0,71.35871,815.91583,23.04,Rain: Slight
2011-05-21 21:00:00+00:00,HAKKARİ,30,16.078001,4.1780005,0.70000005,10.829958,51.0,68.12838,813.7925,28.45,Drizzle: Light
2011-05-22 21:00:00+00:00,HAKKARİ,30,15.078,4.9280005,3.3999999,8.699793,61.0,79.26853,814.50977,24.15,Rain: Slight
2011-05-23 21:00:00+00:00,HAKKARİ,30,17.178,1.1780001,1.3000001,7.208994,55.0,75.28531,816.03107,23.85,Drizzle: Dense
2011-05-24 21:00:00+00:00,HAKKARİ,30,18.228,6.028,0.5,9.007196,51.0,72.93676,816.6533,23.02,Drizzle: Light
2011-05-25 21:00:00+00:00,HAKKARİ,30,19.128,3.428,0.4,8.39657,51.0,72.38079,816.0381,25.78,Drizzle: Light
2011-05-26 21:00:00+00:00,HAKKARİ,30,19.578,6.078,0.3,10.00256,51.0,65.05498,817.27734,23.84,Drizzle: Light
2011-05-27 21:00:00+00:00,HAKKARİ,30,19.628,7.8780003,0.2,9.107359,51.0,66.91086,819.123,23.61,Drizzle: Light
2011-05-28 21:00:00+00:00,HAKKARİ,30,21.328,12.728,1.7000002,10.739832,53.0,64.319496,820.78174,27.39,Drizzle: Moderate
2011-05-29 21:00:00+00:00,HAKKARİ,30,23.578,11.6779995,1.0,8.825508,51.0,55.69353,822.8518,25.51,Drizzle: Light
2011-05-30 21:00:00+00:00,HAKKARİ,30,24.728,15.828,0.0,9.114471,0.0,40.608204,823.6724,30.51,Clear sky
2011-05-31 21:00:00+00:00,HAKKARİ,30,25.178,12.478,0.0,10.805998,3.0,41.71406,821.05853,21.85,Overcast
2011-06-01 21:00:00+00:00,HAKKARİ,30,25.278,13.828,0.2,15.192682,51.0,43.77014,816.2124,27.87,Drizzle: Light
2011-06-02 21:00:00+00:00,HAKKARİ,30,21.478,13.078,0.0,10.990322,3.0,56.10254,817.32513,26.2,Overcast
2011-06-03 21:00:00+00:00,HAKKARİ,30,21.328,11.9279995,0.0,12.738099,2.0,57.764874,817.9289,27.53,Partly cloudy
2011-06-04 21:00:00+00:00,HAKKARİ,30,22.078,12.078,0.0,13.608762,2.0,53.74439,817.70917,27.48,Partly cloudy
2011-06-05 21:00:00+00:00,HAKKARİ,30,19.628,13.228,2.6,6.489992,53.0,57.744156,818.097,22.38,Drizzle: Moderate
2011-06-06 21:00:00+00:00,HAKKARİ,30,23.278,12.128,0.0,13.479583,3.0,55.30364,818.75433,29.97,Overcast
2011-06-07 21:00:00+00:00,HAKKARİ,30,24.178,13.628,0.0,13.044722,3.0,48.663616,819.19855,28.28,Overcast
2011-06-08 21:00:00+00:00,HAKKARİ,30,23.228,13.128,0.6,10.028439,51.0,54.6151,814.79364,24.96,Drizzle: Light
2011-06-09 21:00:00+00:00,HAKKARİ,30,21.978,7.2279997,0.4,9.178235,51.0,66.42587,811.4854,25.38,Drizzle: Light
2011-06-10 21:00:00+00:00,HAKKARİ,30,21.828,12.828,0.2,15.1884165,51.0,53.801464,810.9974,27.59,Drizzle: Light
2011-06-11 21:00:00+00:00,HAKKARİ,30,19.228,12.478,0.6,12.904882,51.0,54.362595,811.65894,27.96,Drizzle: Light
2011-06-12 21:00:00+00:00,HAKKARİ,30,18.578,8.778,2.8,12.313893,55.0,72.962,813.2014,24.04,Drizzle: Dense
2011-06-13 21:00:00+00:00,HAKKARİ,30,18.828,8.228,0.1,11.246759,51.0,64.918785,814.61523,27.33,Drizzle: Light
2011-06-14 21:00:00+00:00,HAKKARİ,30,21.928,9.878,0.0,7.42159,0.0,51.812134,818.8601,30.46,Clear sky
2011-06-15 21:00:00+00:00,HAKKARİ,30,25.128,10.228,0.0,8.049845,0.0,48.29167,819.48944,30.79,Clear sky
2011-06-16 21:00:00+00:00,HAKKARİ,30,26.478,11.278,0.0,8.825508,0.0,43.742767,818.37897,31.16,Clear sky
2011-06-17 21:00:00+00:00,HAKKARİ,30,26.728,12.478,0.0,10.587917,0.0,35.7085,817.61835,31.69,Clear sky
2011-06-18 21:00:00+00:00,HAKKARİ,30,25.178,13.878,0.0,9.6932955,0.0,30.948298,816.368,31.74,Clear sky
2011-06-19 21:00:00+00:00,HAKKARİ,30,24.728,12.4279995,0.0,9.339208,0.0,37.411274,815.545,31.32,Clear sky
2011-06-20 21:00:00+00:00,HAKKARİ,30,27.428,13.278,0.0,8.287822,0.0,42.417862,817.6844,29.8,Clear sky
2011-06-21 21:00:00+00:00,HAKKARİ,30,27.428,13.9279995,1.5999999,9.449572,53.0,52.785675,817.32007,28.26,Drizzle: Moderate
2011-06-22 21:00:00+00:00,HAKKARİ,30,25.428,11.9279995,1.5,9.565437,53.0,66.88596,814.4436,26.18,Drizzle: Moderate
2011-06-23 21:00:00+00:00,HAKKARİ,30,25.028,9.978,0.8,10.239453,53.0,61.63474,814.8355,27.64,Drizzle: Moderate
2011-06-24 21:00:00+00:00,HAKKARİ,30,27.078,11.778,0.0,9.793058,3.0,42.53139,816.0124,29.97,Overcast
2011-06-25 21:00:00+00:00,HAKKARİ,30,25.978,16.978,0.1,11.592895,51.0,37.970535,815.0464,29.21,Drizzle: Light
2011-06-26 21:00:00+00:00,HAKKARİ,30,25.728,15.978,0.0,10.966713,0.0,30.40571,815.2896,31.35,Clear sky
2011-06-27 21:00:00+00:00,HAKKARİ,30,26.228,15.028,0.0,10.931203,0.0,33.370914,815.9619,31.11,Clear sky
2011-06-28 21:00:00+00:00,HAKKARİ,30,26.378,15.328,0.0,10.137692,0.0,28.95735,816.6917,31.5,Clear sky
2011-06-29 21:00:00+00:00,HAKKARİ,30,26.428,13.878,0.0,10.495713,0.0,30.708712,815.50836,31.75,Clear sky
2011-06-30 21:00:00+00:00,HAKKARİ,30,27.078,9.928,0.0,8.707238,0.0,34.539383,814.3244,31.55,Clear sky
2011-07-01 21:00:00+00:00,HAKKARİ,30,26.828,15.378,0.0,11.013882,0.0,32.22444,815.4524,31.36,Clear sky
2011-07-02 21:00:00+00:00,HAKKARİ,30,27.478,12.078,0.0,9.360001,0.0,32.22476,815.70703,31.04,Clear sky
2011-07-03 21:00:00+00:00,HAKKARİ,30,28.078,15.6779995,0.0,10.163227,0.0,35.7076,816.3338,29.85,Clear sky
2011-07-04 21:00:00+00:00,HAKKARİ,30,28.278,15.378,0.0,11.503113,0.0,32.939465,816.5615,30.7,Clear sky
2011-07-05 21:00:00+00:00,HAKKARİ,30,29.478,15.278,0.0,8.287822,0.0,34.60651,818.5385,30.04,Clear sky
2011-07-06 21:00:00+00:00,HAKKARİ,30,31.528,18.428,0.0,11.928989,1.0,34.635727,820.2902,29.4,Mainly clear
2011-07-07 21:00:00+00:00,HAKKARİ,30,32.578,21.128,0.0,10.365251,0.0,28.856314,823.1927,30.02,Clear sky
2011-07-08 21:00:00+00:00,HAKKARİ,30,33.328,21.678,0.0,12.074766,0.0,21.85057,822.3847,30.07,Clear sky
2011-07-09 21:00:00+00:00,HAKKARİ,30,31.178,20.978,0.0,11.525623,0.0,25.792192,818.4781,30.23,Clear sky
2011-07-10 21:00:00+00:00,HAKKARİ,30,29.878,17.328001,0.0,12.57426,2.0,28.927176,817.0666,30.19,Partly cloudy
2011-07-11 21:00:00+00:00,HAKKARİ,30,28.178,18.878,0.0,14.04,2.0,31.602205,817.7187,25.33,Partly cloudy
2011-07-12 21:00:00+00:00,HAKKARİ,30,29.028,17.778,0.0,11.090103,0.0,31.682123,819.7097,30.64,Clear sky
2011-07-13 21:00:00+00:00,HAKKARİ,30,30.878,18.628,0.0,10.464797,0.0,27.226759,821.25665,30.7,Clear sky
2011-07-14 21:00:00+00:00,HAKKARİ,30,31.528,17.278,0.0,10.661107,0.0,28.22521,819.6121,29.85,Clear sky
2011-07-15 21:00:00+00:00,HAKKARİ,30,29.028,17.578001,0.4,14.264361,51.0,34.96264,815.03265,27.9,Drizzle: Light
2011-07-16 21:00:00+00:00,HAKKARİ,30,25.528,15.9279995,1.5,9.085988,53.0,52.38301,812.31964,21.75,Drizzle: Moderate
2011-07-17 21:00:00+00:00,HAKKARİ,30,27.078,14.078,0.0,9.178235,0.0,42.097088,814.2925,28.32,Clear sky
2011-07-18 21:00:00+00:00,HAKKARİ,30,26.178,17.978,0.2,9.826088,51.0,41.36206,815.6445,22.89,Drizzle: Light
2011-07-19 21:00:00+00:00,HAKKARİ,30,25.528,15.828,0.9,10.24578,53.0,51.883667,815.33673,20.56,Drizzle: Moderate
2011-07-20 21:00:00+00:00,HAKKARİ,30,25.378,15.4279995,0.0,10.948973,3.0,48.69389,815.145,25.42,Overcast
2011-07-21 21:00:00+00:00,HAKKARİ,30,26.728,15.478,0.1,7.342588,51.0,47.9426,815.65814,24.96,Drizzle: Light
2011-07-22 21:00:00+00:00,HAKKARİ,30,26.878,14.778,0.0,10.948973,3.0,51.729416,815.51685,24.85,Overcast
2011-07-23 21:00:00+00:00,HAKKARİ,30,27.328,15.128,0.2,10.1376915,51.0,50.08946,816.42035,24.74,Drizzle: Light
2011-07-24 21:00:00+00:00,HAKKARİ,30,28.128,15.228,0.0,10.464798,2.0,46.079235,820.3514,27.21,Partly cloudy
2011-07-25 21:00:00+00:00,HAKKARİ,30,31.728,17.828001,0.0,9.422101,0.0,30.715347,824.4695,29.89,Clear sky
2011-07-26 21:00:00+00:00,HAKKARİ,30,33.028,18.728,0.0,9.531505,0.0,36.43045,823.1824,26.99,Clear sky
2011-07-27 21:00:00+00:00,HAKKARİ,30,31.578,17.528,0.0,10.966713,3.0,44.02596,821.57697,26.11,Overcast
2011-07-28 21:00:00+00:00,HAKKARİ,30,31.428,19.828,0.0,9.449572,3.0,33.81006,821.92487,23.11,Overcast
2011-07-29 21:00:00+00:00,HAKKARİ,30,32.278,21.428,0.0,7.208994,3.0,30.381561,821.4973,20.22,Overcast
2011-07-30 21:00:00+00:00,HAKKARİ,30,32.628002,21.028,0.0,7.10031,3.0,31.018929,820.4576,21.05,Overcast
2011-07-31 21:00:00+00:00,HAKKARİ,30,33.678,22.078,0.0,10.514218,1.0,24.685097,820.21063,27.93,Mainly clear
2011-08-01 21:00:00+00:00,HAKKARİ,30,34.328,22.128,0.0,11.720751,1.0,21.479975,820.4668,27.69,Mainly clear
2011-08-02 21:00:00+00:00,HAKKARİ,30,33.778,22.628,0.0,11.592894,0.0,22.862679,819.54193,29.27,Clear sky
2011-08-03 21:00:00+00:00,HAKKARİ,30,32.328,21.478,0.0,11.212135,0.0,24.841736,819.1092,29.46,Clear sky
2011-08-04 21:00:00+00:00,HAKKARİ,30,31.928,19.078,0.0,11.841756,0.0,22.723457,818.08844,29.89,Clear sky
2011-08-05 21:00:00+00:00,HAKKARİ,30,30.528,16.828001,0.0,10.163227,0.0,26.910973,815.9412,29.24,Clear sky
2011-08-06 21:00:00+00:00,HAKKARİ,30,29.378,17.528,0.0,8.557102,3.0,41.819946,816.6086,22.92,Overcast
2011-08-07 21:00:00+00:00,HAKKARİ,30,28.778,17.628,0.0,7.754637,3.0,46.81131,817.96875,22.64,Overcast
2011-08-08 21:00:00+00:00,HAKKARİ,30,28.378,14.978,0.1,9.83268,51.0,52.595203,816.6506,24.04,Drizzle: Light
2011-08-09 21:00:00+00:00,HAKKARİ,30,29.228,13.6779995,0.0,9.885262,2.0,50.462265,815.47784,26.5,Partly cloudy
2011-08-10 21:00:00+00:00,HAKKARİ,30,27.928,15.278,0.0,8.557102,2.0,45.438602,815.86035,23.16,Partly cloudy
2011-08-11 21:00:00+00:00,HAKKARİ,30,27.678,19.878,0.2,10.829958,51.0,37.55519,815.02124,23.89,Drizzle: Light
2011-08-12 21:00:00+00:00,HAKKARİ,30,27.528,17.628,0.0,10.931203,0.0,33.26221,814.302,28.63,Clear sky
2011-08-13 21:00:00+00:00,HAKKARİ,30,27.278,15.628,0.0,10.739833,0.0,29.041842,816.7092,28.74,Clear sky
2011-08-14 21:00:00+00:00,HAKKARİ,30,28.428,13.078,0.0,10.041354,0.0,33.06819,819.2233,28.54,Clear sky
2011-08-15 21:00:00+00:00,HAKKARİ,30,28.928,15.778,0.0,10.823973,0.0,31.08863,818.06366,28.36,Clear sky
2011-08-16 21:00:00+00:00,HAKKARİ,30,29.328,14.128,0.0,9.422101,0.0,31.466894,816.8394,27.36,Clear sky
2011-08-17 21:00:00+00:00,HAKKARİ,30,29.578,17.028,0.0,10.028439,1.0,31.838,817.0113,25.01,Mainly clear
2011-08-18 21:00:00+00:00,HAKKARİ,30,28.878,18.528,0.0,11.503113,1.0,34.294292,817.09357,23.98,Mainly clear
2011-08-19 21:00:00+00:00,HAKKARİ,30,27.478,17.728,0.0,12.605142,0.0,34.85232,818.8789,26.26,Clear sky
2011-08-20 21:00:00+00:00,HAKKARİ,30,26.928,16.028,0.0,13.217443,0.0,32.896675,819.9996,27.08,Clear sky
2011-08-21 21:00:00+00:00,HAKKARİ,30,27.978,15.328,0.0,10.30883,0.0,32.37593,820.2439,26.1,Clear sky
2011-08-22 21:00:00+00:00,HAKKARİ,30,28.378,16.278,0.0,9.107359,1.0,32.800518,819.94904,26.09,Mainly clear
2011-08-23 21:00:00+00:00,HAKKARİ,30,28.878,16.628,0.0,9.565437,0.0,31.931723,818.6983,26.67,Clear sky
2011-08-24 21:00:00+00:00,HAKKARİ,30,28.028,16.378,0.0,11.367109,3.0,35.95368,817.8352,24.98,Overcast
2011-08-25 21:00:00+00:00,HAKKARİ,30,27.628,16.678,0.0,11.27553,0.0,33.14563,819.5113,25.82,Clear sky
2011-08-26 21:00:00+00:00,HAKKARİ,30,28.078,16.378,0.0,12.074766,3.0,32.423435,819.6968,23.93,Overcast
2011-08-27 21:00:00+00:00,HAKKARİ,30,26.378,13.078,0.70000005,10.966713,51.0,51.759335,818.11646,21.9,Drizzle: Light
2011-08-28 21:00:00+00:00,HAKKARİ,30,23.778,10.578,0.0,11.592894,1.0,51.676586,819.5041,26.13,Mainly clear
2011-08-29 21:00:00+00:00,HAKKARİ,30,27.928,8.878,0.0,11.177405,0.0,32.033596,819.84717,26.56,Clear sky
2011-08-30 21:00:00+00:00,HAKKARİ,30,27.578,15.378,0.0,9.6932955,0.0,23.148201,819.3293,26.22,Clear sky
2011-08-31 21:00:00+00:00,HAKKARİ,30,27.778,14.078,0.0,9.422101,0.0,26.710373,817.4485,25.77,Clear sky
2011-09-01 21:00:00+00:00,HAKKARİ,30,28.078,16.828001,0.0,12.620554,0.0,28.038992,816.41284,25.5,Clear sky
2011-09-02 21:00:00+00:00,HAKKARİ,30,25.628,17.228,0.0,12.245294,0.0,34.913048,817.4722,25.01,Clear sky
2011-09-03 21:00:00+00:00,HAKKARİ,30,26.028,13.728,0.0,10.028439,0.0,37.395405,819.4148,24.97,Clear sky
2011-09-04 21:00:00+00:00,HAKKARİ,30,26.878,13.4279995,0.0,9.931042,1.0,32.111256,820.3006,24.37,Mainly clear
2011-09-05 21:00:00+00:00,HAKKARİ,30,26.928,13.278,0.0,10.97262,0.0,25.849184,818.1951,24.94,Clear sky
2011-09-06 21:00:00+00:00,HAKKARİ,30,25.928,12.9279995,0.0,9.6932955,0.0,31.035538,815.7488,24.56,Clear sky
2011-09-07 21:00:00+00:00,HAKKARİ,30,25.328,14.328,0.0,10.315115,0.0,27.735,816.1662,24.82,Clear sky
2011-09-08 21:00:00+00:00,HAKKARİ,30,24.928,12.778,0.0,11.304229,0.0,27.153336,817.67914,24.44,Clear sky
2011-09-09 21:00:00+00:00,HAKKARİ,30,25.928,11.028,0.0,9.107359,0.0,32.26098,819.4107,24.14,Clear sky
2011-09-10 21:00:00+00:00,HAKKARİ,30,26.378,13.078,0.0,9.885262,0.0,31.341093,818.85596,23.73,Clear sky
2011-09-11 21:00:00+00:00,HAKKARİ,30,25.978,13.978,0.0,11.043261,0.0,32.12537,816.7617,23.62,Clear sky
2011-09-12 21:00:00+00:00,HAKKARİ,30,26.028,12.628,0.0,9.114471,0.0,36.264324,817.3851,22.8,Clear sky
2011-09-13 21:00:00+00:00,HAKKARİ,30,25.978,13.078,0.0,9.107359,1.0,38.131252,818.7327,21.34,Mainly clear
2011-09-14 21:00:00+00:00,HAKKARİ,30,23.878,13.028,0.4,11.966953,51.0,45.21342,818.7691,20.63,Drizzle: Light
2011-09-15 21:00:00+00:00,HAKKARİ,30,25.628,12.528,0.0,10.514218,3.0,37.955685,817.8538,20.4,Overcast
2011-09-16 21:00:00+00:00,HAKKARİ,30,25.428,12.4279995,0.0,9.422101,3.0,36.550716,818.4895,20.08,Overcast
2011-09-17 21:00:00+00:00,HAKKARİ,30,25.428,13.1779995,0.0,8.557102,3.0,35.471977,819.23505,18.81,Overcast
2011-09-18 21:00:00+00:00,HAKKARİ,30,25.528,15.328,0.0,11.874544,0.0,33.638584,819.9858,22.15,Clear sky
2011-09-19 21:00:00+00:00,HAKKARİ,30,21.828,12.628,1.2,13.527572,53.0,42.078373,820.1027,20.01,Drizzle: Moderate
2011-09-20 21:00:00+00:00,HAKKARİ,30,21.528,10.628,0.0,7.968939,3.0,47.86301,818.4529,17.74,Overcast
2011-09-21 21:00:00+00:00,HAKKARİ,30,23.378,10.6779995,0.0,9.9571085,3.0,45.659832,818.4073,18.58,Overcast
2011-09-22 21:00:00+00:00,HAKKARİ,30,22.628,11.9279995,0.2,9.83268,51.0,41.08271,817.47064,20.28,Drizzle: Light
2011-09-23 21:00:00+00:00,HAKKARİ,30,20.978,10.9279995,1.1,14.685176,53.0,52.61975,815.60565,17.41,Drizzle: Moderate
2011-09-24 21:00:00+00:00,HAKKARİ,30,18.978,11.578,0.0,9.957108,3.0,59.04925,818.84784,15.37,Overcast
2011-09-25 21:00:00+00:00,HAKKARİ,30,18.778,8.778,2.8000002,8.825508,61.0,70.465996,820.77716,15.72,Rain: Slight
2011-09-26 21:00:00+00:00,HAKKARİ,30,17.428,8.128,1.3,9.504273,53.0,76.2542,821.3852,14.94,Drizzle: Moderate
2011-09-27 21:00:00+00:00,HAKKARİ,30,19.178,6.9280005,1.6,8.427383,61.0,71.16105,820.3344,17.32,Rain: Slight
2011-09-28 21:00:00+00:00,HAKKARİ,30,19.478,4.228,0.2,11.246759,51.0,59.985825,817.8288,19.11,Drizzle: Light
2011-09-29 21:00:00+00:00,HAKKARİ,30,14.628,10.728,2.4,5.1544156,55.0,59.898777,816.6882,10.73,Drizzle: Dense
2011-09-30 21:00:00+00:00,HAKKARİ,30,13.6779995,6.1280003,8.4,9.6932955,61.0,77.56891,814.0156,12.85,Rain: Slight
2011-10-01 21:00:00+00:00,HAKKARİ,30,15.528,2.778,0.2,10.195057,51.0,72.688515,815.62036,18.57,Drizzle: Light
2011-10-02 21:00:00+00:00,HAKKARİ,30,14.278,4.8780003,0.0,12.218805,0.0,63.568756,816.4118,19.74,Clear sky
2011-10-03 21:00:00+00:00,HAKKARİ,30,16.628,3.778,0.0,8.217153,1.0,54.80209,817.86084,19.92,Mainly clear
2011-10-04 21:00:00+00:00,HAKKARİ,30,18.278,5.078,0.0,8.209263,0.0,47.334274,818.03827,19.58,Clear sky
2011-10-05 21:00:00+00:00,HAKKARİ,30,18.778,5.8780003,0.0,8.373386,0.0,48.288177,820.2114,19.42,Clear sky
2011-10-06 21:00:00+00:00,HAKKARİ,30,17.578001,8.978,0.1,8.39657,51.0,46.61984,819.3466,18.18,Drizzle: Light
2011-10-07 21:00:00+00:00,HAKKARİ,30,17.828001,7.4280005,0.0,10.028439,3.0,48.06073,819.27496,18.6,Overcast
2011-10-08 21:00:00+00:00,HAKKARİ,30,18.528,5.8780003,0.0,7.8954163,3.0,49.409897,820.7232,16.45,Overcast
2011-10-09 21:00:00+00:00,HAKKARİ,30,21.428,6.6280003,0.0,6.8399997,2.0,48.193676,821.8379,18.33,Partly cloudy
2011-10-10 21:00:00+00:00,HAKKARİ,30,23.828,8.578,0.0,8.707237,2.0,48.29826,822.08624,18.01,Partly cloudy
2011-10-11 21:00:00+00:00,HAKKARİ,30,22.278,12.328,0.0,12.224107,3.0,44.595592,821.9284,17.25,Overcast
2011-10-12 21:00:00+00:00,HAKKARİ,30,13.878,9.028,14.9,6.87779,63.0,80.227745,817.2061,7.88,Rain: Moderate
2011-10-13 21:00:00+00:00,HAKKARİ,30,15.078,4.728,0.0,8.854829,3.0,75.3819,819.6219,16.15,Overcast
2011-10-14 21:00:00+00:00,HAKKARİ,30,17.478,4.528,0.6,12.229406,51.0,72.38761,821.5925,16.47,Drizzle: Light
2011-10-15 21:00:00+00:00,HAKKARİ,30,16.978,9.828,0.5,9.3669195,51.0,67.5504,820.7636,13.77,Drizzle: Light
2011-10-16 21:00:00+00:00,HAKKARİ,30,16.628,10.4279995,1.8000002,8.759178,51.0,61.920116,820.1723,12.33,Drizzle: Light
2011-10-17 21:00:00+00:00,HAKKARİ,30,16.828001,10.6779995,0.0,10.966713,3.0,53.789627,820.75903,15.55,Overcast
2011-10-18 21:00:00+00:00,HAKKARİ,30,12.628,4.028,5.5,14.48972,61.0,79.422745,815.9366,10.84,Rain: Slight
2011-10-19 21:00:00+00:00,HAKKARİ,30,9.028,0.57800007,1.8000001,11.246759,71.0,78.09437,813.0166,13.7,Snow fall: Slight
2011-10-20 21:00:00+00:00,HAKKARİ,30,13.278,-0.22199988,0.0,8.669949,0.0,57.835217,816.63385,16.95,Clear sky
2011-10-21 21:00:00+00:00,HAKKARİ,30,15.278,1.4280001,0.0,8.707238,2.0,51.77124,817.8796,16.98,Partly cloudy
2011-10-22 21:00:00+00:00,HAKKARİ,30,15.078,5.6280003,0.0,8.427383,3.0,42.35769,818.0424,16.42,Overcast
2011-10-23 21:00:00+00:00,HAKKARİ,30,14.128,5.6280003,0.0,8.209263,3.0,44.94109,819.2666,14.88,Overcast
2011-10-24 21:00:00+00:00,HAKKARİ,30,13.1779995,6.4779997,0.5,9.085988,51.0,62.52666,816.86334,10.31,Drizzle: Light
2011-10-25 21:00:00+00:00,HAKKARİ,30,13.228,2.7280002,0.0,9.605998,3.0,65.85608,812.9783,12.03,Overcast
2011-10-26 21:00:00+00:00,HAKKARİ,30,11.1779995,3.828,4.0,9.346143,71.0,76.10125,814.4886,13.97,Snow fall: Slight
2011-10-27 21:00:00+00:00,HAKKARİ,30,10.078,0.6780001,2.7,7.7043357,73.0,78.88784,815.2317,9.9,Snow fall: Moderate
2011-10-28 21:00:00+00:00,HAKKARİ,30,7.3780003,0.72800016,4.8999996,9.585739,73.0,75.11482,812.7019,11.7,Snow fall: Moderate
2011-10-29 21:00:00+00:00,HAKKARİ,30,7.8780003,-0.67199993,2.3999999,9.339208,73.0,78.68182,811.94073,12.29,Snow fall: Moderate
2011-10-30 21:00:00+00:00,HAKKARİ,30,6.9779997,-1.7219999,1.9000001,6.489992,73.0,81.71489,812.721,12.39,Snow fall: Moderate
2011-10-31 21:00:00+00:00,HAKKARİ,30,6.078,-3.9219997,1.2,8.350138,71.0,77.94107,813.93365,12.9,Snow fall: Slight
2011-11-01 21:00:00+00:00,HAKKARİ,30,8.028,-5.0220003,0.0,7.92,3.0,62.6071,813.2596,15.06,Overcast
2011-11-02 21:00:00+00:00,HAKKARİ,30,7.828,-0.37199998,2.7,7.5942073,73.0,67.26832,812.4683,13.11,Snow fall: Moderate
2011-11-03 21:00:00+00:00,HAKKARİ,30,3.6280003,-0.27199984,15.4,6.489992,75.0,89.79269,812.70685,8.3,Snow fall: Heavy
2011-11-04 21:00:00+00:00,HAKKARİ,30,3.8780003,-0.42199993,20.899998,7.5685663,75.0,92.86017,812.67944,6.47,Snow fall: Heavy
2011-11-05 21:00:00+00:00,HAKKARİ,30,3.778,-2.1719997,5.7999997,6.725354,75.0,83.12893,810.68823,12.11,Snow fall: Heavy
2011-11-06 21:00:00+00:00,HAKKARİ,30,4.8780003,-6.722,0.1,9.72,71.0,78.93179,810.3289,13.71,Snow fall: Slight
2011-11-07 21:00:00+00:00,HAKKARİ,30,-0.37199998,-13.622,0.0,11.792404,2.0,72.331154,811.759,14.53,Partly cloudy
2011-11-08 21:00:00+00:00,HAKKARİ,30,2.328,-22.722,0.0,11.542478,0.0,59.973236,810.8361,14.79,Clear sky
2011-11-09 21:00:00+00:00,HAKKARİ,30,1.8280001,-9.8220005,0.0,8.217153,1.0,69.84045,811.2309,14.19,Mainly clear
2011-11-10 21:00:00+00:00,HAKKARİ,30,2.678,-13.3220005,0.4,7.0911775,73.0,77.45035,812.8475,13.05,Snow fall: Moderate
2011-11-11 21:00:00+00:00,HAKKARİ,30,0.27800012,-3.0719998,7.5,7.42159,75.0,92.37482,812.6407,4.67,Snow fall: Heavy
2011-11-12 21:00:00+00:00,HAKKARİ,30,1.7780001,-11.172,0.0,9.028754,3.0,63.01981,812.2632,14.38,Overcast
2011-11-13 21:00:00+00:00,HAKKARİ,30,1.0780001,-7.722,0.8,9.028754,73.0,65.90401,812.83685,7.84,Snow fall: Moderate
2011-11-14 21:00:00+00:00,HAKKARİ,30,4.478,-1.622,9.900001,4.5536795,73.0,85.36023,812.9085,9.96,Snow fall: Moderate
2011-11-15 21:00:00+00:00,HAKKARİ,30,4.278,-0.7219999,2.4999998,5.315336,73.0,87.1586,813.1023,11.25,Snow fall: Moderate
2011-11-16 21:00:00+00:00,HAKKARİ,30,3.3780003,-4.6219997,0.0,5.6920996,3.0,88.99884,812.4167,9.29,Overcast
2011-11-17 21:00:00+00:00,HAKKARİ,30,3.4780002,-2.0719998,5.7,6.6185193,75.0,94.50944,814.403,7.8,Snow fall: Heavy
2011-11-18 21:00:00+00:00,HAKKARİ,30,4.9280005,-2.4219997,0.0,7.172949,3.0,86.85773,813.712,11.12,Overcast
2011-11-19 21:00:00+00:00,HAKKARİ,30,4.778,-6.3719997,1.1,10.1376915,73.0,84.858025,810.4787,9.39,Snow fall: Moderate
2011-11-20 21:00:00+00:00,HAKKARİ,30,4.028,-6.172,0.0,6.849467,3.0,83.56393,813.49365,10.65,Overcast
2011-11-21 21:00:00+00:00,HAKKARİ,30,3.7280002,-6.972,0.0,8.4042845,3.0,79.88285,815.25287,12.1,Overcast
2011-11-22 21:00:00+00:00,HAKKARİ,30,3.328,-15.122,0.0,6.130579,3.0,79.09546,811.14453,12.19,Overcast
2011-11-23 21:00:00+00:00,HAKKARİ,30,0.97800016,-7.7720003,0.8,6.924738,71.0,75.96856,811.15717,9.78,Snow fall: Slight
2011-11-24 21:00:00+00:00,HAKKARİ,30,-2.3219998,-12.3220005,0.90000004,11.841756,71.0,74.44132,811.2979,12.56,Snow fall: Slight
2011-11-25 21:00:00+00:00,HAKKARİ,30,-0.47199988,-22.572,0.0,13.084402,3.0,62.64319,808.46606,12.74,Overcast
2011-11-26 21:00:00+00:00,HAKKARİ,30,-1.0719998,-15.271999,0.0,6.130579,3.0,64.03712,810.1589,11.86,Overcast
2011-11-27 21:00:00+00:00,HAKKARİ,30,-0.37199998,-11.772,0.0,6.12,3.0,69.350105,811.73724,10.69,Overcast
2011-11-28 21:00:00+00:00,HAKKARİ,30,1.9780002,-17.322,0.0,8.287822,0.0,62.182392,810.50244,12.11,Clear sky
2011-11-29 21:00:00+00:00,HAKKARİ,30,1.6780001,-18.722,0.0,11.542478,3.0,62.84505,808.77985,12.05,Overcast
2011-11-30 21:00:00+00:00,HAKKARİ,30,-0.92199993,-14.122,0.1,8.350138,71.0,69.204994,810.3384,10.84,Snow fall: Slight
2011-12-01 21:00:00+00:00,HAKKARİ,30,-0.22199988,-13.672,0.0,6.8399997,0.0,63.451157,813.358,11.75,Clear sky
2011-12-02 21:00:00+00:00,HAKKARİ,30,0.07800007,-19.022,0.0,8.64,3.0,70.26919,811.39404,11.88,Overcast
2011-12-03 21:00:00+00:00,HAKKARİ,30,5.278,-18.272,0.0,10.086427,0.0,57.00574,812.56934,11.78,Clear sky
2011-12-04 21:00:00+00:00,HAKKARİ,30,6.3780003,-9.522,0.0,7.2,2.0,42.70428,814.43207,11.94,Partly cloudy
2011-12-05 21:00:00+00:00,HAKKARİ,30,6.4779997,-10.5720005,0.0,6.489992,2.0,39.91008,812.7144,11.8,Partly cloudy
2011-12-06 21:00:00+00:00,HAKKARİ,30,5.1280003,-8.522,0.0,6.489992,0.0,39.149845,812.70966,11.85,Clear sky
2011-12-07 21:00:00+00:00,HAKKARİ,30,3.3780003,-5.8719997,0.0,5.7599998,3.0,37.58702,812.83563,11.45,Overcast
2011-12-08 21:00:00+00:00,HAKKARİ,30,-0.92199993,-4.922,1.2,5.771239,71.0,61.275986,812.9959,4.98,Snow fall: Slight
2011-12-09 21:00:00+00:00,HAKKARİ,30,-0.92199993,-6.472,15.900001,7.729527,75.0,90.03946,811.78827,4.06,Snow fall: Heavy
2011-12-10 21:00:00+00:00,HAKKARİ,30,1.5780001,-11.522,0.0,9.0,3.0,70.24057,814.71606,11.29,Overcast
2011-12-11 21:00:00+00:00,HAKKARİ,30,3.7280002,-8.772,0.0,7.2359104,3.0,40.76034,814.1765,11.31,Overcast
2011-12-12 21:00:00+00:00,HAKKARİ,30,2.8780003,-13.872,0.0,9.3876505,0.0,54.15923,814.3836,11.39,Clear sky
2011-12-13 21:00:00+00:00,HAKKARİ,30,4.728,-11.272,0.0,8.64,3.0,50.679733,814.22754,10.09,Overcast
2011-12-14 21:00:00+00:00,HAKKARİ,30,4.778,-0.27199984,0.0,5.771239,71.0,44.466824,816.68164,9.72,Snow fall: Slight
2011-12-15 21:00:00+00:00,HAKKARİ,30,2.7280002,-4.6219997,2.6000004,8.311245,73.0,86.192955,814.67084,7.19,Snow fall: Moderate
2011-12-16 21:00:00+00:00,HAKKARİ,30,1.5280001,-3.872,2.7,6.12,73.0,93.49636,813.9092,7.03,Snow fall: Moderate
2011-12-17 21:00:00+00:00,HAKKARİ,30,3.578,-8.772,0.0,9.72,3.0,72.884544,815.2539,10.45,Overcast
2011-12-18 21:00:00+00:00,HAKKARİ,30,7.328,-5.672,0.0,8.287822,3.0,45.43227,817.45087,11.19,Overcast
2011-12-19 21:00:00+00:00,HAKKARİ,30,7.1280003,-5.922,0.0,9.3669195,3.0,37.20538,816.9216,11.41,Overcast
2011-12-20 21:00:00+00:00,HAKKARİ,30,4.1280003,-3.522,0.0,4.68,2.0,40.584515,816.3945,11.17,Partly cloudy
2011-12-21 21:00:00+00:00,HAKKARİ,30,3.578,-1.372,0.9000001,4.3349743,71.0,63.99721,816.3772,4.89,Snow fall: Slight
2011-12-22 21:00:00+00:00,HAKKARİ,30,2.328,-0.872,0.8,5.937272,71.0,85.34604,812.5986,6.02,Snow fall: Slight
2011-12-23 21:00:00+00:00,HAKKARİ,30,1.6280001,-2.272,18.7,6.130579,75.0,96.34878,809.8242,3.4,Snow fall: Heavy
2011-12-24 21:00:00+00:00,HAKKARİ,30,1.5780001,-2.272,10.8,5.4119864,73.0,90.55251,810.2215,5.84,Snow fall: Moderate
2011-12-25 21:00:00+00:00,HAKKARİ,30,0.22800016,-4.0719995,7.2,5.771239,75.0,82.23463,814.2836,7.07,Snow fall: Heavy
2011-12-26 21:00:00+00:00,HAKKARİ,30,1.8280001,-9.622,0.70000005,9.007196,71.0,79.0536,814.8379,11.19,Snow fall: Slight
2011-12-27 21:00:00+00:00,HAKKARİ,30,3.828,-16.872,0.0,8.28,0.0,61.325924,811.06635,11.53,Clear sky
2011-12-28 21:00:00+00:00,HAKKARİ,30,3.8780003,-7.222,0.0,6.8399997,0.0,48.429806,813.83575,11.54,Clear sky
2011-12-29 21:00:00+00:00,HAKKARİ,30,1.3280001,-5.722,0.0,5.771239,0.0,40.004337,815.3997,11.79,Clear sky
2011-12-30 21:00:00+00:00,HAKKARİ,30,-2.1719997,-6.0720005,5.6000004,4.452954,73.0,75.67863,814.0122,6.29,Snow fall: Moderate
2011-12-31 21:00:00+00:00,HAKKARİ,30,0.17800009,-4.0719995,0.0,4.73506,71.0,85.67568,811.6054,9.12,Snow fall: Slight
2012-01-01 21:00:00+00:00,HAKKARİ,30,-0.17199993,-10.5720005,0.0,7.2359104,3.0,87.18333,809.4819,8.99,Overcast
2012-01-02 21:00:00+00:00,HAKKARİ,30,-0.622,-12.622,0.0,7.5685663,3.0,80.46212,810.3741,10.58,Overcast
2012-01-03 21:00:00+00:00,HAKKARİ,30,2.778,-17.822,0.0,7.5599995,3.0,58.750042,809.1578,11.75,Overcast
2012-01-04 21:00:00+00:00,HAKKARİ,30,3.078,-7.0720005,0.0,6.4799995,0.0,47.915684,811.4328,11.95,Clear sky
2012-01-05 21:00:00+00:00,HAKKARİ,30,-2.3219998,-7.1219997,0.6,4.3349743,71.0,62.98052,810.30865,6.91,Snow fall: Slight
2012-01-06 21:00:00+00:00,HAKKARİ,30,0.028000116,-14.8220005,0.0,5.7599998,3.0,78.12382,810.73535,11.55,Overcast
2012-01-07 21:00:00+00:00,HAKKARİ,30,-0.67199993,-6.972,9.3,4.6938252,75.0,83.98293,810.4927,7.6,Snow fall: Heavy
2012-01-08 21:00:00+00:00,HAKKARİ,30,-0.07199979,-5.722,1.1,6.489992,71.0,92.25757,812.29224,8.91,Snow fall: Slight
2012-01-09 21:00:00+00:00,HAKKARİ,30,1.0780001,-3.8219998,0.3,6.151683,71.0,83.47846,815.1997,11.06,Snow fall: Slight
2012-01-10 21:00:00+00:00,HAKKARİ,30,0.57800007,-5.8219995,5.1,5.4119864,73.0,70.72935,810.08325,11.28,Snow fall: Moderate
2012-01-11 21:00:00+00:00,HAKKARİ,30,-0.47199988,-5.0220003,1.5,6.151683,73.0,85.87318,810.86115,10.15,Snow fall: Moderate
2012-01-12 21:00:00+00:00,HAKKARİ,30,-1.622,-7.0720005,4.4,5.771239,73.0,90.77059,809.795,7.47,Snow fall: Moderate
2012-01-13 21:00:00+00:00,HAKKARİ,30,-1.6719999,-7.3719997,0.0,7.172949,71.0,89.78121,811.0979,8.7,Snow fall: Slight
2012-01-14 21:00:00+00:00,HAKKARİ,30,-2.022,-7.1219997,2.6000004,5.8048253,73.0,92.70523,813.3142,5.52,Snow fall: Moderate
2012-01-15 21:00:00+00:00,HAKKARİ,30,-0.021999836,-3.4219997,7.399999,7.771331,73.0,93.837776,811.8652,7.32,Snow fall: Moderate
2012-01-16 21:00:00+00:00,HAKKARİ,30,-0.77199984,-4.5220003,2.9,6.4799995,73.0,91.897194,812.60205,7.01,Snow fall: Moderate
2012-01-17 21:00:00+00:00,HAKKARİ,30,-0.37199998,-4.0719995,9.7,7.342588,73.0,91.86471,813.2951,9.48,Snow fall: Moderate
2012-01-18 21:00:00+00:00,HAKKARİ,30,-3.6719997,-10.172,1.7000002,8.28,71.0,85.959404,808.96295,8.29,Snow fall: Slight
2012-01-19 21:00:00+00:00,HAKKARİ,30,-7.222,-11.872,2.3999999,7.5685663,73.0,78.03566,805.3615,11.97,Snow fall: Moderate
2012-01-20 21:00:00+00:00,HAKKARİ,30,-5.222,-19.022,0.0,9.3669195,3.0,62.94016,809.1787,13.49,Overcast
2012-01-21 21:00:00+00:00,HAKKARİ,30,-2.4219997,-13.472,0.0,6.849467,3.0,60.712933,807.7558,11.46,Overcast
2012-01-22 21:00:00+00:00,HAKKARİ,30,-3.3219998,-12.672,0.70000005,6.162207,73.0,88.5668,808.17773,11.54,Snow fall: Moderate
2012-01-23 21:00:00+00:00,HAKKARİ,30,-2.772,-6.5720005,1.1,5.8603754,73.0,81.438416,812.1609,11.62,Snow fall: Moderate
2012-01-24 21:00:00+00:00,HAKKARİ,30,-3.122,-12.672,0.0,5.154415,71.0,69.97808,810.84814,11.38,Snow fall: Slight
2012-01-25 21:00:00+00:00,HAKKARİ,30,-2.3219998,-6.972,8.599999,3.319036,73.0,89.54446,812.0882,4.98,Snow fall: Moderate
2012-01-26 21:00:00+00:00,HAKKARİ,30,-0.3219998,-3.372,29.9,7.342588,75.0,95.89712,809.04614,4.0,Snow fall: Heavy
2012-01-27 21:00:00+00:00,HAKKARİ,30,-1.7719998,-5.5220003,14.0,6.638072,75.0,87.20911,806.4392,10.02,Snow fall: Heavy
2012-01-28 21:00:00+00:00,HAKKARİ,30,-2.622,-8.872,0.0,6.6185193,3.0,87.40344,810.28394,13.1,Overcast
2012-01-29 21:00:00+00:00,HAKKARİ,30,-2.122,-6.0720005,1.4000001,7.2805495,71.0,87.196846,812.76483,10.3,Snow fall: Slight
2012-01-30 21:00:00+00:00,HAKKARİ,30,-2.022,-5.3219995,26.600002,4.896529,75.0,92.74563,807.06445,3.09,Snow fall: Heavy
2012-01-31 21:00:00+00:00,HAKKARİ,30,-0.37199998,-4.172,27.8,4.829907,75.0,91.613655,804.0163,5.71,Snow fall: Heavy
2012-02-01 21:00:00+00:00,HAKKARİ,30,-0.622,-8.022,4.4999995,7.5685663,73.0,86.9473,806.4424,10.23,Snow fall: Moderate
2012-02-02 21:00:00+00:00,HAKKARİ,30,2.028,-14.271999,0.0,8.287822,3.0,53.109425,815.4793,15.34,Overcast
2012-02-03 21:00:00+00:00,HAKKARİ,30,0.57800007,-13.272,0.0,10.086427,0.0,46.037125,817.2963,16.03,Clear sky
2012-02-04 21:00:00+00:00,HAKKARİ,30,3.6280003,-15.021999,0.0,11.183201,0.0,38.337223,814.345,16.17,Clear sky
2012-02-05 21:00:00+00:00,HAKKARİ,30,1.2280002,-8.972,0.0,5.4119864,3.0,30.086195,814.4244,16.05,Overcast
2012-02-06 21:00:00+00:00,HAKKARİ,30,-4.222,-5.8719997,14.499999,5.937272,75.0,62.67416,812.7151,7.68,Snow fall: Heavy
2012-02-07 21:00:00+00:00,HAKKARİ,30,-1.122,-5.5220003,22.1,9.0,75.0,93.47519,807.65753,7.65,Snow fall: Heavy
2012-02-08 21:00:00+00:00,HAKKARİ,30,-1.0719998,-4.972,12.799999,7.5599995,75.0,93.521454,809.8714,6.85,Snow fall: Heavy
2012-02-09 21:00:00+00:00,HAKKARİ,30,-0.872,-4.922,19.6,7.5685663,75.0,91.203674,807.5564,9.51,Snow fall: Heavy
2012-02-10 21:00:00+00:00,HAKKARİ,30,-1.9719999,-7.972,0.0,6.849467,3.0,81.03269,812.9621,16.07,Overcast
2012-02-11 21:00:00+00:00,HAKKARİ,30,2.128,-12.872,0.0,10.799999,1.0,51.19163,815.65424,17.43,Mainly clear
2012-02-12 21:00:00+00:00,HAKKARİ,30,2.528,-11.972,0.0,8.647496,3.0,43.81896,813.9487,15.48,Overcast
2012-02-13 21:00:00+00:00,HAKKARİ,30,0.57800007,-5.6219997,0.0,4.68,3.0,45.031437,812.9277,16.78,Overcast
2012-02-14 21:00:00+00:00,HAKKARİ,30,-0.67199993,-4.172,6.4000006,6.849467,75.0,79.018295,809.5108,9.12,Snow fall: Heavy
2012-02-15 21:00:00+00:00,HAKKARİ,30,-0.7219999,-4.922,16.199999,6.9527545,75.0,91.03954,801.2607,9.36,Snow fall: Heavy
2012-02-16 21:00:00+00:00,HAKKARİ,30,-1.5219998,-4.8719997,4.4,8.647496,75.0,87.38334,802.56177,14.76,Snow fall: Heavy
2012-02-17 21:00:00+00:00,HAKKARİ,30,-2.972,-7.172,38.4,7.172949,75.0,90.70942,799.7769,8.76,Snow fall: Heavy
2012-02-18 21:00:00+00:00,HAKKARİ,30,-4.722,-10.3220005,3.0999997,6.725354,73.0,84.59667,807.1992,11.94,Snow fall: Moderate
2012-02-19 21:00:00+00:00,HAKKARİ,30,-1.9219999,-14.722,0.0,8.647496,3.0,63.650936,814.2949,18.32,Overcast
2012-02-20 21:00:00+00:00,HAKKARİ,30,-0.22199988,-16.572,0.0,9.3876505,0.0,52.81273,817.08057,19.1,Clear sky
2012-02-21 21:00:00+00:00,HAKKARİ,30,-0.22199988,-14.222,0.0,7.928178,3.0,43.32127,813.00934,19.1,Overcast
2012-02-22 21:00:00+00:00,HAKKARİ,30,-0.17199993,-12.0720005,0.0,6.849467,3.0,39.915806,811.2383,19.57,Overcast
2012-02-23 21:00:00+00:00,HAKKARİ,30,-2.522,-10.022,0.0,4.3498964,3.0,46.73241,806.68304,19.28,Overcast
2012-02-24 21:00:00+00:00,HAKKARİ,30,-1.5219998,-8.222,0.0,5.95906,3.0,63.997177,803.4622,17.69,Overcast
2012-02-25 21:00:00+00:00,HAKKARİ,30,-0.27199984,-9.172,0.0,6.830519,3.0,66.476135,804.7277,19.22,Overcast
2012-02-26 21:00:00+00:00,HAKKARİ,30,0.07800007,-7.8719997,2.4,6.725354,73.0,81.43618,811.2553,14.84,Snow fall: Moderate
2012-02-27 21:00:00+00:00,HAKKARİ,30,1.0780001,-3.0719998,7.600001,6.0347,73.0,89.489006,808.5345,11.47,Snow fall: Moderate
2012-02-28 21:00:00+00:00,HAKKARİ,30,1.5280001,-2.772,20.500002,6.638072,75.0,93.57169,800.7968,11.08,Snow fall: Heavy
2012-02-29 21:00:00+00:00,HAKKARİ,30,-2.472,-5.1219997,28.299997,9.47012,75.0,87.03225,799.73785,10.89,Snow fall: Heavy
2012-03-01 21:00:00+00:00,HAKKARİ,30,-3.722,-8.922,5.7999997,6.924738,75.0,83.039734,799.2928,15.64,Snow fall: Heavy
2012-03-02 21:00:00+00:00,HAKKARİ,30,-4.0719995,-13.372,1.4000001,10.086427,73.0,80.93746,801.3489,17.99,Snow fall: Moderate
2012-03-03 21:00:00+00:00,HAKKARİ,30,-4.972,-10.222,26.4,10.464798,75.0,89.48228,801.4495,4.48,Snow fall: Heavy
2012-03-04 21:00:00+00:00,HAKKARİ,30,-5.2720003,-11.922,0.0,7.8954163,71.0,67.66803,808.795,19.8,Snow fall: Slight
2012-03-05 21:00:00+00:00,HAKKARİ,30,-3.122,-14.222,0.8,6.9153743,71.0,72.43014,813.11005,17.15,Snow fall: Slight
2012-03-06 21:00:00+00:00,HAKKARİ,30,0.82800007,-7.0220003,0.0,7.10031,71.0,85.99301,815.36176,18.26,Snow fall: Slight
2012-03-07 21:00:00+00:00,HAKKARİ,30,1.8780001,-7.8719997,0.0,6.28713,3.0,78.77915,813.60205,20.76,Overcast
2012-03-08 21:00:00+00:00,HAKKARİ,30,2.578,-6.672,0.0,6.9153743,3.0,68.09457,813.15015,21.41,Overcast
2012-03-09 21:00:00+00:00,HAKKARİ,30,0.82800007,-7.972,0.0,10.105681,3.0,64.03084,810.01495,22.05,Overcast
2012-03-10 21:00:00+00:00,HAKKARİ,30,-0.42199993,-11.672,0.0,10.446206,3.0,51.075153,810.0364,23.08,Overcast
2012-03-11 21:00:00+00:00,HAKKARİ,30,-1.7219999,-5.7720003,10.099999,4.6938252,75.0,69.25264,810.0945,6.15,Snow fall: Heavy
2012-03-12 21:00:00+00:00,HAKKARİ,30,4.1780005,-3.472,0.0,6.489992,2.0,76.63169,810.6784,21.88,Partly cloudy
2012-03-13 21:00:00+00:00,HAKKARİ,30,3.2280002,-2.622,3.6000001,7.208994,73.0,85.06291,808.84015,15.69,Snow fall: Moderate
2012-03-14 21:00:00+00:00,HAKKARİ,30,0.82800007,-3.1719997,10.400001,9.178235,73.0,87.52691,805.1346,18.23,Snow fall: Moderate
2012-03-15 21:00:00+00:00,HAKKARİ,30,-0.622,-4.5719995,21.500002,7.6367526,75.0,92.61205,804.5633,10.68,Snow fall: Heavy
2012-03-16 21:00:00+00:00,HAKKARİ,30,-4.5220003,-10.0720005,6.2,14.264361,73.0,75.1868,805.347,11.47,Snow fall: Moderate
2012-03-17 21:00:00+00:00,HAKKARİ,30,2.1780002,-14.222,0.0,10.446206,0.0,50.084652,817.3462,24.04,Clear sky
2012-03-18 21:00:00+00:00,HAKKARİ,30,5.9280005,-5.8719997,0.0,7.2,0.0,44.40443,819.5711,24.15,Clear sky
2012-03-19 21:00:00+00:00,HAKKARİ,30,7.4779997,-5.5719995,0.0,7.5685663,0.0,44.184143,817.7072,24.45,Clear sky
2012-03-20 21:00:00+00:00,HAKKARİ,30,5.9280005,-4.972,0.0,6.489992,0.0,46.059673,815.24286,24.36,Clear sky
2012-03-21 21:00:00+00:00,HAKKARİ,30,4.778,-2.522,0.0,6.763786,1.0,56.827435,812.64575,24.24,Mainly clear
2012-03-22 21:00:00+00:00,HAKKARİ,30,5.278,-3.9219997,0.3,6.8777895,51.0,69.05733,813.2988,22.44,Drizzle: Light
2012-03-23 21:00:00+00:00,HAKKARİ,30,4.6780005,-2.4219997,0.0,8.0899935,2.0,74.319435,815.87933,23.42,Partly cloudy
2012-03-24 21:00:00+00:00,HAKKARİ,30,5.528,-4.3219995,0.0,7.491114,3.0,75.749435,815.9309,23.95,Overcast
2012-03-25 21:00:00+00:00,HAKKARİ,30,6.4280005,-0.12199998,2.1,8.14587,73.0,76.423294,812.8287,21.19,Snow fall: Moderate
2012-03-26 21:00:00+00:00,HAKKARİ,30,2.378,0.028000116,17.099998,6.162207,75.0,95.35276,806.393,9.93,Snow fall: Heavy
2012-03-27 21:00:00+00:00,HAKKARİ,30,2.578,-1.5719998,4.5,10.1887,73.0,84.32646,809.08765,22.44,Snow fall: Moderate
2012-03-28 21:00:00+00:00,HAKKARİ,30,2.578,-1.7719998,13.300001,6.519877,75.0,92.68194,811.8198,11.46,Snow fall: Heavy
2012-03-29 21:00:00+00:00,HAKKARİ,30,3.528,-1.8219998,1.3000001,7.0911775,71.0,84.89686,808.73346,21.07,Snow fall: Slight
2012-03-30 21:00:00+00:00,HAKKARİ,30,2.4280002,-2.722,10.099999,11.966953,73.0,90.55201,810.27734,20.89,Snow fall: Moderate
2012-03-31 21:00:00+00:00,HAKKARİ,30,4.8780003,-0.92199993,0.3,9.114471,71.0,82.684555,813.8946,21.31,Snow fall: Slight
2012-04-01 21:00:00+00:00,HAKKARİ,30,7.1280003,2.1780002,4.1000004,7.2805495,73.0,83.2926,812.8435,17.63,Snow fall: Moderate
2012-04-02 21:00:00+00:00,HAKKARİ,30,8.528,2.1780002,1.7,6.9527545,73.0,75.23852,816.24774,25.09,Snow fall: Moderate
2012-04-03 21:00:00+00:00,HAKKARİ,30,10.328,0.6780001,0.0,6.489992,0.0,57.47546,818.85736,26.75,Clear sky
2012-04-04 21:00:00+00:00,HAKKARİ,30,10.478,3.678,0.0,5.04,3.0,55.34673,818.571,26.05,Overcast
2012-04-05 21:00:00+00:00,HAKKARİ,30,9.778,4.228,0.0,5.3999996,3.0,59.863834,815.955,24.94,Overcast
2012-04-06 21:00:00+00:00,HAKKARİ,30,10.578,4.028,0.0,6.151683,3.0,64.64137,813.6479,24.81,Overcast
2012-04-07 21:00:00+00:00,HAKKARİ,30,9.878,4.4280005,2.4999998,7.5685663,53.0,81.519684,812.0024,20.82,Drizzle: Moderate
2012-04-08 21:00:00+00:00,HAKKARİ,30,9.328,1.6780001,6.9,5.3999996,55.0,86.414986,811.74445,18.06,Drizzle: Dense
2012-04-09 21:00:00+00:00,HAKKARİ,30,8.978,6.1780005,6.000001,6.924738,53.0,79.88225,814.782,13.78,Drizzle: Moderate
2012-04-10 21:00:00+00:00,HAKKARİ,30,6.828,5.078,24.1,5.991594,71.0,88.30424,813.3279,6.71,Snow fall: Slight
2012-04-11 21:00:00+00:00,HAKKARİ,30,8.528,5.278,8.500001,5.0528407,61.0,91.31802,811.06494,14.77,Rain: Slight
2012-04-12 21:00:00+00:00,HAKKARİ,30,9.778,1.3280001,0.0,6.489992,3.0,75.16953,810.27325,26.05,Overcast
2012-04-13 21:00:00+00:00,HAKKARİ,30,13.878,0.07800007,0.0,8.669949,2.0,67.4556,811.12744,26.52,Partly cloudy
2012-04-14 21:00:00+00:00,HAKKARİ,30,11.028,5.728,0.0,7.9036193,3.0,73.39791,812.83765,24.25,Overcast
2012-04-15 21:00:00+00:00,HAKKARİ,30,9.128,3.7280002,4.2,7.42159,53.0,92.72443,813.08575,18.19,Drizzle: Moderate
2012-04-16 21:00:00+00:00,HAKKARİ,30,8.678,1.6780001,1.5000002,7.5685663,51.0,86.97351,809.3804,20.99,Drizzle: Light
2012-04-17 21:00:00+00:00,HAKKARİ,30,13.1779995,-0.7219999,0.0,9.726665,1.0,70.34806,810.925,27.7,Mainly clear
2012-04-18 21:00:00+00:00,HAKKARİ,30,8.978,3.178,2.8999999,11.5199995,55.0,84.897316,808.19415,19.01,Drizzle: Dense
2012-04-19 21:00:00+00:00,HAKKARİ,30,8.928,0.6780001,2.2,6.763786,71.0,84.590614,809.8044,21.48,Snow fall: Slight
2012-04-20 21:00:00+00:00,HAKKARİ,30,10.628,-2.6719997,0.0,6.725354,2.0,75.27596,812.98413,26.54,Partly cloudy
2012-04-21 21:00:00+00:00,HAKKARİ,30,11.1779995,1.2780001,0.0,7.628263,1.0,72.06355,814.22076,28.07,Mainly clear
2012-04-22 21:00:00+00:00,HAKKARİ,30,11.4279995,-0.77199984,0.0,7.208994,3.0,70.3827,812.7793,28.83,Overcast
2012-04-23 21:00:00+00:00,HAKKARİ,30,13.1779995,2.078,0.0,7.92,2.0,66.351265,813.78156,25.44,Partly cloudy
2012-04-24 21:00:00+00:00,HAKKARİ,30,12.9279995,0.12800014,0.4,8.647496,51.0,74.07068,815.06934,21.98,Drizzle: Light
2012-04-25 21:00:00+00:00,HAKKARİ,30,12.378,-0.22199988,3.3999999,8.707238,61.0,81.657295,815.25244,21.71,Rain: Slight
2012-04-26 21:00:00+00:00,HAKKARİ,30,12.278,0.32800007,0.6,9.422101,51.0,76.5658,816.6821,23.72,Drizzle: Light
2012-04-27 21:00:00+00:00,HAKKARİ,30,13.628,3.1280003,0.3,9.387651,51.0,72.67753,818.3396,24.89,Drizzle: Light
2012-04-28 21:00:00+00:00,HAKKARİ,30,14.478,0.87800014,1.8000002,9.178235,53.0,76.66183,817.4546,23.55,Drizzle: Moderate
2012-04-29 21:00:00+00:00,HAKKARİ,30,16.828001,3.7280002,0.0,9.686609,3.0,59.196747,815.97406,25.64,Overcast
2012-04-30 21:00:00+00:00,HAKKARİ,30,15.978,5.9280005,2.0,7.5170207,61.0,62.628723,816.02563,23.71,Rain: Slight
2012-05-01 21:00:00+00:00,HAKKARİ,30,17.528,7.6280003,2.0,9.422101,53.0,67.164375,816.3174,27.36,Drizzle: Moderate
2012-05-02 21:00:00+00:00,HAKKARİ,30,15.028,10.078,1.5000001,14.24163,51.0,66.972855,814.80444,23.19,Drizzle: Light
2012-05-03 21:00:00+00:00,HAKKARİ,30,12.378,7.4280005,4.4999995,9.779817,55.0,85.06024,812.9136,21.79,Drizzle: Dense
2012-05-04 21:00:00+00:00,HAKKARİ,30,12.378,7.9280005,3.6,10.495713,53.0,84.22926,813.2758,21.9,Drizzle: Moderate
2012-05-05 21:00:00+00:00,HAKKARİ,30,12.028,1.8780001,1.8,8.654986,53.0,83.462975,812.78864,23.23,Drizzle: Moderate
2012-05-06 21:00:00+00:00,HAKKARİ,30,12.728,4.8780003,0.70000005,10.787993,51.0,73.265526,814.39825,26.31,Drizzle: Light
2012-05-07 21:00:00+00:00,HAKKARİ,30,12.778,6.4779997,1.1,11.525623,51.0,63.691174,814.83594,23.93,Drizzle: Light
2012-05-08 21:00:00+00:00,HAKKARİ,30,15.578,7.778,0.4,11.269782,51.0,64.61248,819.1119,27.41,Drizzle: Light
2012-05-09 21:00:00+00:00,HAKKARİ,30,18.878,7.2279997,0.8,8.905908,51.0,56.865788,821.7825,24.82,Drizzle: Light
2012-05-10 21:00:00+00:00,HAKKARİ,30,19.828,10.028,1.2,11.874544,51.0,55.090183,820.28595,27.74,Drizzle: Light
2012-05-11 21:00:00+00:00,HAKKARİ,30,20.278,9.578,0.1,10.990322,51.0,45.282944,818.30835,26.99,Drizzle: Light
2012-05-12 21:00:00+00:00,HAKKARİ,30,19.728,8.578,0.7,13.708391,51.0,51.678024,813.7778,22.61,Drizzle: Light
2012-05-13 21:00:00+00:00,HAKKARİ,30,17.128,9.428,0.3,11.620809,51.0,53.639957,813.3521,26.64,Drizzle: Light
2012-05-14 21:00:00+00:00,HAKKARİ,30,12.778,7.828,8.3,6.924738,61.0,79.20309,815.5645,15.47,Rain: Slight
2012-05-15 21:00:00+00:00,HAKKARİ,30,17.378,4.278,1.1,8.427383,53.0,79.25983,817.1901,24.99,Drizzle: Moderate
2012-05-16 21:00:00+00:00,HAKKARİ,30,17.778,8.278,1.7,10.464797,53.0,71.66006,815.7043,23.96,Drizzle: Moderate
2012-05-17 21:00:00+00:00,HAKKARİ,30,19.378,3.578,0.0,10.44,3.0,57.54669,817.487,29.9,Overcast
2012-05-18 21:00:00+00:00,HAKKARİ,30,21.928,5.828,0.1,7.928178,51.0,49.912083,819.95526,27.75,Drizzle: Light
2012-05-19 21:00:00+00:00,HAKKARİ,30,21.828,11.778,0.5,10.08,51.0,53.08911,818.8377,26.15,Drizzle: Light
2012-05-20 21:00:00+00:00,HAKKARİ,30,18.928,12.478,0.0,11.720751,3.0,44.620502,817.4775,29.0,Overcast
2012-05-21 21:00:00+00:00,HAKKARİ,30,14.828,5.1780005,6.6000004,7.5942073,61.0,72.469864,812.07574,17.95,Rain: Slight
2012-05-22 21:00:00+00:00,HAKKARİ,30,16.128,2.8780003,2.6000001,10.587918,55.0,79.16196,811.3697,22.04,Drizzle: Dense
2012-05-23 21:00:00+00:00,HAKKARİ,30,17.428,7.578,2.1,11.988594,53.0,68.11291,813.5617,25.56,Drizzle: Moderate
2012-05-24 21:00:00+00:00,HAKKARİ,30,17.078001,8.678,0.0,13.661038,1.0,59.954147,816.15326,29.38,Mainly clear
2012-05-25 21:00:00+00:00,HAKKARİ,30,16.128,7.9280005,0.90000004,15.580141,51.0,54.11336,816.39984,28.17,Drizzle: Light
2012-05-26 21:00:00+00:00,HAKKARİ,30,17.528,6.9280005,0.2,9.339208,51.0,56.942184,817.5627,28.64,Drizzle: Light
2012-05-27 21:00:00+00:00,HAKKARİ,30,19.078,9.128,0.0,12.181624,3.0,54.082092,818.3013,24.94,Overcast
2012-05-28 21:00:00+00:00,HAKKARİ,30,19.628,9.828,0.0,12.074766,3.0,54.07915,820.1562,28.72,Overcast
2012-05-29 21:00:00+00:00,HAKKARİ,30,21.028,12.028,0.5,13.661038,51.0,54.98122,821.81714,25.94,Drizzle: Light
2012-05-30 21:00:00+00:00,HAKKARİ,30,21.778,14.578,0.0,11.966953,0.0,41.9484,819.8545,30.62,Clear sky
2012-05-31 21:00:00+00:00,HAKKARİ,30,20.178,11.128,0.0,12.55879,0.0,46.11348,819.26984,30.79,Clear sky
2012-06-01 21:00:00+00:00,HAKKARİ,30,21.028,8.328,0.0,10.009036,0.0,43.19515,820.8737,31.16,Clear sky
2012-06-02 21:00:00+00:00,HAKKARİ,30,23.678,8.528,0.0,10.105681,0.0,42.35117,821.6704,30.91,Clear sky
2012-06-03 21:00:00+00:00,HAKKARİ,30,24.928,10.6779995,0.0,10.483357,0.0,38.782772,820.64014,30.83,Clear sky
2012-06-04 21:00:00+00:00,HAKKARİ,30,26.178,13.4279995,0.0,9.885262,0.0,35.868534,819.0676,30.78,Clear sky
2012-06-05 21:00:00+00:00,HAKKARİ,30,24.778,12.1779995,0.0,9.693296,0.0,36.043133,817.53,31.32,Clear sky
2012-06-06 21:00:00+00:00,HAKKARİ,30,23.678,13.328,0.0,11.503113,0.0,35.320652,815.74713,31.12,Clear sky
2012-06-07 21:00:00+00:00,HAKKARİ,30,23.078,12.828,0.0,10.464797,0.0,37.266544,816.56,31.04,Clear sky
2012-06-08 21:00:00+00:00,HAKKARİ,30,24.528,10.528,0.4,9.531505,51.0,38.524403,818.44165,29.81,Drizzle: Light
2012-06-09 21:00:00+00:00,HAKKARİ,30,24.378,10.228,1.7,8.209263,53.0,58.574398,819.4821,25.83,Drizzle: Moderate
2012-06-10 21:00:00+00:00,HAKKARİ,30,23.628,10.728,3.3999999,9.47012,61.0,68.2906,817.1104,23.3,Rain: Slight
2012-06-11 21:00:00+00:00,HAKKARİ,30,24.678,12.078,0.8,9.114471,53.0,64.15019,816.7054,24.35,Drizzle: Moderate
2012-06-12 21:00:00+00:00,HAKKARİ,30,24.228,9.828,0.0,9.605998,2.0,61.582424,817.9456,26.96,Partly cloudy
2012-06-13 21:00:00+00:00,HAKKARİ,30,26.478,12.4279995,0.0,10.661107,2.0,50.620316,821.4263,27.45,Partly cloudy
2012-06-14 21:00:00+00:00,HAKKARİ,30,26.028,16.178,0.0,6.849467,2.0,42.578434,821.86475,25.96,Partly cloudy
2012-06-15 21:00:00+00:00,HAKKARİ,30,27.728,15.6779995,0.0,9.028754,2.0,41.516216,820.73553,26.7,Partly cloudy
2012-06-16 21:00:00+00:00,HAKKARİ,30,28.228,15.4279995,0.1,8.891343,51.0,38.841305,818.65985,27.43,Drizzle: Light
2012-06-17 21:00:00+00:00,HAKKARİ,30,23.928,12.578,0.0,10.787993,1.0,44.999466,814.70233,30.59,Mainly clear
2012-06-18 21:00:00+00:00,HAKKARİ,30,23.828,11.028,0.0,12.496718,1.0,46.858734,816.2784,29.62,Mainly clear
2012-06-19 21:00:00+00:00,HAKKARİ,30,24.278,10.728,1.4,10.041354,53.0,44.61407,815.78265,28.73,Drizzle: Moderate
2012-06-20 21:00:00+00:00,HAKKARİ,30,24.578,14.078,0.0,8.473393,2.0,39.537186,815.64935,27.47,Partly cloudy
2012-06-21 21:00:00+00:00,HAKKARİ,30,25.178,15.078,0.0,10.086427,2.0,41.035175,818.48505,27.96,Partly cloudy
2012-06-22 21:00:00+00:00,HAKKARİ,30,24.428,16.778,0.0,9.726664,2.0,33.78641,820.0247,28.58,Partly cloudy
2012-06-23 21:00:00+00:00,HAKKARİ,30,24.128,13.9279995,0.5,10.233123,53.0,53.378414,816.7297,24.95,Drizzle: Moderate
2012-06-24 21:00:00+00:00,HAKKARİ,30,23.678,12.278,1.2,9.028754,53.0,67.51307,816.0881,24.88,Drizzle: Moderate
2012-06-25 21:00:00+00:00,HAKKARİ,30,24.128,10.778,0.0,8.557102,2.0,61.682587,816.3212,23.22,Partly cloudy
2012-06-26 21:00:00+00:00,HAKKARİ,30,24.528,10.778,0.1,8.78872,51.0,64.03142,814.69165,23.88,Drizzle: Light
2012-06-27 21:00:00+00:00,HAKKARİ,30,24.778,10.828,0.3,11.4862,51.0,60.7533,814.06323,26.05,Drizzle: Light
2012-06-28 21:00:00+00:00,HAKKARİ,30,25.478,18.278,0.0,15.281989,1.0,36.55983,815.0202,28.79,Mainly clear
2012-06-29 21:00:00+00:00,HAKKARİ,30,24.578,13.128,0.0,12.641076,0.0,37.264053,815.72723,31.24,Clear sky
2012-06-30 21:00:00+00:00,HAKKARİ,30,24.078,15.978,0.0,13.217443,0.0,27.909859,814.7414,31.86,Clear sky
2012-07-01 21:00:00+00:00,HAKKARİ,30,24.628,13.1779995,0.0,12.6462,0.0,32.249374,815.5073,31.35,Clear sky
2012-07-02 21:00:00+00:00,HAKKARİ,30,24.128,14.628,1.1,17.462782,51.0,32.498074,816.12274,25.46,Drizzle: Light
2012-07-03 21:00:00+00:00,HAKKARİ,30,23.578,15.778,0.0,14.332341,0.0,34.94286,814.5279,31.04,Clear sky
2012-07-04 21:00:00+00:00,HAKKARİ,30,25.678,11.528,0.0,9.0645685,0.0,33.32598,813.78204,31.21,Clear sky
2012-07-05 21:00:00+00:00,HAKKARİ,30,27.428,14.028,0.0,8.707238,0.0,33.38501,813.86505,31.04,Clear sky
2012-07-06 21:00:00+00:00,HAKKARİ,30,27.978,15.028,0.0,9.178235,0.0,35.36994,813.1145,29.2,Clear sky
2012-07-07 21:00:00+00:00,HAKKARİ,30,26.328,16.728,0.0,9.746631,2.0,38.57002,811.5496,26.88,Partly cloudy
2012-07-08 21:00:00+00:00,HAKKARİ,30,26.028,16.828001,0.0,11.885453,0.0,35.70493,812.8572,29.36,Clear sky
2012-07-09 21:00:00+00:00,HAKKARİ,30,25.678,17.278,0.0,12.287555,1.0,43.192505,816.7678,27.96,Mainly clear
2012-07-10 21:00:00+00:00,HAKKARİ,30,27.878,15.478,0.0,9.360001,1.0,39.160095,818.54126,28.72,Mainly clear
2012-07-11 21:00:00+00:00,HAKKARİ,30,28.228,16.678,0.0,10.239453,2.0,38.308544,817.707,25.43,Partly cloudy
2012-07-12 21:00:00+00:00,HAKKARİ,30,29.178,17.678,0.0,9.826088,2.0,35.754353,818.85443,26.14,Partly cloudy
2012-07-13 21:00:00+00:00,HAKKARİ,30,30.028,18.378,0.0,10.041354,0.0,31.5663,818.6828,27.46,Clear sky
2012-07-14 21:00:00+00:00,HAKKARİ,30,27.078,17.278,0.8000001,8.4963045,51.0,47.567978,816.88055,25.66,Drizzle: Light
2012-07-15 21:00:00+00:00,HAKKARİ,30,27.178,13.378,0.0,10.495713,2.0,52.339024,816.9527,25.65,Partly cloudy
2012-07-16 21:00:00+00:00,HAKKARİ,30,28.978,14.328,0.0,9.793058,3.0,47.385098,817.9223,25.78,Overcast
2012-07-17 21:00:00+00:00,HAKKARİ,30,28.878,17.928,0.0,8.311245,2.0,40.26154,820.3684,25.87,Partly cloudy
2012-07-18 21:00:00+00:00,HAKKARİ,30,31.428,20.478,0.0,10.495713,2.0,30.69518,820.843,28.88,Partly cloudy
2012-07-19 21:00:00+00:00,HAKKARİ,30,30.128,17.978,0.0,9.6932955,1.0,39.916462,820.4864,28.4,Mainly clear
2012-07-20 21:00:00+00:00,HAKKARİ,30,27.978,15.228,0.3,10.028439,51.0,53.32549,819.5485,25.94,Drizzle: Light
2012-07-21 21:00:00+00:00,HAKKARİ,30,30.828,15.628,0.0,8.766573,3.0,44.165634,821.03265,25.77,Overcast
2012-07-22 21:00:00+00:00,HAKKARİ,30,31.728,16.678,0.0,8.473393,3.0,36.4901,822.89984,26.28,Overcast
2012-07-23 21:00:00+00:00,HAKKARİ,30,32.528,17.628,0.0,8.707238,3.0,33.13017,822.32086,25.82,Overcast
2012-07-24 21:00:00+00:00,HAKKARİ,30,29.228,17.778,0.0,9.0,1.0,38.199978,822.1386,25.86,Mainly clear
2012-07-25 21:00:00+00:00,HAKKARİ,30,30.178,15.6779995,0.0,9.793058,1.0,32.824482,821.28,26.98,Mainly clear
2012-07-26 21:00:00+00:00,HAKKARİ,30,30.628,20.378,0.0,9.83268,2.0,25.99492,819.34784,24.31,Partly cloudy
2012-07-27 21:00:00+00:00,HAKKARİ,30,30.878,20.978,0.0,11.542478,2.0,24.52722,817.792,25.97,Partly cloudy
2012-07-28 21:00:00+00:00,HAKKARİ,30,27.778,20.428,0.0,12.074766,2.0,35.613235,817.1494,22.58,Partly cloudy
2012-07-29 21:00:00+00:00,HAKKARİ,30,27.278,19.378,0.2,13.104198,51.0,41.757202,817.8201,24.24,Drizzle: Light
2012-07-30 21:00:00+00:00,HAKKARİ,30,30.528,16.528,0.0,16.09969,2.0,34.136204,817.68854,27.86,Partly cloudy
2012-07-31 21:00:00+00:00,HAKKARİ,30,25.878,19.478,0.3,8.311245,51.0,43.37356,818.80597,23.03,Drizzle: Light
2012-08-01 21:00:00+00:00,HAKKARİ,30,29.278,17.778,0.0,10.685391,2.0,39.02103,821.4553,27.34,Partly cloudy
2012-08-02 21:00:00+00:00,HAKKARİ,30,30.328,18.628,0.0,9.826088,0.0,31.041153,821.134,27.38,Clear sky
2012-08-03 21:00:00+00:00,HAKKARİ,30,31.728,17.828001,0.0,11.367109,0.0,33.981716,818.21735,28.11,Clear sky
2012-08-04 21:00:00+00:00,HAKKARİ,30,31.378,18.828,0.0,12.682018,0.0,37.074963,817.45135,28.46,Clear sky
2012-08-05 21:00:00+00:00,HAKKARİ,30,31.078,19.878,0.0,14.561099,0.0,31.58705,816.8095,28.92,Clear sky
2012-08-06 21:00:00+00:00,HAKKARİ,30,29.578,18.378,0.0,11.879999,0.0,29.818335,817.2771,28.96,Clear sky
2012-08-07 21:00:00+00:00,HAKKARİ,30,29.428,18.878,0.0,10.239453,0.0,33.325737,819.7363,28.38,Clear sky
2012-08-08 21:00:00+00:00,HAKKARİ,30,29.478,16.378,0.0,12.738099,0.0,33.180412,819.3466,28.9,Clear sky
2012-08-09 21:00:00+00:00,HAKKARİ,30,29.428,16.728,0.0,10.538843,0.0,26.894274,818.20355,28.61,Clear sky
2012-08-10 21:00:00+00:00,HAKKARİ,30,30.428,17.578001,0.0,10.24578,1.0,30.903069,818.8052,26.81,Mainly clear
2012-08-11 21:00:00+00:00,HAKKARİ,30,30.528,19.428,0.0,12.324414,0.0,31.541754,819.2288,27.92,Clear sky
2012-08-12 21:00:00+00:00,HAKKARİ,30,29.778,19.478,0.0,10.446206,0.0,30.10862,818.54803,28.27,Clear sky
2012-08-13 21:00:00+00:00,HAKKARİ,30,30.828,18.478,0.0,12.015589,0.0,27.807945,819.2876,28.47,Clear sky
2012-08-14 21:00:00+00:00,HAKKARİ,30,31.628,20.178,0.0,13.698934,1.0,27.03692,819.3781,27.27,Mainly clear
2012-08-15 21:00:00+00:00,HAKKARİ,30,30.478,19.478,0.0,12.24,0.0,27.411901,818.82544,28.02,Clear sky
2012-08-16 21:00:00+00:00,HAKKARİ,30,29.428,17.228,0.0,10.446206,0.0,26.28816,818.35004,28.27,Clear sky
2012-08-17 21:00:00+00:00,HAKKARİ,30,28.978,17.278,0.0,11.165805,0.0,28.79484,819.72943,27.96,Clear sky
2012-08-18 21:00:00+00:00,HAKKARİ,30,28.628,16.878,0.0,10.787993,0.0,30.539576,820.712,27.63,Clear sky
2012-08-19 21:00:00+00:00,HAKKARİ,30,28.328,14.978,0.0,11.525623,0.0,28.359251,818.7177,27.86,Clear sky
2012-08-20 21:00:00+00:00,HAKKARİ,30,28.128,15.9279995,0.0,10.483357,0.0,26.225908,818.6436,27.74,Clear sky
2012-08-21 21:00:00+00:00,HAKKARİ,30,28.878,15.628,0.0,9.6932955,0.0,28.00738,819.0564,27.0,Clear sky
2012-08-22 21:00:00+00:00,HAKKARİ,30,27.678,14.278,0.0,9.793058,1.0,41.86231,818.6096,25.12,Mainly clear
2012-08-23 21:00:00+00:00,HAKKARİ,30,29.678,12.128,0.0,10.787993,2.0,47.202225,819.48505,25.23,Partly cloudy
2012-08-24 21:00:00+00:00,HAKKARİ,30,30.028,15.728,0.0,10.390226,2.0,37.993412,820.7522,23.4,Partly cloudy
2012-08-25 21:00:00+00:00,HAKKARİ,30,30.078,17.878,0.0,8.12197,2.0,37.620792,821.7507,23.11,Partly cloudy
2012-08-26 21:00:00+00:00,HAKKARİ,30,29.428,20.578,0.4,5.6002855,51.0,36.256805,819.946,22.41,Drizzle: Light
2012-08-27 21:00:00+00:00,HAKKARİ,30,29.728,19.728,0.0,12.413476,3.0,33.404133,818.32904,23.05,Overcast
2012-08-28 21:00:00+00:00,HAKKARİ,30,29.628,19.528,0.0,12.496719,3.0,25.659662,818.76465,21.82,Overcast
2012-08-29 21:00:00+00:00,HAKKARİ,30,27.778,19.528,0.0,11.212135,0.0,30.448769,820.79315,24.52,Clear sky
2012-08-30 21:00:00+00:00,HAKKARİ,30,25.928,17.928,0.0,10.8955765,0.0,31.231802,819.7539,24.62,Clear sky
2012-08-31 21:00:00+00:00,HAKKARİ,30,25.928,13.628,0.0,11.212135,1.0,35.31612,818.50665,23.14,Mainly clear
2012-09-01 21:00:00+00:00,HAKKARİ,30,22.928,12.1779995,2.8999999,8.654986,53.0,63.35341,818.9941,18.4,Drizzle: Moderate
2012-09-02 21:00:00+00:00,HAKKARİ,30,20.978,11.778,2.3,10.739832,51.0,71.68523,818.6136,21.38,Drizzle: Light
2012-09-03 21:00:00+00:00,HAKKARİ,30,24.178,9.628,0.0,10.163227,2.0,58.813946,818.2534,22.67,Partly cloudy
2012-09-04 21:00:00+00:00,HAKKARİ,30,27.378,12.328,0.0,9.47012,2.0,42.62612,819.1941,24.24,Partly cloudy
2012-09-05 21:00:00+00:00,HAKKARİ,30,28.028,15.278,0.0,7.8954163,0.0,36.594177,820.1087,24.11,Clear sky
2012-09-06 21:00:00+00:00,HAKKARİ,30,27.928,17.328001,0.0,10.308831,0.0,30.905092,819.23346,24.65,Clear sky
2012-09-07 21:00:00+00:00,HAKKARİ,30,26.178,16.078001,0.0,11.5199995,0.0,28.950853,817.46063,24.35,Clear sky
2012-09-08 21:00:00+00:00,HAKKARİ,30,25.328,14.4279995,0.0,10.805998,2.0,36.057384,817.88153,23.03,Partly cloudy
2012-09-09 21:00:00+00:00,HAKKARİ,30,25.078,13.328,1.2,10.144082,53.0,45.832676,818.37744,19.7,Drizzle: Moderate
2012-09-10 21:00:00+00:00,HAKKARİ,30,23.278,9.178,0.6,9.449572,51.0,66.2062,818.09845,19.95,Drizzle: Light
2012-09-11 21:00:00+00:00,HAKKARİ,30,21.678,10.828,0.4,8.557102,51.0,62.07239,818.73486,19.39,Drizzle: Light
2012-09-12 21:00:00+00:00,HAKKARİ,30,24.128,8.928,0.0,9.659814,3.0,52.760357,819.4191,19.0,Overcast
2012-09-13 21:00:00+00:00,HAKKARİ,30,25.128,12.828,0.0,8.39657,0.0,36.801254,819.9556,23.18,Clear sky
2012-09-14 21:00:00+00:00,HAKKARİ,30,26.178,12.278,0.0,7.69592,1.0,35.266285,818.26654,22.46,Mainly clear
2012-09-15 21:00:00+00:00,HAKKARİ,30,26.428,12.278,0.0,9.255571,0.0,43.50043,819.79034,22.38,Clear sky
2012-09-16 21:00:00+00:00,HAKKARİ,30,26.928,13.578,0.0,8.557102,0.0,35.985065,820.2078,22.44,Clear sky
2012-09-17 21:00:00+00:00,HAKKARİ,30,26.128,14.878,0.0,9.114471,0.0,26.920746,819.98566,22.72,Clear sky
2012-09-18 21:00:00+00:00,HAKKARİ,30,24.478,13.778,0.0,9.793058,0.0,26.719063,819.4279,22.62,Clear sky
2012-09-19 21:00:00+00:00,HAKKARİ,30,23.628,11.628,0.0,10.948973,0.0,35.943325,819.8811,22.19,Clear sky
2012-09-20 21:00:00+00:00,HAKKARİ,30,23.778,10.278,0.0,10.587918,0.0,32.303715,820.7427,22.22,Clear sky
2012-09-21 21:00:00+00:00,HAKKARİ,30,23.878,12.028,0.0,13.281023,0.0,38.51878,821.103,21.12,Clear sky
2012-09-22 21:00:00+00:00,HAKKARİ,30,23.678,14.278,0.0,13.044722,1.0,40.162937,820.106,20.48,Mainly clear
2012-09-23 21:00:00+00:00,HAKKARİ,30,24.278,9.578,0.0,7.69592,0.0,37.969418,818.7259,21.27,Clear sky
2012-09-24 21:00:00+00:00,HAKKARİ,30,24.728,12.478,0.0,8.049845,0.0,33.818943,819.9634,21.19,Clear sky
2012-09-25 21:00:00+00:00,HAKKARİ,30,24.478,12.128,0.0,8.759178,0.0,28.882177,821.1684,21.4,Clear sky
2012-09-26 21:00:00+00:00,HAKKARİ,30,23.978,10.778,0.0,9.9571085,0.0,27.990808,822.743,21.15,Clear sky
2012-09-27 21:00:00+00:00,HAKKARİ,30,23.828,9.978,0.0,6.849467,1.0,36.406055,824.2314,18.74,Mainly clear
2012-09-28 21:00:00+00:00,HAKKARİ,30,24.578,8.928,0.0,9.47012,0.0,34.278584,825.4019,20.98,Clear sky
2012-09-29 21:00:00+00:00,HAKKARİ,30,25.278,9.428,0.0,7.5599995,2.0,27.414183,824.97186,20.3,Partly cloudy
2012-09-30 21:00:00+00:00,HAKKARİ,30,25.428,11.778,0.0,7.7879906,3.0,26.693039,826.19037,18.05,Overcast
2012-10-01 21:00:00+00:00,HAKKARİ,30,25.328,11.728,0.0,8.225035,3.0,29.434572,826.36566,18.23,Overcast
2012-10-02 21:00:00+00:00,HAKKARİ,30,24.828,14.128,0.0,7.2359104,3.0,37.975582,823.8852,17.13,Overcast
2012-10-03 21:00:00+00:00,HAKKARİ,30,23.078,12.628,0.3,12.261157,51.0,47.322117,820.28156,17.74,Drizzle: Light
2012-10-04 21:00:00+00:00,HAKKARİ,30,20.478,13.228,0.0,11.792404,1.0,39.969418,820.4826,19.15,Mainly clear
2012-10-05 21:00:00+00:00,HAKKARİ,30,21.178,8.978,0.0,9.826088,3.0,39.484283,822.1396,17.91,Overcast
2012-10-06 21:00:00+00:00,HAKKARİ,30,19.328,12.1779995,0.5,9.826088,51.0,44.750843,823.6275,15.17,Drizzle: Light
2012-10-07 21:00:00+00:00,HAKKARİ,30,17.678,10.6779995,4.0,11.165805,53.0,64.47941,820.4697,12.25,Drizzle: Moderate
2012-10-08 21:00:00+00:00,HAKKARİ,30,15.828,10.278,1.0,10.990322,51.0,62.952206,817.05646,15.35,Drizzle: Light
2012-10-09 21:00:00+00:00,HAKKARİ,30,16.928,8.578,0.0,10.315115,3.0,61.56544,819.14966,16.74,Overcast
2012-10-10 21:00:00+00:00,HAKKARİ,30,18.378,8.828,7.2000003,9.114471,61.0,69.913475,820.03876,13.04,Rain: Slight
2012-10-11 21:00:00+00:00,HAKKARİ,30,14.9279995,8.428,6.2,9.227524,61.0,73.913994,817.9688,14.82,Rain: Slight
2012-10-12 21:00:00+00:00,HAKKARİ,30,18.628,3.2280002,0.0,9.007196,3.0,57.964367,820.0972,17.78,Overcast
2012-10-13 21:00:00+00:00,HAKKARİ,30,18.828,8.578,0.0,6.87779,3.0,46.568024,821.2734,17.9,Overcast
2012-10-14 21:00:00+00:00,HAKKARİ,30,19.278,6.528,0.0,6.5693827,0.0,43.34329,821.9987,17.88,Clear sky
2012-10-15 21:00:00+00:00,HAKKARİ,30,20.278,6.528,0.0,6.849467,1.0,44.91132,822.863,16.98,Mainly clear
2012-10-16 21:00:00+00:00,HAKKARİ,30,18.378,7.828,0.1,7.2805495,51.0,52.39728,821.8703,15.55,Drizzle: Light
2012-10-17 21:00:00+00:00,HAKKARİ,30,17.178,4.1780005,4.1,8.654986,61.0,80.984535,819.36884,12.77,Rain: Slight
2012-10-18 21:00:00+00:00,HAKKARİ,30,16.178,2.8780003,2.7,8.905908,61.0,79.54255,820.21234,13.76,Rain: Slight
2012-10-19 21:00:00+00:00,HAKKARİ,30,13.828,2.4280002,2.4,7.69592,53.0,82.22571,820.9504,10.54,Drizzle: Moderate
2012-10-20 21:00:00+00:00,HAKKARİ,30,14.878,2.828,0.6,5.506941,51.0,81.97654,821.0445,12.28,Drizzle: Light
2012-10-21 21:00:00+00:00,HAKKARİ,30,16.178,1.6280001,2.2999997,8.049845,53.0,78.9553,820.41,12.47,Drizzle: Moderate
2012-10-22 21:00:00+00:00,HAKKARİ,30,12.728,8.178,9.599999,6.725354,55.0,89.596245,818.4864,10.19,Drizzle: Dense
2012-10-23 21:00:00+00:00,HAKKARİ,30,13.9279995,7.3780003,0.0,10.587918,3.0,76.28637,819.5235,11.25,Overcast
2012-10-24 21:00:00+00:00,HAKKARİ,30,9.428,7.078,10.3,5.2416787,55.0,90.78506,816.507,3.83,Drizzle: Dense
2012-10-25 21:00:00+00:00,HAKKARİ,30,10.728,6.278,7.4999995,7.5599995,55.0,95.55417,813.96625,7.8,Drizzle: Dense
2012-10-26 21:00:00+00:00,HAKKARİ,30,10.728,5.328,5.4,6.12,55.0,92.95969,815.2495,8.91,Drizzle: Dense
2012-10-27 21:00:00+00:00,HAKKARİ,30,12.228,0.7780001,0.6,5.4833565,51.0,77.409355,817.32684,12.67,Drizzle: Light
2012-10-28 21:00:00+00:00,HAKKARİ,30,15.1779995,2.128,0.0,6.4799995,0.0,62.058727,817.9393,15.51,Clear sky
2012-10-29 21:00:00+00:00,HAKKARİ,30,14.978,5.4280005,0.0,7.0911775,3.0,59.71001,818.0821,15.13,Overcast
2012-10-30 21:00:00+00:00,HAKKARİ,30,16.128,0.6780001,0.0,6.379216,3.0,71.40138,818.5339,14.55,Overcast
2012-10-31 21:00:00+00:00,HAKKARİ,30,16.428,6.4280005,0.3,7.491114,51.0,59.83905,820.29486,12.33,Drizzle: Light
2012-11-01 21:00:00+00:00,HAKKARİ,30,16.028,2.528,0.0,9.531505,3.0,65.52213,818.71844,14.27,Overcast
2012-11-02 21:00:00+00:00,HAKKARİ,30,12.578,5.228,2.8000002,5.315336,55.0,80.35644,819.1779,8.15,Drizzle: Dense
2012-11-03 21:00:00+00:00,HAKKARİ,30,14.628,1.6780001,0.9,6.12,53.0,82.841545,818.84174,11.46,Drizzle: Moderate
2012-11-04 21:00:00+00:00,HAKKARİ,30,14.828,5.028,0.0,7.8954163,3.0,73.18171,819.4914,12.41,Overcast
2012-11-05 21:00:00+00:00,HAKKARİ,30,13.528,1.1280001,0.0,6.989936,3.0,73.8995,818.06976,12.53,Overcast
2012-11-06 21:00:00+00:00,HAKKARİ,30,14.128,2.1780002,0.0,6.489992,3.0,61.598476,817.98145,14.12,Overcast
2012-11-07 21:00:00+00:00,HAKKARİ,30,12.978,4.3780003,0.0,7.42159,3.0,70.03246,817.074,13.1,Overcast
2012-11-08 21:00:00+00:00,HAKKARİ,30,14.778,5.6280003,1.5,8.64,53.0,74.27979,817.8408,10.91,Drizzle: Moderate
2012-11-09 21:00:00+00:00,HAKKARİ,30,8.228,5.228,29.7,6.0347,71.0,95.77405,815.7312,1.86,Snow fall: Slight
2012-11-10 21:00:00+00:00,HAKKARİ,30,10.1779995,5.828,10.400001,6.638072,61.0,93.967995,817.6082,6.17,Rain: Slight
2012-11-11 21:00:00+00:00,HAKKARİ,30,5.478,1.9280001,28.000004,9.021574,75.0,94.0422,815.0305,3.27,Snow fall: Heavy
2012-11-12 21:00:00+00:00,HAKKARİ,30,5.328,0.22800016,1.4000001,8.905908,71.0,83.53144,812.2795,10.31,Snow fall: Slight
2012-11-13 21:00:00+00:00,HAKKARİ,30,6.328,-2.222,0.0,8.759178,3.0,83.20755,811.46063,9.93,Overcast
2012-11-14 21:00:00+00:00,HAKKARİ,30,8.728,-4.7720003,0.0,7.92,3.0,73.743546,815.30096,11.85,Overcast
2012-11-15 21:00:00+00:00,HAKKARİ,30,10.378,-2.8219998,0.0,8.64,0.0,58.16184,818.7614,13.38,Clear sky
2012-11-16 21:00:00+00:00,HAKKARİ,30,9.378,-3.8219998,0.0,6.849467,3.0,54.3156,818.38916,12.62,Overcast
2012-11-17 21:00:00+00:00,HAKKARİ,30,9.178,-1.5719998,0.0,7.072878,3.0,53.957043,816.6518,11.85,Overcast
2012-11-18 21:00:00+00:00,HAKKARİ,30,6.6280003,-0.67199993,2.1999998,8.473393,73.0,76.53916,814.33685,6.7,Snow fall: Moderate
2012-11-19 21:00:00+00:00,HAKKARİ,30,8.728,0.5280001,0.0,8.654986,3.0,79.911316,815.4279,8.52,Overcast
2012-11-20 21:00:00+00:00,HAKKARİ,30,7.8780003,-1.122,1.0,7.6367526,51.0,84.23205,815.6392,8.39,Drizzle: Light
2012-11-21 21:00:00+00:00,HAKKARİ,30,8.128,0.72800016,0.0,5.8603754,3.0,80.545006,816.05316,9.33,Overcast
2012-11-22 21:00:00+00:00,HAKKARİ,30,7.278,0.47800016,0.90000004,7.289444,71.0,84.05534,815.46124,7.2,Snow fall: Slight
2012-11-23 21:00:00+00:00,HAKKARİ,30,6.4779997,0.57800007,2.0,6.9527545,73.0,89.17578,813.6413,6.72,Snow fall: Moderate
2012-11-24 21:00:00+00:00,HAKKARİ,30,6.1280003,0.028000116,4.3,5.1544156,73.0,92.06629,813.1196,5.91,Snow fall: Moderate
2012-11-25 21:00:00+00:00,HAKKARİ,30,3.7280002,0.57800007,8.200001,4.68,73.0,93.733925,811.9239,5.6,Snow fall: Moderate
2012-11-26 21:00:00+00:00,HAKKARİ,30,5.828,-5.422,0.0,7.208994,3.0,80.598404,812.4868,10.31,Overcast
2012-11-27 21:00:00+00:00,HAKKARİ,30,6.278,-9.472,0.0,7.2359104,0.0,60.710693,814.7671,12.06,Clear sky
2012-11-28 21:00:00+00:00,HAKKARİ,30,7.6280003,-3.622,0.0,6.489992,3.0,49.29323,815.507,11.98,Overcast
2012-11-29 21:00:00+00:00,HAKKARİ,30,7.2279997,-2.472,0.0,4.6938252,3.0,48.69643,816.7871,9.13,Overcast
2012-11-30 21:00:00+00:00,HAKKARİ,30,11.528,-2.622,0.0,7.928178,3.0,48.94692,817.0577,11.59,Overcast
2012-12-01 21:00:00+00:00,HAKKARİ,30,12.728,-2.4219997,0.0,7.208994,0.0,55.746525,816.17334,11.28,Clear sky
2012-12-02 21:00:00+00:00,HAKKARİ,30,11.878,-1.4219999,0.0,5.0528407,3.0,59.367733,815.0068,11.07,Overcast
2012-12-03 21:00:00+00:00,HAKKARİ,30,4.528,-0.07199979,4.4,10.08,73.0,80.83178,810.2466,6.31,Snow fall: Moderate
2012-12-04 21:00:00+00:00,HAKKARİ,30,0.12800014,-2.5719998,36.199997,6.830519,75.0,96.215675,806.1785,3.81,Snow fall: Heavy
2012-12-05 21:00:00+00:00,HAKKARİ,30,-0.47199988,-8.922,0.2,6.439876,71.0,88.66334,809.5539,9.72,Snow fall: Slight
2012-12-06 21:00:00+00:00,HAKKARİ,30,1.6280001,-2.8219998,22.599998,5.771239,75.0,95.6948,813.7217,4.34,Snow fall: Heavy
2012-12-07 21:00:00+00:00,HAKKARİ,30,1.6280001,0.17800009,38.5,4.2136917,75.0,97.42159,812.5544,2.26,Snow fall: Heavy
2012-12-08 21:00:00+00:00,HAKKARİ,30,1.7280002,-5.922,0.0,5.771239,3.0,79.14478,814.9068,8.59,Overcast
2012-12-09 21:00:00+00:00,HAKKARİ,30,2.828,-6.0720005,0.0,6.130579,3.0,61.125072,810.2708,10.33,Overcast
2012-12-10 21:00:00+00:00,HAKKARİ,30,0.4280001,-3.522,6.2999997,3.7064266,73.0,85.003456,807.66895,7.07,Snow fall: Moderate
2012-12-11 21:00:00+00:00,HAKKARİ,30,3.778,-10.622,0.0,7.5685663,3.0,72.96006,811.04144,10.87,Overcast
2012-12-12 21:00:00+00:00,HAKKARİ,30,3.328,-5.0220003,0.0,6.12,3.0,58.466015,811.03107,10.18,Overcast
2012-12-13 21:00:00+00:00,HAKKARİ,30,1.5780001,-6.6219997,0.0,5.4477882,3.0,61.47328,810.8388,11.3,Overcast
2012-12-14 21:00:00+00:00,HAKKARİ,30,-0.52199984,-10.872,0.0,5.4119864,3.0,82.57629,811.2293,10.05,Overcast
2012-12-15 21:00:00+00:00,HAKKARİ,30,-2.622,-7.3719997,2.2,4.802999,73.0,87.092445,810.8411,6.9,Snow fall: Moderate
2012-12-16 21:00:00+00:00,HAKKARİ,30,-4.222,-10.272,0.0,6.638072,71.0,86.973305,813.718,7.92,Snow fall: Slight
2012-12-17 21:00:00+00:00,HAKKARİ,30,-1.8219998,-6.8719997,3.4000003,4.3498964,73.0,92.72031,817.0569,5.04,Snow fall: Moderate
2012-12-18 21:00:00+00:00,HAKKARİ,30,0.32800007,-3.372,16.6,3.396233,75.0,95.32366,816.8067,3.41,Snow fall: Heavy
2012-12-19 21:00:00+00:00,HAKKARİ,30,1.3280001,-0.7219999,35.600002,4.1046314,75.0,96.8225,810.249,2.74,Snow fall: Heavy
2012-12-20 21:00:00+00:00,HAKKARİ,30,0.37800014,-1.7219999,22.100002,4.3349743,75.0,95.375,806.2861,2.87,Snow fall: Heavy
2012-12-21 21:00:00+00:00,HAKKARİ,30,0.22800016,-3.0719998,4.899999,7.5170207,73.0,93.0828,812.94305,7.55,Snow fall: Moderate
2012-12-22 21:00:00+00:00,HAKKARİ,30,1.4780002,-2.872,1.3000001,6.193674,71.0,90.21301,816.95953,7.12,Snow fall: Slight
2012-12-23 21:00:00+00:00,HAKKARİ,30,1.1280001,-3.772,2.0,6.439876,73.0,94.73377,814.7715,6.49,Snow fall: Moderate
2012-12-24 21:00:00+00:00,HAKKARİ,30,4.778,-3.972,0.0,10.182337,3.0,81.56544,812.732,10.62,Overcast
2012-12-25 21:00:00+00:00,HAKKARİ,30,-1.3219998,-9.472,0.0,13.084402,3.0,73.2621,813.17017,11.4,Overcast
2012-12-26 21:00:00+00:00,HAKKARİ,30,3.9780002,-13.5720005,0.0,13.084402,0.0,52.79268,812.6721,11.83,Clear sky
2012-12-27 21:00:00+00:00,HAKKARİ,30,3.528,-7.8719997,0.0,9.72,3.0,25.305191,813.2963,11.82,Overcast
2012-12-28 21:00:00+00:00,HAKKARİ,30,2.528,-4.672,0.0,3.6,3.0,31.954086,813.6704,11.53,Overcast
2012-12-29 21:00:00+00:00,HAKKARİ,30,-1.0719998,-8.372,0.0,3.9763298,0.0,70.723366,812.4565,11.19,Clear sky
2012-12-30 21:00:00+00:00,HAKKARİ,30,-0.22199988,-14.521999,0.0,8.28,3.0,66.64226,811.0201,11.54,Overcast
2012-12-31 21:00:00+00:00,HAKKARİ,30,1.0780001,-7.8719997,0.0,5.04,0.0,37.964523,812.8338,11.83,Clear sky
2013-01-01 21:00:00+00:00,HAKKARİ,30,1.6780001,-10.772,0.0,6.489992,0.0,50.939404,813.95905,11.62,Clear sky
2013-01-02 21:00:00+00:00,HAKKARİ,30,1.9780002,-12.672,0.0,7.5599995,0.0,57.355625,814.2443,11.84,Clear sky
2013-01-03 21:00:00+00:00,HAKKARİ,30,0.37800014,-10.022,0.0,6.12,3.0,51.17331,811.5561,11.59,Overcast
2013-01-04 21:00:00+00:00,HAKKARİ,30,-2.472,-7.2720003,3.1999998,3.4152596,73.0,73.87894,808.00726,9.67,Snow fall: Moderate
2013-01-05 21:00:00+00:00,HAKKARİ,30,-1.9719999,-5.3719997,29.300001,5.8048253,75.0,95.10415,805.4014,3.64,Snow fall: Heavy
2013-01-06 21:00:00+00:00,HAKKARİ,30,-1.122,-4.5719995,53.899998,5.8603754,75.0,95.59803,802.992,3.8,Snow fall: Heavy
2013-01-07 21:00:00+00:00,HAKKARİ,30,-3.222,-4.972,33.3,7.2,75.0,93.92196,803.93286,2.97,Snow fall: Heavy
2013-01-08 21:00:00+00:00,HAKKARİ,30,-2.4219997,-6.222,74.69999,8.766573,75.0,95.022316,800.4328,1.54,Snow fall: Heavy
2013-01-09 21:00:00+00:00,HAKKARİ,30,-5.8719997,-8.472,11.400001,8.905908,73.0,87.52668,801.4122,6.34,Snow fall: Moderate
2013-01-10 21:00:00+00:00,HAKKARİ,30,-7.672,-14.021999,0.0,5.815978,3.0,79.48174,813.8466,11.31,Overcast
2013-01-11 21:00:00+00:00,HAKKARİ,30,-3.1719997,-19.172,0.0,7.69592,3.0,61.798553,815.2767,12.58,Overcast
2013-01-12 21:00:00+00:00,HAKKARİ,30,-0.67199993,-13.722,0.0,7.2359104,3.0,64.6248,811.7723,12.07,Overcast
2013-01-13 21:00:00+00:00,HAKKARİ,30,0.5280001,-16.322,0.0,7.2359104,3.0,75.393745,810.6983,12.7,Overcast
2013-01-14 21:00:00+00:00,HAKKARİ,30,-1.5719998,-16.722,0.0,8.647496,0.0,66.05204,812.76764,13.26,Clear sky
2013-01-15 21:00:00+00:00,HAKKARİ,30,1.0780001,-16.772,0.0,8.64,3.0,45.027927,814.2959,13.49,Overcast
2013-01-16 21:00:00+00:00,HAKKARİ,30,-0.92199993,-7.5220003,0.0,5.4119864,3.0,29.560595,814.7856,10.13,Overcast
2013-01-17 21:00:00+00:00,HAKKARİ,30,0.6780001,-7.3220005,0.0,4.3349743,3.0,42.892975,814.37054,13.1,Overcast
2013-01-18 21:00:00+00:00,HAKKARİ,30,0.7780001,-5.172,0.0,3.7585104,3.0,44.998,814.4715,13.1,Overcast
2013-01-19 21:00:00+00:00,HAKKARİ,30,-0.872,-3.772,6.5,4.8965297,73.0,88.87127,813.3933,4.32,Snow fall: Moderate
2013-01-20 21:00:00+00:00,HAKKARİ,30,2.378,-7.7720003,0.0,5.4477882,3.0,74.8479,813.86835,12.47,Overcast
2013-01-21 21:00:00+00:00,HAKKARİ,30,3.8780003,-5.8219995,0.0,5.4477882,3.0,74.41833,814.69464,13.33,Overcast
2013-01-22 21:00:00+00:00,HAKKARİ,30,0.6780001,-2.4219997,2.9,4.8965297,73.0,88.250175,814.4141,4.73,Snow fall: Moderate
2013-01-23 21:00:00+00:00,HAKKARİ,30,2.7280002,-1.4719999,1.9000001,5.506941,73.0,89.92008,814.3354,10.58,Snow fall: Moderate
2013-01-24 21:00:00+00:00,HAKKARİ,30,2.378,-2.622,8.299999,7.5942073,75.0,91.42352,813.3179,9.1,Snow fall: Heavy
2013-01-25 21:00:00+00:00,HAKKARİ,30,3.778,-0.872,1.4000001,5.815978,71.0,90.19702,814.73584,9.03,Snow fall: Slight
2013-01-26 21:00:00+00:00,HAKKARİ,30,2.4280002,0.72800016,58.0,5.1919937,75.0,98.36234,812.541,1.31,Snow fall: Heavy
2013-01-27 21:00:00+00:00,HAKKARİ,30,4.078,0.5280001,7.8999996,5.904439,75.0,82.4625,810.3475,11.64,Snow fall: Heavy
2013-01-28 21:00:00+00:00,HAKKARİ,30,3.3780003,-1.1719999,24.3,6.830519,75.0,93.16738,801.61456,5.63,Snow fall: Heavy
2013-01-29 21:00:00+00:00,HAKKARİ,30,0.7780001,-3.522,2.6000001,7.9526596,73.0,90.57828,808.2361,9.72,Snow fall: Moderate
2013-01-30 21:00:00+00:00,HAKKARİ,30,0.37800014,-2.872,22.3,4.6938252,75.0,92.5487,804.404,6.22,Snow fall: Heavy
2013-01-31 21:00:00+00:00,HAKKARİ,30,-0.5719998,-3.5719998,7.200001,6.4799995,73.0,92.18549,805.04095,6.52,Snow fall: Moderate
2013-02-01 21:00:00+00:00,HAKKARİ,30,-0.67199993,-5.722,13.2,7.8625183,75.0,89.09243,808.08905,6.49,Snow fall: Heavy
2013-02-02 21:00:00+00:00,HAKKARİ,30,2.4280002,-12.422,0.0,9.422101,0.0,52.892773,815.31494,15.36,Clear sky
2013-02-03 21:00:00+00:00,HAKKARİ,30,8.128,-9.3220005,0.0,6.87779,0.0,51.335262,815.31055,15.79,Clear sky
2013-02-04 21:00:00+00:00,HAKKARİ,30,6.9280005,-1.5219998,0.0,5.7599998,3.0,39.089485,815.9685,14.5,Overcast
2013-02-05 21:00:00+00:00,HAKKARİ,30,4.1780005,-1.622,4.7,4.39436,75.0,49.12315,815.61176,14.99,Snow fall: Heavy
2013-02-06 21:00:00+00:00,HAKKARİ,30,1.2780001,-1.9719999,18.000002,5.1165614,75.0,93.070656,814.79517,5.49,Snow fall: Heavy
2013-02-07 21:00:00+00:00,HAKKARİ,30,5.028,-1.9719999,0.0,5.7599998,3.0,75.441505,816.5048,15.72,Overcast
2013-02-08 21:00:00+00:00,HAKKARİ,30,4.328,-1.622,0.0,3.2599385,2.0,64.09041,815.63086,11.53,Partly cloudy
2013-02-09 21:00:00+00:00,HAKKARİ,30,5.4280005,-2.5719998,0.0,6.849467,3.0,79.49239,813.687,14.48,Overcast
2013-02-10 21:00:00+00:00,HAKKARİ,30,4.9280005,0.82800007,0.2,6.924738,71.0,89.290474,811.0564,13.18,Snow fall: Slight
2013-02-11 21:00:00+00:00,HAKKARİ,30,2.578,-1.4219999,8.6,6.830519,75.0,89.40433,809.15985,12.99,Snow fall: Heavy
2013-02-12 21:00:00+00:00,HAKKARİ,30,3.9780002,-5.3219995,0.0,7.208994,3.0,77.81306,813.80493,16.16,Overcast
2013-02-13 21:00:00+00:00,HAKKARİ,30,7.328,-10.122,0.0,7.5685663,3.0,57.39598,814.9559,17.49,Overcast
2013-02-14 21:00:00+00:00,HAKKARİ,30,5.078,-1.122,2.0,6.924738,73.0,49.16245,812.72534,14.17,Snow fall: Moderate
2013-02-15 21:00:00+00:00,HAKKARİ,30,1.7780001,-3.1719997,11.6,7.729527,75.0,88.08323,808.45856,14.88,Snow fall: Heavy
2013-02-16 21:00:00+00:00,HAKKARİ,30,0.72800016,-2.9219997,4.5,8.557102,73.0,90.331604,809.8565,12.82,Snow fall: Moderate
2013-02-17 21:00:00+00:00,HAKKARİ,30,1.0280001,-3.6719997,1.7,8.12197,73.0,86.61825,809.9819,15.75,Snow fall: Moderate
2013-02-18 21:00:00+00:00,HAKKARİ,30,0.9280001,-3.872,12.199999,7.729527,75.0,88.58365,810.7829,12.83,Snow fall: Heavy
2013-02-19 21:00:00+00:00,HAKKARİ,30,0.32800007,-6.722,0.0,7.729527,3.0,84.47527,812.0234,15.13,Overcast
2013-02-20 21:00:00+00:00,HAKKARİ,30,1.6280001,-4.222,3.1999998,7.2,73.0,84.8004,813.6995,10.65,Snow fall: Moderate
2013-02-21 21:00:00+00:00,HAKKARİ,30,4.528,-8.772,0.0,7.5685663,3.0,62.691116,812.4095,16.96,Overcast
2013-02-22 21:00:00+00:00,HAKKARİ,30,3.7280002,-0.9719999,1.2,4.68,73.0,62.764416,812.2395,15.99,Snow fall: Moderate
2013-02-23 21:00:00+00:00,HAKKARİ,30,5.478,-6.0220003,0.0,7.2,2.0,77.12512,812.57886,18.23,Partly cloudy
2013-02-24 21:00:00+00:00,HAKKARİ,30,5.728,-6.5220003,0.0,9.726665,3.0,71.49244,817.3584,18.95,Overcast
2013-02-25 21:00:00+00:00,HAKKARİ,30,5.078,-2.9219997,0.0,5.634891,3.0,64.629524,817.05426,19.68,Overcast
2013-02-26 21:00:00+00:00,HAKKARİ,30,4.9280005,-6.5220003,0.0,6.12,3.0,83.325386,813.67596,18.6,Overcast
2013-02-27 21:00:00+00:00,HAKKARİ,30,3.028,-0.7219999,11.200001,8.64,75.0,94.76776,810.8867,7.41,Snow fall: Heavy
2013-02-28 21:00:00+00:00,HAKKARİ,30,1.4780002,-2.122,21.400003,7.6367526,75.0,93.30051,808.13696,12.34,Snow fall: Heavy
2013-03-01 21:00:00+00:00,HAKKARİ,30,1.4780002,-3.5719998,1.6000001,7.968939,73.0,89.83141,812.74664,16.74,Snow fall: Moderate
2013-03-02 21:00:00+00:00,HAKKARİ,30,2.078,-6.1219997,1.7,6.151683,73.0,76.712494,815.32513,17.99,Snow fall: Moderate
2013-03-03 21:00:00+00:00,HAKKARİ,30,2.6280003,-0.7219999,47.000004,5.315336,75.0,93.710655,808.91876,4.77,Snow fall: Heavy
2013-03-04 21:00:00+00:00,HAKKARİ,30,2.378,-1.8219998,10.4,9.178235,73.0,92.706474,806.7862,13.56,Snow fall: Moderate
2013-03-05 21:00:00+00:00,HAKKARİ,30,-1.7219999,-7.422,1.6000001,9.931042,71.0,79.58751,809.8398,15.09,Snow fall: Slight
2013-03-06 21:00:00+00:00,HAKKARİ,30,-1.5219998,-11.522,0.0,10.685391,1.0,66.67559,815.1543,21.55,Mainly clear
2013-03-07 21:00:00+00:00,HAKKARİ,30,2.678,-11.372,0.0,10.8955765,3.0,48.179005,813.71436,21.57,Overcast
2013-03-08 21:00:00+00:00,HAKKARİ,30,3.778,-2.022,0.0,5.7599998,3.0,40.811108,811.2225,20.93,Overcast
2013-03-09 21:00:00+00:00,HAKKARİ,30,4.8780003,-4.1219997,0.0,6.162207,1.0,62.385906,808.25336,21.05,Mainly clear
2013-03-10 21:00:00+00:00,HAKKARİ,30,5.6780005,-4.922,0.0,6.9899354,2.0,69.46653,809.157,21.55,Partly cloudy
2013-03-11 21:00:00+00:00,HAKKARİ,30,3.4780002,-1.0219998,2.2,5.8603754,73.0,92.56173,813.7015,7.33,Snow fall: Moderate
2013-03-12 21:00:00+00:00,HAKKARİ,30,7.2279997,1.4780002,10.100001,8.654986,73.0,91.703255,814.03766,15.7,Snow fall: Moderate
2013-03-13 21:00:00+00:00,HAKKARİ,30,8.828,2.328,1.0,6.151683,53.0,83.178406,813.90607,20.88,Drizzle: Moderate
2013-03-14 21:00:00+00:00,HAKKARİ,30,12.528,3.1280003,0.0,6.8399997,3.0,65.99351,819.08936,21.93,Overcast
2013-03-15 21:00:00+00:00,HAKKARİ,30,10.828,7.1280003,1.2,5.8603754,53.0,50.83508,816.80054,14.23,Drizzle: Moderate
2013-03-16 21:00:00+00:00,HAKKARİ,30,6.578,-2.022,36.6,9.3669195,75.0,94.286316,808.08844,6.07,Snow fall: Heavy
2013-03-17 21:00:00+00:00,HAKKARİ,30,0.97800016,-3.222,6.799999,7.2359104,73.0,84.958595,808.9554,18.16,Snow fall: Moderate
2013-03-18 21:00:00+00:00,HAKKARİ,30,3.4780002,-7.922,0.0,6.489992,3.0,70.6625,810.8369,23.86,Overcast
2013-03-19 21:00:00+00:00,HAKKARİ,30,5.828,-0.77199984,0.0,5.506941,3.0,56.184586,811.367,20.57,Overcast
2013-03-20 21:00:00+00:00,HAKKARİ,30,6.6280003,-1.9719999,0.0,5.634891,1.0,68.65843,813.084,23.1,Mainly clear
2013-03-21 21:00:00+00:00,HAKKARİ,30,7.328,-1.5719998,0.0,6.130579,3.0,58.837063,811.3496,24.11,Overcast
2013-03-22 21:00:00+00:00,HAKKARİ,30,4.3780003,0.12800014,16.5,9.826088,75.0,85.8543,805.8393,16.01,Snow fall: Heavy
2013-03-23 21:00:00+00:00,HAKKARİ,30,1.5280001,-2.4219997,12.900001,9.693296,75.0,82.78005,807.5777,19.74,Snow fall: Heavy
2013-03-24 21:00:00+00:00,HAKKARİ,30,5.478,-5.472,0.0,8.287822,3.0,70.65379,813.7016,24.25,Overcast
2013-03-25 21:00:00+00:00,HAKKARİ,30,7.9779997,-1.4219999,0.0,6.130579,3.0,60.869022,813.3376,23.37,Overcast
2013-03-26 21:00:00+00:00,HAKKARİ,30,5.528,2.128,7.3999996,5.1919937,73.0,59.51825,810.76733,18.13,Snow fall: Moderate
2013-03-27 21:00:00+00:00,HAKKARİ,30,6.7279997,1.1780001,0.3,6.638072,73.0,81.679306,812.1473,21.01,Snow fall: Moderate
2013-03-28 21:00:00+00:00,HAKKARİ,30,6.1280003,0.97800016,0.0,7.968939,3.0,88.606544,814.0113,17.52,Overcast
2013-03-29 21:00:00+00:00,HAKKARİ,30,8.528,-0.52199984,0.0,6.4799995,3.0,79.64971,815.71533,23.15,Overcast
2013-03-30 21:00:00+00:00,HAKKARİ,30,10.328,3.028,0.0,7.208994,1.0,61.466354,817.6809,25.47,Mainly clear
2013-03-31 21:00:00+00:00,HAKKARİ,30,11.128,3.1280003,0.0,7.208994,3.0,58.0696,816.9626,25.6,Overcast
2013-04-01 21:00:00+00:00,HAKKARİ,30,11.378,4.6280003,0.0,5.506941,3.0,57.893784,814.83594,24.75,Overcast
2013-04-02 21:00:00+00:00,HAKKARİ,30,11.628,6.078,0.0,6.87779,3.0,67.996475,815.1755,23.69,Overcast
2013-04-03 21:00:00+00:00,HAKKARİ,30,11.978,5.1780005,0.4,7.2805495,51.0,68.40479,812.7969,24.39,Drizzle: Light
2013-04-04 21:00:00+00:00,HAKKARİ,30,11.328,4.1780005,7.4999995,9.0645685,61.0,74.94961,809.3645,20.33,Rain: Slight
2013-04-05 21:00:00+00:00,HAKKARİ,30,15.028,3.078,0.0,10.1376915,3.0,68.81234,812.0649,25.32,Overcast
2013-04-06 21:00:00+00:00,HAKKARİ,30,17.228,3.328,0.0,9.726665,0.0,54.71909,814.5422,26.87,Clear sky
2013-04-07 21:00:00+00:00,HAKKARİ,30,14.528,7.078,0.0,7.5942073,1.0,52.085144,813.99786,26.83,Mainly clear
2013-04-08 21:00:00+00:00,HAKKARİ,30,10.9279995,5.228,0.4,13.324863,51.0,70.28614,809.9009,23.13,Drizzle: Light
2013-04-09 21:00:00+00:00,HAKKARİ,30,7.4280005,2.028,4.2000003,7.2359104,71.0,93.96805,810.63794,15.86,Snow fall: Slight
2013-04-10 21:00:00+00:00,HAKKARİ,30,7.7279997,0.87800014,0.0,8.891343,3.0,86.59039,812.5572,20.37,Overcast
2013-04-11 21:00:00+00:00,HAKKARİ,30,8.628,2.678,0.6,8.089993,51.0,86.357025,814.7491,22.96,Drizzle: Light
2013-04-12 21:00:00+00:00,HAKKARİ,30,11.778,0.028000116,0.2,7.10031,51.0,71.542595,816.16364,26.24,Drizzle: Light
2013-04-13 21:00:00+00:00,HAKKARİ,30,11.078,3.578,0.0,6.924738,1.0,59.239964,816.0732,27.73,Mainly clear
2013-04-14 21:00:00+00:00,HAKKARİ,30,10.6779995,3.328,0.0,6.151683,3.0,64.565346,814.9314,23.72,Overcast
2013-04-15 21:00:00+00:00,HAKKARİ,30,8.378,3.328,21.0,6.6087217,75.0,84.04068,810.6545,12.3,Snow fall: Heavy
2013-04-16 21:00:00+00:00,HAKKARİ,30,6.7279997,1.5780001,5.5999994,8.905908,71.0,90.99836,807.2807,21.11,Snow fall: Slight
2013-04-17 21:00:00+00:00,HAKKARİ,30,6.828,0.7780001,2.8999999,8.557102,71.0,91.96638,810.0534,20.35,Snow fall: Slight
2013-04-18 21:00:00+00:00,HAKKARİ,30,8.328,-0.021999836,5.3000007,7.9932976,73.0,88.79446,809.76215,22.96,Snow fall: Moderate
2013-04-19 21:00:00+00:00,HAKKARİ,30,7.078,1.6780001,10.5999975,9.9571085,75.0,86.459595,808.028,23.45,Snow fall: Heavy
2013-04-20 21:00:00+00:00,HAKKARİ,30,5.8780003,0.32800007,3.5,8.225035,73.0,86.17365,806.6924,22.38,Snow fall: Moderate
2013-04-21 21:00:00+00:00,HAKKARİ,30,6.278,-0.47199988,3.2,8.473393,71.0,91.23919,807.9732,19.92,Snow fall: Slight
2013-04-22 21:00:00+00:00,HAKKARİ,30,6.8780003,0.82800007,4.0,7.072878,73.0,88.29121,812.0517,17.87,Snow fall: Moderate
2013-04-23 21:00:00+00:00,HAKKARİ,30,8.128,-3.622,0.0,7.2359104,3.0,62.92546,813.10474,29.12,Overcast
2013-04-24 21:00:00+00:00,HAKKARİ,30,11.4279995,-3.1719997,0.0,7.92,3.0,51.119385,814.96454,29.39,Overcast
2013-04-25 21:00:00+00:00,HAKKARİ,30,11.328,-0.47199988,0.0,8.28,2.0,59.367386,815.2762,27.63,Partly cloudy
2013-04-26 21:00:00+00:00,HAKKARİ,30,12.6779995,1.4280001,1.3,8.311245,55.0,62.303345,817.6811,23.8,Drizzle: Dense
2013-04-27 21:00:00+00:00,HAKKARİ,30,16.728,3.278,0.0,9.028754,0.0,56.14732,820.46826,28.81,Clear sky
2013-04-28 21:00:00+00:00,HAKKARİ,30,19.578,3.028,0.0,8.64,1.0,43.840755,820.8403,28.79,Mainly clear
2013-04-29 21:00:00+00:00,HAKKARİ,30,18.378,5.1280003,0.0,9.227524,2.0,45.52976,820.4644,27.87,Partly cloudy
2013-04-30 21:00:00+00:00,HAKKARİ,30,15.478,6.1280003,0.0,10.661107,2.0,48.284718,819.9615,28.12,Partly cloudy
2013-05-01 21:00:00+00:00,HAKKARİ,30,15.6779995,5.3780003,0.0,10.182337,3.0,49.89162,815.9138,27.88,Overcast
2013-05-02 21:00:00+00:00,HAKKARİ,30,13.528,4.9280005,0.0,9.114471,3.0,53.829315,815.3223,26.55,Overcast
2013-05-03 21:00:00+00:00,HAKKARİ,30,16.678,5.9280005,0.0,8.707238,3.0,52.42982,817.1495,24.61,Overcast
2013-05-04 21:00:00+00:00,HAKKARİ,30,17.378,5.528,6.1,7.208994,63.0,67.28704,816.7032,22.48,Rain: Moderate
2013-05-05 21:00:00+00:00,HAKKARİ,30,15.978,8.228,3.5000002,7.928178,61.0,77.209145,816.6231,21.38,Rain: Slight
2013-05-06 21:00:00+00:00,HAKKARİ,30,15.228,3.078,2.5,7.5599995,61.0,82.436264,815.5386,19.27,Rain: Slight
2013-05-07 21:00:00+00:00,HAKKARİ,30,13.378,4.6280003,4.6,7.5685663,61.0,86.65281,814.68195,16.62,Rain: Slight
2013-05-08 21:00:00+00:00,HAKKARİ,30,14.4279995,1.1280001,5.9,6.849467,61.0,83.81155,816.03534,20.47,Rain: Slight
2013-05-09 21:00:00+00:00,HAKKARİ,30,12.728,7.6280003,3.4,7.5685663,53.0,86.95756,817.09735,20.26,Drizzle: Moderate
2013-05-10 21:00:00+00:00,HAKKARİ,30,14.778,5.4280005,7.8,10.661107,61.0,86.94799,814.61346,23.02,Rain: Slight
2013-05-11 21:00:00+00:00,HAKKARİ,30,10.778,7.1280003,9.6,9.693296,55.0,92.01214,812.87036,17.86,Drizzle: Dense
2013-05-12 21:00:00+00:00,HAKKARİ,30,10.1779995,5.578,10.200001,7.342588,61.0,90.6137,812.2166,17.25,Rain: Slight
2013-05-13 21:00:00+00:00,HAKKARİ,30,10.128,6.1280003,8.000001,7.9932976,55.0,92.97,811.6763,19.17,Drizzle: Dense
2013-05-14 21:00:00+00:00,HAKKARİ,30,10.828,4.328,3.1,9.3669195,55.0,89.76758,812.4699,20.74,Drizzle: Dense
2013-05-15 21:00:00+00:00,HAKKARİ,30,11.528,2.7280002,4.4999995,8.287822,61.0,86.60608,812.8591,22.73,Rain: Slight
2013-05-16 21:00:00+00:00,HAKKARİ,30,12.128,0.7780001,7.0999994,5.991594,61.0,85.319824,814.658,17.49,Rain: Slight
2013-05-17 21:00:00+00:00,HAKKARİ,30,15.9279995,1.7280002,8.400001,7.8954163,61.0,81.53148,815.663,21.49,Rain: Slight
2013-05-18 21:00:00+00:00,HAKKARİ,30,13.9279995,3.428,9.2,7.928178,63.0,86.24529,813.5903,20.45,Rain: Moderate
2013-05-19 21:00:00+00:00,HAKKARİ,30,15.1779995,2.128,3.2999997,7.9932976,53.0,84.617485,813.563,21.74,Drizzle: Moderate
2013-05-20 21:00:00+00:00,HAKKARİ,30,15.528,5.1780005,8.500001,7.5942082,63.0,84.32403,814.6976,19.99,Rain: Moderate
2013-05-21 21:00:00+00:00,HAKKARİ,30,16.278,2.6280003,3.0,7.208994,61.0,81.73904,815.1116,20.99,Rain: Slight
2013-05-22 21:00:00+00:00,HAKKARİ,30,19.478,3.278,0.9,5.7599998,51.0,68.01655,819.13544,25.85,Drizzle: Light
2013-05-23 21:00:00+00:00,HAKKARİ,30,22.928,7.6280003,0.0,8.089993,3.0,54.06363,821.25726,28.86,Overcast
2013-05-24 21:00:00+00:00,HAKKARİ,30,22.928,10.628,0.70000005,8.891344,51.0,54.45521,819.64813,24.4,Drizzle: Light
2013-05-25 21:00:00+00:00,HAKKARİ,30,20.628,11.578,0.90000004,11.304229,53.0,62.87163,816.01245,26.59,Drizzle: Moderate
2013-05-26 21:00:00+00:00,HAKKARİ,30,18.628,7.2279997,0.1,10.661107,51.0,63.875294,813.88184,27.02,Drizzle: Light
2013-05-27 21:00:00+00:00,HAKKARİ,30,18.078,8.778,2.1,12.397806,53.0,66.5413,815.71484,26.47,Drizzle: Moderate
2013-05-28 21:00:00+00:00,HAKKARİ,30,15.878,5.6780005,7.2,7.42159,63.0,79.54409,816.15765,19.67,Rain: Moderate
2013-05-29 21:00:00+00:00,HAKKARİ,30,18.728,1.6780001,2.0,9.387651,61.0,68.91336,815.84033,26.22,Rain: Slight
2013-05-30 21:00:00+00:00,HAKKARİ,30,20.328,9.628,2.3,7.9526596,55.0,63.279797,815.8654,26.07,Drizzle: Dense
2013-05-31 21:00:00+00:00,HAKKARİ,30,21.528,6.2279997,0.0,11.119281,3.0,58.189743,814.31573,27.77,Overcast
2013-06-01 21:00:00+00:00,HAKKARİ,30,22.328,9.228,0.0,8.913181,2.0,50.651752,815.831,29.04,Partly cloudy
2013-06-02 21:00:00+00:00,HAKKARİ,30,21.628,10.578,0.70000005,15.277749,51.0,50.294113,815.6049,28.7,Drizzle: Light
2013-06-03 21:00:00+00:00,HAKKARİ,30,22.728,12.328,0.0,10.00256,0.0,39.712246,815.972,31.13,Clear sky
2013-06-04 21:00:00+00:00,HAKKARİ,30,22.428,12.628,0.0,9.107359,0.0,39.226143,820.0717,31.19,Clear sky
2013-06-05 21:00:00+00:00,HAKKARİ,30,21.028,12.228,0.0,13.207634,0.0,41.09822,819.33575,31.0,Clear sky
2013-06-06 21:00:00+00:00,HAKKARİ,30,17.478,10.228,0.3,11.503113,51.0,45.60269,816.51544,29.17,Drizzle: Light
2013-06-07 21:00:00+00:00,HAKKARİ,30,19.478,9.128,0.0,9.885262,2.0,50.394943,816.0708,28.26,Partly cloudy
2013-06-08 21:00:00+00:00,HAKKARİ,30,19.728,10.728,1.2,8.891344,53.0,45.718826,816.20636,28.62,Drizzle: Moderate
2013-06-09 21:00:00+00:00,HAKKARİ,30,21.228,10.4279995,0.3,10.823973,51.0,44.175705,814.2131,27.22,Drizzle: Light
2013-06-10 21:00:00+00:00,HAKKARİ,30,21.128,11.278,0.0,9.983106,3.0,49.183247,814.08954,26.73,Overcast
2013-06-11 21:00:00+00:00,HAKKARİ,30,23.278,6.9779997,0.0,7.9036193,2.0,53.08748,815.00946,29.88,Partly cloudy
2013-06-12 21:00:00+00:00,HAKKARİ,30,25.178,12.478,0.0,7.2805495,0.0,43.073353,816.21857,30.47,Clear sky
2013-06-13 21:00:00+00:00,HAKKARİ,30,26.628,15.078,0.0,9.885262,0.0,39.278603,817.2981,30.68,Clear sky
2013-06-14 21:00:00+00:00,HAKKARİ,30,27.728,15.028,0.0,10.446206,0.0,34.784794,817.22876,31.04,Clear sky
2013-06-15 21:00:00+00:00,HAKKARİ,30,26.778,16.978,0.0,10.823973,0.0,29.695196,815.71063,31.5,Clear sky
2013-06-16 21:00:00+00:00,HAKKARİ,30,25.078,12.4279995,0.0,9.605998,0.0,33.958797,813.053,31.37,Clear sky
2013-06-17 21:00:00+00:00,HAKKARİ,30,24.128,14.728,0.3,9.114471,51.0,43.728756,811.9704,26.02,Drizzle: Light
2013-06-18 21:00:00+00:00,HAKKARİ,30,23.078,9.678,1.2,9.178235,53.0,64.62025,812.3593,25.18,Drizzle: Moderate
2013-06-19 21:00:00+00:00,HAKKARİ,30,21.978,8.978,0.4,9.114471,51.0,66.31235,814.3428,24.5,Drizzle: Light
2013-06-20 21:00:00+00:00,HAKKARİ,30,22.778,12.078,0.1,15.141414,51.0,59.255386,814.7791,24.59,Drizzle: Light
2013-06-21 21:00:00+00:00,HAKKARİ,30,24.678,9.478,0.0,10.182337,2.0,54.618587,817.30536,30.52,Partly cloudy
2013-06-22 21:00:00+00:00,HAKKARİ,30,26.328,12.728,0.0,7.5942073,1.0,40.950943,817.50464,30.34,Mainly clear
2013-06-23 21:00:00+00:00,HAKKARİ,30,26.178,15.328,0.0,8.209263,3.0,38.55584,816.5556,27.08,Overcast
2013-06-24 21:00:00+00:00,HAKKARİ,30,26.428,15.128,0.0,11.770403,0.0,31.129961,816.55865,30.83,Clear sky
2013-06-25 21:00:00+00:00,HAKKARİ,30,26.778,15.528,0.0,7.928178,3.0,32.69064,817.4162,25.8,Overcast
2013-06-26 21:00:00+00:00,HAKKARİ,30,25.478,15.128,0.0,8.557102,2.0,49.277706,818.0827,20.98,Partly cloudy
2013-06-27 21:00:00+00:00,HAKKARİ,30,25.178,12.978,0.0,10.495713,1.0,51.80957,816.6338,27.67,Mainly clear
2013-06-28 21:00:00+00:00,HAKKARİ,30,27.378,12.878,0.0,10.390226,1.0,40.04941,816.1553,30.41,Mainly clear
2013-06-29 21:00:00+00:00,HAKKARİ,30,29.578,16.028,0.0,9.290511,1.0,35.420742,817.36566,30.18,Mainly clear
2013-06-30 21:00:00+00:00,HAKKARİ,30,29.278,17.378,0.0,10.990322,0.0,28.104017,816.9988,31.18,Clear sky
2013-07-01 21:00:00+00:00,HAKKARİ,30,26.228,16.378,0.0,10.483357,0.0,28.529589,814.1038,31.34,Clear sky
2013-07-02 21:00:00+00:00,HAKKARİ,30,25.428,14.6779995,0.3,8.225035,51.0,41.233982,814.9343,26.9,Drizzle: Light
2013-07-03 21:00:00+00:00,HAKKARİ,30,26.978,16.528,0.0,10.041354,0.0,39.100414,816.8213,29.77,Clear sky
2013-07-04 21:00:00+00:00,HAKKARİ,30,28.178,16.128,0.0,10.931203,0.0,35.36285,817.2564,30.38,Clear sky
2013-07-05 21:00:00+00:00,HAKKARİ,30,29.128,16.528,0.0,10.182337,0.0,32.478573,818.25635,30.75,Clear sky
2013-07-06 21:00:00+00:00,HAKKARİ,30,29.528,17.778,0.0,9.227524,0.0,25.298262,820.5483,31.4,Clear sky
2013-07-07 21:00:00+00:00,HAKKARİ,30,31.078,15.078,0.0,7.628263,0.0,28.656462,820.28265,30.78,Clear sky
2013-07-08 21:00:00+00:00,HAKKARİ,30,30.578,17.078001,0.0,9.107359,2.0,40.120495,817.29535,28.67,Partly cloudy
2013-07-09 21:00:00+00:00,HAKKARİ,30,31.128,15.278,0.0,10.636766,0.0,38.481533,814.79614,29.87,Clear sky
2013-07-10 21:00:00+00:00,HAKKARİ,30,30.828,19.978,0.0,11.928989,0.0,31.90537,814.9563,30.37,Clear sky
2013-07-11 21:00:00+00:00,HAKKARİ,30,29.478,19.528,0.0,10.30883,2.0,35.637257,816.5977,29.93,Partly cloudy
2013-07-12 21:00:00+00:00,HAKKARİ,30,28.728,18.428,0.0,6.379216,3.0,41.367992,817.37445,22.35,Overcast
2013-07-13 21:00:00+00:00,HAKKARİ,30,30.328,17.178,0.0,10.24578,2.0,41.502384,817.6846,26.68,Partly cloudy
2013-07-14 21:00:00+00:00,HAKKARİ,30,31.128,19.828,0.0,9.47012,0.0,34.315334,818.40314,30.16,Clear sky
2013-07-15 21:00:00+00:00,HAKKARİ,30,31.378,20.178,0.0,10.365251,0.0,25.784296,819.1824,30.87,Clear sky
2013-07-16 21:00:00+00:00,HAKKARİ,30,30.628,18.728,0.0,11.525623,0.0,22.726458,818.5769,30.7,Clear sky
2013-07-17 21:00:00+00:00,HAKKARİ,30,28.778,18.078,0.0,10.703569,0.0,26.33857,818.0513,30.96,Clear sky
2013-07-18 21:00:00+00:00,HAKKARİ,30,28.178,16.478,0.0,10.931203,0.0,27.189726,816.2971,30.68,Clear sky
2013-07-19 21:00:00+00:00,HAKKARİ,30,28.728,14.228,0.0,9.255571,0.0,40.131092,814.72504,30.04,Clear sky
2013-07-20 21:00:00+00:00,HAKKARİ,30,30.128,15.228,0.0,10.308831,0.0,39.55438,814.67487,29.36,Clear sky
2013-07-21 21:00:00+00:00,HAKKARİ,30,30.078,19.178,0.0,10.538843,0.0,35.571514,814.54803,28.96,Clear sky
2013-07-22 21:00:00+00:00,HAKKARİ,30,29.828,19.578,0.0,11.570515,0.0,33.643627,815.9764,30.02,Clear sky
2013-07-23 21:00:00+00:00,HAKKARİ,30,30.228,16.078001,0.0,9.605998,0.0,29.139992,817.33765,30.76,Clear sky
2013-07-24 21:00:00+00:00,HAKKARİ,30,30.778,16.378,0.0,11.013882,0.0,27.893187,815.5008,30.6,Clear sky
2013-07-25 21:00:00+00:00,HAKKARİ,30,30.428,15.128,0.0,10.739833,0.0,29.375109,812.79205,29.35,Clear sky
2013-07-26 21:00:00+00:00,HAKKARİ,30,29.078,14.978,0.0,11.966953,0.0,43.331104,812.6514,28.65,Clear sky
2013-07-27 21:00:00+00:00,HAKKARİ,30,26.878,19.628,0.0,12.074766,0.0,27.938293,815.04443,30.38,Clear sky
2013-07-28 21:00:00+00:00,HAKKARİ,30,28.078,15.128,0.0,12.074766,1.0,31.275465,816.38916,29.38,Mainly clear
2013-07-29 21:00:00+00:00,HAKKARİ,30,27.828,16.178,0.0,11.631956,0.0,35.34705,814.49414,29.23,Clear sky
2013-07-30 21:00:00+00:00,HAKKARİ,30,28.578,14.128,0.0,10.308831,0.0,33.624264,813.81964,29.61,Clear sky
2013-07-31 21:00:00+00:00,HAKKARİ,30,29.178,17.328001,0.0,11.620809,0.0,25.507584,815.2874,29.78,Clear sky
2013-08-01 21:00:00+00:00,HAKKARİ,30,29.528,17.428,0.0,10.308831,0.0,22.344843,816.74713,28.81,Clear sky
2013-08-02 21:00:00+00:00,HAKKARİ,30,29.778,16.328001,0.0,10.24578,3.0,36.469254,816.8113,26.82,Overcast
2013-08-03 21:00:00+00:00,HAKKARİ,30,30.578,18.378,0.0,12.074766,1.0,31.766747,815.7924,28.22,Mainly clear
2013-08-04 21:00:00+00:00,HAKKARİ,30,28.728,16.878,0.0,13.797912,0.0,27.639725,815.21704,29.26,Clear sky
2013-08-05 21:00:00+00:00,HAKKARİ,30,29.378,14.078,0.0,8.557102,0.0,36.335724,817.2759,28.98,Clear sky
2013-08-06 21:00:00+00:00,HAKKARİ,30,29.378,17.528,0.0,10.30883,0.0,32.161495,817.82983,28.85,Clear sky
2013-08-07 21:00:00+00:00,HAKKARİ,30,28.728,18.178,0.0,11.013882,0.0,27.942484,816.72955,29.16,Clear sky
2013-08-08 21:00:00+00:00,HAKKARİ,30,25.678,14.828,0.1,8.373386,51.0,43.44345,816.0349,19.68,Drizzle: Light
2013-08-09 21:00:00+00:00,HAKKARİ,30,25.778,13.978,0.0,7.9036193,3.0,53.346905,815.5115,21.5,Overcast
2013-08-10 21:00:00+00:00,HAKKARİ,30,27.478,13.278,0.0,8.161764,3.0,49.374935,817.1785,21.33,Overcast
2013-08-11 21:00:00+00:00,HAKKARİ,30,29.078,19.078,0.0,10.1376915,2.0,32.428432,819.9519,21.94,Partly cloudy
2013-08-12 21:00:00+00:00,HAKKARİ,30,29.528,19.578,0.0,12.783802,0.0,29.897896,819.1187,27.24,Clear sky
2013-08-13 21:00:00+00:00,HAKKARİ,30,30.078,17.478,0.0,8.759178,0.0,27.580172,818.5894,28.03,Clear sky
2013-08-14 21:00:00+00:00,HAKKARİ,30,30.078,16.628,0.0,9.47012,0.0,37.900726,819.2478,26.56,Clear sky
2013-08-15 21:00:00+00:00,HAKKARİ,30,30.528,18.328,0.0,11.090103,0.0,31.292915,819.3262,27.77,Clear sky
2013-08-16 21:00:00+00:00,HAKKARİ,30,30.728,18.178,0.0,10.883676,0.0,24.435112,818.8992,27.99,Clear sky
2013-08-17 21:00:00+00:00,HAKKARİ,30,30.228,19.778,0.0,13.661038,0.0,27.6878,817.9886,27.75,Clear sky
2013-08-18 21:00:00+00:00,HAKKARİ,30,28.028,16.728,0.0,11.298495,0.0,30.0308,817.6048,27.85,Clear sky
2013-08-19 21:00:00+00:00,HAKKARİ,30,27.828,17.028,0.0,10.823973,0.0,31.967085,818.8816,27.5,Clear sky
2013-08-20 21:00:00+00:00,HAKKARİ,30,26.378,16.678,0.0,13.237038,2.0,31.326777,818.0259,24.16,Partly cloudy
2013-08-21 21:00:00+00:00,HAKKARİ,30,27.478,14.628,0.0,9.0,3.0,38.568836,818.71045,21.52,Overcast
2013-08-22 21:00:00+00:00,HAKKARİ,30,28.678,16.628,0.0,10.239453,2.0,36.302082,820.5822,23.67,Partly cloudy
2013-08-23 21:00:00+00:00,HAKKARİ,30,28.528,18.328,0.0,13.138765,0.0,33.853813,819.4829,26.66,Clear sky
2013-08-24 21:00:00+00:00,HAKKARİ,30,27.228,15.1779995,0.0,9.826088,0.0,30.807747,818.2542,27.22,Clear sky
2013-08-25 21:00:00+00:00,HAKKARİ,30,28.278,13.978,0.0,8.707238,0.0,31.3469,818.5058,26.53,Clear sky
2013-08-26 21:00:00+00:00,HAKKARİ,30,27.678,16.378,0.0,7.968939,2.0,31.58799,818.5335,23.64,Partly cloudy
2013-08-27 21:00:00+00:00,HAKKARİ,30,28.828,16.078001,0.0,8.905908,2.0,34.941048,819.7286,24.96,Partly cloudy
2013-08-28 21:00:00+00:00,HAKKARİ,30,29.328,14.978,0.1,9.793058,51.0,35.779182,820.22284,24.67,Drizzle: Light
2013-08-29 21:00:00+00:00,HAKKARİ,30,28.178,17.628,0.4,9.511088,51.0,33.256664,820.5256,21.51,Drizzle: Light
2013-08-30 21:00:00+00:00,HAKKARİ,30,27.878,17.378,0.0,11.923557,0.0,30.103043,820.84576,25.87,Clear sky
2013-08-31 21:00:00+00:00,HAKKARİ,30,28.928,16.628,0.0,11.631956,2.0,27.622543,821.1929,23.77,Partly cloudy
2013-09-01 21:00:00+00:00,HAKKARİ,30,28.478,17.678,0.0,10.948973,2.0,29.065931,822.89264,24.14,Partly cloudy
2013-09-02 21:00:00+00:00,HAKKARİ,30,28.278,17.478,0.0,14.113652,0.0,28.071411,821.9573,25.09,Clear sky
2013-09-03 21:00:00+00:00,HAKKARİ,30,26.528,16.928,0.0,16.323528,1.0,31.049421,819.2558,24.73,Mainly clear
2013-09-04 21:00:00+00:00,HAKKARİ,30,24.928,17.378,0.0,15.0038395,0.0,37.899956,815.6491,24.37,Clear sky
2013-09-05 21:00:00+00:00,HAKKARİ,30,24.128,13.828,0.0,10.853866,0.0,32.640495,817.81146,25.07,Clear sky
2013-09-06 21:00:00+00:00,HAKKARİ,30,25.478,10.328,0.0,9.83268,0.0,22.638138,819.9141,25.19,Clear sky
2013-09-07 21:00:00+00:00,HAKKARİ,30,25.778,11.1779995,0.0,11.304229,0.0,22.843176,818.9356,24.86,Clear sky
2013-09-08 21:00:00+00:00,HAKKARİ,30,24.228,12.778,0.0,12.24,0.0,29.841467,819.2425,24.4,Clear sky
2013-09-09 21:00:00+00:00,HAKKARİ,30,23.628,13.728,0.0,13.324863,0.0,31.437775,820.8816,23.96,Clear sky
2013-09-10 21:00:00+00:00,HAKKARİ,30,25.178,12.4279995,0.0,8.707237,0.0,28.930855,819.8616,23.82,Clear sky
2013-09-11 21:00:00+00:00,HAKKARİ,30,25.678,13.278,0.0,9.83268,0.0,30.377699,820.20074,23.51,Clear sky
2013-09-12 21:00:00+00:00,HAKKARİ,30,26.378,12.478,0.0,10.009036,0.0,27.830854,822.2769,23.53,Clear sky
2013-09-13 21:00:00+00:00,HAKKARİ,30,26.928,11.228,0.0,8.39657,0.0,28.062052,822.0864,23.23,Clear sky
2013-09-14 21:00:00+00:00,HAKKARİ,30,25.828,14.4279995,0.0,11.090103,0.0,27.43183,819.08295,23.19,Clear sky
2013-09-15 21:00:00+00:00,HAKKARİ,30,23.928,13.728,0.0,12.72283,0.0,33.121296,816.8038,22.72,Clear sky
2013-09-16 21:00:00+00:00,HAKKARİ,30,22.978,12.128,0.0,10.636766,1.0,43.93336,816.1016,22.63,Mainly clear
2013-09-17 21:00:00+00:00,HAKKARİ,30,21.078,12.478,0.0,13.783817,3.0,53.431057,815.9126,18.81,Overcast
2013-09-18 21:00:00+00:00,HAKKARİ,30,21.678,11.578,0.0,9.826088,3.0,55.756298,817.67816,18.5,Overcast
2013-09-19 21:00:00+00:00,HAKKARİ,30,21.128,12.328,0.6,10.787993,51.0,57.915165,818.72015,17.77,Drizzle: Light
2013-09-20 21:00:00+00:00,HAKKARİ,30,22.578,11.1779995,0.0,11.177405,0.0,47.627514,818.24164,21.87,Clear sky
2013-09-21 21:00:00+00:00,HAKKARİ,30,18.928,12.128,0.3,11.435313,51.0,56.038074,815.1739,17.33,Drizzle: Light
2013-09-22 21:00:00+00:00,HAKKARİ,30,16.678,10.628,1.9,12.10157,51.0,74.99807,813.4074,14.93,Drizzle: Light
2013-09-23 21:00:00+00:00,HAKKARİ,30,15.328,8.728,5.6,10.948973,61.0,83.3361,813.08545,13.15,Rain: Slight
2013-09-24 21:00:00+00:00,HAKKARİ,30,17.928,4.9280005,0.0,11.435313,3.0,61.100765,815.5118,19.21,Overcast
2013-09-25 21:00:00+00:00,HAKKARİ,30,20.778,4.528,0.0,7.208994,0.0,42.309643,819.333,21.28,Clear sky
2013-09-26 21:00:00+00:00,HAKKARİ,30,22.178,9.028,0.0,8.049845,0.0,34.375362,818.2292,21.29,Clear sky
2013-09-27 21:00:00+00:00,HAKKARİ,30,20.128,10.828,0.0,12.413477,0.0,35.50923,816.65356,20.92,Clear sky
2013-09-28 21:00:00+00:00,HAKKARİ,30,20.278,9.528,0.0,10.009036,2.0,45.393208,817.4799,19.74,Partly cloudy
2013-09-29 21:00:00+00:00,HAKKARİ,30,21.028,8.178,0.0,7.7043357,0.0,45.12021,817.30536,20.26,Clear sky
2013-09-30 21:00:00+00:00,HAKKARİ,30,22.228,7.4779997,0.0,9.227524,0.0,35.06471,817.6704,20.39,Clear sky
2013-10-01 21:00:00+00:00,HAKKARİ,30,20.078,10.6779995,0.2,12.984975,51.0,42.619976,817.8769,19.37,Drizzle: Light
2013-10-02 21:00:00+00:00,HAKKARİ,30,20.878,12.878,0.0,16.62249,1.0,45.716946,817.1323,19.61,Mainly clear
2013-10-03 21:00:00+00:00,HAKKARİ,30,16.228,8.678,1.9000001,14.182355,53.0,72.73154,814.81866,12.57,Drizzle: Moderate
2013-10-04 21:00:00+00:00,HAKKARİ,30,13.1779995,6.778,0.70000005,13.979872,51.0,68.8616,813.7469,13.78,Drizzle: Light
2013-10-05 21:00:00+00:00,HAKKARİ,30,9.078,5.228,3.1000001,12.55879,53.0,73.79552,812.5373,13.71,Drizzle: Moderate
2013-10-06 21:00:00+00:00,HAKKARİ,30,12.728,2.2280002,0.0,10.538843,1.0,56.137085,814.9206,17.64,Mainly clear
2013-10-07 21:00:00+00:00,HAKKARİ,30,12.528,3.3780003,0.0,9.83268,3.0,55.677547,818.3034,15.49,Overcast
2013-10-08 21:00:00+00:00,HAKKARİ,30,13.1779995,-0.9719999,0.0,11.620809,0.0,54.16798,819.8857,19.46,Clear sky
2013-10-09 21:00:00+00:00,HAKKARİ,30,17.278,0.37800014,0.0,12.313893,0.0,39.90333,820.9493,19.2,Clear sky
2013-10-10 21:00:00+00:00,HAKKARİ,30,19.578,3.1280003,0.0,11.252519,0.0,38.198658,821.4827,18.98,Clear sky
2013-10-11 21:00:00+00:00,HAKKARİ,30,19.778,4.1280003,0.0,10.1376915,0.0,33.072247,818.49585,18.85,Clear sky
2013-10-12 21:00:00+00:00,HAKKARİ,30,18.678,6.3780003,0.0,9.746631,0.0,34.514362,815.9588,18.3,Clear sky
2013-10-13 21:00:00+00:00,HAKKARİ,30,17.528,8.278,0.3,9.346143,51.0,44.463425,817.6414,16.56,Drizzle: Light
2013-10-14 21:00:00+00:00,HAKKARİ,30,17.628,0.6780001,0.0,8.587338,3.0,53.141514,819.8372,14.73,Overcast
2013-10-15 21:00:00+00:00,HAKKARİ,30,17.928,7.828,0.0,9.726664,0.0,36.882298,821.2766,17.82,Clear sky
2013-10-16 21:00:00+00:00,HAKKARİ,30,17.028,8.028,0.0,12.783802,0.0,37.718468,820.0909,17.63,Clear sky
2013-10-17 21:00:00+00:00,HAKKARİ,30,18.328,8.128,0.0,14.04,3.0,38.282017,818.52,16.77,Overcast
2013-10-18 21:00:00+00:00,HAKKARİ,30,11.278,5.728,8.799999,13.584932,53.0,75.255356,815.3223,12.59,Drizzle: Moderate
2013-10-19 21:00:00+00:00,HAKKARİ,30,10.328,1.7780001,5.3,7.9526596,73.0,86.85617,817.8696,11.8,Snow fall: Moderate
2013-10-20 21:00:00+00:00,HAKKARİ,30,13.278,-2.022,0.0,10.105681,0.0,59.084606,819.8897,17.0,Clear sky
2013-10-21 21:00:00+00:00,HAKKARİ,30,16.428,0.82800007,0.0,9.422101,0.0,41.05391,819.1177,17.12,Clear sky
2013-10-22 21:00:00+00:00,HAKKARİ,30,16.778,4.078,0.0,8.209263,0.0,37.33502,817.7004,16.69,Clear sky
2013-10-23 21:00:00+00:00,HAKKARİ,30,13.6779995,4.778,0.0,9.387651,0.0,49.989285,818.4846,16.1,Clear sky
2013-10-24 21:00:00+00:00,HAKKARİ,30,14.228,1.3780001,0.5,9.693296,51.0,60.36145,819.1844,15.77,Drizzle: Light
2013-10-25 21:00:00+00:00,HAKKARİ,30,13.9279995,2.778,0.6,11.720751,51.0,66.07369,814.15656,12.95,Drizzle: Light
2013-10-26 21:00:00+00:00,HAKKARİ,30,12.278,-1.4719999,0.0,7.8625183,3.0,63.3315,814.64233,13.35,Overcast
2013-10-27 21:00:00+00:00,HAKKARİ,30,12.1779995,1.2280002,0.0,7.24486,3.0,59.03539,816.3628,11.6,Overcast
2013-10-28 21:00:00+00:00,HAKKARİ,30,14.1779995,1.8780001,0.0,5.1544156,2.0,54.06693,818.07513,15.27,Partly cloudy
2013-10-29 21:00:00+00:00,HAKKARİ,30,14.4279995,4.3780003,0.0,7.2359104,0.0,45.858845,819.49457,15.24,Clear sky
2013-10-30 21:00:00+00:00,HAKKARİ,30,14.378,5.728,0.0,7.0911775,0.0,41.541756,821.05835,15.33,Clear sky
2013-10-31 21:00:00+00:00,HAKKARİ,30,14.878,4.1280003,0.0,7.2359104,2.0,40.30173,820.80414,13.41,Partly cloudy
2013-11-01 21:00:00+00:00,HAKKARİ,30,13.4279995,4.1280003,0.2,8.759178,51.0,52.827984,819.13947,12.39,Drizzle: Light
2013-11-02 21:00:00+00:00,HAKKARİ,30,13.328,1.1780001,0.1,6.849467,51.0,57.744778,818.1558,13.58,Drizzle: Light
2013-11-03 21:00:00+00:00,HAKKARİ,30,14.028,2.328,0.0,5.771239,1.0,46.524975,820.39105,14.74,Mainly clear
2013-11-04 21:00:00+00:00,HAKKARİ,30,14.578,4.228,0.0,6.130579,3.0,41.849598,821.72015,14.54,Overcast
2013-11-05 21:00:00+00:00,HAKKARİ,30,13.328,4.778,0.0,7.4128532,3.0,44.53928,820.4497,14.34,Overcast
2013-11-06 21:00:00+00:00,HAKKARİ,30,13.478,5.1780005,0.0,8.707237,3.0,53.24824,819.3867,11.76,Overcast
2013-11-07 21:00:00+00:00,HAKKARİ,30,10.578,5.9280005,6.5999994,5.506941,61.0,82.62681,817.30176,5.69,Rain: Slight
2013-11-08 21:00:00+00:00,HAKKARİ,30,7.028,4.828,29.1,7.127636,73.0,94.66089,816.5336,5.24,Snow fall: Moderate
2013-11-09 21:00:00+00:00,HAKKARİ,30,7.778,4.278,5.7999997,5.991594,53.0,95.73895,817.89233,3.74,Drizzle: Moderate
2013-11-10 21:00:00+00:00,HAKKARİ,30,10.328,1.9280001,0.5,6.379216,51.0,85.12033,818.35944,10.14,Drizzle: Light
2013-11-11 21:00:00+00:00,HAKKARİ,30,10.728,-0.27199984,0.1,6.2145634,51.0,82.41042,817.29584,11.63,Drizzle: Light
2013-11-12 21:00:00+00:00,HAKKARİ,30,10.328,1.1280001,0.0,7.2359104,3.0,73.25266,814.4958,11.01,Overcast
2013-11-13 21:00:00+00:00,HAKKARİ,30,11.1779995,-1.0219998,0.0,6.489992,3.0,73.67612,814.18463,11.26,Overcast
2013-11-14 21:00:00+00:00,HAKKARİ,30,10.478,1.5780001,0.4,7.24486,71.0,71.582756,814.88477,12.34,Snow fall: Slight
2013-11-15 21:00:00+00:00,HAKKARİ,30,8.578,2.4280002,1.7000002,5.7599998,73.0,79.02809,815.4803,10.02,Snow fall: Moderate
2013-11-16 21:00:00+00:00,HAKKARİ,30,7.778,-0.7219999,2.3000002,5.4477882,73.0,82.66133,815.0441,10.17,Snow fall: Moderate
2013-11-17 21:00:00+00:00,HAKKARİ,30,9.728,0.62800014,0.0,7.771331,2.0,68.68289,816.4598,12.76,Partly cloudy
2013-11-18 21:00:00+00:00,HAKKARİ,30,8.928,-1.3219998,0.0,9.885262,3.0,73.59213,817.8855,9.76,Overcast
2013-11-19 21:00:00+00:00,HAKKARİ,30,5.978,0.5280001,2.3000002,10.296251,73.0,83.31567,816.3686,5.11,Snow fall: Moderate
2013-11-20 21:00:00+00:00,HAKKARİ,30,8.978,1.3280001,0.70000005,7.8625183,71.0,79.81324,813.54474,9.28,Snow fall: Slight
2013-11-21 21:00:00+00:00,HAKKARİ,30,9.978,-0.8219998,0.0,8.311245,3.0,78.62041,812.1784,10.45,Overcast
2013-11-22 21:00:00+00:00,HAKKARİ,30,9.478,1.3280001,0.0,6.297428,3.0,70.496284,813.7764,11.07,Overcast
2013-11-23 21:00:00+00:00,HAKKARİ,30,9.578,-1.4219999,0.0,7.24486,2.0,74.33352,815.3347,11.12,Partly cloudy
2013-11-24 21:00:00+00:00,HAKKARİ,30,8.178,1.6280001,1.5000001,7.491114,53.0,85.5087,816.601,8.97,Drizzle: Moderate
2013-11-25 21:00:00+00:00,HAKKARİ,30,8.428,1.1780001,0.0,6.696387,3.0,82.95457,817.4619,8.42,Overcast
2013-11-26 21:00:00+00:00,HAKKARİ,30,9.228,3.028,7.0999994,7.24486,73.0,83.81519,818.0086,6.99,Snow fall: Moderate
2013-11-27 21:00:00+00:00,HAKKARİ,30,6.1780005,1.9280001,17.800003,6.792466,75.0,98.00727,815.7607,2.93,Snow fall: Heavy
2013-11-28 21:00:00+00:00,HAKKARİ,30,4.078,1.3280001,19.6,7.754637,75.0,98.47961,813.331,4.39,Snow fall: Heavy
2013-11-29 21:00:00+00:00,HAKKARİ,30,2.2280002,-7.5720005,5.6999993,10.495713,73.0,93.54703,813.98175,8.43,Snow fall: Moderate
2013-11-30 21:00:00+00:00,HAKKARİ,30,8.428,-17.072,0.0,11.901798,3.0,50.303593,816.3846,11.7,Overcast
2013-12-01 21:00:00+00:00,HAKKARİ,30,9.378,0.17800009,0.0,5.4119864,3.0,42.0352,817.5842,8.3,Overcast
2013-12-02 21:00:00+00:00,HAKKARİ,30,3.8780003,-1.122,0.5,7.729527,71.0,85.331764,811.22455,6.26,Snow fall: Slight
2013-12-03 21:00:00+00:00,HAKKARİ,30,2.1780002,-6.222,0.0,8.427383,3.0,64.01446,811.003,10.76,Overcast
2013-12-04 21:00:00+00:00,HAKKARİ,30,0.9280001,-5.922,12.1,7.42159,75.0,78.05072,808.4025,2.58,Snow fall: Heavy
2013-12-05 21:00:00+00:00,HAKKARİ,30,2.9780002,-4.1219997,0.0,6.4799995,71.0,86.82435,809.4017,9.15,Snow fall: Slight
2013-12-06 21:00:00+00:00,HAKKARİ,30,1.0780001,-3.522,1.7,7.5942082,73.0,92.52271,813.7486,7.28,Snow fall: Moderate
2013-12-07 21:00:00+00:00,HAKKARİ,30,-0.3219998,-3.3219998,38.6,8.287822,75.0,96.55844,809.36115,2.23,Snow fall: Heavy
2013-12-08 21:00:00+00:00,HAKKARİ,30,-3.4219997,-10.372,0.70000005,7.928178,71.0,84.02958,807.6042,10.48,Snow fall: Slight
2013-12-09 21:00:00+00:00,HAKKARİ,30,-8.0720005,-23.672,0.0,8.669949,3.0,58.89392,806.4312,11.57,Overcast
2013-12-10 21:00:00+00:00,HAKKARİ,30,-8.172,-14.172001,18.6,5.0911684,75.0,82.452354,805.4255,5.45,Snow fall: Heavy
2013-12-11 21:00:00+00:00,HAKKARİ,30,-4.3719997,-8.372,39.099995,5.692099,75.0,91.334724,801.7613,4.28,Snow fall: Heavy
2013-12-12 21:00:00+00:00,HAKKARİ,30,-3.722,-7.5720005,7.5999994,5.692099,73.0,89.17505,808.85345,6.08,Snow fall: Moderate
2013-12-13 21:00:00+00:00,HAKKARİ,30,-4.5719995,-8.8220005,6.2999997,6.379216,73.0,86.98876,809.79126,6.11,Snow fall: Moderate
2013-12-14 21:00:00+00:00,HAKKARİ,30,-1.9719999,-15.8220005,0.0,7.208994,3.0,63.611603,812.02,11.18,Overcast
2013-12-15 21:00:00+00:00,HAKKARİ,30,0.5280001,-13.272,0.0,7.2359104,0.0,55.05637,813.2173,11.33,Clear sky
2013-12-16 21:00:00+00:00,HAKKARİ,30,-0.5719998,-11.122,0.0,12.313893,0.0,58.931545,814.1518,11.35,Clear sky
2013-12-17 21:00:00+00:00,HAKKARİ,30,-0.67199993,-16.172,0.0,13.450708,2.0,65.50782,813.1054,11.19,Partly cloudy
2013-12-18 21:00:00+00:00,HAKKARİ,30,-0.07199979,-8.972,0.0,7.928178,3.0,56.337223,813.1824,10.51,Overcast
2013-12-19 21:00:00+00:00,HAKKARİ,30,0.72800016,-15.722,0.0,9.746631,0.0,59.158688,814.5547,11.42,Clear sky
2013-12-20 21:00:00+00:00,HAKKARİ,30,1.9280001,-15.3220005,0.0,11.183201,0.0,54.853363,814.279,11.34,Clear sky
2013-12-21 21:00:00+00:00,HAKKARİ,30,0.82800007,-12.022,0.0,11.928989,0.0,50.018646,814.9156,11.54,Clear sky
2013-12-22 21:00:00+00:00,HAKKARİ,30,1.7780001,-12.622,0.0,11.609651,0.0,48.200108,816.7691,11.56,Clear sky
2013-12-23 21:00:00+00:00,HAKKARİ,30,2.528,-9.922,0.0,6.4799995,0.0,45.61038,818.4844,11.52,Clear sky
2013-12-24 21:00:00+00:00,HAKKARİ,30,2.1780002,-10.372,0.0,7.928178,3.0,45.544144,818.5539,11.63,Overcast
2013-12-25 21:00:00+00:00,HAKKARİ,30,2.6280003,-8.772,0.0,9.007196,3.0,37.139957,816.4153,11.58,Overcast
2013-12-26 21:00:00+00:00,HAKKARİ,30,2.778,-3.872,0.0,7.5685663,3.0,30.683838,816.79395,7.87,Overcast
2013-12-27 21:00:00+00:00,HAKKARİ,30,3.3780003,-8.8220005,0.0,9.028754,3.0,42.234352,815.5989,11.69,Overcast
2013-12-28 21:00:00+00:00,HAKKARİ,30,3.778,-9.622,0.0,10.823973,3.0,40.93748,813.4012,11.67,Overcast
2013-12-29 21:00:00+00:00,HAKKARİ,30,3.9780002,-5.7720003,2.4,9.726665,73.0,42.879105,812.77515,8.26,Snow fall: Moderate
2013-12-30 21:00:00+00:00,HAKKARİ,30,2.078,-2.522,4.2,5.6920996,73.0,91.76053,813.147,4.41,Snow fall: Moderate
2013-12-31 21:00:00+00:00,HAKKARİ,30,2.378,-6.422,0.0,10.239453,3.0,85.21553,812.507,10.38,Overcast
2014-01-01 21:00:00+00:00,HAKKARİ,30,0.22800016,-9.672,0.0,7.928178,3.0,86.87887,814.66895,10.21,Overcast
2014-01-02 21:00:00+00:00,HAKKARİ,30,-0.3219998,-12.472,0.0,6.849467,3.0,80.064964,814.5425,11.31,Overcast
2014-01-03 21:00:00+00:00,HAKKARİ,30,-0.12199998,-15.872,0.0,7.2359104,0.0,72.809395,813.5464,11.73,Clear sky
2014-01-04 21:00:00+00:00,HAKKARİ,30,-1.1719999,-18.622,0.0,10.105681,2.0,72.71155,810.4636,11.93,Partly cloudy
2014-01-05 21:00:00+00:00,HAKKARİ,30,-3.3219998,-17.822,0.0,13.084402,3.0,79.04037,809.3965,11.89,Overcast
2014-01-06 21:00:00+00:00,HAKKARİ,30,2.528,-16.272,0.0,13.397612,0.0,59.20847,809.491,12.15,Clear sky
2014-01-07 21:00:00+00:00,HAKKARİ,30,2.4280002,-11.372,0.0,9.007196,0.0,52.878403,811.00586,12.26,Clear sky
2014-01-08 21:00:00+00:00,HAKKARİ,30,2.8780003,-16.572,0.0,8.647496,3.0,55.516582,811.98895,12.5,Overcast
2014-01-09 21:00:00+00:00,HAKKARİ,30,3.8780003,-5.222,0.0,6.4799995,3.0,32.66004,812.5988,12.19,Overcast
2014-01-10 21:00:00+00:00,HAKKARİ,30,1.5780001,-11.672,0.0,6.8399997,3.0,49.714115,809.38434,12.11,Overcast
2014-01-11 21:00:00+00:00,HAKKARİ,30,0.07800007,-10.372,0.0,6.8399997,2.0,51.27682,811.9991,12.52,Partly cloudy
2014-01-12 21:00:00+00:00,HAKKARİ,30,-1.872,-8.772,4.1,4.829907,73.0,77.152855,814.4263,8.47,Snow fall: Moderate
2014-01-13 21:00:00+00:00,HAKKARİ,30,-0.07199979,-4.222,3.8,7.145796,73.0,85.78326,813.773,10.34,Snow fall: Moderate
2014-01-14 21:00:00+00:00,HAKKARİ,30,1.6280001,-6.972,0.0,6.489992,3.0,72.35439,815.2061,10.13,Overcast
2014-01-15 21:00:00+00:00,HAKKARİ,30,3.028,-12.3220005,0.0,7.5685663,3.0,57.735264,816.13135,12.19,Overcast
2014-01-16 21:00:00+00:00,HAKKARİ,30,2.278,-4.5220003,0.0,6.12,3.0,56.067684,813.7739,10.19,Overcast
2014-01-17 21:00:00+00:00,HAKKARİ,30,1.4780002,-10.3220005,0.0,9.3876505,0.0,70.86911,811.0525,13.04,Clear sky
2014-01-18 21:00:00+00:00,HAKKARİ,30,6.4280005,-9.3220005,0.0,9.007196,3.0,58.6299,812.8182,12.7,Overcast
2014-01-19 21:00:00+00:00,HAKKARİ,30,4.6280003,-4.972,0.0,5.0528407,0.0,60.00569,814.62256,13.14,Clear sky
2014-01-20 21:00:00+00:00,HAKKARİ,30,4.278,-3.272,0.0,4.802999,3.0,64.91323,814.5804,13.0,Overcast
2014-01-21 21:00:00+00:00,HAKKARİ,30,3.528,-8.3220005,0.70000005,6.519877,73.0,80.39192,813.4687,11.35,Snow fall: Moderate
2014-01-22 21:00:00+00:00,HAKKARİ,30,1.7280002,-2.972,5.3,7.2805495,73.0,95.27615,812.38965,6.29,Snow fall: Moderate
2014-01-23 21:00:00+00:00,HAKKARİ,30,2.2280002,-3.8219998,0.0,5.95906,71.0,83.89114,812.42084,12.08,Snow fall: Slight
2014-01-24 21:00:00+00:00,HAKKARİ,30,1.5280001,-8.472,0.2,5.6920996,71.0,81.04316,812.97736,11.29,Snow fall: Slight
2014-01-25 21:00:00+00:00,HAKKARİ,30,0.6780001,-2.4219997,2.1,6.6185193,73.0,92.29121,813.90137,6.75,Snow fall: Moderate
2014-01-26 21:00:00+00:00,HAKKARİ,30,0.87800014,-3.272,32.5,4.3498964,75.0,91.806526,810.9108,5.02,Snow fall: Heavy
2014-01-27 21:00:00+00:00,HAKKARİ,30,1.2280002,-0.872,63.599987,3.8939953,75.0,97.21848,806.30585,2.31,Snow fall: Heavy
2014-01-28 21:00:00+00:00,HAKKARİ,30,2.4780002,-1.3219998,1.8000002,8.587338,71.0,93.04601,813.252,9.48,Snow fall: Slight
2014-01-29 21:00:00+00:00,HAKKARİ,30,2.278,-1.0719998,9.8,8.217153,75.0,95.119965,813.8882,7.82,Snow fall: Heavy
2014-01-30 21:00:00+00:00,HAKKARİ,30,1.7280002,-5.222,0.2,9.3669195,71.0,79.85129,813.42975,13.79,Snow fall: Slight
2014-01-31 21:00:00+00:00,HAKKARİ,30,-2.1719997,-11.872,0.0,10.464797,3.0,77.40632,813.48486,14.42,Overcast
2014-02-01 21:00:00+00:00,HAKKARİ,30,-8.022,-17.322,0.0,11.609651,2.0,70.41452,811.5983,15.64,Partly cloudy
2014-02-02 21:00:00+00:00,HAKKARİ,30,-7.8220005,-19.272,0.0,10.829958,3.0,71.589935,808.55475,12.74,Overcast
2014-02-03 21:00:00+00:00,HAKKARİ,30,-5.922,-16.722,0.2,9.531505,71.0,73.21354,807.2861,12.02,Snow fall: Slight
2014-02-04 21:00:00+00:00,HAKKARİ,30,-2.1719997,-18.872,0.0,10.823973,3.0,60.095814,806.6047,15.87,Overcast
2014-02-05 21:00:00+00:00,HAKKARİ,30,0.82800007,-12.972,0.0,6.8399997,0.0,42.865498,807.86127,16.26,Clear sky
2014-02-06 21:00:00+00:00,HAKKARİ,30,0.4280001,-11.022,0.0,6.4799995,0.0,41.370434,810.6426,16.42,Clear sky
2014-02-07 21:00:00+00:00,HAKKARİ,30,1.4280001,-11.422,0.0,6.8399997,0.0,40.591457,811.4759,16.68,Clear sky
2014-02-08 21:00:00+00:00,HAKKARİ,30,3.2280002,-11.3220005,0.0,7.208994,3.0,39.619297,812.61383,16.49,Overcast
2014-02-09 21:00:00+00:00,HAKKARİ,30,1.5780001,-7.2720003,0.0,5.4477882,3.0,46.040257,812.31934,16.12,Overcast
2014-02-10 21:00:00+00:00,HAKKARİ,30,3.028,-10.0720005,0.0,9.3669195,3.0,69.13012,810.92773,15.71,Overcast
2014-02-11 21:00:00+00:00,HAKKARİ,30,5.1280003,-12.272,0.0,10.446206,1.0,66.96931,813.13745,16.9,Mainly clear
2014-02-12 21:00:00+00:00,HAKKARİ,30,7.828,-5.6219997,0.0,7.92,0.0,44.512802,813.8655,17.13,Clear sky
2014-02-13 21:00:00+00:00,HAKKARİ,30,5.528,-2.472,0.0,4.3349743,2.0,44.015457,814.36884,17.42,Partly cloudy
2014-02-14 21:00:00+00:00,HAKKARİ,30,3.9780002,-2.3219998,2.1,5.8048253,73.0,56.181793,810.7027,15.47,Snow fall: Moderate
2014-02-15 21:00:00+00:00,HAKKARİ,30,2.128,-2.472,7.7999997,6.12,73.0,91.11819,809.75726,11.89,Snow fall: Moderate
2014-02-16 21:00:00+00:00,HAKKARİ,30,5.528,-5.5719995,0.0,9.726665,2.0,73.14083,810.9963,16.79,Partly cloudy
2014-02-17 21:00:00+00:00,HAKKARİ,30,4.228,-4.3719997,0.0,4.452954,2.0,70.78419,816.03326,16.98,Partly cloudy
2014-02-18 21:00:00+00:00,HAKKARİ,30,5.828,-4.422,0.0,6.130579,1.0,63.60169,816.1198,17.67,Mainly clear
2014-02-19 21:00:00+00:00,HAKKARİ,30,7.078,-7.422,0.0,6.489992,0.0,51.801178,815.50714,18.56,Clear sky
2014-02-20 21:00:00+00:00,HAKKARİ,30,4.978,-3.122,0.0,6.4096174,3.0,62.03146,814.8133,17.48,Overcast
2014-02-21 21:00:00+00:00,HAKKARİ,30,5.528,-4.8719997,0.0,5.2416787,3.0,77.49526,812.9561,15.04,Overcast
2014-02-22 21:00:00+00:00,HAKKARİ,30,7.4280005,-1.7219999,0.0,5.4119864,3.0,62.368313,813.61084,18.03,Overcast
2014-02-23 21:00:00+00:00,HAKKARİ,30,6.6780005,-0.77199984,0.0,5.3999996,0.0,57.58823,816.1589,18.94,Clear sky
2014-02-24 21:00:00+00:00,HAKKARİ,30,6.3780003,-1.4719999,0.0,5.8048253,1.0,63.574764,815.2803,18.85,Mainly clear
2014-02-25 21:00:00+00:00,HAKKARİ,30,3.1280003,-0.12199998,20.900002,5.4119864,75.0,88.00122,814.1184,7.5,Snow fall: Heavy
2014-02-26 21:00:00+00:00,HAKKARİ,30,4.1280003,-1.1719999,0.0,6.489992,71.0,88.03072,814.20557,15.59,Snow fall: Slight
2014-02-27 21:00:00+00:00,HAKKARİ,30,2.828,-1.6719999,1.4000001,7.8954163,73.0,89.41736,812.9089,14.36,Snow fall: Moderate
2014-02-28 21:00:00+00:00,HAKKARİ,30,4.078,-3.9219997,0.0,6.162207,3.0,79.1826,813.6008,18.42,Overcast
2014-03-01 21:00:00+00:00,HAKKARİ,30,6.578,-4.672,0.0,6.130579,3.0,74.774864,813.3713,16.69,Overcast
2014-03-02 21:00:00+00:00,HAKKARİ,30,6.578,2.278,0.0,6.28713,3.0,76.581474,812.7917,15.2,Overcast
2014-03-03 21:00:00+00:00,HAKKARİ,30,3.9780002,1.7280002,26.2,6.162207,75.0,97.45593,810.13324,4.94,Snow fall: Heavy
2014-03-04 21:00:00+00:00,HAKKARİ,30,6.4779997,0.87800014,0.1,7.10031,71.0,83.97753,814.3768,18.2,Snow fall: Slight
2014-03-05 21:00:00+00:00,HAKKARİ,30,6.9280005,-0.42199993,0.0,6.638072,3.0,85.637794,815.002,17.72,Overcast
2014-03-06 21:00:00+00:00,HAKKARİ,30,6.9779997,-0.021999836,0.4,7.6367526,51.0,88.985756,815.68207,16.5,Drizzle: Light
2014-03-07 21:00:00+00:00,HAKKARİ,30,9.828,-1.2219999,0.0,6.489992,3.0,76.33734,818.2644,19.72,Overcast
2014-03-08 21:00:00+00:00,HAKKARİ,30,11.1779995,3.278,0.0,5.4119864,3.0,61.99496,817.78613,18.26,Overcast
2014-03-09 21:00:00+00:00,HAKKARİ,30,8.378,3.528,23.2,6.162207,73.0,79.580925,812.10175,8.29,Snow fall: Moderate
2014-03-10 21:00:00+00:00,HAKKARİ,30,5.1280003,0.87800014,7.8999996,9.511088,71.0,88.83366,810.0556,17.11,Snow fall: Slight
2014-03-11 21:00:00+00:00,HAKKARİ,30,4.1280003,-1.2719998,0.8,6.489992,73.0,82.66238,804.97003,14.52,Snow fall: Moderate
2014-03-12 21:00:00+00:00,HAKKARİ,30,2.578,-1.2219999,8.799999,7.2,73.0,93.388275,806.3531,13.74,Snow fall: Moderate
2014-03-13 21:00:00+00:00,HAKKARİ,30,3.828,-2.472,0.4,6.830519,73.0,81.81335,810.9128,18.44,Snow fall: Moderate
2014-03-14 21:00:00+00:00,HAKKARİ,30,6.1280003,-2.972,0.0,8.669949,3.0,73.807755,810.19116,20.74,Overcast
2014-03-15 21:00:00+00:00,HAKKARİ,30,5.278,-0.07199979,2.3,11.212135,73.0,78.08701,812.7881,18.97,Snow fall: Moderate
2014-03-16 21:00:00+00:00,HAKKARİ,30,2.278,0.37800014,33.7,9.565437,75.0,95.71774,812.93024,5.84,Snow fall: Heavy
2014-03-17 21:00:00+00:00,HAKKARİ,30,2.4780002,1.2780001,35.600002,5.634891,75.0,97.32742,812.84296,5.53,Snow fall: Heavy
2014-03-18 21:00:00+00:00,HAKKARİ,30,5.8780003,-1.7219999,1.1,7.208994,71.0,82.27047,812.9395,20.29,Snow fall: Slight
2014-03-19 21:00:00+00:00,HAKKARİ,30,6.778,-4.3219995,0.0,6.8399997,2.0,73.82836,813.241,23.15,Partly cloudy
2014-03-20 21:00:00+00:00,HAKKARİ,30,8.278,-1.4719999,0.6,8.647496,51.0,68.41735,812.45184,21.24,Drizzle: Light
2014-03-21 21:00:00+00:00,HAKKARİ,30,9.978,-2.6719997,0.0,9.0,0.0,51.70102,814.0546,24.28,Clear sky
2014-03-22 21:00:00+00:00,HAKKARİ,30,8.978,-1.7219999,0.0,6.849467,0.0,57.619694,814.69415,24.29,Clear sky
2014-03-23 21:00:00+00:00,HAKKARİ,30,9.878,-0.9719999,0.0,7.208994,2.0,55.274975,814.4937,24.71,Partly cloudy
2014-03-24 21:00:00+00:00,HAKKARİ,30,9.528,2.1780002,0.0,7.5942073,2.0,57.30483,813.2393,23.52,Partly cloudy
2014-03-25 21:00:00+00:00,HAKKARİ,30,9.128,2.4780002,0.0,7.289444,3.0,67.114586,814.5959,24.0,Overcast
2014-03-26 21:00:00+00:00,HAKKARİ,30,8.728,2.578,0.0,9.339208,3.0,67.70911,814.35297,22.82,Overcast
2014-03-27 21:00:00+00:00,HAKKARİ,30,8.778,1.2780001,1.0,10.966713,73.0,74.06945,813.11066,22.81,Snow fall: Moderate
2014-03-28 21:00:00+00:00,HAKKARİ,30,6.7279997,1.2780001,9.6,10.829959,73.0,90.998535,808.44415,17.05,Snow fall: Moderate
2014-03-29 21:00:00+00:00,HAKKARİ,30,2.928,-3.0719998,49.899998,11.841756,75.0,96.224785,798.426,8.44,Snow fall: Heavy
2014-03-30 21:00:00+00:00,HAKKARİ,30,1.5780001,-7.472,1.6000001,8.473393,73.0,69.22242,803.48676,22.58,Snow fall: Moderate
2014-03-31 21:00:00+00:00,HAKKARİ,30,2.4780002,-9.622,0.0,6.379216,3.0,67.67397,807.65326,26.1,Overcast
2014-04-01 21:00:00+00:00,HAKKARİ,30,5.578,-7.7720003,0.0,7.208994,3.0,60.103268,805.7824,26.38,Overcast
2014-04-02 21:00:00+00:00,HAKKARİ,30,6.8780003,-4.2720003,0.70000005,8.913181,51.0,63.777195,807.79034,24.79,Drizzle: Light
2014-04-03 21:00:00+00:00,HAKKARİ,30,5.8780003,-1.0719998,1.5000001,7.8954163,71.0,76.618225,812.0992,22.18,Snow fall: Slight
2014-04-04 21:00:00+00:00,HAKKARİ,30,8.478,-4.3719997,0.0,7.754637,3.0,70.52897,815.37225,25.77,Overcast
2014-04-05 21:00:00+00:00,HAKKARİ,30,9.078,-0.27199984,0.0,9.422101,3.0,72.16625,818.1309,23.92,Overcast
2014-04-06 21:00:00+00:00,HAKKARİ,30,10.878,3.3780003,0.0,6.4799995,3.0,66.60806,819.49615,24.82,Overcast
2014-04-07 21:00:00+00:00,HAKKARİ,30,11.078,2.928,11.7,12.605142,73.0,78.72733,814.49884,21.99,Snow fall: Moderate
2014-04-08 21:00:00+00:00,HAKKARİ,30,7.4779997,0.9280001,0.2,11.885453,71.0,82.409386,812.05304,24.22,Snow fall: Slight
2014-04-09 21:00:00+00:00,HAKKARİ,30,4.9280005,1.0280001,10.8,6.638072,75.0,92.96838,814.23346,12.08,Snow fall: Heavy
2014-04-10 21:00:00+00:00,HAKKARİ,30,8.928,-0.12199998,0.0,6.696387,2.0,73.77406,816.71686,25.38,Partly cloudy
2014-04-11 21:00:00+00:00,HAKKARİ,30,12.078,1.3280001,0.0,6.12,3.0,53.455013,817.9646,27.13,Overcast
2014-04-12 21:00:00+00:00,HAKKARİ,30,7.078,4.6280003,5.3,6.5693827,73.0,76.211975,814.67,12.15,Snow fall: Moderate
2014-04-13 21:00:00+00:00,HAKKARİ,30,9.578,1.0280001,0.2,6.9899354,51.0,80.465775,814.7378,24.48,Drizzle: Light
2014-04-14 21:00:00+00:00,HAKKARİ,30,9.128,2.028,1.9000001,7.2805495,53.0,87.703255,815.1167,19.02,Drizzle: Moderate
2014-04-15 21:00:00+00:00,HAKKARİ,30,9.528,1.6280001,0.6,7.968939,51.0,86.23934,817.344,19.02,Drizzle: Light
2014-04-16 21:00:00+00:00,HAKKARİ,30,11.9279995,4.528,3.6000001,7.5942073,53.0,74.475296,817.5877,23.43,Drizzle: Moderate
2014-04-17 21:00:00+00:00,HAKKARİ,30,13.778,7.1780005,7.6999993,6.830519,55.0,77.42899,815.2994,21.99,Drizzle: Dense
2014-04-18 21:00:00+00:00,HAKKARİ,30,14.128,1.3280001,0.0,6.792466,3.0,74.72654,817.1705,26.23,Overcast
2014-04-19 21:00:00+00:00,HAKKARİ,30,12.078,2.7280002,0.6,7.386582,53.0,74.18673,816.9946,20.29,Drizzle: Moderate
2014-04-20 21:00:00+00:00,HAKKARİ,30,12.028,1.0780001,1.8000001,10.805998,71.0,80.914024,814.0739,25.66,Snow fall: Slight
2014-04-21 21:00:00+00:00,HAKKARİ,30,11.628,5.078,1.9000002,9.19939,51.0,76.78249,814.4251,22.9,Drizzle: Light
2014-04-22 21:00:00+00:00,HAKKARİ,30,12.028,1.4280001,0.1,8.669949,51.0,71.114174,814.14874,26.36,Drizzle: Light
2014-04-23 21:00:00+00:00,HAKKARİ,30,12.628,-0.92199993,0.0,8.287822,2.0,64.93369,814.33374,29.02,Partly cloudy
2014-04-24 21:00:00+00:00,HAKKARİ,30,14.278,0.87800014,0.3,8.217153,51.0,69.26433,816.4986,25.8,Drizzle: Light
2014-04-25 21:00:00+00:00,HAKKARİ,30,14.578,8.428,2.5,12.43434,61.0,76.81112,816.155,23.87,Rain: Slight
2014-04-26 21:00:00+00:00,HAKKARİ,30,14.278,7.778,1.7,12.031756,51.0,70.75245,815.8746,24.72,Drizzle: Light
2014-04-27 21:00:00+00:00,HAKKARİ,30,13.628,7.3780003,1.4,10.805998,53.0,72.82197,817.9697,22.06,Drizzle: Moderate
2014-04-28 21:00:00+00:00,HAKKARİ,30,14.228,6.2279997,2.7,13.584932,53.0,73.35058,816.2757,23.35,Drizzle: Moderate
2014-04-29 21:00:00+00:00,HAKKARİ,30,14.778,7.3780003,0.0,13.281023,1.0,61.57658,815.7581,28.38,Mainly clear
2014-04-30 21:00:00+00:00,HAKKARİ,30,14.878,6.028,1.8,13.324863,53.0,62.579514,815.77155,25.73,Drizzle: Moderate
2014-05-01 21:00:00+00:00,HAKKARİ,30,14.228,6.078,0.6,13.896187,51.0,56.579605,815.66205,25.02,Drizzle: Light
2014-05-02 21:00:00+00:00,HAKKARİ,30,14.6779995,7.778,0.7,11.090103,53.0,52.64214,814.72174,26.34,Drizzle: Moderate
2014-05-03 21:00:00+00:00,HAKKARİ,30,16.928,1.6780001,0.0,7.653705,2.0,53.229782,816.2312,26.69,Partly cloudy
2014-05-04 21:00:00+00:00,HAKKARİ,30,20.978,2.128,0.4,7.5942073,51.0,54.25472,818.7006,28.66,Drizzle: Light
2014-05-05 21:00:00+00:00,HAKKARİ,30,21.628,4.728,0.0,8.373386,3.0,53.331516,819.1618,25.87,Overcast
2014-05-06 21:00:00+00:00,HAKKARİ,30,21.228,9.028,0.2,8.39657,51.0,55.587353,818.87604,23.52,Drizzle: Light
2014-05-07 21:00:00+00:00,HAKKARİ,30,20.978,11.878,1.3,11.592895,51.0,59.538956,819.9836,18.54,Drizzle: Light
2014-05-08 21:00:00+00:00,HAKKARİ,30,16.828001,11.128,15.000001,10.028439,63.0,79.8806,819.92816,12.27,Rain: Moderate
2014-05-09 21:00:00+00:00,HAKKARİ,30,17.428,10.078,0.9000001,13.004921,51.0,73.11967,818.0479,22.9,Drizzle: Light
2014-05-10 21:00:00+00:00,HAKKARİ,30,19.478,5.728,0.0,9.255571,3.0,57.751663,816.8505,29.74,Overcast
2014-05-11 21:00:00+00:00,HAKKARİ,30,17.978,9.278,1.6,12.605142,61.0,58.60457,817.31665,25.13,Rain: Slight
2014-05-12 21:00:00+00:00,HAKKARİ,30,13.478,7.578,4.1,7.2805495,61.0,79.76913,814.969,14.32,Rain: Slight
2014-05-13 21:00:00+00:00,HAKKARİ,30,13.728,4.828,3.6000001,7.928178,61.0,83.42376,813.469,20.04,Rain: Slight
2014-05-14 21:00:00+00:00,HAKKARİ,30,17.778,2.8780003,1.4000001,8.311245,53.0,76.47674,814.72736,23.52,Drizzle: Moderate
2014-05-15 21:00:00+00:00,HAKKARİ,30,20.578,2.9780002,0.8,6.849467,53.0,70.58965,817.372,26.68,Drizzle: Moderate
2014-05-16 21:00:00+00:00,HAKKARİ,30,21.778,5.1780005,2.8,7.072878,61.0,66.67559,818.9451,25.18,Rain: Slight
2014-05-17 21:00:00+00:00,HAKKARİ,30,20.678,11.4279995,0.0,13.18308,2.0,50.009335,818.81305,28.65,Partly cloudy
2014-05-18 21:00:00+00:00,HAKKARİ,30,16.878,9.678,0.0,15.893093,3.0,45.343243,816.3393,29.65,Overcast
2014-05-19 21:00:00+00:00,HAKKARİ,30,14.478,6.078,1.5000001,11.5199995,51.0,60.91061,813.7031,27.21,Drizzle: Light
2014-05-20 21:00:00+00:00,HAKKARİ,30,15.378,7.2279997,2.6000001,8.12197,51.0,59.714687,815.97266,25.73,Drizzle: Light
2014-05-21 21:00:00+00:00,HAKKARİ,30,14.478,6.8780003,5.799999,11.525623,55.0,76.54006,817.53534,14.22,Drizzle: Dense
2014-05-22 21:00:00+00:00,HAKKARİ,30,17.428,7.9280005,5.6,10.086427,53.0,77.03222,818.93866,23.56,Drizzle: Moderate
2014-05-23 21:00:00+00:00,HAKKARİ,30,20.628,9.128,1.3000001,11.165805,55.0,62.877655,818.3188,25.88,Drizzle: Dense
2014-05-24 21:00:00+00:00,HAKKARİ,30,19.328,11.478,0.3,13.450708,51.0,57.026703,817.6486,29.22,Drizzle: Light
2014-05-25 21:00:00+00:00,HAKKARİ,30,18.978,11.278,0.6,12.475961,53.0,54.745316,818.96063,27.81,Drizzle: Moderate
2014-05-26 21:00:00+00:00,HAKKARİ,30,18.978,10.978,2.4,11.113451,61.0,54.257904,816.701,27.31,Rain: Slight
2014-05-27 21:00:00+00:00,HAKKARİ,30,18.278,10.978,3.7,10.966713,53.0,63.7399,815.697,24.11,Drizzle: Moderate
2014-05-28 21:00:00+00:00,HAKKARİ,30,19.378,9.028,0.0,10.163227,3.0,68.73666,818.44464,26.4,Overcast
2014-05-29 21:00:00+00:00,HAKKARİ,30,22.678,6.9779997,0.0,8.350138,3.0,56.80692,819.1613,28.95,Overcast
2014-05-30 21:00:00+00:00,HAKKARİ,30,24.328,11.728,0.0,9.931042,2.0,44.598312,819.46924,29.51,Partly cloudy
2014-05-31 21:00:00+00:00,HAKKARİ,30,23.878,15.478,1.9,13.358861,55.0,39.54981,818.4711,26.77,Drizzle: Dense
2014-06-01 21:00:00+00:00,HAKKARİ,30,19.428,13.1779995,1.5,13.910169,53.0,44.46419,816.07025,24.56,Drizzle: Moderate
2014-06-02 21:00:00+00:00,HAKKARİ,30,17.728,9.578,0.0,11.592895,2.0,56.996838,815.0302,29.64,Partly cloudy
2014-06-03 21:00:00+00:00,HAKKARİ,30,19.678,5.078,0.0,7.5942082,3.0,58.658447,816.77997,24.82,Overcast
2014-06-04 21:00:00+00:00,HAKKARİ,30,20.778,9.028,2.6999998,8.404285,61.0,62.19098,818.84393,22.79,Rain: Slight
2014-06-05 21:00:00+00:00,HAKKARİ,30,20.778,10.578,1.5000001,14.05845,51.0,57.886078,815.1853,25.55,Drizzle: Light
2014-06-06 21:00:00+00:00,HAKKARİ,30,20.478,12.628,0.0,12.24,1.0,44.679,817.043,30.63,Mainly clear
2014-06-07 21:00:00+00:00,HAKKARİ,30,21.728,11.978,0.0,14.241629,2.0,45.84076,818.4158,26.65,Partly cloudy
2014-06-08 21:00:00+00:00,HAKKARİ,30,23.278,14.228,0.4,14.84318,51.0,36.026634,819.50446,28.74,Drizzle: Light
2014-06-09 21:00:00+00:00,HAKKARİ,30,25.328,13.028,0.0,12.229406,2.0,32.78188,819.03925,29.97,Partly cloudy
2014-06-10 21:00:00+00:00,HAKKARİ,30,24.078,14.528,0.1,14.113652,51.0,34.8773,815.0122,28.7,Drizzle: Light
2014-06-11 21:00:00+00:00,HAKKARİ,30,18.728,11.728,3.4,10.587917,53.0,57.8338,811.6667,25.47,Drizzle: Moderate
2014-06-12 21:00:00+00:00,HAKKARİ,30,18.128,7.328,5.4,8.427383,61.0,74.82901,811.597,22.9,Rain: Slight
2014-06-13 21:00:00+00:00,HAKKARİ,30,21.378,7.3780003,0.2,7.653705,51.0,54.513943,816.39703,27.45,Drizzle: Light
2014-06-14 21:00:00+00:00,HAKKARİ,30,23.528,11.378,0.0,9.885262,1.0,43.947433,819.0933,30.05,Mainly clear
2014-06-15 21:00:00+00:00,HAKKARİ,30,23.228,11.728,0.0,7.92,1.0,42.377205,819.0737,28.54,Mainly clear
2014-06-16 21:00:00+00:00,HAKKARİ,30,24.028,13.778,0.1,8.427383,51.0,43.107975,818.2773,28.43,Drizzle: Light
2014-06-17 21:00:00+00:00,HAKKARİ,30,25.378,12.528,0.0,9.422101,2.0,47.86968,817.6287,26.8,Partly cloudy
2014-06-18 21:00:00+00:00,HAKKARİ,30,27.078,14.228,0.0,8.707238,2.0,43.537094,816.6509,29.75,Partly cloudy
2014-06-19 21:00:00+00:00,HAKKARİ,30,27.828,17.228,0.0,12.015589,1.0,37.23955,816.551,30.18,Mainly clear
2014-06-20 21:00:00+00:00,HAKKARİ,30,26.778,17.078001,0.0,10.787993,0.0,28.398003,818.11163,31.45,Clear sky
2014-06-21 21:00:00+00:00,HAKKARİ,30,25.178,15.028,0.0,11.367109,0.0,27.195482,819.0075,31.67,Clear sky
2014-06-22 21:00:00+00:00,HAKKARİ,30,26.278,9.878,0.0,10.24578,0.0,32.865517,818.478,31.51,Clear sky
2014-06-23 21:00:00+00:00,HAKKARİ,30,25.428,13.6779995,0.0,8.12197,1.0,39.567135,817.47614,29.31,Mainly clear
2014-06-24 21:00:00+00:00,HAKKARİ,30,25.678,13.6779995,0.5,9.255571,51.0,44.973034,816.4664,28.88,Drizzle: Light
2014-06-25 21:00:00+00:00,HAKKARİ,30,26.078,12.278,0.0,9.47012,2.0,43.592316,817.3929,28.85,Partly cloudy
2014-06-26 21:00:00+00:00,HAKKARİ,30,28.628,14.578,0.0,8.311245,2.0,39.932663,820.6636,29.58,Partly cloudy
2014-06-27 21:00:00+00:00,HAKKARİ,30,28.778,16.378,0.0,11.177405,2.0,36.604694,821.5516,28.68,Partly cloudy
2014-06-28 21:00:00+00:00,HAKKARİ,30,28.578,17.378,0.0,13.441071,1.0,32.378284,820.0625,29.34,Mainly clear
2014-06-29 21:00:00+00:00,HAKKARİ,30,28.428,15.828,0.0,10.703569,0.0,24.041945,820.847,31.36,Clear sky
2014-06-30 21:00:00+00:00,HAKKARİ,30,29.128,14.628,0.0,8.311245,1.0,31.03833,822.03107,30.95,Mainly clear
2014-07-01 21:00:00+00:00,HAKKARİ,30,29.378,16.028,0.0,8.473393,0.0,39.026768,821.1811,28.94,Clear sky
2014-07-02 21:00:00+00:00,HAKKARİ,30,27.778,14.328,0.0,10.966713,1.0,52.870373,818.4803,28.25,Mainly clear
2014-07-03 21:00:00+00:00,HAKKARİ,30,26.728,13.378,0.0,9.387651,2.0,56.551254,815.5367,26.95,Partly cloudy
2014-07-04 21:00:00+00:00,HAKKARİ,30,27.428,16.228,0.2,11.570515,51.0,47.77132,817.17865,24.72,Drizzle: Light
2014-07-05 21:00:00+00:00,HAKKARİ,30,26.928,18.928,0.0,15.141414,3.0,37.1175,819.32056,25.6,Overcast
2014-07-06 21:00:00+00:00,HAKKARİ,30,27.528,19.928,0.0,12.783802,0.0,29.601862,819.48785,30.53,Clear sky
2014-07-07 21:00:00+00:00,HAKKARİ,30,27.028,15.128,0.0,10.587917,0.0,31.06407,817.1279,30.85,Clear sky
2014-07-08 21:00:00+00:00,HAKKARİ,30,26.178,17.528,0.0,11.592895,2.0,34.6583,816.6292,27.14,Partly cloudy
2014-07-09 21:00:00+00:00,HAKKARİ,30,28.328,17.228,0.0,10.028439,0.0,29.790998,817.7852,30.77,Clear sky
2014-07-10 21:00:00+00:00,HAKKARİ,30,30.278,15.978,0.0,7.5942073,0.0,27.957039,819.5528,30.23,Clear sky
2014-07-11 21:00:00+00:00,HAKKARİ,30,31.728,18.428,0.0,10.8955765,1.0,28.065615,820.42,29.08,Mainly clear
2014-07-12 21:00:00+00:00,HAKKARİ,30,31.428,20.278,0.0,13.797912,1.0,30.235933,818.1511,28.33,Mainly clear
2014-07-13 21:00:00+00:00,HAKKARİ,30,30.328,20.128,0.0,11.212135,0.0,26.805845,817.2725,30.4,Clear sky
2014-07-14 21:00:00+00:00,HAKKARİ,30,30.078,17.328001,0.0,11.542478,2.0,38.226704,818.2358,28.83,Partly cloudy
2014-07-15 21:00:00+00:00,HAKKARİ,30,31.178,18.728,0.0,12.371645,0.0,33.599934,819.82745,30.1,Clear sky
2014-07-16 21:00:00+00:00,HAKKARİ,30,32.728,19.228,0.0,12.074766,0.0,25.953163,819.54364,30.7,Clear sky
2014-07-17 21:00:00+00:00,HAKKARİ,30,32.078,20.078,0.0,10.594036,0.0,21.047865,818.20953,31.23,Clear sky
2014-07-18 21:00:00+00:00,HAKKARİ,30,31.478,17.628,0.0,11.874544,0.0,19.397215,816.7085,31.43,Clear sky
2014-07-19 21:00:00+00:00,HAKKARİ,30,29.528,18.078,0.0,13.138765,0.0,26.295443,815.1928,30.58,Clear sky
2014-07-20 21:00:00+00:00,HAKKARİ,30,24.378,17.128,0.0,12.864649,3.0,42.69777,815.2351,23.82,Overcast
2014-07-21 21:00:00+00:00,HAKKARİ,30,24.378,15.9279995,0.0,8.427383,3.0,49.52124,816.7759,20.02,Overcast
2014-07-22 21:00:00+00:00,HAKKARİ,30,27.628,15.228,0.0,8.4042845,3.0,42.78661,818.0586,22.28,Overcast
2014-07-23 21:00:00+00:00,HAKKARİ,30,30.778,15.778,0.0,9.6932955,0.0,30.567049,818.03705,30.01,Clear sky
2014-07-24 21:00:00+00:00,HAKKARİ,30,31.778,19.678,0.0,11.212135,0.0,28.74595,817.4807,29.72,Clear sky
2014-07-25 21:00:00+00:00,HAKKARİ,30,30.778,21.028,0.0,11.928989,0.0,34.39195,818.86896,28.72,Clear sky
2014-07-26 21:00:00+00:00,HAKKARİ,30,28.728,19.528,0.0,11.384198,0.0,32.23943,820.56,30.07,Clear sky
2014-07-27 21:00:00+00:00,HAKKARİ,30,28.678,14.578,0.0,7.8625183,3.0,33.552418,818.59735,24.63,Overcast
2014-07-28 21:00:00+00:00,HAKKARİ,30,29.828,15.878,0.0,9.0,2.0,36.648674,817.9441,27.3,Partly cloudy
2014-07-29 21:00:00+00:00,HAKKARİ,30,29.978,15.778,0.0,8.766573,2.0,35.51444,817.87256,27.98,Partly cloudy
2014-07-30 21:00:00+00:00,HAKKARİ,30,30.828,17.978,0.0,9.9571085,2.0,30.991766,817.8967,29.04,Partly cloudy
2014-07-31 21:00:00+00:00,HAKKARİ,30,31.628,19.428,0.0,10.30883,0.0,26.678667,818.48785,29.36,Clear sky
2014-08-01 21:00:00+00:00,HAKKARİ,30,32.278,19.828,0.0,11.525623,0.0,24.397001,818.45917,28.39,Clear sky
2014-08-02 21:00:00+00:00,HAKKARİ,30,30.778,20.528,0.0,12.849528,0.0,27.031565,816.98834,28.79,Clear sky
2014-08-03 21:00:00+00:00,HAKKARİ,30,28.728,19.128,0.0,11.183201,2.0,35.118805,814.9141,26.99,Partly cloudy
2014-08-04 21:00:00+00:00,HAKKARİ,30,27.228,17.178,0.0,11.792404,1.0,40.142216,814.2618,28.59,Mainly clear
2014-08-05 21:00:00+00:00,HAKKARİ,30,26.478,17.928,0.0,12.57426,2.0,46.366947,815.8071,24.02,Partly cloudy
2014-08-06 21:00:00+00:00,HAKKARİ,30,28.928,15.728,0.0,9.449572,0.0,39.961197,817.7421,28.27,Clear sky
2014-08-07 21:00:00+00:00,HAKKARİ,30,30.728,16.428,0.0,9.904906,0.0,33.18493,818.6219,28.79,Clear sky
2014-08-08 21:00:00+00:00,HAKKARİ,30,31.428,19.328,0.0,11.874544,0.0,27.041588,817.91895,28.84,Clear sky
2014-08-09 21:00:00+00:00,HAKKARİ,30,30.428,18.228,0.0,11.304229,0.0,24.125658,819.2695,29.39,Clear sky
2014-08-10 21:00:00+00:00,HAKKARİ,30,30.278,15.778,0.0,10.308831,0.0,22.39421,819.7466,29.47,Clear sky
2014-08-11 21:00:00+00:00,HAKKARİ,30,30.428,15.728,0.0,10.823973,0.0,25.769114,818.31415,28.42,Clear sky
2014-08-12 21:00:00+00:00,HAKKARİ,30,30.678,17.078001,0.0,8.647496,2.0,29.909624,819.62256,27.48,Partly cloudy
2014-08-13 21:00:00+00:00,HAKKARİ,30,31.428,17.078001,0.0,9.449572,0.0,34.28301,822.7332,27.71,Clear sky
2014-08-14 21:00:00+00:00,HAKKARİ,30,32.178,15.728,0.0,10.24578,2.0,36.574566,822.19794,26.73,Partly cloudy
2014-08-15 21:00:00+00:00,HAKKARİ,30,32.028,19.928,0.0,11.304229,1.0,25.144598,818.9783,26.61,Mainly clear
2014-08-16 21:00:00+00:00,HAKKARİ,30,30.578,19.478,0.0,11.885453,1.0,26.773117,818.897,25.45,Mainly clear
2014-08-17 21:00:00+00:00,HAKKARİ,30,30.978,19.928,0.0,11.457958,2.0,24.356165,821.5372,27.21,Partly cloudy
2014-08-18 21:00:00+00:00,HAKKARİ,30,30.078,20.528,0.0,14.84318,3.0,26.712358,824.72736,22.94,Overcast
2014-08-19 21:00:00+00:00,HAKKARİ,30,29.428,19.828,0.0,14.561099,2.0,28.383978,825.58673,23.4,Partly cloudy
2014-08-20 21:00:00+00:00,HAKKARİ,30,29.878,19.078,0.0,11.090103,0.0,23.451769,823.27295,27.32,Clear sky
2014-08-21 21:00:00+00:00,HAKKARİ,30,27.928,16.928,0.1,9.178235,51.0,41.232807,820.4605,21.19,Drizzle: Light
2014-08-22 21:00:00+00:00,HAKKARİ,30,29.178,15.1779995,0.0,10.990322,2.0,45.11259,819.87787,24.56,Partly cloudy
2014-08-23 21:00:00+00:00,HAKKARİ,30,28.778,18.378,0.0,9.931042,2.0,35.25645,821.04193,22.96,Partly cloudy
2014-08-24 21:00:00+00:00,HAKKARİ,30,29.278,18.728,0.0,6.8399997,2.0,32.48531,823.3763,24.18,Partly cloudy
2014-08-25 21:00:00+00:00,HAKKARİ,30,29.928,19.178,0.0,7.2,3.0,30.330004,823.55853,21.91,Overcast
2014-08-26 21:00:00+00:00,HAKKARİ,30,31.178,19.328,0.0,9.339208,3.0,24.300386,822.92096,23.88,Overcast
2014-08-27 21:00:00+00:00,HAKKARİ,30,31.478,19.228,0.0,10.739833,0.0,23.858347,821.9395,24.98,Clear sky
2014-08-28 21:00:00+00:00,HAKKARİ,30,29.028,20.328,0.0,9.726664,1.0,25.967316,821.247,22.98,Mainly clear
2014-08-29 21:00:00+00:00,HAKKARİ,30,29.928,19.878,0.0,11.090103,1.0,24.794365,820.5035,24.7,Mainly clear
2014-08-30 21:00:00+00:00,HAKKARİ,30,29.378,17.178,0.0,9.47012,0.0,28.087128,820.6421,23.76,Clear sky
2014-08-31 21:00:00+00:00,HAKKARİ,30,29.928,18.478,0.0,10.703569,0.0,28.808168,819.8569,25.17,Clear sky
2014-09-01 21:00:00+00:00,HAKKARİ,30,30.178,18.628,0.0,11.874544,0.0,24.367317,820.05865,25.6,Clear sky
2014-09-02 21:00:00+00:00,HAKKARİ,30,29.478,18.028,0.0,12.10157,2.0,28.642977,821.2283,23.75,Partly cloudy
2014-09-03 21:00:00+00:00,HAKKARİ,30,28.228,18.578,0.0,11.726277,0.0,33.611813,819.7268,24.73,Clear sky
2014-09-04 21:00:00+00:00,HAKKARİ,30,28.828,14.6779995,0.0,11.681987,2.0,32.78575,817.07227,23.95,Partly cloudy
2014-09-05 21:00:00+00:00,HAKKARİ,30,26.078,16.778,0.0,10.636766,3.0,37.32114,818.2298,21.18,Overcast
2014-09-06 21:00:00+00:00,HAKKARİ,30,25.928,16.178,0.0,10.739833,0.0,37.48233,820.02344,24.51,Clear sky
2014-09-07 21:00:00+00:00,HAKKARİ,30,25.978,13.578,0.0,10.587917,0.0,38.425045,820.3338,24.4,Clear sky
2014-09-08 21:00:00+00:00,HAKKARİ,30,25.328,13.1779995,0.0,10.630672,0.0,41.851887,819.5444,24.2,Clear sky
2014-09-09 21:00:00+00:00,HAKKARİ,30,25.928,12.978,0.0,10.137692,0.0,39.589817,819.7053,23.92,Clear sky
2014-09-10 21:00:00+00:00,HAKKARİ,30,26.578,13.778,0.0,10.30883,0.0,31.282806,820.92755,24.28,Clear sky
2014-09-11 21:00:00+00:00,HAKKARİ,30,27.078,11.578,0.0,10.739833,0.0,23.451447,820.074,24.33,Clear sky
2014-09-12 21:00:00+00:00,HAKKARİ,30,26.628,11.578,0.0,9.346143,0.0,25.379915,819.4228,23.87,Clear sky
2014-09-13 21:00:00+00:00,HAKKARİ,30,24.978,13.978,0.0,10.587917,0.0,35.551292,818.7788,23.09,Clear sky
2014-09-14 21:00:00+00:00,HAKKARİ,30,24.678,13.078,0.0,12.10157,0.0,39.975674,818.6413,23.1,Clear sky
2014-09-15 21:00:00+00:00,HAKKARİ,30,22.528,14.128,0.4,12.24,51.0,41.680096,817.1204,20.36,Drizzle: Light
2014-09-16 21:00:00+00:00,HAKKARİ,30,22.478,12.728,0.4,11.246759,51.0,47.31543,818.054,20.17,Drizzle: Light
2014-09-17 21:00:00+00:00,HAKKARİ,30,23.328,12.6779995,0.0,10.97262,0.0,45.700848,820.6392,22.25,Clear sky
2014-09-18 21:00:00+00:00,HAKKARİ,30,23.528,12.878,0.1,12.682018,51.0,49.267063,822.5689,20.4,Drizzle: Light
2014-09-19 21:00:00+00:00,HAKKARİ,30,21.278,13.6779995,0.8000001,13.661038,51.0,55.04735,819.4856,17.32,Drizzle: Light
2014-09-20 21:00:00+00:00,HAKKARİ,30,21.878,12.978,0.4,14.145756,51.0,46.214886,816.56055,21.02,Drizzle: Light
2014-09-21 21:00:00+00:00,HAKKARİ,30,20.278,9.978,0.0,10.966713,1.0,40.696915,817.179,21.91,Mainly clear
2014-09-22 21:00:00+00:00,HAKKARİ,30,20.078,10.328,0.0,10.799999,3.0,48.210743,818.46924,16.52,Overcast
2014-09-23 21:00:00+00:00,HAKKARİ,30,20.378,10.478,0.0,13.891522,3.0,60.787388,818.6077,15.25,Overcast
2014-09-24 21:00:00+00:00,HAKKARİ,30,18.728,11.828,2.1,11.246759,51.0,69.43935,816.7971,15.3,Drizzle: Light
2014-09-25 21:00:00+00:00,HAKKARİ,30,20.778,5.3780003,0.0,11.457958,1.0,51.570827,816.16724,20.8,Mainly clear
2014-09-26 21:00:00+00:00,HAKKARİ,30,20.478,9.628,0.0,11.592894,0.0,36.461807,819.1788,20.88,Clear sky
2014-09-27 21:00:00+00:00,HAKKARİ,30,19.278,10.778,9.299999,16.1198,63.0,62.431625,819.9121,17.23,Rain: Moderate
2014-09-28 21:00:00+00:00,HAKKARİ,30,17.628,10.778,11.100001,10.483357,61.0,71.71683,819.3885,17.79,Rain: Slight
2014-09-29 21:00:00+00:00,HAKKARİ,30,17.128,8.428,0.0,10.685391,2.0,61.941357,819.1275,18.32,Partly cloudy
2014-09-30 21:00:00+00:00,HAKKARİ,30,18.328,8.528,0.0,9.673221,1.0,59.105896,820.70776,18.75,Mainly clear
2014-10-01 21:00:00+00:00,HAKKARİ,30,18.578,9.928,3.6999998,9.007196,55.0,65.79707,820.84454,13.65,Drizzle: Dense
2014-10-02 21:00:00+00:00,HAKKARİ,30,17.778,7.4280005,7.4999995,8.39657,61.0,73.24226,819.8851,15.93,Rain: Slight
2014-10-03 21:00:00+00:00,HAKKARİ,30,17.078001,8.728,0.0,8.311245,3.0,69.05186,820.6614,13.55,Overcast
2014-10-04 21:00:00+00:00,HAKKARİ,30,17.528,9.728,0.0,13.363711,2.0,64.98759,822.04425,17.4,Partly cloudy
2014-10-05 21:00:00+00:00,HAKKARİ,30,18.528,9.478,0.0,10.00256,1.0,61.40947,823.18945,16.27,Mainly clear
2014-10-06 21:00:00+00:00,HAKKARİ,30,19.528,6.6280003,0.0,8.0899935,2.0,52.75471,821.8496,16.72,Partly cloudy
2014-10-07 21:00:00+00:00,HAKKARİ,30,17.378,8.678,0.6,7.5685663,53.0,65.54727,821.3259,15.31,Drizzle: Moderate
2014-10-08 21:00:00+00:00,HAKKARİ,30,18.628,5.4280005,0.4,9.19939,51.0,67.68683,820.967,16.48,Drizzle: Light
2014-10-09 21:00:00+00:00,HAKKARİ,30,18.128,3.6280003,0.3,9.511088,51.0,61.8642,822.30597,16.77,Drizzle: Light
2014-10-10 21:00:00+00:00,HAKKARİ,30,18.328,9.678,0.4,6.792466,51.0,58.60709,823.6923,14.53,Drizzle: Light
2014-10-11 21:00:00+00:00,HAKKARİ,30,18.528,6.278,0.4,9.255571,51.0,71.86647,821.73627,15.65,Drizzle: Light
2014-10-12 21:00:00+00:00,HAKKARİ,30,16.878,7.7279997,1.0,7.7043357,51.0,69.75604,820.99384,15.29,Drizzle: Light
2014-10-13 21:00:00+00:00,HAKKARİ,30,17.228,4.978,0.6,7.172949,51.0,68.10605,820.82526,15.13,Drizzle: Light
2014-10-14 21:00:00+00:00,HAKKARİ,30,15.278,9.028,2.3,7.2805495,51.0,81.10583,821.07086,12.15,Drizzle: Light
2014-10-15 21:00:00+00:00,HAKKARİ,30,15.078,6.9280005,1.8000002,8.714677,53.0,74.59129,820.6485,15.76,Drizzle: Moderate
2014-10-16 21:00:00+00:00,HAKKARİ,30,9.528,6.028,4.6000004,6.12,53.0,90.52139,816.4207,5.82,Drizzle: Moderate
2014-10-17 21:00:00+00:00,HAKKARİ,30,10.4279995,5.3780003,5.5999994,7.42159,53.0,90.376305,814.017,4.55,Drizzle: Moderate
2014-10-18 21:00:00+00:00,HAKKARİ,30,7.9280005,4.528,32.399998,8.427383,73.0,97.47547,810.89056,2.37,Snow fall: Moderate
2014-10-19 21:00:00+00:00,HAKKARİ,30,4.3780003,0.62800014,34.4,10.086427,75.0,89.0908,810.07306,5.58,Snow fall: Heavy
2014-10-20 21:00:00+00:00,HAKKARİ,30,8.478,-0.021999836,1.1000001,9.904906,51.0,87.922676,812.25604,8.46,Drizzle: Light
2014-10-21 21:00:00+00:00,HAKKARİ,30,9.228,-1.7219999,0.0,7.9932976,2.0,85.94623,817.2534,15.8,Partly cloudy
2014-10-22 21:00:00+00:00,HAKKARİ,30,12.728,-1.4719999,0.0,7.2359104,3.0,68.71437,817.65826,14.5,Overcast
2014-10-23 21:00:00+00:00,HAKKARİ,30,14.578,-0.42199993,0.0,6.830519,1.0,71.885704,816.9915,16.25,Mainly clear
2014-10-24 21:00:00+00:00,HAKKARİ,30,14.1779995,-0.7219999,0.0,7.145796,3.0,80.15038,816.2285,14.68,Overcast
2014-10-25 21:00:00+00:00,HAKKARİ,30,14.228,1.6780001,0.0,7.208994,3.0,77.866264,817.7697,13.72,Overcast
2014-10-26 21:00:00+00:00,HAKKARİ,30,12.978,2.028,0.8,5.771239,51.0,76.5201,820.30884,12.46,Drizzle: Light
2014-10-27 21:00:00+00:00,HAKKARİ,30,14.228,1.9280001,0.5,7.5942073,53.0,74.89391,819.76074,13.94,Drizzle: Moderate
2014-10-28 21:00:00+00:00,HAKKARİ,30,13.328,0.6780001,0.5,7.9932976,51.0,75.230125,818.4585,13.17,Drizzle: Light
2014-10-29 21:00:00+00:00,HAKKARİ,30,12.6779995,0.5280001,0.4,6.162207,51.0,74.61843,816.95135,13.4,Drizzle: Light
2014-10-30 21:00:00+00:00,HAKKARİ,30,10.578,2.678,5.6,7.2,73.0,82.751755,813.13763,9.96,Snow fall: Moderate
2014-10-31 21:00:00+00:00,HAKKARİ,30,6.3780003,2.6280003,2.7,7.628263,71.0,92.04245,811.26276,6.44,Snow fall: Slight
2014-11-01 21:00:00+00:00,HAKKARİ,30,5.8780003,2.028,6.7,9.983106,73.0,89.983955,811.34595,9.69,Snow fall: Moderate
2014-11-02 21:00:00+00:00,HAKKARİ,30,4.328,0.27800012,6.1,8.4963045,73.0,77.4195,810.6499,12.93,Snow fall: Moderate
2014-11-03 21:00:00+00:00,HAKKARİ,30,4.028,-3.9219997,2.9,7.5685663,73.0,68.437126,810.93365,13.72,Snow fall: Moderate
2014-11-04 21:00:00+00:00,HAKKARİ,30,4.328,-6.672,0.6,11.792404,73.0,60.006485,816.0324,15.29,Snow fall: Moderate
2014-11-05 21:00:00+00:00,HAKKARİ,30,8.278,-4.0220003,0.0,11.212135,0.0,45.222244,818.8931,15.1,Clear sky
2014-11-06 21:00:00+00:00,HAKKARİ,30,11.578,-1.872,0.0,11.570515,0.0,37.95089,820.6412,14.89,Clear sky
2014-11-07 21:00:00+00:00,HAKKARİ,30,11.728,-2.972,0.0,8.287822,0.0,47.13577,821.13055,14.71,Clear sky
2014-11-08 21:00:00+00:00,HAKKARİ,30,11.128,-3.1719997,0.0,7.2,1.0,48.972122,820.8692,14.59,Mainly clear
2014-11-09 21:00:00+00:00,HAKKARİ,30,11.378,-2.5719998,0.0,7.5685663,2.0,44.903637,820.03174,14.32,Partly cloudy
2014-11-10 21:00:00+00:00,HAKKARİ,30,12.128,-0.52199984,0.0,6.849467,2.0,45.759106,818.3851,13.2,Partly cloudy
2014-11-11 21:00:00+00:00,HAKKARİ,30,10.978,0.22800016,0.0,7.9932976,0.0,54.65802,817.384,13.53,Clear sky
2014-11-12 21:00:00+00:00,HAKKARİ,30,9.678,1.4280001,0.0,7.342588,2.0,55.53832,817.67706,13.46,Partly cloudy
2014-11-13 21:00:00+00:00,HAKKARİ,30,9.578,3.028,0.1,6.4799995,71.0,57.70338,819.6318,9.74,Snow fall: Slight
2014-11-14 21:00:00+00:00,HAKKARİ,30,9.978,4.3780003,1.3000001,6.638072,73.0,67.563644,819.6114,10.13,Snow fall: Moderate
2014-11-15 21:00:00+00:00,HAKKARİ,30,8.328,2.928,4.8,6.130579,75.0,68.20847,816.9934,7.65,Snow fall: Heavy
2014-11-16 21:00:00+00:00,HAKKARİ,30,3.928,1.2780001,14.6,6.28713,75.0,95.69785,815.262,5.61,Snow fall: Heavy
2014-11-17 21:00:00+00:00,HAKKARİ,30,8.728,-4.472,0.0,7.5685663,3.0,78.7554,816.074,11.47,Overcast
2014-11-18 21:00:00+00:00,HAKKARİ,30,8.928,-7.5720005,0.0,8.669949,3.0,75.30837,817.6548,12.7,Overcast
2014-11-19 21:00:00+00:00,HAKKARİ,30,7.278,-0.8219998,0.0,5.7599998,3.0,72.36453,817.86774,12.34,Overcast
2014-11-20 21:00:00+00:00,HAKKARİ,30,7.6780005,-0.37199998,3.9,6.87779,73.0,72.8218,815.04706,11.47,Snow fall: Moderate
2014-11-21 21:00:00+00:00,HAKKARİ,30,2.828,-0.9719999,32.700005,7.69592,75.0,96.51236,808.832,4.3,Snow fall: Heavy
2014-11-22 21:00:00+00:00,HAKKARİ,30,2.028,-5.0719995,0.3,5.4477882,71.0,86.08907,810.449,11.04,Snow fall: Slight
2014-11-23 21:00:00+00:00,HAKKARİ,30,2.1780002,-5.172,0.3,5.8603754,71.0,87.3837,811.7513,9.2,Snow fall: Slight
2014-11-24 21:00:00+00:00,HAKKARİ,30,4.1780005,-8.472,0.0,7.9932976,2.0,81.520874,810.35675,10.49,Partly cloudy
2014-11-25 21:00:00+00:00,HAKKARİ,30,2.928,-9.422,5.3,7.9526596,73.0,91.66329,810.9312,6.71,Snow fall: Moderate
2014-11-26 21:00:00+00:00,HAKKARİ,30,1.9280001,-1.5219998,26.199999,5.3999996,75.0,94.82658,811.32306,7.84,Snow fall: Heavy
2014-11-27 21:00:00+00:00,HAKKARİ,30,1.3280001,-6.722,0.0,6.12,71.0,82.209236,814.3889,11.8,Snow fall: Slight
2014-11-28 21:00:00+00:00,HAKKARİ,30,2.278,-15.222,0.0,9.0,3.0,78.117935,811.82074,11.69,Overcast
2014-11-29 21:00:00+00:00,HAKKARİ,30,2.028,-16.922,0.0,8.64,3.0,67.20026,810.6972,11.84,Overcast
2014-11-30 21:00:00+00:00,HAKKARİ,30,-0.22199988,-4.3719997,4.4,5.495161,73.0,89.026855,812.96484,4.93,Snow fall: Moderate
2014-12-01 21:00:00+00:00,HAKKARİ,30,2.1780002,-1.5219998,4.2,6.4096174,73.0,89.38156,814.96826,8.49,Snow fall: Moderate
2014-12-02 21:00:00+00:00,HAKKARİ,30,3.778,-1.5219998,0.1,7.208994,71.0,92.552376,819.10864,5.42,Snow fall: Slight
2014-12-03 21:00:00+00:00,HAKKARİ,30,5.828,-4.8219995,0.0,9.028754,3.0,78.05413,819.60004,11.11,Overcast
2014-12-04 21:00:00+00:00,HAKKARİ,30,5.728,-2.372,0.2,6.489992,51.0,75.6996,816.2749,9.92,Drizzle: Light
2014-12-05 21:00:00+00:00,HAKKARİ,30,5.778,-7.1219997,0.0,7.928178,3.0,87.44468,816.70795,10.72,Overcast
2014-12-06 21:00:00+00:00,HAKKARİ,30,6.278,-3.522,0.0,8.759178,3.0,84.44788,819.206,8.59,Overcast
2014-12-07 21:00:00+00:00,HAKKARİ,30,7.078,-2.272,2.1,5.7599998,73.0,87.67294,819.25977,7.05,Snow fall: Moderate
2014-12-08 21:00:00+00:00,HAKKARİ,30,7.2279997,-4.3719997,0.0,6.130579,3.0,83.43534,817.4763,9.23,Overcast
2014-12-09 21:00:00+00:00,HAKKARİ,30,3.4780002,0.97800016,10.900001,3.6179552,75.0,89.6004,819.0623,3.88,Snow fall: Heavy
2014-12-10 21:00:00+00:00,HAKKARİ,30,7.1280003,-5.972,0.0,9.726665,3.0,73.107285,818.2237,10.85,Overcast
2014-12-11 21:00:00+00:00,HAKKARİ,30,8.528,-8.672,0.0,7.5599995,3.0,50.694687,816.0972,8.56,Overcast
2014-12-12 21:00:00+00:00,HAKKARİ,30,2.9780002,0.9280001,25.199999,4.5536795,75.0,62.430737,816.2795,3.14,Snow fall: Heavy
2014-12-13 21:00:00+00:00,HAKKARİ,30,4.228,1.2280002,2.3,4.452954,73.0,93.24676,817.1894,5.01,Snow fall: Moderate
2014-12-14 21:00:00+00:00,HAKKARİ,30,5.078,-0.9719999,0.0,5.2416787,71.0,86.208,816.2004,8.54,Snow fall: Slight
2014-12-15 21:00:00+00:00,HAKKARİ,30,4.4280005,-4.8219995,0.0,7.928178,3.0,81.515495,816.7166,9.67,Overcast
2014-12-16 21:00:00+00:00,HAKKARİ,30,4.528,-9.8220005,0.0,9.36,3.0,70.824295,816.8814,10.8,Overcast
2014-12-17 21:00:00+00:00,HAKKARİ,30,3.8780003,-4.222,0.0,5.4119864,3.0,46.498127,815.6435,6.79,Overcast
2014-12-18 21:00:00+00:00,HAKKARİ,30,1.6280001,-3.372,0.0,5.4477882,71.0,65.76574,815.62994,10.54,Snow fall: Slight
2014-12-19 21:00:00+00:00,HAKKARİ,30,3.028,-2.772,0.0,5.771239,71.0,83.34859,814.29144,8.73,Snow fall: Slight
2014-12-20 21:00:00+00:00,HAKKARİ,30,2.378,-9.0720005,0.0,10.086427,3.0,77.20217,811.1586,10.58,Overcast
2014-12-21 21:00:00+00:00,HAKKARİ,30,0.62800014,-8.5720005,0.5,5.4119864,71.0,80.24503,809.6148,9.22,Snow fall: Slight
2014-12-22 21:00:00+00:00,HAKKARİ,30,0.57800007,-3.722,5.7999997,5.692099,73.0,94.11181,809.5423,6.02,Snow fall: Moderate
2014-12-23 21:00:00+00:00,HAKKARİ,30,0.82800007,-8.672,0.0,9.3876505,3.0,76.83925,815.0547,10.71,Overcast
2014-12-24 21:00:00+00:00,HAKKARİ,30,4.578,-13.672,0.0,7.2359104,1.0,67.76779,815.3511,11.1,Mainly clear
2014-12-25 21:00:00+00:00,HAKKARİ,30,2.928,-6.472,0.0,5.0528407,3.0,46.184376,815.5005,11.41,Overcast
2014-12-26 21:00:00+00:00,HAKKARİ,30,-0.07199979,-5.7720003,0.7,3.6179552,71.0,66.87907,814.64874,5.21,Snow fall: Slight
2014-12-27 21:00:00+00:00,HAKKARİ,30,2.4780002,-2.472,2.7,7.172949,73.0,93.54464,815.3985,5.91,Snow fall: Moderate
2014-12-28 21:00:00+00:00,HAKKARİ,30,3.1280003,-7.2720003,0.0,6.87779,3.0,85.51939,814.6445,10.4,Overcast
2014-12-29 21:00:00+00:00,HAKKARİ,30,5.028,-8.172,0.0,8.311245,3.0,86.29055,812.2972,10.66,Overcast
2014-12-30 21:00:00+00:00,HAKKARİ,30,4.1280003,-12.372,0.0,6.489992,3.0,67.25345,810.89667,11.35,Overcast
2014-12-31 21:00:00+00:00,HAKKARİ,30,1.3780001,-13.972,0.3,4.0249224,71.0,76.38853,812.8588,7.21,Snow fall: Slight
2015-01-01 21:00:00+00:00,HAKKARİ,30,1.7780001,-3.1719997,5.799999,5.8603754,73.0,92.432526,814.63696,6.04,Snow fall: Moderate
2015-01-02 21:00:00+00:00,HAKKARİ,30,0.37800014,-4.3719997,5.3,8.287822,73.0,91.237114,812.292,7.11,Snow fall: Moderate
2015-01-03 21:00:00+00:00,HAKKARİ,30,-0.12199998,-4.3219995,6.9999986,7.729527,73.0,90.786385,809.0981,8.5,Snow fall: Moderate
2015-01-04 21:00:00+00:00,HAKKARİ,30,-0.872,-5.0220003,7.3,8.350138,73.0,93.84928,810.9664,4.65,Snow fall: Moderate
2015-01-05 21:00:00+00:00,HAKKARİ,30,-0.12199998,-4.1219997,11.6,7.9932976,75.0,92.27767,812.2134,7.87,Snow fall: Heavy
2015-01-06 21:00:00+00:00,HAKKARİ,30,-1.8219998,-5.0719995,31.699997,8.707238,75.0,93.60139,806.041,7.02,Snow fall: Heavy
2015-01-07 21:00:00+00:00,HAKKARİ,30,-4.5220003,-7.722,15.799998,7.5170207,75.0,89.195015,805.7612,6.2,Snow fall: Heavy
2015-01-08 21:00:00+00:00,HAKKARİ,30,-5.922,-10.3220005,2.1999998,6.725354,73.0,73.82946,810.9694,10.11,Snow fall: Moderate
2015-01-09 21:00:00+00:00,HAKKARİ,30,-6.0720005,-14.922001,0.0,9.028754,71.0,79.08395,808.10254,9.33,Snow fall: Slight
2015-01-10 21:00:00+00:00,HAKKARİ,30,-6.0720005,-14.722,0.0,5.506941,71.0,76.20326,812.3387,11.37,Snow fall: Slight
2015-01-11 21:00:00+00:00,HAKKARİ,30,0.4280001,-15.0720005,0.0,7.6367526,3.0,56.642628,815.2614,12.42,Overcast
2015-01-12 21:00:00+00:00,HAKKARİ,30,4.778,-5.5719995,0.0,5.771239,3.0,53.617855,817.27075,12.52,Overcast
2015-01-13 21:00:00+00:00,HAKKARİ,30,4.8780003,-3.1719997,0.0,6.2145634,3.0,44.130054,816.8509,10.86,Overcast
2015-01-14 21:00:00+00:00,HAKKARİ,30,4.3780003,-3.772,3.0000002,5.495161,73.0,41.42132,813.61646,12.64,Snow fall: Moderate
2015-01-15 21:00:00+00:00,HAKKARİ,30,-2.022,-4.8219995,14.0,5.2416787,73.0,89.605125,812.7993,4.74,Snow fall: Moderate
2015-01-16 21:00:00+00:00,HAKKARİ,30,0.37800014,-10.272,0.0,8.28,2.0,74.98082,812.14594,12.76,Partly cloudy
2015-01-17 21:00:00+00:00,HAKKARİ,30,0.7780001,-14.172001,0.0,9.726665,2.0,72.213615,811.8016,12.9,Partly cloudy
2015-01-18 21:00:00+00:00,HAKKARİ,30,3.3780003,-11.272,0.0,11.183201,0.0,54.258656,812.16425,13.41,Clear sky
2015-01-19 21:00:00+00:00,HAKKARİ,30,5.328,-6.972,0.0,8.64,3.0,46.652683,811.9848,12.96,Overcast
2015-01-20 21:00:00+00:00,HAKKARİ,30,6.3780003,-5.3719997,0.0,7.208994,3.0,46.526535,814.96606,13.14,Overcast
2015-01-21 21:00:00+00:00,HAKKARİ,30,2.778,-5.3219995,0.0,7.2,1.0,55.755543,814.99493,13.45,Mainly clear
2015-01-22 21:00:00+00:00,HAKKARİ,30,2.928,-13.672,0.0,7.928178,3.0,66.40684,813.60156,13.74,Overcast
2015-01-23 21:00:00+00:00,HAKKARİ,30,2.7280002,-9.872,0.0,6.8399997,0.0,53.990223,814.7055,14.07,Clear sky
2015-01-24 21:00:00+00:00,HAKKARİ,30,4.278,-4.7720003,0.0,5.0528407,3.0,41.74871,816.5932,12.96,Overcast
2015-01-25 21:00:00+00:00,HAKKARİ,30,2.9780002,-2.022,0.0,3.6179552,3.0,42.291195,815.60986,13.58,Overcast
2015-01-26 21:00:00+00:00,HAKKARİ,30,3.278,-2.772,0.0,4.32,3.0,66.39629,813.45465,13.49,Overcast
2015-01-27 21:00:00+00:00,HAKKARİ,30,1.5280001,-6.672,18.3,5.506941,75.0,82.358246,810.20703,11.01,Snow fall: Heavy
2015-01-28 21:00:00+00:00,HAKKARİ,30,0.4280001,-3.872,3.8,6.28713,75.0,88.65939,809.76495,11.83,Snow fall: Heavy
2015-01-29 21:00:00+00:00,HAKKARİ,30,0.7780001,-9.372,1.7000002,6.130579,73.0,71.933014,809.4416,13.45,Snow fall: Moderate
2015-01-30 21:00:00+00:00,HAKKARİ,30,0.47800016,-8.722,0.1,5.771239,71.0,70.243866,813.0205,14.39,Snow fall: Slight
2015-01-31 21:00:00+00:00,HAKKARİ,30,3.578,-6.672,0.0,6.9899354,3.0,73.30253,814.38776,14.02,Overcast
2015-02-01 21:00:00+00:00,HAKKARİ,30,8.628,-6.3719997,0.0,6.87779,3.0,58.279587,812.5085,14.94,Overcast
2015-02-02 21:00:00+00:00,HAKKARİ,30,4.478,0.37800014,0.0,3.2399998,3.0,49.64915,812.8203,10.29,Overcast
2015-02-03 21:00:00+00:00,HAKKARİ,30,2.828,-1.122,6.9,7.771331,73.0,82.427025,812.4675,9.05,Snow fall: Moderate
2015-02-04 21:00:00+00:00,HAKKARİ,30,2.778,-6.672,0.2,5.4119864,71.0,74.31019,814.8942,15.16,Snow fall: Slight
2015-02-05 21:00:00+00:00,HAKKARİ,30,6.078,-9.3220005,0.0,7.208994,3.0,47.906803,813.5972,16.05,Overcast
2015-02-06 21:00:00+00:00,HAKKARİ,30,2.378,-1.872,0.0,5.3999996,3.0,48.011612,810.9241,14.16,Overcast
2015-02-07 21:00:00+00:00,HAKKARİ,30,1.8780001,-1.7719998,4.3000007,7.42159,73.0,89.70156,805.2368,8.4,Snow fall: Moderate
2015-02-08 21:00:00+00:00,HAKKARİ,30,1.0780001,-1.372,24.000004,7.208994,75.0,96.51941,805.30963,5.01,Snow fall: Heavy
2015-02-09 21:00:00+00:00,HAKKARİ,30,1.8280001,-2.522,17.900003,6.130579,75.0,94.33676,805.7988,9.66,Snow fall: Heavy
2015-02-10 21:00:00+00:00,HAKKARİ,30,2.278,-2.1719997,16.599998,5.8048253,75.0,92.49069,806.25543,8.02,Snow fall: Heavy
2015-02-11 21:00:00+00:00,HAKKARİ,30,-0.22199988,-4.0719995,6.8999996,6.2145634,73.0,88.42504,809.465,11.49,Snow fall: Moderate
2015-02-12 21:00:00+00:00,HAKKARİ,30,0.17800009,-7.172,0.0,5.7599998,3.0,78.45733,812.06976,16.42,Overcast
2015-02-13 21:00:00+00:00,HAKKARİ,30,-0.67199993,-4.8719997,2.1,6.4799995,73.0,79.1952,812.0105,14.74,Snow fall: Moderate
2015-02-14 21:00:00+00:00,HAKKARİ,30,-0.42199993,-6.0720005,4.6999993,6.489992,73.0,77.45287,812.08014,15.26,Snow fall: Moderate
2015-02-15 21:00:00+00:00,HAKKARİ,30,0.47800016,-8.372,0.0,5.0528407,3.0,81.88831,810.02155,12.34,Overcast
2015-02-16 21:00:00+00:00,HAKKARİ,30,0.17800009,-3.872,2.1000004,7.5170207,73.0,87.30674,810.5769,13.63,Snow fall: Moderate
2015-02-17 21:00:00+00:00,HAKKARİ,30,1.0280001,-3.9219997,6.5000005,7.69592,73.0,89.6427,812.0711,12.87,Snow fall: Moderate
2015-02-18 21:00:00+00:00,HAKKARİ,30,1.0280001,-7.0720005,4.5,6.28713,73.0,86.00082,807.02686,13.82,Snow fall: Moderate
2015-02-19 21:00:00+00:00,HAKKARİ,30,-0.67199993,-3.3219998,20.1,5.634891,75.0,88.23239,798.81647,7.02,Snow fall: Heavy
2015-02-20 21:00:00+00:00,HAKKARİ,30,-1.6719999,-5.672,16.300001,7.342588,75.0,83.48141,802.82715,14.34,Snow fall: Heavy
2015-02-21 21:00:00+00:00,HAKKARİ,30,2.328,-9.222,0.0,10.446206,2.0,67.83268,811.38116,17.44,Partly cloudy
2015-02-22 21:00:00+00:00,HAKKARİ,30,3.828,-12.422,0.0,9.3876505,2.0,61.074276,814.78815,19.13,Partly cloudy
2015-02-23 21:00:00+00:00,HAKKARİ,30,3.778,-7.722,0.0,7.5599995,3.0,47.186493,812.8549,18.58,Overcast
2015-02-24 21:00:00+00:00,HAKKARİ,30,1.6280001,-3.522,1.5000001,6.725354,73.0,71.689995,812.7971,13.67,Snow fall: Moderate
2015-02-25 21:00:00+00:00,HAKKARİ,30,6.028,-5.7720003,0.0,9.746631,3.0,75.38624,815.23346,18.91,Overcast
2015-02-26 21:00:00+00:00,HAKKARİ,30,8.978,-6.922,0.0,10.853866,2.0,59.60449,816.47186,19.75,Partly cloudy
2015-02-27 21:00:00+00:00,HAKKARİ,30,5.778,0.17800009,0.2,6.28713,71.0,49.464447,812.7295,20.09,Snow fall: Slight
2015-02-28 21:00:00+00:00,HAKKARİ,30,4.528,-1.2719998,0.0,8.707237,2.0,78.71796,811.18744,17.49,Partly cloudy
2015-03-01 21:00:00+00:00,HAKKARİ,30,2.828,-6.3719997,2.6,7.289445,73.0,87.95522,809.3408,13.58,Snow fall: Moderate
2015-03-02 21:00:00+00:00,HAKKARİ,30,2.528,-1.122,3.4000003,6.9899354,73.0,93.38104,811.4295,13.46,Snow fall: Moderate
2015-03-03 21:00:00+00:00,HAKKARİ,30,2.378,-2.272,3.4,7.0911775,73.0,89.669,810.88837,15.96,Snow fall: Moderate
2015-03-04 21:00:00+00:00,HAKKARİ,30,2.278,-5.1219997,3.0,8.669949,73.0,69.11274,812.28485,19.27,Snow fall: Moderate
2015-03-05 21:00:00+00:00,HAKKARİ,30,4.6780005,-7.6219997,0.0,9.746631,0.0,50.49565,818.27167,21.21,Clear sky
2015-03-06 21:00:00+00:00,HAKKARİ,30,8.878,-2.472,0.0,6.8399997,3.0,51.783787,817.78125,20.29,Overcast
2015-03-07 21:00:00+00:00,HAKKARİ,30,7.1780005,1.3780001,0.0,5.4833565,3.0,55.770428,816.7729,18.02,Overcast
2015-03-08 21:00:00+00:00,HAKKARİ,30,7.528,-0.3219998,0.0,6.989936,1.0,62.872677,815.67816,21.38,Mainly clear
2015-03-09 21:00:00+00:00,HAKKARİ,30,8.378,-3.872,0.0,9.028754,0.0,59.125523,818.2966,21.56,Clear sky
2015-03-10 21:00:00+00:00,HAKKARİ,30,10.378,-3.4219997,0.0,10.495713,3.0,50.321423,817.94855,22.51,Overcast
2015-03-11 21:00:00+00:00,HAKKARİ,30,9.928,1.3780001,2.7,7.5170207,73.0,48.51347,815.51117,17.06,Snow fall: Moderate
2015-03-12 21:00:00+00:00,HAKKARİ,30,5.1280003,0.87800014,9.9,5.4477882,75.0,84.722885,814.85016,13.62,Snow fall: Heavy
2015-03-13 21:00:00+00:00,HAKKARİ,30,6.778,-1.0719998,0.0,5.771239,3.0,69.937164,815.02686,21.57,Overcast
2015-03-14 21:00:00+00:00,HAKKARİ,30,6.828,1.8280001,0.0,6.6087217,3.0,74.397705,814.471,20.02,Overcast
2015-03-15 21:00:00+00:00,HAKKARİ,30,2.778,-1.372,13.900001,6.297428,75.0,93.75891,811.8596,9.12,Snow fall: Heavy
2015-03-16 21:00:00+00:00,HAKKARİ,30,2.2280002,-1.0219998,10.099999,5.8603754,73.0,94.584816,813.1232,11.43,Snow fall: Moderate
2015-03-17 21:00:00+00:00,HAKKARİ,30,5.228,-3.522,0.0,7.6367526,3.0,72.42791,814.4868,22.65,Overcast
2015-03-18 21:00:00+00:00,HAKKARİ,30,6.828,-0.7219999,0.6,5.495161,71.0,54.771496,812.7254,23.34,Snow fall: Slight
2015-03-19 21:00:00+00:00,HAKKARİ,30,2.6280003,-0.8219998,24.7,6.725354,75.0,92.97115,808.78973,9.67,Snow fall: Heavy
2015-03-20 21:00:00+00:00,HAKKARİ,30,2.828,-1.6719999,11.599999,7.172949,73.0,89.81143,810.2087,16.16,Snow fall: Moderate
2015-03-21 21:00:00+00:00,HAKKARİ,30,0.82800007,-4.0719995,19.6,8.669949,75.0,89.9624,806.6635,16.73,Snow fall: Heavy
2015-03-22 21:00:00+00:00,HAKKARİ,30,3.328,-5.3219995,0.0,8.854829,71.0,85.5907,812.0405,20.89,Snow fall: Slight
2015-03-23 21:00:00+00:00,HAKKARİ,30,2.528,-1.6719999,2.2,8.209263,71.0,87.68304,815.42267,16.19,Snow fall: Slight
2015-03-24 21:00:00+00:00,HAKKARİ,30,4.228,-0.47199988,7.6999993,5.6920996,73.0,87.12579,815.7077,16.58,Snow fall: Moderate
2015-03-25 21:00:00+00:00,HAKKARİ,30,6.3780003,-1.372,1.4,9.021574,73.0,72.339134,815.6382,22.33,Snow fall: Moderate
2015-03-26 21:00:00+00:00,HAKKARİ,30,9.428,-5.422,0.0,7.5685663,3.0,58.996227,817.0153,25.23,Overcast
2015-03-27 21:00:00+00:00,HAKKARİ,30,8.928,2.2280002,0.0,5.506941,3.0,43.2126,816.3204,21.59,Overcast
2015-03-28 21:00:00+00:00,HAKKARİ,30,7.9779997,1.7780001,8.2,5.2416787,73.0,72.63441,813.8918,18.39,Snow fall: Moderate
2015-03-29 21:00:00+00:00,HAKKARİ,30,5.228,0.62800014,33.400005,6.830519,75.0,97.089195,807.5765,10.12,Snow fall: Heavy
2015-03-30 21:00:00+00:00,HAKKARİ,30,4.728,1.1780001,4.6000004,8.049845,73.0,94.33437,809.4588,13.33,Snow fall: Moderate
2015-03-31 21:00:00+00:00,HAKKARİ,30,7.6780005,1.4280001,0.0,6.696387,3.0,81.05268,809.738,22.24,Overcast
2015-04-01 21:00:00+00:00,HAKKARİ,30,7.578,-0.52199984,0.70000005,9.290511,51.0,84.2323,809.63794,20.7,Drizzle: Light
2015-04-02 21:00:00+00:00,HAKKARİ,30,7.578,1.3780001,0.4,9.339208,51.0,86.727295,808.945,20.57,Drizzle: Light
2015-04-03 21:00:00+00:00,HAKKARİ,30,5.578,2.2280002,10.8,7.2805495,73.0,97.44293,807.9921,8.82,Snow fall: Moderate
2015-04-04 21:00:00+00:00,HAKKARİ,30,8.278,0.37800014,0.0,7.24486,3.0,77.10764,813.16046,24.6,Overcast
2015-04-05 21:00:00+00:00,HAKKARİ,30,10.6779995,-1.4219999,0.0,6.12,3.0,64.967964,815.86035,26.49,Overcast
2015-04-06 21:00:00+00:00,HAKKARİ,30,11.228,3.828,0.0,7.42159,3.0,58.04135,814.8669,26.37,Overcast
2015-04-07 21:00:00+00:00,HAKKARİ,30,10.6779995,5.228,2.7,12.245293,53.0,76.53379,815.79376,22.14,Drizzle: Moderate
2015-04-08 21:00:00+00:00,HAKKARİ,30,13.1779995,5.4280005,2.9000003,13.910169,53.0,69.29215,814.49945,24.97,Drizzle: Moderate
2015-04-09 21:00:00+00:00,HAKKARİ,30,9.028,4.328,29.300001,9.178235,63.0,93.401,810.24884,10.4,Rain: Moderate
2015-04-10 21:00:00+00:00,HAKKARİ,30,4.728,2.528,24.600002,7.928178,75.0,95.68277,809.5354,10.52,Snow fall: Heavy
2015-04-11 21:00:00+00:00,HAKKARİ,30,6.078,1.0280001,8.0,7.9526596,75.0,76.374725,810.20776,24.06,Snow fall: Heavy
2015-04-12 21:00:00+00:00,HAKKARİ,30,2.2280002,-1.4719999,26.899998,7.342588,75.0,94.204384,810.5901,11.95,Snow fall: Heavy
2015-04-13 21:00:00+00:00,HAKKARİ,30,3.278,-0.8219998,3.9999998,7.2805495,73.0,88.607994,814.5285,22.99,Snow fall: Moderate
2015-04-14 21:00:00+00:00,HAKKARİ,30,5.728,-1.8219998,0.0,5.506941,3.0,77.92309,815.383,27.43,Overcast
2015-04-15 21:00:00+00:00,HAKKARİ,30,9.978,0.6780001,0.0,6.830519,3.0,56.15239,815.7178,26.66,Overcast
2015-04-16 21:00:00+00:00,HAKKARİ,30,9.178,3.928,0.4,7.729527,51.0,67.18917,817.8469,23.73,Drizzle: Light
2015-04-17 21:00:00+00:00,HAKKARİ,30,10.778,-2.0719998,0.0,8.287822,2.0,72.62923,815.49713,27.78,Partly cloudy
2015-04-18 21:00:00+00:00,HAKKARİ,30,10.778,0.32800007,0.0,9.931042,3.0,77.191765,814.2758,26.7,Overcast
2015-04-19 21:00:00+00:00,HAKKARİ,30,9.678,2.328,1.5,14.386494,51.0,82.47525,813.04926,21.99,Drizzle: Light
2015-04-20 21:00:00+00:00,HAKKARİ,30,9.028,3.9780002,5.1,13.363711,73.0,73.27953,810.18677,21.5,Snow fall: Moderate
2015-04-21 21:00:00+00:00,HAKKARİ,30,8.578,2.9780002,2.3000002,15.629971,71.0,81.43612,808.12555,24.64,Snow fall: Slight
2015-04-22 21:00:00+00:00,HAKKARİ,30,6.4779997,0.7780001,14.900001,8.654986,75.0,95.2308,809.13983,14.84,Snow fall: Heavy
2015-04-23 21:00:00+00:00,HAKKARİ,30,3.178,-1.122,13.5,9.793058,73.0,91.62032,810.62604,20.65,Snow fall: Moderate
2015-04-24 21:00:00+00:00,HAKKARİ,30,9.628,-2.272,0.0,6.87779,3.0,65.971985,816.9522,28.08,Overcast
2015-04-25 21:00:00+00:00,HAKKARİ,30,10.478,2.078,0.0,6.849467,3.0,55.62187,817.95905,28.97,Overcast
2015-04-26 21:00:00+00:00,HAKKARİ,30,11.078,2.9780002,0.0,7.7879906,3.0,57.826538,817.1285,29.07,Overcast
2015-04-27 21:00:00+00:00,HAKKARİ,30,12.478,5.1780005,0.0,10.495713,3.0,57.414684,818.3461,28.18,Overcast
2015-04-28 21:00:00+00:00,HAKKARİ,30,14.4279995,4.028,0.0,7.072878,2.0,59.61089,818.535,29.12,Partly cloudy
2015-04-29 21:00:00+00:00,HAKKARİ,30,15.228,7.028,0.0,13.441071,3.0,56.60066,816.4629,28.22,Overcast
2015-04-30 21:00:00+00:00,HAKKARİ,30,13.6779995,6.9280005,0.0,8.825508,0.0,45.596848,814.5486,30.15,Clear sky
2015-05-01 21:00:00+00:00,HAKKARİ,30,12.278,4.8780003,0.5,11.91812,51.0,61.57776,814.51166,28.22,Drizzle: Light
2015-05-02 21:00:00+00:00,HAKKARİ,30,11.628,1.4280001,0.0,7.5685663,3.0,73.9815,814.02325,28.79,Overcast
2015-05-03 21:00:00+00:00,HAKKARİ,30,8.628,4.8780003,6.0,6.638072,61.0,84.27336,813.0137,13.93,Rain: Slight
2015-05-04 21:00:00+00:00,HAKKARİ,30,11.228,3.1280003,3.6,7.5685663,61.0,87.16562,810.60693,23.31,Rain: Slight
2015-05-05 21:00:00+00:00,HAKKARİ,30,11.028,-0.22199988,5.0,10.464797,61.0,89.114876,809.92255,23.21,Rain: Slight
2015-05-06 21:00:00+00:00,HAKKARİ,30,12.378,-1.3219998,1.8000001,9.957108,53.0,70.252205,810.8034,28.48,Drizzle: Moderate
2015-05-07 21:00:00+00:00,HAKKARİ,30,13.228,3.278,0.0,9.339208,3.0,60.24139,813.1756,29.06,Overcast
2015-05-08 21:00:00+00:00,HAKKARİ,30,14.528,5.9280005,0.3,10.799999,51.0,60.525803,812.5372,26.83,Drizzle: Light
2015-05-09 21:00:00+00:00,HAKKARİ,30,12.478,8.328,2.7,10.587917,55.0,71.328705,811.85254,22.39,Drizzle: Dense
2015-05-10 21:00:00+00:00,HAKKARİ,30,12.828,6.9280005,4.4,8.905908,53.0,84.19396,814.0474,22.99,Drizzle: Moderate
2015-05-11 21:00:00+00:00,HAKKARİ,30,12.378,8.578,5.1,8.759178,55.0,79.96528,816.7769,21.92,Drizzle: Dense
2015-05-12 21:00:00+00:00,HAKKARİ,30,15.078,8.378,1.6,15.978484,53.0,63.46672,815.1536,27.33,Drizzle: Moderate
2015-05-13 21:00:00+00:00,HAKKARİ,30,12.028,8.378,6.2000003,5.8603754,61.0,73.79182,814.0835,17.19,Rain: Slight
2015-05-14 21:00:00+00:00,HAKKARİ,30,11.328,5.828,6.7000003,9.0,55.0,84.860374,817.05273,19.51,Drizzle: Dense
2015-05-15 21:00:00+00:00,HAKKARİ,30,17.478,-1.0219998,0.0,7.5685663,3.0,63.126537,819.68335,28.59,Overcast
2015-05-16 21:00:00+00:00,HAKKARİ,30,18.778,4.1280003,1.7,7.5685663,61.0,59.02382,818.8359,27.51,Rain: Slight
2015-05-17 21:00:00+00:00,HAKKARİ,30,20.328,5.078,0.0,7.928178,2.0,51.97732,818.5728,29.69,Partly cloudy
2015-05-18 21:00:00+00:00,HAKKARİ,30,22.178,5.828,0.0,7.928178,3.0,49.027725,818.70166,28.19,Overcast
2015-05-19 21:00:00+00:00,HAKKARİ,30,22.078,7.1780005,0.0,7.172949,2.0,54.285946,818.9297,27.67,Partly cloudy
2015-05-20 21:00:00+00:00,HAKKARİ,30,23.028,6.3780003,1.7,6.989936,61.0,58.018097,819.03,26.95,Rain: Slight
2015-05-21 21:00:00+00:00,HAKKARİ,30,21.028,10.278,1.5,9.826088,55.0,54.470364,818.43634,19.55,Drizzle: Dense
2015-05-22 21:00:00+00:00,HAKKARİ,30,19.728,12.078,0.4,15.683776,51.0,55.272816,815.7011,27.32,Drizzle: Light
2015-05-23 21:00:00+00:00,HAKKARİ,30,18.328,9.178,3.2000003,8.557102,61.0,72.641106,817.33325,23.43,Rain: Slight
2015-05-24 21:00:00+00:00,HAKKARİ,30,18.178,5.828,1.4000001,9.565437,51.0,80.52624,818.12946,23.39,Drizzle: Light
2015-05-25 21:00:00+00:00,HAKKARİ,30,19.278,3.828,0.7,13.104198,51.0,64.39463,817.9626,27.45,Drizzle: Light
2015-05-26 21:00:00+00:00,HAKKARİ,30,20.578,11.128,0.1,10.636766,51.0,48.104244,819.03253,28.52,Drizzle: Light
2015-05-27 21:00:00+00:00,HAKKARİ,30,19.978,11.4279995,0.6,12.224107,51.0,54.79494,817.4238,25.29,Drizzle: Light
2015-05-28 21:00:00+00:00,HAKKARİ,30,21.028,13.728,0.0,16.055353,1.0,37.962902,814.7935,29.81,Mainly clear
2015-05-29 21:00:00+00:00,HAKKARİ,30,19.828,11.4279995,0.3,13.1041975,51.0,50.838497,818.7531,26.15,Drizzle: Light
2015-05-30 21:00:00+00:00,HAKKARİ,30,21.028,12.9279995,0.0,10.805999,3.0,44.720688,821.1633,30.3,Overcast
2015-05-31 21:00:00+00:00,HAKKARİ,30,22.928,13.028,0.6,10.296251,51.0,53.471966,822.9893,23.93,Drizzle: Light
2015-06-01 21:00:00+00:00,HAKKARİ,30,24.428,7.828,0.3,8.759178,51.0,64.99081,822.3068,25.21,Drizzle: Light
2015-06-02 21:00:00+00:00,HAKKARİ,30,26.028,13.028,0.0,14.869351,3.0,48.073406,820.7177,27.08,Overcast
2015-06-03 21:00:00+00:00,HAKKARİ,30,24.128,14.6779995,0.0,13.392774,2.0,37.742657,822.071,30.07,Partly cloudy
2015-06-04 21:00:00+00:00,HAKKARİ,30,24.628,14.878,1.4000001,8.0899935,53.0,38.464626,820.38745,25.39,Drizzle: Moderate
2015-06-05 21:00:00+00:00,HAKKARİ,30,23.928,18.228,0.0,13.627795,2.0,27.65093,820.9217,31.03,Partly cloudy
2015-06-06 21:00:00+00:00,HAKKARİ,30,24.128,13.228,0.0,9.826088,3.0,32.446804,821.7398,31.09,Overcast
2015-06-07 21:00:00+00:00,HAKKARİ,30,24.428,12.528,0.0,8.905908,1.0,48.319653,821.8074,29.31,Mainly clear
2015-06-08 21:00:00+00:00,HAKKARİ,30,25.778,14.978,0.0,10.182337,2.0,40.233437,822.04486,30.57,Partly cloudy
2015-06-09 21:00:00+00:00,HAKKARİ,30,24.578,15.6779995,0.3,16.375053,51.0,37.542316,819.6246,29.28,Drizzle: Light
2015-06-10 21:00:00+00:00,HAKKARİ,30,23.278,14.978,0.0,12.303366,0.0,35.637726,817.61334,31.23,Clear sky
2015-06-11 21:00:00+00:00,HAKKARİ,30,23.228,12.278,0.0,10.464797,0.0,39.495934,818.41156,31.2,Clear sky
2015-06-12 21:00:00+00:00,HAKKARİ,30,25.628,10.6779995,0.0,9.531505,0.0,38.126682,818.4537,31.0,Clear sky
2015-06-13 21:00:00+00:00,HAKKARİ,30,25.778,13.9279995,0.0,10.805999,0.0,38.832867,817.6548,30.6,Clear sky
2015-06-14 21:00:00+00:00,HAKKARİ,30,24.628,15.028,0.0,11.183201,0.0,36.539825,815.541,30.95,Clear sky
2015-06-15 21:00:00+00:00,HAKKARİ,30,22.928,14.128,0.1,10.931203,51.0,46.327347,814.61664,27.01,Drizzle: Light
2015-06-16 21:00:00+00:00,HAKKARİ,30,22.478,13.878,0.0,9.746631,2.0,51.232864,814.1368,25.45,Partly cloudy
2015-06-17 21:00:00+00:00,HAKKARİ,30,23.278,14.128,0.0,9.387651,2.0,48.224422,815.6291,27.22,Partly cloudy
2015-06-18 21:00:00+00:00,HAKKARİ,30,25.278,15.828,0.0,11.770403,2.0,38.37315,817.30634,29.24,Partly cloudy
2015-06-19 21:00:00+00:00,HAKKARİ,30,25.178,15.528,0.0,12.682018,0.0,36.2472,816.5803,30.63,Clear sky
2015-06-20 21:00:00+00:00,HAKKARİ,30,25.328,14.378,0.0,10.086427,0.0,34.90248,816.43146,31.27,Clear sky
2015-06-21 21:00:00+00:00,HAKKARİ,30,27.378,11.528,0.0,9.114471,0.0,36.377415,816.6004,31.32,Clear sky
2015-06-22 21:00:00+00:00,HAKKARİ,30,28.728,15.878,0.0,8.942214,3.0,38.317398,816.60004,27.03,Overcast
2015-06-23 21:00:00+00:00,HAKKARİ,30,28.178,17.628,0.0,10.948973,1.0,42.50484,816.664,26.37,Mainly clear
2015-06-24 21:00:00+00:00,HAKKARİ,30,26.928,17.978,0.0,11.966953,0.0,41.917156,814.19037,30.43,Clear sky
2015-06-25 21:00:00+00:00,HAKKARİ,30,24.078,15.4279995,0.2,11.304229,51.0,42.839214,812.8115,29.69,Drizzle: Light
2015-06-26 21:00:00+00:00,HAKKARİ,30,22.728,15.278,0.5,10.464797,51.0,49.436676,814.9526,26.36,Drizzle: Light
2015-06-27 21:00:00+00:00,HAKKARİ,30,25.878,15.628,0.0,10.587918,3.0,43.70999,818.3325,29.01,Overcast
2015-06-28 21:00:00+00:00,HAKKARİ,30,27.578,15.228,0.0,10.24578,0.0,33.6421,820.73364,31.04,Clear sky
2015-06-29 21:00:00+00:00,HAKKARİ,30,28.578,16.178,0.0,10.931203,0.0,28.454794,821.0654,31.47,Clear sky
2015-06-30 21:00:00+00:00,HAKKARİ,30,30.928,16.728,0.0,9.007196,0.0,22.711481,821.8796,31.62,Clear sky
2015-07-01 21:00:00+00:00,HAKKARİ,30,32.678,21.228,0.0,11.928989,0.0,27.402397,822.4507,28.08,Clear sky
2015-07-02 21:00:00+00:00,HAKKARİ,30,33.478,22.928,0.0,11.090103,0.0,24.626863,821.711,30.34,Clear sky
2015-07-03 21:00:00+00:00,HAKKARİ,30,32.378002,18.878,0.0,11.090103,0.0,23.077993,822.1535,30.91,Clear sky
2015-07-04 21:00:00+00:00,HAKKARİ,30,31.828,19.178,0.0,10.661107,0.0,32.979095,822.5192,28.93,Clear sky
2015-07-05 21:00:00+00:00,HAKKARİ,30,31.328,21.678,0.0,10.805999,0.0,35.939304,820.05206,28.23,Clear sky
2015-07-06 21:00:00+00:00,HAKKARİ,30,31.078,18.428,0.0,11.659777,0.0,32.55668,818.3204,31.06,Clear sky
2015-07-07 21:00:00+00:00,HAKKARİ,30,31.428,18.228,0.0,12.015589,0.0,30.936964,817.62616,29.54,Clear sky
2015-07-08 21:00:00+00:00,HAKKARİ,30,30.878,20.528,0.0,12.287555,0.0,33.44939,819.6988,29.35,Clear sky
2015-07-09 21:00:00+00:00,HAKKARİ,30,31.728,18.078,0.0,10.703569,0.0,27.315802,819.31696,31.27,Clear sky
2015-07-10 21:00:00+00:00,HAKKARİ,30,32.078,16.378,0.0,10.739833,0.0,23.49221,816.77167,31.64,Clear sky
2015-07-11 21:00:00+00:00,HAKKARİ,30,31.878,19.478,0.0,11.013882,0.0,25.17765,815.91705,30.84,Clear sky
2015-07-12 21:00:00+00:00,HAKKARİ,30,29.628,21.478,0.0,13.5515,0.0,27.752447,817.92773,30.44,Clear sky
2015-07-13 21:00:00+00:00,HAKKARİ,30,29.778,18.228,0.0,11.019764,0.0,28.054342,820.7271,30.78,Clear sky
2015-07-14 21:00:00+00:00,HAKKARİ,30,30.878,17.128,0.0,10.44,2.0,25.847559,820.6931,27.89,Partly cloudy
2015-07-15 21:00:00+00:00,HAKKARİ,30,30.478,19.428,0.0,10.495713,3.0,26.64105,820.36456,26.18,Overcast
2015-07-16 21:00:00+00:00,HAKKARİ,30,28.828,17.428,0.3,10.823973,51.0,40.166027,818.0564,23.87,Drizzle: Light
2015-07-17 21:00:00+00:00,HAKKARİ,30,27.828,13.078,0.5,10.086427,53.0,54.432056,816.8828,26.83,Drizzle: Moderate
2015-07-18 21:00:00+00:00,HAKKARİ,30,28.928,14.028,0.0,9.931042,3.0,44.80017,815.6519,28.39,Overcast
2015-07-19 21:00:00+00:00,HAKKARİ,30,28.928,12.1779995,1.1,10.703569,53.0,41.77947,816.908,27.68,Drizzle: Moderate
2015-07-20 21:00:00+00:00,HAKKARİ,30,30.078,14.278,2.2,8.891344,61.0,34.68762,817.6572,28.6,Rain: Slight
2015-07-21 21:00:00+00:00,HAKKARİ,30,29.728,16.928,0.0,7.69592,2.0,27.111298,818.57,26.42,Partly cloudy
2015-07-22 21:00:00+00:00,HAKKARİ,30,29.028,18.128,1.3,7.5942082,53.0,43.357895,820.4195,22.25,Drizzle: Moderate
2015-07-23 21:00:00+00:00,HAKKARİ,30,29.628,16.378,1.7,7.771331,55.0,49.26637,821.71924,23.77,Drizzle: Dense
2015-07-24 21:00:00+00:00,HAKKARİ,30,30.028,18.328,0.0,7.2805495,3.0,32.142864,822.1848,24.57,Overcast
2015-07-25 21:00:00+00:00,HAKKARİ,30,31.278,20.128,0.0,11.988594,2.0,27.115088,819.83527,26.36,Partly cloudy
2015-07-26 21:00:00+00:00,HAKKARİ,30,28.978,19.428,0.0,12.181625,0.0,24.676855,817.42365,30.4,Clear sky
2015-07-27 21:00:00+00:00,HAKKARİ,30,31.378,16.828001,0.0,11.013882,2.0,27.02771,818.8052,28.27,Partly cloudy
2015-07-28 21:00:00+00:00,HAKKARİ,30,30.978,18.278,0.0,8.4042845,3.0,26.4917,820.815,24.78,Overcast
2015-07-29 21:00:00+00:00,HAKKARİ,30,30.528,20.628,0.0,7.8625183,3.0,28.605164,821.982,25.24,Overcast
2015-07-30 21:00:00+00:00,HAKKARİ,30,30.628,21.178,0.0,7.9526596,3.0,28.366453,822.01074,25.43,Overcast
2015-07-31 21:00:00+00:00,HAKKARİ,30,30.928,21.478,0.0,10.239453,2.0,25.994919,822.2048,26.59,Partly cloudy
2015-08-01 21:00:00+00:00,HAKKARİ,30,31.178,21.178,0.0,12.783802,0.0,24.26679,823.2889,29.18,Clear sky
2015-08-02 21:00:00+00:00,HAKKARİ,30,32.078,18.378,0.0,9.904906,3.0,28.040655,823.15063,27.31,Overcast
2015-08-03 21:00:00+00:00,HAKKARİ,30,32.428,20.828,0.0,10.703569,2.0,23.496048,823.03827,26.73,Partly cloudy
2015-08-04 21:00:00+00:00,HAKKARİ,30,33.178,20.228,0.0,10.44,3.0,23.587114,821.1551,28.96,Overcast
2015-08-05 21:00:00+00:00,HAKKARİ,30,32.328,20.078,0.0,13.608762,0.0,19.183056,820.1277,29.51,Clear sky
2015-08-06 21:00:00+00:00,HAKKARİ,30,29.878,20.028,0.0,12.387348,2.0,26.73597,821.0659,26.2,Partly cloudy
2015-08-07 21:00:00+00:00,HAKKARİ,30,30.228,19.978,0.0,11.525623,0.0,26.648325,822.374,28.9,Clear sky
2015-08-08 21:00:00+00:00,HAKKARİ,30,31.028,17.228,0.0,8.766573,3.0,32.823257,822.5909,26.77,Overcast
2015-08-09 21:00:00+00:00,HAKKARİ,30,30.178,15.628,0.0,9.339208,2.0,36.27126,821.5539,27.19,Partly cloudy
2015-08-10 21:00:00+00:00,HAKKARİ,30,32.228,17.428,0.0,9.605998,0.0,30.608215,821.5932,28.29,Clear sky
2015-08-11 21:00:00+00:00,HAKKARİ,30,32.928,21.178,0.0,10.948973,0.0,30.455061,822.30865,28.26,Clear sky
2015-08-12 21:00:00+00:00,HAKKARİ,30,33.228,20.978,0.0,12.964998,2.0,29.092848,821.88324,27.87,Partly cloudy
2015-08-13 21:00:00+00:00,HAKKARİ,30,32.978,21.678,0.1,12.7279215,51.0,25.770958,822.6562,26.49,Drizzle: Light
2015-08-14 21:00:00+00:00,HAKKARİ,30,32.728,21.278,0.0,14.05845,0.0,23.24256,822.2128,28.41,Clear sky
2015-08-15 21:00:00+00:00,HAKKARİ,30,30.778,18.928,0.0,13.202726,0.0,25.875555,821.42816,28.43,Clear sky
2015-08-16 21:00:00+00:00,HAKKARİ,30,29.428,17.578001,0.0,12.904882,0.0,33.045254,821.2697,28.0,Clear sky
2015-08-17 21:00:00+00:00,HAKKARİ,30,30.278,17.328001,0.0,10.514218,1.0,33.097683,821.90674,26.9,Mainly clear
2015-08-18 21:00:00+00:00,HAKKARİ,30,32.478,16.628,0.0,10.464797,0.0,25.661842,823.0954,27.93,Clear sky
2015-08-19 21:00:00+00:00,HAKKARİ,30,32.978,16.078001,0.0,10.703569,3.0,26.024889,823.0097,24.28,Overcast
2015-08-20 21:00:00+00:00,HAKKARİ,30,31.878,21.028,0.0,11.928989,0.0,24.768967,821.4943,27.52,Clear sky
2015-08-21 21:00:00+00:00,HAKKARİ,30,30.778,18.328,0.0,10.308831,0.0,28.442535,819.583,27.54,Clear sky
2015-08-22 21:00:00+00:00,HAKKARİ,30,30.278,18.878,0.0,11.841756,1.0,31.527527,818.43695,26.79,Mainly clear
2015-08-23 21:00:00+00:00,HAKKARİ,30,28.578,18.478,0.6,12.7279215,53.0,38.142056,816.9914,25.63,Drizzle: Moderate
2015-08-24 21:00:00+00:00,HAKKARİ,30,21.678,14.628,19.4,7.69592,63.0,74.582855,816.83185,13.24,Rain: Moderate
2015-08-25 21:00:00+00:00,HAKKARİ,30,23.178,13.4279995,0.1,12.879752,51.0,61.444897,817.4793,22.91,Drizzle: Light
2015-08-26 21:00:00+00:00,HAKKARİ,30,24.178,14.628,0.0,10.829958,0.0,39.28964,819.9913,26.83,Clear sky
2015-08-27 21:00:00+00:00,HAKKARİ,30,24.578,13.378,0.0,10.883676,0.0,37.062046,821.25824,26.51,Clear sky
2015-08-28 21:00:00+00:00,HAKKARİ,30,24.328,13.028,0.0,8.647496,2.0,47.572895,821.24054,21.66,Partly cloudy
2015-08-29 21:00:00+00:00,HAKKARİ,30,25.778,12.378,0.0,9.885262,2.0,45.86592,821.38153,25.17,Partly cloudy
2015-08-30 21:00:00+00:00,HAKKARİ,30,24.178,14.378,2.1999998,9.19939,61.0,50.628666,820.04877,18.71,Rain: Slight
2015-08-31 21:00:00+00:00,HAKKARİ,30,23.778,11.728,5.2000003,9.178235,63.0,65.566956,819.01324,19.91,Rain: Moderate
2015-09-01 21:00:00+00:00,HAKKARİ,30,25.478,12.1779995,2.0,8.825508,61.0,54.930286,821.461,22.82,Rain: Slight
2015-09-02 21:00:00+00:00,HAKKARİ,30,27.078,14.1779995,0.0,8.350138,1.0,40.872494,821.844,25.04,Mainly clear
2015-09-03 21:00:00+00:00,HAKKARİ,30,27.878,16.078001,0.0,8.759178,1.0,34.817265,822.657,24.47,Mainly clear
2015-09-04 21:00:00+00:00,HAKKARİ,30,27.578,17.828001,0.2,8.14587,51.0,33.82977,824.0324,23.8,Drizzle: Light
2015-09-05 21:00:00+00:00,HAKKARİ,30,25.878,15.878,0.5,9.826088,51.0,45.009274,825.0002,17.96,Drizzle: Light
2015-09-06 21:00:00+00:00,HAKKARİ,30,24.228,14.728,0.4,6.924738,51.0,50.795773,823.0423,20.48,Drizzle: Light
2015-09-07 21:00:00+00:00,HAKKARİ,30,26.728,14.378,0.0,8.427383,0.0,36.933643,822.4506,23.95,Clear sky
2015-09-08 21:00:00+00:00,HAKKARİ,30,26.278,17.228,0.0,10.163227,1.0,36.23984,823.90985,22.63,Mainly clear
2015-09-09 21:00:00+00:00,HAKKARİ,30,27.878,17.128,0.0,8.854829,2.0,35.695072,825.85254,23.12,Partly cloudy
2015-09-10 21:00:00+00:00,HAKKARİ,30,28.678,17.128,0.0,9.0,2.0,34.45292,825.72876,23.39,Partly cloudy
2015-09-11 21:00:00+00:00,HAKKARİ,30,27.028,17.378,0.0,8.435069,3.0,34.648956,823.74347,20.83,Overcast
2015-09-12 21:00:00+00:00,HAKKARİ,30,27.478,18.128,0.3,10.587917,51.0,30.440199,824.5997,21.64,Drizzle: Light
2015-09-13 21:00:00+00:00,HAKKARİ,30,26.278,17.428,1.3,13.53236,53.0,39.410275,825.6878,21.02,Drizzle: Moderate
2015-09-14 21:00:00+00:00,HAKKARİ,30,26.528,13.228,0.0,9.449572,3.0,39.5051,823.16644,21.74,Overcast
2015-09-15 21:00:00+00:00,HAKKARİ,30,25.228,13.628,0.0,9.19939,2.0,36.08431,820.75836,19.33,Partly cloudy
2015-09-16 21:00:00+00:00,HAKKARİ,30,24.178,13.628,0.0,7.42159,3.0,40.093212,820.4809,19.52,Overcast
2015-09-17 21:00:00+00:00,HAKKARİ,30,24.228,13.628,1.3000001,9.983106,55.0,53.718647,822.0383,18.56,Drizzle: Dense
2015-09-18 21:00:00+00:00,HAKKARİ,30,24.428,8.478,0.0,8.825508,2.0,56.82156,823.9558,20.74,Partly cloudy
2015-09-19 21:00:00+00:00,HAKKARİ,30,24.878,9.678,0.0,10.182337,0.0,34.248005,823.2114,22.84,Clear sky
2015-09-20 21:00:00+00:00,HAKKARİ,30,25.128,10.878,0.0,9.531505,0.0,28.35927,820.7471,22.26,Clear sky
2015-09-21 21:00:00+00:00,HAKKARİ,30,24.328,15.1779995,0.1,12.57426,51.0,31.398659,820.77124,19.79,Drizzle: Light
2015-09-22 21:00:00+00:00,HAKKARİ,30,24.578,13.378,0.0,9.659814,0.0,34.410545,822.2651,21.93,Clear sky
2015-09-23 21:00:00+00:00,HAKKARİ,30,25.778,9.978,0.0,8.373386,0.0,33.69257,822.01666,21.65,Clear sky
2015-09-24 21:00:00+00:00,HAKKARİ,30,25.478,13.4279995,0.0,10.308831,0.0,31.363441,820.9997,21.09,Clear sky
2015-09-25 21:00:00+00:00,HAKKARİ,30,23.928,12.578,0.0,8.557102,2.0,36.16049,819.86957,18.59,Partly cloudy
2015-09-26 21:00:00+00:00,HAKKARİ,30,23.328,12.778,0.0,9.360001,2.0,40.24856,821.2592,20.29,Partly cloudy
2015-09-27 21:00:00+00:00,HAKKARİ,30,22.928,12.278,0.0,8.287822,3.0,39.35426,821.5595,18.51,Overcast
2015-09-28 21:00:00+00:00,HAKKARİ,30,22.678,12.1779995,0.0,9.107359,3.0,41.930527,820.75195,16.2,Overcast
2015-09-29 21:00:00+00:00,HAKKARİ,30,21.328,14.028,1.3,14.05845,53.0,48.946274,821.96454,17.95,Drizzle: Moderate
2015-09-30 21:00:00+00:00,HAKKARİ,30,22.128,13.528,0.3,12.397806,51.0,54.305984,824.4051,16.51,Drizzle: Light
2015-10-01 21:00:00+00:00,HAKKARİ,30,23.778,13.1779995,0.2,12.475961,51.0,46.921642,828.4157,19.05,Drizzle: Light
2015-10-02 21:00:00+00:00,HAKKARİ,30,21.678,14.078,0.6,9.422101,51.0,54.197933,828.5649,15.23,Drizzle: Light
2015-10-03 21:00:00+00:00,HAKKARİ,30,22.028,12.828,0.0,10.041354,2.0,52.166348,824.7212,17.74,Partly cloudy
2015-10-04 21:00:00+00:00,HAKKARİ,30,20.578,11.828,0.0,13.551501,1.0,50.1653,821.2361,19.4,Mainly clear
2015-10-05 21:00:00+00:00,HAKKARİ,30,20.078,11.9279995,10.0,13.37825,63.0,71.41164,818.32733,13.54,Rain: Moderate
2015-10-06 21:00:00+00:00,HAKKARİ,30,16.528,9.378,5.7999997,15.192682,61.0,77.2916,813.9961,12.18,Rain: Slight
2015-10-07 21:00:00+00:00,HAKKARİ,30,14.4279995,7.9779997,1.9000001,11.720751,53.0,81.65249,815.6589,13.39,Drizzle: Moderate
2015-10-08 21:00:00+00:00,HAKKARİ,30,12.278,7.8780003,8.2,7.342588,55.0,95.160065,815.9617,7.56,Drizzle: Dense
2015-10-09 21:00:00+00:00,HAKKARİ,30,14.828,6.6280003,0.70000005,8.699793,51.0,74.75987,817.76215,14.17,Drizzle: Light
2015-10-10 21:00:00+00:00,HAKKARİ,30,17.528,2.328,0.0,7.0911775,2.0,62.23941,820.1341,18.22,Partly cloudy
2015-10-11 21:00:00+00:00,HAKKARİ,30,20.828,6.9280005,0.0,8.049845,3.0,54.141464,820.4668,18.1,Overcast
2015-10-12 21:00:00+00:00,HAKKARİ,30,19.578,9.328,0.2,9.290511,51.0,60.493423,820.428,16.77,Drizzle: Light
2015-10-13 21:00:00+00:00,HAKKARİ,30,16.028,8.378,3.2,8.942214,61.0,76.80316,820.0957,12.95,Rain: Slight
2015-10-14 21:00:00+00:00,HAKKARİ,30,16.478,4.078,0.0,7.928177,3.0,73.557785,819.84906,12.55,Overcast
2015-10-15 21:00:00+00:00,HAKKARİ,30,17.428,6.578,0.0,10.44,3.0,62.36446,820.1455,16.46,Overcast
2015-10-16 21:00:00+00:00,HAKKARİ,30,15.228,6.7279997,1.2,8.39657,53.0,70.038635,820.2331,13.32,Drizzle: Moderate
2015-10-17 21:00:00+00:00,HAKKARİ,30,17.928,1.3280001,0.0,9.885262,3.0,60.66792,821.4067,17.12,Overcast
2015-10-18 21:00:00+00:00,HAKKARİ,30,18.178,6.828,0.0,8.373386,3.0,51.04791,821.37933,16.64,Overcast
2015-10-19 21:00:00+00:00,HAKKARİ,30,14.278,7.578,1.1,6.489992,53.0,70.26945,820.6536,9.75,Drizzle: Moderate
2015-10-20 21:00:00+00:00,HAKKARİ,30,16.728,2.8780003,0.2,9.0,51.0,72.72477,819.3431,15.44,Drizzle: Light
2015-10-21 21:00:00+00:00,HAKKARİ,30,13.778,6.3780003,4.2000003,5.7599998,61.0,87.72146,819.6163,8.79,Rain: Slight
2015-10-22 21:00:00+00:00,HAKKARİ,30,13.4279995,7.6280003,0.90000004,6.9153743,51.0,85.57114,820.9707,8.71,Drizzle: Light
2015-10-23 21:00:00+00:00,HAKKARİ,30,18.878,4.578,0.0,6.9247384,3.0,77.88844,820.93744,14.35,Overcast
2015-10-24 21:00:00+00:00,HAKKARİ,30,18.978,6.4779997,1.6,7.145796,51.0,76.300804,819.9665,13.58,Drizzle: Light
2015-10-25 21:00:00+00:00,HAKKARİ,30,12.6779995,9.628,25.500002,7.771331,63.0,96.461555,818.65967,2.75,Rain: Moderate
2015-10-26 21:00:00+00:00,HAKKARİ,30,11.278,7.7279997,34.1,7.42159,63.0,98.10305,815.89453,2.99,Rain: Moderate
2015-10-27 21:00:00+00:00,HAKKARİ,30,12.528,7.2279997,1.6000001,7.2359104,53.0,86.340515,814.94183,9.95,Drizzle: Moderate
2015-10-28 21:00:00+00:00,HAKKARİ,30,11.328,4.6280003,5.2000003,6.519877,53.0,90.884125,815.1906,8.5,Drizzle: Moderate
2015-10-29 21:00:00+00:00,HAKKARİ,30,9.328,4.728,6.2999997,5.5887027,55.0,94.29901,816.1006,5.01,Drizzle: Dense
2015-10-30 21:00:00+00:00,HAKKARİ,30,11.278,4.028,1.2,6.162207,51.0,80.84716,818.48944,11.6,Drizzle: Light
2015-10-31 21:00:00+00:00,HAKKARİ,30,9.378,0.7780001,1.6,9.085988,71.0,76.70333,819.2107,11.65,Snow fall: Slight
2015-11-01 21:00:00+00:00,HAKKARİ,30,7.778,-1.872,0.0,9.504273,3.0,63.0816,818.2742,14.35,Overcast
2015-11-02 21:00:00+00:00,HAKKARİ,30,9.228,-1.0719998,0.0,8.4042845,0.0,52.30017,818.7796,15.21,Clear sky
2015-11-03 21:00:00+00:00,HAKKARİ,30,12.1779995,-0.17199993,0.0,7.2,0.0,55.150158,818.52,14.77,Clear sky
2015-11-04 21:00:00+00:00,HAKKARİ,30,11.4279995,4.6280003,1.7,6.130579,53.0,59.03995,818.45264,10.25,Drizzle: Moderate
2015-11-05 21:00:00+00:00,HAKKARİ,30,12.528,2.4780002,0.0,5.771239,3.0,73.501434,816.7028,10.62,Overcast
2015-11-06 21:00:00+00:00,HAKKARİ,30,12.728,3.078,0.0,6.849467,2.0,72.26365,817.5376,11.2,Partly cloudy
2015-11-07 21:00:00+00:00,HAKKARİ,30,10.478,3.678,3.1,6.725354,71.0,83.717926,816.1584,10.05,Snow fall: Slight
2015-11-08 21:00:00+00:00,HAKKARİ,30,6.6780005,2.528,5.6,6.379216,73.0,91.50651,811.691,6.48,Snow fall: Moderate
2015-11-09 21:00:00+00:00,HAKKARİ,30,3.078,-0.42199993,12.000001,6.87779,75.0,94.734406,806.8942,5.95,Snow fall: Heavy
2015-11-10 21:00:00+00:00,HAKKARİ,30,4.278,-6.0720005,0.0,8.647496,3.0,86.90836,809.24115,11.69,Overcast
2015-11-11 21:00:00+00:00,HAKKARİ,30,5.8780003,-1.0219998,0.0,7.10031,3.0,83.16431,815.1667,10.05,Overcast
2015-11-12 21:00:00+00:00,HAKKARİ,30,6.8780003,-5.6219997,0.0,8.4042845,3.0,83.00382,816.5786,13.05,Overcast
2015-11-13 21:00:00+00:00,HAKKARİ,30,9.428,-3.1719997,0.0,9.0,1.0,63.982433,816.25977,13.43,Mainly clear
2015-11-14 21:00:00+00:00,HAKKARİ,30,9.928,-2.622,0.0,6.489992,3.0,57.46179,814.8201,13.45,Overcast
2015-11-15 21:00:00+00:00,HAKKARİ,30,8.278,0.07800007,4.8,6.9527545,75.0,78.78846,814.7339,10.28,Snow fall: Heavy
2015-11-16 21:00:00+00:00,HAKKARİ,30,3.4780002,1.4280001,20.799995,4.3349743,75.0,96.99766,811.0489,4.33,Snow fall: Heavy
2015-11-17 21:00:00+00:00,HAKKARİ,30,5.078,0.87800014,4.0999994,5.937272,73.0,91.15848,810.4412,8.54,Snow fall: Moderate
2015-11-18 21:00:00+00:00,HAKKARİ,30,3.928,-0.7219999,3.2,6.151683,73.0,94.838196,815.1263,7.95,Snow fall: Moderate
2015-11-19 21:00:00+00:00,HAKKARİ,30,6.328,-8.372,0.0,10.086427,3.0,76.182976,814.27606,12.36,Overcast
2015-11-20 21:00:00+00:00,HAKKARİ,30,7.1780005,-15.122,0.0,7.5942073,0.0,64.901924,812.2678,13.1,Clear sky
2015-11-21 21:00:00+00:00,HAKKARİ,30,11.078,-9.122,0.0,9.0,0.0,43.104507,815.63116,13.19,Clear sky
2015-11-22 21:00:00+00:00,HAKKARİ,30,11.978,-12.022,0.0,10.805999,0.0,47.415802,815.9077,13.18,Clear sky
2015-11-23 21:00:00+00:00,HAKKARİ,30,13.378,-5.722,0.0,11.165805,1.0,38.77657,818.9943,12.75,Mainly clear
2015-11-24 21:00:00+00:00,HAKKARİ,30,12.078,-1.0719998,0.0,6.12,3.0,39.352085,819.79443,12.35,Overcast
2015-11-25 21:00:00+00:00,HAKKARİ,30,7.8780003,0.12800014,0.0,6.830519,3.0,48.849792,819.14044,10.14,Overcast
2015-11-26 21:00:00+00:00,HAKKARİ,30,6.328,1.4780002,0.0,5.815978,3.0,63.166973,818.1447,5.38,Overcast
2015-11-27 21:00:00+00:00,HAKKARİ,30,9.578,-2.0719998,0.0,6.489992,2.0,78.17838,816.36066,11.3,Partly cloudy
2015-11-28 21:00:00+00:00,HAKKARİ,30,5.828,-1.872,4.1,8.825508,73.0,93.94168,814.41705,7.38,Snow fall: Moderate
2015-11-29 21:00:00+00:00,HAKKARİ,30,5.9280005,-3.6719997,0.3,7.771331,71.0,84.37032,815.81,9.08,Snow fall: Slight
2015-11-30 21:00:00+00:00,HAKKARİ,30,3.3780003,0.57800007,34.000004,5.8048253,75.0,97.65734,812.52423,3.14,Snow fall: Heavy
2015-12-01 21:00:00+00:00,HAKKARİ,30,2.1780002,-2.5719998,2.0000002,8.78872,73.0,90.03884,812.7654,8.54,Snow fall: Moderate
2015-12-02 21:00:00+00:00,HAKKARİ,30,-1.1719999,-6.972,43.5,7.754637,75.0,91.69815,807.70306,2.02,Snow fall: Heavy
2015-12-03 21:00:00+00:00,HAKKARİ,30,-4.1219997,-18.322,0.0,7.928178,3.0,70.683525,812.25385,11.71,Overcast
2015-12-04 21:00:00+00:00,HAKKARİ,30,-8.8220005,-23.172,0.0,13.32,2.0,75.17643,811.4616,12.07,Partly cloudy
2015-12-05 21:00:00+00:00,HAKKARİ,30,-3.472,-15.172001,0.70000005,12.313893,73.0,75.07516,810.91034,8.8,Snow fall: Moderate
2015-12-06 21:00:00+00:00,HAKKARİ,30,-1.1719999,-14.5720005,0.0,12.620554,0.0,64.83532,814.7027,11.85,Clear sky
2015-12-07 21:00:00+00:00,HAKKARİ,30,7.528,-8.772,0.0,12.245294,0.0,67.51762,814.9263,11.28,Clear sky
2015-12-08 21:00:00+00:00,HAKKARİ,30,7.028,-9.5720005,0.0,10.495713,0.0,56.59041,813.81964,11.79,Clear sky
2015-12-09 21:00:00+00:00,HAKKARİ,30,4.578,-8.5720005,0.0,11.901798,2.0,50.416702,815.67596,11.93,Partly cloudy
2015-12-10 21:00:00+00:00,HAKKARİ,30,4.078,-7.222,0.0,6.8399997,3.0,39.097527,814.6503,11.04,Overcast
2015-12-11 21:00:00+00:00,HAKKARİ,30,2.6280003,-8.972,0.0,4.73506,1.0,57.99584,812.71436,11.52,Mainly clear
2015-12-12 21:00:00+00:00,HAKKARİ,30,2.778,-6.6219997,2.6,7.69592,73.0,68.446205,812.5069,7.91,Snow fall: Moderate
2015-12-13 21:00:00+00:00,HAKKARİ,30,3.528,-2.272,7.299999,8.12197,75.0,87.09689,811.6503,6.88,Snow fall: Heavy
2015-12-14 21:00:00+00:00,HAKKARİ,30,3.4780002,-7.972,0.1,8.64,71.0,83.805855,812.83185,10.52,Snow fall: Slight
2015-12-15 21:00:00+00:00,HAKKARİ,30,0.12800014,-12.222,0.0,4.6938252,3.0,76.67144,813.3693,9.5,Overcast
2015-12-16 21:00:00+00:00,HAKKARİ,30,1.2780001,-11.922,0.0,6.162207,3.0,73.716896,813.397,7.73,Overcast
2015-12-17 21:00:00+00:00,HAKKARİ,30,1.6780001,-10.522,0.0,6.12,3.0,75.07814,814.76715,11.08,Overcast
2015-12-18 21:00:00+00:00,HAKKARİ,30,2.528,-17.122,0.0,7.208994,1.0,71.17453,814.1154,11.26,Mainly clear
2015-12-19 21:00:00+00:00,HAKKARİ,30,1.6780001,-13.522,0.0,7.928178,0.0,62.70757,813.43164,11.26,Clear sky
2015-12-20 21:00:00+00:00,HAKKARİ,30,-0.17199993,-15.472,0.0,10.464798,0.0,63.931202,813.38055,11.27,Clear sky
2015-12-21 21:00:00+00:00,HAKKARİ,30,4.778,-10.972,0.0,11.183201,0.0,67.28867,817.1328,11.06,Clear sky
2015-12-22 21:00:00+00:00,HAKKARİ,30,2.6280003,-6.172,0.0,5.771239,1.0,58.67987,815.63104,11.36,Mainly clear
2015-12-23 21:00:00+00:00,HAKKARİ,30,0.9280001,-15.372,0.0,9.726665,1.0,68.15525,814.1941,11.23,Mainly clear
2015-12-24 21:00:00+00:00,HAKKARİ,30,3.9780002,-10.472,0.0,10.440001,0.0,61.448833,813.77936,11.32,Clear sky
2015-12-25 21:00:00+00:00,HAKKARİ,30,4.228,-9.372,0.0,9.726665,3.0,45.318405,815.4248,11.21,Overcast
2015-12-26 21:00:00+00:00,HAKKARİ,30,4.4280005,-10.5720005,0.0,6.8399997,0.0,44.99402,818.0163,11.4,Clear sky
2015-12-27 21:00:00+00:00,HAKKARİ,30,6.1280003,-11.372,0.0,8.28,0.0,54.087124,817.7847,11.34,Clear sky
2015-12-28 21:00:00+00:00,HAKKARİ,30,3.578,-6.222,0.0,5.771239,3.0,54.99194,816.608,10.48,Overcast
2015-12-29 21:00:00+00:00,HAKKARİ,30,0.27800012,-3.472,7.5999994,5.4833565,73.0,79.281075,806.72577,3.65,Snow fall: Moderate
2015-12-30 21:00:00+00:00,HAKKARİ,30,-2.772,-4.222,37.399998,9.422101,75.0,92.68786,805.6298,2.89,Snow fall: Heavy
2015-12-31 21:00:00+00:00,HAKKARİ,30,-3.3219998,-5.0220003,53.3,9.565437,75.0,95.09838,803.2192,1.33,Snow fall: Heavy
2016-01-01 21:00:00+00:00,HAKKARİ,30,-5.5719995,-11.422,9.4,8.825508,73.0,84.70832,807.0562,7.79,Snow fall: Moderate
2016-01-02 21:00:00+00:00,HAKKARİ,30,-11.272,-15.872,1.1,8.4963045,71.0,79.508224,812.40607,10.64,Snow fall: Slight
2016-01-03 21:00:00+00:00,HAKKARİ,30,-8.672,-20.322,0.2,6.725354,71.0,76.86175,811.80493,10.31,Snow fall: Slight
2016-01-04 21:00:00+00:00,HAKKARİ,30,-4.0220003,-8.672,23.4,4.8965297,75.0,93.540474,812.4682,2.7,Snow fall: Heavy
2016-01-05 21:00:00+00:00,HAKKARİ,30,0.9280001,-4.422,10.600001,5.8048253,75.0,92.8671,813.2032,5.25,Snow fall: Heavy
2016-01-06 21:00:00+00:00,HAKKARİ,30,2.828,-0.47199988,6.7000003,5.0911684,75.0,95.4067,814.38916,4.68,Snow fall: Heavy
2016-01-07 21:00:00+00:00,HAKKARİ,30,1.5780001,-1.7219999,59.800003,7.208994,75.0,97.71729,807.5418,1.84,Snow fall: Heavy
2016-01-08 21:00:00+00:00,HAKKARİ,30,0.82800007,-2.872,10.4,4.452954,75.0,86.20365,806.21783,8.42,Snow fall: Heavy
2016-01-09 21:00:00+00:00,HAKKARİ,30,1.3780001,-8.722,0.0,8.287822,3.0,69.05941,812.69604,11.65,Overcast
2016-01-10 21:00:00+00:00,HAKKARİ,30,1.1280001,-5.8719997,0.0,4.829907,3.0,50.03325,814.76666,10.26,Overcast
2016-01-11 21:00:00+00:00,HAKKARİ,30,2.4280002,-5.8719997,0.0,5.4119864,3.0,73.50825,813.8901,12.12,Overcast
2016-01-12 21:00:00+00:00,HAKKARİ,30,1.7280002,-5.972,0.0,4.73506,3.0,75.3829,812.63306,12.07,Overcast
2016-01-13 21:00:00+00:00,HAKKARİ,30,-0.12199998,-8.0720005,5.8,6.9247384,75.0,93.22809,810.3333,6.32,Snow fall: Heavy
2016-01-14 21:00:00+00:00,HAKKARİ,30,0.62800014,-2.772,17.1,6.638072,75.0,92.48593,812.6733,6.89,Snow fall: Heavy
2016-01-15 21:00:00+00:00,HAKKARİ,30,3.6280003,-9.372,0.0,7.92,3.0,57.33313,814.67993,12.95,Overcast
2016-01-16 21:00:00+00:00,HAKKARİ,30,5.728,-2.8219998,0.0,5.4119864,3.0,43.34033,813.99725,12.65,Overcast
2016-01-17 21:00:00+00:00,HAKKARİ,30,2.2280002,-2.8219998,23.5,5.1919937,75.0,64.402756,810.7304,6.29,Snow fall: Heavy
2016-01-18 21:00:00+00:00,HAKKARİ,30,-0.22199988,-2.872,31.1,8.669949,75.0,94.70388,807.8349,9.16,Snow fall: Heavy
2016-01-19 21:00:00+00:00,HAKKARİ,30,-1.6719999,-4.6219997,8.400001,8.225035,75.0,86.339165,814.4656,10.88,Snow fall: Heavy
2016-01-20 21:00:00+00:00,HAKKARİ,30,-0.07199979,-5.8719997,0.0,5.04,3.0,75.41459,816.92267,12.51,Overcast
2016-01-21 21:00:00+00:00,HAKKARİ,30,0.7780001,-5.722,0.0,4.68,3.0,62.37085,814.9648,11.8,Overcast
2016-01-22 21:00:00+00:00,HAKKARİ,30,-0.47199988,-3.0719998,12.799999,3.319036,75.0,78.813484,811.1617,6.13,Snow fall: Heavy
2016-01-23 21:00:00+00:00,HAKKARİ,30,-0.17199993,-5.222,24.099998,7.8954163,75.0,86.20159,806.7066,6.74,Snow fall: Heavy
2016-01-24 21:00:00+00:00,HAKKARİ,30,-4.8219995,-9.872,12.099999,9.007196,73.0,88.9952,805.3396,7.41,Snow fall: Moderate
2016-01-25 21:00:00+00:00,HAKKARİ,30,-9.172,-12.472,1.6000001,7.771331,71.0,76.92955,808.27313,12.06,Snow fall: Slight
2016-01-26 21:00:00+00:00,HAKKARİ,30,-8.222,-14.672001,0.0,7.69592,3.0,62.425182,810.6804,13.63,Overcast
2016-01-27 21:00:00+00:00,HAKKARİ,30,-6.2720003,-20.572,0.0,11.183201,2.0,52.616043,811.13153,14.54,Partly cloudy
2016-01-28 21:00:00+00:00,HAKKARİ,30,-1.0719998,-15.521999,0.0,8.647496,1.0,58.232204,812.6887,14.42,Mainly clear
2016-01-29 21:00:00+00:00,HAKKARİ,30,1.9280001,-10.272,0.0,6.849467,3.0,72.56161,815.32416,12.12,Overcast
2016-01-30 21:00:00+00:00,HAKKARİ,30,1.5280001,-11.172,0.0,6.849467,3.0,83.60671,815.7574,13.26,Overcast
2016-01-31 21:00:00+00:00,HAKKARİ,30,-0.52199984,-12.3220005,0.0,6.130579,3.0,82.95855,814.5613,14.45,Overcast
2016-02-01 21:00:00+00:00,HAKKARİ,30,-0.622,-5.5719995,2.3,6.162207,73.0,92.47106,814.491,7.11,Snow fall: Moderate
2016-02-02 21:00:00+00:00,HAKKARİ,30,3.428,-7.0720005,0.0,9.3669195,3.0,69.310036,817.1514,14.35,Overcast
2016-02-03 21:00:00+00:00,HAKKARİ,30,7.8780003,-6.422,0.0,6.849467,0.0,46.153103,818.52765,15.45,Clear sky
2016-02-04 21:00:00+00:00,HAKKARİ,30,5.9280005,-0.9719999,0.0,4.6938252,3.0,44.52979,817.73016,14.75,Overcast
2016-02-05 21:00:00+00:00,HAKKARİ,30,0.37800014,-2.472,6.6000013,6.1305785,73.0,76.946075,811.8789,6.25,Snow fall: Moderate
2016-02-06 21:00:00+00:00,HAKKARİ,30,-0.52199984,-2.972,19.300001,5.6233797,75.0,95.07563,807.9922,5.0,Snow fall: Heavy
2016-02-07 21:00:00+00:00,HAKKARİ,30,0.07800007,-5.722,0.6,6.519877,73.0,84.80767,811.3453,13.32,Snow fall: Moderate
2016-02-08 21:00:00+00:00,HAKKARİ,30,-0.17199993,-6.172,0.0,7.9932976,71.0,80.24518,817.4549,15.11,Snow fall: Slight
2016-02-09 21:00:00+00:00,HAKKARİ,30,1.3280001,-11.172,0.0,8.669949,3.0,68.62153,813.97516,15.83,Overcast
2016-02-10 21:00:00+00:00,HAKKARİ,30,0.5280001,-11.5720005,0.0,6.849467,3.0,60.494156,812.16644,16.95,Overcast
2016-02-11 21:00:00+00:00,HAKKARİ,30,4.1780005,-10.8220005,0.0,7.208994,3.0,58.88564,814.2133,16.28,Overcast
2016-02-12 21:00:00+00:00,HAKKARİ,30,5.8780003,-6.0220003,0.0,7.5599995,3.0,64.228455,814.25024,16.6,Overcast
2016-02-13 21:00:00+00:00,HAKKARİ,30,3.928,-2.1719997,0.3,6.12,71.0,75.85543,815.29987,14.55,Snow fall: Slight
2016-02-14 21:00:00+00:00,HAKKARİ,30,7.828,-6.5720005,0.0,8.311245,2.0,74.437645,817.5716,16.65,Partly cloudy
2016-02-15 21:00:00+00:00,HAKKARİ,30,8.628,-6.972,0.0,10.440001,3.0,65.80224,819.45654,17.32,Overcast
2016-02-16 21:00:00+00:00,HAKKARİ,30,10.1779995,-2.122,0.0,10.805999,0.0,66.381615,821.6841,17.33,Clear sky
2016-02-17 21:00:00+00:00,HAKKARİ,30,8.778,-2.872,0.0,7.928178,0.0,61.101322,816.6805,17.76,Clear sky
2016-02-18 21:00:00+00:00,HAKKARİ,30,5.078,-0.47199988,0.9,8.39657,73.0,73.68308,812.5245,13.17,Snow fall: Moderate
2016-02-19 21:00:00+00:00,HAKKARİ,30,4.228,0.22800016,12.400001,7.42159,75.0,93.75045,809.41986,10.16,Snow fall: Heavy
2016-02-20 21:00:00+00:00,HAKKARİ,30,4.6780005,1.4780002,2.6000001,7.5599995,73.0,93.83936,812.0899,11.88,Snow fall: Moderate
2016-02-21 21:00:00+00:00,HAKKARİ,30,3.8780003,1.1780001,28.800001,6.0347,75.0,95.677666,810.7646,5.81,Snow fall: Heavy
2016-02-22 21:00:00+00:00,HAKKARİ,30,4.478,1.3280001,16.6,7.9932966,75.0,94.75704,812.7292,7.71,Snow fall: Heavy
2016-02-23 21:00:00+00:00,HAKKARİ,30,4.028,0.07800007,0.2,7.24486,71.0,89.78576,813.4495,13.95,Snow fall: Slight
2016-02-24 21:00:00+00:00,HAKKARİ,30,5.1780005,-2.622,0.0,6.763786,3.0,87.293365,814.85864,15.54,Overcast
2016-02-25 21:00:00+00:00,HAKKARİ,30,7.7279997,-1.5719998,0.0,8.64,3.0,79.392685,815.5219,17.54,Overcast
2016-02-26 21:00:00+00:00,HAKKARİ,30,8.228,3.778,0.9,5.4477882,71.0,55.719395,817.48724,19.15,Snow fall: Slight
2016-02-27 21:00:00+00:00,HAKKARİ,30,5.978,-1.0219998,1.3000001,5.7599998,71.0,87.076195,817.4307,7.94,Snow fall: Slight
2016-02-28 21:00:00+00:00,HAKKARİ,30,8.528,-1.8219998,0.0,9.726665,3.0,78.07312,820.98553,18.91,Overcast
2016-02-29 21:00:00+00:00,HAKKARİ,30,11.078,-1.622,0.0,10.464798,0.0,62.200657,820.3616,20.28,Clear sky
2016-03-01 21:00:00+00:00,HAKKARİ,30,13.578,0.87800014,0.0,7.92,0.0,47.032185,816.6053,20.79,Clear sky
2016-03-02 21:00:00+00:00,HAKKARİ,30,7.6280003,3.028,0.3,6.924738,51.0,53.7796,814.6509,14.81,Drizzle: Light
2016-03-03 21:00:00+00:00,HAKKARİ,30,5.528,2.278,14.200001,7.2805495,73.0,97.07065,813.01227,6.3,Snow fall: Moderate
2016-03-04 21:00:00+00:00,HAKKARİ,30,6.578,2.278,7.3999996,7.628263,71.0,92.288574,811.5048,14.7,Snow fall: Slight
2016-03-05 21:00:00+00:00,HAKKARİ,30,2.4280002,-2.472,7.3,7.754637,73.0,91.86491,810.5456,17.02,Snow fall: Moderate
2016-03-06 21:00:00+00:00,HAKKARİ,30,5.978,-2.972,0.0,8.64,3.0,75.15659,812.5026,20.43,Overcast
2016-03-07 21:00:00+00:00,HAKKARİ,30,7.078,-1.5719998,0.0,5.4119864,1.0,58.463192,811.9509,21.8,Mainly clear
2016-03-08 21:00:00+00:00,HAKKARİ,30,7.278,-2.272,0.0,5.0528407,0.0,63.505543,811.2339,21.82,Clear sky
2016-03-09 21:00:00+00:00,HAKKARİ,30,8.128,-0.37199998,0.0,6.439876,3.0,71.931816,812.3785,20.8,Overcast
2016-03-10 21:00:00+00:00,HAKKARİ,30,5.778,0.47800016,9.400001,6.638072,73.0,91.695984,813.49786,12.27,Snow fall: Moderate
2016-03-11 21:00:00+00:00,HAKKARİ,30,6.9280005,1.7280002,0.1,7.8625183,51.0,86.06805,814.26874,17.5,Drizzle: Light
2016-03-12 21:00:00+00:00,HAKKARİ,30,7.3780003,-2.8219998,0.0,6.12,3.0,80.720634,813.28644,21.65,Overcast
2016-03-13 21:00:00+00:00,HAKKARİ,30,6.6280003,0.72800016,25.1,7.5942073,75.0,88.61395,808.4676,13.67,Snow fall: Heavy
2016-03-14 21:00:00+00:00,HAKKARİ,30,3.4780002,0.17800009,9.7,8.209263,73.0,94.85137,805.3366,12.91,Snow fall: Moderate
2016-03-15 21:00:00+00:00,HAKKARİ,30,2.028,-0.77199984,34.999996,7.2805495,75.0,96.288475,806.4135,7.32,Snow fall: Heavy
2016-03-16 21:00:00+00:00,HAKKARİ,30,2.4780002,-1.7719998,6.6000004,8.225035,73.0,89.55825,808.165,19.06,Snow fall: Moderate
2016-03-17 21:00:00+00:00,HAKKARİ,30,1.6280001,-3.1719997,0.4,8.225035,71.0,84.28486,812.1043,20.1,Snow fall: Slight
2016-03-18 21:00:00+00:00,HAKKARİ,30,1.3280001,-4.922,0.0,10.44,71.0,83.99263,813.3694,19.63,Snow fall: Slight
2016-03-19 21:00:00+00:00,HAKKARİ,30,0.97800016,-2.0719998,39.1,6.849467,75.0,95.840576,808.6503,3.63,Snow fall: Heavy
2016-03-20 21:00:00+00:00,HAKKARİ,30,4.578,-0.12199998,0.0,7.42159,71.0,84.68222,810.0844,21.18,Snow fall: Slight
2016-03-21 21:00:00+00:00,HAKKARİ,30,3.4780002,-0.9719999,0.0,9.339208,71.0,79.22576,810.00714,19.75,Snow fall: Slight
2016-03-22 21:00:00+00:00,HAKKARİ,30,5.8780003,-4.3219995,0.0,6.638072,1.0,70.51858,813.299,23.82,Mainly clear
2016-03-23 21:00:00+00:00,HAKKARİ,30,7.1780005,0.17800009,0.0,6.6185193,3.0,77.5373,817.3296,21.11,Overcast
2016-03-24 21:00:00+00:00,HAKKARİ,30,6.1780005,1.2780001,6.9,8.64,73.0,92.83261,814.8567,13.78,Snow fall: Moderate
2016-03-25 21:00:00+00:00,HAKKARİ,30,6.028,2.278,9.6,7.5942073,73.0,94.95514,812.3901,10.67,Snow fall: Moderate
2016-03-26 21:00:00+00:00,HAKKARİ,30,5.278,1.0780001,4.5000005,6.12,73.0,92.800415,808.5102,12.57,Snow fall: Moderate
2016-03-27 21:00:00+00:00,HAKKARİ,30,2.9780002,0.17800009,16.5,6.193674,75.0,95.115746,806.5865,7.28,Snow fall: Heavy
2016-03-28 21:00:00+00:00,HAKKARİ,30,3.578,-1.4219999,9.500001,8.647496,75.0,92.2644,808.3884,16.47,Snow fall: Heavy
2016-03-29 21:00:00+00:00,HAKKARİ,30,3.528,-2.622,0.0,8.534353,71.0,85.28206,813.26,20.67,Snow fall: Slight
2016-03-30 21:00:00+00:00,HAKKARİ,30,3.9780002,-2.5719998,2.0,8.350138,73.0,80.60414,813.1374,21.86,Snow fall: Moderate
2016-03-31 21:00:00+00:00,HAKKARİ,30,6.778,-5.172,0.0,8.707238,2.0,63.671146,814.2701,24.9,Partly cloudy
2016-04-01 21:00:00+00:00,HAKKARİ,30,7.778,-3.6719997,0.0,6.12,3.0,60.751408,815.2913,26.52,Overcast
2016-04-02 21:00:00+00:00,HAKKARİ,30,7.078,0.5280001,4.6,11.212135,73.0,76.509995,813.4253,17.4,Snow fall: Moderate
2016-04-03 21:00:00+00:00,HAKKARİ,30,7.8780003,1.8280001,3.6,8.4963045,73.0,82.29513,813.48224,21.03,Snow fall: Moderate
2016-04-04 21:00:00+00:00,HAKKARİ,30,8.978,1.2780001,0.0,7.4128532,3.0,78.82998,812.88885,25.07,Overcast
2016-04-05 21:00:00+00:00,HAKKARİ,30,10.778,0.7780001,0.1,8.404285,51.0,70.79003,813.52466,25.27,Drizzle: Light
2016-04-06 21:00:00+00:00,HAKKARİ,30,10.4279995,4.328,1.3000001,6.638072,55.0,70.49334,815.33307,23.48,Drizzle: Dense
2016-04-07 21:00:00+00:00,HAKKARİ,30,13.328,3.028,0.4,7.2,51.0,58.859203,816.4561,25.95,Drizzle: Light
2016-04-08 21:00:00+00:00,HAKKARİ,30,13.128,5.3780003,0.0,6.8777895,3.0,57.43796,815.91943,24.96,Overcast
2016-04-09 21:00:00+00:00,HAKKARİ,30,8.878,5.728,4.4999995,5.8048253,53.0,83.42973,814.93207,13.29,Drizzle: Moderate
2016-04-10 21:00:00+00:00,HAKKARİ,30,8.228,3.028,15.699999,4.379589,61.0,91.72449,812.7856,11.29,Rain: Slight
2016-04-11 21:00:00+00:00,HAKKARİ,30,7.778,2.828,11.199999,6.489992,73.0,92.12915,809.3223,14.95,Snow fall: Moderate
2016-04-12 21:00:00+00:00,HAKKARİ,30,9.178,-0.7219999,0.3,7.2805495,51.0,83.24089,807.7102,19.4,Drizzle: Light
2016-04-13 21:00:00+00:00,HAKKARİ,30,9.228,3.678,1.2,6.28713,53.0,78.23532,808.69556,20.3,Drizzle: Moderate
2016-04-14 21:00:00+00:00,HAKKARİ,30,9.228,-1.872,2.2,6.1305785,61.0,85.92541,811.23517,20.15,Rain: Slight
2016-04-15 21:00:00+00:00,HAKKARİ,30,9.128,0.37800014,1.2,8.12197,53.0,84.919106,813.86127,16.58,Drizzle: Moderate
2016-04-16 21:00:00+00:00,HAKKARİ,30,10.4279995,-2.372,0.0,7.342588,3.0,62.82481,813.5927,27.91,Overcast
2016-04-17 21:00:00+00:00,HAKKARİ,30,12.328,1.5780001,0.0,6.8399997,1.0,50.251385,815.62506,25.44,Mainly clear
2016-04-18 21:00:00+00:00,HAKKARİ,30,13.978,2.1780002,0.0,7.2,2.0,47.561184,816.9975,27.74,Partly cloudy
2016-04-19 21:00:00+00:00,HAKKARİ,30,13.328,2.8780003,0.0,6.849467,2.0,61.756943,819.87665,27.42,Partly cloudy
2016-04-20 21:00:00+00:00,HAKKARİ,30,12.728,3.1280003,0.0,10.691453,3.0,71.892654,818.1882,26.93,Overcast
2016-04-21 21:00:00+00:00,HAKKARİ,30,12.528,6.6780005,1.2,9.565437,51.0,66.9618,816.49664,26.58,Drizzle: Light
2016-04-22 21:00:00+00:00,HAKKARİ,30,12.478,3.078,0.0,6.924738,2.0,61.381836,816.0327,29.06,Partly cloudy
2016-04-23 21:00:00+00:00,HAKKARİ,30,14.4279995,4.6780005,0.0,6.6185193,3.0,56.15118,813.75116,28.23,Overcast
2016-04-24 21:00:00+00:00,HAKKARİ,30,13.878,7.4280005,0.4,9.449572,51.0,63.018734,812.7981,24.4,Drizzle: Light
2016-04-25 21:00:00+00:00,HAKKARİ,30,13.9279995,8.328,0.0,8.825508,2.0,66.02946,815.0967,27.83,Partly cloudy
2016-04-26 21:00:00+00:00,HAKKARİ,30,12.4279995,6.8780003,1.3000001,7.771331,51.0,73.93705,817.4929,19.37,Drizzle: Light
2016-04-27 21:00:00+00:00,HAKKARİ,30,10.878,7.7279997,8.6,5.495161,55.0,90.254814,815.48004,12.47,Drizzle: Dense
2016-04-28 21:00:00+00:00,HAKKARİ,30,13.228,6.6780005,0.4,10.182337,51.0,73.228615,814.6501,27.69,Drizzle: Light
2016-04-29 21:00:00+00:00,HAKKARİ,30,12.778,5.4280005,0.0,11.988594,3.0,69.27581,815.3103,22.7,Overcast
2016-04-30 21:00:00+00:00,HAKKARİ,30,12.1779995,6.578,0.90000004,11.885453,53.0,73.389244,815.75555,22.0,Drizzle: Moderate
2016-05-01 21:00:00+00:00,HAKKARİ,30,14.828,6.1280003,2.0,9.085988,53.0,77.66881,815.614,25.24,Drizzle: Moderate
2016-05-02 21:00:00+00:00,HAKKARİ,30,14.278,7.1280003,2.3,10.308831,61.0,76.399765,814.63666,19.75,Rain: Slight
2016-05-03 21:00:00+00:00,HAKKARİ,30,13.9279995,7.7279997,13.9,11.885453,63.0,84.40408,812.75726,19.0,Rain: Moderate
2016-05-04 21:00:00+00:00,HAKKARİ,30,12.528,5.078,0.90000004,11.177405,53.0,79.50778,813.4754,25.2,Drizzle: Moderate
2016-05-05 21:00:00+00:00,HAKKARİ,30,11.078,4.8780003,7.1999993,13.339445,61.0,83.88135,813.04224,20.1,Rain: Slight
2016-05-06 21:00:00+00:00,HAKKARİ,30,10.9279995,4.6280003,1.3,14.512064,51.0,74.17252,813.56885,20.22,Drizzle: Light
2016-05-07 21:00:00+00:00,HAKKARİ,30,11.978,4.278,0.0,10.587918,3.0,63.961594,815.72455,28.16,Overcast
2016-05-08 21:00:00+00:00,HAKKARİ,30,13.378,2.2280002,0.0,8.350138,3.0,67.38708,816.5169,24.3,Overcast
2016-05-09 21:00:00+00:00,HAKKARİ,30,13.228,6.778,0.5,8.350138,51.0,69.573784,815.73016,23.79,Drizzle: Light
2016-05-10 21:00:00+00:00,HAKKARİ,30,15.278,3.3780003,1.9,9.793059,53.0,74.06828,815.3912,25.45,Drizzle: Moderate
2016-05-11 21:00:00+00:00,HAKKARİ,30,14.628,7.7279997,3.5,8.942214,61.0,78.58404,815.5074,22.56,Rain: Slight
2016-05-12 21:00:00+00:00,HAKKARİ,30,16.478,3.178,0.4,11.885453,51.0,70.4506,815.8389,24.51,Drizzle: Light
2016-05-13 21:00:00+00:00,HAKKARİ,30,18.778,9.078,0.3,9.585739,51.0,70.2932,819.3174,24.66,Drizzle: Light
2016-05-14 21:00:00+00:00,HAKKARİ,30,20.928,10.128,0.4,10.703569,51.0,68.82714,821.1866,25.96,Drizzle: Light
2016-05-15 21:00:00+00:00,HAKKARİ,30,20.328,12.878,0.1,16.78156,51.0,66.01809,820.6806,26.02,Drizzle: Light
2016-05-16 21:00:00+00:00,HAKKARİ,30,19.828,12.278,3.6999998,10.587917,61.0,67.925835,819.3249,24.73,Rain: Slight
2016-05-17 21:00:00+00:00,HAKKARİ,30,20.328,9.778,3.1000001,12.88981,55.0,73.22021,815.80273,22.35,Drizzle: Dense
2016-05-18 21:00:00+00:00,HAKKARİ,30,18.078,10.578,0.2,12.979984,51.0,40.531727,814.6159,30.04,Drizzle: Light
2016-05-19 21:00:00+00:00,HAKKARİ,30,18.528,6.9280005,0.0,9.178235,2.0,49.414577,815.9241,29.96,Partly cloudy
2016-05-20 21:00:00+00:00,HAKKARİ,30,20.678,6.828,0.0,7.9036193,3.0,51.591766,817.9907,29.04,Overcast
2016-05-21 21:00:00+00:00,HAKKARİ,30,21.128,12.128,0.0,10.30883,3.0,45.793232,818.20465,29.93,Overcast
2016-05-22 21:00:00+00:00,HAKKARİ,30,20.528,11.628,0.9,13.237039,53.0,46.886898,816.8112,28.82,Drizzle: Moderate
2016-05-23 21:00:00+00:00,HAKKARİ,30,16.578001,10.278,3.5999997,13.039754,53.0,58.808186,812.64435,24.81,Drizzle: Moderate
2016-05-24 21:00:00+00:00,HAKKARİ,30,17.028,8.228,0.0,11.720751,3.0,57.204044,814.5109,22.37,Overcast
2016-05-25 21:00:00+00:00,HAKKARİ,30,17.678,8.828,0.5,11.770403,51.0,58.594757,815.32526,26.88,Drizzle: Light
2016-05-26 21:00:00+00:00,HAKKARİ,30,19.128,8.478,0.5,9.531505,51.0,58.060146,816.91254,22.26,Drizzle: Light
2016-05-27 21:00:00+00:00,HAKKARİ,30,18.878,9.428,7.9,14.471821,61.0,62.48114,815.2138,23.89,Rain: Slight
2016-05-28 21:00:00+00:00,HAKKARİ,30,15.228,10.378,0.7,12.371645,51.0,55.31871,816.04395,24.47,Drizzle: Light
2016-05-29 21:00:00+00:00,HAKKARİ,30,16.328001,8.178,1.3,9.904906,53.0,66.13668,815.5961,26.13,Drizzle: Moderate
2016-05-30 21:00:00+00:00,HAKKARİ,30,16.478,6.4280005,6.0,8.373386,61.0,74.622154,815.13324,22.54,Rain: Slight
2016-05-31 21:00:00+00:00,HAKKARİ,30,18.778,5.1280003,3.8000002,7.10031,61.0,67.8327,815.27765,23.03,Rain: Slight
2016-06-01 21:00:00+00:00,HAKKARİ,30,19.778,8.478,0.5,7.2359104,51.0,59.29067,815.4097,24.99,Drizzle: Light
2016-06-02 21:00:00+00:00,HAKKARİ,30,21.878,10.528,0.70000005,9.290511,51.0,52.164074,816.54584,27.35,Drizzle: Light
2016-06-03 21:00:00+00:00,HAKKARİ,30,22.178,14.828,0.3,14.799459,51.0,44.75224,817.33545,29.14,Drizzle: Light
2016-06-04 21:00:00+00:00,HAKKARİ,30,21.378,13.528,0.8,18.057508,53.0,45.406204,819.3881,28.98,Drizzle: Moderate
2016-06-05 21:00:00+00:00,HAKKARİ,30,22.578,12.628,0.0,15.315873,1.0,46.450134,817.7641,30.19,Mainly clear
2016-06-06 21:00:00+00:00,HAKKARİ,30,19.078,12.728,2.3,15.94601,53.0,49.402843,816.13617,26.02,Drizzle: Moderate
2016-06-07 21:00:00+00:00,HAKKARİ,30,17.778,11.778,1.8000002,11.440979,51.0,68.03806,816.2089,22.58,Drizzle: Light
2016-06-08 21:00:00+00:00,HAKKARİ,30,21.928,12.228,0.0,18.25026,1.0,51.52036,815.71,29.59,Mainly clear
2016-06-09 21:00:00+00:00,HAKKARİ,30,20.928,12.628,0.0,12.303366,0.0,43.77577,816.3457,30.78,Clear sky
2016-06-10 21:00:00+00:00,HAKKARİ,30,19.678,11.478,0.0,12.599998,1.0,44.320374,816.8763,28.59,Mainly clear
2016-06-11 21:00:00+00:00,HAKKARİ,30,19.928,9.978,0.8,8.669949,53.0,47.684734,817.16327,23.75,Drizzle: Moderate
2016-06-12 21:00:00+00:00,HAKKARİ,30,22.378,7.578,0.0,8.311245,0.0,40.650414,818.8201,30.96,Clear sky
2016-06-13 21:00:00+00:00,HAKKARİ,30,24.528,10.578,0.0,8.049845,0.0,37.439556,820.007,30.93,Clear sky
2016-06-14 21:00:00+00:00,HAKKARİ,30,26.028,11.9279995,0.0,9.107359,1.0,38.816425,818.14215,30.25,Mainly clear
2016-06-15 21:00:00+00:00,HAKKARİ,30,22.128,11.878,1.5,9.085988,61.0,54.8367,812.9892,20.11,Rain: Slight
2016-06-16 21:00:00+00:00,HAKKARİ,30,18.628,9.278,1.6,11.923557,61.0,76.16767,814.81104,24.21,Rain: Slight
2016-06-17 21:00:00+00:00,HAKKARİ,30,18.628,8.128,7.2,10.464797,61.0,81.937294,817.6468,22.34,Rain: Slight
2016-06-18 21:00:00+00:00,HAKKARİ,30,21.828,9.828,5.8999996,9.904906,61.0,78.172676,820.50195,24.53,Rain: Slight
2016-06-19 21:00:00+00:00,HAKKARİ,30,22.678,8.328,0.2,9.114471,51.0,71.80114,820.84985,26.0,Drizzle: Light
2016-06-20 21:00:00+00:00,HAKKARİ,30,22.378,9.728,0.5,11.609651,53.0,66.641685,819.79443,26.34,Drizzle: Moderate
2016-06-21 21:00:00+00:00,HAKKARİ,30,23.028,9.278,0.8,12.096214,53.0,62.675022,819.0823,28.77,Drizzle: Moderate
2016-06-22 21:00:00+00:00,HAKKARİ,30,25.628,10.278,0.8000001,10.163227,51.0,65.76627,818.9953,25.95,Drizzle: Light
2016-06-23 21:00:00+00:00,HAKKARİ,30,25.728,10.978,0.0,9.0,2.0,57.44742,817.8387,26.91,Partly cloudy
2016-06-24 21:00:00+00:00,HAKKARİ,30,26.578,12.128,0.9,9.449572,53.0,61.21251,818.4446,26.04,Drizzle: Moderate
2016-06-25 21:00:00+00:00,HAKKARİ,30,25.878,12.028,0.3,8.891344,51.0,68.592384,819.5877,25.17,Drizzle: Light
2016-06-26 21:00:00+00:00,HAKKARİ,30,27.128,12.578,0.0,8.891344,3.0,57.4209,818.4431,22.89,Overcast
2016-06-27 21:00:00+00:00,HAKKARİ,30,27.778,19.028,0.0,12.979984,1.0,40.421875,817.428,28.4,Mainly clear
2016-06-28 21:00:00+00:00,HAKKARİ,30,27.128,18.328,0.0,11.503113,0.0,31.760355,818.9417,31.04,Clear sky
2016-06-29 21:00:00+00:00,HAKKARİ,30,28.178,17.478,0.0,12.303366,0.0,34.813385,820.45874,30.86,Clear sky
2016-06-30 21:00:00+00:00,HAKKARİ,30,27.178,16.928,0.0,11.177405,0.0,35.021957,817.8371,31.02,Clear sky
2016-07-01 21:00:00+00:00,HAKKARİ,30,28.428,14.4279995,0.0,9.255571,0.0,38.178608,815.19385,30.41,Clear sky
2016-07-02 21:00:00+00:00,HAKKARİ,30,28.478,16.278,0.0,7.968939,2.0,40.03215,814.741,27.57,Partly cloudy
2016-07-03 21:00:00+00:00,HAKKARİ,30,27.928,17.178,0.0,8.311245,2.0,39.675774,814.91144,27.2,Partly cloudy
2016-07-04 21:00:00+00:00,HAKKARİ,30,26.228,17.128,0.0,11.367109,2.0,42.128475,815.1968,24.63,Partly cloudy
2016-07-05 21:00:00+00:00,HAKKARİ,30,23.528,14.4279995,0.6,8.78872,51.0,58.98457,815.7671,23.64,Drizzle: Light
2016-07-06 21:00:00+00:00,HAKKARİ,30,25.728,11.828,0.0,7.754637,3.0,56.150833,817.28217,23.85,Overcast
2016-07-07 21:00:00+00:00,HAKKARİ,30,26.428,17.528,0.70000005,10.495713,51.0,47.603622,818.26166,27.75,Drizzle: Light
2016-07-08 21:00:00+00:00,HAKKARİ,30,26.528,15.778,0.0,9.826088,2.0,43.712597,818.38153,27.01,Partly cloudy
2016-07-09 21:00:00+00:00,HAKKARİ,30,27.878,17.178,0.0,11.304229,1.0,39.10088,817.2156,29.04,Mainly clear
2016-07-10 21:00:00+00:00,HAKKARİ,30,28.178,17.478,0.0,11.298495,0.0,33.6985,815.7906,30.93,Clear sky
2016-07-11 21:00:00+00:00,HAKKARİ,30,27.928,12.778,0.0,10.233123,0.0,47.87642,817.7496,30.7,Clear sky
2016-07-12 21:00:00+00:00,HAKKARİ,30,25.178,10.778,0.0,11.183201,0.0,55.803005,819.66455,30.36,Clear sky
2016-07-13 21:00:00+00:00,HAKKARİ,30,29.578,11.278,0.0,10.464797,0.0,44.338135,818.8383,30.6,Clear sky
2016-07-14 21:00:00+00:00,HAKKARİ,30,30.478,17.378,0.0,10.308831,0.0,35.92213,819.3996,30.25,Clear sky
2016-07-15 21:00:00+00:00,HAKKARİ,30,31.028,17.378,0.0,7.24486,0.0,34.70193,819.0982,27.5,Clear sky
2016-07-16 21:00:00+00:00,HAKKARİ,30,30.578,16.578001,0.0,10.028439,0.0,46.05678,819.44293,28.09,Clear sky
2016-07-17 21:00:00+00:00,HAKKARİ,30,32.178,17.328001,0.0,11.720751,2.0,39.97634,818.54034,27.82,Partly cloudy
2016-07-18 21:00:00+00:00,HAKKARİ,30,30.128,21.678,0.0,15.546833,2.0,30.119947,818.5935,30.01,Partly cloudy
2016-07-19 21:00:00+00:00,HAKKARİ,30,31.328,20.078,0.0,13.32,3.0,29.617086,820.39813,25.38,Overcast
2016-07-20 21:00:00+00:00,HAKKARİ,30,31.578,21.978,0.0,12.4811535,0.0,26.314316,822.532,29.8,Clear sky
2016-07-21 21:00:00+00:00,HAKKARİ,30,30.778,20.778,0.0,10.703569,0.0,30.070574,821.29083,30.07,Clear sky
2016-07-22 21:00:00+00:00,HAKKARİ,30,31.278,15.9279995,0.0,7.771331,0.0,35.684273,817.8491,29.08,Clear sky
2016-07-23 21:00:00+00:00,HAKKARİ,30,31.178,17.428,0.0,11.090103,0.0,38.698246,814.98224,28.78,Clear sky
2016-07-24 21:00:00+00:00,HAKKARİ,30,28.978,20.078,0.0,11.525623,2.0,34.754997,816.3369,24.95,Partly cloudy
2016-07-25 21:00:00+00:00,HAKKARİ,30,29.528,19.628,0.0,11.113451,2.0,30.099848,819.0933,28.61,Partly cloudy
2016-07-26 21:00:00+00:00,HAKKARİ,30,29.828,19.228,0.0,9.449572,0.0,24.182371,819.0813,30.21,Clear sky
2016-07-27 21:00:00+00:00,HAKKARİ,30,29.678,18.728,0.0,10.495713,0.0,24.795835,818.1397,30.17,Clear sky
2016-07-28 21:00:00+00:00,HAKKARİ,30,28.278,17.778,0.0,10.464797,2.0,33.350197,818.0442,23.23,Partly cloudy
2016-07-29 21:00:00+00:00,HAKKARİ,30,28.778,18.428,0.0,11.966953,1.0,33.155178,818.2795,27.71,Mainly clear
2016-07-30 21:00:00+00:00,HAKKARİ,30,28.928,18.078,0.0,11.592895,2.0,28.462416,819.4995,29.28,Partly cloudy
2016-07-31 21:00:00+00:00,HAKKARİ,30,30.078,18.728,0.0,14.693999,0.0,26.557142,821.91656,29.69,Clear sky
2016-08-01 21:00:00+00:00,HAKKARİ,30,30.628,18.578,0.0,9.0,1.0,26.787018,820.7359,29.24,Mainly clear
2016-08-02 21:00:00+00:00,HAKKARİ,30,30.228,18.428,0.0,8.825508,2.0,25.54606,818.1811,28.11,Partly cloudy
2016-08-03 21:00:00+00:00,HAKKARİ,30,30.778,17.678,0.0,8.905908,3.0,31.13531,819.438,25.46,Overcast
2016-08-04 21:00:00+00:00,HAKKARİ,30,30.878,19.478,0.0,10.630672,2.0,29.60714,820.9861,25.02,Partly cloudy
2016-08-05 21:00:00+00:00,HAKKARİ,30,31.928,20.728,0.0,12.24,1.0,29.217855,820.73535,28.76,Mainly clear
2016-08-06 21:00:00+00:00,HAKKARİ,30,30.278,20.278,0.0,11.901798,0.0,29.711508,819.137,29.05,Clear sky
2016-08-07 21:00:00+00:00,HAKKARİ,30,30.778,17.928,0.0,10.948973,0.0,25.609093,819.09467,29.16,Clear sky
2016-08-08 21:00:00+00:00,HAKKARİ,30,31.378,17.078001,0.0,10.8955765,0.0,27.494781,819.84375,28.44,Clear sky
2016-08-09 21:00:00+00:00,HAKKARİ,30,31.928,20.678,0.0,12.24,0.0,28.397453,820.80963,28.3,Clear sky
2016-08-10 21:00:00+00:00,HAKKARİ,30,30.678,20.578,0.0,11.609651,0.0,27.17128,820.8362,28.66,Clear sky
2016-08-11 21:00:00+00:00,HAKKARİ,30,30.228,17.728,0.0,11.609651,0.0,29.254478,821.41925,28.74,Clear sky
2016-08-12 21:00:00+00:00,HAKKARİ,30,30.278,18.278,0.0,10.739833,0.0,32.02801,822.49194,28.43,Clear sky
2016-08-13 21:00:00+00:00,HAKKARİ,30,30.778,18.278,0.0,10.086427,0.0,26.858217,822.10284,28.65,Clear sky
2016-08-14 21:00:00+00:00,HAKKARİ,30,31.028,17.078001,0.0,10.24578,0.0,27.214409,820.88434,27.71,Clear sky
2016-08-15 21:00:00+00:00,HAKKARİ,30,30.278,17.128,0.0,10.315115,0.0,34.947998,819.79987,26.27,Clear sky
2016-08-16 21:00:00+00:00,HAKKARİ,30,28.528,19.678,0.0,13.039754,0.0,39.199356,818.45996,24.91,Clear sky
2016-08-17 21:00:00+00:00,HAKKARİ,30,29.228,17.628,0.0,11.212135,0.0,32.106293,817.91876,26.97,Clear sky
2016-08-18 21:00:00+00:00,HAKKARİ,30,30.378,17.578001,0.5,9.605998,51.0,39.810688,820.3652,24.51,Drizzle: Light
2016-08-19 21:00:00+00:00,HAKKARİ,30,29.178,19.128,0.0,8.473393,2.0,32.884903,822.98834,23.64,Partly cloudy
2016-08-20 21:00:00+00:00,HAKKARİ,30,29.828,17.928,0.0,9.47012,0.0,27.583307,823.1889,25.41,Clear sky
2016-08-21 21:00:00+00:00,HAKKARİ,30,29.878,15.528,0.0,9.793058,3.0,27.618063,822.5566,25.44,Overcast
2016-08-22 21:00:00+00:00,HAKKARİ,30,28.478,18.778,0.0,8.4042845,3.0,23.626116,823.15375,21.24,Overcast
2016-08-23 21:00:00+00:00,HAKKARİ,30,29.428,18.878,0.0,6.924738,3.0,27.682276,822.35406,22.92,Overcast
2016-08-24 21:00:00+00:00,HAKKARİ,30,29.828,18.878,0.0,6.489992,2.0,27.754965,822.2254,22.95,Partly cloudy
2016-08-25 21:00:00+00:00,HAKKARİ,30,30.628,18.428,0.0,9.605998,3.0,27.172318,824.294,22.15,Overcast
2016-08-26 21:00:00+00:00,HAKKARİ,30,29.828,20.278,0.0,11.013882,3.0,29.26206,825.8826,22.83,Overcast
2016-08-27 21:00:00+00:00,HAKKARİ,30,30.928,20.028,0.0,13.684735,3.0,27.526522,825.4922,22.9,Overcast
2016-08-28 21:00:00+00:00,HAKKARİ,30,31.828,19.728,0.0,13.049689,3.0,27.680338,824.5843,23.56,Overcast
2016-08-29 21:00:00+00:00,HAKKARİ,30,31.778,19.728,0.0,11.720751,3.0,28.186272,823.9756,21.39,Overcast
2016-08-30 21:00:00+00:00,HAKKARİ,30,30.678,20.078,0.0,13.661038,3.0,31.627441,821.939,23.06,Overcast
2016-08-31 21:00:00+00:00,HAKKARİ,30,28.778,20.128,0.0,15.496736,1.0,29.034594,819.15405,24.97,Mainly clear
2016-09-01 21:00:00+00:00,HAKKARİ,30,25.828,16.628,0.0,12.015589,2.0,34.41831,818.12695,22.89,Partly cloudy
2016-09-02 21:00:00+00:00,HAKKARİ,30,26.078,15.828,0.0,12.661564,1.0,36.947052,818.7255,24.67,Mainly clear
2016-09-03 21:00:00+00:00,HAKKARİ,30,25.578,17.928,0.0,13.37825,0.0,40.22649,820.0417,24.33,Clear sky
2016-09-04 21:00:00+00:00,HAKKARİ,30,24.978,14.078,0.0,10.948973,0.0,43.131516,822.3264,24.71,Clear sky
2016-09-05 21:00:00+00:00,HAKKARİ,30,25.328,12.778,0.0,10.383987,0.0,39.689465,821.4377,24.45,Clear sky
2016-09-06 21:00:00+00:00,HAKKARİ,30,24.828,12.528,0.2,7.42159,51.0,42.519115,819.3579,22.1,Drizzle: Light
2016-09-07 21:00:00+00:00,HAKKARİ,30,24.328,10.528,0.0,10.30883,0.0,47.188156,819.3496,23.52,Clear sky
2016-09-08 21:00:00+00:00,HAKKARİ,30,27.028,12.028,0.0,9.511088,0.0,34.38142,819.97894,24.08,Clear sky
2016-09-09 21:00:00+00:00,HAKKARİ,30,27.328,13.728,0.0,9.339208,0.0,29.959358,821.4251,23.79,Clear sky
2016-09-10 21:00:00+00:00,HAKKARİ,30,27.278,15.228,0.0,11.4862,0.0,30.253305,821.49567,23.72,Clear sky
2016-09-11 21:00:00+00:00,HAKKARİ,30,26.978,13.478,0.0,9.726664,0.0,29.920008,819.8438,23.26,Clear sky
2016-09-12 21:00:00+00:00,HAKKARİ,30,26.178,14.278,0.0,11.792404,0.0,32.852627,820.09766,23.43,Clear sky
2016-09-13 21:00:00+00:00,HAKKARİ,30,23.728,14.878,0.0,15.124284,0.0,40.859245,819.14746,22.45,Clear sky
2016-09-14 21:00:00+00:00,HAKKARİ,30,22.828,13.878,0.0,13.479583,1.0,50.884857,818.7485,21.96,Mainly clear
2016-09-15 21:00:00+00:00,HAKKARİ,30,21.978,12.878,0.70000005,15.496736,51.0,53.694576,818.35626,20.4,Drizzle: Light
2016-09-16 21:00:00+00:00,HAKKARİ,30,19.978,14.1779995,1.9000001,11.966954,55.0,53.611156,817.03876,19.02,Drizzle: Dense
2016-09-17 21:00:00+00:00,HAKKARİ,30,22.828,8.928,0.0,8.049845,2.0,51.008347,818.72284,21.28,Partly cloudy
2016-09-18 21:00:00+00:00,HAKKARİ,30,23.228,11.328,0.0,9.693296,1.0,46.805622,818.7092,21.44,Mainly clear
2016-09-19 21:00:00+00:00,HAKKARİ,30,23.928,11.578,0.0,10.163227,1.0,41.334774,819.49335,21.88,Mainly clear
2016-09-20 21:00:00+00:00,HAKKARİ,30,21.328,12.278,1.0,15.580141,53.0,46.382553,818.89594,19.71,Drizzle: Moderate
2016-09-21 21:00:00+00:00,HAKKARİ,30,21.178,9.778,0.0,13.684735,2.0,53.42542,820.57764,20.24,Partly cloudy
2016-09-22 21:00:00+00:00,HAKKARİ,30,20.178,12.1779995,0.4,14.512064,51.0,61.923965,818.33295,16.61,Drizzle: Light
2016-09-23 21:00:00+00:00,HAKKARİ,30,17.728,10.4279995,0.0,13.217443,2.0,60.01671,815.9349,18.31,Partly cloudy
2016-09-24 21:00:00+00:00,HAKKARİ,30,18.578,6.778,0.0,10.137692,0.0,48.278965,816.2011,21.52,Clear sky
2016-09-25 21:00:00+00:00,HAKKARİ,30,19.578,7.828,0.0,12.10157,0.0,41.255177,818.2386,20.87,Clear sky
2016-09-26 21:00:00+00:00,HAKKARİ,30,20.428,10.228,0.0,15.124284,2.0,49.71899,820.8476,18.5,Partly cloudy
2016-09-27 21:00:00+00:00,HAKKARİ,30,20.978,13.528,0.0,14.88242,1.0,46.653748,819.39966,19.91,Mainly clear
2016-09-28 21:00:00+00:00,HAKKARİ,30,19.528,6.3780003,0.0,9.449572,2.0,44.366013,817.6691,20.58,Partly cloudy
2016-09-29 21:00:00+00:00,HAKKARİ,30,17.078001,6.328,2.8999999,10.028439,53.0,58.5965,815.01245,15.14,Drizzle: Moderate
2016-09-30 21:00:00+00:00,HAKKARİ,30,16.828001,1.2780001,0.0,12.522619,0.0,51.01453,818.87103,20.52,Clear sky
2016-10-01 21:00:00+00:00,HAKKARİ,30,20.878,3.778,0.0,11.525623,0.0,40.19308,822.4112,20.54,Clear sky
2016-10-02 21:00:00+00:00,HAKKARİ,30,21.978,5.528,0.0,7.928178,3.0,35.82808,821.4136,20.15,Overcast
2016-10-03 21:00:00+00:00,HAKKARİ,30,21.478,11.278,0.0,8.766573,2.0,32.08592,819.7933,19.69,Partly cloudy
2016-10-04 21:00:00+00:00,HAKKARİ,30,21.728,10.978,0.0,8.049845,2.0,31.284851,819.21796,19.52,Partly cloudy
2016-10-05 21:00:00+00:00,HAKKARİ,30,23.028,8.678,0.0,8.427383,0.0,32.14162,820.5598,19.52,Clear sky
2016-10-06 21:00:00+00:00,HAKKARİ,30,22.628,11.878,0.0,9.346143,3.0,24.927881,822.2463,19.56,Overcast
2016-10-07 21:00:00+00:00,HAKKARİ,30,22.128,6.778,0.0,8.287822,0.0,29.22799,821.30273,19.32,Clear sky
2016-10-08 21:00:00+00:00,HAKKARİ,30,21.928,6.6780005,0.0,7.9036193,0.0,33.09545,821.45776,18.99,Clear sky
2016-10-09 21:00:00+00:00,HAKKARİ,30,20.978,8.878,0.0,8.78872,0.0,33.599075,820.2217,18.79,Clear sky
2016-10-10 21:00:00+00:00,HAKKARİ,30,19.478,9.728,0.0,9.83268,3.0,41.61778,819.834,17.18,Overcast
2016-10-11 21:00:00+00:00,HAKKARİ,30,20.478,5.278,0.0,7.2,3.0,49.680767,819.3515,17.83,Overcast
2016-10-12 21:00:00+00:00,HAKKARİ,30,20.878,6.7279997,0.1,8.209263,51.0,45.509308,820.26154,17.37,Drizzle: Light
2016-10-13 21:00:00+00:00,HAKKARİ,30,19.528,9.228,0.0,13.044722,1.0,48.51584,818.8489,17.65,Mainly clear
2016-10-14 21:00:00+00:00,HAKKARİ,30,16.628,9.678,0.0,14.529915,2.0,57.89329,817.5762,15.76,Partly cloudy
2016-10-15 21:00:00+00:00,HAKKARİ,30,17.278,3.678,0.0,9.693296,2.0,58.66933,819.09625,17.34,Partly cloudy
2016-10-16 21:00:00+00:00,HAKKARİ,30,16.878,5.4280005,0.0,10.086427,3.0,42.440495,818.87787,17.64,Overcast
2016-10-17 21:00:00+00:00,HAKKARİ,30,16.978,6.528,0.2,9.931042,51.0,44.957157,818.7344,16.67,Drizzle: Light
2016-10-18 21:00:00+00:00,HAKKARİ,30,14.328,6.4779997,1.9000002,7.9932976,51.0,72.05571,818.73584,13.37,Drizzle: Light
2016-10-19 21:00:00+00:00,HAKKARİ,30,16.228,1.3780001,0.0,9.339208,3.0,67.19757,817.96045,16.37,Overcast
2016-10-20 21:00:00+00:00,HAKKARİ,30,16.578001,4.278,0.0,7.342588,0.0,54.60841,818.7955,16.97,Clear sky
2016-10-21 21:00:00+00:00,HAKKARİ,30,17.078001,0.4280001,0.0,7.771331,1.0,54.96817,818.8772,16.95,Mainly clear
2016-10-22 21:00:00+00:00,HAKKARİ,30,17.228,3.4780002,0.0,7.968939,1.0,45.85258,819.43677,16.62,Mainly clear
2016-10-23 21:00:00+00:00,HAKKARİ,30,15.278,5.1780005,1.2,6.696387,51.0,64.686356,817.9492,11.95,Drizzle: Light
2016-10-24 21:00:00+00:00,HAKKARİ,30,12.528,1.5780001,6.7999997,5.8048253,71.0,87.50852,815.831,8.6,Snow fall: Slight
2016-10-25 21:00:00+00:00,HAKKARİ,30,11.278,5.4280005,13.099999,6.5693827,71.0,92.229,815.4085,9.85,Snow fall: Slight
2016-10-26 21:00:00+00:00,HAKKARİ,30,14.278,0.6780001,0.1,13.830749,51.0,77.674675,821.4174,13.03,Drizzle: Light
2016-10-27 21:00:00+00:00,HAKKARİ,30,10.878,7.9779997,17.8,4.8965297,61.0,88.13263,823.96027,4.36,Rain: Slight
2016-10-28 21:00:00+00:00,HAKKARİ,30,14.028,7.6780005,5.1999993,6.696387,53.0,82.36135,819.22876,9.93,Drizzle: Moderate
2016-10-29 21:00:00+00:00,HAKKARİ,30,11.078,4.478,6.7999997,9.290511,55.0,93.31553,815.0843,9.53,Drizzle: Dense
2016-10-30 21:00:00+00:00,HAKKARİ,30,9.828,6.7279997,16.5,10.137692,61.0,98.851524,815.1155,3.62,Rain: Slight
2016-10-31 21:00:00+00:00,HAKKARİ,30,8.928,5.328,31.8,12.144331,71.0,99.32032,811.38556,2.12,Snow fall: Slight
2016-11-01 21:00:00+00:00,HAKKARİ,30,5.1780005,-2.972,11.199999,8.427383,73.0,91.09528,810.05493,6.68,Snow fall: Moderate
2016-11-02 21:00:00+00:00,HAKKARİ,30,10.778,-6.3220005,0.0,8.28,0.0,56.32094,817.41925,15.16,Clear sky
2016-11-03 21:00:00+00:00,HAKKARİ,30,11.328,-1.122,0.0,6.2145634,0.0,51.6156,818.7744,14.98,Clear sky
2016-11-04 21:00:00+00:00,HAKKARİ,30,10.828,-3.622,0.0,5.3999996,1.0,56.184284,816.11456,14.88,Mainly clear
2016-11-05 21:00:00+00:00,HAKKARİ,30,10.828,-2.772,0.0,6.924738,3.0,56.534794,815.29785,14.47,Overcast
2016-11-06 21:00:00+00:00,HAKKARİ,30,10.828,-1.1719999,0.0,7.5942073,3.0,61.551647,818.846,14.42,Overcast
2016-11-07 21:00:00+00:00,HAKKARİ,30,9.028,0.028000116,0.3,6.130579,51.0,59.13104,820.4436,8.63,Drizzle: Light
2016-11-08 21:00:00+00:00,HAKKARİ,30,14.4279995,-0.47199988,0.0,6.130579,3.0,57.94606,821.3516,12.96,Overcast
2016-11-09 21:00:00+00:00,HAKKARİ,30,13.378,5.528,0.0,5.04,3.0,53.52707,822.05,9.19,Overcast
2016-11-10 21:00:00+00:00,HAKKARİ,30,14.278,4.778,0.0,6.28713,2.0,49.853138,821.10944,13.85,Partly cloudy
2016-11-11 21:00:00+00:00,HAKKARİ,30,14.478,1.7280002,0.0,5.3999996,3.0,53.52797,821.24054,13.61,Overcast
2016-11-12 21:00:00+00:00,HAKKARİ,30,14.278,5.828,0.0,5.991594,3.0,47.447063,822.07623,12.97,Overcast
2016-11-13 21:00:00+00:00,HAKKARİ,30,14.028,6.778,0.0,8.699793,3.0,61.445255,822.28973,12.87,Overcast
2016-11-14 21:00:00+00:00,HAKKARİ,30,12.278,5.978,0.0,7.289444,3.0,70.99193,819.5305,10.34,Overcast
2016-11-15 21:00:00+00:00,HAKKARİ,30,10.278,3.4780002,2.2,10.948973,53.0,79.34737,813.4162,10.52,Drizzle: Moderate
2016-11-16 21:00:00+00:00,HAKKARİ,30,6.2279997,1.6780001,8.900001,10.931203,75.0,87.54194,812.7085,8.72,Snow fall: Heavy
2016-11-17 21:00:00+00:00,HAKKARİ,30,7.078,-2.3219998,0.0,7.9526596,3.0,69.6643,817.61304,12.73,Overcast
2016-11-18 21:00:00+00:00,HAKKARİ,30,7.8780003,-3.5719998,0.0,11.27553,0.0,57.79304,818.1614,13.05,Clear sky
2016-11-19 21:00:00+00:00,HAKKARİ,30,5.228,-4.672,0.0,12.641076,0.0,57.575912,818.94977,13.07,Clear sky
2016-11-20 21:00:00+00:00,HAKKARİ,30,3.4780002,-5.5719995,0.0,11.983188,1.0,61.476994,819.2969,12.97,Mainly clear
2016-11-21 21:00:00+00:00,HAKKARİ,30,2.278,-6.5220003,0.0,12.879752,0.0,45.75702,819.42017,13.06,Clear sky
2016-11-22 21:00:00+00:00,HAKKARİ,30,5.228,-5.6219997,0.0,12.313893,0.0,35.90461,818.2849,12.73,Clear sky
2016-11-23 21:00:00+00:00,HAKKARİ,30,3.528,-6.8220005,0.0,12.496719,0.0,39.91791,818.5711,12.66,Clear sky
2016-11-24 21:00:00+00:00,HAKKARİ,30,7.4280005,-5.422,0.0,11.177405,0.0,34.70137,815.969,12.44,Clear sky
2016-11-25 21:00:00+00:00,HAKKARİ,30,7.078,-4.2720003,0.0,6.87779,0.0,41.51301,815.0606,12.35,Clear sky
2016-11-26 21:00:00+00:00,HAKKARİ,30,6.1280003,-5.5220003,0.0,5.8603754,2.0,43.439877,816.40063,12.13,Partly cloudy
2016-11-27 21:00:00+00:00,HAKKARİ,30,6.7279997,-6.2720003,0.0,6.0347,0.0,39.139385,815.97437,12.07,Clear sky
2016-11-28 21:00:00+00:00,HAKKARİ,30,7.4779997,-5.422,0.0,5.95906,0.0,33.826904,815.8233,12.08,Clear sky
2016-11-29 21:00:00+00:00,HAKKARİ,30,5.1280003,-1.0219998,12.9,7.8625183,75.0,51.91893,814.59424,8.04,Snow fall: Heavy
2016-11-30 21:00:00+00:00,HAKKARİ,30,2.6280003,-0.622,28.299997,4.6938252,75.0,96.75417,809.7061,5.25,Snow fall: Heavy
2016-12-01 21:00:00+00:00,HAKKARİ,30,2.4780002,-0.7219999,45.1,9.255571,75.0,97.33551,805.6928,4.88,Snow fall: Heavy
2016-12-02 21:00:00+00:00,HAKKARİ,30,-0.12199998,-3.472,3.799999,9.693296,75.0,90.56082,815.93506,8.29,Snow fall: Heavy
2016-12-03 21:00:00+00:00,HAKKARİ,30,1.7280002,-6.3220005,0.0,6.696387,71.0,87.702034,819.4709,8.74,Snow fall: Slight
2016-12-04 21:00:00+00:00,HAKKARİ,30,1.9780002,-10.672,0.6,5.0142193,73.0,85.67718,813.95557,9.14,Snow fall: Moderate
2016-12-05 21:00:00+00:00,HAKKARİ,30,-1.122,-10.022,3.8999999,7.6367526,73.0,68.616875,813.4266,10.47,Snow fall: Moderate
2016-12-06 21:00:00+00:00,HAKKARİ,30,0.72800016,-11.5720005,0.0,6.849467,0.0,34.888676,812.9876,12.15,Clear sky
2016-12-07 21:00:00+00:00,HAKKARİ,30,-2.272,-16.072,0.0,9.007196,0.0,59.15929,812.37665,11.71,Clear sky
2016-12-08 21:00:00+00:00,HAKKARİ,30,-0.5719998,-23.122,0.0,10.08,2.0,55.569508,809.2883,11.55,Partly cloudy
2016-12-09 21:00:00+00:00,HAKKARİ,30,-0.12199998,-13.672,0.6,7.208994,71.0,62.93443,808.7022,11.2,Snow fall: Slight
2016-12-10 21:00:00+00:00,HAKKARİ,30,-1.9219999,-12.022,0.0,8.669949,3.0,79.97817,809.66504,10.34,Overcast
2016-12-11 21:00:00+00:00,HAKKARİ,30,2.378,-16.672,0.0,6.87779,3.0,73.09246,809.4904,10.99,Overcast
2016-12-12 21:00:00+00:00,HAKKARİ,30,-1.2219999,-3.972,10.5,6.0347,73.0,94.04496,809.76984,2.65,Snow fall: Moderate
2016-12-13 21:00:00+00:00,HAKKARİ,30,-1.2719998,-2.9219997,60.2,7.928177,75.0,96.900566,804.1357,1.39,Snow fall: Heavy
2016-12-14 21:00:00+00:00,HAKKARİ,30,-2.5719998,-6.172,11.400001,8.12197,75.0,88.36431,806.37726,7.59,Snow fall: Heavy
2016-12-15 21:00:00+00:00,HAKKARİ,30,-5.5220003,-9.5720005,0.0,6.696387,71.0,86.55738,813.5694,9.27,Snow fall: Slight
2016-12-16 21:00:00+00:00,HAKKARİ,30,-4.3219995,-9.5720005,3.9999995,5.634891,73.0,84.920074,815.33734,7.88,Snow fall: Moderate
2016-12-17 21:00:00+00:00,HAKKARİ,30,-4.422,-13.522,0.3,9.114471,71.0,70.3689,815.3401,11.31,Snow fall: Slight
2016-12-18 21:00:00+00:00,HAKKARİ,30,-3.872,-10.272,3.1,6.28713,73.0,80.608215,813.44806,9.31,Snow fall: Moderate
2016-12-19 21:00:00+00:00,HAKKARİ,30,-3.5719998,-16.872,0.0,6.12,1.0,68.12063,809.95245,11.39,Mainly clear
2016-12-20 21:00:00+00:00,HAKKARİ,30,-4.2720003,-11.422,0.0,5.771239,3.0,56.630062,814.28937,10.59,Overcast
2016-12-21 21:00:00+00:00,HAKKARİ,30,0.07800007,-8.022,0.0,6.87779,3.0,51.20995,816.8724,8.45,Overcast
2016-12-22 21:00:00+00:00,HAKKARİ,30,1.9780002,-9.372,0.0,7.928178,3.0,49.916523,818.13605,11.37,Overcast
2016-12-23 21:00:00+00:00,HAKKARİ,30,-0.622,-3.222,19.2,5.771239,75.0,85.03473,815.7856,3.12,Snow fall: Heavy
2016-12-24 21:00:00+00:00,HAKKARİ,30,-0.021999836,-2.122,26.599997,4.3349743,75.0,95.55234,809.7703,2.93,Snow fall: Heavy
2016-12-25 21:00:00+00:00,HAKKARİ,30,-0.22199988,-4.222,1.9000002,5.937272,71.0,92.92046,814.1464,7.28,Snow fall: Slight
2016-12-26 21:00:00+00:00,HAKKARİ,30,1.2780001,-9.872,0.8,7.5942073,73.0,74.32053,812.4451,11.11,Snow fall: Moderate
2016-12-27 21:00:00+00:00,HAKKARİ,30,-1.2719998,-9.5720005,1.5,6.162207,73.0,83.81204,811.83673,10.83,Snow fall: Moderate
2016-12-28 21:00:00+00:00,HAKKARİ,30,1.5780001,-12.622,0.0,4.6938252,3.0,63.386246,813.47394,11.26,Overcast
2016-12-29 21:00:00+00:00,HAKKARİ,30,2.028,-4.5719995,0.0,6.130579,2.0,63.998882,816.1099,9.9,Partly cloudy
2016-12-30 21:00:00+00:00,HAKKARİ,30,2.278,-9.672,6.7,7.208994,75.0,78.32815,813.43915,9.51,Snow fall: Heavy
2016-12-31 21:00:00+00:00,HAKKARİ,30,-0.70249987,-11.6525,3.8999999,9.178235,75.0,79.704,812.3972,10.73,Snow fall: Heavy
2017-01-01 21:00:00+00:00,HAKKARİ,30,-2.5025,-13.8025,0.0,8.435069,0.0,64.35101,809.7059,11.48,Clear sky
2017-01-02 21:00:00+00:00,HAKKARİ,30,-1.1025,-14.802501,2.2,6.8777895,73.0,56.799892,811.1231,11.25,Snow fall: Moderate
2017-01-03 21:00:00+00:00,HAKKARİ,30,-3.4524999,-13.8025,2.1,6.792466,73.0,74.94618,811.51514,11.21,Snow fall: Moderate
2017-01-04 21:00:00+00:00,HAKKARİ,30,-1.6025,-15.152499,0.0,5.692099,1.0,53.52484,812.9206,11.69,Mainly clear
2017-01-05 21:00:00+00:00,HAKKARİ,30,3.0475001,-12.6025,0.0,8.587338,3.0,62.18257,813.06934,11.4,Overcast
2017-01-06 21:00:00+00:00,HAKKARİ,30,3.0475001,-11.0025,0.0,8.534353,1.0,53.05688,810.16693,11.83,Mainly clear
2017-01-07 21:00:00+00:00,HAKKARİ,30,0.5475,-9.4525,1.7000002,6.130579,73.0,80.277245,808.8392,4.21,Snow fall: Moderate
2017-01-08 21:00:00+00:00,HAKKARİ,30,-0.50249994,-9.3025,1.2,5.8603754,73.0,82.145,809.34076,7.14,Snow fall: Moderate
2017-01-09 21:00:00+00:00,HAKKARİ,30,-0.70249987,-11.2525,1.3000001,7.5942082,71.0,78.30341,812.8357,9.45,Snow fall: Slight
2017-01-10 21:00:00+00:00,HAKKARİ,30,1.9975001,-11.9025,0.0,7.4128532,1.0,54.49805,813.8645,12.2,Mainly clear
2017-01-11 21:00:00+00:00,HAKKARİ,30,1.5975001,-12.3525,0.0,8.587338,3.0,55.010105,811.4143,12.39,Overcast
2017-01-12 21:00:00+00:00,HAKKARİ,30,-2.7024999,-13.4525,0.0,6.9527545,3.0,52.539494,805.6884,11.97,Overcast
2017-01-13 21:00:00+00:00,HAKKARİ,30,-2.0025,-17.2025,0.0,7.628263,3.0,56.821976,807.8667,12.26,Overcast
2017-01-14 21:00:00+00:00,HAKKARİ,30,-1.1025,-11.2525,0.5,7.2,71.0,56.9269,808.4182,6.49,Snow fall: Slight
2017-01-15 21:00:00+00:00,HAKKARİ,30,0.64750004,-13.1525,0.0,6.12,3.0,62.947647,810.90533,12.38,Overcast
2017-01-16 21:00:00+00:00,HAKKARİ,30,3.1975,-8.7025,0.0,6.297428,3.0,50.033176,812.727,11.87,Overcast
2017-01-17 21:00:00+00:00,HAKKARİ,30,4.5475,-8.1025,0.0,6.489992,3.0,49.561687,812.2893,11.24,Overcast
2017-01-18 21:00:00+00:00,HAKKARİ,30,1.1975,-9.5525,0.0,6.763786,0.0,50.708324,812.3594,12.89,Clear sky
2017-01-19 21:00:00+00:00,HAKKARİ,30,0.2975,-12.1525,0.0,7.729527,3.0,63.269176,811.335,12.41,Overcast
2017-01-20 21:00:00+00:00,HAKKARİ,30,-1.3025,-10.8525,0.5,6.3690495,71.0,75.08787,809.51715,11.73,Snow fall: Slight
2017-01-21 21:00:00+00:00,HAKKARİ,30,-0.25249994,-11.5525,0.2,8.534353,71.0,72.21605,810.57025,13.26,Snow fall: Slight
2017-01-22 21:00:00+00:00,HAKKARİ,30,-2.2525,-13.4525,0.0,9.686609,0.0,58.863262,813.3388,13.86,Clear sky
2017-01-23 21:00:00+00:00,HAKKARİ,30,-1.6524999,-14.0025,0.0,11.808878,3.0,48.55753,814.31445,14.09,Overcast
2017-01-24 21:00:00+00:00,HAKKARİ,30,-1.0025,-9.8525,13.700001,6.439876,75.0,47.301205,812.8306,6.02,Snow fall: Heavy
2017-01-25 21:00:00+00:00,HAKKARİ,30,-1.0525,-6.5525,8.099998,5.3517847,73.0,81.349304,810.0938,5.14,Snow fall: Moderate
2017-01-26 21:00:00+00:00,HAKKARİ,30,-1.8025,-5.8525,10.400002,6.638072,75.0,86.36563,805.1573,5.26,Snow fall: Heavy
2017-01-27 21:00:00+00:00,HAKKARİ,30,-3.9025002,-7.8025,33.8,9.885262,75.0,81.21365,801.84344,7.08,Snow fall: Heavy
2017-01-28 21:00:00+00:00,HAKKARİ,30,-5.0025,-9.2525,3.7000005,11.165805,73.0,82.969864,810.0833,11.73,Snow fall: Moderate
2017-01-29 21:00:00+00:00,HAKKARİ,30,-3.2525,-12.5525,1.3000002,8.473393,73.0,78.334984,811.64404,12.0,Snow fall: Moderate
2017-01-30 21:00:00+00:00,HAKKARİ,30,-5.4025,-13.8025,6.0000005,8.714677,73.0,78.13855,807.5174,5.49,Snow fall: Moderate
2017-01-31 21:00:00+00:00,HAKKARİ,30,-6.7524996,-11.1525,7.2000012,6.130579,73.0,79.20292,804.719,7.77,Snow fall: Moderate
2017-02-01 21:00:00+00:00,HAKKARİ,30,-4.1025,-15.8525,0.8000001,7.8954163,73.0,61.147488,810.0994,15.3,Snow fall: Moderate
2017-02-02 21:00:00+00:00,HAKKARİ,30,-0.4024999,-16.1525,0.0,7.4128532,0.0,51.252415,812.6902,15.33,Clear sky
2017-02-03 21:00:00+00:00,HAKKARİ,30,-0.20249999,-10.5025,0.0,6.0347,3.0,36.668392,815.34814,15.02,Overcast
2017-02-04 21:00:00+00:00,HAKKARİ,30,-1.3525,-8.7025,0.2,6.28713,71.0,56.14018,813.76825,13.68,Snow fall: Slight
2017-02-05 21:00:00+00:00,HAKKARİ,30,-0.75250006,-12.9025,0.0,8.4042845,3.0,71.900276,813.65717,15.42,Overcast
2017-02-06 21:00:00+00:00,HAKKARİ,30,2.2975001,-12.0525,0.0,8.39657,2.0,61.86916,812.9476,15.84,Partly cloudy
2017-02-07 21:00:00+00:00,HAKKARİ,30,4.7975,-10.0025,0.0,8.39657,3.0,45.288982,812.77435,16.1,Overcast
2017-02-08 21:00:00+00:00,HAKKARİ,30,-0.4525,-9.8025,1.5,5.634891,73.0,67.56359,813.16644,8.64,Snow fall: Moderate
2017-02-09 21:00:00+00:00,HAKKARİ,30,0.8475,-11.2025,0.0,6.489992,1.0,71.07684,810.3941,15.99,Mainly clear
2017-02-10 21:00:00+00:00,HAKKARİ,30,1.1475,-10.9525,0.0,7.491114,1.0,66.82537,808.3896,16.26,Mainly clear
2017-02-11 21:00:00+00:00,HAKKARİ,30,1.3975,-9.8525,0.0,7.491114,3.0,70.77286,809.14496,14.78,Overcast
2017-02-12 21:00:00+00:00,HAKKARİ,30,-1.8525,-7.6525,1.8000002,8.854829,71.0,74.39996,807.94684,9.59,Snow fall: Slight
2017-02-13 21:00:00+00:00,HAKKARİ,30,-1.9524999,-6.9525003,8.700001,9.504272,75.0,79.208305,810.33563,8.82,Snow fall: Heavy
2017-02-14 21:00:00+00:00,HAKKARİ,30,-2.3025,-5.9025,24.300005,8.311245,75.0,86.95408,807.0166,6.94,Snow fall: Heavy
2017-02-15 21:00:00+00:00,HAKKARİ,30,-4.3025,-7.6025,6.299999,9.885262,73.0,81.659996,806.48004,10.56,Snow fall: Moderate
2017-02-16 21:00:00+00:00,HAKKARİ,30,-6.0525,-15.3525,3.3,14.241629,73.0,61.526413,807.8609,16.29,Snow fall: Moderate
2017-02-17 21:00:00+00:00,HAKKARİ,30,-2.6525002,-18.4525,0.0,9.726664,0.0,40.843452,814.6839,18.44,Clear sky
2017-02-18 21:00:00+00:00,HAKKARİ,30,4.7975,-12.5025,0.0,8.404285,0.0,30.542395,816.3475,18.31,Clear sky
2017-02-19 21:00:00+00:00,HAKKARİ,30,5.5475,-11.6025,0.0,8.707237,3.0,34.736748,813.9343,18.23,Overcast
2017-02-20 21:00:00+00:00,HAKKARİ,30,3.4475,-11.5025,0.0,7.289445,2.0,33.057064,810.0524,18.88,Partly cloudy
2017-02-21 21:00:00+00:00,HAKKARİ,30,0.44750005,-10.8525,0.0,7.5942073,0.0,39.748592,810.732,18.75,Clear sky
2017-02-22 21:00:00+00:00,HAKKARİ,30,1.7975,-8.5525,0.0,10.308831,3.0,54.573788,811.8269,17.71,Overcast
2017-02-23 21:00:00+00:00,HAKKARİ,30,3.1975,-8.4025,0.0,6.849467,0.0,43.36018,815.9698,19.1,Clear sky
2017-02-24 21:00:00+00:00,HAKKARİ,30,5.1475,-8.8525,0.0,6.9153743,0.0,36.21731,816.6016,19.65,Clear sky
2017-02-25 21:00:00+00:00,HAKKARİ,30,4.4975,-10.5025,0.0,7.928178,2.0,55.667164,813.25433,19.04,Partly cloudy
2017-02-26 21:00:00+00:00,HAKKARİ,30,6.2475,-7.0024996,0.0,5.991594,3.0,56.13493,813.2942,18.84,Overcast
2017-02-27 21:00:00+00:00,HAKKARİ,30,6.8975,-4.3025,0.0,7.69592,2.0,62.140186,815.14215,19.47,Partly cloudy
2017-02-28 21:00:00+00:00,HAKKARİ,30,10.2975,-4.6525,0.0,8.78872,3.0,54.409866,815.1492,18.73,Overcast
2017-03-01 21:00:00+00:00,HAKKARİ,30,5.4975,-1.7024999,2.1000001,7.9036193,73.0,70.7241,812.3443,10.35,Snow fall: Moderate
2017-03-02 21:00:00+00:00,HAKKARİ,30,4.9475,-1.6524999,3.3,5.3517847,73.0,84.67079,811.5484,8.88,Snow fall: Moderate
2017-03-03 21:00:00+00:00,HAKKARİ,30,3.7475,-0.9024999,6.4999995,4.39436,73.0,86.26162,810.8632,12.27,Snow fall: Moderate
2017-03-04 21:00:00+00:00,HAKKARİ,30,6.1475,-1.9524999,0.1,11.792404,71.0,71.19131,813.2586,19.59,Snow fall: Slight
2017-03-05 21:00:00+00:00,HAKKARİ,30,6.5475,-4.2525,0.0,10.514218,1.0,65.18757,814.866,20.88,Mainly clear
2017-03-06 21:00:00+00:00,HAKKARİ,30,5.2475,-6.0525,0.0,7.928177,3.0,62.98346,811.4062,21.41,Overcast
2017-03-07 21:00:00+00:00,HAKKARİ,30,5.6475,-6.7025003,0.0,7.9036193,3.0,58.367237,812.0015,21.3,Overcast
2017-03-08 21:00:00+00:00,HAKKARİ,30,7.3975,-7.1025,0.0,8.766573,2.0,59.40779,814.27155,21.56,Partly cloudy
2017-03-09 21:00:00+00:00,HAKKARİ,30,10.7975,-5.1525,0.0,8.049845,3.0,44.766537,813.3479,21.74,Overcast
2017-03-10 21:00:00+00:00,HAKKARİ,30,5.6975,-0.8025,21.3,6.87779,75.0,77.70002,809.9009,10.32,Snow fall: Heavy
2017-03-11 21:00:00+00:00,HAKKARİ,30,5.6475,-2.3025,2.1000001,10.495713,73.0,82.66424,813.3721,17.26,Snow fall: Moderate
2017-03-12 21:00:00+00:00,HAKKARİ,30,5.6975,-2.9025002,2.9999998,7.172949,73.0,83.88267,810.61896,13.1,Snow fall: Moderate
2017-03-13 21:00:00+00:00,HAKKARİ,30,4.7475,-5.0025,0.1,8.209263,71.0,83.588425,811.30023,19.29,Snow fall: Slight
2017-03-14 21:00:00+00:00,HAKKARİ,30,2.2475,-0.20249999,11.000002,7.491114,75.0,91.09115,811.344,9.17,Snow fall: Heavy
2017-03-15 21:00:00+00:00,HAKKARİ,30,1.3975,-1.9524999,33.6,7.729527,75.0,92.87683,806.8852,5.82,Snow fall: Heavy
2017-03-16 21:00:00+00:00,HAKKARİ,30,1.2475001,-2.1525,6.5999994,10.495713,75.0,82.41234,811.09064,18.82,Snow fall: Heavy
2017-03-17 21:00:00+00:00,HAKKARİ,30,1.6975,-1.6524999,46.100002,7.5685663,75.0,95.09943,810.56854,3.34,Snow fall: Heavy
2017-03-18 21:00:00+00:00,HAKKARİ,30,5.1975,-2.9025002,2.5999994,5.815978,73.0,88.29879,808.02783,12.15,Snow fall: Moderate
2017-03-19 21:00:00+00:00,HAKKARİ,30,4.1475,-3.7024999,9.2,10.799999,75.0,79.929634,804.9414,18.45,Snow fall: Heavy
2017-03-20 21:00:00+00:00,HAKKARİ,30,1.1975,-3.7024999,1.7000003,12.303366,71.0,81.51272,807.8706,19.3,Snow fall: Slight
2017-03-21 21:00:00+00:00,HAKKARİ,30,2.1975,-7.1525,7.0,11.592894,73.0,85.07218,810.3445,14.24,Snow fall: Moderate
2017-03-22 21:00:00+00:00,HAKKARİ,30,5.2475,-3.4025002,0.6,6.9153743,71.0,76.898476,808.6214,16.55,Snow fall: Slight
2017-03-23 21:00:00+00:00,HAKKARİ,30,5.4475,-3.6025,0.0,14.168641,2.0,65.60493,810.96906,24.71,Partly cloudy
2017-03-24 21:00:00+00:00,HAKKARİ,30,6.3475,-5.7525,0.0,9.339208,0.0,57.657368,811.16504,25.04,Clear sky
2017-03-25 21:00:00+00:00,HAKKARİ,30,6.7475,-5.0025,0.0,11.013882,3.0,57.177242,812.07794,24.7,Overcast
2017-03-26 21:00:00+00:00,HAKKARİ,30,5.8475,0.14750004,2.9000003,10.685391,73.0,79.076294,815.5401,20.26,Snow fall: Moderate
2017-03-27 21:00:00+00:00,HAKKARİ,30,5.4975,0.49750006,15.3,8.217153,75.0,89.71339,813.64886,13.38,Snow fall: Heavy
2017-03-28 21:00:00+00:00,HAKKARİ,30,6.7975,-2.3025,0.1,6.379216,71.0,76.75736,815.55597,21.56,Snow fall: Slight
2017-03-29 21:00:00+00:00,HAKKARİ,30,8.6975,-2.8024998,0.0,8.217153,3.0,69.62593,815.342,24.63,Overcast
2017-03-30 21:00:00+00:00,HAKKARİ,30,6.4475,-0.35249996,2.1,5.8048253,73.0,80.90302,814.76587,15.5,Snow fall: Moderate
2017-03-31 21:00:00+00:00,HAKKARİ,30,6.3975,0.14750004,8.7,7.7043357,75.0,85.83184,813.8401,15.37,Snow fall: Heavy
2017-04-01 21:00:00+00:00,HAKKARİ,30,5.9475,1.0475,1.9000001,6.763786,73.0,79.01699,812.302,21.94,Snow fall: Moderate
2017-04-02 21:00:00+00:00,HAKKARİ,30,5.5975,-2.3525,1.1,8.404285,71.0,76.290276,812.29297,20.19,Snow fall: Slight
2017-04-03 21:00:00+00:00,HAKKARİ,30,8.297501,-4.2525,0.2,8.654987,71.0,58.74786,816.6862,26.72,Snow fall: Slight
2017-04-04 21:00:00+00:00,HAKKARİ,30,10.8975,-4.0025,0.0,7.968939,2.0,51.857025,818.0422,26.96,Partly cloudy
2017-04-05 21:00:00+00:00,HAKKARİ,30,10.4475,-1.6025,0.0,8.089993,1.0,46.978306,814.5608,25.99,Mainly clear
2017-04-06 21:00:00+00:00,HAKKARİ,30,7.7975,-1.4524999,10.0,6.0347,73.0,75.28794,812.1416,15.5,Snow fall: Moderate
2017-04-07 21:00:00+00:00,HAKKARİ,30,6.6975,-0.8025,3.1999998,12.10157,73.0,81.748436,812.62274,17.67,Snow fall: Moderate
2017-04-08 21:00:00+00:00,HAKKARİ,30,4.2975,-0.85249996,27.9,9.290511,75.0,91.84726,812.0877,12.1,Snow fall: Heavy
2017-04-09 21:00:00+00:00,HAKKARİ,30,6.9975,-3.4025002,0.1,10.805998,71.0,72.42159,812.54785,26.11,Snow fall: Slight
2017-04-10 21:00:00+00:00,HAKKARİ,30,6.5975,-4.6525,0.0,9.9571085,3.0,75.39202,813.3951,17.42,Overcast
2017-04-11 21:00:00+00:00,HAKKARİ,30,13.3475,-4.1525,0.90000004,5.8603754,53.0,54.692295,816.19806,25.69,Drizzle: Moderate
2017-04-12 21:00:00+00:00,HAKKARİ,30,9.3475,2.4475,22.300001,7.2805495,63.0,79.24113,816.3964,6.82,Rain: Moderate
2017-04-13 21:00:00+00:00,HAKKARİ,30,7.9475,1.3975,68.39999,5.506941,63.0,95.28611,811.1042,3.24,Rain: Moderate
2017-04-14 21:00:00+00:00,HAKKARİ,30,8.297501,-1.0025,1.5000001,6.6185193,71.0,83.56839,812.42816,22.04,Snow fall: Slight
2017-04-15 21:00:00+00:00,HAKKARİ,30,9.247499,-1.4024999,0.1,8.049845,51.0,74.14921,813.95135,25.28,Drizzle: Light
2017-04-16 21:00:00+00:00,HAKKARİ,30,10.9475,-0.5525,0.0,6.193674,2.0,68.04855,815.3965,26.94,Partly cloudy
2017-04-17 21:00:00+00:00,HAKKARİ,30,10.7975,-0.4525,1.6,8.699793,53.0,73.62881,815.01483,24.98,Drizzle: Moderate
2017-04-18 21:00:00+00:00,HAKKARİ,30,10.7475,2.3475,3.6999998,11.808878,71.0,80.35625,815.2224,26.94,Snow fall: Slight
2017-04-19 21:00:00+00:00,HAKKARİ,30,10.9475,-3.0524998,0.0,9.360001,3.0,65.45996,816.09625,26.89,Overcast
2017-04-20 21:00:00+00:00,HAKKARİ,30,13.1975,1.9475,0.0,9.021574,1.0,61.775875,817.9785,28.26,Mainly clear
2017-04-21 21:00:00+00:00,HAKKARİ,30,15.9975,1.4975001,0.0,9.793058,1.0,53.745182,818.6897,28.27,Mainly clear
2017-04-22 21:00:00+00:00,HAKKARİ,30,14.4975,1.4475,10.6,10.44,61.0,65.51528,814.6287,20.03,Rain: Slight
2017-04-23 21:00:00+00:00,HAKKARİ,30,12.4475,0.047500014,10.900002,11.91812,61.0,67.64043,812.1525,26.66,Rain: Slight
2017-04-24 21:00:00+00:00,HAKKARİ,30,12.8975,-2.4524999,0.0,8.39657,0.0,58.526337,813.0079,29.38,Clear sky
2017-04-25 21:00:00+00:00,HAKKARİ,30,11.4975,-0.85249996,0.0,11.885453,3.0,64.66076,816.50146,29.37,Overcast
2017-04-26 21:00:00+00:00,HAKKARİ,30,13.3475,-0.5525,0.0,12.181624,3.0,59.961506,817.6904,29.45,Overcast
2017-04-27 21:00:00+00:00,HAKKARİ,30,14.5975,-0.70249987,0.0,11.753876,3.0,58.126926,816.9177,26.92,Overcast
2017-04-28 21:00:00+00:00,HAKKARİ,30,13.7475,0.5475,1.0,8.714677,53.0,60.811813,814.72626,26.13,Drizzle: Moderate
2017-04-29 21:00:00+00:00,HAKKARİ,30,13.7975,-0.05250001,0.0,9.6932955,3.0,55.9621,815.6443,27.85,Overcast
2017-04-30 21:00:00+00:00,HAKKARİ,30,14.6475,0.49750006,0.1,9.339208,51.0,62.185596,815.3884,23.66,Drizzle: Light
2017-05-01 21:00:00+00:00,HAKKARİ,30,11.2475,1.5975001,25.400002,8.891344,63.0,80.64614,815.29315,10.05,Rain: Moderate
2017-05-02 21:00:00+00:00,HAKKARİ,30,11.0975,-0.002499938,2.1,8.39657,53.0,80.88306,813.74634,20.12,Drizzle: Moderate
2017-05-03 21:00:00+00:00,HAKKARİ,30,12.5975,-3.7024999,0.0,9.220499,2.0,72.37674,812.3482,25.83,Partly cloudy
2017-05-04 21:00:00+00:00,HAKKARİ,30,12.3475,-0.25249994,0.6,10.97262,51.0,77.072205,813.7464,21.94,Drizzle: Light
2017-05-05 21:00:00+00:00,HAKKARİ,30,12.4475,0.5975,1.7000002,9.085988,53.0,78.843796,814.53925,20.08,Drizzle: Moderate
2017-05-06 21:00:00+00:00,HAKKARİ,30,12.2475,1.2975,9.900001,11.525623,63.0,84.7498,815.50055,17.34,Rain: Moderate
2017-05-07 21:00:00+00:00,HAKKARİ,30,15.4475,3.5975,1.7000003,16.704155,51.0,70.17695,816.4419,23.12,Drizzle: Light
2017-05-08 21:00:00+00:00,HAKKARİ,30,16.4475,0.7975,0.2,12.313894,51.0,67.88302,818.4233,25.14,Drizzle: Light
2017-05-09 21:00:00+00:00,HAKKARİ,30,17.997501,3.1475,1.1,11.609651,53.0,65.33477,817.9211,26.14,Drizzle: Moderate
2017-05-10 21:00:00+00:00,HAKKARİ,30,19.5475,4.8975,1.9000001,14.05845,53.0,59.342594,816.4477,26.66,Drizzle: Moderate
2017-05-11 21:00:00+00:00,HAKKARİ,30,19.0475,3.5975,0.5,16.489416,53.0,50.307224,815.23456,27.18,Drizzle: Moderate
2017-05-12 21:00:00+00:00,HAKKARİ,30,19.697498,3.1975,0.0,10.30883,3.0,56.29153,816.32837,29.52,Overcast
2017-05-13 21:00:00+00:00,HAKKARİ,30,20.8475,4.2975,0.0,13.551501,2.0,54.890163,816.39716,29.07,Partly cloudy
2017-05-14 21:00:00+00:00,HAKKARİ,30,18.5475,5.8975,5.2,17.935081,61.0,67.75266,813.59186,21.54,Rain: Slight
2017-05-15 21:00:00+00:00,HAKKARİ,30,18.247501,3.7475,0.0,13.891522,1.0,59.7115,813.0953,30.21,Mainly clear
2017-05-16 21:00:00+00:00,HAKKARİ,30,18.7975,2.4975,0.0,8.587338,2.0,59.67187,814.70776,29.72,Partly cloudy
2017-05-17 21:00:00+00:00,HAKKARİ,30,20.6475,4.0475,0.1,9.931042,51.0,61.45882,817.10547,28.83,Drizzle: Light
2017-05-18 21:00:00+00:00,HAKKARİ,30,20.3475,8.3975,2.8999999,15.575981,53.0,57.591343,817.74005,23.54,Drizzle: Moderate
2017-05-19 21:00:00+00:00,HAKKARİ,30,15.1475,6.5475,8.0,12.88981,61.0,67.87104,813.7298,16.03,Rain: Slight
2017-05-20 21:00:00+00:00,HAKKARİ,30,11.2475,4.6475,8.0,10.703569,61.0,77.10439,811.2846,16.0,Rain: Slight
2017-05-21 21:00:00+00:00,HAKKARİ,30,15.5475,2.2475,0.0,14.48972,2.0,58.538864,814.5388,28.47,Partly cloudy
2017-05-22 21:00:00+00:00,HAKKARİ,30,15.2475,4.9475,3.7,15.349684,53.0,63.79024,815.87164,20.9,Drizzle: Moderate
2017-05-23 21:00:00+00:00,HAKKARİ,30,15.6975,5.0975,5.9,14.113652,53.0,67.08791,814.9021,26.23,Drizzle: Moderate
2017-05-24 21:00:00+00:00,HAKKARİ,30,16.1975,5.9975,0.0,12.245293,3.0,60.72967,818.1692,28.99,Overcast
2017-05-25 21:00:00+00:00,HAKKARİ,30,19.247501,2.6975,0.5,12.641076,51.0,57.075222,817.3465,25.89,Drizzle: Light
2017-05-26 21:00:00+00:00,HAKKARİ,30,19.447498,6.4475,0.0,18.218275,3.0,50.377518,816.019,25.3,Overcast
2017-05-27 21:00:00+00:00,HAKKARİ,30,19.1475,6.3475,0.0,14.565548,1.0,44.635082,818.37006,30.29,Mainly clear
2017-05-28 21:00:00+00:00,HAKKARİ,30,20.447498,4.9975,0.0,11.019764,1.0,49.930813,820.6485,27.94,Mainly clear
2017-05-29 21:00:00+00:00,HAKKARİ,30,22.2975,7.0975,0.0,12.229406,0.0,44.767788,821.1475,30.42,Clear sky
2017-05-30 21:00:00+00:00,HAKKARİ,30,19.0975,10.4475,0.0,14.48972,0.0,41.08321,818.43964,30.8,Clear sky
2017-05-31 21:00:00+00:00,HAKKARİ,30,16.5475,3.4975,0.1,14.081477,51.0,50.403255,814.3234,28.67,Drizzle: Light
2017-06-01 21:00:00+00:00,HAKKARİ,30,16.3475,3.4475,1.5999999,10.514218,61.0,64.40461,813.5058,22.29,Rain: Slight
2017-06-02 21:00:00+00:00,HAKKARİ,30,20.197498,3.4475,0.0,8.854829,2.0,60.063232,817.4194,28.91,Partly cloudy
2017-06-03 21:00:00+00:00,HAKKARİ,30,22.0975,6.4975,0.1,9.339208,51.0,53.3157,818.6136,29.76,Drizzle: Light
2017-06-04 21:00:00+00:00,HAKKARİ,30,24.3475,7.3475,0.0,9.085988,1.0,47.093136,819.4546,30.14,Mainly clear
2017-06-05 21:00:00+00:00,HAKKARİ,30,24.747501,9.6975,0.1,10.799999,51.0,42.018913,819.6518,27.16,Drizzle: Light
2017-06-06 21:00:00+00:00,HAKKARİ,30,24.197498,9.6475,0.0,13.584932,0.0,36.974613,818.4702,30.71,Clear sky
2017-06-07 21:00:00+00:00,HAKKARİ,30,24.7975,7.6475,0.0,11.119281,0.0,41.697647,817.48785,30.66,Clear sky
2017-06-08 21:00:00+00:00,HAKKARİ,30,25.6475,9.247499,0.0,11.183201,0.0,44.89952,817.9927,30.4,Clear sky
2017-06-09 21:00:00+00:00,HAKKARİ,30,25.6475,9.8975,0.0,15.30741,1.0,40.481564,817.5564,30.01,Mainly clear
2017-06-10 21:00:00+00:00,HAKKARİ,30,23.697498,10.6975,0.0,14.168641,0.0,38.22584,815.82904,30.93,Clear sky
2017-06-11 21:00:00+00:00,HAKKARİ,30,23.5475,7.7975,0.0,14.57889,0.0,43.45699,816.1535,30.65,Clear sky
2017-06-12 21:00:00+00:00,HAKKARİ,30,25.247501,8.747499,0.0,11.681987,1.0,37.898727,817.3378,30.49,Mainly clear
2017-06-13 21:00:00+00:00,HAKKARİ,30,25.2975,9.247499,0.0,19.201874,3.0,40.398212,815.47394,25.24,Overcast
2017-06-14 21:00:00+00:00,HAKKARİ,30,21.247501,10.4475,0.0,12.768586,2.0,44.987885,816.26154,29.76,Partly cloudy
2017-06-15 21:00:00+00:00,HAKKARİ,30,20.8975,7.8975,0.0,15.530151,2.0,49.89142,817.135,24.05,Partly cloudy
2017-06-16 21:00:00+00:00,HAKKARİ,30,23.247501,8.8975,0.0,13.37825,1.0,40.80756,816.8027,29.48,Mainly clear
2017-06-17 21:00:00+00:00,HAKKARİ,30,23.5975,9.5475,0.0,16.42247,3.0,41.32085,816.13556,26.82,Overcast
2017-06-18 21:00:00+00:00,HAKKARİ,30,24.3475,8.6475,0.0,13.684735,0.0,45.137512,816.41156,30.34,Clear sky
2017-06-19 21:00:00+00:00,HAKKARİ,30,22.697498,10.5975,0.0,15.629971,2.0,45.740673,815.107,27.36,Partly cloudy
2017-06-20 21:00:00+00:00,HAKKARİ,30,22.3975,6.6975,0.0,13.70839,1.0,42.82314,814.0971,30.67,Mainly clear
2017-06-21 21:00:00+00:00,HAKKARİ,30,20.447498,8.6975,0.0,14.84318,1.0,44.66571,815.06836,27.68,Mainly clear
2017-06-22 21:00:00+00:00,HAKKARİ,30,23.1475,7.2975,0.0,10.636766,1.0,50.513485,817.02155,28.63,Mainly clear
2017-06-23 21:00:00+00:00,HAKKARİ,30,24.5975,9.3975,0.0,9.227524,1.0,44.29364,817.5047,29.66,Mainly clear
2017-06-24 21:00:00+00:00,HAKKARİ,30,26.5975,9.7475,0.0,7.5685663,2.0,40.342762,817.1268,29.06,Partly cloudy
2017-06-25 21:00:00+00:00,HAKKARİ,30,28.247501,12.0475,0.0,11.592894,1.0,39.268497,819.8357,29.67,Mainly clear
2017-06-26 21:00:00+00:00,HAKKARİ,30,31.2975,12.6975,0.0,10.144082,0.0,36.64278,820.5296,30.54,Clear sky
2017-06-27 21:00:00+00:00,HAKKARİ,30,31.2975,13.3475,0.0,14.007655,0.0,30.627075,818.6199,30.79,Clear sky
2017-06-28 21:00:00+00:00,HAKKARİ,30,29.8475,13.2475,0.0,12.218805,0.0,28.849176,816.8701,30.93,Clear sky
2017-06-29 21:00:00+00:00,HAKKARİ,30,29.247501,13.5475,0.0,11.923557,3.0,39.04929,815.57184,26.41,Overcast
2017-06-30 21:00:00+00:00,HAKKARİ,30,27.247501,14.8975,0.0,19.513195,3.0,37.129856,817.677,28.8,Overcast
2017-07-01 21:00:00+00:00,HAKKARİ,30,28.6475,13.8975,0.1,13.779114,51.0,37.2112,818.9422,28.32,Drizzle: Light
2017-07-02 21:00:00+00:00,HAKKARİ,30,30.0975,13.7475,0.0,10.787993,2.0,31.040518,818.6597,29.06,Partly cloudy
2017-07-03 21:00:00+00:00,HAKKARİ,30,31.5475,14.7475,0.0,12.57426,1.0,27.596573,818.3457,30.01,Mainly clear
2017-07-04 21:00:00+00:00,HAKKARİ,30,31.7975,15.7475,0.0,14.021525,0.0,25.551308,818.6379,30.31,Clear sky
2017-07-05 21:00:00+00:00,HAKKARİ,30,31.0475,16.247501,0.0,15.986593,1.0,24.177748,818.0,30.01,Mainly clear
2017-07-06 21:00:00+00:00,HAKKARİ,30,27.5475,15.2975,0.5,16.171976,51.0,29.7642,816.12054,23.05,Drizzle: Light
2017-07-07 21:00:00+00:00,HAKKARİ,30,28.0475,13.8475,0.0,16.92383,3.0,33.28825,816.2842,25.05,Overcast
2017-07-08 21:00:00+00:00,HAKKARİ,30,28.997501,13.6975,0.0,15.807239,0.0,28.066126,818.5386,30.81,Clear sky
2017-07-09 21:00:00+00:00,HAKKARİ,30,29.247501,12.0475,0.0,13.684735,0.0,25.037947,819.30975,30.59,Clear sky
2017-07-10 21:00:00+00:00,HAKKARİ,30,29.7975,11.8475,0.0,13.18308,2.0,27.353958,819.1348,30.46,Partly cloudy
2017-07-11 21:00:00+00:00,HAKKARİ,30,27.3975,14.3475,0.0,9.387651,2.0,42.590466,817.47955,24.41,Partly cloudy
2017-07-12 21:00:00+00:00,HAKKARİ,30,25.447498,13.8975,1.3,11.681987,53.0,48.70021,815.0031,24.26,Drizzle: Moderate
2017-07-13 21:00:00+00:00,HAKKARİ,30,26.8975,12.9475,0.0,10.464797,1.0,42.97545,815.36554,24.18,Mainly clear
2017-07-14 21:00:00+00:00,HAKKARİ,30,26.997501,13.0475,0.0,11.212135,1.0,35.931442,817.1386,27.56,Mainly clear
2017-07-15 21:00:00+00:00,HAKKARİ,30,29.197498,12.7475,0.0,9.178235,0.0,27.881845,819.2678,29.84,Clear sky
2017-07-16 21:00:00+00:00,HAKKARİ,30,30.247501,13.4475,0.0,10.787993,0.0,28.782316,821.28265,29.79,Clear sky
2017-07-17 21:00:00+00:00,HAKKARİ,30,31.0475,14.4475,0.0,12.738099,2.0,28.619452,820.5869,28.66,Partly cloudy
2017-07-18 21:00:00+00:00,HAKKARİ,30,31.3475,15.7475,0.0,14.799459,0.0,26.65802,818.4262,29.34,Clear sky
2017-07-19 21:00:00+00:00,HAKKARİ,30,30.3975,14.2975,0.0,12.229406,0.0,27.15731,816.17865,29.89,Clear sky
2017-07-20 21:00:00+00:00,HAKKARİ,30,31.197498,13.0975,0.0,10.799999,0.0,24.773682,817.72876,30.03,Clear sky
2017-07-21 21:00:00+00:00,HAKKARİ,30,32.9975,13.7975,0.0,12.7279215,3.0,25.692232,819.6528,26.15,Overcast
2017-07-22 21:00:00+00:00,HAKKARİ,30,30.7975,16.497501,0.0,15.192682,2.0,28.175554,818.1834,28.8,Partly cloudy
2017-07-23 21:00:00+00:00,HAKKARİ,30,28.3975,15.0975,0.0,13.493999,0.0,27.738241,815.5171,29.14,Clear sky
2017-07-24 21:00:00+00:00,HAKKARİ,30,27.197498,12.7475,0.0,13.276144,0.0,30.641443,815.2876,29.25,Clear sky
2017-07-25 21:00:00+00:00,HAKKARİ,30,28.6475,11.4975,0.0,10.464797,0.0,31.124376,815.9898,29.03,Clear sky
2017-07-26 21:00:00+00:00,HAKKARİ,30,30.447498,13.7975,0.0,9.227524,0.0,30.200125,817.9526,28.85,Clear sky
2017-07-27 21:00:00+00:00,HAKKARİ,30,31.247501,15.1475,0.0,12.313894,0.0,25.058577,819.9263,28.92,Clear sky
2017-07-28 21:00:00+00:00,HAKKARİ,30,29.3975,15.5975,0.0,13.684735,1.0,30.32657,820.1265,27.06,Mainly clear
2017-07-29 21:00:00+00:00,HAKKARİ,30,31.0475,14.1475,0.0,12.413477,0.0,29.873884,818.88983,28.82,Clear sky
2017-07-30 21:00:00+00:00,HAKKARİ,30,30.947498,16.3475,0.0,10.787993,3.0,32.083073,820.22394,24.1,Overcast
2017-07-31 21:00:00+00:00,HAKKARİ,30,30.7975,16.5475,0.0,10.464797,2.0,33.62982,822.8969,24.93,Partly cloudy
2017-08-01 21:00:00+00:00,HAKKARİ,30,30.497501,16.8475,0.0,10.948973,1.0,35.199635,822.865,22.89,Mainly clear
2017-08-02 21:00:00+00:00,HAKKARİ,30,31.747501,16.247501,0.0,12.413477,3.0,32.351795,821.3643,23.2,Overcast
2017-08-03 21:00:00+00:00,HAKKARİ,30,30.8475,16.5975,0.0,10.97262,2.0,28.789404,819.6355,24.4,Partly cloudy
2017-08-04 21:00:00+00:00,HAKKARİ,30,30.697498,14.8475,0.0,14.4,0.0,25.148424,818.79736,28.02,Clear sky
2017-08-05 21:00:00+00:00,HAKKARİ,30,31.8475,14.4475,0.0,13.684735,0.0,20.553385,819.41473,28.36,Clear sky
2017-08-06 21:00:00+00:00,HAKKARİ,30,31.747501,15.7475,0.0,12.783802,1.0,22.199133,820.82904,27.19,Mainly clear
2017-08-07 21:00:00+00:00,HAKKARİ,30,32.8475,16.3975,0.0,14.77755,0.0,23.050016,821.6467,27.49,Clear sky
2017-08-08 21:00:00+00:00,HAKKARİ,30,32.7975,16.1475,0.0,12.984975,3.0,24.00921,821.41284,22.49,Overcast
2017-08-09 21:00:00+00:00,HAKKARİ,30,32.3975,17.247501,0.0,12.979984,3.0,24.896738,820.62524,22.41,Overcast
2017-08-10 21:00:00+00:00,HAKKARİ,30,29.5475,16.6975,0.0,12.181624,3.0,36.537704,821.2923,20.33,Overcast
2017-08-11 21:00:00+00:00,HAKKARİ,30,30.497501,15.7475,0.0,11.212135,2.0,31.258673,819.9461,20.65,Partly cloudy
2017-08-12 21:00:00+00:00,HAKKARİ,30,30.3975,15.2975,0.0,15.876775,0.0,27.87924,818.8604,26.16,Clear sky
2017-08-13 21:00:00+00:00,HAKKARİ,30,28.3475,15.2475,0.0,13.0447235,0.0,37.89796,818.3912,26.86,Clear sky
2017-08-14 21:00:00+00:00,HAKKARİ,30,27.8975,13.8975,0.0,9.19939,3.0,43.92248,817.62213,19.32,Overcast
2017-08-15 21:00:00+00:00,HAKKARİ,30,26.2975,16.497501,2.4,10.97262,53.0,44.627445,818.7866,19.55,Drizzle: Moderate
2017-08-16 21:00:00+00:00,HAKKARİ,30,28.0975,15.2975,1.1,18.0,53.0,35.254772,819.3862,22.12,Drizzle: Moderate
2017-08-17 21:00:00+00:00,HAKKARİ,30,28.447498,12.8975,0.0,11.808878,0.0,29.188402,820.31226,26.66,Clear sky
2017-08-18 21:00:00+00:00,HAKKARİ,30,28.947498,12.8975,0.0,10.086427,0.0,30.130701,821.0779,26.65,Clear sky
2017-08-19 21:00:00+00:00,HAKKARİ,30,29.447498,13.3975,0.0,10.1887,0.0,27.627115,820.5546,26.39,Clear sky
2017-08-20 21:00:00+00:00,HAKKARİ,30,30.997501,12.9975,0.0,12.10157,0.0,20.535608,819.3491,26.67,Clear sky
2017-08-21 21:00:00+00:00,HAKKARİ,30,30.3975,13.6475,0.0,13.044722,0.0,24.90449,818.3055,26.01,Clear sky
2017-08-22 21:00:00+00:00,HAKKARİ,30,29.947498,13.7475,0.0,12.984975,0.0,29.615242,818.0197,26.27,Clear sky
2017-08-23 21:00:00+00:00,HAKKARİ,30,31.0475,11.5975,0.0,11.592894,0.0,20.08974,819.656,26.78,Clear sky
2017-08-24 21:00:00+00:00,HAKKARİ,30,31.0975,13.5475,0.0,13.493999,0.0,20.294462,819.9222,25.83,Clear sky
2017-08-25 21:00:00+00:00,HAKKARİ,30,30.0975,15.0975,0.3,13.004922,51.0,27.884596,818.43243,25.34,Drizzle: Light
2017-08-26 21:00:00+00:00,HAKKARİ,30,29.3475,15.2975,0.1,12.7279215,51.0,36.034756,818.02563,23.93,Drizzle: Light
2017-08-27 21:00:00+00:00,HAKKARİ,30,28.6475,14.0975,0.0,14.336861,0.0,30.123465,818.36945,24.53,Clear sky
2017-08-28 21:00:00+00:00,HAKKARİ,30,28.0475,13.6975,0.0,15.937878,2.0,26.959976,818.60156,22.87,Partly cloudy
2017-08-29 21:00:00+00:00,HAKKARİ,30,27.997501,13.3475,0.0,15.9134655,0.0,24.584234,819.6224,25.38,Clear sky
2017-08-30 21:00:00+00:00,HAKKARİ,30,28.697498,10.6475,0.0,12.88981,1.0,26.36699,820.62006,23.99,Mainly clear
2017-08-31 21:00:00+00:00,HAKKARİ,30,29.497501,13.4475,0.0,12.496718,1.0,29.757956,819.9357,23.17,Mainly clear
2017-09-01 21:00:00+00:00,HAKKARİ,30,27.997501,14.4975,0.0,15.141414,2.0,27.516676,819.4454,22.79,Partly cloudy
2017-09-02 21:00:00+00:00,HAKKARİ,30,28.3475,10.4975,0.0,10.383987,0.0,21.36136,818.2639,24.99,Clear sky
2017-09-03 21:00:00+00:00,HAKKARİ,30,28.697498,12.1975,0.0,10.383987,1.0,27.24418,820.78735,22.92,Mainly clear
2017-09-04 21:00:00+00:00,HAKKARİ,30,29.3975,12.7975,0.0,9.290511,0.0,22.961535,822.01,24.16,Clear sky
2017-09-05 21:00:00+00:00,HAKKARİ,30,28.247501,12.8975,0.0,15.03835,2.0,24.854675,820.45355,19.85,Partly cloudy
2017-09-06 21:00:00+00:00,HAKKARİ,30,26.0475,13.3975,0.0,19.469976,2.0,28.89643,819.5662,22.72,Partly cloudy
2017-09-07 21:00:00+00:00,HAKKARİ,30,26.8975,8.6475,0.0,8.287822,0.0,26.256517,820.2178,24.25,Clear sky
2017-09-08 21:00:00+00:00,HAKKARİ,30,29.3475,10.8975,0.0,10.30883,0.0,23.276308,821.9184,23.89,Clear sky
2017-09-09 21:00:00+00:00,HAKKARİ,30,29.447498,11.9975,0.0,10.948973,0.0,20.286282,820.9971,24.13,Clear sky
2017-09-10 21:00:00+00:00,HAKKARİ,30,27.997501,10.7475,0.0,11.384198,0.0,20.066544,821.2488,23.75,Clear sky
2017-09-11 21:00:00+00:00,HAKKARİ,30,27.5475,11.1475,0.0,9.449572,0.0,21.320345,823.08673,23.43,Clear sky
2017-09-12 21:00:00+00:00,HAKKARİ,30,27.5975,10.9975,0.0,9.449572,0.0,25.418055,822.70087,23.23,Clear sky
2017-09-13 21:00:00+00:00,HAKKARİ,30,29.3475,11.6975,0.0,9.565437,0.0,27.241835,821.5115,22.9,Clear sky
2017-09-14 21:00:00+00:00,HAKKARİ,30,28.7975,13.0475,0.0,11.503113,1.0,24.84626,821.9187,22.28,Mainly clear
2017-09-15 21:00:00+00:00,HAKKARİ,30,28.0975,12.7475,0.0,9.83268,1.0,24.784155,821.9758,20.69,Mainly clear
2017-09-16 21:00:00+00:00,HAKKARİ,30,26.6475,12.2975,0.3,9.504273,51.0,32.57925,822.4035,19.26,Drizzle: Light
2017-09-17 21:00:00+00:00,HAKKARİ,30,26.997501,10.9475,0.0,10.948973,2.0,30.452429,822.41925,20.01,Partly cloudy
2017-09-18 21:00:00+00:00,HAKKARİ,30,26.0475,12.5475,0.0,14.081477,0.0,30.110464,822.4939,20.95,Clear sky
2017-09-19 21:00:00+00:00,HAKKARİ,30,27.247501,11.1975,0.2,14.186923,51.0,30.230295,822.8178,16.79,Drizzle: Light
2017-09-20 21:00:00+00:00,HAKKARİ,30,25.747501,11.7475,0.0,9.107359,3.0,30.927229,821.6269,14.61,Overcast
2017-09-21 21:00:00+00:00,HAKKARİ,30,25.697498,12.8975,0.0,14.986553,2.0,31.088614,819.468,18.85,Partly cloudy
2017-09-22 21:00:00+00:00,HAKKARİ,30,23.747501,10.4475,0.0,11.841756,0.0,32.434628,821.0943,21.05,Clear sky
2017-09-23 21:00:00+00:00,HAKKARİ,30,23.447498,7.8475,0.0,10.587918,3.0,20.493385,821.4031,21.65,Overcast
2017-09-24 21:00:00+00:00,HAKKARİ,30,23.7975,7.6475,0.2,11.440978,51.0,25.834335,821.6329,19.27,Drizzle: Light
2017-09-25 21:00:00+00:00,HAKKARİ,30,24.0975,9.297501,0.0,12.738099,3.0,35.1866,821.10394,16.04,Overcast
2017-09-26 21:00:00+00:00,HAKKARİ,30,22.5975,10.2975,0.0,15.496736,0.0,40.494404,820.4847,20.25,Clear sky
2017-09-27 21:00:00+00:00,HAKKARİ,30,20.747501,6.2975,0.5,13.779114,53.0,53.07192,818.90826,18.12,Drizzle: Moderate
2017-09-28 21:00:00+00:00,HAKKARİ,30,21.0475,6.0475,0.0,13.202726,2.0,49.801144,819.38934,18.2,Partly cloudy
2017-09-29 21:00:00+00:00,HAKKARİ,30,20.1475,6.0975,0.6,13.551501,51.0,43.73598,819.09576,16.16,Drizzle: Light
2017-09-30 21:00:00+00:00,HAKKARİ,30,20.0475,9.9975,0.0,15.778518,1.0,44.112957,819.4135,19.15,Mainly clear
2017-10-01 21:00:00+00:00,HAKKARİ,30,17.247501,8.247499,0.3,17.10284,51.0,58.863796,818.42773,14.13,Drizzle: Light
2017-10-02 21:00:00+00:00,HAKKARİ,30,16.2975,5.9975,0.70000005,15.281989,51.0,64.06081,817.01276,15.44,Drizzle: Light
2017-10-03 21:00:00+00:00,HAKKARİ,30,14.5475,3.0975,2.4,9.178235,53.0,70.12795,815.1794,12.39,Drizzle: Moderate
2017-10-04 21:00:00+00:00,HAKKARİ,30,13.0475,1.7975,0.0,13.217443,1.0,61.47936,816.29706,19.4,Mainly clear
2017-10-05 21:00:00+00:00,HAKKARİ,30,15.6975,-0.5525,0.0,8.4963045,0.0,46.09821,815.04443,19.4,Clear sky
2017-10-06 21:00:00+00:00,HAKKARİ,30,16.2975,0.94750005,0.0,8.287822,0.0,42.28914,816.7134,19.03,Clear sky
2017-10-07 21:00:00+00:00,HAKKARİ,30,17.6475,2.4475,0.0,10.966713,0.0,39.994457,817.1697,18.51,Clear sky
2017-10-08 21:00:00+00:00,HAKKARİ,30,16.3475,4.1475,0.0,11.770403,3.0,45.871094,817.13477,13.06,Overcast
2017-10-09 21:00:00+00:00,HAKKARİ,30,17.0475,6.1975,0.0,14.618837,3.0,53.529312,817.55817,13.46,Overcast
2017-10-10 21:00:00+00:00,HAKKARİ,30,16.0475,6.1475,0.0,10.233123,2.0,58.419178,817.6631,15.16,Partly cloudy
2017-10-11 21:00:00+00:00,HAKKARİ,30,15.1975,3.5475001,0.0,10.630672,3.0,54.016552,818.341,11.8,Overcast
2017-10-12 21:00:00+00:00,HAKKARİ,30,15.6475,0.8475,0.0,10.24578,0.0,52.20601,817.1033,17.36,Clear sky
2017-10-13 21:00:00+00:00,HAKKARİ,30,15.8975,1.1475,0.0,10.787993,0.0,45.503582,816.1775,17.61,Clear sky
2017-10-14 21:00:00+00:00,HAKKARİ,30,16.8475,2.3475,0.0,11.753876,2.0,39.806202,816.21094,16.66,Partly cloudy
2017-10-15 21:00:00+00:00,HAKKARİ,30,16.0975,1.2975,0.0,14.186923,0.0,34.25692,814.2054,17.25,Clear sky
2017-10-16 21:00:00+00:00,HAKKARİ,30,16.6975,-1.0525,0.0,8.14587,0.0,37.775784,815.3572,17.15,Clear sky
2017-10-17 21:00:00+00:00,HAKKARİ,30,17.247501,0.8475,0.0,8.891344,0.0,33.881897,818.6279,16.88,Clear sky
2017-10-18 21:00:00+00:00,HAKKARİ,30,15.7475,1.2975,0.0,10.30883,0.0,39.782,819.6023,16.65,Clear sky
2017-10-19 21:00:00+00:00,HAKKARİ,30,15.9475,-0.05250001,0.0,8.427383,0.0,43.826244,818.116,16.54,Clear sky
2017-10-20 21:00:00+00:00,HAKKARİ,30,15.9975,0.7975,0.0,8.669949,3.0,36.17544,816.7957,15.97,Overcast
2017-10-21 21:00:00+00:00,HAKKARİ,30,15.4975,1.3975,0.0,12.88981,3.0,35.802094,815.3311,15.74,Overcast
2017-10-22 21:00:00+00:00,HAKKARİ,30,15.8475,1.1975,0.0,10.163227,1.0,39.85442,816.92145,16.01,Mainly clear
2017-10-23 21:00:00+00:00,HAKKARİ,30,16.997501,3.2975001,0.0,11.720751,3.0,44.17368,819.19476,13.51,Overcast
2017-10-24 21:00:00+00:00,HAKKARİ,30,17.8975,2.8475,0.0,10.636766,2.0,46.945297,822.06976,13.68,Partly cloudy
2017-10-25 21:00:00+00:00,HAKKARİ,30,18.5975,6.0975,0.0,14.84318,2.0,47.028263,821.3912,14.05,Partly cloudy
2017-10-26 21:00:00+00:00,HAKKARİ,30,17.8475,5.2975,0.0,13.53236,3.0,50.0027,820.12646,14.81,Overcast
2017-10-27 21:00:00+00:00,HAKKARİ,30,13.9475,8.1475,5.6,6.638072,61.0,63.03409,818.40656,4.02,Rain: Slight
2017-10-28 21:00:00+00:00,HAKKARİ,30,14.6975,6.5975,2.1,18.218275,61.0,67.1866,816.6609,11.52,Rain: Slight
2017-10-29 21:00:00+00:00,HAKKARİ,30,11.2975,6.0475,9.6,16.80857,73.0,79.79071,813.8497,7.15,Snow fall: Moderate
2017-10-30 21:00:00+00:00,HAKKARİ,30,8.3475,4.9975,8.6,13.237039,61.0,91.5801,814.95526,6.89,Rain: Slight
2017-10-31 21:00:00+00:00,HAKKARİ,30,7.8975,4.7975,32.5,9.983106,73.0,94.991264,814.534,3.45,Snow fall: Moderate
2017-11-01 21:00:00+00:00,HAKKARİ,30,8.497499,1.4475,3.5,8.557102,71.0,81.58368,815.66754,7.27,Snow fall: Slight
2017-11-02 21:00:00+00:00,HAKKARİ,30,11.4975,0.2975,0.0,9.504272,1.0,69.49879,814.5044,12.1,Mainly clear
2017-11-03 21:00:00+00:00,HAKKARİ,30,11.0975,-0.50249994,0.0,9.220499,2.0,65.247986,815.52203,12.76,Partly cloudy
2017-11-04 21:00:00+00:00,HAKKARİ,30,12.9475,-1.8025,0.0,8.404285,2.0,58.632717,817.418,14.06,Partly cloudy
2017-11-05 21:00:00+00:00,HAKKARİ,30,11.3475,2.7475,0.8,5.937272,51.0,70.14784,820.19745,5.66,Drizzle: Light
2017-11-06 21:00:00+00:00,HAKKARİ,30,12.1975,6.4475,11.300001,6.989936,61.0,86.33099,822.35474,5.01,Rain: Slight
2017-11-07 21:00:00+00:00,HAKKARİ,30,12.3475,5.9975,4.4,6.763786,53.0,79.21453,821.4011,6.42,Drizzle: Moderate
2017-11-08 21:00:00+00:00,HAKKARİ,30,10.0475,5.7475,2.0000002,5.0142193,51.0,83.8893,817.70435,6.16,Drizzle: Light
2017-11-09 21:00:00+00:00,HAKKARİ,30,11.5975,1.7475001,0.1,8.891343,51.0,78.193306,815.7143,10.94,Drizzle: Light
2017-11-10 21:00:00+00:00,HAKKARİ,30,9.6475,-0.6524999,0.0,8.891343,3.0,71.49692,814.83154,11.16,Overcast
2017-11-11 21:00:00+00:00,HAKKARİ,30,10.3975,-3.3024998,0.0,10.041354,3.0,62.24179,816.56915,13.19,Overcast
2017-11-12 21:00:00+00:00,HAKKARİ,30,13.6975,-1.9024999,0.0,6.0347,1.0,48.440647,816.87994,13.08,Mainly clear
2017-11-13 21:00:00+00:00,HAKKARİ,30,13.9475,-0.20249999,0.0,8.39657,3.0,48.288895,817.0146,12.97,Overcast
2017-11-14 21:00:00+00:00,HAKKARİ,30,12.6975,-1.0525,0.0,5.3517847,0.0,49.009357,815.87866,12.8,Clear sky
2017-11-15 21:00:00+00:00,HAKKARİ,30,11.8475,-0.4024999,0.0,8.699793,0.0,56.907772,817.3123,12.74,Clear sky
2017-11-16 21:00:00+00:00,HAKKARİ,30,11.9975,-1.3025,0.0,7.754637,2.0,56.59973,817.57935,12.69,Partly cloudy
2017-11-17 21:00:00+00:00,HAKKARİ,30,11.4475,-0.002499938,0.0,6.1305785,3.0,53.64967,819.02295,12.24,Overcast
2017-11-18 21:00:00+00:00,HAKKARİ,30,10.0475,0.7975,2.7,8.161764,73.0,56.554047,818.02313,9.04,Snow fall: Moderate
2017-11-19 21:00:00+00:00,HAKKARİ,30,5.7975,1.1975,7.4999986,4.1046314,73.0,89.57717,816.45337,4.49,Snow fall: Moderate
2017-11-20 21:00:00+00:00,HAKKARİ,30,4.1975,0.99750006,21.100004,5.0142193,75.0,95.730194,810.43195,3.22,Snow fall: Heavy
2017-11-21 21:00:00+00:00,HAKKARİ,30,1.3975,-3.4524999,21.900003,10.587918,75.0,88.45374,806.90063,5.09,Snow fall: Heavy
2017-11-22 21:00:00+00:00,HAKKARİ,30,-0.4024999,-9.3025,0.9000001,8.089993,71.0,81.78475,809.1862,11.24,Snow fall: Slight
2017-11-23 21:00:00+00:00,HAKKARİ,30,-2.0025,-9.5525,7.3999996,9.931042,75.0,80.305145,811.10516,7.75,Snow fall: Heavy
2017-11-24 21:00:00+00:00,HAKKARİ,30,-0.9024999,-18.6525,0.0,7.386582,3.0,62.41412,813.9461,12.18,Overcast
2017-11-25 21:00:00+00:00,HAKKARİ,30,1.7475001,-13.3025,0.0,7.2,3.0,47.05063,814.32794,11.36,Overcast
2017-11-26 21:00:00+00:00,HAKKARİ,30,1.8975,-14.8525,0.0,6.9247384,0.0,57.654095,812.2946,12.03,Clear sky
2017-11-27 21:00:00+00:00,HAKKARİ,30,2.1975,-12.4525,0.0,6.8777895,1.0,65.58014,813.91095,11.57,Mainly clear
2017-11-28 21:00:00+00:00,HAKKARİ,30,4.1475,-8.1525,0.1,6.489992,71.0,76.089226,815.2549,9.12,Snow fall: Slight
2017-11-29 21:00:00+00:00,HAKKARİ,30,4.1475,-8.9525,1.8000002,7.0911775,73.0,79.684845,817.6534,9.4,Snow fall: Moderate
2017-11-30 21:00:00+00:00,HAKKARİ,30,5.1975,-11.0525,0.0,9.085988,2.0,58.72942,814.44135,11.6,Partly cloudy
2017-12-01 21:00:00+00:00,HAKKARİ,30,6.5475,-8.2025,0.0,10.685391,0.0,58.37926,816.4233,11.49,Clear sky
2017-12-02 21:00:00+00:00,HAKKARİ,30,7.4475,-7.0525,0.0,10.00256,0.0,54.678482,817.64484,11.44,Clear sky
2017-12-03 21:00:00+00:00,HAKKARİ,30,10.4975,-8.0025,0.0,8.891343,1.0,48.844635,817.36993,11.2,Mainly clear
2017-12-04 21:00:00+00:00,HAKKARİ,30,7.0475,-0.9024999,0.0,6.638072,3.0,44.83105,815.0511,10.53,Overcast
2017-12-05 21:00:00+00:00,HAKKARİ,30,0.5975,-3.7525,14.599999,4.829907,75.0,84.42661,806.6066,1.41,Snow fall: Heavy
2017-12-06 21:00:00+00:00,HAKKARİ,30,-1.2024999,-6.7524996,13.2,5.95906,75.0,86.93902,806.20355,4.46,Snow fall: Heavy
2017-12-07 21:00:00+00:00,HAKKARİ,30,-0.5525,-10.7025,0.0,8.089993,2.0,56.109653,812.7641,11.07,Partly cloudy
2017-12-08 21:00:00+00:00,HAKKARİ,30,2.7475,-12.4525,0.0,7.7879906,0.0,55.95158,814.418,11.1,Clear sky
2017-12-09 21:00:00+00:00,HAKKARİ,30,4.3975,-12.6525,0.0,5.95906,2.0,47.188126,813.6601,11.09,Partly cloudy
2017-12-10 21:00:00+00:00,HAKKARİ,30,4.3475,-9.2525,0.0,8.699793,1.0,47.73576,814.46924,11.08,Mainly clear
2017-12-11 21:00:00+00:00,HAKKARİ,30,5.5975,-9.8525,0.0,8.891343,0.0,58.657604,814.05084,11.07,Clear sky
2017-12-12 21:00:00+00:00,HAKKARİ,30,9.1475,-7.9025,0.0,9.339208,2.0,48.66025,812.7602,10.87,Partly cloudy
2017-12-13 21:00:00+00:00,HAKKARİ,30,8.297501,-4.2025,0.0,8.39657,2.0,47.184544,812.4341,10.01,Partly cloudy
2017-12-14 21:00:00+00:00,HAKKARİ,30,5.9475,-7.4525003,0.0,6.12,3.0,54.125965,812.00323,10.58,Overcast
2017-12-15 21:00:00+00:00,HAKKARİ,30,7.5475,-6.6025,0.0,7.4128532,3.0,47.568974,814.9494,10.83,Overcast
2017-12-16 21:00:00+00:00,HAKKARİ,30,5.5475,-6.2025,0.0,5.991594,3.0,42.012928,817.0469,10.61,Overcast
2017-12-17 21:00:00+00:00,HAKKARİ,30,5.8475,-3.5524998,0.0,5.6002855,3.0,53.433643,817.66095,10.29,Overcast
2017-12-18 21:00:00+00:00,HAKKARİ,30,4.8975,-2.6025,1.0,4.39436,71.0,65.27374,819.958,4.33,Snow fall: Slight
2017-12-19 21:00:00+00:00,HAKKARİ,30,5.2975,1.9475,10.4,4.896529,73.0,88.15267,823.0183,2.54,Snow fall: Moderate
2017-12-20 21:00:00+00:00,HAKKARİ,30,6.9975,1.8475001,5.9999995,5.2416787,73.0,82.81804,823.0643,3.18,Snow fall: Moderate
2017-12-21 21:00:00+00:00,HAKKARİ,30,6.1475,0.7975,5.8,4.8965297,75.0,78.424126,820.3357,6.18,Snow fall: Heavy
2017-12-22 21:00:00+00:00,HAKKARİ,30,5.7975,2.4975,9.200002,6.6185193,73.0,81.818954,815.99786,4.31,Snow fall: Moderate
2017-12-23 21:00:00+00:00,HAKKARİ,30,3.9975,2.2475,23.699999,8.913181,75.0,92.58718,810.3352,0.84,Snow fall: Heavy
2017-12-24 21:00:00+00:00,HAKKARİ,30,3.8975,-4.3525,5.3999996,6.9247384,73.0,88.171425,811.42584,7.7,Snow fall: Moderate
2017-12-25 21:00:00+00:00,HAKKARİ,30,4.7475,-8.8525,0.0,9.290511,0.0,67.685326,813.72675,10.92,Clear sky
2017-12-26 21:00:00+00:00,HAKKARİ,30,5.2475,-9.8525,0.0,9.504272,3.0,53.40199,815.26227,11.01,Overcast
2017-12-27 21:00:00+00:00,HAKKARİ,30,7.1475,-8.0025,0.0,8.699793,3.0,36.961735,816.2487,7.78,Overcast
2017-12-28 21:00:00+00:00,HAKKARİ,30,7.4975,-6.5025,0.3,5.95906,51.0,59.263,818.02435,8.47,Drizzle: Light
2017-12-29 21:00:00+00:00,HAKKARİ,30,9.297501,-3.1525002,5.8,7.0911775,61.0,83.048546,817.00555,8.96,Rain: Slight
2017-12-30 21:00:00+00:00,HAKKARİ,30,6.9475,-2.2525,2.6,5.991594,73.0,82.84737,815.5075,10.1,Snow fall: Moderate
2017-12-31 21:00:00+00:00,HAKKARİ,30,3.0975,-0.75250006,28.6,5.1544156,75.0,91.51999,808.49176,2.33,Snow fall: Heavy
2018-01-01 21:00:00+00:00,HAKKARİ,30,0.49750006,-2.3525,8.0,5.3999996,75.0,93.57549,807.00024,4.58,Snow fall: Heavy
2018-01-02 21:00:00+00:00,HAKKARİ,30,0.7975,-9.3025,0.0,4.6938257,3.0,83.03358,811.035,10.75,Overcast
2018-01-03 21:00:00+00:00,HAKKARİ,30,1.8475001,-8.7525,0.2,7.7879906,71.0,58.462967,809.93695,9.87,Snow fall: Slight
2018-01-04 21:00:00+00:00,HAKKARİ,30,1.6475,-5.3525,0.4,5.815978,71.0,75.127144,808.6075,9.27,Snow fall: Slight
2018-01-05 21:00:00+00:00,HAKKARİ,30,1.7975,-11.2525,0.0,7.9036193,3.0,72.33663,807.5782,11.08,Overcast
2018-01-06 21:00:00+00:00,HAKKARİ,30,1.6975,-11.4525,0.0,10.587918,2.0,69.452965,814.77167,11.26,Partly cloudy
2018-01-07 21:00:00+00:00,HAKKARİ,30,2.5475001,-12.1025,0.0,9.290511,2.0,63.47971,815.2779,11.4,Partly cloudy
2018-01-08 21:00:00+00:00,HAKKARİ,30,3.8475,-11.0025,0.0,8.534353,2.0,48.226597,814.2452,11.43,Partly cloudy
2018-01-09 21:00:00+00:00,HAKKARİ,30,3.2975001,-14.0025,0.0,6.9247384,0.0,49.47978,812.60126,11.82,Clear sky
2018-01-10 21:00:00+00:00,HAKKARİ,30,2.3975,-3.7024999,0.0,4.3349743,3.0,40.95184,816.73114,8.87,Overcast
2018-01-11 21:00:00+00:00,HAKKARİ,30,2.1975,-10.4025,0.0,6.151683,3.0,58.38344,814.1247,9.75,Overcast
2018-01-12 21:00:00+00:00,HAKKARİ,30,3.8475,-9.6025,0.0,8.0899935,3.0,65.45356,813.5957,11.73,Overcast
2018-01-13 21:00:00+00:00,HAKKARİ,30,-0.4525,-11.7525,6.2999997,9.021574,73.0,75.47226,807.9926,5.47,Snow fall: Moderate
2018-01-14 21:00:00+00:00,HAKKARİ,30,0.64750004,-3.7525,1.8000003,4.198285,71.0,84.75335,812.9494,6.83,Snow fall: Slight
2018-01-15 21:00:00+00:00,HAKKARİ,30,-0.10249996,-11.5525,3.0,5.8048253,73.0,80.63794,813.1711,8.38,Snow fall: Moderate
2018-01-16 21:00:00+00:00,HAKKARİ,30,-1.0525,-13.8525,0.70000005,6.519877,73.0,70.09351,808.56665,10.82,Snow fall: Moderate
2018-01-17 21:00:00+00:00,HAKKARİ,30,-1.6025,-6.1025,14.800001,5.815978,75.0,89.91226,808.85913,2.66,Snow fall: Heavy
2018-01-18 21:00:00+00:00,HAKKARİ,30,0.097500086,-3.7525,39.3,5.1919937,75.0,91.75336,804.05634,1.43,Snow fall: Heavy
2018-01-19 21:00:00+00:00,HAKKARİ,30,0.74750006,-9.6025,0.4,7.208994,71.0,79.81964,810.32007,10.58,Snow fall: Slight
2018-01-20 21:00:00+00:00,HAKKARİ,30,3.2975001,-9.7025,0.0,6.638072,3.0,52.1288,814.82526,11.6,Overcast
2018-01-21 21:00:00+00:00,HAKKARİ,30,3.5475001,-7.0024996,0.0,7.491114,3.0,48.243454,810.0843,11.29,Overcast
2018-01-22 21:00:00+00:00,HAKKARİ,30,0.74750006,-9.4025,6.7999997,5.937272,75.0,71.14718,808.21875,11.84,Snow fall: Heavy
2018-01-23 21:00:00+00:00,HAKKARİ,30,0.5975,-2.6025,9.899999,4.5536795,73.0,90.53788,811.4214,3.4,Snow fall: Moderate
2018-01-24 21:00:00+00:00,HAKKARİ,30,3.3475,-2.4524999,3.4999993,5.634891,73.0,83.051834,811.47345,6.08,Snow fall: Moderate
2018-01-25 21:00:00+00:00,HAKKARİ,30,1.9475,-2.1025,9.100001,7.8954163,75.0,85.998474,808.71234,6.25,Snow fall: Heavy
2018-01-26 21:00:00+00:00,HAKKARİ,30,-0.002499938,-5.9025,3.5999997,7.7879906,73.0,76.73655,810.41113,8.22,Snow fall: Moderate
2018-01-27 21:00:00+00:00,HAKKARİ,30,-3.1025,-11.9025,0.0,13.281023,3.0,67.92048,813.3316,8.25,Overcast
2018-01-28 21:00:00+00:00,HAKKARİ,30,-1.3025,-13.4025,0.0,10.685391,3.0,53.714146,811.82355,13.12,Overcast
2018-01-29 21:00:00+00:00,HAKKARİ,30,-0.9024999,-14.5525,0.0,6.696387,3.0,61.10475,810.585,13.7,Overcast
2018-01-30 21:00:00+00:00,HAKKARİ,30,-1.4024999,-13.4525,0.0,7.92,1.0,63.24667,813.7549,13.3,Mainly clear
2018-01-31 21:00:00+00:00,HAKKARİ,30,-0.4525,-13.5025,0.0,8.287822,2.0,67.5884,814.2238,14.18,Partly cloudy
2018-02-01 21:00:00+00:00,HAKKARİ,30,4.4475,-13.0025,0.0,6.9153743,0.0,45.506702,814.57404,14.38,Clear sky
2018-02-02 21:00:00+00:00,HAKKARİ,30,4.5475,-8.5025,0.0,6.618519,3.0,38.376835,814.08203,13.02,Overcast
2018-02-03 21:00:00+00:00,HAKKARİ,30,6.2975,-8.0025,0.0,6.2145634,3.0,50.00864,814.40424,12.89,Overcast
2018-02-04 21:00:00+00:00,HAKKARİ,30,7.9475,-2.0025,0.0,8.089993,3.0,60.698544,815.1374,13.11,Overcast
2018-02-05 21:00:00+00:00,HAKKARİ,30,6.3475,-3.1025,0.0,6.725354,0.0,52.598125,816.36334,14.48,Clear sky
2018-02-06 21:00:00+00:00,HAKKARİ,30,6.6975,-8.1025,0.0,8.0899935,0.0,56.46158,815.2051,14.98,Clear sky
2018-02-07 21:00:00+00:00,HAKKARİ,30,5.6475,-8.1025,0.0,9.290511,1.0,56.520206,813.237,15.14,Mainly clear
2018-02-08 21:00:00+00:00,HAKKARİ,30,6.5975,-6.3525,0.0,7.9932966,3.0,44.67436,809.0445,14.31,Overcast
2018-02-09 21:00:00+00:00,HAKKARİ,30,6.4975,-8.3025,0.0,7.628263,3.0,58.580677,807.88135,14.69,Overcast
2018-02-10 21:00:00+00:00,HAKKARİ,30,7.6975,-2.1525,2.6,8.78872,73.0,55.024807,811.4368,11.65,Snow fall: Moderate
2018-02-11 21:00:00+00:00,HAKKARİ,30,3.5475001,1.3975,21.099998,6.6087217,75.0,94.5353,809.38257,2.99,Snow fall: Heavy
2018-02-12 21:00:00+00:00,HAKKARİ,30,1.9975001,-0.4024999,16.7,4.379589,75.0,93.98641,807.59357,3.68,Snow fall: Heavy
2018-02-13 21:00:00+00:00,HAKKARİ,30,4.3475,-3.3024998,0.1,10.028439,71.0,81.29983,812.99066,15.43,Snow fall: Slight
2018-02-14 21:00:00+00:00,HAKKARİ,30,4.8475,-5.7525,0.0,7.5942082,3.0,69.38683,816.3486,15.54,Overcast
2018-02-15 21:00:00+00:00,HAKKARİ,30,5.4975,-2.5025,0.0,6.638072,3.0,67.143234,816.299,7.98,Overcast
2018-02-16 21:00:00+00:00,HAKKARİ,30,7.4475,-0.05250001,3.8999999,5.815978,73.0,80.37034,812.37054,9.14,Snow fall: Moderate
2018-02-17 21:00:00+00:00,HAKKARİ,30,5.1975,-0.5525,37.300003,6.6185193,75.0,88.1395,804.4904,6.02,Snow fall: Heavy
2018-02-18 21:00:00+00:00,HAKKARİ,30,3.1475,-0.25249994,1.5000002,7.42159,73.0,82.40447,808.9821,8.87,Snow fall: Moderate
2018-02-19 21:00:00+00:00,HAKKARİ,30,3.8475,-3.6525002,0.0,5.95906,3.0,80.021774,812.2598,15.43,Overcast
2018-02-20 21:00:00+00:00,HAKKARİ,30,4.6975,-3.3024998,1.2,6.12,73.0,70.889046,810.1572,14.59,Snow fall: Moderate
2018-02-21 21:00:00+00:00,HAKKARİ,30,3.9975,-0.50249994,0.6,6.9153743,71.0,80.96166,809.52826,12.26,Snow fall: Slight
2018-02-22 21:00:00+00:00,HAKKARİ,30,5.0475,-4.2525,0.5,5.692099,71.0,78.94163,807.60815,15.16,Snow fall: Slight
2018-02-23 21:00:00+00:00,HAKKARİ,30,3.5475001,-3.2024999,0.3,5.495161,71.0,73.50437,806.8299,15.52,Snow fall: Slight
2018-02-24 21:00:00+00:00,HAKKARİ,30,2.7975001,-2.4025,2.0,8.891343,73.0,79.16091,807.7876,14.06,Snow fall: Moderate
2018-02-25 21:00:00+00:00,HAKKARİ,30,2.1975,-0.60249996,18.900002,7.2,75.0,92.16691,807.6977,8.16,Snow fall: Heavy
2018-02-26 21:00:00+00:00,HAKKARİ,30,2.4975,-0.5525,1.7000002,7.7043357,71.0,88.83762,809.8057,9.94,Snow fall: Slight
2018-02-27 21:00:00+00:00,HAKKARİ,30,5.0975,-4.8525,0.0,5.154415,3.0,78.90984,811.6477,17.02,Overcast
2018-02-28 21:00:00+00:00,HAKKARİ,30,4.0475,-2.5525,1.3,10.630672,73.0,78.16016,811.49805,15.4,Snow fall: Moderate
2018-03-01 21:00:00+00:00,HAKKARİ,30,4.3475,0.5975,6.4,9.693296,73.0,82.054184,813.5101,13.65,Snow fall: Moderate
2018-03-02 21:00:00+00:00,HAKKARİ,30,4.7475,1.6975,0.1,9.826088,51.0,74.70561,814.55853,10.01,Drizzle: Light
2018-03-03 21:00:00+00:00,HAKKARİ,30,7.1475,1.3475001,1.7,7.9932966,73.0,85.70874,812.0459,9.21,Snow fall: Moderate
2018-03-04 21:00:00+00:00,HAKKARİ,30,6.0475,1.7975,18.099998,9.693296,75.0,90.5252,811.0047,9.42,Snow fall: Heavy
2018-03-05 21:00:00+00:00,HAKKARİ,30,7.5475,2.0475001,9.499999,5.8603754,75.0,86.40125,812.6238,6.97,Snow fall: Heavy
2018-03-06 21:00:00+00:00,HAKKARİ,30,9.3475,2.1475,1.9,9.83268,73.0,72.24398,813.17975,15.35,Snow fall: Moderate
2018-03-07 21:00:00+00:00,HAKKARİ,30,8.5975,2.8475,1.0,7.729527,51.0,70.40389,811.6214,16.31,Drizzle: Light
2018-03-08 21:00:00+00:00,HAKKARİ,30,4.0475,0.69750005,34.199997,11.269782,75.0,89.83213,804.8466,9.71,Snow fall: Heavy
2018-03-09 21:00:00+00:00,HAKKARİ,30,5.5975,-3.8024998,0.0,7.9932976,2.0,76.36433,809.0887,19.5,Partly cloudy
2018-03-10 21:00:00+00:00,HAKKARİ,30,7.1475,-4.1025,0.0,7.754637,3.0,65.7051,809.8371,17.67,Overcast
2018-03-11 21:00:00+00:00,HAKKARİ,30,6.9475,0.99750006,0.0,10.805999,3.0,65.136925,812.3708,17.33,Overcast
2018-03-12 21:00:00+00:00,HAKKARİ,30,7.1475,0.7975,0.0,10.829958,3.0,66.95289,814.0672,17.74,Overcast
2018-03-13 21:00:00+00:00,HAKKARİ,30,6.6975,-0.9024999,0.4,7.8954163,51.0,78.421524,813.3023,13.24,Drizzle: Light
2018-03-14 21:00:00+00:00,HAKKARİ,30,7.2975,0.14750004,0.70000005,10.182337,71.0,78.80395,811.6914,13.45,Snow fall: Slight
2018-03-15 21:00:00+00:00,HAKKARİ,30,4.9475,0.7975,3.3999999,5.3517847,73.0,82.6504,808.94507,10.65,Snow fall: Moderate
2018-03-16 21:00:00+00:00,HAKKARİ,30,7.1475,-2.9524999,0.90000004,6.9247384,73.0,76.903656,808.8128,20.74,Snow fall: Moderate
2018-03-17 21:00:00+00:00,HAKKARİ,30,10.1975,-3.9025002,0.0,7.4128532,3.0,63.03171,812.39935,21.69,Overcast
2018-03-18 21:00:00+00:00,HAKKARİ,30,11.6975,2.1475,0.0,8.209263,3.0,54.221207,815.20966,21.49,Overcast
2018-03-19 21:00:00+00:00,HAKKARİ,30,11.9975,0.94750005,0.0,8.089993,3.0,62.03523,816.38226,21.54,Overcast
2018-03-20 21:00:00+00:00,HAKKARİ,30,11.1475,0.99750006,0.0,10.195057,1.0,60.743958,815.6043,21.32,Mainly clear
2018-03-21 21:00:00+00:00,HAKKARİ,30,11.4475,-0.20249999,0.0,10.805998,3.0,49.756046,815.955,22.64,Overcast
2018-03-22 21:00:00+00:00,HAKKARİ,30,13.4975,-0.15249991,0.1,8.225035,51.0,52.64738,815.65424,22.04,Drizzle: Light
2018-03-23 21:00:00+00:00,HAKKARİ,30,11.4975,2.0975,8.8,9.511088,61.0,60.17888,812.31885,7.07,Rain: Slight
2018-03-24 21:00:00+00:00,HAKKARİ,30,9.6975,0.047500014,9.4,11.609651,63.0,70.28925,814.5341,19.75,Rain: Moderate
2018-03-25 21:00:00+00:00,HAKKARİ,30,11.0975,-3.7024999,0.0,9.693296,2.0,64.95769,817.9367,23.0,Partly cloudy
2018-03-26 21:00:00+00:00,HAKKARİ,30,12.9975,0.44750005,0.0,11.304229,1.0,58.402237,817.9409,22.89,Mainly clear
2018-03-27 21:00:00+00:00,HAKKARİ,30,13.3975,1.1975,5.0,9.19939,61.0,70.14728,816.72296,19.72,Rain: Slight
2018-03-28 21:00:00+00:00,HAKKARİ,30,10.6975,4.1975,21.3,8.311245,63.0,79.93987,811.9739,5.66,Rain: Moderate
2018-03-29 21:00:00+00:00,HAKKARİ,30,6.8475,1.2475001,21.400007,12.413477,73.0,83.44933,809.314,16.37,Snow fall: Moderate
2018-03-30 21:00:00+00:00,HAKKARİ,30,8.9475,-2.8024998,0.0,6.0347,3.0,75.573395,814.58295,20.18,Overcast
2018-03-31 21:00:00+00:00,HAKKARİ,30,10.7975,-2.7024999,0.0,8.766573,3.0,62.343693,813.9495,23.98,Overcast
2018-04-01 21:00:00+00:00,HAKKARİ,30,11.9475,-2.4524999,0.0,9.511088,3.0,62.81857,812.83856,23.69,Overcast
2018-04-02 21:00:00+00:00,HAKKARİ,30,9.4475,1.2975,2.8,10.883676,53.0,76.09852,813.6458,15.95,Drizzle: Moderate
2018-04-03 21:00:00+00:00,HAKKARİ,30,12.9475,-0.95249987,0.3,9.0645685,51.0,70.59795,812.88446,23.83,Drizzle: Light
2018-04-04 21:00:00+00:00,HAKKARİ,30,12.0475,-3.2525,0.3,10.630672,51.0,59.620174,811.85547,23.88,Drizzle: Light
2018-04-05 21:00:00+00:00,HAKKARİ,30,13.7975,-2.4524999,0.0,8.473393,0.0,54.867184,811.861,24.59,Clear sky
2018-04-06 21:00:00+00:00,HAKKARİ,30,14.7475,-2.5025,0.0,10.144082,0.0,59.25272,814.0667,24.27,Clear sky
2018-04-07 21:00:00+00:00,HAKKARİ,30,13.8975,-1.6524999,0.2,7.4128532,51.0,58.734333,815.45966,22.85,Drizzle: Light
2018-04-08 21:00:00+00:00,HAKKARİ,30,15.1975,-1.4024999,0.0,9.726664,2.0,58.196354,816.30255,23.84,Partly cloudy
2018-04-09 21:00:00+00:00,HAKKARİ,30,12.7475,1.7975,1.2,11.808878,71.0,63.988434,815.2181,17.1,Snow fall: Slight
2018-04-10 21:00:00+00:00,HAKKARİ,30,12.2975,1.6975,3.6,8.373386,53.0,76.61837,813.6171,15.27,Drizzle: Moderate
2018-04-11 21:00:00+00:00,HAKKARİ,30,13.8475,0.89750004,0.2,9.107359,51.0,70.420235,812.6192,17.58,Drizzle: Light
2018-04-12 21:00:00+00:00,HAKKARİ,30,10.6975,3.6975,6.899999,5.8048253,73.0,84.82725,811.5244,11.94,Snow fall: Moderate
2018-04-13 21:00:00+00:00,HAKKARİ,30,13.5475,0.39750004,2.0,9.9571085,53.0,78.62973,811.63477,23.21,Drizzle: Moderate
2018-04-14 21:00:00+00:00,HAKKARİ,30,11.5975,-1.4024999,1.0,8.473393,51.0,71.05575,810.449,19.12,Drizzle: Light
2018-04-15 21:00:00+00:00,HAKKARİ,30,10.3975,-1.2024999,0.0,14.007655,0.0,58.836308,813.6496,26.09,Clear sky
2018-04-16 21:00:00+00:00,HAKKARİ,30,12.1475,-2.1525,1.5000001,13.979872,71.0,58.1391,815.3628,23.53,Snow fall: Slight
2018-04-17 21:00:00+00:00,HAKKARİ,30,15.9475,3.0475001,0.0,11.113451,2.0,55.399353,819.4643,24.7,Partly cloudy
2018-04-18 21:00:00+00:00,HAKKARİ,30,15.3475,2.7475,0.5,13.779114,51.0,54.68466,816.9819,24.5,Drizzle: Light
2018-04-19 21:00:00+00:00,HAKKARİ,30,12.6975,4.0475,0.1,13.397612,51.0,61.079132,809.65796,18.35,Drizzle: Light
2018-04-20 21:00:00+00:00,HAKKARİ,30,9.7475,2.3475,15.4,11.885453,75.0,83.3615,806.2514,13.56,Snow fall: Heavy
2018-04-21 21:00:00+00:00,HAKKARİ,30,9.0975,2.0475001,14.900001,6.0347,73.0,88.19962,808.23193,12.86,Snow fall: Moderate
2018-04-22 21:00:00+00:00,HAKKARİ,30,12.4475,-0.002499938,2.0,10.703569,73.0,74.237724,809.9362,23.81,Snow fall: Moderate
2018-04-23 21:00:00+00:00,HAKKARİ,30,13.4975,-1.3525,0.0,13.276144,1.0,61.304417,815.66,24.16,Mainly clear
2018-04-24 21:00:00+00:00,HAKKARİ,30,16.5975,0.5975,0.2,8.4963045,51.0,59.638382,816.72925,26.52,Drizzle: Light
2018-04-25 21:00:00+00:00,HAKKARİ,30,16.8975,2.1475,0.8000001,8.587338,51.0,61.58433,816.0456,24.47,Drizzle: Light
2018-04-26 21:00:00+00:00,HAKKARİ,30,13.9975,4.4475,4.6,10.948973,61.0,74.36169,813.58154,13.28,Rain: Slight
2018-04-27 21:00:00+00:00,HAKKARİ,30,12.0475,2.9475,11.100001,7.42159,63.0,83.0718,814.2531,15.35,Rain: Moderate
2018-04-28 21:00:00+00:00,HAKKARİ,30,14.9975,2.3975,0.0,8.78872,3.0,70.648254,815.5025,21.91,Overcast
2018-04-29 21:00:00+00:00,HAKKARİ,30,14.2975,2.7475,0.2,13.202726,51.0,70.905876,815.85834,22.05,Drizzle: Light
2018-04-30 21:00:00+00:00,HAKKARİ,30,15.7475,2.5975,0.4,10.464797,51.0,70.79647,818.34564,25.52,Drizzle: Light
2018-05-01 21:00:00+00:00,HAKKARİ,30,16.5975,2.9975,0.90000004,8.654986,53.0,64.53999,818.6268,24.45,Drizzle: Moderate
2018-05-02 21:00:00+00:00,HAKKARİ,30,16.3475,4.3975,1.7,8.714677,53.0,65.56674,817.4917,20.8,Drizzle: Moderate
2018-05-03 21:00:00+00:00,HAKKARİ,30,15.1475,5.8975,6.0,8.714677,63.0,79.29789,816.28485,18.24,Rain: Moderate
2018-05-04 21:00:00+00:00,HAKKARİ,30,16.997501,3.5475001,3.4,10.464797,61.0,74.63204,816.44507,22.18,Rain: Slight
2018-05-05 21:00:00+00:00,HAKKARİ,30,14.2975,5.5475,1.2,9.449572,51.0,74.160194,816.66425,18.83,Drizzle: Light
2018-05-06 21:00:00+00:00,HAKKARİ,30,17.747501,3.6475,3.1999998,11.983188,61.0,64.74408,815.91724,23.45,Rain: Slight
2018-05-07 21:00:00+00:00,HAKKARİ,30,10.1475,5.2975,35.399998,8.699793,63.0,89.31555,810.5942,5.1,Rain: Moderate
2018-05-08 21:00:00+00:00,HAKKARİ,30,9.8975,5.1475,1.8000002,7.9932966,51.0,84.55838,809.46533,15.43,Drizzle: Light
2018-05-09 21:00:00+00:00,HAKKARİ,30,11.1475,5.7475,3.0,9.504272,53.0,82.31238,811.0525,14.72,Drizzle: Moderate
2018-05-10 21:00:00+00:00,HAKKARİ,30,11.7975,5.1975,1.7,7.9932966,51.0,81.84782,808.9611,17.98,Drizzle: Light
2018-05-11 21:00:00+00:00,HAKKARİ,30,11.4975,1.0975001,3.6999998,9.449572,73.0,78.85131,808.2227,19.8,Snow fall: Moderate
2018-05-12 21:00:00+00:00,HAKKARİ,30,12.9975,1.5975001,1.3000001,8.913181,51.0,72.32499,810.48584,22.44,Drizzle: Light
2018-05-13 21:00:00+00:00,HAKKARİ,30,13.4475,2.5475001,2.1,8.049845,73.0,73.57463,813.0451,22.31,Snow fall: Moderate
2018-05-14 21:00:00+00:00,HAKKARİ,30,14.4475,3.5975,4.0,9.726664,63.0,77.85268,815.69745,21.43,Rain: Moderate
2018-05-15 21:00:00+00:00,HAKKARİ,30,16.7975,3.3475,0.0,11.384198,2.0,59.924107,817.75,28.05,Partly cloudy
2018-05-16 21:00:00+00:00,HAKKARİ,30,18.447498,2.3475,0.2,8.891344,51.0,54.50296,819.4431,28.94,Drizzle: Light
2018-05-17 21:00:00+00:00,HAKKARİ,30,19.197498,4.2475,0.0,10.948973,3.0,57.000652,819.8186,26.45,Overcast
2018-05-18 21:00:00+00:00,HAKKARİ,30,19.7975,4.7475,0.2,10.446206,51.0,58.073627,819.7552,25.19,Drizzle: Light
2018-05-19 21:00:00+00:00,HAKKARİ,30,19.697498,6.4975,0.8,9.504272,51.0,62.31613,819.4638,23.24,Drizzle: Light
2018-05-20 21:00:00+00:00,HAKKARİ,30,18.447498,9.0975,5.7,8.714677,61.0,61.15863,819.79956,23.57,Rain: Slight
2018-05-21 21:00:00+00:00,HAKKARİ,30,18.447498,7.1975,3.0,11.212135,61.0,66.70426,819.6662,23.09,Rain: Slight
2018-05-22 21:00:00+00:00,HAKKARİ,30,18.447498,7.1475,7.1,10.630672,63.0,72.09345,819.4836,24.03,Rain: Moderate
2018-05-23 21:00:00+00:00,HAKKARİ,30,17.997501,6.7975,5.3999996,10.30883,63.0,74.65919,816.62134,22.41,Rain: Moderate
2018-05-24 21:00:00+00:00,HAKKARİ,30,18.997501,6.1975,1.1,12.7279215,55.0,64.851845,815.06836,23.93,Drizzle: Dense
2018-05-25 21:00:00+00:00,HAKKARİ,30,20.3475,6.8475,1.2,9.983106,55.0,58.305294,817.4816,24.39,Drizzle: Dense
2018-05-26 21:00:00+00:00,HAKKARİ,30,22.0975,5.8975,0.4,10.440001,51.0,54.964314,820.81836,26.55,Drizzle: Light
2018-05-27 21:00:00+00:00,HAKKARİ,30,23.697498,7.9975,0.0,10.163227,3.0,53.61304,820.4133,26.86,Overcast
2018-05-28 21:00:00+00:00,HAKKARİ,30,19.6475,10.0475,2.2,11.592894,53.0,63.775864,817.2487,19.49,Drizzle: Moderate
2018-05-29 21:00:00+00:00,HAKKARİ,30,19.8475,7.5975,1.3000001,10.703569,53.0,62.27147,817.05347,25.64,Drizzle: Moderate
2018-05-30 21:00:00+00:00,HAKKARİ,30,18.8975,7.8475,5.3000007,10.514218,61.0,63.187534,815.3337,20.82,Rain: Slight
2018-05-31 21:00:00+00:00,HAKKARİ,30,18.3475,7.9475,0.2,13.004922,51.0,54.920048,815.6111,26.32,Drizzle: Light
2018-06-01 21:00:00+00:00,HAKKARİ,30,19.0475,7.1475,0.1,13.281023,51.0,56.08273,815.52814,26.09,Drizzle: Light
2018-06-02 21:00:00+00:00,HAKKARİ,30,17.747501,5.9975,0.0,11.090103,2.0,55.28749,815.5568,24.08,Partly cloudy
2018-06-03 21:00:00+00:00,HAKKARİ,30,18.947498,5.7975,3.3000002,12.904882,61.0,59.327164,814.3352,26.95,Rain: Slight
2018-06-04 21:00:00+00:00,HAKKARİ,30,19.3975,8.797501,2.1,13.324863,53.0,56.71556,815.3847,24.83,Drizzle: Moderate
2018-06-05 21:00:00+00:00,HAKKARİ,30,21.3475,6.0975,0.0,10.464797,0.0,52.41815,820.4472,30.25,Clear sky
2018-06-06 21:00:00+00:00,HAKKARİ,30,23.5975,6.6475,0.0,12.904882,0.0,51.094578,822.064,30.6,Clear sky
2018-06-07 21:00:00+00:00,HAKKARİ,30,24.0475,6.8975,0.0,12.864649,3.0,46.763382,820.07,26.2,Overcast
2018-06-08 21:00:00+00:00,HAKKARİ,30,22.2975,7.7475,0.0,7.289444,1.0,51.89706,815.1961,27.38,Mainly clear
2018-06-09 21:00:00+00:00,HAKKARİ,30,22.247501,9.7975,0.0,10.233123,1.0,55.683838,812.655,26.72,Mainly clear
2018-06-10 21:00:00+00:00,HAKKARİ,30,23.1475,9.0975,0.0,11.298495,2.0,46.40645,812.4002,28.71,Partly cloudy
2018-06-11 21:00:00+00:00,HAKKARİ,30,21.5475,9.6975,0.2,12.287555,51.0,51.065826,811.84186,27.57,Drizzle: Light
2018-06-12 21:00:00+00:00,HAKKARİ,30,21.697498,8.6975,0.5,9.904906,51.0,56.81003,813.5474,27.23,Drizzle: Light
2018-06-13 21:00:00+00:00,HAKKARİ,30,21.8475,8.247499,2.5,9.693296,61.0,61.428715,814.6673,25.91,Rain: Slight
2018-06-14 21:00:00+00:00,HAKKARİ,30,20.6475,10.0475,7.2999997,9.983106,63.0,65.91181,815.597,23.9,Rain: Moderate
2018-06-15 21:00:00+00:00,HAKKARİ,30,20.0975,10.0975,0.4,10.703569,51.0,67.33598,816.59,22.81,Drizzle: Light
2018-06-16 21:00:00+00:00,HAKKARİ,30,22.5475,7.4975,0.0,13.779114,2.0,51.261063,816.87744,26.97,Partly cloudy
2018-06-17 21:00:00+00:00,HAKKARİ,30,21.5975,8.297501,0.0,13.281023,0.0,46.22604,814.96875,30.04,Clear sky
2018-06-18 21:00:00+00:00,HAKKARİ,30,21.7975,7.9475,0.0,12.413476,3.0,47.655136,816.3525,25.89,Overcast
2018-06-19 21:00:00+00:00,HAKKARİ,30,22.247501,7.4475,0.0,11.019764,0.0,50.100674,818.39325,29.49,Clear sky
2018-06-20 21:00:00+00:00,HAKKARİ,30,23.3475,8.3475,0.0,8.089993,1.0,51.49941,818.48193,29.46,Mainly clear
2018-06-21 21:00:00+00:00,HAKKARİ,30,23.497501,8.8975,0.0,9.290511,1.0,47.41547,816.4153,29.24,Mainly clear
2018-06-22 21:00:00+00:00,HAKKARİ,30,24.6475,9.1975,0.0,10.691453,0.0,49.602947,815.71576,30.15,Clear sky
2018-06-23 21:00:00+00:00,HAKKARİ,30,25.747501,10.3475,0.0,11.246759,0.0,47.18251,817.2054,30.4,Clear sky
2018-06-24 21:00:00+00:00,HAKKARİ,30,27.0975,11.9975,0.0,11.304229,0.0,43.752674,818.1011,30.46,Clear sky
2018-06-25 21:00:00+00:00,HAKKARİ,30,27.3475,10.5975,0.0,11.304229,0.0,42.44812,817.89215,31.0,Clear sky
2018-06-26 21:00:00+00:00,HAKKARİ,30,28.697498,11.7475,0.0,7.8625183,0.0,45.74857,816.87476,30.0,Clear sky
2018-06-27 21:00:00+00:00,HAKKARİ,30,29.8475,13.4975,0.0,10.990322,0.0,38.89273,816.50885,30.38,Clear sky
2018-06-28 21:00:00+00:00,HAKKARİ,30,29.697498,14.1475,0.0,14.88242,0.0,39.34437,815.394,30.1,Clear sky
2018-06-29 21:00:00+00:00,HAKKARİ,30,27.8975,11.7475,0.0,11.183201,0.0,40.773586,815.8555,31.2,Clear sky
2018-06-30 21:00:00+00:00,HAKKARİ,30,29.3475,9.8475,0.0,9.504272,0.0,31.916769,818.2554,31.95,Clear sky
2018-07-01 21:00:00+00:00,HAKKARİ,30,33.1975,14.2475,0.0,11.91812,0.0,28.731873,820.39923,30.25,Clear sky
2018-07-02 21:00:00+00:00,HAKKARİ,30,32.1475,16.0475,0.0,11.983188,0.0,30.057602,821.0412,30.53,Clear sky
2018-07-03 21:00:00+00:00,HAKKARİ,30,31.2975,15.4475,0.0,9.885262,2.0,32.78146,818.851,29.78,Partly cloudy
2018-07-04 21:00:00+00:00,HAKKARİ,30,30.6475,15.5975,0.0,16.923828,1.0,30.510284,816.0135,29.19,Mainly clear
2018-07-05 21:00:00+00:00,HAKKARİ,30,26.7975,14.4975,0.0,13.849477,0.0,35.72262,814.95966,30.52,Clear sky
2018-07-06 21:00:00+00:00,HAKKARİ,30,26.2975,12.7475,0.0,11.720751,0.0,41.534634,815.5345,29.34,Clear sky
2018-07-07 21:00:00+00:00,HAKKARİ,30,27.3975,12.9975,0.0,10.739832,0.0,36.876575,818.0459,30.03,Clear sky
2018-07-08 21:00:00+00:00,HAKKARİ,30,28.8975,12.0475,0.0,9.422101,0.0,37.888027,819.08105,30.07,Clear sky
2018-07-09 21:00:00+00:00,HAKKARİ,30,32.9975,14.1475,0.0,11.480557,0.0,37.413036,818.8851,30.06,Clear sky
2018-07-10 21:00:00+00:00,HAKKARİ,30,33.3975,17.0975,0.0,11.384198,2.0,31.173933,819.5523,27.6,Partly cloudy
2018-07-11 21:00:00+00:00,HAKKARİ,30,33.2975,17.2975,0.0,14.693999,3.0,29.822266,818.08594,27.12,Overcast
2018-07-12 21:00:00+00:00,HAKKARİ,30,32.1975,17.247501,0.0,12.979984,1.0,32.633423,815.32,28.23,Mainly clear
2018-07-13 21:00:00+00:00,HAKKARİ,30,29.0475,15.5975,0.0,13.746156,1.0,41.251526,813.2893,27.48,Mainly clear
2018-07-14 21:00:00+00:00,HAKKARİ,30,25.3975,15.9975,0.0,15.349684,3.0,42.77658,813.3592,22.07,Overcast
2018-07-15 21:00:00+00:00,HAKKARİ,30,24.1475,15.6475,0.0,12.819235,1.0,48.400364,813.6707,21.81,Mainly clear
2018-07-16 21:00:00+00:00,HAKKARİ,30,25.8475,13.6975,0.0,11.200571,1.0,46.824783,813.66846,23.06,Mainly clear
2018-07-17 21:00:00+00:00,HAKKARİ,30,29.247501,12.2975,0.0,13.392774,0.0,43.590206,814.5806,29.82,Clear sky
2018-07-18 21:00:00+00:00,HAKKARİ,30,28.6475,12.9975,0.0,12.738099,0.0,31.078009,815.06915,30.12,Clear sky
2018-07-19 21:00:00+00:00,HAKKARİ,30,27.3975,13.2975,0.0,13.044722,0.0,26.948076,815.14557,30.17,Clear sky
2018-07-20 21:00:00+00:00,HAKKARİ,30,28.247501,9.8975,0.0,9.686609,0.0,24.896242,814.5029,30.46,Clear sky
2018-07-21 21:00:00+00:00,HAKKARİ,30,27.6475,11.6975,0.2,11.200571,51.0,30.895277,813.57153,28.01,Drizzle: Light
2018-07-22 21:00:00+00:00,HAKKARİ,30,26.8975,12.0475,0.0,12.261157,3.0,39.77089,813.40375,24.02,Overcast
2018-07-23 21:00:00+00:00,HAKKARİ,30,28.947498,13.1975,0.0,10.703569,0.0,36.106075,816.2444,28.27,Clear sky
2018-07-24 21:00:00+00:00,HAKKARİ,30,30.5975,13.8975,0.0,13.276144,0.0,32.8734,818.1465,28.67,Clear sky
2018-07-25 21:00:00+00:00,HAKKARİ,30,31.3975,15.2475,0.0,13.493999,0.0,28.410631,818.9902,28.4,Clear sky
2018-07-26 21:00:00+00:00,HAKKARİ,30,32.8975,15.5475,0.0,13.237038,0.0,25.685984,818.46655,28.48,Clear sky
2018-07-27 21:00:00+00:00,HAKKARİ,30,33.0475,16.247501,0.0,12.738099,0.0,29.880854,816.5446,28.39,Clear sky
2018-07-28 21:00:00+00:00,HAKKARİ,30,32.7975,16.0975,0.0,14.291592,0.0,31.267504,816.70624,28.21,Clear sky
2018-07-29 21:00:00+00:00,HAKKARİ,30,31.8975,16.2975,0.0,10.948973,2.0,33.957798,817.9944,26.78,Partly cloudy
2018-07-30 21:00:00+00:00,HAKKARİ,30,31.3475,15.9975,0.0,12.387348,1.0,38.294228,817.6491,25.59,Mainly clear
2018-07-31 21:00:00+00:00,HAKKARİ,30,29.947498,16.5475,0.0,14.291592,1.0,37.303566,816.8662,28.01,Mainly clear
2018-08-01 21:00:00+00:00,HAKKARİ,30,30.197498,13.4475,0.0,15.484185,0.0,31.604403,815.2661,28.25,Clear sky
2018-08-02 21:00:00+00:00,HAKKARİ,30,27.997501,14.5975,0.0,12.229406,1.0,34.19135,815.2254,24.29,Mainly clear
2018-08-03 21:00:00+00:00,HAKKARİ,30,25.0975,14.8475,0.0,12.218805,2.0,44.483475,817.69336,19.94,Partly cloudy
2018-08-04 21:00:00+00:00,HAKKARİ,30,28.247501,12.8475,0.0,11.200571,0.0,36.962677,820.16595,27.53,Clear sky
2018-08-05 21:00:00+00:00,HAKKARİ,30,30.7975,13.3975,0.0,10.086427,0.0,35.109,819.35736,27.87,Clear sky
2018-08-06 21:00:00+00:00,HAKKARİ,30,30.7975,14.6975,0.0,15.072783,0.0,32.17959,817.613,28.0,Clear sky
2018-08-07 21:00:00+00:00,HAKKARİ,30,30.2975,12.8975,0.0,15.273505,0.0,28.26869,815.9002,28.1,Clear sky
2018-08-08 21:00:00+00:00,HAKKARİ,30,29.3475,12.3475,0.0,12.031756,0.0,30.434929,816.51154,27.64,Clear sky
2018-08-09 21:00:00+00:00,HAKKARİ,30,29.247501,13.2475,0.0,10.009036,0.0,36.413204,818.28876,27.37,Clear sky
2018-08-10 21:00:00+00:00,HAKKARİ,30,29.7975,12.7975,0.0,10.703569,0.0,34.120464,818.7359,27.63,Clear sky
2018-08-11 21:00:00+00:00,HAKKARİ,30,28.5475,15.6475,0.0,13.513193,0.0,30.007126,818.12256,27.42,Clear sky
2018-08-12 21:00:00+00:00,HAKKARİ,30,29.1475,11.5975,0.0,10.296251,0.0,32.547417,814.6938,27.57,Clear sky
2018-08-13 21:00:00+00:00,HAKKARİ,30,28.2975,12.9975,0.0,11.983188,1.0,46.47133,814.93634,24.86,Mainly clear
2018-08-14 21:00:00+00:00,HAKKARİ,30,29.497501,13.8475,0.0,12.4811535,0.0,44.090588,817.17865,25.0,Clear sky
2018-08-15 21:00:00+00:00,HAKKARİ,30,30.3975,13.4975,0.0,10.630672,0.0,35.81518,819.01227,27.06,Clear sky
2018-08-16 21:00:00+00:00,HAKKARİ,30,31.447498,13.3475,0.0,10.296251,0.0,28.953367,818.31256,26.73,Clear sky
2018-08-17 21:00:00+00:00,HAKKARİ,30,29.8975,13.5975,0.0,13.276144,0.0,30.167646,815.2698,26.7,Clear sky
2018-08-18 21:00:00+00:00,HAKKARİ,30,27.747501,13.6975,0.0,12.43434,1.0,37.17913,815.0245,22.98,Mainly clear
2018-08-19 21:00:00+00:00,HAKKARİ,30,25.7975,13.7475,0.0,9.449572,2.0,41.338917,817.91815,19.86,Partly cloudy
2018-08-20 21:00:00+00:00,HAKKARİ,30,28.5475,11.9475,0.0,8.699793,0.0,37.919983,819.0263,26.23,Clear sky
2018-08-21 21:00:00+00:00,HAKKARİ,30,29.197498,11.8475,0.0,10.195057,0.0,31.833555,817.79,26.71,Clear sky
2018-08-22 21:00:00+00:00,HAKKARİ,30,29.5975,12.8975,0.0,10.799999,0.0,36.275482,818.3492,25.93,Clear sky
2018-08-23 21:00:00+00:00,HAKKARİ,30,30.247501,13.3475,0.0,11.246759,0.0,42.04331,819.79474,25.24,Clear sky
2018-08-24 21:00:00+00:00,HAKKARİ,30,30.8975,13.5475,0.0,9.659814,0.0,32.367176,818.98193,25.6,Clear sky
2018-08-25 21:00:00+00:00,HAKKARİ,30,30.0975,14.2475,0.0,11.709688,0.0,31.103569,816.3877,25.69,Clear sky
2018-08-26 21:00:00+00:00,HAKKARİ,30,28.497501,12.6975,0.0,10.44,0.0,32.69924,815.8969,25.47,Clear sky
2018-08-27 21:00:00+00:00,HAKKARİ,30,27.497501,13.5975,0.0,12.229406,0.0,39.028503,818.6306,24.57,Clear sky
2018-08-28 21:00:00+00:00,HAKKARİ,30,28.7975,12.8475,0.0,11.298495,0.0,31.252092,819.7836,25.26,Clear sky
2018-08-29 21:00:00+00:00,HAKKARİ,30,30.497501,12.5975,0.0,10.829958,0.0,28.4991,820.5518,25.28,Clear sky
2018-08-30 21:00:00+00:00,HAKKARİ,30,30.0975,11.4475,0.0,12.10157,0.0,23.135736,819.74615,25.21,Clear sky
2018-08-31 21:00:00+00:00,HAKKARİ,30,29.247501,12.7475,0.0,12.879752,0.0,30.29258,819.8044,24.44,Clear sky
2018-09-01 21:00:00+00:00,HAKKARİ,30,29.1475,13.3975,0.0,11.457958,1.0,38.527565,819.84424,23.74,Mainly clear
2018-09-02 21:00:00+00:00,HAKKARİ,30,26.3975,13.4475,0.1,10.495713,51.0,38.278664,817.2114,23.11,Drizzle: Light
2018-09-03 21:00:00+00:00,HAKKARİ,30,27.197498,11.7975,0.0,10.538843,1.0,34.174847,817.5085,22.96,Mainly clear
2018-09-04 21:00:00+00:00,HAKKARİ,30,27.3975,12.4475,0.0,10.739832,1.0,32.414173,818.5935,23.95,Mainly clear
2018-09-05 21:00:00+00:00,HAKKARİ,30,25.0975,10.7475,0.0,13.237038,1.0,39.589058,816.7443,23.93,Mainly clear
2018-09-06 21:00:00+00:00,HAKKARİ,30,24.0975,11.1975,0.0,13.849477,0.0,41.91022,817.0603,23.77,Clear sky
2018-09-07 21:00:00+00:00,HAKKARİ,30,22.1475,10.6475,0.0,10.464797,1.0,44.24951,818.1524,21.96,Mainly clear
2018-09-08 21:00:00+00:00,HAKKARİ,30,22.5475,9.7475,0.0,11.090103,2.0,44.96275,818.3425,19.4,Partly cloudy
2018-09-09 21:00:00+00:00,HAKKARİ,30,23.197498,9.1475,0.0,14.982228,1.0,42.38995,819.5913,21.52,Mainly clear
2018-09-10 21:00:00+00:00,HAKKARİ,30,22.947498,9.6475,0.0,14.05845,1.0,38.746735,822.0953,23.13,Mainly clear
2018-09-11 21:00:00+00:00,HAKKARİ,30,25.5475,7.0475,0.0,9.504272,0.0,33.932194,823.6263,23.66,Clear sky
2018-09-12 21:00:00+00:00,HAKKARİ,30,29.3975,8.8975,0.0,8.942214,3.0,27.718925,824.1191,20.93,Overcast
2018-09-13 21:00:00+00:00,HAKKARİ,30,29.247501,12.3975,0.0,11.212135,1.0,30.136002,822.86505,20.93,Mainly clear
2018-09-14 21:00:00+00:00,HAKKARİ,30,26.8475,14.4975,0.0,15.141414,0.0,27.58713,821.01215,22.7,Clear sky
2018-09-15 21:00:00+00:00,HAKKARİ,30,24.8975,9.047501,0.0,13.1041975,0.0,30.064728,820.1578,22.65,Clear sky
2018-09-16 21:00:00+00:00,HAKKARİ,30,24.0475,8.047501,0.0,12.224107,0.0,35.220802,819.6943,22.17,Clear sky
2018-09-17 21:00:00+00:00,HAKKARİ,30,24.6475,8.6475,0.0,15.408671,1.0,34.3898,820.3116,19.97,Mainly clear
2018-09-18 21:00:00+00:00,HAKKARİ,30,23.8475,10.4975,0.1,10.195057,51.0,41.677193,820.5251,16.02,Drizzle: Light
2018-09-19 21:00:00+00:00,HAKKARİ,30,23.697498,10.4975,0.1,11.119281,51.0,53.052883,820.5723,16.75,Drizzle: Light
2018-09-20 21:00:00+00:00,HAKKARİ,30,23.3475,9.5475,0.0,10.829958,1.0,44.045895,821.10846,19.26,Mainly clear
2018-09-21 21:00:00+00:00,HAKKARİ,30,22.197498,9.6475,0.70000005,12.229406,53.0,38.680927,820.362,14.87,Drizzle: Moderate
2018-09-22 21:00:00+00:00,HAKKARİ,30,23.497501,7.6475,0.0,13.237039,2.0,46.645893,820.0234,20.5,Partly cloudy
2018-09-23 21:00:00+00:00,HAKKARİ,30,24.3475,7.4475,0.0,11.090103,0.0,38.523266,821.0146,20.88,Clear sky
2018-09-24 21:00:00+00:00,HAKKARİ,30,24.497501,7.8975,0.0,10.587918,0.0,35.68121,820.4704,20.72,Clear sky
2018-09-25 21:00:00+00:00,HAKKARİ,30,24.247501,8.9475,0.0,11.019764,0.0,32.102104,819.6304,20.64,Clear sky
2018-09-26 21:00:00+00:00,HAKKARİ,30,24.3475,7.2475,0.0,9.021574,2.0,27.456465,821.26447,20.6,Partly cloudy
2018-09-27 21:00:00+00:00,HAKKARİ,30,24.747501,7.7975,0.0,9.793058,0.0,30.437017,821.972,20.68,Clear sky
2018-09-28 21:00:00+00:00,HAKKARİ,30,24.2975,7.1475,0.0,12.074766,0.0,27.214273,820.40796,20.18,Clear sky
2018-09-29 21:00:00+00:00,HAKKARİ,30,23.947498,8.747499,0.0,12.245293,2.0,35.90393,821.8454,18.11,Partly cloudy
2018-09-30 21:00:00+00:00,HAKKARİ,30,24.2975,8.9475,0.0,10.97262,3.0,40.14877,823.497,15.33,Overcast
2018-10-01 21:00:00+00:00,HAKKARİ,30,22.997501,11.8975,0.0,14.982228,3.0,45.68118,824.65137,16.23,Overcast
2018-10-02 21:00:00+00:00,HAKKARİ,30,22.747501,7.4475,0.0,12.261157,2.0,44.63098,823.6917,19.1,Partly cloudy
2018-10-03 21:00:00+00:00,HAKKARİ,30,22.197498,6.5475,0.0,11.592895,3.0,36.49722,821.65576,19.24,Overcast
2018-10-04 21:00:00+00:00,HAKKARİ,30,21.447498,5.5475,0.0,10.805998,3.0,34.469494,819.9763,17.06,Overcast
2018-10-05 21:00:00+00:00,HAKKARİ,30,20.5975,7.1475,0.0,11.384198,2.0,45.93266,820.7673,17.26,Partly cloudy
2018-10-06 21:00:00+00:00,HAKKARİ,30,19.947498,5.6975,0.0,11.923557,3.0,53.960598,821.9134,16.83,Overcast
2018-10-07 21:00:00+00:00,HAKKARİ,30,19.747501,6.8975,0.0,9.021574,3.0,48.577602,822.159,15.38,Overcast
2018-10-08 21:00:00+00:00,HAKKARİ,30,20.5475,7.2975,0.6,13.324863,53.0,50.005753,820.86334,14.73,Drizzle: Moderate
2018-10-09 21:00:00+00:00,HAKKARİ,30,15.8975,8.4475,4.2999997,6.130579,53.0,68.891975,822.3514,9.05,Drizzle: Moderate
2018-10-10 21:00:00+00:00,HAKKARİ,30,20.497501,7.6475,0.9000001,10.296251,51.0,62.43991,821.0015,12.9,Drizzle: Light
2018-10-11 21:00:00+00:00,HAKKARİ,30,18.7975,6.6475,0.0,10.883676,3.0,55.919994,821.3848,12.96,Overcast
2018-10-12 21:00:00+00:00,HAKKARİ,30,20.6475,6.6975,0.0,13.551501,3.0,55.141933,823.3753,15.02,Overcast
2018-10-13 21:00:00+00:00,HAKKARİ,30,19.747501,5.5475,1.1,11.27553,53.0,60.54559,822.337,13.23,Drizzle: Moderate
2018-10-14 21:00:00+00:00,HAKKARİ,30,20.447498,4.3975,0.0,7.653705,3.0,57.247204,821.7857,14.98,Overcast
2018-10-15 21:00:00+00:00,HAKKARİ,30,20.0475,5.1975,0.3,8.287822,51.0,58.052185,822.1951,13.21,Drizzle: Light
2018-10-16 21:00:00+00:00,HAKKARİ,30,18.247501,5.5975,0.0,8.759178,3.0,58.018402,821.5352,13.54,Overcast
2018-10-17 21:00:00+00:00,HAKKARİ,30,18.697498,4.9975,0.0,8.669949,2.0,58.293995,820.1838,13.47,Partly cloudy
2018-10-18 21:00:00+00:00,HAKKARİ,30,17.1975,5.4475,0.70000005,9.659814,51.0,59.891937,820.8369,12.98,Drizzle: Light
2018-10-19 21:00:00+00:00,HAKKARİ,30,14.8975,4.7975,0.5,10.44,51.0,66.09749,820.03705,10.7,Drizzle: Light
2018-10-20 21:00:00+00:00,HAKKARİ,30,14.0475,4.7475,4.4,9.511088,61.0,76.61695,819.21185,7.91,Rain: Slight
2018-10-21 21:00:00+00:00,HAKKARİ,30,13.3475,7.0975,1.5000001,8.435069,51.0,78.92692,820.543,9.21,Drizzle: Light
2018-10-22 21:00:00+00:00,HAKKARİ,30,15.5475,2.8975,0.0,12.387348,3.0,66.61535,820.50336,11.74,Overcast
2018-10-23 21:00:00+00:00,HAKKARİ,30,9.297501,6.5975,25.499996,8.311245,61.0,86.888054,818.29376,2.57,Rain: Slight
2018-10-24 21:00:00+00:00,HAKKARİ,30,10.1475,6.7975,61.300003,11.753876,63.0,96.46662,812.732,1.28,Rain: Moderate
2018-10-25 21:00:00+00:00,HAKKARİ,30,10.2975,2.6975,40.5,14.336861,73.0,94.78617,809.6458,1.38,Snow fall: Moderate
2018-10-26 21:00:00+00:00,HAKKARİ,30,10.0475,-0.3025,0.3,8.287822,71.0,68.832054,817.3857,14.96,Snow fall: Slight
2018-10-27 21:00:00+00:00,HAKKARİ,30,11.3475,-2.6025,0.0,9.422101,0.0,58.8736,822.095,15.48,Clear sky
2018-10-28 21:00:00+00:00,HAKKARİ,30,13.1975,-1.4024999,0.0,11.119281,0.0,47.25227,821.49194,15.34,Clear sky
2018-10-29 21:00:00+00:00,HAKKARİ,30,14.7475,-1.2525,0.0,10.315115,0.0,43.41808,821.4095,15.21,Clear sky
2018-10-30 21:00:00+00:00,HAKKARİ,30,15.8475,-0.002499938,0.0,9.504273,2.0,41.7525,822.1101,14.89,Partly cloudy
2018-10-31 21:00:00+00:00,HAKKARİ,30,13.6975,0.14750004,0.0,9.504272,0.0,52.484375,822.95856,14.54,Clear sky
2018-11-01 21:00:00+00:00,HAKKARİ,30,9.6475,0.94750005,0.0,12.904882,3.0,68.7058,824.0132,10.54,Overcast
2018-11-02 21:00:00+00:00,HAKKARİ,30,10.3475,1.8975,0.0,12.496718,3.0,69.33201,822.5654,10.66,Overcast
2018-11-03 21:00:00+00:00,HAKKARİ,30,9.1475,2.3475,1.1000001,10.739832,71.0,67.18714,819.3821,4.92,Snow fall: Slight
2018-11-04 21:00:00+00:00,HAKKARİ,30,7.9475,3.6475,9.700001,6.6185193,61.0,87.2019,815.04376,2.87,Rain: Slight
2018-11-05 21:00:00+00:00,HAKKARİ,30,7.7475,1.3975,1.8000001,9.19939,51.0,83.469505,812.8769,5.43,Drizzle: Light
2018-11-06 21:00:00+00:00,HAKKARİ,30,7.1975,0.94750005,5.4,7.0911775,73.0,85.84359,817.36237,4.56,Snow fall: Moderate
2018-11-07 21:00:00+00:00,HAKKARİ,30,8.497499,0.24750006,1.2,6.696387,51.0,82.364876,817.01715,10.49,Drizzle: Light
2018-11-08 21:00:00+00:00,HAKKARİ,30,9.5475,-0.60249996,0.0,8.78872,3.0,70.23612,815.9847,12.32,Overcast
2018-11-09 21:00:00+00:00,HAKKARİ,30,9.6475,-1.5525,0.0,10.009036,3.0,68.757286,816.0738,12.3,Overcast
2018-11-10 21:00:00+00:00,HAKKARİ,30,10.0975,-0.8025,0.0,8.557102,3.0,65.66566,816.2788,11.64,Overcast
2018-11-11 21:00:00+00:00,HAKKARİ,30,9.047501,-1.4024999,0.0,6.9527545,3.0,69.79968,816.664,9.98,Overcast
2018-11-12 21:00:00+00:00,HAKKARİ,30,9.0975,-1.1524999,0.0,6.830519,3.0,69.99328,816.3284,10.56,Overcast
2018-11-13 21:00:00+00:00,HAKKARİ,30,6.8475,0.097500086,4.3999996,8.0899935,73.0,84.21026,812.97046,7.33,Snow fall: Moderate
2018-11-14 21:00:00+00:00,HAKKARİ,30,4.3975,2.5475001,6.2999997,6.696387,73.0,96.1757,812.8232,2.52,Snow fall: Moderate
2018-11-15 21:00:00+00:00,HAKKARİ,30,7.2975,2.4975,2.9999993,5.315336,73.0,89.15222,815.8821,6.28,Snow fall: Moderate
2018-11-16 21:00:00+00:00,HAKKARİ,30,8.3975,-0.4024999,0.4,8.4963045,51.0,78.89913,819.88617,8.12,Drizzle: Light
2018-11-17 21:00:00+00:00,HAKKARİ,30,8.997499,-2.5025,0.0,10.495713,3.0,62.025555,816.55304,11.94,Overcast
2018-11-18 21:00:00+00:00,HAKKARİ,30,9.7975,-2.7525,0.0,5.95906,3.0,63.76157,815.9681,11.84,Overcast
2018-11-19 21:00:00+00:00,HAKKARİ,30,12.0975,-2.4524999,0.0,9.021574,3.0,58.926468,816.39233,11.93,Overcast
2018-11-20 21:00:00+00:00,HAKKARİ,30,9.3475,1.6975,0.5,11.246759,51.0,66.01791,815.0297,10.53,Drizzle: Light
2018-11-21 21:00:00+00:00,HAKKARİ,30,5.2475,1.2475001,18.9,7.5685663,75.0,96.29614,813.62933,3.61,Snow fall: Heavy
2018-11-22 21:00:00+00:00,HAKKARİ,30,4.0475,-3.6525002,5.7999997,7.24486,75.0,93.79519,812.61664,3.97,Snow fall: Heavy
2018-11-23 21:00:00+00:00,HAKKARİ,30,6.4975,-6.4025,0.2,10.315115,51.0,82.543945,814.3842,8.05,Drizzle: Light
2018-11-24 21:00:00+00:00,HAKKARİ,30,4.8475,-2.0525,0.0,8.942214,3.0,83.016655,812.58936,7.09,Overcast
2018-11-25 21:00:00+00:00,HAKKARİ,30,6.1475,-5.3025,0.2,9.339208,71.0,76.66797,813.19257,9.82,Snow fall: Slight
2018-11-26 21:00:00+00:00,HAKKARİ,30,6.4475,-6.1525,0.0,9.028754,3.0,69.641396,816.9131,8.22,Overcast
2018-11-27 21:00:00+00:00,HAKKARİ,30,9.1975,-2.3025,0.0,8.161764,3.0,84.721565,817.85834,10.63,Overcast
2018-11-28 21:00:00+00:00,HAKKARİ,30,10.3475,-2.0525,0.0,6.12,3.0,66.14531,818.40674,9.49,Overcast
2018-11-29 21:00:00+00:00,HAKKARİ,30,6.3475,2.1975,22.199999,5.634891,75.0,86.34369,819.3535,2.36,Snow fall: Heavy
2018-11-30 21:00:00+00:00,HAKKARİ,30,4.7975,1.4475,48.200005,4.802999,75.0,94.55224,816.0312,2.26,Snow fall: Heavy
2018-12-01 21:00:00+00:00,HAKKARİ,30,4.7975,-6.1525,0.0,7.4128532,3.0,83.924706,814.86273,10.82,Overcast
2018-12-02 21:00:00+00:00,HAKKARİ,30,7.4475,-7.3025,0.0,9.028754,3.0,61.72021,812.82526,9.87,Overcast
2018-12-03 21:00:00+00:00,HAKKARİ,30,5.3975,-8.0025,7.0,9.19939,75.0,68.69404,813.2312,3.89,Snow fall: Heavy
2018-12-04 21:00:00+00:00,HAKKARİ,30,3.4475,0.64750004,26.300001,5.5887027,75.0,93.30627,813.5795,2.23,Snow fall: Heavy
2018-12-05 21:00:00+00:00,HAKKARİ,30,3.5975,-0.50249994,1.0,6.130579,73.0,83.801384,808.12915,6.03,Snow fall: Moderate
2018-12-06 21:00:00+00:00,HAKKARİ,30,2.2475,0.14750004,4.4000006,3.8268526,73.0,87.41085,808.54126,2.76,Snow fall: Moderate
2018-12-07 21:00:00+00:00,HAKKARİ,30,1.4975001,-0.50249994,12.600001,3.219938,75.0,94.31707,811.38574,2.85,Snow fall: Heavy
2018-12-08 21:00:00+00:00,HAKKARİ,30,2.5975,-0.75250006,8.1,6.6185193,73.0,91.259224,814.69684,4.33,Snow fall: Moderate
2018-12-09 21:00:00+00:00,HAKKARİ,30,1.9975001,-5.6525,0.1,4.3349743,71.0,80.55531,814.3687,6.86,Snow fall: Slight
2018-12-10 21:00:00+00:00,HAKKARİ,30,1.3475001,-7.2025003,1.8,5.1919937,73.0,90.191246,814.42944,2.78,Snow fall: Moderate
2018-12-11 21:00:00+00:00,HAKKARİ,30,1.5475,-0.50249994,25.900003,7.9932976,75.0,97.34373,814.5356,1.53,Snow fall: Heavy
2018-12-12 21:00:00+00:00,HAKKARİ,30,1.5475,-1.4024999,27.500004,9.021574,75.0,95.59372,814.19635,3.58,Snow fall: Heavy
2018-12-13 21:00:00+00:00,HAKKARİ,30,1.5975001,-7.4525003,0.1,6.725354,71.0,82.343956,818.0071,9.9,Snow fall: Slight
2018-12-14 21:00:00+00:00,HAKKARİ,30,3.1975,-8.9525,0.0,6.297428,2.0,69.30501,816.8631,10.32,Partly cloudy
2018-12-15 21:00:00+00:00,HAKKARİ,30,5.6975,-7.2025003,0.0,6.489992,3.0,65.18418,816.5064,10.18,Overcast
2018-12-16 21:00:00+00:00,HAKKARİ,30,2.3475,-6.8025,2.1000001,7.10031,73.0,73.76453,813.6092,4.78,Snow fall: Moderate
2018-12-17 21:00:00+00:00,HAKKARİ,30,1.9975001,-1.9524999,1.8000003,4.8965297,71.0,86.7918,816.247,3.58,Snow fall: Slight
2018-12-18 21:00:00+00:00,HAKKARİ,30,4.1475,-4.7525,0.0,7.8954163,3.0,77.016266,817.1209,9.51,Overcast
2018-12-19 21:00:00+00:00,HAKKARİ,30,0.64750004,-5.7025,9.1,7.5942073,75.0,82.62814,812.4455,3.3,Snow fall: Heavy
2018-12-20 21:00:00+00:00,HAKKARİ,30,3.0475001,-6.1525,1.6000001,8.373386,73.0,81.20405,814.23785,7.51,Snow fall: Moderate
2018-12-21 21:00:00+00:00,HAKKARİ,30,2.0975,-10.4525,0.0,8.557102,3.0,69.25381,813.4019,9.54,Overcast
2018-12-22 21:00:00+00:00,HAKKARİ,30,0.99750006,-9.1025,0.0,6.519877,2.0,66.475174,813.3781,10.76,Partly cloudy
2018-12-23 21:00:00+00:00,HAKKARİ,30,-2.4524999,-9.5525,16.8,5.0911684,75.0,80.62254,811.40826,2.08,Snow fall: Heavy
2018-12-24 21:00:00+00:00,HAKKARİ,30,-0.3025,-12.9525,0.0,7.24486,3.0,61.669796,814.58545,10.55,Overcast
2018-12-25 21:00:00+00:00,HAKKARİ,30,0.39750004,-8.9525,0.2,4.8965297,71.0,78.43953,813.01855,8.13,Snow fall: Slight
2018-12-26 21:00:00+00:00,HAKKARİ,30,-0.15249991,-2.8024998,26.100002,5.2416787,75.0,95.064735,809.3499,1.73,Snow fall: Heavy
2018-12-27 21:00:00+00:00,HAKKARİ,30,-0.15249991,-3.0524998,11.200003,4.6800003,75.0,93.70699,806.88544,2.51,Snow fall: Heavy
2018-12-28 21:00:00+00:00,HAKKARİ,30,-1.3525,-4.7525,1.9000001,5.3517847,73.0,91.51532,813.16064,4.78,Snow fall: Moderate
2018-12-29 21:00:00+00:00,HAKKARİ,30,-1.9524999,-7.1525,0.8,5.154415,71.0,78.28809,814.27155,10.04,Snow fall: Slight
2018-12-30 21:00:00+00:00,HAKKARİ,30,-2.7024999,-4.7025,19.999998,4.8433046,75.0,89.556885,814.3735,1.95,Snow fall: Heavy
2018-12-31 21:00:00+00:00,HAKKARİ,30,-0.15249991,-7.3025,1.7000002,6.3690495,73.0,78.43821,816.1618,7.64,Snow fall: Moderate
2019-01-01 21:00:00+00:00,HAKKARİ,30,-0.50249994,-11.0525,0.0,9.422101,2.0,67.31908,811.15375,10.91,Partly cloudy
2019-01-02 21:00:00+00:00,HAKKARİ,30,-1.1524999,-10.6025,2.8999999,7.729527,73.0,80.11359,809.91095,3.79,Snow fall: Moderate
2019-01-03 21:00:00+00:00,HAKKARİ,30,-0.10249996,-12.0025,0.0,6.379216,3.0,78.41445,815.7962,7.99,Overcast
2019-01-04 21:00:00+00:00,HAKKARİ,30,3.0475001,-9.7525,0.1,8.39657,51.0,63.005894,812.5202,11.15,Drizzle: Light
2019-01-05 21:00:00+00:00,HAKKARİ,30,-1.8025,-6.2025,11.5,6.28713,75.0,80.5602,806.86005,2.71,Snow fall: Heavy
2019-01-06 21:00:00+00:00,HAKKARİ,30,-2.1025,-5.5025,21.500004,8.557102,75.0,88.832405,808.97296,4.58,Snow fall: Heavy
2019-01-07 21:00:00+00:00,HAKKARİ,30,-2.5525,-6.4525,13.800002,6.193674,75.0,86.04081,812.0344,3.08,Snow fall: Heavy
2019-01-08 21:00:00+00:00,HAKKARİ,30,-4.2525,-13.1025,28.6,8.4042845,75.0,86.56094,807.23456,2.64,Snow fall: Heavy
2019-01-09 21:00:00+00:00,HAKKARİ,30,-1.5025,-16.4025,0.0,8.4963045,0.0,58.388855,812.654,11.83,Clear sky
2019-01-10 21:00:00+00:00,HAKKARİ,30,1.5475,-13.4025,0.0,7.9036193,3.0,36.605034,812.0107,11.97,Overcast
2019-01-11 21:00:00+00:00,HAKKARİ,30,1.0475,-12.5025,0.0,6.989936,3.0,35.464348,809.40656,10.05,Overcast
2019-01-12 21:00:00+00:00,HAKKARİ,30,-5.2525,-13.0525,8.400001,7.9932966,75.0,67.924164,805.2964,2.23,Snow fall: Heavy
2019-01-13 21:00:00+00:00,HAKKARİ,30,-1.4524999,-6.9025,5.7,4.6938257,73.0,87.008064,805.5745,4.86,Snow fall: Moderate
2019-01-14 21:00:00+00:00,HAKKARİ,30,-1.4524999,-3.6525002,3.5000002,5.815978,73.0,93.945465,812.28827,3.19,Snow fall: Moderate
2019-01-15 21:00:00+00:00,HAKKARİ,30,-0.4525,-2.7525,3.3,5.8603754,73.0,87.15921,808.84467,8.12,Snow fall: Moderate
2019-01-16 21:00:00+00:00,HAKKARİ,30,-1.7525,-4.4025,7.0,5.154415,73.0,85.27923,802.15576,5.68,Snow fall: Moderate
2019-01-17 21:00:00+00:00,HAKKARİ,30,-2.7024999,-7.1025,2.0,4.73506,73.0,88.97872,810.3686,7.3,Snow fall: Moderate
2019-01-18 21:00:00+00:00,HAKKARİ,30,-2.1025,-13.5025,0.0,6.439876,2.0,65.39199,811.58624,12.6,Partly cloudy
2019-01-19 21:00:00+00:00,HAKKARİ,30,-1.1524999,-11.9025,0.0,6.1305785,2.0,42.611195,813.4543,12.5,Partly cloudy
2019-01-20 21:00:00+00:00,HAKKARİ,30,1.0475,-12.7025,0.0,6.9247384,3.0,44.974857,811.7647,12.43,Overcast
2019-01-21 21:00:00+00:00,HAKKARİ,30,-0.60249996,-10.6525,0.0,5.8048253,3.0,55.893173,810.1821,11.94,Overcast
2019-01-22 21:00:00+00:00,HAKKARİ,30,0.74750006,-11.8525,0.0,6.696387,0.0,66.0454,810.9576,12.52,Clear sky
2019-01-23 21:00:00+00:00,HAKKARİ,30,1.9975001,-9.4525,0.0,7.145796,3.0,71.992134,812.9827,11.22,Overcast
2019-01-24 21:00:00+00:00,HAKKARİ,30,1.2975,-6.6525,2.5,5.6920996,73.0,82.41207,812.7141,4.29,Snow fall: Moderate
2019-01-25 21:00:00+00:00,HAKKARİ,30,2.9475,-8.7525,0.0,6.989936,3.0,68.95837,812.1153,12.97,Overcast
2019-01-26 21:00:00+00:00,HAKKARİ,30,0.69750005,-4.7525,20.300001,6.297428,75.0,83.32165,811.4634,2.35,Snow fall: Heavy
2019-01-27 21:00:00+00:00,HAKKARİ,30,2.5975,-1.4024999,38.500004,4.6800003,75.0,90.99133,805.6062,2.59,Snow fall: Heavy
2019-01-28 21:00:00+00:00,HAKKARİ,30,0.49750006,-3.4025002,11.2,7.928178,75.0,92.061775,809.60034,5.74,Snow fall: Heavy
2019-01-29 21:00:00+00:00,HAKKARİ,30,2.9975,-7.1525,0.0,8.404285,3.0,63.383083,814.1494,10.96,Overcast
2019-01-30 21:00:00+00:00,HAKKARİ,30,0.5975,-7.1525,3.3,5.904439,73.0,76.29168,813.0857,4.81,Snow fall: Moderate
2019-01-31 21:00:00+00:00,HAKKARİ,30,0.3475001,-4.7525,1.8000002,5.8048253,73.0,82.916695,813.54474,4.65,Snow fall: Moderate
2019-02-01 21:00:00+00:00,HAKKARİ,30,-0.8025,-4.0025,11.900001,6.12,75.0,88.15267,811.7354,5.9,Snow fall: Heavy
2019-02-02 21:00:00+00:00,HAKKARİ,30,1.5475,-10.7025,0.0,8.161764,2.0,63.257267,813.39105,14.24,Partly cloudy
2019-02-03 21:00:00+00:00,HAKKARİ,30,1.5475,-11.6525,0.0,8.435069,0.0,57.748158,814.97577,14.68,Clear sky
2019-02-04 21:00:00+00:00,HAKKARİ,30,5.8475,-11.3025,0.0,9.021574,1.0,42.669712,817.47797,14.96,Mainly clear
2019-02-05 21:00:00+00:00,HAKKARİ,30,7.5975,-8.0025,0.0,7.24486,3.0,27.570107,818.4117,14.76,Overcast
2019-02-06 21:00:00+00:00,HAKKARİ,30,4.5975,-2.8525,1.0000001,6.489992,71.0,43.558712,816.5069,6.23,Snow fall: Slight
2019-02-07 21:00:00+00:00,HAKKARİ,30,1.0475,-2.9025002,11.400001,4.510787,75.0,84.904144,813.95215,5.22,Snow fall: Heavy
2019-02-08 21:00:00+00:00,HAKKARİ,30,1.5475,-1.6524999,5.2999997,5.3517847,73.0,86.96765,811.28784,5.41,Snow fall: Moderate
2019-02-09 21:00:00+00:00,HAKKARİ,30,1.2975,-2.8024998,1.4000002,6.87779,71.0,85.67658,813.1426,10.26,Snow fall: Slight
2019-02-10 21:00:00+00:00,HAKKARİ,30,1.8975,-8.1525,0.0,7.7043357,3.0,75.37315,809.9148,13.27,Overcast
2019-02-11 21:00:00+00:00,HAKKARİ,30,1.8975,-10.8525,0.0,7.5170207,0.0,62.132977,811.4793,15.69,Clear sky
2019-02-12 21:00:00+00:00,HAKKARİ,30,2.5475001,-6.9025,0.0,5.991594,3.0,46.484318,815.12396,15.71,Overcast
2019-02-13 21:00:00+00:00,HAKKARİ,30,3.9475,-9.0025,5.3,7.9932966,73.0,51.997696,812.0313,13.06,Snow fall: Moderate
2019-02-14 21:00:00+00:00,HAKKARİ,30,1.2975,-4.7025,11.900001,5.634891,75.0,81.71172,808.0322,8.44,Snow fall: Heavy
2019-02-15 21:00:00+00:00,HAKKARİ,30,-0.20249999,-4.8525,2.2,7.8954163,71.0,86.273094,809.507,11.26,Snow fall: Slight
2019-02-16 21:00:00+00:00,HAKKARİ,30,0.39750004,-4.2025,2.2,10.805999,73.0,85.26509,811.96185,14.43,Snow fall: Moderate
2019-02-17 21:00:00+00:00,HAKKARİ,30,-0.70249987,-8.5525,0.0,10.464798,3.0,82.21847,808.9026,16.01,Overcast
2019-02-18 21:00:00+00:00,HAKKARİ,30,2.1475,-12.4025,0.0,8.699793,1.0,75.41923,806.04596,17.25,Mainly clear
2019-02-19 21:00:00+00:00,HAKKARİ,30,2.0475001,-11.3025,0.0,6.9247384,0.0,51.853527,812.2934,17.39,Clear sky
2019-02-20 21:00:00+00:00,HAKKARİ,30,0.5975,-9.2025,0.0,6.830519,2.0,61.878017,812.92633,16.01,Partly cloudy
2019-02-21 21:00:00+00:00,HAKKARİ,30,1.0975001,-6.6025,0.1,6.9247384,71.0,74.28132,813.4427,12.84,Snow fall: Slight
2019-02-22 21:00:00+00:00,HAKKARİ,30,2.6975,-9.2525,0.0,5.815978,2.0,75.74993,813.7067,16.48,Partly cloudy
2019-02-23 21:00:00+00:00,HAKKARİ,30,3.9475,-8.9025,0.0,7.9036193,0.0,63.527164,813.46313,17.67,Clear sky
2019-02-24 21:00:00+00:00,HAKKARİ,30,3.7975001,-8.7525,0.0,9.826088,0.0,60.117817,813.55096,17.88,Clear sky
2019-02-25 21:00:00+00:00,HAKKARİ,30,3.2475,-4.6525,5.0,9.504273,75.0,65.397896,809.46893,14.16,Snow fall: Heavy
2019-02-26 21:00:00+00:00,HAKKARİ,30,0.64750004,-2.6025,23.700003,9.0,75.0,91.99598,800.09064,6.44,Snow fall: Heavy
2019-02-27 21:00:00+00:00,HAKKARİ,30,-0.95249987,-2.7024999,22.3,7.729527,75.0,94.53962,798.9124,4.09,Snow fall: Heavy
2019-02-28 21:00:00+00:00,HAKKARİ,30,1.1475,-4.5525,1.8000002,12.10157,73.0,85.83546,799.7413,14.96,Snow fall: Moderate
2019-03-01 21:00:00+00:00,HAKKARİ,30,-0.50249994,-5.6525,0.4,10.661107,71.0,89.091,806.8017,14.85,Snow fall: Slight
2019-03-02 21:00:00+00:00,HAKKARİ,30,-0.20249999,-3.7024999,8.0,6.638072,73.0,90.02811,809.8403,5.84,Snow fall: Moderate
2019-03-03 21:00:00+00:00,HAKKARİ,30,0.39750004,-2.1525,9.400001,5.8603754,73.0,91.47833,811.74835,5.76,Snow fall: Moderate
2019-03-04 21:00:00+00:00,HAKKARİ,30,2.5475001,-6.3525,0.0,5.904439,3.0,80.721886,813.4907,17.64,Overcast
2019-03-05 21:00:00+00:00,HAKKARİ,30,4.1475,-8.0525,0.0,8.209263,2.0,65.851776,811.5803,19.77,Partly cloudy
2019-03-06 21:00:00+00:00,HAKKARİ,30,0.7975,-7.9025,6.2999997,5.904439,75.0,78.14223,809.47046,6.3,Snow fall: Heavy
2019-03-07 21:00:00+00:00,HAKKARİ,30,2.5475001,-4.9025,1.1000001,17.884428,73.0,72.32343,812.55194,18.98,Snow fall: Moderate
2019-03-08 21:00:00+00:00,HAKKARİ,30,6.1475,-8.4025,0.0,9.585739,3.0,55.23949,817.57477,20.69,Overcast
2019-03-09 21:00:00+00:00,HAKKARİ,30,4.8475,-4.1525,0.0,6.489992,3.0,50.466587,813.3371,19.27,Overcast
2019-03-10 21:00:00+00:00,HAKKARİ,30,5.0975,-9.2025,0.0,8.4042845,3.0,60.762318,811.49994,20.67,Overcast
2019-03-11 21:00:00+00:00,HAKKARİ,30,6.0975,-6.1525,0.0,8.225035,3.0,62.488956,815.1114,20.57,Overcast
2019-03-12 21:00:00+00:00,HAKKARİ,30,6.1475,-2.3025,0.2,9.220499,71.0,67.998375,813.6351,17.96,Snow fall: Slight
2019-03-13 21:00:00+00:00,HAKKARİ,30,3.9475,-2.2525,27.5,6.439876,75.0,83.70683,808.9788,6.37,Snow fall: Heavy
2019-03-14 21:00:00+00:00,HAKKARİ,30,2.7975001,-0.3025,6.1999993,7.6367526,75.0,89.91143,809.5579,9.45,Snow fall: Heavy
2019-03-15 21:00:00+00:00,HAKKARİ,30,1.5975001,-0.25249994,29.300001,5.6233797,75.0,95.36991,810.09375,6.02,Snow fall: Heavy
2019-03-16 21:00:00+00:00,HAKKARİ,30,2.1975,-1.1025,17.800003,7.2,75.0,91.47773,803.8965,9.23,Snow fall: Heavy
2019-03-17 21:00:00+00:00,HAKKARİ,30,2.6975,-1.9024999,2.8999996,9.693296,73.0,87.27889,809.63934,15.91,Snow fall: Moderate
2019-03-18 21:00:00+00:00,HAKKARİ,30,0.19749999,-6.2525,14.199999,9.107359,75.0,79.54487,812.5027,9.04,Snow fall: Heavy
2019-03-19 21:00:00+00:00,HAKKARİ,30,3.9975,-9.7525,0.0,9.693296,3.0,57.148678,811.2658,21.8,Overcast
2019-03-20 21:00:00+00:00,HAKKARİ,30,4.8975,-7.7524996,0.0,7.5685663,2.0,67.67447,811.153,21.92,Partly cloudy
2019-03-21 21:00:00+00:00,HAKKARİ,30,5.6475,-4.7525,0.0,7.8625183,3.0,62.239872,812.6611,20.49,Overcast
2019-03-22 21:00:00+00:00,HAKKARİ,30,5.2975,-4.3025,1.3000001,9.227524,73.0,73.41843,811.4406,19.84,Snow fall: Moderate
2019-03-23 21:00:00+00:00,HAKKARİ,30,2.7475,0.047500014,14.2,4.5536795,75.0,92.65796,805.8601,6.04,Snow fall: Heavy
2019-03-24 21:00:00+00:00,HAKKARİ,30,4.5975,1.0475,30.999996,8.669949,75.0,86.71146,800.8908,8.16,Snow fall: Heavy
2019-03-25 21:00:00+00:00,HAKKARİ,30,5.6475,-0.10249996,4.5,7.8954163,73.0,82.599464,806.74194,18.0,Snow fall: Moderate
2019-03-26 21:00:00+00:00,HAKKARİ,30,2.8475,-0.10249996,2.6999998,6.151683,73.0,95.68365,812.13916,7.1,Snow fall: Moderate
2019-03-27 21:00:00+00:00,HAKKARİ,30,2.5975,-1.1524999,2.3999999,6.696387,71.0,90.197075,813.14764,10.19,Snow fall: Slight
2019-03-28 21:00:00+00:00,HAKKARİ,30,2.3975,-0.10249996,12.700002,8.209263,75.0,93.08938,813.519,7.43,Snow fall: Heavy
2019-03-29 21:00:00+00:00,HAKKARİ,30,2.2475,0.3475001,35.099995,5.3517847,75.0,94.4422,811.19995,4.4,Snow fall: Heavy
2019-03-30 21:00:00+00:00,HAKKARİ,30,5.1975,0.69750005,28.600002,5.937272,75.0,89.05392,808.25494,6.89,Snow fall: Heavy
2019-03-31 21:00:00+00:00,HAKKARİ,30,6.1975,0.2975,1.8000003,6.638072,71.0,75.903496,804.6408,21.23,Snow fall: Slight
2019-04-01 21:00:00+00:00,HAKKARİ,30,1.9975001,0.14750004,8.900001,8.0899935,75.0,95.04815,809.0559,6.84,Snow fall: Heavy
2019-04-02 21:00:00+00:00,HAKKARİ,30,3.5975,-0.002499938,2.3,6.6087217,73.0,90.52637,812.63226,11.74,Snow fall: Moderate
2019-04-03 21:00:00+00:00,HAKKARİ,30,5.4475,-1.1025,0.0,7.9932966,2.0,79.74747,814.0822,19.03,Partly cloudy
2019-04-04 21:00:00+00:00,HAKKARİ,30,7.9975,-2.1025,5.8,6.297428,75.0,76.970955,813.80634,16.46,Snow fall: Heavy
2019-04-05 21:00:00+00:00,HAKKARİ,30,4.3975,-0.9024999,19.8,5.634891,75.0,92.97476,811.8011,7.08,Snow fall: Heavy
2019-04-06 21:00:00+00:00,HAKKARİ,30,8.9475,-2.2525,0.0,5.8603754,3.0,77.84125,811.86664,21.95,Overcast
2019-04-07 21:00:00+00:00,HAKKARİ,30,7.6475,-0.60249996,0.0,5.8603754,3.0,77.2891,810.52875,20.76,Overcast
2019-04-08 21:00:00+00:00,HAKKARİ,30,8.6475,2.4475,0.0,7.5685663,3.0,76.676834,811.0798,18.2,Overcast
2019-04-09 21:00:00+00:00,HAKKARİ,30,8.4475,1.9975001,4.1,5.904439,73.0,79.373856,813.3112,13.85,Snow fall: Moderate
2019-04-10 21:00:00+00:00,HAKKARİ,30,8.497499,1.8475001,8.1,8.905908,75.0,72.4578,813.8741,24.3,Snow fall: Heavy
2019-04-11 21:00:00+00:00,HAKKARİ,30,9.297501,-1.8525,0.0,6.989936,0.0,61.080936,812.34503,25.56,Clear sky
2019-04-12 21:00:00+00:00,HAKKARİ,30,10.6975,-2.8024998,0.0,7.5685663,2.0,64.20573,812.4561,25.78,Partly cloudy
2019-04-13 21:00:00+00:00,HAKKARİ,30,11.9475,-0.9024999,0.1,8.049845,51.0,55.566982,813.7798,25.79,Drizzle: Light
2019-04-14 21:00:00+00:00,HAKKARİ,30,11.9975,2.4475,0.70000005,10.464797,51.0,63.446796,814.43317,23.83,Drizzle: Light
2019-04-15 21:00:00+00:00,HAKKARİ,30,5.3975,1.7975,30.300001,8.089993,75.0,93.94332,811.8243,4.73,Snow fall: Heavy
2019-04-16 21:00:00+00:00,HAKKARİ,30,4.7475,1.2975,31.700003,11.631956,75.0,88.107216,807.70013,17.71,Snow fall: Heavy
2019-04-17 21:00:00+00:00,HAKKARİ,30,6.8475,0.2975,2.8,9.0,73.0,75.03542,811.5122,23.2,Snow fall: Moderate
2019-04-18 21:00:00+00:00,HAKKARİ,30,4.9975,-2.7525,1.9000001,6.297428,73.0,82.58168,808.211,18.19,Snow fall: Moderate
2019-04-19 21:00:00+00:00,HAKKARİ,30,2.9975,-0.15249991,4.4999995,9.504273,75.0,88.46304,808.9016,14.72,Snow fall: Heavy
2019-04-20 21:00:00+00:00,HAKKARİ,30,4.5475,-0.4525,8.999999,6.9247384,75.0,81.52189,808.42487,20.03,Snow fall: Heavy
2019-04-21 21:00:00+00:00,HAKKARİ,30,2.6975,-1.5025,17.800001,8.049845,75.0,84.68809,805.7266,10.87,Snow fall: Heavy
2019-04-22 21:00:00+00:00,HAKKARİ,30,4.0975,-1.1524999,1.1,7.9932976,73.0,71.38311,814.43695,16.4,Snow fall: Moderate
2019-04-23 21:00:00+00:00,HAKKARİ,30,7.6975,-4.3525,0.0,9.220499,3.0,65.70747,817.658,27.05,Overcast
2019-04-24 21:00:00+00:00,HAKKARİ,30,7.4975,-3.7024999,0.0,8.699793,3.0,65.796745,816.4318,24.78,Overcast
2019-04-25 21:00:00+00:00,HAKKARİ,30,9.5975,-3.5025,0.0,8.427383,3.0,57.3725,816.72894,25.89,Overcast
2019-04-26 21:00:00+00:00,HAKKARİ,30,10.5975,-2.7525,0.0,8.699793,3.0,58.233135,815.49994,27.07,Overcast
2019-04-27 21:00:00+00:00,HAKKARİ,30,11.1475,-0.10249996,0.0,11.304229,3.0,59.806446,815.1326,21.68,Overcast
2019-04-28 21:00:00+00:00,HAKKARİ,30,10.3475,-1.1524999,1.9000001,10.594036,53.0,78.90634,815.9199,21.23,Drizzle: Moderate
2019-04-29 21:00:00+00:00,HAKKARİ,30,13.6475,-1.7525,0.0,7.653705,3.0,74.59135,816.51825,27.9,Overcast
2019-04-30 21:00:00+00:00,HAKKARİ,30,14.4475,0.3475001,0.0,9.983106,3.0,61.637344,816.19653,27.34,Overcast
2019-05-01 21:00:00+00:00,HAKKARİ,30,11.7975,1.8975,7.4,9.0,63.0,75.596596,815.3615,20.47,Rain: Moderate
2019-05-02 21:00:00+00:00,HAKKARİ,30,10.8475,4.1975,4.9,8.427383,55.0,85.84867,814.7415,15.39,Drizzle: Dense
2019-05-03 21:00:00+00:00,HAKKARİ,30,7.1475,3.2475,24.099997,6.12,71.0,85.36231,811.747,10.56,Snow fall: Slight
2019-05-04 21:00:00+00:00,HAKKARİ,30,12.1475,0.5475,0.0,10.948973,3.0,72.20429,816.6359,28.01,Overcast
2019-05-05 21:00:00+00:00,HAKKARİ,30,13.7975,-1.4024999,0.1,7.42159,51.0,65.07911,816.9234,21.64,Drizzle: Light
2019-05-06 21:00:00+00:00,HAKKARİ,30,13.7475,3.8475,3.6999998,7.9036193,61.0,71.39039,815.73956,23.09,Rain: Slight
2019-05-07 21:00:00+00:00,HAKKARİ,30,12.4975,1.6975,0.0,8.161764,1.0,74.55916,812.4869,25.26,Mainly clear
2019-05-08 21:00:00+00:00,HAKKARİ,30,14.5475,1.7975,0.1,11.440979,51.0,72.172844,811.9272,25.34,Drizzle: Light
2019-05-09 21:00:00+00:00,HAKKARİ,30,13.7475,0.3475001,0.0,10.009036,3.0,68.81896,813.0439,24.75,Overcast
2019-05-10 21:00:00+00:00,HAKKARİ,30,14.6975,1.1975,0.0,12.181625,3.0,71.073586,816.94556,24.81,Overcast
2019-05-11 21:00:00+00:00,HAKKARİ,30,16.247501,2.3475,2.3000002,11.119281,55.0,69.74479,818.55493,25.27,Drizzle: Dense
2019-05-12 21:00:00+00:00,HAKKARİ,30,18.747501,2.6975,0.1,10.233123,51.0,60.309406,819.1348,26.4,Drizzle: Light
2019-05-13 21:00:00+00:00,HAKKARİ,30,21.0975,4.0975,0.0,10.514218,0.0,50.965683,818.617,29.29,Clear sky
2019-05-14 21:00:00+00:00,HAKKARİ,30,21.947498,3.1475,0.0,7.7879906,0.0,46.1863,818.2834,29.66,Clear sky
2019-05-15 21:00:00+00:00,HAKKARİ,30,23.0475,5.2475,0.0,8.534353,1.0,48.77141,817.3299,29.21,Mainly clear
2019-05-16 21:00:00+00:00,HAKKARİ,30,22.5475,5.9975,0.0,8.404285,2.0,47.36526,816.69,28.54,Partly cloudy
2019-05-17 21:00:00+00:00,HAKKARİ,30,22.497501,7.1475,0.1,13.684735,51.0,43.563107,817.6099,24.39,Drizzle: Light
2019-05-18 21:00:00+00:00,HAKKARİ,30,18.997501,6.3975,1.9000001,14.386494,55.0,57.643642,817.13916,24.37,Drizzle: Dense
2019-05-19 21:00:00+00:00,HAKKARİ,30,18.0975,5.8475,0.1,13.217443,51.0,57.805927,816.8232,27.84,Drizzle: Light
2019-05-20 21:00:00+00:00,HAKKARİ,30,15.2975,5.6475,1.9,7.10031,53.0,71.50558,817.2697,17.76,Drizzle: Moderate
2019-05-21 21:00:00+00:00,HAKKARİ,30,20.8975,3.3975,0.70000005,11.090103,53.0,66.99375,818.5959,25.84,Drizzle: Moderate
2019-05-22 21:00:00+00:00,HAKKARİ,30,21.8975,4.4975,0.3,12.074766,51.0,61.363598,818.69415,26.63,Drizzle: Light
2019-05-23 21:00:00+00:00,HAKKARİ,30,22.1475,8.797501,0.1,14.565548,51.0,48.423294,820.8542,27.08,Drizzle: Light
2019-05-24 21:00:00+00:00,HAKKARİ,30,22.247501,9.8475,1.8,17.072504,61.0,52.136623,821.5677,24.54,Rain: Slight
2019-05-25 21:00:00+00:00,HAKKARİ,30,21.6475,7.4475,0.0,20.018072,3.0,46.688736,819.1816,28.27,Overcast
2019-05-26 21:00:00+00:00,HAKKARİ,30,20.747501,5.5475,0.0,10.464797,2.0,45.66554,818.4672,30.15,Partly cloudy
2019-05-27 21:00:00+00:00,HAKKARİ,30,21.5975,5.3475,0.0,10.495713,0.0,49.535206,818.8714,30.01,Clear sky
2019-05-28 21:00:00+00:00,HAKKARİ,30,23.3975,6.4975,0.0,9.983106,1.0,50.498615,818.9747,29.05,Mainly clear
2019-05-29 21:00:00+00:00,HAKKARİ,30,22.947498,7.7475,0.0,9.360001,1.0,52.093945,819.5279,29.48,Mainly clear
2019-05-30 21:00:00+00:00,HAKKARİ,30,22.8475,6.7975,0.0,11.27553,3.0,50.610523,819.33026,29.04,Overcast
2019-05-31 21:00:00+00:00,HAKKARİ,30,21.697498,7.6975,0.3,9.6932955,51.0,53.204132,820.45795,20.08,Drizzle: Light
2019-06-01 21:00:00+00:00,HAKKARİ,30,25.0475,7.0975,1.5,10.948973,61.0,54.41928,821.7481,25.1,Rain: Slight
2019-06-02 21:00:00+00:00,HAKKARİ,30,26.3475,8.8475,0.0,9.339208,2.0,52.712864,821.8897,26.15,Partly cloudy
2019-06-03 21:00:00+00:00,HAKKARİ,30,26.447498,11.0475,0.0,9.83268,2.0,45.610508,821.5114,27.77,Partly cloudy
2019-06-04 21:00:00+00:00,HAKKARİ,30,27.447498,11.2475,0.0,11.681987,3.0,42.324863,821.8183,27.53,Overcast
2019-06-05 21:00:00+00:00,HAKKARİ,30,27.0475,10.9475,0.0,11.966953,3.0,42.445736,822.33246,24.03,Overcast
2019-06-06 21:00:00+00:00,HAKKARİ,30,22.5975,11.6475,0.1,11.631956,51.0,50.12657,821.9716,17.44,Drizzle: Light
2019-06-07 21:00:00+00:00,HAKKARİ,30,23.697498,10.1975,0.0,9.511088,3.0,53.782745,821.82446,22.69,Overcast
2019-06-08 21:00:00+00:00,HAKKARİ,30,26.1475,10.9475,0.0,12.261158,3.0,54.82965,821.5705,26.09,Overcast
2019-06-09 21:00:00+00:00,HAKKARİ,30,26.8475,11.9475,0.1,13.70839,51.0,55.38954,821.22,24.26,Drizzle: Light
2019-06-10 21:00:00+00:00,HAKKARİ,30,24.697498,12.6475,2.1999998,14.05845,61.0,48.25285,820.3973,25.42,Rain: Slight
2019-06-11 21:00:00+00:00,HAKKARİ,30,23.3975,9.5475,0.0,12.641076,0.0,42.73659,817.64984,32.17,Clear sky
2019-06-12 21:00:00+00:00,HAKKARİ,30,23.5475,8.4475,0.0,13.37825,0.0,37.60335,817.1812,31.94,Clear sky
2019-06-13 21:00:00+00:00,HAKKARİ,30,23.497501,8.297501,0.0,11.983188,2.0,45.389637,817.5983,28.07,Partly cloudy
2019-06-14 21:00:00+00:00,HAKKARİ,30,24.697498,10.6475,0.1,9.0,51.0,43.056824,818.857,26.63,Drizzle: Light
2019-06-15 21:00:00+00:00,HAKKARİ,30,25.6475,10.9975,0.0,10.495713,1.0,41.901684,818.2386,26.97,Mainly clear
2019-06-16 21:00:00+00:00,HAKKARİ,30,25.247501,12.5975,0.0,14.77755,1.0,40.4006,817.98773,27.13,Mainly clear
2019-06-17 21:00:00+00:00,HAKKARİ,30,22.8475,10.4975,0.0,13.202726,1.0,43.008656,818.04047,29.45,Mainly clear
2019-06-18 21:00:00+00:00,HAKKARİ,30,22.5975,9.9975,0.3,8.350138,51.0,45.768116,816.3979,28.29,Drizzle: Light
2019-06-19 21:00:00+00:00,HAKKARİ,30,23.197498,10.1475,0.1,10.587918,51.0,50.961292,815.6848,27.43,Drizzle: Light
2019-06-20 21:00:00+00:00,HAKKARİ,30,23.197498,10.2975,0.2,10.009036,51.0,50.68521,815.89136,27.26,Drizzle: Light
2019-06-21 21:00:00+00:00,HAKKARİ,30,26.6475,10.4975,0.0,9.422101,0.0,45.421,817.86914,31.58,Clear sky
2019-06-22 21:00:00+00:00,HAKKARİ,30,27.8475,11.7975,0.0,13.18308,0.0,40.380367,819.6636,31.69,Clear sky
2019-06-23 21:00:00+00:00,HAKKARİ,30,28.8475,11.1975,0.0,10.296251,0.0,32.647095,820.26245,32.23,Clear sky
2019-06-24 21:00:00+00:00,HAKKARİ,30,30.0975,11.2475,0.0,9.19939,0.0,30.821299,820.6557,32.3,Clear sky
2019-06-25 21:00:00+00:00,HAKKARİ,30,30.8475,12.7975,0.0,9.793059,0.0,35.32587,820.8062,31.84,Clear sky
2019-06-26 21:00:00+00:00,HAKKARİ,30,29.7975,13.9475,0.0,10.948973,1.0,35.68017,818.0393,29.4,Mainly clear
2019-06-27 21:00:00+00:00,HAKKARİ,30,27.8975,13.9975,0.0,13.281023,1.0,37.241573,814.8725,27.32,Mainly clear
2019-06-28 21:00:00+00:00,HAKKARİ,30,26.3475,14.0975,0.0,14.88242,1.0,38.89649,813.0991,29.73,Mainly clear
2019-06-29 21:00:00+00:00,HAKKARİ,30,25.697498,12.1475,0.0,16.610792,0.0,39.93327,813.5971,30.61,Clear sky
2019-06-30 21:00:00+00:00,HAKKARİ,30,25.5975,9.7475,0.0,9.726664,0.0,33.996075,815.2371,32.04,Clear sky
2019-07-01 21:00:00+00:00,HAKKARİ,30,25.8475,10.3475,0.0,15.077082,0.0,34.46105,818.30646,32.14,Clear sky
2019-07-02 21:00:00+00:00,HAKKARİ,30,27.0975,9.4975,0.0,11.165805,0.0,30.988226,817.8405,32.08,Clear sky
2019-07-03 21:00:00+00:00,HAKKARİ,30,27.947498,11.1475,0.0,8.161764,0.0,30.813463,818.31793,31.78,Clear sky
2019-07-04 21:00:00+00:00,HAKKARİ,30,28.997501,12.3475,0.0,9.0,0.0,32.34313,816.69867,31.54,Clear sky
2019-07-05 21:00:00+00:00,HAKKARİ,30,26.8975,12.5975,0.0,14.386494,0.0,31.049185,814.6265,31.59,Clear sky
2019-07-06 21:00:00+00:00,HAKKARİ,30,27.2975,12.0975,0.0,9.885262,3.0,36.102634,814.99945,28.23,Overcast
2019-07-07 21:00:00+00:00,HAKKARİ,30,25.1475,12.9475,0.70000005,10.948973,51.0,40.71334,815.73224,25.54,Drizzle: Light
2019-07-08 21:00:00+00:00,HAKKARİ,30,26.0475,11.8975,0.0,8.891344,3.0,44.83185,814.93726,24.12,Overcast
2019-07-09 21:00:00+00:00,HAKKARİ,30,28.3475,12.0475,0.0,10.028439,1.0,42.91608,814.5229,29.3,Mainly clear
2019-07-10 21:00:00+00:00,HAKKARİ,30,28.747501,12.9475,0.0,12.496718,1.0,37.46253,814.2027,30.65,Mainly clear
2019-07-11 21:00:00+00:00,HAKKARİ,30,27.2975,14.2975,0.0,15.459054,0.0,33.498253,815.51166,30.56,Clear sky
2019-07-12 21:00:00+00:00,HAKKARİ,30,25.5475,13.7475,0.0,14.20062,0.0,35.301815,815.9096,31.04,Clear sky
2019-07-13 21:00:00+00:00,HAKKARİ,30,25.997501,10.8975,0.0,12.24,0.0,37.652225,815.6304,30.91,Clear sky
2019-07-14 21:00:00+00:00,HAKKARİ,30,26.697498,12.0475,0.0,14.182355,0.0,33.43198,815.478,31.35,Clear sky
2019-07-15 21:00:00+00:00,HAKKARİ,30,26.5475,10.4975,0.0,11.988594,0.0,37.412464,814.72314,31.3,Clear sky
2019-07-16 21:00:00+00:00,HAKKARİ,30,26.5975,11.0975,0.0,12.538134,0.0,36.47978,814.9831,31.2,Clear sky
2019-07-17 21:00:00+00:00,HAKKARİ,30,27.3475,11.3475,0.0,12.768586,0.0,39.398834,816.7791,30.78,Clear sky
2019-07-18 21:00:00+00:00,HAKKARİ,30,28.947498,10.1475,0.0,9.931042,0.0,34.07723,817.02216,31.41,Clear sky
2019-07-19 21:00:00+00:00,HAKKARİ,30,33.497498,12.9475,0.0,12.4811535,0.0,26.986513,818.4931,30.43,Clear sky
2019-07-20 21:00:00+00:00,HAKKARİ,30,33.5975,18.0975,0.0,13.104198,2.0,32.15405,820.1152,28.78,Partly cloudy
2019-07-21 21:00:00+00:00,HAKKARİ,30,32.7475,16.4475,0.0,13.755579,0.0,30.657541,818.2031,29.61,Clear sky
2019-07-22 21:00:00+00:00,HAKKARİ,30,30.997501,15.8975,0.0,13.044722,0.0,34.60321,817.0596,29.92,Clear sky
2019-07-23 21:00:00+00:00,HAKKARİ,30,29.3475,15.7475,0.0,14.003028,0.0,32.00608,817.8958,30.55,Clear sky
2019-07-24 21:00:00+00:00,HAKKARİ,30,28.247501,13.5475,0.0,13.202726,0.0,29.179583,818.33844,30.75,Clear sky
2019-07-25 21:00:00+00:00,HAKKARİ,30,29.1475,11.1975,0.0,10.703569,0.0,27.814018,815.7146,30.72,Clear sky
2019-07-26 21:00:00+00:00,HAKKARİ,30,29.1475,13.0975,0.0,10.1887,0.0,33.127995,812.8566,30.39,Clear sky
2019-07-27 21:00:00+00:00,HAKKARİ,30,28.5975,12.5475,0.0,13.18308,0.0,30.288437,813.7324,30.29,Clear sky
2019-07-28 21:00:00+00:00,HAKKARİ,30,27.997501,13.9475,0.0,9.793059,1.0,30.437904,817.2443,29.21,Mainly clear
2019-07-29 21:00:00+00:00,HAKKARİ,30,29.947498,12.1475,0.0,10.799999,0.0,29.325071,818.481,29.75,Clear sky
2019-07-30 21:00:00+00:00,HAKKARİ,30,31.6475,13.2975,0.0,12.24,0.0,27.052893,817.7579,29.86,Clear sky
2019-07-31 21:00:00+00:00,HAKKARİ,30,32.0475,15.0475,0.0,13.779114,0.0,25.012339,817.07574,30.14,Clear sky
2019-08-01 21:00:00+00:00,HAKKARİ,30,30.2975,14.5475,0.0,14.336861,0.0,26.099562,815.34985,29.67,Clear sky
2019-08-02 21:00:00+00:00,HAKKARİ,30,28.197498,14.1975,0.0,8.049845,2.0,31.24971,814.16406,23.78,Partly cloudy
2019-08-03 21:00:00+00:00,HAKKARİ,30,28.997501,13.5975,0.0,12.10157,2.0,33.58099,814.1801,27.6,Partly cloudy
2019-08-04 21:00:00+00:00,HAKKARİ,30,29.0975,13.0975,0.0,11.808878,0.0,30.40376,814.47534,29.18,Clear sky
2019-08-05 21:00:00+00:00,HAKKARİ,30,30.447498,13.0975,0.0,10.182337,0.0,28.54663,815.6465,29.38,Clear sky
2019-08-06 21:00:00+00:00,HAKKARİ,30,30.947498,13.3975,0.0,10.799999,0.0,36.7206,816.92285,29.33,Clear sky
2019-08-07 21:00:00+00:00,HAKKARİ,30,30.497501,13.5975,0.0,11.983188,0.0,41.342865,816.79767,29.05,Clear sky
2019-08-08 21:00:00+00:00,HAKKARİ,30,30.497501,13.9475,0.0,11.885453,0.0,39.339634,816.372,28.66,Clear sky
2019-08-09 21:00:00+00:00,HAKKARİ,30,30.997501,14.3975,0.0,11.269782,0.0,40.886803,815.5223,27.13,Clear sky
2019-08-10 21:00:00+00:00,HAKKARİ,30,31.8975,15.8975,0.0,10.315115,1.0,35.11131,817.0579,27.08,Mainly clear
2019-08-11 21:00:00+00:00,HAKKARİ,30,31.8975,15.9975,0.0,11.183201,2.0,39.76743,818.8194,23.41,Partly cloudy
2019-08-12 21:00:00+00:00,HAKKARİ,30,32.0975,15.9975,0.0,11.183201,2.0,41.058468,819.67523,23.93,Partly cloudy
2019-08-13 21:00:00+00:00,HAKKARİ,30,30.8475,15.4475,0.0,9.746631,2.0,34.149227,821.4029,24.09,Partly cloudy
2019-08-14 21:00:00+00:00,HAKKARİ,30,30.8975,16.247501,0.0,7.4128532,1.0,28.99067,820.85345,22.49,Mainly clear
2019-08-15 21:00:00+00:00,HAKKARİ,30,30.3975,15.9975,0.0,13.237038,1.0,34.14238,818.9876,24.2,Mainly clear
2019-08-16 21:00:00+00:00,HAKKARİ,30,29.747501,15.0475,0.0,12.783802,2.0,41.788788,816.4099,24.42,Partly cloudy
2019-08-17 21:00:00+00:00,HAKKARİ,30,30.0475,16.3475,0.0,13.18308,1.0,36.30481,817.28973,24.1,Mainly clear
2019-08-18 21:00:00+00:00,HAKKARİ,30,29.3475,14.7475,0.1,10.948973,51.0,36.8412,820.7664,23.45,Drizzle: Light
2019-08-19 21:00:00+00:00,HAKKARİ,30,29.947498,16.3475,0.0,13.783817,2.0,32.614597,822.4854,23.68,Partly cloudy
2019-08-20 21:00:00+00:00,HAKKARİ,30,30.3475,15.2975,0.0,13.608762,0.0,27.032417,821.96893,26.78,Clear sky
2019-08-21 21:00:00+00:00,HAKKARİ,30,29.7975,13.6475,0.0,14.021525,0.0,24.937471,819.5151,27.59,Clear sky
2019-08-22 21:00:00+00:00,HAKKARİ,30,28.5475,11.0475,0.0,11.720751,0.0,24.873962,819.0822,27.81,Clear sky
2019-08-23 21:00:00+00:00,HAKKARİ,30,28.5975,10.3475,0.0,15.281989,1.0,36.197586,820.9207,25.86,Mainly clear
2019-08-24 21:00:00+00:00,HAKKARİ,30,28.197498,13.8475,0.0,11.4862,2.0,35.973946,821.42084,21.74,Partly cloudy
2019-08-25 21:00:00+00:00,HAKKARİ,30,29.1475,12.8975,0.0,13.830749,1.0,33.06458,821.57306,24.05,Mainly clear
2019-08-26 21:00:00+00:00,HAKKARİ,30,29.0475,14.5975,0.0,15.856354,1.0,28.150099,821.80475,25.7,Mainly clear
2019-08-27 21:00:00+00:00,HAKKARİ,30,28.5475,12.4475,0.0,12.397806,0.0,27.80807,820.73315,26.24,Clear sky
2019-08-28 21:00:00+00:00,HAKKARİ,30,27.5975,11.6975,0.0,10.948973,2.0,33.314728,821.89984,21.02,Partly cloudy
2019-08-29 21:00:00+00:00,HAKKARİ,30,26.997501,12.8475,1.8,9.585739,53.0,43.706074,820.9829,18.22,Drizzle: Moderate
2019-08-30 21:00:00+00:00,HAKKARİ,30,27.0475,13.7475,0.0,13.53236,2.0,39.97668,817.3554,24.43,Partly cloudy
2019-08-31 21:00:00+00:00,HAKKARİ,30,26.0975,11.7475,0.0,11.4862,0.0,46.117447,817.46533,24.73,Clear sky
2019-09-01 21:00:00+00:00,HAKKARİ,30,25.5475,10.4975,0.0,13.661038,0.0,40.51387,817.5298,25.26,Clear sky
2019-09-02 21:00:00+00:00,HAKKARİ,30,26.3475,10.2975,0.0,12.661564,0.0,38.126163,817.2321,25.08,Clear sky
2019-09-03 21:00:00+00:00,HAKKARİ,30,25.5975,11.2975,0.0,11.119281,1.0,38.557194,817.02325,23.8,Mainly clear
2019-09-04 21:00:00+00:00,HAKKARİ,30,25.997501,10.1475,0.0,11.885453,0.0,37.381634,817.18286,25.05,Clear sky
2019-09-05 21:00:00+00:00,HAKKARİ,30,25.3975,10.2975,0.0,12.594856,0.0,41.34971,818.0721,23.31,Clear sky
2019-09-06 21:00:00+00:00,HAKKARİ,30,25.5975,11.8475,0.0,12.287555,1.0,36.29691,816.05,24.07,Mainly clear
2019-09-07 21:00:00+00:00,HAKKARİ,30,22.8975,11.1475,0.1,11.435313,51.0,44.27621,815.51166,18.89,Drizzle: Light
2019-09-08 21:00:00+00:00,HAKKARİ,30,22.8975,10.6975,0.0,13.70839,1.0,58.421604,816.88525,21.46,Mainly clear
2019-09-09 21:00:00+00:00,HAKKARİ,30,23.0475,8.8475,0.0,12.783802,1.0,52.174896,816.9982,23.32,Mainly clear
2019-09-10 21:00:00+00:00,HAKKARİ,30,22.447498,8.9475,0.0,9.659814,2.0,50.706924,818.99066,19.85,Partly cloudy
2019-09-11 21:00:00+00:00,HAKKARİ,30,21.6475,9.1475,0.0,9.673221,3.0,55.41425,819.71576,18.13,Overcast
2019-09-12 21:00:00+00:00,HAKKARİ,30,21.1475,9.0975,0.0,9.504272,2.0,51.8856,819.6281,18.33,Partly cloudy
2019-09-13 21:00:00+00:00,HAKKARİ,30,23.8975,8.797501,0.0,10.009036,1.0,45.394974,820.5306,21.29,Mainly clear
2019-09-14 21:00:00+00:00,HAKKARİ,30,24.8975,9.6475,0.1,13.217443,51.0,43.97101,820.2775,19.97,Drizzle: Light
2019-09-15 21:00:00+00:00,HAKKARİ,30,23.747501,12.0975,0.0,16.199999,1.0,42.43047,820.58954,23.05,Mainly clear
2019-09-16 21:00:00+00:00,HAKKARİ,30,23.0975,9.6475,0.0,14.81259,0.0,38.203236,821.09406,23.35,Clear sky
2019-09-17 21:00:00+00:00,HAKKARİ,30,24.8975,6.6475,0.0,8.78872,0.0,36.347424,821.53174,23.23,Clear sky
2019-09-18 21:00:00+00:00,HAKKARİ,30,26.0475,7.3475,0.0,11.298495,0.0,34.85734,821.99774,23.21,Clear sky
2019-09-19 21:00:00+00:00,HAKKARİ,30,26.747501,8.4475,0.0,15.03835,0.0,29.392769,820.9344,22.62,Clear sky
2019-09-20 21:00:00+00:00,HAKKARİ,30,24.5975,12.8975,0.0,18.947083,0.0,32.778297,817.8997,21.64,Clear sky
2019-09-21 21:00:00+00:00,HAKKARİ,30,22.6475,7.1475,0.0,11.384198,0.0,36.513187,817.2828,22.38,Clear sky
2019-09-22 21:00:00+00:00,HAKKARİ,30,21.7975,6.5475,0.0,13.089354,0.0,36.496506,819.0014,22.47,Clear sky
2019-09-23 21:00:00+00:00,HAKKARİ,30,21.2975,4.4475,0.0,11.269782,0.0,31.49665,819.0312,22.41,Clear sky
2019-09-24 21:00:00+00:00,HAKKARİ,30,22.447498,6.6975,0.0,12.303366,0.0,24.952255,819.7966,22.02,Clear sky
2019-09-25 21:00:00+00:00,HAKKARİ,30,23.1475,7.1475,0.0,14.512064,1.0,34.249912,820.49713,20.0,Mainly clear
2019-09-26 21:00:00+00:00,HAKKARİ,30,22.997501,8.8475,0.0,13.854155,0.0,36.861423,821.3134,21.46,Clear sky
2019-09-27 21:00:00+00:00,HAKKARİ,30,22.8475,10.6975,0.0,16.80857,0.0,41.792873,820.8408,20.3,Clear sky
2019-09-28 21:00:00+00:00,HAKKARİ,30,22.5475,6.6975,0.0,14.007655,0.0,45.107014,817.7495,20.7,Clear sky
2019-09-29 21:00:00+00:00,HAKKARİ,30,22.8475,7.1975,0.0,11.681987,0.0,41.13259,818.4919,20.79,Clear sky
2019-09-30 21:00:00+00:00,HAKKARİ,30,22.8975,7.8975,0.0,11.792404,0.0,33.758076,819.0151,20.91,Clear sky
2019-10-01 21:00:00+00:00,HAKKARİ,30,24.6475,6.0475,0.0,10.464797,0.0,26.926714,820.85547,20.85,Clear sky
2019-10-02 21:00:00+00:00,HAKKARİ,30,22.8975,9.047501,0.1,13.493999,51.0,39.176113,819.44684,15.59,Drizzle: Light
2019-10-03 21:00:00+00:00,HAKKARİ,30,22.0975,6.1475,0.0,11.631956,0.0,48.83977,818.1114,19.7,Clear sky
2019-10-04 21:00:00+00:00,HAKKARİ,30,22.1475,6.7475,0.0,11.592894,2.0,40.611225,817.80634,19.74,Partly cloudy
2019-10-05 21:00:00+00:00,HAKKARİ,30,21.247501,4.7475,0.0,18.440998,3.0,44.229908,815.4139,18.0,Overcast
2019-10-06 21:00:00+00:00,HAKKARİ,30,19.3975,10.3975,0.0,15.778518,2.0,47.74165,819.28033,16.52,Partly cloudy
2019-10-07 21:00:00+00:00,HAKKARİ,30,20.697498,9.3975,0.0,15.021105,3.0,43.414276,824.8513,15.48,Overcast
2019-10-08 21:00:00+00:00,HAKKARİ,30,20.6475,7.2975,0.0,11.480557,3.0,50.66421,824.8254,12.96,Overcast
2019-10-09 21:00:00+00:00,HAKKARİ,30,22.997501,6.2975,0.0,9.085988,0.0,42.8761,823.3291,19.03,Clear sky
2019-10-10 21:00:00+00:00,HAKKARİ,30,23.5475,6.1475,0.0,10.44,3.0,34.094994,821.8506,18.65,Overcast
2019-10-11 21:00:00+00:00,HAKKARİ,30,21.747501,9.7475,0.0,13.281023,3.0,48.81509,821.19696,16.06,Overcast
2019-10-12 21:00:00+00:00,HAKKARİ,30,19.697498,4.8975,0.0,14.081477,0.0,51.269913,823.83734,18.93,Clear sky
2019-10-13 21:00:00+00:00,HAKKARİ,30,22.2975,2.5475001,0.0,10.787993,0.0,29.109453,824.9572,18.83,Clear sky
2019-10-14 21:00:00+00:00,HAKKARİ,30,22.197498,3.3975,0.0,10.00256,1.0,26.529,823.3562,18.45,Mainly clear
2019-10-15 21:00:00+00:00,HAKKARİ,30,21.2975,5.0475,0.0,8.287822,2.0,24.955109,822.6191,18.01,Partly cloudy
2019-10-16 21:00:00+00:00,HAKKARİ,30,19.747501,4.5475,0.5,10.315115,53.0,31.873886,823.17487,14.17,Drizzle: Moderate
2019-10-17 21:00:00+00:00,HAKKARİ,30,19.5975,4.9975,0.0,9.220499,3.0,47.278152,822.086,14.57,Overcast
2019-10-18 21:00:00+00:00,HAKKARİ,30,17.5975,6.4475,2.3,9.449572,61.0,65.596794,820.88214,11.18,Rain: Slight
2019-10-19 21:00:00+00:00,HAKKARİ,30,17.0475,5.2975,2.1999998,8.669949,61.0,72.76783,819.9201,12.38,Rain: Slight
2019-10-20 21:00:00+00:00,HAKKARİ,30,14.9975,5.6975,5.3999996,7.289445,63.0,75.50454,819.25836,11.37,Rain: Moderate
2019-10-21 21:00:00+00:00,HAKKARİ,30,14.1975,4.5475,6.8,8.557102,63.0,80.75999,817.3398,11.13,Rain: Moderate
2019-10-22 21:00:00+00:00,HAKKARİ,30,14.5475,2.2975001,0.5,8.699793,51.0,71.447174,817.92755,14.49,Drizzle: Light
2019-10-23 21:00:00+00:00,HAKKARİ,30,14.4475,3.2475,0.3,7.628263,51.0,65.3676,818.72577,11.98,Drizzle: Light
2019-10-24 21:00:00+00:00,HAKKARİ,30,15.1975,2.2475,0.2,8.557102,51.0,64.534645,817.2536,14.12,Drizzle: Light
2019-10-25 21:00:00+00:00,HAKKARİ,30,14.1975,3.5475001,0.1,7.289445,51.0,70.14237,816.9432,12.11,Drizzle: Light
2019-10-26 21:00:00+00:00,HAKKARİ,30,13.8975,1.5975001,0.3,9.504273,51.0,70.13891,816.14545,14.33,Drizzle: Light
2019-10-27 21:00:00+00:00,HAKKARİ,30,13.1475,0.74750006,0.3,8.654986,51.0,68.51333,815.5572,13.88,Drizzle: Light
2019-10-28 21:00:00+00:00,HAKKARİ,30,9.047501,2.7475,6.7999988,5.815978,73.0,85.035164,814.8055,4.28,Snow fall: Moderate
2019-10-29 21:00:00+00:00,HAKKARİ,30,10.6475,0.5975,0.90000004,7.968939,53.0,78.94756,814.89746,9.01,Drizzle: Moderate
2019-10-30 21:00:00+00:00,HAKKARİ,30,13.1475,-0.20249999,0.0,9.885262,2.0,65.99194,815.44867,13.65,Partly cloudy
2019-10-31 21:00:00+00:00,HAKKARİ,30,11.9975,0.44750005,0.0,11.435313,3.0,67.32791,814.8671,13.96,Overcast
2019-11-01 21:00:00+00:00,HAKKARİ,30,6.6475,4.0475,15.500002,11.753877,61.0,92.549934,813.8963,2.03,Rain: Slight
2019-11-02 21:00:00+00:00,HAKKARİ,30,10.0475,-1.6524999,0.0,7.10031,3.0,73.237526,817.5535,14.15,Overcast
2019-11-03 21:00:00+00:00,HAKKARİ,30,13.0975,-2.6525002,0.0,8.427383,0.0,43.854355,818.8618,15.15,Clear sky
2019-11-04 21:00:00+00:00,HAKKARİ,30,13.9975,-1.0525,0.0,6.9527545,3.0,38.24809,818.1883,14.88,Overcast
2019-11-05 21:00:00+00:00,HAKKARİ,30,14.5975,-0.85249996,0.0,7.42159,1.0,33.10105,816.29224,14.95,Mainly clear
2019-11-06 21:00:00+00:00,HAKKARİ,30,15.9475,0.3475001,0.0,7.968939,0.0,39.4909,817.415,14.59,Clear sky
2019-11-07 21:00:00+00:00,HAKKARİ,30,16.7975,0.5975,0.0,8.557102,0.0,39.46108,818.6153,14.6,Clear sky
2019-11-08 21:00:00+00:00,HAKKARİ,30,15.7475,-0.002499938,0.0,9.360001,0.0,38.38625,818.7403,14.76,Clear sky
2019-11-09 21:00:00+00:00,HAKKARİ,30,15.4975,-0.15249991,0.0,11.435313,0.0,27.927206,819.6358,14.72,Clear sky
2019-11-10 21:00:00+00:00,HAKKARİ,30,14.5975,-0.5525,0.0,9.178235,0.0,26.374382,819.74274,14.46,Clear sky
2019-11-11 21:00:00+00:00,HAKKARİ,30,14.5975,-0.70249987,0.0,9.339208,3.0,31.402227,818.72485,14.34,Overcast
2019-11-12 21:00:00+00:00,HAKKARİ,30,13.3975,-0.85249996,0.0,8.707237,3.0,28.02632,818.2775,12.91,Overcast
2019-11-13 21:00:00+00:00,HAKKARİ,30,12.6975,0.14750004,0.0,7.0911775,2.0,39.756485,818.39435,13.57,Partly cloudy
2019-11-14 21:00:00+00:00,HAKKARİ,30,13.5475,-1.4524999,0.0,9.028754,0.0,44.087513,817.54877,13.89,Clear sky
2019-11-15 21:00:00+00:00,HAKKARİ,30,10.7975,-2.1525,0.0,12.6462,1.0,43.713383,816.6021,13.49,Mainly clear
2019-11-16 21:00:00+00:00,HAKKARİ,30,6.4475,-3.9524999,0.0,11.384199,0.0,50.72922,818.5105,13.58,Clear sky
2019-11-17 21:00:00+00:00,HAKKARİ,30,6.7975,-4.6525,0.0,13.281023,1.0,43.28038,816.9284,12.95,Mainly clear
2019-11-18 21:00:00+00:00,HAKKARİ,30,8.3475,-4.7525,0.0,10.1376915,3.0,46.282932,815.79865,12.35,Overcast
2019-11-19 21:00:00+00:00,HAKKARİ,30,10.2475,-3.8024998,0.0,7.9036193,0.0,40.30861,815.36566,13.2,Clear sky
2019-11-20 21:00:00+00:00,HAKKARİ,30,8.997499,-0.15249991,0.0,10.703569,2.0,29.756933,815.2783,13.06,Partly cloudy
2019-11-21 21:00:00+00:00,HAKKARİ,30,7.0975,0.39750004,0.0,10.948973,2.0,42.750946,816.6128,12.68,Partly cloudy
2019-11-22 21:00:00+00:00,HAKKARİ,30,7.6475,-2.2024999,0.0,8.287822,2.0,45.54391,816.8328,12.28,Partly cloudy
2019-11-23 21:00:00+00:00,HAKKARİ,30,8.1975,-2.2024999,0.0,7.386582,3.0,52.14613,816.63153,12.31,Overcast
2019-11-24 21:00:00+00:00,HAKKARİ,30,7.4975,-1.4024999,0.0,8.14587,3.0,46.372272,816.0307,9.46,Overcast
2019-11-25 21:00:00+00:00,HAKKARİ,30,8.1975,-1.7525,0.0,9.585739,3.0,48.218494,816.24097,10.76,Overcast
2019-11-26 21:00:00+00:00,HAKKARİ,30,5.8975,-0.5525,6.2999997,6.696387,73.0,65.66249,816.0323,6.2,Snow fall: Moderate
2019-11-27 21:00:00+00:00,HAKKARİ,30,4.7475,0.44750005,6.1999993,6.12,73.0,92.9022,815.5198,4.24,Snow fall: Moderate
2019-11-28 21:00:00+00:00,HAKKARİ,30,6.0975,0.7975,0.9000001,9.178235,51.0,87.43827,817.262,6.26,Drizzle: Light
2019-11-29 21:00:00+00:00,HAKKARİ,30,5.4975,-0.25249994,4.1,7.8954163,53.0,90.838615,817.23065,3.52,Drizzle: Moderate
2019-11-30 21:00:00+00:00,HAKKARİ,30,4.5475,3.2475,6.499999,6.763786,53.0,97.37256,815.9585,1.68,Drizzle: Moderate
2019-12-01 21:00:00+00:00,HAKKARİ,30,6.3975,-0.002499938,0.0,5.3517847,3.0,82.450226,812.67194,6.8,Overcast
2019-12-02 21:00:00+00:00,HAKKARİ,30,7.7475,-0.3025,0.3,6.696387,71.0,73.82721,812.6049,10.71,Snow fall: Slight
2019-12-03 21:00:00+00:00,HAKKARİ,30,6.9975,-2.1025,0.70000005,11.480557,73.0,75.22993,814.20825,9.49,Snow fall: Moderate
2019-12-04 21:00:00+00:00,HAKKARİ,30,3.7975001,0.047500014,1.4000001,6.792466,73.0,81.833984,815.91693,6.06,Snow fall: Moderate
2019-12-05 21:00:00+00:00,HAKKARİ,30,3.3975,-2.0525,5.1,7.9932966,73.0,76.098335,816.03265,4.73,Snow fall: Moderate
2019-12-06 21:00:00+00:00,HAKKARİ,30,3.5475001,-4.3525,3.1999998,9.585739,75.0,76.876564,811.8491,7.22,Snow fall: Heavy
2019-12-07 21:00:00+00:00,HAKKARİ,30,0.24750006,-4.0025,8.400001,6.28713,75.0,88.6771,809.74805,2.94,Snow fall: Heavy
2019-12-08 21:00:00+00:00,HAKKARİ,30,0.69750005,-3.0025,2.6,6.28713,73.0,91.24459,813.04175,4.0,Snow fall: Moderate
2019-12-09 21:00:00+00:00,HAKKARİ,30,0.5975,-3.3024998,5.3999996,6.28713,73.0,87.63035,813.3689,3.1,Snow fall: Moderate
2019-12-10 21:00:00+00:00,HAKKARİ,30,3.0475001,-13.6025,0.3,7.42159,71.0,80.02088,812.3046,11.03,Snow fall: Slight
2019-12-11 21:00:00+00:00,HAKKARİ,30,3.4975,-13.4025,1.8000002,8.217153,73.0,68.471306,809.2937,8.33,Snow fall: Moderate
2019-12-12 21:00:00+00:00,HAKKARİ,30,2.1975,-1.1524999,11.000002,3.8939953,75.0,88.72299,810.4753,3.76,Snow fall: Heavy
2019-12-13 21:00:00+00:00,HAKKARİ,30,3.5975,-3.1525002,0.3,4.8965297,71.0,86.555786,814.2862,8.28,Snow fall: Slight
2019-12-14 21:00:00+00:00,HAKKARİ,30,3.2475,-9.7025,0.3,6.489992,71.0,84.70134,815.21216,6.4,Snow fall: Slight
2019-12-15 21:00:00+00:00,HAKKARİ,30,5.3475,-11.2525,0.0,11.609651,1.0,73.786995,811.7918,11.0,Mainly clear
2019-12-16 21:00:00+00:00,HAKKARİ,30,4.0475,-11.0025,0.0,12.413477,2.0,80.38279,814.3204,10.68,Partly cloudy
2019-12-17 21:00:00+00:00,HAKKARİ,30,6.9975,-13.8025,0.0,11.298495,2.0,62.83376,817.6796,11.12,Partly cloudy
2019-12-18 21:00:00+00:00,HAKKARİ,30,11.8975,-6.5025,0.0,8.699793,0.0,37.269726,820.29254,10.95,Clear sky
2019-12-19 21:00:00+00:00,HAKKARİ,30,13.0475,-4.1525,0.0,8.089993,0.0,38.246128,818.58026,10.84,Clear sky
2019-12-20 21:00:00+00:00,HAKKARİ,30,11.6975,-3.2525,0.0,6.151683,3.0,29.459627,817.84814,10.72,Overcast
2019-12-21 21:00:00+00:00,HAKKARİ,30,8.3475,-3.0025,0.0,9.659814,2.0,39.291714,816.689,10.74,Partly cloudy
2019-12-22 21:00:00+00:00,HAKKARİ,30,7.5975,-4.3025,0.0,6.792466,3.0,31.79775,815.3494,9.78,Overcast
2019-12-23 21:00:00+00:00,HAKKARİ,30,5.7475,-4.4525,0.1,8.209263,71.0,43.09581,814.1997,7.55,Snow fall: Slight
2019-12-24 21:00:00+00:00,HAKKARİ,30,2.5475001,-2.3025,10.6,7.5170207,75.0,70.12663,813.2073,2.39,Snow fall: Heavy
2019-12-25 21:00:00+00:00,HAKKARİ,30,0.3475001,-2.9025002,24.800001,6.9153743,75.0,93.77713,809.3257,3.09,Snow fall: Heavy
2019-12-26 21:00:00+00:00,HAKKARİ,30,-0.6524999,-1.9524999,46.7,4.072935,75.0,96.112816,806.71136,1.58,Snow fall: Heavy
2019-12-27 21:00:00+00:00,HAKKARİ,30,0.097500086,-3.7024999,3.6999993,5.0528407,73.0,89.286896,810.9882,4.32,Snow fall: Moderate
2019-12-28 21:00:00+00:00,HAKKARİ,30,1.0975001,-4.4025,1.5000002,5.1165614,71.0,84.42849,815.00616,8.25,Snow fall: Slight
2019-12-29 21:00:00+00:00,HAKKARİ,30,2.7475,-6.1525,0.4,8.404285,73.0,76.81015,813.9345,9.3,Snow fall: Moderate
2019-12-30 21:00:00+00:00,HAKKARİ,30,2.1475,-7.2025003,4.2999997,6.130579,75.0,77.55275,810.8725,10.54,Snow fall: Heavy
2019-12-31 21:00:00+00:00,HAKKARİ,30,-0.002499938,-9.2525,5.8,8.0899935,75.0,78.425415,808.29144,6.92,Snow fall: Heavy
2020-01-01 21:00:00+00:00,HAKKARİ,30,-0.35249996,-12.3025,0.0,7.289445,3.0,66.73123,809.2747,9.38,Overcast
2020-01-02 21:00:00+00:00,HAKKARİ,30,1.4975001,-13.3525,0.0,7.7879906,2.0,65.59187,810.28156,10.93,Partly cloudy
2020-01-03 21:00:00+00:00,HAKKARİ,30,-2.6525002,-11.3025,2.5999994,9.021574,73.0,75.33003,807.24493,4.87,Snow fall: Moderate
2020-01-04 21:00:00+00:00,HAKKARİ,30,-1.4024999,-9.0025,0.2,5.904439,71.0,76.78341,808.3203,8.5,Snow fall: Slight
2020-01-05 21:00:00+00:00,HAKKARİ,30,-0.10249996,-10.1025,0.6,5.991594,71.0,75.31289,812.8362,6.79,Snow fall: Slight
2020-01-06 21:00:00+00:00,HAKKARİ,30,2.2975001,-13.0025,0.0,8.427383,2.0,58.77312,812.53546,11.61,Partly cloudy
2020-01-07 21:00:00+00:00,HAKKARİ,30,-1.5025,-13.6525,3.5999997,8.699793,73.0,67.0385,807.8689,4.81,Snow fall: Moderate
2020-01-08 21:00:00+00:00,HAKKARİ,30,-1.4024999,-7.7524996,3.4000003,6.193674,73.0,80.00058,807.35077,3.93,Snow fall: Moderate
2020-01-09 21:00:00+00:00,HAKKARİ,30,-0.15249991,-8.9025,2.3999999,8.714677,73.0,75.14283,808.20514,10.1,Snow fall: Moderate
2020-01-10 21:00:00+00:00,HAKKARİ,30,0.5975,-14.2025,0.0,9.957108,1.0,71.665016,808.5112,12.32,Mainly clear
2020-01-11 21:00:00+00:00,HAKKARİ,30,0.19749999,-14.2025,0.3,5.4833565,71.0,53.536453,809.7075,9.89,Snow fall: Slight
2020-01-12 21:00:00+00:00,HAKKARİ,30,-2.7525,-10.3525,7.7999997,11.4862,73.0,79.49146,810.4272,3.91,Snow fall: Moderate
2020-01-13 21:00:00+00:00,HAKKARİ,30,0.44750005,-15.7525,0.0,9.885262,0.0,62.461185,814.3438,12.6,Clear sky
2020-01-14 21:00:00+00:00,HAKKARİ,30,2.3475,-13.2025,0.0,7.10031,3.0,35.523342,814.4949,12.77,Overcast
2020-01-15 21:00:00+00:00,HAKKARİ,30,1.0975001,-15.402499,0.0,9.0,3.0,46.625153,813.79297,12.75,Overcast
2020-01-16 21:00:00+00:00,HAKKARİ,30,0.94750005,-11.7525,6.7000003,7.24486,73.0,73.15446,813.024,3.83,Snow fall: Moderate
2020-01-17 21:00:00+00:00,HAKKARİ,30,1.0975001,-4.0025,14.1,5.315336,75.0,83.44039,809.095,3.92,Snow fall: Heavy
2020-01-18 21:00:00+00:00,HAKKARİ,30,-0.10249996,-3.1525002,8.400002,5.95906,73.0,88.38247,811.607,4.54,Snow fall: Moderate
2020-01-19 21:00:00+00:00,HAKKARİ,30,0.5475,-7.3525,0.2,5.991594,71.0,77.80379,814.2744,7.13,Snow fall: Slight
2020-01-20 21:00:00+00:00,HAKKARİ,30,-1.1524999,-10.2025,0.3,9.290511,71.0,77.53077,809.99756,10.93,Snow fall: Slight
2020-01-21 21:00:00+00:00,HAKKARİ,30,-1.0525,-11.4525,0.6,11.753876,71.0,71.363594,808.3742,13.24,Snow fall: Slight
2020-01-22 21:00:00+00:00,HAKKARİ,30,-2.8024998,-13.0025,1.8,8.891343,73.0,73.17037,807.518,11.93,Snow fall: Moderate
2020-01-23 21:00:00+00:00,HAKKARİ,30,-2.8525,-8.1025,9.6,9.0,73.0,83.50535,809.15265,4.3,Snow fall: Moderate
2020-01-24 21:00:00+00:00,HAKKARİ,30,-0.60249996,-13.5025,0.0,9.726664,1.0,61.565617,812.77313,13.8,Mainly clear
2020-01-25 21:00:00+00:00,HAKKARİ,30,3.1475,-13.7025,0.0,8.089993,2.0,50.999622,810.7881,13.74,Partly cloudy
2020-01-26 21:00:00+00:00,HAKKARİ,30,3.6975,-12.2525,0.0,7.2805495,0.0,49.155,812.2653,14.04,Clear sky
2020-01-27 21:00:00+00:00,HAKKARİ,30,4.0975,-10.4525,0.0,5.3999996,3.0,42.14469,813.04803,12.88,Overcast
2020-01-28 21:00:00+00:00,HAKKARİ,30,-1.0025,-5.7525,1.4000001,4.3349743,71.0,65.22205,812.5787,5.87,Snow fall: Slight
2020-01-29 21:00:00+00:00,HAKKARİ,30,0.3475001,-11.5525,0.70000005,7.5942082,71.0,81.02061,813.31616,11.35,Snow fall: Slight
2020-01-30 21:00:00+00:00,HAKKARİ,30,-1.5025,-4.4025,40.1,3.6,75.0,92.74527,807.81885,1.88,Snow fall: Heavy
2020-01-31 21:00:00+00:00,HAKKARİ,30,-2.8024998,-8.5025,6.3999996,7.729527,75.0,82.203964,805.1098,9.19,Snow fall: Heavy
2020-02-01 21:00:00+00:00,HAKKARİ,30,-1.9024999,-13.5025,0.0,8.699793,1.0,68.10139,811.1721,14.99,Mainly clear
2020-02-02 21:00:00+00:00,HAKKARİ,30,-0.5525,-13.2525,0.0,6.28713,3.0,54.34767,813.1201,15.13,Overcast
2020-02-03 21:00:00+00:00,HAKKARİ,30,-2.7024999,-9.1025,4.3,4.8965297,73.0,81.94304,811.0554,4.95,Snow fall: Moderate
2020-02-04 21:00:00+00:00,HAKKARİ,30,-0.25249994,-4.0025,3.7,5.154415,73.0,90.65325,814.6276,3.63,Snow fall: Moderate
2020-02-05 21:00:00+00:00,HAKKARİ,30,3.5475001,-6.6525,0.0,8.699793,3.0,80.73617,815.6141,13.15,Overcast
2020-02-06 21:00:00+00:00,HAKKARİ,30,1.3975,-4.3025,36.2,10.028439,75.0,91.53236,809.2952,2.24,Snow fall: Heavy
2020-02-07 21:00:00+00:00,HAKKARİ,30,0.097500086,-4.4025,32.4,14.986553,75.0,93.02127,802.8532,3.39,Snow fall: Heavy
2020-02-08 21:00:00+00:00,HAKKARİ,30,-4.6525,-11.8025,6.299998,16.923828,75.0,78.92413,806.0847,8.49,Snow fall: Heavy
2020-02-09 21:00:00+00:00,HAKKARİ,30,-10.8525,-15.2025,2.1000001,5.00128,73.0,65.932045,807.1955,11.72,Snow fall: Moderate
2020-02-10 21:00:00+00:00,HAKKARİ,30,-8.1525,-17.552502,0.5,8.825508,71.0,62.332684,809.13934,16.84,Snow fall: Slight
2020-02-11 21:00:00+00:00,HAKKARİ,30,-5.5525,-14.7525,1.8,9.504273,73.0,63.23363,812.9356,15.68,Snow fall: Moderate
2020-02-12 21:00:00+00:00,HAKKARİ,30,-4.1025,-9.1025,13.400001,4.6938257,73.0,83.81584,814.86786,3.54,Snow fall: Moderate
2020-02-13 21:00:00+00:00,HAKKARİ,30,0.14750004,-12.1525,0.0,8.891343,3.0,64.48742,815.77704,16.51,Overcast
2020-02-14 21:00:00+00:00,HAKKARİ,30,4.0475,-12.6525,2.1,7.7879906,73.0,46.731964,815.48755,11.91,Snow fall: Moderate
2020-02-15 21:00:00+00:00,HAKKARİ,30,5.7475,-3.6525002,8.8,6.1305785,75.0,78.31695,814.3156,10.84,Snow fall: Heavy
2020-02-16 21:00:00+00:00,HAKKARİ,30,1.0475,-1.5525,20.400002,7.491114,75.0,80.313126,814.8474,5.81,Snow fall: Heavy
2020-02-17 21:00:00+00:00,HAKKARİ,30,6.5975,-4.2025,0.0,8.587338,3.0,74.988045,818.028,12.46,Overcast
2020-02-18 21:00:00+00:00,HAKKARİ,30,3.9475,-4.9025,12.0,8.557102,75.0,80.68909,813.0918,6.43,Snow fall: Heavy
2020-02-19 21:00:00+00:00,HAKKARİ,30,5.6975,0.097500086,23.4,5.5887027,75.0,84.75608,808.1338,9.8,Snow fall: Heavy
2020-02-20 21:00:00+00:00,HAKKARİ,30,4.3475,0.14750004,0.0,8.557102,3.0,78.81406,813.4191,14.1,Overcast
2020-02-21 21:00:00+00:00,HAKKARİ,30,3.2975001,-0.15249991,9.7,5.3999996,75.0,85.38502,814.72437,7.07,Snow fall: Heavy
2020-02-22 21:00:00+00:00,HAKKARİ,30,4.7475,-1.3025,5.199999,5.634891,75.0,87.704956,816.19434,8.97,Snow fall: Heavy
2020-02-23 21:00:00+00:00,HAKKARİ,30,5.2475,-1.8025,0.6,9.83268,71.0,82.19366,813.3808,12.66,Snow fall: Slight
2020-02-24 21:00:00+00:00,HAKKARİ,30,6.4975,-2.7024999,3.1000001,11.246759,73.0,77.14125,806.73065,13.03,Snow fall: Moderate
2020-02-25 21:00:00+00:00,HAKKARİ,30,5.7475,-5.2525,0.0,7.42159,1.0,60.25931,809.8012,19.1,Mainly clear
2020-02-26 21:00:00+00:00,HAKKARİ,30,7.8475,-3.0025,0.0,6.696387,3.0,47.01959,815.8989,19.43,Overcast
2020-02-27 21:00:00+00:00,HAKKARİ,30,6.5475,-0.4525,0.0,7.4128532,3.0,43.79987,812.843,16.15,Overcast
2020-02-28 21:00:00+00:00,HAKKARİ,30,4.7475,-1.9524999,9.300001,6.193674,75.0,82.42283,810.1025,8.29,Snow fall: Heavy
2020-02-29 21:00:00+00:00,HAKKARİ,30,4.9475,-0.35249996,13.3,5.95906,75.0,85.93914,807.4995,12.26,Snow fall: Heavy
2020-03-01 21:00:00+00:00,HAKKARİ,30,2.6975,-1.2525,5.7,5.904439,75.0,88.40189,811.59015,10.13,Snow fall: Heavy
2020-03-02 21:00:00+00:00,HAKKARİ,30,5.1975,-5.9025,0.0,8.557102,3.0,73.51733,815.0681,20.15,Overcast
2020-03-03 21:00:00+00:00,HAKKARİ,30,9.5975,-5.5525,0.0,9.021574,0.0,53.64787,815.21674,20.56,Clear sky
2020-03-04 21:00:00+00:00,HAKKARİ,30,11.4975,-5.3525,0.0,9.659814,3.0,40.737774,814.33636,19.69,Overcast
2020-03-05 21:00:00+00:00,HAKKARİ,30,11.0475,-3.1525002,1.0,7.9036193,73.0,41.59644,812.5073,18.24,Snow fall: Moderate
2020-03-06 21:00:00+00:00,HAKKARİ,30,6.2975,-1.5025,4.2,9.449572,75.0,77.75799,812.1628,12.37,Snow fall: Heavy
2020-03-07 21:00:00+00:00,HAKKARİ,30,10.1475,-1.9524999,0.0,9.028754,3.0,73.121895,816.42505,20.0,Overcast
2020-03-08 21:00:00+00:00,HAKKARİ,30,11.4975,-2.1025,0.0,9.360001,3.0,54.5966,817.237,21.65,Overcast
2020-03-09 21:00:00+00:00,HAKKARİ,30,10.1475,-2.4524999,0.0,8.373386,3.0,45.529236,816.59625,21.59,Overcast
2020-03-10 21:00:00+00:00,HAKKARİ,30,10.1975,-2.2525,0.0,6.489992,3.0,52.730854,817.0087,19.74,Overcast
2020-03-11 21:00:00+00:00,HAKKARİ,30,11.9975,-1.9024999,0.0,11.159999,3.0,57.556057,817.0772,21.58,Overcast
2020-03-12 21:00:00+00:00,HAKKARİ,30,8.9475,1.7975,10.2,7.491114,75.0,74.295105,815.97894,7.02,Snow fall: Heavy
2020-03-13 21:00:00+00:00,HAKKARİ,30,5.2475,1.8475001,9.0,5.0911684,73.0,89.47494,811.0024,7.73,Snow fall: Moderate
2020-03-14 21:00:00+00:00,HAKKARİ,30,8.497499,-0.15249991,0.0,7.653705,3.0,83.122536,812.5361,19.33,Overcast
2020-03-15 21:00:00+00:00,HAKKARİ,30,5.3475,2.4975,2.1000001,6.638072,51.0,92.34475,813.58673,6.58,Drizzle: Light
2020-03-16 21:00:00+00:00,HAKKARİ,30,3.6975,1.9475,12.3,4.73506,75.0,94.15219,812.9538,6.04,Snow fall: Heavy
2020-03-17 21:00:00+00:00,HAKKARİ,30,3.6975,-0.002499938,62.29999,5.315336,75.0,93.407684,807.17365,3.91,Snow fall: Heavy
2020-03-18 21:00:00+00:00,HAKKARİ,30,1.9975001,-1.8025,6.899999,6.9153743,75.0,91.13448,810.05566,7.24,Snow fall: Heavy
2020-03-19 21:00:00+00:00,HAKKARİ,30,2.7975001,-1.6025,5.5999994,6.28713,73.0,89.74239,810.4628,11.6,Snow fall: Moderate
2020-03-20 21:00:00+00:00,HAKKARİ,30,6.2475,-1.9024999,0.6,9.449572,71.0,70.36271,807.4279,21.7,Snow fall: Slight
2020-03-21 21:00:00+00:00,HAKKARİ,30,5.9475,-2.1025,0.0,10.00256,3.0,70.56027,807.8536,20.54,Overcast
2020-03-22 21:00:00+00:00,HAKKARİ,30,8.247499,-4.2025,0.0,9.0,0.0,64.22084,809.7574,24.07,Clear sky
2020-03-23 21:00:00+00:00,HAKKARİ,30,7.4975,-3.2525,0.1,7.127636,51.0,69.47307,810.8161,19.42,Drizzle: Light
2020-03-24 21:00:00+00:00,HAKKARİ,30,7.1975,-1.8525,7.0,7.754637,75.0,77.496254,811.31934,16.64,Snow fall: Heavy
2020-03-25 21:00:00+00:00,HAKKARİ,30,7.6475,-0.05250001,2.5000002,7.729527,71.0,79.41441,812.8481,14.97,Snow fall: Slight
2020-03-26 21:00:00+00:00,HAKKARİ,30,6.5975,-0.002499938,5.3999996,6.792466,73.0,82.04022,813.6494,11.41,Snow fall: Moderate
2020-03-27 21:00:00+00:00,HAKKARİ,30,5.7475,1.5975001,25.700003,5.6920996,75.0,88.47932,810.49457,6.7,Snow fall: Heavy
2020-03-28 21:00:00+00:00,HAKKARİ,30,4.0975,-0.10249996,7.3,9.826088,73.0,87.35023,806.37225,15.41,Snow fall: Moderate
2020-03-29 21:00:00+00:00,HAKKARİ,30,1.5475,-1.1524999,15.700002,8.12197,75.0,92.110695,806.1324,10.56,Snow fall: Heavy
2020-03-30 21:00:00+00:00,HAKKARİ,30,4.6975,-0.8025,1.2,10.495713,73.0,87.12723,812.39484,17.18,Snow fall: Moderate
2020-03-31 21:00:00+00:00,HAKKARİ,30,3.2975001,0.99750006,22.5,3.8268526,75.0,91.96186,810.2283,4.79,Snow fall: Heavy
2020-04-01 21:00:00+00:00,HAKKARİ,30,5.3975,0.7975,5.2999997,8.373386,73.0,91.72912,809.6682,16.0,Snow fall: Moderate
2020-04-02 21:00:00+00:00,HAKKARİ,30,6.2475,-1.4024999,5.1,9.659814,73.0,85.70814,813.0058,19.22,Snow fall: Moderate
2020-04-03 21:00:00+00:00,HAKKARİ,30,6.8475,-1.2525,2.0,10.483357,73.0,77.33336,814.521,18.17,Snow fall: Moderate
2020-04-04 21:00:00+00:00,HAKKARİ,30,10.7475,-5.3025,0.0,8.287822,3.0,62.351105,817.37225,25.94,Overcast
2020-04-05 21:00:00+00:00,HAKKARİ,30,8.297501,2.7975001,4.2999997,7.5170207,53.0,71.29592,816.36475,10.89,Drizzle: Moderate
2020-04-06 21:00:00+00:00,HAKKARİ,30,10.9975,0.99750006,0.1,8.78872,51.0,73.97335,812.5395,19.5,Drizzle: Light
2020-04-07 21:00:00+00:00,HAKKARİ,30,9.8475,-1.4524999,0.0,10.948973,3.0,73.5618,813.19434,25.81,Overcast
2020-04-08 21:00:00+00:00,HAKKARİ,30,9.5975,-3.2525,0.6,12.181624,51.0,69.749825,809.7176,22.18,Drizzle: Light
2020-04-09 21:00:00+00:00,HAKKARİ,30,5.1975,-0.95249987,7.0,7.289444,75.0,83.91856,806.4419,11.58,Snow fall: Heavy
2020-04-10 21:00:00+00:00,HAKKARİ,30,5.0475,-0.85249996,0.3,7.491114,71.0,85.30506,809.4256,18.83,Snow fall: Slight
2020-04-11 21:00:00+00:00,HAKKARİ,30,6.0975,-2.7024999,2.9,7.628263,73.0,85.91279,811.9577,16.66,Snow fall: Moderate
2020-04-12 21:00:00+00:00,HAKKARİ,30,8.3475,-3.9524999,0.0,6.9153743,2.0,71.03751,813.503,22.93,Partly cloudy
2020-04-13 21:00:00+00:00,HAKKARİ,30,9.5475,-5.5525,0.0,9.0645685,1.0,63.582226,814.7842,26.11,Mainly clear
2020-04-14 21:00:00+00:00,HAKKARİ,30,11.4975,-3.8024998,0.0,9.021574,0.0,52.125427,815.1773,27.61,Clear sky
2020-04-15 21:00:00+00:00,HAKKARİ,30,8.6975,-0.75250006,0.6,9.585739,51.0,67.37147,813.0843,12.78,Drizzle: Light
2020-04-16 21:00:00+00:00,HAKKARİ,30,13.5475,-1.7525,0.1,8.217153,51.0,69.454765,813.4724,26.07,Drizzle: Light
2020-04-17 21:00:00+00:00,HAKKARİ,30,14.6475,-0.05250001,0.1,8.373386,51.0,61.230976,814.6016,26.2,Drizzle: Light
2020-04-18 21:00:00+00:00,HAKKARİ,30,14.0975,1.4475,0.2,11.246759,51.0,65.18115,815.29865,22.55,Drizzle: Light
2020-04-19 21:00:00+00:00,HAKKARİ,30,14.6975,0.24750006,1.0,10.587918,51.0,61.02803,815.2319,23.77,Drizzle: Light
2020-04-20 21:00:00+00:00,HAKKARİ,30,12.0975,3.3975,7.1,11.753876,61.0,74.28795,816.1259,17.15,Rain: Slight
2020-04-21 21:00:00+00:00,HAKKARİ,30,11.0975,6.8475,42.000004,8.78872,63.0,88.921776,814.1218,6.31,Rain: Moderate
2020-04-22 21:00:00+00:00,HAKKARİ,30,10.4475,4.9975,29.6,8.587338,63.0,94.98141,810.30096,9.06,Rain: Moderate
2020-04-23 21:00:00+00:00,HAKKARİ,30,10.6475,4.4475,16.5,13.049689,71.0,84.3225,809.7835,13.3,Snow fall: Slight
2020-04-24 21:00:00+00:00,HAKKARİ,30,10.6975,3.8975,23.599998,10.315115,75.0,86.31649,807.2048,14.3,Snow fall: Heavy
2020-04-25 21:00:00+00:00,HAKKARİ,30,8.1975,0.94750005,4.1,7.9932966,73.0,85.57751,807.1882,15.72,Snow fall: Moderate
2020-04-26 21:00:00+00:00,HAKKARİ,30,12.1475,-2.5025,2.2,13.363711,53.0,77.97661,811.1416,25.78,Drizzle: Moderate
2020-04-27 21:00:00+00:00,HAKKARİ,30,10.9475,-0.3025,2.1000001,10.233123,53.0,70.404854,813.2607,24.45,Drizzle: Moderate
2020-04-28 21:00:00+00:00,HAKKARİ,30,13.4475,-1.0025,1.7,7.145796,53.0,59.99567,813.6313,27.08,Drizzle: Moderate
2020-04-29 21:00:00+00:00,HAKKARİ,30,13.3475,0.3475001,1.5,7.729527,51.0,66.3672,814.1464,22.72,Drizzle: Light
2020-04-30 21:00:00+00:00,HAKKARİ,30,13.4475,0.99750006,4.4999995,13.324863,61.0,73.471504,813.9375,19.58,Rain: Slight
2020-05-01 21:00:00+00:00,HAKKARİ,30,11.6975,2.7475,3.4000003,12.682018,55.0,75.9496,811.6374,20.44,Drizzle: Dense
2020-05-02 21:00:00+00:00,HAKKARİ,30,10.7475,3.4975,4.2999997,11.592895,61.0,78.44824,812.8262,17.05,Rain: Slight
2020-05-03 21:00:00+00:00,HAKKARİ,30,14.8975,1.7975,12.7,18.374111,63.0,81.04072,816.3116,21.2,Rain: Moderate
2020-05-04 21:00:00+00:00,HAKKARİ,30,13.3975,4.9975,5.0000005,6.4096174,53.0,79.158875,814.4092,10.19,Drizzle: Moderate
2020-05-05 21:00:00+00:00,HAKKARİ,30,8.747499,3.2475,21.800001,9.339208,71.0,86.35727,807.7204,7.58,Snow fall: Slight
2020-05-06 21:00:00+00:00,HAKKARİ,30,11.3975,0.64750004,1.1,13.896187,53.0,77.592186,812.6783,14.99,Drizzle: Moderate
2020-05-07 21:00:00+00:00,HAKKARİ,30,15.6475,0.2975,0.0,12.55879,3.0,70.812004,817.0069,21.48,Overcast
2020-05-08 21:00:00+00:00,HAKKARİ,30,16.7975,2.5475001,10.5,14.982228,63.0,65.18539,814.2128,18.17,Rain: Moderate
2020-05-09 21:00:00+00:00,HAKKARİ,30,10.0975,4.9975,11.500002,11.503113,61.0,88.026665,812.4287,8.91,Rain: Slight
2020-05-10 21:00:00+00:00,HAKKARİ,30,13.5475,1.5975001,1.6000003,12.538134,51.0,72.488,816.5327,24.09,Drizzle: Light
2020-05-11 21:00:00+00:00,HAKKARİ,30,16.6475,-1.2024999,0.0,12.245293,0.0,60.108105,817.4868,30.53,Clear sky
2020-05-12 21:00:00+00:00,HAKKARİ,30,20.8475,0.94750005,0.2,12.738099,51.0,57.062763,817.80054,28.96,Drizzle: Light
2020-05-13 21:00:00+00:00,HAKKARİ,30,19.8475,2.6475,0.0,8.39657,1.0,59.962757,818.3221,29.73,Mainly clear
2020-05-14 21:00:00+00:00,HAKKARİ,30,22.197498,5.0975,0.0,9.021574,1.0,55.509724,819.4285,30.44,Mainly clear
2020-05-15 21:00:00+00:00,HAKKARİ,30,23.997501,5.8475,0.0,6.9153743,1.0,54.28807,820.0513,29.95,Mainly clear
2020-05-16 21:00:00+00:00,HAKKARİ,30,23.447498,6.8975,0.0,10.966713,2.0,54.940907,820.08356,29.9,Partly cloudy
2020-05-17 21:00:00+00:00,HAKKARİ,30,23.8975,7.1975,0.0,8.089993,3.0,49.842804,820.3819,29.15,Overcast
2020-05-18 21:00:00+00:00,HAKKARİ,30,22.0975,6.3475,0.0,9.19939,3.0,55.13608,817.8558,27.66,Overcast
2020-05-19 21:00:00+00:00,HAKKARİ,30,22.697498,7.8475,0.0,10.990322,1.0,49.15732,817.99725,30.75,Mainly clear
2020-05-20 21:00:00+00:00,HAKKARİ,30,23.0975,8.3975,0.0,11.183201,1.0,51.959335,819.07697,28.17,Mainly clear
2020-05-21 21:00:00+00:00,HAKKARİ,30,22.997501,9.247499,0.2,14.480773,51.0,44.064835,819.251,26.7,Drizzle: Light
2020-05-22 21:00:00+00:00,HAKKARİ,30,20.497501,10.7475,0.0,16.904673,3.0,42.596966,817.0538,25.46,Overcast
2020-05-23 21:00:00+00:00,HAKKARİ,30,14.9975,6.6475,12.499999,6.9527545,61.0,72.23217,814.8764,10.75,Rain: Slight
2020-05-24 21:00:00+00:00,HAKKARİ,30,13.1475,4.8975,6.1,16.179985,61.0,75.16355,815.3798,17.88,Rain: Slight
2020-05-25 21:00:00+00:00,HAKKARİ,30,20.5975,1.6975,0.0,9.1641035,1.0,59.646107,820.09106,31.5,Mainly clear
2020-05-26 21:00:00+00:00,HAKKARİ,30,22.747501,6.0475,0.0,10.009036,3.0,43.96199,821.97754,31.35,Overcast
2020-05-27 21:00:00+00:00,HAKKARİ,30,23.8475,7.0975,0.0,11.966954,3.0,43.23248,821.0312,29.08,Overcast
2020-05-28 21:00:00+00:00,HAKKARİ,30,22.8975,10.7475,0.0,14.512064,2.0,43.012436,818.84186,30.81,Partly cloudy
2020-05-29 21:00:00+00:00,HAKKARİ,30,19.7975,6.5475,0.0,11.480557,0.0,43.352886,818.5217,32.12,Clear sky
2020-05-30 21:00:00+00:00,HAKKARİ,30,20.497501,3.6475,0.0,11.592894,0.0,43.939297,818.39795,31.93,Clear sky
2020-05-31 21:00:00+00:00,HAKKARİ,30,21.5975,7.1475,0.0,10.630672,3.0,38.014194,818.5376,29.94,Overcast
2020-06-01 21:00:00+00:00,HAKKARİ,30,22.0975,7.4975,0.90000004,14.689589,51.0,45.18338,815.5462,27.35,Drizzle: Light
2020-06-02 21:00:00+00:00,HAKKARİ,30,19.447498,7.1475,0.0,14.618837,3.0,47.599575,816.1916,20.52,Overcast
2020-06-03 21:00:00+00:00,HAKKARİ,30,19.7975,5.3975,0.0,12.55879,1.0,44.032352,818.58057,31.98,Mainly clear
2020-06-04 21:00:00+00:00,HAKKARİ,30,20.1475,7.4975,0.0,13.684735,1.0,39.022934,821.5644,31.58,Mainly clear
2020-06-05 21:00:00+00:00,HAKKARİ,30,22.6475,4.7975,0.0,8.669949,1.0,42.76766,820.5315,31.03,Mainly clear
2020-06-06 21:00:00+00:00,HAKKARİ,30,24.247501,6.0475,0.0,10.464797,0.0,38.7649,820.1064,32.3,Clear sky
2020-06-07 21:00:00+00:00,HAKKARİ,30,24.5475,7.2975,0.0,10.086427,1.0,35.892467,817.6657,32.33,Mainly clear
2020-06-08 21:00:00+00:00,HAKKARİ,30,24.747501,8.747499,0.0,9.659814,1.0,36.299644,818.622,31.05,Mainly clear
2020-06-09 21:00:00+00:00,HAKKARİ,30,24.8475,9.7475,0.0,11.165805,3.0,46.368404,819.59863,26.9,Overcast
2020-06-10 21:00:00+00:00,HAKKARİ,30,24.0475,10.3475,1.6,9.826088,53.0,49.61087,817.5372,26.23,Drizzle: Moderate
2020-06-11 21:00:00+00:00,HAKKARİ,30,21.8475,8.9475,0.0,13.217443,1.0,45.627872,814.70624,32.09,Mainly clear
2020-06-12 21:00:00+00:00,HAKKARİ,30,20.997501,5.9975,0.0,12.475961,0.0,43.870434,814.98175,32.08,Clear sky
2020-06-13 21:00:00+00:00,HAKKARİ,30,21.497501,5.2975,0.0,13.392774,1.0,43.987957,816.9509,30.25,Mainly clear
2020-06-14 21:00:00+00:00,HAKKARİ,30,19.1475,10.0475,1.6000001,11.019764,53.0,50.869305,820.1218,21.24,Drizzle: Moderate
2020-06-15 21:00:00+00:00,HAKKARİ,30,24.747501,9.0975,0.0,12.738099,1.0,48.47231,818.20074,27.07,Mainly clear
2020-06-16 21:00:00+00:00,HAKKARİ,30,24.997501,11.0475,0.0,10.514218,0.0,42.38332,815.9694,31.34,Clear sky
2020-06-17 21:00:00+00:00,HAKKARİ,30,25.247501,9.247499,0.0,13.479583,1.0,44.820316,814.4212,30.77,Mainly clear
2020-06-18 21:00:00+00:00,HAKKARİ,30,23.0975,11.5975,0.0,14.904173,0.0,41.925655,813.49805,30.68,Clear sky
2020-06-19 21:00:00+00:00,HAKKARİ,30,20.5475,9.1475,0.1,11.885453,51.0,48.4203,813.08136,28.02,Drizzle: Light
2020-06-20 21:00:00+00:00,HAKKARİ,30,18.1475,7.1975,1.4000001,11.901798,51.0,65.55923,812.89185,20.6,Drizzle: Light
2020-06-21 21:00:00+00:00,HAKKARİ,30,21.5975,6.3475,0.0,13.276144,2.0,59.241474,815.5002,27.95,Partly cloudy
2020-06-22 21:00:00+00:00,HAKKARİ,30,24.5475,8.547501,0.0,8.913181,3.0,47.498714,818.752,28.95,Overcast
2020-06-23 21:00:00+00:00,HAKKARİ,30,27.0975,10.4475,0.0,13.104198,0.0,42.20994,818.6257,32.2,Clear sky
2020-06-24 21:00:00+00:00,HAKKARİ,30,28.2975,10.0475,0.0,9.726664,0.0,39.961506,817.7109,32.08,Clear sky
2020-06-25 21:00:00+00:00,HAKKARİ,30,27.747501,12.2475,0.0,11.304229,0.0,38.53499,818.05273,31.98,Clear sky
2020-06-26 21:00:00+00:00,HAKKARİ,30,26.6475,11.8975,0.0,12.594856,1.0,38.463135,816.6126,30.84,Mainly clear
2020-06-27 21:00:00+00:00,HAKKARİ,30,26.197498,10.8975,0.0,13.202726,3.0,41.364033,815.11664,29.84,Overcast
2020-06-28 21:00:00+00:00,HAKKARİ,30,25.197498,12.2475,0.0,8.766573,3.0,49.683743,814.1619,24.15,Overcast
2020-06-29 21:00:00+00:00,HAKKARİ,30,23.747501,13.8975,0.0,11.91812,2.0,51.143055,813.47736,22.09,Partly cloudy
2020-06-30 21:00:00+00:00,HAKKARİ,30,21.3475,12.5475,4.2999997,12.475961,61.0,67.560585,815.123,20.09,Rain: Slight
2020-07-01 21:00:00+00:00,HAKKARİ,30,23.7975,10.9975,0.2,12.397806,51.0,51.46567,817.0562,27.33,Drizzle: Light
2020-07-02 21:00:00+00:00,HAKKARİ,30,26.7975,11.6475,0.0,10.00256,1.0,39.165195,819.1721,28.6,Mainly clear
2020-07-03 21:00:00+00:00,HAKKARİ,30,27.5475,11.9475,0.0,8.766573,1.0,44.662952,819.0307,27.46,Mainly clear
2020-07-04 21:00:00+00:00,HAKKARİ,30,26.697498,12.8975,0.1,12.605142,51.0,52.00989,815.5134,26.12,Drizzle: Light
2020-07-05 21:00:00+00:00,HAKKARİ,30,26.0475,13.0975,0.1,14.618837,51.0,44.64114,814.2896,29.22,Drizzle: Light
2020-07-06 21:00:00+00:00,HAKKARİ,30,28.5975,12.9475,0.0,11.183201,2.0,39.57858,815.4273,28.08,Partly cloudy
2020-07-07 21:00:00+00:00,HAKKARİ,30,27.997501,13.7475,0.0,11.183201,2.0,41.619873,816.62476,23.05,Partly cloudy
2020-07-08 21:00:00+00:00,HAKKARİ,30,27.5975,13.7475,0.0,9.449572,3.0,39.48925,817.72534,22.11,Overcast
2020-07-09 21:00:00+00:00,HAKKARİ,30,26.497501,14.8975,0.0,10.966713,1.0,50.229023,818.6106,22.85,Mainly clear
2020-07-10 21:00:00+00:00,HAKKARİ,30,26.3975,12.3975,0.0,9.83268,2.0,52.266193,817.9724,25.73,Partly cloudy
2020-07-11 21:00:00+00:00,HAKKARİ,30,25.8475,13.0975,0.0,9.826088,2.0,56.358936,815.27856,23.63,Partly cloudy
2020-07-12 21:00:00+00:00,HAKKARİ,30,24.247501,13.1975,0.70000005,8.854829,53.0,58.346783,813.1116,21.23,Drizzle: Moderate
2020-07-13 21:00:00+00:00,HAKKARİ,30,24.5475,12.7975,0.0,8.404285,1.0,52.215443,816.08014,22.89,Mainly clear
2020-07-14 21:00:00+00:00,HAKKARİ,30,26.3475,13.2975,0.0,8.766573,1.0,47.041245,819.03345,25.62,Mainly clear
2020-07-15 21:00:00+00:00,HAKKARİ,30,27.197498,12.7475,0.0,11.923557,1.0,46.564495,817.507,26.56,Mainly clear
2020-07-16 21:00:00+00:00,HAKKARİ,30,28.0975,13.2975,0.0,10.086427,2.0,41.05294,816.7085,26.59,Partly cloudy
2020-07-17 21:00:00+00:00,HAKKARİ,30,29.8475,14.3975,0.0,11.246759,3.0,37.528915,817.7786,25.63,Overcast
2020-07-18 21:00:00+00:00,HAKKARİ,30,30.7975,14.1975,0.0,10.383987,0.0,34.386486,820.3176,30.65,Clear sky
2020-07-19 21:00:00+00:00,HAKKARİ,30,32.0975,14.6475,0.0,12.599998,1.0,32.330067,819.7275,29.83,Mainly clear
2020-07-20 21:00:00+00:00,HAKKARİ,30,32.5475,16.3475,0.0,15.629971,1.0,33.560066,816.67474,29.84,Mainly clear
2020-07-21 21:00:00+00:00,HAKKARİ,30,31.0475,15.0975,0.0,13.217443,0.0,28.845772,815.60516,30.63,Clear sky
2020-07-22 21:00:00+00:00,HAKKARİ,30,28.497501,14.8475,0.0,11.113451,1.0,33.972363,817.1216,25.53,Mainly clear
2020-07-23 21:00:00+00:00,HAKKARİ,30,27.0475,14.0975,0.2,11.4862,51.0,39.591076,818.284,19.94,Drizzle: Light
2020-07-24 21:00:00+00:00,HAKKARİ,30,30.1475,16.0475,0.0,17.339897,1.0,35.333622,819.4473,28.31,Mainly clear
2020-07-25 21:00:00+00:00,HAKKARİ,30,29.7975,14.0475,0.0,13.570615,0.0,31.859976,821.63477,29.96,Clear sky
2020-07-26 21:00:00+00:00,HAKKARİ,30,30.5975,15.8975,0.0,15.807239,2.0,29.236046,823.1362,24.28,Partly cloudy
2020-07-27 21:00:00+00:00,HAKKARİ,30,30.747501,15.8975,0.1,11.609651,51.0,38.30216,822.2788,24.47,Drizzle: Light
2020-07-28 21:00:00+00:00,HAKKARİ,30,30.5975,17.0975,0.0,14.05845,3.0,40.287334,822.16205,24.99,Overcast
2020-07-29 21:00:00+00:00,HAKKARİ,30,31.197498,14.8975,0.0,11.503113,0.0,30.879957,819.70966,29.93,Clear sky
2020-07-30 21:00:00+00:00,HAKKARİ,30,28.8975,14.5975,0.0,10.739832,0.0,47.21756,817.57684,28.72,Clear sky
2020-07-31 21:00:00+00:00,HAKKARİ,30,28.7975,13.8975,0.0,10.587918,0.0,37.57777,815.149,28.52,Clear sky
2020-08-01 21:00:00+00:00,HAKKARİ,30,27.1475,14.8475,0.0,14.003028,1.0,30.448029,816.2111,26.23,Mainly clear
2020-08-02 21:00:00+00:00,HAKKARİ,30,27.747501,12.6975,0.0,11.298495,2.0,35.03834,816.2129,28.72,Partly cloudy
2020-08-03 21:00:00+00:00,HAKKARİ,30,27.6475,13.2975,0.0,11.298495,1.0,48.595123,814.9089,26.82,Mainly clear
2020-08-04 21:00:00+00:00,HAKKARİ,30,26.6475,13.2475,0.4,10.948973,51.0,46.44247,813.6502,24.2,Drizzle: Light
2020-08-05 21:00:00+00:00,HAKKARİ,30,28.697498,12.3475,0.0,12.7279215,1.0,40.055706,816.3088,27.02,Mainly clear
2020-08-06 21:00:00+00:00,HAKKARİ,30,27.247501,12.8975,0.0,12.904882,2.0,38.757694,818.47784,27.06,Partly cloudy
2020-08-07 21:00:00+00:00,HAKKARİ,30,27.3475,12.9475,0.0,11.923557,0.0,38.07262,816.63556,28.66,Clear sky
2020-08-08 21:00:00+00:00,HAKKARİ,30,28.3475,12.1975,0.0,11.592895,0.0,31.458426,814.5843,28.51,Clear sky
2020-08-09 21:00:00+00:00,HAKKARİ,30,28.197498,13.1975,0.0,13.584932,0.0,34.114983,815.50006,28.35,Clear sky
2020-08-10 21:00:00+00:00,HAKKARİ,30,27.5975,10.6475,0.0,10.799999,0.0,32.878056,815.53815,29.0,Clear sky
2020-08-11 21:00:00+00:00,HAKKARİ,30,28.997501,11.6975,0.0,9.793059,0.0,37.036854,815.8492,28.04,Clear sky
2020-08-12 21:00:00+00:00,HAKKARİ,30,28.247501,13.2975,0.0,10.315115,0.0,37.952133,815.7858,27.26,Clear sky
2020-08-13 21:00:00+00:00,HAKKARİ,30,27.747501,13.7475,0.0,10.233123,1.0,44.508957,813.72485,24.81,Mainly clear
2020-08-14 21:00:00+00:00,HAKKARİ,30,27.947498,12.6475,0.0,9.511088,3.0,49.053623,813.5362,24.15,Overcast
2020-08-15 21:00:00+00:00,HAKKARİ,30,26.7975,13.8475,0.0,10.315115,1.0,48.732174,815.0149,23.54,Mainly clear
2020-08-16 21:00:00+00:00,HAKKARİ,30,27.3475,13.0975,0.0,10.464797,0.0,39.344822,815.0574,26.67,Clear sky
2020-08-17 21:00:00+00:00,HAKKARİ,30,28.1475,11.5975,0.0,10.365251,0.0,43.495163,814.9775,27.82,Clear sky
2020-08-18 21:00:00+00:00,HAKKARİ,30,28.5475,11.7975,0.0,10.739832,0.0,35.785595,814.60547,27.62,Clear sky
2020-08-19 21:00:00+00:00,HAKKARİ,30,29.1475,11.1975,0.0,10.195057,0.0,28.914953,815.5079,27.8,Clear sky
2020-08-20 21:00:00+00:00,HAKKARİ,30,28.1475,11.3975,0.0,12.88981,0.0,26.455961,814.5923,27.7,Clear sky
2020-08-21 21:00:00+00:00,HAKKARİ,30,24.3475,11.5975,0.2,13.849477,51.0,41.905502,812.1814,23.5,Drizzle: Light
2020-08-22 21:00:00+00:00,HAKKARİ,30,20.6475,10.8475,4.1,12.313894,55.0,64.08607,812.09064,19.2,Drizzle: Dense
2020-08-23 21:00:00+00:00,HAKKARİ,30,22.7975,10.4475,0.0,10.383987,2.0,55.49234,815.52856,22.8,Partly cloudy
2020-08-24 21:00:00+00:00,HAKKARİ,30,24.3475,10.7475,0.0,10.8955765,1.0,51.35184,818.4592,26.12,Mainly clear
2020-08-25 21:00:00+00:00,HAKKARİ,30,26.3475,9.3475,0.0,9.085988,0.0,37.9864,817.7532,26.92,Clear sky
2020-08-26 21:00:00+00:00,HAKKARİ,30,26.2975,9.6975,0.0,10.315115,0.0,32.156933,816.73627,26.69,Clear sky
2020-08-27 21:00:00+00:00,HAKKARİ,30,27.0475,10.5975,0.0,9.983106,2.0,37.788868,816.9714,25.33,Partly cloudy
2020-08-28 21:00:00+00:00,HAKKARİ,30,28.997501,11.2975,0.0,9.693296,0.0,35.693058,820.03094,25.98,Clear sky
2020-08-29 21:00:00+00:00,HAKKARİ,30,29.5475,12.8975,0.0,11.4862,0.0,36.202457,822.1685,25.87,Clear sky
2020-08-30 21:00:00+00:00,HAKKARİ,30,29.497501,12.9475,0.0,9.885262,2.0,35.777775,820.5961,24.04,Partly cloudy
2020-08-31 21:00:00+00:00,HAKKARİ,30,27.8475,13.2475,0.2,9.585739,51.0,38.78147,820.5778,19.08,Drizzle: Light
2020-09-01 21:00:00+00:00,HAKKARİ,30,28.3475,13.6475,0.0,10.390226,2.0,35.210102,823.8619,20.52,Partly cloudy
2020-09-02 21:00:00+00:00,HAKKARİ,30,28.8475,12.0475,0.0,9.693296,3.0,34.959743,824.5004,24.52,Overcast
2020-09-03 21:00:00+00:00,HAKKARİ,30,26.947498,11.6475,0.0,12.10157,1.0,39.8864,822.3265,24.2,Mainly clear
2020-09-04 21:00:00+00:00,HAKKARİ,30,28.697498,11.1975,0.0,11.298495,0.0,40.671364,820.2846,24.94,Clear sky
2020-09-05 21:00:00+00:00,HAKKARİ,30,27.8975,13.1475,0.0,14.654254,2.0,31.825026,821.344,21.72,Partly cloudy
2020-09-06 21:00:00+00:00,HAKKARİ,30,27.197498,12.6975,0.0,15.124284,1.0,29.296663,822.80634,22.36,Mainly clear
2020-09-07 21:00:00+00:00,HAKKARİ,30,27.2975,10.8475,0.0,11.440978,0.0,31.239298,820.8696,24.67,Clear sky
2020-09-08 21:00:00+00:00,HAKKARİ,30,26.997501,10.8975,0.0,9.449572,0.0,31.147942,819.61237,24.35,Clear sky
2020-09-09 21:00:00+00:00,HAKKARİ,30,26.247501,11.4475,0.0,10.464797,1.0,37.373898,820.3715,23.57,Mainly clear
2020-09-10 21:00:00+00:00,HAKKARİ,30,27.5975,10.7475,0.0,13.004922,1.0,34.052868,821.0301,21.41,Mainly clear
2020-09-11 21:00:00+00:00,HAKKARİ,30,27.8475,11.1475,0.0,8.699793,3.0,31.726694,822.9289,20.71,Overcast
2020-09-12 21:00:00+00:00,HAKKARİ,30,27.497501,11.7975,0.0,13.138765,3.0,32.585712,823.96045,18.49,Overcast
2020-09-13 21:00:00+00:00,HAKKARİ,30,27.7975,11.0975,0.0,9.6932955,2.0,35.233227,823.2568,20.43,Partly cloudy
2020-09-14 21:00:00+00:00,HAKKARİ,30,26.8475,11.0975,0.0,9.114471,1.0,35.513973,822.09247,21.41,Mainly clear
2020-09-15 21:00:00+00:00,HAKKARİ,30,26.997501,11.4475,0.0,9.227524,1.0,32.756306,821.2925,22.14,Mainly clear
2020-09-16 21:00:00+00:00,HAKKARİ,30,26.6475,10.6975,0.0,9.693296,0.0,30.34973,822.4842,23.19,Clear sky
2020-09-17 21:00:00+00:00,HAKKARİ,30,25.5975,9.8975,0.0,15.141414,1.0,30.012178,821.1026,22.26,Mainly clear
2020-09-18 21:00:00+00:00,HAKKARİ,30,25.447498,10.1475,0.0,11.620809,0.0,31.596231,818.6172,22.91,Clear sky
2020-09-19 21:00:00+00:00,HAKKARİ,30,24.6475,9.247499,0.0,13.797913,0.0,36.065247,818.9744,21.88,Clear sky
2020-09-20 21:00:00+00:00,HAKKARİ,30,25.497501,7.4475,0.0,13.584932,1.0,36.176853,820.39545,19.98,Mainly clear
2020-09-21 21:00:00+00:00,HAKKARİ,30,24.6475,10.2975,0.0,14.007655,1.0,36.755707,821.3972,20.45,Mainly clear
2020-09-22 21:00:00+00:00,HAKKARİ,30,24.1475,8.747499,0.0,9.1641035,0.0,39.95414,819.4143,22.03,Clear sky
2020-09-23 21:00:00+00:00,HAKKARİ,30,24.197498,7.9975,0.0,10.009036,1.0,41.63508,819.45264,21.67,Mainly clear
2020-09-24 21:00:00+00:00,HAKKARİ,30,23.497501,8.297501,0.0,12.096214,2.0,44.764988,818.7825,21.36,Partly cloudy
2020-09-25 21:00:00+00:00,HAKKARİ,30,21.747501,7.6475,0.0,11.384198,1.0,51.73026,817.71967,19.57,Mainly clear
2020-09-26 21:00:00+00:00,HAKKARİ,30,23.997501,7.1475,0.0,8.287822,0.0,46.001003,819.3169,20.97,Clear sky
2020-09-27 21:00:00+00:00,HAKKARİ,30,24.0975,8.0975,0.0,10.483357,0.0,47.69443,821.74414,20.74,Clear sky
2020-09-28 21:00:00+00:00,HAKKARİ,30,22.247501,8.0975,0.0,12.074766,1.0,54.73123,819.6414,20.53,Mainly clear
2020-09-29 21:00:00+00:00,HAKKARİ,30,22.8975,6.7475,0.0,11.681987,3.0,47.5342,816.342,18.35,Overcast
2020-09-30 21:00:00+00:00,HAKKARİ,30,21.197498,9.5475,0.0,15.315873,2.0,45.80655,818.56616,17.02,Partly cloudy
2020-10-01 21:00:00+00:00,HAKKARİ,30,17.497501,8.4475,3.6000001,11.808878,55.0,67.63433,821.2116,12.58,Drizzle: Dense
2020-10-02 21:00:00+00:00,HAKKARİ,30,20.5975,6.1475,0.0,11.91812,3.0,53.455547,820.424,19.12,Overcast
2020-10-03 21:00:00+00:00,HAKKARİ,30,20.447498,6.7475,0.0,13.004922,2.0,42.37198,818.8325,17.16,Partly cloudy
2020-10-04 21:00:00+00:00,HAKKARİ,30,19.497501,4.8975,0.0,11.726277,2.0,42.54086,818.8763,18.98,Partly cloudy
2020-10-05 21:00:00+00:00,HAKKARİ,30,17.8475,5.0475,0.0,10.739832,3.0,57.363735,819.06323,16.8,Overcast
2020-10-06 21:00:00+00:00,HAKKARİ,30,16.497501,5.0475,0.4,9.339208,51.0,69.10834,819.6785,13.92,Drizzle: Light
2020-10-07 21:00:00+00:00,HAKKARİ,30,15.4475,3.0475001,0.6,10.636766,51.0,67.294914,820.9126,17.19,Drizzle: Light
2020-10-08 21:00:00+00:00,HAKKARİ,30,17.7975,2.2475,0.0,12.287555,0.0,55.37048,823.0766,19.47,Clear sky
2020-10-09 21:00:00+00:00,HAKKARİ,30,21.3475,0.7975,0.0,11.269782,0.0,34.596844,822.3409,19.59,Clear sky
2020-10-10 21:00:00+00:00,HAKKARİ,30,22.0475,2.2975001,0.0,9.290511,3.0,29.700066,820.96045,18.9,Overcast
2020-10-11 21:00:00+00:00,HAKKARİ,30,21.6475,4.3975,0.0,7.968939,1.0,31.108047,821.47076,18.58,Mainly clear
2020-10-12 21:00:00+00:00,HAKKARİ,30,21.947498,5.0475,0.0,9.360001,0.0,34.543953,820.6962,18.39,Clear sky
2020-10-13 21:00:00+00:00,HAKKARİ,30,21.947498,4.7975,0.0,7.628263,1.0,34.068096,820.51215,18.18,Mainly clear
2020-10-14 21:00:00+00:00,HAKKARİ,30,21.247501,5.3975,0.0,8.557102,2.0,38.838917,820.4643,16.89,Partly cloudy
2020-10-15 21:00:00+00:00,HAKKARİ,30,21.497501,5.1475,0.0,8.78872,0.0,41.584736,820.2046,17.49,Clear sky
2020-10-16 21:00:00+00:00,HAKKARİ,30,21.2975,4.8475,0.0,8.089993,0.0,40.240116,820.46246,17.46,Clear sky
2020-10-17 21:00:00+00:00,HAKKARİ,30,19.747501,4.5475,0.0,9.290511,0.0,36.17995,820.822,17.65,Clear sky
2020-10-18 21:00:00+00:00,HAKKARİ,30,18.8475,2.6975,0.0,10.1887,1.0,33.04868,820.5634,17.56,Mainly clear
2020-10-19 21:00:00+00:00,HAKKARİ,30,20.197498,2.7975001,0.0,8.699793,3.0,37.07127,820.5566,16.69,Overcast
2020-10-20 21:00:00+00:00,HAKKARİ,30,20.8475,3.9475,0.0,7.7043357,1.0,47.32266,821.0754,16.35,Mainly clear
2020-10-21 21:00:00+00:00,HAKKARİ,30,21.0975,3.3975,0.0,8.435069,0.0,45.05214,821.83954,16.75,Clear sky
2020-10-22 21:00:00+00:00,HAKKARİ,30,20.7975,2.5475001,0.0,8.209263,0.0,35.609707,821.5993,16.85,Clear sky
2020-10-23 21:00:00+00:00,HAKKARİ,30,21.1475,4.1475,0.0,9.360001,0.0,31.93956,821.4021,16.71,Clear sky
2020-10-24 21:00:00+00:00,HAKKARİ,30,19.497501,3.8975,0.0,10.383987,3.0,29.25934,820.38434,13.37,Overcast
2020-10-25 21:00:00+00:00,HAKKARİ,30,17.947498,5.1475,0.0,9.360001,3.0,27.746344,820.73126,15.52,Overcast
2020-10-26 21:00:00+00:00,HAKKARİ,30,18.8475,1.6475,0.0,6.439876,2.0,32.98817,821.04834,16.07,Partly cloudy
2020-10-27 21:00:00+00:00,HAKKARİ,30,19.447498,2.7475,0.0,8.557102,3.0,33.519756,822.2205,15.66,Overcast
2020-10-28 21:00:00+00:00,HAKKARİ,30,20.6475,4.6975,0.0,10.966713,2.0,37.561672,823.2336,14.87,Partly cloudy
2020-10-29 21:00:00+00:00,HAKKARİ,30,19.747501,6.0975,0.0,10.966713,3.0,39.72069,823.0612,14.27,Overcast
2020-10-30 21:00:00+00:00,HAKKARİ,30,18.747501,5.0975,0.0,9.793059,3.0,36.115383,821.419,14.34,Overcast
2020-10-31 21:00:00+00:00,HAKKARİ,30,15.7975,3.4475,0.0,10.464797,2.0,35.256718,821.29834,14.97,Partly cloudy
2020-11-01 21:00:00+00:00,HAKKARİ,30,13.4475,5.1975,5.4,8.669949,53.0,62.70226,822.60034,6.32,Drizzle: Moderate
2020-11-02 21:00:00+00:00,HAKKARİ,30,12.0475,4.9475,2.1000001,10.739832,53.0,77.76774,822.10516,8.47,Drizzle: Moderate
2020-11-03 21:00:00+00:00,HAKKARİ,30,11.5475,3.8475,11.599999,6.9153743,61.0,82.777824,820.2895,7.21,Rain: Slight
2020-11-04 21:00:00+00:00,HAKKARİ,30,12.1475,5.4975,14.7,10.086427,75.0,82.68885,816.2784,6.67,Snow fall: Heavy
2020-11-05 21:00:00+00:00,HAKKARİ,30,7.4475,2.1475,25.200003,7.072878,75.0,89.59849,814.7122,5.94,Snow fall: Heavy
2020-11-06 21:00:00+00:00,HAKKARİ,30,9.1475,1.8975,0.1,7.42159,51.0,83.4515,816.2133,9.61,Drizzle: Light
2020-11-07 21:00:00+00:00,HAKKARİ,30,10.1975,-1.2024999,0.0,9.028754,1.0,71.81693,818.85156,14.22,Mainly clear
2020-11-08 21:00:00+00:00,HAKKARİ,30,11.9975,-1.9524999,0.0,9.021574,3.0,71.95248,820.8093,11.67,Overcast
2020-11-09 21:00:00+00:00,HAKKARİ,30,11.3475,0.047500014,2.7,6.989936,53.0,78.003716,817.27716,10.15,Drizzle: Moderate
2020-11-10 21:00:00+00:00,HAKKARİ,30,9.9475,1.2475001,0.1,6.792466,51.0,80.21229,816.63324,11.29,Drizzle: Light
2020-11-11 21:00:00+00:00,HAKKARİ,30,8.797501,1.1975,0.3,7.7879906,51.0,76.71777,819.0634,10.8,Drizzle: Light
2020-11-12 21:00:00+00:00,HAKKARİ,30,9.9475,-2.6525002,0.0,7.653705,1.0,67.41128,818.6628,13.23,Mainly clear
2020-11-13 21:00:00+00:00,HAKKARİ,30,9.9475,-3.6025,0.0,7.42159,3.0,48.9908,817.21173,13.22,Overcast
2020-11-14 21:00:00+00:00,HAKKARİ,30,8.6975,-1.7525,0.0,8.669949,3.0,59.583164,814.2347,13.37,Overcast
2020-11-15 21:00:00+00:00,HAKKARİ,30,5.2975,-2.0025,0.6,5.2416787,71.0,77.938896,815.20776,6.03,Snow fall: Slight
2020-11-16 21:00:00+00:00,HAKKARİ,30,7.2475,-3.5524998,0.0,7.5170207,2.0,82.069176,817.1619,11.03,Partly cloudy
2020-11-17 21:00:00+00:00,HAKKARİ,30,8.1475,-4.2025,0.0,7.4128532,3.0,64.10349,816.5263,12.93,Overcast
2020-11-18 21:00:00+00:00,HAKKARİ,30,8.5975,-2.6025,0.0,7.42159,3.0,60.21141,815.696,12.61,Overcast
2020-11-19 21:00:00+00:00,HAKKARİ,30,8.3475,-1.9524999,2.3,6.763786,73.0,64.56196,814.0732,10.44,Snow fall: Moderate
2020-11-20 21:00:00+00:00,HAKKARİ,30,7.7475,-1.0525,2.8,6.9527545,75.0,81.79859,812.30225,7.58,Snow fall: Heavy
2020-11-21 21:00:00+00:00,HAKKARİ,30,8.6475,-2.1525,0.0,8.557102,3.0,69.702835,815.4605,11.04,Overcast
2020-11-22 21:00:00+00:00,HAKKARİ,30,8.247499,-3.1025,0.0,7.9526596,2.0,68.47874,815.43066,11.81,Partly cloudy
2020-11-23 21:00:00+00:00,HAKKARİ,30,9.1475,-4.2525,0.0,8.225035,1.0,52.3426,814.718,12.34,Mainly clear
2020-11-24 21:00:00+00:00,HAKKARİ,30,6.9475,-1.1025,0.0,8.534353,3.0,54.907955,812.7315,8.97,Overcast
2020-11-25 21:00:00+00:00,HAKKARİ,30,3.1975,-5.9525,5.7000003,9.726664,75.0,77.06399,810.1712,2.68,Snow fall: Heavy
2020-11-26 21:00:00+00:00,HAKKARİ,30,5.0475,-13.4025,0.0,11.457958,3.0,67.39477,813.8328,12.57,Overcast
2020-11-27 21:00:00+00:00,HAKKARİ,30,7.7475,-2.2024999,0.0,8.78872,3.0,55.9261,818.67523,10.3,Overcast
2020-11-28 21:00:00+00:00,HAKKARİ,30,5.5975,-1.3025,2.1999998,7.9932966,73.0,74.391304,815.1087,6.04,Snow fall: Moderate
2020-11-29 21:00:00+00:00,HAKKARİ,30,5.6475,-4.5525,0.0,8.350138,3.0,81.48944,815.8532,10.8,Overcast
2020-11-30 21:00:00+00:00,HAKKARİ,30,6.1975,-5.3525,0.0,6.4096174,2.0,66.367035,815.7769,11.28,Partly cloudy
2020-12-01 21:00:00+00:00,HAKKARİ,30,7.3475,-3.9025002,0.0,8.225035,2.0,63.260143,816.6314,11.2,Partly cloudy
2020-12-02 21:00:00+00:00,HAKKARİ,30,7.8475,-4.4025,0.0,8.557102,0.0,49.84209,817.21295,11.56,Clear sky
2020-12-03 21:00:00+00:00,HAKKARİ,30,7.5975,-4.4525,0.0,8.373386,2.0,49.483334,816.34564,11.43,Partly cloudy
2020-12-04 21:00:00+00:00,HAKKARİ,30,6.6475,-5.0525,0.0,7.8954163,3.0,48.28723,813.62726,11.1,Overcast
2020-12-05 21:00:00+00:00,HAKKARİ,30,4.7975,-5.3025,0.0,9.686609,3.0,60.70766,811.1055,11.43,Overcast
2020-12-06 21:00:00+00:00,HAKKARİ,30,5.0475,-4.7025,0.0,10.30883,3.0,61.90294,815.1705,10.76,Overcast
2020-12-07 21:00:00+00:00,HAKKARİ,30,5.8975,-5.4525,0.0,9.693296,3.0,67.10732,816.685,9.19,Overcast
2020-12-08 21:00:00+00:00,HAKKARİ,30,6.1475,-4.1525,1.5,5.991594,73.0,77.25552,815.5686,7.93,Snow fall: Moderate
2020-12-09 21:00:00+00:00,HAKKARİ,30,7.3475,-4.9025,0.0,7.5942082,2.0,66.32987,815.56665,11.07,Partly cloudy
2020-12-10 21:00:00+00:00,HAKKARİ,30,6.0475,-4.0525,0.0,8.209263,3.0,63.62093,815.73285,10.71,Overcast
2020-12-11 21:00:00+00:00,HAKKARİ,30,6.4975,-5.2025,0.0,7.24486,3.0,58.72823,815.5462,10.76,Overcast
2020-12-12 21:00:00+00:00,HAKKARİ,30,7.4475,-3.8024998,1.3,7.9036193,73.0,68.06803,816.823,8.18,Snow fall: Moderate
2020-12-13 21:00:00+00:00,HAKKARİ,30,4.1975,-0.60249996,5.2,4.6938257,73.0,91.839134,816.8101,2.68,Snow fall: Moderate
2020-12-14 21:00:00+00:00,HAKKARİ,30,7.9475,-1.6025,11.5,7.5685663,75.0,81.948235,814.663,5.25,Snow fall: Heavy
2020-12-15 21:00:00+00:00,HAKKARİ,30,4.4975,-8.4025,11.3,7.5170207,75.0,88.911766,813.0866,5.17,Snow fall: Heavy
2020-12-16 21:00:00+00:00,HAKKARİ,30,3.8475,-9.3025,0.0,8.699793,3.0,79.82932,813.2988,9.57,Overcast
2020-12-17 21:00:00+00:00,HAKKARİ,30,4.4475,-13.9025,0.0,8.287822,1.0,75.35095,812.0464,11.23,Mainly clear
2020-12-18 21:00:00+00:00,HAKKARİ,30,4.8475,-14.9525,0.0,9.983106,3.0,59.822308,814.2845,11.38,Overcast
2020-12-19 21:00:00+00:00,HAKKARİ,30,2.2475,-9.7525,0.0,7.9932976,2.0,64.92542,816.06854,10.99,Partly cloudy
2020-12-20 21:00:00+00:00,HAKKARİ,30,2.7475,-12.9025,0.0,8.350138,3.0,65.44723,816.3593,11.1,Overcast
2020-12-21 21:00:00+00:00,HAKKARİ,30,1.2975,-7.5525,6.9,4.6102495,75.0,75.47231,815.8816,3.33,Snow fall: Heavy
2020-12-22 21:00:00+00:00,HAKKARİ,30,-0.4525,-9.1025,18.000002,5.1544156,75.0,95.163246,809.8503,2.13,Snow fall: Heavy
2020-12-23 21:00:00+00:00,HAKKARİ,30,-3.7024999,-18.6525,0.3,8.39657,71.0,69.28546,806.24884,9.22,Snow fall: Slight
2020-12-24 21:00:00+00:00,HAKKARİ,30,-1.1025,-20.252499,0.0,8.534353,1.0,53.636658,810.19116,11.7,Mainly clear
2020-12-25 21:00:00+00:00,HAKKARİ,30,4.9475,-18.4525,0.0,7.8954163,0.0,37.58627,815.74805,11.29,Clear sky
2020-12-26 21:00:00+00:00,HAKKARİ,30,7.8475,-12.7025,0.0,9.693296,1.0,39.469856,816.22284,11.49,Mainly clear
2020-12-27 21:00:00+00:00,HAKKARİ,30,7.6975,-12.7025,0.0,8.854829,3.0,38.749092,815.5738,11.61,Overcast
2020-12-28 21:00:00+00:00,HAKKARİ,30,6.8975,-8.5025,0.0,7.729527,3.0,46.301876,815.0871,9.9,Overcast
2020-12-29 21:00:00+00:00,HAKKARİ,30,7.4475,-8.9525,0.0,10.464797,0.0,67.40748,815.072,11.13,Clear sky
2020-12-30 21:00:00+00:00,HAKKARİ,30,9.1975,-11.0025,0.0,10.990322,0.0,41.77593,815.0195,11.52,Clear sky
2020-12-31 21:00:00+00:00,HAKKARİ,30,7.6975,-11.3525,0.0,8.854829,0.0,38.215466,814.7563,11.42,Clear sky
2021-01-01 21:00:00+00:00,HAKKARİ,30,7.4975,-12.5525,0.0,9.178235,3.0,45.277863,815.84955,11.15,Overcast
2021-01-02 21:00:00+00:00,HAKKARİ,30,6.4975,-5.2025,0.0,9.931042,3.0,45.35844,817.10236,10.04,Overcast
2021-01-03 21:00:00+00:00,HAKKARİ,30,4.5975,-7.5525,0.0,12.397806,0.0,49.55907,818.6787,11.3,Clear sky
2021-01-04 21:00:00+00:00,HAKKARİ,30,6.6475,-8.2025,0.0,10.990322,3.0,36.71162,817.80865,11.8,Overcast
2021-01-05 21:00:00+00:00,HAKKARİ,30,8.047501,-9.1025,0.0,9.983106,3.0,20.485292,817.39136,11.28,Overcast
2021-01-06 21:00:00+00:00,HAKKARİ,30,8.1475,-6.1025,0.0,9.339208,3.0,31.624002,817.7491,11.33,Overcast
2021-01-07 21:00:00+00:00,HAKKARİ,30,8.297501,-6.3525,0.0,6.763786,3.0,29.398125,817.5188,11.79,Overcast
2021-01-08 21:00:00+00:00,HAKKARİ,30,8.497499,-4.9025,0.0,6.9247384,3.0,27.073126,817.23096,10.39,Overcast
2021-01-09 21:00:00+00:00,HAKKARİ,30,8.1475,-6.7524996,0.0,6.439876,2.0,22.853926,816.3689,12.07,Partly cloudy
2021-01-10 21:00:00+00:00,HAKKARİ,30,10.6475,-4.9525,0.0,8.669949,3.0,37.66715,817.7297,11.08,Overcast
2021-01-11 21:00:00+00:00,HAKKARİ,30,12.4975,-0.50249994,0.0,7.928178,2.0,57.522167,819.053,11.44,Partly cloudy
2021-01-12 21:00:00+00:00,HAKKARİ,30,10.2975,-0.60249996,0.0,10.296251,3.0,69.099525,815.8592,10.03,Overcast
2021-01-13 21:00:00+00:00,HAKKARİ,30,1.8475001,-1.2525,15.000001,8.12197,75.0,96.01843,809.9275,1.61,Snow fall: Heavy
2021-01-14 21:00:00+00:00,HAKKARİ,30,-0.25249994,-3.7525,13.700002,6.725354,75.0,94.65485,809.5643,3.34,Snow fall: Heavy
2021-01-15 21:00:00+00:00,HAKKARİ,30,2.4475,-7.7025003,0.5,6.725354,71.0,76.68047,810.9395,11.18,Snow fall: Slight
2021-01-16 21:00:00+00:00,HAKKARİ,30,0.3475001,-9.8025,10.1,6.9153743,75.0,77.318054,806.4731,5.09,Snow fall: Heavy
2021-01-17 21:00:00+00:00,HAKKARİ,30,-0.20249999,-2.9524999,30.999996,12.879752,75.0,95.50028,808.28094,3.21,Snow fall: Heavy
2021-01-18 21:00:00+00:00,HAKKARİ,30,-1.6025,-3.8024998,46.499996,8.373386,75.0,95.10435,809.5925,1.48,Snow fall: Heavy
2021-01-19 21:00:00+00:00,HAKKARİ,30,-1.4524999,-5.0025,27.199997,8.473393,75.0,89.320984,807.2458,3.89,Snow fall: Heavy
2021-01-20 21:00:00+00:00,HAKKARİ,30,-2.6525002,-16.9525,0.5,9.290511,73.0,58.462692,812.66156,13.61,Snow fall: Moderate
2021-01-21 21:00:00+00:00,HAKKARİ,30,-4.0525,-19.6025,0.0,10.739832,1.0,47.759808,814.26324,14.09,Mainly clear
2021-01-22 21:00:00+00:00,HAKKARİ,30,1.6975,-17.3525,0.0,11.090103,3.0,28.714895,813.2669,13.84,Overcast
2021-01-23 21:00:00+00:00,HAKKARİ,30,3.5475001,-14.0525,0.0,6.792466,3.0,33.246864,813.9041,13.72,Overcast
2021-01-24 21:00:00+00:00,HAKKARİ,30,2.8475,-12.3525,0.0,7.24486,3.0,37.599453,814.1253,13.8,Overcast
2021-01-25 21:00:00+00:00,HAKKARİ,30,3.1975,-9.0025,0.0,5.937272,3.0,43.401608,815.0014,13.94,Overcast
2021-01-26 21:00:00+00:00,HAKKARİ,30,5.0475,-9.3525,0.0,7.0911775,3.0,47.503403,812.6036,13.14,Overcast
2021-01-27 21:00:00+00:00,HAKKARİ,30,-0.20249999,-7.3025,17.499998,5.815978,75.0,82.12199,810.8388,2.74,Snow fall: Heavy
2021-01-28 21:00:00+00:00,HAKKARİ,30,1.1975,-2.2024999,17.0,4.1046314,75.0,88.56429,809.42694,6.97,Snow fall: Heavy
2021-01-29 21:00:00+00:00,HAKKARİ,30,-1.4024999,-5.9525,4.4,8.699793,73.0,87.341125,809.7871,7.63,Snow fall: Moderate
2021-01-30 21:00:00+00:00,HAKKARİ,30,-1.6025,-5.9525,3.7999997,5.634891,73.0,85.56661,814.23895,5.38,Snow fall: Moderate
2021-01-31 21:00:00+00:00,HAKKARİ,30,3.0475001,-10.8025,0.0,7.145796,2.0,69.70354,817.1601,14.74,Partly cloudy
2021-02-01 21:00:00+00:00,HAKKARİ,30,8.0975,-8.3025,0.0,8.587338,1.0,40.6643,815.34717,15.14,Mainly clear
2021-02-02 21:00:00+00:00,HAKKARİ,30,8.497499,-8.0525,0.0,8.707237,3.0,36.154232,813.7559,14.95,Overcast
2021-02-03 21:00:00+00:00,HAKKARİ,30,7.3975,-5.3525,0.2,6.989936,71.0,61.04039,814.63275,10.32,Snow fall: Slight
2021-02-04 21:00:00+00:00,HAKKARİ,30,2.3475,-2.5525,8.3,4.39436,73.0,93.11002,813.1651,2.95,Snow fall: Moderate
2021-02-05 21:00:00+00:00,HAKKARİ,30,6.4475,-7.4025,0.0,7.2805495,3.0,66.41923,811.3829,15.55,Overcast
2021-02-06 21:00:00+00:00,HAKKARİ,30,7.9475,-8.4025,0.0,9.0645685,0.0,55.42856,811.581,15.46,Clear sky
2021-02-07 21:00:00+00:00,HAKKARİ,30,7.2475,0.44750005,0.0,9.178235,3.0,48.457607,818.9226,15.61,Overcast
2021-02-08 21:00:00+00:00,HAKKARİ,30,8.1975,-1.8025,0.0,9.83268,3.0,51.807114,820.1201,13.86,Overcast
2021-02-09 21:00:00+00:00,HAKKARİ,30,8.0975,-5.8525,0.0,5.5887027,3.0,49.776356,815.7054,14.54,Overcast
2021-02-10 21:00:00+00:00,HAKKARİ,30,6.7975,-9.2525,0.0,9.0,2.0,55.716747,812.7453,16.25,Partly cloudy
2021-02-11 21:00:00+00:00,HAKKARİ,30,8.4475,-7.4025,0.0,6.763786,3.0,41.857834,811.56866,16.85,Overcast
2021-02-12 21:00:00+00:00,HAKKARİ,30,6.0475,-8.0525,0.0,9.339208,3.0,59.49455,812.6655,15.83,Overcast
2021-02-13 21:00:00+00:00,HAKKARİ,30,7.3475,-5.5525,0.0,6.725354,1.0,60.036377,815.7876,16.62,Mainly clear
2021-02-14 21:00:00+00:00,HAKKARİ,30,7.3475,-8.6525,0.0,6.439876,1.0,62.004307,812.04877,16.92,Mainly clear
2021-02-15 21:00:00+00:00,HAKKARİ,30,3.4475,-2.8525,17.099998,6.489992,75.0,83.84699,808.1245,3.56,Snow fall: Heavy
2021-02-16 21:00:00+00:00,HAKKARİ,30,2.5975,-2.5025,61.099995,16.039202,75.0,96.87397,801.9589,2.97,Snow fall: Heavy
2021-02-17 21:00:00+00:00,HAKKARİ,30,-2.9025002,-5.8025,3.9999993,6.9247384,73.0,85.41105,807.36127,6.92,Snow fall: Moderate
2021-02-18 21:00:00+00:00,HAKKARİ,30,-3.8525,-6.8025,2.6999996,8.28,71.0,81.60979,813.7871,7.36,Snow fall: Slight
2021-02-19 21:00:00+00:00,HAKKARİ,30,-2.9524999,-6.4525,5.7,6.439876,73.0,88.1146,813.5967,5.73,Snow fall: Moderate
2021-02-20 21:00:00+00:00,HAKKARİ,30,-2.5525,-9.8525,0.8000001,6.792466,71.0,76.571495,815.1917,11.47,Snow fall: Slight
2021-02-21 21:00:00+00:00,HAKKARİ,30,-0.15249991,-17.4025,0.0,8.587338,0.0,60.357067,814.46356,18.98,Clear sky
2021-02-22 21:00:00+00:00,HAKKARİ,30,5.3975,-14.5525,0.0,8.39657,0.0,53.297626,812.79095,18.38,Clear sky
2021-02-23 21:00:00+00:00,HAKKARİ,30,4.3975,-11.7525,0.0,10.739832,2.0,59.659943,810.25226,19.01,Partly cloudy
2021-02-24 21:00:00+00:00,HAKKARİ,30,1.6475,-10.3025,0.0,12.387348,3.0,66.534775,813.5555,17.87,Overcast
2021-02-25 21:00:00+00:00,HAKKARİ,30,3.8475,-13.5025,0.0,10.009036,0.0,55.999096,812.7495,19.4,Clear sky
2021-02-26 21:00:00+00:00,HAKKARİ,30,5.0975,-10.5525,0.0,7.9932966,0.0,48.890568,811.85693,19.41,Clear sky
2021-02-27 21:00:00+00:00,HAKKARİ,30,4.1975,-8.3025,0.0,8.891344,1.0,54.156162,811.4681,19.82,Mainly clear
2021-02-28 21:00:00+00:00,HAKKARİ,30,2.9475,-8.9025,1.5,9.659814,73.0,73.511024,812.6962,15.22,Snow fall: Moderate
2021-03-01 21:00:00+00:00,HAKKARİ,30,2.7975001,-1.1524999,9.800001,9.114471,73.0,88.68018,816.24713,9.54,Snow fall: Moderate
2021-03-02 21:00:00+00:00,HAKKARİ,30,4.4975,-2.1525,6.3999996,11.4862,73.0,75.799736,815.13873,16.76,Snow fall: Moderate
2021-03-03 21:00:00+00:00,HAKKARİ,30,3.5975,-5.9525,10.7,5.6233797,75.0,84.63959,812.44415,9.06,Snow fall: Heavy
2021-03-04 21:00:00+00:00,HAKKARİ,30,3.8475,-3.1525002,14.1,10.24578,75.0,88.76499,811.24054,12.41,Snow fall: Heavy
2021-03-05 21:00:00+00:00,HAKKARİ,30,6.1475,-9.2025,0.0,8.905908,2.0,65.07821,815.25104,21.01,Partly cloudy
2021-03-06 21:00:00+00:00,HAKKARİ,30,5.8475,-6.1025,0.0,9.511088,3.0,59.579742,812.3667,19.67,Overcast
2021-03-07 21:00:00+00:00,HAKKARİ,30,3.3975,-5.4025,5.2999997,13.1041975,73.0,81.75815,809.3326,12.62,Snow fall: Moderate
2021-03-08 21:00:00+00:00,HAKKARİ,30,4.3975,-2.7024999,0.6,10.883676,71.0,67.50398,811.7094,19.81,Snow fall: Slight
2021-03-09 21:00:00+00:00,HAKKARİ,30,6.2475,-3.6525002,1.3000001,12.031756,73.0,63.347782,813.5578,19.96,Snow fall: Moderate
2021-03-10 21:00:00+00:00,HAKKARİ,30,6.6975,-0.002499938,16.900002,10.182337,75.0,86.17231,806.2673,7.57,Snow fall: Heavy
2021-03-11 21:00:00+00:00,HAKKARİ,30,3.3475,-1.3025,15.200001,8.225035,75.0,87.52371,800.67163,7.74,Snow fall: Heavy
2021-03-12 21:00:00+00:00,HAKKARİ,30,5.3975,-8.2025,0.0,11.367109,0.0,68.005684,810.71747,22.51,Clear sky
2021-03-13 21:00:00+00:00,HAKKARİ,30,7.7975,-4.2525,0.0,10.137692,3.0,63.43077,812.3394,18.97,Overcast
2021-03-14 21:00:00+00:00,HAKKARİ,30,5.4475,-2.9524999,5.1000004,8.587338,73.0,75.37722,811.42267,11.83,Snow fall: Moderate
2021-03-15 21:00:00+00:00,HAKKARİ,30,7.1475,0.64750004,4.5,9.504273,73.0,80.66663,812.0493,14.01,Snow fall: Moderate
2021-03-16 21:00:00+00:00,HAKKARİ,30,7.5975,2.2975001,14.8,13.089354,75.0,86.22178,810.32,11.21,Snow fall: Heavy
2021-03-17 21:00:00+00:00,HAKKARİ,30,3.9475,-0.4024999,4.2,13.513193,75.0,79.35631,808.16504,14.64,Snow fall: Heavy
2021-03-18 21:00:00+00:00,HAKKARİ,30,3.8975,-3.0524998,11.500001,12.984975,75.0,73.22021,811.06885,17.9,Snow fall: Heavy
2021-03-19 21:00:00+00:00,HAKKARİ,30,6.8975,-7.3025,0.0,11.246759,3.0,60.2175,813.0832,22.04,Overcast
2021-03-20 21:00:00+00:00,HAKKARİ,30,8.3475,-5.0025,0.0,10.30883,3.0,61.203243,811.169,20.99,Overcast
2021-03-21 21:00:00+00:00,HAKKARİ,30,8.3975,-1.8525,0.5,9.673221,71.0,69.73628,811.75116,18.59,Snow fall: Slight
2021-03-22 21:00:00+00:00,HAKKARİ,30,5.7975,2.8475,30.5,5.815978,75.0,86.79221,811.09247,5.64,Snow fall: Heavy
2021-03-23 21:00:00+00:00,HAKKARİ,30,6.1975,0.8475,51.6,12.413476,75.0,93.3785,803.1944,5.92,Snow fall: Heavy
2021-03-24 21:00:00+00:00,HAKKARİ,30,2.8975,-2.9524999,9.800002,16.199999,75.0,82.16898,807.2729,15.57,Snow fall: Heavy
2021-03-25 21:00:00+00:00,HAKKARİ,30,1.4975001,-5.0525,8.4,9.6932955,75.0,85.181946,811.4277,7.74,Snow fall: Heavy
2021-03-26 21:00:00+00:00,HAKKARİ,30,0.39750004,-8.7025,11.400002,12.768586,75.0,78.69001,809.99194,19.16,Snow fall: Heavy
2021-03-27 21:00:00+00:00,HAKKARİ,30,4.7975,-11.4525,0.0,8.913181,1.0,61.258945,815.02264,25.26,Mainly clear
2021-03-28 21:00:00+00:00,HAKKARİ,30,7.0475,-9.0025,0.0,10.086427,0.0,58.283157,814.61945,25.39,Clear sky
2021-03-29 21:00:00+00:00,HAKKARİ,30,8.747499,-6.7025003,0.0,11.304229,3.0,50.665485,813.6125,24.86,Overcast
2021-03-30 21:00:00+00:00,HAKKARİ,30,12.0475,-2.5525,0.0,6.763786,3.0,51.179047,813.2935,20.51,Overcast
2021-03-31 21:00:00+00:00,HAKKARİ,30,10.4975,-1.5025,0.0,11.808878,1.0,64.18311,812.2085,23.11,Mainly clear
2021-04-01 21:00:00+00:00,HAKKARİ,30,6.8475,-0.4525,0.0,11.983188,3.0,65.442726,810.6502,21.38,Overcast
2021-04-02 21:00:00+00:00,HAKKARİ,30,4.4975,-2.7525,4.4,10.365251,73.0,79.3824,811.1176,13.26,Snow fall: Moderate
2021-04-03 21:00:00+00:00,HAKKARİ,30,8.6975,-3.3525,0.0,10.44,2.0,72.66442,816.28864,24.07,Partly cloudy
2021-04-04 21:00:00+00:00,HAKKARİ,30,10.1475,-0.4525,0.0,12.413477,2.0,67.19358,817.23236,25.15,Partly cloudy
2021-04-05 21:00:00+00:00,HAKKARİ,30,12.9975,1.5975001,0.0,10.948973,3.0,64.14938,818.59863,24.94,Overcast
2021-04-06 21:00:00+00:00,HAKKARİ,30,14.5475,1.0475,0.0,8.427383,3.0,51.181065,818.91925,23.86,Overcast
2021-04-07 21:00:00+00:00,HAKKARİ,30,15.1975,1.3975,0.0,8.217153,3.0,53.411728,816.70197,22.26,Overcast
2021-04-08 21:00:00+00:00,HAKKARİ,30,14.4975,-0.9024999,0.3,8.404285,51.0,61.514984,812.081,22.85,Drizzle: Light
2021-04-09 21:00:00+00:00,HAKKARİ,30,12.9475,1.6475,12.6,9.504272,73.0,77.8451,811.19855,17.74,Snow fall: Moderate
2021-04-10 21:00:00+00:00,HAKKARİ,30,7.6475,-2.3525,28.199999,10.636766,73.0,80.424835,812.053,10.59,Snow fall: Moderate
2021-04-11 21:00:00+00:00,HAKKARİ,30,8.047501,-3.4524999,0.0,11.269782,2.0,62.907608,814.14355,25.07,Partly cloudy
2021-04-12 21:00:00+00:00,HAKKARİ,30,8.3975,-2.5525,5.0,10.829958,75.0,71.35513,813.8343,19.1,Snow fall: Heavy
2021-04-13 21:00:00+00:00,HAKKARİ,30,10.5475,-1.4024999,0.0,10.24578,2.0,61.374695,815.1289,26.61,Partly cloudy
2021-04-14 21:00:00+00:00,HAKKARİ,30,12.5975,-2.8024998,0.0,10.495713,3.0,52.764435,815.7442,26.68,Overcast
2021-04-15 21:00:00+00:00,HAKKARİ,30,14.5975,-1.3525,0.0,11.165805,2.0,59.032307,817.38763,25.55,Partly cloudy
2021-04-16 21:00:00+00:00,HAKKARİ,30,16.997501,0.5475,0.0,8.766573,2.0,58.071335,819.3858,25.95,Partly cloudy
2021-04-17 21:00:00+00:00,HAKKARİ,30,19.5475,2.1975,0.2,10.948973,51.0,56.27548,819.96216,23.23,Drizzle: Light
2021-04-18 21:00:00+00:00,HAKKARİ,30,21.5475,2.9975,0.0,9.72,3.0,54.70964,820.52704,25.77,Overcast
2021-04-19 21:00:00+00:00,HAKKARİ,30,18.997501,7.1975,0.1,13.896187,51.0,55.792194,820.6999,19.94,Drizzle: Light
2021-04-20 21:00:00+00:00,HAKKARİ,30,19.8475,6.5475,0.5,14.081477,53.0,57.36783,820.4229,20.72,Drizzle: Moderate
2021-04-21 21:00:00+00:00,HAKKARİ,30,18.8975,6.2975,2.8000002,14.76439,53.0,54.594486,820.45184,23.97,Drizzle: Moderate
2021-04-22 21:00:00+00:00,HAKKARİ,30,19.3475,2.9475,0.0,11.113451,0.0,43.626415,820.0373,28.49,Clear sky
2021-04-23 21:00:00+00:00,HAKKARİ,30,19.8475,1.9475,0.0,10.296251,3.0,43.114746,818.49493,27.86,Overcast
2021-04-24 21:00:00+00:00,HAKKARİ,30,20.5475,3.0475001,0.0,10.086427,3.0,49.087948,818.7591,26.07,Overcast
2021-04-25 21:00:00+00:00,HAKKARİ,30,13.9975,6.7975,7.999999,7.754637,61.0,71.37031,816.3603,9.99,Rain: Slight
2021-04-26 21:00:00+00:00,HAKKARİ,30,14.9975,5.5475,5.0999994,9.793058,61.0,75.00641,815.46625,15.1,Rain: Slight
2021-04-27 21:00:00+00:00,HAKKARİ,30,16.8475,4.3475,6.3,10.636766,63.0,69.85664,817.34796,24.52,Rain: Moderate
2021-04-28 21:00:00+00:00,HAKKARİ,30,19.8475,3.2475,0.0,13.324863,3.0,56.595043,819.19183,25.98,Overcast
2021-04-29 21:00:00+00:00,HAKKARİ,30,19.997501,3.6475,0.2,12.10157,51.0,56.48433,817.29956,26.05,Drizzle: Light
2021-04-30 21:00:00+00:00,HAKKARİ,30,15.6975,5.6975,2.6999998,9.0,53.0,70.492,813.2045,20.61,Drizzle: Moderate
2021-05-01 21:00:00+00:00,HAKKARİ,30,15.1475,5.2475,3.2,16.981165,55.0,71.7835,814.28973,25.33,Drizzle: Dense
2021-05-02 21:00:00+00:00,HAKKARİ,30,17.7975,3.0475001,0.5,9.565437,51.0,62.144863,815.221,27.09,Drizzle: Light
2021-05-03 21:00:00+00:00,HAKKARİ,30,19.197498,3.2475,0.1,10.315115,51.0,54.56954,814.742,26.29,Drizzle: Light
2021-05-04 21:00:00+00:00,HAKKARİ,30,17.3975,6.3975,2.3,14.693999,55.0,62.39787,814.02716,23.94,Drizzle: Dense
2021-05-05 21:00:00+00:00,HAKKARİ,30,17.497501,4.7475,0.8,11.090103,51.0,56.88489,814.73584,25.01,Drizzle: Light
2021-05-06 21:00:00+00:00,HAKKARİ,30,14.6475,5.5975,1.0,8.225035,51.0,71.49601,814.3625,16.97,Drizzle: Light
2021-05-07 21:00:00+00:00,HAKKARİ,30,19.5975,3.9975,0.0,10.636766,2.0,63.657116,817.9743,28.58,Partly cloudy
2021-05-08 21:00:00+00:00,HAKKARİ,30,20.6475,5.0975,0.0,15.315873,3.0,56.063293,816.5882,25.07,Overcast
2021-05-09 21:00:00+00:00,HAKKARİ,30,20.7975,9.297501,0.0,17.782686,1.0,43.571217,814.9148,28.41,Mainly clear
2021-05-10 21:00:00+00:00,HAKKARİ,30,18.947498,7.4975,0.0,15.1884165,0.0,36.717907,815.0997,30.2,Clear sky
2021-05-11 21:00:00+00:00,HAKKARİ,30,19.997501,5.4975,0.0,11.090103,3.0,36.40221,817.471,26.6,Overcast
2021-05-12 21:00:00+00:00,HAKKARİ,30,20.947498,6.8975,0.0,10.630672,3.0,46.1647,818.7146,24.61,Overcast
2021-05-13 21:00:00+00:00,HAKKARİ,30,22.747501,5.8475,0.0,9.504272,2.0,45.11873,819.3326,28.41,Partly cloudy
2021-05-14 21:00:00+00:00,HAKKARİ,30,23.1475,6.2975,0.0,9.83268,2.0,45.596237,818.0878,27.85,Partly cloudy
2021-05-15 21:00:00+00:00,HAKKARİ,30,22.747501,7.3475,0.0,10.144082,1.0,39.20707,817.0782,28.56,Mainly clear
2021-05-16 21:00:00+00:00,HAKKARİ,30,22.5475,7.4475,0.0,20.608229,3.0,37.727795,815.7409,24.11,Overcast
2021-05-17 21:00:00+00:00,HAKKARİ,30,20.7975,5.9475,0.0,15.530151,2.0,37.634636,817.80096,28.99,Partly cloudy
2021-05-18 21:00:00+00:00,HAKKARİ,30,23.0975,6.0475,0.0,13.049689,0.0,36.06683,819.3191,30.63,Clear sky
2021-05-19 21:00:00+00:00,HAKKARİ,30,25.197498,5.8975,0.0,10.163227,1.0,35.30454,820.71954,30.97,Mainly clear
2021-05-20 21:00:00+00:00,HAKKARİ,30,27.2975,7.2975,0.0,6.87779,2.0,34.576794,821.09906,29.36,Partly cloudy
2021-05-21 21:00:00+00:00,HAKKARİ,30,24.0975,10.0475,0.0,11.753876,3.0,38.850224,817.18115,22.71,Overcast
2021-05-22 21:00:00+00:00,HAKKARİ,30,24.0475,10.9475,0.0,15.978484,3.0,41.359524,814.5516,29.57,Overcast
2021-05-23 21:00:00+00:00,HAKKARİ,30,20.8975,6.2975,0.1,12.313893,51.0,38.030193,816.63654,29.8,Drizzle: Light
2021-05-24 21:00:00+00:00,HAKKARİ,30,19.247501,6.7475,0.90000004,10.308831,53.0,55.466873,815.3339,20.85,Drizzle: Moderate
2021-05-25 21:00:00+00:00,HAKKARİ,30,21.197498,5.2975,0.0,11.923557,2.0,52.291126,816.323,28.53,Partly cloudy
2021-05-26 21:00:00+00:00,HAKKARİ,30,23.197498,6.4475,0.0,13.527572,0.0,37.38733,818.24664,30.97,Clear sky
2021-05-27 21:00:00+00:00,HAKKARİ,30,23.8475,7.6975,0.0,17.373497,1.0,33.076454,817.58624,28.21,Mainly clear
2021-05-28 21:00:00+00:00,HAKKARİ,30,22.8475,10.2975,0.0,16.87398,1.0,33.405994,817.9003,30.45,Mainly clear
2021-05-29 21:00:00+00:00,HAKKARİ,30,21.947498,11.5475,0.0,14.168641,0.0,31.837713,820.0245,31.68,Clear sky
2021-05-30 21:00:00+00:00,HAKKARİ,30,23.1475,6.2475,0.0,12.904882,0.0,37.163727,819.3632,31.52,Clear sky
2021-05-31 21:00:00+00:00,HAKKARİ,30,23.947498,8.247499,0.0,17.555307,1.0,35.88722,818.2166,30.59,Mainly clear
2021-06-01 21:00:00+00:00,HAKKARİ,30,23.2975,12.8975,0.0,17.974781,0.0,29.751343,818.6108,31.38,Clear sky
2021-06-02 21:00:00+00:00,HAKKARİ,30,22.0975,7.0975,0.0,15.315873,0.0,31.511927,818.80005,32.14,Clear sky
2021-06-03 21:00:00+00:00,HAKKARİ,30,22.197498,6.6975,0.0,15.137133,1.0,28.494461,819.5761,31.82,Mainly clear
2021-06-04 21:00:00+00:00,HAKKARİ,30,22.3475,6.3475,0.0,18.391737,1.0,35.543415,817.5544,30.43,Mainly clear
2021-06-05 21:00:00+00:00,HAKKARİ,30,21.5475,7.0975,0.0,16.075521,0.0,34.06139,816.8709,32.01,Clear sky
2021-06-06 21:00:00+00:00,HAKKARİ,30,21.8975,5.3475,0.0,12.904882,0.0,33.262516,817.9079,32.22,Clear sky
2021-06-07 21:00:00+00:00,HAKKARİ,30,23.2975,7.0975,0.0,13.527572,0.0,29.297653,818.2588,32.17,Clear sky
2021-06-08 21:00:00+00:00,HAKKARİ,30,23.0475,7.2975,0.0,14.84318,0.0,30.557898,816.50757,31.98,Clear sky
2021-06-09 21:00:00+00:00,HAKKARİ,30,22.3975,7.8975,0.0,14.658676,0.0,37.21825,815.88666,31.76,Clear sky
2021-06-10 21:00:00+00:00,HAKKARİ,30,22.5475,7.5975,0.0,13.53236,0.0,35.881252,816.5694,32.04,Clear sky
2021-06-11 21:00:00+00:00,HAKKARİ,30,23.8975,6.1975,0.0,12.10157,0.0,36.571136,816.6823,32.52,Clear sky
2021-06-12 21:00:00+00:00,HAKKARİ,30,22.8475,6.9975,0.0,14.33234,0.0,37.69014,816.9853,32.31,Clear sky
2021-06-13 21:00:00+00:00,HAKKARİ,30,26.3475,7.5475,0.0,11.200571,0.0,36.090794,818.6541,32.2,Clear sky
2021-06-14 21:00:00+00:00,HAKKARİ,30,26.5975,10.1975,0.0,10.883676,1.0,31.460424,817.4428,30.96,Mainly clear
2021-06-15 21:00:00+00:00,HAKKARİ,30,28.0475,10.8475,0.0,11.753876,0.0,30.074984,817.1226,32.33,Clear sky
2021-06-16 21:00:00+00:00,HAKKARİ,30,27.3475,9.7475,0.0,11.609651,0.0,26.699226,817.50287,32.93,Clear sky
2021-06-17 21:00:00+00:00,HAKKARİ,30,29.697498,9.047501,0.0,10.009036,0.0,27.090322,817.3178,32.79,Clear sky
2021-06-18 21:00:00+00:00,HAKKARİ,30,31.3475,13.8475,0.0,12.413477,2.0,33.443386,818.83405,30.71,Partly cloudy
2021-06-19 21:00:00+00:00,HAKKARİ,30,29.447498,14.2975,0.0,12.031756,0.0,32.842293,819.3809,31.6,Clear sky
2021-06-20 21:00:00+00:00,HAKKARİ,30,28.8475,11.7975,0.0,11.212135,0.0,26.188522,820.46893,32.29,Clear sky
2021-06-21 21:00:00+00:00,HAKKARİ,30,28.8475,11.5975,0.0,12.031756,0.0,23.905561,820.9749,32.49,Clear sky
2021-06-22 21:00:00+00:00,HAKKARİ,30,29.447498,11.6975,0.0,12.538134,0.0,25.091324,820.6729,32.5,Clear sky
2021-06-23 21:00:00+00:00,HAKKARİ,30,29.5475,11.2975,0.0,13.246826,0.0,25.043434,819.97687,32.53,Clear sky
2021-06-24 21:00:00+00:00,HAKKARİ,30,30.1475,10.5975,0.0,13.830749,0.0,23.938871,818.8772,32.73,Clear sky
2021-06-25 21:00:00+00:00,HAKKARİ,30,29.497501,13.0975,0.0,13.979872,0.0,20.160805,817.445,32.14,Clear sky
2021-06-26 21:00:00+00:00,HAKKARİ,30,27.8975,13.6475,0.0,14.8257065,1.0,26.899109,818.90137,28.12,Mainly clear
2021-06-27 21:00:00+00:00,HAKKARİ,30,29.0975,13.3975,0.0,11.183201,2.0,29.968016,820.0622,28.36,Partly cloudy
2021-06-28 21:00:00+00:00,HAKKARİ,30,28.8475,14.0975,0.0,14.77755,1.0,29.635633,820.26556,29.65,Mainly clear
2021-06-29 21:00:00+00:00,HAKKARİ,30,28.497501,13.3975,0.0,15.876775,2.0,30.003168,820.90216,27.75,Partly cloudy
2021-06-30 21:00:00+00:00,HAKKARİ,30,28.2975,14.4475,0.0,9.6932955,2.0,30.930658,820.12714,26.02,Partly cloudy
2021-07-01 21:00:00+00:00,HAKKARİ,30,28.497501,13.0475,0.0,11.480557,2.0,32.74448,818.99347,25.59,Partly cloudy
2021-07-02 21:00:00+00:00,HAKKARİ,30,29.697498,13.5475,0.0,12.387348,1.0,30.813334,817.7828,29.84,Mainly clear
2021-07-03 21:00:00+00:00,HAKKARİ,30,28.6475,13.8975,0.0,16.179987,0.0,27.878939,815.59186,31.72,Clear sky
2021-07-04 21:00:00+00:00,HAKKARİ,30,26.697498,11.5475,0.0,13.849477,0.0,31.536507,815.0288,31.92,Clear sky
2021-07-05 21:00:00+00:00,HAKKARİ,30,26.8975,11.0475,0.0,13.584932,0.0,31.857141,816.722,31.71,Clear sky
2021-07-06 21:00:00+00:00,HAKKARİ,30,26.2975,12.5975,0.0,16.489416,1.0,33.456665,818.34644,25.41,Mainly clear
2021-07-07 21:00:00+00:00,HAKKARİ,30,28.997501,11.8975,0.0,11.592894,0.0,32.10673,819.7763,31.37,Clear sky
2021-07-08 21:00:00+00:00,HAKKARİ,30,29.947498,12.9475,0.0,10.464797,0.0,28.366632,818.5423,31.35,Clear sky
2021-07-09 21:00:00+00:00,HAKKARİ,30,29.697498,13.6475,0.0,11.988594,0.0,36.801247,815.43726,31.17,Clear sky
2021-07-10 21:00:00+00:00,HAKKARİ,30,28.8475,13.4475,0.0,11.91812,2.0,33.399494,817.1663,29.21,Partly cloudy
2021-07-11 21:00:00+00:00,HAKKARİ,30,29.747501,12.8975,0.0,10.990322,0.0,29.40046,818.0974,31.13,Clear sky
2021-07-12 21:00:00+00:00,HAKKARİ,30,30.447498,13.0475,0.0,13.089354,1.0,30.74221,816.1863,29.56,Mainly clear
2021-07-13 21:00:00+00:00,HAKKARİ,30,29.697498,14.5475,0.0,12.88981,1.0,42.12869,815.03827,25.99,Mainly clear
2021-07-14 21:00:00+00:00,HAKKARİ,30,26.747501,15.2975,0.5,11.659777,51.0,47.488667,815.3315,25.7,Drizzle: Light
2021-07-15 21:00:00+00:00,HAKKARİ,30,26.0975,13.9475,0.5,10.195057,51.0,51.696712,817.7469,24.69,Drizzle: Light
2021-07-16 21:00:00+00:00,HAKKARİ,30,27.3975,13.6475,0.0,9.227524,3.0,43.816563,818.927,21.46,Overcast
2021-07-17 21:00:00+00:00,HAKKARİ,30,29.0975,15.0975,0.0,8.654986,2.0,36.90518,819.164,23.15,Partly cloudy
2021-07-18 21:00:00+00:00,HAKKARİ,30,30.447498,16.6475,0.0,9.028754,3.0,32.383812,820.02277,22.13,Overcast
2021-07-19 21:00:00+00:00,HAKKARİ,30,33.0475,15.8475,0.0,10.144082,2.0,31.257423,819.96027,28.97,Partly cloudy
2021-07-20 21:00:00+00:00,HAKKARİ,30,32.4975,16.8975,0.0,14.578888,0.0,29.142462,818.1348,30.18,Clear sky
2021-07-21 21:00:00+00:00,HAKKARİ,30,30.247501,13.6475,0.0,11.983188,0.0,32.433525,814.65656,30.45,Clear sky
2021-07-22 21:00:00+00:00,HAKKARİ,30,30.0975,14.5475,0.0,13.009903,2.0,34.5606,813.8296,27.34,Partly cloudy
2021-07-23 21:00:00+00:00,HAKKARİ,30,29.7975,14.7975,0.0,14.291592,0.0,31.930555,815.82184,29.97,Clear sky
2021-07-24 21:00:00+00:00,HAKKARİ,30,30.3975,13.9975,0.0,12.594856,0.0,29.63012,819.63135,29.88,Clear sky
2021-07-25 21:00:00+00:00,HAKKARİ,30,31.447498,14.3975,0.0,12.904882,1.0,30.36635,821.5154,29.46,Mainly clear
2021-07-26 21:00:00+00:00,HAKKARİ,30,32.2975,14.5475,0.0,14.186923,1.0,26.468649,818.6922,29.1,Mainly clear
2021-07-27 21:00:00+00:00,HAKKARİ,30,29.947498,14.7975,0.0,10.483357,1.0,32.240593,814.7805,28.59,Mainly clear
2021-07-28 21:00:00+00:00,HAKKARİ,30,28.697498,15.0475,0.0,15.683774,1.0,47.758152,816.0073,27.46,Mainly clear
2021-07-29 21:00:00+00:00,HAKKARİ,30,27.3475,15.0475,0.0,11.91812,2.0,48.295963,816.13104,22.27,Partly cloudy
2021-07-30 21:00:00+00:00,HAKKARİ,30,27.0975,15.4475,0.0,9.693296,2.0,47.253464,816.8011,21.63,Partly cloudy
2021-07-31 21:00:00+00:00,HAKKARİ,30,27.2975,13.9975,0.0,10.086427,2.0,47.204575,817.8379,21.32,Partly cloudy
2021-08-01 21:00:00+00:00,HAKKARİ,30,26.5475,14.4975,3.7999997,10.703569,61.0,60.9254,817.9136,16.69,Rain: Slight
2021-08-02 21:00:00+00:00,HAKKARİ,30,26.697498,12.8475,0.5,12.10157,51.0,57.542362,819.0486,22.04,Drizzle: Light
2021-08-03 21:00:00+00:00,HAKKARİ,30,28.0975,13.5975,0.0,11.4862,1.0,45.29631,821.05255,25.29,Mainly clear
2021-08-04 21:00:00+00:00,HAKKARİ,30,28.697498,14.1475,0.0,11.592894,2.0,40.377697,820.5281,24.85,Partly cloudy
2021-08-05 21:00:00+00:00,HAKKARİ,30,29.6475,14.7475,1.6,10.97262,53.0,45.69489,818.72797,24.0,Drizzle: Moderate
2021-08-06 21:00:00+00:00,HAKKARİ,30,26.2975,14.8475,0.1,12.641076,51.0,47.49759,818.3643,21.11,Drizzle: Light
2021-08-07 21:00:00+00:00,HAKKARİ,30,27.3975,14.8475,0.1,11.966953,51.0,39.37628,820.46783,22.6,Drizzle: Light
2021-08-08 21:00:00+00:00,HAKKARİ,30,28.8475,13.9975,0.0,15.986593,1.0,31.360678,820.7107,27.35,Mainly clear
2021-08-09 21:00:00+00:00,HAKKARİ,30,29.0975,12.3975,0.0,13.246826,0.0,30.496643,818.3122,28.82,Clear sky
2021-08-10 21:00:00+00:00,HAKKARİ,30,26.5975,11.9475,0.0,12.287555,1.0,33.790684,818.51373,27.15,Mainly clear
2021-08-11 21:00:00+00:00,HAKKARİ,30,26.447498,12.5475,0.0,11.525623,3.0,37.14185,819.8526,22.56,Overcast
2021-08-12 21:00:00+00:00,HAKKARİ,30,28.5475,12.6975,0.0,10.799999,1.0,31.781973,820.1369,27.19,Mainly clear
2021-08-13 21:00:00+00:00,HAKKARİ,30,28.8475,13.6475,0.70000005,13.684735,53.0,28.118118,818.2038,25.26,Drizzle: Moderate
2021-08-14 21:00:00+00:00,HAKKARİ,30,28.0975,13.0475,0.0,10.296251,3.0,36.7318,817.48145,24.88,Overcast
2021-08-15 21:00:00+00:00,HAKKARİ,30,28.2975,13.3975,0.0,9.449572,0.0,34.61996,818.0931,25.26,Clear sky
2021-08-16 21:00:00+00:00,HAKKARİ,30,29.0475,13.4475,0.0,10.703569,1.0,32.6378,817.9954,26.77,Mainly clear
2021-08-17 21:00:00+00:00,HAKKARİ,30,29.0975,12.5475,0.0,10.630672,1.0,32.016235,817.55005,26.09,Mainly clear
2021-08-18 21:00:00+00:00,HAKKARİ,30,28.3975,13.6975,0.0,15.7908325,0.0,29.756273,816.4182,27.27,Clear sky
2021-08-19 21:00:00+00:00,HAKKARİ,30,26.6475,11.4975,0.0,10.799999,1.0,33.22101,817.6645,26.5,Mainly clear
2021-08-20 21:00:00+00:00,HAKKARİ,30,26.5975,12.0975,0.0,7.342588,3.0,34.567093,819.8731,22.91,Overcast
2021-08-21 21:00:00+00:00,HAKKARİ,30,28.247501,13.4475,0.0,9.511088,2.0,28.435587,821.4604,24.83,Partly cloudy
2021-08-22 21:00:00+00:00,HAKKARİ,30,27.697498,12.4975,0.0,10.594036,2.0,31.9963,820.7375,20.11,Partly cloudy
2021-08-23 21:00:00+00:00,HAKKARİ,30,29.247501,14.9975,0.0,16.981165,2.0,25.665451,821.1052,23.66,Partly cloudy
2021-08-24 21:00:00+00:00,HAKKARİ,30,28.6475,11.7975,0.0,14.84318,0.0,27.064642,821.55426,27.03,Clear sky
2021-08-25 21:00:00+00:00,HAKKARİ,30,29.1475,11.9475,0.0,13.237039,0.0,25.457186,820.7923,26.87,Clear sky
2021-08-26 21:00:00+00:00,HAKKARİ,30,30.7975,11.2475,0.0,8.435069,0.0,25.797152,820.9881,26.5,Clear sky
2021-08-27 21:00:00+00:00,HAKKARİ,30,31.5975,14.2975,0.0,10.636766,3.0,28.167786,821.0049,24.87,Overcast
2021-08-28 21:00:00+00:00,HAKKARİ,30,30.447498,14.7475,0.0,9.511088,2.0,27.975067,819.4869,23.15,Partly cloudy
2021-08-29 21:00:00+00:00,HAKKARİ,30,31.6475,14.5975,0.0,11.183201,0.0,22.446753,820.8421,25.75,Clear sky
2021-08-30 21:00:00+00:00,HAKKARİ,30,29.747501,16.5475,0.0,14.84318,0.0,22.761116,822.1485,25.75,Clear sky
2021-08-31 21:00:00+00:00,HAKKARİ,30,29.747501,11.7475,0.0,14.88242,0.0,24.575401,821.1165,26.21,Clear sky
2021-09-01 21:00:00+00:00,HAKKARİ,30,28.3475,16.2975,0.0,19.228851,1.0,28.130852,819.2247,23.38,Mainly clear
2021-09-02 21:00:00+00:00,HAKKARİ,30,25.247501,9.8975,0.0,14.081477,1.0,31.613329,815.90265,25.25,Mainly clear
2021-09-03 21:00:00+00:00,HAKKARİ,30,25.197498,11.9975,0.0,11.090103,1.0,35.355534,817.8184,24.51,Mainly clear
2021-09-04 21:00:00+00:00,HAKKARİ,30,25.497501,9.047501,0.0,12.387348,0.0,31.253565,818.36664,25.4,Clear sky
2021-09-05 21:00:00+00:00,HAKKARİ,30,26.247501,8.8975,0.0,13.708391,0.0,24.478094,819.3143,25.21,Clear sky
2021-09-06 21:00:00+00:00,HAKKARİ,30,26.447498,10.7475,0.0,13.896187,0.0,28.457817,821.7111,24.25,Clear sky
2021-09-07 21:00:00+00:00,HAKKARİ,30,27.697498,10.8475,0.0,11.720751,0.0,24.097746,821.1307,24.96,Clear sky
2021-09-08 21:00:00+00:00,HAKKARİ,30,27.5475,11.2475,0.0,10.30883,0.0,28.091019,819.2928,24.56,Clear sky
2021-09-09 21:00:00+00:00,HAKKARİ,30,27.697498,10.5975,0.0,9.885262,0.0,29.711678,819.26666,24.54,Clear sky
2021-09-10 21:00:00+00:00,HAKKARİ,30,26.247501,9.5975,0.0,12.229406,0.0,30.228228,817.002,24.52,Clear sky
2021-09-11 21:00:00+00:00,HAKKARİ,30,25.1475,9.9975,0.0,12.538134,0.0,31.53492,816.3692,24.42,Clear sky
2021-09-12 21:00:00+00:00,HAKKARİ,30,24.997501,8.297501,0.0,13.70839,0.0,36.067345,816.7299,23.94,Clear sky
2021-09-13 21:00:00+00:00,HAKKARİ,30,25.8475,8.0975,0.0,12.475961,0.0,36.087154,817.743,24.14,Clear sky
2021-09-14 21:00:00+00:00,HAKKARİ,30,26.0975,7.7475,0.0,13.276144,0.0,27.74951,818.33716,24.28,Clear sky
2021-09-15 21:00:00+00:00,HAKKARİ,30,23.6475,7.6475,0.0,11.792404,0.0,30.05905,817.36694,23.7,Clear sky
2021-09-16 21:00:00+00:00,HAKKARİ,30,21.947498,5.9975,0.0,13.896187,0.0,41.47279,816.84076,22.69,Clear sky
2021-09-17 21:00:00+00:00,HAKKARİ,30,22.0975,6.3975,0.0,10.636766,0.0,39.189415,817.8462,22.51,Clear sky
2021-09-18 21:00:00+00:00,HAKKARİ,30,23.8475,6.7975,0.0,10.514218,1.0,35.516773,819.21027,22.82,Mainly clear
2021-09-19 21:00:00+00:00,HAKKARİ,30,23.7975,7.0475,0.0,12.864649,0.0,35.544003,818.8408,22.45,Clear sky
2021-09-20 21:00:00+00:00,HAKKARİ,30,24.747501,8.1475,0.0,8.217153,0.0,37.481087,818.8447,22.26,Clear sky
2021-09-21 21:00:00+00:00,HAKKARİ,30,23.247501,8.1475,0.0,13.746156,0.0,37.923244,814.9678,22.22,Clear sky
2021-09-22 21:00:00+00:00,HAKKARİ,30,20.947498,9.8975,0.0,17.283749,2.0,37.103268,814.1941,17.31,Partly cloudy
2021-09-23 21:00:00+00:00,HAKKARİ,30,17.747501,11.2475,0.8000001,15.683774,51.0,57.494724,814.718,14.31,Drizzle: Light
2021-09-24 21:00:00+00:00,HAKKARİ,30,18.247501,9.5975,3.8999999,11.923557,61.0,56.786594,818.4283,20.4,Rain: Slight
2021-09-25 21:00:00+00:00,HAKKARİ,30,22.8475,3.0475001,0.0,11.966953,0.0,35.389576,818.78436,21.96,Clear sky
2021-09-26 21:00:00+00:00,HAKKARİ,30,24.7975,5.9975,0.0,11.298495,1.0,23.395647,817.0025,21.75,Mainly clear
2021-09-27 21:00:00+00:00,HAKKARİ,30,21.3475,6.4475,0.0,12.904882,0.0,25.235651,816.311,21.42,Clear sky
2021-09-28 21:00:00+00:00,HAKKARİ,30,20.3975,5.7475,0.0,14.186923,2.0,38.79467,817.3641,19.55,Partly cloudy
2021-09-29 21:00:00+00:00,HAKKARİ,30,20.7975,5.3975,0.1,13.276144,51.0,45.519104,816.86554,19.21,Drizzle: Light
2021-09-30 21:00:00+00:00,HAKKARİ,30,19.497501,6.2475,0.0,14.241629,2.0,43.73044,818.7989,17.79,Partly cloudy
2021-10-01 21:00:00+00:00,HAKKARİ,30,23.1475,4.6975,0.0,13.627795,2.0,40.811245,819.8413,18.85,Partly cloudy
2021-10-02 21:00:00+00:00,HAKKARİ,30,22.697498,8.247499,0.0,16.489416,2.0,35.762775,819.269,15.93,Partly cloudy
2021-10-03 21:00:00+00:00,HAKKARİ,30,19.0975,8.797501,0.0,14.658676,2.0,40.79813,816.9948,17.49,Partly cloudy
2021-10-04 21:00:00+00:00,HAKKARİ,30,16.8475,3.9475,0.0,13.70839,2.0,39.981583,815.52057,19.92,Partly cloudy
2021-10-05 21:00:00+00:00,HAKKARİ,30,16.0975,3.1975,0.0,13.779114,1.0,36.87181,815.6872,19.18,Mainly clear
2021-10-06 21:00:00+00:00,HAKKARİ,30,16.8475,1.7475001,0.0,9.290511,0.0,43.878223,817.50415,19.76,Clear sky
2021-10-07 21:00:00+00:00,HAKKARİ,30,19.5975,1.6975,0.0,10.315115,0.0,44.79564,819.2586,19.67,Clear sky
2021-10-08 21:00:00+00:00,HAKKARİ,30,21.2975,2.0975,0.0,9.659814,0.0,41.15486,820.4958,19.32,Clear sky
2021-10-09 21:00:00+00:00,HAKKARİ,30,22.5975,3.0975,0.0,8.891344,0.0,24.967237,820.49634,19.38,Clear sky
2021-10-10 21:00:00+00:00,HAKKARİ,30,22.447498,4.1475,0.0,10.464797,2.0,24.730223,819.53656,18.86,Partly cloudy
2021-10-11 21:00:00+00:00,HAKKARİ,30,22.0975,4.4475,0.0,12.261157,3.0,20.974268,818.85724,18.55,Overcast
2021-10-12 21:00:00+00:00,HAKKARİ,30,16.497501,9.3475,0.7,14.264361,53.0,44.31175,821.0756,12.04,Drizzle: Moderate
2021-10-13 21:00:00+00:00,HAKKARİ,30,21.8475,3.8475,0.0,11.435313,3.0,52.61502,823.2121,17.28,Overcast
2021-10-14 21:00:00+00:00,HAKKARİ,30,20.8975,6.3475,0.0,12.682018,3.0,51.951736,823.082,15.61,Overcast
2021-10-15 21:00:00+00:00,HAKKARİ,30,21.3975,5.3975,0.0,13.608762,3.0,50.582684,819.57855,17.27,Overcast
2021-10-16 21:00:00+00:00,HAKKARİ,30,18.5475,3.2475,0.0,13.70839,0.0,42.66498,816.2007,17.81,Clear sky
2021-10-17 21:00:00+00:00,HAKKARİ,30,15.6475,2.8975,0.0,14.8257065,2.0,53.686584,816.5253,14.39,Partly cloudy
2021-10-18 21:00:00+00:00,HAKKARİ,30,14.2475,2.6975,1.0,10.691453,53.0,65.424,817.31085,13.91,Drizzle: Moderate
2021-10-19 21:00:00+00:00,HAKKARİ,30,13.9475,-0.4024999,0.2,11.165805,51.0,59.095886,817.54126,14.75,Drizzle: Light
2021-10-20 21:00:00+00:00,HAKKARİ,30,14.8475,0.7975,0.0,8.699793,1.0,51.69217,821.0756,15.63,Mainly clear
2021-10-21 21:00:00+00:00,HAKKARİ,30,16.8475,-0.60249996,0.0,9.449572,0.0,41.08038,820.4312,17.26,Clear sky
2021-10-22 21:00:00+00:00,HAKKARİ,30,15.1975,0.49750006,0.0,8.905908,3.0,37.470177,818.1301,14.16,Overcast
2021-10-23 21:00:00+00:00,HAKKARİ,30,16.8975,-1.2525,0.0,10.587917,0.0,39.301018,817.3181,16.73,Clear sky
2021-10-24 21:00:00+00:00,HAKKARİ,30,14.8475,0.7975,0.0,12.57426,3.0,31.262373,816.8108,16.51,Overcast
2021-10-25 21:00:00+00:00,HAKKARİ,30,13.5975,2.7475,0.0,10.799999,3.0,44.102512,818.2662,12.0,Overcast
2021-10-26 21:00:00+00:00,HAKKARİ,30,13.6475,0.24750006,2.7,9.511088,71.0,64.6117,819.6462,13.01,Snow fall: Slight
2021-10-27 21:00:00+00:00,HAKKARİ,30,13.6475,0.097500086,0.0,10.464797,3.0,68.408,818.15204,12.29,Overcast
2021-10-28 21:00:00+00:00,HAKKARİ,30,10.5475,2.2975001,8.7,8.209263,61.0,80.08021,818.9736,4.62,Rain: Slight
2021-10-29 21:00:00+00:00,HAKKARİ,30,9.8475,4.7975,11.100001,6.439876,61.0,84.8524,823.0922,4.42,Rain: Slight
2021-10-30 21:00:00+00:00,HAKKARİ,30,12.8975,4.8475,17.7,7.42159,63.0,82.04828,825.093,6.7,Rain: Moderate
2021-10-31 21:00:00+00:00,HAKKARİ,30,14.8475,4.7475,1.1,6.297428,53.0,74.827354,824.00366,12.87,Drizzle: Moderate
2021-11-01 21:00:00+00:00,HAKKARİ,30,14.0975,4.3475,4.2,8.669949,55.0,79.52392,821.174,9.95,Drizzle: Dense
2021-11-02 21:00:00+00:00,HAKKARİ,30,12.9975,2.6975,1.8000003,7.7043357,51.0,83.185486,819.5479,9.06,Drizzle: Light
2021-11-03 21:00:00+00:00,HAKKARİ,30,14.5975,1.7975,0.0,11.983188,3.0,74.88067,819.5942,13.86,Overcast
2021-11-04 21:00:00+00:00,HAKKARİ,30,12.3475,2.3975,0.0,14.336861,3.0,73.69255,821.1523,14.43,Overcast
2021-11-05 21:00:00+00:00,HAKKARİ,30,13.0975,-0.15249991,0.0,12.55879,1.0,64.4067,818.6331,14.58,Mainly clear
2021-11-06 21:00:00+00:00,HAKKARİ,30,13.4975,-1.3025,0.0,9.387651,0.0,53.42512,816.1993,14.71,Clear sky
2021-11-07 21:00:00+00:00,HAKKARİ,30,13.8475,-1.3025,0.0,8.557102,3.0,48.78623,817.9505,14.14,Overcast
2021-11-08 21:00:00+00:00,HAKKARİ,30,13.8975,0.39750004,0.0,8.427383,2.0,45.53538,820.2341,13.85,Partly cloudy
2021-11-09 21:00:00+00:00,HAKKARİ,30,11.7975,2.9975,0.0,8.373386,3.0,55.513626,816.76587,12.87,Overcast
2021-11-10 21:00:00+00:00,HAKKARİ,30,7.7475,-0.35249996,0.7,12.10157,73.0,68.68322,814.2675,9.29,Snow fall: Moderate
2021-11-11 21:00:00+00:00,HAKKARİ,30,7.1475,-2.4524999,0.0,13.849477,2.0,70.624214,815.5434,13.47,Partly cloudy
2021-11-12 21:00:00+00:00,HAKKARİ,30,11.4475,-3.5025,0.0,7.0911775,0.0,57.26009,818.4961,13.66,Clear sky
2021-11-13 21:00:00+00:00,HAKKARİ,30,14.8975,-1.0525,0.0,8.534353,3.0,38.19118,819.54193,13.74,Overcast
2021-11-14 21:00:00+00:00,HAKKARİ,30,13.4975,0.74750006,0.0,7.754637,3.0,41.25192,816.54083,12.0,Overcast
2021-11-15 21:00:00+00:00,HAKKARİ,30,12.6975,-0.85249996,0.0,7.42159,3.0,52.637684,814.42706,12.56,Overcast
2021-11-16 21:00:00+00:00,HAKKARİ,30,11.5975,-2.2024999,0.0,8.4963045,0.0,53.646667,817.447,13.39,Clear sky
2021-11-17 21:00:00+00:00,HAKKARİ,30,11.4475,-1.2525,0.0,6.439876,3.0,39.821453,816.83234,12.8,Overcast
2021-11-18 21:00:00+00:00,HAKKARİ,30,9.7975,1.1475,0.0,8.714677,2.0,46.897907,813.6424,12.45,Partly cloudy
2021-11-19 21:00:00+00:00,HAKKARİ,30,7.9975,-0.50249994,2.2,9.422101,73.0,67.623634,811.1885,9.71,Snow fall: Moderate
2021-11-20 21:00:00+00:00,HAKKARİ,30,9.247499,-0.95249987,0.0,6.489992,3.0,74.76768,813.9194,11.38,Overcast
2021-11-21 21:00:00+00:00,HAKKARİ,30,9.4475,-1.7024999,0.0,8.089993,1.0,64.79273,816.57086,11.71,Mainly clear
2021-11-22 21:00:00+00:00,HAKKARİ,30,9.4475,-3.2024999,0.0,9.107359,0.0,61.291412,817.35913,12.51,Clear sky
2021-11-23 21:00:00+00:00,HAKKARİ,30,8.3475,-0.05250001,0.0,10.383987,3.0,56.48779,816.26324,11.17,Overcast
2021-11-24 21:00:00+00:00,HAKKARİ,30,8.1475,-1.0025,0.0,6.297428,3.0,68.028114,816.38916,8.91,Overcast
2021-11-25 21:00:00+00:00,HAKKARİ,30,6.7475,-2.2525,0.1,7.42159,51.0,75.37887,817.3125,5.91,Drizzle: Light
2021-11-26 21:00:00+00:00,HAKKARİ,30,9.247499,-3.6525002,0.0,8.473393,3.0,70.72381,818.13544,11.62,Overcast
2021-11-27 21:00:00+00:00,HAKKARİ,30,7.8475,0.24750006,1.2,6.297428,51.0,72.31646,818.1219,4.17,Drizzle: Light
2021-11-28 21:00:00+00:00,HAKKARİ,30,12.8975,-0.9024999,0.0,7.8954163,3.0,74.3524,817.83417,11.56,Overcast
2021-11-29 21:00:00+00:00,HAKKARİ,30,15.7475,1.2975,0.0,11.792404,3.0,57.26375,817.76587,9.81,Overcast
2021-11-30 21:00:00+00:00,HAKKARİ,30,7.3975,0.7975,35.899998,11.090103,75.0,85.32522,809.483,1.75,Snow fall: Heavy
2021-12-01 21:00:00+00:00,HAKKARİ,30,4.4475,-14.802501,0.70000005,9.360001,71.0,76.20327,808.8427,11.03,Snow fall: Slight
2021-12-02 21:00:00+00:00,HAKKARİ,30,5.5975,-15.1025,0.0,9.693296,2.0,56.879303,812.0837,12.0,Partly cloudy
2021-12-03 21:00:00+00:00,HAKKARİ,30,7.4475,-14.0525,0.0,7.172949,3.0,37.96435,812.51996,10.2,Overcast
2021-12-04 21:00:00+00:00,HAKKARİ,30,5.7975,-4.9025,0.3,6.297428,71.0,52.270382,812.8523,5.12,Snow fall: Slight
2021-12-05 21:00:00+00:00,HAKKARİ,30,7.6975,-10.9025,0.0,7.289444,3.0,58.927235,813.68756,11.43,Overcast
2021-12-06 21:00:00+00:00,HAKKARİ,30,10.4975,-9.0525,0.0,9.693296,3.0,47.664448,816.72125,11.18,Overcast
2021-12-07 21:00:00+00:00,HAKKARİ,30,8.547501,-0.10249996,8.2,8.287822,75.0,58.257065,815.1985,8.66,Snow fall: Heavy
2021-12-08 21:00:00+00:00,HAKKARİ,30,2.2475,-1.0025,9.1,6.6087217,75.0,93.16497,815.7893,4.5,Snow fall: Heavy
2021-12-09 21:00:00+00:00,HAKKARİ,30,3.8475,-13.2525,1.0,8.049845,73.0,72.466965,816.5407,11.0,Snow fall: Moderate
2021-12-10 21:00:00+00:00,HAKKARİ,30,8.4475,-13.4025,0.0,8.587338,2.0,50.126667,815.20734,11.42,Partly cloudy
2021-12-11 21:00:00+00:00,HAKKARİ,30,11.0475,-9.2025,0.0,8.699793,1.0,36.537014,816.9168,11.4,Mainly clear
2021-12-12 21:00:00+00:00,HAKKARİ,30,11.5475,-9.5025,0.0,9.387651,3.0,35.56368,815.6748,11.05,Overcast
2021-12-13 21:00:00+00:00,HAKKARİ,30,10.2475,-7.7524996,0.0,9.826088,3.0,34.92404,814.7607,5.8,Overcast
2021-12-14 21:00:00+00:00,HAKKARİ,30,8.3975,-2.7024999,0.0,7.386582,3.0,37.56985,815.12134,11.05,Overcast
2021-12-15 21:00:00+00:00,HAKKARİ,30,7.8475,-2.9524999,0.8,7.5170207,73.0,52.508175,815.50726,7.13,Snow fall: Moderate
2021-12-16 21:00:00+00:00,HAKKARİ,30,2.8975,-0.50249994,17.6,6.439876,75.0,91.321625,812.32275,2.49,Snow fall: Heavy
2021-12-17 21:00:00+00:00,HAKKARİ,30,1.5475,-4.8525,2.4999998,6.28713,73.0,91.18981,810.30634,4.67,Snow fall: Moderate
2021-12-18 21:00:00+00:00,HAKKARİ,30,1.2475001,-3.6525002,3.2,8.39657,73.0,90.0536,814.0401,4.69,Snow fall: Moderate
2021-12-19 21:00:00+00:00,HAKKARİ,30,0.24750006,-4.9025,11.0,5.3517847,75.0,88.010704,810.4976,2.73,Snow fall: Heavy
2021-12-20 21:00:00+00:00,HAKKARİ,30,-1.5025,-3.0025,20.6,11.592895,75.0,95.742256,808.632,2.37,Snow fall: Heavy
2021-12-21 21:00:00+00:00,HAKKARİ,30,-2.2525,-7.4025,9.000001,11.681987,75.0,88.92359,811.8234,6.89,Snow fall: Heavy
2021-12-22 21:00:00+00:00,HAKKARİ,30,-2.3025,-11.1525,1.8000002,6.28713,73.0,82.18209,810.261,9.88,Snow fall: Moderate
2021-12-23 21:00:00+00:00,HAKKARİ,30,-2.4524999,-12.1025,8.8,6.725354,75.0,83.63231,808.8995,6.16,Snow fall: Heavy
2021-12-24 21:00:00+00:00,HAKKARİ,30,-2.1025,-17.752499,0.0,7.8954163,3.0,66.38015,810.14795,11.35,Overcast
2021-12-25 21:00:00+00:00,HAKKARİ,30,3.1975,-13.0025,0.0,6.989936,0.0,50.515915,812.8046,11.33,Clear sky
2021-12-26 21:00:00+00:00,HAKKARİ,30,4.6975,-11.7025,0.0,7.4128532,3.0,38.969933,812.79736,11.58,Overcast
2021-12-27 21:00:00+00:00,HAKKARİ,30,4.5475,-13.3025,0.0,8.854829,3.0,38.232315,811.2815,11.64,Overcast
2021-12-28 21:00:00+00:00,HAKKARİ,30,0.74750006,-10.2525,0.0,6.439876,3.0,46.429348,811.20746,10.79,Overcast
2021-12-29 21:00:00+00:00,HAKKARİ,30,0.89750004,-14.652499,0.0,8.0899935,3.0,50.53921,810.69214,11.27,Overcast
2021-12-30 21:00:00+00:00,HAKKARİ,30,1.6475,-13.8525,0.0,8.373386,1.0,45.701324,811.3127,11.53,Mainly clear
2021-12-31 21:00:00+00:00,HAKKARİ,30,-0.4024999,-14.1025,0.5,5.3999996,71.0,63.230686,811.743,7.31,Snow fall: Slight
2022-01-01 21:00:00+00:00,HAKKARİ,30,0.5475,-15.902499,0.0,8.287822,71.0,69.18766,806.52057,11.12,Snow fall: Slight
2022-01-02 21:00:00+00:00,HAKKARİ,30,1.2975,-10.1525,1.4,7.5685663,73.0,71.609764,806.309,11.77,Snow fall: Moderate
2022-01-03 21:00:00+00:00,HAKKARİ,30,1.2475001,-9.5025,1.1,8.427383,71.0,64.13814,809.9495,9.54,Snow fall: Slight
2022-01-04 21:00:00+00:00,HAKKARİ,30,2.0975,-13.0525,0.0,7.491114,3.0,70.92825,811.7985,11.56,Overcast
2022-01-05 21:00:00+00:00,HAKKARİ,30,5.5975,-11.8025,0.0,7.653705,0.0,55.56348,812.73114,11.72,Clear sky
2022-01-06 21:00:00+00:00,HAKKARİ,30,4.8975,-8.6525,0.0,6.792466,3.0,44.72888,813.406,11.2,Overcast
2022-01-07 21:00:00+00:00,HAKKARİ,30,4.9475,-9.2025,0.0,7.491114,3.0,48.39229,814.4043,11.94,Overcast
2022-01-08 21:00:00+00:00,HAKKARİ,30,4.4475,-10.3525,0.0,7.491114,1.0,46.412655,812.2796,12.05,Mainly clear
2022-01-09 21:00:00+00:00,HAKKARİ,30,0.39750004,-7.4525003,26.399998,6.0347,75.0,86.96497,812.5034,1.43,Snow fall: Heavy
2022-01-10 21:00:00+00:00,HAKKARİ,30,2.5475001,-9.6025,0.3,4.6800003,71.0,81.94454,814.028,7.74,Snow fall: Slight
2022-01-11 21:00:00+00:00,HAKKARİ,30,2.9975,-10.7025,5.1,5.315336,75.0,80.12231,813.65283,7.5,Snow fall: Heavy
2022-01-12 21:00:00+00:00,HAKKARİ,30,1.4475,-0.10249996,26.1,5.4119864,75.0,96.90891,810.8928,1.88,Snow fall: Heavy
2022-01-13 21:00:00+00:00,HAKKARİ,30,0.64750004,-1.1025,16.800001,6.0347,75.0,95.70874,805.06805,2.84,Snow fall: Heavy
2022-01-14 21:00:00+00:00,HAKKARİ,30,-1.1524999,-5.5025,7.999999,13.397612,75.0,89.28948,801.76855,7.49,Snow fall: Heavy
2022-01-15 21:00:00+00:00,HAKKARİ,30,-5.1525,-8.1525,15.100002,8.699793,75.0,78.984764,802.5279,3.19,Snow fall: Heavy
2022-01-16 21:00:00+00:00,HAKKARİ,30,-6.5025,-16.6525,1.8000002,9.114471,71.0,62.012142,807.25073,8.75,Snow fall: Slight
2022-01-17 21:00:00+00:00,HAKKARİ,30,-5.5525,-17.7025,0.0,6.6087217,3.0,50.913757,809.1113,13.02,Overcast
2022-01-18 21:00:00+00:00,HAKKARİ,30,-6.4525,-16.252499,11.1,8.587338,75.0,68.83174,807.2933,6.09,Snow fall: Heavy
2022-01-19 21:00:00+00:00,HAKKARİ,30,-7.9025,-12.1525,17.5,9.904906,75.0,80.33155,805.293,4.92,Snow fall: Heavy
2022-01-20 21:00:00+00:00,HAKKARİ,30,-5.3525,-19.252499,0.0,6.379216,1.0,54.70686,812.2605,13.46,Mainly clear
2022-01-21 21:00:00+00:00,HAKKARİ,30,-1.3525,-13.4525,0.0,6.618519,3.0,40.448483,811.65875,13.37,Overcast
2022-01-22 21:00:00+00:00,HAKKARİ,30,-2.0525,-16.302502,0.0,6.1305785,3.0,51.660847,808.509,13.59,Overcast
2022-01-23 21:00:00+00:00,HAKKARİ,30,-3.8525,-13.5025,4.9999995,6.9899354,73.0,77.458595,811.11176,4.68,Snow fall: Moderate
2022-01-24 21:00:00+00:00,HAKKARİ,30,-0.4525,-11.0525,2.5,7.9932966,73.0,76.147896,813.2453,9.75,Snow fall: Moderate
2022-01-25 21:00:00+00:00,HAKKARİ,30,-0.9024999,-15.0025,1.3000001,8.78872,73.0,72.36492,808.12445,11.24,Snow fall: Moderate
2022-01-26 21:00:00+00:00,HAKKARİ,30,-2.9524999,-8.1025,5.0999994,5.4833565,73.0,85.42993,805.4051,4.58,Snow fall: Moderate
2022-01-27 21:00:00+00:00,HAKKARİ,30,-4.0025,-6.7524996,2.6,8.654986,71.0,86.699135,813.0154,6.01,Snow fall: Slight
2022-01-28 21:00:00+00:00,HAKKARİ,30,-2.8024998,-12.6525,0.4,7.342588,71.0,80.59815,813.72705,11.06,Snow fall: Slight
2022-01-29 21:00:00+00:00,HAKKARİ,30,-2.8024998,-15.3525,0.0,8.217153,3.0,68.05799,811.7425,14.07,Overcast
2022-01-30 21:00:00+00:00,HAKKARİ,30,-1.1025,-15.1025,0.0,7.729527,3.0,68.96764,808.9493,13.37,Overcast
2022-01-31 21:00:00+00:00,HAKKARİ,30,1.7975,-12.2525,0.0,8.64,3.0,55.139126,809.7547,14.76,Overcast
2022-02-01 21:00:00+00:00,HAKKARİ,30,2.8975,-10.4525,0.0,8.891343,3.0,52.16119,814.9493,14.9,Overcast
2022-02-02 21:00:00+00:00,HAKKARİ,30,3.9975,-9.9525,2.5,8.39657,75.0,47.549633,811.9449,14.86,Snow fall: Heavy
2022-02-03 21:00:00+00:00,HAKKARİ,30,-0.3025,-4.7525,5.7,7.968939,73.0,83.41421,806.00244,4.57,Snow fall: Moderate
2022-02-04 21:00:00+00:00,HAKKARİ,30,-0.8025,-4.9025,7.3,9.83268,75.0,90.33361,806.46313,9.33,Snow fall: Heavy
2022-02-05 21:00:00+00:00,HAKKARİ,30,-1.7525,-13.2025,0.0,10.308831,3.0,73.39386,810.84717,15.4,Overcast
2022-02-06 21:00:00+00:00,HAKKARİ,30,-0.85249996,-14.0025,0.0,9.346143,3.0,61.53464,812.4388,15.56,Overcast
2022-02-07 21:00:00+00:00,HAKKARİ,30,0.5475,-9.0025,0.1,6.28713,71.0,55.84073,814.7211,9.09,Snow fall: Slight
2022-02-08 21:00:00+00:00,HAKKARİ,30,2.1975,-7.4525003,0.0,7.9036193,3.0,81.70625,814.05865,8.15,Overcast
2022-02-09 21:00:00+00:00,HAKKARİ,30,0.64750004,-4.6025,24.699997,7.968939,75.0,86.32657,809.6175,2.34,Snow fall: Heavy
2022-02-10 21:00:00+00:00,HAKKARİ,30,2.3975,-7.6525,2.6,9.504272,75.0,76.01156,812.65436,15.25,Snow fall: Heavy
2022-02-11 21:00:00+00:00,HAKKARİ,30,7.2475,-9.2025,0.0,9.793059,2.0,60.515797,813.71436,16.52,Partly cloudy
2022-02-12 21:00:00+00:00,HAKKARİ,30,9.5475,-6.7524996,0.0,9.220499,3.0,36.868416,812.8725,16.96,Overcast
2022-02-13 21:00:00+00:00,HAKKARİ,30,7.0475,-7.7025003,0.0,10.296251,3.0,43.200764,810.71295,16.37,Overcast
2022-02-14 21:00:00+00:00,HAKKARİ,30,3.2475,-9.4025,0.0,6.924738,1.0,63.436474,811.45654,16.38,Mainly clear
2022-02-15 21:00:00+00:00,HAKKARİ,30,3.0475001,-11.4025,0.0,8.435069,0.0,56.744434,810.52985,17.2,Clear sky
2022-02-16 21:00:00+00:00,HAKKARİ,30,2.6475,-12.5025,0.0,9.449572,3.0,55.074265,808.53394,17.54,Overcast
2022-02-17 21:00:00+00:00,HAKKARİ,30,1.2475001,-8.2025,1.9000001,8.714677,73.0,70.926575,808.93164,12.07,Snow fall: Moderate
2022-02-18 21:00:00+00:00,HAKKARİ,30,5.3475,-2.5025,0.1,8.311245,71.0,70.003845,812.2742,16.73,Snow fall: Slight
2022-02-19 21:00:00+00:00,HAKKARİ,30,5.8475,-4.5525,0.0,11.440979,3.0,66.113495,810.49677,16.94,Overcast
2022-02-20 21:00:00+00:00,HAKKARİ,30,5.4975,-9.0025,0.0,9.0645685,3.0,65.554825,810.0742,17.62,Overcast
2022-02-21 21:00:00+00:00,HAKKARİ,30,5.1975,-2.3525,0.2,9.227524,71.0,74.61101,813.7872,13.15,Snow fall: Slight
2022-02-22 21:00:00+00:00,HAKKARİ,30,7.0975,-1.9024999,0.90000004,6.9899354,73.0,75.76676,815.29926,11.68,Snow fall: Moderate
2022-02-23 21:00:00+00:00,HAKKARİ,30,9.6975,-5.9025,0.0,7.729527,3.0,62.325302,814.5268,18.37,Overcast
2022-02-24 21:00:00+00:00,HAKKARİ,30,5.3475,-0.10249996,18.7,8.350138,75.0,83.57711,810.64276,5.02,Snow fall: Heavy
2022-02-25 21:00:00+00:00,HAKKARİ,30,2.4975,-2.2024999,4.1,7.754637,75.0,85.595184,811.34186,11.03,Snow fall: Heavy
2022-02-26 21:00:00+00:00,HAKKARİ,30,4.2475,-6.4525,0.0,7.42159,3.0,78.30308,815.0478,17.38,Overcast
2022-02-27 21:00:00+00:00,HAKKARİ,30,5.5975,-6.1525,0.0,7.0911775,3.0,68.96712,814.78296,18.13,Overcast
2022-02-28 21:00:00+00:00,HAKKARİ,30,3.6975,-3.6525002,5.2000003,7.0911775,73.0,77.50504,815.91864,9.01,Snow fall: Moderate
2022-03-01 21:00:00+00:00,HAKKARİ,30,2.9475,0.5975,20.100002,4.1046314,75.0,94.84557,815.5266,3.87,Snow fall: Heavy
2022-03-02 21:00:00+00:00,HAKKARİ,30,2.7475,0.097500086,49.100002,16.179987,75.0,97.30283,807.6475,1.95,Snow fall: Heavy
2022-03-03 21:00:00+00:00,HAKKARİ,30,-0.85249996,-4.4525,11.700001,11.841756,75.0,86.88278,806.0031,6.8,Snow fall: Heavy
2022-03-04 21:00:00+00:00,HAKKARİ,30,-0.85249996,-10.8025,3.1,10.086427,73.0,83.865036,810.7718,10.49,Snow fall: Moderate
2022-03-05 21:00:00+00:00,HAKKARİ,30,2.5975,-12.7025,0.0,9.779817,3.0,67.72136,807.48566,18.92,Overcast
2022-03-06 21:00:00+00:00,HAKKARİ,30,4.0475,-7.4025,0.1,6.638072,71.0,67.92696,806.2286,20.38,Snow fall: Slight
2022-03-07 21:00:00+00:00,HAKKARİ,30,3.9475,-6.0525,4.5,11.457958,73.0,76.58767,807.7413,13.55,Snow fall: Moderate
2022-03-08 21:00:00+00:00,HAKKARİ,30,0.94750005,-1.1025,57.600002,6.3690495,75.0,93.56491,805.8323,2.52,Snow fall: Heavy
2022-03-09 21:00:00+00:00,HAKKARİ,30,3.8475,-0.95249987,20.600002,12.387348,75.0,82.085724,804.5203,16.02,Snow fall: Heavy
2022-03-10 21:00:00+00:00,HAKKARİ,30,0.5975,-3.2525,37.100002,18.161278,75.0,86.84653,803.2258,9.23,Snow fall: Heavy
2022-03-11 21:00:00+00:00,HAKKARİ,30,-1.8525,-6.8525,5.899998,14.291592,75.0,78.166885,809.56323,12.69,Snow fall: Heavy
2022-03-12 21:00:00+00:00,HAKKARİ,30,-0.6524999,-7.1025,7.3999996,10.086427,75.0,81.752304,810.77814,11.34,Snow fall: Heavy
2022-03-13 21:00:00+00:00,HAKKARİ,30,-1.2024999,-9.2525,9.200002,8.209263,73.0,86.068665,811.6844,7.39,Snow fall: Moderate
2022-03-14 21:00:00+00:00,HAKKARİ,30,-2.7525,-11.6025,0.4,8.759178,71.0,76.23988,808.6889,18.85,Snow fall: Slight
2022-03-15 21:00:00+00:00,HAKKARİ,30,-2.6025,-14.2525,0.3,6.162207,71.0,64.62679,808.83734,19.94,Snow fall: Slight
2022-03-16 21:00:00+00:00,HAKKARİ,30,-2.8525,-15.902499,0.2,8.311245,71.0,57.845997,811.56915,20.77,Snow fall: Slight
2022-03-17 21:00:00+00:00,HAKKARİ,30,-2.0025,-12.6025,6.2999997,7.8625183,75.0,77.09128,811.801,16.35,Snow fall: Heavy
2022-03-18 21:00:00+00:00,HAKKARİ,30,-1.4024999,-6.7025003,13.6,6.519877,75.0,81.75993,810.69507,8.51,Snow fall: Heavy
2022-03-19 21:00:00+00:00,HAKKARİ,30,-2.6025,-10.9025,10.0,10.823973,75.0,79.405365,808.929,13.89,Snow fall: Heavy
2022-03-20 21:00:00+00:00,HAKKARİ,30,1.8975,-12.0525,0.6,8.209263,73.0,62.525135,809.30634,19.59,Snow fall: Moderate
2022-03-21 21:00:00+00:00,HAKKARİ,30,4.3975,-4.0525,0.2,8.4963045,71.0,78.36648,810.2078,17.68,Snow fall: Slight
2022-03-22 21:00:00+00:00,HAKKARİ,30,4.2975,-2.7525,18.4,7.0911775,75.0,79.90472,810.66254,13.51,Snow fall: Heavy
2022-03-23 21:00:00+00:00,HAKKARİ,30,2.0475001,-2.1025,11.200001,10.30883,75.0,75.04463,807.26105,20.53,Snow fall: Heavy
2022-03-24 21:00:00+00:00,HAKKARİ,30,0.89750004,-4.9525,3.1999998,11.435313,73.0,76.56126,808.8979,18.46,Snow fall: Moderate
2022-03-25 21:00:00+00:00,HAKKARİ,30,1.0475,-4.6025,5.7000003,10.630672,75.0,80.77179,813.2767,20.2,Snow fall: Heavy
2022-03-26 21:00:00+00:00,HAKKARİ,30,0.64750004,-7.3025,3.3000002,9.360001,73.0,81.14901,815.4724,12.14,Snow fall: Moderate
2022-03-27 21:00:00+00:00,HAKKARİ,30,4.0975,-10.3525,0.0,11.542478,0.0,65.106445,816.4687,24.9,Clear sky
2022-03-28 21:00:00+00:00,HAKKARİ,30,9.047501,-7.9525003,0.0,7.5685663,3.0,56.27313,817.3027,25.2,Overcast
2022-03-29 21:00:00+00:00,HAKKARİ,30,8.5975,-4.3525,0.0,7.289444,3.0,45.03726,814.64874,21.86,Overcast
2022-03-30 21:00:00+00:00,HAKKARİ,30,10.6475,-4.0025,0.0,7.9036193,0.0,57.39775,816.2666,25.25,Clear sky
2022-03-31 21:00:00+00:00,HAKKARİ,30,12.7975,-2.1525,0.0,7.9036193,3.0,42.901005,818.67267,25.44,Overcast
2022-04-01 21:00:00+00:00,HAKKARİ,30,15.0475,0.74750006,0.0,7.928178,3.0,42.323135,817.7097,23.28,Overcast
2022-04-02 21:00:00+00:00,HAKKARİ,30,14.9975,2.4475,0.0,8.557102,2.0,44.378326,817.30035,25.31,Partly cloudy
2022-04-03 21:00:00+00:00,HAKKARİ,30,13.7475,2.8975,0.0,10.630672,3.0,47.665455,815.7986,25.64,Overcast
2022-04-04 21:00:00+00:00,HAKKARİ,30,12.4975,2.5475001,0.0,10.464798,3.0,51.593616,817.15924,25.4,Overcast
2022-04-05 21:00:00+00:00,HAKKARİ,30,10.7975,3.0975,2.8,8.714677,53.0,57.65778,814.98224,17.7,Drizzle: Moderate
2022-04-06 21:00:00+00:00,HAKKARİ,30,11.9475,-0.15249991,7.5,12.768586,73.0,68.68619,809.29596,22.79,Snow fall: Moderate
2022-04-07 21:00:00+00:00,HAKKARİ,30,7.1975,0.89750004,23.400002,5.8603754,75.0,77.47546,812.04095,5.79,Snow fall: Heavy
2022-04-08 21:00:00+00:00,HAKKARİ,30,7.8975,0.24750006,14.8,7.968939,75.0,79.43722,809.33813,17.31,Snow fall: Heavy
2022-04-09 21:00:00+00:00,HAKKARİ,30,11.4475,-3.1025,0.0,7.491114,3.0,66.83565,813.6111,24.97,Overcast
2022-04-10 21:00:00+00:00,HAKKARİ,30,12.6975,0.5475,0.0,10.495713,3.0,59.865833,812.6403,25.32,Overcast
2022-04-11 21:00:00+00:00,HAKKARİ,30,9.297501,1.8475001,0.0,11.983188,2.0,59.88296,807.8491,26.7,Partly cloudy
2022-04-12 21:00:00+00:00,HAKKARİ,30,5.8475,-4.1525,0.2,18.875126,71.0,62.99251,809.3304,17.74,Snow fall: Slight
2022-04-13 21:00:00+00:00,HAKKARİ,30,8.247499,-4.9525,0.0,10.163227,3.0,60.56767,810.62177,27.3,Overcast
2022-04-14 21:00:00+00:00,HAKKARİ,30,11.1475,-4.2525,0.0,8.435069,3.0,53.934814,810.9533,27.75,Overcast
2022-04-15 21:00:00+00:00,HAKKARİ,30,9.9475,-1.1025,0.2,8.669949,51.0,56.64636,811.0532,26.09,Drizzle: Light
2022-04-16 21:00:00+00:00,HAKKARİ,30,12.1975,-2.7525,0.0,7.4128532,3.0,55.850494,813.9006,27.79,Overcast
2022-04-17 21:00:00+00:00,HAKKARİ,30,15.0475,-0.8025,0.0,7.9036193,3.0,54.64978,816.0776,25.74,Overcast
2022-04-18 21:00:00+00:00,HAKKARİ,30,17.0475,2.6475,0.0,8.0899935,3.0,51.958096,815.62476,19.83,Overcast
2022-04-19 21:00:00+00:00,HAKKARİ,30,11.9475,1.3975,2.7,7.8625183,71.0,63.126095,813.67365,16.76,Snow fall: Slight
2022-04-20 21:00:00+00:00,HAKKARİ,30,14.1475,-0.4024999,0.0,8.435069,0.0,58.325527,812.9156,28.45,Clear sky
2022-04-21 21:00:00+00:00,HAKKARİ,30,15.3475,-2.6525002,0.0,9.511088,3.0,53.334915,813.4375,28.25,Overcast
2022-04-22 21:00:00+00:00,HAKKARİ,30,17.497501,-1.6025,0.0,8.699793,3.0,51.677868,813.64215,28.49,Overcast
2022-04-23 21:00:00+00:00,HAKKARİ,30,16.0475,-1.2525,0.0,9.107359,3.0,53.357098,813.6138,22.98,Overcast
2022-04-24 21:00:00+00:00,HAKKARİ,30,14.6475,1.9475,0.4,9.931042,51.0,70.66302,814.112,21.74,Drizzle: Light
2022-04-25 21:00:00+00:00,HAKKARİ,30,12.9975,0.8475,4.6,8.217153,55.0,80.91045,813.71625,16.33,Drizzle: Dense
2022-04-26 21:00:00+00:00,HAKKARİ,30,15.2975,1.0975001,1.0,6.830519,53.0,76.72079,813.84955,21.72,Drizzle: Moderate
2022-04-27 21:00:00+00:00,HAKKARİ,30,15.6975,1.0475,3.1,10.829959,63.0,75.19161,814.9456,21.02,Rain: Moderate
2022-04-28 21:00:00+00:00,HAKKARİ,30,15.2475,2.9975,0.6,9.107359,51.0,73.017586,817.0811,19.69,Drizzle: Light
2022-04-29 21:00:00+00:00,HAKKARİ,30,15.7975,1.2475001,3.6999998,10.464797,63.0,74.09319,815.34735,23.98,Rain: Moderate
2022-04-30 21:00:00+00:00,HAKKARİ,30,13.2475,4.5975,3.7,10.00256,55.0,73.67167,810.7437,17.5,Drizzle: Dense
2022-05-01 21:00:00+00:00,HAKKARİ,30,13.5975,2.9975,2.3999996,11.681987,61.0,79.40767,810.7786,18.29,Rain: Slight
2022-05-02 21:00:00+00:00,HAKKARİ,30,11.3975,7.7475,6.4999995,8.089993,61.0,86.064064,814.2214,8.8,Rain: Slight
2022-05-03 21:00:00+00:00,HAKKARİ,30,17.5975,-0.3025,7.0,9.504272,63.0,73.94427,812.7288,23.62,Rain: Moderate
2022-05-04 21:00:00+00:00,HAKKARİ,30,13.5475,4.9975,1.8000001,14.88242,71.0,67.99424,810.4417,21.52,Snow fall: Slight
2022-05-05 21:00:00+00:00,HAKKARİ,30,9.7475,1.4475,7.7,9.693296,75.0,83.074524,809.4411,17.4,Snow fall: Heavy
2022-05-06 21:00:00+00:00,HAKKARİ,30,9.297501,0.7975,11.1,8.287822,75.0,83.41413,809.85443,18.37,Snow fall: Heavy
2022-05-07 21:00:00+00:00,HAKKARİ,30,9.1975,0.19749999,2.6999998,9.1641035,73.0,83.25019,813.33105,19.06,Snow fall: Moderate
2022-05-08 21:00:00+00:00,HAKKARİ,30,11.5475,-1.6524999,0.90000004,12.599998,51.0,77.727974,813.6814,26.38,Drizzle: Light
2022-05-09 21:00:00+00:00,HAKKARİ,30,9.297501,-1.0525,4.7999997,6.9247384,75.0,82.92602,812.7786,13.97,Snow fall: Heavy
2022-05-10 21:00:00+00:00,HAKKARİ,30,13.5975,-1.7024999,0.0,13.0447235,2.0,58.287693,814.18475,29.68,Partly cloudy
2022-05-11 21:00:00+00:00,HAKKARİ,30,11.7475,-0.35249996,4.2999997,11.592894,73.0,63.154842,815.03937,25.09,Snow fall: Moderate
2022-05-12 21:00:00+00:00,HAKKARİ,30,14.9975,-1.1025,0.0,13.570615,1.0,60.803223,817.4024,29.91,Mainly clear
2022-05-13 21:00:00+00:00,HAKKARİ,30,18.947498,0.19749999,0.0,9.826088,3.0,53.12495,819.85565,30.47,Overcast
2022-05-14 21:00:00+00:00,HAKKARİ,30,20.197498,4.9475,0.70000005,15.580141,51.0,58.009182,819.0425,25.94,Drizzle: Light
2022-05-15 21:00:00+00:00,HAKKARİ,30,15.2475,4.6475,1.8,15.778516,53.0,66.54457,813.7117,24.73,Drizzle: Moderate
2022-05-16 21:00:00+00:00,HAKKARİ,30,16.3475,1.9475,0.5,11.384198,51.0,69.088356,815.22614,27.03,Drizzle: Light
2022-05-17 21:00:00+00:00,HAKKARİ,30,15.3475,2.8475,7.0,10.739832,63.0,67.88696,816.3789,25.7,Rain: Moderate
2022-05-18 21:00:00+00:00,HAKKARİ,30,17.997501,3.0475001,0.0,14.021525,1.0,57.06255,818.29425,28.94,Mainly clear
2022-05-19 21:00:00+00:00,HAKKARİ,30,17.7975,6.9975,0.3,18.440998,51.0,45.30347,816.30444,29.33,Drizzle: Light
2022-05-20 21:00:00+00:00,HAKKARİ,30,18.997501,3.7475,0.0,11.503113,3.0,52.24296,817.597,31.5,Overcast
2022-05-21 21:00:00+00:00,HAKKARİ,30,21.3475,2.0475001,0.7,13.849477,51.0,44.580685,816.0236,23.17,Drizzle: Light
2022-05-22 21:00:00+00:00,HAKKARİ,30,15.4475,7.7475,2.1999998,21.175837,53.0,62.68898,809.19214,22.86,Drizzle: Moderate
2022-05-23 21:00:00+00:00,HAKKARİ,30,14.2475,6.7475,0.90000004,15.986593,51.0,62.323456,811.3271,25.08,Drizzle: Light
2022-05-24 21:00:00+00:00,HAKKARİ,30,15.7975,1.1475,0.0,13.32,1.0,48.42439,815.0916,30.83,Mainly clear
2022-05-25 21:00:00+00:00,HAKKARİ,30,18.5975,1.0475,0.0,10.163227,0.0,50.162334,817.7181,31.44,Clear sky
2022-05-26 21:00:00+00:00,HAKKARİ,30,20.8975,3.1975,0.0,9.107359,0.0,49.179813,817.5969,31.04,Clear sky
2022-05-27 21:00:00+00:00,HAKKARİ,30,21.8475,5.9975,0.0,10.464797,1.0,42.27508,818.2045,30.27,Mainly clear
2022-05-28 21:00:00+00:00,HAKKARİ,30,22.3475,6.5475,0.0,10.495713,0.0,39.058296,819.1489,29.44,Clear sky
2022-05-29 21:00:00+00:00,HAKKARİ,30,22.947498,6.5475,0.0,7.8625183,1.0,47.530293,819.7736,29.23,Mainly clear
2022-05-30 21:00:00+00:00,HAKKARİ,30,24.197498,7.4975,0.0,9.3876505,2.0,49.340015,819.0103,26.48,Partly cloudy
2022-05-31 21:00:00+00:00,HAKKARİ,30,25.0475,8.6475,0.0,10.948973,2.0,44.836212,819.5715,28.76,Partly cloudy
2022-06-01 21:00:00+00:00,HAKKARİ,30,27.0475,8.4475,0.6,10.661107,53.0,44.134876,821.6203,28.36,Drizzle: Moderate
2022-06-02 21:00:00+00:00,HAKKARİ,30,27.5475,10.0975,0.0,10.948973,3.0,41.20309,823.08374,27.93,Overcast
2022-06-03 21:00:00+00:00,HAKKARİ,30,27.8975,11.2475,0.0,14.799459,2.0,33.596397,822.1626,29.11,Partly cloudy
2022-06-04 21:00:00+00:00,HAKKARİ,30,27.0475,11.0475,0.0,15.580141,2.0,29.553041,820.5637,28.92,Partly cloudy
2022-06-05 21:00:00+00:00,HAKKARİ,30,24.697498,12.7975,0.3,15.9134655,51.0,36.098957,818.9707,25.97,Drizzle: Light
2022-06-06 21:00:00+00:00,HAKKARİ,30,23.7975,8.1975,0.0,17.10284,1.0,38.43108,816.076,31.84,Mainly clear
2022-06-07 21:00:00+00:00,HAKKARİ,30,22.747501,8.497499,0.0,14.007655,1.0,39.872208,817.31934,30.85,Mainly clear
2022-06-08 21:00:00+00:00,HAKKARİ,30,23.447498,8.6475,0.0,15.408671,0.0,45.53918,817.2371,30.77,Clear sky
2022-06-09 21:00:00+00:00,HAKKARİ,30,23.1475,7.6475,0.0,11.592895,0.0,44.380672,817.0783,30.94,Clear sky
2022-06-10 21:00:00+00:00,HAKKARİ,30,24.697498,8.8975,0.0,11.525623,2.0,49.96211,817.45435,26.29,Partly cloudy
2022-06-11 21:00:00+00:00,HAKKARİ,30,24.947498,9.9475,0.0,12.7279215,1.0,49.509064,814.9216,28.01,Mainly clear
2022-06-12 21:00:00+00:00,HAKKARİ,30,23.2975,11.9975,0.0,17.339897,2.0,42.67654,813.33026,30.01,Partly cloudy
2022-06-13 21:00:00+00:00,HAKKARİ,30,20.997501,9.5975,0.0,14.480773,1.0,49.05483,816.9319,28.24,Mainly clear
2022-06-14 21:00:00+00:00,HAKKARİ,30,22.247501,8.6975,0.0,12.096214,3.0,48.85118,818.1421,24.02,Overcast
2022-06-15 21:00:00+00:00,HAKKARİ,30,24.947498,7.8975,0.0,9.957108,0.0,47.19927,818.9904,31.71,Clear sky
2022-06-16 21:00:00+00:00,HAKKARİ,30,26.947498,9.0975,0.0,9.227524,0.0,41.52633,819.22845,32.03,Clear sky
2022-06-17 21:00:00+00:00,HAKKARİ,30,29.5975,9.6475,0.0,10.636766,0.0,37.98013,818.22345,31.86,Clear sky
2022-06-18 21:00:00+00:00,HAKKARİ,30,30.1475,12.1475,0.0,13.979872,0.0,33.482967,819.8889,31.4,Clear sky
2022-06-19 21:00:00+00:00,HAKKARİ,30,29.3475,13.7475,0.0,13.32,0.0,27.489182,819.28937,32.13,Clear sky
2022-06-20 21:00:00+00:00,HAKKARİ,30,27.7975,11.0975,0.0,14.186923,0.0,26.593576,813.33813,32.45,Clear sky
2022-06-21 21:00:00+00:00,HAKKARİ,30,21.5975,10.3975,0.0,14.8257065,2.0,37.31126,809.0891,26.16,Partly cloudy
2022-06-22 21:00:00+00:00,HAKKARİ,30,23.697498,7.8975,0.0,17.0763,2.0,52.81787,813.0674,27.06,Partly cloudy
2022-06-23 21:00:00+00:00,HAKKARİ,30,22.747501,9.9475,0.0,17.57744,3.0,51.045567,816.38226,24.06,Overcast
2022-06-24 21:00:00+00:00,HAKKARİ,30,24.5475,12.7475,0.8,17.072504,53.0,48.707188,815.63153,24.79,Drizzle: Moderate
2022-06-25 21:00:00+00:00,HAKKARİ,30,21.697498,10.2975,1.8000001,13.397612,55.0,59.55202,813.04535,25.71,Drizzle: Dense
2022-06-26 21:00:00+00:00,HAKKARİ,30,22.5475,9.1475,0.0,13.246826,2.0,48.944378,815.2771,28.66,Partly cloudy
2022-06-27 21:00:00+00:00,HAKKARİ,30,24.0475,7.5475,0.0,11.720751,0.0,41.778133,816.15533,31.95,Clear sky
2022-06-28 21:00:00+00:00,HAKKARİ,30,26.0475,7.8475,0.0,9.290511,0.0,36.394978,816.801,32.06,Clear sky
2022-06-29 21:00:00+00:00,HAKKARİ,30,27.747501,8.747499,0.0,9.686609,0.0,34.734543,815.9748,32.24,Clear sky
2022-06-30 21:00:00+00:00,HAKKARİ,30,28.3475,9.9975,0.0,8.78872,0.0,33.133026,814.6662,32.13,Clear sky
2022-07-01 21:00:00+00:00,HAKKARİ,30,27.8475,10.9475,0.0,9.957108,0.0,30.938192,813.295,32.04,Clear sky
2022-07-02 21:00:00+00:00,HAKKARİ,30,25.1475,12.6475,0.2,12.904882,51.0,49.36429,814.0942,25.94,Drizzle: Light
2022-07-03 21:00:00+00:00,HAKKARİ,30,25.5475,11.6475,0.0,13.854155,1.0,41.969585,815.57025,31.29,Mainly clear
2022-07-04 21:00:00+00:00,HAKKARİ,30,25.997501,11.3475,0.0,11.090103,2.0,42.264034,816.12726,28.5,Partly cloudy
2022-07-05 21:00:00+00:00,HAKKARİ,30,26.197498,12.0475,0.0,15.192682,3.0,40.181522,815.955,30.39,Overcast
2022-07-06 21:00:00+00:00,HAKKARİ,30,25.497501,12.0975,0.0,11.792404,2.0,40.80749,816.3677,23.79,Partly cloudy
2022-07-07 21:00:00+00:00,HAKKARİ,30,26.3475,13.4475,0.0,9.028754,2.0,41.186092,816.58905,19.39,Partly cloudy
2022-07-08 21:00:00+00:00,HAKKARİ,30,28.497501,12.1975,0.0,9.6932955,1.0,41.609512,815.3789,25.7,Mainly clear
2022-07-09 21:00:00+00:00,HAKKARİ,30,29.8975,13.0975,0.0,11.753877,0.0,34.282303,814.4873,31.19,Clear sky
2022-07-10 21:00:00+00:00,HAKKARİ,30,29.747501,12.7975,0.0,12.984975,0.0,29.744726,815.4922,31.99,Clear sky
2022-07-11 21:00:00+00:00,HAKKARİ,30,31.1475,10.6975,0.0,13.044722,0.0,22.760017,817.8747,31.78,Clear sky
2022-07-12 21:00:00+00:00,HAKKARİ,30,30.997501,12.4975,0.0,13.830749,0.0,27.083208,816.67896,31.46,Clear sky
2022-07-13 21:00:00+00:00,HAKKARİ,30,32.2975,14.3975,0.0,12.7279215,0.0,31.092447,815.5042,30.44,Clear sky
2022-07-14 21:00:00+00:00,HAKKARİ,30,32.5975,17.5475,0.0,15.03835,0.0,29.531569,817.9692,30.61,Clear sky
2022-07-15 21:00:00+00:00,HAKKARİ,30,31.8975,15.5475,0.0,13.479583,0.0,31.004677,818.06525,30.62,Clear sky
2022-07-16 21:00:00+00:00,HAKKARİ,30,32.4975,15.7975,0.0,14.8257065,0.0,28.405806,817.924,30.57,Clear sky
2022-07-17 21:00:00+00:00,HAKKARİ,30,32.1475,16.0475,0.0,13.397612,3.0,29.89414,818.25464,27.58,Overcast
2022-07-18 21:00:00+00:00,HAKKARİ,30,31.1475,15.6975,0.0,13.830749,2.0,30.817015,818.6116,27.77,Partly cloudy
2022-07-19 21:00:00+00:00,HAKKARİ,30,31.497501,15.3975,0.0,14.081477,0.0,25.95244,817.87354,30.43,Clear sky
2022-07-20 21:00:00+00:00,HAKKARİ,30,30.197498,12.5975,0.0,14.986553,0.0,27.186768,815.62054,30.81,Clear sky
2022-07-21 21:00:00+00:00,HAKKARİ,30,27.3475,13.8975,0.0,13.217443,0.0,25.258514,817.23846,30.78,Clear sky
2022-07-22 21:00:00+00:00,HAKKARİ,30,28.8975,10.8975,0.0,10.587918,0.0,28.805975,816.01074,30.74,Clear sky
2022-07-23 21:00:00+00:00,HAKKARİ,30,27.247501,12.9975,0.0,10.464797,0.0,36.8411,813.5346,28.77,Clear sky
2022-07-24 21:00:00+00:00,HAKKARİ,30,27.497501,12.6475,0.0,11.609651,0.0,38.552914,814.8018,30.2,Clear sky
2022-07-25 21:00:00+00:00,HAKKARİ,30,27.8475,12.2975,0.0,11.983188,0.0,35.189926,815.95386,29.65,Clear sky
2022-07-26 21:00:00+00:00,HAKKARİ,30,29.6475,11.5975,0.0,11.113451,0.0,23.5264,816.0467,30.65,Clear sky
2022-07-27 21:00:00+00:00,HAKKARİ,30,30.2975,12.1975,0.0,11.183201,0.0,24.272896,818.2984,30.29,Clear sky
2022-07-28 21:00:00+00:00,HAKKARİ,30,30.997501,13.2975,0.0,9.793058,0.0,30.335104,819.6499,28.84,Clear sky
2022-07-29 21:00:00+00:00,HAKKARİ,30,30.7975,15.1475,0.0,10.829958,3.0,29.259027,819.66705,26.6,Overcast
2022-07-30 21:00:00+00:00,HAKKARİ,30,31.6475,14.3475,0.0,15.021105,3.0,26.810074,817.0522,25.79,Overcast
2022-07-31 21:00:00+00:00,HAKKARİ,30,30.697498,14.3975,0.0,16.267857,1.0,27.144133,817.23773,25.88,Mainly clear
2022-08-01 21:00:00+00:00,HAKKARİ,30,30.8475,14.3475,0.0,16.1198,2.0,28.323944,818.01984,25.25,Partly cloudy
2022-08-02 21:00:00+00:00,HAKKARİ,30,30.7975,15.9475,0.0,18.218275,0.0,29.07463,819.2332,28.95,Clear sky
2022-08-03 21:00:00+00:00,HAKKARİ,30,31.3975,13.7475,0.0,11.966953,0.0,30.930586,820.4545,28.83,Clear sky
2022-08-04 21:00:00+00:00,HAKKARİ,30,32.8975,15.0975,0.0,13.854155,0.0,30.827291,819.58496,28.64,Clear sky
2022-08-05 21:00:00+00:00,HAKKARİ,30,31.0475,16.0475,0.0,14.05845,1.0,37.278408,817.13696,24.76,Mainly clear
2022-08-06 21:00:00+00:00,HAKKARİ,30,30.497501,15.8975,0.0,16.45007,0.0,40.606594,815.6287,28.03,Clear sky
2022-08-07 21:00:00+00:00,HAKKARİ,30,29.7975,13.3475,0.0,14.494192,0.0,34.263706,817.29486,28.55,Clear sky
2022-08-08 21:00:00+00:00,HAKKARİ,30,30.197498,13.3975,0.0,9.605998,0.0,36.57756,817.6026,28.53,Clear sky
2022-08-09 21:00:00+00:00,HAKKARİ,30,30.697498,14.8475,0.0,13.551501,0.0,37.537373,817.16437,28.14,Clear sky
2022-08-10 21:00:00+00:00,HAKKARİ,30,30.997501,13.8975,0.0,13.493999,0.0,32.2769,816.3115,28.45,Clear sky
2022-08-11 21:00:00+00:00,HAKKARİ,30,31.747501,13.7975,0.0,11.988594,0.0,28.849215,817.0424,28.74,Clear sky
2022-08-12 21:00:00+00:00,HAKKARİ,30,32.2975,16.0975,0.0,14.021525,0.0,34.506714,816.2668,28.0,Clear sky
2022-08-13 21:00:00+00:00,HAKKARİ,30,31.3975,15.6975,0.0,14.84318,0.0,30.2371,816.4309,28.05,Clear sky
2022-08-14 21:00:00+00:00,HAKKARİ,30,30.7975,13.7975,0.0,12.313894,0.0,31.874716,817.8714,28.38,Clear sky
2022-08-15 21:00:00+00:00,HAKKARİ,30,31.997501,12.8475,0.0,11.988594,0.0,27.126823,819.0064,28.67,Clear sky
2022-08-16 21:00:00+00:00,HAKKARİ,30,32.8475,14.6475,0.0,15.349684,0.0,20.475756,818.03375,28.13,Clear sky
2022-08-17 21:00:00+00:00,HAKKARİ,30,32.1475,14.3475,0.0,16.641972,1.0,16.36875,817.4375,27.2,Mainly clear
2022-08-18 21:00:00+00:00,HAKKARİ,30,30.5475,13.1975,0.0,12.738099,0.0,16.004644,816.9277,28.12,Clear sky
2022-08-19 21:00:00+00:00,HAKKARİ,30,28.8975,14.6975,0.0,11.966953,3.0,24.256132,818.03467,22.83,Overcast
2022-08-20 21:00:00+00:00,HAKKARİ,30,28.5975,14.2975,0.0,10.1887,3.0,31.515455,817.6795,23.2,Overcast
2022-08-21 21:00:00+00:00,HAKKARİ,30,27.8975,14.3475,0.0,10.086427,3.0,31.310602,817.73566,24.01,Overcast
2022-08-22 21:00:00+00:00,HAKKARİ,30,28.8975,13.8475,0.0,9.511088,3.0,35.93089,819.4805,23.74,Overcast
2022-08-23 21:00:00+00:00,HAKKARİ,30,29.6475,14.3975,0.0,11.609651,2.0,33.7438,820.87427,22.67,Partly cloudy
2022-08-24 21:00:00+00:00,HAKKARİ,30,29.8975,13.8475,0.0,11.988594,3.0,30.592834,820.076,22.74,Overcast
2022-08-25 21:00:00+00:00,HAKKARİ,30,30.1475,14.0475,0.0,9.504272,3.0,28.384575,819.8841,22.49,Overcast
2022-08-26 21:00:00+00:00,HAKKARİ,30,29.197498,13.5975,0.0,8.534353,1.0,24.25545,821.1458,24.16,Mainly clear
2022-08-27 21:00:00+00:00,HAKKARİ,30,29.3475,13.0975,0.0,11.304229,1.0,25.203508,821.56525,24.92,Mainly clear
2022-08-28 21:00:00+00:00,HAKKARİ,30,29.8975,13.0975,0.0,8.891344,0.0,23.250092,822.12946,26.13,Clear sky
2022-08-29 21:00:00+00:00,HAKKARİ,30,29.747501,12.8975,0.0,12.313893,0.0,21.003813,822.9175,26.07,Clear sky
2022-08-30 21:00:00+00:00,HAKKARİ,30,30.1475,12.7975,0.0,8.427383,3.0,22.000769,822.5752,24.39,Overcast
2022-08-31 21:00:00+00:00,HAKKARİ,30,29.247501,13.0475,0.0,7.208994,3.0,25.015533,821.83,18.42,Overcast
2022-09-01 21:00:00+00:00,HAKKARİ,30,29.447498,13.7475,0.0,8.049845,3.0,24.399475,823.3042,19.88,Overcast
2022-09-02 21:00:00+00:00,HAKKARİ,30,30.697498,14.0475,0.0,8.654986,1.0,23.71631,823.6912,23.08,Mainly clear
2022-09-03 21:00:00+00:00,HAKKARİ,30,30.5475,14.1475,0.0,12.144331,1.0,26.872496,821.0466,23.02,Mainly clear
2022-09-04 21:00:00+00:00,HAKKARİ,30,29.3475,13.1975,0.0,14.345898,0.0,27.89324,818.69794,25.12,Clear sky
2022-09-05 21:00:00+00:00,HAKKARİ,30,27.447498,12.0975,0.0,17.673029,1.0,31.202269,817.30756,24.58,Mainly clear
2022-09-06 21:00:00+00:00,HAKKARİ,30,25.0475,11.3975,0.0,15.256526,0.0,37.23682,817.6036,24.26,Clear sky
2022-09-07 21:00:00+00:00,HAKKARİ,30,24.747501,10.2975,0.0,13.783817,0.0,34.083797,820.3299,24.63,Clear sky
2022-09-08 21:00:00+00:00,HAKKARİ,30,25.447498,9.4975,0.0,12.43434,0.0,30.226685,821.3435,24.71,Clear sky
2022-09-09 21:00:00+00:00,HAKKARİ,30,26.247501,8.0975,0.0,10.948973,0.0,26.5981,820.1198,24.81,Clear sky
2022-09-10 21:00:00+00:00,HAKKARİ,30,26.1475,8.747499,0.0,11.720751,0.0,28.069092,818.3098,24.37,Clear sky
2022-09-11 21:00:00+00:00,HAKKARİ,30,26.747501,9.6975,0.0,11.183201,0.0,28.0707,816.72974,24.09,Clear sky
2022-09-12 21:00:00+00:00,HAKKARİ,30,25.197498,9.6975,0.0,15.1884165,0.0,30.592644,815.7955,23.92,Clear sky
2022-09-13 21:00:00+00:00,HAKKARİ,30,23.997501,9.3475,0.0,15.716793,0.0,33.39447,817.0752,23.81,Clear sky
2022-09-14 21:00:00+00:00,HAKKARİ,30,23.5975,8.047501,0.0,9.885262,0.0,41.05408,818.7819,23.3,Clear sky
2022-09-15 21:00:00+00:00,HAKKARİ,30,25.747501,8.0975,0.0,10.990322,0.0,36.759525,818.19653,23.16,Clear sky
2022-09-16 21:00:00+00:00,HAKKARİ,30,27.5475,9.6475,0.0,9.659814,1.0,29.48407,818.289,22.54,Mainly clear
2022-09-17 21:00:00+00:00,HAKKARİ,30,27.7975,10.5475,0.0,10.1887,1.0,27.95933,819.90015,22.86,Mainly clear
2022-09-18 21:00:00+00:00,HAKKARİ,30,26.747501,10.7975,0.0,15.192682,0.0,23.23835,819.3216,21.91,Clear sky
2022-09-19 21:00:00+00:00,HAKKARİ,30,25.697498,10.7475,0.0,9.957108,1.0,20.864012,819.0486,22.75,Mainly clear
2022-09-20 21:00:00+00:00,HAKKARİ,30,23.497501,10.6975,0.70000005,18.837322,51.0,32.692165,818.4731,17.19,Drizzle: Light
2022-09-21 21:00:00+00:00,HAKKARİ,30,19.5975,10.5975,0.7,15.629971,51.0,61.660732,817.7923,17.46,Drizzle: Light
2022-09-22 21:00:00+00:00,HAKKARİ,30,20.697498,8.497499,0.0,13.397612,1.0,50.821896,818.31305,21.52,Mainly clear
2022-09-23 21:00:00+00:00,HAKKARİ,30,20.997501,7.0475,0.0,14.512064,1.0,48.38715,819.2847,21.46,Mainly clear
2022-09-24 21:00:00+00:00,HAKKARİ,30,21.447498,6.0975,0.0,8.404285,0.0,49.997883,819.1704,21.33,Clear sky
2022-09-25 21:00:00+00:00,HAKKARİ,30,23.947498,5.9975,0.0,10.00256,0.0,42.487614,819.9172,21.85,Clear sky
2022-09-26 21:00:00+00:00,HAKKARİ,30,24.6475,6.6475,0.0,9.659814,0.0,34.940105,819.30865,21.7,Clear sky
2022-09-27 21:00:00+00:00,HAKKARİ,30,24.7975,7.1975,0.0,9.957108,0.0,26.262594,818.6216,21.52,Clear sky
2022-09-28 21:00:00+00:00,HAKKARİ,30,25.497501,7.3975,0.0,10.799999,0.0,24.104933,818.24286,21.03,Clear sky
2022-09-29 21:00:00+00:00,HAKKARİ,30,25.447498,8.247499,0.0,9.957108,0.0,26.872114,820.071,21.01,Clear sky
2022-09-30 21:00:00+00:00,HAKKARİ,30,25.2975,7.9975,0.0,10.028439,0.0,33.21127,820.85846,20.6,Clear sky
2022-10-01 21:00:00+00:00,HAKKARİ,30,24.7975,7.7475,0.0,10.787993,1.0,35.17306,818.79395,20.52,Mainly clear
2022-10-02 21:00:00+00:00,HAKKARİ,30,22.3475,8.8975,0.0,11.4862,1.0,30.341799,817.4139,20.08,Mainly clear
2022-10-03 21:00:00+00:00,HAKKARİ,30,22.1475,9.5975,0.0,13.276144,0.0,33.482452,822.5002,19.71,Clear sky
2022-10-04 21:00:00+00:00,HAKKARİ,30,23.7975,7.4975,0.0,13.276144,1.0,31.662897,824.9284,18.78,Mainly clear
2022-10-05 21:00:00+00:00,HAKKARİ,30,24.0475,8.0975,0.0,10.163227,2.0,29.041122,823.4454,18.06,Partly cloudy
2022-10-06 21:00:00+00:00,HAKKARİ,30,24.247501,8.6975,0.0,8.587338,2.0,28.438585,821.97577,15.83,Partly cloudy
2022-10-07 21:00:00+00:00,HAKKARİ,30,23.8975,8.3975,0.0,11.988594,2.0,29.348112,821.7991,18.27,Partly cloudy
2022-10-08 21:00:00+00:00,HAKKARİ,30,17.1475,11.2975,7.3999996,7.42159,63.0,52.109875,820.6351,8.73,Rain: Moderate
2022-10-09 21:00:00+00:00,HAKKARİ,30,17.3475,6.5475,0.0,10.028439,0.0,54.302917,819.89557,18.66,Clear sky
2022-10-10 21:00:00+00:00,HAKKARİ,30,18.0475,2.7475,0.0,8.587338,0.0,50.046978,819.50946,18.66,Clear sky
2022-10-11 21:00:00+00:00,HAKKARİ,30,18.8975,3.3475,0.0,9.339208,3.0,51.084682,819.0759,18.3,Overcast
2022-10-12 21:00:00+00:00,HAKKARİ,30,18.947498,6.4475,0.0,10.883676,3.0,42.938232,819.0809,15.94,Overcast
2022-10-13 21:00:00+00:00,HAKKARİ,30,16.1975,4.9475,0.5,12.261157,51.0,53.95183,817.99384,14.27,Drizzle: Light
2022-10-14 21:00:00+00:00,HAKKARİ,30,18.0475,4.4975,0.8,15.124284,53.0,54.248966,818.38214,16.02,Drizzle: Moderate
2022-10-15 21:00:00+00:00,HAKKARİ,30,19.997501,6.3475,0.5,15.696165,51.0,43.263474,822.8479,16.38,Drizzle: Light
2022-10-16 21:00:00+00:00,HAKKARİ,30,20.2975,8.3975,3.0,11.4862,61.0,47.43012,825.8802,14.55,Rain: Slight
2022-10-17 21:00:00+00:00,HAKKARİ,30,20.8975,6.6975,0.0,8.78872,3.0,43.806446,824.5712,14.82,Overcast
2022-10-18 21:00:00+00:00,HAKKARİ,30,19.7975,6.7975,0.0,10.97262,2.0,45.010654,822.95966,15.04,Partly cloudy
2022-10-19 21:00:00+00:00,HAKKARİ,30,19.747501,9.297501,0.2,15.580141,51.0,43.783203,819.1936,12.56,Drizzle: Light
2022-10-20 21:00:00+00:00,HAKKARİ,30,15.4975,7.5475,1.8,15.696165,53.0,67.2287,818.18744,13.37,Drizzle: Moderate
2022-10-21 21:00:00+00:00,HAKKARİ,30,13.6475,7.4475,19.700003,13.004922,63.0,81.82711,821.5135,9.44,Rain: Moderate
2022-10-22 21:00:00+00:00,HAKKARİ,30,14.3475,2.3975,1.7000002,10.144082,53.0,71.01259,820.49066,16.54,Drizzle: Moderate
2022-10-23 21:00:00+00:00,HAKKARİ,30,13.8975,0.097500086,0.0,10.144082,3.0,53.186172,817.5569,16.35,Overcast
2022-10-24 21:00:00+00:00,HAKKARİ,30,15.5475,-0.50249994,0.0,7.491114,0.0,53.585354,817.61847,16.49,Clear sky
2022-10-25 21:00:00+00:00,HAKKARİ,30,14.7975,1.4475,0.4,8.905908,51.0,52.204678,820.64355,9.17,Drizzle: Light
2022-10-26 21:00:00+00:00,HAKKARİ,30,14.6975,2.3975,0.6,10.1887,51.0,73.7725,820.43115,12.17,Drizzle: Light
2022-10-27 21:00:00+00:00,HAKKARİ,30,16.3975,1.3975,0.0,8.654987,3.0,66.16952,817.75397,15.43,Overcast
2022-10-28 21:00:00+00:00,HAKKARİ,30,14.7975,2.5475001,0.0,8.373386,1.0,59.26842,817.79315,14.28,Mainly clear
2022-10-29 21:00:00+00:00,HAKKARİ,30,13.7975,0.14750004,0.0,9.693296,0.0,61.226833,818.5859,14.84,Clear sky
2022-10-30 21:00:00+00:00,HAKKARİ,30,13.6975,1.3975,0.0,12.682018,3.0,56.49057,816.92145,13.76,Overcast
2022-10-31 21:00:00+00:00,HAKKARİ,30,13.6475,1.9975001,0.0,12.287555,1.0,56.836994,815.00977,14.87,Mainly clear
2022-11-01 21:00:00+00:00,HAKKARİ,30,11.3975,-0.95249987,0.0,8.587338,0.0,56.522644,814.14014,15.12,Clear sky
2022-11-02 21:00:00+00:00,HAKKARİ,30,13.6975,-1.9524999,0.0,11.792404,3.0,57.772495,813.3667,14.55,Overcast
2022-11-03 21:00:00+00:00,HAKKARİ,30,12.9475,-1.0525,0.0,12.538134,2.0,51.518967,815.3754,13.31,Partly cloudy
2022-11-04 21:00:00+00:00,HAKKARİ,30,12.8975,2.7475,0.0,10.383987,1.0,50.267162,817.3889,14.03,Mainly clear
2022-11-05 21:00:00+00:00,HAKKARİ,30,12.8975,-1.2024999,0.0,10.009036,2.0,53.598454,816.89215,14.39,Partly cloudy
2022-11-06 21:00:00+00:00,HAKKARİ,30,11.9475,-1.9024999,0.0,6.2145634,3.0,50.649998,815.8786,12.79,Overcast
2022-11-07 21:00:00+00:00,HAKKARİ,30,12.0475,0.94750005,0.0,11.246759,3.0,57.706417,814.4658,10.72,Overcast
2022-11-08 21:00:00+00:00,HAKKARİ,30,11.1475,-0.3025,0.2,8.427383,51.0,65.175575,814.94244,9.22,Drizzle: Light
2022-11-09 21:00:00+00:00,HAKKARİ,30,9.5475,0.3475001,1.1,7.289444,71.0,71.18061,817.03485,9.37,Snow fall: Slight
2022-11-10 21:00:00+00:00,HAKKARİ,30,10.0475,-0.85249996,2.2999997,5.8048253,73.0,78.02943,819.9165,11.38,Snow fall: Moderate
2022-11-11 21:00:00+00:00,HAKKARİ,30,11.4475,-2.2024999,0.0,8.435069,2.0,64.96349,820.44684,13.65,Partly cloudy
2022-11-12 21:00:00+00:00,HAKKARİ,30,12.2475,-2.7525,0.0,7.4128532,0.0,54.239716,819.39874,13.83,Clear sky
2022-11-13 21:00:00+00:00,HAKKARİ,30,10.9475,-2.2525,0.0,9.983106,0.0,46.00923,816.16187,13.56,Clear sky
2022-11-14 21:00:00+00:00,HAKKARİ,30,10.0475,-0.9024999,0.0,9.178235,0.0,52.29166,816.6716,13.44,Clear sky
2022-11-15 21:00:00+00:00,HAKKARİ,30,7.8975,-2.4524999,2.6,7.4128532,73.0,63.70645,813.7176,4.89,Snow fall: Moderate
2022-11-16 21:00:00+00:00,HAKKARİ,30,5.7975,-0.3025,0.5,7.491114,51.0,84.93519,813.2107,3.37,Drizzle: Light
2022-11-17 21:00:00+00:00,HAKKARİ,30,9.297501,-3.1025,0.0,9.693296,3.0,72.37554,815.9439,12.68,Overcast
2022-11-18 21:00:00+00:00,HAKKARİ,30,12.2475,-2.4025,0.0,7.127636,3.0,65.38919,818.7395,12.01,Overcast
2022-11-19 21:00:00+00:00,HAKKARİ,30,14.1975,-1.8025,0.0,9.826088,0.0,58.07538,820.649,12.74,Clear sky
2022-11-20 21:00:00+00:00,HAKKARİ,30,15.5475,0.14750004,0.0,8.557102,3.0,41.108875,820.8692,12.02,Overcast
2022-11-21 21:00:00+00:00,HAKKARİ,30,12.0975,0.74750006,0.0,9.693296,3.0,40.235973,819.5412,10.15,Overcast
2022-11-22 21:00:00+00:00,HAKKARİ,30,10.9475,-1.4524999,0.0,7.8954163,3.0,47.736526,817.7631,12.14,Overcast
2022-11-23 21:00:00+00:00,HAKKARİ,30,11.1975,-1.0025,0.8,8.534353,51.0,57.643616,816.6367,11.8,Drizzle: Light
2022-11-24 21:00:00+00:00,HAKKARİ,30,4.4975,2.5975,18.599998,3.9763298,75.0,94.47128,812.5298,2.04,Snow fall: Heavy
2022-11-25 21:00:00+00:00,HAKKARİ,30,3.0975,0.7975,20.099998,4.1046314,75.0,95.62,812.9285,2.63,Snow fall: Heavy
2022-11-26 21:00:00+00:00,HAKKARİ,30,4.8475,-7.1525,1.3000001,7.754637,73.0,82.03654,815.10846,10.25,Snow fall: Moderate
2022-11-27 21:00:00+00:00,HAKKARİ,30,8.3475,-7.2025003,0.0,11.269782,3.0,62.368618,813.9292,10.91,Overcast
2022-11-28 21:00:00+00:00,HAKKARİ,30,9.7975,-8.0525,1.2,9.504273,71.0,59.39294,814.7475,8.67,Snow fall: Slight
2022-11-29 21:00:00+00:00,HAKKARİ,30,4.2975,2.1975,25.099998,6.9527545,75.0,88.756096,816.25275,2.06,Snow fall: Heavy
2022-11-30 21:00:00+00:00,HAKKARİ,30,6.7475,-7.0024996,0.1,8.766573,51.0,83.62582,816.09326,11.28,Drizzle: Light
2022-12-01 21:00:00+00:00,HAKKARİ,30,7.1975,-8.2025,0.0,11.440979,3.0,79.50063,814.45734,11.26,Overcast
2022-12-02 21:00:00+00:00,HAKKARİ,30,6.6475,-8.4525,0.0,8.225035,3.0,76.106804,812.19293,10.88,Overcast
2022-12-03 21:00:00+00:00,HAKKARİ,30,3.9975,-10.7525,0.0,10.00256,3.0,77.145905,813.80853,11.62,Overcast
2022-12-04 21:00:00+00:00,HAKKARİ,30,3.3975,-10.6025,0.0,10.464797,3.0,78.585106,814.68695,10.65,Overcast
2022-12-05 21:00:00+00:00,HAKKARİ,30,4.3975,-10.1025,0.0,9.504272,3.0,74.191124,813.88446,10.2,Overcast
2022-12-06 21:00:00+00:00,HAKKARİ,30,3.3475,-6.2525,0.0,6.151683,3.0,68.604195,815.3869,9.42,Overcast
2022-12-07 21:00:00+00:00,HAKKARİ,30,4.5475,-12.4525,0.0,7.9932966,3.0,68.524734,814.8852,10.4,Overcast
2022-12-08 21:00:00+00:00,HAKKARİ,30,4.2475,-11.4025,0.0,8.557102,0.0,63.621765,814.3328,11.19,Clear sky
2022-12-09 21:00:00+00:00,HAKKARİ,30,5.2975,-10.8525,0.0,9.826088,1.0,61.88207,813.4995,11.24,Mainly clear
2022-12-10 21:00:00+00:00,HAKKARİ,30,7.1475,-6.9025,0.0,8.707237,3.0,43.751545,815.0722,11.11,Overcast
2022-12-11 21:00:00+00:00,HAKKARİ,30,4.9975,-3.2525,0.2,6.489992,71.0,54.569477,814.4204,5.62,Snow fall: Slight
2022-12-12 21:00:00+00:00,HAKKARİ,30,2.4975,-0.95249987,4.9,4.5820518,73.0,84.955376,813.98175,2.14,Snow fall: Moderate
2022-12-13 21:00:00+00:00,HAKKARİ,30,5.1975,-5.1525,0.0,4.3498964,3.0,86.74688,816.3891,6.6,Overcast
2022-12-14 21:00:00+00:00,HAKKARİ,30,7.2975,-7.3025,0.0,9.0,3.0,84.52003,815.4765,7.46,Overcast
2022-12-15 21:00:00+00:00,HAKKARİ,30,8.497499,-5.4025,0.5,8.311245,71.0,76.75835,816.0539,9.59,Snow fall: Slight
2022-12-16 21:00:00+00:00,HAKKARİ,30,6.9975,-5.5025,0.0,8.891343,2.0,73.71387,817.9736,10.73,Partly cloudy
2022-12-17 21:00:00+00:00,HAKKARİ,30,8.747499,-5.1525,0.0,8.854829,0.0,62.084225,819.1023,10.99,Clear sky
2022-12-18 21:00:00+00:00,HAKKARİ,30,9.7475,-3.6025,0.0,8.854829,3.0,44.31326,816.87177,10.89,Overcast
2022-12-19 21:00:00+00:00,HAKKARİ,30,6.7975,-3.7024999,0.0,6.9247384,3.0,50.444397,814.31866,9.26,Overcast
2022-12-20 21:00:00+00:00,HAKKARİ,30,4.7475,-7.3025,0.0,10.630672,3.0,72.92443,814.81525,8.63,Overcast
2022-12-21 21:00:00+00:00,HAKKARİ,30,5.1975,-7.6025,0.0,10.685391,3.0,72.49741,813.47345,9.77,Overcast
2022-12-22 21:00:00+00:00,HAKKARİ,30,4.9475,-6.6025,0.0,10.00256,3.0,71.06952,812.2483,10.35,Overcast
2022-12-23 21:00:00+00:00,HAKKARİ,30,4.0975,-3.8525,0.3,8.049845,71.0,73.47519,808.78687,5.89,Snow fall: Slight
2022-12-24 21:00:00+00:00,HAKKARİ,30,3.8475,-5.4025,0.0,7.7879906,3.0,76.95281,812.5454,9.28,Overcast
2022-12-25 21:00:00+00:00,HAKKARİ,30,3.7975001,-8.6525,0.0,8.287822,3.0,65.70783,812.555,10.71,Overcast
2022-12-26 21:00:00+00:00,HAKKARİ,30,5.0975,-7.2524996,0.1,7.4128532,71.0,53.803806,814.97394,9.71,Snow fall: Slight
2022-12-27 21:00:00+00:00,HAKKARİ,30,4.4975,-8.8025,0.0,9.422101,3.0,62.46236,815.87866,10.11,Overcast
2022-12-28 21:00:00+00:00,HAKKARİ,30,4.7475,-7.7025003,0.0,9.531505,2.0,61.53186,818.35236,10.45,Partly cloudy
2022-12-29 21:00:00+00:00,HAKKARİ,30,4.2975,-9.8525,0.0,9.0,1.0,41.24216,820.1607,11.48,Mainly clear
2022-12-30 21:00:00+00:00,HAKKARİ,30,5.2975,-7.9025,0.0,8.049845,0.0,26.046394,820.2066,11.58,Clear sky
2022-12-31 21:00:00+00:00,HAKKARİ,30,6.9475,-7.2524996,0.0,7.5685663,0.0,26.492844,820.7458,11.4,Clear sky
2023-01-01 21:00:00+00:00,HAKKARİ,30,8.3475,-6.4525,0.0,8.4963045,0.0,27.004152,820.8879,11.53,Clear sky
2023-01-02 21:00:00+00:00,HAKKARİ,30,9.4475,-5.0025,0.0,9.659814,0.0,20.18007,820.93475,11.46,Clear sky
2023-01-03 21:00:00+00:00,HAKKARİ,30,7.7975,-5.8525,0.0,8.534353,3.0,24.58715,813.63116,10.14,Overcast
2023-01-04 21:00:00+00:00,HAKKARİ,30,6.0475,-4.6525,0.0,6.830519,3.0,51.171963,811.53656,10.82,Overcast
2023-01-05 21:00:00+00:00,HAKKARİ,30,3.0475001,-3.2024999,0.3,10.495713,71.0,75.33935,815.5057,9.13,Snow fall: Slight
2023-01-06 21:00:00+00:00,HAKKARİ,30,0.44750005,-3.3525,1.5000002,8.427383,71.0,86.036064,814.75903,5.38,Snow fall: Slight
2023-01-07 21:00:00+00:00,HAKKARİ,30,0.7975,-6.1025,2.1000001,8.707237,73.0,76.90142,813.18915,7.39,Snow fall: Moderate
2023-01-08 21:00:00+00:00,HAKKARİ,30,0.5975,-9.5025,1.6000001,9.021574,71.0,64.50589,813.5694,9.98,Snow fall: Slight
2023-01-09 21:00:00+00:00,HAKKARİ,30,2.9975,-19.6525,0.0,11.923557,1.0,57.204437,813.32635,12.1,Mainly clear
2023-01-10 21:00:00+00:00,HAKKARİ,30,5.5975,-8.5025,0.0,9.504272,0.0,26.945847,817.6351,12.11,Clear sky
2023-01-11 21:00:00+00:00,HAKKARİ,30,6.4975,-8.6025,0.0,8.707237,3.0,23.342354,816.81415,12.11,Overcast
2023-01-12 21:00:00+00:00,HAKKARİ,30,3.7975001,-5.8525,0.0,8.714677,3.0,39.58344,815.65436,11.6,Overcast
2023-01-13 21:00:00+00:00,HAKKARİ,30,2.1975,-8.2025,0.1,8.089993,51.0,65.931816,816.0224,7.88,Drizzle: Light
2023-01-14 21:00:00+00:00,HAKKARİ,30,5.1975,-8.8025,0.0,9.178235,3.0,57.62494,813.94257,12.06,Overcast
2023-01-15 21:00:00+00:00,HAKKARİ,30,3.9975,-7.2524996,0.0,6.297428,3.0,60.13922,814.09186,9.36,Overcast
2023-01-16 21:00:00+00:00,HAKKARİ,30,6.6475,-6.0025,0.0,6.6185193,1.0,49.916183,814.3719,12.21,Mainly clear
2023-01-17 21:00:00+00:00,HAKKARİ,30,7.3975,-5.7025,0.0,7.072878,0.0,44.07155,815.498,12.49,Clear sky
2023-01-18 21:00:00+00:00,HAKKARİ,30,10.0475,-5.9525,0.0,7.0911775,0.0,40.623943,816.8902,12.41,Clear sky
2023-01-19 21:00:00+00:00,HAKKARİ,30,9.8475,-4.1025,0.0,7.7879906,1.0,39.814922,817.06055,12.71,Mainly clear
2023-01-20 21:00:00+00:00,HAKKARİ,30,8.9475,-4.3525,0.0,7.628263,2.0,42.807095,815.941,12.75,Partly cloudy
2023-01-21 21:00:00+00:00,HAKKARİ,30,7.0475,-4.2525,0.0,8.707237,1.0,50.79141,816.67505,12.57,Mainly clear
2023-01-22 21:00:00+00:00,HAKKARİ,30,5.7975,-7.3025,0.0,8.587338,3.0,57.875916,817.17365,11.94,Overcast
2023-01-23 21:00:00+00:00,HAKKARİ,30,3.6975,-8.4525,0.0,9.826088,2.0,54.155476,817.02203,12.88,Partly cloudy
2023-01-24 21:00:00+00:00,HAKKARİ,30,3.3475,-8.8025,0.0,9.021574,0.0,45.70906,814.7786,13.26,Clear sky
2023-01-25 21:00:00+00:00,HAKKARİ,30,2.7975001,-9.4525,0.0,9.178235,2.0,47.177155,813.9051,13.1,Partly cloudy
2023-01-26 21:00:00+00:00,HAKKARİ,30,3.5475001,-11.4525,0.0,7.771331,3.0,46.824017,814.30884,13.74,Overcast
2023-01-27 21:00:00+00:00,HAKKARİ,30,3.8975,-5.9025,5.0,9.565437,75.0,56.021255,813.6888,6.65,Snow fall: Heavy
2023-01-28 21:00:00+00:00,HAKKARİ,30,0.7975,-4.3525,14.199998,6.6185193,75.0,89.92612,809.64667,3.52,Snow fall: Heavy
2023-01-29 21:00:00+00:00,HAKKARİ,30,0.097500086,-13.5025,5.6999993,6.696387,75.0,85.02059,806.1353,6.38,Snow fall: Heavy
2023-01-30 21:00:00+00:00,HAKKARİ,30,0.8475,-5.5525,2.3,5.634891,73.0,84.551575,803.2132,7.15,Snow fall: Moderate
2023-01-31 21:00:00+00:00,HAKKARİ,30,-0.70249987,-3.0524998,6.399999,9.227524,73.0,87.64033,806.2092,5.64,Snow fall: Moderate
2023-02-01 21:00:00+00:00,HAKKARİ,30,-1.8525,-4.1525,38.100002,9.085988,75.0,89.72602,806.315,4.53,Snow fall: Heavy
2023-02-02 21:00:00+00:00,HAKKARİ,30,-2.5525,-14.3525,7.0999985,10.990322,75.0,80.38113,812.3691,12.93,Snow fall: Heavy
2023-02-03 21:00:00+00:00,HAKKARİ,30,-2.4524999,-19.6025,6.1000004,9.387651,75.0,56.961033,808.4229,10.63,Snow fall: Heavy
2023-02-04 21:00:00+00:00,HAKKARİ,30,-1.8525,-6.5525,15.099999,5.8048253,75.0,87.745674,808.48413,4.22,Snow fall: Heavy
2023-02-05 21:00:00+00:00,HAKKARİ,30,0.39750004,-3.5025,31.700003,7.42159,75.0,92.18893,806.4421,3.39,Snow fall: Heavy
2023-02-06 21:00:00+00:00,HAKKARİ,30,-1.6524999,-4.2525,26.400003,10.195057,75.0,89.93671,803.3315,4.24,Snow fall: Heavy
2023-02-07 21:00:00+00:00,HAKKARİ,30,-3.0524998,-6.7524996,5.0,7.5942082,75.0,77.72393,806.88916,9.3,Snow fall: Heavy
2023-02-08 21:00:00+00:00,HAKKARİ,30,-3.2525,-14.802501,0.0,7.928177,3.0,67.75235,810.69604,12.93,Overcast
2023-02-09 21:00:00+00:00,HAKKARİ,30,-4.0525,-17.2025,0.0,9.290511,2.0,67.27325,814.5547,16.28,Partly cloudy
2023-02-10 21:00:00+00:00,HAKKARİ,30,-4.8525,-17.8525,0.0,10.315115,2.0,62.690937,812.92456,16.67,Partly cloudy
2023-02-11 21:00:00+00:00,HAKKARİ,30,-3.4025002,-16.302502,0.2,6.489992,71.0,67.06068,809.8772,11.47,Snow fall: Slight
2023-02-12 21:00:00+00:00,HAKKARİ,30,-3.1025,-19.502499,0.0,8.311245,1.0,50.285797,810.08234,17.27,Mainly clear
2023-02-13 21:00:00+00:00,HAKKARİ,30,-2.7024999,-19.1525,0.0,9.1641035,0.0,43.586796,810.0953,17.34,Clear sky
2023-02-14 21:00:00+00:00,HAKKARİ,30,-4.4525,-16.2025,0.4,9.605998,73.0,55.02759,806.4927,16.61,Snow fall: Moderate
2023-02-15 21:00:00+00:00,HAKKARİ,30,-3.5025,-18.3525,1.4000001,9.1641035,73.0,62.47797,809.18414,16.52,Snow fall: Moderate
2023-02-16 21:00:00+00:00,HAKKARİ,30,-2.8024998,-20.9025,0.0,6.2145634,0.0,48.590134,813.34503,17.68,Clear sky
2023-02-17 21:00:00+00:00,HAKKARİ,30,1.7475001,-14.3025,0.0,8.557102,3.0,41.633923,815.30927,17.61,Overcast
2023-02-18 21:00:00+00:00,HAKKARİ,30,1.3475001,-6.6525,0.0,10.636766,3.0,48.621365,816.4749,16.88,Overcast
2023-02-19 21:00:00+00:00,HAKKARİ,30,2.8975,-12.5525,0.0,9.360001,3.0,71.534225,815.0577,17.35,Overcast
2023-02-20 21:00:00+00:00,HAKKARİ,30,2.4975,-7.3025,0.90000004,13.755579,71.0,76.416985,811.70703,10.93,Snow fall: Slight
2023-02-21 21:00:00+00:00,HAKKARİ,30,2.8475,-7.3025,0.0,10.594036,1.0,66.82916,812.20807,18.34,Mainly clear
2023-02-22 21:00:00+00:00,HAKKARİ,30,4.1475,-11.3025,0.0,10.028439,3.0,67.06987,809.9803,17.83,Overcast
2023-02-23 21:00:00+00:00,HAKKARİ,30,5.1475,-5.8025,0.0,8.287822,3.0,62.916508,811.7512,18.23,Overcast
2023-02-24 21:00:00+00:00,HAKKARİ,30,5.4475,-10.6025,0.0,10.799999,3.0,59.987225,814.20825,18.39,Overcast
2023-02-25 21:00:00+00:00,HAKKARİ,30,7.2975,-8.2525,0.0,8.64,3.0,65.58132,818.09296,18.87,Overcast
2023-02-26 21:00:00+00:00,HAKKARİ,30,9.9975,-8.2025,0.0,8.942214,0.0,39.76007,817.96606,19.83,Clear sky
2023-02-27 21:00:00+00:00,HAKKARİ,30,12.3975,-9.4025,0.0,9.504272,3.0,32.770294,817.09595,19.97,Overcast
2023-02-28 21:00:00+00:00,HAKKARİ,30,10.4475,-5.8525,0.0,7.754637,3.0,31.993769,815.4709,19.6,Overcast
2023-03-01 21:00:00+00:00,HAKKARİ,30,8.5975,-1.5025,0.0,10.948973,3.0,45.48999,815.85345,18.9,Overcast
2023-03-02 21:00:00+00:00,HAKKARİ,30,7.0975,-2.6025,1.4000001,5.8603754,73.0,68.030785,816.232,10.04,Snow fall: Moderate
2023-03-03 21:00:00+00:00,HAKKARİ,30,8.997499,1.3975,0.3,10.296251,71.0,70.066696,815.612,16.22,Snow fall: Slight
2023-03-04 21:00:00+00:00,HAKKARİ,30,9.047501,2.5975,0.9000001,12.181624,51.0,73.15698,817.2722,16.62,Drizzle: Light
2023-03-05 21:00:00+00:00,HAKKARİ,30,7.3475,-0.85249996,8.3,11.983188,73.0,85.11359,811.67896,7.02,Snow fall: Moderate
2023-03-06 21:00:00+00:00,HAKKARİ,30,7.6475,-5.9525,2.3999999,12.287555,73.0,69.066124,812.15985,19.94,Snow fall: Moderate
2023-03-07 21:00:00+00:00,HAKKARİ,30,8.8475,-8.4025,0.8,8.557102,73.0,61.722767,810.8575,19.19,Snow fall: Moderate
2023-03-08 21:00:00+00:00,HAKKARİ,30,4.5475,-1.4024999,3.7999995,8.0899935,73.0,83.65949,809.7911,8.88,Snow fall: Moderate
2023-03-09 21:00:00+00:00,HAKKARİ,30,7.4975,-7.3025,0.0,10.009036,3.0,72.21024,812.8758,17.4,Overcast
2023-03-10 21:00:00+00:00,HAKKARİ,30,8.1975,-1.2525,0.0,9.693296,3.0,64.58092,816.48,19.57,Overcast
2023-03-11 21:00:00+00:00,HAKKARİ,30,10.7975,-2.9524999,0.0,9.885262,3.0,58.54335,814.75616,20.73,Overcast
2023-03-12 21:00:00+00:00,HAKKARİ,30,11.2975,-2.3525,0.0,7.7879906,3.0,58.286526,812.76715,21.02,Overcast
2023-03-13 21:00:00+00:00,HAKKARİ,30,12.1975,-0.25249994,0.1,6.5693827,51.0,72.387474,814.3254,18.57,Drizzle: Light
2023-03-14 21:00:00+00:00,HAKKARİ,30,12.4975,1.9475,5.0,7.342588,73.0,72.50559,811.0369,16.27,Snow fall: Moderate
2023-03-15 21:00:00+00:00,HAKKARİ,30,4.3975,0.5975,21.0,6.763786,75.0,95.45954,809.5015,6.45,Snow fall: Heavy
2023-03-16 21:00:00+00:00,HAKKARİ,30,9.047501,-0.60249996,0.1,12.181624,71.0,85.12736,812.743,18.87,Snow fall: Slight
2023-03-17 21:00:00+00:00,HAKKARİ,30,11.0475,-3.5025,0.1,8.373386,51.0,70.70296,812.4661,20.06,Drizzle: Light
2023-03-18 21:00:00+00:00,HAKKARİ,30,7.1975,2.0475001,18.699999,9.107359,75.0,85.03014,809.0622,6.87,Snow fall: Heavy
2023-03-19 21:00:00+00:00,HAKKARİ,30,5.4975,-5.1025,1.2,7.6367526,73.0,81.59475,807.0515,19.77,Snow fall: Moderate
2023-03-20 21:00:00+00:00,HAKKARİ,30,7.2475,-6.3025,14.5,8.373386,75.0,81.747444,803.89764,14.04,Snow fall: Heavy
2023-03-21 21:00:00+00:00,HAKKARİ,30,8.047501,-4.0025,0.0,9.178235,3.0,73.84673,808.29767,19.94,Overcast
2023-03-22 21:00:00+00:00,HAKKARİ,30,11.4975,-6.0025,0.0,9.726664,3.0,71.21942,811.83496,19.68,Overcast
2023-03-23 21:00:00+00:00,HAKKARİ,30,10.5475,-1.0525,0.0,10.086427,3.0,78.600296,813.6617,14.61,Overcast
2023-03-24 21:00:00+00:00,HAKKARİ,30,9.3475,-2.2525,3.1,7.127636,73.0,82.902664,812.19556,8.79,Snow fall: Moderate
2023-03-25 21:00:00+00:00,HAKKARİ,30,12.5975,0.39750004,4.8,7.10031,61.0,77.6581,809.94183,16.82,Rain: Slight
2023-03-26 21:00:00+00:00,HAKKARİ,30,9.247499,1.3975,2.2,7.8625183,53.0,87.10641,809.5134,11.64,Drizzle: Moderate
2023-03-27 21:00:00+00:00,HAKKARİ,30,12.3975,-2.0025,0.0,12.768586,3.0,77.77552,812.0361,22.45,Overcast
2023-03-28 21:00:00+00:00,HAKKARİ,30,9.7475,-2.7024999,9.7,17.906157,75.0,81.658615,811.78644,18.75,Snow fall: Heavy
2023-03-29 21:00:00+00:00,HAKKARİ,30,5.1475,-1.9024999,13.899999,12.413477,75.0,85.59231,808.58124,15.67,Snow fall: Heavy
2023-03-30 21:00:00+00:00,HAKKARİ,30,0.5475,-6.9525003,18.800001,9.178235,75.0,86.402596,805.27203,6.9,Snow fall: Heavy
2023-03-31 21:00:00+00:00,HAKKARİ,30,-1.0525,-9.7025,0.90000004,12.074766,71.0,82.446785,809.43427,21.32,Snow fall: Slight
2023-04-01 21:00:00+00:00,HAKKARİ,30,5.6475,-14.0525,0.0,12.371645,3.0,78.478165,809.59247,24.81,Overcast
2023-04-02 21:00:00+00:00,HAKKARİ,30,8.297501,-11.5525,0.2,9.826088,51.0,79.10035,811.22266,23.05,Drizzle: Light
2023-04-03 21:00:00+00:00,HAKKARİ,30,12.8475,-8.4025,0.0,12.429127,3.0,75.588844,813.7874,24.54,Overcast
2023-04-04 21:00:00+00:00,HAKKARİ,30,12.9475,-0.70249987,1.1,14.021525,73.0,62.556778,813.4072,21.6,Snow fall: Moderate
2023-04-05 21:00:00+00:00,HAKKARİ,30,11.0975,0.69750005,0.3,14.693999,71.0,70.39656,811.2504,23.8,Snow fall: Slight
2023-04-06 21:00:00+00:00,HAKKARİ,30,8.997499,0.3475001,1.5000002,14.264361,71.0,71.40399,814.77783,17.55,Snow fall: Slight
2023-04-07 21:00:00+00:00,HAKKARİ,30,11.0975,1.0975001,2.2999997,17.610588,75.0,65.46292,815.5801,21.94,Snow fall: Heavy
2023-04-08 21:00:00+00:00,HAKKARİ,30,9.7975,-2.6525002,3.4999995,7.2359104,53.0,78.15597,818.50165,10.4,Drizzle: Moderate
2023-04-09 21:00:00+00:00,HAKKARİ,30,9.7475,3.0975,18.000002,6.28713,61.0,84.67498,817.37573,5.23,Rain: Slight
2023-04-10 21:00:00+00:00,HAKKARİ,30,11.2975,4.9475,15.900001,7.9932976,73.0,85.68046,812.451,7.56,Snow fall: Moderate
2023-04-11 21:00:00+00:00,HAKKARİ,30,7.3475,2.8975,58.299995,7.754637,75.0,90.494804,806.7795,5.88,Snow fall: Heavy
2023-04-12 21:00:00+00:00,HAKKARİ,30,4.1475,-0.35249996,12.400001,10.00256,75.0,90.32553,807.90405,11.65,Snow fall: Heavy
2023-04-13 21:00:00+00:00,HAKKARİ,30,6.0975,-0.70249987,3.3,12.819235,73.0,84.57072,815.0994,19.66,Snow fall: Moderate
2023-04-14 21:00:00+00:00,HAKKARİ,30,11.2975,-7.8525,0.0,11.165805,3.0,74.613884,816.03174,26.39,Overcast
2023-04-15 21:00:00+00:00,HAKKARİ,30,15.7475,-2.4025,0.0,9.028754,3.0,50.569134,815.08234,25.7,Overcast
2023-04-16 21:00:00+00:00,HAKKARİ,30,15.0475,0.74750006,0.0,8.373386,3.0,55.535522,815.8488,20.66,Overcast
2023-04-17 21:00:00+00:00,HAKKARİ,30,17.0475,0.44750005,0.0,10.739832,3.0,55.524734,818.0876,26.32,Overcast
2023-04-18 21:00:00+00:00,HAKKARİ,30,17.1475,2.5475001,0.2,10.233123,51.0,56.92752,817.717,24.36,Drizzle: Light
2023-04-19 21:00:00+00:00,HAKKARİ,30,13.4975,4.6475,2.2000003,11.298495,53.0,69.01492,813.8938,15.78,Drizzle: Moderate
2023-04-20 21:00:00+00:00,HAKKARİ,30,12.7975,4.5975,9.000002,17.208603,75.0,70.9207,810.8072,20.91,Snow fall: Heavy
2023-04-21 21:00:00+00:00,HAKKARİ,30,13.6975,-1.0025,0.0,11.503113,2.0,59.32512,812.86224,27.79,Partly cloudy
2023-04-22 21:00:00+00:00,HAKKARİ,30,14.6975,0.64750004,0.3,9.726664,51.0,55.315502,815.2802,23.36,Drizzle: Light
2023-04-23 21:00:00+00:00,HAKKARİ,30,9.9975,5.1975,12.1,7.0911775,73.0,81.09058,814.62396,8.95,Snow fall: Moderate
2023-04-24 21:00:00+00:00,HAKKARİ,30,13.7475,-1.2525,0.2,11.246759,51.0,62.192905,813.3752,27.23,Drizzle: Light
2023-04-25 21:00:00+00:00,HAKKARİ,30,14.6975,-1.0525,0.0,11.4862,3.0,55.473057,814.4195,27.93,Overcast
2023-04-26 21:00:00+00:00,HAKKARİ,30,15.2975,1.7975,0.8,12.88981,51.0,56.154175,814.4747,22.98,Drizzle: Light
2023-04-27 21:00:00+00:00,HAKKARİ,30,15.9475,2.2975001,0.2,15.9134655,51.0,57.486572,813.51434,19.32,Drizzle: Light
2023-04-28 21:00:00+00:00,HAKKARİ,30,12.6475,5.3475,23.5,9.0,75.0,78.918785,811.2513,15.38,Snow fall: Heavy
2023-04-29 21:00:00+00:00,HAKKARİ,30,10.1475,0.7975,4.6,14.021525,73.0,71.6785,810.6849,23.4,Snow fall: Moderate
2023-04-30 21:00:00+00:00,HAKKARİ,30,9.5975,-0.85249996,2.6999998,12.57426,73.0,68.76818,811.26263,23.25,Snow fall: Moderate
2023-05-01 21:00:00+00:00,HAKKARİ,30,12.1975,-3.2024999,0.3,13.237039,51.0,61.539845,814.7314,27.88,Drizzle: Light
2023-05-02 21:00:00+00:00,HAKKARİ,30,11.1475,-3.2024999,0.2,14.021525,51.0,50.369427,815.44916,28.37,Drizzle: Light
2023-05-03 21:00:00+00:00,HAKKARİ,30,15.0475,-2.1525,0.1,9.72,51.0,50.09367,817.9201,29.37,Drizzle: Light
2023-05-04 21:00:00+00:00,HAKKARİ,30,16.8975,-1.1524999,0.0,13.009903,2.0,50.322254,817.0944,29.34,Partly cloudy
2023-05-05 21:00:00+00:00,HAKKARİ,30,19.947498,2.2975001,0.0,9.1641035,3.0,49.138397,816.65356,22.14,Overcast
2023-05-06 21:00:00+00:00,HAKKARİ,30,17.1975,6.2475,3.8999999,12.879752,61.0,56.643204,815.971,23.44,Rain: Slight
2023-05-07 21:00:00+00:00,HAKKARİ,30,15.0475,4.5475,0.0,13.37825,2.0,58.830593,814.9628,26.62,Partly cloudy
2023-05-08 21:00:00+00:00,HAKKARİ,30,15.9475,2.9475,0.0,11.4862,3.0,57.970108,815.3919,28.48,Overcast
2023-05-09 21:00:00+00:00,HAKKARİ,30,16.747501,3.1975,0.0,11.298495,1.0,55.571903,816.7006,28.68,Mainly clear
2023-05-10 21:00:00+00:00,HAKKARİ,30,18.7975,2.4975,0.9,12.522619,53.0,58.46321,819.15497,26.77,Drizzle: Moderate
2023-05-11 21:00:00+00:00,HAKKARİ,30,19.947498,3.7475,0.0,11.885453,3.0,57.508335,819.36005,22.81,Overcast
2023-05-12 21:00:00+00:00,HAKKARİ,30,15.8975,7.6975,10.9,17.58481,73.0,65.09139,815.53046,21.7,Snow fall: Moderate
2023-05-13 21:00:00+00:00,HAKKARİ,30,17.747501,6.0975,1.1000001,15.575981,51.0,62.60408,813.758,25.3,Drizzle: Light
2023-05-14 21:00:00+00:00,HAKKARİ,30,14.8475,0.7975,0.0,11.043261,2.0,53.880875,812.45776,29.1,Partly cloudy
2023-05-15 21:00:00+00:00,HAKKARİ,30,16.8475,1.8475001,0.0,13.722565,3.0,57.226574,815.5217,28.38,Overcast
2023-05-16 21:00:00+00:00,HAKKARİ,30,18.7975,3.2475,0.0,13.979872,3.0,49.856533,815.5967,30.07,Overcast
2023-05-17 21:00:00+00:00,HAKKARİ,30,19.497501,9.0975,0.6,18.11841,53.0,43.98023,817.64624,27.11,Drizzle: Moderate
2023-05-18 21:00:00+00:00,HAKKARİ,30,18.1475,8.1475,2.4,11.753876,53.0,59.793873,817.9373,20.73,Drizzle: Moderate
2023-05-19 21:00:00+00:00,HAKKARİ,30,14.3475,7.1975,17.7,9.085988,63.0,78.9521,815.71075,8.28,Rain: Moderate
2023-05-20 21:00:00+00:00,HAKKARİ,30,14.6475,5.2975,4.4,11.269782,61.0,73.60632,814.33685,22.52,Rain: Slight
2023-05-21 21:00:00+00:00,HAKKARİ,30,16.747501,4.5475,0.3,11.753876,51.0,72.61639,816.9302,22.41,Drizzle: Light
2023-05-22 21:00:00+00:00,HAKKARİ,30,18.3475,5.9475,3.0,14.336861,53.0,66.23956,820.56354,23.77,Drizzle: Moderate
2023-05-23 21:00:00+00:00,HAKKARİ,30,17.747501,6.1975,1.9,11.923557,61.0,68.21038,820.5207,21.5,Rain: Slight
2023-05-24 21:00:00+00:00,HAKKARİ,30,19.197498,6.3475,0.7,9.565437,53.0,63.68216,819.3247,26.56,Drizzle: Moderate
2023-05-25 21:00:00+00:00,HAKKARİ,30,18.5975,6.6475,0.9000001,13.684735,51.0,61.095478,818.6911,24.14,Drizzle: Light
2023-05-26 21:00:00+00:00,HAKKARİ,30,19.3475,5.4475,0.3,12.4811535,51.0,63.346268,818.0286,27.59,Drizzle: Light
2023-05-27 21:00:00+00:00,HAKKARİ,30,20.6475,5.0975,0.0,11.246759,3.0,57.28422,819.3405,23.19,Overcast
2023-05-28 21:00:00+00:00,HAKKARİ,30,19.0475,11.8475,3.5,13.217443,55.0,71.46377,820.04736,17.5,Drizzle: Dense
2023-05-29 21:00:00+00:00,HAKKARİ,30,18.3975,9.1975,2.5000002,11.090103,53.0,74.31112,820.12396,26.04,Drizzle: Moderate
2023-05-30 21:00:00+00:00,HAKKARİ,30,18.0975,6.7475,5.7000003,10.1376915,63.0,70.21728,818.3598,22.87,Rain: Moderate
2023-05-31 21:00:00+00:00,HAKKARİ,30,19.697498,5.3475,0.0,12.413476,1.0,54.479717,818.0884,29.69,Mainly clear
2023-06-01 21:00:00+00:00,HAKKARİ,30,19.1475,6.1475,0.0,11.91812,3.0,58.103027,820.3706,24.9,Overcast
2023-06-02 21:00:00+00:00,HAKKARİ,30,23.8475,5.1475,0.0,11.592894,3.0,59.32048,821.4753,28.67,Overcast
2023-06-03 21:00:00+00:00,HAKKARİ,30,22.197498,7.1475,0.0,12.4811535,2.0,56.890457,819.6418,27.46,Partly cloudy
2023-06-04 21:00:00+00:00,HAKKARİ,30,21.5475,7.8475,0.0,11.966953,3.0,44.647964,818.7872,30.89,Overcast
2023-06-05 21:00:00+00:00,HAKKARİ,30,22.197498,7.6475,0.0,15.281989,3.0,43.787277,819.1569,29.88,Overcast
2023-06-06 21:00:00+00:00,HAKKARİ,30,22.247501,7.7475,0.0,15.646544,1.0,48.11983,818.44855,27.93,Mainly clear
2023-06-07 21:00:00+00:00,HAKKARİ,30,23.697498,8.6475,0.0,9.565437,3.0,49.939877,819.594,28.19,Overcast
2023-06-08 21:00:00+00:00,HAKKARİ,30,23.947498,8.8975,0.0,10.315115,3.0,49.519485,818.93146,24.04,Overcast
2023-06-09 21:00:00+00:00,HAKKARİ,30,22.447498,10.1475,0.1,12.984975,51.0,57.549885,815.6883,21.22,Drizzle: Light
2023-06-10 21:00:00+00:00,HAKKARİ,30,22.0475,8.047501,0.2,9.793059,51.0,57.198303,815.7613,27.42,Drizzle: Light
2023-06-11 21:00:00+00:00,HAKKARİ,30,23.197498,8.797501,0.0,11.480557,2.0,50.507767,815.7021,28.24,Partly cloudy
2023-06-12 21:00:00+00:00,HAKKARİ,30,22.0975,10.9475,0.0,12.387348,3.0,52.245365,815.02594,25.55,Overcast
2023-06-13 21:00:00+00:00,HAKKARİ,30,21.3475,9.8975,0.2,11.525623,51.0,49.17752,815.3641,27.92,Drizzle: Light
2023-06-14 21:00:00+00:00,HAKKARİ,30,22.747501,8.3475,0.0,12.738099,1.0,48.203415,814.87067,29.94,Mainly clear
2023-06-15 21:00:00+00:00,HAKKARİ,30,23.447498,8.1475,0.0,9.220499,1.0,48.985752,814.0567,29.64,Mainly clear
2023-06-16 21:00:00+00:00,HAKKARİ,30,23.747501,9.1475,0.0,13.18308,1.0,43.774338,814.4257,29.57,Mainly clear
2023-06-17 21:00:00+00:00,HAKKARİ,30,23.5475,9.4975,0.0,16.92383,1.0,38.723843,815.3813,28.49,Mainly clear
2023-06-18 21:00:00+00:00,HAKKARİ,30,23.3975,7.1475,0.0,11.4862,0.0,44.0542,816.1879,31.8,Clear sky
2023-06-19 21:00:00+00:00,HAKKARİ,30,21.3475,7.9475,0.0,14.84318,2.0,50.674313,814.8536,29.61,Partly cloudy
2023-06-20 21:00:00+00:00,HAKKARİ,30,22.8475,7.5975,0.0,9.387651,3.0,50.906452,815.9998,26.98,Overcast
2023-06-21 21:00:00+00:00,HAKKARİ,30,23.747501,9.8975,0.0,12.413477,1.0,43.519382,816.9068,29.61,Mainly clear
2023-06-22 21:00:00+00:00,HAKKARİ,30,23.7975,9.6975,0.0,12.738099,1.0,43.027927,817.67487,30.05,Mainly clear
2023-06-23 21:00:00+00:00,HAKKARİ,30,24.0475,10.2475,0.0,9.83268,1.0,40.453632,817.9385,29.72,Mainly clear
2023-06-24 21:00:00+00:00,HAKKARİ,30,27.497501,9.8975,0.0,11.592895,0.0,45.24121,818.0649,31.69,Clear sky
2023-06-25 21:00:00+00:00,HAKKARİ,30,28.447498,10.8975,0.0,11.019764,0.0,37.329918,815.691,31.79,Clear sky
2023-06-26 21:00:00+00:00,HAKKARİ,30,27.3475,11.1975,0.0,12.031756,0.0,35.12537,814.5774,31.84,Clear sky
2023-06-27 21:00:00+00:00,HAKKARİ,30,28.0475,11.4975,0.0,12.979984,0.0,31.326738,817.5644,31.9,Clear sky
2023-06-28 21:00:00+00:00,HAKKARİ,30,27.1475,12.0975,0.0,13.608762,0.0,34.811974,816.99805,31.49,Clear sky
2023-06-29 21:00:00+00:00,HAKKARİ,30,26.497501,10.8975,0.0,14.689589,1.0,36.242435,814.69,29.75,Mainly clear
2023-06-30 21:00:00+00:00,HAKKARİ,30,25.8975,11.4475,0.0,14.707222,0.0,38.10753,814.41266,31.19,Clear sky
2023-07-01 21:00:00+00:00,HAKKARİ,30,26.747501,10.8475,0.0,11.200571,0.0,34.997456,817.61676,31.91,Clear sky
2023-07-02 21:00:00+00:00,HAKKARİ,30,28.697498,11.3475,0.0,11.592894,0.0,29.847136,818.82764,31.76,Clear sky
2023-07-03 21:00:00+00:00,HAKKARİ,30,30.0475,12.8475,0.0,13.783817,0.0,31.786982,818.69,31.14,Clear sky
2023-07-04 21:00:00+00:00,HAKKARİ,30,29.8975,13.9475,0.0,10.1887,2.0,39.939167,818.1065,27.08,Partly cloudy
2023-07-05 21:00:00+00:00,HAKKARİ,30,29.947498,14.5975,0.0,12.287555,1.0,43.713047,818.35455,28.71,Mainly clear
2023-07-06 21:00:00+00:00,HAKKARİ,30,31.5975,15.1975,0.0,14.973577,0.0,35.324715,818.54785,30.9,Clear sky
2023-07-07 21:00:00+00:00,HAKKARİ,30,28.5475,16.0475,0.0,17.148247,0.0,31.442518,816.2099,31.36,Clear sky
2023-07-08 21:00:00+00:00,HAKKARİ,30,26.497501,11.3475,0.0,16.485485,2.0,35.90905,815.22144,28.53,Partly cloudy
2023-07-09 21:00:00+00:00,HAKKARİ,30,25.2975,12.6475,0.0,17.22742,2.0,39.44091,815.6548,26.34,Partly cloudy
2023-07-10 21:00:00+00:00,HAKKARİ,30,24.997501,12.7975,0.0,16.075521,2.0,34.82513,817.5473,25.95,Partly cloudy
2023-07-11 21:00:00+00:00,HAKKARİ,30,28.2975,11.2475,0.0,9.693296,0.0,35.477592,820.8343,31.4,Clear sky
2023-07-12 21:00:00+00:00,HAKKARİ,30,31.247501,12.4975,0.0,9.83268,0.0,36.050545,820.89215,31.5,Clear sky
2023-07-13 21:00:00+00:00,HAKKARİ,30,31.6475,14.0475,0.0,10.703569,0.0,34.19283,819.63727,30.89,Clear sky
2023-07-14 21:00:00+00:00,HAKKARİ,30,31.1475,15.0975,0.0,12.496718,3.0,34.176205,818.30963,29.04,Overcast
2023-07-15 21:00:00+00:00,HAKKARİ,30,29.197498,15.4975,0.0,15.03835,1.0,35.660625,817.5615,28.2,Mainly clear
2023-07-16 21:00:00+00:00,HAKKARİ,30,28.497501,14.9475,0.0,10.636766,2.0,31.712873,816.9082,28.86,Partly cloudy
2023-07-17 21:00:00+00:00,HAKKARİ,30,28.5975,13.4475,0.0,10.514218,2.0,39.265053,816.8486,28.04,Partly cloudy
2023-07-18 21:00:00+00:00,HAKKARİ,30,29.0975,13.7975,0.0,10.990322,2.0,39.008698,817.2632,27.88,Partly cloudy
2023-07-19 21:00:00+00:00,HAKKARİ,30,30.2975,13.8475,0.0,9.693296,1.0,31.043615,818.14264,30.34,Mainly clear
2023-07-20 21:00:00+00:00,HAKKARİ,30,31.247501,14.1475,0.0,13.0447235,0.0,22.280708,818.8228,31.06,Clear sky
2023-07-21 21:00:00+00:00,HAKKARİ,30,32.8475,14.2975,0.0,10.587918,2.0,28.067894,820.2187,29.06,Partly cloudy
2023-07-22 21:00:00+00:00,HAKKARİ,30,32.9975,15.9975,0.0,11.592894,3.0,29.512484,819.67334,28.29,Overcast
2023-07-23 21:00:00+00:00,HAKKARİ,30,31.497501,16.247501,0.0,11.4862,2.0,28.925573,816.0722,26.67,Partly cloudy
2023-07-24 21:00:00+00:00,HAKKARİ,30,29.697498,16.1975,0.0,14.654254,1.0,25.438131,815.18036,27.39,Mainly clear
2023-07-25 21:00:00+00:00,HAKKARİ,30,29.6475,13.8475,0.0,11.183201,3.0,37.73549,818.91797,28.45,Overcast
2023-07-26 21:00:00+00:00,HAKKARİ,30,31.197498,14.2975,0.0,10.829958,3.0,30.932005,820.1088,25.46,Overcast
2023-07-27 21:00:00+00:00,HAKKARİ,30,31.5475,14.3975,0.0,13.32,0.0,23.210768,818.38385,30.11,Clear sky
2023-07-28 21:00:00+00:00,HAKKARİ,30,31.6475,13.8475,0.0,16.87398,0.0,23.106537,816.4998,30.16,Clear sky
2023-07-29 21:00:00+00:00,HAKKARİ,30,31.2975,15.0975,0.0,18.391737,0.0,19.699873,816.50903,30.16,Clear sky
2023-07-30 21:00:00+00:00,HAKKARİ,30,28.6475,12.2975,0.0,15.408671,0.0,25.47698,816.96466,30.14,Clear sky
2023-07-31 21:00:00+00:00,HAKKARİ,30,29.5475,12.5975,0.0,14.917212,0.0,25.99307,818.3076,30.02,Clear sky
2023-08-01 21:00:00+00:00,HAKKARİ,30,31.247501,12.9975,0.0,11.592895,0.0,24.714838,818.9213,29.56,Clear sky
2023-08-02 21:00:00+00:00,HAKKARİ,30,31.447498,12.8475,0.0,10.630672,0.0,25.279581,817.83563,29.58,Clear sky
2023-08-03 21:00:00+00:00,HAKKARİ,30,31.2975,14.3975,0.0,13.392774,0.0,19.677332,816.90063,29.77,Clear sky
2023-08-04 21:00:00+00:00,HAKKARİ,30,30.7975,14.6975,0.0,17.673029,1.0,35.622356,818.774,28.8,Mainly clear
2023-08-05 21:00:00+00:00,HAKKARİ,30,30.447498,14.7475,0.0,11.304229,1.0,32.547092,820.06305,26.83,Mainly clear
2023-08-06 21:00:00+00:00,HAKKARİ,30,31.8475,14.7475,0.0,8.209263,3.0,30.580055,818.6416,20.99,Overcast
2023-08-07 21:00:00+00:00,HAKKARİ,30,31.5475,16.3475,0.0,14.277983,0.0,35.814816,819.19904,28.22,Clear sky
2023-08-08 21:00:00+00:00,HAKKARİ,30,32.5475,16.247501,0.0,10.315115,0.0,29.937836,821.69354,28.22,Clear sky
2023-08-09 21:00:00+00:00,HAKKARİ,30,33.6975,16.247501,0.0,10.315115,2.0,22.189957,823.85785,26.37,Partly cloudy
2023-08-10 21:00:00+00:00,HAKKARİ,30,32.8475,17.1475,0.0,10.105681,3.0,25.974054,823.8701,24.47,Overcast
2023-08-11 21:00:00+00:00,HAKKARİ,30,32.0975,18.0975,0.0,11.542478,3.0,23.309011,824.08124,22.32,Overcast
2023-08-12 21:00:00+00:00,HAKKARİ,30,34.1475,17.497501,0.0,10.086427,3.0,22.801214,824.1267,22.38,Overcast
2023-08-13 21:00:00+00:00,HAKKARİ,30,30.747501,15.7475,0.0,18.79255,0.0,24.735336,824.8635,28.64,Clear sky
2023-08-14 21:00:00+00:00,HAKKARİ,30,31.997501,15.4475,0.0,14.186923,0.0,23.829615,823.9628,28.43,Clear sky
2023-08-15 21:00:00+00:00,HAKKARİ,30,31.0975,14.5975,0.0,11.983188,0.0,20.80622,822.03125,28.28,Clear sky
2023-08-16 21:00:00+00:00,HAKKARİ,30,30.747501,14.0475,0.0,11.384199,3.0,18.182722,821.7211,20.95,Overcast
2023-08-17 21:00:00+00:00,HAKKARİ,30,28.747501,16.3975,0.0,13.783817,3.0,22.505552,821.80255,19.5,Overcast
2023-08-18 21:00:00+00:00,HAKKARİ,30,29.6475,14.8475,0.0,12.979984,3.0,26.81899,821.0961,22.98,Overcast
2023-08-19 21:00:00+00:00,HAKKARİ,30,30.247501,14.1975,0.0,15.111424,2.0,25.172035,820.00616,21.97,Partly cloudy
2023-08-20 21:00:00+00:00,HAKKARİ,30,30.947498,13.7475,0.0,18.391737,3.0,28.303167,821.21576,23.8,Overcast
2023-08-21 21:00:00+00:00,HAKKARİ,30,31.197498,13.2975,0.0,17.114204,0.0,26.388365,821.44257,27.1,Clear sky
2023-08-22 21:00:00+00:00,HAKKARİ,30,30.447498,13.7475,0.0,13.202726,0.0,21.623451,821.61383,26.99,Clear sky
2023-08-23 21:00:00+00:00,HAKKARİ,30,30.947498,13.1475,0.0,13.684735,0.0,19.690971,819.68646,27.2,Clear sky
2023-08-24 21:00:00+00:00,HAKKARİ,30,29.3975,12.5475,0.0,14.168641,0.0,21.016884,817.0538,27.03,Clear sky
2023-08-25 21:00:00+00:00,HAKKARİ,30,29.2975,13.5475,0.0,10.805998,2.0,32.123394,817.6254,24.57,Partly cloudy
2023-08-26 21:00:00+00:00,HAKKARİ,30,29.497501,13.6975,0.0,11.384198,0.0,41.69021,818.5232,25.03,Clear sky
2023-08-27 21:00:00+00:00,HAKKARİ,30,28.497501,14.0475,0.0,16.992609,0.0,34.26766,816.2573,26.2,Clear sky
2023-08-28 21:00:00+00:00,HAKKARİ,30,23.3975,13.6475,0.0,15.986593,2.0,45.140366,813.58813,21.76,Partly cloudy
2023-08-29 21:00:00+00:00,HAKKARİ,30,24.247501,10.5475,0.4,9.3669195,51.0,57.36583,817.2864,20.55,Drizzle: Light
2023-08-30 21:00:00+00:00,HAKKARİ,30,27.8475,10.8475,0.0,11.879999,0.0,47.243656,821.3899,24.56,Clear sky
2023-08-31 21:00:00+00:00,HAKKARİ,30,29.1475,12.5475,0.0,10.44,3.0,32.216362,822.21436,25.19,Overcast
2023-09-01 21:00:00+00:00,HAKKARİ,30,29.5975,13.5475,0.0,12.522619,0.0,28.815763,821.27716,25.11,Clear sky
2023-09-02 21:00:00+00:00,HAKKARİ,30,29.0975,13.9475,0.0,17.072504,1.0,26.79136,820.10114,25.02,Mainly clear
2023-09-03 21:00:00+00:00,HAKKARİ,30,28.1475,10.9975,0.0,14.182355,0.0,30.45578,820.08,25.39,Clear sky
2023-09-04 21:00:00+00:00,HAKKARİ,30,29.197498,11.8475,0.0,12.55879,1.0,30.04658,822.72894,22.01,Mainly clear
2023-09-05 21:00:00+00:00,HAKKARİ,30,30.5475,12.3475,0.0,15.778516,0.0,25.869844,823.0185,24.89,Clear sky
2023-09-06 21:00:00+00:00,HAKKARİ,30,29.7975,11.3475,0.0,12.245293,0.0,20.19559,820.0957,25.47,Clear sky
2023-09-07 21:00:00+00:00,HAKKARİ,30,28.3975,11.1475,0.0,15.1884165,0.0,23.744825,818.9651,25.04,Clear sky
2023-09-08 21:00:00+00:00,HAKKARİ,30,25.447498,10.3975,0.0,17.673029,2.0,36.061073,817.5633,22.36,Partly cloudy
2023-09-09 21:00:00+00:00,HAKKARİ,30,25.1475,10.7975,0.0,18.472595,2.0,39.234776,816.1719,21.78,Partly cloudy
2023-09-10 21:00:00+00:00,HAKKARİ,30,23.3475,12.0975,0.0,17.57744,1.0,41.248753,815.9421,19.0,Mainly clear
2023-09-11 21:00:00+00:00,HAKKARİ,30,21.947498,13.5975,0.0,17.786331,2.0,45.63119,817.97565,17.97,Partly cloudy
2023-09-12 21:00:00+00:00,HAKKARİ,30,22.997501,11.2475,1.3000001,17.566378,53.0,47.607464,818.0788,17.97,Drizzle: Moderate
2023-09-13 21:00:00+00:00,HAKKARİ,30,23.197498,9.7475,0.0,10.829958,1.0,45.51129,817.3414,20.15,Mainly clear
2023-09-14 21:00:00+00:00,HAKKARİ,30,23.8975,8.3475,0.0,9.585739,0.0,38.995434,819.86334,23.7,Clear sky
2023-09-15 21:00:00+00:00,HAKKARİ,30,24.7975,8.3475,0.0,9.957108,0.0,35.594807,819.1369,23.55,Clear sky
2023-09-16 21:00:00+00:00,HAKKARİ,30,24.997501,8.297501,0.0,11.592894,0.0,31.713472,817.09326,23.35,Clear sky
2023-09-17 21:00:00+00:00,HAKKARİ,30,24.2975,8.247499,0.0,12.864649,0.0,28.426476,816.2815,23.25,Clear sky
2023-09-18 21:00:00+00:00,HAKKARİ,30,24.5975,8.297501,0.0,12.475961,2.0,43.78523,819.2089,22.43,Partly cloudy
2023-09-19 21:00:00+00:00,HAKKARİ,30,25.197498,8.4475,0.0,10.182337,0.0,39.90987,820.8078,22.64,Clear sky
2023-09-20 21:00:00+00:00,HAKKARİ,30,24.997501,9.1475,0.0,14.84318,3.0,31.804003,821.30615,15.47,Overcast
2023-09-21 21:00:00+00:00,HAKKARİ,30,26.247501,9.5975,0.0,7.289445,0.0,30.391191,822.587,21.76,Clear sky
2023-09-22 21:00:00+00:00,HAKKARİ,30,26.5475,9.4475,0.0,9.6932955,2.0,31.091112,822.2342,22.07,Partly cloudy
2023-09-23 21:00:00+00:00,HAKKARİ,30,25.997501,10.1975,0.0,12.55879,2.0,35.993607,820.8671,20.42,Partly cloudy
2023-09-24 21:00:00+00:00,HAKKARİ,30,24.3475,9.4475,0.0,9.449572,2.0,33.640358,819.28986,19.23,Partly cloudy
2023-09-25 21:00:00+00:00,HAKKARİ,30,23.247501,8.497499,0.0,13.004921,3.0,41.521236,818.79486,16.26,Overcast
2023-09-26 21:00:00+00:00,HAKKARİ,30,24.497501,7.7975,0.0,13.797912,2.0,45.738617,821.4392,19.89,Partly cloudy
2023-09-27 21:00:00+00:00,HAKKARİ,30,25.0975,8.297501,0.0,12.371645,1.0,37.64182,822.509,19.56,Mainly clear
2023-09-28 21:00:00+00:00,HAKKARİ,30,24.247501,8.5975,0.0,12.594856,0.0,30.874224,821.01373,21.1,Clear sky
2023-09-29 21:00:00+00:00,HAKKARİ,30,22.247501,7.6975,0.0,12.475961,0.0,33.796417,818.5369,20.83,Clear sky
2023-09-30 21:00:00+00:00,HAKKARİ,30,19.7975,5.9975,0.0,13.896187,3.0,52.18666,818.4776,16.18,Overcast
2023-10-01 21:00:00+00:00,HAKKARİ,30,14.3475,6.3475,5.7999997,10.009036,63.0,81.38729,816.9544,9.74,Rain: Moderate
2023-10-02 21:00:00+00:00,HAKKARİ,30,15.4975,4.9475,1.1,12.7279215,53.0,77.94288,818.14795,14.18,Drizzle: Moderate
2023-10-03 21:00:00+00:00,HAKKARİ,30,13.2475,3.5975,10.3,10.233123,63.0,85.15041,819.00433,9.44,Rain: Moderate
2023-10-04 21:00:00+00:00,HAKKARİ,30,17.8475,2.9975,0.0,9.339208,3.0,65.857635,821.51953,19.79,Overcast
2023-10-05 21:00:00+00:00,HAKKARİ,30,18.447498,3.7975001,0.0,11.384198,2.0,50.23109,820.17487,19.68,Partly cloudy
2023-10-06 21:00:00+00:00,HAKKARİ,30,19.197498,1.5975001,0.0,10.009036,0.0,53.363094,818.7293,19.45,Clear sky
2023-10-07 21:00:00+00:00,HAKKARİ,30,19.7975,3.8475,0.0,12.55879,3.0,46.597286,820.5883,19.35,Overcast
2023-10-08 21:00:00+00:00,HAKKARİ,30,17.8475,6.3475,0.0,18.875126,3.0,50.071014,819.82294,13.85,Overcast
2023-10-09 21:00:00+00:00,HAKKARİ,30,14.9475,6.2975,4.4,14.021525,63.0,73.954796,819.4814,10.36,Rain: Moderate
2023-10-10 21:00:00+00:00,HAKKARİ,30,17.1975,8.3475,2.5000002,10.514218,51.0,73.71929,819.6089,14.46,Drizzle: Light
2023-10-11 21:00:00+00:00,HAKKARİ,30,18.3475,5.2975,0.0,9.693296,3.0,63.523952,820.70233,16.67,Overcast
2023-10-12 21:00:00+00:00,HAKKARİ,30,17.5475,5.2475,0.0,9.387651,1.0,64.231926,821.37933,15.0,Mainly clear
2023-10-13 21:00:00+00:00,HAKKARİ,30,18.7975,2.6975,0.0,9.178235,0.0,56.69119,820.1724,18.19,Clear sky
2023-10-14 21:00:00+00:00,HAKKARİ,30,19.7975,3.7975001,0.5,13.324863,53.0,52.841923,817.59454,16.18,Drizzle: Moderate
2023-10-15 21:00:00+00:00,HAKKARİ,30,12.2975,3.0975,1.2,11.090103,51.0,76.603836,813.0635,10.22,Drizzle: Light
2023-10-16 21:00:00+00:00,HAKKARİ,30,16.0475,1.0475,0.0,10.383987,2.0,72.41508,816.3243,15.13,Partly cloudy
2023-10-17 21:00:00+00:00,HAKKARİ,30,13.3975,2.4475,0.3,11.480557,51.0,76.94424,818.0411,11.32,Drizzle: Light
2023-10-18 21:00:00+00:00,HAKKARİ,30,9.1475,4.2475,18.8,9.387651,63.0,89.211266,818.28,1.88,Rain: Moderate
2023-10-19 21:00:00+00:00,HAKKARİ,30,15.1975,1.6975,0.0,8.587338,1.0,71.45243,819.458,15.97,Mainly clear
2023-10-20 21:00:00+00:00,HAKKARİ,30,16.2975,1.5475,0.0,11.841756,1.0,67.22013,819.4034,15.69,Mainly clear
2023-10-21 21:00:00+00:00,HAKKARİ,30,17.6475,1.3975,0.0,7.4128532,0.0,62.547546,820.821,16.51,Clear sky
2023-10-22 21:00:00+00:00,HAKKARİ,30,16.5475,2.6975,0.0,9.826088,3.0,58.235996,821.2676,14.63,Overcast
2023-10-23 21:00:00+00:00,HAKKARİ,30,15.5475,2.2975001,1.2,11.885453,53.0,65.32758,818.6411,13.76,Drizzle: Moderate
2023-10-24 21:00:00+00:00,HAKKARİ,30,14.8475,4.3975,1.5,11.770403,53.0,72.40746,820.57965,13.77,Drizzle: Moderate
2023-10-25 21:00:00+00:00,HAKKARİ,30,17.0475,1.8475001,0.0,11.792404,3.0,66.48087,821.25507,14.76,Overcast
2023-10-26 21:00:00+00:00,HAKKARİ,30,16.497501,2.3475,0.0,10.296251,3.0,62.58112,819.9378,14.65,Overcast
2023-10-27 21:00:00+00:00,HAKKARİ,30,18.0475,3.7975001,0.0,12.10157,3.0,61.495758,820.445,13.59,Overcast
2023-10-28 21:00:00+00:00,HAKKARİ,30,18.7975,2.7475,0.0,9.504273,3.0,56.99916,819.5317,15.46,Overcast
2023-10-29 21:00:00+00:00,HAKKARİ,30,19.0475,3.2475,0.0,8.209263,3.0,55.461746,821.00586,14.39,Overcast
2023-10-30 21:00:00+00:00,HAKKARİ,30,18.3975,5.3475,2.1999998,9.0,61.0,65.29431,823.22974,13.72,Rain: Slight
2023-10-31 21:00:00+00:00,HAKKARİ,30,15.2975,4.8475,0.2,7.729527,51.0,67.56592,821.6982,11.19,Drizzle: Light
2023-11-01 21:00:00+00:00,HAKKARİ,30,14.0975,2.6975,0.0,10.182337,3.0,74.464905,819.56976,10.86,Overcast
2023-11-02 21:00:00+00:00,HAKKARİ,30,9.0975,1.0475,4.7999997,5.8048253,55.0,91.80993,817.45215,3.34,Drizzle: Dense
2023-11-03 21:00:00+00:00,HAKKARİ,30,15.4475,1.0975001,0.0,8.714677,0.0,65.93926,816.14307,14.4,Clear sky
2023-11-04 21:00:00+00:00,HAKKARİ,30,16.1975,0.5975,0.0,8.854829,0.0,53.103596,817.3768,14.79,Clear sky
2023-11-05 21:00:00+00:00,HAKKARİ,30,16.0975,1.4475,0.0,11.298495,1.0,53.160046,817.36743,14.52,Mainly clear
2023-11-06 21:00:00+00:00,HAKKARİ,30,16.6475,0.3475001,0.0,10.799999,0.0,65.646805,817.74335,14.17,Clear sky
2023-11-07 21:00:00+00:00,HAKKARİ,30,16.5975,-0.10249996,0.0,8.0899935,0.0,50.05046,819.14874,14.38,Clear sky
2023-11-08 21:00:00+00:00,HAKKARİ,30,15.8475,3.1975,0.0,11.480557,3.0,47.819412,819.78613,13.86,Overcast
2023-11-09 21:00:00+00:00,HAKKARİ,30,14.2475,2.2975001,0.0,12.313894,3.0,59.580532,820.9731,12.22,Overcast
2023-11-10 21:00:00+00:00,HAKKARİ,30,13.4475,2.2975001,0.0,10.30883,3.0,66.80893,823.0213,10.18,Overcast
2023-11-11 21:00:00+00:00,HAKKARİ,30,15.5475,1.7975,0.0,9.290511,3.0,62.49689,823.5428,11.91,Overcast
2023-11-12 21:00:00+00:00,HAKKARİ,30,15.3475,2.9475,0.0,8.714677,3.0,60.977783,822.56964,12.47,Overcast
2023-11-13 21:00:00+00:00,HAKKARİ,30,13.8475,1.9975001,1.1,10.630672,51.0,73.54329,817.96234,7.88,Drizzle: Light
2023-11-14 21:00:00+00:00,HAKKARİ,30,11.4475,6.0975,1.6,7.729527,53.0,82.91771,816.6246,6.57,Drizzle: Moderate
2023-11-15 21:00:00+00:00,HAKKARİ,30,11.9975,-0.3025,0.1,10.514218,51.0,83.24433,815.86444,12.63,Drizzle: Light
2023-11-16 21:00:00+00:00,HAKKARİ,30,7.9975,4.8475,12.2,8.891344,61.0,93.324005,815.62885,4.67,Rain: Slight
2023-11-17 21:00:00+00:00,HAKKARİ,30,10.2975,3.1475,0.2,12.768586,51.0,79.61747,817.3232,10.27,Drizzle: Light
2023-11-18 21:00:00+00:00,HAKKARİ,30,9.4975,2.1975,30.500002,13.089354,75.0,89.22938,812.3078,6.24,Snow fall: Heavy
2023-11-19 21:00:00+00:00,HAKKARİ,30,3.0975,-0.9024999,53.499996,8.161764,75.0,94.61558,802.47284,3.5,Snow fall: Heavy
2023-11-20 21:00:00+00:00,HAKKARİ,30,0.64750004,-14.3025,15.3,8.891344,75.0,89.84671,807.87335,4.95,Snow fall: Heavy
2023-11-21 21:00:00+00:00,HAKKARİ,30,3.0475001,-17.752499,0.0,6.5693827,3.0,60.406918,813.4078,13.09,Overcast
2023-11-22 21:00:00+00:00,HAKKARİ,30,6.8475,-8.3025,0.0,7.0911775,3.0,46.845623,812.2961,12.16,Overcast
2023-11-23 21:00:00+00:00,HAKKARİ,30,5.7475,-9.2025,0.0,7.2805495,0.0,66.08042,809.3608,12.64,Clear sky
2023-11-24 21:00:00+00:00,HAKKARİ,30,6.2475,-7.3025,0.0,6.9899354,3.0,70.417366,811.42267,11.6,Overcast
2023-11-25 21:00:00+00:00,HAKKARİ,30,3.5475001,-2.7024999,3.6999998,5.95906,73.0,88.885,812.16766,3.17,Snow fall: Moderate
2023-11-26 21:00:00+00:00,HAKKARİ,30,3.4475,1.0475,11.6,9.178235,75.0,98.13147,808.97797,2.94,Snow fall: Heavy
2023-11-27 21:00:00+00:00,HAKKARİ,30,3.2475,-12.0025,0.3,8.287822,71.0,81.53072,811.58276,11.76,Snow fall: Slight
2023-11-28 21:00:00+00:00,HAKKARİ,30,5.8975,-12.2525,0.0,8.373386,2.0,47.23282,812.39923,12.06,Partly cloudy
2023-11-29 21:00:00+00:00,HAKKARİ,30,7.5475,-8.0025,0.0,6.763786,3.0,46.193478,814.5403,11.49,Overcast
2023-11-30 21:00:00+00:00,HAKKARİ,30,9.8475,-6.6525,0.0,7.8954163,3.0,58.850124,815.4913,12.14,Overcast
2023-12-01 21:00:00+00:00,HAKKARİ,30,10.5475,-7.2025003,0.0,8.707237,3.0,40.112995,815.87573,12.03,Overcast
2023-12-02 21:00:00+00:00,HAKKARİ,30,10.6975,-5.2525,0.0,7.9036193,1.0,39.856884,817.78326,11.96,Mainly clear
2023-12-03 21:00:00+00:00,HAKKARİ,30,9.8475,-4.6025,0.0,7.5942082,3.0,42.45649,818.65204,11.0,Overcast
2023-12-04 21:00:00+00:00,HAKKARİ,30,10.1975,-4.6025,0.0,6.519877,3.0,51.220135,817.5573,10.74,Overcast
2023-12-05 21:00:00+00:00,HAKKARİ,30,6.5975,-0.85249996,8.9,6.489992,73.0,88.42254,814.9966,2.48,Snow fall: Moderate
2023-12-06 21:00:00+00:00,HAKKARİ,30,5.4475,-0.10249996,5.1000004,7.24486,73.0,92.2165,815.9214,5.75,Snow fall: Moderate
2023-12-07 21:00:00+00:00,HAKKARİ,30,6.8975,-4.4025,0.0,8.089993,3.0,81.78219,815.8061,8.64,Overcast
2023-12-08 21:00:00+00:00,HAKKARİ,30,2.5475001,-2.8525,34.3,8.311245,75.0,90.81485,814.19293,1.12,Snow fall: Heavy
2023-12-09 21:00:00+00:00,HAKKARİ,30,5.5975,-1.9024999,3.2999997,7.127636,53.0,89.5751,817.0809,7.25,Drizzle: Moderate
2023-12-10 21:00:00+00:00,HAKKARİ,30,8.4475,-9.8525,0.8,9.178235,73.0,63.811962,814.80566,10.99,Snow fall: Moderate
2023-12-11 21:00:00+00:00,HAKKARİ,30,4.7975,0.2975,11.299999,5.315336,75.0,88.50845,814.36694,2.85,Snow fall: Heavy
2023-12-12 21:00:00+00:00,HAKKARİ,30,3.4975,-8.0525,16.6,4.829907,75.0,93.475136,807.91864,3.68,Snow fall: Heavy
2023-12-13 21:00:00+00:00,HAKKARİ,30,4.6975,-14.0525,0.0,8.225035,3.0,72.26346,807.6848,11.35,Overcast
2023-12-14 21:00:00+00:00,HAKKARİ,30,8.5975,-14.3525,0.0,6.489992,1.0,59.969616,813.48004,11.3,Mainly clear
2023-12-15 21:00:00+00:00,HAKKARİ,30,11.3975,-6.0025,0.0,7.289444,3.0,48.092026,818.4299,9.69,Overcast
2023-12-16 21:00:00+00:00,HAKKARİ,30,6.0475,-8.0525,0.70000005,8.534353,73.0,60.57378,815.34845,11.38,Snow fall: Moderate
2023-12-17 21:00:00+00:00,HAKKARİ,30,2.4975,-11.6025,0.5,8.654986,73.0,74.58053,814.94183,10.32,Snow fall: Moderate
2023-12-18 21:00:00+00:00,HAKKARİ,30,2.8475,-13.0025,0.0,7.729527,3.0,64.82967,814.2403,10.9,Overcast
2023-12-19 21:00:00+00:00,HAKKARİ,30,3.3475,-10.5525,0.0,6.9899354,3.0,69.915596,815.5524,10.83,Overcast
2023-12-20 21:00:00+00:00,HAKKARİ,30,4.0475,-12.0525,0.0,8.089993,3.0,64.1719,812.8973,11.15,Overcast
2023-12-21 21:00:00+00:00,HAKKARİ,30,0.5475,-6.8525,15.4,6.638072,75.0,88.543785,808.4844,2.38,Snow fall: Heavy
2023-12-22 21:00:00+00:00,HAKKARİ,30,0.74750006,-0.20249999,51.3,9.220499,75.0,97.58573,805.99054,1.39,Snow fall: Heavy
2023-12-23 21:00:00+00:00,HAKKARİ,30,1.3475001,-2.0525,17.5,12.413477,75.0,90.94987,809.12164,7.27,Snow fall: Heavy
2023-12-24 21:00:00+00:00,HAKKARİ,30,3.2975001,-11.6025,3.4999995,10.233123,75.0,88.09638,814.2622,10.56,Snow fall: Heavy
2023-12-25 21:00:00+00:00,HAKKARİ,30,3.4975,-13.9525,0.0,6.9899354,3.0,82.35434,815.1941,10.88,Overcast
2023-12-26 21:00:00+00:00,HAKKARİ,30,7.5975,-8.8025,0.0,9.387651,0.0,63.2852,814.9988,11.25,Clear sky
2023-12-27 21:00:00+00:00,HAKKARİ,30,4.8475,-11.4025,0.0,6.151683,2.0,63.73084,812.951,11.4,Partly cloudy
2023-12-28 21:00:00+00:00,HAKKARİ,30,7.0975,-12.6025,0.0,10.028439,0.0,57.42328,813.36456,11.56,Clear sky
2023-12-29 21:00:00+00:00,HAKKARİ,30,7.4975,-10.3025,0.0,10.587917,3.0,43.68041,814.26544,11.66,Overcast
2023-12-30 21:00:00+00:00,HAKKARİ,30,4.5975,-11.2525,0.0,7.172949,3.0,48.86096,812.76544,10.16,Overcast
2023-12-31 21:00:00+00:00,HAKKARİ,30,5.1975,-11.6525,0.0,8.089993,3.0,54.427364,813.6701,11.31,Overcast
2024-01-01 21:00:00+00:00,HAKKARİ,30,4.3975,-9.7025,0.0,7.5685663,3.0,53.30572,813.4864,10.3,Overcast
2024-01-02 21:00:00+00:00,HAKKARİ,30,3.2975001,-11.4525,0.0,7.9036193,3.0,63.903202,811.2281,9.27,Overcast
2024-01-03 21:00:00+00:00,HAKKARİ,30,2.0475001,-13.0525,4.2,5.00128,73.0,87.12043,812.03253,5.04,Snow fall: Moderate
2024-01-04 21:00:00+00:00,HAKKARİ,30,1.3975,-0.15249991,26.999998,7.653705,75.0,97.68725,812.75165,2.27,Snow fall: Heavy
2024-01-05 21:00:00+00:00,HAKKARİ,30,4.7975,-13.1025,0.6,8.435069,73.0,67.80895,811.7075,12.2,Snow fall: Moderate
2024-01-06 21:00:00+00:00,HAKKARİ,30,7.5475,-12.9525,0.0,7.0911775,3.0,36.446484,814.3538,11.87,Overcast
2024-01-07 21:00:00+00:00,HAKKARİ,30,5.0475,-8.6525,0.0,6.3690495,3.0,38.36251,814.9759,10.47,Overcast
2024-01-08 21:00:00+00:00,HAKKARİ,30,4.0475,-8.5025,1.5,4.6800003,73.0,80.607956,814.40454,8.21,Snow fall: Moderate
2024-01-09 21:00:00+00:00,HAKKARİ,30,1.0475,-1.2024999,6.1999993,6.9899354,73.0,93.44195,812.4836,3.1,Snow fall: Moderate
2024-01-10 21:00:00+00:00,HAKKARİ,30,1.8475001,-1.9024999,3.3000002,5.6233797,73.0,88.19137,810.6176,5.12,Snow fall: Moderate
2024-01-11 21:00:00+00:00,HAKKARİ,30,-0.20249999,-1.8025,13.099999,9.693296,75.0,95.71006,806.4092,3.68,Snow fall: Heavy
2024-01-12 21:00:00+00:00,HAKKARİ,30,0.2975,-1.8025,37.200005,9.028754,75.0,96.724236,804.6241,2.71,Snow fall: Heavy
2024-01-13 21:00:00+00:00,HAKKARİ,30,0.19749999,-2.2525,14.600001,8.217153,75.0,96.7651,808.2271,2.75,Snow fall: Heavy
2024-01-14 21:00:00+00:00,HAKKARİ,30,0.94750005,-14.1025,1.1,7.491114,73.0,86.10589,813.4436,11.72,Snow fall: Moderate
2024-01-15 21:00:00+00:00,HAKKARİ,30,2.5975,-14.8525,0.0,6.6185193,3.0,76.02079,814.15894,11.6,Overcast
2024-01-16 21:00:00+00:00,HAKKARİ,30,3.6975,-8.7525,0.0,5.6920996,3.0,78.72996,813.835,10.49,Overcast
2024-01-17 21:00:00+00:00,HAKKARİ,30,5.9475,-11.3525,0.0,8.373386,2.0,68.3411,812.2188,12.77,Partly cloudy
2024-01-18 21:00:00+00:00,HAKKARİ,30,4.1975,-12.0025,0.0,7.754637,3.0,57.259182,813.0114,11.69,Overcast
2024-01-19 21:00:00+00:00,HAKKARİ,30,4.2475,-10.6025,0.0,5.95906,3.0,76.77148,814.94,10.92,Overcast
2024-01-20 21:00:00+00:00,HAKKARİ,30,3.6975,-10.5525,0.1,5.3517847,71.0,82.25338,815.28253,7.23,Snow fall: Slight
2024-01-21 21:00:00+00:00,HAKKARİ,30,2.3975,-1.6524999,11.800001,4.6938257,75.0,93.69629,816.228,3.13,Snow fall: Heavy
2024-01-22 21:00:00+00:00,HAKKARİ,30,3.5475001,-1.4524999,10.2,5.4833565,75.0,85.21337,813.00806,8.45,Snow fall: Heavy
2024-01-23 21:00:00+00:00,HAKKARİ,30,0.94750005,-5.0525,21.400002,7.968939,75.0,92.10791,808.634,4.19,Snow fall: Heavy
2024-01-24 21:00:00+00:00,HAKKARİ,30,0.19749999,-16.4025,0.1,7.386582,71.0,76.79452,810.21655,12.98,Snow fall: Slight
2024-01-25 21:00:00+00:00,HAKKARİ,30,-0.5525,-17.002499,8.1,6.489992,75.0,77.35459,807.4936,4.49,Snow fall: Heavy
2024-01-26 21:00:00+00:00,HAKKARİ,30,-1.3525,-8.3025,33.299988,8.587338,75.0,88.1668,805.2089,7.46,Snow fall: Heavy
2024-01-27 21:00:00+00:00,HAKKARİ,30,-2.2525,-17.7025,2.7,7.5942082,73.0,73.32335,809.19165,10.78,Snow fall: Moderate
2024-01-28 21:00:00+00:00,HAKKARİ,30,-1.3525,-13.6025,1.5000002,5.815978,73.0,74.47064,813.06525,10.62,Snow fall: Moderate
2024-01-29 21:00:00+00:00,HAKKARİ,30,-0.60249996,-14.8525,0.0,9.83268,3.0,70.52062,813.44855,14.37,Overcast
2024-01-30 21:00:00+00:00,HAKKARİ,30,0.2975,-12.8525,1.4000001,9.83268,73.0,73.677025,814.1338,12.51,Snow fall: Moderate
2024-01-31 21:00:00+00:00,HAKKARİ,30,-0.5525,-15.2525,0.0,9.290511,3.0,73.7442,809.01324,14.75,Overcast
2024-02-01 21:00:00+00:00,HAKKARİ,30,-0.10249996,-18.252499,0.0,8.0899935,3.0,66.83234,807.07965,14.48,Overcast
2024-02-02 21:00:00+00:00,HAKKARİ,30,-1.8025,-21.4025,0.0,7.42159,3.0,70.10108,810.788,14.67,Overcast
2024-02-03 21:00:00+00:00,HAKKARİ,30,-3.1025,-16.7025,2.2999997,4.6102495,73.0,84.79708,812.42145,5.04,Snow fall: Moderate
2024-02-04 21:00:00+00:00,HAKKARİ,30,-2.1025,-12.5025,5.6000004,8.089993,73.0,88.8522,811.6867,6.64,Snow fall: Moderate
2024-02-05 21:00:00+00:00,HAKKARİ,30,1.5475,-11.4525,0.5,11.91812,71.0,85.526665,812.2016,14.74,Snow fall: Slight
2024-02-06 21:00:00+00:00,HAKKARİ,30,3.6475,-8.5025,0.0,9.0,3.0,82.4337,817.488,15.12,Overcast
2024-02-07 21:00:00+00:00,HAKKARİ,30,4.5475,-14.1025,0.0,6.489992,3.0,78.21977,815.47003,15.45,Overcast
2024-02-08 21:00:00+00:00,HAKKARİ,30,3.9475,-13.0525,0.0,7.172949,3.0,77.67099,812.66876,14.76,Overcast
2024-02-09 21:00:00+00:00,HAKKARİ,30,4.5475,-10.9025,0.0,6.638072,3.0,71.67137,814.39087,15.26,Overcast
2024-02-10 21:00:00+00:00,HAKKARİ,30,8.047501,-8.2525,0.0,6.9527545,0.0,63.427505,816.0799,16.18,Clear sky
2024-02-11 21:00:00+00:00,HAKKARİ,30,7.9475,-8.8525,0.0,7.8954163,3.0,53.090595,816.22614,15.79,Overcast
2024-02-12 21:00:00+00:00,HAKKARİ,30,6.6475,-4.1525,0.0,6.28713,3.0,52.256958,814.60724,14.16,Overcast
2024-02-13 21:00:00+00:00,HAKKARİ,30,3.5475001,-0.75250006,16.9,4.6938252,75.0,89.089935,812.98486,4.41,Snow fall: Heavy
2024-02-14 21:00:00+00:00,HAKKARİ,30,5.1975,-5.7025,13.6,8.049845,75.0,81.13037,810.68097,13.34,Snow fall: Heavy
2024-02-15 21:00:00+00:00,HAKKARİ,30,5.3975,-7.7524996,0.0,7.172949,3.0,73.937325,809.40643,15.11,Overcast
2024-02-16 21:00:00+00:00,HAKKARİ,30,1.7475001,-7.0525,0.7,6.2145634,71.0,84.0323,810.6365,8.6,Snow fall: Slight
2024-02-17 21:00:00+00:00,HAKKARİ,30,2.6975,-12.4025,0.0,6.12,3.0,80.74739,811.28107,15.11,Overcast
2024-02-18 21:00:00+00:00,HAKKARİ,30,2.8975,-12.9525,0.0,8.209263,3.0,75.3082,810.2131,16.6,Overcast
2024-02-19 21:00:00+00:00,HAKKARİ,30,2.9475,-12.1025,0.0,5.692099,2.0,69.72767,811.4622,16.39,Partly cloudy
2024-02-20 21:00:00+00:00,HAKKARİ,30,3.0975,-12.5025,0.0,7.0911775,3.0,66.3631,813.7668,16.86,Overcast
2024-02-21 21:00:00+00:00,HAKKARİ,30,3.7975001,-11.6525,0.3,6.6185193,71.0,72.50257,813.9107,14.43,Snow fall: Slight
2024-02-22 21:00:00+00:00,HAKKARİ,30,3.1975,-9.0525,4.4999995,8.161764,75.0,80.99965,814.73737,6.59,Snow fall: Heavy
2024-02-23 21:00:00+00:00,HAKKARİ,30,4.9475,-8.4525,0.0,6.9527545,3.0,70.77376,813.0276,17.6,Overcast
2024-02-24 21:00:00+00:00,HAKKARİ,30,3.3975,-9.2525,0.0,12.303366,3.0,67.33396,812.252,18.4,Overcast
2024-02-25 21:00:00+00:00,HAKKARİ,30,-1.1524999,-14.5525,0.0,17.974781,1.0,58.434063,812.0809,19.65,Mainly clear
2024-02-26 21:00:00+00:00,HAKKARİ,30,-1.9524999,-18.052502,0.0,14.05845,0.0,53.0589,810.4777,19.75,Clear sky
2024-02-27 21:00:00+00:00,HAKKARİ,30,1.6475,-17.302502,0.0,10.483357,0.0,46.215336,811.99994,19.93,Clear sky
2024-02-28 21:00:00+00:00,HAKKARİ,30,4.8475,-17.802502,0.0,8.089993,0.0,49.203312,813.0009,20.11,Clear sky
2024-02-29 21:00:00+00:00,HAKKARİ,30,5.6475,-13.4525,0.0,6.489992,0.0,49.23492,813.0362,20.35,Clear sky
2024-03-01 21:00:00+00:00,HAKKARİ,30,4.9975,-11.5025,0.0,7.172949,3.0,41.452988,811.49664,20.2,Overcast
2024-03-02 21:00:00+00:00,HAKKARİ,30,2.2475,-10.4525,0.0,6.725354,3.0,53.170864,809.2095,15.51,Overcast
2024-03-03 21:00:00+00:00,HAKKARİ,30,4.2475,-9.5025,0.0,6.489992,3.0,64.24908,808.4921,17.77,Overcast
2024-03-04 21:00:00+00:00,HAKKARİ,30,4.7475,-10.5025,0.0,11.384199,2.0,64.25152,810.1738,18.88,Partly cloudy
2024-03-05 21:00:00+00:00,HAKKARİ,30,3.5975,-10.4525,0.90000004,8.311245,73.0,82.17996,811.8614,13.67,Snow fall: Moderate
2024-03-06 21:00:00+00:00,HAKKARİ,30,2.4475,-4.7025,23.800001,8.891343,75.0,93.377205,809.4377,7.56,Snow fall: Heavy
2024-03-07 21:00:00+00:00,HAKKARİ,30,2.4475,-10.4025,0.2,8.287822,71.0,77.33843,809.43024,16.47,Snow fall: Slight
2024-03-08 21:00:00+00:00,HAKKARİ,30,1.5975001,-13.0025,2.9999995,6.696387,73.0,74.87829,809.25934,12.77,Snow fall: Moderate
2024-03-09 21:00:00+00:00,HAKKARİ,30,1.7975,-10.4525,15.400001,9.659814,75.0,83.12469,810.304,13.93,Snow fall: Heavy
2024-03-10 21:00:00+00:00,HAKKARİ,30,4.5475,-13.2025,0.0,9.028754,3.0,61.491898,811.08716,22.07,Overcast
2024-03-11 21:00:00+00:00,HAKKARİ,30,5.9975,-14.0025,0.0,6.638072,3.0,55.262424,813.5032,22.18,Overcast
2024-03-12 21:00:00+00:00,HAKKARİ,30,7.1975,-10.6025,0.0,8.373386,3.0,49.32224,814.26074,21.88,Overcast
2024-03-13 21:00:00+00:00,HAKKARİ,30,7.2475,-8.7025,0.1,7.968939,71.0,53.189835,812.7066,20.83,Snow fall: Slight
2024-03-14 21:00:00+00:00,HAKKARİ,30,6.6475,-2.2525,13.4,10.383987,75.0,74.90941,811.4627,18.97,Snow fall: Heavy
2024-03-15 21:00:00+00:00,HAKKARİ,30,4.9475,-5.0525,1.7,9.0,73.0,78.88274,812.9273,18.8,Snow fall: Moderate
2024-03-16 21:00:00+00:00,HAKKARİ,30,4.5475,-9.7525,0.1,6.489992,71.0,74.50382,814.25934,13.68,Snow fall: Slight
2024-03-17 21:00:00+00:00,HAKKARİ,30,3.0975,-1.7525,29.7,6.151683,75.0,92.579254,811.44025,3.82,Snow fall: Heavy
2024-03-18 21:00:00+00:00,HAKKARİ,30,2.9475,0.7975,86.69999,5.8603754,75.0,96.382324,803.5424,3.24,Snow fall: Heavy
2024-03-19 21:00:00+00:00,HAKKARİ,30,2.9975,0.5475,7.799999,8.534353,73.0,94.73139,810.104,8.7,Snow fall: Moderate
2024-03-20 21:00:00+00:00,HAKKARİ,30,3.1475,0.24750006,7.399999,8.049845,73.0,95.18216,814.21625,6.38,Snow fall: Moderate
2024-03-21 21:00:00+00:00,HAKKARİ,30,1.9475,0.19749999,41.8,5.991594,75.0,96.2908,809.09186,3.03,Snow fall: Heavy
2024-03-22 21:00:00+00:00,HAKKARİ,30,1.5475,-4.0025,9.599999,8.049845,75.0,90.22361,809.29614,6.21,Snow fall: Heavy
2024-03-23 21:00:00+00:00,HAKKARİ,30,4.8975,-8.9025,0.0,7.628263,3.0,72.75418,807.58075,18.81,Overcast
2024-03-24 21:00:00+00:00,HAKKARİ,30,4.8475,-5.7525,0.70000005,11.525623,71.0,73.541985,803.7204,24.06,Snow fall: Slight
2024-03-25 21:00:00+00:00,HAKKARİ,30,1.0975001,-10.8025,15.999999,12.819235,75.0,93.35456,809.9136,4.96,Snow fall: Heavy
2024-03-26 21:00:00+00:00,HAKKARİ,30,5.1475,-9.2525,1.2,12.313893,73.0,70.696785,813.25555,24.97,Snow fall: Moderate
2024-03-27 21:00:00+00:00,HAKKARİ,30,7.1475,-10.9025,0.0,6.830519,3.0,61.416683,814.0899,25.03,Overcast
2024-03-28 21:00:00+00:00,HAKKARİ,30,9.8975,-8.9025,0.0,9.659814,3.0,46.357014,813.86017,25.46,Overcast
2024-03-29 21:00:00+00:00,HAKKARİ,30,10.7475,-4.4525,0.0,8.435069,3.0,54.92924,814.3237,25.17,Overcast
2024-03-30 21:00:00+00:00,HAKKARİ,30,11.8975,-7.9525003,0.0,7.6367526,3.0,57.361423,816.85504,25.17,Overcast
2024-03-31 21:00:00+00:00,HAKKARİ,30,10.9475,-6.6025,0.0,7.24486,1.0,58.10787,815.8321,25.6,Mainly clear
2024-04-01 21:00:00+00:00,HAKKARİ,30,13.6475,-2.9524999,0.0,6.725354,3.0,52.53536,814.8016,25.39,Overcast
2024-04-02 21:00:00+00:00,HAKKARİ,30,12.1975,-3.8525,0.0,8.654987,3.0,54.223866,812.9655,25.88,Overcast
2024-04-03 21:00:00+00:00,HAKKARİ,30,11.5475,-3.9524999,0.0,8.905908,3.0,64.156525,814.24164,24.9,Overcast
2024-04-04 21:00:00+00:00,HAKKARİ,30,11.6975,-1.5025,0.0,7.8954163,3.0,71.60365,815.3516,23.04,Overcast
2024-04-05 21:00:00+00:00,HAKKARİ,30,12.1975,-1.8525,0.0,7.6367526,3.0,67.383995,813.13324,23.88,Overcast
2024-04-06 21:00:00+00:00,HAKKARİ,30,7.9975,1.7975,17.599998,7.9036193,75.0,79.9318,811.26025,14.59,Snow fall: Heavy
2024-04-07 21:00:00+00:00,HAKKARİ,30,9.7975,0.64750004,4.7999997,6.725354,71.0,77.54196,813.39264,18.79,Snow fall: Slight
2024-04-08 21:00:00+00:00,HAKKARİ,30,9.1975,-1.9024999,23.0,9.387651,73.0,79.58298,813.87164,16.28,Snow fall: Moderate
2024-04-09 21:00:00+00:00,HAKKARİ,30,9.6475,-1.1025,19.300001,9.178235,75.0,83.791084,811.6136,13.13,Snow fall: Heavy
2024-04-10 21:00:00+00:00,HAKKARİ,30,9.297501,-5.8525,0.8,7.729527,73.0,76.00378,811.14215,19.77,Snow fall: Moderate
2024-04-11 21:00:00+00:00,HAKKARİ,30,9.9975,-2.6525002,0.0,8.557102,3.0,71.38921,814.6796,26.27,Overcast
2024-04-12 21:00:00+00:00,HAKKARİ,30,13.2975,-5.6525,0.0,7.653705,2.0,54.384842,811.4629,27.1,Partly cloudy
2024-04-13 21:00:00+00:00,HAKKARİ,30,11.2975,-2.7024999,0.0,7.42159,3.0,60.7816,811.01373,25.9,Overcast
2024-04-14 21:00:00+00:00,HAKKARİ,30,12.6475,-0.70249987,0.0,8.089993,3.0,63.760624,813.3938,21.38,Overcast
2024-04-15 21:00:00+00:00,HAKKARİ,30,14.5975,-2.2024999,0.0,7.42159,1.0,62.19808,815.83795,27.4,Mainly clear
2024-04-16 21:00:00+00:00,HAKKARİ,30,17.2975,-1.2024999,0.0,7.928177,0.0,51.48219,815.01447,27.96,Clear sky
2024-04-17 21:00:00+00:00,HAKKARİ,30,14.0475,-1.7024999,0.0,8.287822,3.0,58.22231,813.377,27.82,Overcast
2024-04-18 21:00:00+00:00,HAKKARİ,30,15.1975,-0.8025,0.0,8.78872,2.0,62.67833,812.87177,26.66,Partly cloudy
2024-04-19 21:00:00+00:00,HAKKARİ,30,15.0475,0.2975,0.0,9.83268,3.0,59.075253,813.3113,26.43,Overcast
2024-04-20 21:00:00+00:00,HAKKARİ,30,10.4975,-0.20249999,0.0,8.161764,3.0,67.20477,812.92236,23.15,Overcast
2024-04-21 21:00:00+00:00,HAKKARİ,30,17.0475,-2.5525,0.0,10.495713,2.0,63.155323,815.4238,27.75,Partly cloudy
2024-04-22 21:00:00+00:00,HAKKARİ,30,18.447498,-1.6025,0.0,9.339208,1.0,57.1257,817.8864,27.79,Mainly clear
2024-04-23 21:00:00+00:00,HAKKARİ,30,18.8475,0.097500086,0.0,10.137692,3.0,62.7865,817.9702,27.86,Overcast
2024-04-24 21:00:00+00:00,HAKKARİ,30,21.0475,1.3475001,0.0,9.085988,0.0,57.37997,817.3733,27.95,Clear sky
2024-04-25 21:00:00+00:00,HAKKARİ,30,21.3475,4.4475,0.0,8.707237,1.0,50.948757,817.73956,28.1,Mainly clear
2024-04-26 21:00:00+00:00,HAKKARİ,30,22.0475,4.3475,0.0,9.360001,0.0,47.632816,818.6655,28.13,Clear sky
2024-04-27 21:00:00+00:00,HAKKARİ,30,22.0475,4.2475,0.0,9.028754,0.0,40.833138,820.7414,28.88,Clear sky
2024-04-28 21:00:00+00:00,HAKKARİ,30,22.8475,4.7975,0.0,8.699793,1.0,39.857464,820.2786,28.43,Mainly clear
2024-04-29 21:00:00+00:00,HAKKARİ,30,19.8975,6.0475,2.3999999,8.759178,55.0,57.327923,818.2658,20.69,Drizzle: Dense
2024-04-30 21:00:00+00:00,HAKKARİ,30,17.447498,5.3975,9.099999,9.227524,63.0,70.121025,815.22974,22.73,Rain: Moderate
2024-05-01 21:00:00+00:00,HAKKARİ,30,15.4975,5.0475,10.6,8.654986,63.0,75.220955,810.27563,20.01,Rain: Moderate
2024-05-02 21:00:00+00:00,HAKKARİ,30,12.4475,5.4475,2.7999997,8.942214,55.0,86.55564,807.1984,14.42,Drizzle: Dense
2024-05-03 21:00:00+00:00,HAKKARİ,30,12.6475,6.4475,6.399999,12.984975,53.0,83.61477,809.865,18.57,Drizzle: Moderate
2024-05-04 21:00:00+00:00,HAKKARİ,30,11.4975,4.6475,19.300001,11.246759,75.0,84.18488,811.6187,13.86,Snow fall: Heavy
2024-05-05 21:00:00+00:00,HAKKARİ,30,10.0475,2.4975,17.2,8.534353,75.0,81.06811,810.8864,16.69,Snow fall: Heavy
2024-05-06 21:00:00+00:00,HAKKARİ,30,8.9475,2.1975,7.899999,9.504272,75.0,82.52186,810.9395,17.48,Snow fall: Heavy
2024-05-07 21:00:00+00:00,HAKKARİ,30,9.6975,1.1975,2.8999999,8.587338,73.0,83.747154,814.2056,17.46,Snow fall: Moderate
2024-05-08 21:00:00+00:00,HAKKARİ,30,16.0975,-0.75250006,0.2,11.609651,51.0,65.30146,817.4716,28.17,Drizzle: Light
2024-05-09 21:00:00+00:00,HAKKARİ,30,17.0475,2.8475,0.1,14.021525,51.0,58.380142,818.83734,27.73,Drizzle: Light
2024-05-10 21:00:00+00:00,HAKKARİ,30,16.497501,3.6975,8.4,9.585739,63.0,69.068306,818.3875,13.92,Rain: Moderate
2024-05-11 21:00:00+00:00,HAKKARİ,30,17.447498,5.1475,1.4,17.673029,61.0,63.818363,812.76935,27.9,Rain: Slight
2024-05-12 21:00:00+00:00,HAKKARİ,30,12.6475,4.1975,5.1000004,11.988594,73.0,78.64582,811.0474,22.47,Snow fall: Moderate
2024-05-13 21:00:00+00:00,HAKKARİ,30,10.1975,2.2975001,9.200001,11.808878,75.0,83.888016,811.4267,10.32,Snow fall: Heavy
2024-05-14 21:00:00+00:00,HAKKARİ,30,13.7975,0.24750006,0.2,11.384198,51.0,63.232357,815.78613,24.59,Drizzle: Light
2024-05-15 21:00:00+00:00,HAKKARİ,30,14.5475,2.2975001,0.5,13.217443,51.0,68.17633,817.3181,25.28,Drizzle: Light
2024-05-16 21:00:00+00:00,HAKKARİ,30,16.5475,1.7975,0.2,15.580141,51.0,61.58141,815.6525,28.43,Drizzle: Light
2024-05-17 21:00:00+00:00,HAKKARİ,30,17.5475,1.0975001,0.0,14.336861,2.0,56.42612,815.2168,30.95,Partly cloudy
2024-05-18 21:00:00+00:00,HAKKARİ,30,17.247501,3.1975,0.6,14.689588,51.0,60.724133,815.1596,25.72,Drizzle: Light
2024-05-19 21:00:00+00:00,HAKKARİ,30,17.8475,4.9475,6.6,12.287555,63.0,71.59776,814.5747,20.42,Rain: Moderate
2024-05-20 21:00:00+00:00,HAKKARİ,30,17.697498,5.6475,1.5,11.384199,53.0,67.972206,815.88544,23.5,Drizzle: Moderate
2024-05-21 21:00:00+00:00,HAKKARİ,30,16.1975,5.7475,8.3,9.085988,63.0,79.17749,815.98193,21.57,Rain: Moderate
2024-05-22 21:00:00+00:00,HAKKARİ,30,19.1475,3.2975001,0.5,11.212135,51.0,67.14208,815.28217,24.28,Drizzle: Light
2024-05-23 21:00:00+00:00,HAKKARİ,30,18.3475,5.8975,1.5000001,12.181624,53.0,69.09931,814.75555,24.88,Drizzle: Moderate
2024-05-24 21:00:00+00:00,HAKKARİ,30,17.6475,6.6475,3.9,17.477621,61.0,59.55934,813.9432,25.79,Rain: Slight
2024-05-25 21:00:00+00:00,HAKKARİ,30,15.1475,4.1975,3.9999995,14.186923,73.0,62.07709,815.6101,23.44,Snow fall: Moderate
2024-05-26 21:00:00+00:00,HAKKARİ,30,19.7975,3.9475,0.0,11.923557,2.0,64.04297,818.4174,29.79,Partly cloudy
2024-05-27 21:00:00+00:00,HAKKARİ,30,20.8475,6.6975,0.0,15.141414,3.0,50.86624,820.40137,28.76,Overcast
2024-05-28 21:00:00+00:00,HAKKARİ,30,21.247501,9.5475,1.9,11.885453,55.0,52.326397,820.67035,26.61,Drizzle: Dense
2024-05-29 21:00:00+00:00,HAKKARİ,30,23.8975,7.4975,0.2,12.261158,51.0,55.809128,820.11255,27.48,Drizzle: Light
2024-05-30 21:00:00+00:00,HAKKARİ,30,24.997501,9.4975,0.0,16.800856,2.0,47.697495,820.416,29.35,Partly cloudy
2024-05-31 21:00:00+00:00,HAKKARİ,30,21.3475,6.8975,0.0,14.186923,0.0,44.237034,819.5642,31.62,Clear sky
2024-06-01 21:00:00+00:00,HAKKARİ,30,24.7975,6.4975,0.0,14.48972,0.0,55.151325,820.0747,31.36,Clear sky
2024-06-02 21:00:00+00:00,HAKKARİ,30,24.697498,8.4475,0.0,9.19939,1.0,51.46614,821.2813,29.75,Mainly clear
2024-06-03 21:00:00+00:00,HAKKARİ,30,24.8975,9.8475,0.0,11.013882,2.0,50.3961,820.6106,29.39,Partly cloudy
2024-06-04 21:00:00+00:00,HAKKARİ,30,24.8975,8.797501,0.0,13.37825,0.0,41.062786,819.7641,31.8,Clear sky
2024-06-05 21:00:00+00:00,HAKKARİ,30,26.697498,8.547501,0.0,10.948973,1.0,38.99929,820.1702,31.8,Mainly clear
2024-06-06 21:00:00+00:00,HAKKARİ,30,28.0475,10.1975,0.0,15.188415,3.0,40.291126,819.7073,30.1,Overcast
2024-06-07 21:00:00+00:00,HAKKARİ,30,26.997501,10.5975,0.0,14.48972,3.0,43.80269,817.66364,27.01,Overcast
2024-06-08 21:00:00+00:00,HAKKARİ,30,23.8475,11.3475,1.8000001,10.440001,55.0,49.386967,817.1638,25.07,Drizzle: Dense
2024-06-09 21:00:00+00:00,HAKKARİ,30,23.5475,10.0975,2.7,10.636766,61.0,49.559597,817.6699,25.73,Rain: Slight
2024-06-10 21:00:00+00:00,HAKKARİ,30,23.3475,9.6475,0.0,10.587918,3.0,51.5302,817.90106,27.67,Overcast
2024-06-11 21:00:00+00:00,HAKKARİ,30,25.697498,10.2975,0.2,12.979984,51.0,52.07313,818.73315,26.45,Drizzle: Light
2024-06-12 21:00:00+00:00,HAKKARİ,30,26.697498,9.5975,0.0,10.30883,1.0,46.036945,819.1464,29.38,Mainly clear
2024-06-13 21:00:00+00:00,HAKKARİ,30,27.2975,9.9975,0.0,10.587917,3.0,44.47922,817.6885,31.39,Overcast
2024-06-14 21:00:00+00:00,HAKKARİ,30,27.3975,10.6975,0.0,14.654254,3.0,46.842327,816.33307,28.44,Overcast
2024-06-15 21:00:00+00:00,HAKKARİ,30,27.0975,11.8475,0.0,15.580141,3.0,41.338634,818.7207,26.86,Overcast
2024-06-16 21:00:00+00:00,HAKKARİ,30,27.447498,11.5975,0.0,13.779114,0.0,34.836483,821.48584,31.79,Clear sky
2024-06-17 21:00:00+00:00,HAKKARİ,30,27.947498,11.7975,0.0,12.261158,1.0,29.387032,822.0727,31.44,Mainly clear
2024-06-18 21:00:00+00:00,HAKKARİ,30,28.747501,12.1475,0.0,7.653705,2.0,37.2162,822.4632,29.95,Partly cloudy
2024-06-19 21:00:00+00:00,HAKKARİ,30,30.497501,12.8975,0.0,9.021574,3.0,38.110775,821.16943,28.71,Overcast
2024-06-20 21:00:00+00:00,HAKKARİ,30,28.5475,13.4475,0.0,12.7279215,3.0,33.734524,818.0218,25.61,Overcast
2024-06-21 21:00:00+00:00,HAKKARİ,30,29.997501,13.1475,0.0,15.7908325,3.0,31.970947,815.75336,31.1,Overcast
2024-06-22 21:00:00+00:00,HAKKARİ,30,28.7975,13.4475,0.0,16.42247,3.0,37.314743,816.07666,26.83,Overcast
2024-06-23 21:00:00+00:00,HAKKARİ,30,25.947498,13.0475,1.2,11.753877,53.0,44.526447,816.7469,27.64,Drizzle: Moderate
2024-06-24 21:00:00+00:00,HAKKARİ,30,27.447498,11.9975,0.0,7.2359104,3.0,46.248737,816.15216,24.46,Overcast
2024-06-25 21:00:00+00:00,HAKKARİ,30,27.6475,11.9975,0.1,12.10157,51.0,40.668568,814.04694,27.72,Drizzle: Light
2024-06-26 21:00:00+00:00,HAKKARİ,30,27.8475,11.8475,0.0,12.031756,2.0,41.19727,814.64703,30.76,Partly cloudy
2024-06-27 21:00:00+00:00,HAKKARİ,30,27.7975,11.8975,0.0,12.864649,1.0,40.649357,813.9531,30.6,Mainly clear
2024-06-28 21:00:00+00:00,HAKKARİ,30,27.5475,11.9975,0.0,13.044722,0.0,32.745422,812.96674,31.96,Clear sky
2024-06-29 21:00:00+00:00,HAKKARİ,30,26.7975,11.8975,0.0,13.104198,0.0,35.20319,815.4431,30.75,Clear sky
2024-06-30 21:00:00+00:00,HAKKARİ,30,25.247501,12.4975,0.0,18.35647,2.0,39.11912,814.07623,27.83,Partly cloudy
2024-07-01 21:00:00+00:00,HAKKARİ,30,24.3475,11.6475,0.0,13.755579,3.0,38.252213,811.9143,27.22,Overcast
2024-07-02 21:00:00+00:00,HAKKARİ,30,24.997501,10.5975,0.0,12.313894,1.0,34.50868,812.99445,28.86,Mainly clear
2024-07-03 21:00:00+00:00,HAKKARİ,30,28.3475,10.6475,0.0,14.689589,0.0,39.249283,816.6176,30.51,Clear sky
2024-07-04 21:00:00+00:00,HAKKARİ,30,30.7975,12.3475,0.0,9.531505,0.0,29.878057,817.7234,29.99,Clear sky
2024-07-05 21:00:00+00:00,HAKKARİ,30,29.497501,13.8475,0.0,8.759178,1.0,35.880245,815.1724,28.86,Mainly clear
2024-07-06 21:00:00+00:00,HAKKARİ,30,29.3975,15.6475,0.0,9.793059,1.0,43.076252,814.69794,28.52,Mainly clear
2024-07-07 21:00:00+00:00,HAKKARİ,30,27.997501,14.3475,0.0,11.183201,3.0,48.01285,816.11615,28.28,Overcast
2024-07-08 21:00:00+00:00,HAKKARİ,30,28.0475,14.5975,0.2,12.245293,51.0,44.689762,818.51227,27.3,Drizzle: Light
2024-07-09 21:00:00+00:00,HAKKARİ,30,28.0475,14.6975,0.1,12.783802,51.0,42.312283,820.4017,26.97,Drizzle: Light
2024-07-10 21:00:00+00:00,HAKKARİ,30,30.2975,14.0475,0.0,13.783817,3.0,37.923367,821.32715,22.42,Overcast
2024-07-11 21:00:00+00:00,HAKKARİ,30,30.5475,15.1475,0.0,12.245293,1.0,32.697117,818.8089,28.7,Mainly clear
2024-07-12 21:00:00+00:00,HAKKARİ,30,30.6475,13.9975,0.0,11.019764,0.0,31.625237,815.04224,31.1,Clear sky
2024-07-13 21:00:00+00:00,HAKKARİ,30,30.1475,14.3975,0.0,12.819235,0.0,32.201187,813.70514,30.42,Clear sky
2024-07-14 21:00:00+00:00,HAKKARİ,30,28.3975,15.6475,0.0,9.449572,1.0,44.58328,815.35565,25.84,Mainly clear
2024-07-15 21:00:00+00:00,HAKKARİ,30,29.6475,14.8475,0.0,10.483357,1.0,41.46981,817.34467,28.53,Mainly clear
2024-07-16 21:00:00+00:00,HAKKARİ,30,30.997501,14.5975,0.0,12.904882,0.0,35.705456,818.73785,30.46,Clear sky
2024-07-17 21:00:00+00:00,HAKKARİ,30,30.247501,14.4475,0.0,12.144331,0.0,33.81152,816.8689,30.05,Clear sky
2024-07-18 21:00:00+00:00,HAKKARİ,30,29.747501,14.6975,0.0,10.990322,2.0,36.908215,814.5568,26.0,Partly cloudy
2024-07-19 21:00:00+00:00,HAKKARİ,30,28.1475,15.0975,0.1,14.77755,51.0,44.676483,813.85944,24.2,Drizzle: Light
2024-07-20 21:00:00+00:00,HAKKARİ,30,28.497501,14.5975,0.0,13.009903,2.0,37.953545,815.94354,26.59,Partly cloudy
2024-07-21 21:00:00+00:00,HAKKARİ,30,29.197498,15.0475,0.0,10.538843,3.0,44.882603,816.8154,26.39,Overcast
2024-07-22 21:00:00+00:00,HAKKARİ,30,30.3475,15.6475,0.0,10.739832,3.0,36.487072,816.82227,26.79,Overcast
2024-07-23 21:00:00+00:00,HAKKARİ,30,30.5475,15.7475,0.0,15.496736,1.0,31.622854,813.5479,29.04,Mainly clear
2024-07-24 21:00:00+00:00,HAKKARİ,30,29.8975,14.7975,0.0,15.03835,0.0,29.312803,811.55615,29.9,Clear sky
2024-07-25 21:00:00+00:00,HAKKARİ,30,28.997501,14.0975,0.0,14.113652,0.0,34.02592,813.5269,29.2,Clear sky
2024-07-26 21:00:00+00:00,HAKKARİ,30,28.747501,13.1975,0.0,13.324863,0.0,36.937107,815.6364,29.87,Clear sky
2024-07-27 21:00:00+00:00,HAKKARİ,30,29.0975,12.9975,0.0,11.4862,2.0,37.755154,816.5581,28.89,Partly cloudy
2024-07-28 21:00:00+00:00,HAKKARİ,30,26.947498,13.7975,0.0,17.294992,1.0,53.527294,816.6182,29.33,Mainly clear
2024-07-29 21:00:00+00:00,HAKKARİ,30,30.747501,12.0975,0.0,12.7279215,0.0,37.838364,814.5776,30.42,Clear sky
2024-07-30 21:00:00+00:00,HAKKARİ,30,28.5975,14.3975,0.0,14.372974,2.0,27.793386,815.717,28.59,Partly cloudy
2024-07-31 21:00:00+00:00,HAKKARİ,30,30.0975,13.0475,0.0,9.449572,0.0,28.237833,817.0735,29.94,Clear sky
2024-08-01 21:00:00+00:00,HAKKARİ,30,30.1475,14.3475,0.0,12.783802,3.0,27.925642,815.16754,27.89,Overcast
2024-08-02 21:00:00+00:00,HAKKARİ,30,29.447498,13.9475,0.0,13.783817,2.0,32.647358,814.45776,26.94,Partly cloudy
2024-08-03 21:00:00+00:00,HAKKARİ,30,30.3975,14.0475,0.0,7.7879906,1.0,31.377203,816.1624,27.7,Mainly clear
2024-08-04 21:00:00+00:00,HAKKARİ,30,31.5475,15.0975,0.0,13.661038,0.0,30.36302,815.77167,29.14,Clear sky
2024-08-05 21:00:00+00:00,HAKKARİ,30,31.3975,15.2475,0.0,15.7908325,0.0,23.396265,815.87494,29.1,Clear sky
2024-08-06 21:00:00+00:00,HAKKARİ,30,30.8475,14.1475,0.0,12.879752,0.0,25.38164,816.292,28.97,Clear sky
2024-08-07 21:00:00+00:00,HAKKARİ,30,31.5975,14.3475,0.0,10.703569,0.0,28.958895,817.3942,28.78,Clear sky
2024-08-08 21:00:00+00:00,HAKKARİ,30,31.5975,15.4975,0.0,9.387651,0.0,38.002327,819.1053,28.44,Clear sky
2024-08-09 21:00:00+00:00,HAKKARİ,30,31.8975,15.5475,0.0,11.885453,0.0,25.84121,818.5882,28.54,Clear sky
2024-08-10 21:00:00+00:00,HAKKARİ,30,30.8975,14.4475,0.0,11.384198,0.0,24.86983,817.04565,28.31,Clear sky
2024-08-11 21:00:00+00:00,HAKKARİ,30,29.247501,14.7975,0.0,11.298495,1.0,40.863323,816.4161,25.45,Mainly clear
2024-08-12 21:00:00+00:00,HAKKARİ,30,28.6475,14.4975,0.0,12.303366,3.0,41.231567,818.52997,23.43,Overcast
2024-08-13 21:00:00+00:00,HAKKARİ,30,29.8475,14.0975,0.0,13.202726,1.0,40.068558,819.8965,24.01,Mainly clear
2024-08-14 21:00:00+00:00,HAKKARİ,30,30.497501,15.0975,0.0,11.609651,1.0,34.24563,819.82526,24.82,Mainly clear
2024-08-15 21:00:00+00:00,HAKKARİ,30,30.1475,14.5475,0.0,13.905509,3.0,33.85342,816.60547,22.47,Overcast
2024-08-16 21:00:00+00:00,HAKKARİ,30,28.447498,15.3475,0.0,13.891522,1.0,46.56216,817.3842,24.72,Mainly clear
2024-08-17 21:00:00+00:00,HAKKARİ,30,26.947498,14.6975,0.0,13.246826,2.0,45.37654,818.7979,20.69,Partly cloudy
2024-08-18 21:00:00+00:00,HAKKARİ,30,29.8975,13.7975,0.0,13.584932,1.0,36.415825,819.95734,23.84,Mainly clear
2024-08-19 21:00:00+00:00,HAKKARİ,30,29.7975,15.2475,0.0,10.137692,2.0,37.772236,820.1609,20.82,Partly cloudy
2024-08-20 21:00:00+00:00,HAKKARİ,30,31.0475,16.0475,0.0,11.966954,2.0,34.89322,820.12885,24.02,Partly cloudy
2024-08-21 21:00:00+00:00,HAKKARİ,30,30.447498,15.8975,0.0,16.831684,1.0,30.95741,819.8647,25.64,Mainly clear
2024-08-22 21:00:00+00:00,HAKKARİ,30,30.1475,13.3475,0.0,12.245293,0.0,31.764969,820.59296,26.89,Clear sky
2024-08-23 21:00:00+00:00,HAKKARİ,30,30.1475,13.6475,0.0,16.039202,0.0,26.373749,820.44806,25.81,Clear sky
2024-08-24 21:00:00+00:00,HAKKARİ,30,28.5975,14.7975,0.0,20.018072,1.0,34.683117,818.55194,24.35,Mainly clear
2024-08-25 21:00:00+00:00,HAKKARİ,30,27.3475,12.0975,0.0,14.689589,0.0,40.67293,819.28644,26.4,Clear sky
2024-08-26 21:00:00+00:00,HAKKARİ,30,29.3475,11.3975,0.0,11.792404,0.0,35.63612,819.9653,26.21,Clear sky
2024-08-27 21:00:00+00:00,HAKKARİ,30,29.0475,13.2475,0.0,12.7279215,1.0,32.933895,819.54193,25.01,Mainly clear
2024-08-28 21:00:00+00:00,HAKKARİ,30,29.5475,13.8975,0.0,9.387651,0.0,35.9332,819.5906,24.39,Clear sky
2024-08-29 21:00:00+00:00,HAKKARİ,30,28.497501,14.0975,0.0,11.177405,1.0,42.638268,818.5783,23.28,Mainly clear
2024-08-30 21:00:00+00:00,HAKKARİ,30,29.0975,14.0975,0.0,15.141414,0.0,42.1152,817.51105,25.16,Clear sky
2024-08-31 21:00:00+00:00,HAKKARİ,30,29.2975,14.4475,0.0,15.072783,2.0,34.36202,819.03876,25.39,Partly cloudy
2024-09-01 21:00:00+00:00,HAKKARİ,30,29.497501,13.3475,0.0,15.7908325,0.0,35.63897,821.4175,25.21,Clear sky
2024-09-02 21:00:00+00:00,HAKKARİ,30,30.747501,13.9975,0.0,16.595179,0.0,31.425558,820.0698,25.42,Clear sky
2024-09-03 21:00:00+00:00,HAKKARİ,30,28.6475,12.8475,0.0,16.08761,0.0,32.82584,818.3201,25.12,Clear sky
2024-09-04 21:00:00+00:00,HAKKARİ,30,27.5475,10.3475,0.0,11.384198,0.0,27.232742,817.2856,25.59,Clear sky
2024-09-05 21:00:00+00:00,HAKKARİ,30,26.8475,10.6475,0.0,11.298495,0.0,35.252098,817.7043,24.74,Clear sky
2024-09-06 21:00:00+00:00,HAKKARİ,30,26.747501,11.4475,0.0,10.315115,1.0,35.27073,819.91846,24.19,Mainly clear
2024-09-07 21:00:00+00:00,HAKKARİ,30,26.2975,11.5975,0.0,14.529915,2.0,34.0346,820.7946,23.61,Partly cloudy
2024-09-08 21:00:00+00:00,HAKKARİ,30,27.0475,11.9475,0.0,10.799999,2.0,41.69062,822.0574,21.14,Partly cloudy
2024-09-09 21:00:00+00:00,HAKKARİ,30,28.0475,13.3475,0.0,16.923828,3.0,38.03027,820.9559,20.22,Overcast
2024-09-10 21:00:00+00:00,HAKKARİ,30,27.2975,13.9475,0.0,11.91812,1.0,30.270264,820.1818,21.59,Mainly clear
2024-09-11 21:00:00+00:00,HAKKARİ,30,28.1475,11.6475,0.0,11.384198,0.0,33.536427,819.7397,23.89,Clear sky
2024-09-12 21:00:00+00:00,HAKKARİ,30,28.0975,11.8475,0.0,10.948973,2.0,31.683617,817.2293,21.68,Partly cloudy
2024-09-13 21:00:00+00:00,HAKKARİ,30,26.997501,11.5975,0.0,10.009036,2.0,34.574444,815.47687,21.7,Partly cloudy
2024-09-14 21:00:00+00:00,HAKKARİ,30,26.1475,11.1475,0.0,11.966953,3.0,33.3729,815.6197,22.01,Overcast
2024-09-15 21:00:00+00:00,HAKKARİ,30,24.3475,10.3975,0.0,15.459054,3.0,40.205284,816.2151,22.24,Overcast
2024-09-16 21:00:00+00:00,HAKKARİ,30,22.3475,9.3475,0.1,13.684735,51.0,52.62347,818.1595,20.88,Drizzle: Light
2024-09-17 21:00:00+00:00,HAKKARİ,30,22.997501,7.7975,0.0,13.049689,3.0,45.154526,818.38135,20.96,Overcast
2024-09-18 21:00:00+00:00,HAKKARİ,30,21.5475,9.5475,0.0,11.4862,3.0,54.478703,817.41986,17.39,Overcast
2024-09-19 21:00:00+00:00,HAKKARİ,30,16.9475,9.047501,0.9000001,13.246826,51.0,65.529625,817.33466,12.61,Drizzle: Light
2024-09-20 21:00:00+00:00,HAKKARİ,30,18.497501,7.3475,3.1000001,13.608762,55.0,70.67028,818.2137,16.12,Drizzle: Dense
2024-09-21 21:00:00+00:00,HAKKARİ,30,17.747501,8.4475,21.300003,9.0,65.0,76.528465,818.3681,13.35,Rain: Heavy
2024-09-22 21:00:00+00:00,HAKKARİ,30,18.247501,8.5975,0.6,14.57889,51.0,70.25288,818.23615,16.84,Drizzle: Light
2024-09-23 21:00:00+00:00,HAKKARİ,30,19.6475,7.0475,0.0,12.55879,3.0,61.470837,819.44073,20.94,Overcast
2024-09-24 21:00:00+00:00,HAKKARİ,30,22.6475,6.5975,0.0,8.211235,0.0,53.490555,818.9712,21.41,Clear sky
2024-09-25 21:00:00+00:00,HAKKARİ,30,23.5975,7.6475,0.0,9.178235,0.0,52.635666,818.39044,21.06,Clear sky
2024-09-26 21:00:00+00:00,HAKKARİ,30,23.5475,7.9975,0.0,9.7880945,1.0,57.042583,818.61615,20.46,Mainly clear
2024-09-27 21:00:00+00:00,HAKKARİ,30,20.0975,7.8975,0.0,16.67892,0.0,58.93219,818.74774,21.11,Clear sky
2024-09-28 21:00:00+00:00,HAKKARİ,30,19.3975,6.1975,0.0,13.719023,0.0,49.56839,817.9978,21.17,Clear sky
2024-09-29 21:00:00+00:00,HAKKARİ,30,19.997501,5.4975,0.0,13.943901,2.0,45.332928,815.7576,17.1,Partly cloudy
2024-09-30 21:00:00+00:00,HAKKARİ,30,19.747501,5.4975,0.0,16.341383,3.0,51.09409,814.1162,17.31,Overcast
2024-10-01 21:00:00+00:00,HAKKARİ,30,17.497501,8.1475,0.3,18.329973,51.0,52.918545,814.45636,15.81,Drizzle: Light
2024-10-02 21:00:00+00:00,HAKKARİ,30,18.1475,3.4475,0.0,11.679213,1.0,57.97519,817.93695,19.2,Mainly clear
2024-10-03 21:00:00+00:00,HAKKARİ,30,20.3475,3.2975001,0.0,9.1958685,0.0,51.912735,817.9905,19.93,Clear sky
2024-10-04 21:00:00+00:00,HAKKARİ,30,21.7975,5.3975,0.0,8.797931,0.0,43.856323,818.53125,19.65,Clear sky
2024-10-05 21:00:00+00:00,HAKKARİ,30,23.7975,4.6475,0.0,8.244708,3.0,38.03468,820.38446,20.01,Overcast
2024-10-06 21:00:00+00:00,HAKKARİ,30,23.0475,5.9475,0.0,10.1902895,1.0,31.232613,821.52875,19.69,Mainly clear
2024-10-07 21:00:00+00:00,HAKKARİ,30,23.3975,5.7475,0.0,13.888023,3.0,38.997105,822.60345,16.92,Overcast
2024-10-08 21:00:00+00:00,HAKKARİ,30,23.497501,6.4975,0.0,13.104198,0.0,42.32569,821.7719,18.94,Clear sky
2024-10-09 21:00:00+00:00,HAKKARİ,30,23.197498,4.9475,0.0,12.886039,2.0,29.19316,819.44214,18.95,Partly cloudy
2024-10-10 21:00:00+00:00,HAKKARİ,30,20.947498,7.3975,0.0,16.732256,3.0,36.453808,819.52,15.03,Overcast
2024-10-11 21:00:00+00:00,HAKKARİ,30,21.0975,8.497499,0.0,17.610588,3.0,36.18709,820.5025,15.24,Overcast
2024-10-12 21:00:00+00:00,HAKKARİ,30,20.8975,5.7475,0.0,13.369771,3.0,47.920887,819.39056,14.6,Overcast
2024-10-13 21:00:00+00:00,HAKKARİ,30,19.7975,6.3475,0.0,15.027575,3.0,51.468876,818.59796,15.99,Overcast
2024-10-14 21:00:00+00:00,HAKKARİ,30,19.8475,5.4475,0.0,14.879153,3.0,51.72534,819.57886,16.17,Overcast
2024-10-15 21:00:00+00:00,HAKKARİ,30,19.1475,5.2975,0.0,13.33094,3.0,54.96088,820.281,14.49,Overcast
2024-10-16 21:00:00+00:00,HAKKARİ,30,13.8975,6.5475,12.1,15.443328,61.0,79.95454,816.98145,7.26,Rain: Slight
2024-10-17 21:00:00+00:00,HAKKARİ,30,14.1475,5.7475,8.3,16.13286,75.0,74.15244,813.0253,13.46,Snow fall: Heavy
2024-10-18 21:00:00+00:00,HAKKARİ,30,10.9475,-1.3025,0.0,17.238699,3.0,56.587677,813.9107,17.59,Overcast
2024-10-19 21:00:00+00:00,HAKKARİ,30,10.7975,-3.1525002,0.0,11.866355,0.0,47.526016,814.67554,17.52,Clear sky
2024-10-20 21:00:00+00:00,HAKKARİ,30,9.7475,-2.8525,0.2,10.094454,71.0,48.780834,812.9306,15.01,Snow fall: Slight
2024-10-21 21:00:00+00:00,HAKKARİ,30,5.9475,-1.9524999,1.0,13.3649235,73.0,56.724262,814.2845,10.47,Snow fall: Moderate
2024-10-22 21:00:00+00:00,HAKKARİ,30,7.6475,-1.3525,1.4,18.762356,75.0,64.186714,817.20557,15.88,Snow fall: Heavy
2024-10-23 21:00:00+00:00,HAKKARİ,30,9.3975,-2.4025,0.0,15.141414,0.0,54.75804,817.0965,16.48,Clear sky
2024-10-24 21:00:00+00:00,HAKKARİ,30,11.3475,-2.5025,0.0,10.703569,3.0,46.15129,818.26825,16.29,Overcast
2024-10-25 21:00:00+00:00,HAKKARİ,30,12.1975,-0.70249987,0.0,12.033103,3.0,48.749832,817.41534,16.37,Overcast
2024-10-26 21:00:00+00:00,HAKKARİ,30,12.0475,-1.7525,0.0,7.6579366,2.0,51.56996,819.1404,16.06,Partly cloudy
2024-10-27 21:00:00+00:00,HAKKARİ,30,13.7975,-1.0025,0.0,7.519175,0.0,48.66216,816.9726,16.18,Clear sky
2024-10-28 21:00:00+00:00,HAKKARİ,30,14.1475,-0.25249994,0.0,8.274128,3.0,44.52067,815.5253,15.9,Overcast
2024-10-29 21:00:00+00:00,HAKKARİ,30,13.5475,0.047500014,0.0,7.628263,3.0,44.609867,815.26776,14.67,Overcast
2024-10-30 21:00:00+00:00,HAKKARİ,30,12.6975,-0.4525,0.0,6.889557,3.0,47.040302,815.8881,15.4,Overcast
2024-10-31 21:00:00+00:00,HAKKARİ,30,14.1975,-0.6524999,0.0,8.913181,2.0,45.57021,818.59717,15.19,Partly cloudy
2024-11-01 21:00:00+00:00,HAKKARİ,30,13.6975,1.5475,0.1,9.867218,51.0,65.14362,821.04425,12.59,Drizzle: Light
2024-11-02 21:00:00+00:00,HAKKARİ,30,11.1475,2.4475,1.8000001,8.854829,51.0,85.00124,815.87744,7.21,Drizzle: Light
2024-11-03 21:00:00+00:00,HAKKARİ,30,8.3475,4.7475,13.3,8.643749,73.0,90.61724,814.7137,5.7,Snow fall: Moderate
2024-11-04 21:00:00+00:00,HAKKARİ,30,9.7975,1.1975,2.2999997,14.565548,71.0,78.85734,815.71466,13.55,Snow fall: Slight
2024-11-05 21:00:00+00:00,HAKKARİ,30,9.8975,-3.4025002,0.0,8.139901,3.0,72.11595,818.7203,14.14,Overcast
2024-11-06 21:00:00+00:00,HAKKARİ,30,12.2975,-3.1525002,0.0,8.714677,0.0,50.16641,820.0195,14.55,Clear sky
2024-11-07 21:00:00+00:00,HAKKARİ,30,12.1475,-1.8525,0.0,8.836514,0.0,49.947826,818.69684,14.58,Clear sky
2024-11-08 21:00:00+00:00,HAKKARİ,30,11.2475,-1.7024999,0.0,8.211235,3.0,46.82544,817.8863,14.41,Overcast
2024-11-09 21:00:00+00:00,HAKKARİ,30,12.8975,-1.9024999,0.0,8.694204,3.0,46.843033,819.0267,14.3,Overcast
2024-11-10 21:00:00+00:00,HAKKARİ,30,8.997499,-0.05250001,2.3,7.0015144,71.0,75.89494,818.0103,4.14,Snow fall: Slight
2024-11-11 21:00:00+00:00,HAKKARİ,30,10.8975,-0.75250006,0.0,8.322932,3.0,77.40131,816.5427,10.49,Overcast
2024-11-12 21:00:00+00:00,HAKKARİ,30,11.2975,0.69750005,0.0,8.490582,3.0,69.699425,818.24725,11.47,Overcast
2024-11-13 21:00:00+00:00,HAKKARİ,30,12.1475,-1.1025,0.0,8.281956,1.0,62.629917,816.32477,13.52,Mainly clear
2024-11-14 21:00:00+00:00,HAKKARİ,30,10.9975,0.24750006,0.0,10.837435,3.0,65.52072,815.4122,12.45,Overcast
2024-11-15 21:00:00+00:00,HAKKARİ,30,8.997499,-1.2525,0.2,11.681987,51.0,73.98217,814.81256,8.55,Drizzle: Light
2024-11-16 21:00:00+00:00,HAKKARİ,30,9.047501,0.74750006,0.3,9.059205,51.0,79.07386,815.85815,8.16,Drizzle: Light
2024-11-17 21:00:00+00:00,HAKKARİ,30,8.047501,-0.50249994,4.5,8.863972,75.0,85.00761,813.8465,7.05,Snow fall: Heavy
2024-11-18 21:00:00+00:00,HAKKARİ,30,6.8475,-0.05250001,4.7999997,5.991594,75.0,85.64078,814.95636,7.89,Snow fall: Heavy
2024-11-19 21:00:00+00:00,HAKKARİ,30,7.3475,-1.3025,0.2,8.043805,51.0,83.61252,816.27637,6.79,Drizzle: Light
2024-11-20 21:00:00+00:00,HAKKARİ,30,9.1475,-3.5524998,0.0,9.139322,3.0,78.60284,816.6268,10.87,Overcast
2024-11-21 21:00:00+00:00,HAKKARİ,30,10.9975,-3.2024999,0.0,5.7402787,3.0,65.586235,818.86597,12.23,Overcast
2024-11-22 21:00:00+00:00,HAKKARİ,30,12.9475,1.3975,0.0,7.9567327,3.0,51.119877,818.1672,11.91,Overcast
2024-11-23 21:00:00+00:00,HAKKARİ,30,9.4475,0.94750005,1.9,11.391313,73.0,69.49457,812.60126,9.34,Snow fall: Moderate
2024-11-24 21:00:00+00:00,HAKKARİ,30,2.6975,-6.2025,22.900003,7.42159,75.0,96.16446,808.8365,4.37,Snow fall: Heavy
2024-11-25 21:00:00+00:00,HAKKARİ,30,1.6975,-5.9025,12.400001,6.3690495,75.0,85.20503,809.82544,4.88,Snow fall: Heavy
2024-11-26 21:00:00+00:00,HAKKARİ,30,-2.2024999,-15.6025,5.6,5.3426957,73.0,87.97166,810.8405,7.86,Snow fall: Moderate
2024-11-27 21:00:00+00:00,HAKKARİ,30,0.39750004,-15.8525,0.0,4.6800003,2.0,59.88695,810.15063,12.59,Partly cloudy
2024-11-28 21:00:00+00:00,HAKKARİ,30,1.6475,-12.0525,0.0,5.8769383,1.0,54.5162,812.1381,12.61,Mainly clear
2024-11-29 21:00:00+00:00,HAKKARİ,30,1.6975,-8.4025,0.0,6.452441,3.0,60.45143,814.2524,12.33,Overcast
2024-11-30 21:00:00+00:00,HAKKARİ,30,1.3975,-9.8525,0.0,6.989936,0.0,62.55898,812.96387,12.42,Clear sky
2024-12-01 21:00:00+00:00,HAKKARİ,30,1.3975,-10.3525,0.0,7.2403865,2.0,58.64151,811.38745,12.23,Partly cloudy
2024-12-02 21:00:00+00:00,HAKKARİ,30,2.7975001,-10.4025,0.0,6.279395,1.0,50.02266,811.8226,12.15,Mainly clear
2024-12-03 21:00:00+00:00,HAKKARİ,30,3.7975001,-9.3025,0.0,4.1046314,3.0,46.033115,813.3342,11.85,Overcast
2024-12-04 21:00:00+00:00,HAKKARİ,30,4.4475,-8.0025,0.0,4.91634,3.0,51.2477,814.90936,11.3,Overcast
2024-12-05 21:00:00+00:00,HAKKARİ,30,5.3475,-5.9025,0.0,5.414979,3.0,65.26714,816.90533,11.3,Overcast
2024-12-06 21:00:00+00:00,HAKKARİ,30,6.6475,-5.9525,0.0,5.4833565,3.0,47.849796,818.0267,9.84,Overcast
2024-12-07 21:00:00+00:00,HAKKARİ,30,7.0475,-1.9024999,0.0,4.952453,3.0,49.905792,816.72015,7.54,Overcast
2024-12-08 21:00:00+00:00,HAKKARİ,30,8.047501,-3.2024999,0.0,5.3517847,3.0,62.43926,816.1014,10.88,Overcast
2024-12-09 21:00:00+00:00,HAKKARİ,30,8.497499,-4.1525,0.0,8.953078,1.0,45.861263,818.47186,11.08,Mainly clear
2024-12-10 21:00:00+00:00,HAKKARİ,30,11.2975,-2.4524999,0.0,8.320986,3.0,32.514538,817.2994,9.77,Overcast
2024-12-11 21:00:00+00:00,HAKKARİ,30,6.3475,-1.6025,10.6,15.735336,75.0,70.2631,812.91376,6.67,Snow fall: Heavy
2024-12-12 21:00:00+00:00,HAKKARİ,30,-0.20249999,-11.7525,23.0,3.244996,75.0,75.34795,807.6526,11.42,Snow fall: Heavy
2024-12-13 21:00:00+00:00,HAKKARİ,30,-5.6525,-18.6025,0.0,8.099999,2.0,50.819763,808.271,12.03,Partly cloudy
2024-12-14 21:00:00+00:00,HAKKARİ,30,1.4975001,-18.002499,0.0,4.755544,3.0,31.802778,814.867,11.58,Overcast
2024-12-15 21:00:00+00:00,HAKKARİ,30,2.5975,-11.4025,0.3,4.6452556,71.0,43.728115,815.5315,10.75,Snow fall: Slight
2024-12-16 21:00:00+00:00,HAKKARİ,30,2.0975,-8.8025,0.5,4.514377,71.0,71.50698,815.1062,10.95,Snow fall: Slight
2024-12-17 21:00:00+00:00,HAKKARİ,30,3.6475,-8.4025,0.0,4.978554,0.0,56.22124,812.1816,11.44,Clear sky
2024-12-18 21:00:00+00:00,HAKKARİ,30,4.9975,-8.9525,0.0,3.0758414,2.0,49.706898,811.0615,11.59,Partly cloudy
2024-12-19 21:00:00+00:00,HAKKARİ,30,4.2975,-7.5024996,1.7,5.4744864,73.0,57.867115,810.0608,7.74,Snow fall: Moderate
2024-12-20 21:00:00+00:00,HAKKARİ,30,2.8475,-8.1025,0.6,5.5596404,71.0,78.24658,811.81616,10.97,Snow fall: Slight
2024-12-21 21:00:00+00:00,HAKKARİ,30,3.3975,-10.9525,0.2,4.5,71.0,71.180275,812.1641,9.33,Snow fall: Slight
2024-12-22 21:00:00+00:00,HAKKARİ,30,3.6975,-9.9525,0.0,6.151683,3.0,79.9033,813.1579,7.5,Overcast
2024-12-23 21:00:00+00:00,HAKKARİ,30,3.6475,-7.2524996,0.0,4.5891175,3.0,82.36872,814.8025,6.3,Overcast
2024-12-24 21:00:00+00:00,HAKKARİ,30,5.0975,-8.0025,0.0,5.8048253,1.0,59.957035,815.0695,11.25,Mainly clear
2024-12-25 21:00:00+00:00,HAKKARİ,30,4.8475,-6.2525,0.3,6.037383,71.0,55.251453,815.39813,11.25,Snow fall: Slight
2024-12-26 21:00:00+00:00,HAKKARİ,30,1.1975,-2.3525,43.300003,6.379216,75.0,88.245384,813.87274,2.54,Snow fall: Heavy
2024-12-27 21:00:00+00:00,HAKKARİ,30,-0.35249996,-2.2024999,8.899998,6.489992,75.0,90.43308,812.42804,4.81,Snow fall: Heavy
2024-12-28 21:00:00+00:00,HAKKARİ,30,0.097500086,-11.0525,4.1,4.913044,73.0,90.310295,815.8865,7.36,Snow fall: Moderate
2024-12-29 21:00:00+00:00,HAKKARİ,30,-0.3025,-13.9525,0.0,7.1321807,3.0,81.68192,811.82666,11.01,Overcast
2024-12-30 21:00:00+00:00,HAKKARİ,30,-1.0525,-14.1525,0.0,7.7043357,3.0,79.69814,813.14886,10.7,Overcast
2024-12-31 21:00:00+00:00,HAKKARİ,30,-1.2024999,-14.6025,0.0,7.823272,2.0,70.98302,815.67584,11.71,Partly cloudy
2025-01-01 21:00:00+00:00,HAKKARİ,30,1.1975,-12.7025,0.0,6.544677,0.0,53.26984,817.9233,11.87,Clear sky
2025-01-02 21:00:00+00:00,HAKKARİ,30,2.9475,-11.4525,0.0,4.755544,0.0,41.516384,814.9648,12.12,Clear sky
2025-01-03 21:00:00+00:00,HAKKARİ,30,2.1475,-13.1025,0.0,3.3043609,1.0,36.217464,812.53687,12.13,Mainly clear
2025-01-04 21:00:00+00:00,HAKKARİ,30,2.5475001,-11.6525,1.9000001,4.4456716,73.0,54.99744,813.4001,11.04,Snow fall: Moderate
2025-01-05 21:00:00+00:00,HAKKARİ,30,2.0475001,-11.4025,5.7999997,8.085988,75.0,85.71096,814.3137,11.48,Snow fall: Heavy
2025-01-06 21:00:00+00:00,HAKKARİ,30,1.9975001,-12.1525,0.0,8.913181,2.0,70.249886,816.4628,11.93,Partly cloudy
2025-01-07 21:00:00+00:00,HAKKARİ,30,3.4975,-10.7525,0.0,7.344794,0.0,60.65073,816.3079,12.14,Clear sky
2025-01-08 21:00:00+00:00,HAKKARİ,30,4.5475,-8.5525,0.0,6.248359,0.0,50.223145,814.55963,12.16,Clear sky
2025-01-09 21:00:00+00:00,HAKKARİ,30,4.2475,-9.2025,0.0,7.2403865,0.0,47.42332,814.132,12.36,Clear sky
2025-01-10 21:00:00+00:00,HAKKARİ,30,2.6975,-9.6525,8.0,7.3997297,75.0,70.29325,812.7968,7.97,Snow fall: Heavy
2025-01-11 21:00:00+00:00,HAKKARİ,30,2.0475001,-12.2025,4.6,4.669604,73.0,83.4841,813.6597,11.02,Snow fall: Moderate
2025-01-12 21:00:00+00:00,HAKKARİ,30,3.6475,-12.7525,0.0,5.509882,1.0,60.024143,814.4714,12.34,Mainly clear
2025-01-13 21:00:00+00:00,HAKKARİ,30,5.3475,-7.5024996,0.0,4.510787,3.0,52.324,814.83594,12.22,Overcast
2025-01-14 21:00:00+00:00,HAKKARİ,30,4.2475,-7.3025,0.0,3.9477081,3.0,65.41086,813.93286,12.29,Overcast
2025-01-15 21:00:00+00:00,HAKKARİ,30,2.8975,-13.4525,0.0,4.3832865,3.0,77.560326,813.57935,11.72,Overcast
2025-01-16 21:00:00+00:00,HAKKARİ,30,2.0475001,-11.5525,0.0,6.9527545,3.0,72.27062,813.0349,12.77,Overcast
2025-01-17 21:00:00+00:00,HAKKARİ,30,2.2975001,-14.0025,0.0,5.637765,3.0,59.704235,808.3408,12.7,Overcast
2025-01-18 21:00:00+00:00,HAKKARİ,30,0.8475,-16.3525,0.5,7.353611,71.0,63.124233,806.7649,13.1,Snow fall: Slight
2025-01-19 21:00:00+00:00,HAKKARİ,30,-0.20249999,-13.1025,2.1999998,4.2671766,73.0,71.52404,809.3826,10.91,Snow fall: Moderate
2025-01-20 21:00:00+00:00,HAKKARİ,30,2.3475,-15.902499,0.0,6.015878,0.0,49.69153,813.02545,13.74,Clear sky
2025-01-21 21:00:00+00:00,HAKKARİ,30,3.8475,-11.3025,0.0,6.9247384,3.0,43.197926,814.9529,13.88,Overcast
2025-01-22 21:00:00+00:00,HAKKARİ,30,1.7975,-8.3025,0.3,9.220499,71.0,52.934284,815.39746,10.23,Snow fall: Slight
2025-01-23 21:00:00+00:00,HAKKARİ,30,0.7975,-9.8525,0.2,6.4323244,71.0,78.720146,815.3274,7.91,Snow fall: Slight
2025-01-24 21:00:00+00:00,HAKKARİ,30,0.69750005,-13.0525,0.0,7.3094187,3.0,75.229996,813.8801,12.9,Overcast
2025-01-25 21:00:00+00:00,HAKKARİ,30,0.49750006,-14.2025,0.0,8.043805,1.0,76.133934,813.84344,13.11,Mainly clear
2025-01-26 21:00:00+00:00,HAKKARİ,30,0.24750006,-13.5025,0.0,9.9408245,1.0,78.911156,813.40106,14.08,Mainly clear
2025-01-27 21:00:00+00:00,HAKKARİ,30,1.4475,-14.652499,0.0,8.6193495,3.0,72.45515,813.83673,14.41,Overcast
2025-01-28 21:00:00+00:00,HAKKARİ,30,3.5975,-10.8025,0.0,5.7402787,0.0,56.893097,815.295,14.65,Clear sky
2025-01-29 21:00:00+00:00,HAKKARİ,30,4.6975,-10.9025,0.0,6.502461,0.0,42.18929,816.1521,14.98,Clear sky
2025-01-30 21:00:00+00:00,HAKKARİ,30,5.7975,-8.6025,0.0,5.1575575,3.0,29.040232,813.73676,14.23,Overcast
2025-01-31 21:00:00+00:00,HAKKARİ,30,4.0475,-8.8025,0.0,5.6233797,3.0,45.606033,812.5755,14.48,Overcast
2025-02-01 21:00:00+00:00,HAKKARİ,30,4.8475,-9.3025,0.0,5.2323985,3.0,42.52094,813.00714,15.06,Overcast
2025-02-02 21:00:00+00:00,HAKKARİ,30,4.9975,-10.3025,0.0,5.876938,1.0,39.74205,810.896,15.06,Mainly clear
2025-02-03 21:00:00+00:00,HAKKARİ,30,3.8975,-9.6525,0.0,5.815978,3.0,49.125458,810.4702,14.93,Overcast
2025-02-04 21:00:00+00:00,HAKKARİ,30,2.1475,-8.5025,4.0,5.7204895,75.0,65.37644,808.25336,9.95,Snow fall: Heavy
2025-02-05 21:00:00+00:00,HAKKARİ,30,1.3975,-4.8525,21.199999,6.698806,75.0,82.25808,801.39594,8.32,Snow fall: Heavy
2025-02-06 21:00:00+00:00,HAKKARİ,30,-1.1524999,-10.1525,0.0,8.209263,3.0,74.5424,807.7098,15.16,Overcast
2025-02-07 21:00:00+00:00,HAKKARİ,30,-3.1025,-12.2025,0.0,14.197196,3.0,74.37952,809.48413,14.22,Overcast
2025-02-08 21:00:00+00:00,HAKKARİ,30,-4.5025,-17.252499,0.0,6.638072,2.0,74.58763,809.1788,16.41,Partly cloudy
2025-02-09 21:00:00+00:00,HAKKARİ,30,-3.3525,-18.8525,0.0,6.452441,2.0,67.737015,809.77734,16.58,Partly cloudy
2025-02-10 21:00:00+00:00,HAKKARİ,30,-0.95249987,-16.552502,0.0,5.495161,3.0,57.305286,812.19977,15.83,Overcast
2025-02-11 21:00:00+00:00,HAKKARİ,30,0.89750004,-14.0525,0.0,6.544677,2.0,65.17087,812.19415,16.94,Partly cloudy
2025-02-12 21:00:00+00:00,HAKKARİ,30,0.097500086,-13.4025,5.0,6.1437774,75.0,72.343315,811.6191,13.47,Snow fall: Heavy
2025-02-13 21:00:00+00:00,HAKKARİ,30,-3.0524998,-16.552502,14.099999,7.562142,75.0,83.46311,809.7868,10.47,Snow fall: Heavy
2025-02-14 21:00:00+00:00,HAKKARİ,30,-0.35249996,-18.752499,0.0,3.7842832,1.0,60.31361,808.94073,17.61,Mainly clear
2025-02-15 21:00:00+00:00,HAKKARİ,30,1.7475001,-14.4025,0.0,6.391901,3.0,46.465576,807.6027,16.26,Overcast
2025-02-16 21:00:00+00:00,HAKKARİ,30,1.3975,-12.8525,0.0,4.829907,3.0,60.866497,809.17114,17.78,Overcast
2025-02-17 21:00:00+00:00,HAKKARİ,30,1.5475,-14.1525,0.0,4.6102495,3.0,67.87429,812.0842,18.22,Overcast
2025-02-18 21:00:00+00:00,HAKKARİ,30,-0.05250001,-12.3525,3.1000001,7.120815,73.0,83.445206,812.12695,8.09,Snow fall: Moderate
2025-02-19 21:00:00+00:00,HAKKARİ,30,-0.20249999,-2.9025002,22.099998,7.5363917,75.0,95.47764,807.028,5.79,Snow fall: Heavy
2025-02-20 21:00:00+00:00,HAKKARİ,30,-2.9025002,-9.1525,7.7999997,12.267763,75.0,83.6046,806.2879,13.28,Snow fall: Heavy
2025-02-21 21:00:00+00:00,HAKKARİ,30,-7.2524996,-12.0025,1.5000002,10.829959,71.0,79.26229,808.08185,14.59,Snow fall: Slight
2025-02-22 21:00:00+00:00,HAKKARİ,30,-9.6025,-17.3525,5.2,5.876938,75.0,70.80569,806.2464,15.27,Snow fall: Heavy
2025-02-23 21:00:00+00:00,HAKKARİ,30,-9.7025,-24.2025,0.4,4.327493,71.0,53.74753,806.56744,19.97,Snow fall: Slight
2025-02-24 21:00:00+00:00,HAKKARİ,30,-7.8025,-25.4525,0.0,7.5685663,2.0,55.65074,807.9465,20.02,Partly cloudy
2025-02-25 21:00:00+00:00,HAKKARİ,30,-6.0025,-23.6025,0.0,9.5196,2.0,71.62571,809.1685,19.82,Partly cloudy
2025-02-26 21:00:00+00:00,HAKKARİ,30,-2.7024999,-20.9025,0.0,7.989243,1.0,63.656326,809.4538,20.1,Mainly clear
2025-02-27 21:00:00+00:00,HAKKARİ,30,-1.7024999,-18.9525,0.0,6.544677,3.0,48.403183,808.6821,20.09,Overcast
2025-02-28 21:00:00+00:00,HAKKARİ,30,-1.8025,-18.6525,0.2,6.28713,71.0,71.977715,808.6321,16.59,Snow fall: Slight
2025-03-01 21:00:00+00:00,HAKKARİ,30,-0.05250001,-19.1025,0.0,6.698806,2.0,51.53117,810.1011,20.74,Partly cloudy
2025-03-02 21:00:00+00:00,HAKKARİ,30,1.1475,-14.7525,0.0,8.39078,3.0,48.326767,812.28424,17.88,Overcast
2025-03-03 21:00:00+00:00,HAKKARİ,30,3.6475,-4.6525,0.3,4.7521367,71.0,67.3471,813.8359,19.13,Snow fall: Slight
2025-03-04 21:00:00+00:00,HAKKARİ,30,4.7975,-7.3025,0.0,5.2478566,3.0,59.656174,813.721,20.39,Overcast
2025-03-05 21:00:00+00:00,HAKKARİ,30,6.1975,-9.7525,0.0,5.495161,0.0,47.3617,813.8608,21.07,Clear sky
2025-03-06 21:00:00+00:00,HAKKARİ,30,6.5975,-6.8525,0.0,6.9480934,3.0,45.75946,813.9876,20.15,Overcast
2025-03-07 21:00:00+00:00,HAKKARİ,30,3.8475,-2.1025,6.7000003,8.149847,75.0,75.18815,810.3354,9.54,Snow fall: Heavy
2025-03-08 21:00:00+00:00,HAKKARİ,30,5.3475,-2.8525,0.0,6.3639607,3.0,78.65894,810.08203,19.97,Overcast
2025-03-09 21:00:00+00:00,HAKKARİ,30,6.4475,-6.1525,0.0,6.5049515,3.0,72.067055,812.5759,19.88,Overcast
2025-03-10 21:00:00+00:00,HAKKARİ,30,7.2975,-6.4025,0.0,5.2323985,3.0,71.90076,815.25116,20.61,Overcast
2025-03-11 21:00:00+00:00,HAKKARİ,30,8.5975,-3.7525,0.0,5.2323985,0.0,58.069187,816.7491,22.05,Clear sky
2025-03-12 21:00:00+00:00,HAKKARİ,30,9.4475,-2.8525,0.0,5.5596404,3.0,43.652576,817.38947,22.32,Overcast
2025-03-13 21:00:00+00:00,HAKKARİ,30,14.4975,-2.3025,0.0,5.7628117,3.0,30.641542,817.6197,22.45,Overcast
2025-03-14 21:00:00+00:00,HAKKARİ,30,14.4475,1.3975,0.0,9.187056,3.0,26.607027,819.55194,21.05,Overcast
2025-03-15 21:00:00+00:00,HAKKARİ,30,15.4975,0.94750005,0.0,8.604301,1.0,35.966816,820.3161,22.17,Mainly clear
2025-03-16 21:00:00+00:00,HAKKARİ,30,15.3975,0.44750005,0.0,8.043805,3.0,43.418392,817.0422,20.96,Overcast
2025-03-17 21:00:00+00:00,HAKKARİ,30,13.0475,2.1975,0.5,16.144905,51.0,57.00392,814.8527,17.69,Drizzle: Light
2025-03-18 21:00:00+00:00,HAKKARİ,30,6.2475,-0.3025,31.3,5.983477,75.0,88.25284,811.0056,9.94,Snow fall: Heavy
2025-03-19 21:00:00+00:00,HAKKARİ,30,4.3475,-2.6025,17.700003,6.601363,75.0,82.44756,808.59845,16.48,Snow fall: Heavy
2025-03-20 21:00:00+00:00,HAKKARİ,30,3.0975,-1.8525,7.299999,7.186487,75.0,79.50534,811.1523,17.6,Snow fall: Heavy
2025-03-21 21:00:00+00:00,HAKKARİ,30,-0.50249994,-12.0525,4.3999996,7.889258,73.0,76.84399,811.2663,17.61,Snow fall: Moderate
2025-03-22 21:00:00+00:00,HAKKARİ,30,2.4975,-13.9525,0.0,5.5799994,2.0,60.054565,812.9129,24.26,Partly cloudy
2025-03-23 21:00:00+00:00,HAKKARİ,30,5.2975,-9.9525,0.0,4.991553,1.0,57.3624,815.502,24.94,Mainly clear
2025-03-24 21:00:00+00:00,HAKKARİ,30,7.0975,-6.7025003,0.0,4.7827187,3.0,46.058975,815.9698,24.6,Overcast
2025-03-25 21:00:00+00:00,HAKKARİ,30,10.1975,-3.1025,0.0,5.8409934,3.0,55.58891,814.4114,23.81,Overcast
2025-03-26 21:00:00+00:00,HAKKARİ,30,13.4475,0.14750004,0.0,8.2584505,3.0,56.77326,815.23004,19.38,Overcast
2025-03-27 21:00:00+00:00,HAKKARİ,30,14.1475,0.69750005,0.0,7.9932966,3.0,62.126537,816.18427,22.44,Overcast
2025-03-28 21:00:00+00:00,HAKKARİ,30,14.7475,0.8475,0.5,7.5685663,51.0,65.5728,815.6982,19.14,Drizzle: Light
2025-03-29 21:00:00+00:00,HAKKARİ,30,14.7975,1.4975001,1.6,12.7279215,55.0,67.294525,814.74994,17.78,Drizzle: Dense
2025-03-30 21:00:00+00:00,HAKKARİ,30,9.3975,-1.6025,25.800001,14.589996,75.0,86.60651,813.69257,16.36,Snow fall: Heavy
2025-03-31 21:00:00+00:00,HAKKARİ,30,15.9475,-2.1525,0.0,10.805998,3.0,45.20812,816.895,24.11,Overcast
2025-04-01 21:00:00+00:00,HAKKARİ,30,9.5975,5.0475,16.800001,8.131936,75.0,76.23077,814.262,5.76,Snow fall: Heavy
2025-04-02 21:00:00+00:00,HAKKARİ,30,12.6975,-1.4024999,0.0,15.975444,3.0,64.39483,813.8254,23.92,Overcast
2025-04-03 21:00:00+00:00,HAKKARİ,30,14.3475,-0.8025,0.0,12.55879,0.0,49.286667,813.95,25.08,Clear sky
2025-04-04 21:00:00+00:00,HAKKARİ,30,10.6475,-1.0025,10.599999,9.885262,75.0,66.28823,809.91675,11.26,Snow fall: Heavy
2025-04-05 21:00:00+00:00,HAKKARİ,30,12.9975,-1.8525,0.0,17.629896,3.0,65.8281,815.5998,24.0,Overcast
2025-04-06 21:00:00+00:00,HAKKARİ,30,15.2475,2.2975001,0.2,16.62444,51.0,58.315308,818.8855,22.46,Drizzle: Light
2025-04-07 21:00:00+00:00,HAKKARİ,30,12.3975,3.3475,13.0,12.85205,75.0,77.63128,819.2873,10.84,Snow fall: Heavy
2025-04-08 21:00:00+00:00,HAKKARİ,30,10.5475,4.7475,26.599998,10.134496,73.0,82.79335,815.9377,8.59,Snow fall: Moderate
2025-04-09 21:00:00+00:00,HAKKARİ,30,9.7975,-0.4525,9.5,17.339897,75.0,74.36821,808.55005,11.59,Snow fall: Heavy
2025-04-10 21:00:00+00:00,HAKKARİ,30,7.4975,-3.9025002,0.0,17.58481,3.0,62.997913,807.20166,20.37,Overcast
2025-04-11 21:00:00+00:00,HAKKARİ,30,3.6975,-3.9025002,3.8,12.284918,73.0,80.854454,807.8408,9.22,Snow fall: Moderate
2025-04-12 21:00:00+00:00,HAKKARİ,30,4.2975,-1.1025,5.6000004,6.21717,75.0,84.27465,812.14453,14.54,Snow fall: Heavy
2025-04-13 21:00:00+00:00,HAKKARİ,30,3.6975,-1.0025,16.8,4.510787,75.0,88.456604,811.64087,9.8,Snow fall: Heavy
2025-04-14 21:00:00+00:00,HAKKARİ,30,3.2475,-2.8525,24.699995,7.689603,75.0,89.02146,808.7618,18.16,Snow fall: Heavy
2025-04-15 21:00:00+00:00,HAKKARİ,30,3.5975,-4.2525,1.3,7.3469996,73.0,84.33718,813.7229,24.2,Snow fall: Moderate
2025-04-16 21:00:00+00:00,HAKKARİ,30,6.7975,-4.8525,0.0,6.048107,3.0,72.57894,815.5681,27.68,Overcast
2025-04-17 21:00:00+00:00,HAKKARİ,30,7.7975,-5.8525,0.0,7.3469996,2.0,64.86185,814.99854,28.81,Partly cloudy
2025-04-18 21:00:00+00:00,HAKKARİ,30,12.8975,-3.1025,0.0,5.7431,3.0,49.491425,814.6236,25.24,Overcast
2025-04-19 21:00:00+00:00,HAKKARİ,30,16.5975,1.8475001,0.0,12.145665,3.0,54.09258,815.6219,25.41,Overcast
2025-04-20 21:00:00+00:00,HAKKARİ,30,15.6975,2.8975,3.4,18.58451,63.0,60.363636,816.75555,20.49,Rain: Moderate
2025-04-21 21:00:00+00:00,HAKKARİ,30,16.1975,3.9475,2.0,9.668195,61.0,66.46991,819.52765,19.65,Rain: Slight
2025-04-22 21:00:00+00:00,HAKKARİ,30,16.5475,5.7975,17.5,15.668273,75.0,71.78411,817.51,22.65,Snow fall: Heavy
2025-04-23 21:00:00+00:00,HAKKARİ,30,16.1475,7.6475,6.0999994,20.834173,55.0,63.738174,817.3399,20.48,Drizzle: Dense
2025-04-24 21:00:00+00:00,HAKKARİ,30,17.0975,7.0975,5.0999994,22.12536,61.0,64.689156,814.7399,18.48,Rain: Slight
2025-04-25 21:00:00+00:00,HAKKARİ,30,17.1475,3.2475,20.099998,16.956343,75.0,70.74192,814.3929,21.99,Snow fall: Heavy
2025-04-26 21:00:00+00:00,HAKKARİ,30,16.6475,2.6475,0.9,14.366211,53.0,63.612934,814.6567,27.51,Drizzle: Moderate
2025-04-27 21:00:00+00:00,HAKKARİ,30,18.8975,4.5475,0.0,13.104198,3.0,38.8682,815.62067,27.55,Overcast
2025-04-28 21:00:00+00:00,HAKKARİ,30,18.5975,4.4475,0.0,12.819235,3.0,43.735092,815.6452,27.87,Overcast
2025-04-29 21:00:00+00:00,HAKKARİ,30,16.6475,6.8475,1.7,15.159589,53.0,54.67107,817.51044,22.15,Drizzle: Moderate
2025-04-30 21:00:00+00:00,HAKKARİ,30,20.5475,6.9475,0.0,15.283048,3.0,45.000324,819.1621,27.49,Overcast
2025-05-01 21:00:00+00:00,HAKKARİ,30,19.1475,8.6975,6.7999997,16.759342,63.0,65.39489,817.6721,20.39,Rain: Moderate
2025-05-02 21:00:00+00:00,HAKKARİ,30,17.3475,4.1975,8.0,9.605998,75.0,66.17578,816.43604,23.23,Snow fall: Heavy
2025-05-03 21:00:00+00:00,HAKKARİ,30,16.0975,6.5475,1.3,8.748075,53.0,63.50064,814.60645,16.25,Drizzle: Moderate
2025-05-04 21:00:00+00:00,HAKKARİ,30,14.7975,1.5475,7.699999,11.616627,73.0,76.03788,810.4122,25.71,Snow fall: Moderate
2025-05-05 21:00:00+00:00,HAKKARİ,30,11.8475,1.1475,1.5000001,10.656547,51.0,81.70689,814.4487,18.94,Drizzle: Light
2025-05-06 21:00:00+00:00,HAKKARİ,30,17.947498,-0.50249994,0.3,10.950452,51.0,60.030087,817.2863,27.94,Drizzle: Light
2025-05-07 21:00:00+00:00,HAKKARİ,30,19.0975,3.2475,0.5,13.040997,51.0,58.60536,817.41187,26.01,Drizzle: Light
2025-05-08 21:00:00+00:00,HAKKARİ,30,19.747501,5.0475,0.0,11.892265,3.0,55.269608,818.7378,25.19,Overcast
2025-05-09 21:00:00+00:00,HAKKARİ,30,20.3475,7.4475,0.8,14.879153,51.0,54.98027,819.78516,24.52,Drizzle: Light
2025-05-10 21:00:00+00:00,HAKKARİ,30,20.3475,8.247499,0.0,16.341381,3.0,50.15659,818.6145,23.53,Overcast
2025-05-11 21:00:00+00:00,HAKKARİ,30,17.947498,8.1975,6.4,7.8625183,63.0,62.616455,814.7248,19.21,Rain: Moderate
2025-05-12 21:00:00+00:00,HAKKARİ,30,15.0475,7.0975,13.7,10.946013,63.0,74.1459,810.5844,16.59,Rain: Moderate
2025-05-13 21:00:00+00:00,HAKKARİ,30,12.1475,5.4975,13.700001,11.844492,75.0,81.48328,812.3938,15.83,Snow fall: Heavy
2025-05-14 21:00:00+00:00,HAKKARİ,30,11.7475,4.1475,3.4999998,11.592894,71.0,76.58855,813.9932,17.57,Snow fall: Slight
2025-05-15 21:00:00+00:00,HAKKARİ,30,16.997501,2.1975,0.0,11.525623,0.0,56.507412,818.93634,30.74,Clear sky
2025-05-16 21:00:00+00:00,HAKKARİ,30,22.8975,3.9975,0.0,14.292725,3.0,47.545822,821.1147,30.27,Overcast
2025-05-17 21:00:00+00:00,HAKKARİ,30,23.5475,7.8475,0.1,19.091883,51.0,48.888927,821.8414,28.3,Drizzle: Light
2025-05-18 21:00:00+00:00,HAKKARİ,30,21.8475,8.747499,0.0,20.98911,1.0,42.311737,819.43976,29.28,Mainly clear
2025-05-19 21:00:00+00:00,HAKKARİ,30,20.2975,5.7975,0.0,14.49531,3.0,32.85207,817.8107,31.35,Overcast
2025-05-20 21:00:00+00:00,HAKKARİ,30,21.5475,7.2475,0.0,13.684735,3.0,36.73556,818.3865,30.98,Overcast
2025-05-21 21:00:00+00:00,HAKKARİ,30,24.197498,6.5475,0.0,11.391313,3.0,34.781097,819.10846,31.18,Overcast
2025-05-22 21:00:00+00:00,HAKKARİ,30,24.247501,8.3975,0.0,15.531193,3.0,40.94585,817.3083,27.9,Overcast
2025-05-23 21:00:00+00:00,HAKKARİ,30,23.247501,9.4975,2.1999998,11.983188,61.0,49.05922,814.61066,24.7,Rain: Slight
2025-05-24 21:00:00+00:00,HAKKARİ,30,22.1475,8.247499,0.1,15.477906,51.0,55.175335,816.5501,26.52,Drizzle: Light
2025-05-25 21:00:00+00:00,HAKKARİ,30,24.5475,8.747499,0.0,10.404249,3.0,47.665653,819.10205,28.06,Overcast
2025-05-26 21:00:00+00:00,HAKKARİ,30,23.0475,11.8475,0.6,14.918297,51.0,49.30452,817.5618,24.84,Drizzle: Light
2025-05-27 21:00:00+00:00,HAKKARİ,30,25.3475,9.9975,0.6,19.32801,53.0,42.274117,815.877,28.83,Drizzle: Moderate
2025-05-28 21:00:00+00:00,HAKKARİ,30,21.997501,8.5975,0.0,15.726067,0.0,39.027607,814.4175,31.71,Clear sky
2025-05-29 21:00:00+00:00,HAKKARİ,30,17.5475,6.5975,0.1,14.879153,51.0,46.776936,815.34186,27.41,Drizzle: Light
2025-05-30 21:00:00+00:00,HAKKARİ,30,22.5975,5.6475,0.0,14.73913,0.0,41.831356,819.24457,31.78,Clear sky
2025-05-31 21:00:00+00:00,HAKKARİ,30,25.6475,7.1975,0.0,14.291592,0.0,30.696154,820.687,31.87,Clear sky
2025-06-01 21:00:00+00:00,HAKKARİ,30,22.6475,10.2975,0.0,18.152353,0.0,32.210873,818.1648,31.62,Clear sky
2025-06-02 21:00:00+00:00,HAKKARİ,30,21.3475,6.0475,0.0,13.719023,1.0,34.582626,814.7727,30.95,Mainly clear
2025-06-03 21:00:00+00:00,HAKKARİ,30,19.0975,7.0475,0.6,10.948973,51.0,52.25386,814.97894,21.56,Drizzle: Light
2025-06-04 21:00:00+00:00,HAKKARİ,30,21.0975,6.7975,0.1,13.462749,51.0,52.349277,818.0024,29.3,Drizzle: Light
2025-06-05 21:00:00+00:00,HAKKARİ,30,20.997501,8.5975,3.1,8.133928,63.0,51.585224,818.7847,24.9,Rain: Moderate
2025-06-06 21:00:00+00:00,HAKKARİ,30,23.497501,7.1975,0.0,7.2044983,2.0,41.759743,818.35443,29.7,Partly cloudy
2025-06-07 21:00:00+00:00,HAKKARİ,30,23.447498,8.6975,0.0,10.548061,3.0,45.872845,819.78143,28.7,Overcast
2025-06-08 21:00:00+00:00,HAKKARİ,30,23.5975,10.1975,1.3000001,8.37532,55.0,46.010777,818.66144,24.75,Drizzle: Dense
2025-06-09 21:00:00+00:00,HAKKARİ,30,23.747501,9.0975,3.7999997,11.543881,63.0,44.90112,817.75244,26.8,Rain: Moderate
2025-06-10 21:00:00+00:00,HAKKARİ,30,26.1475,10.0475,1.9000001,14.20062,61.0,43.909824,819.4327,25.43,Rain: Slight
2025-06-11 21:00:00+00:00,HAKKARİ,30,26.697498,10.9475,0.5,15.937878,53.0,39.70612,821.375,29.21,Drizzle: Moderate
2025-06-12 21:00:00+00:00,HAKKARİ,30,27.8475,12.4975,0.0,15.784676,2.0,32.62361,822.41864,27.36,Partly cloudy
2025-06-13 21:00:00+00:00,HAKKARİ,30,27.697498,12.8475,0.0,18.183563,0.0,27.090553,819.3447,32.04,Clear sky
2025-06-14 21:00:00+00:00,HAKKARİ,30,27.6475,13.2475,0.0,20.518421,0.0,27.913855,817.34424,31.8,Clear sky
2025-06-15 21:00:00+00:00,HAKKARİ,30,25.3975,13.2975,0.0,19.401628,0.0,25.110216,813.89746,32.19,Clear sky
2025-06-16 21:00:00+00:00,HAKKARİ,30,23.5475,9.5975,0.0,18.435726,0.0,21.319029,814.428,32.61,Clear sky
2025-06-17 21:00:00+00:00,HAKKARİ,30,25.497501,8.1975,0.0,15.22783,1.0,24.605064,817.1784,31.66,Mainly clear
2025-06-18 21:00:00+00:00,HAKKARİ,30,27.3975,9.7975,0.0,12.096214,1.0,30.092667,818.4648,30.98,Mainly clear
2025-06-19 21:00:00+00:00,HAKKARİ,30,27.6475,11.9475,0.0,13.433838,1.0,28.6551,817.7941,30.58,Mainly clear
2025-06-20 21:00:00+00:00,HAKKARİ,30,28.3975,12.7475,0.0,14.81259,0.0,20.141241,816.79517,32.21,Clear sky
2025-06-21 21:00:00+00:00,HAKKARİ,30,27.747501,12.5475,0.0,15.931779,0.0,17.425606,816.905,32.37,Clear sky
2025-06-22 21:00:00+00:00,HAKKARİ,30,27.7975,13.0475,0.0,16.87974,2.0,19.484465,815.8501,31.56,Partly cloudy
2025-06-23 21:00:00+00:00,HAKKARİ,30,28.8475,11.0975,0.0,15.30741,2.0,29.113724,816.03516,31.1,Partly cloudy
2025-06-24 21:00:00+00:00,HAKKARİ,30,30.447498,12.4475,0.0,10.028439,2.0,30.815294,817.64935,30.07,Partly cloudy
2025-06-25 21:00:00+00:00,HAKKARİ,30,30.497501,13.0975,0.0,10.897063,0.0,25.77358,818.0656,31.96,Clear sky
2025-06-26 21:00:00+00:00,HAKKARİ,30,31.247501,14.1475,0.0,9.19939,3.0,23.826391,817.48444,28.12,Overcast
2025-06-27 21:00:00+00:00,HAKKARİ,30,29.697498,15.1975,0.0,13.690654,3.0,27.944962,815.9993,27.18,Overcast
2025-06-28 21:00:00+00:00,HAKKARİ,30,29.5975,16.8475,0.0,23.980564,1.0,22.757109,812.67773,31.64,Mainly clear
2025-06-29 21:00:00+00:00,HAKKARİ,30,25.447498,15.4975,0.0,22.689283,3.0,26.853643,811.4661,20.44,Overcast
2025-06-30 21:00:00+00:00,HAKKARİ,30,28.5975,11.0475,0.0,14.98331,0.0,31.207636,813.2063,31.63,Clear sky
2025-07-01 21:00:00+00:00,HAKKARİ,30,28.2975,13.4975,0.0,14.730336,0.0,28.363182,814.49835,31.33,Clear sky
2025-07-02 21:00:00+00:00,HAKKARİ,30,27.3975,14.2475,0.0,16.994516,0.0,24.730318,814.061,31.59,Clear sky
2025-07-03 21:00:00+00:00,HAKKARİ,30,26.697498,12.4975,0.0,15.702356,0.0,21.032476,814.1262,32.31,Clear sky
2025-07-04 21:00:00+00:00,HAKKARİ,30,24.197498,10.6975,0.0,14.51876,0.0,21.779516,814.352,31.98,Clear sky
2025-07-05 21:00:00+00:00,HAKKARİ,30,24.5475,11.0975,0.0,15.94804,2.0,43.778187,815.84717,26.14,Partly cloudy
2025-07-06 21:00:00+00:00,HAKKARİ,30,26.447498,10.9975,0.0,18.1041,0.0,47.6488,816.11383,30.45,Clear sky
2025-07-07 21:00:00+00:00,HAKKARİ,30,27.747501,10.9975,0.0,12.932471,0.0,45.45865,815.7795,30.45,Clear sky
2025-07-08 21:00:00+00:00,HAKKARİ,30,29.197498,12.6975,0.0,13.324863,3.0,42.683964,815.8143,24.56,Overcast
2025-07-09 21:00:00+00:00,HAKKARİ,30,29.2975,14.1975,0.0,13.276144,3.0,40.18281,816.60254,23.9,Overcast
2025-07-10 21:00:00+00:00,HAKKARİ,30,31.6475,15.0975,0.0,11.633348,3.0,33.110405,818.7005,25.61,Overcast
2025-07-11 21:00:00+00:00,HAKKARİ,30,30.747501,16.6475,0.0,10.081606,3.0,30.346605,821.1985,20.87,Overcast
2025-07-12 21:00:00+00:00,HAKKARİ,30,31.247501,17.247501,0.3,9.984729,51.0,31.646927,822.29474,21.72,Drizzle: Light
2025-07-13 21:00:00+00:00,HAKKARİ,30,29.8975,17.747501,0.0,12.367716,3.0,32.083958,820.4985,22.19,Overcast
2025-07-14 21:00:00+00:00,HAKKARİ,30,31.2975,16.6475,0.0,13.104198,3.0,28.96762,818.0291,25.66,Overcast
2025-07-15 21:00:00+00:00,HAKKARİ,30,29.7975,14.7475,0.0,19.300331,2.0,34.484238,818.02155,30.91,Partly cloudy
2025-07-16 21:00:00+00:00,HAKKARİ,30,29.747501,13.6475,0.0,14.480773,0.0,24.85578,818.68805,29.49,Clear sky
2025-07-17 21:00:00+00:00,HAKKARİ,30,31.497501,14.6975,0.0,7.9567327,3.0,25.833982,819.6658,26.36,Overcast
2025-07-18 21:00:00+00:00,HAKKARİ,30,31.697498,16.1975,0.0,12.599998,3.0,25.869095,818.6772,28.11,Overcast
2025-07-19 21:00:00+00:00,HAKKARİ,30,31.3475,17.5975,0.0,15.077082,1.0,28.703012,817.08,27.91,Mainly clear
2025-07-20 21:00:00+00:00,HAKKARİ,30,31.247501,15.7975,0.0,16.80857,0.0,25.565947,817.3332,30.33,Clear sky
2025-07-21 21:00:00+00:00,HAKKARİ,30,32.9475,14.5975,0.0,15.484185,0.0,16.968733,818.0876,31.1,Clear sky
2025-07-22 21:00:00+00:00,HAKKARİ,30,34.247498,17.1975,0.0,18.455925,1.0,20.200731,817.4775,28.77,Mainly clear
2025-07-23 21:00:00+00:00,HAKKARİ,30,34.9475,18.6475,0.0,10.548061,3.0,22.126276,816.80475,26.42,Overcast
2025-07-24 21:00:00+00:00,HAKKARİ,30,34.1475,19.6475,0.0,13.605189,3.0,22.606825,817.3,20.09,Overcast
2025-07-25 21:00:00+00:00,HAKKARİ,30,32.7475,18.5475,0.0,12.703715,3.0,25.624228,819.06586,18.6,Overcast
2025-07-26 21:00:00+00:00,HAKKARİ,30,32.0975,17.997501,0.0,13.910169,3.0,25.243582,819.1087,16.78,Overcast
2025-07-27 21:00:00+00:00,HAKKARİ,30,31.5475,18.497501,0.0,12.661564,3.0,21.71298,818.0837,18.45,Overcast
2025-07-28 21:00:00+00:00,HAKKARİ,30,32.7475,18.5975,0.0,15.676544,3.0,22.567533,818.6805,18.92,Overcast
2025-07-29 21:00:00+00:00,HAKKARİ,30,32.1475,19.3975,0.0,9.914717,3.0,20.292192,820.19965,19.39,Overcast
2025-07-30 21:00:00+00:00,HAKKARİ,30,32.7975,18.7975,0.1,12.13499,51.0,25.083473,819.26276,22.0,Drizzle: Light
2025-07-31 21:00:00+00:00,HAKKARİ,30,34.5975,19.5975,0.0,14.4415655,3.0,24.64383,818.114,24.76,Overcast
2025-08-01 21:00:00+00:00,HAKKARİ,30,31.6475,18.8475,0.0,17.072504,1.0,28.161459,819.39575,28.38,Mainly clear
2025-08-02 21:00:00+00:00,HAKKARİ,30,32.0975,17.7975,0.0,17.00881,0.0,28.132383,820.31915,28.87,Clear sky
2025-08-03 21:00:00+00:00,HAKKARİ,30,33.997498,17.8975,0.0,14.64209,1.0,25.755732,821.1909,28.42,Mainly clear
2025-08-04 21:00:00+00:00,HAKKARİ,30,34.997498,19.247501,0.0,18.440998,3.0,20.740953,821.59326,26.76,Overcast
2025-08-05 21:00:00+00:00,HAKKARİ,30,33.8475,20.8975,0.2,9.144637,51.0,19.072565,821.79156,20.65,Drizzle: Light
2025-08-06 21:00:00+00:00,HAKKARİ,30,33.3475,20.697498,0.0,16.431347,3.0,20.936174,821.0291,26.38,Overcast
2025-08-07 21:00:00+00:00,HAKKARİ,30,32.7975,16.247501,0.0,15.6806755,0.0,16.750587,820.2485,29.56,Clear sky
2025-08-08 21:00:00+00:00,HAKKARİ,30,32.8475,16.497501,0.0,15.618566,3.0,21.336119,822.34393,26.44,Overcast
2025-08-09 21:00:00+00:00,HAKKARİ,30,31.6475,17.1475,0.0,9.6480665,1.0,25.541815,821.63226,26.4,Mainly clear
2025-08-10 21:00:00+00:00,HAKKARİ,30,31.747501,16.997501,0.0,10.934166,2.0,29.23163,821.0728,25.82,Partly cloudy
2025-08-11 21:00:00+00:00,HAKKARİ,30,30.8475,17.697498,0.0,14.539945,0.0,19.774004,821.1254,28.23,Clear sky
2025-08-12 21:00:00+00:00,HAKKARİ,30,31.6475,15.5975,0.0,16.813387,2.0,20.62786,821.23706,28.04,Partly cloudy
2025-08-13 21:00:00+00:00,HAKKARİ,30,32.4475,15.4475,0.0,15.659999,3.0,30.582815,821.21484,26.69,Overcast
2025-08-14 21:00:00+00:00,HAKKARİ,30,32.5475,15.7475,0.0,12.921192,0.0,26.624321,818.39105,27.95,Clear sky
2025-08-15 21:00:00+00:00,HAKKARİ,30,30.747501,16.1975,0.0,17.728857,0.0,22.729013,816.0,27.82,Clear sky
2025-08-16 21:00:00+00:00,HAKKARİ,30,30.8475,14.6475,0.0,14.113653,0.0,13.324249,817.7759,28.3,Clear sky
2025-08-17 21:00:00+00:00,HAKKARİ,30,32.3975,13.9475,0.0,13.022349,0.0,14.846935,818.9263,28.49,Clear sky
2025-08-18 21:00:00+00:00,HAKKARİ,30,33.8975,14.6975,0.0,15.210799,1.0,13.163451,817.9854,28.56,Mainly clear
2025-08-19 21:00:00+00:00,HAKKARİ,30,31.8975,17.497501,0.0,17.311846,0.0,20.011768,816.3156,27.26,Clear sky
2025-08-20 21:00:00+00:00,HAKKARİ,30,31.2975,15.0475,0.0,12.172312,0.0,23.20072,816.643,27.67,Clear sky
2025-08-21 21:00:00+00:00,HAKKARİ,30,30.3975,15.9475,0.0,12.351987,0.0,25.607088,818.5518,27.06,Clear sky
2025-08-22 21:00:00+00:00,HAKKARİ,30,32.1975,15.3975,0.0,11.13384,0.0,26.588776,817.85834,27.0,Clear sky
2025-08-23 21:00:00+00:00,HAKKARİ,30,32.2975,16.0475,0.0,13.1412325,0.0,21.04012,818.05804,26.88,Clear sky
2025-08-24 21:00:00+00:00,HAKKARİ,30,32.5975,16.997501,0.0,14.87153,0.0,18.77101,818.33746,26.88,Clear sky
2025-08-25 21:00:00+00:00,HAKKARİ,30,31.947498,15.5475,0.0,16.5776,0.0,17.621687,818.4861,26.89,Clear sky
2025-08-26 21:00:00+00:00,HAKKARİ,30,32.9975,16.1975,0.0,16.813387,0.0,17.003756,819.0808,26.53,Clear sky
2025-08-27 21:00:00+00:00,HAKKARİ,30,33.0975,16.1975,0.0,15.833861,0.0,18.637941,820.3339,26.22,Clear sky
2025-08-28 21:00:00+00:00,HAKKARİ,30,32.8475,16.9475,0.0,19.67195,1.0,19.913021,821.63403,25.74,Mainly clear
2025-08-29 21:00:00+00:00,HAKKARİ,30,32.1975,16.8475,0.0,15.509274,2.0,23.088964,822.238,24.51,Partly cloudy
2025-08-30 21:00:00+00:00,HAKKARİ,30,31.497501,17.0975,0.0,16.740969,3.0,22.79947,820.9864,22.1,Overcast
2025-08-31 21:00:00+00:00,HAKKARİ,30,32.9475,16.6975,0.0,9.939196,3.0,21.007277,818.345,21.3,Overcast
2025-09-01 21:00:00+00:00,HAKKARİ,30,30.247501,16.6975,0.0,13.576582,3.0,24.431131,816.7527,17.3,Overcast
2025-09-02 21:00:00+00:00,HAKKARİ,30,30.697498,16.4475,0.0,16.011908,2.0,18.6329,815.97736,24.24,Partly cloudy
2025-09-03 21:00:00+00:00,HAKKARİ,30,26.0475,14.0975,0.0,14.935662,1.0,38.68703,817.4216,22.63,Mainly clear
2025-09-04 21:00:00+00:00,HAKKARİ,30,26.5975,13.0975,0.0,13.210087,1.0,38.68029,820.32965,23.55,Mainly clear
2025-09-05 21:00:00+00:00,HAKKARİ,30,27.0975,13.1975,0.0,13.447095,0.0,32.582294,820.8611,24.81,Clear sky
2025-09-06 21:00:00+00:00,HAKKARİ,30,27.8975,11.5975,0.0,14.904173,0.0,26.027258,819.382,25.19,Clear sky
2025-09-07 21:00:00+00:00,HAKKARİ,30,27.6475,11.4475,0.0,16.348322,0.0,27.414438,818.5578,24.4,Clear sky
2025-09-08 21:00:00+00:00,HAKKARİ,30,26.1475,12.1475,0.0,15.7908325,0.0,29.727554,818.6385,24.49,Clear sky
2025-09-09 21:00:00+00:00,HAKKARİ,30,25.2975,9.8475,0.0,13.523978,0.0,22.92839,818.6289,24.76,Clear sky
2025-09-10 21:00:00+00:00,HAKKARİ,30,23.497501,10.1975,0.0,18.108572,1.0,28.530983,816.7011,22.92,Mainly clear
2025-09-11 21:00:00+00:00,HAKKARİ,30,23.8475,8.9475,0.0,12.585848,0.0,31.37121,817.88824,24.03,Clear sky
2025-09-12 21:00:00+00:00,HAKKARİ,30,25.5975,8.8975,0.0,11.966954,0.0,28.335066,819.5203,23.8,Clear sky
2025-09-13 21:00:00+00:00,HAKKARİ,30,25.197498,10.5975,0.0,12.049249,1.0,27.701118,820.0117,21.82,Mainly clear
2025-09-14 21:00:00+00:00,HAKKARİ,30,26.0975,10.3475,0.0,11.953409,0.0,33.53164,821.07245,23.51,Clear sky
2025-09-15 21:00:00+00:00,HAKKARİ,30,25.0975,10.4475,0.0,13.719023,0.0,26.93437,819.4734,23.41,Clear sky
2025-09-16 21:00:00+00:00,HAKKARİ,30,25.697498,10.8475,0.0,12.156331,0.0,27.921648,819.3486,23.14,Clear sky
2025-09-17 21:00:00+00:00,HAKKARİ,30,26.747501,10.3475,0.0,19.983242,3.0,26.901505,818.0576,20.42,Overcast
2025-09-18 21:00:00+00:00,HAKKARİ,30,21.997501,8.547501,0.0,22.571884,1.0,38.638294,813.2771,20.25,Mainly clear
2025-09-19 21:00:00+00:00,HAKKARİ,30,22.1475,5.0475,0.0,9.636307,1.0,38.64211,815.23486,22.47,Mainly clear
2025-09-20 21:00:00+00:00,HAKKARİ,30,20.2975,6.4475,0.0,17.396793,3.0,43.202774,815.7941,19.32,Overcast
2025-09-21 21:00:00+00:00,HAKKARİ,30,17.8475,5.5475,0.0,14.297258,1.0,49.129276,819.6721,21.96,Mainly clear
2025-09-22 21:00:00+00:00,HAKKARİ,30,20.247501,3.9475,0.0,10.944532,0.0,39.18324,820.7872,21.97,Clear sky
2025-09-23 21:00:00+00:00,HAKKARİ,30,23.447498,4.0475,0.0,11.435313,0.0,35.28726,818.75146,22.36,Clear sky
2025-09-24 21:00:00+00:00,HAKKARİ,30,23.0975,6.5475,0.0,11.500296,3.0,20.602547,816.2834,22.08,Overcast
2025-09-25 21:00:00+00:00,HAKKARİ,30,22.247501,7.9975,0.0,12.007498,2.0,25.87474,816.5857,19.37,Partly cloudy
2025-09-26 21:00:00+00:00,HAKKARİ,30,22.947498,9.1475,0.0,18.999168,1.0,25.609526,818.7579,18.82,Mainly clear
2025-09-27 21:00:00+00:00,HAKKARİ,30,21.6475,7.7975,0.0,14.892213,3.0,27.479002,821.299,21.14,Overcast
2025-09-28 21:00:00+00:00,HAKKARİ,30,23.447498,6.6975,0.0,12.678185,0.0,32.607418,821.0184,21.09,Clear sky
2025-09-29 21:00:00+00:00,HAKKARİ,30,22.3975,7.5975,0.0,15.472672,0.0,33.476192,817.3101,20.68,Clear sky
2025-09-30 21:00:00+00:00,HAKKARİ,30,21.2975,8.247499,0.0,12.236029,1.0,39.87193,815.8045,18.64,Mainly clear
2025-10-01 21:00:00+00:00,HAKKARİ,30,21.747501,6.8475,0.0,8.338489,0.0,44.226986,816.55927,20.07,Clear sky
2025-10-02 21:00:00+00:00,HAKKARİ,30,22.0975,6.2975,0.0,12.456468,0.0,43.367092,819.9338,20.33,Clear sky
2025-10-03 21:00:00+00:00,HAKKARİ,30,24.8975,6.5475,0.0,9.473541,0.0,29.61728,822.9091,20.42,Clear sky
2025-10-04 21:00:00+00:00,HAKKARİ,30,25.6475,7.7975,0.0,9.668195,0.0,20.75788,821.5879,20.34,Clear sky
2025-10-05 21:00:00+00:00,HAKKARİ,30,25.247501,8.8475,0.0,12.538134,0.0,19.901499,819.76166,20.06,Clear sky
2025-10-06 21:00:00+00:00,HAKKARİ,30,24.3475,8.6975,0.0,13.619471,1.0,31.237137,820.3089,19.08,Mainly clear
2025-10-07 21:00:00+00:00,HAKKARİ,30,22.6475,9.0975,0.0,16.34832,0.0,35.960743,820.4316,19.0,Clear sky
2025-10-08 21:00:00+00:00,HAKKARİ,30,21.0975,8.5975,0.0,17.534992,3.0,40.762455,820.03973,18.63,Overcast
2025-10-09 21:00:00+00:00,HAKKARİ,30,17.0975,6.7975,0.0,16.144905,2.0,44.7563,819.05005,18.82,Partly cloudy
2025-10-10 21:00:00+00:00,HAKKARİ,30,17.0975,3.5975,0.0,12.669238,0.0,40.99098,816.97894,18.79,Clear sky
2025-10-11 21:00:00+00:00,HAKKARİ,30,18.1475,3.0475001,2.3,13.504799,61.0,48.8363,816.6834,17.91,Rain: Slight
2025-10-12 21:00:00+00:00,HAKKARİ,30,14.3975,4.7975,3.1999998,17.84816,71.0,63.767242,815.4161,14.85,Snow fall: Slight
2025-10-13 21:00:00+00:00,HAKKARİ,30,17.497501,2.8475,0.0,12.483748,0.0,41.553684,818.91504,18.53,Clear sky
2025-10-14 21:00:00+00:00,HAKKARİ,30,18.0975,3.5975,0.0,12.3165245,0.0,36.17625,818.4782,18.17,Clear sky
2025-10-15 21:00:00+00:00,HAKKARİ,30,17.5475,3.5975,0.0,11.995349,0.0,45.982998,819.16315,17.81,Clear sky
2025-10-16 21:00:00+00:00,HAKKARİ,30,17.8975,3.4975,0.0,11.545284,0.0,38.67072,821.5198,17.77,Clear sky
2025-10-17 21:00:00+00:00,HAKKARİ,30,18.1475,3.9975,0.0,11.609651,3.0,30.337587,821.00885,17.32,Overcast
2025-10-18 21:00:00+00:00,HAKKARİ,30,17.2975,3.7975001,0.0,13.237039,3.0,32.45436,818.0131,17.22,Overcast
2025-10-19 21:00:00+00:00,HAKKARİ,30,16.6475,3.5975,0.0,14.913952,3.0,42.004547,815.79126,15.02,Overcast
2025-10-20 21:00:00+00:00,HAKKARİ,30,10.7475,5.8475,9.4,9.016185,61.0,80.79088,817.4152,3.46,Rain: Slight
2025-10-21 21:00:00+00:00,HAKKARİ,30,13.4475,5.4475,9.000002,11.091564,61.0,83.39551,820.95874,10.26,Rain: Slight
2025-10-22 21:00:00+00:00,HAKKARİ,30,15.7975,4.7475,0.1,12.348051,51.0,68.0293,820.8296,13.01,Drizzle: Light
2025-10-23 21:00:00+00:00,HAKKARİ,30,17.0475,3.8975,1.7,12.431733,53.0,58.79909,819.8558,12.35,Drizzle: Moderate
2025-10-24 21:00:00+00:00,HAKKARİ,30,17.247501,4.9975,0.0,14.386494,3.0,56.24225,818.2194,13.65,Overcast
2025-10-25 21:00:00+00:00,HAKKARİ,30,16.0975,4.5975,0.0,15.575981,3.0,55.80472,816.4101,14.51,Overcast
2025-10-26 21:00:00+00:00,HAKKARİ,30,16.6975,4.7475,0.0,11.638917,3.0,66.88763,819.2446,13.39,Overcast
2025-10-27 21:00:00+00:00,HAKKARİ,30,18.2975,3.9475,0.0,11.19189,0.0,55.954823,819.2976,15.82,Clear sky
2025-10-28 21:00:00+00:00,HAKKARİ,30,16.8975,3.9475,0.0,16.237955,3.0,53.966587,817.8247,14.54,Overcast
2025-10-29 21:00:00+00:00,HAKKARİ,30,16.1475,1.7475001,0.0,9.796366,0.0,54.447277,817.8736,15.69,Clear sky
2025-10-30 21:00:00+00:00,HAKKARİ,30,17.947498,1.5975001,0.0,8.669949,0.0,33.767227,820.3566,15.77,Clear sky
2025-10-31 21:00:00+00:00,HAKKARİ,30,17.447498,2.9975,0.0,10.285232,0.0,28.032236,819.0197,15.61,Clear sky
2025-11-01 21:00:00+00:00,HAKKARİ,30,16.8475,1.9975001,0.0,12.033103,0.0,29.529152,819.2884,15.32,Clear sky
2025-11-02 21:00:00+00:00,HAKKARİ,30,17.6475,0.99750006,0.0,7.0934615,3.0,31.809923,821.3626,15.21,Overcast
2025-11-03 21:00:00+00:00,HAKKARİ,30,18.247501,3.1475,0.0,8.461915,3.0,26.168528,820.58514,15.1,Overcast
2025-11-04 21:00:00+00:00,HAKKARİ,30,16.2975,4.0975,0.0,10.730778,1.0,34.778603,820.2659,14.57,Mainly clear
2025-11-05 21:00:00+00:00,HAKKARİ,30,17.2975,2.5475001,0.0,10.717182,2.0,35.645687,819.92114,14.54,Partly cloudy
2025-11-06 21:00:00+00:00,HAKKARİ,30,17.497501,2.2975001,0.0,9.109138,2.0,45.478115,821.3459,12.51,Partly cloudy
2025-11-07 21:00:00+00:00,HAKKARİ,30,17.1975,2.8975,0.0,7.289445,2.0,46.60846,823.43384,12.53,Partly cloudy
2025-11-08 21:00:00+00:00,HAKKARİ,30,17.1975,2.3475,0.0,6.8989563,0.0,40.80273,823.1773,13.85,Clear sky
2025-11-09 21:00:00+00:00,HAKKARİ,30,16.747501,1.4475,0.0,5.4833565,1.0,31.695055,821.5266,14.09,Mainly clear
2025-11-10 21:00:00+00:00,HAKKARİ,30,15.8975,2.3975,0.0,7.0107627,3.0,27.782747,819.8139,13.68,Overcast
2025-11-11 21:00:00+00:00,HAKKARİ,30,14.4975,2.8975,0.0,11.566313,3.0,34.695686,820.0518,12.84,Overcast
2025-11-12 21:00:00+00:00,HAKKARİ,30,13.8475,2.1475,0.0,9.511088,3.0,43.617535,820.8284,11.9,Overcast
2025-11-13 21:00:00+00:00,HAKKARİ,30,12.2975,1.0475,0.0,11.212135,3.0,44.334034,817.8587,13.33,Overcast
2025-11-14 21:00:00+00:00,HAKKARİ,30,5.1975,2.0475001,26.699999,7.2805495,75.0,91.57339,814.33154,5.41,Snow fall: Heavy
2025-11-15 21:00:00+00:00,HAKKARİ,30,3.2475,0.3475001,35.999996,4.412754,75.0,91.28168,815.6839,4.47,Snow fall: Heavy
2025-11-16 21:00:00+00:00,HAKKARİ,30,4.6975,-9.9525,5.7000003,7.3997297,75.0,76.972534,817.74506,13.45,Snow fall: Heavy
2025-11-17 21:00:00+00:00,HAKKARİ,30,6.6475,-7.5525,0.0,5.5596404,0.0,52.315125,818.38104,14.02,Clear sky
2025-11-18 21:00:00+00:00,HAKKARİ,30,6.8975,-6.1525,0.0,6.2067385,0.0,37.559612,817.17896,13.99,Clear sky
2025-11-19 21:00:00+00:00,HAKKARİ,30,7.8475,-5.8525,0.0,5.896202,0.0,33.118645,818.9156,13.91,Clear sky
2025-11-20 21:00:00+00:00,HAKKARİ,30,10.5975,-2.3525,0.0,5.369916,0.0,27.097475,821.5268,13.43,Clear sky
2025-11-21 21:00:00+00:00,HAKKARİ,30,11.4975,0.39750004,0.0,5.495161,1.0,30.577974,822.5584,13.33,Mainly clear
2025-11-22 21:00:00+00:00,HAKKARİ,30,11.4475,0.24750006,0.0,5.9617786,0.0,29.968298,820.6766,13.26,Clear sky
2025-11-23 21:00:00+00:00,HAKKARİ,30,10.6475,-1.8025,0.0,5.12289,0.0,29.668139,817.35443,13.15,Clear sky
2025-11-24 21:00:00+00:00,HAKKARİ,30,7.9475,-3.0025,0.0,4.278551,3.0,37.3186,816.34546,11.56,Overcast
2025-11-25 21:00:00+00:00,HAKKARİ,30,5.6975,-4.1025,0.0,4.2366967,3.0,52.643963,815.50665,6.9,Overcast
2025-11-26 21:00:00+00:00,HAKKARİ,30,6.9975,-5.3525,0.0,5.994297,0.0,64.31046,815.9799,12.16,Clear sky
2025-11-27 21:00:00+00:00,HAKKARİ,30,8.4475,-4.1525,0.0,5.2478566,3.0,52.223835,817.28973,12.17,Overcast
2025-11-28 21:00:00+00:00,HAKKARİ,30,8.9475,-2.5025,0.0,4.2021427,3.0,42.630447,816.06665,11.62,Overcast
2025-11-29 21:00:00+00:00,HAKKARİ,30,10.7975,-2.9524999,0.0,4.978554,2.0,42.775482,815.2427,11.51,Partly cloudy
2025-11-30 21:00:00+00:00,HAKKARİ,30,5.6475,-1.4524999,2.0,6.763786,73.0,82.42994,814.27264,6.13,Snow fall: Moderate
2025-12-01 21:00:00+00:00,HAKKARİ,30,6.9975,-6.5525,0.0,6.3639607,3.0,72.33375,813.97125,10.94,Overcast
2025-12-02 21:00:00+00:00,HAKKARİ,30,6.3975,-6.0525,0.0,8.29173,1.0,48.369144,815.6579,11.6,Mainly clear
2025-12-03 21:00:00+00:00,HAKKARİ,30,7.3475,-4.7525,0.0,7.0107627,3.0,38.385994,816.61456,11.4,Overcast
2025-12-04 21:00:00+00:00,HAKKARİ,30,7.9975,-1.4524999,0.0,4.2175345,3.0,35.195766,816.88226,10.31,Overcast
2025-12-05 21:00:00+00:00,HAKKARİ,30,8.8475,-1.7525,0.0,6.384293,3.0,50.264927,818.00555,9.66,Overcast
2025-12-06 21:00:00+00:00,HAKKARİ,30,2.9475,1.8975,65.2,4.68,75.0,93.80273,816.46924,1.8,Snow fall: Heavy
2025-12-07 21:00:00+00:00,HAKKARİ,30,4.0475,1.7475001,21.100004,3.644722,75.0,93.1221,815.2026,5.88,Snow fall: Heavy
2025-12-08 21:00:00+00:00,HAKKARİ,30,3.8475,-1.6025,2.5,5.1575575,73.0,86.92391,812.48944,5.49,Snow fall: Moderate
2025-12-09 21:00:00+00:00,HAKKARİ,30,3.5975,-6.9525003,0.1,7.3447943,71.0,80.762764,810.1268,10.52,Snow fall: Slight
2025-12-10 21:00:00+00:00,HAKKARİ,30,2.6475,-6.5025,0.0,6.9550843,3.0,78.71927,811.37946,9.31,Overcast
2025-12-11 21:00:00+00:00,HAKKARİ,30,2.2975001,-6.4025,3.6000001,4.7827187,73.0,83.71135,811.69073,5.28,Snow fall: Moderate
2025-12-12 21:00:00+00:00,HAKKARİ,30,2.6475,-11.9025,5.5999994,4.802999,75.0,91.1522,809.69037,9.26,Snow fall: Heavy
2025-12-13 21:00:00+00:00,HAKKARİ,30,2.8975,-12.7525,0.0,4.6452556,2.0,69.48766,809.51245,11.68,Partly cloudy
2025-12-14 21:00:00+00:00,HAKKARİ,30,0.94750005,-14.1025,0.0,4.7657523,3.0,70.47875,808.70807,11.3,Overcast
2025-12-15 21:00:00+00:00,HAKKARİ,30,-0.75250006,-12.9025,0.9,6.9153743,71.0,79.75411,808.8687,6.78,Snow fall: Slight
2025-12-16 21:00:00+00:00,HAKKARİ,30,0.44750005,-9.4025,0.0,14.156058,3.0,75.291985,814.0236,10.81,Overcast
2025-12-17 21:00:00+00:00,HAKKARİ,30,0.2975,-12.9525,0.0,10.1456785,2.0,64.32553,816.78204,11.46,Partly cloudy
2025-12-18 21:00:00+00:00,HAKKARİ,30,2.8475,-10.5525,0.0,7.24486,2.0,52.405315,813.7691,11.54,Partly cloudy
2025-12-19 21:00:00+00:00,HAKKARİ,30,3.3475,-9.3525,0.0,6.391901,3.0,53.48943,812.5945,11.4,Overcast
2025-12-20 21:00:00+00:00,HAKKARİ,30,4.1975,-9.4025,0.0,4.5,3.0,40.002327,813.861,11.33,Overcast
2025-12-21 21:00:00+00:00,HAKKARİ,30,2.8475,-8.5525,0.1,3.3481934,71.0,58.525574,814.8003,10.06,Snow fall: Slight
2025-12-22 21:00:00+00:00,HAKKARİ,30,2.2475,-10.0525,0.0,5.441838,3.0,62.065887,813.2117,10.98,Overcast
2025-12-23 21:00:00+00:00,HAKKARİ,30,2.9975,-13.0525,0.0,6.037383,3.0,66.24188,811.97656,11.05,Overcast
2025-12-24 21:00:00+00:00,HAKKARİ,30,2.9475,-10.7025,0.0,4.471107,3.0,58.775684,811.74585,10.37,Overcast
2025-12-25 21:00:00+00:00,HAKKARİ,30,1.1475,-10.8025,0.3,6.384293,71.0,66.47443,808.97894,9.87,Snow fall: Slight
2025-12-26 21:00:00+00:00,HAKKARİ,30,-1.2525,-3.1025,27.000002,8.893166,75.0,96.078674,805.0218,2.82,Snow fall: Heavy
2025-12-27 21:00:00+00:00,HAKKARİ,30,-1.4524999,-11.4525,20.300001,7.42159,75.0,93.838936,797.6429,5.46,Snow fall: Heavy
2025-12-28 21:00:00+00:00,HAKKARİ,30,-9.4525,-18.002499,18.0,9.3962755,75.0,81.09142,798.8497,3.93,Snow fall: Heavy
2025-12-29 21:00:00+00:00,HAKKARİ,30,-8.0025,-21.6525,0.1,3.9844694,71.0,60.197803,803.0864,12.25,Snow fall: Slight
2025-12-30 21:00:00+00:00,HAKKARİ,30,-4.8025,-18.252499,23.900002,1.9134263,75.0,67.62897,807.8582,6.25,Snow fall: Heavy
2025-12-31 21:00:00+00:00,HAKKARİ,30,-3.7024999,-6.0025,54.1,3.3043609,75.0,88.90229,807.25323,3.06,Snow fall: Heavy
