date,city,plate_code,max_temp,min_temp,precipitation,wind_speed,weather_code,humidity,pressure,radiation,weather_desc
2002-12-31 21:00:00+00:00,MUĞLA,48,11.5295,7.2795,39.6,23.157824,63.0,95.89982,934.9218,5.97,Rain: Moderate
2003-01-01 21:00:00+00:00,MUĞLA,48,11.8295,4.7795,0.0,7.928177,3.0,86.5353,933.74316,7.17,Overcast
2003-01-02 21:00:00+00:00,MUĞLA,48,10.929501,2.6295,5.6000004,12.144331,61.0,90.610664,936.4012,6.52,Rain: Slight
2003-01-03 21:00:00+00:00,MUĞLA,48,14.0795,8.7795,9.000001,10.086427,61.0,93.83025,934.22064,7.13,Rain: Slight
2003-01-04 21:00:00+00:00,MUĞLA,48,13.7295,8.0795,5.3,13.276144,53.0,96.610016,933.08514,6.84,Drizzle: Moderate
2003-01-05 21:00:00+00:00,MUĞLA,48,12.2795,7.7795,1.0000001,14.255272,51.0,89.70669,936.8738,7.67,Drizzle: Light
2003-01-06 21:00:00+00:00,MUĞLA,48,13.429501,6.5795,0.0,17.654688,3.0,86.04373,940.8674,9.95,Overcast
2003-01-07 21:00:00+00:00,MUĞLA,48,12.5295,7.6295004,3.6,17.377226,53.0,90.65473,939.60345,6.08,Drizzle: Moderate
2003-01-08 21:00:00+00:00,MUĞLA,48,11.429501,5.5795,0.3,8.39657,51.0,89.09955,941.9814,5.6,Drizzle: Light
2003-01-09 21:00:00+00:00,MUĞLA,48,12.8295,5.7295003,0.0,19.694992,3.0,88.97144,943.0754,8.33,Overcast
2003-01-10 21:00:00+00:00,MUĞLA,48,15.179501,7.0795,0.0,20.393293,3.0,70.4851,939.3692,7.66,Overcast
2003-01-11 21:00:00+00:00,MUĞLA,48,14.1295,9.7295,4.0,23.688984,55.0,74.00223,935.7115,6.94,Drizzle: Dense
2003-01-12 21:00:00+00:00,MUĞLA,48,12.3795,5.1295,0.0,9.904906,3.0,81.38055,940.4039,9.97,Overcast
2003-01-13 21:00:00+00:00,MUĞLA,48,8.3795,1.9795,0.0,16.418526,0.0,77.293106,942.18207,11.06,Clear sky
2003-01-14 21:00:00+00:00,MUĞLA,48,8.5295,0.32950008,0.0,13.75558,0.0,66.04254,945.1409,11.86,Clear sky
2003-01-15 21:00:00+00:00,MUĞLA,48,14.2795,1.4295001,0.0,10.495713,0.0,62.66159,945.46436,11.62,Clear sky
2003-01-16 21:00:00+00:00,MUĞLA,48,12.7795,1.6795001,0.0,9.565437,3.0,72.83546,944.24097,10.51,Overcast
2003-01-17 21:00:00+00:00,MUĞLA,48,13.429501,1.5295001,0.0,8.707237,3.0,74.06701,943.95087,11.55,Overcast
2003-01-18 21:00:00+00:00,MUĞLA,48,8.2795,6.1295004,37.1,16.75064,63.0,94.339935,938.92633,1.63,Rain: Moderate
2003-01-19 21:00:00+00:00,MUĞLA,48,11.7295,5.5295,5.5000005,6.6087217,61.0,88.67618,933.0964,8.67,Rain: Slight
2003-01-20 21:00:00+00:00,MUĞLA,48,9.2295,5.8295,11.599999,5.1919937,61.0,92.873955,935.5743,5.16,Rain: Slight
2003-01-21 21:00:00+00:00,MUĞLA,48,9.929501,5.3295,12.2,5.991594,61.0,91.5296,937.2558,6.09,Rain: Slight
2003-01-22 21:00:00+00:00,MUĞLA,48,8.7295,5.3295,9.800001,10.483357,61.0,97.53186,938.0352,3.25,Rain: Slight
2003-01-23 21:00:00+00:00,MUĞLA,48,10.6295,4.8295,0.6,12.313893,51.0,90.228004,939.90753,5.86,Drizzle: Light
2003-01-24 21:00:00+00:00,MUĞLA,48,12.8295,5.2295003,0.0,6.638072,3.0,81.95268,941.22943,8.61,Overcast
2003-01-25 21:00:00+00:00,MUĞLA,48,12.8795,3.3795,1.0,6.638072,53.0,78.64314,935.5485,9.33,Drizzle: Moderate
2003-01-26 21:00:00+00:00,MUĞLA,48,9.1795,4.4295,4.4,7.289445,53.0,89.502815,928.26483,5.31,Drizzle: Moderate
2003-01-27 21:00:00+00:00,MUĞLA,48,11.429501,1.8295001,0.5,6.763786,51.0,82.855286,928.42725,10.89,Drizzle: Light
2003-01-28 21:00:00+00:00,MUĞLA,48,9.1295,4.7295003,0.5,10.661107,51.0,86.437294,932.7944,8.47,Drizzle: Light
2003-01-29 21:00:00+00:00,MUĞLA,48,11.5795,5.2295003,20.100002,18.692286,61.0,95.37289,937.1057,7.52,Rain: Slight
2003-01-30 21:00:00+00:00,MUĞLA,48,10.5795,7.7795,41.0,28.910038,63.0,89.810905,934.544,7.59,Rain: Moderate
2003-01-31 21:00:00+00:00,MUĞLA,48,10.5795,5.8295,13.900002,20.240196,61.0,92.21984,933.74854,8.72,Rain: Slight
2003-02-01 21:00:00+00:00,MUĞLA,48,7.5295,4.2795,25.3,29.784426,63.0,92.858406,924.356,6.49,Rain: Moderate
2003-02-02 21:00:00+00:00,MUĞLA,48,8.3295,1.8795002,0.9000001,9.72,51.0,82.04379,929.4792,11.66,Drizzle: Light
2003-02-03 21:00:00+00:00,MUĞLA,48,8.2795,-0.87049997,0.0,10.446206,3.0,75.24513,933.57184,13.94,Overcast
2003-02-04 21:00:00+00:00,MUĞLA,48,10.0295,2.7295,16.9,30.652895,71.0,89.1132,933.3052,8.01,Snow fall: Slight
2003-02-05 21:00:00+00:00,MUĞLA,48,9.1795,5.5795,35.999996,32.407997,63.0,91.67008,931.39996,8.75,Rain: Moderate
2003-02-06 21:00:00+00:00,MUĞLA,48,7.6295004,2.8295002,29.3,22.38378,73.0,95.86724,925.53735,2.24,Snow fall: Moderate
2003-02-07 21:00:00+00:00,MUĞLA,48,6.1795,-2.3705,0.1,14.386494,71.0,69.02483,933.0039,14.19,Snow fall: Slight
2003-02-08 21:00:00+00:00,MUĞLA,48,5.1795,-1.9704999,0.3,12.144331,51.0,66.65659,937.19415,13.8,Drizzle: Light
2003-02-09 21:00:00+00:00,MUĞLA,48,5.7295003,-2.9204998,0.0,10.948973,3.0,69.96447,938.02637,15.05,Overcast
2003-02-10 21:00:00+00:00,MUĞLA,48,2.9795,-0.8205,30.0,10.195057,75.0,83.009544,938.4296,1.85,Snow fall: Heavy
2003-02-11 21:00:00+00:00,MUĞLA,48,6.5795,1.3295001,19.300001,8.854829,75.0,90.94302,932.5914,7.3,Snow fall: Heavy
2003-02-12 21:00:00+00:00,MUĞLA,48,6.8295,2.1795,4.3999996,6.830519,71.0,89.64875,930.86127,7.84,Snow fall: Slight
2003-02-13 21:00:00+00:00,MUĞLA,48,7.6795,-0.42049992,0.2,10.805998,51.0,81.915596,934.2941,12.03,Drizzle: Light
2003-02-14 21:00:00+00:00,MUĞLA,48,6.5295,-1.8705,0.0,12.904882,3.0,74.06493,937.36884,15.19,Overcast
2003-02-15 21:00:00+00:00,MUĞLA,48,9.5295,-2.5204997,0.0,8.28,3.0,59.733994,940.46313,16.06,Overcast
2003-02-16 21:00:00+00:00,MUĞLA,48,9.2795,2.3795002,4.7999997,8.699793,73.0,82.1462,939.2819,4.79,Snow fall: Moderate
2003-02-17 21:00:00+00:00,MUĞLA,48,5.1295,1.2295,32.1,12.661564,75.0,94.95637,924.7988,1.79,Snow fall: Heavy
2003-02-18 21:00:00+00:00,MUĞLA,48,5.3795,-0.42049992,0.7,12.6462,51.0,83.52845,923.7603,8.43,Drizzle: Light
2003-02-19 21:00:00+00:00,MUĞLA,48,4.7295003,-2.8704996,0.0,12.682018,3.0,65.479065,928.13104,15.27,Overcast
2003-02-20 21:00:00+00:00,MUĞLA,48,4.2795,-4.1204996,0.0,17.873554,3.0,57.541653,934.90094,15.14,Overcast
2003-02-21 21:00:00+00:00,MUĞLA,48,4.2795,-4.1705,0.0,17.782688,3.0,50.935562,940.64716,17.38,Overcast
2003-02-22 21:00:00+00:00,MUĞLA,48,2.7795,-6.3205,0.0,24.312662,2.0,46.32462,940.2459,17.86,Partly cloudy
2003-02-23 21:00:00+00:00,MUĞLA,48,1.2295,-3.7205,0.4,27.887802,73.0,56.784176,936.33984,15.64,Snow fall: Moderate
2003-02-24 21:00:00+00:00,MUĞLA,48,2.8295002,-3.3704996,0.0,22.734219,3.0,64.430176,937.1831,13.78,Overcast
2003-02-25 21:00:00+00:00,MUĞLA,48,5.6295004,-4.0204997,0.0,13.084402,1.0,59.38811,940.4929,18.36,Mainly clear
2003-02-26 21:00:00+00:00,MUĞLA,48,8.5295,-3.4204998,0.0,8.0899935,0.0,52.961426,941.84393,18.35,Clear sky
2003-02-27 21:00:00+00:00,MUĞLA,48,9.7295,-1.4204999,0.0,5.154415,0.0,67.57338,946.55597,17.63,Clear sky
2003-02-28 21:00:00+00:00,MUĞLA,48,10.679501,0.4295001,0.0,7.208994,3.0,79.26847,946.6887,13.83,Overcast
2003-03-01 21:00:00+00:00,MUĞLA,48,9.3295,3.3295002,4.5000005,8.534353,53.0,85.584785,939.4831,5.69,Drizzle: Moderate
2003-03-02 21:00:00+00:00,MUĞLA,48,13.0795,-0.0704999,0.0,9.255571,3.0,78.1634,935.585,16.65,Overcast
2003-03-03 21:00:00+00:00,MUĞLA,48,7.8795004,2.9295,37.7,18.899143,63.0,93.60196,935.115,4.71,Rain: Moderate
2003-03-04 21:00:00+00:00,MUĞLA,48,9.679501,3.9295,31.699999,15.30741,73.0,93.43973,930.9763,7.52,Snow fall: Moderate
2003-03-05 21:00:00+00:00,MUĞLA,48,11.9795,-0.5204998,0.7,7.7879906,51.0,80.63613,933.24976,15.17,Drizzle: Light
2003-03-06 21:00:00+00:00,MUĞLA,48,14.3295,-0.12049997,0.0,6.5693827,3.0,77.15949,939.3963,19.04,Overcast
2003-03-07 21:00:00+00:00,MUĞLA,48,9.7295,3.0795002,6.6999993,9.0645685,61.0,87.50683,939.75195,7.86,Rain: Slight
2003-03-08 21:00:00+00:00,MUĞLA,48,12.5295,1.8795002,0.6,12.313893,51.0,74.93394,938.618,17.23,Drizzle: Light
2003-03-09 21:00:00+00:00,MUĞLA,48,12.9795,1.1295002,0.0,7.072878,3.0,65.50811,938.57745,19.97,Overcast
2003-03-10 21:00:00+00:00,MUĞLA,48,12.1295,0.9295001,0.5,6.849467,51.0,66.338,938.13715,18.62,Drizzle: Light
2003-03-11 21:00:00+00:00,MUĞLA,48,12.6295,1.1795001,0.0,15.188415,0.0,57.722248,938.0225,20.61,Clear sky
2003-03-12 21:00:00+00:00,MUĞLA,48,16.0795,2.3795002,0.0,10.691453,3.0,66.47881,936.46466,20.37,Overcast
2003-03-13 21:00:00+00:00,MUĞLA,48,13.9795,6.9795003,6.6,11.525623,55.0,95.00164,937.0022,13.32,Drizzle: Dense
2003-03-14 21:00:00+00:00,MUĞLA,48,13.7295,5.8295,1.3000001,10.233123,53.0,84.92427,939.61786,15.33,Drizzle: Moderate
2003-03-15 21:00:00+00:00,MUĞLA,48,14.2795,5.5795,0.9000001,11.119281,51.0,76.75616,937.35223,17.36,Drizzle: Light
2003-03-16 21:00:00+00:00,MUĞLA,48,9.7795,4.6795,13.1,12.768586,61.0,81.78243,932.08057,5.85,Rain: Slight
2003-03-17 21:00:00+00:00,MUĞLA,48,11.0795,4.1295,4.1,16.808569,61.0,76.60201,925.4086,14.15,Rain: Slight
2003-03-18 21:00:00+00:00,MUĞLA,48,9.4295,1.2295,0.0,22.79684,1.0,52.605606,931.1084,21.43,Mainly clear
2003-03-19 21:00:00+00:00,MUĞLA,48,8.8795,-0.5204998,0.0,17.811815,0.0,54.317005,935.52106,21.96,Clear sky
2003-03-20 21:00:00+00:00,MUĞLA,48,10.6295,-0.87049997,0.0,11.792404,3.0,63.73207,934.7443,20.78,Overcast
2003-03-21 21:00:00+00:00,MUĞLA,48,9.3795,-0.12049997,0.0,14.830076,1.0,64.0769,937.41046,21.38,Mainly clear
2003-03-22 21:00:00+00:00,MUĞLA,48,8.0295,-1.3705,0.0,13.217443,3.0,48.663544,937.3042,20.33,Overcast
2003-03-23 21:00:00+00:00,MUĞLA,48,4.3295,-2.9705,0.0,29.827904,3.0,46.300236,931.28986,19.79,Overcast
2003-03-24 21:00:00+00:00,MUĞLA,48,10.679501,-1.6205,0.0,24.280659,0.0,49.069393,930.3645,22.89,Clear sky
2003-03-25 21:00:00+00:00,MUĞLA,48,14.929501,1.3795,0.0,17.917007,0.0,48.13614,934.2137,23.32,Clear sky
2003-03-26 21:00:00+00:00,MUĞLA,48,16.3295,1.5295001,0.0,8.049845,2.0,53.810627,940.32074,23.1,Partly cloudy
2003-03-27 21:00:00+00:00,MUĞLA,48,14.3295,2.1295002,0.0,11.923557,2.0,70.25721,940.36383,20.29,Partly cloudy
2003-03-28 21:00:00+00:00,MUĞLA,48,14.7795,2.1795,0.3,6.924738,51.0,75.072754,938.12067,22.38,Drizzle: Light
2003-03-29 21:00:00+00:00,MUĞLA,48,14.6295,1.8795002,0.70000005,10.464797,51.0,73.09605,937.31036,21.86,Drizzle: Light
2003-03-30 21:00:00+00:00,MUĞLA,48,14.3795,3.4295,2.0,7.7879906,53.0,82.098946,940.28436,22.16,Drizzle: Moderate
2003-03-31 21:00:00+00:00,MUĞLA,48,12.929501,5.5295,0.0,10.464798,3.0,81.2857,940.03467,15.55,Overcast
2003-04-01 21:00:00+00:00,MUĞLA,48,10.0295,7.0795,10.5,10.1887,63.0,91.726036,932.91327,4.01,Rain: Moderate
2003-04-02 21:00:00+00:00,MUĞLA,48,13.429501,5.8795004,7.0000005,9.19939,61.0,81.73969,932.2163,14.78,Rain: Slight
2003-04-03 21:00:00+00:00,MUĞLA,48,21.1295,5.8795004,1.4,8.209263,51.0,68.47007,931.84845,21.75,Drizzle: Light
2003-04-04 21:00:00+00:00,MUĞLA,48,18.4295,8.3295,3.5,19.839235,61.0,72.411415,925.18384,19.01,Rain: Slight
2003-04-05 21:00:00+00:00,MUĞLA,48,11.679501,5.9795003,4.1,9.178235,55.0,84.16364,928.18823,15.9,Drizzle: Dense
2003-04-06 21:00:00+00:00,MUĞLA,48,10.9795,3.7295003,6.2000003,21.602999,53.0,90.219734,931.4426,15.97,Drizzle: Moderate
2003-04-07 21:00:00+00:00,MUĞLA,48,11.8295,5.3295,21.500002,13.004921,61.0,92.67068,935.11237,13.41,Rain: Slight
2003-04-08 21:00:00+00:00,MUĞLA,48,12.7795,0.77950007,0.0,11.720751,3.0,64.152435,940.2781,25.28,Overcast
2003-04-09 21:00:00+00:00,MUĞLA,48,18.029501,1.5295001,0.0,8.217153,3.0,57.451385,942.6531,24.91,Overcast
2003-04-10 21:00:00+00:00,MUĞLA,48,15.3295,6.5795,3.2,7.24486,53.0,69.88331,942.73926,7.57,Drizzle: Moderate
2003-04-11 21:00:00+00:00,MUĞLA,48,20.779501,5.0795,0.0,7.0911775,3.0,72.34162,939.2758,24.36,Overcast
2003-04-12 21:00:00+00:00,MUĞLA,48,17.779501,7.5795,0.2,9.0,51.0,79.2211,934.3874,15.65,Drizzle: Light
2003-04-13 21:00:00+00:00,MUĞLA,48,15.8295,5.3795,10.5,12.229406,61.0,83.95905,930.22723,21.03,Rain: Slight
2003-04-14 21:00:00+00:00,MUĞLA,48,18.279501,4.9795003,0.0,15.408671,3.0,75.18542,933.3077,22.11,Overcast
2003-04-15 21:00:00+00:00,MUĞLA,48,22.4795,7.2795,0.0,9.178235,3.0,62.71899,937.382,25.33,Overcast
2003-04-16 21:00:00+00:00,MUĞLA,48,19.4295,8.9795,2.0,7.7879906,53.0,67.67135,938.23566,16.87,Drizzle: Moderate
2003-04-17 21:00:00+00:00,MUĞLA,48,17.5295,10.3295,16.5,23.667091,63.0,80.773735,927.78595,12.38,Rain: Moderate
2003-04-18 21:00:00+00:00,MUĞLA,48,10.429501,6.6795,10.2,15.745627,53.0,94.93098,927.58246,6.21,Drizzle: Moderate
2003-04-19 21:00:00+00:00,MUĞLA,48,15.0295,6.0295,0.0,17.651016,3.0,74.74526,933.04565,20.32,Overcast
2003-04-20 21:00:00+00:00,MUĞLA,48,16.2295,4.8295,0.0,16.58346,0.0,61.91287,935.59735,26.36,Clear sky
2003-04-21 21:00:00+00:00,MUĞLA,48,15.6295,5.3295,4.2,7.9932966,53.0,69.168045,935.9648,18.2,Drizzle: Moderate
2003-04-22 21:00:00+00:00,MUĞLA,48,16.8295,6.8795004,0.5,26.405453,51.0,74.29998,934.5932,23.19,Drizzle: Light
2003-04-23 21:00:00+00:00,MUĞLA,48,20.0795,6.5295,0.0,7.4128532,3.0,69.55496,932.6184,24.07,Overcast
2003-04-24 21:00:00+00:00,MUĞLA,48,17.9295,7.8295,1.3000001,15.575981,53.0,71.349884,930.07587,22.87,Drizzle: Moderate
2003-04-25 21:00:00+00:00,MUĞLA,48,16.8295,7.2295003,0.0,26.7565,3.0,52.047607,934.3135,26.06,Overcast
2003-04-26 21:00:00+00:00,MUĞLA,48,18.4295,6.1295004,0.0,13.905509,0.0,48.73604,939.33325,27.64,Clear sky
2003-04-27 21:00:00+00:00,MUĞLA,48,19.8295,5.5295,0.0,11.542478,3.0,55.516693,940.1899,26.46,Overcast
2003-04-28 21:00:00+00:00,MUĞLA,48,21.529501,6.7795,0.0,6.763786,3.0,59.816853,943.46063,26.55,Overcast
2003-04-29 21:00:00+00:00,MUĞLA,48,22.9795,8.4795,0.0,7.653705,0.0,66.27705,946.66376,26.68,Clear sky
2003-04-30 21:00:00+00:00,MUĞLA,48,25.8295,10.5295,0.0,8.557102,0.0,57.93865,945.3099,26.99,Clear sky
2003-05-01 21:00:00+00:00,MUĞLA,48,27.0795,12.0295,0.0,6.439876,0.0,55.638203,943.50726,27.33,Clear sky
2003-05-02 21:00:00+00:00,MUĞLA,48,28.3795,12.179501,0.0,7.2,0.0,55.634678,942.7474,27.44,Clear sky
2003-05-03 21:00:00+00:00,MUĞLA,48,28.9795,13.1295,0.0,7.8954163,2.0,58.565308,941.9758,27.21,Partly cloudy
2003-05-04 21:00:00+00:00,MUĞLA,48,29.7295,13.8795,0.70000005,6.763786,51.0,57.479145,939.80566,25.53,Drizzle: Light
2003-05-05 21:00:00+00:00,MUĞLA,48,28.9295,15.4795,0.0,10.182337,3.0,47.36789,938.8101,25.06,Overcast
2003-05-06 21:00:00+00:00,MUĞLA,48,28.779501,15.0295,0.0,10.086427,3.0,41.357616,939.3975,28.24,Overcast
2003-05-07 21:00:00+00:00,MUĞLA,48,27.0795,12.8295,0.0,9.178235,0.0,48.77936,939.961,28.24,Clear sky
2003-05-08 21:00:00+00:00,MUĞLA,48,26.6795,12.429501,0.0,7.6367526,1.0,52.415813,939.7066,27.92,Mainly clear
2003-05-09 21:00:00+00:00,MUĞLA,48,28.529501,12.4795,0.0,6.792466,2.0,48.82777,940.4902,27.1,Partly cloudy
2003-05-10 21:00:00+00:00,MUĞLA,48,30.279501,14.0295,1.0,6.5693827,53.0,42.255596,940.9666,26.99,Drizzle: Moderate
2003-05-11 21:00:00+00:00,MUĞLA,48,30.1795,13.5295,0.0,11.808878,2.0,41.800724,939.4509,27.55,Partly cloudy
2003-05-12 21:00:00+00:00,MUĞLA,48,28.9795,13.5795,0.0,11.720751,0.0,39.09421,937.8813,28.76,Clear sky
2003-05-13 21:00:00+00:00,MUĞLA,48,28.0795,12.8295,0.0,11.966953,2.0,46.41594,935.9243,28.3,Partly cloudy
2003-05-14 21:00:00+00:00,MUĞLA,48,27.3795,13.0795,0.6,12.475961,51.0,46.871994,935.7415,26.04,Drizzle: Light
2003-05-15 21:00:00+00:00,MUĞLA,48,27.9795,14.7295,0.2,11.609651,51.0,46.065643,936.6823,26.58,Drizzle: Light
2003-05-16 21:00:00+00:00,MUĞLA,48,28.4295,13.8795,2.3,11.384199,61.0,52.806595,938.4441,26.16,Rain: Slight
2003-05-17 21:00:00+00:00,MUĞLA,48,29.029501,14.179501,0.3,9.360001,51.0,47.815495,937.8367,27.97,Drizzle: Light
2003-05-18 21:00:00+00:00,MUĞLA,48,28.0795,13.8795,0.0,9.793059,2.0,50.257217,937.3562,26.46,Partly cloudy
2003-05-19 21:00:00+00:00,MUĞLA,48,27.9795,14.429501,0.0,8.891344,3.0,52.13098,937.6673,25.12,Overcast
2003-05-20 21:00:00+00:00,MUĞLA,48,26.4295,15.5295,2.9,10.44,61.0,61.425938,937.917,26.49,Rain: Slight
2003-05-21 21:00:00+00:00,MUĞLA,48,23.3795,14.2795,0.0,15.459054,3.0,66.36994,936.9716,28.18,Overcast
2003-05-22 21:00:00+00:00,MUĞLA,48,20.4295,13.2295,1.2,14.973576,51.0,72.37412,935.7758,21.85,Drizzle: Light
2003-05-23 21:00:00+00:00,MUĞLA,48,17.1295,12.679501,16.500002,14.05845,61.0,89.02001,935.0078,18.29,Rain: Slight
2003-05-24 21:00:00+00:00,MUĞLA,48,16.4295,10.4795,7.8000007,11.367109,61.0,87.90902,936.8029,16.75,Rain: Slight
2003-05-25 21:00:00+00:00,MUĞLA,48,19.2295,10.8795,0.5,9.220499,51.0,78.07114,938.3669,21.88,Drizzle: Light
2003-05-26 21:00:00+00:00,MUĞLA,48,21.4795,10.3295,2.3,9.220499,61.0,76.76544,937.33466,23.62,Rain: Slight
2003-05-27 21:00:00+00:00,MUĞLA,48,21.1295,11.7795,5.2999997,8.435069,63.0,78.39536,934.61304,22.46,Rain: Moderate
2003-05-28 21:00:00+00:00,MUĞLA,48,22.4795,12.0295,8.4,11.367109,63.0,79.15733,928.4028,16.6,Rain: Moderate
2003-05-29 21:00:00+00:00,MUĞLA,48,22.5795,13.179501,10.4,10.805999,63.0,79.096466,927.6723,24.14,Rain: Moderate
2003-05-30 21:00:00+00:00,MUĞLA,48,23.9795,13.2295,3.1,10.383987,61.0,74.81214,933.02106,26.22,Rain: Slight
2003-05-31 21:00:00+00:00,MUĞLA,48,22.1295,12.8295,15.000001,6.1305785,63.0,76.99674,936.04834,21.87,Rain: Moderate
2003-06-01 21:00:00+00:00,MUĞLA,48,21.1795,11.5795,19.400002,7.2805495,63.0,86.04834,937.1984,22.28,Rain: Moderate
2003-06-02 21:00:00+00:00,MUĞLA,48,25.3295,11.8795,0.1,5.95906,51.0,73.23762,939.18866,28.15,Drizzle: Light
2003-06-03 21:00:00+00:00,MUĞLA,48,27.4295,13.2295,0.4,7.69592,51.0,61.92184,941.04004,29.75,Drizzle: Light
2003-06-04 21:00:00+00:00,MUĞLA,48,28.029501,14.679501,0.0,7.24486,3.0,56.812454,941.23,28.28,Overcast
2003-06-05 21:00:00+00:00,MUĞLA,48,28.0795,14.9795,0.0,8.4963045,1.0,61.036667,939.4939,29.72,Mainly clear
2003-06-06 21:00:00+00:00,MUĞLA,48,28.779501,14.8795,0.4,7.0911775,51.0,58.327374,937.1062,29.24,Drizzle: Light
2003-06-07 21:00:00+00:00,MUĞLA,48,29.529501,15.2295,0.6,11.983188,51.0,59.366867,936.2373,28.03,Drizzle: Light
2003-06-08 21:00:00+00:00,MUĞLA,48,29.8795,15.2795,1.4000001,5.8603754,55.0,61.13236,936.92365,27.95,Drizzle: Dense
2003-06-09 21:00:00+00:00,MUĞLA,48,30.1795,16.3795,2.5,6.8777895,61.0,61.73979,937.1909,27.05,Rain: Slight
2003-06-10 21:00:00+00:00,MUĞLA,48,30.529501,17.0295,1.4,6.439876,61.0,62.16041,936.1712,28.88,Rain: Slight
2003-06-11 21:00:00+00:00,MUĞLA,48,31.4295,17.8295,0.0,11.435313,0.0,48.42529,935.38995,29.72,Clear sky
2003-06-12 21:00:00+00:00,MUĞLA,48,31.9795,17.9795,0.0,13.044722,0.0,42.11408,936.9206,29.67,Clear sky
2003-06-13 21:00:00+00:00,MUĞLA,48,32.4795,18.0795,0.0,9.585739,0.0,43.08731,935.9571,30.0,Clear sky
2003-06-14 21:00:00+00:00,MUĞLA,48,32.0295,17.5795,0.0,10.691453,0.0,48.950047,934.78754,30.16,Clear sky
2003-06-15 21:00:00+00:00,MUĞLA,48,30.1795,17.8295,0.0,12.181624,2.0,55.192005,932.93066,28.27,Partly cloudy
2003-06-16 21:00:00+00:00,MUĞLA,48,29.779501,16.8795,6.2000003,9.0,61.0,64.273155,934.1004,26.15,Rain: Slight
2003-06-17 21:00:00+00:00,MUĞLA,48,30.9795,17.8795,0.0,9.565437,0.0,51.5768,936.457,29.22,Clear sky
2003-06-18 21:00:00+00:00,MUĞLA,48,30.5795,18.0795,0.0,10.446206,1.0,42.65239,934.5969,29.77,Mainly clear
2003-06-19 21:00:00+00:00,MUĞLA,48,31.3295,17.2295,0.4,11.720751,51.0,41.04051,933.23004,30.01,Drizzle: Light
2003-06-20 21:00:00+00:00,MUĞLA,48,29.1295,17.0295,0.2,11.304229,51.0,53.003666,932.2744,28.42,Drizzle: Light
2003-06-21 21:00:00+00:00,MUĞLA,48,30.6295,18.1795,0.0,12.599999,1.0,48.636692,934.5961,29.12,Mainly clear
2003-06-22 21:00:00+00:00,MUĞLA,48,31.529501,17.4795,0.0,13.797913,0.0,36.276638,938.60455,30.31,Clear sky
2003-06-23 21:00:00+00:00,MUĞLA,48,32.629498,18.1295,0.0,13.608762,0.0,35.009968,939.8286,30.29,Clear sky
2003-06-24 21:00:00+00:00,MUĞLA,48,33.1795,18.2295,0.0,9.659814,0.0,37.8773,937.4128,30.34,Clear sky
2003-06-25 21:00:00+00:00,MUĞLA,48,33.929497,19.4295,0.0,11.988594,2.0,38.42748,933.6895,29.71,Partly cloudy
2003-06-26 21:00:00+00:00,MUĞLA,48,33.5295,20.8295,0.0,11.119281,2.0,39.85719,933.9771,29.15,Partly cloudy
2003-06-27 21:00:00+00:00,MUĞLA,48,33.379498,19.8795,0.0,13.708391,0.0,32.700714,935.93243,29.85,Clear sky
2003-06-28 21:00:00+00:00,MUĞLA,48,33.4295,19.9295,0.0,13.556282,0.0,31.774767,936.88184,29.88,Clear sky
2003-06-29 21:00:00+00:00,MUĞLA,48,32.7295,19.779501,0.0,12.682018,1.0,34.017643,933.2746,27.77,Mainly clear
2003-06-30 21:00:00+00:00,MUĞLA,48,33.9795,20.279501,0.0,11.177405,0.0,32.772175,930.60986,29.76,Clear sky
2003-07-01 21:00:00+00:00,MUĞLA,48,33.879498,18.9295,0.0,13.854155,0.0,33.522568,933.22687,30.11,Clear sky
2003-07-02 21:00:00+00:00,MUĞLA,48,32.5295,19.4295,0.0,13.202726,0.0,39.18607,937.5584,30.08,Clear sky
2003-07-03 21:00:00+00:00,MUĞLA,48,37.129498,19.3795,0.0,12.496718,0.0,39.32911,937.638,29.76,Clear sky
2003-07-04 21:00:00+00:00,MUĞLA,48,38.3295,22.029501,0.0,13.910169,1.0,32.474613,935.15314,29.17,Mainly clear
2003-07-05 21:00:00+00:00,MUĞLA,48,34.879498,22.779501,0.0,16.039202,0.0,32.187256,933.3562,30.16,Clear sky
2003-07-06 21:00:00+00:00,MUĞLA,48,30.4295,20.9795,0.0,20.633371,0.0,37.30021,933.8807,29.93,Clear sky
2003-07-07 21:00:00+00:00,MUĞLA,48,29.4295,18.9795,0.0,19.64558,0.0,33.93117,932.39886,29.96,Clear sky
2003-07-08 21:00:00+00:00,MUĞLA,48,30.2295,18.029501,0.0,16.73516,0.0,32.71007,933.85815,29.88,Clear sky
2003-07-09 21:00:00+00:00,MUĞLA,48,31.9295,18.1795,0.0,9.227524,0.0,32.07622,936.34564,29.87,Clear sky
2003-07-10 21:00:00+00:00,MUĞLA,48,33.2795,18.4295,0.0,11.923557,0.0,31.115705,936.1434,29.55,Clear sky
2003-07-11 21:00:00+00:00,MUĞLA,48,33.379498,20.0795,0.0,15.379206,0.0,31.43582,935.2321,29.6,Clear sky
2003-07-12 21:00:00+00:00,MUĞLA,48,34.2795,20.279501,0.0,10.296251,0.0,36.940193,935.74384,29.5,Clear sky
2003-07-13 21:00:00+00:00,MUĞLA,48,33.4295,19.1295,0.0,11.304229,0.0,36.945583,934.9366,29.82,Clear sky
2003-07-14 21:00:00+00:00,MUĞLA,48,34.379498,19.9795,0.0,14.84318,0.0,31.274328,935.6795,29.22,Clear sky
2003-07-15 21:00:00+00:00,MUĞLA,48,34.629498,20.6295,0.0,13.684735,0.0,31.148912,935.9821,29.59,Clear sky
2003-07-16 21:00:00+00:00,MUĞLA,48,33.4295,21.1295,0.0,17.727943,0.0,26.750486,936.3638,29.53,Clear sky
2003-07-17 21:00:00+00:00,MUĞLA,48,33.129498,21.8295,0.0,17.58481,0.0,27.833574,935.9363,29.19,Clear sky
2003-07-18 21:00:00+00:00,MUĞLA,48,33.879498,21.3295,0.0,12.074766,0.0,28.890173,934.39966,29.01,Clear sky
2003-07-19 21:00:00+00:00,MUĞLA,48,33.2795,20.8295,0.4,10.1887,51.0,34.412937,934.5613,25.89,Drizzle: Light
2003-07-20 21:00:00+00:00,MUĞLA,48,34.4795,20.779501,3.3999999,7.628263,61.0,47.63803,936.4163,24.64,Rain: Slight
2003-07-21 21:00:00+00:00,MUĞLA,48,34.0795,20.7295,0.0,9.114471,0.0,36.388805,936.701,28.94,Clear sky
2003-07-22 21:00:00+00:00,MUĞLA,48,33.129498,21.279501,0.0,14.336861,0.0,29.113062,936.27826,29.02,Clear sky
2003-07-23 21:00:00+00:00,MUĞLA,48,33.929497,20.4295,0.0,13.684735,0.0,26.47458,935.686,29.14,Clear sky
2003-07-24 21:00:00+00:00,MUĞLA,48,32.629498,20.6795,0.0,16.946787,2.0,28.236109,934.42377,26.5,Partly cloudy
2003-07-25 21:00:00+00:00,MUĞLA,48,33.4795,21.2295,0.0,16.394829,0.0,31.252035,933.12915,28.67,Clear sky
2003-07-26 21:00:00+00:00,MUĞLA,48,31.529501,20.8295,0.0,18.671474,0.0,32.230408,933.4489,28.47,Clear sky
2003-07-27 21:00:00+00:00,MUĞLA,48,32.6795,20.029501,0.0,15.2947035,0.0,30.502525,935.52344,28.62,Clear sky
2003-07-28 21:00:00+00:00,MUĞLA,48,32.9295,20.2295,0.0,10.883676,0.0,27.792822,935.8479,28.65,Clear sky
2003-07-29 21:00:00+00:00,MUĞLA,48,33.679497,20.4295,0.0,12.904882,0.0,27.80928,934.6785,28.27,Clear sky
2003-07-30 21:00:00+00:00,MUĞLA,48,34.5295,20.9295,0.0,14.408997,1.0,33.35391,934.0014,27.55,Mainly clear
2003-07-31 21:00:00+00:00,MUĞLA,48,32.1795,19.529501,0.0,12.7279215,0.0,46.67098,935.2507,25.61,Clear sky
2003-08-01 21:00:00+00:00,MUĞLA,48,33.379498,19.8795,0.4,13.324863,51.0,48.96465,938.05475,26.95,Drizzle: Light
2003-08-02 21:00:00+00:00,MUĞLA,48,35.179497,21.0795,0.2,12.324414,51.0,43.165203,938.2526,26.64,Drizzle: Light
2003-08-03 21:00:00+00:00,MUĞLA,48,35.879498,22.4295,0.0,7.729527,1.0,42.323624,936.7619,26.6,Mainly clear
2003-08-04 21:00:00+00:00,MUĞLA,48,36.179497,23.7295,0.0,9.659814,2.0,34.334366,935.6223,25.93,Partly cloudy
2003-08-05 21:00:00+00:00,MUĞLA,48,35.179497,22.7295,0.2,8.707237,51.0,34.531628,936.01025,26.25,Drizzle: Light
2003-08-06 21:00:00+00:00,MUĞLA,48,34.5795,23.279501,1.7,7.24486,55.0,36.67281,934.56464,23.36,Drizzle: Dense
2003-08-07 21:00:00+00:00,MUĞLA,48,35.0295,21.7295,0.0,11.91812,3.0,33.791874,934.83636,24.91,Overcast
2003-08-08 21:00:00+00:00,MUĞLA,48,33.1795,21.6795,0.2,12.768586,51.0,38.65813,934.2317,24.07,Drizzle: Light
2003-08-09 21:00:00+00:00,MUĞLA,48,30.7295,20.279501,0.0,11.384199,1.0,48.363125,933.3282,24.5,Mainly clear
2003-08-10 21:00:00+00:00,MUĞLA,48,29.4295,20.4295,0.0,9.565437,2.0,54.793606,936.05365,23.15,Partly cloudy
2003-08-11 21:00:00+00:00,MUĞLA,48,32.7295,19.779501,0.0,14.77755,0.0,36.9338,940.47955,27.04,Clear sky
2003-08-12 21:00:00+00:00,MUĞLA,48,33.1795,19.7295,0.0,10.446206,0.0,28.270636,938.8991,27.24,Clear sky
2003-08-13 21:00:00+00:00,MUĞLA,48,33.1795,19.1295,0.0,12.10157,0.0,20.139166,936.3638,27.46,Clear sky
2003-08-14 21:00:00+00:00,MUĞLA,48,33.4295,19.6295,0.0,11.480557,0.0,26.039862,936.74115,27.2,Clear sky
2003-08-15 21:00:00+00:00,MUĞLA,48,35.3295,18.3795,0.0,5.815978,0.0,31.630463,937.0068,26.98,Clear sky
2003-08-16 21:00:00+00:00,MUĞLA,48,36.879498,20.3295,0.0,9.531505,0.0,25.786865,938.65656,26.92,Clear sky
2003-08-17 21:00:00+00:00,MUĞLA,48,36.879498,22.1795,0.0,12.758432,0.0,18.451738,938.7403,26.67,Clear sky
2003-08-18 21:00:00+00:00,MUĞLA,48,35.3295,22.7295,0.0,17.10284,0.0,25.583471,936.6218,26.22,Clear sky
2003-08-19 21:00:00+00:00,MUĞLA,48,35.0795,22.1295,0.0,15.575981,0.0,23.58113,934.2198,26.47,Clear sky
2003-08-20 21:00:00+00:00,MUĞLA,48,34.5295,20.8795,0.0,14.20062,0.0,20.87755,933.6128,26.46,Clear sky
2003-08-21 21:00:00+00:00,MUĞLA,48,34.5295,20.8295,0.0,11.090103,0.0,22.19085,935.09564,26.15,Clear sky
2003-08-22 21:00:00+00:00,MUĞLA,48,34.2795,21.3295,0.0,10.195057,0.0,25.828447,936.0201,25.82,Clear sky
2003-08-23 21:00:00+00:00,MUĞLA,48,34.2795,21.1795,0.0,11.631956,0.0,30.05861,935.1463,25.72,Clear sky
2003-08-24 21:00:00+00:00,MUĞLA,48,32.379498,19.3295,0.0,14.186923,1.0,43.095562,933.7614,23.45,Mainly clear
2003-08-25 21:00:00+00:00,MUĞLA,48,31.6295,19.1295,0.0,8.350138,2.0,47.671818,935.03766,22.37,Partly cloudy
2003-08-26 21:00:00+00:00,MUĞLA,48,33.5295,19.8795,0.2,12.287555,51.0,47.001163,935.4868,22.91,Drizzle: Light
2003-08-27 21:00:00+00:00,MUĞLA,48,31.4795,18.9295,0.3,8.891344,51.0,55.073406,934.89844,21.56,Drizzle: Light
2003-08-28 21:00:00+00:00,MUĞLA,48,34.0795,20.7295,1.3,7.9932976,53.0,57.34846,937.675,22.94,Drizzle: Moderate
2003-08-29 21:00:00+00:00,MUĞLA,48,35.8295,21.3795,0.0,8.089993,2.0,52.830738,938.74054,24.16,Partly cloudy
2003-08-30 21:00:00+00:00,MUĞLA,48,37.9795,20.9795,0.0,10.799999,0.0,39.79947,936.70685,24.58,Clear sky
2003-08-31 21:00:00+00:00,MUĞLA,48,37.929497,21.4795,0.0,14.044615,2.0,27.59787,934.6392,24.48,Partly cloudy
2003-09-01 21:00:00+00:00,MUĞLA,48,34.4795,21.0795,0.0,11.631956,0.0,36.33547,935.8557,24.02,Clear sky
2003-09-02 21:00:00+00:00,MUĞLA,48,33.7295,20.9295,0.0,13.513193,0.0,30.824331,938.0142,24.1,Clear sky
2003-09-03 21:00:00+00:00,MUĞLA,48,30.6795,19.279501,1.1,18.36353,53.0,41.053917,936.4808,22.55,Drizzle: Moderate
2003-09-04 21:00:00+00:00,MUĞLA,48,22.1795,14.3295,0.0,24.448214,0.0,45.814472,936.248,23.43,Clear sky
2003-09-05 21:00:00+00:00,MUĞLA,48,24.1295,12.8295,0.0,19.386591,0.0,36.032604,940.41876,24.13,Clear sky
2003-09-06 21:00:00+00:00,MUĞLA,48,25.4295,13.2295,0.0,13.905509,0.0,29.346855,941.21796,24.0,Clear sky
2003-09-07 21:00:00+00:00,MUĞLA,48,26.5795,13.4795,0.0,11.592894,0.0,33.738827,939.10846,23.48,Clear sky
2003-09-08 21:00:00+00:00,MUĞLA,48,27.4795,14.429501,0.0,15.192682,0.0,49.74942,938.24066,21.35,Clear sky
2003-09-09 21:00:00+00:00,MUĞLA,48,28.279501,16.7295,0.0,13.708391,0.0,62.584415,938.6551,22.1,Clear sky
2003-09-10 21:00:00+00:00,MUĞLA,48,25.4795,18.529501,1.1,20.275383,51.0,72.41234,935.9831,18.88,Drizzle: Light
2003-09-11 21:00:00+00:00,MUĞLA,48,25.9295,15.2795,0.6,13.004921,51.0,70.66953,935.80035,18.31,Drizzle: Light
2003-09-12 21:00:00+00:00,MUĞLA,48,27.779501,14.8795,0.0,14.759999,2.0,55.65872,936.21216,22.01,Partly cloudy
2003-09-13 21:00:00+00:00,MUĞLA,48,25.779501,13.8795,0.0,14.386494,0.0,57.06088,938.2946,21.05,Clear sky
2003-09-14 21:00:00+00:00,MUĞLA,48,27.7295,14.5295,0.0,11.200571,3.0,52.188965,941.1713,21.61,Overcast
2003-09-15 21:00:00+00:00,MUĞLA,48,28.779501,15.5795,0.0,11.113451,1.0,40.368793,940.39935,21.14,Mainly clear
2003-09-16 21:00:00+00:00,MUĞLA,48,24.3795,15.9795,0.3,21.38897,51.0,43.833405,939.5533,20.3,Drizzle: Light
2003-09-17 21:00:00+00:00,MUĞLA,48,27.2295,13.8295,0.0,10.00256,0.0,40.54774,940.65216,21.81,Clear sky
2003-09-18 21:00:00+00:00,MUĞLA,48,27.3295,14.7295,0.0,9.085988,0.0,32.53093,941.71387,21.56,Clear sky
2003-09-19 21:00:00+00:00,MUĞLA,48,26.779501,14.5795,0.0,7.928177,0.0,32.582073,942.34106,21.54,Clear sky
2003-09-20 21:00:00+00:00,MUĞLA,48,27.5795,13.5795,0.0,10.182337,0.0,32.690453,942.4582,21.67,Clear sky
2003-09-21 21:00:00+00:00,MUĞLA,48,27.9295,12.9795,0.0,8.891343,0.0,34.247246,941.50464,21.39,Clear sky
2003-09-22 21:00:00+00:00,MUĞLA,48,28.2295,12.9795,0.0,10.495713,0.0,43.158237,940.17017,20.98,Clear sky
2003-09-23 21:00:00+00:00,MUĞLA,48,29.2295,13.6295,0.0,7.10031,0.0,44.34551,939.12897,20.58,Clear sky
2003-09-24 21:00:00+00:00,MUĞLA,48,30.2295,14.9795,0.0,8.759178,0.0,33.1244,939.0446,20.6,Clear sky
2003-09-25 21:00:00+00:00,MUĞLA,48,29.1795,15.2295,0.0,13.246826,3.0,40.125698,939.774,19.17,Overcast
2003-09-26 21:00:00+00:00,MUĞLA,48,27.279501,14.679501,0.0,11.304229,0.0,47.524227,939.2858,19.12,Clear sky
2003-09-27 21:00:00+00:00,MUĞLA,48,27.9795,15.0795,0.0,9.826088,3.0,50.22054,939.36664,18.49,Overcast
2003-09-28 21:00:00+00:00,MUĞLA,48,27.1795,15.3295,0.0,9.885262,0.0,53.2674,937.68945,18.38,Clear sky
2003-09-29 21:00:00+00:00,MUĞLA,48,26.3795,13.0295,0.0,13.392774,2.0,57.296825,937.0239,17.66,Partly cloudy
2003-09-30 21:00:00+00:00,MUĞLA,48,26.3295,14.1295,0.0,14.05845,3.0,43.281666,935.85614,19.2,Overcast
2003-10-01 21:00:00+00:00,MUĞLA,48,25.9295,14.429501,0.0,9.346143,3.0,43.249237,936.1614,18.9,Overcast
2003-10-02 21:00:00+00:00,MUĞLA,48,27.2295,13.929501,0.0,9.3876505,1.0,41.15282,937.49896,19.0,Mainly clear
2003-10-03 21:00:00+00:00,MUĞLA,48,26.5795,13.8295,0.0,9.957108,0.0,45.60696,939.58185,18.73,Clear sky
2003-10-04 21:00:00+00:00,MUĞLA,48,27.2295,15.7295,0.0,9.47012,3.0,56.884754,942.8975,18.24,Overcast
2003-10-05 21:00:00+00:00,MUĞLA,48,30.029501,15.929501,0.0,9.885262,0.0,49.063953,942.5677,18.33,Clear sky
2003-10-06 21:00:00+00:00,MUĞLA,48,27.529501,19.029501,0.0,11.808878,3.0,55.6591,940.8286,17.11,Overcast
2003-10-07 21:00:00+00:00,MUĞLA,48,26.9295,14.4795,0.0,14.336861,3.0,69.563354,937.6455,16.9,Overcast
2003-10-08 21:00:00+00:00,MUĞLA,48,19.8295,12.5795,12.200001,18.335276,63.0,66.09661,935.2407,14.67,Rain: Moderate
2003-10-09 21:00:00+00:00,MUĞLA,48,20.0795,8.9295,0.0,15.807239,1.0,52.22821,939.1884,17.93,Mainly clear
2003-10-10 21:00:00+00:00,MUĞLA,48,19.4795,9.2295,0.0,18.057508,0.0,49.567646,940.1242,18.12,Clear sky
2003-10-11 21:00:00+00:00,MUĞLA,48,23.0795,8.6295,0.0,9.983106,0.0,38.776234,939.08356,18.0,Clear sky
2003-10-12 21:00:00+00:00,MUĞLA,48,23.4795,9.2795,0.0,7.24486,0.0,42.23324,937.97675,17.72,Clear sky
2003-10-13 21:00:00+00:00,MUĞLA,48,23.1795,9.679501,0.0,7.7879906,0.0,50.535324,940.17456,17.31,Clear sky
2003-10-14 21:00:00+00:00,MUĞLA,48,24.029501,10.179501,0.0,8.891343,1.0,56.33078,940.63153,17.11,Mainly clear
2003-10-15 21:00:00+00:00,MUĞLA,48,23.3795,10.429501,0.0,8.647496,3.0,57.744213,939.6685,16.66,Overcast
2003-10-16 21:00:00+00:00,MUĞLA,48,23.2295,11.179501,0.0,10.137692,3.0,57.954594,938.97626,13.33,Overcast
2003-10-17 21:00:00+00:00,MUĞLA,48,23.029501,11.2295,0.0,11.440979,3.0,61.766205,941.00714,16.13,Overcast
2003-10-18 21:00:00+00:00,MUĞLA,48,24.0795,12.0295,0.0,9.449572,3.0,61.768353,942.01,13.68,Overcast
2003-10-19 21:00:00+00:00,MUĞLA,48,24.0795,14.8295,0.0,14.512064,3.0,70.25098,941.95844,12.24,Overcast
2003-10-20 21:00:00+00:00,MUĞLA,48,24.279501,15.8295,0.0,15.03835,3.0,72.875725,942.799,13.56,Overcast
2003-10-21 21:00:00+00:00,MUĞLA,48,27.1295,13.3795,0.0,10.514218,3.0,61.345417,944.7548,15.41,Overcast
2003-10-22 21:00:00+00:00,MUĞLA,48,26.9295,18.7295,0.0,18.175545,3.0,45.875713,943.35846,13.67,Overcast
2003-10-23 21:00:00+00:00,MUĞLA,48,25.529501,17.5795,0.8,16.343367,51.0,59.203823,941.65607,9.49,Drizzle: Light
2003-10-24 21:00:00+00:00,MUĞLA,48,25.0795,16.7295,0.0,15.273505,3.0,61.941635,940.4485,11.93,Overcast
2003-10-25 21:00:00+00:00,MUĞLA,48,21.8295,14.2795,1.0,17.283749,53.0,69.42295,936.95514,10.84,Drizzle: Moderate
2003-10-26 21:00:00+00:00,MUĞLA,48,21.1795,10.2295,0.0,10.308831,2.0,53.934998,938.4224,14.99,Partly cloudy
2003-10-27 21:00:00+00:00,MUĞLA,48,17.5295,6.7795,9.7,21.322214,61.0,68.0904,935.2299,11.04,Rain: Slight
2003-10-28 21:00:00+00:00,MUĞLA,48,12.4795,2.9295,0.0,17.709658,3.0,41.31607,939.3448,15.39,Overcast
2003-10-29 21:00:00+00:00,MUĞLA,48,10.9795,5.4295,17.4,17.068707,61.0,78.20377,938.461,2.78,Rain: Slight
2003-10-30 21:00:00+00:00,MUĞLA,48,16.7795,11.2295,47.4,15.7908325,63.0,98.158875,936.8909,4.19,Rain: Moderate
2003-10-31 21:00:00+00:00,MUĞLA,48,19.8795,14.2795,1.9000002,10.1376915,51.0,91.927185,941.2131,9.19,Drizzle: Light
2003-11-01 21:00:00+00:00,MUĞLA,48,24.3295,12.6295,0.0,6.9153743,3.0,77.289986,943.08496,13.02,Overcast
2003-11-02 21:00:00+00:00,MUĞLA,48,24.0795,12.9795,0.0,7.172949,3.0,65.778465,942.1125,12.34,Overcast
2003-11-03 21:00:00+00:00,MUĞLA,48,23.0795,15.429501,0.0,8.64,3.0,52.921814,940.4781,12.92,Overcast
2003-11-04 21:00:00+00:00,MUĞLA,48,22.3295,10.5795,0.0,5.1919937,3.0,61.327957,938.1606,13.2,Overcast
2003-11-05 21:00:00+00:00,MUĞLA,48,15.5795,13.2295,25.499998,16.267857,63.0,88.49209,936.0327,3.61,Rain: Moderate
2003-11-06 21:00:00+00:00,MUĞLA,48,18.6295,13.0295,1.7,9.565437,53.0,84.02957,941.5119,8.88,Drizzle: Moderate
2003-11-07 21:00:00+00:00,MUĞLA,48,18.1295,11.2795,0.0,16.516901,0.0,75.418625,940.88165,12.11,Clear sky
2003-11-08 21:00:00+00:00,MUĞLA,48,15.429501,8.8795,0.0,18.678415,0.0,66.83047,934.1929,13.17,Clear sky
2003-11-09 21:00:00+00:00,MUĞLA,48,10.2295,5.4295,0.0,27.77838,2.0,57.669018,930.75146,11.89,Partly cloudy
2003-11-10 21:00:00+00:00,MUĞLA,48,10.2295,3.0295,0.0,17.339897,1.0,63.207005,937.7392,12.16,Mainly clear
2003-11-11 21:00:00+00:00,MUĞLA,48,12.0795,1.3795,0.0,7.8954163,0.0,65.13224,945.41,12.94,Clear sky
2003-11-12 21:00:00+00:00,MUĞLA,48,15.3295,3.3795,0.0,6.439876,1.0,65.69951,945.4384,12.4,Mainly clear
2003-11-13 21:00:00+00:00,MUĞLA,48,15.6295,4.0795,0.0,7.5942082,3.0,69.39174,945.347,11.9,Overcast
2003-11-14 21:00:00+00:00,MUĞLA,48,13.6295,7.5795,0.3,5.3517847,51.0,85.46574,945.7535,5.15,Drizzle: Light
2003-11-15 21:00:00+00:00,MUĞLA,48,16.7295,5.8295,0.0,6.162207,3.0,81.353645,945.94806,11.67,Overcast
2003-11-16 21:00:00+00:00,MUĞLA,48,17.5295,5.6795,0.0,8.669949,1.0,74.61465,947.697,12.06,Mainly clear
2003-11-17 21:00:00+00:00,MUĞLA,48,17.4295,4.8795,0.0,10.948973,3.0,72.868645,945.11945,11.33,Overcast
2003-11-18 21:00:00+00:00,MUĞLA,48,16.1795,7.7795,0.0,14.799459,1.0,68.65078,942.6174,11.78,Mainly clear
2003-11-19 21:00:00+00:00,MUĞLA,48,18.3295,5.7795,0.0,9.028754,0.0,61.676952,943.1232,11.75,Clear sky
2003-11-20 21:00:00+00:00,MUĞLA,48,19.2295,5.3295,0.0,5.315336,0.0,67.32569,944.41876,11.68,Clear sky
2003-11-21 21:00:00+00:00,MUĞLA,48,17.6795,6.5295,0.0,7.771331,3.0,68.96967,945.34406,11.49,Overcast
2003-11-22 21:00:00+00:00,MUĞLA,48,17.8795,5.6295004,0.0,7.127636,1.0,71.14211,942.97144,11.34,Mainly clear
2003-11-23 21:00:00+00:00,MUĞLA,48,17.9795,5.3295,0.0,6.12,1.0,66.85313,941.2203,11.37,Mainly clear
2003-11-24 21:00:00+00:00,MUĞLA,48,16.7795,6.4295,0.0,5.3999996,0.0,66.99883,942.2353,11.28,Clear sky
2003-11-25 21:00:00+00:00,MUĞLA,48,16.0795,4.7295003,0.0,4.6938257,2.0,77.07721,944.78644,11.16,Partly cloudy
2003-11-26 21:00:00+00:00,MUĞLA,48,15.5795,5.1795,0.0,6.193674,3.0,78.55302,941.20087,9.58,Overcast
2003-11-27 21:00:00+00:00,MUĞLA,48,15.8295,4.1295,0.0,5.2416787,0.0,77.09113,938.36725,10.87,Clear sky
2003-11-28 21:00:00+00:00,MUĞLA,48,15.9795,4.6295,0.0,5.8048253,3.0,77.08156,939.8633,10.32,Overcast
2003-11-29 21:00:00+00:00,MUĞLA,48,14.679501,7.3795004,0.1,11.966953,51.0,83.35609,939.9543,8.35,Drizzle: Light
2003-11-30 21:00:00+00:00,MUĞLA,48,10.8295,6.7295003,12.7,11.019764,61.0,94.73699,939.0442,1.92,Rain: Slight
2003-12-01 21:00:00+00:00,MUĞLA,48,15.179501,3.4295,0.0,7.5942073,3.0,85.55554,941.2141,9.57,Overcast
2003-12-02 21:00:00+00:00,MUĞLA,48,10.9795,3.7295003,0.0,14.372974,0.0,68.61208,940.3167,10.74,Clear sky
2003-12-03 21:00:00+00:00,MUĞLA,48,11.0795,2.9295,0.0,19.211996,0.0,65.735565,939.62946,10.48,Clear sky
2003-12-04 21:00:00+00:00,MUĞLA,48,13.5795,1.9795,0.0,10.315115,0.0,65.79809,939.70685,10.8,Clear sky
2003-12-05 21:00:00+00:00,MUĞLA,48,14.429501,0.8295001,0.0,9.19939,1.0,66.00892,936.4036,10.75,Mainly clear
2003-12-06 21:00:00+00:00,MUĞLA,48,10.8295,4.8295,15.099998,13.896187,61.0,92.67791,934.84985,2.89,Rain: Slight
2003-12-07 21:00:00+00:00,MUĞLA,48,12.5295,8.8295,36.000004,14.33234,63.0,96.79772,934.7668,4.14,Rain: Moderate
2003-12-08 21:00:00+00:00,MUĞLA,48,14.4795,5.8295,0.0,5.1165614,3.0,86.31097,939.5175,9.19,Overcast
2003-12-09 21:00:00+00:00,MUĞLA,48,14.6295,4.7795,0.6,9.007196,53.0,82.53646,944.8267,9.23,Drizzle: Moderate
2003-12-10 21:00:00+00:00,MUĞLA,48,14.7795,6.3795004,1.1,5.8603754,51.0,88.452415,947.85736,7.89,Drizzle: Light
2003-12-11 21:00:00+00:00,MUĞLA,48,15.7295,5.9795003,0.0,4.3349743,3.0,82.794464,945.0676,7.4,Overcast
2003-12-12 21:00:00+00:00,MUĞLA,48,16.8295,8.0295,0.0,5.3517847,3.0,74.03376,940.73926,7.64,Overcast
2003-12-13 21:00:00+00:00,MUĞLA,48,16.0295,5.4795003,1.7,9.178235,55.0,76.38679,934.4119,8.94,Drizzle: Dense
2003-12-14 21:00:00+00:00,MUĞLA,48,11.0795,7.4295,7.6000004,14.494192,61.0,92.19925,928.69476,5.28,Rain: Slight
2003-12-15 21:00:00+00:00,MUĞLA,48,11.7795,7.2295003,30.099997,15.256526,63.0,96.2464,926.0677,6.65,Rain: Moderate
2003-12-16 21:00:00+00:00,MUĞLA,48,6.6295004,0.72950006,16.0,16.954432,73.0,94.05497,922.763,3.74,Snow fall: Moderate
2003-12-17 21:00:00+00:00,MUĞLA,48,2.8795,-1.3205,0.0,20.620806,71.0,69.04546,937.0061,8.91,Snow fall: Slight
2003-12-18 21:00:00+00:00,MUĞLA,48,2.9295,-2.7704997,0.0,16.418526,0.0,61.552155,943.4616,10.4,Clear sky
2003-12-19 21:00:00+00:00,MUĞLA,48,9.6295,-1.1205,0.0,9.511088,0.0,60.31319,946.07733,10.08,Clear sky
2003-12-20 21:00:00+00:00,MUĞLA,48,9.2795,0.12950003,0.0,6.87779,3.0,84.05317,946.87646,7.99,Overcast
2003-12-21 21:00:00+00:00,MUĞLA,48,10.5795,1.8795002,0.0,8.891343,3.0,86.963356,942.1939,7.91,Overcast
2003-12-22 21:00:00+00:00,MUĞLA,48,9.679501,3.5795002,5.3,21.288757,53.0,88.96194,937.43536,6.83,Drizzle: Moderate
2003-12-23 21:00:00+00:00,MUĞLA,48,10.3295,7.1795,11.800002,23.03156,53.0,93.63205,936.9483,5.5,Drizzle: Moderate
2003-12-24 21:00:00+00:00,MUĞLA,48,8.7295,4.9295,21.400002,20.172853,63.0,92.80468,934.89874,5.53,Rain: Moderate
2003-12-25 21:00:00+00:00,MUĞLA,48,10.2295,1.7295,0.5,11.457958,51.0,79.87416,933.3121,9.47,Drizzle: Light
2003-12-26 21:00:00+00:00,MUĞLA,48,9.9795,2.1795,0.0,7.7879906,3.0,82.02946,936.8728,9.1,Overcast
2003-12-27 21:00:00+00:00,MUĞLA,48,10.8795,0.12950003,0.0,4.8965297,3.0,81.391106,940.8798,9.91,Overcast
2003-12-28 21:00:00+00:00,MUĞLA,48,10.1295,3.0795002,0.3,12.661564,51.0,89.12366,946.8453,6.86,Drizzle: Light
2003-12-29 21:00:00+00:00,MUĞLA,48,10.3295,3.9795003,0.0,12.522619,3.0,85.78104,945.7413,6.16,Overcast
2003-12-30 21:00:00+00:00,MUĞLA,48,7.3295,4.3795,12.499999,11.609651,63.0,91.74653,940.8418,1.98,Rain: Moderate
2003-12-31 21:00:00+00:00,MUĞLA,48,9.7295,3.1295,0.6,17.114204,51.0,90.381905,934.82025,6.45,Drizzle: Light
2004-01-01 21:00:00+00:00,MUĞLA,48,8.1795,5.0795,5.8,15.856354,53.0,91.49035,927.52716,4.9,Drizzle: Moderate
2004-01-02 21:00:00+00:00,MUĞLA,48,9.0295,3.9795003,14.800001,14.917212,61.0,95.39813,928.562,3.9,Rain: Slight
2004-01-03 21:00:00+00:00,MUĞLA,48,8.0795,4.7795,40.399994,20.892412,63.0,95.53317,928.04596,3.62,Rain: Moderate
2004-01-04 21:00:00+00:00,MUĞLA,48,9.7795,4.2295003,0.8,9.346143,51.0,88.78229,932.46655,8.09,Drizzle: Light
2004-01-05 21:00:00+00:00,MUĞLA,48,7.0295,0.32950008,3.5999997,13.004922,53.0,86.69512,932.7437,8.32,Drizzle: Moderate
2004-01-06 21:00:00+00:00,MUĞLA,48,0.32950008,-4.2205,0.0,20.724247,3.0,63.494007,933.78076,10.81,Overcast
2004-01-07 21:00:00+00:00,MUĞLA,48,2.2795,-4.3205,0.0,10.308831,3.0,48.478756,937.5655,11.03,Overcast
2004-01-08 21:00:00+00:00,MUĞLA,48,4.4795003,-2.1704998,0.0,5.0528407,3.0,61.12396,938.043,11.3,Overcast
2004-01-09 21:00:00+00:00,MUĞLA,48,3.8295002,-1.3205,3.2000003,14.904173,73.0,80.83249,934.43335,4.99,Snow fall: Moderate
2004-01-10 21:00:00+00:00,MUĞLA,48,8.0795,2.5795002,26.699999,21.889065,75.0,94.20522,925.8305,5.34,Snow fall: Heavy
2004-01-11 21:00:00+00:00,MUĞLA,48,11.429501,1.2795,0.0,9.021574,3.0,83.13477,931.479,9.82,Overcast
2004-01-12 21:00:00+00:00,MUĞLA,48,7.6295004,3.0795002,0.1,4.68,51.0,84.7411,933.2039,4.85,Drizzle: Light
2004-01-13 21:00:00+00:00,MUĞLA,48,11.429501,-0.27049994,0.70000005,9.3669195,51.0,82.09229,930.647,9.58,Drizzle: Light
2004-01-14 21:00:00+00:00,MUĞLA,48,11.3295,7.7295003,8.099999,19.602652,53.0,95.32855,931.17303,5.47,Drizzle: Moderate
2004-01-15 21:00:00+00:00,MUĞLA,48,11.929501,2.9795,8.799999,13.138765,55.0,90.44815,932.7569,7.28,Drizzle: Dense
2004-01-16 21:00:00+00:00,MUĞLA,48,10.8795,0.72950006,0.0,8.654986,3.0,73.52833,939.1758,11.84,Overcast
2004-01-17 21:00:00+00:00,MUĞLA,48,10.2295,2.5295,0.0,8.161764,3.0,65.60685,941.00146,10.91,Overcast
2004-01-18 21:00:00+00:00,MUĞLA,48,9.8795,1.8295001,0.0,6.379216,1.0,77.699234,942.92065,10.04,Mainly clear
2004-01-19 21:00:00+00:00,MUĞLA,48,11.6295,2.5795002,1.1,12.849528,53.0,85.465454,939.7485,11.04,Drizzle: Moderate
2004-01-20 21:00:00+00:00,MUĞLA,48,10.1295,7.3795004,46.800003,22.206486,63.0,96.46213,931.48926,3.58,Rain: Moderate
2004-01-21 21:00:00+00:00,MUĞLA,48,9.1795,2.2295,47.0,32.36398,73.0,94.662834,910.3732,2.9,Snow fall: Moderate
2004-01-22 21:00:00+00:00,MUĞLA,48,2.1295002,-4.1204996,3.1999998,18.837322,73.0,66.46771,919.4265,11.9,Snow fall: Moderate
2004-01-23 21:00:00+00:00,MUĞLA,48,2.7795,-4.5204997,0.0,9.085988,71.0,56.954525,928.73975,12.69,Snow fall: Slight
2004-01-24 21:00:00+00:00,MUĞLA,48,1.2295,-1.2704998,27.800001,13.358861,75.0,83.846924,924.6094,2.55,Snow fall: Heavy
2004-01-25 21:00:00+00:00,MUĞLA,48,3.6295,-6.1204996,0.0,8.311245,3.0,85.65139,930.65137,11.92,Overcast
2004-01-26 21:00:00+00:00,MUĞLA,48,5.1295,-11.0205,0.0,7.968939,3.0,74.71655,934.69305,12.84,Overcast
2004-01-27 21:00:00+00:00,MUĞLA,48,8.0795,1.3795,9.000001,16.595179,61.0,88.36321,936.63153,6.67,Rain: Slight
2004-01-28 21:00:00+00:00,MUĞLA,48,9.929501,5.7795,22.699999,26.980793,61.0,96.377716,934.77325,7.67,Rain: Slight
2004-01-29 21:00:00+00:00,MUĞLA,48,9.8295,4.7795,37.700005,28.528723,65.0,87.27003,933.78595,10.7,Rain: Heavy
2004-01-30 21:00:00+00:00,MUĞLA,48,9.4295,3.1295,9.900001,14.57889,61.0,85.423134,935.3972,9.07,Rain: Slight
2004-01-31 21:00:00+00:00,MUĞLA,48,11.0295,0.22950006,0.0,11.592895,3.0,76.106636,941.028,13.36,Overcast
2004-02-01 21:00:00+00:00,MUĞLA,48,12.4795,0.07950008,0.0,11.966953,2.0,62.709774,940.94507,13.93,Partly cloudy
2004-02-02 21:00:00+00:00,MUĞLA,48,9.4795,0.12950003,0.0,7.771331,3.0,67.69247,940.322,8.97,Overcast
2004-02-03 21:00:00+00:00,MUĞLA,48,8.9795,-0.020499945,0.0,20.3774,3.0,73.10348,940.1267,12.1,Overcast
2004-02-04 21:00:00+00:00,MUĞLA,48,11.8795,0.5795001,0.0,10.966713,3.0,61.287525,942.4968,14.27,Overcast
2004-02-05 21:00:00+00:00,MUĞLA,48,16.2295,2.1295002,0.0,11.542478,1.0,62.283447,945.0527,13.89,Mainly clear
2004-02-06 21:00:00+00:00,MUĞLA,48,17.9295,2.4795,0.0,8.699793,3.0,73.61438,946.2836,14.31,Overcast
2004-02-07 21:00:00+00:00,MUĞLA,48,14.7795,5.9795003,0.0,12.605142,3.0,82.60128,945.14056,12.63,Overcast
2004-02-08 21:00:00+00:00,MUĞLA,48,12.2795,7.5795,0.0,14.264361,3.0,91.18216,942.2055,9.53,Overcast
2004-02-09 21:00:00+00:00,MUĞLA,48,13.3295,6.6295004,0.1,11.91812,51.0,81.756424,940.946,9.52,Drizzle: Light
2004-02-10 21:00:00+00:00,MUĞLA,48,8.8295,1.4795,0.0,13.1041975,1.0,60.827686,938.90924,15.64,Mainly clear
2004-02-11 21:00:00+00:00,MUĞLA,48,6.8295,0.1795001,15.799999,16.575644,73.0,83.61649,932.7806,7.25,Snow fall: Moderate
2004-02-12 21:00:00+00:00,MUĞLA,48,5.2795,-4.8704996,13.900001,17.731598,75.0,78.499756,924.9903,11.34,Snow fall: Heavy
2004-02-13 21:00:00+00:00,MUĞLA,48,-1.4704999,-7.4205,0.0,17.698677,2.0,49.57282,932.76636,15.83,Partly cloudy
2004-02-14 21:00:00+00:00,MUĞLA,48,3.3295002,-5.3704996,0.0,9.793059,3.0,57.82918,937.8203,12.84,Overcast
2004-02-15 21:00:00+00:00,MUĞLA,48,8.2795,-1.2704998,0.1,7.771331,51.0,73.931465,937.8011,14.65,Drizzle: Light
2004-02-16 21:00:00+00:00,MUĞLA,48,8.5795,-1.3705,9.700001,9.449572,73.0,83.17555,937.6741,8.69,Snow fall: Moderate
2004-02-17 21:00:00+00:00,MUĞLA,48,5.5795,0.27950013,17.599998,8.049845,75.0,92.698006,933.7044,6.7,Snow fall: Heavy
2004-02-18 21:00:00+00:00,MUĞLA,48,10.0295,-2.7704997,0.0,7.628263,3.0,81.671364,938.1242,16.36,Overcast
2004-02-19 21:00:00+00:00,MUĞLA,48,10.6295,1.4295001,0.2,12.6462,51.0,83.59882,944.5402,11.11,Drizzle: Light
2004-02-20 21:00:00+00:00,MUĞLA,48,8.1295,-1.2704998,0.5,22.768398,51.0,69.72379,943.4256,15.46,Drizzle: Light
2004-02-21 21:00:00+00:00,MUĞLA,48,7.4295,-2.8704996,0.0,11.252519,3.0,48.117794,944.9368,17.13,Overcast
2004-02-22 21:00:00+00:00,MUĞLA,48,10.179501,0.4295001,4.9,12.413476,61.0,69.54612,941.1216,11.67,Rain: Slight
2004-02-23 21:00:00+00:00,MUĞLA,48,12.8795,5.0295,0.0,22.206486,3.0,81.75422,940.49536,13.54,Overcast
2004-02-24 21:00:00+00:00,MUĞLA,48,12.179501,5.5295,0.8,14.4,51.0,91.133026,942.177,9.42,Drizzle: Light
2004-02-25 21:00:00+00:00,MUĞLA,48,13.8295,6.0795,1.3,13.905509,51.0,88.545906,942.98804,13.43,Drizzle: Light
2004-02-26 21:00:00+00:00,MUĞLA,48,15.7295,8.1295,1.3000001,22.73707,51.0,73.64071,938.9075,10.91,Drizzle: Light
2004-02-27 21:00:00+00:00,MUĞLA,48,16.6295,10.6295,3.2,24.884306,53.0,66.947395,937.2829,13.89,Drizzle: Moderate
2004-02-28 21:00:00+00:00,MUĞLA,48,16.7795,9.9795,0.3,13.891522,51.0,77.01657,937.49634,15.69,Drizzle: Light
2004-02-29 21:00:00+00:00,MUĞLA,48,15.2295,5.7795,0.0,7.289445,3.0,72.83172,940.29785,16.91,Overcast
2004-03-01 21:00:00+00:00,MUĞLA,48,13.5795,6.1795,0.1,6.489992,51.0,72.58397,940.66266,11.47,Drizzle: Light
2004-03-02 21:00:00+00:00,MUĞLA,48,14.8795,4.3795,0.70000005,7.145796,51.0,83.48484,937.5176,7.05,Drizzle: Light
2004-03-03 21:00:00+00:00,MUĞLA,48,19.6795,6.5795,7.700001,13.039754,61.0,74.77631,928.157,6.76,Rain: Slight
2004-03-04 21:00:00+00:00,MUĞLA,48,10.6295,2.9795,6.6000004,14.973576,63.0,85.77607,928.01373,9.07,Rain: Moderate
2004-03-05 21:00:00+00:00,MUĞLA,48,7.1295004,-0.7704998,0.0,16.071491,1.0,55.649094,940.0183,19.59,Mainly clear
2004-03-06 21:00:00+00:00,MUĞLA,48,8.0295,-1.5705,0.0,14.8257065,0.0,47.61658,947.8542,20.39,Clear sky
2004-03-07 21:00:00+00:00,MUĞLA,48,10.5295,-1.0705,0.0,7.8954163,2.0,66.269875,948.4036,19.77,Partly cloudy
2004-03-08 21:00:00+00:00,MUĞLA,48,11.0295,1.3795,3.3000002,21.862406,53.0,83.003136,945.1966,12.32,Drizzle: Moderate
2004-03-09 21:00:00+00:00,MUĞLA,48,11.679501,4.9295,14.0,14.917212,63.0,79.46879,941.4411,18.18,Rain: Moderate
2004-03-10 21:00:00+00:00,MUĞLA,48,12.4795,0.8795001,0.0,11.013882,3.0,69.486244,941.7254,19.9,Overcast
2004-03-11 21:00:00+00:00,MUĞLA,48,13.2795,0.72950006,0.0,6.87779,3.0,66.74139,940.0615,19.87,Overcast
2004-03-12 21:00:00+00:00,MUĞLA,48,14.429501,2.1295002,0.0,16.327497,0.0,60.071476,943.03094,20.84,Clear sky
2004-03-13 21:00:00+00:00,MUĞLA,48,13.0795,2.1295002,0.0,17.388409,0.0,52.255447,947.2697,21.28,Clear sky
2004-03-14 21:00:00+00:00,MUĞLA,48,16.2295,1.6295,0.0,10.483357,0.0,49.267105,948.3658,21.6,Clear sky
2004-03-15 21:00:00+00:00,MUĞLA,48,16.3295,1.8795002,0.0,7.42159,3.0,58.5499,945.70557,20.44,Overcast
2004-03-16 21:00:00+00:00,MUĞLA,48,15.429501,3.7295003,0.0,11.183201,2.0,55.53835,942.5301,21.48,Partly cloudy
2004-03-17 21:00:00+00:00,MUĞLA,48,14.3295,4.4295,0.0,19.06301,3.0,56.578938,943.1497,18.19,Overcast
2004-03-18 21:00:00+00:00,MUĞLA,48,15.9795,3.1795,0.0,9.0645685,0.0,55.425354,945.07306,21.91,Clear sky
2004-03-19 21:00:00+00:00,MUĞLA,48,17.8295,2.9295,0.0,7.5942082,0.0,65.12682,946.035,21.88,Clear sky
2004-03-20 21:00:00+00:00,MUĞLA,48,16.8795,4.1795,0.0,11.609651,3.0,72.60756,946.3549,21.93,Overcast
2004-03-21 21:00:00+00:00,MUĞLA,48,16.3295,7.4295,0.0,14.404499,0.0,65.02644,945.3957,22.32,Clear sky
2004-03-22 21:00:00+00:00,MUĞLA,48,16.1795,6.0795,0.0,15.124284,3.0,60.010822,941.9441,18.81,Overcast
2004-03-23 21:00:00+00:00,MUĞLA,48,17.5295,9.2795,0.0,17.518356,3.0,49.180523,938.0566,22.27,Overcast
2004-03-24 21:00:00+00:00,MUĞLA,48,14.679501,6.6295004,0.0,13.237038,3.0,78.77906,940.60126,19.59,Overcast
2004-03-25 21:00:00+00:00,MUĞLA,48,19.029501,3.6295,0.0,10.931203,3.0,72.654076,939.9095,22.13,Overcast
2004-03-26 21:00:00+00:00,MUĞLA,48,19.3295,8.3295,0.0,16.454008,3.0,63.601078,938.86835,16.8,Overcast
2004-03-27 21:00:00+00:00,MUĞLA,48,21.2295,9.2795,0.2,13.684735,51.0,55.13374,939.2195,20.79,Drizzle: Light
2004-03-28 21:00:00+00:00,MUĞLA,48,19.6295,9.9795,2.1000001,11.435313,53.0,63.8588,936.71313,19.19,Drizzle: Moderate
2004-03-29 21:00:00+00:00,MUĞLA,48,19.9795,9.1795,0.0,11.269782,3.0,58.915104,937.1375,21.54,Overcast
2004-03-30 21:00:00+00:00,MUĞLA,48,20.3295,6.5295,0.0,9.885262,3.0,45.68899,937.4886,23.19,Overcast
2004-03-31 21:00:00+00:00,MUĞLA,48,16.0295,6.9295,9.9,13.896187,61.0,62.367764,934.9839,12.52,Rain: Slight
2004-04-01 21:00:00+00:00,MUĞLA,48,15.679501,8.8795,3.2,15.778518,61.0,74.25666,932.6092,12.31,Rain: Slight
2004-04-02 21:00:00+00:00,MUĞLA,48,16.0295,5.2795,0.0,19.652176,0.0,45.93717,937.28253,24.9,Clear sky
2004-04-03 21:00:00+00:00,MUĞLA,48,16.0795,3.3795,0.0,14.81259,0.0,37.55669,941.5584,25.14,Clear sky
2004-04-04 21:00:00+00:00,MUĞLA,48,15.3295,4.3795,0.0,12.979984,3.0,62.882645,942.25543,23.1,Overcast
2004-04-05 21:00:00+00:00,MUĞLA,48,15.2795,4.8295,0.0,14.118243,3.0,72.04042,940.39594,24.07,Overcast
2004-04-06 21:00:00+00:00,MUĞLA,48,13.8295,5.2295003,1.2,14.332341,51.0,80.68106,941.25,14.9,Drizzle: Light
2004-04-07 21:00:00+00:00,MUĞLA,48,15.9795,6.2795,0.0,12.313893,3.0,79.259544,942.60956,20.4,Overcast
2004-04-08 21:00:00+00:00,MUĞLA,48,20.8295,5.1295,0.0,6.792466,3.0,71.46035,942.00244,24.21,Overcast
2004-04-09 21:00:00+00:00,MUĞLA,48,23.779501,7.3795004,0.0,7.072878,3.0,63.327007,941.5757,24.48,Overcast
2004-04-10 21:00:00+00:00,MUĞLA,48,24.9795,9.2295,0.0,13.32,3.0,54.620438,943.43427,24.03,Overcast
2004-04-11 21:00:00+00:00,MUĞLA,48,26.279501,13.3295,0.0,7.289445,3.0,37.764114,943.35394,24.6,Overcast
2004-04-12 21:00:00+00:00,MUĞLA,48,24.0795,13.0795,0.0,15.124284,3.0,37.36028,940.2808,20.82,Overcast
2004-04-13 21:00:00+00:00,MUĞLA,48,18.779501,10.8795,0.0,17.193533,3.0,54.951233,937.4123,21.94,Overcast
2004-04-14 21:00:00+00:00,MUĞLA,48,17.2795,6.1295004,0.70000005,20.49156,51.0,50.69055,938.51984,24.59,Drizzle: Light
2004-04-15 21:00:00+00:00,MUĞLA,48,17.0295,4.9795003,0.0,23.83624,3.0,44.74202,942.11884,26.52,Overcast
2004-04-16 21:00:00+00:00,MUĞLA,48,20.5795,6.7795,2.2,7.6367526,53.0,50.874004,938.8029,16.33,Drizzle: Moderate
2004-04-17 21:00:00+00:00,MUĞLA,48,15.9795,7.2295003,14.6,20.898611,63.0,80.250725,930.0217,17.73,Rain: Moderate
2004-04-18 21:00:00+00:00,MUĞLA,48,16.5295,9.5295,22.600002,10.105681,63.0,87.955666,926.5573,19.03,Rain: Moderate
2004-04-19 21:00:00+00:00,MUĞLA,48,17.8295,8.0795,0.0,14.4,3.0,79.904274,930.657,20.38,Overcast
2004-04-20 21:00:00+00:00,MUĞLA,48,13.929501,9.5795,17.3,10.829959,63.0,90.87109,930.36035,10.58,Rain: Moderate
2004-04-21 21:00:00+00:00,MUĞLA,48,16.8795,5.6795,2.1,7.145796,61.0,73.585556,929.2978,21.25,Rain: Slight
2004-04-22 21:00:00+00:00,MUĞLA,48,17.9295,7.0295,0.0,12.287555,3.0,65.45426,930.4006,22.0,Overcast
2004-04-23 21:00:00+00:00,MUĞLA,48,19.029501,6.1795,0.0,8.161764,3.0,64.17327,935.13434,25.77,Overcast
2004-04-24 21:00:00+00:00,MUĞLA,48,18.5795,8.4795,0.0,13.797912,3.0,70.817635,937.0122,22.21,Overcast
2004-04-25 21:00:00+00:00,MUĞLA,48,20.3795,9.7795,0.0,6.9153743,3.0,68.71577,933.65436,16.86,Overcast
2004-04-26 21:00:00+00:00,MUĞLA,48,17.3795,9.7295,26.0,18.0,63.0,83.74027,928.8743,12.97,Rain: Moderate
2004-04-27 21:00:00+00:00,MUĞLA,48,16.8795,9.5795,3.5,7.729527,61.0,85.85032,936.1884,18.23,Rain: Slight
2004-04-28 21:00:00+00:00,MUĞLA,48,19.279501,7.2795,0.0,8.942214,2.0,73.255905,935.0547,23.74,Partly cloudy
2004-04-29 21:00:00+00:00,MUĞLA,48,21.279501,8.0795,0.0,10.587918,3.0,68.07278,933.3542,25.92,Overcast
2004-04-30 21:00:00+00:00,MUĞLA,48,18.5795,10.4795,1.3000001,13.049689,51.0,67.42701,932.48846,18.09,Drizzle: Light
2004-05-01 21:00:00+00:00,MUĞLA,48,19.2295,10.0295,7.4999995,5.8603754,63.0,69.73414,933.8465,20.8,Rain: Moderate
2004-05-02 21:00:00+00:00,MUĞLA,48,20.8295,8.7295,0.7,9.178235,53.0,72.99747,935.36993,24.77,Drizzle: Moderate
2004-05-03 21:00:00+00:00,MUĞLA,48,22.6295,8.5295,0.0,8.39657,3.0,69.0479,937.97833,27.05,Overcast
2004-05-04 21:00:00+00:00,MUĞLA,48,20.4295,12.8295,0.2,14.039999,51.0,56.92039,938.3055,11.82,Drizzle: Light
2004-05-05 21:00:00+00:00,MUĞLA,48,21.4795,13.4795,0.8,22.148045,53.0,62.752834,933.9847,27.35,Drizzle: Moderate
2004-05-06 21:00:00+00:00,MUĞLA,48,19.8295,11.429501,0.0,15.629971,2.0,72.97179,936.01587,27.16,Partly cloudy
2004-05-07 21:00:00+00:00,MUĞLA,48,21.4295,10.8295,0.0,10.514218,3.0,68.51911,937.7364,27.37,Overcast
2004-05-08 21:00:00+00:00,MUĞLA,48,25.2295,10.0295,0.0,9.746631,3.0,64.46319,934.49927,26.19,Overcast
2004-05-09 21:00:00+00:00,MUĞLA,48,24.279501,12.4795,0.0,12.9249525,2.0,60.249798,927.553,26.18,Partly cloudy
2004-05-10 21:00:00+00:00,MUĞLA,48,23.529501,11.429501,0.0,17.208603,2.0,58.694427,932.9756,27.59,Partly cloudy
2004-05-11 21:00:00+00:00,MUĞLA,48,23.279501,10.7795,0.0,13.493999,0.0,50.87184,936.2609,28.47,Clear sky
2004-05-12 21:00:00+00:00,MUĞLA,48,23.8795,10.7795,0.0,18.888851,2.0,54.595,933.9062,25.48,Partly cloudy
2004-05-13 21:00:00+00:00,MUĞLA,48,20.4295,10.7795,0.0,14.799459,3.0,68.19071,930.6633,21.21,Overcast
2004-05-14 21:00:00+00:00,MUĞLA,48,21.1795,10.4795,0.5,16.039202,53.0,60.948566,933.69,26.33,Drizzle: Moderate
2004-05-15 21:00:00+00:00,MUĞLA,48,21.1795,10.0295,0.0,12.819235,2.0,47.377453,933.521,28.82,Partly cloudy
2004-05-16 21:00:00+00:00,MUĞLA,48,19.529501,8.6795,0.0,15.021105,3.0,57.28355,934.6385,25.86,Overcast
2004-05-17 21:00:00+00:00,MUĞLA,48,16.8795,9.8795,2.7,13.746156,53.0,72.871925,938.5087,22.05,Drizzle: Moderate
2004-05-18 21:00:00+00:00,MUĞLA,48,19.5795,8.0295,2.8000002,12.261158,61.0,62.630543,939.0874,26.67,Rain: Slight
2004-05-19 21:00:00+00:00,MUĞLA,48,22.529501,7.9795003,0.0,7.5685663,0.0,52.970043,939.6269,29.18,Clear sky
2004-05-20 21:00:00+00:00,MUĞLA,48,23.4795,9.3795,0.0,12.88981,2.0,61.8329,940.90155,27.52,Partly cloudy
2004-05-21 21:00:00+00:00,MUĞLA,48,23.1795,10.179501,0.0,13.849477,0.0,62.65443,940.5035,27.57,Clear sky
2004-05-22 21:00:00+00:00,MUĞLA,48,23.7295,10.1295,0.0,11.885453,2.0,60.75644,939.19476,29.01,Partly cloudy
2004-05-23 21:00:00+00:00,MUĞLA,48,24.0795,10.1295,0.0,12.538134,1.0,54.463955,937.84174,29.29,Mainly clear
2004-05-24 21:00:00+00:00,MUĞLA,48,25.279501,10.9795,2.9,14.81259,63.0,57.297855,937.9665,23.95,Rain: Moderate
2004-05-25 21:00:00+00:00,MUĞLA,48,26.0795,12.2295,0.0,13.779114,3.0,49.629528,936.02313,29.16,Overcast
2004-05-26 21:00:00+00:00,MUĞLA,48,26.9295,12.6295,0.0,13.363711,0.0,43.662663,936.2194,29.51,Clear sky
2004-05-27 21:00:00+00:00,MUĞLA,48,28.0795,12.8795,0.0,8.669949,3.0,41.46997,937.1797,29.71,Overcast
2004-05-28 21:00:00+00:00,MUĞLA,48,26.6795,13.679501,0.0,13.783817,1.0,46.902622,936.4992,28.94,Mainly clear
2004-05-29 21:00:00+00:00,MUĞLA,48,25.6295,11.429501,0.3,13.570615,51.0,52.380657,935.32404,29.0,Drizzle: Light
2004-05-30 21:00:00+00:00,MUĞLA,48,24.0795,12.0795,0.0,13.979872,1.0,56.95754,936.4036,28.59,Mainly clear
2004-05-31 21:00:00+00:00,MUĞLA,48,24.6795,12.4795,0.1,11.808878,51.0,51.363575,939.94354,27.06,Drizzle: Light
2004-06-01 21:00:00+00:00,MUĞLA,48,24.4795,12.3795,0.6,13.18308,51.0,54.058125,940.5925,28.08,Drizzle: Light
2004-06-02 21:00:00+00:00,MUĞLA,48,22.029501,12.8795,0.4,11.269782,51.0,72.44823,939.2496,22.54,Drizzle: Light
2004-06-03 21:00:00+00:00,MUĞLA,48,25.529501,13.1295,0.0,11.298495,3.0,66.80163,940.1272,28.14,Overcast
2004-06-04 21:00:00+00:00,MUĞLA,48,25.9295,15.5795,0.0,21.129885,3.0,57.253967,939.3403,25.15,Overcast
2004-06-05 21:00:00+00:00,MUĞLA,48,24.6795,14.8295,2.5000002,15.111424,53.0,60.957966,938.9634,25.53,Drizzle: Moderate
2004-06-06 21:00:00+00:00,MUĞLA,48,25.5795,12.8795,0.0,12.10157,0.0,63.156967,939.7131,29.1,Clear sky
2004-06-07 21:00:00+00:00,MUĞLA,48,26.279501,13.929501,0.0,15.542662,1.0,51.944,937.5164,27.62,Mainly clear
2004-06-08 21:00:00+00:00,MUĞLA,48,27.6295,15.3295,0.0,18.391737,0.0,40.351727,937.3694,29.89,Clear sky
2004-06-09 21:00:00+00:00,MUĞLA,48,28.529501,14.429501,0.0,16.075521,2.0,34.799664,938.95844,29.35,Partly cloudy
2004-06-10 21:00:00+00:00,MUĞLA,48,30.3295,15.9795,0.0,8.287822,3.0,38.663868,939.878,29.44,Overcast
2004-06-11 21:00:00+00:00,MUĞLA,48,30.6795,15.8795,0.0,11.631956,0.0,41.456364,941.8101,29.76,Clear sky
2004-06-12 21:00:00+00:00,MUĞLA,48,31.8295,16.5295,0.0,11.966954,2.0,45.129505,941.573,28.92,Partly cloudy
2004-06-13 21:00:00+00:00,MUĞLA,48,34.0795,17.3295,0.2,15.141414,51.0,43.542194,939.6385,28.77,Drizzle: Light
2004-06-14 21:00:00+00:00,MUĞLA,48,33.5295,19.5795,0.0,15.725037,2.0,32.72682,936.10986,29.1,Partly cloudy
2004-06-15 21:00:00+00:00,MUĞLA,48,33.7795,19.8295,0.0,13.104198,0.0,35.23484,933.583,29.85,Clear sky
2004-06-16 21:00:00+00:00,MUĞLA,48,33.9795,19.2295,0.0,14.20062,1.0,33.608555,935.8377,29.66,Mainly clear
2004-06-17 21:00:00+00:00,MUĞLA,48,31.1295,20.279501,2.1,21.03152,61.0,43.33089,935.1829,22.32,Rain: Slight
2004-06-18 21:00:00+00:00,MUĞLA,48,23.1295,16.9295,1.8000002,12.783802,53.0,72.13971,932.2055,21.4,Drizzle: Moderate
2004-06-19 21:00:00+00:00,MUĞLA,48,30.029501,16.5795,0.0,10.703569,3.0,60.19472,933.79254,27.71,Overcast
2004-06-20 21:00:00+00:00,MUĞLA,48,30.4795,17.5295,0.0,13.797912,2.0,56.12289,937.56476,29.8,Partly cloudy
2004-06-21 21:00:00+00:00,MUĞLA,48,32.0795,17.9795,0.0,14.689588,1.0,45.079388,938.1591,29.33,Mainly clear
2004-06-22 21:00:00+00:00,MUĞLA,48,30.0795,19.029501,0.5,16.80857,53.0,41.612774,934.9021,27.71,Drizzle: Moderate
2004-06-23 21:00:00+00:00,MUĞLA,48,27.3295,17.779501,0.0,16.263872,3.0,48.2451,932.6924,26.3,Overcast
2004-06-24 21:00:00+00:00,MUĞLA,48,30.8295,17.4295,0.0,10.829958,2.0,43.425903,936.3322,29.7,Partly cloudy
2004-06-25 21:00:00+00:00,MUĞLA,48,32.7295,17.6795,0.0,11.720751,2.0,42.061512,939.2226,29.8,Partly cloudy
2004-06-26 21:00:00+00:00,MUĞLA,48,34.129498,18.6795,0.0,15.990646,0.0,35.67145,939.3127,29.93,Clear sky
2004-06-27 21:00:00+00:00,MUĞLA,48,32.5295,20.5795,0.0,18.899143,0.0,29.417967,939.21625,30.31,Clear sky
2004-06-28 21:00:00+00:00,MUĞLA,48,33.9795,19.4795,0.0,13.276144,0.0,26.076479,939.6386,30.78,Clear sky
2004-06-29 21:00:00+00:00,MUĞLA,48,34.8295,17.8795,0.0,15.192682,0.0,27.261993,938.4978,30.01,Clear sky
2004-06-30 21:00:00+00:00,MUĞLA,48,33.5795,20.9795,0.0,15.328561,0.0,30.020681,938.67816,30.01,Clear sky
2004-07-01 21:00:00+00:00,MUĞLA,48,34.0795,19.4295,0.0,11.4862,0.0,26.41751,936.9102,30.1,Clear sky
2004-07-02 21:00:00+00:00,MUĞLA,48,35.3295,19.3795,0.0,10.948973,0.0,29.991453,935.096,29.78,Clear sky
2004-07-03 21:00:00+00:00,MUĞLA,48,36.9795,21.4295,0.0,15.077082,0.0,22.999557,936.69464,30.14,Clear sky
2004-07-04 21:00:00+00:00,MUĞLA,48,37.129498,21.9795,0.0,9.673221,0.0,24.969107,937.1512,30.13,Clear sky
2004-07-05 21:00:00+00:00,MUĞLA,48,37.0795,21.0795,0.0,12.074766,0.0,31.187202,936.16425,30.09,Clear sky
2004-07-06 21:00:00+00:00,MUĞLA,48,37.4795,21.5795,3.4,10.948973,61.0,37.207333,934.96,28.2,Rain: Slight
2004-07-07 21:00:00+00:00,MUĞLA,48,37.5795,22.2295,0.0,12.904882,0.0,31.563583,934.8052,29.22,Clear sky
2004-07-08 21:00:00+00:00,MUĞLA,48,36.5295,22.1295,0.0,13.70839,0.0,28.511612,935.2263,30.03,Clear sky
2004-07-09 21:00:00+00:00,MUĞLA,48,37.379498,22.6795,0.0,11.792404,0.0,23.66507,934.4344,29.83,Clear sky
2004-07-10 21:00:00+00:00,MUĞLA,48,37.879498,22.4795,0.0,14.404499,0.0,20.435652,932.59326,29.98,Clear sky
2004-07-11 21:00:00+00:00,MUĞLA,48,35.929497,22.3295,0.0,20.746122,0.0,26.611311,933.3383,29.38,Clear sky
2004-07-12 21:00:00+00:00,MUĞLA,48,34.2795,20.8795,0.0,19.469976,0.0,33.468754,934.6955,28.69,Clear sky
2004-07-13 21:00:00+00:00,MUĞLA,48,29.029501,19.6295,0.0,14.57889,2.0,48.538822,932.9514,24.38,Partly cloudy
2004-07-14 21:00:00+00:00,MUĞLA,48,28.779501,19.1295,0.2,11.841756,51.0,40.97303,932.1712,26.25,Drizzle: Light
2004-07-15 21:00:00+00:00,MUĞLA,48,28.3795,18.1295,0.2,9.255571,51.0,35.197773,934.3459,25.14,Drizzle: Light
2004-07-16 21:00:00+00:00,MUĞLA,48,29.6795,17.9795,0.0,8.4963045,2.0,32.376553,938.5623,28.0,Partly cloudy
2004-07-17 21:00:00+00:00,MUĞLA,48,31.779501,18.279501,0.0,12.7279215,0.0,30.55382,940.008,29.51,Clear sky
2004-07-18 21:00:00+00:00,MUĞLA,48,33.2295,20.279501,0.0,13.392774,0.0,28.1128,938.023,29.6,Clear sky
2004-07-19 21:00:00+00:00,MUĞLA,48,33.8295,20.029501,0.0,11.304229,0.0,26.823881,935.5166,29.67,Clear sky
2004-07-20 21:00:00+00:00,MUĞLA,48,34.2795,21.3295,0.0,14.57889,0.0,25.19694,935.0757,29.42,Clear sky
2004-07-21 21:00:00+00:00,MUĞLA,48,35.0795,20.2295,0.0,11.659777,0.0,21.212137,935.3386,29.48,Clear sky
2004-07-22 21:00:00+00:00,MUĞLA,48,34.5295,20.8795,0.0,11.212135,0.0,20.05139,935.0579,29.37,Clear sky
2004-07-23 21:00:00+00:00,MUĞLA,48,34.5295,20.7295,0.0,10.00256,2.0,26.47873,933.69806,28.7,Partly cloudy
2004-07-24 21:00:00+00:00,MUĞLA,48,34.379498,21.5795,0.0,8.0899935,3.0,30.514261,932.23016,27.13,Overcast
2004-07-25 21:00:00+00:00,MUĞLA,48,32.8295,20.3795,0.0,14.658676,1.0,42.619755,933.751,28.22,Mainly clear
2004-07-26 21:00:00+00:00,MUĞLA,48,31.6295,19.7295,0.0,15.463246,0.0,45.659756,936.3455,28.21,Clear sky
2004-07-27 21:00:00+00:00,MUĞLA,48,32.0295,19.0795,0.0,12.4811535,0.0,51.719883,938.0857,27.63,Clear sky
2004-07-28 21:00:00+00:00,MUĞLA,48,33.2295,19.3795,0.0,12.261157,0.0,47.54227,936.84894,28.2,Clear sky
2004-07-29 21:00:00+00:00,MUĞLA,48,34.7295,19.6295,0.0,14.869351,0.0,39.06535,935.6893,28.23,Clear sky
2004-07-30 21:00:00+00:00,MUĞLA,48,34.379498,20.3795,0.0,13.246826,0.0,42.820034,935.13257,27.56,Clear sky
2004-07-31 21:00:00+00:00,MUĞLA,48,32.0295,21.279501,0.0,11.753876,1.0,52.43097,933.92487,25.72,Mainly clear
2004-08-01 21:00:00+00:00,MUĞLA,48,31.779501,21.0795,0.0,13.441071,2.0,45.50415,932.5169,23.85,Partly cloudy
2004-08-02 21:00:00+00:00,MUĞLA,48,32.9295,21.1795,0.0,14.345898,0.0,36.015537,931.82086,27.58,Clear sky
2004-08-03 21:00:00+00:00,MUĞLA,48,33.7295,20.529501,0.0,10.1376915,2.0,29.719347,933.19794,27.67,Partly cloudy
2004-08-04 21:00:00+00:00,MUĞLA,48,34.0795,20.6795,0.1,13.397612,51.0,30.060202,934.7575,27.54,Drizzle: Light
2004-08-05 21:00:00+00:00,MUĞLA,48,34.429497,20.529501,0.0,15.463246,2.0,32.10881,936.6865,27.44,Partly cloudy
2004-08-06 21:00:00+00:00,MUĞLA,48,33.9795,20.9795,0.1,17.298738,51.0,35.03073,937.0198,27.3,Drizzle: Light
2004-08-07 21:00:00+00:00,MUĞLA,48,34.3295,19.9795,0.0,12.10157,2.0,39.041428,934.9134,26.94,Partly cloudy
2004-08-08 21:00:00+00:00,MUĞLA,48,34.2295,22.0795,0.0,12.904882,2.0,39.019726,934.426,25.51,Partly cloudy
2004-08-09 21:00:00+00:00,MUĞLA,48,34.2295,21.7295,0.0,16.09969,0.0,36.57288,933.7552,27.03,Clear sky
2004-08-10 21:00:00+00:00,MUĞLA,48,30.779501,20.2295,0.0,18.03237,0.0,41.664227,933.6206,26.83,Clear sky
2004-08-11 21:00:00+00:00,MUĞLA,48,32.1795,19.779501,0.0,17.57744,0.0,34.927944,935.09454,27.01,Clear sky
2004-08-12 21:00:00+00:00,MUĞLA,48,33.1795,19.8795,0.0,11.165805,0.0,31.144121,936.3626,27.02,Clear sky
2004-08-13 21:00:00+00:00,MUĞLA,48,33.3295,18.8795,0.0,13.392774,0.0,38.75304,936.4057,26.91,Clear sky
2004-08-14 21:00:00+00:00,MUĞLA,48,31.4795,19.1795,0.0,13.392774,0.0,50.499607,933.57513,26.14,Clear sky
2004-08-15 21:00:00+00:00,MUĞLA,48,29.279501,19.9795,1.2,9.726664,53.0,57.929615,932.9089,22.65,Drizzle: Moderate
2004-08-16 21:00:00+00:00,MUĞLA,48,27.3795,19.4795,8.1,10.144082,63.0,67.60711,936.13983,20.74,Rain: Moderate
2004-08-17 21:00:00+00:00,MUĞLA,48,30.5795,17.8295,0.0,13.779114,1.0,55.637356,938.9992,25.75,Mainly clear
2004-08-18 21:00:00+00:00,MUĞLA,48,31.4295,17.9795,0.0,15.596767,0.0,38.167732,937.5715,26.49,Clear sky
2004-08-19 21:00:00+00:00,MUĞLA,48,31.9295,19.1295,0.0,16.485485,0.0,36.846443,934.7236,26.11,Clear sky
2004-08-20 21:00:00+00:00,MUĞLA,48,33.379498,19.029501,0.0,8.0899935,0.0,36.790905,935.075,26.18,Clear sky
2004-08-21 21:00:00+00:00,MUĞLA,48,33.379498,18.3795,0.0,13.551501,0.0,38.860523,936.468,25.79,Clear sky
2004-08-22 21:00:00+00:00,MUĞLA,48,33.879498,18.4795,0.0,15.03835,0.0,41.751392,937.8621,25.77,Clear sky
2004-08-23 21:00:00+00:00,MUĞLA,48,32.7295,19.7295,0.0,11.480557,0.0,39.067425,938.5406,25.53,Clear sky
2004-08-24 21:00:00+00:00,MUĞLA,48,33.379498,19.529501,0.0,9.178235,0.0,32.37295,937.9314,25.65,Clear sky
2004-08-25 21:00:00+00:00,MUĞLA,48,34.7295,19.0795,0.0,11.885453,0.0,27.143435,936.64813,25.54,Clear sky
2004-08-26 21:00:00+00:00,MUĞLA,48,35.629498,19.3295,0.0,11.885453,2.0,30.21653,935.0037,24.32,Partly cloudy
2004-08-27 21:00:00+00:00,MUĞLA,48,28.8295,19.4295,0.0,15.546833,0.0,57.422363,934.2344,23.04,Clear sky
2004-08-28 21:00:00+00:00,MUĞLA,48,30.779501,17.0295,0.0,9.726664,0.0,44.118954,937.624,24.64,Clear sky
2004-08-29 21:00:00+00:00,MUĞLA,48,31.5795,17.8295,0.0,9.178235,0.0,38.080605,938.2503,24.49,Clear sky
2004-08-30 21:00:00+00:00,MUĞLA,48,32.2295,18.4795,0.0,9.339208,0.0,40.621666,936.9914,24.09,Clear sky
2004-08-31 21:00:00+00:00,MUĞLA,48,32.5795,19.4295,0.0,8.049845,2.0,39.258213,935.8609,22.71,Partly cloudy
2004-09-01 21:00:00+00:00,MUĞLA,48,33.629498,20.8295,0.0,8.225035,1.0,37.540516,936.4101,22.29,Mainly clear
2004-09-02 21:00:00+00:00,MUĞLA,48,33.5295,21.6295,0.5,7.10031,53.0,37.587055,938.6296,19.93,Drizzle: Moderate
2004-09-03 21:00:00+00:00,MUĞLA,48,33.7795,21.3795,0.0,9.178235,2.0,33.135128,938.1397,22.54,Partly cloudy
2004-09-04 21:00:00+00:00,MUĞLA,48,31.779501,20.1795,0.0,10.195057,1.0,27.885475,936.0184,23.53,Mainly clear
2004-09-05 21:00:00+00:00,MUĞLA,48,29.5795,18.8795,1.3,10.296251,53.0,36.908405,936.93896,22.08,Drizzle: Moderate
2004-09-06 21:00:00+00:00,MUĞLA,48,29.1295,17.8795,0.1,9.6932955,51.0,40.76666,939.2073,21.37,Drizzle: Light
2004-09-07 21:00:00+00:00,MUĞLA,48,29.4295,16.3295,0.0,13.679999,1.0,39.292103,938.36206,22.5,Mainly clear
2004-09-08 21:00:00+00:00,MUĞLA,48,28.279501,15.5295,0.0,16.946787,1.0,43.46306,936.0141,21.95,Mainly clear
2004-09-09 21:00:00+00:00,MUĞLA,48,24.4795,15.2295,0.0,22.218153,0.0,33.88064,939.52716,23.19,Clear sky
2004-09-10 21:00:00+00:00,MUĞLA,48,24.029501,12.7295,0.0,19.319628,0.0,26.722284,941.007,23.24,Clear sky
2004-09-11 21:00:00+00:00,MUĞLA,48,26.8295,12.5295,0.0,11.503113,0.0,26.108246,940.9512,23.35,Clear sky
2004-09-12 21:00:00+00:00,MUĞLA,48,28.3795,12.7795,0.0,7.342588,0.0,27.133642,940.11053,23.01,Clear sky
2004-09-13 21:00:00+00:00,MUĞLA,48,30.0795,12.929501,0.0,8.217153,0.0,29.053904,941.3523,22.84,Clear sky
2004-09-14 21:00:00+00:00,MUĞLA,48,31.4795,13.7295,0.0,8.12197,0.0,33.242237,940.40796,22.53,Clear sky
2004-09-15 21:00:00+00:00,MUĞLA,48,32.2295,15.5295,0.0,8.905908,0.0,27.424944,937.2675,22.34,Clear sky
2004-09-16 21:00:00+00:00,MUĞLA,48,31.9295,16.8795,0.0,8.699793,0.0,26.780352,936.62695,21.8,Clear sky
2004-09-17 21:00:00+00:00,MUĞLA,48,31.0795,16.4295,0.0,10.799999,0.0,32.088017,938.6059,21.37,Clear sky
2004-09-18 21:00:00+00:00,MUĞLA,48,31.2295,16.0295,0.0,11.988594,0.0,38.786808,939.94855,21.23,Clear sky
2004-09-19 21:00:00+00:00,MUĞLA,48,32.2295,16.1795,0.0,10.464797,0.0,38.558773,941.3401,20.84,Clear sky
2004-09-20 21:00:00+00:00,MUĞLA,48,31.279501,16.8295,0.0,10.390226,3.0,42.882397,939.9714,19.77,Overcast
2004-09-21 21:00:00+00:00,MUĞLA,48,27.6295,17.4795,0.0,13.708391,1.0,49.02707,936.62494,18.07,Mainly clear
2004-09-22 21:00:00+00:00,MUĞLA,48,26.3295,15.6295,0.0,11.246759,2.0,70.68281,936.9448,18.58,Partly cloudy
2004-09-23 21:00:00+00:00,MUĞLA,48,25.279501,16.5295,0.0,16.62249,2.0,76.21888,938.4165,18.29,Partly cloudy
2004-09-24 21:00:00+00:00,MUĞLA,48,22.279501,16.2295,2.3000002,16.394829,53.0,87.04618,940.0669,13.28,Drizzle: Moderate
2004-09-25 21:00:00+00:00,MUĞLA,48,27.6795,15.8295,0.0,13.207634,1.0,61.941803,942.1402,16.77,Mainly clear
2004-09-26 21:00:00+00:00,MUĞLA,48,30.5795,18.9295,0.0,13.009903,0.0,45.40637,943.43243,19.78,Clear sky
2004-09-27 21:00:00+00:00,MUĞLA,48,33.879498,16.9295,0.0,8.049845,1.0,34.546528,943.50385,19.61,Mainly clear
2004-09-28 21:00:00+00:00,MUĞLA,48,33.679497,18.2295,0.0,13.1041975,2.0,32.273685,940.7033,19.21,Partly cloudy
2004-09-29 21:00:00+00:00,MUĞLA,48,30.1295,18.8295,0.0,14.386494,0.0,42.36617,941.9895,18.78,Clear sky
2004-09-30 21:00:00+00:00,MUĞLA,48,27.4295,15.0295,0.0,12.096214,0.0,48.401173,942.2874,19.14,Clear sky
2004-10-01 21:00:00+00:00,MUĞLA,48,27.779501,14.929501,0.0,13.039754,0.0,36.154713,940.44214,19.07,Clear sky
2004-10-02 21:00:00+00:00,MUĞLA,48,26.4295,14.5295,0.0,15.111424,0.0,30.828913,939.2967,19.11,Clear sky
2004-10-03 21:00:00+00:00,MUĞLA,48,25.529501,14.0795,0.0,9.255571,1.0,38.338497,939.2972,18.72,Mainly clear
2004-10-04 21:00:00+00:00,MUĞLA,48,24.4295,13.179501,0.0,8.647496,3.0,39.943203,938.77484,16.06,Overcast
2004-10-05 21:00:00+00:00,MUĞLA,48,21.279501,13.5295,2.4,9.021574,53.0,59.52564,937.1753,12.28,Drizzle: Moderate
2004-10-06 21:00:00+00:00,MUĞLA,48,18.6795,12.8295,17.3,7.386582,63.0,76.44505,937.3671,13.26,Rain: Moderate
2004-10-07 21:00:00+00:00,MUĞLA,48,18.529501,10.8295,18.600002,6.297428,63.0,88.672615,938.1645,13.29,Rain: Moderate
2004-10-08 21:00:00+00:00,MUĞLA,48,20.8295,9.0295,0.0,7.342588,3.0,73.95609,938.39874,16.36,Overcast
2004-10-09 21:00:00+00:00,MUĞLA,48,22.3795,10.5295,0.0,7.7043357,0.0,64.83547,940.71173,17.6,Clear sky
2004-10-10 21:00:00+00:00,MUĞLA,48,23.5795,11.1295,0.0,8.435069,0.0,68.35351,941.9136,17.28,Clear sky
2004-10-11 21:00:00+00:00,MUĞLA,48,25.6295,11.179501,0.0,8.373386,2.0,65.25616,941.0789,17.12,Partly cloudy
2004-10-12 21:00:00+00:00,MUĞLA,48,23.779501,14.0795,0.0,10.823973,3.0,62.41098,941.2016,13.55,Overcast
2004-10-13 21:00:00+00:00,MUĞLA,48,24.4295,12.4795,0.0,9.3669195,3.0,61.276035,942.48334,16.32,Overcast
2004-10-14 21:00:00+00:00,MUĞLA,48,24.4795,12.5795,0.0,10.739833,3.0,60.214325,943.8947,15.42,Overcast
2004-10-15 21:00:00+00:00,MUĞLA,48,25.6295,14.5795,0.1,10.1887,51.0,54.97824,944.2678,16.05,Drizzle: Light
2004-10-16 21:00:00+00:00,MUĞLA,48,26.1295,17.4295,0.0,11.298495,3.0,41.739365,943.9899,15.89,Overcast
2004-10-17 21:00:00+00:00,MUĞLA,48,25.8295,16.5795,0.0,12.661564,1.0,45.549973,944.66315,16.05,Mainly clear
2004-10-18 21:00:00+00:00,MUĞLA,48,26.1295,13.8295,0.0,9.793059,2.0,53.33461,944.0371,15.92,Partly cloudy
2004-10-19 21:00:00+00:00,MUĞLA,48,27.0795,12.0295,0.0,13.004922,3.0,53.598537,939.66376,15.12,Overcast
2004-10-20 21:00:00+00:00,MUĞLA,48,26.029501,13.8795,0.0,11.525623,1.0,49.496197,938.81104,15.31,Mainly clear
2004-10-21 21:00:00+00:00,MUĞLA,48,24.9795,13.3295,0.0,5.95906,2.0,54.73376,940.2666,15.18,Partly cloudy
2004-10-22 21:00:00+00:00,MUĞLA,48,24.0795,12.9795,0.3,8.714677,51.0,60.27283,942.25464,14.9,Drizzle: Light
2004-10-23 21:00:00+00:00,MUĞLA,48,23.2295,12.8295,1.8000001,7.9036193,55.0,78.6433,942.8816,13.89,Drizzle: Dense
2004-10-24 21:00:00+00:00,MUĞLA,48,23.1795,11.8795,0.0,9.107359,1.0,70.13837,942.5681,13.84,Mainly clear
2004-10-25 21:00:00+00:00,MUĞLA,48,24.279501,11.5795,0.0,12.661564,1.0,56.038303,941.4856,14.24,Mainly clear
2004-10-26 21:00:00+00:00,MUĞLA,48,23.4795,14.7795,0.0,10.805998,1.0,51.01149,941.2752,14.12,Mainly clear
2004-10-27 21:00:00+00:00,MUĞLA,48,22.2295,12.679501,0.0,10.144082,3.0,66.280045,940.2744,11.79,Overcast
2004-10-28 21:00:00+00:00,MUĞLA,48,23.279501,10.0295,0.0,7.968939,2.0,69.62284,938.5411,13.83,Partly cloudy
2004-10-29 21:00:00+00:00,MUĞLA,48,23.4795,11.2795,0.0,8.654986,3.0,70.56972,939.48016,13.95,Overcast
2004-10-30 21:00:00+00:00,MUĞLA,48,24.6795,11.179501,0.0,5.154415,0.0,58.42893,941.98236,14.05,Clear sky
2004-10-31 21:00:00+00:00,MUĞLA,48,25.029501,11.1295,0.0,5.315336,0.0,51.17922,942.14624,14.02,Clear sky
2004-11-01 21:00:00+00:00,MUĞLA,48,25.2295,10.9795,0.0,5.8603754,1.0,55.040615,941.72906,13.76,Mainly clear
2004-11-02 21:00:00+00:00,MUĞLA,48,24.529501,11.4795,0.0,5.3999996,3.0,57.46104,940.9222,13.33,Overcast
2004-11-03 21:00:00+00:00,MUĞLA,48,23.529501,12.1295,0.0,7.2,3.0,62.752,941.0003,12.93,Overcast
2004-11-04 21:00:00+00:00,MUĞLA,48,21.5795,12.3795,0.5,9.387651,53.0,63.918743,940.3902,11.43,Drizzle: Moderate
2004-11-05 21:00:00+00:00,MUĞLA,48,19.8795,11.9795,3.1,9.346143,53.0,72.60441,937.60016,8.46,Drizzle: Moderate
2004-11-06 21:00:00+00:00,MUĞLA,48,17.1795,10.4795,2.5000002,10.041354,53.0,82.86523,935.6425,8.19,Drizzle: Moderate
2004-11-07 21:00:00+00:00,MUĞLA,48,16.3295,12.679501,4.1000004,18.1041,53.0,92.68079,934.2553,7.11,Drizzle: Moderate
2004-11-08 21:00:00+00:00,MUĞLA,48,16.2795,13.0295,7.4,13.708391,55.0,94.73038,934.57,6.09,Drizzle: Dense
2004-11-09 21:00:00+00:00,MUĞLA,48,17.0295,11.7295,6.2,11.659777,55.0,87.29105,936.3724,8.42,Drizzle: Dense
2004-11-10 21:00:00+00:00,MUĞLA,48,19.1295,10.0795,0.2,8.654986,51.0,81.03255,939.89795,11.24,Drizzle: Light
2004-11-11 21:00:00+00:00,MUĞLA,48,21.0795,9.5795,0.0,6.638072,3.0,72.303795,944.20557,11.45,Overcast
2004-11-12 21:00:00+00:00,MUĞLA,48,21.1295,10.1295,0.0,9.0,3.0,70.75587,942.6346,11.38,Overcast
2004-11-13 21:00:00+00:00,MUĞLA,48,19.6295,11.6295,0.0,18.455048,3.0,65.70061,940.3709,7.63,Overcast
2004-11-14 21:00:00+00:00,MUĞLA,48,17.1795,11.2795,43.8,22.55106,63.0,85.40679,935.97437,5.64,Rain: Moderate
2004-11-15 21:00:00+00:00,MUĞLA,48,14.7295,9.7295,16.599998,10.495713,63.0,92.22314,934.73944,8.02,Rain: Moderate
2004-11-16 21:00:00+00:00,MUĞLA,48,13.5295,7.4295,3.6000001,16.520823,55.0,80.36565,934.0691,10.01,Drizzle: Dense
2004-11-17 21:00:00+00:00,MUĞLA,48,15.3295,5.5295,0.0,11.384199,0.0,58.38287,939.88153,12.3,Clear sky
2004-11-18 21:00:00+00:00,MUĞLA,48,13.429501,7.4795003,0.8,10.483357,51.0,72.34907,938.65314,10.96,Drizzle: Light
2004-11-19 21:00:00+00:00,MUĞLA,48,12.3795,9.3295,42.499996,14.05845,63.0,96.52621,933.08594,2.66,Rain: Moderate
2004-11-20 21:00:00+00:00,MUĞLA,48,12.0295,3.1795,3.8000002,16.946787,55.0,73.31085,933.4863,10.12,Drizzle: Dense
2004-11-21 21:00:00+00:00,MUĞLA,48,3.8795,-0.5705,0.0,18.775301,1.0,48.014587,940.7678,11.99,Mainly clear
2004-11-22 21:00:00+00:00,MUĞLA,48,6.7295003,-1.0705,0.0,9.826088,2.0,56.336346,944.7896,11.59,Partly cloudy
2004-11-23 21:00:00+00:00,MUĞLA,48,10.0795,0.37950003,8.4,8.209263,63.0,76.33242,941.0932,7.45,Rain: Moderate
2004-11-24 21:00:00+00:00,MUĞLA,48,8.1295,0.5795001,9.299999,15.84,63.0,85.488365,934.9705,7.11,Rain: Moderate
2004-11-25 21:00:00+00:00,MUĞLA,48,3.5795002,-2.3205,0.0,18.0036,1.0,55.477203,941.65576,11.34,Mainly clear
2004-11-26 21:00:00+00:00,MUĞLA,48,8.5795,-0.62049997,0.0,10.966713,0.0,58.650623,944.7305,11.17,Clear sky
2004-11-27 21:00:00+00:00,MUĞLA,48,10.1295,0.6795001,0.0,7.6367526,3.0,69.388214,946.1311,10.21,Overcast
2004-11-28 21:00:00+00:00,MUĞLA,48,10.5795,6.6295004,4.4,9.659814,53.0,90.959785,947.7072,3.64,Drizzle: Moderate
2004-11-29 21:00:00+00:00,MUĞLA,48,12.679501,6.3295,0.0,8.209263,3.0,90.234566,947.5877,7.66,Overcast
2004-11-30 21:00:00+00:00,MUĞLA,48,14.679501,5.6795,0.0,7.24486,3.0,84.73241,947.7824,8.15,Overcast
2004-12-01 21:00:00+00:00,MUĞLA,48,15.5795,3.3795,0.0,5.634891,3.0,78.78223,948.22833,10.3,Overcast
2004-12-02 21:00:00+00:00,MUĞLA,48,16.4795,4.3795,0.0,4.452954,3.0,77.733894,949.2128,10.22,Overcast
2004-12-03 21:00:00+00:00,MUĞLA,48,16.9295,5.7295003,0.0,5.3517847,3.0,77.01772,948.6337,9.92,Overcast
2004-12-04 21:00:00+00:00,MUĞLA,48,14.6295,4.8295,0.7,6.9247384,51.0,83.41667,946.8857,3.59,Drizzle: Light
2004-12-05 21:00:00+00:00,MUĞLA,48,15.679501,4.2295003,0.0,7.4128532,2.0,82.2282,944.8006,10.06,Partly cloudy
2004-12-06 21:00:00+00:00,MUĞLA,48,14.179501,3.9295,0.0,13.570615,3.0,83.7419,944.4995,8.34,Overcast
2004-12-07 21:00:00+00:00,MUĞLA,48,12.929501,3.6295,0.0,11.681987,3.0,71.40624,945.7175,10.5,Overcast
2004-12-08 21:00:00+00:00,MUĞLA,48,13.7795,4.7795,0.0,6.0347,3.0,69.1018,944.62445,9.08,Overcast
2004-12-09 21:00:00+00:00,MUĞLA,48,14.0795,4.3295,1.1,6.792466,53.0,65.48188,940.8641,8.84,Drizzle: Moderate
2004-12-10 21:00:00+00:00,MUĞLA,48,13.2295,4.7295003,1.4000001,10.594036,51.0,71.96554,940.75604,9.68,Drizzle: Light
2004-12-11 21:00:00+00:00,MUĞLA,48,11.3295,0.77950007,0.0,9.19939,0.0,64.20962,943.64844,10.12,Clear sky
2004-12-12 21:00:00+00:00,MUĞLA,48,12.0795,2.3295002,0.0,6.2145634,0.0,68.03199,943.71783,9.2,Clear sky
2004-12-13 21:00:00+00:00,MUĞLA,48,11.929501,0.8295001,0.0,11.966953,2.0,62.890717,941.41705,10.13,Partly cloudy
2004-12-14 21:00:00+00:00,MUĞLA,48,7.2795,0.4295001,0.0,13.049689,0.0,58.054077,941.9748,10.53,Clear sky
2004-12-15 21:00:00+00:00,MUĞLA,48,7.8295,-1.2704998,0.0,9.826088,2.0,49.959682,943.73413,10.61,Partly cloudy
2004-12-16 21:00:00+00:00,MUĞLA,48,8.4295,1.9795,0.0,10.308831,3.0,66.932945,944.41376,7.52,Overcast
2004-12-17 21:00:00+00:00,MUĞLA,48,6.0295,4.8295,46.099995,20.68356,63.0,91.65508,937.9548,1.04,Rain: Moderate
2004-12-18 21:00:00+00:00,MUĞLA,48,8.0295,5.5795,30.0,22.415602,63.0,93.882256,928.25653,1.94,Rain: Moderate
2004-12-19 21:00:00+00:00,MUĞLA,48,10.5795,3.9795003,0.70000005,11.183201,51.0,90.43875,930.9943,6.71,Drizzle: Light
2004-12-20 21:00:00+00:00,MUĞLA,48,11.2795,5.8295,3.8999999,14.145756,55.0,94.781456,937.32135,6.63,Drizzle: Dense
2004-12-21 21:00:00+00:00,MUĞLA,48,8.9795,6.7795,7.7,12.57426,55.0,97.12601,935.5977,2.31,Drizzle: Dense
2004-12-22 21:00:00+00:00,MUĞLA,48,10.1295,4.4795003,0.0,5.0911684,3.0,87.747406,934.2197,5.8,Overcast
2004-12-23 21:00:00+00:00,MUĞLA,48,9.0795,2.4295,0.0,12.24,3.0,79.36845,932.6668,9.47,Overcast
2004-12-24 21:00:00+00:00,MUĞLA,48,10.8795,0.22950006,0.0,9.178235,0.0,72.66534,938.0657,10.4,Clear sky
2004-12-25 21:00:00+00:00,MUĞLA,48,12.5295,1.9795,0.0,8.4042845,3.0,62.21397,945.075,10.07,Overcast
2004-12-26 21:00:00+00:00,MUĞLA,48,12.7795,5.2295003,0.7,9.885262,51.0,80.16126,949.19696,6.71,Drizzle: Light
2004-12-27 21:00:00+00:00,MUĞLA,48,13.2295,6.6795,0.2,9.290511,51.0,85.450935,946.10077,5.26,Drizzle: Light
2004-12-28 21:00:00+00:00,MUĞLA,48,12.1295,8.7795,14.5,26.072052,61.0,92.8135,936.6286,5.11,Rain: Slight
2004-12-29 21:00:00+00:00,MUĞLA,48,12.7295,8.8295,11.700001,12.015589,61.0,97.19605,939.6224,5.86,Rain: Slight
2004-12-30 21:00:00+00:00,MUĞLA,48,14.429501,6.6795,0.5,17.298738,51.0,83.49935,941.2749,7.75,Drizzle: Light
2004-12-31 21:00:00+00:00,MUĞLA,48,12.2295,5.6295004,5.4,9.107359,55.0,83.128395,941.49023,8.5,Drizzle: Dense
2005-01-01 21:00:00+00:00,MUĞLA,48,9.3795,3.6795,0.0,14.039999,3.0,82.39608,938.0984,8.7,Overcast
2005-01-02 21:00:00+00:00,MUĞLA,48,8.9295,0.72950006,0.0,10.853866,0.0,77.73766,937.28656,10.23,Clear sky
2005-01-03 21:00:00+00:00,MUĞLA,48,8.8295,-0.47049987,0.0,10.853866,2.0,69.81604,937.1363,10.36,Partly cloudy
2005-01-04 21:00:00+00:00,MUĞLA,48,7.2295003,-0.12049997,0.0,18.782204,1.0,68.94664,941.61426,10.71,Mainly clear
2005-01-05 21:00:00+00:00,MUĞLA,48,10.8295,0.72950006,0.0,9.360001,0.0,71.35066,945.99146,10.82,Clear sky
2005-01-06 21:00:00+00:00,MUĞLA,48,10.179501,-0.12049997,0.2,6.151683,51.0,74.292046,941.88947,9.36,Drizzle: Light
2005-01-07 21:00:00+00:00,MUĞLA,48,10.9795,1.1795001,0.0,10.144082,3.0,72.525475,943.8985,11.01,Overcast
2005-01-08 21:00:00+00:00,MUĞLA,48,13.2795,-0.020499945,0.0,7.2805495,0.0,69.80038,946.62335,11.21,Clear sky
2005-01-09 21:00:00+00:00,MUĞLA,48,14.7295,1.1795001,0.0,9.360001,0.0,62.578205,946.5611,11.26,Clear sky
2005-01-10 21:00:00+00:00,MUĞLA,48,15.8295,1.7795001,0.0,8.891343,0.0,59.213257,946.62335,11.37,Clear sky
2005-01-11 21:00:00+00:00,MUĞLA,48,13.8295,5.3795,0.0,6.519877,0.0,65.77069,947.188,11.26,Clear sky
2005-01-12 21:00:00+00:00,MUĞLA,48,11.9795,2.3795002,0.0,7.69592,3.0,86.8064,944.20233,9.82,Overcast
2005-01-13 21:00:00+00:00,MUĞLA,48,9.7795,5.2295003,1.5,6.4096174,53.0,88.78791,938.8609,5.57,Drizzle: Moderate
2005-01-14 21:00:00+00:00,MUĞLA,48,9.8295,3.2295,4.7999997,7.24486,61.0,95.249176,933.93134,7.12,Rain: Slight
2005-01-15 21:00:00+00:00,MUĞLA,48,7.1795,3.1295,10.700002,10.233123,55.0,94.661766,930.7215,3.64,Drizzle: Dense
2005-01-16 21:00:00+00:00,MUĞLA,48,9.7295,1.3795,0.3,8.913181,51.0,88.022835,932.95746,7.74,Drizzle: Light
2005-01-17 21:00:00+00:00,MUĞLA,48,10.6295,-0.12049997,0.70000005,6.792466,51.0,83.83568,932.1893,9.85,Drizzle: Light
2005-01-18 21:00:00+00:00,MUĞLA,48,8.7795,3.0795002,3.2,8.311245,51.0,88.49012,931.8912,8.23,Drizzle: Light
2005-01-19 21:00:00+00:00,MUĞLA,48,9.4795,1.8795002,5.3999996,18.204042,61.0,90.608795,935.8006,6.27,Rain: Slight
2005-01-20 21:00:00+00:00,MUĞLA,48,7.2795,4.1795,9.1,16.45007,61.0,93.18079,933.51324,4.95,Rain: Slight
2005-01-21 21:00:00+00:00,MUĞLA,48,8.5795,3.1795,6.0999994,11.659777,53.0,95.628136,928.9003,7.51,Drizzle: Moderate
2005-01-22 21:00:00+00:00,MUĞLA,48,6.9795003,1.0795001,4.0,17.114204,71.0,86.05011,928.771,8.77,Snow fall: Slight
2005-01-23 21:00:00+00:00,MUĞLA,48,6.6295004,-1.6704999,0.0,11.384198,3.0,62.209534,937.5223,12.61,Overcast
2005-01-24 21:00:00+00:00,MUĞLA,48,9.3795,2.1295002,25.300001,23.34455,73.0,91.64602,935.76,4.22,Snow fall: Moderate
2005-01-25 21:00:00+00:00,MUĞLA,48,11.2795,7.5795,13.8,24.821732,61.0,91.90435,935.1757,8.3,Rain: Slight
2005-01-26 21:00:00+00:00,MUĞLA,48,12.429501,7.7295003,5.7,24.36591,55.0,86.543236,934.5008,8.79,Drizzle: Dense
2005-01-27 21:00:00+00:00,MUĞLA,48,14.929501,8.2295,2.8000002,22.065973,53.0,70.315636,933.3183,8.85,Drizzle: Moderate
2005-01-28 21:00:00+00:00,MUĞLA,48,13.9795,10.2295,0.5,23.675303,51.0,75.430214,929.1831,9.54,Drizzle: Light
2005-01-29 21:00:00+00:00,MUĞLA,48,11.7795,4.9295,6.2000003,12.496718,63.0,79.68015,931.42377,11.82,Rain: Moderate
2005-01-30 21:00:00+00:00,MUĞLA,48,8.4295,0.27950013,6.4999995,10.829959,61.0,88.47686,932.4634,7.4,Rain: Slight
2005-01-31 21:00:00+00:00,MUĞLA,48,6.7795,0.27950013,0.8000001,12.72283,71.0,77.50383,932.65216,12.06,Snow fall: Slight
2005-02-01 21:00:00+00:00,MUĞLA,48,7.5795,1.2295,3.2,12.904882,71.0,81.03332,934.2386,10.68,Snow fall: Slight
2005-02-02 21:00:00+00:00,MUĞLA,48,4.9795003,1.9295001,26.6,19.386593,75.0,97.54813,927.08014,2.83,Snow fall: Heavy
2005-02-03 21:00:00+00:00,MUĞLA,48,7.4795003,0.72950006,1.4000002,11.720751,71.0,80.81,928.6154,10.95,Snow fall: Slight
2005-02-04 21:00:00+00:00,MUĞLA,48,8.7795,-1.2204999,0.8,10.390226,51.0,74.53308,932.8476,13.06,Drizzle: Light
2005-02-05 21:00:00+00:00,MUĞLA,48,5.7795,-0.7204999,0.0,16.516901,2.0,55.070465,936.8946,15.17,Partly cloudy
2005-02-06 21:00:00+00:00,MUĞLA,48,4.1795,-2.4705,0.0,21.900904,0.0,45.973522,940.4002,15.21,Clear sky
2005-02-07 21:00:00+00:00,MUĞLA,48,5.3795,-2.0705,0.0,20.288164,0.0,52.61827,944.83014,15.35,Clear sky
2005-02-08 21:00:00+00:00,MUĞLA,48,6.4295,-2.1205,0.0,9.585739,3.0,52.94635,945.4714,14.85,Overcast
2005-02-09 21:00:00+00:00,MUĞLA,48,6.3795004,-1.6704999,0.0,7.24486,3.0,53.302326,942.8928,15.04,Overcast
2005-02-10 21:00:00+00:00,MUĞLA,48,5.8295,-2.0204997,0.0,6.439876,0.0,54.747025,940.4174,15.52,Clear sky
2005-02-11 21:00:00+00:00,MUĞLA,48,6.3295,-2.4204998,0.0,6.830519,3.0,52.3092,939.76215,15.95,Overcast
2005-02-12 21:00:00+00:00,MUĞLA,48,6.3295,-0.27049994,0.70000005,18.888851,51.0,70.43398,938.2641,12.0,Drizzle: Light
2005-02-13 21:00:00+00:00,MUĞLA,48,8.2795,3.1795,45.8,23.233253,71.0,96.148895,935.3249,2.76,Snow fall: Slight
2005-02-14 21:00:00+00:00,MUĞLA,48,9.1795,5.9295,18.2,31.76375,61.0,94.388725,933.7256,6.29,Rain: Slight
2005-02-15 21:00:00+00:00,MUĞLA,48,9.2295,5.5295,22.1,29.275326,63.0,91.470314,931.7622,7.97,Rain: Moderate
2005-02-16 21:00:00+00:00,MUĞLA,48,11.0795,4.8795,13.900001,21.129883,61.0,89.48093,934.55707,9.69,Rain: Slight
2005-02-17 21:00:00+00:00,MUĞLA,48,10.8295,5.3795,21.5,6.12,63.0,86.09884,932.74097,8.13,Rain: Moderate
2005-02-18 21:00:00+00:00,MUĞLA,48,10.6295,2.2295,1.8000002,12.387348,51.0,80.217255,932.9749,14.29,Drizzle: Light
2005-02-19 21:00:00+00:00,MUĞLA,48,9.3795,1.3295001,7.199999,10.182337,73.0,84.3458,933.1089,14.06,Snow fall: Moderate
2005-02-20 21:00:00+00:00,MUĞLA,48,8.8795,1.6795001,10.000001,10.853866,61.0,92.89448,936.8355,9.14,Rain: Slight
2005-02-21 21:00:00+00:00,MUĞLA,48,11.179501,3.2295,2.6000001,8.825508,51.0,84.88372,940.4107,10.43,Drizzle: Light
2005-02-22 21:00:00+00:00,MUĞLA,48,9.7295,4.9795003,7.4999995,19.93048,61.0,92.16324,938.93646,6.65,Rain: Slight
2005-02-23 21:00:00+00:00,MUĞLA,48,12.6295,5.0295,0.3,10.296251,51.0,80.71923,938.5676,14.27,Drizzle: Light
2005-02-24 21:00:00+00:00,MUĞLA,48,12.5795,3.2295,0.2,7.5170207,51.0,79.744514,938.7702,14.76,Drizzle: Light
2005-02-25 21:00:00+00:00,MUĞLA,48,10.8295,3.7795,7.2999997,18.919704,61.0,80.34836,936.1894,7.12,Rain: Slight
2005-02-26 21:00:00+00:00,MUĞLA,48,11.6295,6.2795,20.200003,17.339897,63.0,90.89425,928.8679,8.1,Rain: Moderate
2005-02-27 21:00:00+00:00,MUĞLA,48,8.1795,5.7295003,25.4,18.59845,61.0,95.15357,928.5738,3.89,Rain: Slight
2005-02-28 21:00:00+00:00,MUĞLA,48,12.8295,7.3795004,13.900001,13.556282,61.0,90.86805,928.39484,6.02,Rain: Slight
2005-03-01 21:00:00+00:00,MUĞLA,48,16.6795,8.7295,6.2999997,15.978484,55.0,77.60782,926.5894,12.31,Drizzle: Dense
2005-03-02 21:00:00+00:00,MUĞLA,48,10.929501,5.1295,2.9,14.386494,53.0,85.520546,931.0424,13.31,Drizzle: Moderate
2005-03-03 21:00:00+00:00,MUĞLA,48,15.3295,1.6795001,0.0,9.531505,1.0,64.13302,939.0721,19.23,Mainly clear
2005-03-04 21:00:00+00:00,MUĞLA,48,10.5295,4.7795,5.9,21.99538,61.0,74.05862,938.1521,10.09,Rain: Slight
2005-03-05 21:00:00+00:00,MUĞLA,48,11.929501,6.9295,27.1,21.325253,63.0,95.445435,932.82196,6.43,Rain: Moderate
2005-03-06 21:00:00+00:00,MUĞLA,48,12.5295,6.6795,2.5,16.24394,53.0,85.96984,934.46564,12.85,Drizzle: Moderate
2005-03-07 21:00:00+00:00,MUĞLA,48,9.3295,3.6295,17.3,9.693296,61.0,95.31171,931.4258,6.76,Rain: Slight
2005-03-08 21:00:00+00:00,MUĞLA,48,8.7795,0.6295001,6.5000005,9.290511,73.0,89.60842,933.6845,14.51,Snow fall: Moderate
2005-03-09 21:00:00+00:00,MUĞLA,48,7.4795003,-2.8205,0.1,14.565548,51.0,71.46223,935.29034,19.55,Drizzle: Light
2005-03-10 21:00:00+00:00,MUĞLA,48,7.8795004,-1.0204998,6.2,10.1887,73.0,84.90265,934.8855,14.22,Snow fall: Moderate
2005-03-11 21:00:00+00:00,MUĞLA,48,9.8795,-4.7205,0.0,7.8625183,2.0,70.762695,939.9725,20.36,Partly cloudy
2005-03-12 21:00:00+00:00,MUĞLA,48,8.2795,1.3295001,1.3000001,11.966954,51.0,76.08939,942.7896,10.56,Drizzle: Light
2005-03-13 21:00:00+00:00,MUĞLA,48,11.5795,0.07950008,1.3000001,6.792466,51.0,81.21752,944.41425,16.23,Drizzle: Light
2005-03-14 21:00:00+00:00,MUĞLA,48,15.429501,0.27950013,0.0,7.968939,0.0,70.65905,944.0598,20.76,Clear sky
2005-03-15 21:00:00+00:00,MUĞLA,48,16.5795,2.3795002,0.0,11.384199,3.0,61.968548,943.9282,21.06,Overcast
2005-03-16 21:00:00+00:00,MUĞLA,48,17.0795,4.1295,0.0,11.119281,1.0,55.798435,944.925,21.33,Mainly clear
2005-03-17 21:00:00+00:00,MUĞLA,48,18.7295,3.4295,0.0,10.182337,0.0,61.800888,942.9029,21.36,Clear sky
2005-03-18 21:00:00+00:00,MUĞLA,48,18.779501,4.6295,0.0,11.609651,0.0,67.49314,938.7588,21.34,Clear sky
2005-03-19 21:00:00+00:00,MUĞLA,48,18.4295,4.4295,2.0,11.440979,55.0,72.83806,936.62885,20.8,Drizzle: Dense
2005-03-20 21:00:00+00:00,MUĞLA,48,16.9295,5.0295,0.0,13.708391,0.0,69.064125,936.75586,21.16,Clear sky
2005-03-21 21:00:00+00:00,MUĞLA,48,15.6295,4.4795003,0.0,13.358861,1.0,55.78014,937.59863,21.73,Mainly clear
2005-03-22 21:00:00+00:00,MUĞLA,48,13.5295,2.3295002,0.0,17.651016,0.0,48.482388,940.5285,22.81,Clear sky
2005-03-23 21:00:00+00:00,MUĞLA,48,16.4795,2.3795002,0.0,9.726665,0.0,48.746914,942.27814,22.72,Clear sky
2005-03-24 21:00:00+00:00,MUĞLA,48,17.9795,3.4795,0.0,7.145796,0.0,58.820618,942.08075,22.67,Clear sky
2005-03-25 21:00:00+00:00,MUĞLA,48,15.3295,5.4795003,0.0,10.587918,3.0,74.9734,941.6595,16.28,Overcast
2005-03-26 21:00:00+00:00,MUĞLA,48,17.3295,6.4795003,1.0,8.39657,51.0,74.781944,941.8594,20.04,Drizzle: Light
2005-03-27 21:00:00+00:00,MUĞLA,48,17.9295,8.7795,0.0,17.654688,3.0,68.89288,940.2546,19.83,Overcast
2005-03-28 21:00:00+00:00,MUĞLA,48,16.0795,9.6295,0.0,17.298738,3.0,78.788666,937.0169,12.33,Overcast
2005-03-29 21:00:00+00:00,MUĞLA,48,17.3795,7.0795,0.0,8.78872,3.0,75.05396,935.4687,20.44,Overcast
2005-03-30 21:00:00+00:00,MUĞLA,48,12.7795,8.0295,9.499999,9.659814,61.0,82.75819,930.3425,6.2,Rain: Slight
2005-03-31 21:00:00+00:00,MUĞLA,48,11.5795,6.1295004,1.3000002,11.792404,51.0,81.561066,929.4023,12.63,Drizzle: Light
2005-04-01 21:00:00+00:00,MUĞLA,48,10.3295,3.6295,0.0,21.288757,2.0,59.204235,933.947,20.4,Partly cloudy
2005-04-02 21:00:00+00:00,MUĞLA,48,9.1295,0.22950006,0.0,22.553934,3.0,50.27473,940.9139,21.47,Overcast
2005-04-03 21:00:00+00:00,MUĞLA,48,12.7295,0.12950003,0.0,11.720751,0.0,50.622482,945.6169,24.85,Clear sky
2005-04-04 21:00:00+00:00,MUĞLA,48,11.5795,0.1795001,1.2,6.5693827,51.0,64.91762,946.66437,20.9,Drizzle: Light
2005-04-05 21:00:00+00:00,MUĞLA,48,15.4795,0.5295001,0.0,9.178235,3.0,66.27748,945.52386,22.14,Overcast
2005-04-06 21:00:00+00:00,MUĞLA,48,16.5295,5.9295,0.0,5.5887027,3.0,62.581295,942.16113,13.15,Overcast
2005-04-07 21:00:00+00:00,MUĞLA,48,20.4795,7.5295,0.2,7.729527,51.0,59.386623,936.44574,20.96,Drizzle: Light
2005-04-08 21:00:00+00:00,MUĞLA,48,23.0795,7.1795,0.0,10.009036,3.0,55.46007,938.4992,24.61,Overcast
2005-04-09 21:00:00+00:00,MUĞLA,48,23.5795,8.5295,0.0,10.948973,3.0,52.11292,941.8303,23.59,Overcast
2005-04-10 21:00:00+00:00,MUĞLA,48,24.6795,9.5795,0.0,15.484185,3.0,48.93275,941.06146,23.79,Overcast
2005-04-11 21:00:00+00:00,MUĞLA,48,24.0795,11.3795,0.0,16.700275,3.0,46.243656,937.84064,22.31,Overcast
2005-04-12 21:00:00+00:00,MUĞLA,48,18.2295,9.8795,0.0,13.830749,3.0,57.010983,934.00757,24.13,Overcast
2005-04-13 21:00:00+00:00,MUĞLA,48,12.1295,6.5795,19.9,14.759999,63.0,87.7489,935.3403,17.2,Rain: Moderate
2005-04-14 21:00:00+00:00,MUĞLA,48,13.429501,7.6795,8.200001,10.483357,55.0,88.276886,936.2631,16.85,Drizzle: Dense
2005-04-15 21:00:00+00:00,MUĞLA,48,17.9795,5.9795003,0.0,8.942214,3.0,78.216324,938.3758,24.84,Overcast
2005-04-16 21:00:00+00:00,MUĞLA,48,18.9795,8.5295,0.2,22.104116,51.0,62.171124,936.3233,19.41,Drizzle: Light
2005-04-17 21:00:00+00:00,MUĞLA,48,14.8795,8.9795,15.3,20.519999,63.0,71.066696,930.4976,10.04,Rain: Moderate
2005-04-18 21:00:00+00:00,MUĞLA,48,13.8795,7.5295,5.7,14.982228,55.0,85.38266,933.8511,18.0,Drizzle: Dense
2005-04-19 21:00:00+00:00,MUĞLA,48,17.6295,7.6795,0.0,9.178235,3.0,81.7968,939.0015,21.05,Overcast
2005-04-20 21:00:00+00:00,MUĞLA,48,20.6295,8.0295,0.0,13.797912,3.0,70.16053,938.0136,24.83,Overcast
2005-04-21 21:00:00+00:00,MUĞLA,48,17.7295,10.0295,1.7000002,10.383987,53.0,74.723114,934.4136,13.93,Drizzle: Moderate
2005-04-22 21:00:00+00:00,MUĞLA,48,16.5295,8.1295,2.5,12.738099,53.0,70.90744,936.9239,22.89,Drizzle: Moderate
2005-04-23 21:00:00+00:00,MUĞLA,48,20.029501,5.3295,0.0,12.783802,0.0,60.466003,940.2895,26.61,Clear sky
2005-04-24 21:00:00+00:00,MUĞLA,48,22.9795,7.9295,0.0,8.669949,3.0,53.46036,940.8161,26.77,Overcast
2005-04-25 21:00:00+00:00,MUĞLA,48,24.6295,10.8295,0.0,11.792404,3.0,58.00294,939.09576,24.89,Overcast
2005-04-26 21:00:00+00:00,MUĞLA,48,22.7295,13.0795,0.0,13.441071,0.0,54.548023,936.6679,26.9,Clear sky
2005-04-27 21:00:00+00:00,MUĞLA,48,22.4295,10.3795,0.0,11.726277,0.0,53.6097,937.3384,27.04,Clear sky
2005-04-28 21:00:00+00:00,MUĞLA,48,20.779501,9.9795,0.0,12.88981,3.0,56.50389,934.23267,25.63,Overcast
2005-04-29 21:00:00+00:00,MUĞLA,48,17.8795,8.1795,0.0,17.731598,3.0,59.545933,932.315,24.9,Overcast
2005-04-30 21:00:00+00:00,MUĞLA,48,18.8295,7.3295,0.0,18.723461,0.0,51.18536,934.4426,27.56,Clear sky
2005-05-01 21:00:00+00:00,MUĞLA,48,19.8295,8.3295,0.0,19.486609,3.0,46.936314,937.3992,25.49,Overcast
2005-05-02 21:00:00+00:00,MUĞLA,48,21.529501,8.7795,0.0,21.749481,3.0,48.37662,938.38873,24.81,Overcast
2005-05-03 21:00:00+00:00,MUĞLA,48,22.6295,11.7295,0.0,18.03237,3.0,48.413113,935.26196,27.19,Overcast
2005-05-04 21:00:00+00:00,MUĞLA,48,24.3295,9.6295,0.6,11.119281,51.0,54.985638,935.2255,26.67,Drizzle: Light
2005-05-05 21:00:00+00:00,MUĞLA,48,23.7295,12.5295,0.0,16.343367,3.0,61.821796,936.18976,24.71,Overcast
2005-05-06 21:00:00+00:00,MUĞLA,48,19.1795,11.429501,4.9,28.410364,61.0,69.05897,932.2082,20.0,Rain: Slight
2005-05-07 21:00:00+00:00,MUĞLA,48,18.1795,10.1295,3.8999999,15.509274,53.0,80.30894,933.3127,21.78,Drizzle: Moderate
2005-05-08 21:00:00+00:00,MUĞLA,48,20.9295,6.5795,0.0,11.019764,1.0,64.39559,938.4802,28.25,Mainly clear
2005-05-09 21:00:00+00:00,MUĞLA,48,22.529501,8.2295,0.0,9.449572,3.0,63.937725,940.1014,28.12,Overcast
2005-05-10 21:00:00+00:00,MUĞLA,48,25.5795,10.7295,0.0,9.826088,2.0,57.311188,939.5984,27.86,Partly cloudy
2005-05-11 21:00:00+00:00,MUĞLA,48,28.5795,11.679501,0.0,10.829958,3.0,47.93568,940.66144,27.75,Overcast
2005-05-12 21:00:00+00:00,MUĞLA,48,27.7295,16.8295,0.0,15.042659,3.0,43.479813,939.6621,27.41,Overcast
2005-05-13 21:00:00+00:00,MUĞLA,48,26.6795,14.3295,0.0,14.830076,1.0,45.361668,938.97046,27.55,Mainly clear
2005-05-14 21:00:00+00:00,MUĞLA,48,27.4795,13.8295,0.3,13.0447235,51.0,44.64203,938.53864,27.98,Drizzle: Light
2005-05-15 21:00:00+00:00,MUĞLA,48,28.4295,14.0795,0.0,10.587918,3.0,45.62569,938.3777,28.47,Overcast
2005-05-16 21:00:00+00:00,MUĞLA,48,28.5795,13.679501,0.0,10.464798,3.0,45.86652,940.434,28.61,Overcast
2005-05-17 21:00:00+00:00,MUĞLA,48,30.3295,13.8295,0.0,10.805998,3.0,44.5387,940.8732,28.93,Overcast
2005-05-18 21:00:00+00:00,MUĞLA,48,31.029501,15.2295,0.0,11.246759,3.0,43.79898,938.7745,23.29,Overcast
2005-05-19 21:00:00+00:00,MUĞLA,48,26.2295,16.0295,0.6,16.520823,53.0,47.167835,936.3299,26.99,Drizzle: Moderate
2005-05-20 21:00:00+00:00,MUĞLA,48,23.0795,11.8795,0.1,12.229406,51.0,61.131947,934.87476,28.2,Drizzle: Light
2005-05-21 21:00:00+00:00,MUĞLA,48,22.1295,13.0295,0.90000004,12.397806,53.0,68.503975,936.6916,24.38,Drizzle: Moderate
2005-05-22 21:00:00+00:00,MUĞLA,48,23.529501,12.3795,0.4,14.05845,51.0,58.10956,938.4278,25.1,Drizzle: Light
2005-05-23 21:00:00+00:00,MUĞLA,48,26.029501,12.9795,0.0,10.495713,3.0,52.868237,936.719,25.55,Overcast
2005-05-24 21:00:00+00:00,MUĞLA,48,23.9295,13.7295,1.4,11.435313,53.0,60.258236,935.2403,22.69,Drizzle: Moderate
2005-05-25 21:00:00+00:00,MUĞLA,48,21.8295,13.679501,8.999999,7.4128532,63.0,78.286896,936.0498,18.68,Rain: Moderate
2005-05-26 21:00:00+00:00,MUĞLA,48,22.2295,11.679501,1.1,10.464797,53.0,72.21766,936.22266,23.6,Drizzle: Moderate
2005-05-27 21:00:00+00:00,MUĞLA,48,21.6295,12.9795,1.1,11.525623,51.0,68.80181,937.5215,25.3,Drizzle: Light
2005-05-28 21:00:00+00:00,MUĞLA,48,22.779501,12.4795,13.200001,6.12,63.0,79.14019,937.3505,21.95,Rain: Moderate
2005-05-29 21:00:00+00:00,MUĞLA,48,22.9795,12.3295,32.6,6.0347,63.0,86.026726,937.5063,21.42,Rain: Moderate
2005-05-30 21:00:00+00:00,MUĞLA,48,21.3295,14.0295,18.999998,7.5942082,63.0,87.19579,936.0791,20.75,Rain: Moderate
2005-05-31 21:00:00+00:00,MUĞLA,48,20.9795,14.179501,17.8,8.350138,63.0,86.625206,935.0386,20.09,Rain: Moderate
2005-06-01 21:00:00+00:00,MUĞLA,48,24.779501,13.1295,0.0,12.074766,3.0,70.49955,936.8221,26.14,Overcast
2005-06-02 21:00:00+00:00,MUĞLA,48,25.4295,14.429501,10.6,7.4128532,63.0,65.51784,938.0844,26.71,Rain: Moderate
2005-06-03 21:00:00+00:00,MUĞLA,48,25.9795,13.429501,0.0,6.849467,2.0,57.79805,937.2132,27.86,Partly cloudy
2005-06-04 21:00:00+00:00,MUĞLA,48,25.8295,13.9795,0.0,9.360001,2.0,61.411922,937.3237,28.77,Partly cloudy
2005-06-05 21:00:00+00:00,MUĞLA,48,26.2295,14.3295,0.0,11.592895,1.0,65.83179,938.67896,28.29,Mainly clear
2005-06-06 21:00:00+00:00,MUĞLA,48,25.6795,14.179501,0.0,11.923557,2.0,62.21915,940.4878,29.82,Partly cloudy
2005-06-07 21:00:00+00:00,MUĞLA,48,26.9795,12.7795,0.0,9.693296,0.0,61.229748,939.23566,29.71,Clear sky
2005-06-08 21:00:00+00:00,MUĞLA,48,28.1795,14.2795,0.0,14.264361,0.0,62.970036,936.7474,29.78,Clear sky
2005-06-09 21:00:00+00:00,MUĞLA,48,26.279501,14.8795,0.0,14.081477,3.0,60.965855,935.80865,29.62,Overcast
2005-06-10 21:00:00+00:00,MUĞLA,48,21.9795,14.0795,0.4,11.753877,51.0,68.50568,936.65326,24.32,Drizzle: Light
2005-06-11 21:00:00+00:00,MUĞLA,48,25.4795,12.2795,0.0,9.0645685,3.0,61.49457,937.1995,29.18,Overcast
2005-06-12 21:00:00+00:00,MUĞLA,48,27.029501,13.5795,0.0,10.538843,2.0,50.598392,935.5407,29.81,Partly cloudy
2005-06-13 21:00:00+00:00,MUĞLA,48,27.4795,14.2795,0.0,12.879752,1.0,47.64362,935.2204,29.79,Mainly clear
2005-06-14 21:00:00+00:00,MUĞLA,48,27.8795,15.3295,0.0,8.78872,3.0,50.87848,936.37274,27.89,Overcast
2005-06-15 21:00:00+00:00,MUĞLA,48,29.029501,15.9795,0.0,11.792404,3.0,50.230103,938.32697,29.52,Overcast
2005-06-16 21:00:00+00:00,MUĞLA,48,29.779501,16.2795,0.2,8.311245,51.0,54.56386,940.49316,27.42,Drizzle: Light
2005-06-17 21:00:00+00:00,MUĞLA,48,31.779501,17.2295,0.0,18.089775,2.0,49.034317,938.9948,29.65,Partly cloudy
2005-06-18 21:00:00+00:00,MUĞLA,48,30.0795,16.7795,0.4,16.039202,51.0,46.968323,935.64014,29.85,Drizzle: Light
2005-06-19 21:00:00+00:00,MUĞLA,48,29.1295,15.929501,0.0,14.76439,1.0,47.480392,934.39575,29.21,Mainly clear
2005-06-20 21:00:00+00:00,MUĞLA,48,27.7295,16.9295,0.0,14.458382,3.0,40.479618,934.2316,26.37,Overcast
2005-06-21 21:00:00+00:00,MUĞLA,48,29.4295,16.2795,0.0,12.599998,0.0,37.77479,937.7243,30.19,Clear sky
2005-06-22 21:00:00+00:00,MUĞLA,48,29.3795,16.2795,0.0,14.799459,0.0,39.55318,939.9139,30.03,Clear sky
2005-06-23 21:00:00+00:00,MUĞLA,48,31.4795,15.6295,0.0,15.9134655,0.0,39.85744,938.02545,30.1,Clear sky
2005-06-24 21:00:00+00:00,MUĞLA,48,29.4795,17.4795,0.0,21.42227,0.0,36.609978,936.41425,30.3,Clear sky
2005-06-25 21:00:00+00:00,MUĞLA,48,32.5295,17.6295,0.0,13.044722,0.0,32.007004,937.0493,30.36,Clear sky
2005-06-26 21:00:00+00:00,MUĞLA,48,33.2295,18.4295,0.0,9.585739,0.0,32.634743,935.01495,30.47,Clear sky
2005-06-27 21:00:00+00:00,MUĞLA,48,33.4295,18.279501,0.0,13.104198,2.0,37.3748,932.49,29.91,Partly cloudy
2005-06-28 21:00:00+00:00,MUĞLA,48,31.9795,18.5795,1.5000001,11.298495,55.0,45.24356,931.35223,25.17,Drizzle: Dense
2005-06-29 21:00:00+00:00,MUĞLA,48,31.779501,18.1295,0.0,12.43434,2.0,48.884922,934.08234,28.98,Partly cloudy
2005-06-30 21:00:00+00:00,MUĞLA,48,34.879498,17.9795,0.0,12.682018,1.0,37.701824,936.13715,29.7,Mainly clear
2005-07-01 21:00:00+00:00,MUĞLA,48,33.2295,19.779501,0.1,13.004922,51.0,43.04685,934.6062,28.27,Drizzle: Light
2005-07-02 21:00:00+00:00,MUĞLA,48,27.3295,18.7295,0.4,16.595179,51.0,61.527897,930.55444,28.54,Drizzle: Light
2005-07-03 21:00:00+00:00,MUĞLA,48,23.6795,15.929501,7.299999,12.538134,61.0,73.743614,930.3022,23.12,Rain: Slight
2005-07-04 21:00:00+00:00,MUĞLA,48,28.6295,16.7795,0.0,13.627795,2.0,58.44978,932.9715,24.3,Partly cloudy
2005-07-05 21:00:00+00:00,MUĞLA,48,30.9795,17.6795,0.0,9.107359,0.0,49.726334,934.09686,29.45,Clear sky
2005-07-06 21:00:00+00:00,MUĞLA,48,33.129498,17.9795,0.0,10.495713,0.0,42.151478,935.7129,29.57,Clear sky
2005-07-07 21:00:00+00:00,MUĞLA,48,34.0295,19.279501,0.0,11.440979,3.0,45.263523,937.5212,28.36,Overcast
2005-07-08 21:00:00+00:00,MUĞLA,48,34.9795,21.1295,0.4,9.885262,51.0,42.527287,937.7214,27.95,Drizzle: Light
2005-07-09 21:00:00+00:00,MUĞLA,48,36.3295,21.7295,0.2,14.039999,51.0,38.404903,938.232,29.31,Drizzle: Light
2005-07-10 21:00:00+00:00,MUĞLA,48,37.2795,21.1295,0.0,12.88981,0.0,26.348944,939.44824,29.98,Clear sky
2005-07-11 21:00:00+00:00,MUĞLA,48,36.929497,21.6295,0.0,16.311613,0.0,33.24416,938.51544,29.19,Clear sky
2005-07-12 21:00:00+00:00,MUĞLA,48,33.1795,20.0795,0.0,16.299694,0.0,44.451904,935.1567,29.52,Clear sky
2005-07-13 21:00:00+00:00,MUĞLA,48,32.2795,20.4295,0.0,14.799459,1.0,44.44357,933.6777,27.58,Mainly clear
2005-07-14 21:00:00+00:00,MUĞLA,48,29.8295,19.4795,3.0,8.534353,61.0,49.703915,933.53973,23.52,Rain: Slight
2005-07-15 21:00:00+00:00,MUĞLA,48,29.3295,18.779501,0.0,11.570515,1.0,53.323532,935.2216,25.32,Mainly clear
2005-07-16 21:00:00+00:00,MUĞLA,48,31.779501,19.3295,0.0,10.587918,0.0,40.213684,936.94147,29.1,Clear sky
2005-07-17 21:00:00+00:00,MUĞLA,48,33.7295,19.6795,0.0,11.631956,0.0,33.716965,937.1345,28.97,Clear sky
2005-07-18 21:00:00+00:00,MUĞLA,48,35.2795,21.2295,0.0,9.931042,0.0,34.52399,939.768,29.03,Clear sky
2005-07-19 21:00:00+00:00,MUĞLA,48,38.429497,21.0795,0.0,12.594856,0.0,28.77804,938.3226,28.97,Clear sky
2005-07-20 21:00:00+00:00,MUĞLA,48,37.0795,21.529501,0.0,14.707222,0.0,30.528582,934.392,29.38,Clear sky
2005-07-21 21:00:00+00:00,MUĞLA,48,34.929497,20.8795,0.0,14.408997,1.0,40.427074,932.5849,28.28,Mainly clear
2005-07-22 21:00:00+00:00,MUĞLA,48,33.5295,20.779501,0.0,15.596767,0.0,42.453136,934.2646,28.8,Clear sky
2005-07-23 21:00:00+00:00,MUĞLA,48,34.2295,20.3795,0.0,14.4,0.0,36.145466,934.2969,28.54,Clear sky
2005-07-24 21:00:00+00:00,MUĞLA,48,35.879498,21.4295,0.0,10.009036,2.0,32.327374,933.9697,28.45,Partly cloudy
2005-07-25 21:00:00+00:00,MUĞLA,48,35.629498,22.279501,0.0,12.819235,0.0,32.528614,935.4323,27.73,Clear sky
2005-07-26 21:00:00+00:00,MUĞLA,48,36.379498,21.9295,0.0,10.233123,2.0,38.91329,936.35767,25.59,Partly cloudy
2005-07-27 21:00:00+00:00,MUĞLA,48,36.679497,23.2295,3.3,9.339208,61.0,44.79425,935.5031,23.53,Rain: Slight
2005-07-28 21:00:00+00:00,MUĞLA,48,36.8295,22.9795,0.0,7.928177,0.0,39.87695,933.58295,27.84,Clear sky
2005-07-29 21:00:00+00:00,MUĞLA,48,35.379498,22.5795,1.4,8.913181,55.0,46.427174,932.69476,23.24,Drizzle: Dense
2005-07-30 21:00:00+00:00,MUĞLA,48,35.0795,22.779501,4.4,12.074766,61.0,53.388645,933.36395,24.69,Rain: Slight
2005-07-31 21:00:00+00:00,MUĞLA,48,33.7795,20.529501,0.1,10.105681,51.0,49.640636,933.086,25.84,Drizzle: Light
2005-08-01 21:00:00+00:00,MUĞLA,48,34.3295,22.279501,0.0,15.315873,2.0,39.252594,933.3906,27.13,Partly cloudy
2005-08-02 21:00:00+00:00,MUĞLA,48,34.429497,22.3295,0.0,20.240198,0.0,36.451977,934.2906,27.94,Clear sky
2005-08-03 21:00:00+00:00,MUĞLA,48,34.7795,21.0795,0.0,14.799459,0.0,35.152424,933.3249,27.89,Clear sky
2005-08-04 21:00:00+00:00,MUĞLA,48,32.129498,21.9795,0.0,16.65754,0.0,40.423553,932.2968,27.59,Clear sky
2005-08-05 21:00:00+00:00,MUĞLA,48,26.5795,20.029501,0.2,19.914217,51.0,69.34768,932.5977,24.15,Drizzle: Light
2005-08-06 21:00:00+00:00,MUĞLA,48,25.6795,17.8795,0.5,11.165805,51.0,67.19175,934.1717,20.38,Drizzle: Light
2005-08-07 21:00:00+00:00,MUĞLA,48,29.5795,17.1795,0.0,11.119281,0.0,60.750668,935.6143,27.26,Clear sky
2005-08-08 21:00:00+00:00,MUĞLA,48,33.2795,17.9795,0.0,12.768586,0.0,51.479237,935.57684,27.26,Clear sky
2005-08-09 21:00:00+00:00,MUĞLA,48,35.5795,21.3295,0.0,12.313894,1.0,39.047203,934.8325,26.5,Mainly clear
2005-08-10 21:00:00+00:00,MUĞLA,48,36.629498,22.6295,0.0,11.177405,2.0,39.888977,935.303,26.73,Partly cloudy
2005-08-11 21:00:00+00:00,MUĞLA,48,37.5295,23.0795,0.0,8.049845,0.0,33.527214,936.40576,26.8,Clear sky
2005-08-12 21:00:00+00:00,MUĞLA,48,38.179497,22.9295,0.0,10.514218,0.0,23.363256,937.4946,27.08,Clear sky
2005-08-13 21:00:00+00:00,MUĞLA,48,36.7295,22.279501,0.0,15.94601,0.0,26.47689,936.38354,26.89,Clear sky
2005-08-14 21:00:00+00:00,MUĞLA,48,34.0795,19.5795,0.0,9.449572,0.0,44.489483,934.73804,26.91,Clear sky
2005-08-15 21:00:00+00:00,MUĞLA,48,33.4795,21.029501,0.0,12.413476,1.0,50.765644,934.7846,25.75,Mainly clear
2005-08-16 21:00:00+00:00,MUĞLA,48,31.6295,19.779501,0.0,11.966954,0.0,49.904633,935.2658,26.27,Clear sky
2005-08-17 21:00:00+00:00,MUĞLA,48,32.0295,18.3795,0.0,10.948973,0.0,51.445194,936.0168,26.14,Clear sky
2005-08-18 21:00:00+00:00,MUĞLA,48,34.8295,19.6295,0.0,14.84318,0.0,37.95712,937.5223,26.24,Clear sky
2005-08-19 21:00:00+00:00,MUĞLA,48,32.7795,20.1795,0.0,16.965895,0.0,33.644085,935.44183,25.94,Clear sky
2005-08-20 21:00:00+00:00,MUĞLA,48,33.629498,20.279501,0.0,16.595179,0.0,33.312077,935.0041,25.77,Clear sky
2005-08-21 21:00:00+00:00,MUĞLA,48,35.179497,20.9295,0.0,11.269782,0.0,35.4968,935.5154,25.44,Clear sky
2005-08-22 21:00:00+00:00,MUĞLA,48,33.5795,20.9795,0.0,14.417988,0.0,45.803165,935.3169,25.08,Clear sky
2005-08-23 21:00:00+00:00,MUĞLA,48,31.1295,18.0795,0.0,11.659777,0.0,54.80307,935.2243,25.37,Clear sky
2005-08-24 21:00:00+00:00,MUĞLA,48,31.6795,18.9795,0.0,12.015589,2.0,53.7916,936.1656,23.58,Partly cloudy
2005-08-25 21:00:00+00:00,MUĞLA,48,31.9295,20.029501,0.3,9.028754,51.0,49.585346,936.2612,22.73,Drizzle: Light
2005-08-26 21:00:00+00:00,MUĞLA,48,30.6795,20.779501,1.3000001,9.0,51.0,50.487232,936.54596,22.38,Drizzle: Light
2005-08-27 21:00:00+00:00,MUĞLA,48,33.5295,20.6295,0.5,10.931203,51.0,43.90337,938.2742,23.7,Drizzle: Light
2005-08-28 21:00:00+00:00,MUĞLA,48,35.2795,21.6295,0.0,11.720751,3.0,40.97551,939.86426,23.66,Overcast
2005-08-29 21:00:00+00:00,MUĞLA,48,35.629498,21.8795,0.0,8.209263,3.0,33.157078,939.15326,24.12,Overcast
2005-08-30 21:00:00+00:00,MUĞLA,48,33.879498,22.0795,0.0,9.885262,0.0,26.677515,936.5803,24.54,Clear sky
2005-08-31 21:00:00+00:00,MUĞLA,48,32.7795,19.5795,0.70000005,12.261158,53.0,33.62818,934.59546,23.71,Drizzle: Moderate
2005-09-01 21:00:00+00:00,MUĞLA,48,31.529501,19.3795,2.1,11.720751,61.0,42.70253,936.40625,22.2,Rain: Slight
2005-09-02 21:00:00+00:00,MUĞLA,48,28.5795,18.9795,0.0,18.584509,0.0,39.188942,938.2114,23.75,Clear sky
2005-09-03 21:00:00+00:00,MUĞLA,48,25.7295,15.8295,0.0,22.065973,0.0,35.10655,939.43164,24.35,Clear sky
2005-09-04 21:00:00+00:00,MUĞLA,48,27.3795,14.8295,0.0,14.372974,3.0,38.581467,940.184,24.06,Overcast
2005-09-05 21:00:00+00:00,MUĞLA,48,28.029501,14.5795,0.0,10.594036,0.0,46.878754,940.1487,23.55,Clear sky
2005-09-06 21:00:00+00:00,MUĞLA,48,30.3295,15.2795,0.0,11.966954,0.0,37.825603,940.24396,23.31,Clear sky
2005-09-07 21:00:00+00:00,MUĞLA,48,30.8295,17.5295,0.0,15.03835,1.0,33.503407,939.7326,22.94,Mainly clear
2005-09-08 21:00:00+00:00,MUĞLA,48,29.8295,18.2295,0.0,12.015589,1.0,28.04751,938.35913,23.2,Mainly clear
2005-09-09 21:00:00+00:00,MUĞLA,48,29.529501,16.5795,0.0,8.225035,1.0,30.127657,936.3145,23.02,Mainly clear
2005-09-10 21:00:00+00:00,MUĞLA,48,30.5795,16.0795,0.0,7.5685663,0.0,31.840586,935.6547,23.03,Clear sky
2005-09-11 21:00:00+00:00,MUĞLA,48,31.6795,15.7795,0.0,7.42159,0.0,31.023932,936.6836,22.83,Clear sky
2005-09-12 21:00:00+00:00,MUĞLA,48,32.8295,17.2295,0.0,8.427383,1.0,25.86229,939.2183,22.57,Mainly clear
2005-09-13 21:00:00+00:00,MUĞLA,48,32.5295,18.4295,0.0,10.990322,2.0,26.53935,938.7952,22.05,Partly cloudy
2005-09-14 21:00:00+00:00,MUĞLA,48,31.1795,18.1295,0.2,14.57889,51.0,35.285,934.5174,20.64,Drizzle: Light
2005-09-15 21:00:00+00:00,MUĞLA,48,21.8295,15.5795,9.099999,19.416653,63.0,80.47894,931.24066,12.13,Rain: Moderate
2005-09-16 21:00:00+00:00,MUĞLA,48,27.6295,15.1295,0.0,10.182337,2.0,68.922035,934.6775,21.0,Partly cloudy
2005-09-17 21:00:00+00:00,MUĞLA,48,28.9795,16.1795,0.0,9.726665,0.0,62.997494,940.377,21.08,Clear sky
2005-09-18 21:00:00+00:00,MUĞLA,48,33.1795,17.3795,0.0,10.365251,1.0,53.654842,941.4217,20.8,Mainly clear
2005-09-19 21:00:00+00:00,MUĞLA,48,28.4295,17.2795,0.0,12.261158,0.0,55.746532,937.81665,21.15,Clear sky
2005-09-20 21:00:00+00:00,MUĞLA,48,25.7295,18.029501,0.5,15.111424,53.0,66.60264,935.80493,19.3,Drizzle: Moderate
2005-09-21 21:00:00+00:00,MUĞLA,48,24.7295,16.1295,0.0,11.874544,3.0,74.09406,938.1948,16.22,Overcast
2005-09-22 21:00:00+00:00,MUĞLA,48,24.2295,14.4795,2.0,11.609651,61.0,70.01043,938.64716,18.13,Rain: Slight
2005-09-23 21:00:00+00:00,MUĞLA,48,23.029501,13.2795,3.8,8.654986,63.0,71.95245,938.0386,17.32,Rain: Moderate
2005-09-24 21:00:00+00:00,MUĞLA,48,22.8795,12.679501,0.0,10.464797,2.0,70.10965,938.5652,17.45,Partly cloudy
2005-09-25 21:00:00+00:00,MUĞLA,48,23.6295,13.3795,0.1,9.178235,51.0,67.31863,940.9002,16.27,Drizzle: Light
2005-09-26 21:00:00+00:00,MUĞLA,48,26.0795,14.0795,0.0,11.090103,1.0,57.274548,941.4109,19.48,Mainly clear
2005-09-27 21:00:00+00:00,MUĞLA,48,25.7295,14.3295,0.1,13.905509,51.0,49.90295,940.559,19.63,Drizzle: Light
2005-09-28 21:00:00+00:00,MUĞLA,48,23.9795,13.6295,0.0,15.629972,0.0,47.8923,939.29755,19.61,Clear sky
2005-09-29 21:00:00+00:00,MUĞLA,48,24.4295,12.5795,0.0,10.587918,3.0,52.78033,938.6846,17.65,Overcast
2005-09-30 21:00:00+00:00,MUĞLA,48,22.4795,13.7295,0.0,16.263872,3.0,68.64964,940.54584,16.63,Overcast
2005-10-01 21:00:00+00:00,MUĞLA,48,19.529501,15.0795,37.2,16.831684,63.0,85.96011,939.2033,11.7,Rain: Moderate
2005-10-02 21:00:00+00:00,MUĞLA,48,22.529501,11.6295,0.0,9.605998,2.0,70.52777,941.47003,18.23,Partly cloudy
2005-10-03 21:00:00+00:00,MUĞLA,48,24.779501,12.429501,0.0,9.422101,2.0,59.396122,940.18463,18.46,Partly cloudy
2005-10-04 21:00:00+00:00,MUĞLA,48,24.6795,13.2295,0.0,5.991594,0.0,65.37025,939.5513,18.24,Clear sky
2005-10-05 21:00:00+00:00,MUĞLA,48,24.4295,13.0795,0.0,6.9247384,3.0,69.583885,940.0066,17.88,Overcast
2005-10-06 21:00:00+00:00,MUĞLA,48,23.279501,13.3295,0.0,6.297428,3.0,58.108932,941.7315,12.15,Overcast
2005-10-07 21:00:00+00:00,MUĞLA,48,24.1295,11.9795,0.0,7.5170207,0.0,53.76914,941.1811,18.12,Clear sky
2005-10-08 21:00:00+00:00,MUĞLA,48,22.3795,11.3295,0.0,11.503113,2.0,63.47525,939.4036,16.81,Partly cloudy
2005-10-09 21:00:00+00:00,MUĞLA,48,20.1795,12.8795,0.1,12.682018,51.0,73.3472,940.11566,14.66,Drizzle: Light
2005-10-10 21:00:00+00:00,MUĞLA,48,19.1795,11.929501,6.7000003,7.5685663,61.0,81.30255,939.1794,10.03,Rain: Slight
2005-10-11 21:00:00+00:00,MUĞLA,48,19.4295,12.0295,0.0,9.178235,2.0,79.43162,941.57416,13.5,Partly cloudy
2005-10-12 21:00:00+00:00,MUĞLA,48,21.3295,11.179501,0.0,7.968939,3.0,73.29111,943.3139,14.13,Overcast
2005-10-13 21:00:00+00:00,MUĞLA,48,22.1295,11.179501,0.0,12.979984,0.0,63.40251,942.7161,16.86,Clear sky
2005-10-14 21:00:00+00:00,MUĞLA,48,20.8795,10.4795,0.0,15.175612,0.0,56.990616,939.71094,16.84,Clear sky
2005-10-15 21:00:00+00:00,MUĞLA,48,15.7795,9.5295,0.7,21.349546,53.0,63.458096,933.70746,13.66,Drizzle: Moderate
2005-10-16 21:00:00+00:00,MUĞLA,48,17.0795,7.4795003,0.0,11.384199,2.0,66.236664,936.6303,14.75,Partly cloudy
2005-10-17 21:00:00+00:00,MUĞLA,48,15.7795,6.2295003,0.0,10.315115,3.0,68.34994,939.0762,10.93,Overcast
2005-10-18 21:00:00+00:00,MUĞLA,48,13.5795,5.2795,0.0,19.083395,0.0,53.44371,940.0966,16.49,Clear sky
2005-10-19 21:00:00+00:00,MUĞLA,48,16.0795,5.3295,0.0,14.480773,0.0,54.14253,941.6804,16.38,Clear sky
2005-10-20 21:00:00+00:00,MUĞLA,48,18.1795,4.7795,0.0,5.6920996,0.0,59.5728,942.8296,16.19,Clear sky
2005-10-21 21:00:00+00:00,MUĞLA,48,18.8295,5.7795,0.0,6.989936,1.0,61.30847,945.8747,15.76,Mainly clear
2005-10-22 21:00:00+00:00,MUĞLA,48,21.279501,7.2795,0.0,6.489992,0.0,66.43352,947.2331,15.17,Clear sky
2005-10-23 21:00:00+00:00,MUĞLA,48,23.2295,8.9295,0.0,8.766573,2.0,64.028465,944.26215,14.63,Partly cloudy
2005-10-24 21:00:00+00:00,MUĞLA,48,24.3295,10.929501,0.0,8.217153,1.0,56.936962,943.2037,14.89,Mainly clear
2005-10-25 21:00:00+00:00,MUĞLA,48,24.1795,10.5295,0.0,5.634891,0.0,57.328,943.5633,14.95,Clear sky
2005-10-26 21:00:00+00:00,MUĞLA,48,24.6795,10.3295,0.0,7.6367526,0.0,54.302124,941.655,14.98,Clear sky
2005-10-27 21:00:00+00:00,MUĞLA,48,23.4295,11.0295,0.0,11.043261,0.0,50.145676,939.055,14.64,Clear sky
2005-10-28 21:00:00+00:00,MUĞLA,48,15.2295,9.6295,0.0,24.472057,0.0,46.96765,939.1753,15.15,Clear sky
2005-10-29 21:00:00+00:00,MUĞLA,48,13.1295,5.0295,0.0,19.995398,0.0,46.0163,940.57306,14.86,Clear sky
2005-10-30 21:00:00+00:00,MUĞLA,48,13.179501,3.8795,0.0,10.464797,0.0,56.015106,941.64667,14.73,Clear sky
2005-10-31 21:00:00+00:00,MUĞLA,48,13.0295,2.8295002,0.0,10.97262,3.0,56.5327,941.83936,13.82,Overcast
2005-11-01 21:00:00+00:00,MUĞLA,48,13.8295,3.5295,0.0,13.363711,2.0,63.297695,942.1547,13.47,Partly cloudy
2005-11-02 21:00:00+00:00,MUĞLA,48,10.0795,5.4295,5.799999,9.779817,55.0,83.8735,939.7664,4.14,Drizzle: Dense
2005-11-03 21:00:00+00:00,MUĞLA,48,10.2295,2.5295,0.0,21.542923,3.0,77.28726,938.76294,11.51,Overcast
2005-11-04 21:00:00+00:00,MUĞLA,48,15.179501,4.4295,0.0,14.345898,0.0,70.52968,940.5733,13.73,Clear sky
2005-11-05 21:00:00+00:00,MUĞLA,48,13.7295,4.7295003,0.0,19.995398,0.0,64.15331,941.5013,13.17,Clear sky
2005-11-06 21:00:00+00:00,MUĞLA,48,15.7795,5.5795,0.0,15.277749,2.0,64.63064,943.20917,13.36,Partly cloudy
2005-11-07 21:00:00+00:00,MUĞLA,48,17.7295,4.8295,0.0,7.9036193,3.0,61.597538,944.23615,13.29,Overcast
2005-11-08 21:00:00+00:00,MUĞLA,48,17.2795,4.6295,0.0,5.00128,3.0,65.87083,944.48126,12.77,Overcast
2005-11-09 21:00:00+00:00,MUĞLA,48,17.7295,5.8795004,0.0,6.379216,3.0,64.00124,945.21454,12.61,Overcast
2005-11-10 21:00:00+00:00,MUĞLA,48,18.4795,4.5295,0.0,6.9247384,0.0,53.72241,943.32526,13.17,Clear sky
2005-11-11 21:00:00+00:00,MUĞLA,48,18.4295,4.3795,0.0,5.8048253,0.0,51.253983,940.8372,12.97,Clear sky
2005-11-12 21:00:00+00:00,MUĞLA,48,16.0295,7.8295,0.0,9.107359,0.0,58.792866,941.39166,12.51,Clear sky
2005-11-13 21:00:00+00:00,MUĞLA,48,15.8295,4.5295,0.0,5.4477882,2.0,73.41961,942.59375,12.31,Partly cloudy
2005-11-14 21:00:00+00:00,MUĞLA,48,14.8295,4.2795,0.0,8.049845,1.0,62.747513,940.3149,12.5,Mainly clear
2005-11-15 21:00:00+00:00,MUĞLA,48,15.929501,1.9795,0.0,6.3690495,3.0,62.213497,938.2073,11.84,Overcast
2005-11-16 21:00:00+00:00,MUĞLA,48,13.429501,6.7295003,22.3,16.73516,63.0,86.87756,936.85016,5.86,Rain: Moderate
2005-11-17 21:00:00+00:00,MUĞLA,48,13.179501,9.4295,38.100002,16.203999,63.0,96.59323,933.49,6.61,Rain: Moderate
2005-11-18 21:00:00+00:00,MUĞLA,48,12.929501,6.8795004,18.900002,13.556282,63.0,93.6917,935.8128,5.82,Rain: Moderate
2005-11-19 21:00:00+00:00,MUĞLA,48,12.179501,4.0795,11.5,13.679999,61.0,90.30619,932.58496,6.54,Rain: Slight
2005-11-20 21:00:00+00:00,MUĞLA,48,6.4295,0.77950007,0.0,13.339445,2.0,70.96732,937.3145,10.98,Partly cloudy
2005-11-21 21:00:00+00:00,MUĞLA,48,7.9295,-1.3705,0.0,7.6367526,3.0,64.27169,944.6845,11.42,Overcast
2005-11-22 21:00:00+00:00,MUĞLA,48,10.3795,4.2795,0.0,26.717722,3.0,68.36386,944.8882,5.73,Overcast
2005-11-23 21:00:00+00:00,MUĞLA,48,13.1295,6.5795,0.0,18.0036,3.0,77.30185,943.6553,7.61,Overcast
2005-11-24 21:00:00+00:00,MUĞLA,48,13.929501,10.429501,13.199999,23.584808,63.0,74.0694,938.80646,5.54,Rain: Moderate
2005-11-25 21:00:00+00:00,MUĞLA,48,12.2795,10.8295,61.600002,14.118243,63.0,91.398,941.13153,1.67,Rain: Moderate
2005-11-26 21:00:00+00:00,MUĞLA,48,18.6295,9.679501,0.0,14.685176,3.0,73.51372,939.74805,10.25,Overcast
2005-11-27 21:00:00+00:00,MUĞLA,48,18.1795,10.179501,0.0,16.215992,3.0,67.3417,937.02875,9.49,Overcast
2005-11-28 21:00:00+00:00,MUĞLA,48,14.0295,7.4795003,2.0,9.085988,53.0,84.63053,939.6464,8.2,Drizzle: Moderate
2005-11-29 21:00:00+00:00,MUĞLA,48,15.8295,3.8295002,0.0,5.634891,3.0,75.673805,941.16406,10.38,Overcast
2005-11-30 21:00:00+00:00,MUĞLA,48,18.029501,6.1295004,0.90000004,10.308831,53.0,64.13205,941.07684,9.57,Drizzle: Moderate
2005-12-01 21:00:00+00:00,MUĞLA,48,17.8795,10.0295,0.0,13.905509,3.0,61.99858,941.7534,6.89,Overcast
2005-12-02 21:00:00+00:00,MUĞLA,48,18.3295,10.3295,0.90000004,9.511088,53.0,67.64027,941.4476,9.37,Drizzle: Moderate
2005-12-03 21:00:00+00:00,MUĞLA,48,14.679501,7.5795,0.0,9.531505,2.0,78.51963,939.35077,9.47,Partly cloudy
2005-12-04 21:00:00+00:00,MUĞLA,48,15.679501,3.7795,0.0,5.95906,2.0,78.60723,937.8918,10.48,Partly cloudy
2005-12-05 21:00:00+00:00,MUĞLA,48,13.8795,8.2795,0.0,9.3876505,3.0,84.969345,940.553,8.92,Overcast
2005-12-06 21:00:00+00:00,MUĞLA,48,13.429501,8.1795,0.0,9.3876505,3.0,90.25057,943.4274,7.03,Overcast
2005-12-07 21:00:00+00:00,MUĞLA,48,14.0795,8.2295,0.1,8.647496,51.0,77.5954,942.608,7.73,Drizzle: Light
2005-12-08 21:00:00+00:00,MUĞLA,48,14.7795,5.1795,0.5,6.696387,51.0,78.497086,942.07104,8.49,Drizzle: Light
2005-12-09 21:00:00+00:00,MUĞLA,48,15.7795,4.3295,0.2,7.172949,51.0,74.819565,942.8638,9.54,Drizzle: Light
2005-12-10 21:00:00+00:00,MUĞLA,48,17.779501,5.0795,0.0,7.5942082,3.0,76.431404,944.2464,9.68,Overcast
2005-12-11 21:00:00+00:00,MUĞLA,48,17.6295,4.8795,0.0,9.659814,3.0,75.73687,942.57074,9.84,Overcast
2005-12-12 21:00:00+00:00,MUĞLA,48,17.3795,4.4795003,0.0,7.9036193,3.0,69.50623,939.51855,10.01,Overcast
2005-12-13 21:00:00+00:00,MUĞLA,48,16.3795,5.7795,1.6,18.59845,61.0,61.102737,934.98627,9.99,Rain: Slight
2005-12-14 21:00:00+00:00,MUĞLA,48,9.929501,6.1795,13.099999,16.575644,63.0,92.986244,930.27313,5.06,Rain: Moderate
2005-12-15 21:00:00+00:00,MUĞLA,48,9.7795,5.3295,1.7000002,9.585739,51.0,90.52323,929.6113,7.11,Drizzle: Light
2005-12-16 21:00:00+00:00,MUĞLA,48,10.9795,5.8795004,10.1,14.693999,61.0,94.44056,930.2618,6.61,Rain: Slight
2005-12-17 21:00:00+00:00,MUĞLA,48,11.6295,8.4795,45.699993,23.933908,63.0,95.04371,930.9036,5.71,Rain: Moderate
2005-12-18 21:00:00+00:00,MUĞLA,48,9.5295,1.7795001,14.6,14.561099,63.0,81.01451,933.2282,7.59,Rain: Moderate
2005-12-19 21:00:00+00:00,MUĞLA,48,4.3295,-1.0204998,0.0,19.011953,0.0,57.097584,942.03204,10.52,Clear sky
2005-12-20 21:00:00+00:00,MUĞLA,48,6.8295,-2.0705,0.0,9.021574,1.0,55.053394,942.3857,10.47,Mainly clear
2005-12-21 21:00:00+00:00,MUĞLA,48,6.6295004,-1.6704999,0.0,8.427383,2.0,56.843487,941.3525,10.35,Partly cloudy
2005-12-22 21:00:00+00:00,MUĞLA,48,4.2295003,-1.5705,0.0,9.3669195,3.0,65.19263,936.07245,6.31,Overcast
2005-12-23 21:00:00+00:00,MUĞLA,48,2.7795,-1.6704999,0.0,19.914217,3.0,60.78706,934.93414,9.61,Overcast
2005-12-24 21:00:00+00:00,MUĞLA,48,4.5795,-2.0204997,0.0,10.495713,0.0,57.341442,939.3693,10.46,Clear sky
2005-12-25 21:00:00+00:00,MUĞLA,48,7.0295,-1.6704999,3.0,8.78872,53.0,77.57186,942.2961,6.34,Drizzle: Moderate
2005-12-26 21:00:00+00:00,MUĞLA,48,8.3795,1.8795002,6.6,18.214718,53.0,93.7985,944.45825,6.02,Drizzle: Moderate
2005-12-27 21:00:00+00:00,MUĞLA,48,9.2295,2.8795,6.9999995,18.448023,53.0,94.73715,944.5734,5.34,Drizzle: Moderate
2005-12-28 21:00:00+00:00,MUĞLA,48,9.2295,6.3295,25.100002,13.979871,63.0,93.58395,945.55865,3.17,Rain: Moderate
2005-12-29 21:00:00+00:00,MUĞLA,48,11.8795,4.4795003,0.0,11.966954,3.0,80.232445,946.61224,7.16,Overcast
2005-12-30 21:00:00+00:00,MUĞLA,48,10.5295,6.3295,7.4,12.303366,61.0,93.82302,944.283,3.84,Rain: Slight
2005-12-31 21:00:00+00:00,MUĞLA,48,11.5295,7.1295004,0.4,8.707238,51.0,91.69995,943.37067,3.82,Drizzle: Light
2006-01-01 21:00:00+00:00,MUĞLA,48,12.7295,7.5295,0.8,10.105681,51.0,93.46771,942.13824,6.42,Drizzle: Light
2006-01-02 21:00:00+00:00,MUĞLA,48,12.9795,6.2795,0.0,14.77755,3.0,86.63792,942.103,9.1,Overcast
2006-01-03 21:00:00+00:00,MUĞLA,48,14.429501,4.5795,0.2,6.87779,51.0,75.76295,939.40137,6.24,Drizzle: Light
2006-01-04 21:00:00+00:00,MUĞLA,48,12.3795,4.6795,13.599999,12.783802,61.0,86.16041,936.0396,6.47,Rain: Slight
2006-01-05 21:00:00+00:00,MUĞLA,48,11.2295,5.4795003,4.8,8.714677,61.0,86.40134,938.14307,7.97,Rain: Slight
2006-01-06 21:00:00+00:00,MUĞLA,48,10.4795,2.9795,3.3000002,8.766573,61.0,86.806335,936.93976,8.55,Rain: Slight
2006-01-07 21:00:00+00:00,MUĞLA,48,8.6295,1.9295001,0.0,13.854155,3.0,80.01863,938.7207,9.84,Overcast
2006-01-08 21:00:00+00:00,MUĞLA,48,7.9795003,-0.0704999,0.0,10.805998,3.0,66.95257,938.4987,10.49,Overcast
2006-01-09 21:00:00+00:00,MUĞLA,48,7.1795,-0.12049997,0.0,10.495713,1.0,61.88158,935.9097,11.16,Mainly clear
2006-01-10 21:00:00+00:00,MUĞLA,48,7.5295,-1.2204999,0.0,8.587338,0.0,62.526382,935.894,11.56,Clear sky
2006-01-11 21:00:00+00:00,MUĞLA,48,8.5795,-1.1704999,0.0,6.6087217,3.0,66.342384,936.5518,10.04,Overcast
2006-01-12 21:00:00+00:00,MUĞLA,48,8.7295,-0.42049992,0.2,7.10031,51.0,71.14474,939.2366,11.25,Drizzle: Light
2006-01-13 21:00:00+00:00,MUĞLA,48,8.6795,-0.17049992,0.0,7.10031,2.0,69.30325,940.8831,11.38,Partly cloudy
2006-01-14 21:00:00+00:00,MUĞLA,48,8.7795,-0.9204999,0.0,6.9247384,0.0,62.95929,942.5188,11.89,Clear sky
2006-01-15 21:00:00+00:00,MUĞLA,48,7.3295,-0.12049997,1.7,6.28713,53.0,80.15854,942.5818,9.23,Drizzle: Moderate
2006-01-16 21:00:00+00:00,MUĞLA,48,7.6795,0.4295001,0.1,10.514218,51.0,83.31402,942.56647,9.24,Drizzle: Light
2006-01-17 21:00:00+00:00,MUĞLA,48,8.0295,-1.5705,0.90000004,9.605998,53.0,79.65696,942.2775,10.84,Drizzle: Moderate
2006-01-18 21:00:00+00:00,MUĞLA,48,8.6295,2.1295002,40.1,16.563911,71.0,96.53806,936.88324,2.71,Snow fall: Slight
2006-01-19 21:00:00+00:00,MUĞLA,48,7.6295004,0.9295001,2.7,18.228943,61.0,77.12866,939.5899,10.61,Rain: Slight
2006-01-20 21:00:00+00:00,MUĞLA,48,11.929501,-0.27049994,0.0,9.983106,3.0,62.799236,944.20184,12.2,Overcast
2006-01-21 21:00:00+00:00,MUĞLA,48,9.0295,2.9795,6.9,18.331741,55.0,85.49042,938.84937,5.12,Drizzle: Dense
2006-01-22 21:00:00+00:00,MUĞLA,48,10.8795,4.3295,13.400001,13.004922,61.0,88.464226,930.52167,5.9,Rain: Slight
2006-01-23 21:00:00+00:00,MUĞLA,48,10.1295,4.7795,27.499996,12.594856,61.0,95.17627,931.6257,4.73,Rain: Slight
2006-01-24 21:00:00+00:00,MUĞLA,48,8.3295,1.8295001,8.6,12.682018,53.0,95.67196,927.09845,5.39,Drizzle: Moderate
2006-01-25 21:00:00+00:00,MUĞLA,48,4.7295003,-0.7704998,0.0,11.5199995,71.0,74.83147,934.69214,9.58,Snow fall: Slight
2006-01-26 21:00:00+00:00,MUĞLA,48,6.7795,-1.4204999,0.0,9.693296,3.0,64.672844,942.95746,12.83,Overcast
2006-01-27 21:00:00+00:00,MUĞLA,48,8.4795,-1.7704998,0.0,10.636766,1.0,57.9586,945.13617,13.64,Mainly clear
2006-01-28 21:00:00+00:00,MUĞLA,48,10.2295,-1.4704999,0.0,8.049845,3.0,55.99809,945.00665,13.59,Overcast
2006-01-29 21:00:00+00:00,MUĞLA,48,11.0795,-1.0705,0.0,9.339208,3.0,53.488846,942.2539,13.93,Overcast
2006-01-30 21:00:00+00:00,MUĞLA,48,9.8795,-0.62049997,0.0,5.0911684,3.0,69.43823,938.39606,11.92,Overcast
2006-01-31 21:00:00+00:00,MUĞLA,48,12.5295,-0.87049997,3.1999998,7.10031,53.0,81.01389,935.6272,9.95,Drizzle: Moderate
2006-02-01 21:00:00+00:00,MUĞLA,48,12.3795,-0.020499945,0.0,8.049845,2.0,78.82369,931.8632,10.95,Partly cloudy
2006-02-02 21:00:00+00:00,MUĞLA,48,13.679501,0.6295001,0.0,8.350138,1.0,75.69297,932.0794,13.91,Mainly clear
2006-02-03 21:00:00+00:00,MUĞLA,48,12.3295,0.07950008,0.0,6.6087217,3.0,75.14668,935.4538,12.76,Overcast
2006-02-04 21:00:00+00:00,MUĞLA,48,9.8795,2.6295,2.8,12.24,53.0,88.82572,937.51587,7.77,Drizzle: Moderate
2006-02-05 21:00:00+00:00,MUĞLA,48,8.8795,5.5295,23.9,15.629972,63.0,95.48849,929.0765,5.51,Rain: Moderate
2006-02-06 21:00:00+00:00,MUĞLA,48,8.1795,4.0295,11.400002,11.753877,61.0,95.784485,925.22095,6.23,Rain: Slight
2006-02-07 21:00:00+00:00,MUĞLA,48,7.1795,2.3795002,3.6999998,10.1887,53.0,90.15438,922.6204,6.94,Drizzle: Moderate
2006-02-08 21:00:00+00:00,MUĞLA,48,8.7295,0.029500127,0.2,9.746631,71.0,77.844925,932.48364,13.09,Snow fall: Slight
2006-02-09 21:00:00+00:00,MUĞLA,48,10.179501,2.5795002,28.8,18.0,75.0,93.582054,936.75336,6.74,Snow fall: Heavy
2006-02-10 21:00:00+00:00,MUĞLA,48,10.1295,6.2295003,20.999998,13.37825,61.0,96.10618,935.9177,7.88,Rain: Slight
2006-02-11 21:00:00+00:00,MUĞLA,48,8.4795,1.6795001,4.3,13.37825,53.0,85.21141,932.4016,11.31,Drizzle: Moderate
2006-02-12 21:00:00+00:00,MUĞLA,48,6.1295004,-2.4705,0.0,14.512064,3.0,64.419975,933.64886,15.79,Overcast
2006-02-13 21:00:00+00:00,MUĞLA,48,6.0295,-2.1205,0.1,11.753877,51.0,53.56244,934.18945,15.3,Drizzle: Light
2006-02-14 21:00:00+00:00,MUĞLA,48,2.6795,-2.7205,0.0,20.176065,2.0,53.69051,936.96686,14.94,Partly cloudy
2006-02-15 21:00:00+00:00,MUĞLA,48,4.9795003,-3.1204996,0.0,10.1376915,3.0,49.868587,938.9519,16.13,Overcast
2006-02-16 21:00:00+00:00,MUĞLA,48,5.6295004,0.029500127,17.399998,9.983106,73.0,87.84434,939.0147,2.19,Snow fall: Moderate
2006-02-17 21:00:00+00:00,MUĞLA,48,11.6295,5.6795,9.7,7.072878,55.0,96.85676,943.1931,7.41,Drizzle: Dense
2006-02-18 21:00:00+00:00,MUĞLA,48,9.5295,6.0295,1.1,12.144331,51.0,93.07673,943.87134,6.66,Drizzle: Light
2006-02-19 21:00:00+00:00,MUĞLA,48,11.929501,4.6295,0.4,5.771239,51.0,83.74384,941.3249,12.69,Drizzle: Light
2006-02-20 21:00:00+00:00,MUĞLA,48,15.429501,1.2795,0.0,7.289445,3.0,78.543205,941.5056,16.54,Overcast
2006-02-21 21:00:00+00:00,MUĞLA,48,15.7295,1.6295,0.0,5.937272,0.0,74.23775,942.1247,17.08,Clear sky
2006-02-22 21:00:00+00:00,MUĞLA,48,14.4795,4.2795,0.0,13.084402,3.0,75.6155,940.32495,15.97,Overcast
2006-02-23 21:00:00+00:00,MUĞLA,48,15.9795,5.5795,4.4,29.871325,55.0,68.670006,933.9326,15.85,Drizzle: Dense
2006-02-24 21:00:00+00:00,MUĞLA,48,12.429501,7.4295,3.4,10.799999,53.0,89.35621,936.57025,10.92,Drizzle: Moderate
2006-02-25 21:00:00+00:00,MUĞLA,48,11.1295,4.1295,11.1,17.418196,61.0,90.50818,935.1416,10.12,Rain: Slight
2006-02-26 21:00:00+00:00,MUĞLA,48,9.9795,3.4795,4.7000003,9.693296,53.0,91.52511,936.31696,10.62,Drizzle: Moderate
2006-02-27 21:00:00+00:00,MUĞLA,48,12.179501,3.3295002,4.6,22.545315,61.0,77.62754,935.0821,9.96,Rain: Slight
2006-02-28 21:00:00+00:00,MUĞLA,48,12.9795,5.7295003,11.3,15.39184,63.0,89.840034,934.295,14.3,Rain: Moderate
2006-03-01 21:00:00+00:00,MUĞLA,48,12.5795,5.3295,0.0,14.003029,3.0,86.173454,937.78766,12.9,Overcast
2006-03-02 21:00:00+00:00,MUĞLA,48,13.5795,6.2795,6.2,13.979871,55.0,86.78858,934.85895,10.18,Drizzle: Dense
2006-03-03 21:00:00+00:00,MUĞLA,48,15.5795,2.0295,0.0,8.209263,3.0,68.18515,937.5463,18.1,Overcast
2006-03-04 21:00:00+00:00,MUĞLA,48,12.8295,4.3295,0.0,13.089354,3.0,82.12342,938.4888,16.47,Overcast
2006-03-05 21:00:00+00:00,MUĞLA,48,12.679501,4.2295003,0.0,16.516901,3.0,82.18308,938.54254,16.35,Overcast
2006-03-06 21:00:00+00:00,MUĞLA,48,12.4795,6.1795,13.8,22.881956,63.0,84.863785,928.156,12.19,Rain: Moderate
2006-03-07 21:00:00+00:00,MUĞLA,48,8.0295,3.8795,18.499998,9.531505,71.0,95.15237,921.6614,7.72,Snow fall: Slight
2006-03-08 21:00:00+00:00,MUĞLA,48,7.9295,1.4295001,2.6,15.629972,71.0,73.398605,930.37494,16.58,Snow fall: Slight
2006-03-09 21:00:00+00:00,MUĞLA,48,10.8295,-0.12049997,0.0,7.6367526,3.0,64.188484,939.8464,19.92,Overcast
2006-03-10 21:00:00+00:00,MUĞLA,48,9.7295,2.1295002,15.200001,18.919704,61.0,89.69926,938.4642,7.73,Rain: Slight
2006-03-11 21:00:00+00:00,MUĞLA,48,10.5295,6.7295003,16.4,25.14852,61.0,93.276764,930.52057,10.09,Rain: Slight
2006-03-12 21:00:00+00:00,MUĞLA,48,8.9295,4.6795,29.300003,25.071098,63.0,92.5729,924.58685,10.98,Rain: Moderate
2006-03-13 21:00:00+00:00,MUĞLA,48,9.8295,3.7295003,19.999996,18.486622,63.0,94.00353,927.8069,13.54,Rain: Moderate
2006-03-14 21:00:00+00:00,MUĞLA,48,12.679501,0.5795001,0.1,10.853866,51.0,78.3886,936.6372,18.15,Drizzle: Light
2006-03-15 21:00:00+00:00,MUĞLA,48,11.0295,2.7295,6.1,7.10031,61.0,89.3931,938.0776,14.88,Rain: Slight
2006-03-16 21:00:00+00:00,MUĞLA,48,12.5795,-0.22049987,0.0,12.4811535,3.0,77.292274,936.86676,19.3,Overcast
2006-03-17 21:00:00+00:00,MUĞLA,48,10.0295,0.4295001,10.1,13.779114,61.0,87.7573,934.94,12.06,Rain: Slight
2006-03-18 21:00:00+00:00,MUĞLA,48,13.2795,1.5295001,0.0,11.542478,3.0,73.346245,934.6618,19.43,Overcast
2006-03-19 21:00:00+00:00,MUĞLA,48,15.2795,1.7795001,0.3,13.698934,51.0,70.94979,935.5588,19.59,Drizzle: Light
2006-03-20 21:00:00+00:00,MUĞLA,48,14.7795,6.4795003,1.6000001,8.766573,51.0,82.28292,937.10156,13.53,Drizzle: Light
2006-03-21 21:00:00+00:00,MUĞLA,48,17.7295,3.7295003,0.0,11.440978,3.0,80.40606,939.2625,21.29,Overcast
2006-03-22 21:00:00+00:00,MUĞLA,48,17.4295,8.6795,4.7,21.841648,61.0,71.388466,935.0048,11.01,Rain: Slight
2006-03-23 21:00:00+00:00,MUĞLA,48,11.7795,7.3795004,5.2000003,9.114471,61.0,87.36398,933.2376,10.71,Rain: Slight
2006-03-24 21:00:00+00:00,MUĞLA,48,15.429501,5.2795,1.5999999,12.313894,61.0,81.25915,933.8199,17.15,Rain: Slight
2006-03-25 21:00:00+00:00,MUĞLA,48,16.1795,3.0795002,0.5,9.021574,51.0,74.89022,936.38153,21.65,Drizzle: Light
2006-03-26 21:00:00+00:00,MUĞLA,48,15.2795,3.1795,0.3,6.6185193,51.0,76.02636,937.1172,21.09,Drizzle: Light
2006-03-27 21:00:00+00:00,MUĞLA,48,17.8795,3.8295002,0.0,7.8625183,0.0,66.48516,936.85425,22.89,Clear sky
2006-03-28 21:00:00+00:00,MUĞLA,48,17.0795,7.2295003,0.0,12.641076,3.0,67.137794,938.6441,21.89,Overcast
2006-03-29 21:00:00+00:00,MUĞLA,48,15.7795,7.1795,0.4,14.618837,51.0,77.52822,938.77167,19.76,Drizzle: Light
2006-03-30 21:00:00+00:00,MUĞLA,48,15.679501,8.2295,6.4,7.42159,63.0,80.14439,938.7941,18.9,Rain: Moderate
2006-03-31 21:00:00+00:00,MUĞLA,48,18.1295,3.8795,0.0,12.768586,3.0,64.69587,936.42426,21.01,Overcast
2006-04-01 21:00:00+00:00,MUĞLA,48,18.029501,6.1795,0.0,17.309973,3.0,56.601467,935.75464,23.33,Overcast
2006-04-02 21:00:00+00:00,MUĞLA,48,17.8295,5.5295,1.4000001,11.4862,53.0,62.07428,932.2075,21.25,Drizzle: Moderate
2006-04-03 21:00:00+00:00,MUĞLA,48,15.7295,6.3795004,11.099999,6.489992,63.0,81.59553,929.612,17.07,Rain: Moderate
2006-04-04 21:00:00+00:00,MUĞLA,48,18.2295,3.9295,0.3,9.793058,51.0,73.24772,932.6697,22.21,Drizzle: Light
2006-04-05 21:00:00+00:00,MUĞLA,48,18.779501,5.1795,0.0,11.304229,3.0,70.7615,938.834,23.45,Overcast
2006-04-06 21:00:00+00:00,MUĞLA,48,17.2795,7.5295,0.0,18.947083,3.0,68.83952,939.50055,20.09,Overcast
2006-04-07 21:00:00+00:00,MUĞLA,48,17.6295,10.5295,0.0,24.993439,0.0,54.84622,935.3411,23.67,Clear sky
2006-04-08 21:00:00+00:00,MUĞLA,48,18.6295,7.2295003,5.1,9.904906,63.0,76.984604,934.19574,21.11,Rain: Moderate
2006-04-09 21:00:00+00:00,MUĞLA,48,19.1795,7.0795,0.0,8.311245,2.0,71.242096,937.15106,23.44,Partly cloudy
2006-04-10 21:00:00+00:00,MUĞLA,48,20.8295,6.9295,0.6,9.449572,53.0,70.12557,939.55865,22.87,Drizzle: Moderate
2006-04-11 21:00:00+00:00,MUĞLA,48,18.529501,9.2795,0.1,22.253124,51.0,68.756065,935.3377,18.22,Drizzle: Light
2006-04-12 21:00:00+00:00,MUĞLA,48,16.7295,9.5295,0.0,18.391735,3.0,81.095345,933.3719,23.74,Overcast
2006-04-13 21:00:00+00:00,MUĞLA,48,11.3795,8.7295,11.7,13.854155,61.0,90.7725,934.22406,6.06,Rain: Slight
2006-04-14 21:00:00+00:00,MUĞLA,48,20.9795,6.8295,2.8,20.291357,53.0,73.02849,933.4536,19.3,Drizzle: Moderate
2006-04-15 21:00:00+00:00,MUĞLA,48,23.279501,9.8295,0.0,15.827721,3.0,51.924107,937.0676,25.95,Overcast
2006-04-16 21:00:00+00:00,MUĞLA,48,23.8295,9.9795,0.0,12.599998,3.0,55.413998,934.0618,24.94,Overcast
2006-04-17 21:00:00+00:00,MUĞLA,48,23.6795,9.5795,0.0,8.049845,3.0,61.389698,936.7087,18.83,Overcast
2006-04-18 21:00:00+00:00,MUĞLA,48,20.029501,13.3795,0.0,21.629978,3.0,62.34401,938.02246,19.82,Overcast
2006-04-19 21:00:00+00:00,MUĞLA,48,18.5795,10.3295,0.0,10.009036,3.0,77.91425,936.53973,20.09,Overcast
2006-04-20 21:00:00+00:00,MUĞLA,48,21.0795,9.3295,0.2,9.686609,51.0,74.054146,936.2336,23.78,Drizzle: Light
2006-04-21 21:00:00+00:00,MUĞLA,48,18.5795,10.4795,3.4,9.826088,55.0,71.52267,934.7789,19.71,Drizzle: Dense
2006-04-22 21:00:00+00:00,MUĞLA,48,16.3295,9.0795,10.300001,13.556282,61.0,83.48336,931.32184,16.41,Rain: Slight
2006-04-23 21:00:00+00:00,MUĞLA,48,20.8795,8.5295,0.0,20.288164,0.0,61.128006,933.0464,26.46,Clear sky
2006-04-24 21:00:00+00:00,MUĞLA,48,18.6795,9.0295,0.0,23.507753,0.0,45.921963,935.48065,27.2,Clear sky
2006-04-25 21:00:00+00:00,MUĞLA,48,20.9795,7.0795,0.0,10.1887,3.0,41.175304,936.0778,27.46,Overcast
2006-04-26 21:00:00+00:00,MUĞLA,48,20.8295,7.9795003,0.0,8.4963045,3.0,56.449436,935.63477,26.27,Overcast
2006-04-27 21:00:00+00:00,MUĞLA,48,17.779501,10.9795,1.4,12.224107,51.0,71.89055,933.4401,13.69,Drizzle: Light
2006-04-28 21:00:00+00:00,MUĞLA,48,18.6795,9.679501,0.3,11.753876,51.0,73.00117,931.19244,20.08,Drizzle: Light
2006-04-29 21:00:00+00:00,MUĞLA,48,18.7295,7.9795003,0.0,10.086427,3.0,74.13207,934.26074,20.06,Overcast
2006-04-30 21:00:00+00:00,MUĞLA,48,17.2295,8.1795,2.6999998,9.746631,55.0,77.04511,937.7209,22.31,Drizzle: Dense
2006-05-01 21:00:00+00:00,MUĞLA,48,19.5795,6.9295,0.5,10.315115,51.0,69.10871,938.216,23.8,Drizzle: Light
2006-05-02 21:00:00+00:00,MUĞLA,48,20.529501,8.8795,3.0,8.435069,63.0,65.37204,937.45844,24.75,Rain: Moderate
2006-05-03 21:00:00+00:00,MUĞLA,48,18.1795,9.3295,2.0,9.983106,61.0,72.175285,937.2441,19.82,Rain: Slight
2006-05-04 21:00:00+00:00,MUĞLA,48,18.0795,6.8295,3.7,10.086427,61.0,75.077324,935.98737,23.23,Rain: Slight
2006-05-05 21:00:00+00:00,MUĞLA,48,16.1795,8.3795,1.3000001,15.745627,53.0,75.48259,936.87555,24.26,Drizzle: Moderate
2006-05-06 21:00:00+00:00,MUĞLA,48,16.7295,8.9795,1.5,13.246826,51.0,69.570045,936.14355,21.93,Drizzle: Light
2006-05-07 21:00:00+00:00,MUĞLA,48,17.6795,6.3795004,2.2,15.0038395,61.0,57.01181,936.3255,27.28,Rain: Slight
2006-05-08 21:00:00+00:00,MUĞLA,48,19.279501,6.1295004,0.0,9.387651,1.0,59.775196,937.82745,27.62,Mainly clear
2006-05-09 21:00:00+00:00,MUĞLA,48,18.8795,7.3795004,0.0,13.53236,3.0,62.366333,938.79095,23.73,Overcast
2006-05-10 21:00:00+00:00,MUĞLA,48,18.7295,8.8295,0.0,17.026896,3.0,66.73924,940.36426,26.31,Overcast
2006-05-11 21:00:00+00:00,MUĞLA,48,18.5795,10.5795,5.399999,11.252519,61.0,80.36689,942.0349,15.41,Rain: Slight
2006-05-12 21:00:00+00:00,MUĞLA,48,22.4795,9.7295,0.0,11.304229,3.0,66.60879,941.125,27.39,Overcast
2006-05-13 21:00:00+00:00,MUĞLA,48,23.1295,10.0295,0.0,10.44,0.0,51.567036,939.3387,28.48,Clear sky
2006-05-14 21:00:00+00:00,MUĞLA,48,21.279501,9.929501,0.0,13.237039,0.0,55.182358,936.9715,26.72,Clear sky
2006-05-15 21:00:00+00:00,MUĞLA,48,21.2295,10.2295,1.3,14.345898,61.0,59.00349,936.1641,25.08,Rain: Slight
2006-05-16 21:00:00+00:00,MUĞLA,48,24.279501,10.5795,0.0,10.787993,0.0,50.479614,937.38965,28.71,Clear sky
2006-05-17 21:00:00+00:00,MUĞLA,48,21.6795,12.3295,0.5,8.217153,53.0,56.451252,938.639,22.47,Drizzle: Moderate
2006-05-18 21:00:00+00:00,MUĞLA,48,23.5795,10.7295,0.1,7.653705,51.0,62.12427,938.37054,26.03,Drizzle: Light
2006-05-19 21:00:00+00:00,MUĞLA,48,26.529501,12.1295,0.0,11.91812,2.0,60.664608,939.1377,28.2,Partly cloudy
2006-05-20 21:00:00+00:00,MUĞLA,48,28.029501,12.2795,0.0,10.1376915,0.0,58.69069,938.82855,28.54,Clear sky
2006-05-21 21:00:00+00:00,MUĞLA,48,28.7295,14.2795,0.0,10.086427,2.0,58.684757,939.23114,28.72,Partly cloudy
2006-05-22 21:00:00+00:00,MUĞLA,48,31.0795,15.6295,0.0,7.9932966,3.0,58.57405,938.3657,27.63,Overcast
2006-05-23 21:00:00+00:00,MUĞLA,48,31.9795,16.8795,0.0,9.028754,0.0,53.72497,938.35077,28.63,Clear sky
2006-05-24 21:00:00+00:00,MUĞLA,48,31.3295,17.3795,0.1,9.83268,51.0,53.377747,937.46234,26.42,Drizzle: Light
2006-05-25 21:00:00+00:00,MUĞLA,48,30.7295,17.0795,0.0,12.144331,3.0,50.3297,936.5061,25.61,Overcast
2006-05-26 21:00:00+00:00,MUĞLA,48,30.3295,16.8795,0.0,9.19939,2.0,39.509056,938.65674,29.1,Partly cloudy
2006-05-27 21:00:00+00:00,MUĞLA,48,30.7295,16.6795,0.0,13.849477,2.0,35.21197,940.4174,29.42,Partly cloudy
2006-05-28 21:00:00+00:00,MUĞLA,48,29.8295,15.6295,0.0,13.217443,0.0,44.00987,938.02924,29.31,Clear sky
2006-05-29 21:00:00+00:00,MUĞLA,48,28.529501,16.6795,0.0,14.658676,0.0,44.94717,935.13336,29.6,Clear sky
2006-05-30 21:00:00+00:00,MUĞLA,48,28.029501,15.3795,0.0,13.684735,1.0,49.772472,935.16486,28.42,Mainly clear
2006-05-31 21:00:00+00:00,MUĞLA,48,31.0795,15.5295,0.0,12.904882,0.0,48.653854,938.28107,27.61,Clear sky
2006-06-01 21:00:00+00:00,MUĞLA,48,32.7795,17.0295,0.0,14.8257065,3.0,39.733967,937.467,27.46,Overcast
2006-06-02 21:00:00+00:00,MUĞLA,48,31.529501,22.529501,0.0,13.783817,0.0,33.72835,938.0974,28.29,Clear sky
2006-06-03 21:00:00+00:00,MUĞLA,48,28.779501,16.4295,0.0,13.513193,3.0,43.65132,939.2714,28.57,Overcast
2006-06-04 21:00:00+00:00,MUĞLA,48,27.1795,15.7795,0.0,13.392774,3.0,42.5104,941.4795,28.65,Overcast
2006-06-05 21:00:00+00:00,MUĞLA,48,28.9795,13.4795,0.0,11.792404,1.0,47.755573,941.71906,30.12,Mainly clear
2006-06-06 21:00:00+00:00,MUĞLA,48,27.8295,14.5295,0.0,18.193361,0.0,42.91792,939.11456,30.01,Clear sky
2006-06-07 21:00:00+00:00,MUĞLA,48,25.1795,13.1295,0.0,17.731598,1.0,44.745464,938.2392,28.1,Mainly clear
2006-06-08 21:00:00+00:00,MUĞLA,48,20.9295,11.9795,1.5,16.700275,53.0,53.76092,937.42914,27.23,Drizzle: Moderate
2006-06-09 21:00:00+00:00,MUĞLA,48,22.7295,11.2795,1.9000002,11.019764,53.0,59.82307,939.5849,26.03,Drizzle: Moderate
2006-06-10 21:00:00+00:00,MUĞLA,48,23.1795,11.8795,0.7,10.594036,51.0,59.92091,942.01605,27.19,Drizzle: Light
2006-06-11 21:00:00+00:00,MUĞLA,48,25.1295,13.0295,0.2,15.379206,51.0,50.70705,942.4278,25.97,Drizzle: Light
2006-06-12 21:00:00+00:00,MUĞLA,48,21.4295,14.0795,0.6,13.896187,51.0,63.719387,938.91486,22.79,Drizzle: Light
2006-06-13 21:00:00+00:00,MUĞLA,48,24.7295,12.0295,0.0,12.24,1.0,56.809937,938.6218,29.45,Mainly clear
2006-06-14 21:00:00+00:00,MUĞLA,48,25.8795,13.0295,0.0,15.111424,2.0,49.523586,939.9185,30.18,Partly cloudy
2006-06-15 21:00:00+00:00,MUĞLA,48,26.1295,13.2795,0.0,15.986595,0.0,48.392002,940.0655,29.32,Clear sky
2006-06-16 21:00:00+00:00,MUĞLA,48,28.8795,15.5795,0.0,18.359999,0.0,37.56544,940.32056,30.0,Clear sky
2006-06-17 21:00:00+00:00,MUĞLA,48,32.0795,16.7295,0.0,10.009036,0.0,32.736893,940.7967,30.34,Clear sky
2006-06-18 21:00:00+00:00,MUĞLA,48,33.4795,17.8795,0.0,12.10157,0.0,27.652205,939.6221,30.34,Clear sky
2006-06-19 21:00:00+00:00,MUĞLA,48,33.8295,19.3795,0.0,8.942214,2.0,30.418428,937.28174,27.08,Partly cloudy
2006-06-20 21:00:00+00:00,MUĞLA,48,33.929497,20.529501,2.3,9.793059,55.0,38.123688,934.9741,25.52,Drizzle: Dense
2006-06-21 21:00:00+00:00,MUĞLA,48,33.5795,19.529501,0.0,10.233123,1.0,42.470997,935.54803,28.74,Mainly clear
2006-06-22 21:00:00+00:00,MUĞLA,48,32.629498,20.1795,0.0,16.676977,0.0,33.589794,935.5803,29.91,Clear sky
2006-06-23 21:00:00+00:00,MUĞLA,48,33.5295,19.1295,0.0,8.766573,2.0,35.537968,934.6928,29.7,Partly cloudy
2006-06-24 21:00:00+00:00,MUĞLA,48,32.5795,19.8295,0.2,10.00256,51.0,43.125935,934.8859,27.21,Drizzle: Light
2006-06-25 21:00:00+00:00,MUĞLA,48,33.8295,20.779501,4.2,6.4096174,61.0,50.89256,935.8597,25.11,Rain: Slight
2006-06-26 21:00:00+00:00,MUĞLA,48,32.879498,20.7295,3.4,8.534353,61.0,52.819912,935.03613,24.12,Rain: Slight
2006-06-27 21:00:00+00:00,MUĞLA,48,30.8295,20.2295,2.3,14.799459,61.0,48.045578,933.1128,27.22,Rain: Slight
2006-06-28 21:00:00+00:00,MUĞLA,48,30.7295,20.3795,2.7,12.261157,63.0,48.531628,934.39984,25.61,Rain: Moderate
2006-06-29 21:00:00+00:00,MUĞLA,48,32.7795,20.3795,0.0,17.339897,1.0,46.52063,936.3099,28.5,Mainly clear
2006-06-30 21:00:00+00:00,MUĞLA,48,34.0295,20.2295,0.0,13.849477,0.0,38.4117,935.6667,29.74,Clear sky
2006-07-01 21:00:00+00:00,MUĞLA,48,33.879498,20.8295,0.0,13.684735,1.0,38.108547,934.50665,27.5,Mainly clear
2006-07-02 21:00:00+00:00,MUĞLA,48,32.2795,19.5795,3.2,11.212135,61.0,45.281338,932.3716,25.52,Rain: Slight
2006-07-03 21:00:00+00:00,MUĞLA,48,27.529501,18.8795,28.099998,8.669949,63.0,67.66137,932.49603,22.71,Rain: Moderate
2006-07-04 21:00:00+00:00,MUĞLA,48,27.779501,17.0795,3.5,10.495713,61.0,64.62246,934.5274,22.22,Rain: Slight
2006-07-05 21:00:00+00:00,MUĞLA,48,28.9295,17.2295,1.7,11.4862,55.0,48.22497,935.8244,27.5,Drizzle: Dense
2006-07-06 21:00:00+00:00,MUĞLA,48,28.9795,16.6295,0.0,11.966953,0.0,42.06574,936.2442,30.01,Clear sky
2006-07-07 21:00:00+00:00,MUĞLA,48,29.279501,16.1795,0.0,12.57426,2.0,44.739643,936.9399,30.01,Partly cloudy
2006-07-08 21:00:00+00:00,MUĞLA,48,29.3795,16.4295,0.0,12.682018,0.0,49.1235,937.138,28.88,Clear sky
2006-07-09 21:00:00+00:00,MUĞLA,48,29.279501,16.7295,0.0,11.200571,1.0,55.098995,937.5134,26.28,Mainly clear
2006-07-10 21:00:00+00:00,MUĞLA,48,30.0795,17.4795,0.2,10.691453,51.0,58.822445,937.27295,26.82,Drizzle: Light
2006-07-11 21:00:00+00:00,MUĞLA,48,30.7295,18.2295,0.0,10.799999,0.0,60.480938,935.00195,28.07,Clear sky
2006-07-12 21:00:00+00:00,MUĞLA,48,30.2295,18.8295,0.90000004,8.161764,53.0,62.604263,933.52875,26.69,Drizzle: Moderate
2006-07-13 21:00:00+00:00,MUĞLA,48,32.129498,19.8795,0.2,10.514218,51.0,50.032528,933.4109,26.69,Drizzle: Light
2006-07-14 21:00:00+00:00,MUĞLA,48,32.379498,20.3795,0.0,11.304229,2.0,42.472267,934.6381,28.45,Partly cloudy
2006-07-15 21:00:00+00:00,MUĞLA,48,32.7795,20.3295,0.0,10.587918,1.0,44.61064,936.75885,25.49,Mainly clear
2006-07-16 21:00:00+00:00,MUĞLA,48,33.3295,20.029501,0.1,13.551501,51.0,44.432537,937.2071,26.59,Drizzle: Light
2006-07-17 21:00:00+00:00,MUĞLA,48,34.0295,20.8295,0.0,9.83268,0.0,38.452106,935.94214,28.23,Clear sky
2006-07-18 21:00:00+00:00,MUĞLA,48,34.3295,20.9795,0.0,10.383987,0.0,37.080864,935.97534,27.76,Clear sky
2006-07-19 21:00:00+00:00,MUĞLA,48,35.179497,21.3295,0.6,7.491114,53.0,43.818863,936.5539,27.26,Drizzle: Moderate
2006-07-20 21:00:00+00:00,MUĞLA,48,34.0295,21.4795,0.0,10.948973,0.0,35.410717,935.19037,29.14,Clear sky
2006-07-21 21:00:00+00:00,MUĞLA,48,32.879498,20.8295,0.70000005,11.090103,51.0,37.51383,934.6811,26.89,Drizzle: Light
2006-07-22 21:00:00+00:00,MUĞLA,48,31.8295,19.279501,0.1,10.30883,51.0,51.472153,935.4974,26.13,Drizzle: Light
2006-07-23 21:00:00+00:00,MUĞLA,48,34.3295,20.6795,0.0,11.770403,2.0,45.326405,935.92236,28.27,Partly cloudy
2006-07-24 21:00:00+00:00,MUĞLA,48,35.379498,20.8295,0.0,10.041354,3.0,43.387455,936.0173,27.68,Overcast
2006-07-25 21:00:00+00:00,MUĞLA,48,35.629498,21.5795,0.0,14.561099,2.0,37.844913,935.9466,27.49,Partly cloudy
2006-07-26 21:00:00+00:00,MUĞLA,48,34.5295,20.8295,0.0,10.009036,2.0,41.40835,935.0777,25.06,Partly cloudy
2006-07-27 21:00:00+00:00,MUĞLA,48,34.9795,21.779501,0.5,6.763786,53.0,40.335426,931.31036,25.15,Drizzle: Moderate
2006-07-28 21:00:00+00:00,MUĞLA,48,35.179497,21.1795,0.0,6.6087217,2.0,34.52153,930.65155,28.32,Partly cloudy
2006-07-29 21:00:00+00:00,MUĞLA,48,34.5795,20.9795,0.0,13.779114,0.0,37.243114,933.096,26.35,Clear sky
2006-07-30 21:00:00+00:00,MUĞLA,48,34.5295,20.279501,0.1,11.457958,51.0,39.00124,932.77155,27.23,Drizzle: Light
2006-07-31 21:00:00+00:00,MUĞLA,48,34.5795,20.1795,0.0,12.819235,1.0,40.090473,932.1054,27.14,Mainly clear
2006-08-01 21:00:00+00:00,MUĞLA,48,34.3295,20.3795,0.0,14.081477,0.0,40.735542,932.44727,26.1,Clear sky
2006-08-02 21:00:00+00:00,MUĞLA,48,34.179497,20.2295,0.0,13.363711,0.0,43.275967,933.1162,27.74,Clear sky
2006-08-03 21:00:00+00:00,MUĞLA,48,35.0795,19.9295,0.0,13.779114,0.0,39.66446,933.7864,27.76,Clear sky
2006-08-04 21:00:00+00:00,MUĞLA,48,35.929497,20.9295,0.0,13.246826,0.0,40.537983,934.8372,27.18,Clear sky
2006-08-05 21:00:00+00:00,MUĞLA,48,37.679497,21.029501,0.0,12.522619,0.0,34.443485,935.19745,27.85,Clear sky
2006-08-06 21:00:00+00:00,MUĞLA,48,33.4295,20.779501,0.0,12.413477,0.0,44.547016,931.9988,27.55,Clear sky
2006-08-07 21:00:00+00:00,MUĞLA,48,31.9295,19.5795,0.0,13.556282,0.0,50.76439,931.1431,27.54,Clear sky
2006-08-08 21:00:00+00:00,MUĞLA,48,32.4295,19.3295,0.0,12.245293,0.0,44.445225,933.96246,27.12,Clear sky
2006-08-09 21:00:00+00:00,MUĞLA,48,34.8295,19.7295,0.0,10.8955765,0.0,39.75109,935.94073,26.93,Clear sky
2006-08-10 21:00:00+00:00,MUĞLA,48,32.0795,21.279501,0.0,13.237038,0.0,49.7184,934.493,26.87,Clear sky
2006-08-11 21:00:00+00:00,MUĞLA,48,33.5795,19.9795,0.0,12.979984,0.0,52.486065,934.71924,26.29,Clear sky
2006-08-12 21:00:00+00:00,MUĞLA,48,35.2795,21.3795,0.0,11.013882,1.0,40.356426,935.0483,25.64,Mainly clear
2006-08-13 21:00:00+00:00,MUĞLA,48,37.179497,23.0795,0.0,15.496736,0.0,31.95983,936.2363,26.79,Clear sky
2006-08-14 21:00:00+00:00,MUĞLA,48,38.4795,22.279501,0.0,11.165805,0.0,25.6269,934.8218,26.85,Clear sky
2006-08-15 21:00:00+00:00,MUĞLA,48,39.0295,23.8295,0.1,9.9571085,51.0,31.305763,933.23804,25.89,Drizzle: Light
2006-08-16 21:00:00+00:00,MUĞLA,48,39.4795,24.7295,1.8,7.0911775,61.0,36.43377,933.40533,24.68,Rain: Slight
2006-08-17 21:00:00+00:00,MUĞLA,48,37.679497,24.779501,1.3,10.495713,53.0,42.882263,935.9711,24.2,Drizzle: Moderate
2006-08-18 21:00:00+00:00,MUĞLA,48,37.879498,24.1795,0.0,10.464797,0.0,31.263382,937.32404,26.19,Clear sky
2006-08-19 21:00:00+00:00,MUĞLA,48,37.629498,23.9795,0.0,15.277749,0.0,22.510988,938.2492,26.33,Clear sky
2006-08-20 21:00:00+00:00,MUĞLA,48,37.5295,23.3295,0.0,17.339897,0.0,19.77944,937.4853,26.22,Clear sky
2006-08-21 21:00:00+00:00,MUĞLA,48,38.379498,22.529501,0.0,14.386494,0.0,24.57921,936.31647,25.82,Clear sky
2006-08-22 21:00:00+00:00,MUĞLA,48,36.0795,21.1795,0.0,11.808878,0.0,34.27422,935.00104,25.71,Clear sky
2006-08-23 21:00:00+00:00,MUĞLA,48,36.2295,22.7295,0.0,10.703569,2.0,35.103455,934.3423,24.82,Partly cloudy
2006-08-24 21:00:00+00:00,MUĞLA,48,35.179497,21.7295,0.0,13.281023,1.0,40.116367,934.3748,25.05,Mainly clear
2006-08-25 21:00:00+00:00,MUĞLA,48,34.4795,20.9795,0.0,13.556282,0.0,43.643555,936.0093,25.06,Clear sky
2006-08-26 21:00:00+00:00,MUĞLA,48,33.4795,19.8795,0.0,11.440979,0.0,42.647984,937.2697,24.55,Clear sky
2006-08-27 21:00:00+00:00,MUĞLA,48,31.4295,21.2295,0.0,19.242327,1.0,59.286465,935.1877,23.25,Mainly clear
2006-08-28 21:00:00+00:00,MUĞLA,48,30.2295,17.5295,0.0,13.1041975,0.0,57.024143,935.8941,24.51,Clear sky
2006-08-29 21:00:00+00:00,MUĞLA,48,30.279501,17.5295,0.0,14.182355,0.0,54.978897,937.58636,24.64,Clear sky
2006-08-30 21:00:00+00:00,MUĞLA,48,30.9295,18.029501,0.6,14.345898,53.0,63.58116,936.3257,23.01,Drizzle: Moderate
2006-08-31 21:00:00+00:00,MUĞLA,48,26.1295,18.4295,0.0,19.813087,2.0,46.84525,933.1985,23.05,Partly cloudy
2006-09-01 21:00:00+00:00,MUĞLA,48,26.9295,15.5295,0.0,16.79314,0.0,35.269157,934.8372,24.49,Clear sky
2006-09-02 21:00:00+00:00,MUĞLA,48,29.4795,15.7295,0.0,8.707237,0.0,34.90179,939.85474,24.27,Clear sky
2006-09-03 21:00:00+00:00,MUĞLA,48,31.9795,16.1295,0.0,10.086427,0.0,32.115055,941.4703,24.15,Clear sky
2006-09-04 21:00:00+00:00,MUĞLA,48,34.4795,18.779501,0.0,11.384198,0.0,25.49849,938.9997,23.72,Clear sky
2006-09-05 21:00:00+00:00,MUĞLA,48,33.8295,21.3295,0.0,12.594856,0.0,31.173279,936.3129,23.39,Clear sky
2006-09-06 21:00:00+00:00,MUĞLA,48,32.5295,20.3295,0.0,12.538134,0.0,35.788433,937.3647,23.03,Clear sky
2006-09-07 21:00:00+00:00,MUĞLA,48,32.1795,18.3295,0.0,11.298495,0.0,44.7202,938.6076,23.05,Clear sky
2006-09-08 21:00:00+00:00,MUĞLA,48,32.629498,18.0795,0.0,9.931042,0.0,41.57911,939.68536,22.99,Clear sky
2006-09-09 21:00:00+00:00,MUĞLA,48,31.279501,17.8795,0.0,12.371645,2.0,44.8429,940.9233,21.09,Partly cloudy
2006-09-10 21:00:00+00:00,MUĞLA,48,31.3795,18.279501,0.0,9.793058,2.0,42.841236,940.3804,21.07,Partly cloudy
2006-09-11 21:00:00+00:00,MUĞLA,48,31.6795,18.8295,0.0,9.746631,1.0,38.516453,940.5075,22.18,Mainly clear
2006-09-12 21:00:00+00:00,MUĞLA,48,30.1795,18.3795,0.0,11.384198,0.0,46.477413,941.0913,21.59,Clear sky
2006-09-13 21:00:00+00:00,MUĞLA,48,30.6795,17.779501,0.0,10.594036,2.0,51.049164,938.8894,21.58,Partly cloudy
2006-09-14 21:00:00+00:00,MUĞLA,48,32.2795,17.9795,0.0,10.041354,0.0,39.42454,938.4141,21.89,Clear sky
2006-09-15 21:00:00+00:00,MUĞLA,48,32.8295,17.8295,0.0,11.592894,0.0,33.96372,938.45233,21.35,Clear sky
2006-09-16 21:00:00+00:00,MUĞLA,48,32.9295,19.1795,0.0,12.768586,3.0,31.139864,940.406,21.55,Overcast
2006-09-17 21:00:00+00:00,MUĞLA,48,29.1795,18.779501,0.4,14.05845,51.0,44.92982,938.2961,18.22,Drizzle: Light
2006-09-18 21:00:00+00:00,MUĞLA,48,25.9795,18.1795,0.70000005,9.178235,51.0,71.67881,936.9229,17.13,Drizzle: Light
2006-09-19 21:00:00+00:00,MUĞLA,48,24.9295,16.1795,2.3999999,12.031756,53.0,70.36058,936.8641,18.19,Drizzle: Moderate
2006-09-20 21:00:00+00:00,MUĞLA,48,25.8295,14.4795,0.4,10.44,51.0,65.18573,936.5981,19.16,Drizzle: Light
2006-09-21 21:00:00+00:00,MUĞLA,48,25.4295,15.2295,8.7,8.557102,63.0,66.06205,934.27106,17.79,Rain: Moderate
2006-09-22 21:00:00+00:00,MUĞLA,48,23.0795,13.929501,0.1,10.883676,51.0,69.58731,934.48236,16.09,Drizzle: Light
2006-09-23 21:00:00+00:00,MUĞLA,48,17.779501,12.929501,41.8,14.84318,63.0,89.549095,936.4912,9.31,Rain: Moderate
2006-09-24 21:00:00+00:00,MUĞLA,48,22.6795,10.2795,0.0,11.966953,3.0,73.74055,937.8254,18.86,Overcast
2006-09-25 21:00:00+00:00,MUĞLA,48,24.5795,12.5295,0.0,7.8954163,3.0,68.78354,937.5393,18.54,Overcast
2006-09-26 21:00:00+00:00,MUĞLA,48,23.2295,16.0295,0.1,18.709612,51.0,75.004265,937.6329,18.18,Drizzle: Light
2006-09-27 21:00:00+00:00,MUĞLA,48,23.8795,16.4795,1.3000001,20.969805,51.0,72.30011,938.1329,14.89,Drizzle: Light
2006-09-28 21:00:00+00:00,MUĞLA,48,22.6795,17.1295,6.4,13.039754,61.0,78.306366,937.1216,10.93,Rain: Slight
2006-09-29 21:00:00+00:00,MUĞLA,48,24.9795,15.2295,0.0,10.594036,3.0,74.89522,936.77325,17.13,Overcast
2006-09-30 21:00:00+00:00,MUĞLA,48,25.3795,14.9795,0.0,10.931203,1.0,57.967785,936.5134,18.67,Mainly clear
2006-10-01 21:00:00+00:00,MUĞLA,48,24.779501,14.429501,0.0,8.905908,0.0,52.14223,938.2226,19.08,Clear sky
2006-10-02 21:00:00+00:00,MUĞLA,48,26.3295,13.6295,0.0,7.2359104,1.0,52.499943,939.9642,19.21,Mainly clear
2006-10-03 21:00:00+00:00,MUĞLA,48,27.3795,13.0795,0.0,6.4096174,1.0,56.091236,941.0598,18.94,Mainly clear
2006-10-04 21:00:00+00:00,MUĞLA,48,26.779501,13.7295,0.0,9.021574,1.0,67.01356,941.7369,18.55,Mainly clear
2006-10-05 21:00:00+00:00,MUĞLA,48,27.279501,13.6295,0.0,6.3690495,1.0,65.23268,939.80396,17.95,Mainly clear
2006-10-06 21:00:00+00:00,MUĞLA,48,26.3795,14.2295,0.0,8.209263,3.0,62.776936,937.2356,18.06,Overcast
2006-10-07 21:00:00+00:00,MUĞLA,48,24.1795,13.0795,0.0,8.647496,3.0,66.74814,936.2137,11.99,Overcast
2006-10-08 21:00:00+00:00,MUĞLA,48,24.1795,14.929501,3.7,8.766573,63.0,73.31163,937.46234,13.06,Rain: Moderate
2006-10-09 21:00:00+00:00,MUĞLA,48,21.8295,14.929501,0.9,12.015589,53.0,74.51263,937.8096,15.72,Drizzle: Moderate
2006-10-10 21:00:00+00:00,MUĞLA,48,24.4295,12.7795,1.5999999,8.404285,53.0,67.469086,937.0079,13.34,Drizzle: Moderate
2006-10-11 21:00:00+00:00,MUĞLA,48,19.3295,14.5795,1.9000003,14.182355,51.0,81.110146,938.52313,9.44,Drizzle: Light
2006-10-12 21:00:00+00:00,MUĞLA,48,21.7295,13.179501,10.400001,5.937272,63.0,86.42694,939.6052,13.76,Rain: Moderate
2006-10-13 21:00:00+00:00,MUĞLA,48,20.9795,12.429501,6.6,6.9153743,63.0,82.76998,938.98395,13.95,Rain: Moderate
2006-10-14 21:00:00+00:00,MUĞLA,48,20.0795,11.679501,0.0,11.090103,2.0,72.60975,936.6953,14.32,Partly cloudy
2006-10-15 21:00:00+00:00,MUĞLA,48,19.4795,10.1295,0.0,10.495713,3.0,69.21911,934.27814,14.48,Overcast
2006-10-16 21:00:00+00:00,MUĞLA,48,15.429501,11.7795,31.7,24.48,63.0,92.3238,934.25244,2.7,Rain: Moderate
2006-10-17 21:00:00+00:00,MUĞLA,48,15.3795,11.9795,25.300001,26.576681,63.0,97.39966,933.16705,3.51,Rain: Moderate
2006-10-18 21:00:00+00:00,MUĞLA,48,16.3795,9.7795,0.6,9.47012,51.0,81.02203,936.2461,13.65,Drizzle: Light
2006-10-19 21:00:00+00:00,MUĞLA,48,19.5795,9.2295,0.0,7.5942073,1.0,77.919975,937.2004,15.26,Mainly clear
2006-10-20 21:00:00+00:00,MUĞLA,48,18.2295,11.2795,0.0,9.83268,3.0,83.31078,940.3848,13.52,Overcast
2006-10-21 21:00:00+00:00,MUĞLA,48,19.6295,11.429501,0.1,10.948973,51.0,82.924324,941.4213,13.15,Drizzle: Light
2006-10-22 21:00:00+00:00,MUĞLA,48,19.6795,11.5295,0.0,6.9153743,3.0,84.525475,940.7664,10.05,Overcast
2006-10-23 21:00:00+00:00,MUĞLA,48,21.4795,11.0295,0.4,5.815978,51.0,80.419945,940.02515,14.44,Drizzle: Light
2006-10-24 21:00:00+00:00,MUĞLA,48,22.279501,10.2795,0.0,6.9153743,3.0,75.673454,940.58154,14.59,Overcast
2006-10-25 21:00:00+00:00,MUĞLA,48,23.779501,10.8795,0.0,8.049845,3.0,71.202385,941.90375,14.6,Overcast
2006-10-26 21:00:00+00:00,MUĞLA,48,18.3295,11.8295,0.0,17.193533,3.0,60.88735,940.60205,14.62,Overcast
2006-10-27 21:00:00+00:00,MUĞLA,48,18.9795,9.3295,0.0,13.044722,0.0,60.64769,937.5947,14.52,Clear sky
2006-10-28 21:00:00+00:00,MUĞLA,48,19.6295,9.6295,0.0,8.0899935,3.0,64.651924,933.3118,14.02,Overcast
2006-10-29 21:00:00+00:00,MUĞLA,48,16.4795,10.929501,8.1,13.049689,63.0,85.45289,929.5389,7.53,Rain: Moderate
2006-10-30 21:00:00+00:00,MUĞLA,48,13.179501,9.8295,19.800001,13.70839,63.0,93.39896,925.9295,4.87,Rain: Moderate
2006-10-31 21:00:00+00:00,MUĞLA,48,15.179501,7.6795,0.1,8.78872,51.0,81.81639,931.20337,10.0,Drizzle: Light
2006-11-01 21:00:00+00:00,MUĞLA,48,15.8295,8.0295,1.5,11.113451,51.0,89.08877,934.34235,9.21,Drizzle: Light
2006-11-02 21:00:00+00:00,MUĞLA,48,14.4795,7.6795,33.399998,14.113653,63.0,95.248955,930.55536,5.62,Rain: Moderate
2006-11-03 21:00:00+00:00,MUĞLA,48,8.0795,2.5295,0.0,14.799459,3.0,73.44848,935.26465,12.64,Overcast
2006-11-04 21:00:00+00:00,MUĞLA,48,5.5295,-0.7704998,0.0,17.414476,2.0,57.472427,942.0449,13.67,Partly cloudy
2006-11-05 21:00:00+00:00,MUĞLA,48,8.8795,-0.9204999,0.0,8.39657,3.0,56.38789,943.3894,13.25,Overcast
2006-11-06 21:00:00+00:00,MUĞLA,48,12.429501,2.1795,0.0,10.315115,2.0,69.60124,944.28784,12.05,Partly cloudy
2006-11-07 21:00:00+00:00,MUĞLA,48,15.179501,2.7795,0.0,7.10031,0.0,67.68285,948.18207,13.38,Clear sky
2006-11-08 21:00:00+00:00,MUĞLA,48,16.5295,3.0295,0.0,6.638072,0.0,73.33279,946.4571,13.2,Clear sky
2006-11-09 21:00:00+00:00,MUĞLA,48,14.429501,5.1295,0.1,7.9932966,51.0,81.815834,942.45026,10.04,Drizzle: Light
2006-11-10 21:00:00+00:00,MUĞLA,48,13.2295,6.9295,1.9000001,6.8777895,53.0,90.84635,939.81036,6.84,Drizzle: Moderate
2006-11-11 21:00:00+00:00,MUĞLA,48,13.929501,3.9795003,0.70000005,8.891344,51.0,89.39857,937.6966,9.46,Drizzle: Light
2006-11-12 21:00:00+00:00,MUĞLA,48,11.9795,8.4295,7.5999994,14.986553,61.0,91.23819,936.5391,8.02,Rain: Slight
2006-11-13 21:00:00+00:00,MUĞLA,48,13.7295,7.1795,20.400002,9.227524,63.0,80.7632,937.59106,9.55,Rain: Moderate
2006-11-14 21:00:00+00:00,MUĞLA,48,15.4795,5.1795,0.0,11.440979,0.0,60.697983,942.00146,12.44,Clear sky
2006-11-15 21:00:00+00:00,MUĞLA,48,16.8295,4.0795,0.0,6.6087217,0.0,68.368904,944.95557,12.23,Clear sky
2006-11-16 21:00:00+00:00,MUĞLA,48,18.0795,4.2795,0.0,7.2805495,1.0,75.74694,943.53973,12.03,Mainly clear
2006-11-17 21:00:00+00:00,MUĞLA,48,18.779501,5.1795,0.0,8.049845,0.0,69.06779,941.5345,12.18,Clear sky
2006-11-18 21:00:00+00:00,MUĞLA,48,17.8295,5.0295,0.0,6.439876,3.0,68.83907,942.1904,12.0,Overcast
2006-11-19 21:00:00+00:00,MUĞLA,48,13.929501,9.3295,0.0,10.823973,3.0,75.861176,942.1651,6.8,Overcast
2006-11-20 21:00:00+00:00,MUĞLA,48,13.6295,7.3295,0.6,9.746631,51.0,89.16537,939.71893,7.29,Drizzle: Light
2006-11-21 21:00:00+00:00,MUĞLA,48,12.929501,7.7795,0.3,10.853866,51.0,91.0113,938.02155,7.41,Drizzle: Light
2006-11-22 21:00:00+00:00,MUĞLA,48,13.0795,8.8295,6.1000004,15.725037,53.0,94.694664,939.3819,7.42,Drizzle: Moderate
2006-11-23 21:00:00+00:00,MUĞLA,48,14.5295,7.6295004,0.0,16.645864,3.0,84.00138,942.52856,9.65,Overcast
2006-11-24 21:00:00+00:00,MUĞLA,48,16.4795,4.7795,0.0,6.8399997,3.0,79.52084,944.0423,10.99,Overcast
2006-11-25 21:00:00+00:00,MUĞLA,48,17.7295,5.3795,0.0,6.519877,3.0,75.294136,944.38666,10.97,Overcast
2006-11-26 21:00:00+00:00,MUĞLA,48,18.029501,4.5295,0.0,6.489992,0.0,69.52655,943.7558,11.22,Clear sky
2006-11-27 21:00:00+00:00,MUĞLA,48,17.9795,4.3795,0.0,5.692099,0.0,70.24153,942.8484,11.02,Clear sky
2006-11-28 21:00:00+00:00,MUĞLA,48,16.8795,3.8295002,0.0,4.510787,2.0,74.006195,940.95306,10.92,Partly cloudy
2006-11-29 21:00:00+00:00,MUĞLA,48,16.5795,4.1295,0.0,6.489992,3.0,74.38524,941.8824,10.76,Overcast
2006-11-30 21:00:00+00:00,MUĞLA,48,15.7295,3.4795,0.0,7.9036193,0.0,65.91648,946.2404,11.11,Clear sky
2006-12-01 21:00:00+00:00,MUĞLA,48,16.3795,2.6295,0.0,7.9036193,0.0,57.326054,945.5412,11.15,Clear sky
2006-12-02 21:00:00+00:00,MUĞLA,48,12.7795,3.0295,0.0,7.2359104,3.0,73.97445,944.2168,6.48,Overcast
2006-12-03 21:00:00+00:00,MUĞLA,48,13.0795,7.7795,0.0,8.557102,3.0,86.342186,941.1721,6.49,Overcast
2006-12-04 21:00:00+00:00,MUĞLA,48,11.3295,6.9295,0.1,4.6938257,51.0,88.35276,939.4069,6.16,Drizzle: Light
2006-12-05 21:00:00+00:00,MUĞLA,48,11.0795,5.7295003,1.1,11.885453,51.0,90.058716,941.03,6.14,Drizzle: Light
2006-12-06 21:00:00+00:00,MUĞLA,48,12.2795,6.2795,1.4000001,7.8625183,51.0,84.4333,942.8746,7.93,Drizzle: Light
2006-12-07 21:00:00+00:00,MUĞLA,48,13.6295,4.6795,0.0,7.5942082,1.0,81.45325,943.8496,9.04,Mainly clear
2006-12-08 21:00:00+00:00,MUĞLA,48,13.5295,3.9295,0.0,5.3999996,3.0,79.05299,944.41473,9.33,Overcast
2006-12-09 21:00:00+00:00,MUĞLA,48,14.6295,3.1295,0.0,9.0645685,1.0,75.72963,947.1399,10.15,Mainly clear
2006-12-10 21:00:00+00:00,MUĞLA,48,15.679501,3.7795,0.0,8.373386,3.0,72.08916,946.9048,9.08,Overcast
2006-12-11 21:00:00+00:00,MUĞLA,48,10.2795,4.8795,6.2000003,6.6087217,55.0,89.39267,940.66644,2.61,Drizzle: Dense
2006-12-12 21:00:00+00:00,MUĞLA,48,13.8295,3.0795002,0.0,7.9036193,3.0,84.92084,943.68353,9.21,Overcast
2006-12-13 21:00:00+00:00,MUĞLA,48,15.0795,3.0795002,0.0,9.178235,3.0,78.81357,947.93896,9.87,Overcast
2006-12-14 21:00:00+00:00,MUĞLA,48,13.8295,4.0295,0.0,10.636766,1.0,64.88586,948.8234,10.05,Mainly clear
2006-12-15 21:00:00+00:00,MUĞLA,48,13.6295,2.3795002,0.0,6.792466,2.0,71.395134,952.2596,9.38,Partly cloudy
2006-12-16 21:00:00+00:00,MUĞLA,48,15.0295,2.0795002,0.0,6.6087217,3.0,68.67456,949.23267,9.51,Overcast
2006-12-17 21:00:00+00:00,MUĞLA,48,14.8295,4.7795,0.0,8.311245,3.0,64.49581,944.43195,9.52,Overcast
2006-12-18 21:00:00+00:00,MUĞLA,48,11.9795,6.5295,2.6,12.979984,53.0,93.51894,943.0689,6.34,Drizzle: Moderate
2006-12-19 21:00:00+00:00,MUĞLA,48,11.7295,6.2795,4.9000006,8.39657,55.0,93.43545,943.4465,6.04,Drizzle: Dense
2006-12-20 21:00:00+00:00,MUĞLA,48,12.5295,5.8295,0.0,10.495713,3.0,85.38857,943.59357,8.16,Overcast
2006-12-21 21:00:00+00:00,MUĞLA,48,9.7795,4.0295,0.0,16.434305,3.0,75.02043,944.16925,9.73,Overcast
2006-12-22 21:00:00+00:00,MUĞLA,48,9.0795,0.6795001,0.0,12.879752,0.0,56.229923,946.7531,10.48,Clear sky
2006-12-23 21:00:00+00:00,MUĞLA,48,11.929501,-0.3204999,0.0,8.534353,0.0,56.228165,945.6179,10.4,Clear sky
2006-12-24 21:00:00+00:00,MUĞLA,48,9.5295,2.4295,0.0,6.489992,2.0,79.091675,939.3296,8.45,Partly cloudy
2006-12-25 21:00:00+00:00,MUĞLA,48,4.7295003,-2.0204997,0.0,24.735432,2.0,66.43835,937.6016,9.89,Partly cloudy
2006-12-26 21:00:00+00:00,MUĞLA,48,1.6295,-3.3205,0.0,24.821732,0.0,43.175064,944.1521,10.7,Clear sky
2006-12-27 21:00:00+00:00,MUĞLA,48,6.9795003,-1.5204998,0.0,11.440979,0.0,48.286236,945.9749,10.52,Clear sky
2006-12-28 21:00:00+00:00,MUĞLA,48,7.3795004,-1.7204999,0.0,8.311245,2.0,70.5767,946.5074,8.85,Partly cloudy
2006-12-29 21:00:00+00:00,MUĞLA,48,6.8795004,1.5795001,3.9000006,7.754637,53.0,89.63648,948.13763,4.79,Drizzle: Moderate
2006-12-30 21:00:00+00:00,MUĞLA,48,9.6295,-1.5705,0.2,9.504273,51.0,73.860176,950.1501,10.71,Drizzle: Light
2006-12-31 21:00:00+00:00,MUĞLA,48,11.5295,-0.37049997,0.0,9.659814,0.0,62.388775,951.4106,10.82,Clear sky
2007-01-01 21:00:00+00:00,MUĞLA,48,9.8795,0.27950013,0.0,11.659777,3.0,68.583534,948.7421,8.79,Overcast
2007-01-02 21:00:00+00:00,MUĞLA,48,10.3795,5.7295003,33.899998,27.820337,63.0,95.92627,940.6782,5.55,Rain: Moderate
2007-01-03 21:00:00+00:00,MUĞLA,48,8.6295,3.6295,4.9999995,7.729527,55.0,91.550934,937.40326,4.73,Drizzle: Dense
2007-01-04 21:00:00+00:00,MUĞLA,48,8.5795,1.2795,0.0,12.979984,3.0,84.55526,934.92993,8.48,Overcast
2007-01-05 21:00:00+00:00,MUĞLA,48,8.9295,0.9295001,0.0,7.342588,3.0,75.66469,940.0662,10.2,Overcast
2007-01-06 21:00:00+00:00,MUĞLA,48,8.8295,0.029500127,0.0,12.904882,0.0,67.52749,943.7264,10.99,Clear sky
2007-01-07 21:00:00+00:00,MUĞLA,48,9.2795,-1.0204998,0.0,5.634891,1.0,68.9763,944.90045,10.95,Mainly clear
2007-01-08 21:00:00+00:00,MUĞLA,48,9.929501,0.32950008,0.0,4.0249224,3.0,72.25769,945.92194,10.23,Overcast
2007-01-09 21:00:00+00:00,MUĞLA,48,11.929501,-0.27049994,0.0,7.208994,3.0,76.489174,946.8726,10.47,Overcast
2007-01-10 21:00:00+00:00,MUĞLA,48,11.5795,0.32950008,0.0,6.9247384,0.0,72.51566,944.1434,11.29,Clear sky
2007-01-11 21:00:00+00:00,MUĞLA,48,9.8295,0.029500127,1.3000001,14.4,53.0,83.46817,939.8501,9.0,Drizzle: Moderate
2007-01-12 21:00:00+00:00,MUĞLA,48,11.0295,4.1795,1.3000001,12.181624,53.0,85.96021,938.8486,6.21,Drizzle: Moderate
2007-01-13 21:00:00+00:00,MUĞLA,48,13.3295,2.3795002,0.0,8.942214,3.0,80.32705,945.8362,10.99,Overcast
2007-01-14 21:00:00+00:00,MUĞLA,48,13.9795,1.2295,0.0,7.0911775,0.0,75.65402,944.51685,11.48,Clear sky
2007-01-15 21:00:00+00:00,MUĞLA,48,13.929501,1.7795001,0.0,9.511088,0.0,67.80706,946.9448,12.14,Clear sky
2007-01-16 21:00:00+00:00,MUĞLA,48,15.5295,0.07950008,0.0,7.754637,1.0,57.72162,948.2045,12.38,Mainly clear
2007-01-17 21:00:00+00:00,MUĞLA,48,11.0295,6.3295,0.0,6.8399997,3.0,64.1014,948.20355,9.18,Overcast
2007-01-18 21:00:00+00:00,MUĞLA,48,9.8295,2.9795,5.0999994,12.245294,53.0,93.32681,942.0996,6.57,Drizzle: Moderate
2007-01-19 21:00:00+00:00,MUĞLA,48,10.4795,5.6795,1.8000002,20.991426,53.0,75.783005,936.80005,11.17,Drizzle: Moderate
2007-01-20 21:00:00+00:00,MUĞLA,48,13.5295,2.5295,0.0,16.299694,0.0,62.21802,942.2111,11.97,Clear sky
2007-01-21 21:00:00+00:00,MUĞLA,48,13.4795,6.5295,0.0,8.287822,0.0,62.507786,946.7779,12.12,Clear sky
2007-01-22 21:00:00+00:00,MUĞLA,48,12.5795,5.8295,0.0,10.390226,3.0,82.004395,947.5068,9.75,Overcast
2007-01-23 21:00:00+00:00,MUĞLA,48,10.9795,6.8795004,0.4,21.129885,51.0,91.276085,944.0786,7.96,Drizzle: Light
2007-01-24 21:00:00+00:00,MUĞLA,48,12.2795,6.8795004,0.1,18.161278,51.0,88.859276,944.30273,9.44,Drizzle: Light
2007-01-25 21:00:00+00:00,MUĞLA,48,12.8795,5.5795,0.0,12.371645,3.0,81.17169,944.747,10.77,Overcast
2007-01-26 21:00:00+00:00,MUĞLA,48,11.9795,4.9295,0.0,15.484185,3.0,87.31097,941.3703,8.13,Overcast
2007-01-27 21:00:00+00:00,MUĞLA,48,9.4295,-0.9704999,10.599999,27.402597,63.0,70.83527,935.91455,11.61,Rain: Moderate
2007-01-28 21:00:00+00:00,MUĞLA,48,6.3795004,-1.8705,0.0,14.618837,1.0,56.007336,939.3111,13.59,Mainly clear
2007-01-29 21:00:00+00:00,MUĞLA,48,7.5795,0.07950008,0.0,17.208603,2.0,69.15981,936.33575,12.45,Partly cloudy
2007-01-30 21:00:00+00:00,MUĞLA,48,8.5295,-1.0705,0.0,13.556282,0.0,63.26736,941.67535,13.32,Clear sky
2007-01-31 21:00:00+00:00,MUĞLA,48,8.0795,-1.1704999,0.1,12.496719,51.0,75.335335,942.7048,11.61,Drizzle: Light
2007-02-01 21:00:00+00:00,MUĞLA,48,8.0295,3.0295,19.1,10.587917,63.0,94.60384,935.5427,5.89,Rain: Moderate
2007-02-02 21:00:00+00:00,MUĞLA,48,3.8795,-1.1205,0.0,26.758923,1.0,66.11956,932.20483,13.11,Mainly clear
2007-02-03 21:00:00+00:00,MUĞLA,48,6.5295,-1.8705,0.0,10.239453,3.0,56.277206,930.9763,14.11,Overcast
2007-02-04 21:00:00+00:00,MUĞLA,48,5.9295,-1.6704999,0.1,20.188908,51.0,57.482407,928.53394,13.95,Drizzle: Light
2007-02-05 21:00:00+00:00,MUĞLA,48,7.5295,-1.3205,0.0,12.324414,0.0,51.196545,931.9426,14.87,Clear sky
2007-02-06 21:00:00+00:00,MUĞLA,48,10.6295,-1.6704999,0.0,8.435069,3.0,66.24696,939.3772,13.33,Overcast
2007-02-07 21:00:00+00:00,MUĞLA,48,9.3295,2.3795002,4.8,12.6462,53.0,89.01565,942.3621,7.47,Drizzle: Moderate
2007-02-08 21:00:00+00:00,MUĞLA,48,10.179501,5.2295003,6.1,7.8954163,55.0,88.781586,940.93286,6.85,Drizzle: Dense
2007-02-09 21:00:00+00:00,MUĞLA,48,12.929501,2.2795,0.0,8.049845,3.0,86.714325,939.09845,12.58,Overcast
2007-02-10 21:00:00+00:00,MUĞLA,48,11.3295,4.1795,0.0,20.948164,3.0,87.14013,938.2242,11.46,Overcast
2007-02-11 21:00:00+00:00,MUĞLA,48,11.679501,4.5295,0.0,17.533146,3.0,83.77095,935.81323,10.26,Overcast
2007-02-12 21:00:00+00:00,MUĞLA,48,11.0795,5.5795,2.6,13.779114,53.0,92.24264,935.67505,8.6,Drizzle: Moderate
2007-02-13 21:00:00+00:00,MUĞLA,48,9.0295,4.5795,22.899998,14.934577,63.0,94.72694,930.81354,8.08,Rain: Moderate
2007-02-14 21:00:00+00:00,MUĞLA,48,11.6295,1.6295,0.4,13.679999,51.0,79.524254,933.3547,12.41,Drizzle: Light
2007-02-15 21:00:00+00:00,MUĞLA,48,11.8795,1.4295001,0.4,12.964998,51.0,79.825645,936.32733,14.39,Drizzle: Light
2007-02-16 21:00:00+00:00,MUĞLA,48,9.8795,4.0795,7.7000003,7.9932966,55.0,90.43873,934.01385,6.4,Drizzle: Dense
2007-02-17 21:00:00+00:00,MUĞLA,48,13.8795,1.3295001,1.1,7.5685663,51.0,83.78568,938.3767,14.46,Drizzle: Light
2007-02-18 21:00:00+00:00,MUĞLA,48,13.0795,2.3295002,0.2,9.504273,51.0,85.51181,940.8093,14.45,Drizzle: Light
2007-02-19 21:00:00+00:00,MUĞLA,48,10.7295,5.5295,0.0,11.090103,3.0,90.14133,940.7136,7.24,Overcast
2007-02-20 21:00:00+00:00,MUĞLA,48,13.5295,6.1295004,0.0,6.4096174,3.0,79.05541,938.63947,10.98,Overcast
2007-02-21 21:00:00+00:00,MUĞLA,48,15.929501,2.5795002,0.0,7.10031,0.0,74.940414,937.8332,16.82,Clear sky
2007-02-22 21:00:00+00:00,MUĞLA,48,13.929501,6.3795004,0.0,10.495713,3.0,70.77932,933.3204,15.95,Overcast
2007-02-23 21:00:00+00:00,MUĞLA,48,14.9795,2.6295,0.0,7.69592,3.0,74.7627,929.7952,16.02,Overcast
2007-02-24 21:00:00+00:00,MUĞLA,48,14.4795,4.0795,1.9,6.924738,61.0,76.37135,932.6821,14.87,Rain: Slight
2007-02-25 21:00:00+00:00,MUĞLA,48,13.679501,2.0795002,0.0,9.673221,2.0,76.55391,935.27606,17.31,Partly cloudy
2007-02-26 21:00:00+00:00,MUĞLA,48,11.7795,1.9295001,5.2,18.72,61.0,80.97982,934.75244,15.45,Rain: Slight
2007-02-27 21:00:00+00:00,MUĞLA,48,11.179501,5.5795,34.7,16.434305,63.0,94.841225,932.5008,9.36,Rain: Moderate
2007-02-28 21:00:00+00:00,MUĞLA,48,13.0295,1.5795001,0.0,8.373386,3.0,84.74028,937.89185,16.57,Overcast
2007-03-01 21:00:00+00:00,MUĞLA,48,12.1295,5.4795003,1.4000001,12.287555,51.0,89.76452,940.69183,8.18,Drizzle: Light
2007-03-02 21:00:00+00:00,MUĞLA,48,13.2295,8.3295,4.7000003,11.367109,53.0,92.56379,939.8033,9.27,Drizzle: Moderate
2007-03-03 21:00:00+00:00,MUĞLA,48,12.3795,6.2295003,2.9,11.252519,53.0,93.258736,938.44977,8.24,Drizzle: Moderate
2007-03-04 21:00:00+00:00,MUĞLA,48,13.3795,6.6295004,0.0,19.06301,3.0,71.89288,940.5473,17.54,Overcast
2007-03-05 21:00:00+00:00,MUĞLA,48,15.3295,3.3295002,0.0,10.630672,3.0,59.939575,944.76117,19.47,Overcast
2007-03-06 21:00:00+00:00,MUĞLA,48,15.6295,2.3795002,0.0,6.297428,3.0,66.06622,941.29297,19.37,Overcast
2007-03-07 21:00:00+00:00,MUĞLA,48,16.0295,2.9795,0.0,6.4799995,2.0,75.89892,936.7315,19.16,Partly cloudy
2007-03-08 21:00:00+00:00,MUĞLA,48,18.5795,3.7795,0.0,6.151683,1.0,75.02236,937.60126,19.54,Mainly clear
2007-03-09 21:00:00+00:00,MUĞLA,48,18.5795,5.5295,0.0,8.473393,3.0,74.33557,938.77734,17.58,Overcast
2007-03-10 21:00:00+00:00,MUĞLA,48,18.7295,7.9795003,0.8,5.815978,53.0,76.49725,937.0013,15.32,Drizzle: Moderate
2007-03-11 21:00:00+00:00,MUĞLA,48,18.3295,5.4295,0.0,9.6932955,2.0,73.13787,937.56525,18.94,Partly cloudy
2007-03-12 21:00:00+00:00,MUĞLA,48,12.429501,5.2295003,0.0,23.051247,0.0,55.644226,933.24457,20.69,Clear sky
2007-03-13 21:00:00+00:00,MUĞLA,48,7.7295003,1.2295,1.0,22.862125,51.0,60.198288,933.837,18.39,Drizzle: Light
2007-03-14 21:00:00+00:00,MUĞLA,48,10.2295,1.3795,0.0,21.518847,3.0,66.63238,934.76587,17.15,Overcast
2007-03-15 21:00:00+00:00,MUĞLA,48,12.8795,1.4295001,0.0,19.161337,2.0,54.31158,936.2632,21.3,Partly cloudy
2007-03-16 21:00:00+00:00,MUĞLA,48,15.5295,1.7795001,0.0,10.587917,0.0,50.79982,939.34894,21.61,Clear sky
2007-03-17 21:00:00+00:00,MUĞLA,48,15.679501,1.3295001,0.0,8.049845,3.0,69.18946,937.6533,21.17,Overcast
2007-03-18 21:00:00+00:00,MUĞLA,48,13.429501,7.1795,0.0,15.273505,3.0,83.28527,933.86005,18.2,Overcast
2007-03-19 21:00:00+00:00,MUĞLA,48,15.679501,6.7295003,0.8,23.023119,51.0,65.78875,932.012,20.27,Drizzle: Light
2007-03-20 21:00:00+00:00,MUĞLA,48,16.0795,8.7295,0.0,26.072052,2.0,65.19661,934.8942,21.3,Partly cloudy
2007-03-21 21:00:00+00:00,MUĞLA,48,15.0295,10.179501,1.6,23.83896,51.0,55.052914,934.4648,7.23,Drizzle: Light
2007-03-22 21:00:00+00:00,MUĞLA,48,13.6295,5.9295,22.4,28.551426,63.0,69.295334,926.1306,10.08,Rain: Moderate
2007-03-23 21:00:00+00:00,MUĞLA,48,10.1295,3.8295002,19.3,10.464798,75.0,89.670074,933.90753,13.78,Snow fall: Heavy
2007-03-24 21:00:00+00:00,MUĞLA,48,12.3295,3.1795,3.1,8.311245,55.0,79.65534,939.65845,18.53,Drizzle: Dense
2007-03-25 21:00:00+00:00,MUĞLA,48,14.9795,2.3795002,2.9,7.42159,61.0,74.61089,937.1636,20.87,Rain: Slight
2007-03-26 21:00:00+00:00,MUĞLA,48,14.7795,2.3295002,1.2,11.165805,53.0,68.9231,936.57904,21.65,Drizzle: Moderate
2007-03-27 21:00:00+00:00,MUĞLA,48,16.2295,1.4795,0.0,10.514218,1.0,63.00001,938.9583,23.05,Mainly clear
2007-03-28 21:00:00+00:00,MUĞLA,48,18.779501,3.1795,1.5,8.669949,53.0,61.654026,941.0989,22.68,Drizzle: Moderate
2007-03-29 21:00:00+00:00,MUĞLA,48,17.5295,6.9295,0.0,16.039202,1.0,61.450348,940.53705,22.66,Mainly clear
2007-03-30 21:00:00+00:00,MUĞLA,48,10.2795,8.1795,15.4,18.39878,63.0,79.60484,935.2044,7.13,Rain: Moderate
2007-03-31 21:00:00+00:00,MUĞLA,48,13.7795,5.8795004,0.0,19.64558,3.0,73.68272,938.4805,17.25,Overcast
2007-04-01 21:00:00+00:00,MUĞLA,48,14.1295,3.9295,0.0,20.393293,0.0,49.406124,939.98615,24.16,Clear sky
2007-04-02 21:00:00+00:00,MUĞLA,48,14.0795,2.9795,0.0,12.413476,0.0,49.1385,935.34424,24.32,Clear sky
2007-04-03 21:00:00+00:00,MUĞLA,48,14.0295,2.4295,0.0,14.561099,3.0,66.89686,934.04376,23.47,Overcast
2007-04-04 21:00:00+00:00,MUĞLA,48,14.6295,6.2795,4.1,15.137133,53.0,76.22879,935.12054,15.28,Drizzle: Moderate
2007-04-05 21:00:00+00:00,MUĞLA,48,17.5795,6.4795003,0.0,9.360001,3.0,74.37644,938.14307,19.68,Overcast
2007-04-06 21:00:00+00:00,MUĞLA,48,19.3795,6.0295,0.0,9.504273,1.0,65.00353,936.1164,23.82,Mainly clear
2007-04-07 21:00:00+00:00,MUĞLA,48,18.9295,7.6295004,0.5,8.225035,51.0,57.384785,934.1946,23.38,Drizzle: Light
2007-04-08 21:00:00+00:00,MUĞLA,48,18.9795,7.3295,0.9,8.089993,53.0,60.56924,933.791,23.32,Drizzle: Moderate
2007-04-09 21:00:00+00:00,MUĞLA,48,18.779501,5.6295004,0.0,13.53236,1.0,54.52065,934.8212,24.81,Mainly clear
2007-04-10 21:00:00+00:00,MUĞLA,48,19.029501,6.8795004,0.6,16.489416,51.0,50.79851,934.9033,23.29,Drizzle: Light
2007-04-11 21:00:00+00:00,MUĞLA,48,18.029501,5.7795,3.1999998,20.421871,53.0,66.16315,934.4605,21.47,Drizzle: Moderate
2007-04-12 21:00:00+00:00,MUĞLA,48,19.4795,5.7795,0.0,13.905509,0.0,49.246655,939.2863,25.48,Clear sky
2007-04-13 21:00:00+00:00,MUĞLA,48,17.8295,7.6295004,0.0,17.782688,1.0,46.689472,939.2039,25.82,Mainly clear
2007-04-14 21:00:00+00:00,MUĞLA,48,18.3295,6.2795,0.0,20.674158,2.0,47.557926,937.3808,24.83,Partly cloudy
2007-04-15 21:00:00+00:00,MUĞLA,48,16.8295,5.8295,0.0,10.823973,3.0,51.464764,938.72345,22.81,Overcast
2007-04-16 21:00:00+00:00,MUĞLA,48,13.5795,7.3795004,3.6,13.441071,61.0,70.78138,936.4433,17.93,Rain: Slight
2007-04-17 21:00:00+00:00,MUĞLA,48,15.5795,6.1295004,0.1,14.973576,51.0,65.329445,934.10016,23.27,Drizzle: Light
2007-04-18 21:00:00+00:00,MUĞLA,48,18.529501,5.0295,0.0,15.137133,2.0,52.059994,938.25946,25.87,Partly cloudy
2007-04-19 21:00:00+00:00,MUĞLA,48,19.4795,5.1795,0.0,9.449572,2.0,59.964184,939.7353,25.79,Partly cloudy
2007-04-20 21:00:00+00:00,MUĞLA,48,19.3795,7.1795,0.0,14.408997,3.0,71.56452,942.7112,24.65,Overcast
2007-04-21 21:00:00+00:00,MUĞLA,48,20.1795,9.5795,3.8000002,7.386582,61.0,68.55036,940.86615,18.12,Rain: Slight
2007-04-22 21:00:00+00:00,MUĞLA,48,19.8795,9.1795,0.0,21.194187,0.0,47.05575,939.264,26.85,Clear sky
2007-04-23 21:00:00+00:00,MUĞLA,48,21.6795,7.1795,0.0,11.770403,0.0,34.960865,938.46094,27.39,Clear sky
2007-04-24 21:00:00+00:00,MUĞLA,48,18.9295,7.1795,0.0,13.75558,3.0,50.111347,937.3105,24.38,Overcast
2007-04-25 21:00:00+00:00,MUĞLA,48,19.6295,7.0795,0.0,8.373386,3.0,53.374786,938.59717,22.4,Overcast
2007-04-26 21:00:00+00:00,MUĞLA,48,22.3295,7.7795,0.0,12.879752,3.0,54.514935,939.6043,26.45,Overcast
2007-04-27 21:00:00+00:00,MUĞLA,48,19.5795,9.0295,0.0,10.587918,3.0,56.858795,936.65875,19.34,Overcast
2007-04-28 21:00:00+00:00,MUĞLA,48,19.3795,7.9795003,0.0,14.039999,2.0,57.936802,931.6404,25.36,Partly cloudy
2007-04-29 21:00:00+00:00,MUĞLA,48,22.4795,7.1295004,0.0,10.483357,2.0,51.103977,934.8062,27.49,Partly cloudy
2007-04-30 21:00:00+00:00,MUĞLA,48,18.8295,9.929501,5.6000004,19.296133,61.0,73.20604,938.457,20.64,Rain: Slight
2007-05-01 21:00:00+00:00,MUĞLA,48,21.029501,9.0295,2.2,9.028754,53.0,73.1392,939.82587,23.69,Drizzle: Moderate
2007-05-02 21:00:00+00:00,MUĞLA,48,25.1795,10.429501,0.0,10.587918,2.0,59.737225,937.33417,27.02,Partly cloudy
2007-05-03 21:00:00+00:00,MUĞLA,48,26.4795,11.679501,0.0,12.313893,2.0,41.80019,936.0441,27.58,Partly cloudy
2007-05-04 21:00:00+00:00,MUĞLA,48,28.279501,11.9795,0.0,9.339208,3.0,43.108704,938.12036,27.37,Overcast
2007-05-05 21:00:00+00:00,MUĞLA,48,27.779501,12.8295,0.0,13.009903,2.0,49.5565,939.1274,27.17,Partly cloudy
2007-05-06 21:00:00+00:00,MUĞLA,48,28.529501,16.8295,0.0,14.4,3.0,40.406864,937.8116,27.27,Overcast
2007-05-07 21:00:00+00:00,MUĞLA,48,23.4795,15.5795,0.0,14.145756,3.0,47.95579,936.6639,24.13,Overcast
2007-05-08 21:00:00+00:00,MUĞLA,48,24.8295,11.929501,0.0,7.9932966,3.0,55.860706,936.04987,25.81,Overcast
2007-05-09 21:00:00+00:00,MUĞLA,48,26.029501,13.2795,0.0,8.534353,3.0,64.50525,935.1828,20.66,Overcast
2007-05-10 21:00:00+00:00,MUĞLA,48,27.5795,14.7295,0.0,13.570615,2.0,53.825985,934.6572,27.49,Partly cloudy
2007-05-11 21:00:00+00:00,MUĞLA,48,29.2295,13.9795,0.0,8.699793,0.0,48.929596,933.7527,28.31,Clear sky
2007-05-12 21:00:00+00:00,MUĞLA,48,29.6795,12.7295,0.0,7.072878,0.0,49.440353,935.47974,28.54,Clear sky
2007-05-13 21:00:00+00:00,MUĞLA,48,30.3795,14.1295,0.0,8.891343,0.0,40.245834,936.6318,28.57,Clear sky
2007-05-14 21:00:00+00:00,MUĞLA,48,29.9295,13.3795,0.0,13.246826,0.0,42.159782,936.21094,28.99,Clear sky
2007-05-15 21:00:00+00:00,MUĞLA,48,29.6795,12.679501,0.0,12.181624,3.0,47.445805,935.5847,28.23,Overcast
2007-05-16 21:00:00+00:00,MUĞLA,48,27.4295,12.9795,0.1,13.708391,51.0,54.21228,934.7654,26.75,Drizzle: Light
2007-05-17 21:00:00+00:00,MUĞLA,48,21.6295,13.0795,2.7,21.316135,53.0,71.54896,935.21045,22.95,Drizzle: Moderate
2007-05-18 21:00:00+00:00,MUĞLA,48,25.1295,12.8795,2.7999997,23.4,53.0,60.026264,934.74603,19.64,Drizzle: Moderate
2007-05-19 21:00:00+00:00,MUĞLA,48,20.4795,14.429501,4.799999,17.414476,53.0,70.655396,935.73834,21.71,Drizzle: Moderate
2007-05-20 21:00:00+00:00,MUĞLA,48,18.279501,12.1295,3.4000003,12.522619,61.0,82.316154,937.8973,19.23,Rain: Slight
2007-05-21 21:00:00+00:00,MUĞLA,48,19.7295,11.3295,0.0,11.720751,3.0,74.329544,935.7974,22.53,Overcast
2007-05-22 21:00:00+00:00,MUĞLA,48,21.2295,11.2295,0.1,10.009036,51.0,72.84855,934.033,22.5,Drizzle: Light
2007-05-23 21:00:00+00:00,MUĞLA,48,21.529501,12.2795,1.3,11.27553,53.0,73.29236,935.62115,25.03,Drizzle: Moderate
2007-05-24 21:00:00+00:00,MUĞLA,48,22.9795,11.929501,0.9,9.178235,53.0,67.41761,935.8125,23.81,Drizzle: Moderate
2007-05-25 21:00:00+00:00,MUĞLA,48,22.1795,14.429501,2.2,11.525623,53.0,72.38763,935.0472,20.97,Drizzle: Moderate
2007-05-26 21:00:00+00:00,MUĞLA,48,22.9295,13.429501,11.8,11.304229,63.0,79.65046,936.4341,24.07,Rain: Moderate
2007-05-27 21:00:00+00:00,MUĞLA,48,24.0795,13.2795,4.3999996,18.129137,61.0,76.79626,935.74567,22.92,Rain: Slight
2007-05-28 21:00:00+00:00,MUĞLA,48,23.1295,13.4795,0.3,13.044722,51.0,75.86651,934.78906,23.72,Drizzle: Light
2007-05-29 21:00:00+00:00,MUĞLA,48,24.4795,12.9795,0.0,12.738099,2.0,67.25502,934.64044,28.8,Partly cloudy
2007-05-30 21:00:00+00:00,MUĞLA,48,23.3295,11.7295,0.0,10.948973,1.0,67.19796,935.59393,27.91,Mainly clear
2007-05-31 21:00:00+00:00,MUĞLA,48,24.4295,13.179501,0.3,12.218805,51.0,70.775894,937.4868,24.32,Drizzle: Light
2007-06-01 21:00:00+00:00,MUĞLA,48,26.5795,13.8295,0.4,9.339208,51.0,66.73566,938.2016,26.82,Drizzle: Light
2007-06-02 21:00:00+00:00,MUĞLA,48,27.029501,14.5295,0.0,11.592895,3.0,65.95787,939.0567,27.01,Overcast
2007-06-03 21:00:00+00:00,MUĞLA,48,28.6795,14.7295,0.0,11.966953,3.0,63.985165,938.7475,27.7,Overcast
2007-06-04 21:00:00+00:00,MUĞLA,48,26.1795,14.929501,0.6,11.928989,51.0,54.508945,937.2336,18.41,Drizzle: Light
2007-06-05 21:00:00+00:00,MUĞLA,48,23.779501,16.1795,0.0,14.081477,1.0,61.84798,933.59,27.0,Mainly clear
2007-06-06 21:00:00+00:00,MUĞLA,48,22.9795,13.7295,4.8999996,13.479583,63.0,71.28809,933.4231,23.32,Rain: Moderate
2007-06-07 21:00:00+00:00,MUĞLA,48,25.279501,14.5295,0.0,16.516901,3.0,54.46169,934.292,25.26,Overcast
2007-06-08 21:00:00+00:00,MUĞLA,48,26.8295,14.7795,0.0,11.384198,2.0,56.4158,935.27545,27.75,Partly cloudy
2007-06-09 21:00:00+00:00,MUĞLA,48,23.7295,14.679501,6.1,11.720751,61.0,70.08562,935.01984,16.78,Rain: Slight
2007-06-10 21:00:00+00:00,MUĞLA,48,25.9795,13.3795,0.0,16.09969,2.0,57.30843,934.44507,27.61,Partly cloudy
2007-06-11 21:00:00+00:00,MUĞLA,48,27.8795,14.179501,0.0,12.303366,0.0,47.14888,934.2504,30.17,Clear sky
2007-06-12 21:00:00+00:00,MUĞLA,48,27.779501,14.6295,0.0,13.684735,1.0,50.59303,935.5036,27.33,Mainly clear
2007-06-13 21:00:00+00:00,MUĞLA,48,29.3295,15.5295,0.0,9.085988,2.0,56.289906,936.7046,26.3,Partly cloudy
2007-06-14 21:00:00+00:00,MUĞLA,48,29.779501,16.7795,0.1,10.495713,51.0,55.840015,935.3874,26.79,Drizzle: Light
2007-06-15 21:00:00+00:00,MUĞLA,48,32.129498,17.6295,0.5,10.495713,53.0,48.742756,933.9829,28.65,Drizzle: Moderate
2007-06-16 21:00:00+00:00,MUĞLA,48,31.9295,18.2295,0.0,16.179987,1.0,44.686375,933.81744,29.71,Mainly clear
2007-06-17 21:00:00+00:00,MUĞLA,48,32.879498,19.029501,0.0,13.339445,1.0,40.39648,934.02264,29.49,Mainly clear
2007-06-18 21:00:00+00:00,MUĞLA,48,33.129498,19.6795,0.0,16.179985,0.0,34.326073,935.69086,30.1,Clear sky
2007-06-19 21:00:00+00:00,MUĞLA,48,32.6795,20.9795,0.0,19.191748,1.0,28.608719,936.39453,29.85,Mainly clear
2007-06-20 21:00:00+00:00,MUĞLA,48,33.129498,20.9295,0.0,18.58451,0.0,29.752274,937.25507,30.06,Clear sky
2007-06-21 21:00:00+00:00,MUĞLA,48,34.9795,19.9295,0.0,17.873556,0.0,23.243994,938.0528,30.97,Clear sky
2007-06-22 21:00:00+00:00,MUĞLA,48,36.7295,19.8295,0.0,13.896187,0.0,22.464735,939.29144,30.47,Clear sky
2007-06-23 21:00:00+00:00,MUĞLA,48,39.8295,21.6295,0.0,17.581125,0.0,24.20212,940.4573,29.91,Clear sky
2007-06-24 21:00:00+00:00,MUĞLA,48,37.179497,25.5795,0.0,21.566975,0.0,21.968687,939.5048,30.24,Clear sky
2007-06-25 21:00:00+00:00,MUĞLA,48,39.129498,22.6795,0.0,15.315873,1.0,22.934427,936.00165,29.64,Mainly clear
2007-06-26 21:00:00+00:00,MUĞLA,48,39.429497,23.3295,0.0,16.485485,3.0,21.73578,934.41547,29.64,Overcast
2007-06-27 21:00:00+00:00,MUĞLA,48,38.429497,21.8295,0.0,16.954432,2.0,21.824938,935.2631,29.66,Partly cloudy
2007-06-28 21:00:00+00:00,MUĞLA,48,35.0295,21.8295,0.0,17.84816,0.0,27.777258,934.25555,30.38,Clear sky
2007-06-29 21:00:00+00:00,MUĞLA,48,32.8295,21.1795,0.0,17.114204,0.0,30.749489,934.1662,29.97,Clear sky
2007-06-30 21:00:00+00:00,MUĞLA,48,33.0795,20.9295,2.2,10.1376915,61.0,35.52513,934.1016,25.8,Rain: Slight
2007-07-01 21:00:00+00:00,MUĞLA,48,32.629498,18.3795,0.0,10.182337,2.0,39.823223,935.49066,29.56,Partly cloudy
2007-07-02 21:00:00+00:00,MUĞLA,48,33.5795,18.6795,0.0,13.138765,0.0,37.136402,935.6298,30.16,Clear sky
2007-07-03 21:00:00+00:00,MUĞLA,48,34.129498,18.9295,0.0,13.397612,1.0,38.42867,933.7373,29.61,Mainly clear
2007-07-04 21:00:00+00:00,MUĞLA,48,34.3295,19.779501,0.0,13.755579,0.0,38.858807,933.3633,29.89,Clear sky
2007-07-05 21:00:00+00:00,MUĞLA,48,32.7795,19.4295,0.0,12.9249525,0.0,41.275616,932.98285,29.6,Clear sky
2007-07-06 21:00:00+00:00,MUĞLA,48,32.6795,20.1795,0.0,20.456745,0.0,25.647207,937.0417,30.69,Clear sky
2007-07-07 21:00:00+00:00,MUĞLA,48,36.2295,20.4795,0.0,16.992609,0.0,19.360554,938.4973,30.65,Clear sky
2007-07-08 21:00:00+00:00,MUĞLA,48,36.629498,20.279501,0.0,10.30883,0.0,21.752913,935.5522,30.41,Clear sky
2007-07-09 21:00:00+00:00,MUĞLA,48,35.679497,20.279501,0.0,13.18308,0.0,31.332163,933.5874,29.52,Clear sky
2007-07-10 21:00:00+00:00,MUĞLA,48,34.7795,20.029501,0.0,13.479583,0.0,41.045895,933.44556,29.35,Clear sky
2007-07-11 21:00:00+00:00,MUĞLA,48,31.6795,19.529501,0.0,14.512064,0.0,50.238453,934.3471,29.58,Clear sky
2007-07-12 21:00:00+00:00,MUĞLA,48,31.9795,18.3295,0.7,18.089775,53.0,47.252014,934.0579,26.09,Drizzle: Moderate
2007-07-13 21:00:00+00:00,MUĞLA,48,32.7795,19.7295,0.0,16.279802,0.0,37.25044,935.7143,29.55,Clear sky
2007-07-14 21:00:00+00:00,MUĞLA,48,32.629498,19.7295,0.0,19.694992,0.0,26.625795,938.0998,29.84,Clear sky
2007-07-15 21:00:00+00:00,MUĞLA,48,33.5795,19.529501,0.0,20.150354,0.0,24.206675,939.25415,29.79,Clear sky
2007-07-16 21:00:00+00:00,MUĞLA,48,35.5295,21.029501,0.0,14.336861,0.0,23.99177,938.3807,29.74,Clear sky
2007-07-17 21:00:00+00:00,MUĞLA,48,36.2295,21.7295,0.0,14.689588,0.0,26.11915,937.6978,29.62,Clear sky
2007-07-18 21:00:00+00:00,MUĞLA,48,36.0795,22.779501,0.0,17.072504,0.0,27.002853,937.7037,29.42,Clear sky
2007-07-19 21:00:00+00:00,MUĞLA,48,37.5295,20.4295,0.0,12.496718,0.0,33.75148,936.659,29.39,Clear sky
2007-07-20 21:00:00+00:00,MUĞLA,48,37.9795,20.9295,0.0,14.471821,0.0,36.345078,936.3987,28.76,Clear sky
2007-07-21 21:00:00+00:00,MUĞLA,48,38.629498,22.1295,0.0,13.75558,0.0,32.353695,935.0088,29.2,Clear sky
2007-07-22 21:00:00+00:00,MUĞLA,48,40.0795,23.4795,0.0,13.004921,0.0,29.367632,933.9163,28.85,Clear sky
2007-07-23 21:00:00+00:00,MUĞLA,48,40.4795,25.2295,0.0,10.233123,0.0,23.84022,934.0135,29.0,Clear sky
2007-07-24 21:00:00+00:00,MUĞLA,48,40.129498,24.029501,0.0,13.324863,0.0,19.91835,933.1612,29.07,Clear sky
2007-07-25 21:00:00+00:00,MUĞLA,48,40.129498,22.3795,0.0,13.246826,2.0,26.097343,934.38885,28.79,Partly cloudy
2007-07-26 21:00:00+00:00,MUĞLA,48,40.129498,23.8295,0.0,11.885453,3.0,29.98702,935.68634,26.61,Overcast
2007-07-27 21:00:00+00:00,MUĞLA,48,40.4795,24.1295,0.0,15.509274,1.0,28.075981,935.301,27.69,Mainly clear
2007-07-28 21:00:00+00:00,MUĞLA,48,39.7795,23.7295,0.0,12.849528,1.0,22.546946,933.69745,27.66,Mainly clear
2007-07-29 21:00:00+00:00,MUĞLA,48,38.929497,24.0795,1.2,13.608762,53.0,24.90975,931.8383,24.91,Drizzle: Moderate
2007-07-30 21:00:00+00:00,MUĞLA,48,37.429497,25.9795,0.0,13.37825,1.0,32.536667,932.4221,24.88,Mainly clear
2007-07-31 21:00:00+00:00,MUĞLA,48,35.5795,23.5795,0.0,13.004922,1.0,39.25018,933.21173,26.93,Mainly clear
2007-08-01 21:00:00+00:00,MUĞLA,48,35.5795,23.2295,0.0,13.37825,0.0,36.596478,934.988,28.11,Clear sky
2007-08-02 21:00:00+00:00,MUĞLA,48,35.7295,23.0795,0.0,11.269782,0.0,36.09885,936.2332,28.0,Clear sky
2007-08-03 21:00:00+00:00,MUĞLA,48,35.7295,21.7295,0.0,12.819235,0.0,34.996067,934.0503,28.07,Clear sky
2007-08-04 21:00:00+00:00,MUĞLA,48,33.879498,20.529501,0.0,13.397612,0.0,41.384613,931.2749,27.54,Clear sky
2007-08-05 21:00:00+00:00,MUĞLA,48,27.9295,19.7295,0.0,17.31746,2.0,57.08128,932.157,27.18,Partly cloudy
2007-08-06 21:00:00+00:00,MUĞLA,48,28.4295,17.8795,0.0,14.003029,2.0,58.23418,934.437,27.13,Partly cloudy
2007-08-07 21:00:00+00:00,MUĞLA,48,32.0295,17.9295,0.0,12.313894,0.0,43.04846,935.2049,27.24,Clear sky
2007-08-08 21:00:00+00:00,MUĞLA,48,34.5795,20.1295,0.0,9.693296,0.0,35.85585,933.5783,27.29,Clear sky
2007-08-09 21:00:00+00:00,MUĞLA,48,35.929497,21.6795,0.0,12.181625,0.0,33.188335,933.4629,27.25,Clear sky
2007-08-10 21:00:00+00:00,MUĞLA,48,34.3295,20.779501,0.0,14.57889,0.0,40.326405,934.36066,27.05,Clear sky
2007-08-11 21:00:00+00:00,MUĞLA,48,31.7295,20.529501,0.0,12.397806,2.0,56.54474,933.8831,26.68,Partly cloudy
2007-08-12 21:00:00+00:00,MUĞLA,48,34.0295,20.4295,0.0,11.966953,1.0,49.231342,933.826,26.38,Mainly clear
2007-08-13 21:00:00+00:00,MUĞLA,48,34.8295,22.2295,0.3,11.709688,51.0,38.863827,933.0374,24.86,Drizzle: Light
2007-08-14 21:00:00+00:00,MUĞLA,48,35.0795,22.7295,0.0,10.883676,2.0,40.518574,933.0079,24.69,Partly cloudy
2007-08-15 21:00:00+00:00,MUĞLA,48,35.429497,22.6295,0.3,10.086427,51.0,45.36189,934.3709,25.85,Drizzle: Light
2007-08-16 21:00:00+00:00,MUĞLA,48,36.2795,22.529501,0.0,14.830076,0.0,39.415646,935.79297,26.38,Clear sky
2007-08-17 21:00:00+00:00,MUĞLA,48,36.129498,21.6295,0.0,13.891522,2.0,36.424915,933.64453,25.84,Partly cloudy
2007-08-18 21:00:00+00:00,MUĞLA,48,34.129498,21.0795,0.0,11.753876,1.0,50.616222,932.4231,23.3,Mainly clear
2007-08-19 21:00:00+00:00,MUĞLA,48,33.4295,20.6295,0.0,14.48972,0.0,54.305576,934.2026,25.09,Clear sky
2007-08-20 21:00:00+00:00,MUĞLA,48,33.8295,19.6795,0.0,10.703569,0.0,49.276714,938.0554,25.75,Clear sky
2007-08-21 21:00:00+00:00,MUĞLA,48,37.8295,21.8795,0.0,10.883676,0.0,35.90836,938.72797,25.98,Clear sky
2007-08-22 21:00:00+00:00,MUĞLA,48,37.929497,23.1795,0.0,14.05845,0.0,20.159927,937.7424,26.1,Clear sky
2007-08-23 21:00:00+00:00,MUĞLA,48,35.9795,22.7295,0.0,17.581125,0.0,22.76664,938.19946,25.65,Clear sky
2007-08-24 21:00:00+00:00,MUĞLA,48,34.629498,23.0795,0.0,20.898613,3.0,26.5271,938.799,24.44,Overcast
2007-08-25 21:00:00+00:00,MUĞLA,48,34.879498,21.779501,0.0,12.261157,0.0,28.329489,937.1247,25.18,Clear sky
2007-08-26 21:00:00+00:00,MUĞLA,48,34.9795,21.6795,0.8,11.090103,53.0,28.975458,934.6806,24.49,Drizzle: Moderate
2007-08-27 21:00:00+00:00,MUĞLA,48,31.3295,21.279501,0.0,11.090103,2.0,43.45619,934.7031,19.9,Partly cloudy
2007-08-28 21:00:00+00:00,MUĞLA,48,33.2795,20.6795,1.1,10.028439,55.0,53.4817,936.8953,22.62,Drizzle: Dense
2007-08-29 21:00:00+00:00,MUĞLA,48,34.9795,21.529501,0.0,10.948973,2.0,46.11626,937.4384,23.66,Partly cloudy
2007-08-30 21:00:00+00:00,MUĞLA,48,37.0795,21.7295,0.0,8.905908,0.0,34.770657,936.89557,24.52,Clear sky
2007-08-31 21:00:00+00:00,MUĞLA,48,36.879498,21.779501,0.0,14.84318,0.0,29.054535,935.9854,24.49,Clear sky
2007-09-01 21:00:00+00:00,MUĞLA,48,37.0295,20.529501,0.0,14.561099,2.0,32.543896,934.9808,23.57,Partly cloudy
2007-09-02 21:00:00+00:00,MUĞLA,48,34.0795,20.7295,0.0,15.1884165,0.0,36.605225,934.83295,23.49,Clear sky
2007-09-03 21:00:00+00:00,MUĞLA,48,31.2295,19.6795,0.0,12.475961,0.0,56.89381,935.3376,22.84,Clear sky
2007-09-04 21:00:00+00:00,MUĞLA,48,28.779501,18.2295,0.0,13.276144,0.0,58.13835,937.00977,23.68,Clear sky
2007-09-05 21:00:00+00:00,MUĞLA,48,28.3795,18.6295,0.0,14.84318,1.0,60.39505,939.3892,22.24,Mainly clear
2007-09-06 21:00:00+00:00,MUĞLA,48,26.279501,16.8795,0.0,16.135872,1.0,57.19948,936.1199,22.58,Mainly clear
2007-09-07 21:00:00+00:00,MUĞLA,48,23.5795,16.2295,0.0,13.896187,1.0,54.670666,933.79596,21.23,Mainly clear
2007-09-08 21:00:00+00:00,MUĞLA,48,24.4795,12.679501,0.0,14.021525,0.0,43.462154,934.7768,23.19,Clear sky
2007-09-09 21:00:00+00:00,MUĞLA,48,26.529501,12.8295,0.0,9.504272,0.0,35.19076,938.5932,23.36,Clear sky
2007-09-10 21:00:00+00:00,MUĞLA,48,27.1295,13.179501,0.0,12.218805,0.0,45.275738,938.28564,23.01,Clear sky
2007-09-11 21:00:00+00:00,MUĞLA,48,29.1795,14.5295,0.0,12.849528,0.0,42.216686,938.21686,22.81,Clear sky
2007-09-12 21:00:00+00:00,MUĞLA,48,28.9295,16.1795,0.0,15.328561,0.0,40.04038,937.8692,22.37,Clear sky
2007-09-13 21:00:00+00:00,MUĞLA,48,30.1795,15.4795,0.0,11.384198,0.0,27.527643,939.6206,22.91,Clear sky
2007-09-14 21:00:00+00:00,MUĞLA,48,30.4295,15.0795,0.0,10.636766,1.0,30.93171,938.7361,22.38,Mainly clear
2007-09-15 21:00:00+00:00,MUĞLA,48,28.6295,16.7295,0.0,20.608229,0.0,33.861423,938.57513,22.22,Clear sky
2007-09-16 21:00:00+00:00,MUĞLA,48,31.279501,15.9795,0.0,10.495713,0.0,28.107012,940.4097,22.22,Clear sky
2007-09-17 21:00:00+00:00,MUĞLA,48,31.8795,15.3795,0.0,8.759178,0.0,22.157248,939.0703,22.38,Clear sky
2007-09-18 21:00:00+00:00,MUĞLA,48,31.4295,14.7295,0.0,9.387651,0.0,28.177702,937.27423,22.0,Clear sky
2007-09-19 21:00:00+00:00,MUĞLA,48,30.9795,15.179501,0.0,11.709688,0.0,34.60368,937.5459,21.51,Clear sky
2007-09-20 21:00:00+00:00,MUĞLA,48,29.1295,15.0295,0.0,9.904906,1.0,51.365646,938.4599,19.78,Mainly clear
2007-09-21 21:00:00+00:00,MUĞLA,48,28.279501,17.0795,0.0,9.904906,3.0,46.72301,938.79047,18.6,Overcast
2007-09-22 21:00:00+00:00,MUĞLA,48,26.1295,16.6795,3.2,9.0,63.0,59.362125,937.7656,16.89,Rain: Moderate
2007-09-23 21:00:00+00:00,MUĞLA,48,25.529501,13.8795,0.0,10.883676,0.0,61.010757,937.9814,20.06,Clear sky
2007-09-24 21:00:00+00:00,MUĞLA,48,26.3795,13.8295,0.0,9.686609,0.0,43.705597,938.73627,20.68,Clear sky
2007-09-25 21:00:00+00:00,MUĞLA,48,26.4295,12.929501,0.0,10.966713,0.0,51.95013,940.83734,20.35,Clear sky
2007-09-26 21:00:00+00:00,MUĞLA,48,28.2295,13.4795,0.0,8.78872,0.0,52.16579,941.2622,19.89,Clear sky
2007-09-27 21:00:00+00:00,MUĞLA,48,31.029501,15.0795,0.0,7.968939,1.0,43.14792,941.6301,19.67,Mainly clear
2007-09-28 21:00:00+00:00,MUĞLA,48,30.8295,17.3295,0.0,15.542662,0.0,30.259163,941.3968,19.84,Clear sky
2007-09-29 21:00:00+00:00,MUĞLA,48,31.4795,17.0295,0.0,8.350138,1.0,32.17657,939.51855,19.89,Mainly clear
2007-09-30 21:00:00+00:00,MUĞLA,48,29.9795,14.8795,0.0,10.383987,1.0,36.885895,938.6653,19.52,Mainly clear
2007-10-01 21:00:00+00:00,MUĞLA,48,30.279501,14.429501,0.0,8.707237,3.0,36.18456,939.0455,18.83,Overcast
2007-10-02 21:00:00+00:00,MUĞLA,48,30.529501,16.2295,1.1,10.739832,55.0,40.043,939.0174,16.9,Drizzle: Dense
2007-10-03 21:00:00+00:00,MUĞLA,48,27.029501,17.0295,17.7,9.114471,63.0,62.63219,939.85474,16.44,Rain: Moderate
2007-10-04 21:00:00+00:00,MUĞLA,48,26.529501,14.0795,0.1,8.891343,51.0,59.639286,939.8746,17.4,Drizzle: Light
2007-10-05 21:00:00+00:00,MUĞLA,48,25.3295,14.929501,0.2,8.161764,51.0,61.43974,939.41797,17.22,Drizzle: Light
2007-10-06 21:00:00+00:00,MUĞLA,48,26.279501,14.3795,0.0,8.14587,2.0,67.44669,940.44135,17.6,Partly cloudy
2007-10-07 21:00:00+00:00,MUĞLA,48,27.279501,14.6295,1.5,6.3690495,55.0,66.63808,941.8977,16.49,Drizzle: Dense
2007-10-08 21:00:00+00:00,MUĞLA,48,27.8295,14.8295,1.2,6.8399997,55.0,64.44061,940.83466,16.69,Drizzle: Dense
2007-10-09 21:00:00+00:00,MUĞLA,48,27.529501,13.8795,2.2,6.2145634,61.0,59.522263,939.1236,16.56,Rain: Slight
2007-10-10 21:00:00+00:00,MUĞLA,48,26.0795,16.3795,0.0,11.435313,3.0,54.22736,940.1933,15.36,Overcast
2007-10-11 21:00:00+00:00,MUĞLA,48,24.279501,14.929501,0.0,11.435313,2.0,66.50023,940.3752,14.7,Partly cloudy
2007-10-12 21:00:00+00:00,MUĞLA,48,20.6295,14.5295,0.70000005,13.479583,51.0,78.709946,937.8746,13.57,Drizzle: Light
2007-10-13 21:00:00+00:00,MUĞLA,48,19.0795,11.8295,9.799999,11.966953,63.0,84.36483,936.7209,13.38,Rain: Moderate
2007-10-14 21:00:00+00:00,MUĞLA,48,15.2795,10.429501,0.0,20.799152,2.0,61.909534,940.6616,15.82,Partly cloudy
2007-10-15 21:00:00+00:00,MUĞLA,48,20.5795,7.0295,0.0,10.00256,0.0,42.87602,944.5588,17.38,Clear sky
2007-10-16 21:00:00+00:00,MUĞLA,48,22.3295,7.6795,0.0,6.489992,0.0,49.24211,943.7907,17.06,Clear sky
2007-10-17 21:00:00+00:00,MUĞLA,48,22.4295,8.6295,0.0,9.021574,0.0,56.219772,941.0901,16.85,Clear sky
2007-10-18 21:00:00+00:00,MUĞLA,48,21.2295,9.4795,0.0,12.245293,3.0,65.57548,938.9747,16.37,Overcast
2007-10-19 21:00:00+00:00,MUĞLA,48,19.029501,11.3295,1.8,12.287555,53.0,70.828224,939.97284,12.14,Drizzle: Moderate
2007-10-20 21:00:00+00:00,MUĞLA,48,17.6795,13.5295,44.3,20.898611,65.0,87.674614,938.7883,5.45,Rain: Heavy
2007-10-21 21:00:00+00:00,MUĞLA,48,17.4795,13.4795,34.500004,20.418695,63.0,92.399666,937.74854,4.83,Rain: Moderate
2007-10-22 21:00:00+00:00,MUĞLA,48,16.8795,11.2795,21.7,16.808569,63.0,88.116844,938.0059,10.39,Rain: Moderate
2007-10-23 21:00:00+00:00,MUĞLA,48,16.8795,12.1295,12.5,11.901798,61.0,92.96405,939.65753,7.44,Rain: Slight
2007-10-24 21:00:00+00:00,MUĞLA,48,18.0795,12.2295,0.7,8.714677,53.0,82.84725,943.92865,11.3,Drizzle: Moderate
2007-10-25 21:00:00+00:00,MUĞLA,48,21.6795,10.3795,0.0,10.1376915,3.0,70.2483,946.77856,14.68,Overcast
2007-10-26 21:00:00+00:00,MUĞLA,48,22.9295,10.679501,0.0,10.390226,3.0,56.86795,946.79767,14.5,Overcast
2007-10-27 21:00:00+00:00,MUĞLA,48,23.1295,11.2795,0.0,8.225035,3.0,54.219315,944.3388,14.62,Overcast
2007-10-28 21:00:00+00:00,MUĞLA,48,20.9295,11.1295,0.0,10.315115,3.0,67.04734,940.05853,14.28,Overcast
2007-10-29 21:00:00+00:00,MUĞLA,48,19.8295,11.5795,0.0,8.311245,3.0,77.313576,940.1766,13.01,Overcast
2007-10-30 21:00:00+00:00,MUĞLA,48,21.3795,11.2795,0.0,7.2805495,3.0,69.027534,944.97943,7.46,Overcast
2007-10-31 21:00:00+00:00,MUĞLA,48,20.6295,13.679501,1.0,14.372974,51.0,72.39168,946.9162,9.47,Drizzle: Light
2007-11-01 21:00:00+00:00,MUĞLA,48,22.1295,12.0795,0.5,10.195057,51.0,73.97204,945.709,11.78,Drizzle: Light
2007-11-02 21:00:00+00:00,MUĞLA,48,22.2295,10.9795,1.2,6.489992,53.0,74.08604,941.55493,12.3,Drizzle: Moderate
2007-11-03 21:00:00+00:00,MUĞLA,48,20.5795,12.0795,1.6000001,7.928177,53.0,76.73296,939.63727,11.62,Drizzle: Moderate
2007-11-04 21:00:00+00:00,MUĞLA,48,15.679501,12.2295,41.399998,12.979984,65.0,93.37986,937.1726,3.9,Rain: Heavy
2007-11-05 21:00:00+00:00,MUĞLA,48,13.929501,10.0795,24.400002,9.0645685,63.0,95.317566,934.5212,5.97,Rain: Moderate
2007-11-06 21:00:00+00:00,MUĞLA,48,14.1295,6.5795,0.3,10.883676,51.0,75.351875,935.9007,12.6,Drizzle: Light
2007-11-07 21:00:00+00:00,MUĞLA,48,13.2795,4.7295003,0.8000001,10.464797,51.0,68.97672,939.4742,12.04,Drizzle: Light
2007-11-08 21:00:00+00:00,MUĞLA,48,13.179501,3.3295002,0.0,9.9571085,1.0,73.25795,940.10614,13.34,Mainly clear
2007-11-09 21:00:00+00:00,MUĞLA,48,12.679501,6.1295004,24.599997,29.836594,63.0,82.10353,932.40015,5.43,Rain: Moderate
2007-11-10 21:00:00+00:00,MUĞLA,48,10.7295,2.9295,0.3,12.10157,51.0,70.31991,936.5459,13.01,Drizzle: Light
2007-11-11 21:00:00+00:00,MUĞLA,48,12.4795,5.0795,3.1999998,17.283749,61.0,79.47323,939.57495,8.6,Rain: Slight
2007-11-12 21:00:00+00:00,MUĞLA,48,14.0295,8.7295,30.899998,13.627795,63.0,95.59848,935.841,6.66,Rain: Moderate
2007-11-13 21:00:00+00:00,MUĞLA,48,13.4795,7.4795003,10.6,12.979984,63.0,92.30994,937.32666,7.33,Rain: Moderate
2007-11-14 21:00:00+00:00,MUĞLA,48,14.9795,9.8295,20.2,18.64369,63.0,94.75056,938.566,8.38,Rain: Moderate
2007-11-15 21:00:00+00:00,MUĞLA,48,16.1295,9.4295,0.1,14.404499,51.0,87.08847,943.43036,9.93,Drizzle: Light
2007-11-16 21:00:00+00:00,MUĞLA,48,16.9295,8.5795,0.0,10.829959,2.0,79.64021,941.0523,11.15,Partly cloudy
2007-11-17 21:00:00+00:00,MUĞLA,48,14.1295,7.7795,25.8,24.703976,65.0,89.90218,934.65765,4.76,Rain: Heavy
2007-11-18 21:00:00+00:00,MUĞLA,48,11.429501,5.8795004,12.400001,9.504273,63.0,89.21337,934.12714,8.14,Rain: Moderate
2007-11-19 21:00:00+00:00,MUĞLA,48,11.6295,4.9795003,0.0,14.77755,3.0,80.94729,935.21014,9.4,Overcast
2007-11-20 21:00:00+00:00,MUĞLA,48,12.0795,5.1795,0.0,17.551615,3.0,78.32459,939.4035,10.62,Overcast
2007-11-21 21:00:00+00:00,MUĞLA,48,14.8295,3.7295003,0.0,8.707237,0.0,73.89351,942.8808,11.8,Clear sky
2007-11-22 21:00:00+00:00,MUĞLA,48,15.0295,2.4795,0.0,5.495161,0.0,69.61109,945.25653,11.69,Clear sky
2007-11-23 21:00:00+00:00,MUĞLA,48,13.9795,3.4795,0.0,5.771239,3.0,74.52924,945.65045,10.55,Overcast
2007-11-24 21:00:00+00:00,MUĞLA,48,15.679501,2.1295002,0.0,6.439876,2.0,69.586555,945.6096,11.33,Partly cloudy
2007-11-25 21:00:00+00:00,MUĞLA,48,14.2795,6.4795003,0.0,8.4042845,3.0,75.529976,945.89215,9.73,Overcast
2007-11-26 21:00:00+00:00,MUĞLA,48,14.3295,7.4295,0.0,11.720751,3.0,92.40896,944.0229,7.98,Overcast
2007-11-27 21:00:00+00:00,MUĞLA,48,14.8295,9.0295,0.0,9.3669195,3.0,89.48722,941.42816,6.12,Overcast
2007-11-28 21:00:00+00:00,MUĞLA,48,16.3795,6.4795003,0.0,9.178235,3.0,72.80512,940.1001,9.03,Overcast
2007-11-29 21:00:00+00:00,MUĞLA,48,14.0795,8.5295,3.0999997,15.517629,53.0,92.41992,939.5581,6.22,Drizzle: Moderate
2007-11-30 21:00:00+00:00,MUĞLA,48,12.6295,7.0795,17.8,8.28,63.0,92.53983,936.2199,6.29,Rain: Moderate
2007-12-01 21:00:00+00:00,MUĞLA,48,13.2795,5.0795,0.0,9.504273,3.0,77.803795,939.1276,9.95,Overcast
2007-12-02 21:00:00+00:00,MUĞLA,48,12.8295,3.4295,0.0,7.7043357,3.0,73.71204,938.11426,10.45,Overcast
2007-12-03 21:00:00+00:00,MUĞLA,48,10.429501,6.7795,8.500001,13.779114,53.0,96.51809,935.195,4.29,Drizzle: Moderate
2007-12-04 21:00:00+00:00,MUĞLA,48,10.5795,5.0795,44.0,20.674158,63.0,95.62133,927.0413,2.92,Rain: Moderate
2007-12-05 21:00:00+00:00,MUĞLA,48,8.6295,4.9295,2.4,9.885262,51.0,91.462776,928.6306,5.69,Drizzle: Light
2007-12-06 21:00:00+00:00,MUĞLA,48,11.0295,2.8795,0.0,8.311245,2.0,83.16216,935.1729,9.98,Partly cloudy
2007-12-07 21:00:00+00:00,MUĞLA,48,9.7295,4.9295,1.4000001,8.311245,51.0,91.0731,938.57,4.61,Drizzle: Light
2007-12-08 21:00:00+00:00,MUĞLA,48,9.9795,6.3795004,33.9,24.014996,63.0,96.760735,936.16376,2.15,Rain: Moderate
2007-12-09 21:00:00+00:00,MUĞLA,48,10.5795,6.4795003,28.4,11.177405,61.0,96.05834,934.3415,5.09,Rain: Slight
2007-12-10 21:00:00+00:00,MUĞLA,48,11.929501,7.9795003,33.3,12.661564,63.0,95.76516,937.5286,5.72,Rain: Moderate
2007-12-11 21:00:00+00:00,MUĞLA,48,12.5295,5.7295003,22.400002,11.525623,63.0,91.75268,937.9895,6.09,Rain: Moderate
2007-12-12 21:00:00+00:00,MUĞLA,48,9.3295,5.4795003,19.500004,12.015589,63.0,94.24731,930.8118,4.29,Rain: Moderate
2007-12-13 21:00:00+00:00,MUĞLA,48,8.8295,1.6795001,0.0,8.766573,3.0,83.313614,931.5247,9.1,Overcast
2007-12-14 21:00:00+00:00,MUĞLA,48,8.2795,2.1295002,2.6999998,13.32,53.0,85.61056,937.9629,5.55,Drizzle: Moderate
2007-12-15 21:00:00+00:00,MUĞLA,48,10.7295,1.1795001,0.0,8.825508,2.0,82.18495,942.2983,9.98,Partly cloudy
2007-12-16 21:00:00+00:00,MUĞLA,48,11.7295,0.32950008,0.0,5.1919937,1.0,77.50159,944.7365,10.03,Mainly clear
2007-12-17 21:00:00+00:00,MUĞLA,48,11.4795,1.4795,0.0,7.4128532,1.0,78.873,944.3637,10.03,Mainly clear
2007-12-18 21:00:00+00:00,MUĞLA,48,11.179501,0.77950007,0.0,8.217153,2.0,70.69409,943.02686,10.12,Partly cloudy
2007-12-19 21:00:00+00:00,MUĞLA,48,9.8295,0.47950006,0.0,8.373386,1.0,66.74366,942.68134,10.28,Mainly clear
2007-12-20 21:00:00+00:00,MUĞLA,48,11.3795,0.1795001,0.0,8.39657,0.0,71.27836,944.8808,10.28,Clear sky
2007-12-21 21:00:00+00:00,MUĞLA,48,12.0295,0.12950003,0.0,7.7879906,0.0,70.23048,946.7863,10.34,Clear sky
2007-12-22 21:00:00+00:00,MUĞLA,48,10.7795,0.1795001,0.0,4.3349743,1.0,76.576706,947.84906,9.59,Mainly clear
2007-12-23 21:00:00+00:00,MUĞLA,48,11.5295,0.12950003,0.0,6.638072,0.0,78.25706,946.2188,10.34,Clear sky
2007-12-24 21:00:00+00:00,MUĞLA,48,11.7795,0.37950003,0.0,5.815978,2.0,75.47218,944.0779,10.08,Partly cloudy
2007-12-25 21:00:00+00:00,MUĞLA,48,11.0795,2.9795,0.0,5.1919937,3.0,76.12704,946.6311,8.72,Overcast
2007-12-26 21:00:00+00:00,MUĞLA,48,11.929501,0.8295001,0.0,4.5536795,3.0,83.01911,947.2287,9.44,Overcast
2007-12-27 21:00:00+00:00,MUĞLA,48,12.679501,0.47950006,0.0,8.557102,2.0,79.05135,946.11865,10.16,Partly cloudy
2007-12-28 21:00:00+00:00,MUĞLA,48,10.7295,-0.17049992,0.0,10.00256,0.0,71.136345,944.0372,10.71,Clear sky
2007-12-29 21:00:00+00:00,MUĞLA,48,10.0795,-0.9704999,0.0,6.792466,0.0,66.779625,941.3339,10.35,Clear sky
2007-12-30 21:00:00+00:00,MUĞLA,48,10.2795,1.2795,0.0,5.8048253,3.0,80.960365,940.51495,8.77,Overcast
2007-12-31 21:00:00+00:00,MUĞLA,48,9.929501,3.4795,8.700001,15.596767,61.0,89.59141,935.8576,6.7,Rain: Slight
2008-01-01 21:00:00+00:00,MUĞLA,48,9.2795,4.7795,6.9,11.503113,53.0,94.75791,935.28485,6.82,Drizzle: Moderate
2008-01-02 21:00:00+00:00,MUĞLA,48,7.3795004,1.6795001,1.5,10.315115,51.0,85.95767,937.9726,7.93,Drizzle: Light
2008-01-03 21:00:00+00:00,MUĞLA,48,6.8295,-0.5204998,0.0,9.904906,3.0,72.76441,944.0151,10.5,Overcast
2008-01-04 21:00:00+00:00,MUĞLA,48,7.1795,-0.62049997,0.0,11.631956,3.0,58.621735,948.1651,11.1,Overcast
2008-01-05 21:00:00+00:00,MUĞLA,48,10.7295,-0.27049994,0.0,9.659814,3.0,60.19392,947.4373,9.55,Overcast
2008-01-06 21:00:00+00:00,MUĞLA,48,11.2795,-0.17049992,0.0,7.8954163,3.0,70.30908,942.7027,9.99,Overcast
2008-01-07 21:00:00+00:00,MUĞLA,48,11.8795,1.5795001,0.0,10.390226,1.0,74.40947,941.78705,10.76,Mainly clear
2008-01-08 21:00:00+00:00,MUĞLA,48,10.1295,0.5795001,0.0,9.19939,1.0,65.952515,941.7995,11.38,Mainly clear
2008-01-09 21:00:00+00:00,MUĞLA,48,8.2795,0.029500127,0.0,11.792404,0.0,60.83061,943.1552,11.6,Clear sky
2008-01-10 21:00:00+00:00,MUĞLA,48,8.9795,-1.5204998,0.0,6.9247384,0.0,60.294662,944.6689,11.59,Clear sky
2008-01-11 21:00:00+00:00,MUĞLA,48,9.5295,-1.7704998,0.0,6.297428,0.0,63.156788,944.1738,11.62,Clear sky
2008-01-12 21:00:00+00:00,MUĞLA,48,9.9795,-1.3205,0.0,4.3498964,0.0,62.300385,946.3884,11.73,Clear sky
2008-01-13 21:00:00+00:00,MUĞLA,48,9.8295,-0.5705,0.0,6.6185193,2.0,79.698975,947.712,10.9,Partly cloudy
2008-01-14 21:00:00+00:00,MUĞLA,48,8.8295,2.5295,7.4,9.0,55.0,94.459496,946.11163,7.01,Drizzle: Dense
2008-01-15 21:00:00+00:00,MUĞLA,48,10.179501,0.27950013,0.0,5.6920996,3.0,81.71936,945.4138,9.9,Overcast
2008-01-16 21:00:00+00:00,MUĞLA,48,10.8295,3.0795002,0.0,8.311245,3.0,80.527504,946.59686,8.83,Overcast
2008-01-17 21:00:00+00:00,MUĞLA,48,12.429501,0.4295001,0.0,6.924738,3.0,81.4271,943.82684,11.29,Overcast
2008-01-18 21:00:00+00:00,MUĞLA,48,12.7795,1.5295001,0.0,6.151683,3.0,76.13683,941.9379,11.7,Overcast
2008-01-19 21:00:00+00:00,MUĞLA,48,12.5295,0.27950013,0.0,6.28713,0.0,68.40351,942.54755,12.13,Clear sky
2008-01-20 21:00:00+00:00,MUĞLA,48,13.0295,-0.37049997,0.0,5.8048253,0.0,58.17549,942.4939,12.3,Clear sky
2008-01-21 21:00:00+00:00,MUĞLA,48,12.0295,1.1295002,0.0,6.9247384,3.0,74.947266,937.82196,11.15,Overcast
2008-01-22 21:00:00+00:00,MUĞLA,48,10.429501,3.5295,0.0,14.345898,3.0,84.091286,936.95624,9.95,Overcast
2008-01-23 21:00:00+00:00,MUĞLA,48,11.9795,2.4795,0.3,6.830519,51.0,81.34422,942.22363,6.86,Drizzle: Light
2008-01-24 21:00:00+00:00,MUĞLA,48,9.4295,1.2795,0.0,15.137133,0.0,68.4188,940.98444,12.9,Clear sky
2008-01-25 21:00:00+00:00,MUĞLA,48,9.2795,0.07950008,0.0,13.708391,0.0,47.238678,940.721,12.85,Clear sky
2008-01-26 21:00:00+00:00,MUĞLA,48,12.6295,0.029500127,0.0,10.30883,3.0,56.30521,939.57446,13.05,Overcast
2008-01-27 21:00:00+00:00,MUĞLA,48,8.0295,1.1795001,11.000001,24.975283,75.0,81.17922,928.21875,6.89,Snow fall: Heavy
2008-01-28 21:00:00+00:00,MUĞLA,48,3.5295,-1.5705,0.0,32.559605,3.0,50.928898,931.86523,11.22,Overcast
2008-01-29 21:00:00+00:00,MUĞLA,48,2.1295002,-3.1204996,0.0,25.325686,3.0,54.717617,941.73676,12.22,Overcast
2008-01-30 21:00:00+00:00,MUĞLA,48,7.5795,-2.2205,0.0,11.165805,0.0,53.705612,944.0933,14.0,Clear sky
2008-01-31 21:00:00+00:00,MUĞLA,48,9.679501,-2.2704997,0.0,5.634891,1.0,58.1898,944.68646,13.42,Mainly clear
2008-02-01 21:00:00+00:00,MUĞLA,48,10.429501,3.2295,0.0,8.217153,2.0,72.837685,946.6922,10.26,Partly cloudy
2008-02-02 21:00:00+00:00,MUĞLA,48,12.4795,0.97950006,0.0,7.9526596,3.0,83.48931,949.676,10.59,Overcast
2008-02-03 21:00:00+00:00,MUĞLA,48,13.6295,0.72950006,0.0,5.6233797,3.0,78.08581,947.6735,13.33,Overcast
2008-02-04 21:00:00+00:00,MUĞLA,48,13.179501,-0.020499945,0.0,5.3517847,2.0,81.91355,945.3061,13.31,Partly cloudy
2008-02-05 21:00:00+00:00,MUĞLA,48,11.7795,1.1295002,0.1,6.489992,51.0,84.597496,942.8405,10.42,Drizzle: Light
2008-02-06 21:00:00+00:00,MUĞLA,48,11.3295,2.4795,3.6,6.696387,61.0,89.54598,940.24005,10.39,Rain: Slight
2008-02-07 21:00:00+00:00,MUĞLA,48,11.2795,-0.7704998,0.0,6.638072,3.0,77.961044,940.0332,10.51,Overcast
2008-02-08 21:00:00+00:00,MUĞLA,48,9.7795,2.7295,9.299999,16.981165,61.0,85.674,942.0467,5.92,Rain: Slight
2008-02-09 21:00:00+00:00,MUĞLA,48,10.2795,2.2295,3.8999999,11.298495,55.0,86.194824,941.4084,7.95,Drizzle: Dense
2008-02-10 21:00:00+00:00,MUĞLA,48,11.7795,2.2295,0.0,7.5685663,3.0,80.76412,938.44904,10.08,Overcast
2008-02-11 21:00:00+00:00,MUĞLA,48,10.7295,2.1295002,0.0,10.315115,2.0,67.07862,939.6883,14.43,Partly cloudy
2008-02-12 21:00:00+00:00,MUĞLA,48,8.2295,1.1795001,0.4,7.42159,51.0,63.461346,940.3431,12.34,Drizzle: Light
2008-02-13 21:00:00+00:00,MUĞLA,48,7.3295,-0.7704998,0.1,17.727943,71.0,66.47383,941.1482,15.81,Snow fall: Slight
2008-02-14 21:00:00+00:00,MUĞLA,48,10.2295,-0.62049997,0.0,9.028754,3.0,58.668385,942.58545,15.93,Overcast
2008-02-15 21:00:00+00:00,MUĞLA,48,8.7795,-0.17049992,5.8,12.879752,73.0,78.57454,937.0757,10.63,Snow fall: Moderate
2008-02-16 21:00:00+00:00,MUĞLA,48,2.7295,-2.0705,4.4,16.676977,73.0,77.067986,933.11346,11.3,Snow fall: Moderate
2008-02-17 21:00:00+00:00,MUĞLA,48,-0.0704999,-4.7704997,0.2,27.897097,71.0,57.10873,936.49506,13.79,Snow fall: Slight
2008-02-18 21:00:00+00:00,MUĞLA,48,4.2795,-4.4705,0.0,13.627795,0.0,57.448593,944.1521,16.68,Clear sky
2008-02-19 21:00:00+00:00,MUĞLA,48,10.5795,-1.4204999,0.0,7.754637,1.0,63.72023,950.8531,16.65,Mainly clear
2008-02-20 21:00:00+00:00,MUĞLA,48,10.7795,2.2795,0.0,8.435069,3.0,79.486496,952.6255,12.5,Overcast
2008-02-21 21:00:00+00:00,MUĞLA,48,12.4795,2.5795002,0.0,6.725354,3.0,83.73522,950.09393,12.43,Overcast
2008-02-22 21:00:00+00:00,MUĞLA,48,14.0295,0.97950006,0.0,6.4799995,3.0,81.81958,945.3798,15.31,Overcast
2008-02-23 21:00:00+00:00,MUĞLA,48,15.0295,2.3795002,0.0,17.727943,1.0,67.98548,942.15424,17.06,Mainly clear
2008-02-24 21:00:00+00:00,MUĞLA,48,11.5295,1.2295,0.0,18.193361,0.0,43.707336,941.45874,18.08,Clear sky
2008-02-25 21:00:00+00:00,MUĞLA,48,17.1795,0.8795001,0.0,10.636766,0.0,49.68773,940.52875,18.14,Clear sky
2008-02-26 21:00:00+00:00,MUĞLA,48,15.2795,2.4795,0.0,12.7279215,3.0,60.482265,943.23285,17.81,Overcast
2008-02-27 21:00:00+00:00,MUĞLA,48,11.929501,5.7295003,0.0,15.39184,3.0,87.29965,945.3877,10.86,Overcast
2008-02-28 21:00:00+00:00,MUĞLA,48,15.5795,3.0795002,0.0,7.5685663,3.0,79.7063,943.4135,16.83,Overcast
2008-02-29 21:00:00+00:00,MUĞLA,48,15.2295,3.2295,0.0,12.594856,3.0,79.84674,939.2595,17.58,Overcast
2008-03-01 21:00:00+00:00,MUĞLA,48,11.3295,3.7795,17.8,10.00256,61.0,95.02889,934.8276,6.7,Rain: Slight
2008-03-02 21:00:00+00:00,MUĞLA,48,17.1295,0.12950003,0.0,9.360001,2.0,74.99673,937.9939,17.92,Partly cloudy
2008-03-03 21:00:00+00:00,MUĞLA,48,17.2795,7.6295004,0.0,13.556282,3.0,71.43233,940.53204,18.71,Overcast
2008-03-04 21:00:00+00:00,MUĞLA,48,12.929501,6.5795,0.2,18.998314,51.0,86.40606,939.823,12.43,Drizzle: Light
2008-03-05 21:00:00+00:00,MUĞLA,48,17.8795,4.2795,0.0,7.208994,3.0,66.27699,940.43317,17.18,Overcast
2008-03-06 21:00:00+00:00,MUĞLA,48,21.1795,7.2295003,0.0,18.25026,3.0,51.647552,938.55133,17.39,Overcast
2008-03-07 21:00:00+00:00,MUĞLA,48,17.5295,10.4795,0.0,15.941944,3.0,69.60732,938.6066,16.78,Overcast
2008-03-08 21:00:00+00:00,MUĞLA,48,17.1795,7.6795,0.0,9.531505,3.0,70.33108,937.3025,19.39,Overcast
2008-03-09 21:00:00+00:00,MUĞLA,48,12.9795,3.4295,1.6,11.928989,53.0,75.61793,937.46124,18.03,Drizzle: Moderate
2008-03-10 21:00:00+00:00,MUĞLA,48,12.5295,2.9295,0.0,12.768586,3.0,80.13872,938.0642,15.91,Overcast
2008-03-11 21:00:00+00:00,MUĞLA,48,9.9795,5.8295,17.5,21.41319,63.0,87.40875,931.9826,7.06,Rain: Moderate
2008-03-12 21:00:00+00:00,MUĞLA,48,13.4795,3.2295,0.70000005,11.212135,51.0,88.17358,931.3182,14.62,Drizzle: Light
2008-03-13 21:00:00+00:00,MUĞLA,48,12.2295,4.0795,0.0,19.813087,3.0,69.15054,935.50195,19.94,Overcast
2008-03-14 21:00:00+00:00,MUĞLA,48,14.4795,1.2295,0.0,11.200571,1.0,60.21845,941.34564,20.88,Mainly clear
2008-03-15 21:00:00+00:00,MUĞLA,48,14.9795,3.3795,0.0,12.324414,1.0,68.72287,941.2336,20.49,Mainly clear
2008-03-16 21:00:00+00:00,MUĞLA,48,14.1295,4.6295,0.0,16.595179,3.0,75.283264,938.2173,19.97,Overcast
2008-03-17 21:00:00+00:00,MUĞLA,48,14.0795,7.2295003,1.0,18.532133,53.0,74.84632,934.77155,15.96,Drizzle: Moderate
2008-03-18 21:00:00+00:00,MUĞLA,48,15.2295,8.4295,0.70000005,13.70839,51.0,84.167534,936.59283,16.52,Drizzle: Light
2008-03-19 21:00:00+00:00,MUĞLA,48,16.6795,9.0795,2.0,16.676977,53.0,79.48991,936.2432,14.28,Drizzle: Moderate
2008-03-20 21:00:00+00:00,MUĞLA,48,17.9795,9.679501,8.900001,15.542662,61.0,83.3605,930.75,10.52,Rain: Slight
2008-03-21 21:00:00+00:00,MUĞLA,48,17.2295,10.179501,0.1,14.986553,51.0,71.362305,929.9965,21.33,Drizzle: Light
2008-03-22 21:00:00+00:00,MUĞLA,48,22.6795,9.679501,0.0,24.40046,3.0,49.20195,930.88776,18.37,Overcast
2008-03-23 21:00:00+00:00,MUĞLA,48,19.779501,11.6295,0.0,14.759999,3.0,62.485424,931.18475,19.85,Overcast
2008-03-24 21:00:00+00:00,MUĞLA,48,11.0295,6.7795,12.299999,26.649727,61.0,88.27659,927.62054,12.57,Rain: Slight
2008-03-25 21:00:00+00:00,MUĞLA,48,12.179501,4.7795,6.7000003,10.587918,61.0,90.36389,932.48584,13.58,Rain: Slight
2008-03-26 21:00:00+00:00,MUĞLA,48,13.679501,4.1295,2.6999998,13.527572,53.0,82.40125,932.55206,17.49,Drizzle: Moderate
2008-03-27 21:00:00+00:00,MUĞLA,48,11.5795,3.6795,2.4999998,15.1884165,55.0,81.0669,930.128,10.22,Drizzle: Dense
2008-03-28 21:00:00+00:00,MUĞLA,48,15.3295,6.6795,15.3,6.5693827,63.0,79.92587,930.19336,16.45,Rain: Moderate
2008-03-29 21:00:00+00:00,MUĞLA,48,15.5795,5.2795,5.7000003,9.565437,63.0,81.39686,931.5794,19.41,Rain: Moderate
2008-03-30 21:00:00+00:00,MUĞLA,48,13.4795,4.2795,3.6,13.698934,53.0,71.03562,932.686,20.99,Drizzle: Moderate
2008-03-31 21:00:00+00:00,MUĞLA,48,14.3295,2.8295002,0.0,11.659777,2.0,60.55902,935.7414,23.48,Partly cloudy
2008-04-01 21:00:00+00:00,MUĞLA,48,14.0295,2.2795,1.8000001,9.726664,51.0,72.927734,938.84174,15.55,Drizzle: Light
2008-04-02 21:00:00+00:00,MUĞLA,48,9.1795,4.8795,20.8,9.178235,61.0,90.12797,934.229,7.6,Rain: Slight
2008-04-03 21:00:00+00:00,MUĞLA,48,13.1295,5.0295,1.9000001,12.738099,51.0,84.69054,935.00714,17.07,Drizzle: Light
2008-04-04 21:00:00+00:00,MUĞLA,48,14.2795,5.8295,3.0,17.873556,61.0,83.91419,934.4814,15.78,Rain: Slight
2008-04-05 21:00:00+00:00,MUĞLA,48,14.6295,6.2795,29.2,20.188908,63.0,87.02439,928.5977,8.49,Rain: Moderate
2008-04-06 21:00:00+00:00,MUĞLA,48,13.0795,5.3795,2.1,13.896187,51.0,85.43454,934.71924,16.97,Drizzle: Light
2008-04-07 21:00:00+00:00,MUĞLA,48,19.279501,3.1795,0.0,7.9526596,2.0,71.29059,938.4809,24.87,Partly cloudy
2008-04-08 21:00:00+00:00,MUĞLA,48,15.8295,7.2295003,1.7000002,14.81259,53.0,73.84139,935.2668,13.26,Drizzle: Moderate
2008-04-09 21:00:00+00:00,MUĞLA,48,18.029501,6.5295,1.5000001,9.565437,51.0,78.07168,935.14264,18.67,Drizzle: Light
2008-04-10 21:00:00+00:00,MUĞLA,48,20.4295,7.1795,0.0,7.491114,3.0,79.04809,940.373,23.25,Overcast
2008-04-11 21:00:00+00:00,MUĞLA,48,26.029501,11.1295,0.0,6.439876,3.0,63.14795,942.3181,23.96,Overcast
2008-04-12 21:00:00+00:00,MUĞLA,48,27.4295,11.7795,0.0,8.049845,3.0,54.23464,943.42816,23.44,Overcast
2008-04-13 21:00:00+00:00,MUĞLA,48,26.529501,15.9795,0.0,12.979984,3.0,45.6891,940.57544,24.31,Overcast
2008-04-14 21:00:00+00:00,MUĞLA,48,22.2295,12.5795,0.0,12.758432,3.0,65.66122,935.17865,24.41,Overcast
2008-04-15 21:00:00+00:00,MUĞLA,48,14.7295,8.5795,0.1,17.654688,51.0,74.0826,937.168,23.01,Drizzle: Light
2008-04-16 21:00:00+00:00,MUĞLA,48,18.7295,5.2795,0.0,7.42159,3.0,66.26447,941.9632,25.9,Overcast
2008-04-17 21:00:00+00:00,MUĞLA,48,16.7295,8.0795,0.4,14.345898,51.0,70.08929,939.21234,17.42,Drizzle: Light
2008-04-18 21:00:00+00:00,MUĞLA,48,22.7295,5.8295,0.0,9.178235,2.0,67.89364,938.22894,25.77,Partly cloudy
2008-04-19 21:00:00+00:00,MUĞLA,48,25.0795,9.7795,0.0,13.493999,0.0,58.37428,939.19745,25.91,Clear sky
2008-04-20 21:00:00+00:00,MUĞLA,48,24.0795,12.429501,0.0,14.578888,2.0,57.17101,938.2415,25.6,Partly cloudy
2008-04-21 21:00:00+00:00,MUĞLA,48,26.6295,14.3795,0.0,17.462782,3.0,50.64943,938.38354,24.99,Overcast
2008-04-22 21:00:00+00:00,MUĞLA,48,22.8295,13.5795,0.0,12.979984,3.0,55.950974,938.3542,19.44,Overcast
2008-04-23 21:00:00+00:00,MUĞLA,48,22.8295,10.179501,0.0,15.496736,2.0,50.86224,936.10693,26.77,Partly cloudy
2008-04-24 21:00:00+00:00,MUĞLA,48,23.529501,10.0795,0.0,9.449572,2.0,51.71329,934.4751,26.18,Partly cloudy
2008-04-25 21:00:00+00:00,MUĞLA,48,18.6295,9.5795,0.0,11.928989,2.0,67.206,933.9953,25.22,Partly cloudy
2008-04-26 21:00:00+00:00,MUĞLA,48,13.2295,7.7295003,12.3,12.144331,63.0,89.45124,935.4429,15.9,Rain: Moderate
2008-04-27 21:00:00+00:00,MUĞLA,48,12.679501,7.1795,10.199999,7.6367526,61.0,90.763145,934.7995,14.84,Rain: Slight
2008-04-28 21:00:00+00:00,MUĞLA,48,15.8795,4.8295,2.8000002,12.6462,61.0,74.29763,934.9182,25.37,Rain: Slight
2008-04-29 21:00:00+00:00,MUĞLA,48,14.9795,8.0795,4.2,9.793059,61.0,79.4627,937.84406,19.74,Rain: Slight
2008-04-30 21:00:00+00:00,MUĞLA,48,19.279501,5.4795003,0.0,10.086427,3.0,72.41815,940.8719,27.17,Overcast
2008-05-01 21:00:00+00:00,MUĞLA,48,22.7295,7.5795,0.0,11.753877,0.0,64.43725,939.55695,27.6,Clear sky
2008-05-02 21:00:00+00:00,MUĞLA,48,22.4795,8.9295,0.0,13.684735,1.0,58.775494,936.29486,27.24,Mainly clear
2008-05-03 21:00:00+00:00,MUĞLA,48,20.779501,9.4295,0.0,14.05845,1.0,55.256824,934.8106,27.49,Mainly clear
2008-05-04 21:00:00+00:00,MUĞLA,48,19.6295,8.6795,0.5,13.276144,51.0,57.1416,935.66315,26.69,Drizzle: Light
2008-05-05 21:00:00+00:00,MUĞLA,48,21.1295,9.0295,0.0,11.384198,3.0,54.281124,936.6324,27.91,Overcast
2008-05-06 21:00:00+00:00,MUĞLA,48,18.529501,9.7795,1.0,10.853866,51.0,61.837162,933.86255,19.26,Drizzle: Light
2008-05-07 21:00:00+00:00,MUĞLA,48,14.6295,7.3795004,11.499999,7.8625183,63.0,76.922676,931.8315,16.42,Rain: Moderate
2008-05-08 21:00:00+00:00,MUĞLA,48,19.1295,6.8295,0.0,15.077082,1.0,53.594574,934.8154,28.2,Mainly clear
2008-05-09 21:00:00+00:00,MUĞLA,48,19.6795,7.6295004,0.3,12.387348,51.0,57.301025,937.7054,27.68,Drizzle: Light
2008-05-10 21:00:00+00:00,MUĞLA,48,19.529501,7.7295003,0.0,12.096214,3.0,60.477856,937.73553,26.3,Overcast
2008-05-11 21:00:00+00:00,MUĞLA,48,21.779501,7.9295,0.0,12.371645,3.0,61.782726,937.416,27.58,Overcast
2008-05-12 21:00:00+00:00,MUĞLA,48,23.3795,8.6295,0.0,7.491114,3.0,49.66658,937.21045,28.54,Overcast
2008-05-13 21:00:00+00:00,MUĞLA,48,20.3295,12.3795,0.1,17.643673,51.0,60.846302,935.89825,24.99,Drizzle: Light
2008-05-14 21:00:00+00:00,MUĞLA,48,19.9795,10.679501,4.8,12.738099,61.0,70.65406,934.5193,22.04,Rain: Slight
2008-05-15 21:00:00+00:00,MUĞLA,48,22.779501,10.5795,0.1,7.968939,51.0,63.010235,937.05493,26.96,Drizzle: Light
2008-05-16 21:00:00+00:00,MUĞLA,48,24.2295,10.3295,0.0,9.693296,2.0,61.421726,939.0088,28.53,Partly cloudy
2008-05-17 21:00:00+00:00,MUĞLA,48,25.3295,11.0295,0.0,11.384198,3.0,60.20457,938.7425,27.57,Overcast
2008-05-18 21:00:00+00:00,MUĞLA,48,25.6295,11.8295,0.0,12.620554,3.0,52.323883,938.25336,28.61,Overcast
2008-05-19 21:00:00+00:00,MUĞLA,48,27.1295,15.429501,0.0,12.144331,3.0,38.922363,939.91473,27.17,Overcast
2008-05-20 21:00:00+00:00,MUĞLA,48,27.5795,15.2795,0.0,12.9249525,3.0,46.02283,939.4546,25.74,Overcast
2008-05-21 21:00:00+00:00,MUĞLA,48,24.1795,15.2295,0.0,12.599998,2.0,50.697784,937.5787,28.76,Partly cloudy
2008-05-22 21:00:00+00:00,MUĞLA,48,26.0795,11.179501,0.0,10.823973,3.0,56.759613,936.59784,29.26,Overcast
2008-05-23 21:00:00+00:00,MUĞLA,48,24.2295,12.429501,0.0,11.681987,3.0,66.912,937.0232,26.79,Overcast
2008-05-24 21:00:00+00:00,MUĞLA,48,25.7295,12.8795,0.6,16.135872,53.0,57.715714,937.26984,27.96,Drizzle: Moderate
2008-05-25 21:00:00+00:00,MUĞLA,48,27.1795,13.6295,0.0,14.973576,2.0,44.72523,938.175,28.94,Partly cloudy
2008-05-26 21:00:00+00:00,MUĞLA,48,28.1795,15.2295,0.0,15.978484,3.0,40.612553,939.80853,29.31,Overcast
2008-05-27 21:00:00+00:00,MUĞLA,48,30.9295,13.8295,0.0,7.072878,0.0,34.51846,939.52905,29.76,Clear sky
2008-05-28 21:00:00+00:00,MUĞLA,48,32.0795,15.2795,0.0,15.815435,3.0,40.894207,938.0761,27.6,Overcast
2008-05-29 21:00:00+00:00,MUĞLA,48,31.3795,17.5295,0.0,13.202726,0.0,34.090984,938.03986,29.95,Clear sky
2008-05-30 21:00:00+00:00,MUĞLA,48,32.2295,15.3295,0.0,12.57426,2.0,33.77897,938.62714,28.63,Partly cloudy
2008-05-31 21:00:00+00:00,MUĞLA,48,28.7295,16.7295,0.1,12.074766,51.0,47.262745,935.7065,26.19,Drizzle: Light
2008-06-01 21:00:00+00:00,MUĞLA,48,29.4295,16.2295,0.0,7.24486,3.0,44.233932,934.1421,28.09,Overcast
2008-06-02 21:00:00+00:00,MUĞLA,48,29.0795,16.4795,0.0,10.829958,1.0,41.458942,935.3923,29.66,Mainly clear
2008-06-03 21:00:00+00:00,MUĞLA,48,29.4795,16.5295,0.0,16.09969,0.0,44.757523,937.90985,29.32,Clear sky
2008-06-04 21:00:00+00:00,MUĞLA,48,23.3295,15.2795,0.0,16.808569,2.0,70.45426,936.7437,25.08,Partly cloudy
2008-06-05 21:00:00+00:00,MUĞLA,48,24.279501,13.929501,0.5,12.096214,51.0,67.26763,936.143,21.68,Drizzle: Light
2008-06-06 21:00:00+00:00,MUĞLA,48,26.1295,13.0295,0.0,13.363711,1.0,63.33698,935.89056,29.41,Mainly clear
2008-06-07 21:00:00+00:00,MUĞLA,48,26.3295,13.3795,0.0,14.277983,1.0,57.640438,936.6262,28.14,Mainly clear
2008-06-08 21:00:00+00:00,MUĞLA,48,26.9295,13.7295,0.5,16.45007,51.0,48.889496,936.70966,28.68,Drizzle: Light
2008-06-09 21:00:00+00:00,MUĞLA,48,26.8295,14.7295,0.0,17.727943,1.0,46.895733,936.7491,28.26,Mainly clear
2008-06-10 21:00:00+00:00,MUĞLA,48,28.279501,15.8295,0.0,17.58481,0.0,33.60566,935.8935,30.42,Clear sky
2008-06-11 21:00:00+00:00,MUĞLA,48,29.029501,15.0295,0.0,13.493999,0.0,33.697407,935.3448,30.58,Clear sky
2008-06-12 21:00:00+00:00,MUĞLA,48,28.529501,14.1295,0.0,13.896187,0.0,43.263947,937.4317,29.97,Clear sky
2008-06-13 21:00:00+00:00,MUĞLA,48,27.9795,17.0295,0.0,13.276144,1.0,43.339886,936.41675,29.76,Mainly clear
2008-06-14 21:00:00+00:00,MUĞLA,48,27.7295,14.6295,0.0,14.869351,2.0,54.170544,934.31104,28.72,Partly cloudy
2008-06-15 21:00:00+00:00,MUĞLA,48,30.6795,15.2295,0.0,12.55879,0.0,43.122585,936.62836,30.02,Clear sky
2008-06-16 21:00:00+00:00,MUĞLA,48,32.4795,18.029501,0.0,16.520823,0.0,32.300144,939.77124,30.35,Clear sky
2008-06-17 21:00:00+00:00,MUĞLA,48,34.0295,19.4795,0.0,18.388212,0.0,24.935713,940.27325,30.28,Clear sky
2008-06-18 21:00:00+00:00,MUĞLA,48,37.0795,21.5795,0.0,13.479583,2.0,22.08867,937.9487,29.48,Partly cloudy
2008-06-19 21:00:00+00:00,MUĞLA,48,35.879498,21.0795,0.0,16.992609,1.0,23.633158,935.8659,30.04,Mainly clear
2008-06-20 21:00:00+00:00,MUĞLA,48,34.179497,20.4795,0.0,16.516901,0.0,30.397873,935.139,29.99,Clear sky
2008-06-21 21:00:00+00:00,MUĞLA,48,34.4795,21.0795,0.0,13.202726,1.0,30.859636,937.53937,29.72,Mainly clear
2008-06-22 21:00:00+00:00,MUĞLA,48,34.379498,20.3295,0.0,16.299694,0.0,28.526983,938.4788,30.07,Clear sky
2008-06-23 21:00:00+00:00,MUĞLA,48,35.5295,20.8295,0.0,12.031756,0.0,27.035955,937.38885,30.41,Clear sky
2008-06-24 21:00:00+00:00,MUĞLA,48,36.0795,20.279501,0.0,11.609651,0.0,28.14647,936.425,30.4,Clear sky
2008-06-25 21:00:00+00:00,MUĞLA,48,36.0295,19.6295,0.0,13.479583,2.0,30.6875,937.40546,29.19,Partly cloudy
2008-06-26 21:00:00+00:00,MUĞLA,48,36.2795,20.779501,0.0,13.551501,2.0,29.324371,936.61505,28.27,Partly cloudy
2008-06-27 21:00:00+00:00,MUĞLA,48,35.7795,20.6295,0.7,10.086427,53.0,36.116642,936.2898,27.8,Drizzle: Moderate
2008-06-28 21:00:00+00:00,MUĞLA,48,36.2795,22.3295,0.0,12.979984,1.0,30.079634,936.8919,30.26,Mainly clear
2008-06-29 21:00:00+00:00,MUĞLA,48,35.8295,22.6295,0.0,10.041354,1.0,32.622124,936.6194,29.8,Mainly clear
2008-06-30 21:00:00+00:00,MUĞLA,48,35.5295,21.2295,0.1,13.0447235,51.0,34.688366,934.8875,29.97,Drizzle: Light
2008-07-01 21:00:00+00:00,MUĞLA,48,34.7295,20.279501,1.5,11.298495,61.0,41.51385,933.22,29.06,Rain: Slight
2008-07-02 21:00:00+00:00,MUĞLA,48,35.0295,20.6295,0.0,9.0,0.0,33.415733,933.3964,29.92,Clear sky
2008-07-03 21:00:00+00:00,MUĞLA,48,33.8295,20.3795,0.4,14.264361,51.0,31.844145,934.3508,29.83,Drizzle: Light
2008-07-04 21:00:00+00:00,MUĞLA,48,33.1795,19.529501,0.0,14.654254,0.0,30.912123,933.9572,29.65,Clear sky
2008-07-05 21:00:00+00:00,MUĞLA,48,34.3295,20.7295,0.0,14.88242,0.0,30.452187,935.5998,29.32,Clear sky
2008-07-06 21:00:00+00:00,MUĞLA,48,35.3295,21.529501,0.0,11.681987,0.0,27.973587,937.0342,30.14,Clear sky
2008-07-07 21:00:00+00:00,MUĞLA,48,36.2795,20.6795,0.0,14.917212,0.0,18.397558,935.8443,30.5,Clear sky
2008-07-08 21:00:00+00:00,MUĞLA,48,37.0295,21.3295,0.0,12.88981,0.0,20.569418,933.52057,29.97,Clear sky
2008-07-09 21:00:00+00:00,MUĞLA,48,35.7295,22.6295,1.1,9.885262,53.0,33.468174,933.9758,27.87,Drizzle: Moderate
2008-07-10 21:00:00+00:00,MUĞLA,48,34.5795,21.1295,1.8000001,11.159999,53.0,40.715717,934.5945,26.98,Drizzle: Moderate
2008-07-11 21:00:00+00:00,MUĞLA,48,34.2295,20.5795,1.4,14.186923,61.0,41.572136,933.7639,26.11,Rain: Slight
2008-07-12 21:00:00+00:00,MUĞLA,48,34.7295,20.4295,0.0,9.227524,1.0,36.75102,934.4725,29.56,Mainly clear
2008-07-13 21:00:00+00:00,MUĞLA,48,36.429497,20.1295,0.0,9.585739,0.0,28.794905,938.0816,30.03,Clear sky
2008-07-14 21:00:00+00:00,MUĞLA,48,38.5295,20.8795,0.0,14.332341,0.0,21.972902,938.4934,29.84,Clear sky
2008-07-15 21:00:00+00:00,MUĞLA,48,34.629498,22.3295,0.0,16.965895,0.0,31.999168,933.1436,29.43,Clear sky
2008-07-16 21:00:00+00:00,MUĞLA,48,32.629498,19.8295,0.0,18.043148,0.0,39.76553,932.5879,29.44,Clear sky
2008-07-17 21:00:00+00:00,MUĞLA,48,34.879498,20.529501,0.0,9.957108,0.0,31.483515,934.89374,29.58,Clear sky
2008-07-18 21:00:00+00:00,MUĞLA,48,35.679497,19.4795,0.0,12.783802,0.0,36.597393,935.3256,29.39,Clear sky
2008-07-19 21:00:00+00:00,MUĞLA,48,38.0795,21.9295,0.0,9.585739,0.0,30.687365,935.0876,29.08,Clear sky
2008-07-20 21:00:00+00:00,MUĞLA,48,38.5795,22.6295,0.0,12.599999,0.0,27.8386,934.8122,29.09,Clear sky
2008-07-21 21:00:00+00:00,MUĞLA,48,37.7295,22.6295,0.0,14.33234,0.0,28.677156,934.1897,29.03,Clear sky
2008-07-22 21:00:00+00:00,MUĞLA,48,36.2795,21.0795,0.0,14.982228,0.0,32.902657,933.2559,28.9,Clear sky
2008-07-23 21:00:00+00:00,MUĞLA,48,31.7295,20.5795,0.0,14.8257065,0.0,45.84264,932.39325,28.8,Clear sky
2008-07-24 21:00:00+00:00,MUĞLA,48,31.1295,18.6295,0.0,16.485485,0.0,42.96317,932.4709,28.65,Clear sky
2008-07-25 21:00:00+00:00,MUĞLA,48,30.8795,18.279501,0.0,17.193533,1.0,40.920177,932.9072,28.81,Mainly clear
2008-07-26 21:00:00+00:00,MUĞLA,48,32.2295,18.3795,0.0,14.291592,0.0,40.06403,933.84546,28.36,Clear sky
2008-07-27 21:00:00+00:00,MUĞLA,48,33.7295,19.8295,0.0,14.512064,2.0,35.260727,933.76294,27.58,Partly cloudy
2008-07-28 21:00:00+00:00,MUĞLA,48,34.929497,21.279501,0.0,9.659814,2.0,32.34741,933.8008,27.3,Partly cloudy
2008-07-29 21:00:00+00:00,MUĞLA,48,35.3295,22.4795,1.0,8.534353,55.0,37.673725,934.9117,24.41,Drizzle: Dense
2008-07-30 21:00:00+00:00,MUĞLA,48,36.0795,22.9795,0.0,10.514218,3.0,31.268373,935.81055,27.27,Overcast
2008-07-31 21:00:00+00:00,MUĞLA,48,35.5795,21.8795,0.0,10.661107,0.0,23.018892,936.175,28.65,Clear sky
2008-08-01 21:00:00+00:00,MUĞLA,48,35.5295,21.779501,0.0,11.592895,0.0,22.320486,935.68854,28.58,Clear sky
2008-08-02 21:00:00+00:00,MUĞLA,48,35.4795,21.8295,0.0,9.504272,0.0,26.341309,934.07587,28.24,Clear sky
2008-08-03 21:00:00+00:00,MUĞLA,48,35.679497,21.9795,0.0,11.440978,0.0,30.997452,933.1968,27.86,Clear sky
2008-08-04 21:00:00+00:00,MUĞLA,48,36.679497,22.279501,0.0,9.779817,0.0,28.468588,933.1103,27.97,Clear sky
2008-08-05 21:00:00+00:00,MUĞLA,48,36.879498,22.4295,0.0,9.585739,0.0,24.722075,932.82086,28.04,Clear sky
2008-08-06 21:00:00+00:00,MUĞLA,48,37.0795,22.7295,0.0,8.669949,0.0,18.995283,932.157,27.85,Clear sky
2008-08-07 21:00:00+00:00,MUĞLA,48,36.629498,23.029501,0.0,12.429127,1.0,25.922281,931.4787,27.26,Mainly clear
2008-08-08 21:00:00+00:00,MUĞLA,48,36.3295,22.1795,0.0,12.245293,2.0,30.160118,931.94507,27.31,Partly cloudy
2008-08-09 21:00:00+00:00,MUĞLA,48,36.7295,22.279501,0.0,12.72283,0.0,26.052366,931.8088,27.68,Clear sky
2008-08-10 21:00:00+00:00,MUĞLA,48,31.4295,21.529501,0.0,14.24163,1.0,41.30828,930.97217,24.07,Mainly clear
2008-08-11 21:00:00+00:00,MUĞLA,48,33.679497,20.779501,0.0,6.28713,0.0,38.529865,932.7851,26.52,Clear sky
2008-08-12 21:00:00+00:00,MUĞLA,48,35.879498,21.9795,0.0,8.707237,0.0,33.06683,934.2241,26.72,Clear sky
2008-08-13 21:00:00+00:00,MUĞLA,48,37.179497,22.9295,0.0,10.1887,2.0,29.499487,933.6497,25.84,Partly cloudy
2008-08-14 21:00:00+00:00,MUĞLA,48,36.179497,23.1295,0.0,7.928177,0.0,27.646967,931.4808,26.7,Clear sky
2008-08-15 21:00:00+00:00,MUĞLA,48,35.129498,21.9295,0.0,14.565548,0.0,35.01247,930.45685,26.61,Clear sky
2008-08-16 21:00:00+00:00,MUĞLA,48,34.929497,20.8795,0.0,13.044722,0.0,46.36446,934.3803,26.24,Clear sky
2008-08-17 21:00:00+00:00,MUĞLA,48,36.5795,20.9295,0.0,13.044722,0.0,43.669888,936.676,25.79,Clear sky
2008-08-18 21:00:00+00:00,MUĞLA,48,38.879498,22.3295,0.0,11.440978,2.0,36.473076,935.23224,24.67,Partly cloudy
2008-08-19 21:00:00+00:00,MUĞLA,48,37.9795,24.1795,0.0,8.699793,2.0,36.430515,935.00214,24.08,Partly cloudy
2008-08-20 21:00:00+00:00,MUĞLA,48,37.7795,23.8295,0.0,14.332341,2.0,34.636215,935.8117,23.26,Partly cloudy
2008-08-21 21:00:00+00:00,MUĞLA,48,37.5295,22.2295,0.0,11.681987,2.0,28.958494,934.9222,22.17,Partly cloudy
2008-08-22 21:00:00+00:00,MUĞLA,48,37.2295,22.5795,0.5,11.27553,53.0,34.13888,933.1622,23.14,Drizzle: Moderate
2008-08-23 21:00:00+00:00,MUĞLA,48,35.629498,21.5795,0.0,9.346143,2.0,40.566113,933.32684,24.5,Partly cloudy
2008-08-24 21:00:00+00:00,MUĞLA,48,35.5295,21.1295,0.0,12.031756,0.0,43.199306,936.66064,25.06,Clear sky
2008-08-25 21:00:00+00:00,MUĞLA,48,36.679497,21.6795,0.0,9.339208,2.0,44.828674,938.46686,22.84,Partly cloudy
2008-08-26 21:00:00+00:00,MUĞLA,48,36.379498,23.4795,1.5,8.404285,53.0,42.978672,938.42285,21.52,Drizzle: Moderate
2008-08-27 21:00:00+00:00,MUĞLA,48,36.929497,23.1295,1.8,11.27553,55.0,45.448444,936.48486,20.06,Drizzle: Dense
2008-08-28 21:00:00+00:00,MUĞLA,48,33.2795,22.2295,0.0,12.387348,1.0,53.6826,936.35956,22.79,Mainly clear
2008-08-29 21:00:00+00:00,MUĞLA,48,31.279501,19.8295,0.0,10.028439,1.0,60.6828,935.9345,23.01,Mainly clear
2008-08-30 21:00:00+00:00,MUĞLA,48,31.2295,20.1795,0.0,11.384199,2.0,61.03403,936.0817,22.16,Partly cloudy
2008-08-31 21:00:00+00:00,MUĞLA,48,29.9295,19.4295,0.0,10.636766,1.0,62.706562,937.1464,21.32,Mainly clear
2008-09-01 21:00:00+00:00,MUĞLA,48,29.9795,19.3795,2.1000001,8.049845,61.0,58.232193,937.26544,20.27,Rain: Slight
2008-09-02 21:00:00+00:00,MUĞLA,48,30.6795,19.3795,0.0,8.825508,2.0,56.960903,937.6946,21.2,Partly cloudy
2008-09-03 21:00:00+00:00,MUĞLA,48,32.7295,20.4795,0.1,7.5942073,51.0,53.375034,938.0671,21.02,Drizzle: Light
2008-09-04 21:00:00+00:00,MUĞLA,48,34.5795,20.7295,0.0,7.968939,2.0,40.05847,938.2476,23.37,Partly cloudy
2008-09-05 21:00:00+00:00,MUĞLA,48,35.5295,21.1795,0.0,11.119281,0.0,37.215984,937.26996,23.34,Clear sky
2008-09-06 21:00:00+00:00,MUĞLA,48,35.2295,20.6295,0.0,11.119281,0.0,41.893417,935.33234,23.14,Clear sky
2008-09-07 21:00:00+00:00,MUĞLA,48,33.9795,20.1795,0.0,11.988594,1.0,48.092167,935.4598,22.43,Mainly clear
2008-09-08 21:00:00+00:00,MUĞLA,48,33.379498,20.4295,0.0,9.220499,3.0,49.856125,935.28876,21.47,Overcast
2008-09-09 21:00:00+00:00,MUĞLA,48,33.2795,20.5795,0.0,7.771331,1.0,37.616066,935.83527,22.53,Mainly clear
2008-09-10 21:00:00+00:00,MUĞLA,48,31.8795,19.6795,0.0,10.703569,2.0,39.175274,935.9778,22.27,Partly cloudy
2008-09-11 21:00:00+00:00,MUĞLA,48,31.1795,18.3295,0.0,11.753876,2.0,57.4664,935.353,22.05,Partly cloudy
2008-09-12 21:00:00+00:00,MUĞLA,48,31.4795,17.5295,0.0,10.1887,3.0,54.849136,936.8047,21.92,Overcast
2008-09-13 21:00:00+00:00,MUĞLA,48,33.679497,18.5795,1.7,10.538843,61.0,50.59294,939.02,20.47,Rain: Slight
2008-09-14 21:00:00+00:00,MUĞLA,48,31.029501,19.3795,5.0,12.849528,61.0,58.230335,938.52295,19.66,Rain: Slight
2008-09-15 21:00:00+00:00,MUĞLA,48,29.1295,19.1795,0.3,12.313894,51.0,61.488384,936.6096,19.98,Drizzle: Light
2008-09-16 21:00:00+00:00,MUĞLA,48,25.1795,19.029501,1.1,17.373497,55.0,73.9775,935.10187,18.63,Drizzle: Dense
2008-09-17 21:00:00+00:00,MUĞLA,48,26.029501,15.8795,0.1,15.03835,51.0,60.26427,935.7808,20.62,Drizzle: Light
2008-09-18 21:00:00+00:00,MUĞLA,48,26.5795,14.429501,0.0,11.609651,3.0,47.41509,935.356,21.25,Overcast
2008-09-19 21:00:00+00:00,MUĞLA,48,22.2295,14.6295,0.6,13.854155,51.0,54.14789,933.6131,14.95,Drizzle: Light
2008-09-20 21:00:00+00:00,MUĞLA,48,20.029501,14.679501,19.000002,15.137133,61.0,88.38608,932.3081,11.65,Rain: Slight
2008-09-21 21:00:00+00:00,MUĞLA,48,19.2295,12.8795,1.5,11.019764,53.0,72.847496,935.2859,15.43,Drizzle: Moderate
2008-09-22 21:00:00+00:00,MUĞLA,48,20.4295,12.929501,0.2,10.829958,51.0,68.88792,935.66815,17.94,Drizzle: Light
2008-09-23 21:00:00+00:00,MUĞLA,48,23.1295,11.8295,0.0,8.049845,2.0,65.278656,938.3467,20.12,Partly cloudy
2008-09-24 21:00:00+00:00,MUĞLA,48,23.4295,13.4795,3.5,10.587917,61.0,65.35082,936.6765,15.45,Rain: Slight
2008-09-25 21:00:00+00:00,MUĞLA,48,21.6795,15.179501,10.199999,10.8955765,63.0,85.52575,936.1015,14.06,Rain: Moderate
2008-09-26 21:00:00+00:00,MUĞLA,48,21.3795,13.7795,0.0,13.779114,3.0,71.02484,937.8641,17.44,Overcast
2008-09-27 21:00:00+00:00,MUĞLA,48,23.2295,12.5795,0.4,8.913181,51.0,60.237774,938.6788,19.35,Drizzle: Light
2008-09-28 21:00:00+00:00,MUĞLA,48,19.8295,12.8795,0.0,14.154915,3.0,73.07931,937.4223,16.86,Overcast
2008-09-29 21:00:00+00:00,MUĞLA,48,19.8295,10.6295,0.0,13.450708,2.0,63.21735,940.1652,18.97,Partly cloudy
2008-09-30 21:00:00+00:00,MUĞLA,48,21.6795,9.3795,0.0,11.298495,3.0,56.20976,942.2056,19.24,Overcast
2008-10-01 21:00:00+00:00,MUĞLA,48,23.9795,11.1295,0.0,9.793059,2.0,63.109158,942.81744,18.21,Partly cloudy
2008-10-02 21:00:00+00:00,MUĞLA,48,24.029501,15.679501,0.3,13.441071,51.0,68.29126,941.8379,14.93,Drizzle: Light
2008-10-03 21:00:00+00:00,MUĞLA,48,22.3795,14.3795,5.7999997,12.72283,61.0,83.231544,940.68335,15.3,Rain: Slight
2008-10-04 21:00:00+00:00,MUĞLA,48,18.1295,14.4795,23.4,12.641076,63.0,95.00565,940.0168,7.24,Rain: Moderate
2008-10-05 21:00:00+00:00,MUĞLA,48,19.3295,12.7295,0.0,12.10157,2.0,79.54692,941.41595,16.1,Partly cloudy
2008-10-06 21:00:00+00:00,MUĞLA,48,21.1295,9.7295,0.0,7.289444,2.0,63.852085,940.4393,18.34,Partly cloudy
2008-10-07 21:00:00+00:00,MUĞLA,48,21.4295,9.3795,0.0,7.5942082,2.0,59.01288,940.23895,18.06,Partly cloudy
2008-10-08 21:00:00+00:00,MUĞLA,48,22.3795,10.429501,0.0,6.763786,3.0,62.383316,941.7183,14.2,Overcast
2008-10-09 21:00:00+00:00,MUĞLA,48,23.4295,12.0795,0.0,9.007196,3.0,53.732513,943.647,17.04,Overcast
2008-10-10 21:00:00+00:00,MUĞLA,48,20.6795,11.8295,0.0,17.555307,1.0,47.700817,943.1954,17.11,Mainly clear
2008-10-11 21:00:00+00:00,MUĞLA,48,21.6795,11.2795,0.0,16.548256,2.0,53.441345,940.60547,16.59,Partly cloudy
2008-10-12 21:00:00+00:00,MUĞLA,48,23.7295,10.7295,0.0,7.9036193,2.0,51.798172,940.8093,16.38,Partly cloudy
2008-10-13 21:00:00+00:00,MUĞLA,48,24.1295,11.3795,0.4,11.885453,51.0,58.535786,941.595,15.39,Drizzle: Light
2008-10-14 21:00:00+00:00,MUĞLA,48,19.4295,13.3795,5.8999996,11.983188,53.0,80.878975,940.57513,9.85,Drizzle: Moderate
2008-10-15 21:00:00+00:00,MUĞLA,48,21.8295,10.9795,0.0,8.161764,0.0,72.14173,942.0403,16.16,Clear sky
2008-10-16 21:00:00+00:00,MUĞLA,48,21.4795,10.4795,0.0,8.404285,2.0,69.99584,940.8008,16.23,Partly cloudy
2008-10-17 21:00:00+00:00,MUĞLA,48,22.6295,10.429501,0.0,6.28713,3.0,71.73654,942.9134,15.79,Overcast
2008-10-18 21:00:00+00:00,MUĞLA,48,23.529501,11.429501,0.0,6.792466,3.0,62.251568,944.39435,15.19,Overcast
2008-10-19 21:00:00+00:00,MUĞLA,48,24.529501,11.429501,0.0,6.9527545,1.0,58.108997,941.6511,15.55,Mainly clear
2008-10-20 21:00:00+00:00,MUĞLA,48,23.9795,12.8295,0.0,9.19939,1.0,54.74988,937.4521,15.59,Mainly clear
2008-10-21 21:00:00+00:00,MUĞLA,48,23.279501,11.7295,0.3,8.225035,51.0,59.24474,937.282,14.67,Drizzle: Light
2008-10-22 21:00:00+00:00,MUĞLA,48,22.6295,10.2295,0.5,7.42159,51.0,63.633038,938.81805,15.08,Drizzle: Light
2008-10-23 21:00:00+00:00,MUĞLA,48,22.5795,10.0795,0.0,6.12,0.0,55.027466,939.6782,15.53,Clear sky
2008-10-24 21:00:00+00:00,MUĞLA,48,20.3795,10.5795,0.0,7.24486,3.0,53.031765,940.0804,14.94,Overcast
2008-10-25 21:00:00+00:00,MUĞLA,48,18.1795,9.7295,1.3,7.754637,61.0,60.553585,939.4798,12.34,Rain: Slight
2008-10-26 21:00:00+00:00,MUĞLA,48,17.3295,7.6295004,0.0,11.592895,2.0,69.976265,936.84393,12.68,Partly cloudy
2008-10-27 21:00:00+00:00,MUĞLA,48,18.8795,8.0795,0.0,11.542478,1.0,62.280975,938.0362,14.35,Mainly clear
2008-10-28 21:00:00+00:00,MUĞLA,48,20.779501,8.2795,0.0,7.6367526,3.0,60.981888,942.12256,14.22,Overcast
2008-10-29 21:00:00+00:00,MUĞLA,48,23.3295,9.4295,0.90000004,7.754637,51.0,61.65771,943.365,14.01,Drizzle: Light
2008-10-30 21:00:00+00:00,MUĞLA,48,24.8795,10.8295,0.5,12.738099,51.0,64.76876,945.5998,12.01,Drizzle: Light
2008-10-31 21:00:00+00:00,MUĞLA,48,25.1795,12.2295,0.0,11.304229,2.0,56.35446,946.091,14.04,Partly cloudy
2008-11-01 21:00:00+00:00,MUĞLA,48,25.3295,11.6295,0.0,7.9932966,2.0,57.711308,944.0948,13.77,Partly cloudy
2008-11-02 21:00:00+00:00,MUĞLA,48,22.029501,10.7795,0.0,5.692099,1.0,70.48785,941.8877,13.35,Mainly clear
2008-11-03 21:00:00+00:00,MUĞLA,48,23.3295,11.0795,0.0,5.3517847,0.0,71.851585,945.10394,13.22,Clear sky
2008-11-04 21:00:00+00:00,MUĞLA,48,22.5795,10.4795,0.0,6.830519,0.0,68.32653,945.5384,13.49,Clear sky
2008-11-05 21:00:00+00:00,MUĞLA,48,21.8295,8.8295,0.0,5.6233797,1.0,61.35846,941.9217,13.54,Mainly clear
2008-11-06 21:00:00+00:00,MUĞLA,48,21.029501,8.0295,0.0,7.10031,3.0,63.70046,941.6539,13.31,Overcast
2008-11-07 21:00:00+00:00,MUĞLA,48,19.779501,9.679501,0.0,6.9153743,3.0,73.510704,943.7212,11.12,Overcast
2008-11-08 21:00:00+00:00,MUĞLA,48,21.3295,8.9295,0.0,6.489992,1.0,62.018856,944.1929,12.83,Mainly clear
2008-11-09 21:00:00+00:00,MUĞLA,48,20.3295,8.6295,0.0,8.669949,2.0,59.18201,943.934,12.72,Partly cloudy
2008-11-10 21:00:00+00:00,MUĞLA,48,18.4295,9.929501,0.0,13.679999,3.0,64.41718,943.0512,11.12,Overcast
2008-11-11 21:00:00+00:00,MUĞLA,48,15.8295,9.8295,1.5,8.891343,53.0,78.73755,941.5307,7.11,Drizzle: Moderate
2008-11-12 21:00:00+00:00,MUĞLA,48,16.8795,6.3795004,0.0,6.618519,2.0,78.01621,941.0535,10.56,Partly cloudy
2008-11-13 21:00:00+00:00,MUĞLA,48,17.3795,6.1295004,0.0,5.8048253,3.0,68.88347,943.44366,10.84,Overcast
2008-11-14 21:00:00+00:00,MUĞLA,48,19.3795,5.5795,0.0,6.5693827,3.0,62.65237,944.52826,12.25,Overcast
2008-11-15 21:00:00+00:00,MUĞLA,48,19.0795,7.8295,0.0,11.885453,3.0,58.033524,943.91876,11.74,Overcast
2008-11-16 21:00:00+00:00,MUĞLA,48,17.6795,6.0795,0.1,8.311245,51.0,68.58135,940.0046,9.12,Drizzle: Light
2008-11-17 21:00:00+00:00,MUĞLA,48,13.7295,9.2295,22.0,9.686609,63.0,93.68949,937.0396,5.69,Rain: Moderate
2008-11-18 21:00:00+00:00,MUĞLA,48,14.179501,10.3295,26.2,11.966954,63.0,93.61194,937.19775,6.1,Rain: Moderate
2008-11-19 21:00:00+00:00,MUĞLA,48,14.7295,7.6295004,0.5,8.759178,51.0,86.593475,939.7619,8.61,Drizzle: Light
2008-11-20 21:00:00+00:00,MUĞLA,48,13.179501,7.9295,0.70000005,15.696165,51.0,86.39508,939.05133,7.33,Drizzle: Light
2008-11-21 21:00:00+00:00,MUĞLA,48,12.3295,8.8295,63.600006,22.218153,63.0,95.19122,929.3537,5.83,Rain: Moderate
2008-11-22 21:00:00+00:00,MUĞLA,48,13.7295,10.8295,39.800003,23.617756,63.0,94.044914,929.0893,6.0,Rain: Moderate
2008-11-23 21:00:00+00:00,MUĞLA,48,14.0295,10.5295,20.3,12.245294,63.0,94.55764,936.29095,7.71,Rain: Moderate
2008-11-24 21:00:00+00:00,MUĞLA,48,16.0795,7.9295,0.5,19.386591,51.0,84.26913,941.6114,10.17,Drizzle: Light
2008-11-25 21:00:00+00:00,MUĞLA,48,15.7295,11.2795,3.1000001,15.124284,53.0,83.90615,940.95264,6.73,Drizzle: Moderate
2008-11-26 21:00:00+00:00,MUĞLA,48,15.7795,8.3795,0.0,11.983188,3.0,86.483025,940.32697,8.13,Overcast
2008-11-27 21:00:00+00:00,MUĞLA,48,12.179501,6.0795,0.0,11.440979,3.0,73.846825,940.4392,10.29,Overcast
2008-11-28 21:00:00+00:00,MUĞLA,48,13.6295,4.7795,1.3,12.57426,51.0,73.06492,940.5018,6.36,Drizzle: Light
2008-11-29 21:00:00+00:00,MUĞLA,48,14.0795,7.5295,0.3,10.365251,51.0,82.76055,943.80426,5.98,Drizzle: Light
2008-11-30 21:00:00+00:00,MUĞLA,48,16.2295,7.4795003,0.0,7.10031,3.0,85.6898,944.78864,7.63,Overcast
2008-12-01 21:00:00+00:00,MUĞLA,48,16.7295,9.0795,0.5,9.3876505,51.0,81.60581,944.628,9.74,Drizzle: Light
2008-12-02 21:00:00+00:00,MUĞLA,48,17.6795,10.8795,0.0,10.028439,3.0,84.033745,942.1946,8.83,Overcast
2008-12-03 21:00:00+00:00,MUĞLA,48,18.3795,10.5295,0.0,14.707222,3.0,70.01502,940.8637,8.46,Overcast
2008-12-04 21:00:00+00:00,MUĞLA,48,17.4795,10.7295,0.0,14.05845,3.0,61.87361,945.25244,9.42,Overcast
2008-12-05 21:00:00+00:00,MUĞLA,48,18.4295,8.1295,0.0,10.483357,3.0,60.88313,944.0336,8.82,Overcast
2008-12-06 21:00:00+00:00,MUĞLA,48,15.1295,9.3795,1.6,19.211996,51.0,76.200035,935.9782,7.67,Drizzle: Light
2008-12-07 21:00:00+00:00,MUĞLA,48,12.0295,5.6295004,0.4,13.004922,51.0,80.97426,935.9559,7.95,Drizzle: Light
2008-12-08 21:00:00+00:00,MUĞLA,48,8.4295,1.8795002,0.0,11.090103,1.0,70.57278,939.6906,10.26,Mainly clear
2008-12-09 21:00:00+00:00,MUĞLA,48,10.8795,0.029500127,0.0,6.9247384,3.0,59.98334,946.0561,10.68,Overcast
2008-12-10 21:00:00+00:00,MUĞLA,48,11.9795,3.8795,0.0,9.659814,3.0,65.78199,947.209,10.17,Overcast
2008-12-11 21:00:00+00:00,MUĞLA,48,12.5795,5.6295004,10.6,17.873556,61.0,79.393036,939.16376,5.54,Rain: Slight
2008-12-12 21:00:00+00:00,MUĞLA,48,12.3295,7.9295,4.2,7.5942082,61.0,86.06839,939.4675,7.73,Rain: Slight
2008-12-13 21:00:00+00:00,MUĞLA,48,12.8295,5.2795,0.0,6.6087217,3.0,88.67092,941.54346,6.76,Overcast
2008-12-14 21:00:00+00:00,MUĞLA,48,13.929501,5.1295,0.0,6.519877,3.0,85.66723,943.25275,7.64,Overcast
2008-12-15 21:00:00+00:00,MUĞLA,48,15.6295,3.3295002,0.0,5.8048253,0.0,77.82633,944.5423,9.9,Clear sky
2008-12-16 21:00:00+00:00,MUĞLA,48,16.8795,3.9295,0.4,6.4096174,51.0,77.69697,944.51025,7.87,Drizzle: Light
2008-12-17 21:00:00+00:00,MUĞLA,48,14.7295,8.6295,0.4,16.167967,51.0,83.25047,942.8588,7.28,Drizzle: Light
2008-12-18 21:00:00+00:00,MUĞLA,48,11.8795,8.8295,8.1,8.089993,61.0,97.14112,941.4424,2.47,Rain: Slight
2008-12-19 21:00:00+00:00,MUĞLA,48,10.9795,6.2795,6.1999993,9.885262,61.0,94.949745,936.8423,5.75,Rain: Slight
2008-12-20 21:00:00+00:00,MUĞLA,48,9.9795,3.7795,3.6000001,6.618519,61.0,93.27836,933.06616,7.44,Rain: Slight
2008-12-21 21:00:00+00:00,MUĞLA,48,8.4795,2.1295002,0.5,9.904906,51.0,90.123344,929.5183,4.58,Drizzle: Light
2008-12-22 21:00:00+00:00,MUĞLA,48,10.929501,3.0295,0.4,12.964998,51.0,81.71701,930.96,8.0,Drizzle: Light
2008-12-23 21:00:00+00:00,MUĞLA,48,4.4795003,-0.9204999,0.4,18.25026,71.0,77.99367,935.51154,9.05,Snow fall: Slight
2008-12-24 21:00:00+00:00,MUĞLA,48,4.2795,-1.9204999,0.0,10.105681,3.0,61.08272,941.97974,10.5,Overcast
2008-12-25 21:00:00+00:00,MUĞLA,48,7.6295004,-1.9704999,0.0,6.6087217,3.0,57.433975,945.04517,10.35,Overcast
2008-12-26 21:00:00+00:00,MUĞLA,48,9.4295,-0.37049997,0.0,10.8955765,3.0,72.59714,944.57074,7.62,Overcast
2008-12-27 21:00:00+00:00,MUĞLA,48,7.1295004,4.3295,20.7,9.726665,61.0,96.9595,940.33575,1.06,Rain: Slight
2008-12-28 21:00:00+00:00,MUĞLA,48,6.6795,1.1295002,0.1,14.973577,51.0,77.13615,940.45197,10.12,Drizzle: Light
2008-12-29 21:00:00+00:00,MUĞLA,48,4.3795,-1.0705,0.0,17.238699,0.0,56.799454,943.5627,10.41,Clear sky
2008-12-30 21:00:00+00:00,MUĞLA,48,4.6295,-1.5705,0.0,17.238699,0.0,53.504726,945.75757,10.79,Clear sky
2008-12-31 21:00:00+00:00,MUĞLA,48,7.0295,-1.7704998,0.0,9.339208,0.0,60.703022,944.51025,10.9,Clear sky
2009-01-01 21:00:00+00:00,MUĞLA,48,7.6295004,-0.3204999,0.6,7.42159,51.0,76.02259,944.1167,7.65,Drizzle: Light
2009-01-02 21:00:00+00:00,MUĞLA,48,7.4295,4.1295,46.699997,7.5942082,63.0,97.935036,940.99054,0.89,Rain: Moderate
2009-01-03 21:00:00+00:00,MUĞLA,48,9.5295,5.1795,7.2000003,11.966953,55.0,95.67712,937.9333,5.48,Drizzle: Dense
2009-01-04 21:00:00+00:00,MUĞLA,48,10.3295,6.4295,21.999998,11.928989,61.0,95.45956,936.0153,5.36,Rain: Slight
2009-01-05 21:00:00+00:00,MUĞLA,48,9.4295,5.9295,20.4,11.720751,63.0,96.41935,933.312,3.53,Rain: Moderate
2009-01-06 21:00:00+00:00,MUĞLA,48,11.4795,3.3295002,3.3000002,8.089993,61.0,82.87513,937.5091,8.99,Rain: Slight
2009-01-07 21:00:00+00:00,MUĞLA,48,10.7795,0.37950003,0.0,7.928178,0.0,77.024025,942.0756,11.04,Clear sky
2009-01-08 21:00:00+00:00,MUĞLA,48,12.429501,0.8295001,0.1,7.24486,51.0,72.95449,945.167,10.54,Drizzle: Light
2009-01-09 21:00:00+00:00,MUĞLA,48,12.0795,1.6295,0.0,7.208994,3.0,79.64875,943.7429,9.9,Overcast
2009-01-10 21:00:00+00:00,MUĞLA,48,10.7295,0.27950013,0.0,9.983106,3.0,77.319405,944.49054,10.92,Overcast
2009-01-11 21:00:00+00:00,MUĞLA,48,10.9795,0.1795001,0.0,7.7879906,2.0,73.5454,949.0761,9.54,Partly cloudy
2009-01-12 21:00:00+00:00,MUĞLA,48,11.679501,-0.37049997,0.0,6.489992,3.0,71.65316,950.15234,10.13,Overcast
2009-01-13 21:00:00+00:00,MUĞLA,48,14.8795,4.1795,0.3,14.021525,51.0,65.19384,946.8936,6.88,Drizzle: Light
2009-01-14 21:00:00+00:00,MUĞLA,48,13.8295,6.7795,0.0,12.864649,3.0,56.904346,945.4555,10.24,Overcast
2009-01-15 21:00:00+00:00,MUĞLA,48,9.929501,6.5795,26.800001,17.373497,63.0,86.69998,939.8575,2.14,Rain: Moderate
2009-01-16 21:00:00+00:00,MUĞLA,48,11.8795,5.5295,1.8000002,13.009903,53.0,86.200714,939.33075,8.96,Drizzle: Moderate
2009-01-17 21:00:00+00:00,MUĞLA,48,13.2795,1.4795,0.0,9.83268,3.0,74.06629,942.65265,12.02,Overcast
2009-01-18 21:00:00+00:00,MUĞLA,48,11.8795,1.7295,0.0,9.178235,3.0,77.09433,940.273,9.4,Overcast
2009-01-19 21:00:00+00:00,MUĞLA,48,12.6295,0.77950007,0.0,8.557102,3.0,87.30066,939.75616,10.17,Overcast
2009-01-20 21:00:00+00:00,MUĞLA,48,12.2795,5.5295,0.0,13.441071,3.0,89.77682,941.4602,7.07,Overcast
2009-01-21 21:00:00+00:00,MUĞLA,48,14.3295,5.6295004,0.0,14.24163,3.0,86.837654,940.5537,11.13,Overcast
2009-01-22 21:00:00+00:00,MUĞLA,48,12.3795,7.2295003,28.700003,35.728977,63.0,75.01391,928.22906,5.87,Rain: Moderate
2009-01-23 21:00:00+00:00,MUĞLA,48,9.8795,5.9795003,30.399998,22.505037,63.0,94.48367,924.9052,7.54,Rain: Moderate
2009-01-24 21:00:00+00:00,MUĞLA,48,11.9795,7.7295003,61.3,22.553936,63.0,96.99859,927.20636,2.79,Rain: Moderate
2009-01-25 21:00:00+00:00,MUĞLA,48,10.5295,6.7795,34.6,14.480773,63.0,93.808205,931.8079,5.86,Rain: Moderate
2009-01-26 21:00:00+00:00,MUĞLA,48,12.429501,7.5295,0.5,15.937878,51.0,88.85977,939.3838,8.91,Drizzle: Light
2009-01-27 21:00:00+00:00,MUĞLA,48,9.8295,6.2295003,32.2,20.393293,63.0,94.88873,932.3762,2.8,Rain: Moderate
2009-01-28 21:00:00+00:00,MUĞLA,48,8.6295,2.8795,4.2000003,11.090103,55.0,89.87052,929.0169,7.29,Drizzle: Dense
2009-01-29 21:00:00+00:00,MUĞLA,48,10.8295,2.4795,0.1,5.4119864,51.0,82.24059,929.22076,9.43,Drizzle: Light
2009-01-30 21:00:00+00:00,MUĞLA,48,10.679501,-0.27049994,0.0,8.089993,3.0,78.00816,930.6885,10.95,Overcast
2009-01-31 21:00:00+00:00,MUĞLA,48,10.0295,1.2795,0.1,7.386582,51.0,83.120415,936.91656,9.76,Drizzle: Light
2009-02-01 21:00:00+00:00,MUĞLA,48,12.2295,3.3795,3.0,8.891344,53.0,83.96051,942.68256,10.63,Drizzle: Moderate
2009-02-02 21:00:00+00:00,MUĞLA,48,14.179501,6.4795003,0.0,16.516901,3.0,84.145386,945.10126,12.52,Overcast
2009-02-03 21:00:00+00:00,MUĞLA,48,14.0795,6.7795,0.0,23.83896,3.0,65.76791,940.8569,13.04,Overcast
2009-02-04 21:00:00+00:00,MUĞLA,48,10.5295,8.0795,6.1000004,14.205182,61.0,88.679016,936.56805,4.88,Rain: Slight
2009-02-05 21:00:00+00:00,MUĞLA,48,12.5295,5.2795,1.7,11.269782,55.0,89.73826,936.10376,8.84,Drizzle: Dense
2009-02-06 21:00:00+00:00,MUĞLA,48,14.3295,4.7795,0.5,18.0,51.0,86.782166,935.3359,11.58,Drizzle: Light
2009-02-07 21:00:00+00:00,MUĞLA,48,11.7795,9.3795,21.9,24.693481,63.0,88.974884,933.10284,3.45,Rain: Moderate
2009-02-08 21:00:00+00:00,MUĞLA,48,10.7795,4.7795,43.5,26.042212,63.0,93.237114,928.45905,6.82,Rain: Moderate
2009-02-09 21:00:00+00:00,MUĞLA,48,10.2795,2.6295,1.7,14.113652,53.0,86.165,931.08417,11.42,Drizzle: Moderate
2009-02-10 21:00:00+00:00,MUĞLA,48,10.8795,1.2795,4.8,11.440978,55.0,89.175896,934.08075,7.24,Drizzle: Dense
2009-02-11 21:00:00+00:00,MUĞLA,48,10.2795,6.5295,31.699997,27.238941,63.0,90.360725,931.353,11.13,Rain: Moderate
2009-02-12 21:00:00+00:00,MUĞLA,48,9.5295,5.2295003,48.1,27.153164,63.0,93.94693,930.2907,8.04,Rain: Moderate
2009-02-13 21:00:00+00:00,MUĞLA,48,8.4795,2.9795,26.199997,21.288757,73.0,94.25318,926.61224,8.97,Snow fall: Moderate
2009-02-14 21:00:00+00:00,MUĞLA,48,7.4795003,0.97950006,3.6,12.303366,73.0,87.33072,929.0493,10.32,Snow fall: Moderate
2009-02-15 21:00:00+00:00,MUĞLA,48,7.6795,-2.1704998,0.3,10.703569,51.0,71.3552,933.8608,15.57,Drizzle: Light
2009-02-16 21:00:00+00:00,MUĞLA,48,7.9295,-1.6704999,0.0,11.212135,3.0,67.155815,939.3653,15.04,Overcast
2009-02-17 21:00:00+00:00,MUĞLA,48,7.5795,1.2295,8.0,12.9249525,73.0,84.59487,937.95264,12.83,Snow fall: Moderate
2009-02-18 21:00:00+00:00,MUĞLA,48,8.0795,3.5795002,33.2,17.015474,73.0,96.09726,932.19904,6.08,Snow fall: Moderate
2009-02-19 21:00:00+00:00,MUĞLA,48,6.2295003,-0.12049997,12.500001,8.209263,73.0,91.12631,928.4346,11.27,Snow fall: Moderate
2009-02-20 21:00:00+00:00,MUĞLA,48,7.4795003,-1.8205,0.0,15.941944,3.0,72.82602,933.15155,14.77,Overcast
2009-02-21 21:00:00+00:00,MUĞLA,48,7.4795003,-1.1704999,0.70000005,8.913181,51.0,66.57318,932.7805,15.33,Drizzle: Light
2009-02-22 21:00:00+00:00,MUĞLA,48,5.5295,-0.5204998,1.4000001,6.439876,73.0,75.38087,929.71,9.35,Snow fall: Moderate
2009-02-23 21:00:00+00:00,MUĞLA,48,8.9295,-1.5705,0.0,9.983106,3.0,69.14697,932.63385,16.97,Overcast
2009-02-24 21:00:00+00:00,MUĞLA,48,4.4295,1.1795001,17.6,7.8954163,75.0,81.69951,934.8465,2.83,Snow fall: Heavy
2009-02-25 21:00:00+00:00,MUĞLA,48,6.5295,1.4795,14.099999,9.36,73.0,91.87972,928.9969,7.06,Snow fall: Moderate
2009-02-26 21:00:00+00:00,MUĞLA,48,9.4795,0.77950007,0.0,12.144331,3.0,75.426506,928.4156,13.99,Overcast
2009-02-27 21:00:00+00:00,MUĞLA,48,6.4795003,-1.9704999,0.0,18.584509,3.0,71.41952,930.97394,14.2,Overcast
2009-02-28 21:00:00+00:00,MUĞLA,48,8.4795,-3.4705,0.0,16.946787,3.0,62.78236,939.15796,18.54,Overcast
2009-03-01 21:00:00+00:00,MUĞLA,48,12.2795,-0.22049987,0.1,12.413477,51.0,71.21334,940.27515,15.57,Drizzle: Light
2009-03-02 21:00:00+00:00,MUĞLA,48,12.7295,4.7295003,4.7,8.913181,61.0,88.19149,939.79584,15.4,Rain: Slight
2009-03-03 21:00:00+00:00,MUĞLA,48,15.1295,4.5795,0.0,7.754637,3.0,83.52968,939.26154,16.57,Overcast
2009-03-04 21:00:00+00:00,MUĞLA,48,15.2295,6.5795,0.4,19.386591,51.0,69.448296,933.8842,7.11,Drizzle: Light
2009-03-05 21:00:00+00:00,MUĞLA,48,15.5295,10.929501,1.7,27.645092,51.0,66.63158,928.2134,13.97,Drizzle: Light
2009-03-06 21:00:00+00:00,MUĞLA,48,15.8295,6.1295004,17.599998,17.654688,63.0,72.1795,925.028,9.1,Rain: Moderate
2009-03-07 21:00:00+00:00,MUĞLA,48,10.929501,5.0795,7.2000003,10.30883,61.0,91.71328,928.4773,13.71,Rain: Slight
2009-03-08 21:00:00+00:00,MUĞLA,48,12.429501,2.9295,0.90000004,11.525623,51.0,80.40316,932.83405,16.26,Drizzle: Light
2009-03-09 21:00:00+00:00,MUĞLA,48,10.679501,5.1795,8.7,18.875126,61.0,92.072876,935.94464,10.73,Rain: Slight
2009-03-10 21:00:00+00:00,MUĞLA,48,12.2795,-0.5705,0.0,9.47012,2.0,70.42243,938.1817,19.61,Partly cloudy
2009-03-11 21:00:00+00:00,MUĞLA,48,10.7295,3.4795,3.4,20.316889,53.0,76.686,937.10815,12.52,Drizzle: Moderate
2009-03-12 21:00:00+00:00,MUĞLA,48,10.5795,3.8795,20.000002,12.641076,61.0,92.23169,932.80273,12.77,Rain: Slight
2009-03-13 21:00:00+00:00,MUĞLA,48,9.929501,-0.8205,4.1,13.797913,55.0,78.25626,935.6133,19.11,Drizzle: Dense
2009-03-14 21:00:00+00:00,MUĞLA,48,9.0795,-1.1205,0.0,14.154915,2.0,67.85813,940.0916,20.27,Partly cloudy
2009-03-15 21:00:00+00:00,MUĞLA,48,10.7295,-0.7704998,0.0,13.039754,0.0,55.162033,941.17993,21.48,Clear sky
2009-03-16 21:00:00+00:00,MUĞLA,48,12.2295,-0.42049992,0.0,7.9932976,3.0,58.584667,940.97174,21.38,Overcast
2009-03-17 21:00:00+00:00,MUĞLA,48,10.0795,2.9295,3.8000004,13.104198,53.0,75.94029,937.0427,18.51,Drizzle: Moderate
2009-03-18 21:00:00+00:00,MUĞLA,48,8.5795,2.2295,6.9,17.551615,61.0,75.39493,934.8857,19.76,Rain: Slight
2009-03-19 21:00:00+00:00,MUĞLA,48,11.8795,-0.37049997,0.0,15.315873,3.0,63.041958,938.51666,22.28,Overcast
2009-03-20 21:00:00+00:00,MUĞLA,48,11.929501,1.2795,0.8,18.03237,53.0,63.660503,936.9556,21.42,Drizzle: Moderate
2009-03-21 21:00:00+00:00,MUĞLA,48,10.179501,5.1295,31.500002,17.935081,63.0,91.6746,931.7963,14.34,Rain: Moderate
2009-03-22 21:00:00+00:00,MUĞLA,48,8.2795,1.5795001,9.800001,11.269782,71.0,92.49702,927.1289,14.15,Snow fall: Slight
2009-03-23 21:00:00+00:00,MUĞLA,48,12.0295,0.6295001,0.0,11.923557,3.0,74.84554,931.99164,21.32,Overcast
2009-03-24 21:00:00+00:00,MUĞLA,48,11.2295,5.2295003,18.2,16.299694,61.0,91.23626,933.72504,11.41,Rain: Slight
2009-03-25 21:00:00+00:00,MUĞLA,48,11.4795,5.1295,24.8,14.205182,63.0,90.847984,931.883,13.53,Rain: Moderate
2009-03-26 21:00:00+00:00,MUĞLA,48,10.7795,2.8795,2.1000001,20.870687,53.0,71.40621,932.3145,19.67,Drizzle: Moderate
2009-03-27 21:00:00+00:00,MUĞLA,48,12.3795,0.6795001,0.0,18.161278,0.0,50.999027,938.167,23.62,Clear sky
2009-03-28 21:00:00+00:00,MUĞLA,48,19.1295,1.1795001,0.0,9.178235,3.0,51.67754,942.80615,23.72,Overcast
2009-03-29 21:00:00+00:00,MUĞLA,48,21.8795,7.4795003,0.0,10.829959,3.0,55.214924,942.1401,19.64,Overcast
2009-03-30 21:00:00+00:00,MUĞLA,48,22.8795,10.0795,0.0,12.181625,3.0,61.66094,939.31866,20.68,Overcast
2009-03-31 21:00:00+00:00,MUĞLA,48,21.1295,10.3795,0.7,7.127636,51.0,73.83994,937.89087,17.46,Drizzle: Light
2009-04-01 21:00:00+00:00,MUĞLA,48,19.4295,11.0295,11.0,8.707238,61.0,85.061,937.39813,15.63,Rain: Slight
2009-04-02 21:00:00+00:00,MUĞLA,48,19.9795,9.4295,0.5,11.013882,51.0,76.54811,936.96,19.73,Drizzle: Light
2009-04-03 21:00:00+00:00,MUĞLA,48,18.2295,8.0295,2.8,8.209263,61.0,76.17177,936.9229,19.48,Rain: Slight
2009-04-04 21:00:00+00:00,MUĞLA,48,14.679501,9.1795,6.8,13.441071,55.0,85.9325,936.75433,11.92,Drizzle: Dense
2009-04-05 21:00:00+00:00,MUĞLA,48,12.179501,8.0795,31.300003,14.458382,63.0,92.11251,935.07794,14.71,Rain: Moderate
2009-04-06 21:00:00+00:00,MUĞLA,48,11.0795,7.4295,19.799997,10.239453,61.0,94.32726,935.3427,11.55,Rain: Slight
2009-04-07 21:00:00+00:00,MUĞLA,48,16.4795,5.0795,0.2,10.8955765,51.0,73.22659,936.2439,18.46,Drizzle: Light
2009-04-08 21:00:00+00:00,MUĞLA,48,17.3795,6.1295004,0.6,9.504272,51.0,62.745396,937.47406,22.5,Drizzle: Light
2009-04-09 21:00:00+00:00,MUĞLA,48,18.0795,5.8795004,1.6,7.628263,55.0,68.46052,937.7115,23.27,Drizzle: Dense
2009-04-10 21:00:00+00:00,MUĞLA,48,18.9795,5.4295,4.7,6.151683,63.0,77.35667,937.2912,20.85,Rain: Moderate
2009-04-11 21:00:00+00:00,MUĞLA,48,19.5795,6.3295,3.6,7.42159,61.0,75.6223,936.0068,22.77,Rain: Slight
2009-04-12 21:00:00+00:00,MUĞLA,48,19.8795,7.4295,0.0,18.584509,1.0,63.633713,935.76263,24.24,Mainly clear
2009-04-13 21:00:00+00:00,MUĞLA,48,15.7795,9.8295,3.1999998,14.277983,53.0,69.92582,931.40015,18.42,Drizzle: Moderate
2009-04-14 21:00:00+00:00,MUĞLA,48,14.7795,7.7295003,12.499999,13.009903,61.0,87.427376,930.47345,17.86,Rain: Slight
2009-04-15 21:00:00+00:00,MUĞLA,48,16.1295,6.3795004,0.0,19.93048,3.0,66.0758,934.159,25.05,Overcast
2009-04-16 21:00:00+00:00,MUĞLA,48,17.8295,5.7795,0.0,16.071491,1.0,58.58003,936.64874,24.85,Mainly clear
2009-04-17 21:00:00+00:00,MUĞLA,48,20.279501,6.3795004,0.0,10.538843,0.0,54.04217,938.67584,25.87,Clear sky
2009-04-18 21:00:00+00:00,MUĞLA,48,20.9295,6.6295004,0.0,7.5942082,3.0,57.633972,942.3968,25.69,Overcast
2009-04-19 21:00:00+00:00,MUĞLA,48,21.7295,8.5795,0.2,7.42159,51.0,69.28582,942.7443,19.24,Drizzle: Light
2009-04-20 21:00:00+00:00,MUĞLA,48,22.279501,8.9795,0.0,9.693296,3.0,67.20764,938.1264,23.03,Overcast
2009-04-21 21:00:00+00:00,MUĞLA,48,16.0295,10.0295,4.2999997,20.880001,53.0,74.77132,932.7507,18.53,Drizzle: Moderate
2009-04-22 21:00:00+00:00,MUĞLA,48,15.0795,9.4795,13.199999,12.758432,61.0,87.85296,934.441,20.45,Rain: Slight
2009-04-23 21:00:00+00:00,MUĞLA,48,16.0295,6.0795,0.4,10.853866,51.0,75.84693,937.5788,20.15,Drizzle: Light
2009-04-24 21:00:00+00:00,MUĞLA,48,17.4795,5.9295,0.1,10.30883,51.0,70.09896,938.15594,25.62,Drizzle: Light
2009-04-25 21:00:00+00:00,MUĞLA,48,18.8295,6.2295003,0.4,14.565548,51.0,60.23137,940.8982,27.1,Drizzle: Light
2009-04-26 21:00:00+00:00,MUĞLA,48,17.1795,6.6795,0.0,13.397612,3.0,58.246502,940.55493,27.21,Overcast
2009-04-27 21:00:00+00:00,MUĞLA,48,18.8795,6.1795,0.0,7.8954163,3.0,60.979748,937.93384,26.96,Overcast
2009-04-28 21:00:00+00:00,MUĞLA,48,16.2795,8.4295,6.2999997,17.771753,61.0,74.09769,933.92413,18.68,Rain: Slight
2009-04-29 21:00:00+00:00,MUĞLA,48,17.0295,6.4295,0.3,11.966954,51.0,78.92577,933.7005,20.89,Drizzle: Light
2009-04-30 21:00:00+00:00,MUĞLA,48,15.2295,9.1295,2.3,15.716793,53.0,83.657974,933.57983,19.4,Drizzle: Moderate
2009-05-01 21:00:00+00:00,MUĞLA,48,15.6295,8.6795,1.5000001,12.783802,51.0,80.462685,937.6265,21.13,Drizzle: Light
2009-05-02 21:00:00+00:00,MUĞLA,48,18.6795,5.8795004,0.0,9.422101,3.0,70.12942,939.0752,24.82,Overcast
2009-05-03 21:00:00+00:00,MUĞLA,48,18.1795,8.5295,5.5,8.4963045,61.0,76.880844,929.79315,16.24,Rain: Slight
2009-05-04 21:00:00+00:00,MUĞLA,48,14.3295,10.7295,13.599999,13.722565,61.0,87.88555,928.1204,9.7,Rain: Slight
2009-05-05 21:00:00+00:00,MUĞLA,48,18.8295,7.9795003,0.0,8.654986,3.0,68.519844,934.523,23.47,Overcast
2009-05-06 21:00:00+00:00,MUĞLA,48,19.3795,8.0295,3.1,11.183201,63.0,68.76638,938.1367,26.04,Rain: Moderate
2009-05-07 21:00:00+00:00,MUĞLA,48,19.779501,7.2295003,0.0,9.360001,2.0,64.58813,941.365,25.92,Partly cloudy
2009-05-08 21:00:00+00:00,MUĞLA,48,21.0795,9.2795,0.0,11.659777,0.0,58.584473,941.8691,27.17,Clear sky
2009-05-09 21:00:00+00:00,MUĞLA,48,21.4795,9.4295,0.0,12.413477,0.0,49.118343,941.1665,28.59,Clear sky
2009-05-10 21:00:00+00:00,MUĞLA,48,22.3795,9.0795,0.0,9.3669195,1.0,50.467865,939.71216,28.08,Mainly clear
2009-05-11 21:00:00+00:00,MUĞLA,48,21.9795,9.7295,0.0,11.183201,2.0,63.238544,940.8938,25.47,Partly cloudy
2009-05-12 21:00:00+00:00,MUĞLA,48,23.779501,9.8795,0.3,8.404285,51.0,70.50426,941.73047,27.26,Drizzle: Light
2009-05-13 21:00:00+00:00,MUĞLA,48,25.7295,11.4795,0.9,7.771331,53.0,65.39323,940.6053,27.76,Drizzle: Moderate
2009-05-14 21:00:00+00:00,MUĞLA,48,27.2295,12.0795,0.6,8.311245,51.0,58.633022,939.93555,25.8,Drizzle: Light
2009-05-15 21:00:00+00:00,MUĞLA,48,26.3295,13.5795,0.0,11.720751,3.0,60.68503,940.4521,24.7,Overcast
2009-05-16 21:00:00+00:00,MUĞLA,48,27.3795,11.929501,0.0,13.661038,2.0,49.30711,939.88965,28.75,Partly cloudy
2009-05-17 21:00:00+00:00,MUĞLA,48,27.5795,13.2795,0.0,12.6462,2.0,43.743725,937.2766,27.43,Partly cloudy
2009-05-18 21:00:00+00:00,MUĞLA,48,23.9295,15.679501,0.4,13.1041975,51.0,51.61146,934.3278,24.8,Drizzle: Light
2009-05-19 21:00:00+00:00,MUĞLA,48,21.029501,13.429501,10.000001,7.4128532,61.0,82.40908,934.4302,19.07,Rain: Slight
2009-05-20 21:00:00+00:00,MUĞLA,48,21.1295,13.929501,15.400001,7.9526596,63.0,84.194336,933.6169,20.62,Rain: Moderate
2009-05-21 21:00:00+00:00,MUĞLA,48,19.3295,12.179501,21.000002,7.10031,65.0,91.33209,937.23926,16.06,Rain: Heavy
2009-05-22 21:00:00+00:00,MUĞLA,48,22.5795,10.8295,0.6,7.42159,51.0,77.71986,939.2024,22.84,Drizzle: Light
2009-05-23 21:00:00+00:00,MUĞLA,48,25.779501,13.6295,0.0,17.654686,0.0,61.130344,939.48047,27.15,Clear sky
2009-05-24 21:00:00+00:00,MUĞLA,48,25.7295,14.1295,0.0,13.708391,3.0,51.369522,937.6919,27.98,Overcast
2009-05-25 21:00:00+00:00,MUĞLA,48,24.279501,14.7795,0.0,18.581022,1.0,45.386967,936.14496,29.54,Mainly clear
2009-05-26 21:00:00+00:00,MUĞLA,48,23.7295,12.9795,0.0,18.892282,0.0,45.290707,937.1565,30.05,Clear sky
2009-05-27 21:00:00+00:00,MUĞLA,48,24.529501,11.1295,0.0,10.685391,0.0,40.994335,938.89777,30.14,Clear sky
2009-05-28 21:00:00+00:00,MUĞLA,48,23.9795,11.0795,0.0,11.019764,0.0,51.247562,940.20264,29.75,Clear sky
2009-05-29 21:00:00+00:00,MUĞLA,48,25.7295,11.3295,0.0,11.457958,3.0,55.954548,942.5371,27.08,Overcast
2009-05-30 21:00:00+00:00,MUĞLA,48,29.3295,13.5795,0.0,9.793058,2.0,47.106213,942.11334,29.42,Partly cloudy
2009-05-31 21:00:00+00:00,MUĞLA,48,29.7295,15.4795,0.0,10.495713,2.0,49.688797,940.63226,28.58,Partly cloudy
2009-06-01 21:00:00+00:00,MUĞLA,48,30.3295,16.8795,0.2,11.923557,51.0,53.799084,937.84467,27.65,Drizzle: Light
2009-06-02 21:00:00+00:00,MUĞLA,48,24.9795,16.7295,0.0,15.978486,3.0,52.70784,935.45245,27.72,Overcast
2009-06-03 21:00:00+00:00,MUĞLA,48,19.8795,13.7295,2.9000003,14.003028,53.0,83.34922,936.6277,19.51,Drizzle: Moderate
2009-06-04 21:00:00+00:00,MUĞLA,48,24.4795,11.8295,0.0,9.826088,1.0,64.80056,938.0306,28.65,Mainly clear
2009-06-05 21:00:00+00:00,MUĞLA,48,28.4295,13.9795,0.0,11.542478,0.0,46.40308,937.9545,29.88,Clear sky
2009-06-06 21:00:00+00:00,MUĞLA,48,30.4795,15.0795,0.0,11.298495,1.0,40.101906,937.56915,29.83,Mainly clear
2009-06-07 21:00:00+00:00,MUĞLA,48,31.9295,15.929501,0.0,9.726664,3.0,43.31891,936.5732,29.97,Overcast
2009-06-08 21:00:00+00:00,MUĞLA,48,32.2295,16.7795,3.3,8.404285,63.0,56.1179,937.9959,26.99,Rain: Moderate
2009-06-09 21:00:00+00:00,MUĞLA,48,32.8295,17.3795,1.9,8.049845,61.0,55.70886,938.4629,25.45,Rain: Slight
2009-06-10 21:00:00+00:00,MUĞLA,48,33.1795,17.8795,0.0,9.904906,2.0,46.849033,935.43774,29.48,Partly cloudy
2009-06-11 21:00:00+00:00,MUĞLA,48,32.5795,17.3795,0.0,10.805999,2.0,39.64323,933.36725,30.05,Partly cloudy
2009-06-12 21:00:00+00:00,MUĞLA,48,31.779501,18.4795,0.2,12.496719,51.0,41.37521,935.67145,28.56,Drizzle: Light
2009-06-13 21:00:00+00:00,MUĞLA,48,29.279501,18.0795,0.0,15.546833,0.0,40.31606,938.19946,29.94,Clear sky
2009-06-14 21:00:00+00:00,MUĞLA,48,29.9795,17.0295,0.0,16.299694,2.0,31.774666,939.90375,30.61,Partly cloudy
2009-06-15 21:00:00+00:00,MUĞLA,48,31.4795,16.4795,0.0,16.595179,2.0,30.800453,938.91547,30.63,Partly cloudy
2009-06-16 21:00:00+00:00,MUĞLA,48,33.5795,17.3295,0.0,15.986593,0.0,31.37692,938.24115,30.34,Clear sky
2009-06-17 21:00:00+00:00,MUĞLA,48,32.629498,20.7295,0.0,18.043148,1.0,31.565302,939.2722,29.62,Mainly clear
2009-06-18 21:00:00+00:00,MUĞLA,48,32.6795,19.5795,0.0,11.923557,0.0,34.861324,939.45807,30.15,Clear sky
2009-06-19 21:00:00+00:00,MUĞLA,48,33.4295,18.029501,0.0,13.084402,2.0,42.792892,938.028,29.55,Partly cloudy
2009-06-20 21:00:00+00:00,MUĞLA,48,30.8795,16.9295,0.0,15.617529,2.0,39.899292,937.0379,28.92,Partly cloudy
2009-06-21 21:00:00+00:00,MUĞLA,48,29.8795,18.779501,0.9,12.496718,53.0,49.422794,937.9314,28.13,Drizzle: Moderate
2009-06-22 21:00:00+00:00,MUĞLA,48,30.6295,18.4295,0.9,16.854767,53.0,48.74472,938.37335,28.0,Drizzle: Moderate
2009-06-23 21:00:00+00:00,MUĞLA,48,28.279501,19.279501,0.0,19.164719,1.0,52.83697,936.261,26.62,Mainly clear
2009-06-24 21:00:00+00:00,MUĞLA,48,24.7295,16.2295,0.1,16.595179,51.0,59.08395,935.40894,27.42,Drizzle: Light
2009-06-25 21:00:00+00:00,MUĞLA,48,25.9295,14.4795,1.0,11.841756,51.0,60.695175,934.47534,27.58,Drizzle: Light
2009-06-26 21:00:00+00:00,MUĞLA,48,28.1295,15.929501,0.0,13.397612,3.0,52.68214,935.31036,28.88,Overcast
2009-06-27 21:00:00+00:00,MUĞLA,48,27.6295,15.7295,0.6,10.787993,51.0,55.018982,936.2634,28.11,Drizzle: Light
2009-06-28 21:00:00+00:00,MUĞLA,48,27.4295,15.929501,0.90000004,13.044722,51.0,55.12126,937.6586,27.11,Drizzle: Light
2009-06-29 21:00:00+00:00,MUĞLA,48,30.1795,15.429501,0.0,12.605142,2.0,46.883957,939.2134,30.27,Partly cloudy
2009-06-30 21:00:00+00:00,MUĞLA,48,31.7295,17.3795,0.8,11.183201,51.0,48.116806,939.4185,29.11,Drizzle: Light
2009-07-01 21:00:00+00:00,MUĞLA,48,33.129498,18.7295,0.0,11.620809,1.0,50.025517,937.1447,28.18,Mainly clear
2009-07-02 21:00:00+00:00,MUĞLA,48,32.4295,19.7295,0.0,13.237039,1.0,45.505604,932.9362,28.6,Mainly clear
2009-07-03 21:00:00+00:00,MUĞLA,48,31.2295,19.4795,2.0,11.659777,61.0,50.30392,930.3145,27.09,Rain: Slight
2009-07-04 21:00:00+00:00,MUĞLA,48,31.1295,19.4295,0.5,13.513193,53.0,49.441906,930.86774,27.78,Drizzle: Moderate
2009-07-05 21:00:00+00:00,MUĞLA,48,31.029501,19.6795,0.1,9.904906,51.0,50.953445,933.0085,26.6,Drizzle: Light
2009-07-06 21:00:00+00:00,MUĞLA,48,31.1295,19.7295,0.0,10.853866,2.0,54.616196,935.51434,27.63,Partly cloudy
2009-07-07 21:00:00+00:00,MUĞLA,48,33.929497,20.0795,0.0,12.682018,1.0,46.168167,936.5949,28.89,Mainly clear
2009-07-08 21:00:00+00:00,MUĞLA,48,35.429497,21.1295,0.0,15.141414,0.0,38.182774,936.2222,29.41,Clear sky
2009-07-09 21:00:00+00:00,MUĞLA,48,35.5795,21.3795,0.0,15.94601,0.0,35.11511,935.49976,29.41,Clear sky
2009-07-10 21:00:00+00:00,MUĞLA,48,33.5795,20.3295,0.6,15.683776,53.0,42.546436,934.38525,28.67,Drizzle: Moderate
2009-07-11 21:00:00+00:00,MUĞLA,48,30.8295,18.4795,0.0,13.37825,2.0,44.8473,934.4521,28.77,Partly cloudy
2009-07-12 21:00:00+00:00,MUĞLA,48,30.0795,18.6295,0.3,15.844089,51.0,44.631924,934.73395,28.1,Drizzle: Light
2009-07-13 21:00:00+00:00,MUĞLA,48,29.9295,18.779501,0.0,20.966715,0.0,37.82495,936.18463,29.12,Clear sky
2009-07-14 21:00:00+00:00,MUĞLA,48,31.3795,18.2295,0.0,23.34455,0.0,34.95105,937.42896,29.19,Clear sky
2009-07-15 21:00:00+00:00,MUĞLA,48,30.8295,20.279501,0.0,23.18579,2.0,47.19974,936.237,24.15,Partly cloudy
2009-07-16 21:00:00+00:00,MUĞLA,48,32.129498,21.4295,0.8,17.673029,53.0,39.527424,934.726,27.6,Drizzle: Moderate
2009-07-17 21:00:00+00:00,MUĞLA,48,34.629498,21.2295,0.0,13.397612,1.0,32.041965,934.2126,28.79,Mainly clear
2009-07-18 21:00:00+00:00,MUĞLA,48,35.5295,21.7295,0.0,12.984975,0.0,28.645073,935.2012,29.04,Clear sky
2009-07-19 21:00:00+00:00,MUĞLA,48,36.879498,22.029501,0.0,9.3876505,0.0,32.53379,936.8943,28.95,Clear sky
2009-07-20 21:00:00+00:00,MUĞLA,48,35.929497,23.6295,0.0,10.144082,1.0,36.345573,937.1519,27.14,Mainly clear
2009-07-21 21:00:00+00:00,MUĞLA,48,35.9795,23.2295,0.0,10.195057,2.0,30.745443,936.29834,28.72,Partly cloudy
2009-07-22 21:00:00+00:00,MUĞLA,48,35.879498,22.6295,0.0,15.509274,0.0,24.097656,936.12714,29.3,Clear sky
2009-07-23 21:00:00+00:00,MUĞLA,48,36.2795,22.1795,0.0,17.713316,0.0,19.312046,936.65643,29.23,Clear sky
2009-07-24 21:00:00+00:00,MUĞLA,48,37.679497,23.0795,0.0,16.1198,0.0,19.410028,937.07227,29.03,Clear sky
2009-07-25 21:00:00+00:00,MUĞLA,48,38.4795,22.279501,0.0,13.1041975,0.0,24.965292,935.33936,28.89,Clear sky
2009-07-26 21:00:00+00:00,MUĞLA,48,37.4795,23.279501,0.0,9.726665,1.0,32.69464,934.88837,28.1,Mainly clear
2009-07-27 21:00:00+00:00,MUĞLA,48,36.429497,23.4795,0.0,11.113451,0.0,32.45098,935.9045,28.36,Clear sky
2009-07-28 21:00:00+00:00,MUĞLA,48,35.4795,22.529501,0.0,11.4862,0.0,32.132454,935.49,28.44,Clear sky
2009-07-29 21:00:00+00:00,MUĞLA,48,34.929497,20.7295,0.2,10.8955765,51.0,37.764095,934.7029,27.57,Drizzle: Light
2009-07-30 21:00:00+00:00,MUĞLA,48,34.429497,21.779501,0.0,12.6462,0.0,27.452614,934.5962,28.31,Clear sky
2009-07-31 21:00:00+00:00,MUĞLA,48,33.4795,21.1795,0.0,13.044722,0.0,30.51475,934.9937,28.03,Clear sky
2009-08-01 21:00:00+00:00,MUĞLA,48,34.0295,21.3295,0.0,11.440979,2.0,32.670826,936.42926,27.49,Partly cloudy
2009-08-02 21:00:00+00:00,MUĞLA,48,35.2795,21.2295,0.0,13.276144,0.0,33.136562,938.16534,27.73,Clear sky
2009-08-03 21:00:00+00:00,MUĞLA,48,36.0795,20.6795,0.2,11.659777,51.0,36.9867,937.49774,27.82,Drizzle: Light
2009-08-04 21:00:00+00:00,MUĞLA,48,35.629498,21.1795,0.0,13.684735,0.0,35.78455,936.3698,27.66,Clear sky
2009-08-05 21:00:00+00:00,MUĞLA,48,33.4795,20.279501,0.0,13.830749,0.0,41.02976,933.79474,27.25,Clear sky
2009-08-06 21:00:00+00:00,MUĞLA,48,32.9795,20.3295,0.2,10.787993,51.0,56.99118,932.1751,24.44,Drizzle: Light
2009-08-07 21:00:00+00:00,MUĞLA,48,31.3295,21.5795,1.7,8.557102,61.0,58.12973,933.3176,22.37,Rain: Slight
2009-08-08 21:00:00+00:00,MUĞLA,48,31.6795,20.9295,0.0,6.12,2.0,50.104473,934.7945,23.51,Partly cloudy
2009-08-09 21:00:00+00:00,MUĞLA,48,32.129498,22.2295,0.0,8.654987,3.0,37.80893,935.6697,23.71,Overcast
2009-08-10 21:00:00+00:00,MUĞLA,48,32.1795,20.529501,0.0,8.891344,1.0,30.422338,936.08014,27.1,Mainly clear
2009-08-11 21:00:00+00:00,MUĞLA,48,31.779501,19.2295,0.0,11.885453,2.0,30.93782,935.57324,26.98,Partly cloudy
2009-08-12 21:00:00+00:00,MUĞLA,48,31.529501,18.8795,0.0,9.220499,2.0,38.364788,935.32086,25.18,Partly cloudy
2009-08-13 21:00:00+00:00,MUĞLA,48,34.129498,19.6295,0.0,12.55879,0.0,42.741455,938.2769,26.71,Clear sky
2009-08-14 21:00:00+00:00,MUĞLA,48,33.5295,20.029501,0.0,12.261157,1.0,42.794235,938.3132,25.53,Mainly clear
2009-08-15 21:00:00+00:00,MUĞLA,48,34.679497,21.3795,0.0,10.799999,3.0,39.81062,935.1983,24.65,Overcast
2009-08-16 21:00:00+00:00,MUĞLA,48,34.879498,21.029501,0.90000004,7.771331,53.0,39.22828,933.79126,22.98,Drizzle: Moderate
2009-08-17 21:00:00+00:00,MUĞLA,48,35.4795,20.8295,0.0,13.70839,0.0,29.859352,935.6336,26.38,Clear sky
2009-08-18 21:00:00+00:00,MUĞLA,48,35.879498,21.3795,0.0,12.57426,2.0,31.97435,937.67236,26.14,Partly cloudy
2009-08-19 21:00:00+00:00,MUĞLA,48,36.2795,21.3295,0.0,11.246759,0.0,25.487686,938.8174,26.33,Clear sky
2009-08-20 21:00:00+00:00,MUĞLA,48,34.679497,22.0795,0.0,15.696165,0.0,23.889046,938.179,26.22,Clear sky
2009-08-21 21:00:00+00:00,MUĞLA,48,34.5295,20.6795,0.0,8.311245,0.0,21.9515,934.6147,26.3,Clear sky
2009-08-22 21:00:00+00:00,MUĞLA,48,33.879498,19.9295,0.0,10.009036,0.0,25.104383,933.4698,26.14,Clear sky
2009-08-23 21:00:00+00:00,MUĞLA,48,31.8795,18.4295,0.0,13.779114,0.0,36.938168,933.733,24.64,Clear sky
2009-08-24 21:00:00+00:00,MUĞLA,48,30.8295,18.2295,0.5,12.904882,53.0,42.41243,936.03046,23.49,Drizzle: Moderate
2009-08-25 21:00:00+00:00,MUĞLA,48,32.4795,19.3295,0.0,9.585739,2.0,40.69559,937.8576,23.86,Partly cloudy
2009-08-26 21:00:00+00:00,MUĞLA,48,33.5295,19.6295,0.0,7.928177,1.0,37.22092,938.22064,25.07,Mainly clear
2009-08-27 21:00:00+00:00,MUĞLA,48,32.879498,19.1295,0.4,10.483357,51.0,35.213818,936.9919,25.11,Drizzle: Light
2009-08-28 21:00:00+00:00,MUĞLA,48,31.279501,18.4795,0.0,10.514218,2.0,53.44516,937.67365,22.69,Partly cloudy
2009-08-29 21:00:00+00:00,MUĞLA,48,32.2795,18.4295,0.3,11.013882,51.0,49.19936,938.53937,23.9,Drizzle: Light
2009-08-30 21:00:00+00:00,MUĞLA,48,33.129498,19.1295,0.0,10.948973,2.0,38.214542,938.4424,23.82,Partly cloudy
2009-08-31 21:00:00+00:00,MUĞLA,48,33.129498,20.0795,1.4,9.114471,55.0,39.387474,937.9594,22.98,Drizzle: Dense
2009-09-01 21:00:00+00:00,MUĞLA,48,32.2295,19.279501,0.0,8.350138,0.0,40.153614,937.68695,24.09,Clear sky
2009-09-02 21:00:00+00:00,MUĞLA,48,32.129498,18.779501,0.0,13.246826,0.0,35.964973,936.8205,24.07,Clear sky
2009-09-03 21:00:00+00:00,MUĞLA,48,32.4795,17.4795,0.0,11.753876,0.0,41.940212,937.84174,23.81,Clear sky
2009-09-04 21:00:00+00:00,MUĞLA,48,33.5795,18.2295,0.0,9.0645685,3.0,39.310802,937.3609,23.22,Overcast
2009-09-05 21:00:00+00:00,MUĞLA,48,33.929497,18.779501,0.0,11.384199,1.0,36.467575,934.8609,23.38,Mainly clear
2009-09-06 21:00:00+00:00,MUĞLA,48,30.8795,18.4295,0.5,10.464797,51.0,49.456985,931.4817,21.18,Drizzle: Light
2009-09-07 21:00:00+00:00,MUĞLA,48,24.0795,17.0795,4.2000003,10.495713,61.0,74.71574,932.97736,16.82,Rain: Slight
2009-09-08 21:00:00+00:00,MUĞLA,48,22.9295,15.679501,2.3,7.072878,53.0,77.68955,937.7942,16.06,Drizzle: Moderate
2009-09-09 21:00:00+00:00,MUĞLA,48,26.779501,15.5295,0.0,8.942214,3.0,65.08465,938.0778,19.34,Overcast
2009-09-10 21:00:00+00:00,MUĞLA,48,23.8295,17.8795,12.799999,16.039202,63.0,81.223946,933.17694,13.07,Rain: Moderate
2009-09-11 21:00:00+00:00,MUĞLA,48,19.1295,16.2295,21.500002,16.075521,63.0,92.33679,930.7382,7.8,Rain: Moderate
2009-09-12 21:00:00+00:00,MUĞLA,48,23.279501,15.679501,1.2000002,7.8625183,51.0,82.11742,936.5931,15.45,Drizzle: Light
2009-09-13 21:00:00+00:00,MUĞLA,48,25.9795,15.0295,0.0,10.948973,3.0,73.57116,941.55347,21.32,Overcast
2009-09-14 21:00:00+00:00,MUĞLA,48,26.279501,17.8295,0.0,9.178235,3.0,66.581184,941.3776,17.28,Overcast
2009-09-15 21:00:00+00:00,MUĞLA,48,28.029501,17.0795,0.0,14.404499,1.0,57.579365,938.1983,21.35,Mainly clear
2009-09-16 21:00:00+00:00,MUĞLA,48,28.2295,16.2795,0.0,9.983106,2.0,51.371174,937.0192,21.33,Partly cloudy
2009-09-17 21:00:00+00:00,MUĞLA,48,27.1795,15.9795,0.2,10.587918,51.0,55.562653,935.10767,20.7,Drizzle: Light
2009-09-18 21:00:00+00:00,MUĞLA,48,26.779501,16.1795,2.9,9.585739,63.0,60.451763,934.5593,19.39,Rain: Moderate
2009-09-19 21:00:00+00:00,MUĞLA,48,25.029501,15.429501,0.0,11.570515,3.0,62.174915,934.9965,19.96,Overcast
2009-09-20 21:00:00+00:00,MUĞLA,48,23.4295,13.4795,0.0,14.986553,0.0,44.544308,937.5967,21.34,Clear sky
2009-09-21 21:00:00+00:00,MUĞLA,48,23.779501,12.3295,0.0,8.427383,1.0,48.68355,941.4704,20.74,Mainly clear
2009-09-22 21:00:00+00:00,MUĞLA,48,25.4295,12.6295,0.0,7.928177,0.0,49.441315,943.72266,20.78,Clear sky
2009-09-23 21:00:00+00:00,MUĞLA,48,26.529501,13.2795,0.0,8.766573,3.0,49.247425,942.6714,20.48,Overcast
2009-09-24 21:00:00+00:00,MUĞLA,48,27.5795,13.7795,0.0,9.227524,3.0,52.614304,941.038,18.23,Overcast
2009-09-25 21:00:00+00:00,MUĞLA,48,27.1795,15.1295,1.5,13.044722,61.0,63.81276,941.35333,18.2,Rain: Slight
2009-09-26 21:00:00+00:00,MUĞLA,48,27.1795,15.429501,0.0,13.363711,1.0,48.930668,940.8528,19.39,Mainly clear
2009-09-27 21:00:00+00:00,MUĞLA,48,25.7295,13.7795,0.0,8.891343,2.0,46.658966,939.4028,19.91,Partly cloudy
2009-09-28 21:00:00+00:00,MUĞLA,48,23.3795,13.2795,0.8,10.495713,51.0,72.92214,939.0026,16.61,Drizzle: Light
2009-09-29 21:00:00+00:00,MUĞLA,48,24.6795,13.2295,0.0,9.793059,2.0,71.15089,938.6348,17.83,Partly cloudy
2009-09-30 21:00:00+00:00,MUĞLA,48,25.6795,13.5295,0.0,13.237038,2.0,64.72008,941.5533,18.11,Partly cloudy
2009-10-01 21:00:00+00:00,MUĞLA,48,24.3295,13.5795,0.0,13.627795,2.0,65.48227,941.7641,18.79,Partly cloudy
2009-10-02 21:00:00+00:00,MUĞLA,48,22.529501,14.429501,0.0,17.727943,2.0,79.053375,940.9992,16.52,Partly cloudy
2009-10-03 21:00:00+00:00,MUĞLA,48,22.6795,15.3295,2.8,10.514218,53.0,80.136185,940.94806,13.46,Drizzle: Moderate
2009-10-04 21:00:00+00:00,MUĞLA,48,24.2295,15.179501,0.1,10.315115,51.0,71.35709,940.8833,16.6,Drizzle: Light
2009-10-05 21:00:00+00:00,MUĞLA,48,26.5795,13.6295,0.0,10.440001,0.0,52.96201,939.7164,18.19,Clear sky
2009-10-06 21:00:00+00:00,MUĞLA,48,26.6795,15.0795,0.0,11.019764,1.0,47.026134,939.11176,18.12,Mainly clear
2009-10-07 21:00:00+00:00,MUĞLA,48,26.3295,13.4795,0.0,7.9036193,2.0,45.451992,939.04315,18.02,Partly cloudy
2009-10-08 21:00:00+00:00,MUĞLA,48,26.9295,12.4795,0.0,8.209263,0.0,54.93979,939.02026,17.95,Clear sky
2009-10-09 21:00:00+00:00,MUĞLA,48,27.529501,12.9795,0.0,8.4963045,0.0,47.560123,939.10547,17.77,Clear sky
2009-10-10 21:00:00+00:00,MUĞLA,48,25.6795,13.0295,0.0,12.864649,0.0,60.64668,939.62836,17.27,Clear sky
2009-10-11 21:00:00+00:00,MUĞLA,48,22.529501,15.3795,0.0,13.37825,0.0,62.7359,939.3398,15.82,Clear sky
2009-10-12 21:00:00+00:00,MUĞLA,48,19.5795,13.929501,34.9,18.709612,63.0,91.64822,936.4155,11.31,Rain: Moderate
2009-10-13 21:00:00+00:00,MUĞLA,48,17.6295,13.5295,23.300003,15.7908325,63.0,84.287346,936.8943,13.51,Rain: Moderate
2009-10-14 21:00:00+00:00,MUĞLA,48,20.6795,10.929501,1.1,14.081478,53.0,77.720085,941.5017,15.13,Drizzle: Moderate
2009-10-15 21:00:00+00:00,MUĞLA,48,23.9795,14.5295,0.3,19.493261,51.0,64.320244,941.47314,14.67,Drizzle: Light
2009-10-16 21:00:00+00:00,MUĞLA,48,22.8795,15.5795,0.3,15.9134655,51.0,59.806263,940.3247,9.91,Drizzle: Light
2009-10-17 21:00:00+00:00,MUĞLA,48,25.0795,15.1295,0.1,15.158522,51.0,59.989437,937.78735,13.68,Drizzle: Light
2009-10-18 21:00:00+00:00,MUĞLA,48,24.4295,18.3295,0.0,13.797912,3.0,54.215054,938.3972,13.99,Overcast
2009-10-19 21:00:00+00:00,MUĞLA,48,23.9795,14.679501,0.0,9.028754,2.0,66.11348,939.5817,14.59,Partly cloudy
2009-10-20 21:00:00+00:00,MUĞLA,48,21.3795,12.6295,0.0,13.830749,3.0,73.731895,940.093,14.04,Overcast
2009-10-21 21:00:00+00:00,MUĞLA,48,22.3295,11.3295,0.0,8.699793,0.0,65.09835,941.3514,15.58,Clear sky
2009-10-22 21:00:00+00:00,MUĞLA,48,22.8295,11.2295,0.0,10.383987,1.0,72.18059,940.7482,15.28,Mainly clear
2009-10-23 21:00:00+00:00,MUĞLA,48,20.4795,12.4795,0.4,10.105681,51.0,79.03711,936.893,12.23,Drizzle: Light
2009-10-24 21:00:00+00:00,MUĞLA,48,21.2295,14.3295,4.5,12.904882,55.0,84.23193,936.44556,10.45,Drizzle: Dense
2009-10-25 21:00:00+00:00,MUĞLA,48,21.8295,13.7795,1.2,16.299694,53.0,71.652565,936.85425,9.07,Drizzle: Moderate
2009-10-26 21:00:00+00:00,MUĞLA,48,18.2295,12.929501,0.4,8.64,51.0,80.238014,936.908,10.51,Drizzle: Light
2009-10-27 21:00:00+00:00,MUĞLA,48,18.8795,12.6295,4.9,7.5685663,63.0,85.446556,935.7192,9.31,Rain: Moderate
2009-10-28 21:00:00+00:00,MUĞLA,48,19.1295,10.179501,0.2,7.289445,51.0,80.70886,934.2076,11.43,Drizzle: Light
2009-10-29 21:00:00+00:00,MUĞLA,48,19.2295,10.3295,1.8000001,6.162207,61.0,79.85606,933.6465,12.97,Rain: Slight
2009-10-30 21:00:00+00:00,MUĞLA,48,16.0795,9.3295,4.8999996,5.937272,61.0,82.66066,933.1425,7.69,Rain: Slight
2009-10-31 21:00:00+00:00,MUĞLA,48,12.7295,8.2795,1.6,15.646544,53.0,82.01841,930.2617,9.78,Drizzle: Moderate
2009-11-01 21:00:00+00:00,MUĞLA,48,11.8795,5.5295,0.0,19.48661,2.0,64.21972,930.21875,13.14,Partly cloudy
2009-11-02 21:00:00+00:00,MUĞLA,48,12.2795,2.8295002,4.8,18.720001,63.0,68.08839,932.49835,13.95,Rain: Moderate
2009-11-03 21:00:00+00:00,MUĞLA,48,12.9795,8.9295,78.6,23.688984,65.0,94.89248,927.81226,6.85,Rain: Heavy
2009-11-04 21:00:00+00:00,MUĞLA,48,17.0795,6.9795003,0.0,8.891343,3.0,85.17912,938.64545,12.64,Overcast
2009-11-05 21:00:00+00:00,MUĞLA,48,16.2795,10.0795,0.0,13.896187,3.0,85.99722,942.83246,7.07,Overcast
2009-11-06 21:00:00+00:00,MUĞLA,48,19.779501,9.8795,0.0,8.209263,3.0,82.99189,940.2346,12.58,Overcast
2009-11-07 21:00:00+00:00,MUĞLA,48,18.529501,11.5295,9.6,17.174677,63.0,77.04125,932.94904,6.82,Rain: Moderate
2009-11-08 21:00:00+00:00,MUĞLA,48,17.1795,11.679501,2.4,7.9526596,61.0,89.99677,938.3941,8.01,Rain: Slight
2009-11-09 21:00:00+00:00,MUĞLA,48,16.5295,10.8295,0.0,17.462782,3.0,87.11582,938.0615,9.91,Overcast
2009-11-10 21:00:00+00:00,MUĞLA,48,14.3295,9.5795,30.199999,20.620806,63.0,89.3962,932.67194,7.7,Rain: Moderate
2009-11-11 21:00:00+00:00,MUĞLA,48,11.429501,7.6295004,21.500002,11.542478,63.0,93.94764,933.4782,5.77,Rain: Moderate
2009-11-12 21:00:00+00:00,MUĞLA,48,13.7795,6.1795,0.0,12.682018,2.0,79.97088,939.1568,10.72,Partly cloudy
2009-11-13 21:00:00+00:00,MUĞLA,48,13.7295,5.3795,0.0,11.090103,3.0,66.84651,941.8316,12.39,Overcast
2009-11-14 21:00:00+00:00,MUĞLA,48,16.1795,3.6795,0.0,7.24486,3.0,66.51043,941.15137,12.06,Overcast
2009-11-15 21:00:00+00:00,MUĞLA,48,14.6295,5.1795,0.0,12.682018,3.0,70.66456,939.20966,11.64,Overcast
2009-11-16 21:00:00+00:00,MUĞLA,48,15.7795,5.7295003,0.0,14.561099,2.0,71.28015,941.1709,11.82,Partly cloudy
2009-11-17 21:00:00+00:00,MUĞLA,48,17.3295,6.0795,0.0,10.30883,0.0,67.67624,942.65155,11.99,Clear sky
2009-11-18 21:00:00+00:00,MUĞLA,48,17.8295,4.9295,0.0,8.049845,0.0,60.647663,942.1136,11.86,Clear sky
2009-11-19 21:00:00+00:00,MUĞLA,48,19.0795,5.5795,0.0,9.028754,0.0,60.75162,946.6855,11.7,Clear sky
2009-11-20 21:00:00+00:00,MUĞLA,48,20.1295,6.9795003,0.0,9.659814,2.0,63.171158,946.8388,11.6,Partly cloudy
2009-11-21 21:00:00+00:00,MUĞLA,48,19.279501,5.8795004,0.0,7.24486,1.0,64.84762,944.1795,11.7,Mainly clear
2009-11-22 21:00:00+00:00,MUĞLA,48,18.279501,5.3295,0.0,5.1919937,3.0,73.61091,942.5538,11.3,Overcast
2009-11-23 21:00:00+00:00,MUĞLA,48,16.5295,7.2795,0.0,5.3999996,3.0,85.950676,939.2288,9.37,Overcast
2009-11-24 21:00:00+00:00,MUĞLA,48,16.6795,7.5295,0.0,4.73506,3.0,84.12125,938.7143,10.35,Overcast
2009-11-25 21:00:00+00:00,MUĞLA,48,16.8295,5.8295,0.0,5.4477882,2.0,79.698265,942.32184,10.74,Partly cloudy
2009-11-26 21:00:00+00:00,MUĞLA,48,16.9795,4.5295,0.0,5.815978,0.0,78.227776,942.77167,11.1,Clear sky
2009-11-27 21:00:00+00:00,MUĞLA,48,14.3295,6.3295,0.0,9.1641035,3.0,89.490944,944.46216,7.65,Overcast
2009-11-28 21:00:00+00:00,MUĞLA,48,15.2295,7.2295003,0.6,7.072878,51.0,90.020454,944.1368,7.68,Drizzle: Light
2009-11-29 21:00:00+00:00,MUĞLA,48,16.4795,4.3795,0.0,5.6233797,3.0,80.74331,944.48236,9.51,Overcast
2009-11-30 21:00:00+00:00,MUĞLA,48,15.179501,6.6295004,0.0,10.853866,3.0,81.1179,944.4476,9.58,Overcast
2009-12-01 21:00:00+00:00,MUĞLA,48,14.3295,8.1295,4.1,20.61766,61.0,84.968025,939.2544,8.08,Rain: Slight
2009-12-02 21:00:00+00:00,MUĞLA,48,10.8795,8.4295,27.500002,18.792551,63.0,93.676735,932.8376,4.92,Rain: Moderate
2009-12-03 21:00:00+00:00,MUĞLA,48,11.8295,7.7795,2.9999998,7.342588,53.0,93.42651,935.64923,5.47,Drizzle: Moderate
2009-12-04 21:00:00+00:00,MUĞLA,48,10.1295,7.2795,9.7,10.315115,55.0,96.65616,933.9817,3.52,Drizzle: Dense
2009-12-05 21:00:00+00:00,MUĞLA,48,13.5295,4.3795,0.0,8.427383,3.0,81.068214,932.447,8.3,Overcast
2009-12-06 21:00:00+00:00,MUĞLA,48,13.7295,4.6795,0.0,7.5685663,0.0,77.92277,935.6193,10.08,Clear sky
2009-12-07 21:00:00+00:00,MUĞLA,48,13.8795,3.9795003,0.0,6.763786,0.0,78.317406,937.3205,10.22,Clear sky
2009-12-08 21:00:00+00:00,MUĞLA,48,12.7295,3.7795,0.0,6.6087217,3.0,81.327065,936.02075,9.91,Overcast
2009-12-09 21:00:00+00:00,MUĞLA,48,10.5795,7.6795,19.9,16.595179,63.0,90.444855,932.6662,3.29,Rain: Moderate
2009-12-10 21:00:00+00:00,MUĞLA,48,11.9795,6.3295,5.2999997,12.768586,63.0,85.38416,927.47614,6.71,Rain: Moderate
2009-12-11 21:00:00+00:00,MUĞLA,48,11.2295,3.3295002,13.500001,13.138765,63.0,93.66965,927.8645,6.95,Rain: Moderate
2009-12-12 21:00:00+00:00,MUĞLA,48,10.1295,3.8795,16.7,17.873556,63.0,88.44003,932.45703,8.45,Rain: Moderate
2009-12-13 21:00:00+00:00,MUĞLA,48,11.0795,1.2295,0.0,7.5685663,3.0,77.536934,939.7209,8.24,Overcast
2009-12-14 21:00:00+00:00,MUĞLA,48,10.429501,5.2795,3.0000002,19.930477,53.0,82.58701,936.74335,4.19,Drizzle: Moderate
2009-12-15 21:00:00+00:00,MUĞLA,48,9.7295,7.3795004,18.500004,19.995398,63.0,94.41163,925.10547,2.58,Rain: Moderate
2009-12-16 21:00:00+00:00,MUĞLA,48,11.679501,4.0295,2.5000002,9.531505,53.0,91.409615,926.7656,7.55,Drizzle: Moderate
2009-12-17 21:00:00+00:00,MUĞLA,48,9.7295,5.0295,36.2,14.904173,63.0,98.16705,927.9238,1.39,Rain: Moderate
2009-12-18 21:00:00+00:00,MUĞLA,48,11.679501,6.2795,5.2,15.192682,61.0,81.401695,932.44464,7.48,Rain: Slight
2009-12-19 21:00:00+00:00,MUĞLA,48,14.2795,8.7795,1.8000002,27.897097,51.0,81.27892,933.316,6.84,Drizzle: Light
2009-12-20 21:00:00+00:00,MUĞLA,48,11.7295,5.4295,17.300001,18.782204,63.0,78.620926,936.0247,9.28,Rain: Moderate
2009-12-21 21:00:00+00:00,MUĞLA,48,13.9795,1.9295001,0.0,8.854829,3.0,65.90939,942.65796,10.26,Overcast
2009-12-22 21:00:00+00:00,MUĞLA,48,13.3795,4.9295,0.0,6.12,3.0,68.41167,944.60254,7.89,Overcast
2009-12-23 21:00:00+00:00,MUĞLA,48,15.2295,5.5795,0.0,6.6185193,3.0,81.422005,944.84204,9.31,Overcast
2009-12-24 21:00:00+00:00,MUĞLA,48,13.5295,7.7295003,0.0,10.829959,3.0,89.655495,944.5383,6.43,Overcast
2009-12-25 21:00:00+00:00,MUĞLA,48,14.5295,8.7795,0.8,10.966713,53.0,90.33549,940.8278,7.57,Drizzle: Moderate
2009-12-26 21:00:00+00:00,MUĞLA,48,14.7795,8.7295,0.0,14.372974,3.0,88.970634,937.97363,6.36,Overcast
2009-12-27 21:00:00+00:00,MUĞLA,48,14.179501,10.429501,17.2,22.505037,63.0,86.86646,933.0806,5.32,Rain: Moderate
2009-12-28 21:00:00+00:00,MUĞLA,48,11.0795,5.5295,1.9999999,11.019764,53.0,81.70601,934.14185,8.94,Drizzle: Moderate
2009-12-29 21:00:00+00:00,MUĞLA,48,12.7795,2.8295002,0.0,8.217153,3.0,73.792015,935.2745,9.74,Overcast
2009-12-30 21:00:00+00:00,MUĞLA,48,14.5795,2.7295,0.0,9.511088,2.0,77.55329,936.82983,9.75,Partly cloudy
2009-12-31 21:00:00+00:00,MUĞLA,48,14.8795,6.7795,0.0,20.60823,3.0,89.00848,935.3931,7.85,Overcast
2010-01-01 21:00:00+00:00,MUĞLA,48,12.2795,6.8295,12.099999,22.065973,61.0,89.89889,931.1648,7.87,Rain: Slight
2010-01-02 21:00:00+00:00,MUĞLA,48,10.429501,5.9295,14.8,13.202726,61.0,91.49,932.91656,5.18,Rain: Slight
2010-01-03 21:00:00+00:00,MUĞLA,48,8.0795,2.8795,0.0,15.39184,3.0,73.871155,938.46387,10.15,Overcast
2010-01-04 21:00:00+00:00,MUĞLA,48,12.679501,0.5795001,0.0,8.209263,2.0,66.34965,941.4776,10.54,Partly cloudy
2010-01-05 21:00:00+00:00,MUĞLA,48,11.6295,4.9795003,1.0,20.870687,51.0,86.06039,942.90106,5.36,Drizzle: Light
2010-01-06 21:00:00+00:00,MUĞLA,48,13.2295,7.8295,0.0,18.0,3.0,89.19097,943.7354,7.58,Overcast
2010-01-07 21:00:00+00:00,MUĞLA,48,16.5295,4.4795003,0.0,10.296251,3.0,76.96212,945.0654,10.51,Overcast
2010-01-08 21:00:00+00:00,MUĞLA,48,15.4795,7.8295,0.0,14.24163,3.0,75.605675,943.8332,8.79,Overcast
2010-01-09 21:00:00+00:00,MUĞLA,48,14.5795,7.8295,12.200001,20.545246,63.0,71.046936,939.3295,7.95,Rain: Moderate
2010-01-10 21:00:00+00:00,MUĞLA,48,10.3295,4.9795003,4.2999997,11.874544,55.0,80.555534,938.74054,8.36,Drizzle: Dense
2010-01-11 21:00:00+00:00,MUĞLA,48,10.1295,6.1795,6.7000003,8.707238,61.0,91.0254,936.7166,6.47,Rain: Slight
2010-01-12 21:00:00+00:00,MUĞLA,48,9.4295,5.5795,4.2999997,10.137692,53.0,94.941925,932.4655,6.54,Drizzle: Moderate
2010-01-13 21:00:00+00:00,MUĞLA,48,8.3295,5.9795003,19.0,7.729527,61.0,95.496124,931.23224,3.33,Rain: Slight
2010-01-14 21:00:00+00:00,MUĞLA,48,12.2295,5.7795,0.3,6.638072,51.0,87.41376,935.8533,8.73,Drizzle: Light
2010-01-15 21:00:00+00:00,MUĞLA,48,10.5795,6.3795004,6.5,10.703569,55.0,95.84533,939.9304,3.02,Drizzle: Dense
2010-01-16 21:00:00+00:00,MUĞLA,48,14.1295,5.6295004,4.5,7.5170207,55.0,82.21791,939.9515,9.21,Drizzle: Dense
2010-01-17 21:00:00+00:00,MUĞLA,48,13.8295,4.6295,0.2,6.638072,51.0,83.003815,934.6916,8.43,Drizzle: Light
2010-01-18 21:00:00+00:00,MUĞLA,48,9.8295,3.8295002,2.3,11.983188,53.0,88.128876,930.9012,7.07,Drizzle: Moderate
2010-01-19 21:00:00+00:00,MUĞLA,48,7.5795,0.5295001,3.3,7.653705,55.0,91.05136,931.84247,8.24,Drizzle: Dense
2010-01-20 21:00:00+00:00,MUĞLA,48,7.6795,-3.0705,0.0,10.931203,3.0,78.589714,938.0892,12.23,Overcast
2010-01-21 21:00:00+00:00,MUĞLA,48,7.8295,2.7295,55.7,28.241076,73.0,91.40632,933.00806,0.63,Snow fall: Moderate
2010-01-22 21:00:00+00:00,MUĞLA,48,8.3295,2.9295,0.3,9.9571085,51.0,83.02328,935.38965,9.94,Drizzle: Light
2010-01-23 21:00:00+00:00,MUĞLA,48,6.7295003,-0.17049992,0.0,15.978486,3.0,72.71894,936.7617,11.57,Overcast
2010-01-24 21:00:00+00:00,MUĞLA,48,3.5795002,-1.5204998,0.0,19.829433,3.0,50.97102,941.8706,13.35,Overcast
2010-01-25 21:00:00+00:00,MUĞLA,48,5.9795003,-2.6704998,0.0,11.770403,1.0,48.761974,946.18774,13.32,Mainly clear
2010-01-26 21:00:00+00:00,MUĞLA,48,7.1795,0.5295001,3.9,11.177405,71.0,82.22367,943.6221,7.39,Snow fall: Slight
2010-01-27 21:00:00+00:00,MUĞLA,48,10.9795,4.9795003,24.000004,14.764389,63.0,91.29309,931.13794,10.34,Rain: Moderate
2010-01-28 21:00:00+00:00,MUĞLA,48,10.6295,4.5295,13.3,11.874544,61.0,95.07638,928.05396,6.9,Rain: Slight
2010-01-29 21:00:00+00:00,MUĞLA,48,14.9795,4.6795,2.0000002,10.365251,53.0,80.023346,927.40314,10.46,Drizzle: Moderate
2010-01-30 21:00:00+00:00,MUĞLA,48,10.2795,6.5795,20.300001,20.60823,61.0,94.3981,931.00214,7.13,Rain: Slight
2010-01-31 21:00:00+00:00,MUĞLA,48,11.0295,4.1795,5.4,18.486622,55.0,90.31629,936.42377,10.43,Drizzle: Dense
2010-02-01 21:00:00+00:00,MUĞLA,48,10.679501,3.4295,20.6,24.162945,63.0,93.31101,930.2307,8.5,Rain: Moderate
2010-02-02 21:00:00+00:00,MUĞLA,48,3.9295,-1.8705,0.0,20.082708,3.0,69.88909,935.41315,13.17,Overcast
2010-02-03 21:00:00+00:00,MUĞLA,48,5.0795,-2.5705,0.0,15.484185,0.0,51.445087,941.7244,14.35,Clear sky
2010-02-04 21:00:00+00:00,MUĞLA,48,4.7295003,-1.2704998,0.0,16.171976,0.0,57.397324,942.2532,14.41,Clear sky
2010-02-05 21:00:00+00:00,MUĞLA,48,7.7295003,-1.9704999,0.0,11.212135,3.0,63.637188,940.9777,14.39,Overcast
2010-02-06 21:00:00+00:00,MUĞLA,48,5.5795,3.7795,61.29999,25.772078,71.0,91.64106,934.4549,1.52,Snow fall: Slight
2010-02-07 21:00:00+00:00,MUĞLA,48,8.9795,4.1295,39.099995,29.44307,63.0,95.54276,925.93317,7.57,Rain: Moderate
2010-02-08 21:00:00+00:00,MUĞLA,48,9.6295,2.7295,2.8000002,7.628263,53.0,90.6249,930.6797,9.82,Drizzle: Moderate
2010-02-09 21:00:00+00:00,MUĞLA,48,10.2295,2.5795002,2.3,21.2522,53.0,83.75788,934.1235,5.35,Drizzle: Moderate
2010-02-10 21:00:00+00:00,MUĞLA,48,11.429501,6.9295,21.1,26.7565,63.0,80.01989,928.8645,5.86,Rain: Moderate
2010-02-11 21:00:00+00:00,MUĞLA,48,11.7795,5.6795,12.8,14.205182,61.0,96.17339,935.51447,7.75,Rain: Slight
2010-02-12 21:00:00+00:00,MUĞLA,48,13.7795,7.7795,14.999999,27.086262,63.0,76.56005,936.49243,9.67,Rain: Moderate
2010-02-13 21:00:00+00:00,MUĞLA,48,15.429501,9.0295,8.1,17.533146,61.0,74.14465,936.1096,8.97,Rain: Slight
2010-02-14 21:00:00+00:00,MUĞLA,48,15.4795,10.0295,2.0,23.73271,53.0,72.42977,930.17596,10.38,Drizzle: Moderate
2010-02-15 21:00:00+00:00,MUĞLA,48,15.7795,6.3295,0.0,5.315336,3.0,78.91134,935.44434,13.42,Overcast
2010-02-16 21:00:00+00:00,MUĞLA,48,16.3795,7.0795,0.1,17.462782,51.0,70.625534,935.2956,12.77,Drizzle: Light
2010-02-17 21:00:00+00:00,MUĞLA,48,16.3795,7.6795,0.3,9.107359,51.0,80.26118,936.72656,14.12,Drizzle: Light
2010-02-18 21:00:00+00:00,MUĞLA,48,17.779501,5.5295,0.0,7.072878,3.0,79.416145,937.417,15.88,Overcast
2010-02-19 21:00:00+00:00,MUĞLA,48,18.5795,9.0795,2.4,23.110205,55.0,64.843925,936.05756,13.73,Drizzle: Dense
2010-02-20 21:00:00+00:00,MUĞLA,48,12.8795,6.2795,34.100002,17.227419,63.0,85.36446,931.19135,10.89,Rain: Moderate
2010-02-21 21:00:00+00:00,MUĞLA,48,12.679501,1.9795,0.2,10.182337,51.0,73.09194,937.5493,15.67,Drizzle: Light
2010-02-22 21:00:00+00:00,MUĞLA,48,13.8795,1.9795,0.4,10.823973,51.0,78.46885,937.62994,15.31,Drizzle: Light
2010-02-23 21:00:00+00:00,MUĞLA,48,12.6295,6.1795,11.6,19.353138,63.0,87.990456,932.8843,11.6,Rain: Moderate
2010-02-24 21:00:00+00:00,MUĞLA,48,11.4795,7.0795,7.4000006,10.239453,61.0,91.91086,926.52997,8.63,Rain: Slight
2010-02-25 21:00:00+00:00,MUĞLA,48,13.0795,4.8795,1.4000001,11.480557,51.0,81.3355,929.01807,11.91,Drizzle: Light
2010-02-26 21:00:00+00:00,MUĞLA,48,10.0795,3.1795,22.8,11.901798,63.0,94.279884,928.686,6.6,Rain: Moderate
2010-02-27 21:00:00+00:00,MUĞLA,48,13.0795,5.3295,0.0,22.253124,3.0,77.575874,930.66486,14.27,Overcast
2010-02-28 21:00:00+00:00,MUĞLA,48,18.529501,4.3795,0.0,8.12197,3.0,70.156975,937.46967,16.84,Overcast
2010-03-01 21:00:00+00:00,MUĞLA,48,17.0295,7.0295,0.0,13.896187,3.0,76.990654,936.311,18.15,Overcast
2010-03-02 21:00:00+00:00,MUĞLA,48,13.8295,5.7295003,0.0,17.935081,3.0,73.83489,937.514,16.66,Overcast
2010-03-03 21:00:00+00:00,MUĞLA,48,13.929501,3.8295002,0.5,19.930477,51.0,73.88153,937.12354,9.58,Drizzle: Light
2010-03-04 21:00:00+00:00,MUĞLA,48,14.3295,9.2795,8.900001,19.930477,61.0,87.80503,931.8378,11.76,Rain: Slight
2010-03-05 21:00:00+00:00,MUĞLA,48,12.9795,8.4295,3.4000003,14.4,53.0,88.5564,934.40497,12.19,Drizzle: Moderate
2010-03-06 21:00:00+00:00,MUĞLA,48,14.9795,7.4295,8.6,7.9036193,63.0,87.2626,940.0656,11.38,Rain: Moderate
2010-03-07 21:00:00+00:00,MUĞLA,48,17.9295,9.1795,0.0,24.606731,3.0,58.613724,933.37067,7.93,Overcast
2010-03-08 21:00:00+00:00,MUĞLA,48,16.2795,8.5795,12.700001,15.119999,63.0,76.72207,931.9631,12.3,Rain: Moderate
2010-03-09 21:00:00+00:00,MUĞLA,48,17.8795,5.7795,0.0,9.531505,3.0,72.943954,939.20123,15.08,Overcast
2010-03-10 21:00:00+00:00,MUĞLA,48,18.279501,9.7795,0.0,17.873556,3.0,67.095924,935.5779,13.78,Overcast
2010-03-11 21:00:00+00:00,MUĞLA,48,14.929501,9.3795,0.0,8.913181,3.0,80.493866,937.5153,14.64,Overcast
2010-03-12 21:00:00+00:00,MUĞLA,48,16.4295,6.7795,0.0,7.2805495,3.0,71.34301,936.8503,19.14,Overcast
2010-03-13 21:00:00+00:00,MUĞLA,48,16.9795,6.8795004,3.6999998,13.392774,53.0,73.917625,932.38477,12.17,Drizzle: Moderate
2010-03-14 21:00:00+00:00,MUĞLA,48,13.429501,5.7795,0.1,16.78156,51.0,74.90778,930.43677,17.64,Drizzle: Light
2010-03-15 21:00:00+00:00,MUĞLA,48,11.179501,2.3295002,0.0,18.899143,0.0,54.60416,939.9069,21.53,Clear sky
2010-03-16 21:00:00+00:00,MUĞLA,48,12.8795,0.47950006,0.0,14.345898,0.0,52.862415,941.76685,21.73,Clear sky
2010-03-17 21:00:00+00:00,MUĞLA,48,10.6295,1.8795002,0.0,17.377226,3.0,50.797604,946.4908,22.05,Overcast
2010-03-18 21:00:00+00:00,MUĞLA,48,13.429501,1.3795,0.0,10.028439,3.0,52.48314,948.2739,21.95,Overcast
2010-03-19 21:00:00+00:00,MUĞLA,48,15.8795,1.8295001,0.0,7.42159,0.0,53.77347,948.8327,22.26,Clear sky
2010-03-20 21:00:00+00:00,MUĞLA,48,17.3795,2.1795,0.0,7.127636,0.0,62.998135,947.96844,22.32,Clear sky
2010-03-21 21:00:00+00:00,MUĞLA,48,18.3295,3.4795,0.0,6.849467,0.0,65.39742,944.33203,22.37,Clear sky
2010-03-22 21:00:00+00:00,MUĞLA,48,19.9795,5.0795,0.0,9.346143,3.0,68.22387,939.04224,20.88,Overcast
2010-03-23 21:00:00+00:00,MUĞLA,48,17.7295,5.8795004,0.0,10.464798,3.0,66.12477,936.24316,20.01,Overcast
2010-03-24 21:00:00+00:00,MUĞLA,48,18.3295,5.1295,8.400001,6.792466,63.0,81.975876,937.2071,19.38,Rain: Moderate
2010-03-25 21:00:00+00:00,MUĞLA,48,19.8795,6.6295004,0.2,11.609651,51.0,71.45925,937.95514,21.1,Drizzle: Light
2010-03-26 21:00:00+00:00,MUĞLA,48,21.529501,8.1295,0.0,11.681987,0.0,63.09811,936.00586,22.63,Clear sky
2010-03-27 21:00:00+00:00,MUĞLA,48,16.8295,7.6795,0.5,20.833395,51.0,70.73336,931.93146,21.37,Drizzle: Light
2010-03-28 21:00:00+00:00,MUĞLA,48,13.679501,4.9295,8.3,14.081478,61.0,79.964066,935.9844,18.34,Rain: Slight
2010-03-29 21:00:00+00:00,MUĞLA,48,16.2795,2.9295,0.0,9.779817,3.0,66.41946,941.2666,23.07,Overcast
2010-03-30 21:00:00+00:00,MUĞLA,48,16.7295,7.8795004,0.0,18.161278,3.0,60.647778,941.5402,21.28,Overcast
2010-03-31 21:00:00+00:00,MUĞLA,48,17.4295,8.0795,0.0,12.599999,3.0,71.88313,940.2045,21.42,Overcast
2010-04-01 21:00:00+00:00,MUĞLA,48,18.8295,8.5795,0.0,15.034041,3.0,75.28246,938.44403,17.69,Overcast
2010-04-02 21:00:00+00:00,MUĞLA,48,19.6295,8.4295,0.0,11.770403,3.0,69.95545,939.08514,22.71,Overcast
2010-04-03 21:00:00+00:00,MUĞLA,48,21.779501,7.6295004,0.0,11.384198,1.0,57.430237,941.2698,24.11,Mainly clear
2010-04-04 21:00:00+00:00,MUĞLA,48,21.779501,7.4295,0.0,10.948973,1.0,61.598545,942.4019,23.99,Mainly clear
2010-04-05 21:00:00+00:00,MUĞLA,48,16.6795,7.4295,3.3,17.727943,55.0,65.4776,936.1318,21.83,Drizzle: Dense
2010-04-06 21:00:00+00:00,MUĞLA,48,13.8795,4.8795,5.3,16.595179,63.0,79.45333,933.89874,20.14,Rain: Moderate
2010-04-07 21:00:00+00:00,MUĞLA,48,14.5295,4.7795,0.0,16.039202,3.0,67.3601,937.84937,19.16,Overcast
2010-04-08 21:00:00+00:00,MUĞLA,48,17.3295,4.7295003,0.0,8.311245,1.0,59.510197,939.2741,24.88,Mainly clear
2010-04-09 21:00:00+00:00,MUĞLA,48,17.0295,4.4795003,0.0,10.805998,2.0,62.734806,935.8475,24.16,Partly cloudy
2010-04-10 21:00:00+00:00,MUĞLA,48,12.0795,7.5795,14.000001,10.24578,55.0,88.026985,929.41455,9.64,Drizzle: Dense
2010-04-11 21:00:00+00:00,MUĞLA,48,17.6795,4.7795,0.0,11.885453,1.0,64.94027,931.1738,25.17,Mainly clear
2010-04-12 21:00:00+00:00,MUĞLA,48,18.2295,5.4295,0.0,8.4963045,3.0,62.755478,937.059,24.92,Overcast
2010-04-13 21:00:00+00:00,MUĞLA,48,17.4295,6.1295004,1.5,10.195057,53.0,72.73031,938.40204,21.54,Drizzle: Moderate
2010-04-14 21:00:00+00:00,MUĞLA,48,20.4295,7.2295003,0.0,8.089993,3.0,71.51187,939.02344,23.04,Overcast
2010-04-15 21:00:00+00:00,MUĞLA,48,23.6795,8.3795,2.0,6.618519,61.0,68.33065,938.3303,24.49,Rain: Slight
2010-04-16 21:00:00+00:00,MUĞLA,48,23.2295,9.3795,1.3,11.113451,55.0,63.069324,937.90826,23.34,Drizzle: Dense
2010-04-17 21:00:00+00:00,MUĞLA,48,24.1795,13.7795,0.0,9.449572,3.0,46.522278,940.7493,24.9,Overcast
2010-04-18 21:00:00+00:00,MUĞLA,48,21.5795,11.3295,0.0,13.556282,3.0,52.489716,939.2805,20.62,Overcast
2010-04-19 21:00:00+00:00,MUĞLA,48,18.3295,11.8295,7.2,16.394829,55.0,82.15954,934.3709,16.2,Drizzle: Dense
2010-04-20 21:00:00+00:00,MUĞLA,48,16.1295,9.5295,10.9,12.682018,63.0,82.5386,931.1236,19.63,Rain: Moderate
2010-04-21 21:00:00+00:00,MUĞLA,48,18.9295,7.6795,0.0,18.11841,0.0,60.934326,936.58344,26.63,Clear sky
2010-04-22 21:00:00+00:00,MUĞLA,48,21.6795,7.2295003,0.0,8.0899935,3.0,53.32394,941.638,26.7,Overcast
2010-04-23 21:00:00+00:00,MUĞLA,48,21.529501,8.4295,0.0,12.245293,3.0,54.200916,942.4856,23.74,Overcast
2010-04-24 21:00:00+00:00,MUĞLA,48,22.8295,9.8795,0.0,10.315115,3.0,50.16481,940.2347,25.22,Overcast
2010-04-25 21:00:00+00:00,MUĞLA,48,23.3795,12.5795,2.1,9.885262,61.0,56.03148,937.5921,22.09,Rain: Slight
2010-04-26 21:00:00+00:00,MUĞLA,48,20.279501,10.179501,1.1,8.287822,51.0,55.93088,936.51105,19.3,Drizzle: Light
2010-04-27 21:00:00+00:00,MUĞLA,48,21.4295,9.8295,0.0,8.707237,3.0,70.40456,936.5517,22.86,Overcast
2010-04-28 21:00:00+00:00,MUĞLA,48,20.3295,11.7295,11.999999,5.1919937,63.0,76.60265,936.38696,18.56,Rain: Moderate
2010-04-29 21:00:00+00:00,MUĞLA,48,19.779501,8.6795,13.5,6.12,63.0,83.46008,934.94904,21.98,Rain: Moderate
2010-04-30 21:00:00+00:00,MUĞLA,48,22.1295,8.0295,0.0,5.937272,3.0,67.885345,935.34937,25.86,Overcast
2010-05-01 21:00:00+00:00,MUĞLA,48,22.779501,9.1795,0.0,9.531505,0.0,64.672646,937.5301,27.37,Clear sky
2010-05-02 21:00:00+00:00,MUĞLA,48,24.9795,9.7795,0.0,9.47012,0.0,56.9998,937.19916,27.62,Clear sky
2010-05-03 21:00:00+00:00,MUĞLA,48,24.9795,10.3795,0.0,9.585739,1.0,59.901585,937.33154,27.54,Mainly clear
2010-05-04 21:00:00+00:00,MUĞLA,48,26.5795,11.4795,0.0,9.885262,3.0,58.727192,936.79987,27.72,Overcast
2010-05-05 21:00:00+00:00,MUĞLA,48,26.8795,13.0795,0.0,8.404285,3.0,58.60671,935.1197,26.96,Overcast
2010-05-06 21:00:00+00:00,MUĞLA,48,23.9795,16.0295,0.0,14.264361,3.0,49.468994,934.76984,28.11,Overcast
2010-05-07 21:00:00+00:00,MUĞLA,48,26.8295,10.429501,0.0,8.654986,3.0,51.67032,935.0921,26.15,Overcast
2010-05-08 21:00:00+00:00,MUĞLA,48,23.9295,15.8295,0.4,19.211996,51.0,48.062817,931.8986,25.69,Drizzle: Light
2010-05-09 21:00:00+00:00,MUĞLA,48,26.1295,12.5295,0.0,15.4800005,0.0,54.717396,932.39087,28.11,Clear sky
2010-05-10 21:00:00+00:00,MUĞLA,48,28.7295,13.1295,0.0,9.387651,1.0,38.691494,934.4626,28.37,Mainly clear
2010-05-11 21:00:00+00:00,MUĞLA,48,28.4295,13.4795,0.0,9.931042,3.0,45.37134,936.0708,27.99,Overcast
2010-05-12 21:00:00+00:00,MUĞLA,48,28.8795,14.2795,0.1,14.578888,51.0,49.178192,936.98047,26.87,Drizzle: Light
2010-05-13 21:00:00+00:00,MUĞLA,48,27.7295,14.8795,0.4,9.290511,51.0,44.36017,937.0285,28.36,Drizzle: Light
2010-05-14 21:00:00+00:00,MUĞLA,48,29.0795,16.9795,1.8,17.902534,53.0,51.666378,938.1296,21.08,Drizzle: Moderate
2010-05-15 21:00:00+00:00,MUĞLA,48,25.279501,15.2295,0.0,14.689588,3.0,56.432022,936.81055,27.8,Overcast
2010-05-16 21:00:00+00:00,MUĞLA,48,20.4295,12.7795,0.0,13.979872,2.0,67.24045,936.95135,26.77,Partly cloudy
2010-05-17 21:00:00+00:00,MUĞLA,48,17.6295,10.7795,4.5,16.179987,55.0,77.232735,934.77216,19.18,Drizzle: Dense
2010-05-18 21:00:00+00:00,MUĞLA,48,19.7295,8.7295,0.1,13.584932,51.0,63.013493,937.86444,25.5,Drizzle: Light
2010-05-19 21:00:00+00:00,MUĞLA,48,21.9295,9.3795,0.3,13.276144,51.0,56.82398,939.455,28.7,Drizzle: Light
2010-05-20 21:00:00+00:00,MUĞLA,48,19.529501,10.929501,4.9,19.373219,61.0,66.39857,937.175,19.36,Rain: Slight
2010-05-21 21:00:00+00:00,MUĞLA,48,17.0795,10.0795,9.2,10.308831,61.0,80.92791,932.81915,17.29,Rain: Slight
2010-05-22 21:00:00+00:00,MUĞLA,48,20.3295,8.4795,0.4,12.819235,51.0,67.42132,935.91864,25.4,Drizzle: Light
2010-05-23 21:00:00+00:00,MUĞLA,48,22.279501,9.9795,0.0,10.931203,3.0,66.02772,939.108,26.94,Overcast
2010-05-24 21:00:00+00:00,MUĞLA,48,22.279501,10.429501,0.3,10.691453,51.0,68.94111,939.8399,26.55,Drizzle: Light
2010-05-25 21:00:00+00:00,MUĞLA,48,24.9795,12.7295,1.4000001,10.636766,53.0,62.588257,939.1841,24.81,Drizzle: Moderate
2010-05-26 21:00:00+00:00,MUĞLA,48,26.2295,14.2295,5.8999996,7.9932976,63.0,65.978966,937.10065,23.88,Rain: Moderate
2010-05-27 21:00:00+00:00,MUĞLA,48,29.3795,14.4795,0.0,10.829959,3.0,56.102245,937.66486,28.72,Overcast
2010-05-28 21:00:00+00:00,MUĞLA,48,30.1295,14.5295,0.0,12.245293,3.0,50.42172,938.85156,29.15,Overcast
2010-05-29 21:00:00+00:00,MUĞLA,48,30.4295,16.3795,0.0,9.449572,2.0,48.81487,938.1807,28.62,Partly cloudy
2010-05-30 21:00:00+00:00,MUĞLA,48,29.6795,16.9795,3.0,10.086427,61.0,56.191376,936.89545,22.92,Rain: Slight
2010-05-31 21:00:00+00:00,MUĞLA,48,26.9295,18.4795,0.0,20.06334,3.0,51.59526,933.36957,27.99,Overcast
2010-06-01 21:00:00+00:00,MUĞLA,48,26.1295,16.1295,0.0,13.363711,3.0,51.12203,931.3328,28.03,Overcast
2010-06-02 21:00:00+00:00,MUĞLA,48,22.4795,14.8795,0.7,14.154915,51.0,76.94658,935.899,20.88,Drizzle: Light
2010-06-03 21:00:00+00:00,MUĞLA,48,24.3295,15.3795,0.0,12.387348,3.0,72.01794,939.58405,27.57,Overcast
2010-06-04 21:00:00+00:00,MUĞLA,48,27.1795,13.8295,2.1,13.009903,55.0,61.42998,939.4236,25.91,Drizzle: Dense
2010-06-05 21:00:00+00:00,MUĞLA,48,22.8795,16.2295,2.5000002,11.659777,53.0,65.10818,934.5743,22.37,Drizzle: Moderate
2010-06-06 21:00:00+00:00,MUĞLA,48,23.5795,13.0795,0.7,14.277983,51.0,66.94877,932.70337,23.12,Drizzle: Light
2010-06-07 21:00:00+00:00,MUĞLA,48,26.1795,15.0795,0.0,9.1641035,3.0,60.844242,934.0501,25.61,Overcast
2010-06-08 21:00:00+00:00,MUĞLA,48,24.4795,15.5795,14.7,8.4963045,63.0,69.28977,935.4617,21.04,Rain: Moderate
2010-06-09 21:00:00+00:00,MUĞLA,48,25.6795,14.429501,1.6,10.086427,61.0,68.30886,935.1738,24.12,Rain: Slight
2010-06-10 21:00:00+00:00,MUĞLA,48,25.1295,16.1795,9.700001,6.28713,63.0,71.82381,935.4925,22.37,Rain: Moderate
2010-06-11 21:00:00+00:00,MUĞLA,48,26.9295,15.8795,7.7999997,6.9247384,63.0,74.36468,936.28687,24.14,Rain: Moderate
2010-06-12 21:00:00+00:00,MUĞLA,48,28.1295,15.8295,8.5,7.628263,63.0,72.29423,936.47736,25.26,Rain: Moderate
2010-06-13 21:00:00+00:00,MUĞLA,48,31.4795,17.3295,0.0,7.5942073,2.0,53.538807,936.4329,27.35,Partly cloudy
2010-06-14 21:00:00+00:00,MUĞLA,48,33.7295,18.3795,0.0,13.75558,0.0,45.43159,938.9812,29.77,Clear sky
2010-06-15 21:00:00+00:00,MUĞLA,48,34.0795,20.279501,0.0,17.026896,1.0,40.161278,938.74396,29.71,Mainly clear
2010-06-16 21:00:00+00:00,MUĞLA,48,34.429497,20.9295,0.0,14.044615,1.0,42.066708,936.99713,28.52,Mainly clear
2010-06-17 21:00:00+00:00,MUĞLA,48,33.2795,20.9795,0.0,14.77755,0.0,38.6117,933.96533,30.05,Clear sky
2010-06-18 21:00:00+00:00,MUĞLA,48,31.9295,19.5795,2.6999998,12.641076,61.0,45.468334,931.08527,27.67,Rain: Slight
2010-06-19 21:00:00+00:00,MUĞLA,48,29.3295,18.1795,0.2,17.373497,51.0,52.220844,933.0967,28.35,Drizzle: Light
2010-06-20 21:00:00+00:00,MUĞLA,48,29.529501,17.9295,0.0,15.937878,0.0,53.355274,935.4122,29.99,Clear sky
2010-06-21 21:00:00+00:00,MUĞLA,48,24.0795,16.9795,0.0,17.339897,3.0,70.240166,932.98804,26.7,Overcast
2010-06-22 21:00:00+00:00,MUĞLA,48,20.3795,15.0795,16.5,13.551501,63.0,80.65204,930.71265,19.07,Rain: Moderate
2010-06-23 21:00:00+00:00,MUĞLA,48,23.9295,13.179501,0.0,13.70839,3.0,70.08182,932.8167,23.73,Overcast
2010-06-24 21:00:00+00:00,MUĞLA,48,22.6295,14.6295,7.6,10.365251,63.0,73.1037,932.2332,23.15,Rain: Moderate
2010-06-25 21:00:00+00:00,MUĞLA,48,23.9295,14.429501,0.5,12.538134,51.0,67.027245,934.0147,25.44,Drizzle: Light
2010-06-26 21:00:00+00:00,MUĞLA,48,25.9295,14.1295,2.4,10.630672,61.0,59.531647,936.243,28.61,Rain: Slight
2010-06-27 21:00:00+00:00,MUĞLA,48,25.1795,15.2295,4.899999,8.209263,63.0,62.63744,936.3641,25.12,Rain: Moderate
2010-06-28 21:00:00+00:00,MUĞLA,48,26.4795,15.929501,0.0,10.365251,2.0,62.92253,935.9799,26.7,Partly cloudy
2010-06-29 21:00:00+00:00,MUĞLA,48,28.2295,15.7795,0.0,11.165805,2.0,57.607746,935.42694,27.55,Partly cloudy
2010-06-30 21:00:00+00:00,MUĞLA,48,28.4795,16.5795,0.2,8.427383,51.0,59.797886,935.7656,26.15,Drizzle: Light
2010-07-01 21:00:00+00:00,MUĞLA,48,30.9795,18.1295,0.2,9.178235,51.0,53.122715,936.2363,26.54,Drizzle: Light
2010-07-02 21:00:00+00:00,MUĞLA,48,31.8795,19.029501,0.4,9.746631,51.0,53.850216,935.8513,26.48,Drizzle: Light
2010-07-03 21:00:00+00:00,MUĞLA,48,32.4295,18.9795,0.0,11.720751,0.0,49.970184,935.51324,26.97,Clear sky
2010-07-04 21:00:00+00:00,MUĞLA,48,33.379498,20.279501,0.0,8.404285,1.0,47.922848,934.836,27.27,Mainly clear
2010-07-05 21:00:00+00:00,MUĞLA,48,32.4295,21.0795,0.0,13.246826,1.0,50.907883,935.01434,28.52,Mainly clear
2010-07-06 21:00:00+00:00,MUĞLA,48,32.4295,20.1295,0.0,10.086427,1.0,50.251858,935.593,28.15,Mainly clear
2010-07-07 21:00:00+00:00,MUĞLA,48,32.0295,20.2295,0.4,17.283749,51.0,46.727688,935.86005,29.28,Drizzle: Light
2010-07-08 21:00:00+00:00,MUĞLA,48,30.279501,17.779501,0.0,16.179985,1.0,50.75594,935.6401,28.94,Mainly clear
2010-07-09 21:00:00+00:00,MUĞLA,48,30.3795,18.529501,0.0,12.261157,0.0,47.722107,937.0545,27.41,Clear sky
2010-07-10 21:00:00+00:00,MUĞLA,48,31.529501,19.1295,0.0,12.229406,0.0,54.992977,938.3289,27.94,Clear sky
2010-07-11 21:00:00+00:00,MUĞLA,48,34.429497,20.4795,0.0,12.904882,0.0,51.251953,937.4178,28.73,Clear sky
2010-07-12 21:00:00+00:00,MUĞLA,48,35.3295,21.6295,0.0,14.904173,0.0,42.401047,935.0926,29.16,Clear sky
2010-07-13 21:00:00+00:00,MUĞLA,48,35.2795,21.8795,0.0,13.661038,0.0,36.957016,932.8946,29.24,Clear sky
2010-07-14 21:00:00+00:00,MUĞLA,48,35.7295,22.7295,0.0,11.753877,1.0,36.78377,932.10834,28.68,Mainly clear
2010-07-15 21:00:00+00:00,MUĞLA,48,34.3295,23.0795,0.0,8.161764,3.0,40.46505,934.3001,24.58,Overcast
2010-07-16 21:00:00+00:00,MUĞLA,48,34.8295,22.4795,0.4,8.759178,51.0,45.41364,935.87744,27.69,Drizzle: Light
2010-07-17 21:00:00+00:00,MUĞLA,48,33.7295,21.279501,0.3,9.931042,51.0,48.655827,935.98065,28.75,Drizzle: Light
2010-07-18 21:00:00+00:00,MUĞLA,48,33.4295,21.029501,0.0,14.021525,1.0,51.61897,935.75275,26.96,Mainly clear
2010-07-19 21:00:00+00:00,MUĞLA,48,33.3295,20.6295,2.6,9.826088,61.0,49.565235,934.62256,25.67,Rain: Slight
2010-07-20 21:00:00+00:00,MUĞLA,48,34.679497,21.029501,0.0,14.003028,2.0,41.42317,933.88165,28.48,Partly cloudy
2010-07-21 21:00:00+00:00,MUĞLA,48,34.8295,22.2295,0.0,8.669949,2.0,40.972656,932.8022,26.13,Partly cloudy
2010-07-22 21:00:00+00:00,MUĞLA,48,35.2295,23.9295,0.0,9.387651,2.0,40.085224,932.64703,25.06,Partly cloudy
2010-07-23 21:00:00+00:00,MUĞLA,48,34.3295,23.029501,0.0,14.05845,0.0,33.32194,931.509,28.6,Clear sky
2010-07-24 21:00:00+00:00,MUĞLA,48,34.429497,21.6795,0.0,13.392774,1.0,39.74848,929.47406,27.66,Mainly clear
2010-07-25 21:00:00+00:00,MUĞLA,48,28.0795,21.1295,0.0,18.72,1.0,64.9491,931.92474,24.99,Mainly clear
2010-07-26 21:00:00+00:00,MUĞLA,48,28.3795,19.1795,0.0,10.8955765,2.0,69.03953,937.12933,21.02,Partly cloudy
2010-07-27 21:00:00+00:00,MUĞLA,48,33.0795,19.4295,0.0,17.148247,0.0,52.935238,936.32367,28.2,Clear sky
2010-07-28 21:00:00+00:00,MUĞLA,48,35.7795,20.6295,0.0,11.435313,0.0,39.599373,933.46027,28.06,Clear sky
2010-07-29 21:00:00+00:00,MUĞLA,48,35.9795,22.029501,0.0,13.397612,0.0,41.04106,935.3016,28.18,Clear sky
2010-07-30 21:00:00+00:00,MUĞLA,48,36.5795,22.7295,0.0,11.720751,0.0,43.18713,937.1584,27.26,Clear sky
2010-07-31 21:00:00+00:00,MUĞLA,48,38.129498,22.279501,0.0,11.440979,0.0,39.3666,937.23773,26.55,Clear sky
2010-08-01 21:00:00+00:00,MUĞLA,48,39.8295,23.279501,0.0,11.928989,1.0,36.302124,935.9904,27.71,Mainly clear
2010-08-02 21:00:00+00:00,MUĞLA,48,40.179497,24.1295,0.0,13.039754,0.0,34.497658,932.9815,27.76,Clear sky
2010-08-03 21:00:00+00:00,MUĞLA,48,38.3295,22.8295,0.0,12.599998,1.0,41.98887,930.5108,24.83,Mainly clear
2010-08-04 21:00:00+00:00,MUĞLA,48,32.129498,23.7295,0.3,12.10157,51.0,58.372845,932.3689,24.43,Drizzle: Light
2010-08-05 21:00:00+00:00,MUĞLA,48,28.279501,23.029501,3.2,7.2,61.0,79.59261,936.81866,18.94,Rain: Slight
2010-08-06 21:00:00+00:00,MUĞLA,48,30.029501,22.8795,1.4000001,6.9247384,53.0,77.403206,939.2254,20.27,Drizzle: Moderate
2010-08-07 21:00:00+00:00,MUĞLA,48,34.429497,22.5795,3.3,9.449572,63.0,63.342167,936.7299,24.44,Rain: Moderate
2010-08-08 21:00:00+00:00,MUĞLA,48,35.4795,23.8295,3.6000001,9.360001,63.0,61.503384,934.8383,24.96,Rain: Moderate
2010-08-09 21:00:00+00:00,MUĞLA,48,35.5795,23.529501,1.1,8.287822,53.0,54.32407,934.95233,24.56,Drizzle: Moderate
2010-08-10 21:00:00+00:00,MUĞLA,48,35.5795,22.5795,0.0,9.178235,2.0,50.518738,936.4002,23.73,Partly cloudy
2010-08-11 21:00:00+00:00,MUĞLA,48,36.0295,22.9295,0.0,9.114471,3.0,52.31929,937.2857,23.05,Overcast
2010-08-12 21:00:00+00:00,MUĞLA,48,37.429497,24.0795,0.0,9.220499,2.0,46.255787,937.8852,25.3,Partly cloudy
2010-08-13 21:00:00+00:00,MUĞLA,48,37.8295,23.8295,0.0,12.429127,0.0,39.462967,938.0346,26.48,Clear sky
2010-08-14 21:00:00+00:00,MUĞLA,48,38.5795,24.279501,0.0,8.64,2.0,38.313473,936.8615,26.34,Partly cloudy
2010-08-15 21:00:00+00:00,MUĞLA,48,38.2295,24.1295,0.0,13.276144,0.0,35.471066,936.37555,26.5,Clear sky
2010-08-16 21:00:00+00:00,MUĞLA,48,37.0295,22.6295,0.0,12.984975,0.0,42.446354,935.8344,26.38,Clear sky
2010-08-17 21:00:00+00:00,MUĞLA,48,37.429497,23.029501,0.0,11.659777,0.0,44.200558,933.528,25.84,Clear sky
2010-08-18 21:00:00+00:00,MUĞLA,48,37.129498,23.779501,0.0,12.031756,0.0,37.887016,935.65753,25.78,Clear sky
2010-08-19 21:00:00+00:00,MUĞLA,48,38.8295,24.3795,0.0,11.304229,2.0,41.847347,937.9329,25.43,Partly cloudy
2010-08-20 21:00:00+00:00,MUĞLA,48,38.179497,25.4795,0.0,9.693296,0.0,30.463667,937.4534,25.42,Clear sky
2010-08-21 21:00:00+00:00,MUĞLA,48,36.429497,25.2295,0.0,8.707237,1.0,31.531328,934.7592,23.26,Mainly clear
2010-08-22 21:00:00+00:00,MUĞLA,48,35.179497,23.4795,0.3,10.990322,51.0,38.858555,933.98517,23.82,Drizzle: Light
2010-08-23 21:00:00+00:00,MUĞLA,48,35.4795,22.1795,0.0,9.686609,2.0,43.89795,934.7649,23.14,Partly cloudy
2010-08-24 21:00:00+00:00,MUĞLA,48,36.8295,23.0795,0.0,12.538134,1.0,35.359512,934.88983,24.48,Mainly clear
2010-08-25 21:00:00+00:00,MUĞLA,48,36.629498,22.4795,0.0,15.844089,0.0,22.206816,934.6386,25.75,Clear sky
2010-08-26 21:00:00+00:00,MUĞLA,48,36.129498,22.029501,0.0,14.386494,0.0,21.026278,935.0937,25.26,Clear sky
2010-08-27 21:00:00+00:00,MUĞLA,48,34.929497,20.779501,0.0,13.830749,0.0,30.957579,934.51886,24.81,Clear sky
2010-08-28 21:00:00+00:00,MUĞLA,48,32.379498,20.8795,0.0,12.879752,0.0,40.78493,934.96387,24.88,Clear sky
2010-08-29 21:00:00+00:00,MUĞLA,48,33.2295,19.029501,0.0,11.983188,0.0,45.3167,934.71405,24.55,Clear sky
2010-08-30 21:00:00+00:00,MUĞLA,48,30.4795,19.3795,0.0,14.48972,1.0,57.697952,931.976,23.56,Mainly clear
2010-08-31 21:00:00+00:00,MUĞLA,48,26.6795,19.3795,1.0,15.94601,51.0,66.52995,931.64307,18.58,Drizzle: Light
2010-09-01 21:00:00+00:00,MUĞLA,48,27.9795,15.3295,0.0,15.188415,0.0,35.15666,937.65137,24.66,Clear sky
2010-09-02 21:00:00+00:00,MUĞLA,48,29.9295,15.2795,0.0,10.703569,0.0,30.246101,939.4803,24.54,Clear sky
2010-09-03 21:00:00+00:00,MUĞLA,48,32.5295,16.0295,0.0,10.739833,0.0,33.039238,938.1905,23.9,Clear sky
2010-09-04 21:00:00+00:00,MUĞLA,48,32.5795,19.8295,0.0,12.261157,1.0,33.46553,937.09576,23.0,Mainly clear
2010-09-05 21:00:00+00:00,MUĞLA,48,31.4795,19.8295,0.3,14.154915,51.0,42.53097,935.83405,23.38,Drizzle: Light
2010-09-06 21:00:00+00:00,MUĞLA,48,31.029501,18.1795,0.0,13.1041975,1.0,42.974518,935.8806,23.1,Mainly clear
2010-09-07 21:00:00+00:00,MUĞLA,48,31.4795,18.779501,0.0,12.229406,0.0,39.05752,938.55615,23.07,Clear sky
2010-09-08 21:00:00+00:00,MUĞLA,48,32.379498,18.1795,0.0,12.538134,3.0,41.96339,938.7717,21.45,Overcast
2010-09-09 21:00:00+00:00,MUĞLA,48,32.9795,18.4295,0.0,11.304229,1.0,46.65822,935.91406,21.69,Mainly clear
2010-09-10 21:00:00+00:00,MUĞLA,48,30.4795,18.9795,0.0,13.849477,0.0,59.198704,934.5295,21.9,Clear sky
2010-09-11 21:00:00+00:00,MUĞLA,48,25.5795,17.9295,0.0,13.0447235,3.0,68.87853,935.88544,18.1,Overcast
2010-09-12 21:00:00+00:00,MUĞLA,48,27.8795,15.929501,0.0,14.113652,3.0,55.723648,936.63916,21.02,Overcast
2010-09-13 21:00:00+00:00,MUĞLA,48,28.9295,16.5795,0.0,8.891344,2.0,47.40361,936.8659,21.43,Partly cloudy
2010-09-14 21:00:00+00:00,MUĞLA,48,29.5795,16.9795,0.0,11.304229,0.0,42.42208,937.5105,21.73,Clear sky
2010-09-15 21:00:00+00:00,MUĞLA,48,28.8295,16.6795,0.0,12.599998,0.0,53.68459,937.5257,20.94,Clear sky
2010-09-16 21:00:00+00:00,MUĞLA,48,29.8795,17.7295,0.2,11.525623,51.0,50.87849,937.4339,19.24,Drizzle: Light
2010-09-17 21:00:00+00:00,MUĞLA,48,33.4295,18.4795,0.0,9.904906,0.0,38.322224,938.57697,21.28,Clear sky
2010-09-18 21:00:00+00:00,MUĞLA,48,33.7795,18.529501,0.0,10.383987,3.0,33.182087,936.492,21.38,Overcast
2010-09-19 21:00:00+00:00,MUĞLA,48,31.9295,18.029501,0.0,11.4862,3.0,43.316742,935.75397,20.24,Overcast
2010-09-20 21:00:00+00:00,MUĞLA,48,31.9295,18.279501,1.0,8.4042845,53.0,44.93841,936.71655,19.25,Drizzle: Moderate
2010-09-21 21:00:00+00:00,MUĞLA,48,31.279501,18.279501,0.0,8.557102,3.0,42.19314,937.2629,19.63,Overcast
2010-09-22 21:00:00+00:00,MUĞLA,48,28.9295,18.779501,0.0,12.074766,3.0,53.93715,938.92596,19.54,Overcast
2010-09-23 21:00:00+00:00,MUĞLA,48,25.7295,16.8295,0.0,14.561099,3.0,64.70414,937.9524,19.32,Overcast
2010-09-24 21:00:00+00:00,MUĞLA,48,25.6795,15.4795,0.0,14.021525,3.0,63.371994,937.8227,16.88,Overcast
2010-09-25 21:00:00+00:00,MUĞLA,48,27.1795,18.529501,0.0,23.535301,3.0,56.71625,939.0522,17.37,Overcast
2010-09-26 21:00:00+00:00,MUĞLA,48,25.029501,18.779501,1.5000001,14.003029,51.0,69.484795,940.8916,14.4,Drizzle: Light
2010-09-27 21:00:00+00:00,MUĞLA,48,28.3295,14.6295,0.0,9.904906,3.0,59.273457,941.44135,19.17,Overcast
2010-09-28 21:00:00+00:00,MUĞLA,48,29.3795,18.6795,0.0,12.9249525,3.0,49.568176,938.6999,18.34,Overcast
2010-09-29 21:00:00+00:00,MUĞLA,48,23.6295,18.029501,5.2,13.551501,63.0,75.68811,938.3449,10.8,Rain: Moderate
2010-09-30 21:00:00+00:00,MUĞLA,48,24.8295,13.4795,0.0,10.829959,3.0,60.899982,938.19415,19.66,Overcast
2010-10-01 21:00:00+00:00,MUĞLA,48,23.1795,13.1295,0.0,12.10157,3.0,52.500103,939.02124,14.64,Overcast
2010-10-02 21:00:00+00:00,MUĞLA,48,23.779501,12.9795,0.0,17.076298,2.0,41.141315,939.4588,19.27,Partly cloudy
2010-10-03 21:00:00+00:00,MUĞLA,48,24.6295,11.9795,0.0,13.202726,1.0,34.616283,939.6987,18.98,Mainly clear
2010-10-04 21:00:00+00:00,MUĞLA,48,25.1295,12.2295,0.0,11.27553,3.0,36.22371,939.9969,18.44,Overcast
2010-10-05 21:00:00+00:00,MUĞLA,48,25.9295,12.3795,0.0,13.217443,3.0,40.758133,938.6489,17.95,Overcast
2010-10-06 21:00:00+00:00,MUĞLA,48,22.779501,14.429501,1.9,15.328561,53.0,61.701954,937.019,12.18,Drizzle: Moderate
2010-10-07 21:00:00+00:00,MUĞLA,48,17.4295,10.8295,0.1,19.9954,51.0,52.00485,935.1611,17.22,Drizzle: Light
2010-10-08 21:00:00+00:00,MUĞLA,48,16.2295,7.6295004,0.0,15.827721,0.0,52.13959,936.88336,17.99,Clear sky
2010-10-09 21:00:00+00:00,MUĞLA,48,18.4295,5.6295004,0.0,11.726277,0.0,48.28828,935.8837,18.35,Clear sky
2010-10-10 21:00:00+00:00,MUĞLA,48,21.3295,9.2795,0.0,10.296251,3.0,48.451046,938.2856,16.97,Overcast
2010-10-11 21:00:00+00:00,MUĞLA,48,19.6795,12.679501,2.0,9.422101,53.0,68.63171,940.688,6.44,Drizzle: Moderate
2010-10-12 21:00:00+00:00,MUĞLA,48,23.9795,14.5795,1.5,14.759999,53.0,80.874016,939.85065,15.09,Drizzle: Moderate
2010-10-13 21:00:00+00:00,MUĞLA,48,24.3795,16.5795,10.900001,17.935081,63.0,78.20745,936.017,8.76,Rain: Moderate
2010-10-14 21:00:00+00:00,MUĞLA,48,19.2295,15.179501,20.2,12.879752,63.0,92.683136,932.98895,10.59,Rain: Moderate
2010-10-15 21:00:00+00:00,MUĞLA,48,17.4795,13.9795,12.599999,9.885262,63.0,93.8761,935.59845,8.56,Rain: Moderate
2010-10-16 21:00:00+00:00,MUĞLA,48,20.1295,13.7295,0.5,11.269782,51.0,82.707214,939.2378,13.5,Drizzle: Light
2010-10-17 21:00:00+00:00,MUĞLA,48,18.3795,13.6295,6.9999995,16.595179,55.0,80.13317,937.92816,4.2,Drizzle: Dense
2010-10-18 21:00:00+00:00,MUĞLA,48,19.6795,15.5795,14.699999,18.681883,61.0,77.74845,936.52716,6.89,Rain: Slight
2010-10-19 21:00:00+00:00,MUĞLA,48,17.7295,13.9795,16.700003,14.332341,63.0,92.64521,937.7049,10.09,Rain: Moderate
2010-10-20 21:00:00+00:00,MUĞLA,48,19.1795,12.5295,1.1,9.957108,51.0,85.37733,943.166,11.74,Drizzle: Light
2010-10-21 21:00:00+00:00,MUĞLA,48,21.9295,11.8795,0.0,8.647496,2.0,73.99862,942.5478,14.85,Partly cloudy
2010-10-22 21:00:00+00:00,MUĞLA,48,21.8295,11.7295,0.0,7.8954163,3.0,68.34948,939.81537,14.98,Overcast
2010-10-23 21:00:00+00:00,MUĞLA,48,20.8795,10.7795,0.0,9.504273,2.0,76.620224,939.3879,14.32,Partly cloudy
2010-10-24 21:00:00+00:00,MUĞLA,48,20.5795,11.1295,0.0,9.178235,3.0,85.07067,940.3306,14.52,Overcast
2010-10-25 21:00:00+00:00,MUĞLA,48,20.4795,12.5295,0.2,11.503113,51.0,81.43448,942.4075,11.34,Drizzle: Light
2010-10-26 21:00:00+00:00,MUĞLA,48,19.0795,14.929501,2.6999998,8.891343,53.0,84.89025,941.79034,4.19,Drizzle: Moderate
2010-10-27 21:00:00+00:00,MUĞLA,48,16.8295,10.4795,38.499996,12.783802,65.0,84.770325,933.84174,7.06,Rain: Heavy
2010-10-28 21:00:00+00:00,MUĞLA,48,14.7795,8.4795,0.0,15.542662,3.0,79.79375,934.25946,10.47,Overcast
2010-10-29 21:00:00+00:00,MUĞLA,48,17.6795,7.0295,0.0,10.30883,0.0,65.5546,939.1641,14.65,Clear sky
2010-10-30 21:00:00+00:00,MUĞLA,48,18.8295,6.5795,0.0,6.519877,0.0,73.484825,942.2356,14.38,Clear sky
2010-10-31 21:00:00+00:00,MUĞLA,48,20.279501,6.6795,0.0,7.2359104,0.0,69.1698,942.0643,14.47,Clear sky
2010-11-01 21:00:00+00:00,MUĞLA,48,20.9795,7.0295,0.0,5.6920996,0.0,64.67112,941.38794,14.37,Clear sky
2010-11-02 21:00:00+00:00,MUĞLA,48,20.5795,8.0795,0.0,5.6920996,3.0,64.26604,943.9514,13.88,Overcast
2010-11-03 21:00:00+00:00,MUĞLA,48,22.0795,7.0795,0.0,7.42159,2.0,65.56496,946.91766,13.99,Partly cloudy
2010-11-04 21:00:00+00:00,MUĞLA,48,23.779501,7.4795003,0.0,8.049845,0.0,58.53429,945.5349,13.76,Clear sky
2010-11-05 21:00:00+00:00,MUĞLA,48,21.9795,8.5295,0.0,5.6002855,0.0,63.522354,940.6228,13.59,Clear sky
2010-11-06 21:00:00+00:00,MUĞLA,48,19.6795,8.8795,0.0,7.7879906,3.0,78.393036,938.08856,12.98,Overcast
2010-11-07 21:00:00+00:00,MUĞLA,48,18.1795,8.9795,0.0,11.620809,3.0,86.987434,939.06177,10.67,Overcast
2010-11-08 21:00:00+00:00,MUĞLA,48,17.6295,12.9795,0.0,19.9954,3.0,88.963936,938.99414,10.31,Overcast
2010-11-09 21:00:00+00:00,MUĞLA,48,18.279501,11.8295,0.0,19.586117,2.0,86.39646,942.9387,11.48,Partly cloudy
2010-11-10 21:00:00+00:00,MUĞLA,48,20.5795,11.0795,0.0,10.495713,3.0,68.92919,943.5654,12.13,Overcast
2010-11-11 21:00:00+00:00,MUĞLA,48,19.9295,11.429501,3.4000003,14.917212,53.0,64.52485,937.457,7.92,Drizzle: Moderate
2010-11-12 21:00:00+00:00,MUĞLA,48,19.2295,12.7295,0.4,9.085988,51.0,62.67653,937.5827,5.77,Drizzle: Light
2010-11-13 21:00:00+00:00,MUĞLA,48,21.8295,10.679501,0.0,10.799999,3.0,68.905594,940.0638,10.41,Overcast
2010-11-14 21:00:00+00:00,MUĞLA,48,18.2295,10.1295,1.9000001,12.522619,53.0,82.82404,941.60376,7.62,Drizzle: Moderate
2010-11-15 21:00:00+00:00,MUĞLA,48,18.0795,9.7795,0.0,13.202726,3.0,83.90554,940.72076,9.93,Overcast
2010-11-16 21:00:00+00:00,MUĞLA,48,17.5795,11.5795,0.0,12.245294,3.0,79.178825,939.00714,9.42,Overcast
2010-11-17 21:00:00+00:00,MUĞLA,48,18.4295,10.5295,0.0,8.404285,3.0,76.92596,942.3445,11.33,Overcast
2010-11-18 21:00:00+00:00,MUĞLA,48,20.1795,7.5295,0.0,6.9899354,0.0,76.60444,945.30975,11.56,Clear sky
2010-11-19 21:00:00+00:00,MUĞLA,48,19.029501,7.6795,0.0,9.0645685,3.0,72.68674,942.1723,11.08,Overcast
2010-11-20 21:00:00+00:00,MUĞLA,48,19.1295,8.3295,0.0,9.605998,3.0,69.90382,938.8696,11.58,Overcast
2010-11-21 21:00:00+00:00,MUĞLA,48,18.9295,6.5295,0.0,7.729527,3.0,64.51284,937.6337,11.5,Overcast
2010-11-22 21:00:00+00:00,MUĞLA,48,16.4295,9.8295,7.8999996,23.42491,63.0,77.46555,935.01666,8.33,Rain: Moderate
2010-11-23 21:00:00+00:00,MUĞLA,48,14.5295,10.0795,25.700008,19.559633,63.0,92.58799,934.3692,5.73,Rain: Moderate
2010-11-24 21:00:00+00:00,MUĞLA,48,14.2795,10.2295,18.000006,11.770403,61.0,93.74001,936.7815,6.36,Rain: Slight
2010-11-25 21:00:00+00:00,MUĞLA,48,15.0795,10.7295,16.8,12.959999,61.0,96.11559,938.31976,5.08,Rain: Slight
2010-11-26 21:00:00+00:00,MUĞLA,48,16.7295,12.6295,1.9000001,17.651016,53.0,89.20475,940.87933,8.22,Drizzle: Moderate
2010-11-27 21:00:00+00:00,MUĞLA,48,18.0795,12.7295,0.0,15.844089,3.0,77.077354,943.4462,9.09,Overcast
2010-11-28 21:00:00+00:00,MUĞLA,48,19.029501,11.4795,0.0,13.556282,3.0,63.78032,942.63495,10.31,Overcast
2010-11-29 21:00:00+00:00,MUĞLA,48,18.2295,10.0295,0.0,11.27553,3.0,68.10393,942.35675,9.33,Overcast
2010-11-30 21:00:00+00:00,MUĞLA,48,18.6295,10.0795,0.0,11.165805,3.0,72.67364,942.7873,10.5,Overcast
2010-12-01 21:00:00+00:00,MUĞLA,48,19.3295,11.4795,0.0,9.220499,3.0,61.308395,944.16504,6.96,Overcast
2010-12-02 21:00:00+00:00,MUĞLA,48,19.3795,12.2795,0.0,12.144331,3.0,68.629036,944.24506,9.6,Overcast
2010-12-03 21:00:00+00:00,MUĞLA,48,17.8295,11.0295,0.0,17.106628,3.0,82.50744,940.68335,10.13,Overcast
2010-12-04 21:00:00+00:00,MUĞLA,48,13.8795,8.3795,7.1,15.124284,61.0,86.94236,937.3443,6.15,Rain: Slight
2010-12-05 21:00:00+00:00,MUĞLA,48,12.5795,5.8795004,0.0,11.792404,3.0,76.546906,937.78345,9.83,Overcast
2010-12-06 21:00:00+00:00,MUĞLA,48,15.5795,4.2295003,0.0,8.089993,0.0,66.9019,938.1984,10.26,Clear sky
2010-12-07 21:00:00+00:00,MUĞLA,48,15.8795,6.1795,0.0,4.8433046,0.0,73.12744,941.535,9.88,Clear sky
2010-12-08 21:00:00+00:00,MUĞLA,48,14.7295,7.9295,1.4000001,7.5685663,51.0,91.43093,938.7895,4.35,Drizzle: Light
2010-12-09 21:00:00+00:00,MUĞLA,48,13.0295,8.6295,27.200005,12.758432,63.0,97.66929,927.1858,3.81,Rain: Moderate
2010-12-10 21:00:00+00:00,MUĞLA,48,8.6295,-0.42049992,3.3000002,22.007162,73.0,86.108246,916.9041,5.01,Snow fall: Moderate
2010-12-11 21:00:00+00:00,MUĞLA,48,2.3295002,-2.3205,0.8000001,22.253124,71.0,73.39657,923.8143,9.39,Snow fall: Slight
2010-12-12 21:00:00+00:00,MUĞLA,48,4.9795003,-3.2205,12.3,12.979984,73.0,79.095024,930.71295,3.14,Snow fall: Moderate
2010-12-13 21:00:00+00:00,MUĞLA,48,11.2795,5.2295003,15.900001,10.390226,61.0,96.267586,931.2322,6.28,Rain: Slight
2010-12-14 21:00:00+00:00,MUĞLA,48,10.3295,3.2295,0.0,7.9036193,3.0,82.16575,934.02045,6.8,Overcast
2010-12-15 21:00:00+00:00,MUĞLA,48,10.3295,5.2795,30.9,25.922499,63.0,90.513306,928.4003,5.05,Rain: Moderate
2010-12-16 21:00:00+00:00,MUĞLA,48,9.2795,4.8295,20.7,21.479666,63.0,89.744865,925.28766,7.19,Rain: Moderate
2010-12-17 21:00:00+00:00,MUĞLA,48,8.5795,1.6295,0.8,10.514218,51.0,88.16723,936.07355,6.68,Drizzle: Light
2010-12-18 21:00:00+00:00,MUĞLA,48,10.2795,5.5795,3.4000003,10.948973,53.0,91.210976,940.73334,2.89,Drizzle: Moderate
2010-12-19 21:00:00+00:00,MUĞLA,48,12.3295,7.3795004,2.6000004,17.418196,53.0,91.68473,944.65546,6.61,Drizzle: Moderate
2010-12-20 21:00:00+00:00,MUĞLA,48,14.179501,7.7795,0.3,11.177405,51.0,90.02427,946.021,6.97,Drizzle: Light
2010-12-21 21:00:00+00:00,MUĞLA,48,15.929501,8.6795,0.0,8.209263,3.0,84.24016,945.1157,9.31,Overcast
2010-12-22 21:00:00+00:00,MUĞLA,48,15.0795,7.1795,0.0,4.68,3.0,77.006134,941.8406,9.35,Overcast
2010-12-23 21:00:00+00:00,MUĞLA,48,15.5795,7.4295,0.0,11.631956,3.0,81.94028,940.55145,9.08,Overcast
2010-12-24 21:00:00+00:00,MUĞLA,48,14.7295,8.4795,0.0,24.1388,3.0,83.76742,939.5097,7.92,Overcast
2010-12-25 21:00:00+00:00,MUĞLA,48,14.0295,10.929501,3.2000003,23.933908,51.0,84.809235,939.8708,5.14,Drizzle: Light
2010-12-26 21:00:00+00:00,MUĞLA,48,15.5795,10.3295,0.3,13.450708,51.0,72.337814,939.8755,5.05,Drizzle: Light
2010-12-27 21:00:00+00:00,MUĞLA,48,15.0295,9.6295,0.2,16.520823,51.0,66.57013,935.9533,8.1,Drizzle: Light
2010-12-28 21:00:00+00:00,MUĞLA,48,14.3795,7.8795004,3.6000001,7.9526596,53.0,88.66977,937.3665,6.9,Drizzle: Moderate
2010-12-29 21:00:00+00:00,MUĞLA,48,11.8795,5.2795,0.0,12.496719,3.0,86.062126,937.627,6.91,Overcast
2010-12-30 21:00:00+00:00,MUĞLA,48,10.3295,2.7795,0.0,9.531505,3.0,73.72034,939.6412,10.58,Overcast
2010-12-31 21:00:00+00:00,MUĞLA,48,10.3795,-0.0704999,0.0,7.42159,2.0,64.27041,938.90814,10.81,Partly cloudy
2011-01-01 21:00:00+00:00,MUĞLA,48,9.9795,1.8795002,0.0,12.979984,3.0,74.00007,938.05273,8.64,Overcast
2011-01-02 21:00:00+00:00,MUĞLA,48,7.8295,5.8795004,12.9,13.896187,61.0,96.4498,934.6465,2.35,Rain: Slight
2011-01-03 21:00:00+00:00,MUĞLA,48,10.7295,3.2295,0.8,7.24486,51.0,89.29532,934.4866,7.71,Drizzle: Light
2011-01-04 21:00:00+00:00,MUĞLA,48,9.5795,3.8295002,0.0,7.754637,3.0,87.18212,938.4314,6.47,Overcast
2011-01-05 21:00:00+00:00,MUĞLA,48,9.9795,2.2295,0.0,10.661107,1.0,78.102104,941.9406,10.3,Mainly clear
2011-01-06 21:00:00+00:00,MUĞLA,48,7.3795004,-0.27049994,0.0,15.893093,0.0,70.0768,943.8647,11.25,Clear sky
2011-01-07 21:00:00+00:00,MUĞLA,48,9.8295,0.1795001,0.0,11.631956,0.0,61.40033,943.5755,11.3,Clear sky
2011-01-08 21:00:00+00:00,MUĞLA,48,12.2795,-0.0704999,0.0,9.178235,2.0,61.555614,942.8691,10.93,Partly cloudy
2011-01-09 21:00:00+00:00,MUĞLA,48,13.929501,1.2795,0.0,8.049845,2.0,63.847706,942.89624,11.12,Partly cloudy
2011-01-10 21:00:00+00:00,MUĞLA,48,12.2795,1.7795001,0.0,7.6367526,3.0,79.113304,942.553,8.99,Overcast
2011-01-11 21:00:00+00:00,MUĞLA,48,10.7795,4.5295,2.3,13.905509,53.0,89.97335,940.18,6.87,Drizzle: Moderate
2011-01-12 21:00:00+00:00,MUĞLA,48,9.5795,4.0295,8.1,5.1544156,61.0,92.69266,936.05615,3.42,Rain: Slight
2011-01-13 21:00:00+00:00,MUĞLA,48,12.8295,2.1295002,0.0,10.594036,3.0,82.66912,935.41797,10.21,Overcast
2011-01-14 21:00:00+00:00,MUĞLA,48,13.0795,1.9795,0.0,9.6932955,3.0,77.79177,937.0581,11.47,Overcast
2011-01-15 21:00:00+00:00,MUĞLA,48,10.8795,2.0795002,1.8000001,6.763786,53.0,83.086876,936.67523,6.89,Drizzle: Moderate
2011-01-16 21:00:00+00:00,MUĞLA,48,12.1295,1.1795001,0.0,10.464797,3.0,75.472466,939.6672,11.85,Overcast
2011-01-17 21:00:00+00:00,MUĞLA,48,13.2295,1.3295001,0.0,6.9247384,0.0,72.24976,940.66034,11.97,Clear sky
2011-01-18 21:00:00+00:00,MUĞLA,48,13.6295,0.6795001,0.0,4.829907,0.0,70.55079,940.0048,12.06,Clear sky
2011-01-19 21:00:00+00:00,MUĞLA,48,11.8295,3.1295,0.0,8.825508,3.0,81.44208,940.06036,10.27,Overcast
2011-01-20 21:00:00+00:00,MUĞLA,48,10.179501,4.1295,4.8999996,17.555305,53.0,92.30044,941.5664,6.89,Drizzle: Moderate
2011-01-21 21:00:00+00:00,MUĞLA,48,9.1795,4.8795,3.9000003,14.587776,53.0,93.95761,941.4517,6.33,Drizzle: Moderate
2011-01-22 21:00:00+00:00,MUĞLA,48,10.679501,5.2795,11.9,15.629971,61.0,95.99595,941.05536,5.59,Rain: Slight
2011-01-23 21:00:00+00:00,MUĞLA,48,9.7295,5.7295003,24.200003,14.84318,63.0,94.033905,938.17145,6.27,Rain: Moderate
2011-01-24 21:00:00+00:00,MUĞLA,48,8.2795,2.0795002,28.0,14.869351,71.0,94.99035,931.8698,6.38,Snow fall: Slight
2011-01-25 21:00:00+00:00,MUĞLA,48,7.3295,-0.17049992,0.0,8.557102,3.0,75.753174,933.47394,11.62,Overcast
2011-01-26 21:00:00+00:00,MUĞLA,48,8.4795,-1.0204998,0.0,9.449572,3.0,66.70385,937.34467,13.27,Overcast
2011-01-27 21:00:00+00:00,MUĞLA,48,6.4295,0.07950008,18.7,12.738099,71.0,82.17914,935.5908,3.46,Snow fall: Slight
2011-01-28 21:00:00+00:00,MUĞLA,48,10.0795,3.5295,10.700002,11.043261,61.0,91.47186,929.8177,6.54,Rain: Slight
2011-01-29 21:00:00+00:00,MUĞLA,48,7.4295,0.029500127,0.0,18.584509,1.0,71.9278,932.87384,12.89,Mainly clear
2011-01-30 21:00:00+00:00,MUĞLA,48,7.8295,-0.7204999,0.0,12.904882,0.0,62.688564,935.18256,13.86,Clear sky
2011-01-31 21:00:00+00:00,MUĞLA,48,6.2295003,-0.9204999,0.0,14.88242,0.0,54.836224,936.77325,14.16,Clear sky
2011-02-01 21:00:00+00:00,MUĞLA,48,9.6295,-2.0705,0.0,8.39657,1.0,52.460583,939.5271,14.27,Mainly clear
2011-02-02 21:00:00+00:00,MUĞLA,48,8.1795,1.3795,4.1000004,9.957108,53.0,80.21459,938.2202,4.29,Drizzle: Moderate
2011-02-03 21:00:00+00:00,MUĞLA,48,8.9295,2.6795,17.6,11.435313,61.0,91.73142,935.0103,5.55,Rain: Slight
2011-02-04 21:00:00+00:00,MUĞLA,48,12.3295,2.5295,0.2,6.9247384,51.0,85.46244,941.7978,11.25,Drizzle: Light
2011-02-05 21:00:00+00:00,MUĞLA,48,13.7795,0.8295001,0.0,6.924738,1.0,79.45904,943.7634,13.74,Mainly clear
2011-02-06 21:00:00+00:00,MUĞLA,48,15.0295,1.6295,0.0,8.699793,0.0,71.1739,939.3748,14.42,Clear sky
2011-02-07 21:00:00+00:00,MUĞLA,48,14.7295,1.5795001,0.0,8.0899935,0.0,65.822975,939.3137,14.63,Clear sky
2011-02-08 21:00:00+00:00,MUĞLA,48,14.3795,1.1295002,0.0,8.350138,0.0,74.61692,936.7324,14.69,Clear sky
2011-02-09 21:00:00+00:00,MUĞLA,48,13.1295,1.7295,0.0,15.596767,0.0,61.729557,934.9841,15.19,Clear sky
2011-02-10 21:00:00+00:00,MUĞLA,48,12.6295,0.6795001,0.0,10.948973,0.0,52.07123,939.0649,15.76,Clear sky
2011-02-11 21:00:00+00:00,MUĞLA,48,11.3295,1.3295001,0.0,11.966954,3.0,66.299446,938.3289,14.44,Overcast
2011-02-12 21:00:00+00:00,MUĞLA,48,11.4795,5.6795,0.2,7.24486,51.0,83.75347,937.7022,9.14,Drizzle: Light
2011-02-13 21:00:00+00:00,MUĞLA,48,11.0795,3.8295002,2.5,9.83268,53.0,90.57336,934.84503,9.75,Drizzle: Moderate
2011-02-14 21:00:00+00:00,MUĞLA,48,11.5295,5.4795003,7.3999996,4.8433046,61.0,84.791725,928.51373,7.48,Rain: Slight
2011-02-15 21:00:00+00:00,MUĞLA,48,12.2795,1.7795001,0.0,11.928989,3.0,78.61688,931.4118,14.1,Overcast
2011-02-16 21:00:00+00:00,MUĞLA,48,13.0795,0.72950006,0.0,6.5693827,2.0,70.40074,938.5551,15.85,Partly cloudy
2011-02-17 21:00:00+00:00,MUĞLA,48,13.4795,5.1795,0.1,19.191748,51.0,78.44157,936.91156,14.7,Drizzle: Light
2011-02-18 21:00:00+00:00,MUĞLA,48,11.0795,7.0795,37.699997,19.513195,63.0,90.687965,923.08417,8.95,Rain: Moderate
2011-02-19 21:00:00+00:00,MUĞLA,48,12.3295,5.8795004,0.5,16.1198,51.0,81.12468,927.21185,12.66,Drizzle: Light
2011-02-20 21:00:00+00:00,MUĞLA,48,12.7795,2.6795,0.0,9.346143,3.0,77.504036,934.3069,15.9,Overcast
2011-02-21 21:00:00+00:00,MUĞLA,48,10.4795,5.4795003,16.900002,14.113653,61.0,93.07794,933.54474,7.89,Rain: Slight
2011-02-22 21:00:00+00:00,MUĞLA,48,13.6295,6.2295003,3.6000001,17.555307,53.0,78.364975,932.2696,12.27,Drizzle: Moderate
2011-02-23 21:00:00+00:00,MUĞLA,48,10.5295,6.8295,9.799999,12.864649,61.0,93.98325,933.654,7.15,Rain: Slight
2011-02-24 21:00:00+00:00,MUĞLA,48,11.679501,3.4795,9.299999,10.233123,61.0,87.080376,929.06793,10.64,Rain: Slight
2011-02-25 21:00:00+00:00,MUĞLA,48,12.9795,3.1295,0.1,7.9036193,51.0,81.42292,931.4756,13.09,Drizzle: Light
2011-02-26 21:00:00+00:00,MUĞLA,48,12.0295,4.6295,6.5000005,11.525623,61.0,86.9603,932.6169,10.86,Rain: Slight
2011-02-27 21:00:00+00:00,MUĞLA,48,13.9795,4.1795,1.2,7.7879906,53.0,78.9358,936.165,15.02,Drizzle: Moderate
2011-02-28 21:00:00+00:00,MUĞLA,48,14.1295,3.1295,0.0,7.10031,2.0,80.90364,941.3879,16.23,Partly cloudy
2011-03-01 21:00:00+00:00,MUĞLA,48,16.8795,2.9795,0.0,5.6233797,3.0,78.21351,944.2702,17.78,Overcast
2011-03-02 21:00:00+00:00,MUĞLA,48,18.1295,5.0295,0.3,7.2,51.0,76.53012,944.5988,16.36,Drizzle: Light
2011-03-03 21:00:00+00:00,MUĞLA,48,18.5795,5.7295003,0.0,9.673221,3.0,72.575615,943.5234,18.39,Overcast
2011-03-04 21:00:00+00:00,MUĞLA,48,17.5795,4.9295,0.0,7.8954163,3.0,68.523476,939.4697,16.7,Overcast
2011-03-05 21:00:00+00:00,MUĞLA,48,12.7295,6.4795003,10.8,11.525623,63.0,87.613716,931.71387,11.32,Rain: Moderate
2011-03-06 21:00:00+00:00,MUĞLA,48,10.929501,5.1295,6.0999994,9.779817,61.0,87.504005,929.97284,12.63,Rain: Slight
2011-03-07 21:00:00+00:00,MUĞLA,48,5.0295,-0.5204998,10.2,17.373497,73.0,86.60932,928.33496,8.47,Snow fall: Moderate
2011-03-08 21:00:00+00:00,MUĞLA,48,2.3795002,-2.9705,0.8,24.609364,71.0,71.99607,930.304,15.31,Snow fall: Slight
2011-03-09 21:00:00+00:00,MUĞLA,48,4.0795,-4.5204997,0.0,16.039202,3.0,67.80126,936.65674,18.13,Overcast
2011-03-10 21:00:00+00:00,MUĞLA,48,9.5795,-4.9705,0.0,12.413477,0.0,63.091766,938.0804,20.02,Clear sky
2011-03-11 21:00:00+00:00,MUĞLA,48,13.2795,-0.27049994,0.0,6.439876,0.0,61.505524,943.76807,20.54,Clear sky
2011-03-12 21:00:00+00:00,MUĞLA,48,15.5795,0.77950007,0.0,8.39657,0.0,67.45721,946.5115,20.76,Clear sky
2011-03-13 21:00:00+00:00,MUĞLA,48,17.7295,1.2295,0.0,6.162207,1.0,69.93252,947.7436,20.99,Mainly clear
2011-03-14 21:00:00+00:00,MUĞLA,48,16.6795,6.0295,0.0,10.636766,3.0,71.82742,948.29425,20.4,Overcast
2011-03-15 21:00:00+00:00,MUĞLA,48,17.2295,5.0295,0.0,8.427383,3.0,78.544655,947.2886,20.15,Overcast
2011-03-16 21:00:00+00:00,MUĞLA,48,18.6795,7.1795,0.0,8.825508,3.0,66.27619,943.7571,18.44,Overcast
2011-03-17 21:00:00+00:00,MUĞLA,48,11.0295,8.5795,13.0,9.255571,55.0,86.091774,940.44806,3.57,Drizzle: Dense
2011-03-18 21:00:00+00:00,MUĞLA,48,15.929501,6.6295004,0.0,12.397806,1.0,74.91069,937.5606,20.56,Mainly clear
2011-03-19 21:00:00+00:00,MUĞLA,48,14.1295,4.2795,4.1,10.105681,55.0,86.842735,936.4168,15.13,Drizzle: Dense
2011-03-20 21:00:00+00:00,MUĞLA,48,14.7295,4.0295,4.3999996,7.5599995,61.0,84.48984,936.1159,15.61,Rain: Slight
2011-03-21 21:00:00+00:00,MUĞLA,48,14.3295,3.6295,0.0,15.0038395,3.0,63.90413,939.0627,20.07,Overcast
2011-03-22 21:00:00+00:00,MUĞLA,48,13.1295,2.6295,1.6,10.365251,61.0,59.99994,939.01324,20.39,Rain: Slight
2011-03-23 21:00:00+00:00,MUĞLA,48,12.8295,1.9295001,0.0,20.46941,1.0,52.83177,938.9436,22.9,Mainly clear
2011-03-24 21:00:00+00:00,MUĞLA,48,16.8795,3.3795,0.0,13.584932,0.0,54.03049,943.16455,22.91,Clear sky
2011-03-25 21:00:00+00:00,MUĞLA,48,15.179501,6.7795,0.0,14.336861,3.0,65.95223,944.1062,22.59,Overcast
2011-03-26 21:00:00+00:00,MUĞLA,48,12.2295,5.7795,1.6,12.7279215,51.0,85.20434,943.0132,12.76,Drizzle: Light
2011-03-27 21:00:00+00:00,MUĞLA,48,15.8795,5.5295,0.70000005,8.759178,51.0,80.83106,942.3494,19.58,Drizzle: Light
2011-03-28 21:00:00+00:00,MUĞLA,48,15.429501,6.2295003,0.0,11.792404,3.0,82.03471,942.0974,19.1,Overcast
2011-03-29 21:00:00+00:00,MUĞLA,48,16.2295,5.9795003,0.2,14.003029,51.0,73.74221,941.667,19.17,Drizzle: Light
2011-03-30 21:00:00+00:00,MUĞLA,48,16.9295,7.6795,2.9000003,9.686609,55.0,74.99262,941.0765,12.44,Drizzle: Dense
2011-03-31 21:00:00+00:00,MUĞLA,48,20.9795,8.5295,0.5,9.6932955,53.0,71.24754,937.33716,17.37,Drizzle: Moderate
2011-04-01 21:00:00+00:00,MUĞLA,48,13.2295,8.2295,10.299999,14.561099,61.0,88.44651,932.88306,13.51,Rain: Slight
2011-04-02 21:00:00+00:00,MUĞLA,48,12.7295,8.4295,12.2,7.24486,61.0,93.725655,930.8066,11.3,Rain: Slight
2011-04-03 21:00:00+00:00,MUĞLA,48,15.4795,6.4295,6.5,9.504272,61.0,84.46917,931.8505,18.41,Rain: Slight
2011-04-04 21:00:00+00:00,MUĞLA,48,17.9295,4.6295,0.0,10.00256,3.0,69.67187,934.3708,22.55,Overcast
2011-04-05 21:00:00+00:00,MUĞLA,48,16.8295,6.9795003,8.900001,6.2145634,63.0,72.843346,934.4604,19.17,Rain: Moderate
2011-04-06 21:00:00+00:00,MUĞLA,48,16.5795,6.4295,15.6,6.9899354,63.0,85.37484,935.0318,19.91,Rain: Moderate
2011-04-07 21:00:00+00:00,MUĞLA,48,18.029501,4.3795,0.0,12.979984,3.0,78.29374,935.0317,23.27,Overcast
2011-04-08 21:00:00+00:00,MUĞLA,48,16.2795,7.5795,0.8,10.948973,51.0,85.34991,933.85425,16.06,Drizzle: Light
2011-04-09 21:00:00+00:00,MUĞLA,48,18.529501,7.1795,0.0,15.141414,3.0,73.62055,931.2045,22.2,Overcast
2011-04-10 21:00:00+00:00,MUĞLA,48,14.679501,5.4795003,0.4,18.278645,51.0,59.363094,929.9033,23.88,Drizzle: Light
2011-04-11 21:00:00+00:00,MUĞLA,48,12.5795,2.3795002,0.0,19.134262,1.0,54.35695,935.4399,25.52,Mainly clear
2011-04-12 21:00:00+00:00,MUĞLA,48,15.7795,2.8795,0.0,14.48972,2.0,73.22292,938.01324,22.09,Partly cloudy
2011-04-13 21:00:00+00:00,MUĞLA,48,12.3295,7.3795004,19.999998,25.56,63.0,92.60837,935.00116,14.53,Rain: Moderate
2011-04-14 21:00:00+00:00,MUĞLA,48,15.679501,3.3795,0.0,12.303366,3.0,70.3684,934.7375,25.25,Overcast
2011-04-15 21:00:00+00:00,MUĞLA,48,17.9295,5.4295,0.0,9.1641035,3.0,70.14056,935.99176,21.89,Overcast
2011-04-16 21:00:00+00:00,MUĞLA,48,20.4795,7.5295,1.1,13.493999,51.0,70.717125,937.1367,17.25,Drizzle: Light
2011-04-17 21:00:00+00:00,MUĞLA,48,16.7295,9.9795,6.0,16.454008,55.0,76.31982,932.8808,17.95,Drizzle: Dense
2011-04-18 21:00:00+00:00,MUĞLA,48,12.4795,7.3795004,6.7999997,10.086427,61.0,85.364235,930.5506,16.1,Rain: Slight
2011-04-19 21:00:00+00:00,MUĞLA,48,14.3295,5.6295004,12.1,8.39657,63.0,85.52082,931.9978,19.32,Rain: Moderate
2011-04-20 21:00:00+00:00,MUĞLA,48,15.8795,5.1295,0.0,12.475961,3.0,68.593925,934.6469,22.06,Overcast
2011-04-21 21:00:00+00:00,MUĞLA,48,18.529501,5.1795,0.0,8.891344,2.0,60.97861,933.45703,26.31,Partly cloudy
2011-04-22 21:00:00+00:00,MUĞLA,48,18.7295,6.1795,1.0,8.473393,53.0,65.617096,933.43146,25.79,Drizzle: Moderate
2011-04-23 21:00:00+00:00,MUĞLA,48,18.5795,6.0295,0.0,8.473393,1.0,66.9803,936.09326,26.14,Mainly clear
2011-04-24 21:00:00+00:00,MUĞLA,48,20.279501,6.1295004,0.0,5.904439,1.0,65.74198,936.2659,26.82,Mainly clear
2011-04-25 21:00:00+00:00,MUĞLA,48,19.6295,7.4795003,0.0,14.934577,3.0,71.48315,936.2187,25.7,Overcast
2011-04-26 21:00:00+00:00,MUĞLA,48,17.1795,10.429501,9.799999,14.84318,61.0,74.81676,935.2053,18.11,Rain: Slight
2011-04-27 21:00:00+00:00,MUĞLA,48,17.4295,10.5795,5.2,10.853866,61.0,70.58961,931.7595,20.38,Rain: Slight
2011-04-28 21:00:00+00:00,MUĞLA,48,17.9795,8.2795,13.4,5.315336,63.0,85.62528,929.10864,19.86,Rain: Moderate
2011-04-29 21:00:00+00:00,MUĞLA,48,20.1295,8.0795,0.1,12.387348,51.0,74.82078,931.2771,25.2,Drizzle: Light
2011-04-30 21:00:00+00:00,MUĞLA,48,19.529501,9.1295,0.8,14.77755,51.0,73.57404,934.291,18.42,Drizzle: Light
2011-05-01 21:00:00+00:00,MUĞLA,48,19.0795,11.179501,0.0,13.049689,3.0,71.753654,934.31445,21.02,Overcast
2011-05-02 21:00:00+00:00,MUĞLA,48,22.029501,9.3795,0.1,13.797913,51.0,78.85085,934.96265,22.95,Drizzle: Light
2011-05-03 21:00:00+00:00,MUĞLA,48,18.1795,11.7295,11.3,18.218275,63.0,88.11208,932.6289,20.56,Rain: Moderate
2011-05-04 21:00:00+00:00,MUĞLA,48,19.029501,10.8795,12.100001,9.346143,63.0,85.32911,934.6387,21.74,Rain: Moderate
2011-05-05 21:00:00+00:00,MUĞLA,48,18.1795,8.8795,5.5,17.377226,63.0,77.74742,936.83374,23.32,Rain: Moderate
2011-05-06 21:00:00+00:00,MUĞLA,48,19.7295,7.9295,0.0,13.891522,0.0,56.452595,938.7469,28.13,Clear sky
2011-05-07 21:00:00+00:00,MUĞLA,48,20.3795,7.4795003,0.0,10.182337,1.0,56.66362,937.3135,28.16,Mainly clear
2011-05-08 21:00:00+00:00,MUĞLA,48,20.0795,7.9295,0.1,7.8954163,51.0,57.02815,937.3367,26.86,Drizzle: Light
2011-05-09 21:00:00+00:00,MUĞLA,48,20.529501,8.7795,0.4,10.195057,51.0,62.214306,936.13763,25.11,Drizzle: Light
2011-05-10 21:00:00+00:00,MUĞLA,48,17.3295,9.6295,5.2,15.815435,53.0,74.98833,932.15625,18.44,Drizzle: Moderate
2011-05-11 21:00:00+00:00,MUĞLA,48,16.0795,8.9295,17.300001,8.209263,63.0,86.2387,929.0628,19.76,Rain: Moderate
2011-05-12 21:00:00+00:00,MUĞLA,48,17.3295,9.2295,2.0,15.111424,53.0,72.05955,933.6119,19.15,Drizzle: Moderate
2011-05-13 21:00:00+00:00,MUĞLA,48,19.5795,9.5295,0.4,19.826164,51.0,58.9911,936.71796,25.24,Drizzle: Light
2011-05-14 21:00:00+00:00,MUĞLA,48,22.029501,9.2795,0.0,13.891522,3.0,58.6648,938.14746,27.82,Overcast
2011-05-15 21:00:00+00:00,MUĞLA,48,21.8295,9.1795,0.0,10.1887,2.0,67.94795,940.4465,26.34,Partly cloudy
2011-05-16 21:00:00+00:00,MUĞLA,48,22.4295,9.8795,0.7,11.966954,53.0,68.499664,940.18146,25.05,Drizzle: Moderate
2011-05-17 21:00:00+00:00,MUĞLA,48,21.5795,10.2795,0.5,13.397612,53.0,65.66235,938.93774,24.82,Drizzle: Moderate
2011-05-18 21:00:00+00:00,MUĞLA,48,18.8795,11.679501,4.6,16.039202,61.0,66.871544,937.993,24.49,Rain: Slight
2011-05-19 21:00:00+00:00,MUĞLA,48,20.9295,8.7795,0.6,8.759178,51.0,67.17159,938.39923,25.87,Drizzle: Light
2011-05-20 21:00:00+00:00,MUĞLA,48,24.3295,10.7795,0.0,8.049845,3.0,63.185043,938.425,28.23,Overcast
2011-05-21 21:00:00+00:00,MUĞLA,48,25.529501,12.2295,0.0,7.5685663,3.0,54.144978,938.584,28.95,Overcast
2011-05-22 21:00:00+00:00,MUĞLA,48,26.279501,12.5295,0.0,7.771331,2.0,59.63791,939.6514,28.38,Partly cloudy
2011-05-23 21:00:00+00:00,MUĞLA,48,26.9295,13.679501,2.0,8.435069,61.0,65.56796,940.7773,27.62,Rain: Slight
2011-05-24 21:00:00+00:00,MUĞLA,48,26.9795,14.179501,4.6000004,9.449572,63.0,66.25522,939.9117,26.0,Rain: Moderate
2011-05-25 21:00:00+00:00,MUĞLA,48,26.0795,13.3795,5.4,8.854829,61.0,66.75174,939.3024,21.4,Rain: Slight
2011-05-26 21:00:00+00:00,MUĞLA,48,23.4795,14.2295,5.3,11.720751,61.0,69.54228,937.63824,22.56,Rain: Slight
2011-05-27 21:00:00+00:00,MUĞLA,48,20.0795,13.5795,11.3,7.289445,63.0,81.16209,934.42377,18.07,Rain: Moderate
2011-05-28 21:00:00+00:00,MUĞLA,48,20.3795,12.2295,20.900002,8.161764,65.0,90.118286,934.74677,18.31,Rain: Heavy
2011-05-29 21:00:00+00:00,MUĞLA,48,19.4295,12.7295,14.800001,6.489992,63.0,92.07889,938.5193,15.98,Rain: Moderate
2011-05-30 21:00:00+00:00,MUĞLA,48,21.529501,11.9795,17.2,7.4128532,63.0,86.22021,939.5984,21.45,Rain: Moderate
2011-05-31 21:00:00+00:00,MUĞLA,48,23.8295,11.179501,0.4,11.435313,51.0,72.68096,938.4854,26.22,Drizzle: Light
2011-06-01 21:00:00+00:00,MUĞLA,48,26.1295,13.679501,0.0,9.673221,2.0,65.42072,937.68475,27.25,Partly cloudy
2011-06-02 21:00:00+00:00,MUĞLA,48,26.1795,15.0295,1.6000001,6.830519,55.0,66.12796,938.3792,27.14,Drizzle: Dense
2011-06-03 21:00:00+00:00,MUĞLA,48,26.6295,14.7795,0.0,12.24,1.0,65.93793,938.0003,27.04,Mainly clear
2011-06-04 21:00:00+00:00,MUĞLA,48,26.779501,16.1295,0.0,8.654987,1.0,63.545673,936.4975,26.94,Mainly clear
2011-06-05 21:00:00+00:00,MUĞLA,48,28.3295,16.0795,0.0,8.707238,2.0,59.56813,936.5734,28.62,Partly cloudy
2011-06-06 21:00:00+00:00,MUĞLA,48,29.4295,16.1295,0.0,10.495713,3.0,57.919632,937.30865,29.33,Overcast
2011-06-07 21:00:00+00:00,MUĞLA,48,31.8795,16.7795,0.0,10.799999,3.0,53.277206,939.14154,29.32,Overcast
2011-06-08 21:00:00+00:00,MUĞLA,48,31.2295,19.279501,0.4,12.783802,51.0,52.33635,937.8681,26.04,Drizzle: Light
2011-06-09 21:00:00+00:00,MUĞLA,48,25.8295,18.029501,1.3000001,12.224107,53.0,62.54033,932.0048,27.45,Drizzle: Moderate
2011-06-10 21:00:00+00:00,MUĞLA,48,25.7295,15.179501,0.0,14.88242,2.0,66.37957,931.7319,26.99,Partly cloudy
2011-06-11 21:00:00+00:00,MUĞLA,48,25.1795,14.9795,6.3,10.853866,61.0,67.852776,932.7664,26.21,Rain: Slight
2011-06-12 21:00:00+00:00,MUĞLA,48,23.6295,13.7795,4.4,10.44,61.0,71.54708,932.83344,26.36,Rain: Slight
2011-06-13 21:00:00+00:00,MUĞLA,48,25.279501,13.7295,1.8000001,7.289444,61.0,72.11051,934.8819,27.91,Rain: Slight
2011-06-14 21:00:00+00:00,MUĞLA,48,23.7295,15.7295,6.9,8.891344,63.0,77.97245,937.69806,23.66,Rain: Moderate
2011-06-15 21:00:00+00:00,MUĞLA,48,22.8795,14.1295,15.2,7.42159,65.0,77.45959,938.8382,24.22,Rain: Heavy
2011-06-16 21:00:00+00:00,MUĞLA,48,24.9795,13.2295,5.0,9.028754,63.0,70.42267,937.94965,26.87,Rain: Moderate
2011-06-17 21:00:00+00:00,MUĞLA,48,26.2295,15.0295,1.8,7.9036193,61.0,65.34965,936.5957,25.11,Rain: Slight
2011-06-18 21:00:00+00:00,MUĞLA,48,29.2295,15.5795,0.0,8.699793,2.0,60.796215,935.93335,29.52,Partly cloudy
2011-06-19 21:00:00+00:00,MUĞLA,48,30.1295,16.5795,0.0,7.8954163,2.0,56.604828,936.42474,29.77,Partly cloudy
2011-06-20 21:00:00+00:00,MUĞLA,48,31.8295,18.1795,0.0,8.089993,1.0,51.26714,938.8386,29.79,Mainly clear
2011-06-21 21:00:00+00:00,MUĞLA,48,32.0795,19.0795,0.0,10.483357,0.0,49.7699,938.8154,30.04,Clear sky
2011-06-22 21:00:00+00:00,MUĞLA,48,32.2295,19.6295,0.0,13.479583,0.0,42.617317,936.5047,30.55,Clear sky
2011-06-23 21:00:00+00:00,MUĞLA,48,33.7295,18.4295,0.0,8.225035,0.0,40.85825,934.5891,30.68,Clear sky
2011-06-24 21:00:00+00:00,MUĞLA,48,32.7295,17.9295,0.0,11.435313,2.0,52.30958,932.77155,30.15,Partly cloudy
2011-06-25 21:00:00+00:00,MUĞLA,48,29.3795,19.5795,0.0,20.65848,1.0,48.283436,931.50616,29.51,Mainly clear
2011-06-26 21:00:00+00:00,MUĞLA,48,24.4795,15.3295,0.0,23.023117,0.0,37.832336,932.1308,30.2,Clear sky
2011-06-27 21:00:00+00:00,MUĞLA,48,25.1795,13.7295,0.0,15.03835,0.0,42.355213,932.23956,30.54,Clear sky
2011-06-28 21:00:00+00:00,MUĞLA,48,25.3795,13.3295,0.0,16.87398,2.0,48.704723,933.0908,29.07,Partly cloudy
2011-06-29 21:00:00+00:00,MUĞLA,48,26.2295,13.5795,0.0,12.682018,1.0,56.616074,935.9895,30.15,Mainly clear
2011-06-30 21:00:00+00:00,MUĞLA,48,28.7295,14.8295,0.3,11.304229,51.0,55.905437,935.50214,29.15,Drizzle: Light
2011-07-01 21:00:00+00:00,MUĞLA,48,29.6795,15.8795,0.0,13.0447235,1.0,55.47661,935.18555,29.67,Mainly clear
2011-07-02 21:00:00+00:00,MUĞLA,48,28.9295,16.4295,0.0,13.551501,0.0,55.11205,935.85504,30.02,Clear sky
2011-07-03 21:00:00+00:00,MUĞLA,48,30.5795,15.2795,0.0,14.618837,0.0,54.290955,935.3571,30.0,Clear sky
2011-07-04 21:00:00+00:00,MUĞLA,48,31.779501,18.2295,0.0,9.085988,0.0,47.176205,935.34766,29.73,Clear sky
2011-07-05 21:00:00+00:00,MUĞLA,48,30.4795,17.9795,0.9,14.869351,53.0,45.623653,934.26434,29.47,Drizzle: Moderate
2011-07-06 21:00:00+00:00,MUĞLA,48,31.529501,17.3295,0.0,12.599998,2.0,47.274796,936.1385,29.31,Partly cloudy
2011-07-07 21:00:00+00:00,MUĞLA,48,33.7295,19.7295,0.0,10.787993,1.0,45.014496,938.2215,29.27,Mainly clear
2011-07-08 21:00:00+00:00,MUĞLA,48,36.3295,20.3795,0.0,10.739832,0.0,43.12405,939.6578,29.52,Clear sky
2011-07-09 21:00:00+00:00,MUĞLA,48,36.629498,22.0795,0.0,9.255571,0.0,34.924324,937.2413,29.56,Clear sky
2011-07-10 21:00:00+00:00,MUĞLA,48,35.4795,21.529501,0.0,11.609651,0.0,30.018137,934.3821,29.84,Clear sky
2011-07-11 21:00:00+00:00,MUĞLA,48,34.7795,21.7295,0.0,11.753876,0.0,30.162218,932.6866,29.81,Clear sky
2011-07-12 21:00:00+00:00,MUĞLA,48,33.9795,21.0795,0.0,11.525623,2.0,33.591908,933.1282,29.35,Partly cloudy
2011-07-13 21:00:00+00:00,MUĞLA,48,34.2795,20.529501,0.0,15.530151,2.0,40.520916,935.3574,26.43,Partly cloudy
2011-07-14 21:00:00+00:00,MUĞLA,48,35.2795,20.6795,0.0,12.287555,2.0,43.045273,936.44165,28.79,Partly cloudy
2011-07-15 21:00:00+00:00,MUĞLA,48,35.929497,21.6795,0.0,12.768586,0.0,30.883589,934.92975,29.8,Clear sky
2011-07-16 21:00:00+00:00,MUĞLA,48,36.629498,21.4795,0.0,11.592895,0.0,27.167513,932.5354,29.52,Clear sky
2011-07-17 21:00:00+00:00,MUĞLA,48,35.929497,21.9295,0.0,14.386494,0.0,32.34967,930.69366,29.17,Clear sky
2011-07-18 21:00:00+00:00,MUĞLA,48,36.5295,22.7295,0.0,8.759178,0.0,32.757404,931.6948,29.13,Clear sky
2011-07-19 21:00:00+00:00,MUĞLA,48,37.0295,22.8795,0.0,12.181624,0.0,32.48034,931.9521,29.06,Clear sky
2011-07-20 21:00:00+00:00,MUĞLA,48,33.2295,22.5795,0.0,14.205182,0.0,41.070972,930.42267,28.77,Clear sky
2011-07-21 21:00:00+00:00,MUĞLA,48,34.179497,19.1795,0.0,14.88242,0.0,37.24456,932.00336,29.17,Clear sky
2011-07-22 21:00:00+00:00,MUĞLA,48,34.5795,20.6295,0.0,15.986595,0.0,35.00083,933.7172,28.97,Clear sky
2011-07-23 21:00:00+00:00,MUĞLA,48,34.429497,20.5795,0.0,15.281989,0.0,32.4399,931.095,28.89,Clear sky
2011-07-24 21:00:00+00:00,MUĞLA,48,30.3795,20.279501,0.0,14.021525,0.0,53.598392,931.80804,27.7,Clear sky
2011-07-25 21:00:00+00:00,MUĞLA,48,30.6795,19.3295,0.0,11.720751,0.0,57.91284,939.37103,28.05,Clear sky
2011-07-26 21:00:00+00:00,MUĞLA,48,33.2295,19.529501,0.0,12.313894,0.0,47.345383,942.143,28.56,Clear sky
2011-07-27 21:00:00+00:00,MUĞLA,48,37.8295,21.029501,0.0,10.799999,0.0,37.17966,937.2114,28.65,Clear sky
2011-07-28 21:00:00+00:00,MUĞLA,48,36.8295,22.779501,0.0,13.138765,0.0,35.530975,932.2868,28.43,Clear sky
2011-07-29 21:00:00+00:00,MUĞLA,48,35.629498,21.7295,0.0,13.570615,0.0,46.51189,933.1194,28.11,Clear sky
2011-07-30 21:00:00+00:00,MUĞLA,48,36.179497,21.6295,0.0,12.303366,0.0,38.457073,933.8825,28.34,Clear sky
2011-07-31 21:00:00+00:00,MUĞLA,48,35.679497,21.4795,0.0,15.978484,0.0,41.622356,933.4323,27.95,Clear sky
2011-08-01 21:00:00+00:00,MUĞLA,48,33.879498,21.029501,0.0,16.263872,0.0,38.291027,934.5515,28.07,Clear sky
2011-08-02 21:00:00+00:00,MUĞLA,48,34.0795,21.4295,0.0,12.074766,2.0,33.949005,934.5139,27.41,Partly cloudy
2011-08-03 21:00:00+00:00,MUĞLA,48,34.929497,22.3295,0.0,10.823973,1.0,33.374485,934.62555,27.42,Mainly clear
2011-08-04 21:00:00+00:00,MUĞLA,48,35.0795,21.5795,0.0,14.917212,2.0,37.43954,935.31396,26.56,Partly cloudy
2011-08-05 21:00:00+00:00,MUĞLA,48,34.9795,21.9795,0.0,12.015589,1.0,37.018044,934.3935,25.67,Mainly clear
2011-08-06 21:00:00+00:00,MUĞLA,48,35.679497,22.1795,0.0,12.413476,3.0,35.788853,934.3277,26.0,Overcast
2011-08-07 21:00:00+00:00,MUĞLA,48,36.8295,22.9295,0.0,13.70839,3.0,40.641453,935.6265,26.76,Overcast
2011-08-08 21:00:00+00:00,MUĞLA,48,37.4795,23.2295,0.0,13.979872,0.0,33.190983,934.4489,27.15,Clear sky
2011-08-09 21:00:00+00:00,MUĞLA,48,37.179497,22.3795,0.0,13.450708,0.0,28.852898,931.8025,27.5,Clear sky
2011-08-10 21:00:00+00:00,MUĞLA,48,33.379498,21.529501,0.0,18.875126,0.0,41.440067,931.061,27.22,Clear sky
2011-08-11 21:00:00+00:00,MUĞLA,48,30.2295,17.0295,0.0,23.358423,0.0,44.454792,931.16925,27.16,Clear sky
2011-08-12 21:00:00+00:00,MUĞLA,48,31.5795,18.7295,0.0,13.830749,0.0,41.651627,930.83563,26.83,Clear sky
2011-08-13 21:00:00+00:00,MUĞLA,48,32.3295,19.6795,0.0,12.88981,0.0,37.354454,932.97906,26.83,Clear sky
2011-08-14 21:00:00+00:00,MUĞLA,48,32.4295,19.529501,0.0,12.538134,2.0,45.27275,935.6555,23.6,Partly cloudy
2011-08-15 21:00:00+00:00,MUĞLA,48,34.2295,19.779501,0.0,11.592894,3.0,42.989384,935.64484,23.33,Overcast
2011-08-16 21:00:00+00:00,MUĞLA,48,34.3295,21.2295,2.1,8.913181,61.0,41.989536,935.6464,21.48,Rain: Slight
2011-08-17 21:00:00+00:00,MUĞLA,48,34.879498,21.9295,0.9,9.957108,53.0,42.352364,935.9568,23.19,Drizzle: Moderate
2011-08-18 21:00:00+00:00,MUĞLA,48,33.2795,20.9795,0.0,14.118243,0.0,32.50476,936.03705,26.45,Clear sky
2011-08-19 21:00:00+00:00,MUĞLA,48,33.1795,20.3295,0.0,11.720751,0.0,32.762596,935.5256,26.47,Clear sky
2011-08-20 21:00:00+00:00,MUĞLA,48,33.9795,20.3295,0.0,9.931042,0.0,34.487915,936.19635,26.22,Clear sky
2011-08-21 21:00:00+00:00,MUĞLA,48,34.429497,20.3295,0.0,9.983106,0.0,34.542416,937.4057,26.09,Clear sky
2011-08-22 21:00:00+00:00,MUĞLA,48,34.7795,20.0795,0.0,12.245293,0.0,34.367508,938.35815,26.01,Clear sky
2011-08-23 21:00:00+00:00,MUĞLA,48,35.3295,19.9795,0.0,7.10031,0.0,32.91276,936.5666,25.7,Clear sky
2011-08-24 21:00:00+00:00,MUĞLA,48,35.0295,21.7295,0.0,14.529915,0.0,25.788446,935.40155,25.75,Clear sky
2011-08-25 21:00:00+00:00,MUĞLA,48,34.7295,20.029501,0.0,12.181624,0.0,27.688843,936.06244,25.63,Clear sky
2011-08-26 21:00:00+00:00,MUĞLA,48,33.879498,18.7295,0.0,11.753877,0.0,38.254143,936.5625,25.28,Clear sky
2011-08-27 21:00:00+00:00,MUĞLA,48,33.2795,19.3295,0.0,11.246759,2.0,47.142044,935.12946,24.7,Partly cloudy
2011-08-28 21:00:00+00:00,MUĞLA,48,29.279501,19.5795,0.0,9.422101,2.0,55.19336,934.14624,20.51,Partly cloudy
2011-08-29 21:00:00+00:00,MUĞLA,48,30.279501,20.1295,0.1,13.896187,51.0,51.499073,935.0686,21.77,Drizzle: Light
2011-08-30 21:00:00+00:00,MUĞLA,48,30.9795,17.0795,0.0,10.661107,0.0,42.74686,936.1743,24.88,Clear sky
2011-08-31 21:00:00+00:00,MUĞLA,48,32.5295,17.5795,0.0,12.682018,0.0,29.796555,936.07275,24.55,Clear sky
2011-09-01 21:00:00+00:00,MUĞLA,48,32.0795,19.1295,0.0,15.815435,0.0,23.478134,935.1468,24.4,Clear sky
2011-09-02 21:00:00+00:00,MUĞLA,48,31.9295,19.3795,0.0,13.854155,0.0,25.620356,934.2556,24.12,Clear sky
2011-09-03 21:00:00+00:00,MUĞLA,48,32.4795,19.6795,0.0,11.885453,0.0,27.30236,936.66205,23.8,Clear sky
2011-09-04 21:00:00+00:00,MUĞLA,48,33.1795,19.0795,0.0,10.1887,0.0,29.685854,938.9899,23.86,Clear sky
2011-09-05 21:00:00+00:00,MUĞLA,48,34.129498,19.1795,0.0,9.085988,0.0,26.193434,937.77423,23.8,Clear sky
2011-09-06 21:00:00+00:00,MUĞLA,48,32.7295,18.9795,0.0,12.413477,1.0,32.492252,933.38715,23.21,Mainly clear
2011-09-07 21:00:00+00:00,MUĞLA,48,30.4795,17.7295,0.4,11.525623,51.0,47.291058,931.6904,21.77,Drizzle: Light
2011-09-08 21:00:00+00:00,MUĞLA,48,32.379498,17.779501,0.0,13.627795,2.0,47.672916,935.11835,22.68,Partly cloudy
2011-09-09 21:00:00+00:00,MUĞLA,48,33.129498,18.529501,0.0,9.83268,0.0,40.095974,939.1873,22.69,Clear sky
2011-09-10 21:00:00+00:00,MUĞLA,48,33.9795,19.2295,0.0,9.028754,0.0,37.103817,939.0937,22.6,Clear sky
2011-09-11 21:00:00+00:00,MUĞLA,48,32.9295,19.279501,0.0,11.988594,0.0,37.61491,936.2209,22.51,Clear sky
2011-09-12 21:00:00+00:00,MUĞLA,48,32.379498,18.4295,0.0,8.942214,3.0,44.263157,935.934,21.84,Overcast
2011-09-13 21:00:00+00:00,MUĞLA,48,33.879498,18.2295,0.0,7.9036193,0.0,35.533638,936.948,22.38,Clear sky
2011-09-14 21:00:00+00:00,MUĞLA,48,33.2795,18.3795,0.0,14.458382,0.0,34.10046,936.7795,22.21,Clear sky
2011-09-15 21:00:00+00:00,MUĞLA,48,32.3295,17.1295,0.0,12.387348,0.0,36.315067,936.5144,21.97,Clear sky
2011-09-16 21:00:00+00:00,MUĞLA,48,32.4795,17.8795,0.0,7.2,0.0,47.43825,936.4974,21.59,Clear sky
2011-09-17 21:00:00+00:00,MUĞLA,48,30.3795,17.7295,0.0,9.021574,2.0,54.344147,935.2378,21.1,Partly cloudy
2011-09-18 21:00:00+00:00,MUĞLA,48,30.4295,17.4795,0.0,15.876775,2.0,55.975613,937.0884,20.64,Partly cloudy
2011-09-19 21:00:00+00:00,MUĞLA,48,31.4795,16.7295,0.0,10.383987,0.0,33.21088,939.2862,21.09,Clear sky
2011-09-20 21:00:00+00:00,MUĞLA,48,27.0795,16.3795,27.300001,23.157824,63.0,66.115425,936.0607,16.75,Rain: Moderate
2011-09-21 21:00:00+00:00,MUĞLA,48,21.9795,15.1295,18.199999,8.654986,63.0,84.838806,932.23364,14.93,Rain: Moderate
2011-09-22 21:00:00+00:00,MUĞLA,48,24.3295,13.679501,0.0,10.30883,1.0,71.97283,932.43353,17.69,Mainly clear
2011-09-23 21:00:00+00:00,MUĞLA,48,26.4795,15.7795,0.0,8.4963045,2.0,58.88026,934.93427,20.03,Partly cloudy
2011-09-24 21:00:00+00:00,MUĞLA,48,26.8295,15.0295,0.0,8.404285,1.0,46.705475,938.8078,20.74,Mainly clear
2011-09-25 21:00:00+00:00,MUĞLA,48,26.4795,14.7795,0.0,7.5942082,2.0,49.401825,940.73126,20.3,Partly cloudy
2011-09-26 21:00:00+00:00,MUĞLA,48,26.3795,14.3795,0.0,11.212135,2.0,57.14984,941.54346,18.98,Partly cloudy
2011-09-27 21:00:00+00:00,MUĞLA,48,26.3295,14.429501,0.3,7.729527,51.0,63.279675,940.46356,19.02,Drizzle: Light
2011-09-28 21:00:00+00:00,MUĞLA,48,27.4295,14.7295,0.0,7.4128532,1.0,56.262836,938.4177,19.54,Mainly clear
2011-09-29 21:00:00+00:00,MUĞLA,48,23.8295,14.3795,0.0,19.386593,0.0,42.94331,937.5822,19.43,Clear sky
2011-09-30 21:00:00+00:00,MUĞLA,48,23.3795,12.5295,0.0,15.807239,0.0,49.04096,939.4946,19.78,Clear sky
2011-10-01 21:00:00+00:00,MUĞLA,48,22.529501,12.1295,0.5,10.587917,51.0,63.638775,939.6262,14.84,Drizzle: Light
2011-10-02 21:00:00+00:00,MUĞLA,48,24.7295,12.429501,0.0,9.021574,2.0,67.80074,941.1028,18.76,Partly cloudy
2011-10-03 21:00:00+00:00,MUĞLA,48,24.7295,12.2795,0.0,10.009036,3.0,70.85406,942.123,18.55,Overcast
2011-10-04 21:00:00+00:00,MUĞLA,48,25.0795,13.0295,0.0,9.504273,3.0,64.709366,941.7812,18.22,Overcast
2011-10-05 21:00:00+00:00,MUĞLA,48,24.4795,12.8795,0.0,9.693296,1.0,65.29204,942.1032,17.87,Mainly clear
2011-10-06 21:00:00+00:00,MUĞLA,48,23.0795,11.9795,0.0,13.089354,3.0,62.4839,940.60986,18.37,Overcast
2011-10-07 21:00:00+00:00,MUĞLA,48,20.3795,14.2295,1.3000001,9.983106,51.0,83.47497,938.6142,12.42,Drizzle: Light
2011-10-08 21:00:00+00:00,MUĞLA,48,18.4295,15.4795,105.50001,24.014996,65.0,95.551384,934.001,3.9,Rain: Heavy
2011-10-09 21:00:00+00:00,MUĞLA,48,17.6295,13.2295,77.5,22.33161,63.0,94.29718,931.5617,9.13,Rain: Moderate
2011-10-10 21:00:00+00:00,MUĞLA,48,16.4795,11.8795,21.1,17.072504,63.0,93.26178,931.8354,10.52,Rain: Moderate
2011-10-11 21:00:00+00:00,MUĞLA,48,17.3795,11.0795,4.8,6.489992,63.0,85.25631,935.10834,12.43,Rain: Moderate
2011-10-12 21:00:00+00:00,MUĞLA,48,20.1795,10.3795,0.0,6.6185193,2.0,76.72207,938.648,15.98,Partly cloudy
2011-10-13 21:00:00+00:00,MUĞLA,48,21.4795,10.429501,0.0,5.95906,0.0,71.07815,939.89923,16.78,Clear sky
2011-10-14 21:00:00+00:00,MUĞLA,48,20.3295,11.429501,0.1,8.435069,51.0,77.72256,940.17426,14.82,Drizzle: Light
2011-10-15 21:00:00+00:00,MUĞLA,48,18.2295,11.6295,2.8000002,10.390226,53.0,80.895226,936.7006,11.83,Drizzle: Moderate
2011-10-16 21:00:00+00:00,MUĞLA,48,14.429501,7.1295004,11.600001,8.654987,61.0,92.64407,935.5613,5.41,Rain: Slight
2011-10-17 21:00:00+00:00,MUĞLA,48,11.679501,3.6795,0.0,16.981165,2.0,69.53341,941.82135,15.15,Partly cloudy
2011-10-18 21:00:00+00:00,MUĞLA,48,17.3295,4.7795,0.0,10.440001,0.0,58.282223,945.23517,16.93,Clear sky
2011-10-19 21:00:00+00:00,MUĞLA,48,19.279501,4.8295,0.0,7.9036193,0.0,55.6946,942.7664,16.79,Clear sky
2011-10-20 21:00:00+00:00,MUĞLA,48,19.529501,6.3795004,0.0,7.5170207,1.0,65.78043,941.99774,16.09,Mainly clear
2011-10-21 21:00:00+00:00,MUĞLA,48,20.8295,7.5795,0.0,7.2359104,3.0,63.733562,940.20624,16.05,Overcast
2011-10-22 21:00:00+00:00,MUĞLA,48,20.9795,7.7295003,0.0,7.10031,3.0,60.37199,939.26416,15.78,Overcast
2011-10-23 21:00:00+00:00,MUĞLA,48,19.3795,10.0795,0.1,9.028754,51.0,64.606316,938.40936,12.31,Drizzle: Light
2011-10-24 21:00:00+00:00,MUĞLA,48,20.7295,7.3295,0.0,6.297428,3.0,71.49573,938.77655,14.9,Overcast
2011-10-25 21:00:00+00:00,MUĞLA,48,20.4795,8.9795,0.0,8.311245,3.0,63.822544,937.8154,15.26,Overcast
2011-10-26 21:00:00+00:00,MUĞLA,48,18.6295,8.2795,0.0,8.78872,3.0,61.166355,938.956,15.11,Overcast
2011-10-27 21:00:00+00:00,MUĞLA,48,18.3795,5.6295004,0.0,8.587338,0.0,54.50963,941.5627,15.62,Clear sky
2011-10-28 21:00:00+00:00,MUĞLA,48,17.6295,5.5295,0.0,8.557102,1.0,56.425495,940.30005,15.21,Mainly clear
2011-10-29 21:00:00+00:00,MUĞLA,48,16.1795,5.4795003,0.0,11.923557,0.0,58.470566,939.11127,15.04,Clear sky
2011-10-30 21:00:00+00:00,MUĞLA,48,16.9295,4.3795,0.0,7.289445,0.0,59.81363,940.0704,14.95,Clear sky
2011-10-31 21:00:00+00:00,MUĞLA,48,15.7295,6.2795,0.0,8.699793,2.0,69.7201,940.92535,13.86,Partly cloudy
2011-11-01 21:00:00+00:00,MUĞLA,48,15.5295,5.4295,0.0,6.2145634,2.0,79.618004,938.69867,12.96,Partly cloudy
2011-11-02 21:00:00+00:00,MUĞLA,48,13.9795,5.4795003,0.0,16.516901,0.0,61.139725,935.43134,14.32,Clear sky
2011-11-03 21:00:00+00:00,MUĞLA,48,14.8795,4.3295,0.0,13.049689,0.0,56.989094,937.8569,14.08,Clear sky
2011-11-04 21:00:00+00:00,MUĞLA,48,17.1795,4.2295003,0.0,8.766573,0.0,58.79384,940.3649,14.02,Clear sky
2011-11-05 21:00:00+00:00,MUĞLA,48,19.4795,4.2795,0.0,6.924738,3.0,58.139416,943.05597,12.94,Overcast
2011-11-06 21:00:00+00:00,MUĞLA,48,20.529501,5.3295,0.0,7.2805495,3.0,53.45044,945.1038,13.36,Overcast
2011-11-07 21:00:00+00:00,MUĞLA,48,20.9795,6.0795,0.0,8.049845,3.0,51.58008,945.93646,13.35,Overcast
2011-11-08 21:00:00+00:00,MUĞLA,48,19.1795,6.3795004,0.0,6.830519,2.0,61.0377,943.4602,12.71,Partly cloudy
2011-11-09 21:00:00+00:00,MUĞLA,48,19.6295,6.3795004,0.0,9.028754,3.0,67.4839,938.2832,12.63,Overcast
2011-11-10 21:00:00+00:00,MUĞLA,48,18.529501,6.5295,0.2,9.36,51.0,72.18199,939.2819,12.13,Drizzle: Light
2011-11-11 21:00:00+00:00,MUĞLA,48,14.8795,6.1795,0.6,9.659814,51.0,67.62588,939.8857,12.54,Drizzle: Light
2011-11-12 21:00:00+00:00,MUĞLA,48,10.1295,4.4795003,9.799999,8.699793,55.0,78.93935,938.6945,5.32,Drizzle: Dense
2011-11-13 21:00:00+00:00,MUĞLA,48,10.2795,3.9795003,3.4,9.793059,53.0,70.16591,934.1165,6.18,Drizzle: Moderate
2011-11-14 21:00:00+00:00,MUĞLA,48,11.3295,4.0295,0.0,7.24486,3.0,64.52887,931.89667,8.67,Overcast
2011-11-15 21:00:00+00:00,MUĞLA,48,13.3295,3.2295,0.0,6.12,2.0,68.80518,935.76,12.28,Partly cloudy
2011-11-16 21:00:00+00:00,MUĞLA,48,11.929501,2.9795,0.0,10.948973,1.0,67.20332,937.77606,12.26,Mainly clear
2011-11-17 21:00:00+00:00,MUĞLA,48,11.179501,2.1295002,0.0,8.825508,1.0,64.21462,937.94415,11.91,Mainly clear
2011-11-18 21:00:00+00:00,MUĞLA,48,12.179501,1.8795002,0.0,10.483357,0.0,60.28651,939.0896,12.2,Clear sky
2011-11-19 21:00:00+00:00,MUĞLA,48,13.8795,1.7295,0.0,8.854829,0.0,59.3472,939.87494,12.15,Clear sky
2011-11-20 21:00:00+00:00,MUĞLA,48,14.0295,0.9295001,0.0,4.5820518,3.0,64.54278,941.8487,11.96,Overcast
2011-11-21 21:00:00+00:00,MUĞLA,48,12.8295,5.5295,0.0,7.2805495,3.0,77.48707,944.73846,10.3,Overcast
2011-11-22 21:00:00+00:00,MUĞLA,48,14.7295,2.3795002,0.0,6.297428,3.0,76.99201,944.37036,11.27,Overcast
2011-11-23 21:00:00+00:00,MUĞLA,48,15.5295,2.1795,0.0,7.5942082,1.0,60.048534,942.93317,11.55,Mainly clear
2011-11-24 21:00:00+00:00,MUĞLA,48,13.5795,0.97950006,0.0,7.10031,2.0,56.41574,943.0454,11.57,Partly cloudy
2011-11-25 21:00:00+00:00,MUĞLA,48,12.179501,3.1795,0.0,6.5693827,3.0,80.74787,942.3433,8.13,Overcast
2011-11-26 21:00:00+00:00,MUĞLA,48,13.2795,1.2795,0.0,7.24486,1.0,65.81745,941.1396,11.23,Mainly clear
2011-11-27 21:00:00+00:00,MUĞLA,48,14.429501,0.6795001,0.0,6.12,0.0,53.47591,941.8225,11.15,Clear sky
2011-11-28 21:00:00+00:00,MUĞLA,48,15.0295,1.2295,0.0,5.991594,3.0,51.04181,943.7749,10.39,Overcast
2011-11-29 21:00:00+00:00,MUĞLA,48,14.429501,3.4295,0.0,7.42159,3.0,64.70869,944.0124,10.22,Overcast
2011-11-30 21:00:00+00:00,MUĞLA,48,16.4295,0.8795001,0.0,7.10031,1.0,53.850613,943.34503,11.29,Mainly clear
2011-12-01 21:00:00+00:00,MUĞLA,48,14.7795,2.7295,0.0,6.489992,3.0,50.919483,943.62946,10.96,Overcast
2011-12-02 21:00:00+00:00,MUĞLA,48,14.2295,1.7795001,0.0,5.5887027,3.0,61.168354,944.8051,10.71,Overcast
2011-12-03 21:00:00+00:00,MUĞLA,48,13.429501,3.5795002,0.0,6.12,3.0,86.63448,946.27826,8.39,Overcast
2011-12-04 21:00:00+00:00,MUĞLA,48,13.0795,4.9295,0.70000005,7.491114,51.0,90.247284,944.9541,7.23,Drizzle: Light
2011-12-05 21:00:00+00:00,MUĞLA,48,11.2795,7.2795,7.2999997,10.829959,53.0,96.49264,943.29755,5.11,Drizzle: Moderate
2011-12-06 21:00:00+00:00,MUĞLA,48,11.0795,8.0795,29.499998,13.797912,63.0,96.85929,938.9976,2.98,Rain: Moderate
2011-12-07 21:00:00+00:00,MUĞLA,48,10.4795,4.4295,2.3000002,13.084402,53.0,83.93006,936.20123,7.95,Drizzle: Moderate
2011-12-08 21:00:00+00:00,MUĞLA,48,6.9795003,1.5295001,0.2,17.518356,51.0,71.84096,943.08765,10.42,Drizzle: Light
2011-12-09 21:00:00+00:00,MUĞLA,48,11.6295,-0.17049992,0.0,9.178235,0.0,58.70577,946.11896,10.51,Clear sky
2011-12-10 21:00:00+00:00,MUĞLA,48,11.5295,4.0795,0.0,4.32,3.0,67.78134,948.0899,8.67,Overcast
2011-12-11 21:00:00+00:00,MUĞLA,48,13.0795,2.0795002,0.0,5.00128,3.0,90.58355,946.91425,6.53,Overcast
2011-12-12 21:00:00+00:00,MUĞLA,48,12.4795,5.5795,0.0,6.763786,3.0,93.38254,944.69965,4.74,Overcast
2011-12-13 21:00:00+00:00,MUĞLA,48,13.429501,5.2295003,0.2,6.297428,51.0,87.62249,943.4946,7.79,Drizzle: Light
2011-12-14 21:00:00+00:00,MUĞLA,48,15.1295,1.9795,0.0,5.0528407,2.0,79.35453,943.7403,10.03,Partly cloudy
2011-12-15 21:00:00+00:00,MUĞLA,48,11.1295,2.0795002,20.4,17.283749,63.0,97.12662,939.2453,3.17,Rain: Moderate
2011-12-16 21:00:00+00:00,MUĞLA,48,11.8795,0.029500127,0.8000001,17.698677,51.0,91.92324,936.0523,6.54,Drizzle: Light
2011-12-17 21:00:00+00:00,MUĞLA,48,12.4795,8.5795,17.4,15.745627,61.0,95.49039,937.64825,6.24,Rain: Slight
2011-12-18 21:00:00+00:00,MUĞLA,48,12.179501,9.2795,6.8000007,20.898611,53.0,93.11016,941.3918,5.72,Drizzle: Moderate
2011-12-19 21:00:00+00:00,MUĞLA,48,11.929501,7.5795,21.899998,16.24394,61.0,96.14151,937.007,3.73,Rain: Slight
2011-12-20 21:00:00+00:00,MUĞLA,48,9.6295,4.7295003,5.1,9.028754,55.0,94.127144,938.6257,6.19,Drizzle: Dense
2011-12-21 21:00:00+00:00,MUĞLA,48,8.2795,5.1295,15.3,21.273533,61.0,96.51914,933.1519,2.7,Rain: Slight
2011-12-22 21:00:00+00:00,MUĞLA,48,7.6795,4.1795,8.400002,17.283749,61.0,95.58762,928.028,4.92,Rain: Slight
2011-12-23 21:00:00+00:00,MUĞLA,48,8.0295,2.6295,0.0,14.044615,3.0,80.59202,932.9168,8.65,Overcast
2011-12-24 21:00:00+00:00,MUĞLA,48,5.1795,-0.5705,0.0,17.193533,3.0,71.057724,939.43585,9.63,Overcast
2011-12-25 21:00:00+00:00,MUĞLA,48,8.4795,-0.9204999,0.0,7.4128532,1.0,64.74561,945.4554,10.29,Mainly clear
2011-12-26 21:00:00+00:00,MUĞLA,48,10.929501,-0.12049997,0.0,6.638072,0.0,79.17611,949.58734,9.93,Clear sky
2011-12-27 21:00:00+00:00,MUĞLA,48,13.1295,0.72950006,0.0,7.8954163,0.0,75.57498,946.7082,10.26,Clear sky
2011-12-28 21:00:00+00:00,MUĞLA,48,10.429501,1.0295,0.0,10.086427,3.0,80.65594,942.7473,7.46,Overcast
2011-12-29 21:00:00+00:00,MUĞLA,48,8.9795,3.9295,17.9,10.661107,73.0,95.8168,937.63617,4.31,Snow fall: Moderate
2011-12-30 21:00:00+00:00,MUĞLA,48,8.1295,3.9795003,12.400002,16.311613,55.0,95.334175,931.3186,4.31,Drizzle: Dense
2011-12-31 21:00:00+00:00,MUĞLA,48,9.5295,3.9795003,3.5000002,14.561099,53.0,85.70751,932.1074,6.95,Drizzle: Moderate
2012-01-01 21:00:00+00:00,MUĞLA,48,10.0295,1.4795,0.0,10.787993,3.0,82.11697,941.14667,9.94,Overcast
2012-01-02 21:00:00+00:00,MUĞLA,48,12.179501,0.32950008,0.0,4.896529,0.0,79.27037,944.4416,10.62,Clear sky
2012-01-03 21:00:00+00:00,MUĞLA,48,11.179501,0.5795001,0.0,5.937272,1.0,84.79199,943.18866,10.11,Mainly clear
2012-01-04 21:00:00+00:00,MUĞLA,48,8.4295,3.6295,1.8000001,9.255571,53.0,92.82174,937.8835,5.36,Drizzle: Moderate
2012-01-05 21:00:00+00:00,MUĞLA,48,8.9795,3.7795,28.4,29.784426,63.0,96.49203,928.6319,5.23,Rain: Moderate
2012-01-06 21:00:00+00:00,MUĞLA,48,8.8795,5.6795,54.0,27.155552,63.0,97.04251,923.9804,1.3,Rain: Moderate
2012-01-07 21:00:00+00:00,MUĞLA,48,8.9295,3.8795,10.3,9.178235,55.0,94.25293,928.3553,6.57,Drizzle: Dense
2012-01-08 21:00:00+00:00,MUĞLA,48,6.7795,3.1295,5.999999,9.504272,71.0,89.93112,934.0219,8.59,Snow fall: Slight
2012-01-09 21:00:00+00:00,MUĞLA,48,3.4295,1.3795,32.6,9.693296,75.0,96.72607,933.0081,2.98,Snow fall: Heavy
2012-01-10 21:00:00+00:00,MUĞLA,48,4.7795,-0.6704999,2.9,8.699793,73.0,86.78208,931.7409,7.8,Snow fall: Moderate
2012-01-11 21:00:00+00:00,MUĞLA,48,6.1795,-3.4204998,0.0,13.849477,3.0,81.69713,936.841,10.52,Overcast
2012-01-12 21:00:00+00:00,MUĞLA,48,7.4795003,-3.4204998,0.0,8.209263,0.0,78.97491,937.94745,11.53,Clear sky
2012-01-13 21:00:00+00:00,MUĞLA,48,7.4795003,1.0295,7.5,10.636766,55.0,89.302216,937.11993,8.09,Drizzle: Dense
2012-01-14 21:00:00+00:00,MUĞLA,48,7.2795,2.3295002,4.0,9.0,53.0,93.563576,932.99365,5.17,Drizzle: Moderate
2012-01-15 21:00:00+00:00,MUĞLA,48,3.5795002,-3.8205,0.0,9.504273,3.0,75.20042,933.8189,11.19,Overcast
2012-01-16 21:00:00+00:00,MUĞLA,48,2.4295,-4.3205,0.0,11.542478,0.0,58.343616,939.9439,12.39,Clear sky
2012-01-17 21:00:00+00:00,MUĞLA,48,3.6295,-4.9705,0.0,14.05845,0.0,53.47336,943.9636,12.26,Clear sky
2012-01-18 21:00:00+00:00,MUĞLA,48,2.8295002,-4.9205,0.0,15.192682,0.0,50.67787,946.53815,12.39,Clear sky
2012-01-19 21:00:00+00:00,MUĞLA,48,7.2295003,-3.4204998,0.0,8.707238,3.0,63.520954,943.88605,11.21,Overcast
2012-01-20 21:00:00+00:00,MUĞLA,48,8.1795,1.5295001,34.7,16.58346,63.0,95.73936,935.7461,4.67,Rain: Moderate
2012-01-21 21:00:00+00:00,MUĞLA,48,5.6795,0.029500127,3.0000002,14.77755,73.0,81.496574,933.8968,9.84,Snow fall: Moderate
2012-01-22 21:00:00+00:00,MUĞLA,48,10.1295,-1.2704998,0.1,7.42159,51.0,69.597664,940.1091,12.37,Drizzle: Light
2012-01-23 21:00:00+00:00,MUĞLA,48,7.6795,3.9795003,37.8,11.928989,63.0,94.74539,937.7871,1.8,Rain: Moderate
2012-01-24 21:00:00+00:00,MUĞLA,48,10.5295,5.1795,16.1,10.799999,63.0,94.98336,927.9297,7.42,Rain: Moderate
2012-01-25 21:00:00+00:00,MUĞLA,48,6.9295,1.7795001,13.300001,13.276144,71.0,95.74972,927.0972,7.85,Snow fall: Slight
2012-01-26 21:00:00+00:00,MUĞLA,48,7.7295003,1.0795001,0.0,14.113653,3.0,77.73661,934.75275,11.31,Overcast
2012-01-27 21:00:00+00:00,MUĞLA,48,9.0295,-0.27049994,0.0,10.685391,0.0,66.56836,940.5109,13.1,Clear sky
2012-01-28 21:00:00+00:00,MUĞLA,48,9.0295,-0.42049992,3.1000001,9.007196,53.0,82.5835,938.4763,9.23,Drizzle: Moderate
2012-01-29 21:00:00+00:00,MUĞLA,48,7.5795,1.1795001,4.5,8.39657,73.0,87.388145,934.1387,7.62,Snow fall: Moderate
2012-01-30 21:00:00+00:00,MUĞLA,48,4.8295,-2.2704997,0.0,12.904882,2.0,67.703125,930.88214,13.55,Partly cloudy
2012-01-31 21:00:00+00:00,MUĞLA,48,3.8795,-3.6204996,0.0,15.141414,3.0,47.181377,935.84064,14.37,Overcast
2012-02-01 21:00:00+00:00,MUĞLA,48,4.3295,-1.5204998,9.8,10.315115,73.0,68.940346,941.5141,4.77,Snow fall: Moderate
2012-02-02 21:00:00+00:00,MUĞLA,48,8.3295,2.9795,21.1,11.367109,61.0,96.969826,945.61176,4.02,Rain: Slight
2012-02-03 21:00:00+00:00,MUĞLA,48,11.1295,1.4295001,0.0,13.75558,3.0,83.780235,946.58154,10.59,Overcast
2012-02-04 21:00:00+00:00,MUĞLA,48,11.7795,4.6795,0.0,12.522619,3.0,79.61622,944.66156,13.02,Overcast
2012-02-05 21:00:00+00:00,MUĞLA,48,12.3295,0.32950008,3.8000002,17.10284,55.0,71.38285,934.3824,7.62,Drizzle: Dense
2012-02-06 21:00:00+00:00,MUĞLA,48,8.0295,2.8795,35.9,24.606731,71.0,92.71229,925.4082,7.16,Snow fall: Slight
2012-02-07 21:00:00+00:00,MUĞLA,48,8.6795,1.7795001,4.3,9.449572,53.0,88.17913,933.5961,10.71,Drizzle: Moderate
2012-02-08 21:00:00+00:00,MUĞLA,48,7.6795,2.8795,7.499999,6.519877,71.0,93.405495,933.8169,7.64,Snow fall: Slight
2012-02-09 21:00:00+00:00,MUĞLA,48,8.9295,-0.7704998,0.0,10.105681,3.0,76.93054,939.6267,13.56,Overcast
2012-02-10 21:00:00+00:00,MUĞLA,48,10.3795,-1.0705,0.0,9.83268,1.0,65.79743,944.1943,15.13,Mainly clear
2012-02-11 21:00:00+00:00,MUĞLA,48,10.5295,1.9795,0.0,12.7279215,3.0,71.15971,942.25385,9.18,Overcast
2012-02-12 21:00:00+00:00,MUĞLA,48,11.3295,1.9795,4.9,18.0,61.0,75.260445,937.14746,11.53,Rain: Slight
2012-02-13 21:00:00+00:00,MUĞLA,48,9.3295,4.1795,15.6,11.013882,61.0,95.40925,934.658,8.7,Rain: Slight
2012-02-14 21:00:00+00:00,MUĞLA,48,8.1795,1.5295001,14.500001,8.905908,73.0,91.54526,930.97534,12.35,Snow fall: Moderate
2012-02-15 21:00:00+00:00,MUĞLA,48,6.6795,-0.42049992,4.8999996,9.904906,71.0,94.37512,927.3671,9.37,Snow fall: Slight
2012-02-16 21:00:00+00:00,MUĞLA,48,4.0795,-2.2704997,0.8,22.380884,73.0,73.05509,926.95874,14.79,Snow fall: Moderate
2012-02-17 21:00:00+00:00,MUĞLA,48,3.7795,-3.6704998,0.0,14.799459,0.0,52.17899,937.1652,16.83,Clear sky
2012-02-18 21:00:00+00:00,MUĞLA,48,6.5295,-2.1704998,0.0,13.797912,0.0,56.582703,943.1101,16.82,Clear sky
2012-02-19 21:00:00+00:00,MUĞLA,48,9.1795,-1.8705,0.0,7.968939,3.0,65.86471,948.72363,15.69,Overcast
2012-02-20 21:00:00+00:00,MUĞLA,48,11.679501,-0.12049997,0.0,5.815978,3.0,76.15306,948.9504,16.07,Overcast
2012-02-21 21:00:00+00:00,MUĞLA,48,12.6295,0.8295001,0.0,5.8048253,3.0,71.89944,944.909,11.25,Overcast
2012-02-22 21:00:00+00:00,MUĞLA,48,12.5795,3.2295,1.7000002,8.78872,51.0,78.378044,941.3719,14.03,Drizzle: Light
2012-02-23 21:00:00+00:00,MUĞLA,48,13.4795,1.4295001,0.0,11.384199,2.0,70.409164,936.5976,16.82,Partly cloudy
2012-02-24 21:00:00+00:00,MUĞLA,48,14.5795,2.2295,0.0,8.311245,0.0,64.91865,935.5928,17.29,Clear sky
2012-02-25 21:00:00+00:00,MUĞLA,48,13.429501,1.7795001,0.7,11.525623,53.0,77.77715,932.6916,14.26,Drizzle: Moderate
2012-02-26 21:00:00+00:00,MUĞLA,48,10.2295,6.0295,14.000001,11.720751,55.0,95.03522,926.92267,8.53,Drizzle: Dense
2012-02-27 21:00:00+00:00,MUĞLA,48,6.2295003,-0.9704999,23.500002,18.72346,71.0,84.363655,923.21454,6.33,Snow fall: Slight
2012-02-28 21:00:00+00:00,MUĞLA,48,1.1795001,-5.4205,0.0,22.027763,3.0,52.860916,926.00275,17.55,Overcast
2012-02-29 21:00:00+00:00,MUĞLA,48,2.5295,-4.2205,0.0,24.881702,3.0,46.11592,930.78424,16.23,Overcast
2012-03-01 21:00:00+00:00,MUĞLA,48,5.4795003,-2.4204998,0.0,18.214718,1.0,55.586018,938.059,18.75,Mainly clear
2012-03-02 21:00:00+00:00,MUĞLA,48,12.2795,-1.0705,0.0,14.05845,1.0,67.95884,938.395,18.01,Mainly clear
2012-03-03 21:00:00+00:00,MUĞLA,48,10.2795,1.1795001,0.0,14.241629,3.0,68.265366,938.38995,19.48,Overcast
2012-03-04 21:00:00+00:00,MUĞLA,48,10.0795,-0.8205,2.3,17.283749,55.0,74.904434,939.3569,14.66,Drizzle: Dense
2012-03-05 21:00:00+00:00,MUĞLA,48,10.929501,4.2795,5.0999994,9.565437,53.0,89.24087,938.9863,12.22,Drizzle: Moderate
2012-03-06 21:00:00+00:00,MUĞLA,48,12.3295,0.029500127,1.0,7.42159,51.0,81.26764,942.6726,16.27,Drizzle: Light
2012-03-07 21:00:00+00:00,MUĞLA,48,13.7295,0.6295001,0.0,7.289444,3.0,76.00036,943.49994,18.68,Overcast
2012-03-08 21:00:00+00:00,MUĞLA,48,17.2795,2.5295,0.3,9.0,51.0,69.8729,946.34515,19.38,Drizzle: Light
2012-03-09 21:00:00+00:00,MUĞLA,48,18.779501,4.1295,0.0,7.24486,3.0,67.96279,944.1883,18.19,Overcast
2012-03-10 21:00:00+00:00,MUĞLA,48,17.4795,5.4795003,2.6,16.075521,53.0,74.210846,934.40045,15.12,Drizzle: Moderate
2012-03-11 21:00:00+00:00,MUĞLA,48,11.8795,7.1795,20.199999,14.934577,61.0,91.1749,925.4179,12.83,Rain: Slight
2012-03-12 21:00:00+00:00,MUĞLA,48,9.8795,3.4795,18.3,15.876775,61.0,93.7323,928.67206,7.53,Rain: Slight
2012-03-13 21:00:00+00:00,MUĞLA,48,11.679501,0.07950008,0.0,14.081478,3.0,77.46151,932.38446,14.37,Overcast
2012-03-14 21:00:00+00:00,MUĞLA,48,11.8295,1.6295,0.0,20.364674,2.0,66.40482,939.34625,19.75,Partly cloudy
2012-03-15 21:00:00+00:00,MUĞLA,48,6.8795004,1.7795001,0.0,24.72495,1.0,56.174595,943.8767,21.67,Mainly clear
2012-03-16 21:00:00+00:00,MUĞLA,48,13.1295,-0.62049997,0.0,10.30883,0.0,51.031464,948.9888,21.72,Clear sky
2012-03-17 21:00:00+00:00,MUĞLA,48,13.5295,0.32950008,0.0,8.287822,0.0,70.84411,950.28937,21.5,Clear sky
2012-03-18 21:00:00+00:00,MUĞLA,48,15.6295,1.2295,0.0,7.92,2.0,78.292915,949.6689,20.39,Partly cloudy
2012-03-19 21:00:00+00:00,MUĞLA,48,19.1795,3.3795,0.0,11.090103,0.0,64.39548,948.20996,21.9,Clear sky
2012-03-20 21:00:00+00:00,MUĞLA,48,18.3295,6.0295,0.0,16.394829,0.0,54.5333,947.0728,22.09,Clear sky
2012-03-21 21:00:00+00:00,MUĞLA,48,17.3795,5.4795003,0.0,17.782686,0.0,52.953495,945.2966,22.27,Clear sky
2012-03-22 21:00:00+00:00,MUĞLA,48,18.2295,5.3795,0.0,9.449572,0.0,54.410564,944.7299,22.48,Clear sky
2012-03-23 21:00:00+00:00,MUĞLA,48,17.5795,4.2295003,0.9,7.6367526,53.0,70.373985,942.77344,22.1,Drizzle: Moderate
2012-03-24 21:00:00+00:00,MUĞLA,48,17.5295,4.7295003,1.7,5.8603754,55.0,79.4012,940.47015,15.55,Drizzle: Dense
2012-03-25 21:00:00+00:00,MUĞLA,48,16.8295,4.4295,3.7,10.883676,63.0,72.955376,936.8107,20.48,Rain: Moderate
2012-03-26 21:00:00+00:00,MUĞLA,48,13.8795,5.6795,0.0,18.671474,1.0,60.21819,937.3299,23.04,Mainly clear
2012-03-27 21:00:00+00:00,MUĞLA,48,12.0295,2.6795,0.6,15.192682,51.0,59.200207,936.7778,20.16,Drizzle: Light
2012-03-28 21:00:00+00:00,MUĞLA,48,13.9795,1.7795001,0.0,12.758432,0.0,58.012268,937.67163,23.52,Clear sky
2012-03-29 21:00:00+00:00,MUĞLA,48,11.9795,4.9795003,4.0,13.37825,53.0,78.79085,935.73956,15.07,Drizzle: Moderate
2012-03-30 21:00:00+00:00,MUĞLA,48,13.0295,7.1295004,6.100001,9.346143,53.0,90.44501,934.5803,13.47,Drizzle: Moderate
2012-03-31 21:00:00+00:00,MUĞLA,48,13.679501,8.0795,0.2,16.263872,51.0,84.20041,934.2439,18.79,Drizzle: Light
2012-04-01 21:00:00+00:00,MUĞLA,48,15.2295,7.7795,4.2999997,7.386582,61.0,89.347534,937.10114,15.46,Rain: Slight
2012-04-02 21:00:00+00:00,MUĞLA,48,18.4295,4.2295003,0.0,9.220499,3.0,70.62186,941.2719,23.59,Overcast
2012-04-03 21:00:00+00:00,MUĞLA,48,19.6795,7.8295,0.0,10.105681,3.0,60.551147,943.49225,19.83,Overcast
2012-04-04 21:00:00+00:00,MUĞLA,48,18.9295,8.7795,1.4000001,11.792404,51.0,64.315025,940.7339,14.97,Drizzle: Light
2012-04-05 21:00:00+00:00,MUĞLA,48,19.6795,10.0295,0.0,19.164719,2.0,58.78253,936.32355,24.05,Partly cloudy
2012-04-06 21:00:00+00:00,MUĞLA,48,19.029501,11.429501,0.0,11.592894,0.0,60.465332,933.5327,23.22,Clear sky
2012-04-07 21:00:00+00:00,MUĞLA,48,19.279501,9.3295,0.0,16.418526,3.0,68.9261,929.3633,23.18,Overcast
2012-04-08 21:00:00+00:00,MUĞLA,48,13.3795,7.2795,20.199999,14.48972,63.0,89.55395,926.42865,17.05,Rain: Moderate
2012-04-09 21:00:00+00:00,MUĞLA,48,11.7295,6.0795,16.800001,13.18308,63.0,91.00589,927.0903,15.67,Rain: Moderate
2012-04-10 21:00:00+00:00,MUĞLA,48,15.5795,3.6795,0.2,11.503113,51.0,76.74595,931.33765,19.64,Drizzle: Light
2012-04-11 21:00:00+00:00,MUĞLA,48,16.1295,6.2795,1.0,10.182337,51.0,79.21404,934.7878,23.26,Drizzle: Light
2012-04-12 21:00:00+00:00,MUĞLA,48,17.5295,6.8795004,0.5,20.150354,51.0,73.97929,934.8462,24.18,Drizzle: Light
2012-04-13 21:00:00+00:00,MUĞLA,48,16.8295,10.5795,17.500002,26.415268,63.0,81.383736,931.6027,13.99,Rain: Moderate
2012-04-14 21:00:00+00:00,MUĞLA,48,15.0295,9.0795,25.9,23.499481,63.0,91.398224,931.5761,18.05,Rain: Moderate
2012-04-15 21:00:00+00:00,MUĞLA,48,17.3295,7.4795003,0.5,10.163227,51.0,79.748924,936.6641,20.67,Drizzle: Light
2012-04-16 21:00:00+00:00,MUĞLA,48,19.529501,7.8795004,0.0,16.595179,3.0,74.25138,936.009,25.65,Overcast
2012-04-17 21:00:00+00:00,MUĞLA,48,16.2795,9.3295,34.100002,35.038563,63.0,72.732994,922.5883,15.98,Rain: Moderate
2012-04-18 21:00:00+00:00,MUĞLA,48,14.5295,8.8795,8.7,14.33234,63.0,88.962395,931.6569,16.78,Rain: Moderate
2012-04-19 21:00:00+00:00,MUĞLA,48,17.3795,7.4795003,0.0,14.05845,3.0,77.412506,936.7961,24.44,Overcast
2012-04-20 21:00:00+00:00,MUĞLA,48,16.3295,7.9795003,1.2,19.35314,53.0,77.66788,936.58466,22.36,Drizzle: Moderate
2012-04-21 21:00:00+00:00,MUĞLA,48,18.8295,7.0795,0.0,8.759178,3.0,74.17944,938.918,25.21,Overcast
2012-04-22 21:00:00+00:00,MUĞLA,48,19.9295,7.5295,0.0,8.161764,3.0,73.807686,938.67,24.54,Overcast
2012-04-23 21:00:00+00:00,MUĞLA,48,22.9795,8.6795,0.3,9.531505,51.0,69.51374,939.5193,25.26,Drizzle: Light
2012-04-24 21:00:00+00:00,MUĞLA,48,24.1295,10.5795,0.4,10.661107,51.0,65.19379,940.33563,25.96,Drizzle: Light
2012-04-25 21:00:00+00:00,MUĞLA,48,23.0795,12.3295,0.0,7.2805495,2.0,57.63355,939.7105,27.1,Partly cloudy
2012-04-26 21:00:00+00:00,MUĞLA,48,22.279501,10.7795,0.7,10.636766,53.0,73.618675,937.7552,25.15,Drizzle: Moderate
2012-04-27 21:00:00+00:00,MUĞLA,48,21.529501,10.7295,0.1,9.793059,51.0,74.351616,938.6463,23.68,Drizzle: Light
2012-04-28 21:00:00+00:00,MUĞLA,48,25.1295,11.2295,1.2,8.049845,53.0,65.53285,937.4777,23.55,Drizzle: Moderate
2012-04-29 21:00:00+00:00,MUĞLA,48,24.3795,11.9795,0.5,9.360001,51.0,63.432404,936.7917,24.16,Drizzle: Light
2012-04-30 21:00:00+00:00,MUĞLA,48,26.7295,12.0795,6.5,9.449572,63.0,68.104866,936.11774,23.41,Rain: Moderate
2012-05-01 21:00:00+00:00,MUĞLA,48,27.2295,12.5795,0.7,9.028754,53.0,64.66642,934.0433,25.28,Drizzle: Moderate
2012-05-02 21:00:00+00:00,MUĞLA,48,25.279501,13.1295,5.0,7.771331,61.0,80.72283,931.5349,23.89,Rain: Slight
2012-05-03 21:00:00+00:00,MUĞLA,48,22.8795,12.8295,1.4000001,10.137692,55.0,76.97518,933.124,25.35,Drizzle: Dense
2012-05-04 21:00:00+00:00,MUĞLA,48,21.9795,11.7795,0.0,11.298495,2.0,70.45605,935.30096,27.41,Partly cloudy
2012-05-05 21:00:00+00:00,MUĞLA,48,24.3295,10.179501,0.0,9.178235,3.0,67.00804,936.71954,27.13,Overcast
2012-05-06 21:00:00+00:00,MUĞLA,48,26.1795,12.3795,0.0,9.178235,2.0,56.315998,938.2657,27.54,Partly cloudy
2012-05-07 21:00:00+00:00,MUĞLA,48,26.4295,12.8295,3.0,9.387651,61.0,60.706738,937.21387,25.71,Rain: Slight
2012-05-08 21:00:00+00:00,MUĞLA,48,24.5795,13.2795,3.6000001,9.693296,61.0,68.09248,937.90625,20.91,Rain: Slight
2012-05-09 21:00:00+00:00,MUĞLA,48,25.0795,12.5295,2.5,8.209263,61.0,66.911354,938.9727,23.98,Rain: Slight
2012-05-10 21:00:00+00:00,MUĞLA,48,23.1295,13.2295,6.6,7.8954163,63.0,70.12852,939.8467,23.52,Rain: Moderate
2012-05-11 21:00:00+00:00,MUĞLA,48,20.779501,10.8795,1.1,11.659777,51.0,70.35199,936.6329,22.04,Drizzle: Light
2012-05-12 21:00:00+00:00,MUĞLA,48,22.6295,10.429501,12.0,8.669949,63.0,76.99398,933.2194,24.21,Rain: Moderate
2012-05-13 21:00:00+00:00,MUĞLA,48,22.6295,10.2795,7.7,7.2359104,63.0,78.92539,933.55396,25.37,Rain: Moderate
2012-05-14 21:00:00+00:00,MUĞLA,48,20.3795,13.3295,3.8000002,20.523155,55.0,82.13564,935.07324,22.39,Drizzle: Dense
2012-05-15 21:00:00+00:00,MUĞLA,48,17.8795,12.7295,3.2,15.941944,53.0,81.6713,934.80444,24.17,Drizzle: Moderate
2012-05-16 21:00:00+00:00,MUĞLA,48,17.6795,10.429501,1.2,15.893093,51.0,79.67132,932.65356,18.05,Drizzle: Light
2012-05-17 21:00:00+00:00,MUĞLA,48,14.9795,9.5295,28.699997,15.1884165,63.0,89.10074,931.10004,16.14,Rain: Moderate
2012-05-18 21:00:00+00:00,MUĞLA,48,17.0795,8.6295,9.6,10.144082,63.0,82.61687,935.1351,22.38,Rain: Moderate
2012-05-19 21:00:00+00:00,MUĞLA,48,18.9795,6.9795003,2.8999999,10.495713,55.0,79.74862,938.43195,24.62,Drizzle: Dense
2012-05-20 21:00:00+00:00,MUĞLA,48,22.3295,8.2795,0.1,10.144082,51.0,75.86899,938.26166,25.43,Drizzle: Light
2012-05-21 21:00:00+00:00,MUĞLA,48,24.529501,12.7795,1.2,19.523155,53.0,71.69114,936.71826,26.03,Drizzle: Moderate
2012-05-22 21:00:00+00:00,MUĞLA,48,19.8295,13.5795,0.3,15.315873,51.0,78.00968,935.8515,23.99,Drizzle: Light
2012-05-23 21:00:00+00:00,MUĞLA,48,17.9295,11.179501,6.6,14.88242,61.0,82.94756,936.0501,22.15,Rain: Slight
2012-05-24 21:00:00+00:00,MUĞLA,48,18.2295,11.6295,14.599999,9.114471,61.0,87.60385,935.7884,20.2,Rain: Slight
2012-05-25 21:00:00+00:00,MUĞLA,48,22.529501,9.6295,0.1,8.225035,51.0,77.20404,938.60187,26.01,Drizzle: Light
2012-05-26 21:00:00+00:00,MUĞLA,48,22.0795,11.429501,0.0,12.397806,3.0,74.462074,938.8875,26.84,Overcast
2012-05-27 21:00:00+00:00,MUĞLA,48,19.3295,12.5295,9.3,14.345898,61.0,91.33097,936.4406,19.52,Rain: Slight
2012-05-28 21:00:00+00:00,MUĞLA,48,20.0795,11.4795,0.6,10.703569,51.0,77.86537,935.8066,21.81,Drizzle: Light
2012-05-29 21:00:00+00:00,MUĞLA,48,19.529501,12.6295,2.6999998,12.904882,53.0,79.77895,938.5972,22.41,Drizzle: Moderate
2012-05-30 21:00:00+00:00,MUĞLA,48,19.779501,11.3295,4.7999997,9.422101,61.0,77.56382,938.9532,23.39,Rain: Slight
2012-05-31 21:00:00+00:00,MUĞLA,48,23.5795,10.9795,0.1,8.049845,51.0,66.612564,939.8107,28.05,Drizzle: Light
2012-06-01 21:00:00+00:00,MUĞLA,48,24.2295,12.0795,0.0,10.495713,3.0,74.873634,942.373,25.17,Overcast
2012-06-02 21:00:00+00:00,MUĞLA,48,23.8295,13.5795,1.3000001,8.699793,55.0,73.57499,941.6734,24.18,Drizzle: Dense
2012-06-03 21:00:00+00:00,MUĞLA,48,26.6795,13.8795,0.2,8.287822,51.0,67.17525,938.378,27.53,Drizzle: Light
2012-06-04 21:00:00+00:00,MUĞLA,48,25.6295,13.5795,0.0,13.891522,1.0,63.90185,936.959,29.52,Mainly clear
2012-06-05 21:00:00+00:00,MUĞLA,48,21.6795,13.429501,0.2,13.049689,51.0,69.1356,935.20306,23.28,Drizzle: Light
2012-06-06 21:00:00+00:00,MUĞLA,48,26.5795,13.0795,0.0,12.413476,1.0,63.492413,935.0217,28.91,Mainly clear
2012-06-07 21:00:00+00:00,MUĞLA,48,29.0795,14.6295,0.0,7.491114,0.0,51.174408,936.70874,29.77,Clear sky
2012-06-08 21:00:00+00:00,MUĞLA,48,29.9795,15.679501,0.0,7.928177,0.0,53.7513,938.30804,29.87,Clear sky
2012-06-09 21:00:00+00:00,MUĞLA,48,30.029501,16.0295,0.0,10.514218,0.0,61.979633,936.951,29.25,Clear sky
2012-06-10 21:00:00+00:00,MUĞLA,48,29.5795,17.2295,0.0,7.5942082,1.0,67.944214,935.47656,27.32,Mainly clear
2012-06-11 21:00:00+00:00,MUĞLA,48,31.9295,18.5795,0.0,7.729527,2.0,64.35975,935.5052,28.76,Partly cloudy
2012-06-12 21:00:00+00:00,MUĞLA,48,33.5295,19.4295,3.6,7.754637,61.0,57.44458,935.5892,25.6,Rain: Slight
2012-06-13 21:00:00+00:00,MUĞLA,48,34.2795,19.6795,0.4,7.289445,51.0,51.830555,935.6421,28.45,Drizzle: Light
2012-06-14 21:00:00+00:00,MUĞLA,48,34.679497,19.7295,0.0,10.163227,1.0,47.206913,936.8945,28.79,Mainly clear
2012-06-15 21:00:00+00:00,MUĞLA,48,36.679497,21.529501,0.0,10.636766,2.0,41.52742,936.5857,29.57,Partly cloudy
2012-06-16 21:00:00+00:00,MUĞLA,48,36.379498,22.029501,0.5,13.246826,53.0,39.465027,937.0887,29.26,Drizzle: Moderate
2012-06-17 21:00:00+00:00,MUĞLA,48,35.2295,21.4795,0.0,10.44,2.0,41.829224,936.6944,29.35,Partly cloudy
2012-06-18 21:00:00+00:00,MUĞLA,48,33.5795,19.6295,0.0,9.085988,2.0,47.157166,934.6059,29.32,Partly cloudy
2012-06-19 21:00:00+00:00,MUĞLA,48,33.5295,19.1795,0.0,11.753876,2.0,47.725857,932.0164,29.6,Partly cloudy
2012-06-20 21:00:00+00:00,MUĞLA,48,34.379498,19.279501,0.0,14.264361,0.0,43.25676,931.07404,30.65,Clear sky
2012-06-21 21:00:00+00:00,MUĞLA,48,32.2295,17.4795,0.8,11.525623,53.0,54.099186,933.566,29.29,Drizzle: Moderate
2012-06-22 21:00:00+00:00,MUĞLA,48,32.4795,18.6795,1.9,8.404285,55.0,60.625214,936.9521,27.59,Drizzle: Dense
2012-06-23 21:00:00+00:00,MUĞLA,48,33.7795,20.0795,2.6,10.538843,61.0,57.592606,936.4077,28.09,Rain: Slight
2012-06-24 21:00:00+00:00,MUĞLA,48,33.879498,19.9795,0.0,11.631956,2.0,49.007187,935.2513,28.93,Partly cloudy
2012-06-25 21:00:00+00:00,MUĞLA,48,32.9295,20.1295,0.2,11.212135,51.0,53.701183,936.091,28.03,Drizzle: Light
2012-06-26 21:00:00+00:00,MUĞLA,48,34.0795,20.9795,0.0,14.4,2.0,45.523365,935.1609,29.16,Partly cloudy
2012-06-27 21:00:00+00:00,MUĞLA,48,33.2295,21.1795,0.0,13.527572,0.0,42.630116,934.231,29.86,Clear sky
2012-06-28 21:00:00+00:00,MUĞLA,48,32.2295,20.0795,0.0,13.896187,0.0,38.29022,935.2365,29.87,Clear sky
2012-06-29 21:00:00+00:00,MUĞLA,48,33.129498,19.3795,0.0,11.874544,0.0,38.90952,936.0998,30.03,Clear sky
2012-06-30 21:00:00+00:00,MUĞLA,48,33.0795,19.279501,0.0,11.298495,0.0,37.44538,936.2985,30.1,Clear sky
2012-07-01 21:00:00+00:00,MUĞLA,48,32.7795,19.7295,0.0,15.7908325,0.0,33.328686,935.6931,30.29,Clear sky
2012-07-02 21:00:00+00:00,MUĞLA,48,31.279501,19.3795,0.0,16.055355,0.0,33.444397,936.5652,30.19,Clear sky
2012-07-03 21:00:00+00:00,MUĞLA,48,32.4295,18.529501,0.0,9.114471,0.0,36.126827,935.87054,29.93,Clear sky
2012-07-04 21:00:00+00:00,MUĞLA,48,33.9795,19.1295,0.0,13.698934,3.0,39.101032,935.6259,28.98,Overcast
2012-07-05 21:00:00+00:00,MUĞLA,48,34.379498,21.1295,0.0,10.587918,3.0,37.220333,934.43506,27.75,Overcast
2012-07-06 21:00:00+00:00,MUĞLA,48,35.2795,21.529501,0.0,8.707238,2.0,38.296696,933.11383,29.15,Partly cloudy
2012-07-07 21:00:00+00:00,MUĞLA,48,33.7795,22.1795,0.0,18.11841,1.0,32.038548,931.7211,28.69,Mainly clear
2012-07-08 21:00:00+00:00,MUĞLA,48,33.879498,22.1795,0.0,22.039528,0.0,35.389626,931.83954,28.99,Clear sky
2012-07-09 21:00:00+00:00,MUĞLA,48,34.9795,22.3295,0.0,16.055355,0.0,34.163372,934.34,29.58,Clear sky
2012-07-10 21:00:00+00:00,MUĞLA,48,35.5295,21.0795,0.0,13.679999,0.0,27.686655,935.96783,29.44,Clear sky
2012-07-11 21:00:00+00:00,MUĞLA,48,35.7795,22.1795,0.0,17.114204,0.0,26.804289,936.1177,29.6,Clear sky
2012-07-12 21:00:00+00:00,MUĞLA,48,36.7295,22.8295,0.0,8.287822,0.0,26.795258,935.34467,29.61,Clear sky
2012-07-13 21:00:00+00:00,MUĞLA,48,38.0295,21.6795,0.0,7.9932966,0.0,28.06236,935.20184,29.51,Clear sky
2012-07-14 21:00:00+00:00,MUĞLA,48,39.0795,23.529501,0.0,9.1641035,0.0,22.81698,935.7319,29.68,Clear sky
2012-07-15 21:00:00+00:00,MUĞLA,48,40.929497,23.0795,0.0,7.9932976,0.0,24.100744,934.7945,29.74,Clear sky
2012-07-16 21:00:00+00:00,MUĞLA,48,40.7295,24.779501,0.0,9.793059,0.0,26.28939,934.3378,29.23,Clear sky
2012-07-17 21:00:00+00:00,MUĞLA,48,38.629498,24.4795,0.0,13.684735,0.0,32.00838,933.7194,28.38,Clear sky
2012-07-18 21:00:00+00:00,MUĞLA,48,36.8295,23.4295,0.0,13.53236,0.0,37.97174,934.56494,28.21,Clear sky
2012-07-19 21:00:00+00:00,MUĞLA,48,36.4795,22.6295,0.0,12.538134,0.0,39.446995,935.2265,27.29,Clear sky
2012-07-20 21:00:00+00:00,MUĞLA,48,36.429497,24.0795,1.2,9.0,53.0,40.95884,933.8555,24.66,Drizzle: Moderate
2012-07-21 21:00:00+00:00,MUĞLA,48,35.5295,25.9295,0.0,10.1887,3.0,38.31014,932.9388,24.78,Overcast
2012-07-22 21:00:00+00:00,MUĞLA,48,33.5295,23.3295,1.8,8.287822,55.0,64.80724,934.36395,24.46,Drizzle: Dense
2012-07-23 21:00:00+00:00,MUĞLA,48,37.9795,23.6795,0.0,13.684735,2.0,51.484554,936.7122,27.12,Partly cloudy
2012-07-24 21:00:00+00:00,MUĞLA,48,39.129498,24.5795,0.0,12.303366,0.0,42.817455,935.7137,28.18,Clear sky
2012-07-25 21:00:00+00:00,MUĞLA,48,38.3295,24.8795,0.2,8.714677,51.0,48.862965,934.2735,26.99,Drizzle: Light
2012-07-26 21:00:00+00:00,MUĞLA,48,36.3295,24.6295,0.0,12.229406,0.0,55.629795,932.5566,27.12,Clear sky
2012-07-27 21:00:00+00:00,MUĞLA,48,35.0295,23.6295,0.5,11.119281,53.0,60.13175,930.92206,27.13,Drizzle: Moderate
2012-07-28 21:00:00+00:00,MUĞLA,48,36.429497,23.9295,0.0,7.42159,1.0,45.931763,930.8081,27.12,Mainly clear
2012-07-29 21:00:00+00:00,MUĞLA,48,36.5295,24.9795,0.0,8.766573,2.0,35.720203,931.36035,25.58,Partly cloudy
2012-07-30 21:00:00+00:00,MUĞLA,48,34.3295,23.8795,4.7,10.009036,63.0,43.411133,931.133,23.72,Rain: Moderate
2012-07-31 21:00:00+00:00,MUĞLA,48,32.379498,22.1295,5.5,8.12197,63.0,55.683567,932.2845,23.09,Rain: Moderate
2012-08-01 21:00:00+00:00,MUĞLA,48,28.9795,22.3795,5.2000003,9.19939,63.0,70.08787,935.19403,21.16,Rain: Moderate
2012-08-02 21:00:00+00:00,MUĞLA,48,29.3295,20.7295,14.5,7.8954163,63.0,67.52433,936.4865,24.03,Rain: Moderate
2012-08-03 21:00:00+00:00,MUĞLA,48,31.0795,20.7295,0.1,9.511088,51.0,54.31053,935.59033,25.06,Drizzle: Light
2012-08-04 21:00:00+00:00,MUĞLA,48,33.5295,21.529501,0.0,14.345898,0.0,42.942657,935.36334,27.43,Clear sky
2012-08-05 21:00:00+00:00,MUĞLA,48,34.0295,22.1795,0.0,21.767351,0.0,36.998234,936.0693,27.48,Clear sky
2012-08-06 21:00:00+00:00,MUĞLA,48,34.179497,22.8295,0.2,23.979893,51.0,35.396206,935.33813,26.28,Drizzle: Light
2012-08-07 21:00:00+00:00,MUĞLA,48,34.179497,23.0795,0.0,20.767975,0.0,37.55115,935.7556,27.11,Clear sky
2012-08-08 21:00:00+00:00,MUĞLA,48,34.9795,22.1295,0.0,12.738099,3.0,39.955532,936.3885,26.74,Overcast
2012-08-09 21:00:00+00:00,MUĞLA,48,33.929497,22.5795,2.1,9.178235,61.0,44.425274,935.0463,24.02,Rain: Slight
2012-08-10 21:00:00+00:00,MUĞLA,48,33.0795,21.5795,0.6,13.783817,53.0,47.864796,933.46027,24.81,Drizzle: Moderate
2012-08-11 21:00:00+00:00,MUĞLA,48,30.4795,20.8795,0.0,15.463246,0.0,51.773956,934.3361,25.7,Clear sky
2012-08-12 21:00:00+00:00,MUĞLA,48,31.5795,18.8295,0.0,11.753876,2.0,45.685017,935.4973,26.9,Partly cloudy
2012-08-13 21:00:00+00:00,MUĞLA,48,32.6795,19.779501,0.0,14.039999,0.0,30.86246,935.84204,26.95,Clear sky
2012-08-14 21:00:00+00:00,MUĞLA,48,33.5795,19.6295,0.0,11.592895,0.0,29.9661,935.42285,26.73,Clear sky
2012-08-15 21:00:00+00:00,MUĞLA,48,34.2295,20.279501,0.0,11.792404,0.0,27.39447,935.1953,26.82,Clear sky
2012-08-16 21:00:00+00:00,MUĞLA,48,34.379498,20.4295,0.0,9.931042,0.0,29.784126,935.36615,26.65,Clear sky
2012-08-17 21:00:00+00:00,MUĞLA,48,34.179497,20.029501,0.0,12.10157,2.0,31.06983,935.25446,26.33,Partly cloudy
2012-08-18 21:00:00+00:00,MUĞLA,48,33.129498,20.529501,0.0,10.086427,0.0,30.036238,937.3965,26.29,Clear sky
2012-08-19 21:00:00+00:00,MUĞLA,48,32.5795,20.1795,0.0,12.496718,0.0,29.63552,938.19604,26.22,Clear sky
2012-08-20 21:00:00+00:00,MUĞLA,48,33.0295,19.4795,0.0,10.691453,0.0,29.383184,938.2121,26.36,Clear sky
2012-08-21 21:00:00+00:00,MUĞLA,48,34.929497,20.9295,0.0,14.8257065,0.0,28.568197,938.9446,25.91,Clear sky
2012-08-22 21:00:00+00:00,MUĞLA,48,35.0795,21.1795,0.0,12.475961,0.0,29.318583,937.8796,25.83,Clear sky
2012-08-23 21:00:00+00:00,MUĞLA,48,36.0795,20.779501,0.0,12.738099,0.0,23.273699,936.3086,26.07,Clear sky
2012-08-24 21:00:00+00:00,MUĞLA,48,36.179497,19.5795,0.0,11.620809,0.0,29.042976,936.00116,26.03,Clear sky
2012-08-25 21:00:00+00:00,MUĞLA,48,36.0795,19.279501,0.0,12.031756,0.0,35.022484,934.7971,25.87,Clear sky
2012-08-26 21:00:00+00:00,MUĞLA,48,34.4795,19.3295,0.0,13.684735,0.0,41.19219,933.1472,25.2,Clear sky
2012-08-27 21:00:00+00:00,MUĞLA,48,30.9295,20.1295,0.0,22.545315,0.0,39.99133,933.8718,24.4,Clear sky
2012-08-28 21:00:00+00:00,MUĞLA,48,30.9295,17.3795,0.0,20.46941,0.0,36.002586,936.9165,25.13,Clear sky
2012-08-29 21:00:00+00:00,MUĞLA,48,33.679497,17.4795,0.0,9.885262,0.0,20.66242,936.20306,25.4,Clear sky
2012-08-30 21:00:00+00:00,MUĞLA,48,33.5795,17.6295,0.0,9.983106,0.0,24.277122,935.816,25.0,Clear sky
2012-08-31 21:00:00+00:00,MUĞLA,48,33.879498,18.1295,0.0,9.826088,0.0,29.01753,937.3643,24.77,Clear sky
2012-09-01 21:00:00+00:00,MUĞLA,48,34.3295,18.9795,0.0,7.729527,0.0,25.382593,939.545,24.66,Clear sky
2012-09-02 21:00:00+00:00,MUĞLA,48,35.429497,19.0795,0.0,7.5685663,0.0,23.69915,937.77386,24.67,Clear sky
2012-09-03 21:00:00+00:00,MUĞLA,48,34.879498,19.1795,0.0,10.931203,0.0,35.195797,936.44556,24.12,Clear sky
2012-09-04 21:00:00+00:00,MUĞLA,48,35.0795,19.5795,0.0,12.015589,0.0,42.249504,936.84906,23.82,Clear sky
2012-09-05 21:00:00+00:00,MUĞLA,48,33.7795,19.2295,0.0,11.966953,0.0,42.53914,936.65106,23.52,Clear sky
2012-09-06 21:00:00+00:00,MUĞLA,48,32.7795,17.6795,0.0,9.9571085,0.0,43.206955,934.98505,23.24,Clear sky
2012-09-07 21:00:00+00:00,MUĞLA,48,32.0295,21.6795,0.0,9.360001,3.0,40.779144,934.15186,21.36,Overcast
2012-09-08 21:00:00+00:00,MUĞLA,48,32.7295,19.8795,0.0,8.699793,0.0,34.932026,935.1883,22.85,Clear sky
2012-09-09 21:00:00+00:00,MUĞLA,48,31.1295,19.8295,0.0,10.703569,0.0,32.273533,936.9777,22.85,Clear sky
2012-09-10 21:00:00+00:00,MUĞLA,48,30.1795,18.279501,0.0,13.53236,1.0,35.837597,937.0135,22.68,Mainly clear
2012-09-11 21:00:00+00:00,MUĞLA,48,28.029501,16.7795,0.0,14.33234,1.0,52.58939,935.16815,21.55,Mainly clear
2012-09-12 21:00:00+00:00,MUĞLA,48,26.3295,15.2295,0.0,11.212135,0.0,58.14893,935.5347,22.0,Clear sky
2012-09-13 21:00:00+00:00,MUĞLA,48,28.3295,14.8295,0.0,8.587338,0.0,58.58012,939.3565,21.89,Clear sky
2012-09-14 21:00:00+00:00,MUĞLA,48,32.9795,17.3295,0.3,9.504272,51.0,43.201218,937.2427,21.23,Drizzle: Light
2012-09-15 21:00:00+00:00,MUĞLA,48,29.4795,18.1295,0.0,14.759999,0.0,53.18257,935.0014,21.31,Clear sky
2012-09-16 21:00:00+00:00,MUĞLA,48,26.5795,17.8295,0.90000004,17.462784,51.0,63.216312,936.3925,18.18,Drizzle: Light
2012-09-17 21:00:00+00:00,MUĞLA,48,26.8795,17.8795,0.0,10.390226,3.0,69.67755,937.5142,16.92,Overcast
2012-09-18 21:00:00+00:00,MUĞLA,48,26.8295,16.3295,0.6,10.239453,51.0,63.459133,936.3244,17.99,Drizzle: Light
2012-09-19 21:00:00+00:00,MUĞLA,48,27.6295,16.2795,0.0,10.823973,2.0,63.0392,937.2566,19.18,Partly cloudy
2012-09-20 21:00:00+00:00,MUĞLA,48,27.6795,15.6295,0.0,15.273505,1.0,60.89632,938.3558,19.76,Mainly clear
2012-09-21 21:00:00+00:00,MUĞLA,48,27.6295,13.429501,0.0,10.365251,0.0,45.65608,938.42334,21.14,Clear sky
2012-09-22 21:00:00+00:00,MUĞLA,48,29.2295,14.3795,0.0,8.217153,0.0,34.997303,939.9087,20.99,Clear sky
2012-09-23 21:00:00+00:00,MUĞLA,48,29.6295,14.3795,0.0,9.885262,0.0,41.20136,938.66583,20.73,Clear sky
2012-09-24 21:00:00+00:00,MUĞLA,48,30.029501,14.7295,0.0,9.47012,0.0,46.32872,937.364,20.47,Clear sky
2012-09-25 21:00:00+00:00,MUĞLA,48,32.5295,15.9795,0.0,8.0899935,0.0,35.188488,939.33624,20.07,Clear sky
2012-09-26 21:00:00+00:00,MUĞLA,48,32.629498,17.6795,0.0,9.693296,3.0,38.80685,940.26025,19.39,Overcast
2012-09-27 21:00:00+00:00,MUĞLA,48,32.879498,17.6795,0.0,9.085988,3.0,51.25311,940.11456,18.8,Overcast
2012-09-28 21:00:00+00:00,MUĞLA,48,32.0295,17.2295,0.3,7.5942082,51.0,51.61604,940.23553,18.95,Drizzle: Light
2012-09-29 21:00:00+00:00,MUĞLA,48,30.6795,17.3295,0.0,10.630672,1.0,59.04479,940.7104,19.19,Mainly clear
2012-09-30 21:00:00+00:00,MUĞLA,48,29.8295,16.5295,0.6,8.311245,53.0,64.39182,942.5664,16.55,Drizzle: Moderate
2012-10-01 21:00:00+00:00,MUĞLA,48,28.9295,18.029501,7.4999995,6.830519,61.0,60.78342,942.2059,15.96,Rain: Slight
2012-10-02 21:00:00+00:00,MUĞLA,48,27.0795,15.0795,0.9,8.707237,53.0,65.78012,940.1228,18.06,Drizzle: Moderate
2012-10-03 21:00:00+00:00,MUĞLA,48,25.3795,16.5295,0.7,7.172949,53.0,73.36942,937.84814,14.71,Drizzle: Moderate
2012-10-04 21:00:00+00:00,MUĞLA,48,25.7295,16.0795,4.8,7.4128532,63.0,70.48858,937.67816,16.83,Rain: Moderate
2012-10-05 21:00:00+00:00,MUĞLA,48,26.529501,14.1295,0.0,6.439876,2.0,60.002476,940.26733,17.49,Partly cloudy
2012-10-06 21:00:00+00:00,MUĞLA,48,26.5795,14.7795,1.0,9.107359,53.0,68.96908,939.3367,17.4,Drizzle: Moderate
2012-10-07 21:00:00+00:00,MUĞLA,48,23.279501,16.4295,0.2,12.229406,51.0,76.0091,937.05597,16.49,Drizzle: Light
2012-10-08 21:00:00+00:00,MUĞLA,48,23.3295,13.179501,0.1,10.823973,51.0,69.400024,935.84735,17.06,Drizzle: Light
2012-10-09 21:00:00+00:00,MUĞLA,48,20.4295,14.2295,7.1000004,7.5942073,61.0,78.812035,934.68463,10.91,Rain: Slight
2012-10-10 21:00:00+00:00,MUĞLA,48,22.4295,11.5295,2.9999998,11.367109,63.0,76.33991,934.42096,16.28,Rain: Moderate
2012-10-11 21:00:00+00:00,MUĞLA,48,22.779501,10.7295,0.0,11.384198,3.0,70.76917,940.0024,16.67,Overcast
2012-10-12 21:00:00+00:00,MUĞLA,48,22.4295,12.8295,0.0,9.107359,3.0,75.266945,941.48627,16.14,Overcast
2012-10-13 21:00:00+00:00,MUĞLA,48,24.1795,12.5295,0.0,8.587338,2.0,71.03629,940.62494,16.2,Partly cloudy
2012-10-14 21:00:00+00:00,MUĞLA,48,25.6795,13.2295,0.0,9.387651,1.0,68.20928,942.3863,15.47,Mainly clear
2012-10-15 21:00:00+00:00,MUĞLA,48,28.4295,13.3795,0.0,7.968939,0.0,59.721203,944.0805,16.43,Clear sky
2012-10-16 21:00:00+00:00,MUĞLA,48,29.3295,14.5795,0.0,7.42159,3.0,47.52567,943.2681,15.62,Overcast
2012-10-17 21:00:00+00:00,MUĞLA,48,29.3795,15.7295,0.0,8.161764,2.0,40.69228,941.93335,15.13,Partly cloudy
2012-10-18 21:00:00+00:00,MUĞLA,48,28.7295,15.3295,0.0,7.9932976,0.0,41.947136,940.8574,15.98,Clear sky
2012-10-19 21:00:00+00:00,MUĞLA,48,26.6295,13.679501,0.0,8.669949,1.0,51.722626,937.4543,16.09,Mainly clear
2012-10-20 21:00:00+00:00,MUĞLA,48,19.6295,12.3795,5.5,12.758432,61.0,69.28846,934.6963,12.11,Rain: Slight
2012-10-21 21:00:00+00:00,MUĞLA,48,15.6295,11.1295,4.3,9.793059,55.0,85.61613,936.0268,8.06,Drizzle: Dense
2012-10-22 21:00:00+00:00,MUĞLA,48,16.8795,10.2295,0.8,9.227524,51.0,83.42649,936.67255,9.42,Drizzle: Light
2012-10-23 21:00:00+00:00,MUĞLA,48,16.3295,10.0295,1.1,10.630672,51.0,86.110954,936.7595,8.48,Drizzle: Light
2012-10-24 21:00:00+00:00,MUĞLA,48,19.3795,10.8295,8.3,4.6800003,63.0,82.82128,934.9091,12.23,Rain: Moderate
2012-10-25 21:00:00+00:00,MUĞLA,48,20.3795,9.0795,0.1,9.107359,51.0,78.7558,935.169,14.04,Drizzle: Light
2012-10-26 21:00:00+00:00,MUĞLA,48,19.5795,11.3795,0.0,11.165805,3.0,77.72364,937.9953,14.27,Overcast
2012-10-27 21:00:00+00:00,MUĞLA,48,19.1295,12.5295,0.5,19.211996,51.0,82.52973,940.64545,9.51,Drizzle: Light
2012-10-28 21:00:00+00:00,MUĞLA,48,19.3795,12.429501,0.0,21.629978,3.0,82.76044,939.16626,10.34,Overcast
2012-10-29 21:00:00+00:00,MUĞLA,48,16.9795,13.6295,23.6,16.595179,65.0,89.565346,936.5396,10.62,Rain: Heavy
2012-10-30 21:00:00+00:00,MUĞLA,48,18.2295,12.0295,0.1,8.089993,51.0,81.371956,938.92816,8.54,Drizzle: Light
2012-10-31 21:00:00+00:00,MUĞLA,48,19.279501,11.0295,0.0,13.661038,3.0,77.06349,939.4534,10.23,Overcast
2012-11-01 21:00:00+00:00,MUĞLA,48,20.8795,14.8295,3.7000003,16.981165,53.0,74.7203,939.00433,9.51,Drizzle: Moderate
2012-11-02 21:00:00+00:00,MUĞLA,48,22.029501,14.5295,7.2,8.311245,61.0,79.06363,940.2515,11.76,Rain: Slight
2012-11-03 21:00:00+00:00,MUĞLA,48,22.5795,11.3795,0.0,7.0911775,3.0,81.07795,941.4196,13.13,Overcast
2012-11-04 21:00:00+00:00,MUĞLA,48,21.4295,13.0295,0.0,9.387651,3.0,81.59869,941.0342,13.09,Overcast
2012-11-05 21:00:00+00:00,MUĞLA,48,20.1795,13.179501,0.3,7.653705,51.0,89.40925,940.6499,8.41,Drizzle: Light
2012-11-06 21:00:00+00:00,MUĞLA,48,19.5795,15.5295,0.70000005,9.114471,51.0,93.7796,940.8073,7.23,Drizzle: Light
2012-11-07 21:00:00+00:00,MUĞLA,48,15.429501,10.2295,42.100002,11.966954,63.0,94.356285,933.59863,3.24,Rain: Moderate
2012-11-08 21:00:00+00:00,MUĞLA,48,15.929501,9.9795,0.0,18.359999,1.0,70.065544,932.25366,11.22,Mainly clear
2012-11-09 21:00:00+00:00,MUĞLA,48,14.8295,8.1295,0.4,17.771753,51.0,71.35053,934.47833,11.68,Drizzle: Light
2012-11-10 21:00:00+00:00,MUĞLA,48,14.4795,6.2795,0.0,19.66536,0.0,66.36834,939.8588,12.57,Clear sky
2012-11-11 21:00:00+00:00,MUĞLA,48,18.6295,7.0795,0.0,10.630672,2.0,64.08308,942.21094,12.67,Partly cloudy
2012-11-12 21:00:00+00:00,MUĞLA,48,20.9295,7.2795,0.0,7.5942082,3.0,70.21372,941.30145,11.66,Overcast
2012-11-13 21:00:00+00:00,MUĞLA,48,20.1295,7.7295003,0.0,4.510787,3.0,70.09312,940.1407,12.29,Overcast
2012-11-14 21:00:00+00:00,MUĞLA,48,17.2295,9.0795,0.0,12.849528,3.0,84.78059,941.5612,9.39,Overcast
2012-11-15 21:00:00+00:00,MUĞLA,48,17.3295,11.5795,0.0,10.805999,3.0,85.34318,942.29736,8.19,Overcast
2012-11-16 21:00:00+00:00,MUĞLA,48,19.4295,9.5795,0.0,6.9527545,3.0,71.962456,938.8194,10.29,Overcast
2012-11-17 21:00:00+00:00,MUĞLA,48,18.779501,9.5795,0.0,6.28713,3.0,76.7257,938.51385,10.37,Overcast
2012-11-18 21:00:00+00:00,MUĞLA,48,17.2295,9.0795,0.0,9.3876505,3.0,85.42472,940.53827,8.49,Overcast
2012-11-19 21:00:00+00:00,MUĞLA,48,15.9795,11.0295,7.0000005,12.661564,55.0,89.12931,940.6442,6.93,Drizzle: Dense
2012-11-20 21:00:00+00:00,MUĞLA,48,16.0295,10.5795,3.6000001,7.4128532,55.0,92.054344,939.5361,7.29,Drizzle: Dense
2012-11-21 21:00:00+00:00,MUĞLA,48,16.7795,7.8795004,0.0,8.311245,3.0,81.648636,937.2317,10.46,Overcast
2012-11-22 21:00:00+00:00,MUĞLA,48,15.429501,5.2295003,0.0,9.19939,2.0,65.47224,938.7903,11.63,Partly cloudy
2012-11-23 21:00:00+00:00,MUĞLA,48,15.3295,6.2795,0.0,5.4119864,3.0,70.727516,938.6761,9.49,Overcast
2012-11-24 21:00:00+00:00,MUĞLA,48,15.3795,4.8795,0.0,7.10031,3.0,69.75579,939.212,11.3,Overcast
2012-11-25 21:00:00+00:00,MUĞLA,48,15.5295,4.3295,0.0,5.154415,3.0,67.5367,939.6624,11.16,Overcast
2012-11-26 21:00:00+00:00,MUĞLA,48,14.2795,5.2795,0.0,8.287822,2.0,78.57824,940.7732,9.95,Partly cloudy
2012-11-27 21:00:00+00:00,MUĞLA,48,14.1295,8.0795,1.2,12.849528,51.0,92.89832,942.3594,6.24,Drizzle: Light
2012-11-28 21:00:00+00:00,MUĞLA,48,12.6295,10.2295,8.6,17.31746,53.0,96.17376,940.36383,3.02,Drizzle: Moderate
2012-11-29 21:00:00+00:00,MUĞLA,48,14.8795,11.2295,7.1000004,24.098497,53.0,92.161896,939.4947,6.71,Drizzle: Moderate
2012-11-30 21:00:00+00:00,MUĞLA,48,17.0795,11.7295,5.9999995,21.413193,55.0,85.34754,940.9311,8.35,Drizzle: Dense
2012-12-01 21:00:00+00:00,MUĞLA,48,16.7295,10.6295,0.9,16.311613,53.0,79.78802,941.1358,9.02,Drizzle: Moderate
2012-12-02 21:00:00+00:00,MUĞLA,48,13.8795,9.3795,27.6,20.431387,63.0,88.347984,933.21405,8.15,Rain: Moderate
2012-12-03 21:00:00+00:00,MUĞLA,48,9.5295,4.5795,15.2,18.998316,63.0,79.53876,928.0569,9.04,Rain: Moderate
2012-12-04 21:00:00+00:00,MUĞLA,48,10.5295,1.1795001,2.4,15.192682,61.0,77.899895,930.8819,10.15,Rain: Slight
2012-12-05 21:00:00+00:00,MUĞLA,48,9.9795,4.6295,27.2,15.111424,63.0,95.07896,930.4314,4.47,Rain: Moderate
2012-12-06 21:00:00+00:00,MUĞLA,48,9.5295,3.1795,12.900001,9.178235,63.0,91.9853,931.924,6.09,Rain: Moderate
2012-12-07 21:00:00+00:00,MUĞLA,48,10.3295,1.2795,0.0,9.085988,3.0,77.33399,937.5461,9.42,Overcast
2012-12-08 21:00:00+00:00,MUĞLA,48,9.8795,5.3295,34.6,20.858265,63.0,89.046425,934.4883,4.27,Rain: Moderate
2012-12-09 21:00:00+00:00,MUĞLA,48,9.2795,4.4795003,26.500004,16.808569,63.0,95.22821,927.413,4.09,Rain: Moderate
2012-12-10 21:00:00+00:00,MUĞLA,48,9.9795,2.6795,1.5,11.631956,51.0,84.739845,934.8152,8.73,Drizzle: Light
2012-12-11 21:00:00+00:00,MUĞLA,48,10.3795,5.2795,15.6,12.413476,61.0,95.18099,936.1519,2.83,Rain: Slight
2012-12-12 21:00:00+00:00,MUĞLA,48,9.5295,2.9795,0.0,12.371645,3.0,79.41306,941.2431,9.12,Overcast
2012-12-13 21:00:00+00:00,MUĞLA,48,10.8295,0.27950013,0.0,9.028754,3.0,66.1659,944.1351,10.41,Overcast
2012-12-14 21:00:00+00:00,MUĞLA,48,11.0795,0.12950003,0.0,8.373386,3.0,65.95703,943.6159,10.38,Overcast
2012-12-15 21:00:00+00:00,MUĞLA,48,11.1295,0.1795001,0.0,6.1094027,3.0,68.51366,941.35156,8.22,Overcast
2012-12-16 21:00:00+00:00,MUĞLA,48,11.5295,6.6295004,21.300001,9.3876505,63.0,96.233215,935.93506,2.97,Rain: Moderate
2012-12-17 21:00:00+00:00,MUĞLA,48,11.6295,7.8295,20.2,12.979984,61.0,96.77154,930.61505,5.01,Rain: Slight
2012-12-18 21:00:00+00:00,MUĞLA,48,8.5795,5.1795,7.399999,11.503113,55.0,96.470726,926.7658,5.13,Drizzle: Dense
2012-12-19 21:00:00+00:00,MUĞLA,48,9.5295,2.7295,0.0,11.609651,3.0,86.00037,925.84106,7.61,Overcast
2012-12-20 21:00:00+00:00,MUĞLA,48,8.4295,1.0795001,0.0,10.829958,3.0,76.721214,931.623,9.99,Overcast
2012-12-21 21:00:00+00:00,MUĞLA,48,7.8795004,0.029500127,8.2,9.422101,61.0,83.255714,934.033,6.81,Rain: Slight
2012-12-22 21:00:00+00:00,MUĞLA,48,10.679501,4.7295003,21.300001,9.220499,61.0,93.65985,934.51544,2.69,Rain: Slight
2012-12-23 21:00:00+00:00,MUĞLA,48,13.2795,6.2795,1.8000001,6.12,53.0,86.8186,939.1291,6.34,Drizzle: Moderate
2012-12-24 21:00:00+00:00,MUĞLA,48,14.8795,3.2295,0.0,7.9036193,3.0,82.45822,943.2596,9.33,Overcast
2012-12-25 21:00:00+00:00,MUĞLA,48,16.8295,2.6295,0.0,5.495161,3.0,78.2214,944.5938,10.15,Overcast
2012-12-26 21:00:00+00:00,MUĞLA,48,13.929501,8.5295,0.0,9.3876505,3.0,79.648895,944.54535,9.12,Overcast
2012-12-27 21:00:00+00:00,MUĞLA,48,11.3795,7.9795003,3.2000003,10.041354,53.0,93.69073,941.21063,3.77,Drizzle: Moderate
2012-12-28 21:00:00+00:00,MUĞLA,48,12.2295,7.1795,6.5,10.1887,61.0,90.00767,938.32855,6.18,Rain: Slight
2012-12-29 21:00:00+00:00,MUĞLA,48,11.3295,5.5295,1.7000002,11.966953,51.0,92.96524,940.169,5.13,Drizzle: Light
2012-12-30 21:00:00+00:00,MUĞLA,48,11.4795,5.5295,2.1000001,11.298495,53.0,87.21417,941.35205,7.54,Drizzle: Moderate
2012-12-31 21:00:00+00:00,MUĞLA,48,11.6295,4.5295,0.0,5.0528407,3.0,83.09491,939.41534,6.33,Overcast
2013-01-01 21:00:00+00:00,MUĞLA,48,13.3795,3.8795,0.0,7.24486,3.0,83.598946,943.2724,9.93,Overcast
2013-01-02 21:00:00+00:00,MUĞLA,48,12.929501,2.8795,0.0,4.8433046,3.0,83.71285,947.6506,9.63,Overcast
2013-01-03 21:00:00+00:00,MUĞLA,48,10.679501,3.9295,0.0,7.69592,3.0,83.57754,941.174,8.16,Overcast
2013-01-04 21:00:00+00:00,MUĞLA,48,9.2295,1.0295,0.0,7.9932976,3.0,76.77446,933.33014,8.49,Overcast
2013-01-05 21:00:00+00:00,MUĞLA,48,8.5795,-0.17049992,0.6,9.826088,51.0,77.43476,926.54425,8.56,Drizzle: Light
2013-01-06 21:00:00+00:00,MUĞLA,48,4.2295003,-1.2204999,0.0,18.448023,3.0,74.54313,929.0862,9.93,Overcast
2013-01-07 21:00:00+00:00,MUĞLA,48,0.47950006,-3.7205,0.0,18.709612,2.0,58.860886,934.20337,10.98,Partly cloudy
2013-01-08 21:00:00+00:00,MUĞLA,48,1.3795,-4.5705,0.0,17.902534,0.0,49.97359,938.57635,11.61,Clear sky
2013-01-09 21:00:00+00:00,MUĞLA,48,5.3795,-3.0705,0.0,7.4128532,3.0,53.617947,940.6329,11.61,Overcast
2013-01-10 21:00:00+00:00,MUĞLA,48,5.8295,-0.87049997,8.599999,19.966211,71.0,76.60528,941.01825,6.13,Snow fall: Slight
2013-01-11 21:00:00+00:00,MUĞLA,48,9.8295,4.4295,37.6,16.09969,63.0,95.98893,937.5539,5.01,Rain: Moderate
2013-01-12 21:00:00+00:00,MUĞLA,48,11.429501,2.5795002,4.7999997,8.14587,61.0,85.538246,941.2498,9.7,Rain: Slight
2013-01-13 21:00:00+00:00,MUĞLA,48,11.4795,1.0795001,0.0,5.315336,0.0,79.319725,946.392,11.23,Clear sky
2013-01-14 21:00:00+00:00,MUĞLA,48,11.429501,1.2795,0.0,10.308831,3.0,84.79332,947.2903,10.3,Overcast
2013-01-15 21:00:00+00:00,MUĞLA,48,11.3295,6.6795,7.3000007,26.903828,61.0,90.2819,940.75366,8.11,Rain: Slight
2013-01-16 21:00:00+00:00,MUĞLA,48,10.2295,5.7795,24.2,25.959969,63.0,93.60623,935.76636,6.24,Rain: Moderate
2013-01-17 21:00:00+00:00,MUĞLA,48,9.8795,6.9295,19.300001,29.237675,61.0,95.6745,932.8715,7.03,Rain: Slight
2013-01-18 21:00:00+00:00,MUĞLA,48,7.9295,4.9295,37.699993,29.598919,63.0,93.68805,930.53864,6.21,Rain: Moderate
2013-01-19 21:00:00+00:00,MUĞLA,48,9.3295,4.6795,0.0,10.137692,3.0,94.01183,938.9902,3.07,Overcast
2013-01-20 21:00:00+00:00,MUĞLA,48,13.0795,4.6795,0.0,21.629978,3.0,80.526245,938.41034,11.14,Overcast
2013-01-21 21:00:00+00:00,MUĞLA,48,11.7795,6.6295004,11.4,19.137648,61.0,82.28196,933.6691,6.76,Rain: Slight
2013-01-22 21:00:00+00:00,MUĞLA,48,10.4795,5.6295004,13.8,10.365251,61.0,93.671745,937.1223,7.21,Rain: Slight
2013-01-23 21:00:00+00:00,MUĞLA,48,11.8795,6.0295,1.4000001,20.150354,53.0,88.82605,936.9649,8.54,Drizzle: Moderate
2013-01-24 21:00:00+00:00,MUĞLA,48,10.679501,4.0295,19.300003,23.411074,63.0,87.87907,930.84955,8.94,Rain: Moderate
2013-01-25 21:00:00+00:00,MUĞLA,48,7.8295,5.6795,44.1,24.522316,63.0,94.580475,928.15424,4.93,Rain: Moderate
2013-01-26 21:00:00+00:00,MUĞLA,48,9.3295,4.4795003,4.8,14.241629,53.0,92.67624,931.5616,9.15,Drizzle: Moderate
2013-01-27 21:00:00+00:00,MUĞLA,48,10.6295,2.9295,0.4,7.754637,51.0,84.26478,934.009,10.28,Drizzle: Light
2013-01-28 21:00:00+00:00,MUĞLA,48,9.6295,1.6795001,0.0,10.805999,3.0,79.29641,935.8354,9.57,Overcast
2013-01-29 21:00:00+00:00,MUĞLA,48,8.7795,2.1795,0.0,16.75064,3.0,65.86686,932.8869,12.93,Overcast
2013-01-30 21:00:00+00:00,MUĞLA,48,10.2795,0.1795001,0.8,12.324414,51.0,61.88124,931.84204,13.6,Drizzle: Light
2013-01-31 21:00:00+00:00,MUĞLA,48,9.679501,0.97950006,1.5000001,14.145756,71.0,77.649055,935.1191,12.62,Snow fall: Slight
2013-02-01 21:00:00+00:00,MUĞLA,48,8.9795,0.27950013,0.6,14.587776,51.0,78.513275,937.50977,5.49,Drizzle: Light
2013-02-02 21:00:00+00:00,MUĞLA,48,12.429501,7.9295,2.9000003,25.346148,51.0,89.92843,941.7303,10.03,Drizzle: Light
2013-02-03 21:00:00+00:00,MUĞLA,48,13.429501,6.9795003,0.0,17.533146,3.0,82.03828,943.04803,12.37,Overcast
2013-02-04 21:00:00+00:00,MUĞLA,48,16.5795,0.8295001,0.0,7.729527,3.0,66.84734,936.3404,13.75,Overcast
2013-02-05 21:00:00+00:00,MUĞLA,48,14.2295,4.1795,0.4,10.739833,51.0,78.04856,931.1197,10.36,Drizzle: Light
2013-02-06 21:00:00+00:00,MUĞLA,48,11.7295,7.4295,16.800001,23.219301,61.0,95.10024,934.4174,8.87,Rain: Slight
2013-02-07 21:00:00+00:00,MUĞLA,48,9.8295,5.2795,37.1,27.952787,63.0,94.96104,931.0779,6.72,Rain: Moderate
2013-02-08 21:00:00+00:00,MUĞLA,48,10.0795,3.6795,15.099999,18.089775,61.0,92.4605,936.6938,10.59,Rain: Slight
2013-02-09 21:00:00+00:00,MUĞLA,48,8.3795,4.2295003,26.300003,14.04,63.0,94.361786,936.03424,6.73,Rain: Moderate
2013-02-10 21:00:00+00:00,MUĞLA,48,7.5295,1.6795001,5.7999997,10.105681,71.0,92.05877,934.2308,10.21,Snow fall: Slight
2013-02-11 21:00:00+00:00,MUĞLA,48,11.7295,-0.87049997,0.0,7.0911775,3.0,76.05738,939.5908,14.24,Overcast
2013-02-12 21:00:00+00:00,MUĞLA,48,10.5295,3.0295,0.0,17.163355,3.0,79.03083,940.84283,11.87,Overcast
2013-02-13 21:00:00+00:00,MUĞLA,48,10.0795,4.3795,15.6,15.629971,61.0,93.03948,934.0454,7.66,Rain: Slight
2013-02-14 21:00:00+00:00,MUĞLA,48,8.1295,4.1795,7.1,12.594856,55.0,93.77439,930.35333,7.71,Drizzle: Dense
2013-02-15 21:00:00+00:00,MUĞLA,48,11.2295,1.9295001,0.2,9.673221,51.0,80.45294,937.0821,13.6,Drizzle: Light
2013-02-16 21:00:00+00:00,MUĞLA,48,8.4295,-0.37049997,6.4999995,10.594036,53.0,85.73121,935.9031,8.6,Drizzle: Moderate
2013-02-17 21:00:00+00:00,MUĞLA,48,11.5795,1.1795001,0.0,9.178235,3.0,77.16689,936.1879,15.97,Overcast
2013-02-18 21:00:00+00:00,MUĞLA,48,10.5295,-0.27049994,3.6,13.708391,61.0,78.569786,937.059,13.3,Rain: Slight
2013-02-19 21:00:00+00:00,MUĞLA,48,11.3295,3.7295003,28.9,13.450708,63.0,78.23615,935.77277,15.31,Rain: Moderate
2013-02-20 21:00:00+00:00,MUĞLA,48,11.679501,0.22950006,0.1,10.587917,51.0,76.02244,938.70953,9.02,Drizzle: Light
2013-02-21 21:00:00+00:00,MUĞLA,48,12.5295,6.4295,5.2,16.981165,53.0,77.906235,930.6978,10.31,Drizzle: Moderate
2013-02-22 21:00:00+00:00,MUĞLA,48,13.3295,6.4295,9.8,7.42159,61.0,89.628456,934.73444,11.26,Rain: Slight
2013-02-23 21:00:00+00:00,MUĞLA,48,15.0295,3.6295,0.0,10.661107,3.0,81.566765,943.21124,15.71,Overcast
2013-02-24 21:00:00+00:00,MUĞLA,48,14.8795,5.8295,0.0,12.287555,3.0,78.96086,944.5068,16.78,Overcast
2013-02-25 21:00:00+00:00,MUĞLA,48,15.179501,5.3795,0.0,14.4,3.0,78.60478,941.47687,17.28,Overcast
2013-02-26 21:00:00+00:00,MUĞLA,48,13.429501,5.1295,3.0,13.493999,53.0,81.306404,938.43243,15.24,Drizzle: Moderate
2013-02-27 21:00:00+00:00,MUĞLA,48,11.3295,3.1795,0.6,14.205182,53.0,78.20153,937.75226,15.07,Drizzle: Moderate
2013-02-28 21:00:00+00:00,MUĞLA,48,12.8795,1.3295001,0.0,9.339208,0.0,69.85471,937.13965,18.52,Clear sky
2013-03-01 21:00:00+00:00,MUĞLA,48,13.0295,3.4295,0.0,13.004921,3.0,71.48852,937.34344,17.43,Overcast
2013-03-02 21:00:00+00:00,MUĞLA,48,12.429501,3.6295,12.099999,8.766573,61.0,83.84138,930.6724,9.43,Rain: Slight
2013-03-03 21:00:00+00:00,MUĞLA,48,14.3795,1.5795001,0.0,9.793058,2.0,75.693535,933.5955,17.49,Partly cloudy
2013-03-04 21:00:00+00:00,MUĞLA,48,12.0295,3.0295,0.0,19.652176,0.0,59.241444,941.80927,19.52,Clear sky
2013-03-05 21:00:00+00:00,MUĞLA,48,14.0795,0.029500127,0.0,8.707237,3.0,56.406162,946.03735,19.82,Overcast
2013-03-06 21:00:00+00:00,MUĞLA,48,11.7795,4.6295,0.3,15.03835,51.0,83.75434,942.5923,10.36,Drizzle: Light
2013-03-07 21:00:00+00:00,MUĞLA,48,11.1295,5.3295,1.6999999,11.966953,53.0,81.7538,936.929,9.19,Drizzle: Moderate
2013-03-08 21:00:00+00:00,MUĞLA,48,13.0295,7.2795,9.0,10.105681,61.0,89.885414,935.748,11.02,Rain: Slight
2013-03-09 21:00:00+00:00,MUĞLA,48,14.2795,8.0295,2.8000002,11.659777,53.0,90.999306,934.93774,13.32,Drizzle: Moderate
2013-03-10 21:00:00+00:00,MUĞLA,48,17.1295,7.7295003,0.2,22.33161,51.0,79.615616,932.3657,17.69,Drizzle: Light
2013-03-11 21:00:00+00:00,MUĞLA,48,16.9795,10.179501,2.8,24.216522,55.0,79.95748,929.4165,12.26,Drizzle: Dense
2013-03-12 21:00:00+00:00,MUĞLA,48,14.8295,8.9795,0.0,12.7279215,3.0,84.4755,933.11676,16.89,Overcast
2013-03-13 21:00:00+00:00,MUĞLA,48,16.3295,6.9795003,0.0,22.35481,3.0,66.91688,931.1032,15.59,Overcast
2013-03-14 21:00:00+00:00,MUĞLA,48,15.679501,5.6795,11.400001,22.253124,61.0,72.65506,926.1067,5.68,Rain: Slight
2013-03-15 21:00:00+00:00,MUĞLA,48,8.1295,3.9795003,19.800001,13.527572,61.0,93.55015,931.1519,12.0,Rain: Slight
2013-03-16 21:00:00+00:00,MUĞLA,48,10.2795,0.97950006,0.0,17.873556,3.0,70.31255,937.25385,19.49,Overcast
2013-03-17 21:00:00+00:00,MUĞLA,48,14.0795,0.37950003,0.1,8.707237,51.0,61.370285,940.25653,20.64,Drizzle: Light
2013-03-18 21:00:00+00:00,MUĞLA,48,12.8795,4.6295,3.5000002,13.339445,55.0,74.33578,937.8768,20.91,Drizzle: Dense
2013-03-19 21:00:00+00:00,MUĞLA,48,15.5795,4.7295003,0.2,9.47012,51.0,80.93597,938.59686,20.67,Drizzle: Light
2013-03-20 21:00:00+00:00,MUĞLA,48,16.5795,7.0795,0.0,18.556595,3.0,72.38088,935.4073,14.27,Overcast
2013-03-21 21:00:00+00:00,MUĞLA,48,12.6295,6.4295,21.4,19.486609,63.0,69.00376,925.5991,12.07,Rain: Moderate
2013-03-22 21:00:00+00:00,MUĞLA,48,11.6295,2.4795,0.0,17.388409,3.0,61.557205,931.986,18.82,Overcast
2013-03-23 21:00:00+00:00,MUĞLA,48,15.9795,1.5795001,0.0,7.491114,2.0,64.280235,938.6987,22.68,Partly cloudy
2013-03-24 21:00:00+00:00,MUĞLA,48,14.5795,4.9295,0.8,17.399586,51.0,73.57152,938.76886,15.12,Drizzle: Light
2013-03-25 21:00:00+00:00,MUĞLA,48,14.5795,8.1295,11.100001,20.883104,61.0,71.40849,929.8491,13.31,Rain: Slight
2013-03-26 21:00:00+00:00,MUĞLA,48,13.9795,8.0295,6.6000004,11.090103,61.0,84.824745,932.5293,17.29,Rain: Slight
2013-03-27 21:00:00+00:00,MUĞLA,48,15.0295,6.4795003,6.6,9.178235,63.0,86.27325,937.5838,14.01,Rain: Moderate
2013-03-28 21:00:00+00:00,MUĞLA,48,19.3795,7.2295003,0.0,7.7043357,3.0,78.514854,940.35767,21.66,Overcast
2013-03-29 21:00:00+00:00,MUĞLA,48,19.8295,7.0295,0.5,9.826088,53.0,77.576744,939.4317,21.55,Drizzle: Moderate
2013-03-30 21:00:00+00:00,MUĞLA,48,21.4295,9.2795,0.0,17.25373,3.0,67.72848,935.5734,23.03,Overcast
2013-03-31 21:00:00+00:00,MUĞLA,48,20.779501,10.7295,5.1,11.298495,61.0,72.61954,932.7515,18.73,Rain: Slight
2013-04-01 21:00:00+00:00,MUĞLA,48,19.0795,6.7795,0.0,9.1641035,3.0,72.95115,935.6667,22.19,Overcast
2013-04-02 21:00:00+00:00,MUĞLA,48,17.2295,9.3295,19.7,23.906818,63.0,70.16798,930.7107,9.18,Rain: Moderate
2013-04-03 21:00:00+00:00,MUĞLA,48,15.3795,7.7795,4.6,10.144082,61.0,86.08783,932.5886,20.37,Rain: Slight
2013-04-04 21:00:00+00:00,MUĞLA,48,21.8295,5.8795004,0.0,8.699793,0.0,69.037476,937.9163,24.22,Clear sky
2013-04-05 21:00:00+00:00,MUĞLA,48,20.6795,11.4795,0.0,16.171976,3.0,55.46948,938.14496,23.94,Overcast
2013-04-06 21:00:00+00:00,MUĞLA,48,19.529501,11.6295,0.2,32.343952,51.0,56.900677,929.40814,19.07,Drizzle: Light
2013-04-07 21:00:00+00:00,MUĞLA,48,12.6295,9.3295,42.100002,14.973576,63.0,93.458466,927.2954,8.78,Rain: Moderate
2013-04-08 21:00:00+00:00,MUĞLA,48,15.5295,7.8795004,0.1,15.484185,51.0,79.36349,934.88666,18.68,Drizzle: Light
2013-04-09 21:00:00+00:00,MUĞLA,48,17.779501,5.5295,0.0,11.183201,3.0,72.6061,937.38525,24.54,Overcast
2013-04-10 21:00:00+00:00,MUĞLA,48,18.5795,5.4295,0.0,9.114471,3.0,71.7996,936.44916,24.12,Overcast
2013-04-11 21:00:00+00:00,MUĞLA,48,19.2295,6.6795,0.0,8.373386,3.0,71.477394,939.17316,24.21,Overcast
2013-04-12 21:00:00+00:00,MUĞLA,48,20.9795,7.7795,0.70000005,7.9932976,51.0,75.15333,942.27075,24.84,Drizzle: Light
2013-04-13 21:00:00+00:00,MUĞLA,48,20.0795,8.1295,0.0,7.5942082,3.0,73.65579,940.7972,21.64,Overcast
2013-04-14 21:00:00+00:00,MUĞLA,48,14.179501,7.7295003,15.6,12.261158,63.0,88.23618,932.1036,13.3,Rain: Moderate
2013-04-15 21:00:00+00:00,MUĞLA,48,15.2795,6.2295003,0.0,18.079027,3.0,72.39683,931.1313,18.24,Overcast
2013-04-16 21:00:00+00:00,MUĞLA,48,16.2795,6.9295,0.0,19.201874,3.0,64.82351,933.5755,22.97,Overcast
2013-04-17 21:00:00+00:00,MUĞLA,48,16.9295,5.7795,0.0,10.483357,3.0,59.895508,933.5173,25.03,Overcast
2013-04-18 21:00:00+00:00,MUĞLA,48,14.9795,7.0295,17.8,4.6938257,63.0,79.17538,932.154,13.42,Rain: Moderate
2013-04-19 21:00:00+00:00,MUĞLA,48,17.7295,5.8295,0.8000001,9.931042,51.0,73.797905,932.3797,23.77,Drizzle: Light
2013-04-20 21:00:00+00:00,MUĞLA,48,16.9795,6.5295,1.0,11.570515,51.0,65.5548,933.1026,23.23,Drizzle: Light
2013-04-21 21:00:00+00:00,MUĞLA,48,17.1295,6.7795,0.0,16.610792,2.0,58.29341,935.4241,23.3,Partly cloudy
2013-04-22 21:00:00+00:00,MUĞLA,48,20.8295,6.6795,0.0,6.379216,3.0,58.18968,941.7703,26.42,Overcast
2013-04-23 21:00:00+00:00,MUĞLA,48,22.779501,8.9795,0.0,7.928178,3.0,64.630905,946.02106,26.53,Overcast
2013-04-24 21:00:00+00:00,MUĞLA,48,23.6795,10.0295,0.0,7.24486,1.0,56.03154,945.04266,26.77,Mainly clear
2013-04-25 21:00:00+00:00,MUĞLA,48,24.5795,9.5295,0.0,6.638072,0.0,55.289333,941.45483,27.06,Clear sky
2013-04-26 21:00:00+00:00,MUĞLA,48,24.1795,10.3795,0.0,14.145756,0.0,57.329388,939.74005,26.61,Clear sky
2013-04-27 21:00:00+00:00,MUĞLA,48,25.1295,10.2795,0.0,12.496719,1.0,49.567257,941.3872,27.41,Mainly clear
2013-04-28 21:00:00+00:00,MUĞLA,48,27.029501,11.4795,0.0,7.5942073,3.0,55.205082,942.8428,23.67,Overcast
2013-04-29 21:00:00+00:00,MUĞLA,48,29.0795,13.2295,0.0,8.373386,3.0,53.922398,941.9033,25.93,Overcast
2013-04-30 21:00:00+00:00,MUĞLA,48,28.9295,14.0795,0.0,8.587338,2.0,47.086803,939.20953,26.76,Partly cloudy
2013-05-01 21:00:00+00:00,MUĞLA,48,28.7295,13.8795,0.8,7.5685663,53.0,51.800823,936.8776,26.24,Drizzle: Moderate
2013-05-02 21:00:00+00:00,MUĞLA,48,28.5795,14.3295,1.9,5.1165614,61.0,59.116665,935.8132,25.29,Rain: Slight
2013-05-03 21:00:00+00:00,MUĞLA,48,27.6795,15.1295,3.1999998,7.69592,61.0,67.86498,937.23346,22.92,Rain: Slight
2013-05-04 21:00:00+00:00,MUĞLA,48,28.1795,14.4795,2.0,6.9899354,61.0,61.76164,938.53815,24.97,Rain: Slight
2013-05-05 21:00:00+00:00,MUĞLA,48,28.8295,15.0795,0.0,8.78872,2.0,54.3091,938.9073,27.19,Partly cloudy
2013-05-06 21:00:00+00:00,MUĞLA,48,27.9295,14.679501,0.0,9.1641035,3.0,49.66509,937.7295,26.33,Overcast
2013-05-07 21:00:00+00:00,MUĞLA,48,26.3295,15.1295,0.3,9.422101,51.0,60.572113,936.22943,20.61,Drizzle: Light
2013-05-08 21:00:00+00:00,MUĞLA,48,22.2295,15.0795,4.2999997,7.2359104,61.0,72.366295,935.4803,13.83,Rain: Slight
2013-05-09 21:00:00+00:00,MUĞLA,48,18.6295,13.0795,2.8,12.7279215,55.0,75.910194,935.1845,20.91,Drizzle: Dense
2013-05-10 21:00:00+00:00,MUĞLA,48,20.1795,11.7295,8.9,11.212135,63.0,80.810005,933.4239,21.54,Rain: Moderate
2013-05-11 21:00:00+00:00,MUĞLA,48,20.2295,12.1295,2.0,12.287555,53.0,77.890236,932.32916,25.95,Drizzle: Moderate
2013-05-12 21:00:00+00:00,MUĞLA,48,16.7295,11.5795,8.099999,12.287555,61.0,90.36835,930.56665,16.17,Rain: Slight
2013-05-13 21:00:00+00:00,MUĞLA,48,18.4295,10.5295,13.1,7.928177,63.0,81.9565,929.99945,19.92,Rain: Moderate
2013-05-14 21:00:00+00:00,MUĞLA,48,21.9795,9.5795,0.0,7.386582,3.0,73.43544,933.458,23.68,Overcast
2013-05-15 21:00:00+00:00,MUĞLA,48,22.9795,12.2295,0.0,12.218805,3.0,74.739944,938.29315,26.54,Overcast
2013-05-16 21:00:00+00:00,MUĞLA,48,24.9295,14.179501,2.0,13.854155,53.0,68.334435,941.0566,21.91,Drizzle: Moderate
2013-05-17 21:00:00+00:00,MUĞLA,48,27.1295,14.5295,0.3,8.825508,51.0,55.63597,941.73584,28.23,Drizzle: Light
2013-05-18 21:00:00+00:00,MUĞLA,48,27.8795,15.0295,0.0,15.0038395,3.0,58.846607,938.24097,26.61,Overcast
2013-05-19 21:00:00+00:00,MUĞLA,48,28.2295,15.8295,0.0,14.799459,0.0,51.158817,937.9829,28.73,Clear sky
2013-05-20 21:00:00+00:00,MUĞLA,48,29.7295,14.929501,0.0,11.298495,3.0,46.00899,938.0848,28.2,Overcast
2013-05-21 21:00:00+00:00,MUĞLA,48,27.9295,15.1295,0.0,13.104198,3.0,50.19168,937.894,26.25,Overcast
2013-05-22 21:00:00+00:00,MUĞLA,48,26.779501,17.9795,0.0,23.97989,3.0,44.392105,937.48456,23.88,Overcast
2013-05-23 21:00:00+00:00,MUĞLA,48,21.4795,15.1295,0.90000004,15.815435,51.0,69.552025,937.825,26.8,Drizzle: Light
2013-05-24 21:00:00+00:00,MUĞLA,48,26.3795,11.429501,0.0,11.928989,3.0,62.450928,938.4306,29.31,Overcast
2013-05-25 21:00:00+00:00,MUĞLA,48,26.279501,12.679501,0.3,15.596767,51.0,51.09698,939.288,29.32,Drizzle: Light
2013-05-26 21:00:00+00:00,MUĞLA,48,24.8795,14.929501,0.8,14.021525,53.0,50.313236,939.4463,28.84,Drizzle: Moderate
2013-05-27 21:00:00+00:00,MUĞLA,48,26.779501,11.2295,0.0,9.346143,3.0,48.062664,939.45776,28.36,Overcast
2013-05-28 21:00:00+00:00,MUĞLA,48,27.4795,15.3795,0.0,28.137632,2.0,34.921883,935.6071,29.63,Partly cloudy
2013-05-29 21:00:00+00:00,MUĞLA,48,26.9295,14.5795,0.0,11.792404,0.0,58.53169,933.9321,28.86,Clear sky
2013-05-30 21:00:00+00:00,MUĞLA,48,26.529501,16.9795,0.0,14.480773,0.0,54.918793,934.627,29.42,Clear sky
2013-05-31 21:00:00+00:00,MUĞLA,48,24.7295,13.679501,0.0,11.983188,3.0,60.485447,936.46796,26.62,Overcast
2013-06-01 21:00:00+00:00,MUĞLA,48,25.7295,16.7295,0.1,25.068514,51.0,58.306286,934.70465,23.67,Drizzle: Light
2013-06-02 21:00:00+00:00,MUĞLA,48,26.029501,12.9795,0.0,13.70839,1.0,58.25932,935.28564,29.82,Mainly clear
2013-06-03 21:00:00+00:00,MUĞLA,48,26.2295,13.3795,0.6,14.408997,53.0,56.6132,936.38934,29.53,Drizzle: Moderate
2013-06-04 21:00:00+00:00,MUĞLA,48,23.7295,13.8295,0.7,14.007655,53.0,65.15795,940.15936,28.23,Drizzle: Moderate
2013-06-05 21:00:00+00:00,MUĞLA,48,23.9295,13.5295,0.4,10.685391,51.0,58.769318,940.137,27.58,Drizzle: Light
2013-06-06 21:00:00+00:00,MUĞLA,48,27.1295,13.429501,0.2,14.561099,51.0,52.527897,939.4663,28.39,Drizzle: Light
2013-06-07 21:00:00+00:00,MUĞLA,48,27.8795,15.3295,4.2000003,9.659814,63.0,59.268726,935.2862,26.15,Rain: Moderate
2013-06-08 21:00:00+00:00,MUĞLA,48,27.279501,13.4795,0.0,13.551501,1.0,53.274776,934.9922,27.89,Mainly clear
2013-06-09 21:00:00+00:00,MUĞLA,48,29.3795,15.6295,0.0,10.691453,0.0,44.53317,936.71625,29.93,Clear sky
2013-06-10 21:00:00+00:00,MUĞLA,48,28.529501,15.5295,0.0,14.404499,1.0,49.186417,935.3422,27.89,Mainly clear
2013-06-11 21:00:00+00:00,MUĞLA,48,23.279501,15.3795,5.1000004,14.830076,53.0,67.81258,931.7124,24.56,Drizzle: Moderate
2013-06-12 21:00:00+00:00,MUĞLA,48,22.1295,14.8295,1.9000001,11.019764,51.0,70.57297,932.50635,23.27,Drizzle: Light
2013-06-13 21:00:00+00:00,MUĞLA,48,23.279501,14.429501,0.7,8.942214,51.0,68.26249,935.1245,23.82,Drizzle: Light
2013-06-14 21:00:00+00:00,MUĞLA,48,26.1295,14.8795,4.6,8.891344,63.0,67.29694,935.8696,26.02,Rain: Moderate
2013-06-15 21:00:00+00:00,MUĞLA,48,28.8795,15.679501,0.0,14.4,0.0,54.47025,936.7199,29.38,Clear sky
2013-06-16 21:00:00+00:00,MUĞLA,48,30.8795,17.8795,0.0,18.671474,1.0,43.92894,937.62946,29.1,Mainly clear
2013-06-17 21:00:00+00:00,MUĞLA,48,32.5795,19.3795,0.0,22.657131,0.0,39.971767,936.4694,30.02,Clear sky
2013-06-18 21:00:00+00:00,MUĞLA,48,33.7795,19.529501,0.0,13.217443,0.0,39.648884,935.6656,30.34,Clear sky
2013-06-19 21:00:00+00:00,MUĞLA,48,33.879498,19.3295,0.0,11.480557,1.0,37.907288,936.05347,30.08,Mainly clear
2013-06-20 21:00:00+00:00,MUĞLA,48,34.0295,20.279501,0.0,8.350138,0.0,34.761623,935.99384,30.25,Clear sky
2013-06-21 21:00:00+00:00,MUĞLA,48,34.3295,18.9795,0.0,9.346143,0.0,38.169716,935.79785,30.44,Clear sky
2013-06-22 21:00:00+00:00,MUĞLA,48,33.929497,18.8795,0.0,10.137692,2.0,42.458416,935.1851,29.91,Partly cloudy
2013-06-23 21:00:00+00:00,MUĞLA,48,34.0795,19.1795,0.0,13.905509,1.0,46.555878,934.89526,30.0,Mainly clear
2013-06-24 21:00:00+00:00,MUĞLA,48,34.429497,18.8295,0.0,12.413476,0.0,43.21271,935.1069,30.05,Clear sky
2013-06-25 21:00:00+00:00,MUĞLA,48,34.0295,21.1295,0.0,12.819235,2.0,46.233017,935.8613,28.44,Partly cloudy
2013-06-26 21:00:00+00:00,MUĞLA,48,35.0295,20.9295,0.2,11.966953,51.0,44.797367,936.51874,29.08,Drizzle: Light
2013-06-27 21:00:00+00:00,MUĞLA,48,34.5295,20.529501,0.0,14.186923,1.0,45.28209,935.54297,28.94,Mainly clear
2013-06-28 21:00:00+00:00,MUĞLA,48,34.179497,21.4795,0.0,10.966713,0.0,50.04086,934.4683,29.74,Clear sky
2013-06-29 21:00:00+00:00,MUĞLA,48,28.9295,18.4295,0.0,15.315873,0.0,56.734142,933.7653,29.56,Clear sky
2013-06-30 21:00:00+00:00,MUĞLA,48,28.029501,16.7795,0.0,17.015474,1.0,44.099316,935.7933,26.69,Mainly clear
2013-07-01 21:00:00+00:00,MUĞLA,48,30.779501,17.9795,0.0,19.513195,0.0,37.577206,937.0976,30.19,Clear sky
2013-07-02 21:00:00+00:00,MUĞLA,48,32.4795,18.279501,0.0,10.086427,0.0,31.308304,935.52374,30.27,Clear sky
2013-07-03 21:00:00+00:00,MUĞLA,48,33.0795,18.529501,0.0,13.18308,0.0,30.128914,934.49,30.23,Clear sky
2013-07-04 21:00:00+00:00,MUĞLA,48,32.4795,18.6295,0.0,14.021525,0.0,40.23683,934.00757,29.04,Clear sky
2013-07-05 21:00:00+00:00,MUĞLA,48,31.8795,19.7295,0.0,14.33234,0.0,43.43166,933.69904,28.52,Clear sky
2013-07-06 21:00:00+00:00,MUĞLA,48,31.029501,18.9795,0.3,9.686609,51.0,51.91536,936.17975,27.29,Drizzle: Light
2013-07-07 21:00:00+00:00,MUĞLA,48,33.679497,19.5795,0.4,11.753877,51.0,55.80312,938.28906,27.88,Drizzle: Light
2013-07-08 21:00:00+00:00,MUĞLA,48,34.9795,21.529501,0.0,10.514218,2.0,51.151592,936.3951,26.1,Partly cloudy
2013-07-09 21:00:00+00:00,MUĞLA,48,34.4795,22.5795,0.0,10.739833,1.0,45.41576,932.14935,25.96,Mainly clear
2013-07-10 21:00:00+00:00,MUĞLA,48,33.4795,22.3295,0.0,10.30883,2.0,42.4753,931.23047,26.16,Partly cloudy
2013-07-11 21:00:00+00:00,MUĞLA,48,34.379498,22.9795,0.0,10.483357,2.0,37.8448,934.0027,26.78,Partly cloudy
2013-07-12 21:00:00+00:00,MUĞLA,48,34.7295,22.7295,0.3,8.557102,51.0,37.429367,934.34283,27.28,Drizzle: Light
2013-07-13 21:00:00+00:00,MUĞLA,48,35.929497,23.6795,0.0,8.209263,3.0,35.410442,934.10474,27.33,Overcast
2013-07-14 21:00:00+00:00,MUĞLA,48,34.5295,23.779501,0.5,10.296251,51.0,36.92741,933.68744,26.57,Drizzle: Light
2013-07-15 21:00:00+00:00,MUĞLA,48,32.879498,22.279501,0.2,10.195057,51.0,38.51646,933.48944,25.92,Drizzle: Light
2013-07-16 21:00:00+00:00,MUĞLA,48,30.4295,21.5795,7.4999995,7.9036193,63.0,55.573483,934.0681,22.71,Rain: Moderate
2013-07-17 21:00:00+00:00,MUĞLA,48,29.6295,19.1295,0.7,12.738099,51.0,62.123158,935.1608,25.19,Drizzle: Light
2013-07-18 21:00:00+00:00,MUĞLA,48,31.8295,20.1795,0.0,10.296251,1.0,45.244858,935.885,28.92,Mainly clear
2013-07-19 21:00:00+00:00,MUĞLA,48,32.5795,20.3795,0.0,12.245294,2.0,43.801804,933.833,28.81,Partly cloudy
2013-07-20 21:00:00+00:00,MUĞLA,48,33.3295,20.4295,0.0,8.209263,2.0,42.27622,933.1558,27.99,Partly cloudy
2013-07-21 21:00:00+00:00,MUĞLA,48,33.2795,21.029501,0.0,8.699793,2.0,34.605003,932.315,27.84,Partly cloudy
2013-07-22 21:00:00+00:00,MUĞLA,48,33.379498,20.6795,0.0,14.654254,2.0,35.642246,932.69476,27.56,Partly cloudy
2013-07-23 21:00:00+00:00,MUĞLA,48,33.5295,20.0795,0.3,10.636766,51.0,41.88031,935.0909,27.14,Drizzle: Light
2013-07-24 21:00:00+00:00,MUĞLA,48,34.879498,20.4795,0.0,8.759178,0.0,28.679228,935.6667,29.28,Clear sky
2013-07-25 21:00:00+00:00,MUĞLA,48,33.9795,21.029501,0.0,16.862455,0.0,19.598255,934.24414,29.48,Clear sky
2013-07-26 21:00:00+00:00,MUĞLA,48,32.1795,21.7295,0.0,22.90743,0.0,25.15587,934.0688,28.87,Clear sky
2013-07-27 21:00:00+00:00,MUĞLA,48,33.5795,20.4795,0.0,18.0,0.0,26.530226,936.56146,29.16,Clear sky
2013-07-28 21:00:00+00:00,MUĞLA,48,34.679497,20.5795,0.0,9.957108,0.0,27.081327,937.88947,28.95,Clear sky
2013-07-29 21:00:00+00:00,MUĞLA,48,35.429497,20.9795,0.0,8.287822,0.0,25.908592,934.7681,28.76,Clear sky
2013-07-30 21:00:00+00:00,MUĞLA,48,36.179497,20.8795,0.0,8.647496,1.0,31.910011,932.3415,28.14,Mainly clear
2013-07-31 21:00:00+00:00,MUĞLA,48,35.179497,22.9795,0.0,11.525623,2.0,30.237059,933.2886,26.28,Partly cloudy
2013-08-01 21:00:00+00:00,MUĞLA,48,34.7295,23.3295,0.0,13.779114,2.0,35.63157,935.4583,25.12,Partly cloudy
2013-08-02 21:00:00+00:00,MUĞLA,48,35.4795,22.6295,0.0,10.739833,1.0,38.299507,936.1963,27.07,Mainly clear
2013-08-03 21:00:00+00:00,MUĞLA,48,35.9795,22.5795,0.0,11.841756,0.0,25.972086,936.3682,27.9,Clear sky
2013-08-04 21:00:00+00:00,MUĞLA,48,34.9795,22.529501,0.0,11.019764,0.0,24.73382,936.1465,28.06,Clear sky
2013-08-05 21:00:00+00:00,MUĞLA,48,34.7295,20.8795,0.0,8.647496,0.0,27.77759,934.4429,28.11,Clear sky
2013-08-06 21:00:00+00:00,MUĞLA,48,34.7295,21.2295,0.0,11.200571,0.0,25.174225,934.5293,28.08,Clear sky
2013-08-07 21:00:00+00:00,MUĞLA,48,35.2795,21.5795,0.0,11.753876,0.0,25.550272,936.41675,27.89,Clear sky
2013-08-08 21:00:00+00:00,MUĞLA,48,35.5795,22.6295,0.0,11.457958,0.0,25.399729,934.8423,27.5,Clear sky
2013-08-09 21:00:00+00:00,MUĞLA,48,35.0295,21.4295,0.0,11.792404,0.0,34.522667,931.79736,27.54,Clear sky
2013-08-10 21:00:00+00:00,MUĞLA,48,31.6795,20.6795,0.0,10.97262,2.0,50.368176,931.5947,23.57,Partly cloudy
2013-08-11 21:00:00+00:00,MUĞLA,48,32.879498,21.529501,0.0,10.787993,3.0,48.620804,934.69965,23.11,Overcast
2013-08-12 21:00:00+00:00,MUĞLA,48,34.8295,21.8795,0.0,9.726664,2.0,45.056152,935.8328,25.39,Partly cloudy
2013-08-13 21:00:00+00:00,MUĞLA,48,35.5295,22.1795,0.0,7.145796,3.0,38.559093,935.1883,24.75,Overcast
2013-08-14 21:00:00+00:00,MUĞLA,48,37.179497,22.7295,0.0,11.631956,3.0,27.364037,935.2175,25.71,Overcast
2013-08-15 21:00:00+00:00,MUĞLA,48,36.379498,22.279501,0.0,10.464798,2.0,30.49946,935.1634,25.16,Partly cloudy
2013-08-16 21:00:00+00:00,MUĞLA,48,33.0295,21.4295,0.3,13.441071,51.0,45.04275,934.57245,22.7,Drizzle: Light
2013-08-17 21:00:00+00:00,MUĞLA,48,33.8295,22.4795,0.0,8.854829,2.0,35.73699,935.34686,24.17,Partly cloudy
2013-08-18 21:00:00+00:00,MUĞLA,48,34.629498,22.1795,0.0,11.019764,1.0,28.033781,935.5439,25.2,Mainly clear
2013-08-19 21:00:00+00:00,MUĞLA,48,34.5795,21.029501,0.0,8.669949,0.0,25.060804,935.8206,26.23,Clear sky
2013-08-20 21:00:00+00:00,MUĞLA,48,34.629498,20.7295,0.0,12.864649,2.0,30.046717,935.53253,25.93,Partly cloudy
2013-08-21 21:00:00+00:00,MUĞLA,48,32.3295,19.9795,0.0,14.4,1.0,35.831116,934.7132,22.97,Mainly clear
2013-08-22 21:00:00+00:00,MUĞLA,48,30.4295,19.4295,1.1,11.013882,55.0,39.935215,935.4607,23.28,Drizzle: Dense
2013-08-23 21:00:00+00:00,MUĞLA,48,32.129498,18.6295,0.0,9.114471,2.0,44.58144,935.7979,25.48,Partly cloudy
2013-08-24 21:00:00+00:00,MUĞLA,48,32.2795,19.779501,0.0,13.479583,0.0,44.254612,935.6888,23.71,Clear sky
2013-08-25 21:00:00+00:00,MUĞLA,48,32.8295,19.9795,0.1,12.0694,51.0,45.146008,936.21686,23.23,Drizzle: Light
2013-08-26 21:00:00+00:00,MUĞLA,48,34.7795,20.0795,0.0,11.525623,0.0,35.776623,936.64526,25.05,Clear sky
2013-08-27 21:00:00+00:00,MUĞLA,48,36.3295,21.279501,0.0,12.24,0.0,30.39889,936.51483,24.94,Clear sky
2013-08-28 21:00:00+00:00,MUĞLA,48,35.879498,22.1295,0.0,16.418526,2.0,29.43897,936.4216,24.68,Partly cloudy
2013-08-29 21:00:00+00:00,MUĞLA,48,34.629498,21.9295,0.5,14.336861,53.0,39.697258,934.6172,23.31,Drizzle: Moderate
2013-08-30 21:00:00+00:00,MUĞLA,48,32.4295,21.4295,0.0,14.113653,2.0,43.366978,934.9272,22.59,Partly cloudy
2013-08-31 21:00:00+00:00,MUĞLA,48,31.4295,20.529501,0.0,10.948973,1.0,36.39601,936.7601,24.1,Mainly clear
2013-09-01 21:00:00+00:00,MUĞLA,48,31.8295,19.5795,0.0,11.966953,0.0,30.494965,938.43243,23.96,Clear sky
2013-09-02 21:00:00+00:00,MUĞLA,48,31.3295,19.8295,0.0,16.700275,0.0,32.997417,938.8945,23.96,Clear sky
2013-09-03 21:00:00+00:00,MUĞLA,48,28.8795,19.1795,0.0,20.265795,0.0,29.285776,938.55426,23.85,Clear sky
2013-09-04 21:00:00+00:00,MUĞLA,48,27.8295,16.2295,0.0,19.272614,0.0,29.893602,938.6724,24.43,Clear sky
2013-09-05 21:00:00+00:00,MUĞLA,48,29.029501,15.3795,0.0,8.427383,0.0,27.775034,936.98804,24.03,Clear sky
2013-09-06 21:00:00+00:00,MUĞLA,48,30.0795,15.929501,0.0,7.42159,0.0,24.99587,938.71967,23.61,Clear sky
2013-09-07 21:00:00+00:00,MUĞLA,48,29.9795,16.7295,0.0,13.324863,0.0,22.87126,938.7038,23.77,Clear sky
2013-09-08 21:00:00+00:00,MUĞLA,48,29.4295,16.6295,0.0,13.5515,0.0,28.459671,939.71576,23.37,Clear sky
2013-09-09 21:00:00+00:00,MUĞLA,48,31.779501,15.679501,0.0,10.587918,0.0,26.047127,941.1465,22.9,Clear sky
2013-09-10 21:00:00+00:00,MUĞLA,48,33.129498,18.0795,0.0,12.9249525,0.0,25.710312,940.09186,22.71,Clear sky
2013-09-11 21:00:00+00:00,MUĞLA,48,34.3295,19.6795,0.0,12.819235,0.0,26.074625,940.41583,22.31,Clear sky
2013-09-12 21:00:00+00:00,MUĞLA,48,34.2295,18.9295,0.0,14.118243,0.0,33.220272,940.3222,22.12,Clear sky
2013-09-13 21:00:00+00:00,MUĞLA,48,29.9795,18.9795,0.0,15.408671,0.0,40.671818,939.1573,22.01,Clear sky
2013-09-14 21:00:00+00:00,MUĞLA,48,28.0795,16.1295,0.0,14.241629,0.0,30.26979,936.7393,22.4,Clear sky
2013-09-15 21:00:00+00:00,MUĞLA,48,28.279501,14.5795,0.0,12.413477,3.0,32.340054,934.46704,22.06,Overcast
2013-09-16 21:00:00+00:00,MUĞLA,48,23.3295,16.3795,19.1,12.7279215,65.0,76.51931,931.8321,18.61,Rain: Heavy
2013-09-17 21:00:00+00:00,MUĞLA,48,24.279501,14.4795,0.2,13.493999,51.0,77.441185,931.54974,18.37,Drizzle: Light
2013-09-18 21:00:00+00:00,MUĞLA,48,24.529501,15.679501,0.0,12.245293,3.0,79.601776,932.7364,17.23,Overcast
2013-09-19 21:00:00+00:00,MUĞLA,48,25.029501,15.8795,0.0,11.384198,3.0,74.78466,936.0664,18.77,Overcast
2013-09-20 21:00:00+00:00,MUĞLA,48,25.9295,16.1795,0.0,15.580141,2.0,63.478268,937.78937,19.91,Partly cloudy
2013-09-21 21:00:00+00:00,MUĞLA,48,24.0795,14.3295,0.0,16.09969,0.0,41.128864,936.5141,21.05,Clear sky
2013-09-22 21:00:00+00:00,MUĞLA,48,24.279501,12.8295,0.0,12.096214,0.0,41.057922,934.69604,21.01,Clear sky
2013-09-23 21:00:00+00:00,MUĞLA,48,24.5795,12.179501,0.0,13.746156,0.0,45.454178,935.6762,20.7,Clear sky
2013-09-24 21:00:00+00:00,MUĞLA,48,26.4295,12.929501,0.0,8.4042845,0.0,56.95312,939.8709,20.31,Clear sky
2013-09-25 21:00:00+00:00,MUĞLA,48,25.9295,14.9795,0.0,13.202726,1.0,58.026447,941.14435,19.93,Mainly clear
2013-09-26 21:00:00+00:00,MUĞLA,48,24.4795,13.7795,0.0,8.913181,3.0,71.818954,937.804,18.96,Overcast
2013-09-27 21:00:00+00:00,MUĞLA,48,27.6295,14.179501,0.0,8.891343,0.0,58.33006,936.93427,19.67,Clear sky
2013-09-28 21:00:00+00:00,MUĞLA,48,27.9795,14.8795,0.0,9.255571,2.0,46.13205,937.86176,19.5,Partly cloudy
2013-09-29 21:00:00+00:00,MUĞLA,48,26.8795,14.6295,0.0,12.88981,0.0,57.76059,937.1221,19.28,Clear sky
2013-09-30 21:00:00+00:00,MUĞLA,48,21.779501,16.0795,44.199997,23.469128,65.0,82.85487,931.8614,8.19,Rain: Heavy
2013-10-01 21:00:00+00:00,MUĞLA,48,19.6795,15.0795,7.2,10.163227,61.0,91.54678,931.4377,10.51,Rain: Slight
2013-10-02 21:00:00+00:00,MUĞLA,48,19.1795,11.8295,0.0,16.87398,3.0,68.835915,937.4549,17.67,Overcast
2013-10-03 21:00:00+00:00,MUĞLA,48,13.5795,7.1795,0.0,22.35481,0.0,48.11151,942.28253,19.49,Clear sky
2013-10-04 21:00:00+00:00,MUĞLA,48,13.6295,5.2295003,0.0,21.461555,0.0,45.25122,941.8464,19.35,Clear sky
2013-10-05 21:00:00+00:00,MUĞLA,48,16.4795,5.4295,0.0,15.137133,1.0,46.12929,943.04987,19.2,Mainly clear
2013-10-06 21:00:00+00:00,MUĞLA,48,20.8295,5.5295,0.0,8.217153,0.0,46.718655,945.6142,19.1,Clear sky
2013-10-07 21:00:00+00:00,MUĞLA,48,22.779501,6.6295004,0.0,6.87779,3.0,49.151073,946.1714,18.69,Overcast
2013-10-08 21:00:00+00:00,MUĞLA,48,23.4295,9.0295,0.0,8.4963045,3.0,52.676743,944.99414,18.17,Overcast
2013-10-09 21:00:00+00:00,MUĞLA,48,24.6295,9.2295,0.0,8.64,1.0,55.560207,943.32196,17.64,Mainly clear
2013-10-10 21:00:00+00:00,MUĞLA,48,25.8795,11.679501,0.0,11.457958,0.0,57.17718,944.94904,17.07,Clear sky
2013-10-11 21:00:00+00:00,MUĞLA,48,26.4795,13.929501,0.0,13.450708,0.0,56.61365,944.7635,17.08,Clear sky
2013-10-12 21:00:00+00:00,MUĞLA,48,24.5795,14.4795,0.0,16.516901,0.0,54.605488,940.65186,17.37,Clear sky
2013-10-13 21:00:00+00:00,MUĞLA,48,24.3795,12.5295,0.0,13.217443,0.0,45.77319,940.24005,17.35,Clear sky
2013-10-14 21:00:00+00:00,MUĞLA,48,25.279501,10.9795,0.0,7.0911775,0.0,47.498093,941.63226,17.17,Clear sky
2013-10-15 21:00:00+00:00,MUĞLA,48,22.6795,13.9795,1.4,16.923828,53.0,62.190216,938.38605,15.68,Drizzle: Moderate
2013-10-16 21:00:00+00:00,MUĞLA,48,16.8295,11.0795,52.40001,27.595825,63.0,93.29895,927.74396,8.04,Rain: Moderate
2013-10-17 21:00:00+00:00,MUĞLA,48,16.3795,8.0295,0.70000005,14.336861,51.0,83.10313,932.68164,8.61,Drizzle: Light
2013-10-18 21:00:00+00:00,MUĞLA,48,17.2295,8.8295,0.0,15.629972,3.0,71.95109,942.8267,15.07,Overcast
2013-10-19 21:00:00+00:00,MUĞLA,48,20.0795,8.2295,0.0,10.137692,0.0,57.283504,947.57587,16.52,Clear sky
2013-10-20 21:00:00+00:00,MUĞLA,48,20.9795,7.2795,0.0,6.28713,0.0,62.645924,945.70435,16.15,Clear sky
2013-10-21 21:00:00+00:00,MUĞLA,48,23.0795,7.9295,0.0,6.849467,0.0,59.755432,942.71484,15.97,Clear sky
2013-10-22 21:00:00+00:00,MUĞLA,48,24.8795,9.0795,0.0,8.049845,0.0,52.24567,941.48566,15.82,Clear sky
2013-10-23 21:00:00+00:00,MUĞLA,48,24.0795,10.0795,0.0,8.39657,0.0,52.70592,941.60645,15.78,Clear sky
2013-10-24 21:00:00+00:00,MUĞLA,48,22.0795,8.8795,0.0,6.439876,0.0,63.72812,941.6706,15.52,Clear sky
2013-10-25 21:00:00+00:00,MUĞLA,48,22.9295,8.5295,0.0,7.9932976,0.0,58.584957,941.4167,15.49,Clear sky
2013-10-26 21:00:00+00:00,MUĞLA,48,23.5795,8.3795,0.0,8.217153,0.0,50.90474,940.53107,15.47,Clear sky
2013-10-27 21:00:00+00:00,MUĞLA,48,22.4795,8.5295,0.0,5.771239,0.0,57.164814,941.3054,15.06,Clear sky
2013-10-28 21:00:00+00:00,MUĞLA,48,22.8795,8.5295,0.0,5.495161,3.0,59.197186,939.7727,13.92,Overcast
2013-10-29 21:00:00+00:00,MUĞLA,48,22.3295,8.6795,0.0,6.989936,2.0,60.271336,939.82074,14.51,Partly cloudy
2013-10-30 21:00:00+00:00,MUĞLA,48,23.4295,8.7295,0.0,5.1544156,0.0,59.42624,940.90607,14.3,Clear sky
2013-10-31 21:00:00+00:00,MUĞLA,48,23.2295,9.5795,0.0,6.193674,0.0,61.489124,941.9881,14.09,Clear sky
2013-11-01 21:00:00+00:00,MUĞLA,48,22.7295,9.1295,0.0,5.8603754,0.0,64.663185,941.91595,13.99,Clear sky
2013-11-02 21:00:00+00:00,MUĞLA,48,21.4295,9.4795,0.0,8.654986,2.0,63.962643,941.81757,13.95,Partly cloudy
2013-11-03 21:00:00+00:00,MUĞLA,48,19.0795,11.179501,0.0,12.015589,3.0,67.61312,942.27704,12.25,Overcast
2013-11-04 21:00:00+00:00,MUĞLA,48,16.4295,9.929501,0.8,15.745627,51.0,81.24128,939.7679,9.64,Drizzle: Light
2013-11-05 21:00:00+00:00,MUĞLA,48,16.8795,10.929501,3.6,24.379204,53.0,75.607735,935.6645,8.63,Drizzle: Moderate
2013-11-06 21:00:00+00:00,MUĞLA,48,17.8295,10.9795,5.5,13.363711,55.0,71.54719,935.3426,9.55,Drizzle: Dense
2013-11-07 21:00:00+00:00,MUĞLA,48,19.0795,9.4295,0.0,10.00256,2.0,67.14348,938.8826,12.84,Partly cloudy
2013-11-08 21:00:00+00:00,MUĞLA,48,20.4295,6.0795,0.0,7.5942082,0.0,54.829388,939.353,13.41,Clear sky
2013-11-09 21:00:00+00:00,MUĞLA,48,19.6295,6.6795,0.0,9.826088,1.0,63.767914,938.6318,13.15,Mainly clear
2013-11-10 21:00:00+00:00,MUĞLA,48,16.8795,9.1295,0.0,17.58481,3.0,81.705505,940.04224,10.83,Overcast
2013-11-11 21:00:00+00:00,MUĞLA,48,19.529501,8.1795,0.0,7.208994,3.0,68.44097,942.16656,12.68,Overcast
2013-11-12 21:00:00+00:00,MUĞLA,48,19.9295,6.5295,0.0,7.289445,2.0,69.47503,940.2392,12.58,Partly cloudy
2013-11-13 21:00:00+00:00,MUĞLA,48,17.6295,8.9795,0.90000004,11.119281,51.0,75.32504,937.9095,9.72,Drizzle: Light
2013-11-14 21:00:00+00:00,MUĞLA,48,12.8795,8.8295,25.6,10.691453,63.0,95.15218,936.87036,2.08,Rain: Moderate
2013-11-15 21:00:00+00:00,MUĞLA,48,17.3795,5.9295,0.0,5.315336,3.0,81.4088,939.16864,11.13,Overcast
2013-11-16 21:00:00+00:00,MUĞLA,48,17.7295,7.2295003,0.0,6.439876,2.0,74.95498,938.2486,11.7,Partly cloudy
2013-11-17 21:00:00+00:00,MUĞLA,48,17.6795,6.6795,0.0,5.692099,1.0,73.59736,939.2981,11.73,Mainly clear
2013-11-18 21:00:00+00:00,MUĞLA,48,17.7295,6.6795,0.0,9.290511,3.0,72.590225,941.9134,10.18,Overcast
2013-11-19 21:00:00+00:00,MUĞLA,48,16.2795,9.3295,0.2,16.23596,51.0,74.8413,941.6103,9.9,Drizzle: Light
2013-11-20 21:00:00+00:00,MUĞLA,48,14.3295,10.0795,6.1000004,12.661564,53.0,91.591545,938.2046,5.39,Drizzle: Moderate
2013-11-21 21:00:00+00:00,MUĞLA,48,13.8795,10.5295,25.7,19.211996,63.0,93.93717,934.4161,3.53,Rain: Moderate
2013-11-22 21:00:00+00:00,MUĞLA,48,16.1295,10.3795,10.4,9.3876505,63.0,90.411964,934.49554,5.9,Rain: Moderate
2013-11-23 21:00:00+00:00,MUĞLA,48,15.3295,8.9795,0.6,17.518356,51.0,88.59298,936.12286,8.51,Drizzle: Light
2013-11-24 21:00:00+00:00,MUĞLA,48,13.7295,11.3795,45.7,22.862125,63.0,93.20297,934.27277,3.05,Rain: Moderate
2013-11-25 21:00:00+00:00,MUĞLA,48,14.3295,9.5795,32.7,12.224107,63.0,93.77529,933.1445,3.81,Rain: Moderate
2013-11-26 21:00:00+00:00,MUĞLA,48,15.0795,8.2295,2.8999999,9.085988,55.0,86.66192,937.5706,9.32,Drizzle: Dense
2013-11-27 21:00:00+00:00,MUĞLA,48,12.2295,6.6295004,0.0,12.7279215,3.0,82.15269,942.5025,8.0,Overcast
2013-11-28 21:00:00+00:00,MUĞLA,48,11.0295,3.3295002,0.0,11.183201,3.0,73.34046,941.29193,10.48,Overcast
2013-11-29 21:00:00+00:00,MUĞLA,48,14.0795,1.7795001,0.0,8.311245,3.0,65.375084,942.08105,10.78,Overcast
2013-11-30 21:00:00+00:00,MUĞLA,48,14.3295,6.7795,4.4,8.905908,61.0,76.30377,942.321,3.95,Rain: Slight
2013-12-01 21:00:00+00:00,MUĞLA,48,18.3295,7.7795,0.2,9.007196,51.0,65.23739,940.01385,8.79,Drizzle: Light
2013-12-02 21:00:00+00:00,MUĞLA,48,15.6295,8.1295,1.4000001,11.885453,51.0,79.09587,937.40216,8.8,Drizzle: Light
2013-12-03 21:00:00+00:00,MUĞLA,48,8.8795,5.5295,22.999998,9.693296,63.0,92.11805,934.5074,2.7,Rain: Moderate
2013-12-04 21:00:00+00:00,MUĞLA,48,12.9795,2.2295,0.0,8.39657,1.0,84.78562,935.42725,10.43,Mainly clear
2013-12-05 21:00:00+00:00,MUĞLA,48,12.429501,2.0295,0.0,9.826088,3.0,84.42138,937.191,9.44,Overcast
2013-12-06 21:00:00+00:00,MUĞLA,48,10.2795,5.1295,11.799999,12.074766,61.0,94.33178,936.25714,5.73,Rain: Slight
2013-12-07 21:00:00+00:00,MUĞLA,48,5.4795003,-0.8205,0.0,17.651016,3.0,63.671513,943.8715,10.81,Overcast
2013-12-08 21:00:00+00:00,MUĞLA,48,7.2795,-0.3204999,0.0,11.440978,1.0,55.48961,946.9377,10.69,Mainly clear
2013-12-09 21:00:00+00:00,MUĞLA,48,8.8295,-0.7704998,1.6000001,12.144331,53.0,78.22684,940.61084,6.88,Drizzle: Moderate
2013-12-10 21:00:00+00:00,MUĞLA,48,1.4295001,-2.5204997,0.0,32.69664,3.0,51.73003,941.2454,9.79,Overcast
2013-12-11 21:00:00+00:00,MUĞLA,48,0.9295001,-3.2205,0.0,25.11758,0.0,37.747097,940.69293,10.81,Clear sky
2013-12-12 21:00:00+00:00,MUĞLA,48,1.9295001,-3.0204997,0.0,18.345877,1.0,41.154613,938.75275,10.65,Mainly clear
2013-12-13 21:00:00+00:00,MUĞLA,48,6.4795003,-1.2704998,0.0,9.826088,0.0,50.987453,943.9038,10.42,Clear sky
2013-12-14 21:00:00+00:00,MUĞLA,48,9.7795,-1.4204999,0.0,3.8939953,0.0,60.68938,948.2715,10.22,Clear sky
2013-12-15 21:00:00+00:00,MUĞLA,48,10.3295,-0.6704999,0.0,4.1046314,3.0,67.92617,946.1328,9.09,Overcast
2013-12-16 21:00:00+00:00,MUĞLA,48,10.8295,-0.42049992,0.0,5.991594,3.0,73.38128,944.17096,10.08,Overcast
2013-12-17 21:00:00+00:00,MUĞLA,48,10.5295,0.1795001,0.1,5.1919937,51.0,79.660545,942.82056,9.18,Drizzle: Light
2013-12-18 21:00:00+00:00,MUĞLA,48,9.929501,3.5295,7.4999995,9.47012,61.0,89.51527,943.5296,6.77,Rain: Slight
2013-12-19 21:00:00+00:00,MUĞLA,48,12.3295,0.1795001,0.0,6.4799995,2.0,84.004425,947.7386,9.86,Partly cloudy
2013-12-20 21:00:00+00:00,MUĞLA,48,13.8795,0.5795001,0.0,8.373386,0.0,77.95299,950.6004,10.21,Clear sky
2013-12-21 21:00:00+00:00,MUĞLA,48,14.8295,-0.5204998,0.0,8.534353,0.0,66.243164,948.79443,10.49,Clear sky
2013-12-22 21:00:00+00:00,MUĞLA,48,14.7795,1.0795001,0.0,5.1165614,2.0,60.20338,947.53546,10.48,Partly cloudy
2013-12-23 21:00:00+00:00,MUĞLA,48,13.4795,3.6295,0.0,6.792466,3.0,48.765797,947.5324,7.51,Overcast
2013-12-24 21:00:00+00:00,MUĞLA,48,14.0295,4.3795,0.0,6.5693827,3.0,59.8324,943.08984,10.06,Overcast
2013-12-25 21:00:00+00:00,MUĞLA,48,12.3795,2.2795,0.0,10.948973,1.0,71.92371,940.40356,9.8,Mainly clear
2013-12-26 21:00:00+00:00,MUĞLA,48,11.0795,5.0795,0.0,14.8257065,3.0,73.3127,939.14355,4.77,Overcast
2013-12-27 21:00:00+00:00,MUĞLA,48,10.8295,4.2295003,5.6,9.339208,61.0,82.47613,934.69354,4.2,Rain: Slight
2013-12-28 21:00:00+00:00,MUĞLA,48,11.8295,3.1295,1.4,5.4477882,53.0,85.07265,935.87384,8.6,Drizzle: Moderate
2013-12-29 21:00:00+00:00,MUĞLA,48,12.5295,1.2295,0.0,10.182337,3.0,82.20462,937.5284,7.93,Overcast
2013-12-30 21:00:00+00:00,MUĞLA,48,12.6295,1.9795,0.1,6.8777895,51.0,86.03894,940.4694,8.95,Drizzle: Light
2013-12-31 21:00:00+00:00,MUĞLA,48,12.0295,5.4795003,0.4,7.69592,51.0,87.64102,941.9609,7.41,Drizzle: Light
2014-01-01 21:00:00+00:00,MUĞLA,48,9.679501,5.9795003,4.5000005,17.447933,53.0,95.11523,941.5405,4.44,Drizzle: Moderate
2014-01-02 21:00:00+00:00,MUĞLA,48,11.0795,6.0795,3.4,7.8954163,61.0,93.10492,941.94385,5.54,Rain: Slight
2014-01-03 21:00:00+00:00,MUĞLA,48,12.2295,3.2295,4.2999997,5.4833565,63.0,90.02747,942.39325,8.91,Rain: Moderate
2014-01-04 21:00:00+00:00,MUĞLA,48,12.7795,1.5295001,0.0,4.39436,2.0,85.70771,943.74976,10.24,Partly cloudy
2014-01-05 21:00:00+00:00,MUĞLA,48,11.2795,4.1295,0.0,8.049845,3.0,88.00495,943.88055,7.07,Overcast
2014-01-06 21:00:00+00:00,MUĞLA,48,12.2295,2.4795,0.0,5.506941,3.0,80.47521,942.4861,7.04,Overcast
2014-01-07 21:00:00+00:00,MUĞLA,48,14.3295,2.2295,0.0,6.12,3.0,73.83204,940.22565,9.43,Overcast
2014-01-08 21:00:00+00:00,MUĞLA,48,13.8295,3.0295,0.0,6.12,3.0,66.82828,940.12384,11.01,Overcast
2014-01-09 21:00:00+00:00,MUĞLA,48,13.3295,1.1795001,0.0,4.8965297,1.0,75.29,941.3284,11.19,Mainly clear
2014-01-10 21:00:00+00:00,MUĞLA,48,13.1295,2.3795002,0.0,5.8603754,3.0,91.56902,943.7837,7.44,Overcast
2014-01-11 21:00:00+00:00,MUĞLA,48,13.3795,6.4295,0.0,7.42159,3.0,88.790405,943.62823,8.14,Overcast
2014-01-12 21:00:00+00:00,MUĞLA,48,11.8795,6.0295,0.0,5.154415,3.0,90.747444,942.2668,5.67,Overcast
2014-01-13 21:00:00+00:00,MUĞLA,48,11.929501,5.3295,2.3,8.825508,55.0,89.95261,940.49603,7.61,Drizzle: Dense
2014-01-14 21:00:00+00:00,MUĞLA,48,12.0795,5.1795,0.90000004,15.281989,51.0,91.64283,942.28033,6.92,Drizzle: Light
2014-01-15 21:00:00+00:00,MUĞLA,48,10.4795,6.0295,7.7000003,13.039754,55.0,95.11013,941.1602,5.04,Drizzle: Dense
2014-01-16 21:00:00+00:00,MUĞLA,48,13.7795,2.2295,0.0,4.896529,3.0,85.52178,942.64355,10.41,Overcast
2014-01-17 21:00:00+00:00,MUĞLA,48,13.7295,3.6795,0.0,7.7043357,3.0,88.265495,945.48486,9.68,Overcast
2014-01-18 21:00:00+00:00,MUĞLA,48,14.0795,7.7795,0.0,7.10031,3.0,90.65911,945.03516,8.09,Overcast
2014-01-19 21:00:00+00:00,MUĞLA,48,12.679501,7.0795,0.0,13.556282,3.0,91.277855,942.7963,8.46,Overcast
2014-01-20 21:00:00+00:00,MUĞLA,48,12.8295,5.5795,0.0,16.279802,3.0,88.8161,940.6629,9.36,Overcast
2014-01-21 21:00:00+00:00,MUĞLA,48,11.5795,5.9795003,13.1,14.264361,63.0,90.19302,937.8504,9.11,Rain: Moderate
2014-01-22 21:00:00+00:00,MUĞLA,48,12.7795,1.8295001,0.0,7.42159,3.0,84.5783,940.104,10.91,Overcast
2014-01-23 21:00:00+00:00,MUĞLA,48,12.929501,3.4295,0.4,13.363711,51.0,84.42208,940.00214,8.74,Drizzle: Light
2014-01-24 21:00:00+00:00,MUĞLA,48,11.5295,7.5795,36.19999,21.129885,63.0,95.01004,931.40436,5.7,Rain: Moderate
2014-01-25 21:00:00+00:00,MUĞLA,48,8.7295,5.8795004,25.3,18.792551,61.0,95.15188,922.95245,5.9,Rain: Slight
2014-01-26 21:00:00+00:00,MUĞLA,48,9.6295,4.6295,9.6,14.241629,61.0,86.15188,922.7022,8.69,Rain: Slight
2014-01-27 21:00:00+00:00,MUĞLA,48,9.3295,1.7295,6.3,16.394829,63.0,89.73887,927.05475,8.19,Rain: Moderate
2014-01-28 21:00:00+00:00,MUĞLA,48,10.3795,6.0795,44.4,29.195534,63.0,91.556305,931.00977,7.01,Rain: Moderate
2014-01-29 21:00:00+00:00,MUĞLA,48,13.4795,0.5295001,0.0,6.519877,3.0,74.128006,942.4441,13.11,Overcast
2014-01-30 21:00:00+00:00,MUĞLA,48,13.2295,4.1295,0.0,5.2416787,3.0,70.05241,944.9494,8.35,Overcast
2014-01-31 21:00:00+00:00,MUĞLA,48,15.5795,2.6295,0.0,7.5942082,3.0,61.51961,942.4191,10.68,Overcast
2014-02-01 21:00:00+00:00,MUĞLA,48,12.4795,4.9295,0.0,6.849467,3.0,68.1012,936.8801,7.29,Overcast
2014-02-02 21:00:00+00:00,MUĞLA,48,8.8295,3.8295002,6.8,5.1544156,55.0,80.660545,936.42255,7.1,Drizzle: Dense
2014-02-03 21:00:00+00:00,MUĞLA,48,11.679501,3.8795,1.2,6.6087217,51.0,74.55494,940.71045,12.61,Drizzle: Light
2014-02-04 21:00:00+00:00,MUĞLA,48,12.3795,1.2795,0.0,5.8603754,3.0,69.34666,940.9401,13.48,Overcast
2014-02-05 21:00:00+00:00,MUĞLA,48,11.9795,1.8795002,0.2,7.24486,51.0,85.28901,939.12225,12.5,Drizzle: Light
2014-02-06 21:00:00+00:00,MUĞLA,48,11.9795,4.0795,0.0,7.5942073,3.0,85.14454,940.65497,11.7,Overcast
2014-02-07 21:00:00+00:00,MUĞLA,48,12.5295,3.4795,0.0,12.783802,3.0,85.42315,943.5923,13.32,Overcast
2014-02-08 21:00:00+00:00,MUĞLA,48,12.429501,6.6795,7.0,13.441071,53.0,95.0626,942.46515,8.92,Drizzle: Moderate
2014-02-09 21:00:00+00:00,MUĞLA,48,13.8795,8.3295,5.0,14.512064,53.0,87.13177,940.68994,11.76,Drizzle: Moderate
2014-02-10 21:00:00+00:00,MUĞLA,48,15.7295,2.8795,0.0,8.12197,2.0,79.71403,941.9394,14.84,Partly cloudy
2014-02-11 21:00:00+00:00,MUĞLA,48,13.5295,7.2295003,0.0,13.138765,3.0,88.06196,940.9546,12.35,Overcast
2014-02-12 21:00:00+00:00,MUĞLA,48,12.679501,7.8795004,3.1000001,13.910169,53.0,87.0512,937.4483,8.85,Drizzle: Moderate
2014-02-13 21:00:00+00:00,MUĞLA,48,10.1295,4.9295,13.299999,6.9899354,61.0,92.084724,932.4174,6.8,Rain: Slight
2014-02-14 21:00:00+00:00,MUĞLA,48,12.679501,1.6795001,0.0,11.542478,3.0,80.47252,932.81964,12.03,Overcast
2014-02-15 21:00:00+00:00,MUĞLA,48,14.9795,2.7795,0.0,9.531505,0.0,74.2989,939.77734,15.79,Clear sky
2014-02-16 21:00:00+00:00,MUĞLA,48,18.279501,2.9295,0.0,5.95906,0.0,66.4413,943.96265,16.27,Clear sky
2014-02-17 21:00:00+00:00,MUĞLA,48,17.7295,5.5795,0.0,6.489992,2.0,70.94369,947.2654,16.33,Partly cloudy
2014-02-18 21:00:00+00:00,MUĞLA,48,17.2295,4.1795,0.0,5.6233797,2.0,74.05787,947.2348,16.54,Partly cloudy
2014-02-19 21:00:00+00:00,MUĞLA,48,16.6295,5.2295003,0.0,7.9932976,3.0,74.94213,943.8345,15.8,Overcast
2014-02-20 21:00:00+00:00,MUĞLA,48,15.4795,7.3295,0.0,12.074766,3.0,73.39835,939.05597,12.79,Overcast
2014-02-21 21:00:00+00:00,MUĞLA,48,16.7295,4.1795,0.4,8.373386,51.0,70.60117,934.8332,15.86,Drizzle: Light
2014-02-22 21:00:00+00:00,MUĞLA,48,15.429501,4.7795,0.3,12.303366,51.0,79.29135,936.21796,14.64,Drizzle: Light
2014-02-23 21:00:00+00:00,MUĞLA,48,11.8295,6.8295,7.4,10.853866,61.0,89.805595,935.959,10.75,Rain: Slight
2014-02-24 21:00:00+00:00,MUĞLA,48,12.2795,3.7795,7.2,9.9571085,63.0,88.6144,934.6668,11.99,Rain: Moderate
2014-02-25 21:00:00+00:00,MUĞLA,48,13.429501,1.9795,0.0,7.928177,2.0,78.79257,939.7183,15.29,Partly cloudy
2014-02-26 21:00:00+00:00,MUĞLA,48,13.8295,2.5795002,0.0,11.885453,0.0,69.22307,941.67706,17.94,Clear sky
2014-02-27 21:00:00+00:00,MUĞLA,48,13.2295,0.9295001,0.0,7.6367526,3.0,67.96438,940.8061,16.66,Overcast
2014-02-28 21:00:00+00:00,MUĞLA,48,10.5295,3.7295003,1.2,9.605998,51.0,75.59893,936.7618,7.09,Drizzle: Light
2014-03-01 21:00:00+00:00,MUĞLA,48,13.7795,2.9295,10.7,14.003029,63.0,84.48332,926.77246,8.36,Rain: Moderate
2014-03-02 21:00:00+00:00,MUĞLA,48,9.929501,6.5795,34.7,27.70831,63.0,95.99598,927.487,4.55,Rain: Moderate
2014-03-03 21:00:00+00:00,MUĞLA,48,12.1295,5.7795,6.1999993,15.716793,61.0,85.75553,928.47845,14.33,Rain: Slight
2014-03-04 21:00:00+00:00,MUĞLA,48,10.5795,7.6295004,29.900002,21.758419,63.0,94.834564,932.3846,5.5,Rain: Moderate
2014-03-05 21:00:00+00:00,MUĞLA,48,12.179501,4.7295003,1.6,11.503113,51.0,82.32664,936.2446,14.77,Drizzle: Light
2014-03-06 21:00:00+00:00,MUĞLA,48,10.8795,4.5295,5.5000005,13.556282,53.0,88.586754,938.2537,8.13,Drizzle: Moderate
2014-03-07 21:00:00+00:00,MUĞLA,48,13.0295,6.4795003,4.8999996,6.792466,55.0,81.83793,934.3382,13.37,Drizzle: Dense
2014-03-08 21:00:00+00:00,MUĞLA,48,12.5795,4.5295,4.3,6.9527545,61.0,84.31574,934.1525,14.12,Rain: Slight
2014-03-09 21:00:00+00:00,MUĞLA,48,12.4795,3.9295,7.5,8.287822,63.0,87.79587,932.0961,15.14,Rain: Moderate
2014-03-10 21:00:00+00:00,MUĞLA,48,10.5795,5.0795,3.9,8.891344,53.0,85.05629,933.82245,14.78,Drizzle: Moderate
2014-03-11 21:00:00+00:00,MUĞLA,48,10.3795,3.6295,0.0,24.640942,2.0,67.51182,936.0157,16.63,Partly cloudy
2014-03-12 21:00:00+00:00,MUĞLA,48,11.4795,2.5295,0.0,24.149532,0.0,51.132217,939.2222,20.97,Clear sky
2014-03-13 21:00:00+00:00,MUĞLA,48,13.8295,1.0295,0.0,11.966954,0.0,53.501026,942.06055,21.15,Clear sky
2014-03-14 21:00:00+00:00,MUĞLA,48,15.0795,1.2295,0.0,9.826088,1.0,68.372215,940.8037,21.05,Mainly clear
2014-03-15 21:00:00+00:00,MUĞLA,48,11.7795,5.0795,0.70000005,17.462784,51.0,84.69144,936.199,13.14,Drizzle: Light
2014-03-16 21:00:00+00:00,MUĞLA,48,15.9795,5.5295,1.1,11.879999,51.0,75.49708,934.7632,15.89,Drizzle: Light
2014-03-17 21:00:00+00:00,MUĞLA,48,18.6295,5.3295,0.0,8.647496,0.0,60.283092,938.6401,21.35,Clear sky
2014-03-18 21:00:00+00:00,MUĞLA,48,19.029501,5.1795,0.0,9.726664,0.0,67.18067,941.5393,21.51,Clear sky
2014-03-19 21:00:00+00:00,MUĞLA,48,19.4295,6.0795,0.0,9.693296,0.0,62.393707,941.4392,21.72,Clear sky
2014-03-20 21:00:00+00:00,MUĞLA,48,18.3795,6.2295003,0.0,9.659814,0.0,65.56647,941.61066,21.97,Clear sky
2014-03-21 21:00:00+00:00,MUĞLA,48,17.5795,5.4295,0.0,10.365251,2.0,73.02316,940.6863,21.85,Partly cloudy
2014-03-22 21:00:00+00:00,MUĞLA,48,17.7295,4.9295,0.0,10.163227,3.0,69.48617,937.7642,21.27,Overcast
2014-03-23 21:00:00+00:00,MUĞLA,48,16.9795,3.5795002,0.0,10.829959,3.0,68.891365,936.6783,20.0,Overcast
2014-03-24 21:00:00+00:00,MUĞLA,48,12.3295,6.7795,8.4,15.158522,63.0,79.81458,933.7369,13.3,Rain: Moderate
2014-03-25 21:00:00+00:00,MUĞLA,48,12.3795,4.3795,2.0,12.181625,51.0,85.19671,938.44293,14.67,Drizzle: Light
2014-03-26 21:00:00+00:00,MUĞLA,48,17.3795,3.3795,0.0,12.682018,3.0,77.83026,940.69574,22.3,Overcast
2014-03-27 21:00:00+00:00,MUĞLA,48,16.3795,9.2295,3.8,23.40277,53.0,74.657196,937.0489,17.22,Drizzle: Moderate
2014-03-28 21:00:00+00:00,MUĞLA,48,15.5295,7.5295,0.9,18.998316,51.0,74.41888,932.94727,20.03,Drizzle: Light
2014-03-29 21:00:00+00:00,MUĞLA,48,16.0295,3.3795,0.0,16.78156,0.0,45.610016,934.8862,24.16,Clear sky
2014-03-30 21:00:00+00:00,MUĞLA,48,16.4795,4.1295,0.0,8.435069,3.0,64.17297,935.6621,22.89,Overcast
2014-03-31 21:00:00+00:00,MUĞLA,48,17.6795,5.2795,2.8,8.217153,61.0,80.12232,934.0184,22.77,Rain: Slight
2014-04-01 21:00:00+00:00,MUĞLA,48,18.8795,4.3295,0.0,8.913181,3.0,69.000755,934.9917,22.96,Overcast
2014-04-02 21:00:00+00:00,MUĞLA,48,19.4295,5.9795003,0.9,11.298495,53.0,65.71754,937.16504,23.44,Drizzle: Moderate
2014-04-03 21:00:00+00:00,MUĞLA,48,18.5795,6.0795,0.0,13.358861,3.0,70.315186,939.91095,23.61,Overcast
2014-04-04 21:00:00+00:00,MUĞLA,48,16.6295,8.5795,0.0,14.618837,3.0,70.31289,940.44946,17.08,Overcast
2014-04-05 21:00:00+00:00,MUĞLA,48,18.9795,8.7795,0.1,13.779114,51.0,53.504475,936.9998,20.6,Drizzle: Light
2014-04-06 21:00:00+00:00,MUĞLA,48,14.9795,9.4795,8.9,11.525623,63.0,71.30444,935.12396,16.5,Rain: Moderate
2014-04-07 21:00:00+00:00,MUĞLA,48,16.8795,5.1295,3.4,8.669949,61.0,81.25624,936.4155,21.12,Rain: Slight
2014-04-08 21:00:00+00:00,MUĞLA,48,17.2295,5.6295004,1.0,6.28713,53.0,77.45224,936.0847,22.92,Drizzle: Moderate
2014-04-09 21:00:00+00:00,MUĞLA,48,14.5295,6.1795,7.3999996,13.202726,61.0,87.11106,936.26855,17.49,Rain: Slight
2014-04-10 21:00:00+00:00,MUĞLA,48,14.179501,7.7795,16.8,13.1041975,61.0,91.18957,937.44385,16.71,Rain: Slight
2014-04-11 21:00:00+00:00,MUĞLA,48,13.929501,6.2295003,1.8000002,10.1376915,51.0,84.25358,939.3714,20.27,Drizzle: Light
2014-04-12 21:00:00+00:00,MUĞLA,48,16.2795,3.7295003,0.0,11.542478,3.0,64.79391,938.2576,25.32,Overcast
2014-04-13 21:00:00+00:00,MUĞLA,48,15.679501,6.3795004,0.5,8.534353,51.0,67.26215,937.2263,17.08,Drizzle: Light
2014-04-14 21:00:00+00:00,MUĞLA,48,16.2795,5.4795003,0.5,8.4963045,51.0,77.112404,935.9319,19.61,Drizzle: Light
2014-04-15 21:00:00+00:00,MUĞLA,48,15.8795,7.7795,0.0,14.77755,3.0,79.01975,936.8596,19.25,Overcast
2014-04-16 21:00:00+00:00,MUĞLA,48,16.6795,7.9295,0.0,14.561099,3.0,74.3911,933.79663,23.97,Overcast
2014-04-17 21:00:00+00:00,MUĞLA,48,13.0795,7.9295,21.400002,18.782204,63.0,83.356514,931.93744,18.79,Rain: Moderate
2014-04-18 21:00:00+00:00,MUĞLA,48,12.429501,7.2295003,14.899999,17.298738,63.0,86.98716,936.96405,15.0,Rain: Moderate
2014-04-19 21:00:00+00:00,MUĞLA,48,16.8295,4.7295003,0.0,11.570515,3.0,76.74432,938.8963,20.16,Overcast
2014-04-20 21:00:00+00:00,MUĞLA,48,21.029501,6.2795,0.0,10.239453,3.0,69.20704,938.7497,24.58,Overcast
2014-04-21 21:00:00+00:00,MUĞLA,48,22.6295,13.2295,0.9,12.181625,53.0,63.315235,940.888,22.13,Drizzle: Moderate
2014-04-22 21:00:00+00:00,MUĞLA,48,24.9795,10.7295,0.0,6.162207,3.0,61.87973,941.40326,22.22,Overcast
2014-04-23 21:00:00+00:00,MUĞLA,48,22.779501,14.8295,0.0,17.698677,3.0,59.47325,936.8089,25.38,Overcast
2014-04-24 21:00:00+00:00,MUĞLA,48,20.1795,12.7795,0.0,10.464797,3.0,70.17857,932.9368,24.22,Overcast
2014-04-25 21:00:00+00:00,MUĞLA,48,20.5795,9.4795,0.2,10.24578,51.0,80.28639,934.0613,20.8,Drizzle: Light
2014-04-26 21:00:00+00:00,MUĞLA,48,17.8295,10.679501,5.4,16.454008,61.0,87.350975,933.56854,16.98,Rain: Slight
2014-04-27 21:00:00+00:00,MUĞLA,48,15.4795,10.1295,20.000002,14.007655,63.0,92.03709,933.55707,16.73,Rain: Moderate
2014-04-28 21:00:00+00:00,MUĞLA,48,16.4295,9.5795,10.400001,9.793058,55.0,91.4551,934.885,18.96,Drizzle: Dense
2014-04-29 21:00:00+00:00,MUĞLA,48,13.5295,8.9795,26.500002,14.205182,63.0,92.08033,933.96783,15.54,Rain: Moderate
2014-04-30 21:00:00+00:00,MUĞLA,48,15.6295,9.0795,1.5000001,12.10157,51.0,83.882996,935.1404,19.29,Drizzle: Light
2014-05-01 21:00:00+00:00,MUĞLA,48,17.4295,8.9795,0.70000005,11.901798,53.0,80.20157,935.7663,22.16,Drizzle: Moderate
2014-05-02 21:00:00+00:00,MUĞLA,48,20.4295,9.1295,0.0,10.948973,3.0,76.44794,935.67633,26.51,Overcast
2014-05-03 21:00:00+00:00,MUĞLA,48,21.9795,12.929501,1.7,24.36591,51.0,65.45054,933.45,20.75,Drizzle: Light
2014-05-04 21:00:00+00:00,MUĞLA,48,16.3295,11.7795,21.500002,14.021525,61.0,86.771416,934.0711,8.15,Rain: Slight
2014-05-05 21:00:00+00:00,MUĞLA,48,20.7295,9.2795,0.0,8.4042845,2.0,69.16645,937.0595,25.29,Partly cloudy
2014-05-06 21:00:00+00:00,MUĞLA,48,21.779501,10.7795,0.0,6.9247384,1.0,60.468975,937.4363,25.48,Mainly clear
2014-05-07 21:00:00+00:00,MUĞLA,48,22.7295,11.4795,0.0,8.225035,3.0,60.211716,933.15796,22.78,Overcast
2014-05-08 21:00:00+00:00,MUĞLA,48,15.8795,11.7295,21.7,8.891344,63.0,91.149994,930.0422,9.82,Rain: Moderate
2014-05-09 21:00:00+00:00,MUĞLA,48,15.6295,10.679501,17.0,6.5693827,61.0,91.95843,934.7876,13.26,Rain: Slight
2014-05-10 21:00:00+00:00,MUĞLA,48,17.8295,8.5795,0.4,6.2145634,51.0,77.90894,937.0833,20.97,Drizzle: Light
2014-05-11 21:00:00+00:00,MUĞLA,48,21.6295,7.4295,0.1,9.693296,51.0,77.25157,938.9946,26.66,Drizzle: Light
2014-05-12 21:00:00+00:00,MUĞLA,48,21.529501,11.429501,0.0,8.4963045,3.0,75.342804,940.8016,26.99,Overcast
2014-05-13 21:00:00+00:00,MUĞLA,48,23.029501,11.679501,0.0,13.493999,3.0,69.1132,938.94366,27.74,Overcast
2014-05-14 21:00:00+00:00,MUĞLA,48,18.029501,13.0795,2.6000001,20.532627,53.0,81.032326,934.8735,20.63,Drizzle: Moderate
2014-05-15 21:00:00+00:00,MUĞLA,48,18.029501,10.0795,0.0,13.779114,3.0,74.47056,936.4417,27.35,Overcast
2014-05-16 21:00:00+00:00,MUĞLA,48,16.9795,8.8795,0.0,13.570615,3.0,74.469444,939.61115,22.96,Overcast
2014-05-17 21:00:00+00:00,MUĞLA,48,20.1295,8.2795,0.0,10.495713,3.0,68.929565,941.2232,27.36,Overcast
2014-05-18 21:00:00+00:00,MUĞLA,48,22.8795,9.3795,0.0,7.5685663,3.0,65.024635,941.06573,25.08,Overcast
2014-05-19 21:00:00+00:00,MUĞLA,48,22.779501,12.2795,3.0999997,7.653705,61.0,78.06209,938.75336,24.39,Rain: Slight
2014-05-20 21:00:00+00:00,MUĞLA,48,26.029501,12.429501,0.4,8.4963045,51.0,64.63708,936.2383,27.34,Drizzle: Light
2014-05-21 21:00:00+00:00,MUĞLA,48,25.8795,12.679501,2.1999998,8.891343,61.0,64.91854,935.7344,27.83,Rain: Slight
2014-05-22 21:00:00+00:00,MUĞLA,48,23.1295,11.7295,1.0,10.041354,53.0,67.394295,935.6326,25.3,Drizzle: Moderate
2014-05-23 21:00:00+00:00,MUĞLA,48,24.1295,11.7295,0.1,10.383987,51.0,68.30732,937.5586,27.53,Drizzle: Light
2014-05-24 21:00:00+00:00,MUĞLA,48,26.1295,13.9795,0.70000005,10.636766,51.0,61.98326,939.5596,28.23,Drizzle: Light
2014-05-25 21:00:00+00:00,MUĞLA,48,26.9795,13.429501,1.1,9.1641035,55.0,62.994324,939.1474,28.76,Drizzle: Dense
2014-05-26 21:00:00+00:00,MUĞLA,48,25.8295,14.5795,0.0,7.145796,3.0,67.23886,937.05975,26.67,Overcast
2014-05-27 21:00:00+00:00,MUĞLA,48,26.1295,14.179501,0.0,9.659814,3.0,70.47086,936.2381,26.99,Overcast
2014-05-28 21:00:00+00:00,MUĞLA,48,26.4295,14.0795,3.0,13.896187,61.0,64.96246,937.274,26.09,Rain: Slight
2014-05-29 21:00:00+00:00,MUĞLA,48,21.0795,15.1295,14.1,16.965895,63.0,81.558586,934.5401,21.96,Rain: Moderate
2014-05-30 21:00:00+00:00,MUĞLA,48,21.4295,12.179501,3.5000002,10.464798,61.0,78.89689,933.5269,24.9,Rain: Slight
2014-05-31 21:00:00+00:00,MUĞLA,48,20.8295,10.5295,12.2,12.43434,63.0,79.88915,934.5787,23.83,Rain: Moderate
2014-06-01 21:00:00+00:00,MUĞLA,48,21.1295,8.8295,0.2,13.551501,51.0,75.49134,936.28546,25.97,Drizzle: Light
2014-06-02 21:00:00+00:00,MUĞLA,48,23.6295,9.3795,0.8000001,9.007196,53.0,71.91383,937.97656,21.0,Drizzle: Moderate
2014-06-03 21:00:00+00:00,MUĞLA,48,23.8795,15.8795,2.6,31.655441,53.0,66.19634,931.8991,27.3,Drizzle: Moderate
2014-06-04 21:00:00+00:00,MUĞLA,48,20.0795,13.429501,25.000002,15.021105,63.0,86.06591,932.0161,16.09,Rain: Moderate
2014-06-05 21:00:00+00:00,MUĞLA,48,22.4295,13.0795,0.2,13.039754,51.0,71.14551,934.10126,22.94,Drizzle: Light
2014-06-06 21:00:00+00:00,MUĞLA,48,24.6295,14.179501,3.1,10.440001,63.0,70.803734,934.5759,24.84,Rain: Moderate
2014-06-07 21:00:00+00:00,MUĞLA,48,22.9795,13.7795,25.099998,6.849467,63.0,82.69901,935.1528,22.01,Rain: Moderate
2014-06-08 21:00:00+00:00,MUĞLA,48,21.6295,13.179501,16.4,6.489992,63.0,88.30859,935.8238,20.04,Rain: Moderate
2014-06-09 21:00:00+00:00,MUĞLA,48,24.6795,13.7295,10.7,6.792466,63.0,81.515396,937.17487,22.58,Rain: Moderate
2014-06-10 21:00:00+00:00,MUĞLA,48,25.4795,14.3795,20.999998,5.991594,65.0,83.53333,937.05475,24.69,Rain: Heavy
2014-06-11 21:00:00+00:00,MUĞLA,48,27.0795,15.7295,0.0,15.683774,3.0,59.309635,935.8789,29.89,Overcast
2014-06-12 21:00:00+00:00,MUĞLA,48,27.7295,15.2795,0.0,8.557102,0.0,51.578327,935.4882,30.61,Clear sky
2014-06-13 21:00:00+00:00,MUĞLA,48,27.1295,14.4795,0.0,10.787993,1.0,66.77947,934.8837,28.12,Mainly clear
2014-06-14 21:00:00+00:00,MUĞLA,48,25.4795,15.7295,0.0,12.904882,3.0,66.027306,937.691,26.98,Overcast
2014-06-15 21:00:00+00:00,MUĞLA,48,26.029501,14.9795,0.0,11.183201,3.0,63.037716,939.0615,27.63,Overcast
2014-06-16 21:00:00+00:00,MUĞLA,48,29.4795,15.4795,0.0,14.480773,1.0,56.794888,939.85614,29.97,Mainly clear
2014-06-17 21:00:00+00:00,MUĞLA,48,30.7295,17.5295,0.0,13.202726,0.0,51.52981,940.53253,29.32,Clear sky
2014-06-18 21:00:00+00:00,MUĞLA,48,30.1295,18.4295,0.0,14.48972,0.0,47.333836,936.8951,29.56,Clear sky
2014-06-19 21:00:00+00:00,MUĞLA,48,23.6295,15.9795,2.1,12.144331,55.0,74.06118,932.34937,24.74,Drizzle: Dense
2014-06-20 21:00:00+00:00,MUĞLA,48,25.4295,14.9795,0.4,11.923557,51.0,63.310856,936.0367,28.04,Drizzle: Light
2014-06-21 21:00:00+00:00,MUĞLA,48,26.8295,14.8795,0.0,14.168641,0.0,52.45547,940.4641,30.09,Clear sky
2014-06-22 21:00:00+00:00,MUĞLA,48,29.3795,14.9795,0.0,10.823973,0.0,43.198486,940.8694,30.58,Clear sky
2014-06-23 21:00:00+00:00,MUĞLA,48,30.9795,15.929501,0.0,12.224107,0.0,37.885433,938.82355,30.94,Clear sky
2014-06-24 21:00:00+00:00,MUĞLA,48,32.2295,16.7795,0.0,16.946787,0.0,35.35906,937.9577,30.33,Clear sky
2014-06-25 21:00:00+00:00,MUĞLA,48,35.3295,18.8295,0.0,13.18308,0.0,40.86466,939.97394,29.82,Clear sky
2014-06-26 21:00:00+00:00,MUĞLA,48,35.429497,19.8295,0.0,15.546833,1.0,34.572323,941.15234,29.91,Mainly clear
2014-06-27 21:00:00+00:00,MUĞLA,48,31.8795,23.5795,0.0,11.770403,1.0,31.887785,938.75073,30.34,Mainly clear
2014-06-28 21:00:00+00:00,MUĞLA,48,33.4295,19.8795,0.0,9.227524,1.0,49.549347,936.3616,29.89,Mainly clear
2014-06-29 21:00:00+00:00,MUĞLA,48,32.5295,19.9795,0.0,10.691453,2.0,52.512623,936.7146,27.03,Partly cloudy
2014-06-30 21:00:00+00:00,MUĞLA,48,33.679497,19.279501,0.0,14.336861,0.0,52.247547,938.7044,30.16,Clear sky
2014-07-01 21:00:00+00:00,MUĞLA,48,34.4795,19.2295,0.0,9.178235,0.0,48.254795,940.4234,29.75,Clear sky
2014-07-02 21:00:00+00:00,MUĞLA,48,36.7795,21.1795,0.0,13.513193,0.0,37.20013,938.09894,30.15,Clear sky
2014-07-03 21:00:00+00:00,MUĞLA,48,31.779501,21.3795,0.0,21.518847,0.0,32.597195,932.5525,30.43,Clear sky
2014-07-04 21:00:00+00:00,MUĞLA,48,32.7295,18.8295,0.0,18.161278,0.0,39.000984,932.77264,29.87,Clear sky
2014-07-05 21:00:00+00:00,MUĞLA,48,33.7795,19.1295,0.0,10.495713,0.0,37.754345,936.50507,30.25,Clear sky
2014-07-06 21:00:00+00:00,MUĞLA,48,33.129498,18.779501,0.0,11.212135,0.0,51.618134,937.4947,29.68,Clear sky
2014-07-07 21:00:00+00:00,MUĞLA,48,35.179497,20.7295,0.0,10.495713,1.0,43.049152,936.0893,29.36,Mainly clear
2014-07-08 21:00:00+00:00,MUĞLA,48,35.179497,20.4795,0.0,13.397612,0.0,38.493572,934.36523,29.67,Clear sky
2014-07-09 21:00:00+00:00,MUĞLA,48,33.5295,18.8795,0.0,12.879752,0.0,47.62421,934.1525,29.96,Clear sky
2014-07-10 21:00:00+00:00,MUĞLA,48,32.1795,21.779501,0.0,15.629971,0.0,44.779724,934.8547,29.36,Clear sky
2014-07-11 21:00:00+00:00,MUĞLA,48,27.029501,19.1295,0.0,14.386494,2.0,66.83911,936.37665,28.45,Partly cloudy
2014-07-12 21:00:00+00:00,MUĞLA,48,31.1795,17.5795,0.0,14.291592,0.0,51.51733,937.57574,29.45,Clear sky
2014-07-13 21:00:00+00:00,MUĞLA,48,33.1795,18.6795,0.0,14.372974,1.0,41.343464,934.9798,29.29,Mainly clear
2014-07-14 21:00:00+00:00,MUĞLA,48,31.7295,19.5795,0.0,14.986553,0.0,46.680466,933.1016,28.5,Clear sky
2014-07-15 21:00:00+00:00,MUĞLA,48,28.1795,17.6295,0.0,12.261158,1.0,58.0217,934.16034,24.3,Mainly clear
2014-07-16 21:00:00+00:00,MUĞLA,48,28.7295,17.7295,0.0,11.090103,3.0,60.944866,936.013,24.73,Overcast
2014-07-17 21:00:00+00:00,MUĞLA,48,30.4795,20.1795,0.4,7.42159,51.0,55.612457,934.7133,23.82,Drizzle: Light
2014-07-18 21:00:00+00:00,MUĞLA,48,31.4795,20.529501,0.0,11.304229,1.0,44.29011,933.7736,26.31,Mainly clear
2014-07-19 21:00:00+00:00,MUĞLA,48,32.129498,20.7295,0.0,10.1376915,2.0,39.42326,933.2194,25.98,Partly cloudy
2014-07-20 21:00:00+00:00,MUĞLA,48,33.4795,21.779501,0.0,11.808878,2.0,36.523384,934.1928,28.72,Partly cloudy
2014-07-21 21:00:00+00:00,MUĞLA,48,33.0795,20.1295,0.0,14.512064,0.0,43.27978,934.93097,28.75,Clear sky
2014-07-22 21:00:00+00:00,MUĞLA,48,30.779501,20.1295,0.0,13.684735,0.0,52.705967,935.19824,28.51,Clear sky
2014-07-23 21:00:00+00:00,MUĞLA,48,29.4295,17.8795,0.0,11.5199995,2.0,61.369827,934.1626,27.45,Partly cloudy
2014-07-24 21:00:00+00:00,MUĞLA,48,32.7295,19.9295,0.2,7.42159,51.0,50.13352,932.88605,26.23,Drizzle: Light
2014-07-25 21:00:00+00:00,MUĞLA,48,33.1795,22.1795,3.2,10.00256,61.0,52.30586,933.68976,24.98,Rain: Slight
2014-07-26 21:00:00+00:00,MUĞLA,48,32.5295,19.8295,0.0,11.988594,2.0,60.066326,937.1509,27.85,Partly cloudy
2014-07-27 21:00:00+00:00,MUĞLA,48,34.2295,20.529501,0.0,11.966954,1.0,52.88271,938.7043,28.33,Mainly clear
2014-07-28 21:00:00+00:00,MUĞLA,48,32.4295,19.279501,0.0,11.966954,0.0,51.670948,935.7185,28.51,Clear sky
2014-07-29 21:00:00+00:00,MUĞLA,48,35.379498,20.779501,0.0,11.367109,0.0,46.7899,934.5639,28.17,Clear sky
2014-07-30 21:00:00+00:00,MUĞLA,48,36.5295,21.779501,0.0,11.304229,0.0,41.746147,934.30176,28.07,Clear sky
2014-07-31 21:00:00+00:00,MUĞLA,48,30.4795,21.8795,0.0,15.5843,0.0,59.17842,932.7115,27.96,Clear sky
2014-08-01 21:00:00+00:00,MUĞLA,48,28.6795,19.529501,1.7,11.304229,51.0,66.03653,933.1277,22.1,Drizzle: Light
2014-08-02 21:00:00+00:00,MUĞLA,48,32.879498,19.9295,0.0,14.77755,2.0,50.687023,933.48315,26.77,Partly cloudy
2014-08-03 21:00:00+00:00,MUĞLA,48,33.2295,21.529501,0.0,16.343367,0.0,42.366283,932.304,27.23,Clear sky
2014-08-04 21:00:00+00:00,MUĞLA,48,34.429497,21.779501,0.0,11.966953,2.0,35.89258,930.74243,27.32,Partly cloudy
2014-08-05 21:00:00+00:00,MUĞLA,48,31.2295,21.4295,0.5,13.084402,53.0,47.87895,931.40753,24.24,Drizzle: Moderate
2014-08-06 21:00:00+00:00,MUĞLA,48,28.8295,19.8295,5.0,10.195057,63.0,64.98853,933.42114,22.12,Rain: Moderate
2014-08-07 21:00:00+00:00,MUĞLA,48,27.529501,19.1295,0.0,10.703569,3.0,61.990986,935.6502,22.59,Overcast
2014-08-08 21:00:00+00:00,MUĞLA,48,31.0795,19.2295,0.1,9.422101,51.0,56.535023,935.9026,25.61,Drizzle: Light
2014-08-09 21:00:00+00:00,MUĞLA,48,33.879498,20.8795,0.0,11.4862,3.0,48.958492,936.2873,26.23,Overcast
2014-08-10 21:00:00+00:00,MUĞLA,48,34.7295,21.529501,1.4,9.983106,61.0,52.032856,936.9255,24.73,Rain: Slight
2014-08-11 21:00:00+00:00,MUĞLA,48,34.8295,21.3295,0.0,10.990322,1.0,44.750057,936.1753,25.73,Mainly clear
2014-08-12 21:00:00+00:00,MUĞLA,48,36.5295,21.6795,0.0,8.891344,0.0,39.019978,935.83716,26.87,Clear sky
2014-08-13 21:00:00+00:00,MUĞLA,48,35.7795,21.3795,0.0,11.753877,2.0,46.719868,935.88135,26.52,Partly cloudy
2014-08-14 21:00:00+00:00,MUĞLA,48,35.0795,20.5795,0.0,12.397806,0.0,48.779835,936.5618,26.58,Clear sky
2014-08-15 21:00:00+00:00,MUĞLA,48,36.679497,20.4795,0.0,10.315115,0.0,48.965458,935.5188,26.85,Clear sky
2014-08-16 21:00:00+00:00,MUĞLA,48,36.429497,22.1795,0.0,14.417988,0.0,45.495865,932.229,26.46,Clear sky
2014-08-17 21:00:00+00:00,MUĞLA,48,31.4795,21.4295,0.0,12.57426,2.0,47.94037,931.8173,22.4,Partly cloudy
2014-08-18 21:00:00+00:00,MUĞLA,48,31.3295,22.3795,0.0,10.464798,3.0,46.823624,935.83344,23.1,Overcast
2014-08-19 21:00:00+00:00,MUĞLA,48,33.1795,21.279501,0.0,12.074766,2.0,46.832333,939.6921,25.19,Partly cloudy
2014-08-20 21:00:00+00:00,MUĞLA,48,36.2295,20.6295,0.0,15.379206,0.0,39.8839,940.3901,25.74,Clear sky
2014-08-21 21:00:00+00:00,MUĞLA,48,36.0295,21.8295,0.0,16.23596,0.0,28.46031,939.7351,26.06,Clear sky
2014-08-22 21:00:00+00:00,MUĞLA,48,36.379498,22.1795,0.0,15.629971,0.0,27.736311,938.72363,25.91,Clear sky
2014-08-23 21:00:00+00:00,MUĞLA,48,36.5295,21.8295,0.0,15.778516,0.0,29.273483,936.6709,25.71,Clear sky
2014-08-24 21:00:00+00:00,MUĞLA,48,35.9795,22.279501,0.0,10.041354,1.0,32.80895,936.43555,24.58,Mainly clear
2014-08-25 21:00:00+00:00,MUĞLA,48,35.7295,22.7295,0.0,9.114471,2.0,38.198826,936.3589,23.64,Partly cloudy
2014-08-26 21:00:00+00:00,MUĞLA,48,35.9795,23.2295,0.0,11.480557,0.0,41.29341,935.55194,24.49,Clear sky
2014-08-27 21:00:00+00:00,MUĞLA,48,36.3295,22.6295,0.0,12.218805,1.0,43.766464,934.07416,23.92,Mainly clear
2014-08-28 21:00:00+00:00,MUĞLA,48,35.8295,22.3795,0.0,11.090103,0.0,46.05388,935.72687,23.7,Clear sky
2014-08-29 21:00:00+00:00,MUĞLA,48,34.429497,21.779501,0.0,11.988594,1.0,44.478912,936.8035,23.52,Mainly clear
2014-08-30 21:00:00+00:00,MUĞLA,48,32.4795,21.2295,0.0,12.031756,1.0,49.84959,935.72845,22.59,Mainly clear
2014-08-31 21:00:00+00:00,MUĞLA,48,30.9295,20.2295,0.0,12.313894,0.0,58.55026,933.855,22.64,Clear sky
2014-09-01 21:00:00+00:00,MUĞLA,48,30.3295,18.779501,0.0,12.819235,0.0,57.56726,934.2781,23.59,Clear sky
2014-09-02 21:00:00+00:00,MUĞLA,48,29.8795,19.1295,0.2,15.986595,51.0,59.446224,935.4563,19.86,Drizzle: Light
2014-09-03 21:00:00+00:00,MUĞLA,48,27.1795,20.0795,0.3,9.449572,51.0,69.930984,935.48676,17.54,Drizzle: Light
2014-09-04 21:00:00+00:00,MUĞLA,48,27.9295,19.8295,2.1,8.12197,53.0,66.59669,933.46063,17.54,Drizzle: Moderate
2014-09-05 21:00:00+00:00,MUĞLA,48,26.8795,19.279501,2.4,10.538843,53.0,70.24328,932.4021,17.64,Drizzle: Moderate
2014-09-06 21:00:00+00:00,MUĞLA,48,26.3795,17.9795,0.5,12.984975,51.0,68.953,935.50287,19.59,Drizzle: Light
2014-09-07 21:00:00+00:00,MUĞLA,48,25.779501,17.779501,0.2,11.304229,51.0,70.601204,937.6464,18.21,Drizzle: Light
2014-09-08 21:00:00+00:00,MUĞLA,48,27.279501,17.1795,0.5,7.208994,51.0,63.79926,937.20825,19.93,Drizzle: Light
2014-09-09 21:00:00+00:00,MUĞLA,48,26.529501,17.5295,0.3,8.78872,51.0,63.00061,936.2959,19.26,Drizzle: Light
2014-09-10 21:00:00+00:00,MUĞLA,48,26.279501,16.9295,0.3,7.653705,51.0,67.941124,938.2461,18.15,Drizzle: Light
2014-09-11 21:00:00+00:00,MUĞLA,48,27.779501,17.1795,0.0,8.209263,1.0,64.29483,939.66315,19.1,Mainly clear
2014-09-12 21:00:00+00:00,MUĞLA,48,29.7295,18.3795,1.7,9.0645685,61.0,54.794373,938.65894,19.66,Rain: Slight
2014-09-13 21:00:00+00:00,MUĞLA,48,29.779501,16.9795,0.0,10.587917,3.0,53.228424,936.44086,21.89,Overcast
2014-09-14 21:00:00+00:00,MUĞLA,48,28.9295,17.2295,0.0,11.5199995,1.0,55.12206,936.39746,21.79,Mainly clear
2014-09-15 21:00:00+00:00,MUĞLA,48,27.3295,16.5295,2.8,8.669949,61.0,62.332577,935.29095,18.54,Rain: Slight
2014-09-16 21:00:00+00:00,MUĞLA,48,26.029501,16.4795,2.4,11.27553,55.0,61.74448,934.87286,18.57,Drizzle: Dense
2014-09-17 21:00:00+00:00,MUĞLA,48,25.5795,14.9795,0.3,11.435313,51.0,61.430096,936.6279,20.16,Drizzle: Light
2014-09-18 21:00:00+00:00,MUĞLA,48,24.8795,15.5295,0.0,17.227419,0.0,53.343292,940.35394,19.78,Clear sky
2014-09-19 21:00:00+00:00,MUĞLA,48,26.1295,14.7295,0.0,14.587776,0.0,44.40468,941.1885,21.47,Clear sky
2014-09-20 21:00:00+00:00,MUĞLA,48,28.6795,14.2295,0.0,11.298495,2.0,41.44031,938.499,20.75,Partly cloudy
2014-09-21 21:00:00+00:00,MUĞLA,48,28.6295,15.7295,0.0,11.542478,2.0,55.514267,937.2249,20.37,Partly cloudy
2014-09-22 21:00:00+00:00,MUĞLA,48,28.4295,17.4295,0.0,16.375053,0.0,67.06577,937.55255,19.74,Clear sky
2014-09-23 21:00:00+00:00,MUĞLA,48,29.1295,18.3295,0.0,14.081477,0.0,59.933544,939.4639,19.7,Clear sky
2014-09-24 21:00:00+00:00,MUĞLA,48,26.529501,14.6295,0.0,15.30741,2.0,36.580822,939.7969,20.33,Partly cloudy
2014-09-25 21:00:00+00:00,MUĞLA,48,26.5795,14.3795,0.3,15.978486,51.0,48.06476,938.07477,18.93,Drizzle: Light
2014-09-26 21:00:00+00:00,MUĞLA,48,19.2295,11.9795,20.2,11.966954,63.0,81.14586,933.5149,10.74,Rain: Moderate
2014-09-27 21:00:00+00:00,MUĞLA,48,19.279501,11.1295,1.7,23.177402,53.0,72.50347,936.73444,14.46,Drizzle: Moderate
2014-09-28 21:00:00+00:00,MUĞLA,48,21.8295,12.5295,0.0,20.633371,2.0,55.088367,942.7918,19.28,Partly cloudy
2014-09-29 21:00:00+00:00,MUĞLA,48,24.3295,11.0295,0.0,9.339208,0.0,48.866352,943.127,20.02,Clear sky
2014-09-30 21:00:00+00:00,MUĞLA,48,25.529501,11.1295,0.0,7.5685663,0.0,47.939987,941.7778,19.74,Clear sky
2014-10-01 21:00:00+00:00,MUĞLA,48,25.8295,11.8795,0.0,6.9247384,0.0,46.851757,940.93207,19.48,Clear sky
2014-10-02 21:00:00+00:00,MUĞLA,48,25.4795,12.2795,0.0,9.028754,0.0,53.028683,939.51636,19.06,Clear sky
2014-10-03 21:00:00+00:00,MUĞLA,48,23.4795,13.5295,0.0,10.464797,0.0,68.490105,938.58954,17.76,Clear sky
2014-10-04 21:00:00+00:00,MUĞLA,48,22.0795,12.2295,0.0,10.883676,2.0,74.11701,940.6539,17.95,Partly cloudy
2014-10-05 21:00:00+00:00,MUĞLA,48,25.279501,12.2795,0.0,10.691453,0.0,65.45212,944.0561,17.97,Clear sky
2014-10-06 21:00:00+00:00,MUĞLA,48,27.1295,13.4795,0.1,8.942214,51.0,51.15611,944.36725,17.98,Drizzle: Light
2014-10-07 21:00:00+00:00,MUĞLA,48,26.4295,16.1295,1.9000001,7.968939,61.0,49.84941,941.29834,14.41,Rain: Slight
2014-10-08 21:00:00+00:00,MUĞLA,48,25.9295,13.429501,0.4,7.10031,51.0,55.571552,939.49615,16.7,Drizzle: Light
2014-10-09 21:00:00+00:00,MUĞLA,48,26.4295,13.2295,3.7999997,8.217153,61.0,64.39333,939.47174,16.31,Rain: Slight
2014-10-10 21:00:00+00:00,MUĞLA,48,24.4295,11.429501,5.399999,5.634891,63.0,74.74314,938.66986,16.17,Rain: Moderate
2014-10-11 21:00:00+00:00,MUĞLA,48,21.4795,10.8795,10.799999,7.491114,63.0,82.55606,939.2722,14.82,Rain: Moderate
2014-10-12 21:00:00+00:00,MUĞLA,48,21.529501,9.929501,7.7,5.815978,63.0,83.54919,939.5244,14.76,Rain: Moderate
2014-10-13 21:00:00+00:00,MUĞLA,48,20.7295,10.7295,9.400001,5.1919937,63.0,81.52278,938.0652,14.73,Rain: Moderate
2014-10-14 21:00:00+00:00,MUĞLA,48,22.279501,9.9795,0.0,6.519877,0.0,69.521706,938.9222,16.44,Clear sky
2014-10-15 21:00:00+00:00,MUĞLA,48,24.0795,11.6295,0.4,7.2359104,51.0,65.94743,942.10425,13.38,Drizzle: Light
2014-10-16 21:00:00+00:00,MUĞLA,48,24.1795,14.679501,0.0,10.390226,3.0,77.069145,941.86554,13.88,Overcast
2014-10-17 21:00:00+00:00,MUĞLA,48,24.9795,13.179501,0.0,12.682018,2.0,68.58922,939.25073,15.43,Partly cloudy
2014-10-18 21:00:00+00:00,MUĞLA,48,18.779501,12.7795,0.0,25.11758,0.0,47.653122,940.39606,16.69,Clear sky
2014-10-19 21:00:00+00:00,MUĞLA,48,21.0795,8.4795,0.0,12.24,0.0,42.96188,940.02344,16.77,Clear sky
2014-10-20 21:00:00+00:00,MUĞLA,48,22.5795,7.5295,0.0,9.885262,0.0,54.949253,938.2129,16.34,Clear sky
2014-10-21 21:00:00+00:00,MUĞLA,48,18.4795,10.5795,0.1,21.841648,51.0,82.73468,938.0249,11.51,Drizzle: Light
2014-10-22 21:00:00+00:00,MUĞLA,48,17.5795,12.8795,37.2,25.849905,63.0,93.75788,934.5063,9.04,Rain: Moderate
2014-10-23 21:00:00+00:00,MUĞLA,48,17.0795,11.7295,31.599998,13.797912,63.0,92.851166,935.6602,10.68,Rain: Moderate
2014-10-24 21:00:00+00:00,MUĞLA,48,16.9295,11.8295,32.000004,19.493261,63.0,89.10694,935.6953,11.13,Rain: Moderate
2014-10-25 21:00:00+00:00,MUĞLA,48,16.5795,11.1295,5.5,11.525623,61.0,87.86319,938.5486,9.77,Rain: Slight
2014-10-26 21:00:00+00:00,MUĞLA,48,17.3295,9.3795,0.1,6.5693827,51.0,80.99026,941.13184,12.14,Drizzle: Light
2014-10-27 21:00:00+00:00,MUĞLA,48,18.6295,8.5795,0.0,7.6367526,3.0,78.08265,941.3767,13.69,Overcast
2014-10-28 21:00:00+00:00,MUĞLA,48,17.1795,10.5295,3.3000004,7.754637,53.0,81.3742,939.5727,8.48,Drizzle: Moderate
2014-10-29 21:00:00+00:00,MUĞLA,48,17.5295,8.7795,3.3,9.449572,63.0,84.260124,937.7343,12.73,Rain: Moderate
2014-10-30 21:00:00+00:00,MUĞLA,48,16.6295,7.9795003,0.1,8.311245,51.0,77.65304,936.94214,12.62,Drizzle: Light
2014-10-31 21:00:00+00:00,MUĞLA,48,16.6295,7.1795,0.0,7.9036193,1.0,71.26559,937.74023,14.32,Mainly clear
2014-11-01 21:00:00+00:00,MUĞLA,48,17.3295,6.5795,0.0,6.792466,0.0,68.29268,938.54816,14.09,Clear sky
2014-11-02 21:00:00+00:00,MUĞLA,48,16.4795,5.9795003,0.0,7.9036193,0.0,66.7252,939.18,13.85,Clear sky
2014-11-03 21:00:00+00:00,MUĞLA,48,16.1795,5.5795,0.0,5.1919937,0.0,72.32026,941.26074,13.31,Clear sky
2014-11-04 21:00:00+00:00,MUĞLA,48,16.4295,6.3295,0.0,9.422101,0.0,82.49937,944.3654,13.23,Clear sky
2014-11-05 21:00:00+00:00,MUĞLA,48,17.9295,7.6795,0.0,6.5693827,2.0,81.70086,948.2825,12.89,Partly cloudy
2014-11-06 21:00:00+00:00,MUĞLA,48,19.1795,7.6295004,0.0,7.928178,3.0,78.97184,945.383,13.09,Overcast
2014-11-07 21:00:00+00:00,MUĞLA,48,18.6795,7.7295003,0.0,13.450708,3.0,74.73298,941.1787,11.04,Overcast
2014-11-08 21:00:00+00:00,MUĞLA,48,15.8795,10.9795,4.3999996,14.345898,55.0,84.92688,940.5037,8.49,Drizzle: Dense
2014-11-09 21:00:00+00:00,MUĞLA,48,17.3295,10.7795,0.3,11.090103,51.0,89.72232,944.2238,8.73,Drizzle: Light
2014-11-10 21:00:00+00:00,MUĞLA,48,19.5795,8.6295,0.0,5.0911684,3.0,84.529366,943.655,10.59,Overcast
2014-11-11 21:00:00+00:00,MUĞLA,48,19.5795,9.2795,0.0,8.350138,3.0,80.61167,940.34686,12.18,Overcast
2014-11-12 21:00:00+00:00,MUĞLA,48,17.5795,10.3795,3.4,15.39184,55.0,82.193214,937.5661,9.49,Drizzle: Dense
2014-11-13 21:00:00+00:00,MUĞLA,48,12.4795,10.2295,13.6,14.277983,61.0,95.10049,934.68463,3.2,Rain: Slight
2014-11-14 21:00:00+00:00,MUĞLA,48,14.8795,9.4795,2.1,7.42159,55.0,84.962036,935.2224,7.9,Drizzle: Dense
2014-11-15 21:00:00+00:00,MUĞLA,48,16.9795,6.0295,0.0,6.439876,3.0,83.32609,936.4726,11.36,Overcast
2014-11-16 21:00:00+00:00,MUĞLA,48,17.3795,6.3795004,0.0,5.0911684,3.0,81.29973,939.6828,11.64,Overcast
2014-11-17 21:00:00+00:00,MUĞLA,48,17.5795,8.4295,0.0,6.519877,3.0,85.11834,944.1016,10.73,Overcast
2014-11-18 21:00:00+00:00,MUĞLA,48,16.3795,10.0795,0.0,9.746631,3.0,86.4159,944.8831,8.34,Overcast
2014-11-19 21:00:00+00:00,MUĞLA,48,14.2795,6.9795003,22.2,12.641076,63.0,97.14105,939.17194,5.33,Rain: Moderate
2014-11-20 21:00:00+00:00,MUĞLA,48,12.2295,5.3795,0.0,13.684735,3.0,81.53402,937.09326,9.49,Overcast
2014-11-21 21:00:00+00:00,MUĞLA,48,10.5295,4.3795,0.0,17.81909,1.0,72.67611,940.0345,10.73,Mainly clear
2014-11-22 21:00:00+00:00,MUĞLA,48,12.2795,3.2295,0.0,10.685391,0.0,69.84787,940.0539,10.97,Clear sky
2014-11-23 21:00:00+00:00,MUĞLA,48,11.8795,3.5295,0.0,10.163227,3.0,70.803444,938.88214,11.44,Overcast
2014-11-24 21:00:00+00:00,MUĞLA,48,8.8295,3.6795,0.0,21.746504,3.0,69.50216,936.4251,10.57,Overcast
2014-11-25 21:00:00+00:00,MUĞLA,48,9.5295,2.3295002,0.0,16.862455,1.0,72.35815,936.51294,10.17,Mainly clear
2014-11-26 21:00:00+00:00,MUĞLA,48,12.3295,1.3295001,0.0,8.854829,3.0,69.86679,939.6281,11.23,Overcast
2014-11-27 21:00:00+00:00,MUĞLA,48,13.4795,3.1295,0.9,3.8939953,51.0,82.663475,943.96466,8.29,Drizzle: Light
2014-11-28 21:00:00+00:00,MUĞLA,48,15.9795,4.4795003,0.0,6.5693827,3.0,84.10828,945.65985,10.4,Overcast
2014-11-29 21:00:00+00:00,MUĞLA,48,15.5295,6.0795,0.8,8.669949,51.0,89.05084,943.26215,5.81,Drizzle: Light
2014-11-30 21:00:00+00:00,MUĞLA,48,17.9795,7.6795,0.0,4.379589,3.0,86.3927,941.3525,9.23,Overcast
2014-12-01 21:00:00+00:00,MUĞLA,48,15.429501,10.679501,0.2,10.636766,51.0,86.68363,941.39667,3.77,Drizzle: Light
2014-12-02 21:00:00+00:00,MUĞLA,48,16.6295,9.6295,2.4,16.055353,55.0,76.1726,942.5808,8.01,Drizzle: Dense
2014-12-03 21:00:00+00:00,MUĞLA,48,15.9795,9.5795,7.9000006,14.04,61.0,84.12038,942.3523,6.08,Rain: Slight
2014-12-04 21:00:00+00:00,MUĞLA,48,16.1795,8.9795,0.0,6.28713,3.0,90.22541,942.8177,6.47,Overcast
2014-12-05 21:00:00+00:00,MUĞLA,48,14.3295,10.0295,1.9000001,12.6462,51.0,90.758,941.15894,6.0,Drizzle: Light
2014-12-06 21:00:00+00:00,MUĞLA,48,13.3295,9.929501,12.2,10.105681,61.0,95.89814,939.78564,3.92,Rain: Slight
2014-12-07 21:00:00+00:00,MUĞLA,48,12.8295,9.679501,14.500001,19.319628,61.0,96.61048,934.90826,3.86,Rain: Slight
2014-12-08 21:00:00+00:00,MUĞLA,48,12.1295,8.8295,10.400002,19.33639,61.0,87.44245,928.6447,6.69,Rain: Slight
2014-12-09 21:00:00+00:00,MUĞLA,48,13.0295,8.1795,2.2,12.0694,51.0,88.60197,938.127,7.72,Drizzle: Light
2014-12-10 21:00:00+00:00,MUĞLA,48,13.4795,8.0295,5.299999,14.578888,53.0,86.89216,941.60986,6.25,Drizzle: Moderate
2014-12-11 21:00:00+00:00,MUĞLA,48,10.2795,5.8795004,26.8,16.563911,63.0,88.86999,933.36005,4.54,Rain: Moderate
2014-12-12 21:00:00+00:00,MUĞLA,48,12.5795,4.1795,0.0,13.441071,3.0,84.21633,939.3736,8.73,Overcast
2014-12-13 21:00:00+00:00,MUĞLA,48,14.9795,2.4795,0.0,6.792466,0.0,81.95232,942.8952,10.12,Clear sky
2014-12-14 21:00:00+00:00,MUĞLA,48,15.3795,3.0295,0.0,4.3498964,3.0,79.526855,945.06915,10.16,Overcast
2014-12-15 21:00:00+00:00,MUĞLA,48,13.5795,6.7795,0.0,7.69592,3.0,83.44985,946.2139,8.42,Overcast
2014-12-16 21:00:00+00:00,MUĞLA,48,11.679501,8.1295,5.8,16.520823,61.0,94.77731,944.0901,4.91,Rain: Slight
2014-12-17 21:00:00+00:00,MUĞLA,48,13.1295,8.0295,17.2,19.70815,63.0,87.30835,939.9431,8.69,Rain: Moderate
2014-12-18 21:00:00+00:00,MUĞLA,48,13.0295,5.0795,0.3,5.95906,51.0,83.488945,941.0105,9.1,Drizzle: Light
2014-12-19 21:00:00+00:00,MUĞLA,48,13.179501,2.9795,0.0,6.489992,1.0,79.12194,942.19476,10.08,Mainly clear
2014-12-20 21:00:00+00:00,MUĞLA,48,11.429501,1.3295001,0.5,9.0,51.0,89.27743,941.3279,6.44,Drizzle: Light
2014-12-21 21:00:00+00:00,MUĞLA,48,7.1795,3.0295,0.70000005,20.724247,51.0,74.37877,942.84106,10.12,Drizzle: Light
2014-12-22 21:00:00+00:00,MUĞLA,48,12.5795,1.3795,0.0,10.028439,0.0,54.79743,944.21857,10.07,Clear sky
2014-12-23 21:00:00+00:00,MUĞLA,48,15.7795,2.2795,0.0,8.699793,0.0,59.58638,946.2967,10.2,Clear sky
2014-12-24 21:00:00+00:00,MUĞLA,48,13.3295,4.9295,0.0,9.3669195,2.0,77.40336,946.2605,9.39,Partly cloudy
2014-12-25 21:00:00+00:00,MUĞLA,48,11.0795,6.2295003,7.1000004,13.556282,55.0,95.683556,940.1958,5.42,Drizzle: Dense
2014-12-26 21:00:00+00:00,MUĞLA,48,10.3295,6.3795004,15.599999,13.397612,61.0,96.91772,933.6525,4.99,Rain: Slight
2014-12-27 21:00:00+00:00,MUĞLA,48,11.0795,4.4795003,1.5,11.885453,53.0,84.82444,936.648,8.17,Drizzle: Moderate
2014-12-28 21:00:00+00:00,MUĞLA,48,11.5795,7.4295,31.4,21.829777,61.0,94.73825,934.9768,5.76,Rain: Slight
2014-12-29 21:00:00+00:00,MUĞLA,48,10.5295,8.1795,42.700005,26.476522,63.0,94.140785,932.7761,5.27,Rain: Moderate
2014-12-30 21:00:00+00:00,MUĞLA,48,9.2795,5.7795,38.0,20.523155,61.0,94.941444,930.15155,5.66,Rain: Slight
2014-12-31 21:00:00+00:00,MUĞLA,48,7.7795,2.7295,14.700001,21.129885,71.0,93.46061,933.94574,6.2,Snow fall: Slight
2015-01-01 21:00:00+00:00,MUĞLA,48,9.3795,0.8795001,0.0,7.9036193,3.0,83.44688,940.5427,9.22,Overcast
2015-01-02 21:00:00+00:00,MUĞLA,48,10.2295,1.0795001,0.0,10.446206,3.0,77.05174,941.21405,10.4,Overcast
2015-01-03 21:00:00+00:00,MUĞLA,48,9.5295,0.6295001,6.1,8.766573,61.0,80.6659,938.23145,6.64,Rain: Slight
2015-01-04 21:00:00+00:00,MUĞLA,48,10.429501,1.6295,16.1,13.797912,75.0,85.192696,928.3199,7.95,Snow fall: Heavy
2015-01-05 21:00:00+00:00,MUĞLA,48,0.97950006,-5.2205,6.9999995,19.652176,75.0,81.84736,925.4375,9.34,Snow fall: Heavy
2015-01-06 21:00:00+00:00,MUĞLA,48,0.029500127,-8.3705,0.0,23.510508,3.0,74.44401,936.98224,9.81,Overcast
2015-01-07 21:00:00+00:00,MUĞLA,48,-3.6704998,-8.4205,0.0,20.268991,2.0,54.463017,947.43805,11.56,Partly cloudy
2015-01-08 21:00:00+00:00,MUĞLA,48,-0.17049992,-7.7705,0.0,14.118243,2.0,52.409046,947.9996,11.66,Partly cloudy
2015-01-09 21:00:00+00:00,MUĞLA,48,5.8295,-5.1705,0.0,8.942214,3.0,58.02516,940.16846,8.92,Overcast
2015-01-10 21:00:00+00:00,MUĞLA,48,9.3295,-2.4705,0.0,11.753877,3.0,84.905304,941.7653,10.81,Overcast
2015-01-11 21:00:00+00:00,MUĞLA,48,10.679501,5.6295004,43.199997,23.803596,63.0,96.65982,940.1407,4.83,Rain: Moderate
2015-01-12 21:00:00+00:00,MUĞLA,48,7.6295004,2.6295,23.9,12.324414,73.0,96.45905,936.0689,3.25,Snow fall: Moderate
2015-01-13 21:00:00+00:00,MUĞLA,48,10.179501,2.7795,3.3,7.2,53.0,88.63376,940.32745,6.87,Drizzle: Moderate
2015-01-14 21:00:00+00:00,MUĞLA,48,10.0295,3.8795,6.7,5.95906,55.0,96.52293,939.6953,6.17,Drizzle: Dense
2015-01-15 21:00:00+00:00,MUĞLA,48,9.4295,0.72950006,0.3,10.144082,51.0,87.107574,940.29645,9.09,Drizzle: Light
2015-01-16 21:00:00+00:00,MUĞLA,48,12.6295,-0.37049997,0.0,6.297428,0.0,79.05191,945.0245,11.77,Clear sky
2015-01-17 21:00:00+00:00,MUĞLA,48,13.8295,-0.22049987,0.0,5.0911684,3.0,78.585884,947.7209,11.62,Overcast
2015-01-18 21:00:00+00:00,MUĞLA,48,12.4795,4.9795003,0.0,10.805999,3.0,87.921814,945.5894,9.76,Overcast
2015-01-19 21:00:00+00:00,MUĞLA,48,13.429501,6.2795,0.0,10.829958,3.0,88.344124,943.0975,10.67,Overcast
2015-01-20 21:00:00+00:00,MUĞLA,48,12.4795,7.6295004,0.1,17.782688,51.0,87.6886,941.8183,9.24,Drizzle: Light
2015-01-21 21:00:00+00:00,MUĞLA,48,14.7295,3.2795,0.0,9.255571,3.0,78.41454,943.18164,11.35,Overcast
2015-01-22 21:00:00+00:00,MUĞLA,48,14.8295,5.4295,0.0,15.7908325,0.0,74.04672,938.23956,12.33,Clear sky
2015-01-23 21:00:00+00:00,MUĞLA,48,10.8795,5.3795,20.699997,21.915693,63.0,86.726585,934.1565,9.01,Rain: Moderate
2015-01-24 21:00:00+00:00,MUĞLA,48,10.4795,5.6295004,11.900001,15.937878,61.0,89.26182,936.4372,9.14,Rain: Slight
2015-01-25 21:00:00+00:00,MUĞLA,48,10.9795,4.9795003,3.2000003,11.304229,53.0,93.56318,939.8716,8.48,Drizzle: Moderate
2015-01-26 21:00:00+00:00,MUĞLA,48,9.8795,4.2795,15.299999,16.946787,61.0,95.344765,936.9585,6.48,Rain: Slight
2015-01-27 21:00:00+00:00,MUĞLA,48,8.7795,3.0295,6.7999997,11.966953,55.0,93.18146,933.1678,8.38,Drizzle: Dense
2015-01-28 21:00:00+00:00,MUĞLA,48,6.8295,3.3795,6.7,17.917007,53.0,95.70883,932.13525,4.17,Drizzle: Moderate
2015-01-29 21:00:00+00:00,MUĞLA,48,8.8295,1.8795002,6.2,20.774214,53.0,90.964134,931.7082,8.32,Drizzle: Moderate
2015-01-30 21:00:00+00:00,MUĞLA,48,11.8795,7.1295004,22.600004,25.630886,63.0,92.301506,932.2598,7.72,Rain: Moderate
2015-01-31 21:00:00+00:00,MUĞLA,48,14.2295,8.9295,0.5,33.62099,51.0,82.47971,933.4808,12.6,Drizzle: Light
2015-02-01 21:00:00+00:00,MUĞLA,48,12.1295,7.6795,22.799997,29.601109,63.0,81.102776,930.5022,7.01,Rain: Moderate
2015-02-02 21:00:00+00:00,MUĞLA,48,8.3295,5.2795,18.699997,13.237039,61.0,94.477455,933.5401,8.0,Rain: Slight
2015-02-03 21:00:00+00:00,MUĞLA,48,10.5295,3.3295002,1.5000001,12.313893,53.0,86.102875,940.29486,9.59,Drizzle: Moderate
2015-02-04 21:00:00+00:00,MUĞLA,48,13.1295,4.6795,0.0,14.345898,3.0,85.29611,941.793,12.73,Overcast
2015-02-05 21:00:00+00:00,MUĞLA,48,15.7795,5.7295003,2.4,21.129883,61.0,70.020294,936.0787,14.22,Rain: Slight
2015-02-06 21:00:00+00:00,MUĞLA,48,13.2795,6.4295,7.2,11.090103,61.0,77.70312,935.5884,12.43,Rain: Slight
2015-02-07 21:00:00+00:00,MUĞLA,48,10.179501,2.1795,13.900002,12.229406,71.0,87.6568,929.84174,9.22,Snow fall: Slight
2015-02-08 21:00:00+00:00,MUĞLA,48,9.1295,2.2295,9.500001,9.0645685,71.0,92.28924,924.4742,10.2,Snow fall: Slight
2015-02-09 21:00:00+00:00,MUĞLA,48,5.1795,-0.17049992,12.1,15.111424,73.0,88.25897,916.07245,5.72,Snow fall: Moderate
2015-02-10 21:00:00+00:00,MUĞLA,48,3.9795003,-1.0705,2.1000001,28.220419,73.0,69.63743,923.77374,12.4,Snow fall: Moderate
2015-02-11 21:00:00+00:00,MUĞLA,48,7.7795,-3.1704998,0.0,13.397612,1.0,64.55255,934.19916,15.4,Mainly clear
2015-02-12 21:00:00+00:00,MUĞLA,48,9.8795,-0.3204999,0.0,10.086427,0.0,68.68204,936.4602,15.42,Clear sky
2015-02-13 21:00:00+00:00,MUĞLA,48,9.3795,-0.27049994,2.2,6.3690495,53.0,77.17444,935.7866,12.72,Drizzle: Moderate
2015-02-14 21:00:00+00:00,MUĞLA,48,8.6795,-1.6704999,4.3999996,6.1305785,61.0,87.234245,935.5771,11.4,Rain: Slight
2015-02-15 21:00:00+00:00,MUĞLA,48,10.3795,-1.9704999,0.0,9.114471,2.0,75.12376,936.94653,14.9,Partly cloudy
2015-02-16 21:00:00+00:00,MUĞLA,48,8.8295,-0.42049992,0.0,17.309973,1.0,69.09779,938.2817,15.65,Mainly clear
2015-02-17 21:00:00+00:00,MUĞLA,48,1.3795,-4.2704997,0.0,28.385262,3.0,44.682926,940.11176,16.17,Overcast
2015-02-18 21:00:00+00:00,MUĞLA,48,1.4795,-4.8205,0.0,27.77838,2.0,58.584534,938.5115,15.49,Partly cloudy
2015-02-19 21:00:00+00:00,MUĞLA,48,7.3295,-2.0204997,0.0,21.188072,1.0,59.638973,936.28925,16.85,Mainly clear
2015-02-20 21:00:00+00:00,MUĞLA,48,12.5795,-0.17049992,0.0,10.739833,2.0,61.474304,936.7217,17.32,Partly cloudy
2015-02-21 21:00:00+00:00,MUĞLA,48,10.0295,3.1795,1.4000001,18.448023,53.0,78.69756,940.6863,10.12,Drizzle: Moderate
2015-02-22 21:00:00+00:00,MUĞLA,48,9.7795,6.3795004,20.9,19.966211,61.0,93.041016,938.0544,4.94,Rain: Slight
2015-02-23 21:00:00+00:00,MUĞLA,48,8.7795,4.7295003,28.6,14.81259,63.0,96.29481,931.8374,4.46,Rain: Moderate
2015-02-24 21:00:00+00:00,MUĞLA,48,11.3795,2.7795,8.7,14.264361,61.0,94.05133,933.9836,11.23,Rain: Slight
2015-02-25 21:00:00+00:00,MUĞLA,48,12.3295,5.8295,4.5000005,13.1041975,53.0,92.82721,942.1924,10.83,Drizzle: Moderate
2015-02-26 21:00:00+00:00,MUĞLA,48,14.8795,2.2795,11.099999,24.482647,63.0,82.74178,934.7548,13.38,Rain: Moderate
2015-02-27 21:00:00+00:00,MUĞLA,48,10.6295,5.2295003,18.099998,11.525623,63.0,94.9757,935.1618,9.66,Rain: Moderate
2015-02-28 21:00:00+00:00,MUĞLA,48,12.0295,5.9795003,5.7000003,7.2,61.0,92.65899,938.8779,11.55,Rain: Slight
2015-03-01 21:00:00+00:00,MUĞLA,48,12.5295,3.0295,3.4999998,9.0645685,61.0,87.62964,939.3521,14.58,Rain: Slight
2015-03-02 21:00:00+00:00,MUĞLA,48,11.429501,4.8795,5.1000004,7.9036193,61.0,94.17112,939.6301,8.1,Rain: Slight
2015-03-03 21:00:00+00:00,MUĞLA,48,13.3295,3.2295,0.0,13.797913,3.0,73.70772,943.1558,17.55,Overcast
2015-03-04 21:00:00+00:00,MUĞLA,48,14.0795,0.97950006,0.0,15.273505,3.0,72.56224,942.56366,18.11,Overcast
2015-03-05 21:00:00+00:00,MUĞLA,48,14.2795,5.2795,0.0,16.24394,3.0,83.387794,943.367,16.26,Overcast
2015-03-06 21:00:00+00:00,MUĞLA,48,17.1295,5.3795,0.0,18.709612,3.0,64.91474,939.2197,19.18,Overcast
2015-03-07 21:00:00+00:00,MUĞLA,48,16.7295,8.1295,0.1,12.9249525,51.0,58.871616,938.7238,16.44,Drizzle: Light
2015-03-08 21:00:00+00:00,MUĞLA,48,15.679501,6.9795003,0.0,17.057314,3.0,75.0698,940.4546,16.79,Overcast
2015-03-09 21:00:00+00:00,MUĞLA,48,14.8295,6.3795004,0.0,10.931203,3.0,77.48765,942.17773,17.64,Overcast
2015-03-10 21:00:00+00:00,MUĞLA,48,13.2795,4.7295003,0.3,8.654986,51.0,78.26044,938.17236,17.01,Drizzle: Light
2015-03-11 21:00:00+00:00,MUĞLA,48,11.5295,2.1795,5.7,9.504272,61.0,86.377205,933.3537,14.69,Rain: Slight
2015-03-12 21:00:00+00:00,MUĞLA,48,10.929501,3.1295,9.8,19.652176,61.0,86.88354,937.03784,14.08,Rain: Slight
2015-03-13 21:00:00+00:00,MUĞLA,48,10.4795,5.6795,22.899996,20.291357,63.0,93.98269,936.9983,12.38,Rain: Moderate
2015-03-14 21:00:00+00:00,MUĞLA,48,13.6295,4.2295003,0.0,14.205182,3.0,74.97529,943.5557,16.07,Overcast
2015-03-15 21:00:00+00:00,MUĞLA,48,15.679501,3.7795,0.0,18.472595,0.0,65.24125,944.9409,21.19,Clear sky
2015-03-16 21:00:00+00:00,MUĞLA,48,15.179501,2.8795,0.0,10.883676,3.0,62.305416,941.583,21.48,Overcast
2015-03-17 21:00:00+00:00,MUĞLA,48,11.5795,3.3295002,4.1,8.854829,53.0,75.02109,939.1347,11.81,Drizzle: Moderate
2015-03-18 21:00:00+00:00,MUĞLA,48,12.1295,2.1295002,0.1,11.525623,51.0,71.21348,936.91974,20.26,Drizzle: Light
2015-03-19 21:00:00+00:00,MUĞLA,48,9.4795,0.8295001,1.6000001,16.45007,53.0,66.52148,935.9709,19.01,Drizzle: Moderate
2015-03-20 21:00:00+00:00,MUĞLA,48,8.6295,-0.47049987,0.0,20.418695,3.0,65.25805,939.3216,19.74,Overcast
2015-03-21 21:00:00+00:00,MUĞLA,48,16.3295,0.6795001,0.1,8.534353,51.0,60.651974,941.02386,22.46,Drizzle: Light
2015-03-22 21:00:00+00:00,MUĞLA,48,12.0795,6.2795,4.6,10.1887,53.0,79.92002,940.3863,13.5,Drizzle: Moderate
2015-03-23 21:00:00+00:00,MUĞLA,48,15.8295,3.2295,1.6,9.339208,51.0,78.95544,940.1045,18.32,Drizzle: Light
2015-03-24 21:00:00+00:00,MUĞLA,48,16.8295,4.4295,0.6,12.605142,51.0,77.073845,940.72,16.32,Drizzle: Light
2015-03-25 21:00:00+00:00,MUĞLA,48,16.5795,8.1295,9.700001,13.779114,61.0,80.8749,941.0532,11.71,Rain: Slight
2015-03-26 21:00:00+00:00,MUĞLA,48,15.4795,9.7795,33.899998,18.057508,63.0,86.29197,934.94073,8.43,Rain: Moderate
2015-03-27 21:00:00+00:00,MUĞLA,48,14.0295,8.7295,35.600006,15.137133,63.0,91.87504,929.63153,14.28,Rain: Moderate
2015-03-28 21:00:00+00:00,MUĞLA,48,10.7295,7.8295,15.900001,13.32,61.0,94.64548,931.6766,7.35,Rain: Slight
2015-03-29 21:00:00+00:00,MUĞLA,48,13.9795,4.5295,7.5,9.793059,61.0,88.76359,934.16064,17.79,Rain: Slight
2015-03-30 21:00:00+00:00,MUĞLA,48,11.679501,7.3295,6.6,8.4963045,55.0,92.87878,932.7857,6.96,Drizzle: Dense
2015-03-31 21:00:00+00:00,MUĞLA,48,16.0795,3.8795,0.0,13.397612,2.0,83.347015,934.9992,22.56,Partly cloudy
2015-04-01 21:00:00+00:00,MUĞLA,48,15.929501,7.5795,1.6000001,11.457958,51.0,82.03518,935.0372,16.46,Drizzle: Light
2015-04-02 21:00:00+00:00,MUĞLA,48,15.5795,4.8795,0.0,10.739833,3.0,66.59533,932.9443,20.78,Overcast
2015-04-03 21:00:00+00:00,MUĞLA,48,14.7295,5.0795,0.0,11.090103,1.0,60.69251,934.9388,24.35,Mainly clear
2015-04-04 21:00:00+00:00,MUĞLA,48,13.679501,4.5795,0.0,11.183201,3.0,59.19109,937.06305,21.65,Overcast
2015-04-05 21:00:00+00:00,MUĞLA,48,13.8295,6.9295,4.7,23.863409,61.0,79.194595,937.4632,14.18,Rain: Slight
2015-04-06 21:00:00+00:00,MUĞLA,48,14.929501,8.4295,14.900001,19.134262,63.0,76.49514,933.47406,19.81,Rain: Moderate
2015-04-07 21:00:00+00:00,MUĞLA,48,14.929501,4.8295,1.2,7.729527,51.0,74.52485,932.2178,17.73,Drizzle: Light
2015-04-08 21:00:00+00:00,MUĞLA,48,6.6795,3.6795,4.6,16.575644,53.0,85.01546,928.2934,12.36,Drizzle: Moderate
2015-04-09 21:00:00+00:00,MUĞLA,48,10.1295,2.1795,0.0,28.84721,3.0,61.531918,935.77423,20.82,Overcast
2015-04-10 21:00:00+00:00,MUĞLA,48,13.429501,1.2795,0.0,27.238941,2.0,39.38605,940.1345,25.44,Partly cloudy
2015-04-11 21:00:00+00:00,MUĞLA,48,16.1295,4.0295,0.0,18.175545,0.0,50.93315,941.89374,25.54,Clear sky
2015-04-12 21:00:00+00:00,MUĞLA,48,17.5795,4.5295,0.0,16.263872,1.0,51.0789,943.1451,25.7,Mainly clear
2015-04-13 21:00:00+00:00,MUĞLA,48,18.1295,4.6295,0.1,7.0911775,51.0,58.33838,941.2793,24.57,Drizzle: Light
2015-04-14 21:00:00+00:00,MUĞLA,48,18.4795,5.0295,4.5,8.209263,63.0,69.639275,940.14264,23.84,Rain: Moderate
2015-04-15 21:00:00+00:00,MUĞLA,48,18.6795,5.1795,0.0,10.086427,2.0,73.957146,943.1451,22.27,Partly cloudy
2015-04-16 21:00:00+00:00,MUĞLA,48,18.779501,6.9295,0.0,10.086427,2.0,72.91316,945.3863,25.66,Partly cloudy
2015-04-17 21:00:00+00:00,MUĞLA,48,17.9795,8.4795,0.0,11.91812,2.0,71.861336,943.3042,25.28,Partly cloudy
2015-04-18 21:00:00+00:00,MUĞLA,48,18.9295,7.8295,0.0,16.454008,3.0,62.624203,938.362,25.69,Overcast
2015-04-19 21:00:00+00:00,MUĞLA,48,19.4295,8.4295,0.5,14.512064,51.0,69.55958,934.6247,22.58,Drizzle: Light
2015-04-20 21:00:00+00:00,MUĞLA,48,16.8295,6.4295,0.0,18.626305,2.0,64.2347,933.60016,25.25,Partly cloudy
2015-04-21 21:00:00+00:00,MUĞLA,48,13.0795,4.8295,0.2,19.022177,51.0,55.247055,935.6396,26.11,Drizzle: Light
2015-04-22 21:00:00+00:00,MUĞLA,48,11.3295,3.0795002,0.0,24.64094,2.0,51.188717,939.8364,26.73,Partly cloudy
2015-04-23 21:00:00+00:00,MUĞLA,48,18.4295,1.8795002,0.0,7.729527,3.0,49.58787,943.1871,27.35,Overcast
2015-04-24 21:00:00+00:00,MUĞLA,48,14.2795,7.1795,0.2,13.358861,51.0,72.506165,943.4107,15.68,Drizzle: Light
2015-04-25 21:00:00+00:00,MUĞLA,48,18.1295,7.4295,3.6999998,9.0,53.0,75.70851,940.26953,23.79,Drizzle: Moderate
2015-04-26 21:00:00+00:00,MUĞLA,48,21.9295,7.7295003,0.0,8.225035,3.0,68.54252,938.7391,25.1,Overcast
2015-04-27 21:00:00+00:00,MUĞLA,48,22.7295,10.179501,0.0,20.617662,3.0,58.138992,938.4778,26.75,Overcast
2015-04-28 21:00:00+00:00,MUĞLA,48,20.3295,10.1295,0.0,11.609651,3.0,62.227203,937.0759,26.72,Overcast
2015-04-29 21:00:00+00:00,MUĞLA,48,22.9295,8.8295,0.0,11.090103,1.0,61.585102,938.0367,27.12,Mainly clear
2015-04-30 21:00:00+00:00,MUĞLA,48,20.9295,10.179501,0.3,12.303366,51.0,67.77981,937.70636,24.01,Drizzle: Light
2015-05-01 21:00:00+00:00,MUĞLA,48,21.6295,9.2295,0.0,12.904882,3.0,70.53435,938.88477,26.83,Overcast
2015-05-02 21:00:00+00:00,MUĞLA,48,22.4795,9.5795,0.0,10.661107,3.0,65.90735,937.08325,25.96,Overcast
2015-05-03 21:00:00+00:00,MUĞLA,48,24.4795,11.6295,0.0,10.883676,3.0,58.303497,937.8667,26.75,Overcast
2015-05-04 21:00:00+00:00,MUĞLA,48,26.5795,11.8295,0.0,7.0911775,3.0,47.895535,937.84357,27.1,Overcast
2015-05-05 21:00:00+00:00,MUĞLA,48,28.6295,12.1295,0.0,7.754637,1.0,46.7998,936.6138,27.22,Mainly clear
2015-05-06 21:00:00+00:00,MUĞLA,48,30.1295,14.3795,0.8,9.387651,53.0,53.359196,936.80884,27.2,Drizzle: Moderate
2015-05-07 21:00:00+00:00,MUĞLA,48,26.9795,16.6295,0.2,9.36,51.0,60.693905,934.93085,24.11,Drizzle: Light
2015-05-08 21:00:00+00:00,MUĞLA,48,26.8295,14.6295,2.4,8.217153,61.0,58.191334,933.0195,27.41,Rain: Slight
2015-05-09 21:00:00+00:00,MUĞLA,48,23.2295,13.3295,9.999999,7.754637,63.0,72.49787,932.54877,20.34,Rain: Moderate
2015-05-10 21:00:00+00:00,MUĞLA,48,21.6795,11.0295,10.099999,6.9899354,63.0,74.20391,934.28204,20.46,Rain: Moderate
2015-05-11 21:00:00+00:00,MUĞLA,48,20.5795,9.3295,18.1,7.0911775,63.0,80.3494,936.16205,21.31,Rain: Moderate
2015-05-12 21:00:00+00:00,MUĞLA,48,21.9795,9.5295,0.1,7.42159,51.0,65.164215,936.7305,26.5,Drizzle: Light
2015-05-13 21:00:00+00:00,MUĞLA,48,21.779501,10.0795,0.2,10.587918,51.0,64.405846,937.61334,27.73,Drizzle: Light
2015-05-14 21:00:00+00:00,MUĞLA,48,22.2295,11.0295,0.0,11.609651,0.0,66.53309,941.67676,28.17,Clear sky
2015-05-15 21:00:00+00:00,MUĞLA,48,25.0795,10.5795,0.0,8.534353,2.0,65.52828,945.7967,28.15,Partly cloudy
2015-05-16 21:00:00+00:00,MUĞLA,48,28.4795,12.9795,0.0,9.83268,3.0,65.36239,943.02954,26.96,Overcast
2015-05-17 21:00:00+00:00,MUĞLA,48,28.1295,14.3795,0.0,14.205182,0.0,56.727962,939.6533,28.36,Clear sky
2015-05-18 21:00:00+00:00,MUĞLA,48,27.0795,15.8295,0.0,15.905319,0.0,43.27661,935.9445,29.11,Clear sky
2015-05-19 21:00:00+00:00,MUĞLA,48,21.1295,13.929501,0.0,14.84318,1.0,63.806732,934.95245,24.69,Mainly clear
2015-05-20 21:00:00+00:00,MUĞLA,48,23.279501,11.5795,0.4,12.24,51.0,69.16803,937.16376,25.5,Drizzle: Light
2015-05-21 21:00:00+00:00,MUĞLA,48,27.5795,13.3295,0.0,11.480557,3.0,61.52437,937.50775,28.1,Overcast
2015-05-22 21:00:00+00:00,MUĞLA,48,28.4795,14.2295,0.0,11.27553,2.0,54.393925,937.35004,27.09,Partly cloudy
2015-05-23 21:00:00+00:00,MUĞLA,48,24.5795,16.1795,0.0,14.05845,3.0,59.85667,936.24005,26.54,Overcast
2015-05-24 21:00:00+00:00,MUĞLA,48,22.6295,13.429501,0.0,13.37825,2.0,69.88929,936.43524,28.89,Partly cloudy
2015-05-25 21:00:00+00:00,MUĞLA,48,25.4295,11.929501,0.90000004,12.4811535,53.0,64.89533,936.16486,27.92,Drizzle: Moderate
2015-05-26 21:00:00+00:00,MUĞLA,48,21.1795,14.8295,14.200001,13.339445,61.0,80.70514,931.5192,10.61,Rain: Slight
2015-05-27 21:00:00+00:00,MUĞLA,48,22.1295,11.7295,7.2,10.799999,63.0,77.00408,931.89307,24.57,Rain: Moderate
2015-05-28 21:00:00+00:00,MUĞLA,48,19.4295,11.6295,25.2,7.5942073,63.0,86.09275,930.82465,20.01,Rain: Moderate
2015-05-29 21:00:00+00:00,MUĞLA,48,20.529501,10.7295,0.0,10.315115,3.0,69.78329,934.8803,21.25,Overcast
2015-05-30 21:00:00+00:00,MUĞLA,48,21.2295,12.3795,0.8000001,7.42159,51.0,69.53575,938.91797,23.14,Drizzle: Light
2015-05-31 21:00:00+00:00,MUĞLA,48,24.0795,11.5795,0.0,6.830519,3.0,66.20721,938.8392,26.55,Overcast
2015-06-01 21:00:00+00:00,MUĞLA,48,27.1295,14.179501,2.6,9.19939,55.0,59.59811,937.2769,24.75,Drizzle: Dense
2015-06-02 21:00:00+00:00,MUĞLA,48,24.3795,15.4795,0.6,9.686609,51.0,61.29393,938.5662,23.53,Drizzle: Light
2015-06-03 21:00:00+00:00,MUĞLA,48,22.779501,13.2295,25.199999,6.151683,63.0,76.30854,937.60284,22.59,Rain: Moderate
2015-06-04 21:00:00+00:00,MUĞLA,48,23.7295,12.8295,0.5,6.439876,51.0,69.33766,937.06757,25.12,Drizzle: Light
2015-06-05 21:00:00+00:00,MUĞLA,48,23.9295,14.3795,0.1,7.7879906,51.0,65.712204,937.7485,25.3,Drizzle: Light
2015-06-06 21:00:00+00:00,MUĞLA,48,23.6795,14.4795,3.1,9.449572,61.0,72.99109,940.7405,24.61,Rain: Slight
2015-06-07 21:00:00+00:00,MUĞLA,48,24.1795,14.2295,2.8999999,10.495713,61.0,71.52308,939.01636,25.94,Rain: Slight
2015-06-08 21:00:00+00:00,MUĞLA,48,22.779501,13.929501,1.7,10.041354,53.0,73.18252,937.302,23.19,Drizzle: Moderate
2015-06-09 21:00:00+00:00,MUĞLA,48,22.7295,13.8295,3.1,9.83268,61.0,78.215645,936.85626,24.25,Rain: Slight
2015-06-10 21:00:00+00:00,MUĞLA,48,24.2295,13.2795,8.7,8.209263,63.0,77.57889,936.0584,25.79,Rain: Moderate
2015-06-11 21:00:00+00:00,MUĞLA,48,24.3795,13.7795,0.6,6.28713,51.0,71.26249,937.6675,24.79,Drizzle: Light
2015-06-12 21:00:00+00:00,MUĞLA,48,26.4295,14.929501,3.0,7.2805495,61.0,74.18049,937.99854,26.25,Rain: Slight
2015-06-13 21:00:00+00:00,MUĞLA,48,29.0795,15.7795,0.0,10.594036,0.0,57.454838,937.0713,29.74,Clear sky
2015-06-14 21:00:00+00:00,MUĞLA,48,29.8295,16.6295,0.0,14.4,0.0,45.561493,936.8809,30.28,Clear sky
2015-06-15 21:00:00+00:00,MUĞLA,48,31.4295,16.8795,0.6,14.689588,53.0,47.816357,936.0223,29.6,Drizzle: Moderate
2015-06-16 21:00:00+00:00,MUĞLA,48,30.3295,17.6795,0.0,12.738099,0.0,49.389103,934.2827,30.06,Clear sky
2015-06-17 21:00:00+00:00,MUĞLA,48,28.279501,16.6295,0.0,15.542662,0.0,55.865078,931.07574,28.32,Clear sky
2015-06-18 21:00:00+00:00,MUĞLA,48,22.6295,16.0295,6.0999994,9.449572,61.0,78.93988,930.2761,20.8,Rain: Slight
2015-06-19 21:00:00+00:00,MUĞLA,48,24.7295,14.8295,0.6,7.9036193,51.0,68.12826,933.0674,25.76,Drizzle: Light
2015-06-20 21:00:00+00:00,MUĞLA,48,26.279501,15.429501,1.0,12.57426,53.0,60.273724,934.56366,29.51,Drizzle: Moderate
2015-06-21 21:00:00+00:00,MUĞLA,48,25.8295,15.3795,0.0,11.090103,1.0,59.980373,935.8237,26.06,Mainly clear
2015-06-22 21:00:00+00:00,MUĞLA,48,26.779501,15.679501,0.0,12.313893,2.0,59.020798,935.4139,28.63,Partly cloudy
2015-06-23 21:00:00+00:00,MUĞLA,48,29.1295,16.1295,0.0,13.281023,1.0,51.667267,936.3376,30.05,Mainly clear
2015-06-24 21:00:00+00:00,MUĞLA,48,29.3295,17.0295,0.6,16.267857,51.0,46.41698,936.0862,29.64,Drizzle: Light
2015-06-25 21:00:00+00:00,MUĞLA,48,28.9295,17.1295,0.2,14.693999,51.0,47.2269,933.7526,30.19,Drizzle: Light
2015-06-26 21:00:00+00:00,MUĞLA,48,24.529501,16.2295,0.1,14.88242,51.0,54.22328,931.12866,25.02,Drizzle: Light
2015-06-27 21:00:00+00:00,MUĞLA,48,25.0795,14.5795,0.0,11.792404,3.0,56.339542,932.68134,23.06,Overcast
2015-06-28 21:00:00+00:00,MUĞLA,48,25.4795,16.2295,5.6,7.7043357,63.0,60.02714,936.998,23.51,Rain: Moderate
2015-06-29 21:00:00+00:00,MUĞLA,48,26.9295,14.6295,0.6,8.669949,53.0,61.49262,939.22266,26.9,Drizzle: Moderate
2015-06-30 21:00:00+00:00,MUĞLA,48,27.3295,16.3795,0.2,5.771239,51.0,56.417984,940.4738,24.64,Drizzle: Light
2015-07-01 21:00:00+00:00,MUĞLA,48,28.7295,17.6795,7.3999996,11.246759,63.0,59.90566,939.25214,27.01,Rain: Moderate
2015-07-02 21:00:00+00:00,MUĞLA,48,30.2295,17.8795,0.0,15.03835,0.0,53.469173,939.3533,29.49,Clear sky
2015-07-03 21:00:00+00:00,MUĞLA,48,30.279501,18.4295,0.0,12.031756,0.0,46.900112,939.16534,26.5,Clear sky
2015-07-04 21:00:00+00:00,MUĞLA,48,30.3795,17.6795,0.0,11.183201,0.0,52.00752,938.34204,28.61,Clear sky
2015-07-05 21:00:00+00:00,MUĞLA,48,32.0795,18.9295,0.0,8.049845,3.0,50.83272,937.49506,27.55,Overcast
2015-07-06 21:00:00+00:00,MUĞLA,48,32.4795,20.529501,0.0,9.885262,2.0,46.939922,936.6518,26.76,Partly cloudy
2015-07-07 21:00:00+00:00,MUĞLA,48,32.629498,20.029501,0.3,8.891343,51.0,52.9454,935.2471,27.96,Drizzle: Light
2015-07-08 21:00:00+00:00,MUĞLA,48,31.779501,19.8295,1.9,8.4963045,61.0,61.780468,935.1914,26.45,Rain: Slight
2015-07-09 21:00:00+00:00,MUĞLA,48,31.8795,20.6295,0.3,9.449572,51.0,57.275303,937.2834,26.45,Drizzle: Light
2015-07-10 21:00:00+00:00,MUĞLA,48,32.379498,20.6295,3.1000001,10.931203,61.0,52.10387,935.4921,24.69,Rain: Slight
2015-07-11 21:00:00+00:00,MUĞLA,48,33.4795,20.6795,0.0,11.525623,0.0,43.586994,934.1691,29.47,Clear sky
2015-07-12 21:00:00+00:00,MUĞLA,48,33.0295,20.5795,0.0,11.753876,0.0,40.314144,934.747,29.68,Clear sky
2015-07-13 21:00:00+00:00,MUĞLA,48,33.1795,19.1295,0.0,13.854155,0.0,41.432926,935.45215,29.49,Clear sky
2015-07-14 21:00:00+00:00,MUĞLA,48,33.929497,20.4295,0.0,12.181624,0.0,38.849804,936.3682,29.42,Clear sky
2015-07-15 21:00:00+00:00,MUĞLA,48,34.4795,20.7295,0.0,9.531505,0.0,35.145653,937.106,29.52,Clear sky
2015-07-16 21:00:00+00:00,MUĞLA,48,35.2295,21.2295,0.0,13.830749,0.0,34.29919,937.35895,29.75,Clear sky
2015-07-17 21:00:00+00:00,MUĞLA,48,35.429497,20.8795,0.0,8.78872,0.0,29.826258,935.9785,29.96,Clear sky
2015-07-18 21:00:00+00:00,MUĞLA,48,35.379498,21.3295,0.0,9.585739,0.0,26.949411,935.13306,30.06,Clear sky
2015-07-19 21:00:00+00:00,MUĞLA,48,35.5295,19.2295,0.0,11.770403,0.0,35.247738,933.32135,29.88,Clear sky
2015-07-20 21:00:00+00:00,MUĞLA,48,36.7795,20.7295,0.0,8.4963045,0.0,41.91657,933.3506,29.21,Clear sky
2015-07-21 21:00:00+00:00,MUĞLA,48,36.7795,21.6795,0.0,10.787993,0.0,36.05708,934.85455,29.52,Clear sky
2015-07-22 21:00:00+00:00,MUĞLA,48,35.679497,20.3795,0.0,14.48972,0.0,37.337856,934.5657,29.21,Clear sky
2015-07-23 21:00:00+00:00,MUĞLA,48,31.4295,20.529501,0.0,12.538134,1.0,49.700222,935.18744,25.16,Mainly clear
2015-07-24 21:00:00+00:00,MUĞLA,48,32.3295,20.4795,0.0,10.30883,2.0,62.146374,936.4012,25.12,Partly cloudy
2015-07-25 21:00:00+00:00,MUĞLA,48,32.4295,21.029501,0.7,9.931042,53.0,57.62331,935.2702,23.86,Drizzle: Moderate
2015-07-26 21:00:00+00:00,MUĞLA,48,34.8295,21.779501,1.4,8.404285,53.0,51.857998,933.27057,26.73,Drizzle: Moderate
2015-07-27 21:00:00+00:00,MUĞLA,48,36.379498,21.6295,0.2,11.841756,51.0,50.512653,933.4279,27.57,Drizzle: Light
2015-07-28 21:00:00+00:00,MUĞLA,48,37.0795,22.5795,0.0,11.457958,3.0,46.66148,934.1807,26.2,Overcast
2015-07-29 21:00:00+00:00,MUĞLA,48,36.179497,23.3795,0.6,10.948973,51.0,50.45431,934.0588,23.62,Drizzle: Light
2015-07-30 21:00:00+00:00,MUĞLA,48,36.7295,23.6295,4.0,11.252519,63.0,52.386383,933.2903,23.69,Rain: Moderate
2015-07-31 21:00:00+00:00,MUĞLA,48,35.2295,23.0795,8.900001,7.5170207,63.0,64.99139,936.2302,23.33,Rain: Moderate
2015-08-01 21:00:00+00:00,MUĞLA,48,34.929497,22.4295,1.9000001,10.691453,55.0,48.631794,938.56976,25.44,Drizzle: Dense
2015-08-02 21:00:00+00:00,MUĞLA,48,35.679497,22.029501,0.1,9.931042,51.0,46.871197,937.9983,24.52,Drizzle: Light
2015-08-03 21:00:00+00:00,MUĞLA,48,35.0295,21.5795,0.2,10.1376915,51.0,45.25709,936.136,24.35,Drizzle: Light
2015-08-04 21:00:00+00:00,MUĞLA,48,33.5795,21.1295,0.0,10.009036,2.0,46.368366,935.3093,25.05,Partly cloudy
2015-08-05 21:00:00+00:00,MUĞLA,48,32.5295,21.779501,3.5,8.4963045,63.0,55.384323,934.7895,22.59,Rain: Moderate
2015-08-06 21:00:00+00:00,MUĞLA,48,31.529501,20.8795,0.0,9.931042,2.0,58.756535,935.62054,24.88,Partly cloudy
2015-08-07 21:00:00+00:00,MUĞLA,48,30.6295,21.2295,0.1,8.854829,51.0,61.415802,937.79865,22.34,Drizzle: Light
2015-08-08 21:00:00+00:00,MUĞLA,48,30.4795,21.2295,4.6,9.178235,61.0,66.79658,938.10693,21.37,Rain: Slight
2015-08-09 21:00:00+00:00,MUĞLA,48,29.3795,20.9295,11.6,7.8954163,65.0,74.097,936.9013,21.65,Rain: Heavy
2015-08-10 21:00:00+00:00,MUĞLA,48,29.3295,19.2295,7.7,11.165805,63.0,73.06013,936.84796,24.3,Rain: Moderate
2015-08-11 21:00:00+00:00,MUĞLA,48,31.3295,19.4795,0.0,10.661107,1.0,59.309177,938.1543,25.03,Mainly clear
2015-08-12 21:00:00+00:00,MUĞLA,48,32.879498,20.529501,0.0,10.883676,2.0,52.434208,936.6264,25.3,Partly cloudy
2015-08-13 21:00:00+00:00,MUĞLA,48,32.7295,20.1295,0.0,12.682018,2.0,54.62492,936.799,25.53,Partly cloudy
2015-08-14 21:00:00+00:00,MUĞLA,48,28.9795,21.529501,1.4000001,13.979872,53.0,60.02946,936.38086,22.28,Drizzle: Moderate
2015-08-15 21:00:00+00:00,MUĞLA,48,29.9295,20.5795,0.4,9.220499,51.0,61.056705,936.0635,21.03,Drizzle: Light
2015-08-16 21:00:00+00:00,MUĞLA,48,30.4795,20.779501,0.0,10.464798,1.0,61.919117,936.217,23.23,Mainly clear
2015-08-17 21:00:00+00:00,MUĞLA,48,32.9295,20.279501,0.0,9.3876505,2.0,54.909424,935.75616,24.74,Partly cloudy
2015-08-18 21:00:00+00:00,MUĞLA,48,31.7295,21.3795,0.0,11.525623,1.0,55.744343,936.6176,23.93,Mainly clear
2015-08-19 21:00:00+00:00,MUĞLA,48,32.7795,21.1295,0.0,12.413476,3.0,60.046185,938.289,22.49,Overcast
2015-08-20 21:00:00+00:00,MUĞLA,48,33.7295,21.3795,0.0,10.137692,2.0,51.055386,937.0389,24.75,Partly cloudy
2015-08-21 21:00:00+00:00,MUĞLA,48,33.8295,22.1295,0.0,12.959999,0.0,47.16867,934.9311,25.34,Clear sky
2015-08-22 21:00:00+00:00,MUĞLA,48,32.9795,21.2295,0.0,12.43434,2.0,48.202805,934.12933,24.81,Partly cloudy
2015-08-23 21:00:00+00:00,MUĞLA,48,32.7295,20.9795,0.0,8.714677,3.0,44.527424,934.51276,24.71,Overcast
2015-08-24 21:00:00+00:00,MUĞLA,48,32.5795,21.1295,0.0,9.9571085,0.0,36.454956,935.88983,25.55,Clear sky
2015-08-25 21:00:00+00:00,MUĞLA,48,32.129498,20.2295,0.0,9.19939,0.0,36.41834,936.5721,25.33,Clear sky
2015-08-26 21:00:00+00:00,MUĞLA,48,31.779501,18.6795,0.0,9.565437,0.0,38.48355,938.1551,25.39,Clear sky
2015-08-27 21:00:00+00:00,MUĞLA,48,33.4295,19.4295,0.0,9.673221,0.0,36.99162,939.95953,25.29,Clear sky
2015-08-28 21:00:00+00:00,MUĞLA,48,33.8295,19.4295,0.0,14.693999,0.0,26.36734,940.3904,25.41,Clear sky
2015-08-29 21:00:00+00:00,MUĞLA,48,32.5295,19.3795,0.0,16.055355,0.0,24.78493,940.5009,24.97,Clear sky
2015-08-30 21:00:00+00:00,MUĞLA,48,34.5795,20.0795,0.0,9.504272,0.0,30.843721,939.89484,24.85,Clear sky
2015-08-31 21:00:00+00:00,MUĞLA,48,34.2295,18.9295,0.0,11.770403,0.0,41.69061,938.81024,24.46,Clear sky
2015-09-01 21:00:00+00:00,MUĞLA,48,32.5795,19.3295,0.0,13.584932,0.0,53.230785,938.4113,24.06,Clear sky
2015-09-02 21:00:00+00:00,MUĞLA,48,30.3795,18.7295,0.0,11.720751,0.0,58.393494,937.3952,23.29,Clear sky
2015-09-03 21:00:00+00:00,MUĞLA,48,33.379498,19.1295,1.7,8.217153,61.0,56.405422,937.4207,23.12,Rain: Slight
2015-09-04 21:00:00+00:00,MUĞLA,48,34.679497,20.3295,0.0,12.0694,1.0,48.5771,939.44775,23.45,Mainly clear
2015-09-05 21:00:00+00:00,MUĞLA,48,36.5295,19.3795,0.0,9.178235,0.0,33.292774,939.2856,23.76,Clear sky
2015-09-06 21:00:00+00:00,MUĞLA,48,36.7295,22.029501,0.0,11.91812,1.0,29.310118,939.0517,22.03,Mainly clear
2015-09-07 21:00:00+00:00,MUĞLA,48,34.7795,21.779501,0.0,15.042659,2.0,37.593224,937.8255,22.26,Partly cloudy
2015-09-08 21:00:00+00:00,MUĞLA,48,33.7295,21.1295,0.0,12.181624,1.0,40.278988,938.0805,22.63,Mainly clear
2015-09-09 21:00:00+00:00,MUĞLA,48,34.8295,21.1295,0.0,12.181625,0.0,36.379585,940.3626,22.32,Clear sky
2015-09-10 21:00:00+00:00,MUĞLA,48,35.2795,21.7295,0.0,13.441071,1.0,35.682907,942.2128,21.09,Mainly clear
2015-09-11 21:00:00+00:00,MUĞLA,48,31.6295,20.3795,0.0,15.778516,0.0,40.45328,939.63275,22.46,Clear sky
2015-09-12 21:00:00+00:00,MUĞLA,48,31.6795,19.3295,0.0,9.885262,0.0,45.162384,938.3566,22.05,Clear sky
2015-09-13 21:00:00+00:00,MUĞLA,48,30.1795,19.029501,0.0,10.97262,0.0,55.869915,939.89325,20.22,Clear sky
2015-09-14 21:00:00+00:00,MUĞLA,48,31.529501,19.0795,0.0,11.165805,0.0,59.745777,939.7834,21.0,Clear sky
2015-09-15 21:00:00+00:00,MUĞLA,48,33.3295,20.0795,0.0,6.9247384,2.0,54.74434,938.5662,19.55,Partly cloudy
2015-09-16 21:00:00+00:00,MUĞLA,48,33.929497,20.2295,0.3,9.686609,51.0,49.544727,937.6968,20.6,Drizzle: Light
2015-09-17 21:00:00+00:00,MUĞLA,48,32.879498,19.1295,0.0,9.290511,2.0,65.84083,938.18243,20.49,Partly cloudy
2015-09-18 21:00:00+00:00,MUĞLA,48,28.3295,19.529501,1.9000001,8.557102,53.0,75.01463,939.0025,17.76,Drizzle: Moderate
2015-09-19 21:00:00+00:00,MUĞLA,48,25.529501,19.1795,3.8000002,10.365251,63.0,82.7106,937.5217,13.86,Rain: Moderate
2015-09-20 21:00:00+00:00,MUĞLA,48,26.3295,17.9295,0.2,14.264361,51.0,73.9925,935.4379,18.28,Drizzle: Light
2015-09-21 21:00:00+00:00,MUĞLA,48,20.1295,16.2795,26.599998,15.1884165,63.0,86.302795,933.5991,4.69,Rain: Moderate
2015-09-22 21:00:00+00:00,MUĞLA,48,20.1795,15.5295,22.100002,11.966953,63.0,93.280815,935.16626,11.69,Rain: Moderate
2015-09-23 21:00:00+00:00,MUĞLA,48,22.3795,15.2795,0.5,12.261158,51.0,82.700836,940.616,15.68,Drizzle: Light
2015-09-24 21:00:00+00:00,MUĞLA,48,25.4295,15.179501,0.0,7.729527,2.0,76.14358,940.32855,18.21,Partly cloudy
2015-09-25 21:00:00+00:00,MUĞLA,48,27.4295,15.7295,0.4,8.161764,51.0,69.516396,938.09155,19.17,Drizzle: Light
2015-09-26 21:00:00+00:00,MUĞLA,48,26.3795,15.8795,0.0,11.592894,3.0,75.12243,938.9017,18.84,Overcast
2015-09-27 21:00:00+00:00,MUĞLA,48,23.8795,17.4295,1.4,9.6932955,53.0,77.147896,939.5984,13.45,Drizzle: Moderate
2015-09-28 21:00:00+00:00,MUĞLA,48,24.9295,15.3795,0.3,12.10157,51.0,71.82394,938.47687,17.79,Drizzle: Light
2015-09-29 21:00:00+00:00,MUĞLA,48,25.4295,15.6295,3.3000002,8.707237,61.0,68.28928,938.2719,17.96,Rain: Slight
2015-09-30 21:00:00+00:00,MUĞLA,48,24.7295,14.8295,0.0,8.0899935,3.0,63.92511,941.4317,18.27,Overcast
2015-10-01 21:00:00+00:00,MUĞLA,48,26.2295,14.9795,0.0,10.315115,2.0,65.447624,944.1397,18.51,Partly cloudy
2015-10-02 21:00:00+00:00,MUĞLA,48,26.2295,14.5295,0.0,7.8954163,0.0,66.60035,945.71387,18.87,Clear sky
2015-10-03 21:00:00+00:00,MUĞLA,48,26.779501,14.8795,0.0,8.891344,2.0,68.53528,943.8501,18.49,Partly cloudy
2015-10-04 21:00:00+00:00,MUĞLA,48,25.6795,15.5795,0.1,8.669949,51.0,70.693474,939.13007,16.48,Drizzle: Light
2015-10-05 21:00:00+00:00,MUĞLA,48,23.7295,14.9795,1.3,12.096214,53.0,71.09804,933.6568,16.42,Drizzle: Moderate
2015-10-06 21:00:00+00:00,MUĞLA,48,23.2295,13.0795,0.0,10.948973,3.0,58.784485,933.0762,18.13,Overcast
2015-10-07 21:00:00+00:00,MUĞLA,48,21.1295,12.7795,1.9,5.8048253,53.0,60.862865,935.71124,13.11,Drizzle: Moderate
2015-10-08 21:00:00+00:00,MUĞLA,48,24.029501,12.5795,0.0,11.119281,1.0,62.01881,938.84174,17.67,Mainly clear
2015-10-09 21:00:00+00:00,MUĞLA,48,25.029501,13.1295,0.1,9.585739,51.0,59.759686,940.97516,17.49,Drizzle: Light
2015-10-10 21:00:00+00:00,MUĞLA,48,23.7295,15.8295,0.2,16.203999,51.0,66.41119,940.3908,14.7,Drizzle: Light
2015-10-11 21:00:00+00:00,MUĞLA,48,21.5795,16.7795,4.1000004,11.304229,53.0,84.491684,938.8598,10.07,Drizzle: Moderate
2015-10-12 21:00:00+00:00,MUĞLA,48,23.6295,14.6295,0.2,9.220499,51.0,73.637276,939.1956,15.51,Drizzle: Light
2015-10-13 21:00:00+00:00,MUĞLA,48,25.6295,13.429501,0.0,7.8954163,3.0,59.733456,940.1199,17.01,Overcast
2015-10-14 21:00:00+00:00,MUĞLA,48,26.1295,13.0295,0.0,6.489992,1.0,63.890324,941.56934,16.8,Mainly clear
2015-10-15 21:00:00+00:00,MUĞLA,48,27.6795,13.0795,0.0,7.5942082,3.0,60.837635,941.3477,16.75,Overcast
2015-10-16 21:00:00+00:00,MUĞLA,48,27.4295,13.929501,0.0,5.771239,3.0,58.26729,941.6304,12.97,Overcast
2015-10-17 21:00:00+00:00,MUĞLA,48,26.7295,15.0795,0.0,9.0,3.0,54.667027,941.4333,15.24,Overcast
2015-10-18 21:00:00+00:00,MUĞLA,48,24.5795,13.3795,0.0,9.0,3.0,63.298096,940.17755,15.22,Overcast
2015-10-19 21:00:00+00:00,MUĞLA,48,24.5795,12.9795,0.3,11.659777,51.0,68.19781,939.45013,13.37,Drizzle: Light
2015-10-20 21:00:00+00:00,MUĞLA,48,21.029501,15.429501,14.300001,12.144331,61.0,88.339905,937.8704,8.76,Rain: Slight
2015-10-21 21:00:00+00:00,MUĞLA,48,19.8795,15.5295,16.699999,18.289274,61.0,88.95794,935.2805,9.03,Rain: Slight
2015-10-22 21:00:00+00:00,MUĞLA,48,17.0795,14.7795,44.100002,12.245294,63.0,95.36691,931.5346,3.96,Rain: Moderate
2015-10-23 21:00:00+00:00,MUĞLA,48,17.6295,14.0295,12.7,14.494192,63.0,95.87955,935.1633,8.21,Rain: Moderate
2015-10-24 21:00:00+00:00,MUĞLA,48,19.779501,11.4795,0.0,6.5693827,3.0,77.995705,937.6021,13.14,Overcast
2015-10-25 21:00:00+00:00,MUĞLA,48,20.1795,10.4795,0.0,8.049845,1.0,67.86911,937.55695,15.13,Mainly clear
2015-10-26 21:00:00+00:00,MUĞLA,48,19.5795,10.0795,0.0,11.923557,3.0,54.121624,937.57153,14.25,Overcast
2015-10-27 21:00:00+00:00,MUĞLA,48,17.7295,8.3795,0.0,10.495713,1.0,56.454357,936.28436,15.11,Mainly clear
2015-10-28 21:00:00+00:00,MUĞLA,48,18.5795,7.5795,0.0,7.4128532,0.0,56.337147,937.06903,15.01,Clear sky
2015-10-29 21:00:00+00:00,MUĞLA,48,18.9795,7.4295,0.0,6.489992,3.0,65.902664,939.90814,14.04,Overcast
2015-10-30 21:00:00+00:00,MUĞLA,48,19.6795,8.0795,0.0,6.193674,3.0,68.81054,943.2723,12.52,Overcast
2015-10-31 21:00:00+00:00,MUĞLA,48,19.1795,9.5295,0.0,7.9932966,3.0,59.132626,945.9773,14.14,Overcast
2015-11-01 21:00:00+00:00,MUĞLA,48,20.1795,6.5795,0.0,8.587338,0.0,49.255856,945.5109,14.85,Clear sky
2015-11-02 21:00:00+00:00,MUĞLA,48,20.1795,6.5295,0.0,7.5942082,0.0,48.39649,943.5869,14.19,Clear sky
2015-11-03 21:00:00+00:00,MUĞLA,48,20.4795,6.4295,0.0,5.154415,0.0,51.719265,940.87225,14.03,Clear sky
2015-11-04 21:00:00+00:00,MUĞLA,48,20.9795,6.6795,0.0,6.489992,0.0,57.95486,939.6201,13.89,Clear sky
2015-11-05 21:00:00+00:00,MUĞLA,48,20.6795,6.5795,0.0,5.4833565,0.0,57.32832,940.2011,13.7,Clear sky
2015-11-06 21:00:00+00:00,MUĞLA,48,20.8295,7.0795,0.0,5.8603754,0.0,58.100742,941.67255,13.4,Clear sky
2015-11-07 21:00:00+00:00,MUĞLA,48,20.6795,7.4295,0.0,9.793058,0.0,58.22653,942.09033,13.37,Clear sky
2015-11-08 21:00:00+00:00,MUĞLA,48,18.8295,8.5795,0.0,15.328561,0.0,56.82469,941.2929,13.3,Clear sky
2015-11-09 21:00:00+00:00,MUĞLA,48,18.1295,7.4295,0.0,11.901798,2.0,57.881847,939.6075,12.57,Partly cloudy
2015-11-10 21:00:00+00:00,MUĞLA,48,18.8795,8.1795,0.0,13.570615,3.0,63.152363,941.28143,12.45,Overcast
2015-11-11 21:00:00+00:00,MUĞLA,48,20.6295,8.3295,0.0,7.10031,0.0,66.818474,945.57855,12.36,Clear sky
2015-11-12 21:00:00+00:00,MUĞLA,48,21.529501,8.5295,0.0,6.9527545,0.0,67.828705,947.48956,12.46,Clear sky
2015-11-13 21:00:00+00:00,MUĞLA,48,21.4795,8.3795,0.0,7.7043357,1.0,64.16704,945.3179,12.41,Mainly clear
2015-11-14 21:00:00+00:00,MUĞLA,48,19.7295,8.4295,0.0,6.638072,3.0,76.067924,938.56934,8.95,Overcast
2015-11-15 21:00:00+00:00,MUĞLA,48,19.6795,7.4295,0.0,8.311245,3.0,61.62499,934.21875,11.41,Overcast
2015-11-16 21:00:00+00:00,MUĞLA,48,18.5795,8.6295,0.0,12.682018,0.0,54.257416,937.6387,12.16,Clear sky
2015-11-17 21:00:00+00:00,MUĞLA,48,19.529501,6.0795,0.0,8.225035,0.0,51.930607,939.3067,12.26,Clear sky
2015-11-18 21:00:00+00:00,MUĞLA,48,20.5795,6.5295,0.0,8.225035,0.0,49.084427,942.2827,12.08,Clear sky
2015-11-19 21:00:00+00:00,MUĞLA,48,18.3295,6.2795,0.0,10.823973,3.0,66.075615,942.8964,11.17,Overcast
2015-11-20 21:00:00+00:00,MUĞLA,48,15.5295,9.4795,1.9,19.13426,51.0,87.790474,938.5672,9.64,Drizzle: Light
2015-11-21 21:00:00+00:00,MUĞLA,48,14.8795,11.429501,9.800001,17.581125,53.0,96.141914,939.32184,6.57,Drizzle: Moderate
2015-11-22 21:00:00+00:00,MUĞLA,48,17.3295,9.4795,0.0,11.659777,1.0,81.68029,944.93604,9.55,Mainly clear
2015-11-23 21:00:00+00:00,MUĞLA,48,19.3295,6.1295004,0.0,5.8603754,3.0,77.15394,945.59576,10.11,Overcast
2015-11-24 21:00:00+00:00,MUĞLA,48,15.2295,11.429501,0.2,17.654688,51.0,73.07625,939.95264,5.63,Drizzle: Light
2015-11-25 21:00:00+00:00,MUĞLA,48,13.9795,11.179501,61.00001,22.392462,63.0,93.81217,930.89215,6.12,Rain: Moderate
2015-11-26 21:00:00+00:00,MUĞLA,48,12.929501,10.7295,35.700005,15.856356,63.0,95.514656,934.9099,6.24,Rain: Moderate
2015-11-27 21:00:00+00:00,MUĞLA,48,12.3295,9.3295,43.299995,25.199999,63.0,94.685005,936.13116,4.58,Rain: Moderate
2015-11-28 21:00:00+00:00,MUĞLA,48,13.9795,6.6295004,1.3000001,11.440979,55.0,84.052124,939.1595,8.83,Drizzle: Dense
2015-11-29 21:00:00+00:00,MUĞLA,48,11.7795,5.7795,0.0,13.698934,3.0,78.81828,940.03766,9.57,Overcast
2015-11-30 21:00:00+00:00,MUĞLA,48,12.9795,3.9295,0.0,9.885262,3.0,70.36389,943.0227,10.31,Overcast
2015-12-01 21:00:00+00:00,MUĞLA,48,14.2295,2.8795,0.0,15.484185,3.0,69.76233,943.06964,10.18,Overcast
2015-12-02 21:00:00+00:00,MUĞLA,48,9.679501,4.0795,0.0,17.193533,3.0,57.60628,946.9327,10.92,Overcast
2015-12-03 21:00:00+00:00,MUĞLA,48,11.5295,1.4295001,0.0,9.826088,0.0,53.95085,950.087,10.86,Clear sky
2015-12-04 21:00:00+00:00,MUĞLA,48,12.3295,0.8295001,0.0,7.9932966,1.0,58.751293,951.3489,11.09,Mainly clear
2015-12-05 21:00:00+00:00,MUĞLA,48,15.0795,1.0295,0.0,9.339208,0.0,57.031586,951.10223,10.87,Clear sky
2015-12-06 21:00:00+00:00,MUĞLA,48,17.6295,1.8795002,0.0,8.534353,1.0,48.950775,949.53125,10.66,Mainly clear
2015-12-07 21:00:00+00:00,MUĞLA,48,17.1795,3.5295,0.0,6.8399997,1.0,57.674564,948.21875,10.4,Mainly clear
2015-12-08 21:00:00+00:00,MUĞLA,48,16.3295,3.1795,0.0,4.1046314,3.0,67.36397,944.41705,10.21,Overcast
2015-12-09 21:00:00+00:00,MUĞLA,48,14.2295,6.6795,0.0,7.208994,1.0,81.39022,944.01337,9.23,Mainly clear
2015-12-10 21:00:00+00:00,MUĞLA,48,11.5295,7.1295004,0.5,11.183201,51.0,91.20991,942.66675,5.34,Drizzle: Light
2015-12-11 21:00:00+00:00,MUĞLA,48,12.3295,5.5295,0.0,6.489992,3.0,84.82373,938.6268,7.83,Overcast
2015-12-12 21:00:00+00:00,MUĞLA,48,13.679501,3.1295,0.0,8.217153,0.0,74.89779,940.05365,10.21,Clear sky
2015-12-13 21:00:00+00:00,MUĞLA,48,15.3795,1.9795,0.0,7.172949,2.0,68.79605,941.1071,10.25,Partly cloudy
2015-12-14 21:00:00+00:00,MUĞLA,48,14.429501,1.9795,0.0,5.634891,3.0,65.11376,942.44696,7.55,Overcast
2015-12-15 21:00:00+00:00,MUĞLA,48,12.7295,6.6795,0.0,4.2136917,3.0,78.36696,942.28326,6.92,Overcast
2015-12-16 21:00:00+00:00,MUĞLA,48,12.0795,4.6295,0.0,8.287822,3.0,71.6912,939.85767,8.42,Overcast
2015-12-17 21:00:00+00:00,MUĞLA,48,12.2795,3.3795,0.0,7.289445,3.0,66.57122,941.2841,9.05,Overcast
2015-12-18 21:00:00+00:00,MUĞLA,48,12.8295,2.8795,0.0,5.506941,3.0,77.72749,942.35504,8.44,Overcast
2015-12-19 21:00:00+00:00,MUĞLA,48,14.0295,2.4795,0.0,5.154415,3.0,78.82147,946.5647,9.87,Overcast
2015-12-20 21:00:00+00:00,MUĞLA,48,14.429501,1.8795002,0.0,6.9247384,0.0,71.741035,948.69977,10.3,Clear sky
2015-12-21 21:00:00+00:00,MUĞLA,48,14.7795,0.9295001,0.0,5.4833565,0.0,62.263035,947.68726,10.24,Clear sky
2015-12-22 21:00:00+00:00,MUĞLA,48,15.2295,1.4795,0.0,7.5942082,1.0,62.52676,947.04443,10.16,Mainly clear
2015-12-23 21:00:00+00:00,MUĞLA,48,17.5295,2.7295,0.0,9.021574,0.0,56.176098,948.35956,10.27,Clear sky
2015-12-24 21:00:00+00:00,MUĞLA,48,16.9295,3.3295002,0.0,6.725354,3.0,62.279514,948.295,9.85,Overcast
2015-12-25 21:00:00+00:00,MUĞLA,48,14.5295,3.0795002,0.0,10.636766,0.0,66.17806,946.9021,10.29,Clear sky
2015-12-26 21:00:00+00:00,MUĞLA,48,15.0295,1.7795001,0.0,6.12,1.0,71.49827,948.9676,10.26,Mainly clear
2015-12-27 21:00:00+00:00,MUĞLA,48,15.2295,2.4795,0.0,4.829907,3.0,71.88469,948.52155,8.77,Overcast
2015-12-28 21:00:00+00:00,MUĞLA,48,14.9795,1.8295001,0.0,7.289444,0.0,69.93225,941.2815,10.36,Clear sky
2015-12-29 21:00:00+00:00,MUĞLA,48,8.6795,0.8795001,0.0,19.242327,1.0,67.4914,938.508,9.97,Mainly clear
2015-12-30 21:00:00+00:00,MUĞLA,48,1.0795001,-3.1204996,0.0,23.4,0.0,41.17229,938.346,10.99,Clear sky
2015-12-31 21:00:00+00:00,MUĞLA,48,0.4295001,-4.5204997,0.0,20.082708,0.0,44.07387,942.2585,10.64,Clear sky
2016-01-01 21:00:00+00:00,MUĞLA,48,4.0795,-3.6204996,0.0,7.342588,3.0,43.401367,944.23584,10.64,Overcast
2016-01-02 21:00:00+00:00,MUĞLA,48,4.4295,-1.9704999,2.2,18.556595,71.0,61.98467,941.837,3.9,Snow fall: Slight
2016-01-03 21:00:00+00:00,MUĞLA,48,10.2795,3.0795002,40.400005,22.427162,75.0,96.68212,932.2459,4.87,Snow fall: Heavy
2016-01-04 21:00:00+00:00,MUĞLA,48,11.8295,6.4795003,42.6,13.1041975,63.0,98.69831,931.82416,1.61,Rain: Moderate
2016-01-05 21:00:00+00:00,MUĞLA,48,15.2295,10.679501,2.5,17.873554,53.0,92.72848,936.0139,8.88,Drizzle: Moderate
2016-01-06 21:00:00+00:00,MUĞLA,48,11.179501,6.2795,27.5,30.096085,63.0,93.08779,925.2136,3.91,Rain: Moderate
2016-01-07 21:00:00+00:00,MUĞLA,48,9.3795,2.3295002,0.3,16.08761,51.0,79.70322,930.02075,9.07,Drizzle: Light
2016-01-08 21:00:00+00:00,MUĞLA,48,12.4795,0.8795001,0.0,8.049845,1.0,66.52599,939.60956,10.99,Mainly clear
2016-01-09 21:00:00+00:00,MUĞLA,48,10.5795,5.0795,9.4,12.57426,61.0,76.20479,941.1143,3.56,Rain: Slight
2016-01-10 21:00:00+00:00,MUĞLA,48,13.3795,7.9795003,4.2,9.565437,61.0,95.01898,941.2934,5.8,Rain: Slight
2016-01-11 21:00:00+00:00,MUĞLA,48,12.7295,8.9795,3.1,18.782204,51.0,94.25933,940.8067,7.21,Drizzle: Light
2016-01-12 21:00:00+00:00,MUĞLA,48,12.679501,7.2795,12.1,15.5843,61.0,96.78416,936.51074,6.36,Rain: Slight
2016-01-13 21:00:00+00:00,MUĞLA,48,10.7295,3.2795,0.5,12.758432,51.0,81.88398,937.9345,9.85,Drizzle: Light
2016-01-14 21:00:00+00:00,MUĞLA,48,11.0795,0.12950003,0.0,9.0,3.0,75.45705,940.91534,11.48,Overcast
2016-01-15 21:00:00+00:00,MUĞLA,48,8.7295,4.4295,7.1,22.79684,55.0,90.66196,938.32,3.66,Drizzle: Dense
2016-01-16 21:00:00+00:00,MUĞLA,48,10.0295,5.9295,41.800003,28.460497,63.0,95.657585,926.69434,3.98,Rain: Moderate
2016-01-17 21:00:00+00:00,MUĞLA,48,6.8795004,2.3795002,10.2,11.165805,71.0,95.60288,921.68024,6.94,Snow fall: Slight
2016-01-18 21:00:00+00:00,MUĞLA,48,4.5795,-2.2704997,0.0,14.081478,3.0,71.44552,934.836,11.9,Overcast
2016-01-19 21:00:00+00:00,MUĞLA,48,4.6795,-1.6205,12.0,12.88981,75.0,73.36417,940.6448,4.77,Snow fall: Heavy
2016-01-20 21:00:00+00:00,MUĞLA,48,8.7295,3.5795002,17.7,12.10157,61.0,97.59933,938.9597,4.37,Rain: Slight
2016-01-21 21:00:00+00:00,MUĞLA,48,9.2795,2.5795002,0.0,16.23596,3.0,78.16375,941.5756,11.01,Overcast
2016-01-22 21:00:00+00:00,MUĞLA,48,3.3295002,-2.0204997,0.0,23.313995,1.0,57.498234,941.4135,12.16,Mainly clear
2016-01-23 21:00:00+00:00,MUĞLA,48,1.3795,-4.0705,0.0,24.826952,1.0,42.25166,943.1788,13.11,Mainly clear
2016-01-24 21:00:00+00:00,MUĞLA,48,2.1295002,-3.0705,0.0,16.92383,3.0,44.114304,945.64307,12.67,Overcast
2016-01-25 21:00:00+00:00,MUĞLA,48,4.3795,-3.0705,0.0,8.557102,3.0,47.387997,944.1329,9.66,Overcast
2016-01-26 21:00:00+00:00,MUĞLA,48,6.8795004,-2.1704998,0.0,9.178235,1.0,57.715412,947.4107,13.19,Mainly clear
2016-01-27 21:00:00+00:00,MUĞLA,48,10.429501,-1.2204999,0.0,7.342588,3.0,69.58047,949.4035,12.32,Overcast
2016-01-28 21:00:00+00:00,MUĞLA,48,13.7795,0.029500127,0.0,5.634891,3.0,79.47867,948.89484,12.72,Overcast
2016-01-29 21:00:00+00:00,MUĞLA,48,12.5795,5.1295,0.0,6.638072,3.0,86.52161,948.1944,7.95,Overcast
2016-01-30 21:00:00+00:00,MUĞLA,48,12.1295,2.9795,0.0,10.464797,3.0,86.28373,945.3305,10.07,Overcast
2016-01-31 21:00:00+00:00,MUĞLA,48,10.929501,4.9795003,1.5000001,8.707238,53.0,93.59806,944.09204,6.3,Drizzle: Moderate
2016-02-01 21:00:00+00:00,MUĞLA,48,14.7295,4.0295,0.0,12.758432,3.0,81.30208,946.54083,12.67,Overcast
2016-02-02 21:00:00+00:00,MUĞLA,48,15.7795,3.0295,0.0,10.1376915,2.0,73.289154,947.32416,13.69,Partly cloudy
2016-02-03 21:00:00+00:00,MUĞLA,48,11.929501,5.0295,0.3,19.70815,51.0,91.13635,944.2391,8.82,Drizzle: Light
2016-02-04 21:00:00+00:00,MUĞLA,48,9.4295,4.5295,27.400002,20.12461,63.0,96.88449,932.4559,2.97,Rain: Moderate
2016-02-05 21:00:00+00:00,MUĞLA,48,6.1295004,1.2795,5.6,27.333935,55.0,72.770004,934.4343,11.42,Drizzle: Dense
2016-02-06 21:00:00+00:00,MUĞLA,48,7.9295,0.029500127,0.0,23.051247,0.0,55.929806,941.5494,14.72,Clear sky
2016-02-07 21:00:00+00:00,MUĞLA,48,10.5795,-1.5204998,0.0,7.289445,3.0,63.094677,943.62274,15.01,Overcast
2016-02-08 21:00:00+00:00,MUĞLA,48,10.429501,1.3795,0.0,5.6920996,3.0,75.22619,944.9345,10.85,Overcast
2016-02-09 21:00:00+00:00,MUĞLA,48,9.8295,3.2295,0.0,15.484185,3.0,86.50741,941.9355,9.53,Overcast
2016-02-10 21:00:00+00:00,MUĞLA,48,11.8795,6.1795,27.399998,16.171976,61.0,96.54712,938.128,4.63,Rain: Slight
2016-02-11 21:00:00+00:00,MUĞLA,48,13.3795,8.7795,3.1,13.698934,53.0,94.07309,940.98956,9.19,Drizzle: Moderate
2016-02-12 21:00:00+00:00,MUĞLA,48,12.679501,8.9295,9.4,22.89611,61.0,89.76963,938.3138,9.11,Rain: Slight
2016-02-13 21:00:00+00:00,MUĞLA,48,13.8795,9.2795,1.9000001,16.1198,61.0,88.901054,938.79663,6.4,Rain: Slight
2016-02-14 21:00:00+00:00,MUĞLA,48,17.8795,9.2295,0.0,16.516901,3.0,69.36384,945.168,14.88,Overcast
2016-02-15 21:00:00+00:00,MUĞLA,48,22.4295,7.0795,0.0,7.5685663,3.0,55.120335,951.70624,15.77,Overcast
2016-02-16 21:00:00+00:00,MUĞLA,48,23.1295,7.6795,0.0,4.072935,3.0,59.638916,949.9436,13.8,Overcast
2016-02-17 21:00:00+00:00,MUĞLA,48,20.3795,11.7295,0.0,13.450708,3.0,62.57491,943.0112,11.98,Overcast
2016-02-18 21:00:00+00:00,MUĞLA,48,16.2295,8.9795,0.90000004,11.792404,53.0,80.69642,936.0496,11.05,Drizzle: Moderate
2016-02-19 21:00:00+00:00,MUĞLA,48,18.279501,8.9795,0.0,9.0,3.0,79.44449,938.98737,14.89,Overcast
2016-02-20 21:00:00+00:00,MUĞLA,48,13.1295,5.9795003,1.4000001,20.883104,51.0,80.30262,932.345,14.71,Drizzle: Light
2016-02-21 21:00:00+00:00,MUĞLA,48,14.5295,3.2795,0.0,18.0036,1.0,58.766094,938.0371,16.82,Mainly clear
2016-02-22 21:00:00+00:00,MUĞLA,48,18.4795,4.6295,0.0,9.178235,3.0,65.58787,939.0766,16.66,Overcast
2016-02-23 21:00:00+00:00,MUĞLA,48,14.0295,6.5295,0.2,15.315873,51.0,83.16397,938.8039,10.47,Drizzle: Light
2016-02-24 21:00:00+00:00,MUĞLA,48,15.6295,7.2295003,0.5,10.163227,51.0,84.016396,938.76483,12.78,Drizzle: Light
2016-02-25 21:00:00+00:00,MUĞLA,48,15.9795,6.9295,0.0,16.343367,2.0,79.759445,937.38403,16.43,Partly cloudy
2016-02-26 21:00:00+00:00,MUĞLA,48,13.929501,7.9795003,2.1,7.8954163,53.0,88.71003,937.6618,10.54,Drizzle: Moderate
2016-02-27 21:00:00+00:00,MUĞLA,48,16.0795,5.2295003,0.0,11.542478,3.0,82.73414,944.517,17.06,Overcast
2016-02-28 21:00:00+00:00,MUĞLA,48,19.779501,8.6295,0.0,12.413477,3.0,74.601006,947.00806,17.78,Overcast
2016-02-29 21:00:00+00:00,MUĞLA,48,19.3295,9.7795,0.0,20.192118,0.0,55.996475,940.679,18.45,Clear sky
2016-03-01 21:00:00+00:00,MUĞLA,48,17.2295,10.2795,7.3999996,13.684735,61.0,65.37829,932.0918,11.76,Rain: Slight
2016-03-02 21:00:00+00:00,MUĞLA,48,12.7295,6.2295003,6.7999997,13.849477,63.0,81.83268,928.1374,15.31,Rain: Moderate
2016-03-03 21:00:00+00:00,MUĞLA,48,10.8795,6.5795,30.5,18.899143,63.0,92.66706,929.32367,11.53,Rain: Moderate
2016-03-04 21:00:00+00:00,MUĞLA,48,12.2795,3.9795003,10.400002,16.055353,61.0,80.73913,933.90234,14.66,Rain: Slight
2016-03-05 21:00:00+00:00,MUĞLA,48,14.3295,1.7295,0.0,8.759178,3.0,72.10181,938.5937,16.53,Overcast
2016-03-06 21:00:00+00:00,MUĞLA,48,14.179501,4.0795,0.0,14.494192,3.0,79.813385,937.4703,17.36,Overcast
2016-03-07 21:00:00+00:00,MUĞLA,48,17.1795,5.9795003,0.0,11.659777,3.0,65.63666,935.2244,14.99,Overcast
2016-03-08 21:00:00+00:00,MUĞLA,48,18.8795,5.3295,0.2,9.531505,51.0,60.73641,930.07446,13.66,Drizzle: Light
2016-03-09 21:00:00+00:00,MUĞLA,48,12.0795,6.3795004,21.599998,13.0447235,63.0,91.493355,931.326,13.94,Rain: Moderate
2016-03-10 21:00:00+00:00,MUĞLA,48,14.0795,6.1295004,0.0,10.739832,3.0,79.275215,938.7736,17.29,Overcast
2016-03-11 21:00:00+00:00,MUĞLA,48,18.4295,3.6295,0.2,7.072878,51.0,69.8574,939.28546,16.62,Drizzle: Light
2016-03-12 21:00:00+00:00,MUĞLA,48,18.9295,6.8295,0.1,12.849528,51.0,61.445255,933.241,15.69,Drizzle: Light
2016-03-13 21:00:00+00:00,MUĞLA,48,11.3795,8.0795,36.2,14.404499,63.0,92.101845,925.842,5.62,Rain: Moderate
2016-03-14 21:00:00+00:00,MUĞLA,48,11.929501,4.6295,0.5,12.605142,51.0,77.06274,932.30035,13.29,Drizzle: Light
2016-03-15 21:00:00+00:00,MUĞLA,48,12.8295,2.4795,0.0,14.404499,3.0,70.930824,938.4891,19.45,Overcast
2016-03-16 21:00:00+00:00,MUĞLA,48,13.7795,1.9295001,0.0,8.049845,0.0,62.177013,941.2236,21.52,Clear sky
2016-03-17 21:00:00+00:00,MUĞLA,48,15.1295,1.3295001,0.0,10.483357,3.0,68.68642,940.39545,20.08,Overcast
2016-03-18 21:00:00+00:00,MUĞLA,48,10.8295,6.5295,22.7,20.545246,63.0,89.22985,934.1665,9.06,Rain: Moderate
2016-03-19 21:00:00+00:00,MUĞLA,48,14.179501,5.3795,0.0,17.339897,3.0,72.328384,937.3239,18.51,Overcast
2016-03-20 21:00:00+00:00,MUĞLA,48,15.6295,3.0795002,0.0,10.446206,1.0,63.71347,940.38336,22.1,Mainly clear
2016-03-21 21:00:00+00:00,MUĞLA,48,17.3295,5.2795,0.0,11.183201,1.0,63.803375,940.0034,21.88,Mainly clear
2016-03-22 21:00:00+00:00,MUĞLA,48,16.3295,8.5295,0.4,26.64,51.0,56.683117,935.2261,17.29,Drizzle: Light
2016-03-23 21:00:00+00:00,MUĞLA,48,14.2795,9.0795,23.3,22.734219,63.0,77.21436,929.6351,17.23,Rain: Moderate
2016-03-24 21:00:00+00:00,MUĞLA,48,13.3795,7.0295,25.600002,11.269782,63.0,93.251915,934.105,13.96,Rain: Moderate
2016-03-25 21:00:00+00:00,MUĞLA,48,13.179501,4.7295003,4.2999997,15.496736,61.0,70.96607,934.17206,18.93,Rain: Slight
2016-03-26 21:00:00+00:00,MUĞLA,48,12.4795,2.1795,0.3,13.089354,51.0,64.35863,932.4492,22.13,Drizzle: Light
2016-03-27 21:00:00+00:00,MUĞLA,48,11.8295,1.6795001,0.0,16.981165,3.0,60.56168,935.21466,21.83,Overcast
2016-03-28 21:00:00+00:00,MUĞLA,48,15.1295,1.3795,0.0,9.779817,3.0,56.434193,939.60187,23.04,Overcast
2016-03-29 21:00:00+00:00,MUĞLA,48,18.3795,3.6795,0.0,6.849467,3.0,57.904507,943.30817,23.52,Overcast
2016-03-30 21:00:00+00:00,MUĞLA,48,19.529501,4.9295,0.0,7.9932966,0.0,69.386925,945.3825,23.47,Clear sky
2016-03-31 21:00:00+00:00,MUĞLA,48,19.9795,5.9795003,0.0,8.913181,3.0,72.376274,943.44025,23.66,Overcast
2016-04-01 21:00:00+00:00,MUĞLA,48,20.6295,7.4795003,0.0,7.289444,3.0,74.03986,941.86786,22.3,Overcast
2016-04-02 21:00:00+00:00,MUĞLA,48,24.0795,8.4295,0.0,6.9527545,2.0,62.24873,940.54095,23.53,Partly cloudy
2016-04-03 21:00:00+00:00,MUĞLA,48,23.1795,9.3295,0.0,7.729527,3.0,62.40553,937.7273,22.93,Overcast
2016-04-04 21:00:00+00:00,MUĞLA,48,22.8295,8.9795,0.0,8.78872,1.0,71.058975,934.84106,24.05,Mainly clear
2016-04-05 21:00:00+00:00,MUĞLA,48,22.3295,8.2295,0.0,7.729527,0.0,68.30539,934.44696,24.02,Clear sky
2016-04-06 21:00:00+00:00,MUĞLA,48,22.9795,8.9295,0.0,11.367109,3.0,64.58346,936.2912,24.21,Overcast
2016-04-07 21:00:00+00:00,MUĞLA,48,23.029501,12.3295,0.0,24.098497,3.0,46.73856,934.79785,23.74,Overcast
2016-04-08 21:00:00+00:00,MUĞLA,48,19.6295,12.5295,1.2,19.559633,53.0,72.381195,930.88696,20.73,Drizzle: Moderate
2016-04-09 21:00:00+00:00,MUĞLA,48,16.1295,10.2795,2.6,12.783802,53.0,87.207,931.7784,19.07,Drizzle: Moderate
2016-04-10 21:00:00+00:00,MUĞLA,48,13.429501,8.1295,16.5,8.39657,63.0,88.30207,931.1436,17.5,Rain: Moderate
2016-04-11 21:00:00+00:00,MUĞLA,48,17.9795,5.7295003,0.0,15.5843,2.0,72.91747,932.9003,19.57,Partly cloudy
2016-04-12 21:00:00+00:00,MUĞLA,48,21.1295,8.7795,0.0,15.978486,0.0,61.03711,935.36176,24.87,Clear sky
2016-04-13 21:00:00+00:00,MUĞLA,48,24.6795,9.2795,0.0,10.630672,3.0,58.59314,936.80133,24.95,Overcast
2016-04-14 21:00:00+00:00,MUĞLA,48,22.529501,12.4795,0.0,12.768586,3.0,57.16261,938.2888,25.25,Overcast
2016-04-15 21:00:00+00:00,MUĞLA,48,23.8295,8.7795,0.0,7.628263,1.0,67.42223,942.0859,25.82,Mainly clear
2016-04-16 21:00:00+00:00,MUĞLA,48,25.7295,9.3795,0.0,7.628263,0.0,64.65005,943.11285,26.11,Clear sky
2016-04-17 21:00:00+00:00,MUĞLA,48,27.5795,11.2795,0.0,7.491114,1.0,63.049374,942.9996,25.84,Mainly clear
2016-04-18 21:00:00+00:00,MUĞLA,48,27.1795,11.929501,0.0,10.990322,1.0,65.134605,941.4367,25.36,Mainly clear
2016-04-19 21:00:00+00:00,MUĞLA,48,24.1795,16.0795,0.0,16.919998,3.0,42.847046,939.9929,25.66,Overcast
2016-04-20 21:00:00+00:00,MUĞLA,48,22.2295,10.6295,0.0,20.12461,3.0,45.72633,940.10785,26.71,Overcast
2016-04-21 21:00:00+00:00,MUĞLA,48,24.0795,8.7795,0.0,9.659814,3.0,41.355045,940.4534,26.41,Overcast
2016-04-22 21:00:00+00:00,MUĞLA,48,21.9795,10.0795,0.0,13.202726,3.0,60.601715,936.38043,21.74,Overcast
2016-04-23 21:00:00+00:00,MUĞLA,48,19.5795,10.429501,0.1,17.771753,51.0,73.21235,930.66547,25.29,Drizzle: Light
2016-04-24 21:00:00+00:00,MUĞLA,48,17.1795,10.9795,4.6,16.179987,53.0,85.562164,929.8647,21.29,Drizzle: Moderate
2016-04-25 21:00:00+00:00,MUĞLA,48,16.5295,10.3795,10.5,14.561099,61.0,76.81935,930.4178,18.5,Rain: Slight
2016-04-26 21:00:00+00:00,MUĞLA,48,19.6295,6.6295004,0.0,13.684735,0.0,55.760143,936.4317,27.45,Clear sky
2016-04-27 21:00:00+00:00,MUĞLA,48,21.9295,7.4795003,0.0,12.031756,2.0,52.69949,938.59503,27.66,Partly cloudy
2016-04-28 21:00:00+00:00,MUĞLA,48,23.4295,9.1795,0.6,9.346143,51.0,52.73878,939.582,24.63,Drizzle: Light
2016-04-29 21:00:00+00:00,MUĞLA,48,22.1795,12.929501,0.5,12.015589,51.0,65.48681,937.26605,23.14,Drizzle: Light
2016-04-30 21:00:00+00:00,MUĞLA,48,25.6795,12.0295,0.0,12.605142,3.0,60.43941,935.68097,26.8,Overcast
2016-05-01 21:00:00+00:00,MUĞLA,48,21.9295,12.7295,0.2,7.42159,51.0,62.167618,935.62164,14.66,Drizzle: Light
2016-05-02 21:00:00+00:00,MUĞLA,48,16.4295,10.5295,27.000002,13.783817,63.0,80.29852,932.96515,14.31,Rain: Moderate
2016-05-03 21:00:00+00:00,MUĞLA,48,15.679501,9.4295,14.500001,13.551501,63.0,81.55574,930.99243,21.45,Rain: Moderate
2016-05-04 21:00:00+00:00,MUĞLA,48,15.7795,8.1295,20.1,8.4042845,63.0,86.30503,932.00104,18.53,Rain: Moderate
2016-05-05 21:00:00+00:00,MUĞLA,48,17.1795,6.2295003,0.4,10.948973,51.0,72.46417,933.591,21.05,Drizzle: Light
2016-05-06 21:00:00+00:00,MUĞLA,48,18.529501,7.3795004,2.7,8.942214,61.0,68.96257,936.21014,25.06,Rain: Slight
2016-05-07 21:00:00+00:00,MUĞLA,48,17.9795,8.8295,0.8,11.043261,53.0,75.53507,939.62885,19.12,Drizzle: Moderate
2016-05-08 21:00:00+00:00,MUĞLA,48,20.779501,10.0795,0.1,6.6087217,51.0,74.86046,940.19696,22.74,Drizzle: Light
2016-05-09 21:00:00+00:00,MUĞLA,48,24.3295,11.8795,0.0,11.592894,3.0,62.29631,937.7504,27.27,Overcast
2016-05-10 21:00:00+00:00,MUĞLA,48,24.8795,11.9795,0.0,11.119281,3.0,52.48195,937.18976,26.64,Overcast
2016-05-11 21:00:00+00:00,MUĞLA,48,24.1295,13.2295,0.0,14.145756,3.0,59.91788,936.6879,26.62,Overcast
2016-05-12 21:00:00+00:00,MUĞLA,48,24.3795,15.0795,2.0,17.651016,53.0,66.0898,935.5303,24.25,Drizzle: Moderate
2016-05-13 21:00:00+00:00,MUĞLA,48,20.9295,14.7295,7.2,11.885453,63.0,72.15127,937.9462,13.72,Rain: Moderate
2016-05-14 21:00:00+00:00,MUĞLA,48,22.0795,14.9795,8.6,16.923828,61.0,82.21197,938.9919,13.95,Rain: Slight
2016-05-15 21:00:00+00:00,MUĞLA,48,22.6295,11.0295,0.0,10.00256,3.0,73.93555,938.87897,27.99,Overcast
2016-05-16 21:00:00+00:00,MUĞLA,48,22.779501,10.679501,0.0,11.570515,1.0,66.807915,936.1442,28.37,Mainly clear
2016-05-17 21:00:00+00:00,MUĞLA,48,21.279501,11.2295,1.4,17.654686,53.0,62.243546,935.7617,26.72,Drizzle: Moderate
2016-05-18 21:00:00+00:00,MUĞLA,48,22.2295,10.0295,0.0,12.387348,3.0,57.895153,938.4187,28.23,Overcast
2016-05-19 21:00:00+00:00,MUĞLA,48,24.0795,10.0795,0.0,9.114471,3.0,58.711437,939.0473,28.97,Overcast
2016-05-20 21:00:00+00:00,MUĞLA,48,21.279501,14.3295,1.8,18.0,53.0,71.684326,937.87054,21.12,Drizzle: Moderate
2016-05-21 21:00:00+00:00,MUĞLA,48,18.1795,12.4795,18.2,11.966954,63.0,81.513885,934.3814,16.74,Rain: Moderate
2016-05-22 21:00:00+00:00,MUĞLA,48,19.0795,10.3295,0.0,20.192118,3.0,70.50327,934.75275,21.45,Overcast
2016-05-23 21:00:00+00:00,MUĞLA,48,23.7295,10.1295,0.0,11.966953,3.0,58.693523,936.8347,29.29,Overcast
2016-05-24 21:00:00+00:00,MUĞLA,48,19.279501,12.6295,2.6,15.986593,53.0,81.46076,933.6917,23.89,Drizzle: Moderate
2016-05-25 21:00:00+00:00,MUĞLA,48,21.029501,9.929501,3.2999997,14.77755,63.0,67.25829,932.63617,24.96,Rain: Moderate
2016-05-26 21:00:00+00:00,MUĞLA,48,20.8795,11.2795,0.1,18.792551,51.0,65.04026,935.28467,24.3,Drizzle: Light
2016-05-27 21:00:00+00:00,MUĞLA,48,23.779501,11.2795,0.0,16.279802,1.0,57.730793,936.5837,28.59,Mainly clear
2016-05-28 21:00:00+00:00,MUĞLA,48,26.4295,12.0295,0.0,10.105681,3.0,51.75087,938.4755,29.3,Overcast
2016-05-29 21:00:00+00:00,MUĞLA,48,26.8295,12.8795,0.0,11.212135,2.0,62.010204,940.09296,28.88,Partly cloudy
2016-05-30 21:00:00+00:00,MUĞLA,48,27.6295,16.1795,0.0,13.1041975,1.0,50.89268,940.0101,29.33,Mainly clear
2016-05-31 21:00:00+00:00,MUĞLA,48,30.029501,13.929501,0.0,10.799999,2.0,53.49472,939.9417,29.56,Partly cloudy
2016-06-01 21:00:00+00:00,MUĞLA,48,31.3795,15.679501,0.0,13.202726,1.0,46.665432,938.6757,29.06,Mainly clear
2016-06-02 21:00:00+00:00,MUĞLA,48,27.8795,18.4795,0.0,16.595179,3.0,45.3107,935.6674,28.38,Overcast
2016-06-03 21:00:00+00:00,MUĞLA,48,27.029501,13.5295,0.0,10.661107,3.0,60.216976,934.4371,29.28,Overcast
2016-06-04 21:00:00+00:00,MUĞLA,48,28.7295,15.5795,0.0,16.375053,2.0,50.160934,936.30005,29.39,Partly cloudy
2016-06-05 21:00:00+00:00,MUĞLA,48,27.9795,15.7295,0.2,14.561099,51.0,52.66278,937.3572,28.4,Drizzle: Light
2016-06-06 21:00:00+00:00,MUĞLA,48,26.6795,15.2295,0.0,15.509274,2.0,57.159637,937.2797,27.49,Partly cloudy
2016-06-07 21:00:00+00:00,MUĞLA,48,27.0795,15.5795,0.9,11.4862,53.0,54.51309,934.9958,28.21,Drizzle: Moderate
2016-06-08 21:00:00+00:00,MUĞLA,48,26.029501,14.1295,0.0,9.346143,1.0,47.316402,933.7082,29.4,Mainly clear
2016-06-09 21:00:00+00:00,MUĞLA,48,24.029501,13.2295,1.2,13.363711,53.0,53.863262,935.2632,26.27,Drizzle: Moderate
2016-06-10 21:00:00+00:00,MUĞLA,48,25.029501,12.7295,0.2,9.511088,51.0,58.80958,938.6365,29.34,Drizzle: Light
2016-06-11 21:00:00+00:00,MUĞLA,48,27.6795,14.3295,0.0,14.182355,0.0,58.00293,940.12225,29.81,Clear sky
2016-06-12 21:00:00+00:00,MUĞLA,48,26.6295,14.9795,0.0,15.192682,3.0,49.021664,936.24115,29.24,Overcast
2016-06-13 21:00:00+00:00,MUĞLA,48,23.9795,16.6295,4.4,26.220753,61.0,58.800934,932.392,22.14,Rain: Slight
2016-06-14 21:00:00+00:00,MUĞLA,48,27.2295,15.3295,0.3,12.24,51.0,65.27819,934.0737,27.41,Drizzle: Light
2016-06-15 21:00:00+00:00,MUĞLA,48,32.2795,15.6295,0.0,15.137133,0.0,47.66208,938.5451,30.31,Clear sky
2016-06-16 21:00:00+00:00,MUĞLA,48,34.879498,18.6795,0.0,18.792551,0.0,31.450972,940.79974,30.54,Clear sky
2016-06-17 21:00:00+00:00,MUĞLA,48,37.879498,21.7295,0.0,20.240198,0.0,25.373129,939.41705,30.54,Clear sky
2016-06-18 21:00:00+00:00,MUĞLA,48,38.429497,20.1795,0.0,10.464797,0.0,32.40138,938.11615,29.89,Clear sky
2016-06-19 21:00:00+00:00,MUĞLA,48,37.929497,19.5795,0.0,8.714677,0.0,38.828327,939.0888,30.35,Clear sky
2016-06-20 21:00:00+00:00,MUĞLA,48,38.429497,20.9295,0.0,12.224107,0.0,33.493916,938.94653,30.45,Clear sky
2016-06-21 21:00:00+00:00,MUĞLA,48,37.679497,21.8295,0.0,12.55879,0.0,27.773323,937.3212,30.12,Clear sky
2016-06-22 21:00:00+00:00,MUĞLA,48,38.0295,22.8795,0.0,7.10031,2.0,34.844246,936.67584,29.16,Partly cloudy
2016-06-23 21:00:00+00:00,MUĞLA,48,37.7795,24.2295,0.0,8.4963045,3.0,34.988987,935.3647,28.53,Overcast
2016-06-24 21:00:00+00:00,MUĞLA,48,35.7295,22.779501,0.3,15.226764,51.0,44.36897,935.2022,27.8,Drizzle: Light
2016-06-25 21:00:00+00:00,MUĞLA,48,29.4295,21.2295,0.0,14.917212,0.0,58.632233,936.2957,29.27,Clear sky
2016-06-26 21:00:00+00:00,MUĞLA,48,31.279501,19.0795,0.70000005,14.003028,51.0,60.588276,935.0183,24.72,Drizzle: Light
2016-06-27 21:00:00+00:00,MUĞLA,48,33.3295,20.9795,0.0,16.135872,1.0,44.17874,933.6641,27.95,Mainly clear
2016-06-28 21:00:00+00:00,MUĞLA,48,31.529501,20.529501,2.5,14.081478,63.0,44.193604,933.95355,26.06,Rain: Moderate
2016-06-29 21:00:00+00:00,MUĞLA,48,32.7295,19.3295,0.0,8.39657,2.0,44.227814,936.9556,29.46,Partly cloudy
2016-06-30 21:00:00+00:00,MUĞLA,48,34.2795,20.8795,0.0,9.885262,2.0,42.261375,938.08984,29.15,Partly cloudy
2016-07-01 21:00:00+00:00,MUĞLA,48,34.5295,21.279501,0.0,13.450708,2.0,42.053955,936.4693,29.62,Partly cloudy
2016-07-02 21:00:00+00:00,MUĞLA,48,35.0295,21.3295,0.0,11.753876,2.0,35.56197,933.90204,28.67,Partly cloudy
2016-07-03 21:00:00+00:00,MUĞLA,48,34.9795,23.0795,1.8000001,8.225035,61.0,39.34717,933.0031,25.69,Rain: Slight
2016-07-04 21:00:00+00:00,MUĞLA,48,34.179497,22.2295,0.0,18.678415,0.0,32.695644,934.14154,29.67,Clear sky
2016-07-05 21:00:00+00:00,MUĞLA,48,34.9795,21.529501,0.0,12.387348,0.0,31.517311,934.1426,29.7,Clear sky
2016-07-06 21:00:00+00:00,MUĞLA,48,33.7295,21.779501,1.5,12.9249525,55.0,37.31175,933.1155,25.85,Drizzle: Dense
2016-07-07 21:00:00+00:00,MUĞLA,48,34.7795,22.1795,0.0,12.181624,1.0,38.4249,936.5273,29.35,Mainly clear
2016-07-08 21:00:00+00:00,MUĞLA,48,34.179497,21.6295,0.0,14.759999,2.0,36.11172,936.76215,29.49,Partly cloudy
2016-07-09 21:00:00+00:00,MUĞLA,48,35.8295,21.3295,0.0,9.885262,0.0,29.58518,936.1618,29.93,Clear sky
2016-07-10 21:00:00+00:00,MUĞLA,48,35.8295,21.779501,0.0,12.55879,0.0,28.503477,936.866,29.79,Clear sky
2016-07-11 21:00:00+00:00,MUĞLA,48,35.7795,20.6295,0.0,14.408997,2.0,38.997936,936.35126,29.19,Partly cloudy
2016-07-12 21:00:00+00:00,MUĞLA,48,36.129498,21.029501,2.0,11.659777,61.0,41.537205,936.2053,28.72,Rain: Slight
2016-07-13 21:00:00+00:00,MUĞLA,48,36.929497,22.1295,0.0,13.905509,0.0,35.568012,934.8321,29.18,Clear sky
2016-07-14 21:00:00+00:00,MUĞLA,48,36.7795,21.1295,0.0,12.738099,0.0,40.328903,934.69336,29.4,Clear sky
2016-07-15 21:00:00+00:00,MUĞLA,48,36.179497,21.3295,0.0,14.182355,0.0,43.607742,936.1104,29.28,Clear sky
2016-07-16 21:00:00+00:00,MUĞLA,48,35.4795,20.8295,0.0,12.229406,0.0,45.131638,935.3211,29.15,Clear sky
2016-07-17 21:00:00+00:00,MUĞLA,48,35.379498,21.1795,0.0,12.979984,0.0,45.222137,932.86993,28.44,Clear sky
2016-07-18 21:00:00+00:00,MUĞLA,48,35.379498,23.5795,0.1,10.144082,51.0,44.987377,931.5437,26.6,Drizzle: Light
2016-07-19 21:00:00+00:00,MUĞLA,48,32.7795,23.0795,0.6,9.686609,53.0,48.106388,932.5049,24.1,Drizzle: Moderate
2016-07-20 21:00:00+00:00,MUĞLA,48,30.7295,22.029501,1.6,8.12197,53.0,60.106735,935.4761,23.26,Drizzle: Moderate
2016-07-21 21:00:00+00:00,MUĞLA,48,32.5795,21.5795,0.0,12.904882,3.0,56.115906,938.19745,26.68,Overcast
2016-07-22 21:00:00+00:00,MUĞLA,48,35.879498,21.029501,0.0,14.291592,0.0,36.649372,937.35016,28.69,Clear sky
2016-07-23 21:00:00+00:00,MUĞLA,48,37.2295,21.7295,0.0,8.942214,0.0,26.47693,934.21246,29.36,Clear sky
2016-07-24 21:00:00+00:00,MUĞLA,48,36.629498,23.1795,0.0,13.70839,0.0,26.949224,933.6126,29.17,Clear sky
2016-07-25 21:00:00+00:00,MUĞLA,48,35.2795,21.1295,0.0,13.551501,0.0,41.240517,933.9812,28.61,Clear sky
2016-07-26 21:00:00+00:00,MUĞLA,48,35.0295,21.8295,0.0,13.661038,1.0,44.55484,934.46063,26.51,Mainly clear
2016-07-27 21:00:00+00:00,MUĞLA,48,35.3295,23.279501,0.0,13.044722,0.0,42.613125,934.84454,26.2,Clear sky
2016-07-28 21:00:00+00:00,MUĞLA,48,34.9795,23.279501,0.0,14.168641,0.0,44.432446,933.92194,24.38,Clear sky
2016-07-29 21:00:00+00:00,MUĞLA,48,35.7795,23.3795,0.0,8.049845,2.0,41.279102,933.30304,25.63,Partly cloudy
2016-07-30 21:00:00+00:00,MUĞLA,48,35.629498,24.0795,0.0,11.384198,2.0,40.019413,934.4711,24.39,Partly cloudy
2016-07-31 21:00:00+00:00,MUĞLA,48,36.7795,23.4795,0.0,11.808878,1.0,43.919632,936.1731,24.99,Mainly clear
2016-08-01 21:00:00+00:00,MUĞLA,48,36.929497,22.8795,0.0,14.021525,0.0,37.752605,935.86346,27.73,Clear sky
2016-08-02 21:00:00+00:00,MUĞLA,48,36.879498,22.7295,0.0,6.9899354,1.0,33.32441,933.35834,26.7,Mainly clear
2016-08-03 21:00:00+00:00,MUĞLA,48,36.9795,24.279501,2.8,8.587338,61.0,36.08942,933.5862,23.93,Rain: Slight
2016-08-04 21:00:00+00:00,MUĞLA,48,34.8295,23.5795,4.0,6.151683,63.0,46.233814,934.24677,22.17,Rain: Moderate
2016-08-05 21:00:00+00:00,MUĞLA,48,33.629498,21.3295,0.6,12.496719,51.0,50.582138,935.4834,24.78,Drizzle: Light
2016-08-06 21:00:00+00:00,MUĞLA,48,34.679497,21.8295,0.0,11.440978,3.0,51.877655,935.892,26.43,Overcast
2016-08-07 21:00:00+00:00,MUĞLA,48,35.4795,22.6295,0.0,12.261157,2.0,51.60124,936.5188,26.51,Partly cloudy
2016-08-08 21:00:00+00:00,MUĞLA,48,34.4795,22.529501,0.0,13.513193,0.0,50.348984,935.0398,24.69,Clear sky
2016-08-09 21:00:00+00:00,MUĞLA,48,33.3295,22.6295,0.4,9.47012,51.0,51.71281,934.1923,23.16,Drizzle: Light
2016-08-10 21:00:00+00:00,MUĞLA,48,35.4795,22.8295,0.0,11.298495,3.0,46.856625,935.8648,25.06,Overcast
2016-08-11 21:00:00+00:00,MUĞLA,48,35.879498,24.6295,0.0,12.43434,1.0,47.03514,936.9577,24.22,Mainly clear
2016-08-12 21:00:00+00:00,MUĞLA,48,34.0795,22.3795,0.90000004,12.371645,53.0,45.041683,936.8461,24.49,Drizzle: Moderate
2016-08-13 21:00:00+00:00,MUĞLA,48,33.5295,21.3295,0.0,11.435313,3.0,43.465103,937.7104,25.27,Overcast
2016-08-14 21:00:00+00:00,MUĞLA,48,31.9795,22.8795,0.0,9.449572,3.0,42.29829,936.9288,21.36,Overcast
2016-08-15 21:00:00+00:00,MUĞLA,48,34.9795,22.3295,0.0,11.298495,2.0,39.88828,935.3133,26.02,Partly cloudy
2016-08-16 21:00:00+00:00,MUĞLA,48,34.879498,21.4295,0.0,9.904906,0.0,31.920744,934.48016,26.89,Clear sky
2016-08-17 21:00:00+00:00,MUĞLA,48,34.9795,20.279501,0.0,13.830749,0.0,27.517677,934.59906,26.77,Clear sky
2016-08-18 21:00:00+00:00,MUĞLA,48,34.7295,20.1795,0.0,13.276144,0.0,39.929768,934.6714,25.66,Clear sky
2016-08-19 21:00:00+00:00,MUĞLA,48,33.5795,21.3295,4.4,11.988594,61.0,49.568073,935.29254,21.97,Rain: Slight
2016-08-20 21:00:00+00:00,MUĞLA,48,32.629498,20.8795,3.6000001,11.592895,63.0,56.352207,936.611,23.93,Rain: Moderate
2016-08-21 21:00:00+00:00,MUĞLA,48,32.2295,20.4295,0.0,12.768586,1.0,60.18825,937.2058,24.84,Mainly clear
2016-08-22 21:00:00+00:00,MUĞLA,48,32.4295,20.9295,0.0,12.88981,1.0,58.82062,936.85077,23.48,Mainly clear
2016-08-23 21:00:00+00:00,MUĞLA,48,32.4295,21.2295,2.3,8.287822,61.0,61.776005,935.78033,22.24,Rain: Slight
2016-08-24 21:00:00+00:00,MUĞLA,48,31.3795,21.529501,0.9,9.021574,51.0,63.875797,935.3521,21.93,Drizzle: Light
2016-08-25 21:00:00+00:00,MUĞLA,48,31.029501,21.4295,0.0,8.287822,2.0,66.36738,937.0611,21.76,Partly cloudy
2016-08-26 21:00:00+00:00,MUĞLA,48,28.4795,21.1295,3.7,8.942214,55.0,71.996445,938.6338,19.44,Drizzle: Dense
2016-08-27 21:00:00+00:00,MUĞLA,48,27.6795,20.4295,0.7,9.1641035,51.0,71.5442,938.6246,19.56,Drizzle: Light
2016-08-28 21:00:00+00:00,MUĞLA,48,26.9295,19.9795,2.6,9.360001,53.0,71.00758,937.535,18.27,Drizzle: Moderate
2016-08-29 21:00:00+00:00,MUĞLA,48,29.3295,19.779501,0.0,9.885262,3.0,59.98761,937.3189,19.69,Overcast
2016-08-30 21:00:00+00:00,MUĞLA,48,32.2795,20.3795,0.0,8.311245,3.0,46.407856,937.55756,21.78,Overcast
2016-08-31 21:00:00+00:00,MUĞLA,48,33.1795,20.9795,0.0,9.449572,2.0,39.304058,937.6736,23.88,Partly cloudy
2016-09-01 21:00:00+00:00,MUĞLA,48,31.4795,20.529501,1.1,9.885262,55.0,46.274094,934.55634,20.9,Drizzle: Dense
2016-09-02 21:00:00+00:00,MUĞLA,48,31.1795,20.5795,7.1,6.638072,63.0,55.535034,933.8365,20.16,Rain: Moderate
2016-09-03 21:00:00+00:00,MUĞLA,48,28.9295,17.8295,5.8,8.78872,63.0,61.84062,936.8581,20.42,Rain: Moderate
2016-09-04 21:00:00+00:00,MUĞLA,48,26.8295,17.8295,0.0,10.636766,2.0,66.88134,939.3995,19.72,Partly cloudy
2016-09-05 21:00:00+00:00,MUĞLA,48,25.3795,17.9795,0.0,14.471821,3.0,70.111565,940.00116,21.87,Overcast
2016-09-06 21:00:00+00:00,MUĞLA,48,28.6295,16.3795,0.0,10.883676,2.0,59.49959,940.9485,22.67,Partly cloudy
2016-09-07 21:00:00+00:00,MUĞLA,48,32.9295,18.1295,0.0,14.48972,1.0,46.410137,938.39795,22.72,Mainly clear
2016-09-08 21:00:00+00:00,MUĞLA,48,33.5795,18.529501,0.0,10.144082,2.0,42.336063,937.17505,20.72,Partly cloudy
2016-09-09 21:00:00+00:00,MUĞLA,48,31.1295,19.9795,0.0,14.003029,1.0,50.894367,938.0703,20.58,Mainly clear
2016-09-10 21:00:00+00:00,MUĞLA,48,28.0795,18.6295,0.0,11.753876,1.0,67.54679,938.5401,20.38,Mainly clear
2016-09-11 21:00:00+00:00,MUĞLA,48,27.279501,18.3795,7.2000003,9.339208,63.0,71.701904,937.8655,18.42,Rain: Moderate
2016-09-12 21:00:00+00:00,MUĞLA,48,27.4295,18.1295,4.7,7.771331,61.0,72.06644,936.4235,18.65,Rain: Slight
2016-09-13 21:00:00+00:00,MUĞLA,48,27.2295,17.0795,2.2,8.311245,61.0,71.59866,936.0745,20.43,Rain: Slight
2016-09-14 21:00:00+00:00,MUĞLA,48,28.529501,17.7295,0.0,9.793058,2.0,61.050022,936.47736,20.78,Partly cloudy
2016-09-15 21:00:00+00:00,MUĞLA,48,28.4295,17.3795,0.0,13.358861,0.0,43.15472,938.2334,21.83,Clear sky
2016-09-16 21:00:00+00:00,MUĞLA,48,29.8795,15.4795,0.0,7.729527,0.0,39.998596,939.45844,22.42,Clear sky
2016-09-17 21:00:00+00:00,MUĞLA,48,31.2295,15.6295,0.0,12.43434,0.0,39.090084,939.47833,21.16,Clear sky
2016-09-18 21:00:00+00:00,MUĞLA,48,29.3795,19.3795,0.0,11.983188,3.0,59.89377,938.0166,19.91,Overcast
2016-09-19 21:00:00+00:00,MUĞLA,48,25.4795,15.4795,20.7,21.67786,63.0,84.44373,935.7342,12.87,Rain: Moderate
2016-09-20 21:00:00+00:00,MUĞLA,48,22.8295,13.7795,0.7,9.3876505,51.0,74.31655,936.3066,17.05,Drizzle: Light
2016-09-21 21:00:00+00:00,MUĞLA,48,23.029501,14.429501,2.7,12.964998,61.0,69.85573,938.10126,17.05,Rain: Slight
2016-09-22 21:00:00+00:00,MUĞLA,48,21.7295,14.3795,0.0,19.93048,0.0,57.542377,941.16943,20.76,Clear sky
2016-09-23 21:00:00+00:00,MUĞLA,48,23.1795,11.5795,0.0,12.522619,1.0,43.08135,941.9996,21.07,Mainly clear
2016-09-24 21:00:00+00:00,MUĞLA,48,22.779501,11.0295,0.0,8.891344,0.0,48.610825,937.7444,20.76,Clear sky
2016-09-25 21:00:00+00:00,MUĞLA,48,22.8295,10.679501,0.0,6.725354,3.0,53.582703,936.98145,16.72,Overcast
2016-09-26 21:00:00+00:00,MUĞLA,48,24.029501,11.5795,0.0,8.28,0.0,49.810635,939.897,19.97,Clear sky
2016-09-27 21:00:00+00:00,MUĞLA,48,25.529501,12.8795,0.0,11.457958,0.0,50.31828,943.86395,20.06,Clear sky
2016-09-28 21:00:00+00:00,MUĞLA,48,27.3295,12.9795,0.0,8.404285,0.0,45.947205,944.6973,19.98,Clear sky
2016-09-29 21:00:00+00:00,MUĞLA,48,28.779501,12.2795,0.0,7.5685663,0.0,39.38084,941.9583,20.08,Clear sky
2016-09-30 21:00:00+00:00,MUĞLA,48,27.8295,13.179501,0.0,10.315115,0.0,44.458267,940.1552,19.53,Clear sky
2016-10-01 21:00:00+00:00,MUĞLA,48,27.7295,13.2795,0.0,10.514218,3.0,55.29981,940.90894,18.66,Overcast
2016-10-02 21:00:00+00:00,MUĞLA,48,28.6295,13.7295,0.0,8.39657,3.0,52.68109,940.45483,18.94,Overcast
2016-10-03 21:00:00+00:00,MUĞLA,48,29.279501,15.1295,0.0,9.726665,0.0,49.868137,937.36206,18.64,Clear sky
2016-10-04 21:00:00+00:00,MUĞLA,48,25.8795,14.0795,0.0,11.27553,1.0,63.305767,935.9565,17.91,Mainly clear
2016-10-05 21:00:00+00:00,MUĞLA,48,25.1795,13.7295,0.0,11.631956,2.0,60.013027,938.4764,17.85,Partly cloudy
2016-10-06 21:00:00+00:00,MUĞLA,48,25.0795,12.8295,0.0,10.787993,0.0,56.583584,940.24396,18.11,Clear sky
2016-10-07 21:00:00+00:00,MUĞLA,48,22.8795,14.5295,2.4,18.057508,51.0,74.8162,939.43085,14.91,Drizzle: Light
2016-10-08 21:00:00+00:00,MUĞLA,48,25.4795,15.5295,0.6,9.511088,51.0,69.26987,941.54193,16.94,Drizzle: Light
2016-10-09 21:00:00+00:00,MUĞLA,48,25.4295,13.1295,0.0,9.72,2.0,54.377308,940.9765,17.53,Partly cloudy
2016-10-10 21:00:00+00:00,MUĞLA,48,25.9295,13.3795,0.0,11.440979,3.0,53.953358,939.18286,15.75,Overcast
2016-10-11 21:00:00+00:00,MUĞLA,48,23.529501,16.9295,5.0000005,22.7057,55.0,78.28344,938.4655,14.18,Drizzle: Dense
2016-10-12 21:00:00+00:00,MUĞLA,48,22.0795,15.3295,1.0,10.383987,51.0,84.75703,940.8635,12.96,Drizzle: Light
2016-10-13 21:00:00+00:00,MUĞLA,48,25.779501,13.2295,0.0,11.183201,0.0,61.654385,941.0257,16.86,Clear sky
2016-10-14 21:00:00+00:00,MUĞLA,48,24.5795,13.2295,0.0,13.584932,0.0,40.724194,940.9939,17.04,Clear sky
2016-10-15 21:00:00+00:00,MUĞLA,48,26.779501,10.429501,0.0,7.4128532,3.0,40.868885,941.656,16.84,Overcast
2016-10-16 21:00:00+00:00,MUĞLA,48,25.4795,13.2295,0.0,12.959999,2.0,49.13005,939.99225,14.49,Partly cloudy
2016-10-17 21:00:00+00:00,MUĞLA,48,22.1795,12.429501,0.0,11.753877,1.0,55.81671,938.99835,16.28,Mainly clear
2016-10-18 21:00:00+00:00,MUĞLA,48,21.8795,10.679501,0.0,8.654986,0.0,60.642857,939.9892,16.01,Clear sky
2016-10-19 21:00:00+00:00,MUĞLA,48,23.1295,10.429501,0.0,6.489992,1.0,56.18526,939.8514,16.1,Mainly clear
2016-10-20 21:00:00+00:00,MUĞLA,48,22.0795,9.9795,0.0,8.891344,3.0,55.28805,939.66284,15.6,Overcast
2016-10-21 21:00:00+00:00,MUĞLA,48,23.9795,10.9795,0.0,10.1376915,1.0,60.64351,941.0596,15.12,Mainly clear
2016-10-22 21:00:00+00:00,MUĞLA,48,23.9795,13.0295,0.5,10.739833,51.0,68.21182,942.43536,14.08,Drizzle: Light
2016-10-23 21:00:00+00:00,MUĞLA,48,23.0795,12.179501,0.2,16.179985,51.0,61.98351,941.4321,14.76,Drizzle: Light
2016-10-24 21:00:00+00:00,MUĞLA,48,23.4295,12.5795,0.0,13.276144,0.0,50.125988,941.54193,15.25,Clear sky
2016-10-25 21:00:00+00:00,MUĞLA,48,24.6795,10.7295,0.0,8.707237,3.0,43.794506,938.47345,15.22,Overcast
2016-10-26 21:00:00+00:00,MUĞLA,48,23.1295,10.9795,0.0,8.161764,3.0,52.61745,939.9119,13.47,Overcast
2016-10-27 21:00:00+00:00,MUĞLA,48,22.8795,13.3295,0.0,8.14587,3.0,55.000137,942.3294,13.42,Overcast
2016-10-28 21:00:00+00:00,MUĞLA,48,23.279501,11.8295,0.0,11.090103,2.0,65.57652,943.60406,13.79,Partly cloudy
2016-10-29 21:00:00+00:00,MUĞLA,48,21.779501,11.0795,0.0,11.966954,0.0,58.273605,940.85944,13.96,Clear sky
2016-10-30 21:00:00+00:00,MUĞLA,48,17.8295,9.7295,2.0,9.422101,53.0,64.683136,938.07104,5.9,Drizzle: Moderate
2016-10-31 21:00:00+00:00,MUĞLA,48,14.5295,5.9295,0.0,20.696085,3.0,49.795727,937.9109,14.66,Overcast
2016-11-01 21:00:00+00:00,MUĞLA,48,17.9795,4.3795,0.0,12.144331,0.0,45.431393,942.36084,14.47,Clear sky
2016-11-02 21:00:00+00:00,MUĞLA,48,16.5295,8.7795,0.0,10.390226,1.0,73.94237,943.8269,12.14,Mainly clear
2016-11-03 21:00:00+00:00,MUĞLA,48,17.8795,7.5795,0.3,8.209263,51.0,79.09146,945.12036,10.82,Drizzle: Light
2016-11-04 21:00:00+00:00,MUĞLA,48,19.2295,8.2295,0.1,8.39657,51.0,77.7747,944.1626,10.93,Drizzle: Light
2016-11-05 21:00:00+00:00,MUĞLA,48,18.9795,8.3795,0.0,10.514218,3.0,78.44697,943.34515,11.79,Overcast
2016-11-06 21:00:00+00:00,MUĞLA,48,18.7295,11.1295,0.0,16.923828,3.0,82.24855,943.8611,10.23,Overcast
2016-11-07 21:00:00+00:00,MUĞLA,48,19.5795,13.3795,0.70000005,22.104116,51.0,83.74694,944.743,10.64,Drizzle: Light
2016-11-08 21:00:00+00:00,MUĞLA,48,18.779501,12.429501,6.0,25.630886,61.0,86.357506,940.59125,9.04,Rain: Slight
2016-11-09 21:00:00+00:00,MUĞLA,48,15.8295,10.0295,17.0,23.40277,63.0,85.08477,938.9411,9.28,Rain: Moderate
2016-11-10 21:00:00+00:00,MUĞLA,48,16.0295,9.929501,2.6000001,9.957108,53.0,88.19379,943.86615,8.59,Drizzle: Moderate
2016-11-11 21:00:00+00:00,MUĞLA,48,18.279501,7.8795004,0.0,10.464797,3.0,80.328735,944.6987,11.0,Overcast
2016-11-12 21:00:00+00:00,MUĞLA,48,16.2795,10.5795,2.6000001,10.086427,51.0,92.14326,942.77875,7.46,Drizzle: Light
2016-11-13 21:00:00+00:00,MUĞLA,48,16.6295,10.0795,0.0,5.1544156,3.0,81.75655,943.76056,8.58,Overcast
2016-11-14 21:00:00+00:00,MUĞLA,48,15.8795,6.8295,0.0,14.404499,3.0,70.51124,942.0578,11.89,Overcast
2016-11-15 21:00:00+00:00,MUĞLA,48,10.5295,4.8795,0.0,18.289274,0.0,61.11769,940.88153,12.09,Clear sky
2016-11-16 21:00:00+00:00,MUĞLA,48,14.2295,2.8795,0.0,10.144082,0.0,50.26955,940.82495,12.33,Clear sky
2016-11-17 21:00:00+00:00,MUĞLA,48,16.2295,2.4795,0.0,5.3999996,3.0,59.33758,944.5217,12.06,Overcast
2016-11-18 21:00:00+00:00,MUĞLA,48,18.5795,3.4295,0.0,5.1919937,3.0,55.01138,944.0839,12.05,Overcast
2016-11-19 21:00:00+00:00,MUĞLA,48,19.8295,4.4295,0.0,6.0347,0.0,53.344437,942.11035,11.87,Clear sky
2016-11-20 21:00:00+00:00,MUĞLA,48,20.029501,5.3295,0.0,6.6185193,3.0,52.78679,942.3581,10.27,Overcast
2016-11-21 21:00:00+00:00,MUĞLA,48,19.279501,5.9795003,0.0,4.8433046,3.0,54.662846,943.2883,11.41,Overcast
2016-11-22 21:00:00+00:00,MUĞLA,48,19.279501,8.9795,0.0,6.87779,3.0,55.82079,944.7292,11.33,Overcast
2016-11-23 21:00:00+00:00,MUĞLA,48,16.9795,8.1795,0.0,7.208994,1.0,67.9002,944.5205,11.11,Mainly clear
2016-11-24 21:00:00+00:00,MUĞLA,48,16.2295,5.9795003,0.0,6.1094027,3.0,72.8388,943.1479,10.57,Overcast
2016-11-25 21:00:00+00:00,MUĞLA,48,16.6795,4.5795,0.0,4.8433046,0.0,71.50143,942.11725,11.19,Clear sky
2016-11-26 21:00:00+00:00,MUĞLA,48,14.5795,8.4295,0.0,13.722565,3.0,84.51693,941.9624,9.04,Overcast
2016-11-27 21:00:00+00:00,MUĞLA,48,12.4795,8.7795,4.8,24.014996,53.0,90.229866,938.5317,4.15,Drizzle: Moderate
2016-11-28 21:00:00+00:00,MUĞLA,48,11.3795,9.4295,32.100002,15.937878,63.0,94.140594,933.71436,2.48,Rain: Moderate
2016-11-29 21:00:00+00:00,MUĞLA,48,11.8795,4.6295,2.9,10.587918,53.0,86.01972,931.82764,6.34,Drizzle: Moderate
2016-11-30 21:00:00+00:00,MUĞLA,48,9.3795,2.2795,1.4000001,17.698677,53.0,70.605156,931.29144,10.7,Drizzle: Moderate
2016-12-01 21:00:00+00:00,MUĞLA,48,7.7795,-0.17049992,0.0,11.792404,3.0,67.588715,936.0298,10.73,Overcast
2016-12-02 21:00:00+00:00,MUĞLA,48,12.7295,4.3795,1.3000001,6.8777895,51.0,80.364494,942.3255,7.87,Drizzle: Light
2016-12-03 21:00:00+00:00,MUĞLA,48,12.6295,7.2295003,4.2,6.130579,61.0,92.29,945.9114,5.78,Rain: Slight
2016-12-04 21:00:00+00:00,MUĞLA,48,13.9795,6.6295004,0.0,9.885262,3.0,80.93218,945.97345,9.13,Overcast
2016-12-05 21:00:00+00:00,MUĞLA,48,12.7795,2.8795,0.0,7.9036193,0.0,74.47006,946.23334,9.87,Clear sky
2016-12-06 21:00:00+00:00,MUĞLA,48,12.3295,2.8795,0.0,10.08,3.0,68.634674,946.71,7.28,Overcast
2016-12-07 21:00:00+00:00,MUĞLA,48,10.3795,1.6295,0.0,11.609651,0.0,62.59138,950.16876,10.79,Clear sky
2016-12-08 21:00:00+00:00,MUĞLA,48,12.679501,-0.12049997,0.0,7.5685663,0.0,60.86029,947.7701,10.58,Clear sky
2016-12-09 21:00:00+00:00,MUĞLA,48,14.0795,0.5295001,0.0,7.5170207,0.0,50.927,943.1745,10.22,Clear sky
2016-12-10 21:00:00+00:00,MUĞLA,48,15.9795,1.9795,0.0,7.0911775,0.0,55.964054,941.48926,10.23,Clear sky
2016-12-11 21:00:00+00:00,MUĞLA,48,12.0295,5.7795,5.8999996,13.493999,63.0,85.8873,937.5156,5.72,Rain: Moderate
2016-12-12 21:00:00+00:00,MUĞLA,48,10.2795,2.5795002,1.1,19.914217,51.0,84.98445,933.3652,8.59,Drizzle: Light
2016-12-13 21:00:00+00:00,MUĞLA,48,3.8295002,-1.4704999,0.0,23.143827,2.0,51.230885,940.4633,10.7,Partly cloudy
2016-12-14 21:00:00+00:00,MUĞLA,48,8.1795,-1.2204999,0.0,9.693296,1.0,48.59862,940.6683,10.49,Mainly clear
2016-12-15 21:00:00+00:00,MUĞLA,48,7.8295,-0.5204998,0.0,9.449572,3.0,48.47221,942.1302,10.34,Overcast
2016-12-16 21:00:00+00:00,MUĞLA,48,6.6295004,-0.9704999,0.0,9.659814,3.0,58.18579,947.1787,9.19,Overcast
2016-12-17 21:00:00+00:00,MUĞLA,48,6.9795003,-1.5705,0.0,8.049845,0.0,58.54373,946.7341,10.51,Clear sky
2016-12-18 21:00:00+00:00,MUĞLA,48,6.5795,-1.4204999,0.0,10.636766,0.0,54.12527,947.16315,10.58,Clear sky
2016-12-19 21:00:00+00:00,MUĞLA,48,10.0795,-1.7204999,0.0,8.373386,1.0,47.727016,945.07404,10.54,Mainly clear
2016-12-20 21:00:00+00:00,MUĞLA,48,4.8295,-0.5204998,0.0,23.4,3.0,52.60208,938.95996,9.41,Overcast
2016-12-21 21:00:00+00:00,MUĞLA,48,5.2795,-0.87049997,0.0,20.447239,3.0,62.38943,936.75824,8.19,Overcast
2016-12-22 21:00:00+00:00,MUĞLA,48,6.9295,-1.0204998,0.6,7.24486,51.0,74.981125,939.2034,6.54,Drizzle: Light
2016-12-23 21:00:00+00:00,MUĞLA,48,9.4795,-0.47049987,0.70000005,11.983188,51.0,77.517555,938.75244,9.16,Drizzle: Light
2016-12-24 21:00:00+00:00,MUĞLA,48,10.6295,0.6795001,0.0,10.182337,3.0,71.16449,937.28375,10.23,Overcast
2016-12-25 21:00:00+00:00,MUĞLA,48,6.1295004,1.2295,0.0,20.674158,3.0,71.810295,937.81976,8.28,Overcast
2016-12-26 21:00:00+00:00,MUĞLA,48,7.7295003,-0.42049992,0.0,15.124284,0.0,64.803474,939.61597,10.35,Clear sky
2016-12-27 21:00:00+00:00,MUĞLA,48,6.8295,-0.22049987,15.099999,11.879999,73.0,82.750435,936.65094,4.59,Snow fall: Moderate
2016-12-28 21:00:00+00:00,MUĞLA,48,3.9295,0.22950006,7.2000003,9.449572,75.0,94.779015,929.59796,6.16,Snow fall: Heavy
2016-12-29 21:00:00+00:00,MUĞLA,48,3.6295,-4.2205,0.0,14.512064,3.0,80.198494,935.93744,7.97,Overcast
2016-12-30 21:00:00+00:00,MUĞLA,48,5.3795,-2.1704998,0.0,8.12197,2.0,73.76967,940.26196,9.69,Partly cloudy
2016-12-31 21:00:00+00:00,MUĞLA,48,5.428,-1.972,0.0,8.350138,3.0,65.55741,942.26373,9.76,Overcast
2017-01-01 21:00:00+00:00,MUĞLA,48,6.578,-2.972,0.0,11.177405,3.0,63.331955,940.6638,8.38,Overcast
2017-01-02 21:00:00+00:00,MUĞLA,48,7.178,-1.322,0.0,9.178235,3.0,70.509125,942.5068,8.5,Overcast
2017-01-03 21:00:00+00:00,MUĞLA,48,7.6280003,0.878,3.5,11.988594,53.0,93.17261,941.0466,6.51,Drizzle: Moderate
2017-01-04 21:00:00+00:00,MUĞLA,48,9.778,4.1280003,87.80001,16.981165,65.0,97.61148,936.368,4.09,Rain: Heavy
2017-01-05 21:00:00+00:00,MUĞLA,48,9.578,6.078,52.999996,28.576382,63.0,85.28947,932.96484,7.41,Rain: Moderate
2017-01-06 21:00:00+00:00,MUĞLA,48,6.478,-0.072000004,41.8,27.729347,73.0,81.98684,927.084,6.2,Snow fall: Moderate
2017-01-07 21:00:00+00:00,MUĞLA,48,4.278,-3.672,0.5,12.9249525,71.0,71.075874,927.1924,10.58,Snow fall: Slight
2017-01-08 21:00:00+00:00,MUĞLA,48,3.828,-4.822,0.0,14.587776,3.0,52.861713,932.34326,10.59,Overcast
2017-01-09 21:00:00+00:00,MUĞLA,48,3.778,-0.222,40.399998,21.129885,75.0,86.95419,930.284,2.03,Snow fall: Heavy
2017-01-10 21:00:00+00:00,MUĞLA,48,6.6280003,-1.1220001,4.6999993,19.33639,75.0,88.44623,942.27985,8.94,Snow fall: Heavy
2017-01-11 21:00:00+00:00,MUĞLA,48,5.728,2.028,32.0,13.358861,73.0,95.30609,942.60596,2.95,Snow fall: Moderate
2017-01-12 21:00:00+00:00,MUĞLA,48,9.528,-1.422,0.0,14.05845,1.0,63.760998,940.13983,11.62,Mainly clear
2017-01-13 21:00:00+00:00,MUĞLA,48,6.278,1.578,9.1,12.245293,63.0,83.23235,936.7702,3.81,Rain: Moderate
2017-01-14 21:00:00+00:00,MUĞLA,48,8.528,3.828,15.300001,12.303366,63.0,94.0669,937.7116,5.21,Rain: Moderate
2017-01-15 21:00:00+00:00,MUĞLA,48,8.728,5.1280003,83.2,23.469128,63.0,95.48309,937.5793,4.95,Rain: Moderate
2017-01-16 21:00:00+00:00,MUĞLA,48,8.028,4.678,84.1,19.134262,65.0,97.21954,938.45685,3.04,Rain: Heavy
2017-01-17 21:00:00+00:00,MUĞLA,48,10.578,3.828,24.400002,14.618837,73.0,82.56086,941.32715,10.8,Snow fall: Moderate
2017-01-18 21:00:00+00:00,MUĞLA,48,10.028,3.128,1.6000001,10.829959,51.0,83.65932,943.9423,8.64,Drizzle: Light
2017-01-19 21:00:00+00:00,MUĞLA,48,10.228,3.128,0.0,12.074766,2.0,72.981636,943.98395,10.91,Partly cloudy
2017-01-20 21:00:00+00:00,MUĞLA,48,10.278,0.92800003,0.0,12.429127,0.0,64.65266,942.9868,12.4,Clear sky
2017-01-21 21:00:00+00:00,MUĞLA,48,10.578,-1.922,0.0,8.759178,2.0,59.386074,944.5967,12.77,Partly cloudy
2017-01-22 21:00:00+00:00,MUĞLA,48,9.728,1.078,0.0,7.5942073,3.0,67.02155,945.11176,12.54,Overcast
2017-01-23 21:00:00+00:00,MUĞLA,48,9.478,3.2280002,1.8000001,15.509274,53.0,73.04116,939.3698,7.88,Drizzle: Moderate
2017-01-24 21:00:00+00:00,MUĞLA,48,7.6280003,5.728,17.5,13.684735,63.0,90.65772,933.49634,5.57,Rain: Moderate
2017-01-25 21:00:00+00:00,MUĞLA,48,7.8780003,0.078,1.9,17.015474,51.0,73.65867,936.6486,11.22,Drizzle: Light
2017-01-26 21:00:00+00:00,MUĞLA,48,1.178,-4.222,0.0,27.362366,3.0,45.23505,939.3631,13.29,Overcast
2017-01-27 21:00:00+00:00,MUĞLA,48,4.428,-3.222,0.0,12.57426,0.0,47.180378,940.8492,13.61,Clear sky
2017-01-28 21:00:00+00:00,MUĞLA,48,6.6280003,-3.5219998,0.4,11.113451,51.0,67.731636,943.6372,11.11,Drizzle: Light
2017-01-29 21:00:00+00:00,MUĞLA,48,5.428,1.028,8.6,9.511088,55.0,90.97534,941.2878,3.68,Drizzle: Dense
2017-01-30 21:00:00+00:00,MUĞLA,48,9.278,-2.222,0.0,11.570515,0.0,56.41405,940.65454,14.04,Clear sky
2017-01-31 21:00:00+00:00,MUĞLA,48,10.928,-3.2719998,0.0,10.446206,0.0,38.62723,944.85645,14.24,Clear sky
2017-02-01 21:00:00+00:00,MUĞLA,48,11.178,-1.222,0.0,6.696387,0.0,35.87604,948.8526,14.15,Clear sky
2017-02-02 21:00:00+00:00,MUĞLA,48,6.678,3.178,0.2,8.0899935,51.0,62.169876,949.02246,2.51,Drizzle: Light
2017-02-03 21:00:00+00:00,MUĞLA,48,8.628,3.4780002,6.0999994,6.725354,53.0,97.0714,945.83545,3.35,Drizzle: Moderate
2017-02-04 21:00:00+00:00,MUĞLA,48,9.878,4.678,15.4,10.805999,61.0,97.9238,942.82196,6.5,Rain: Slight
2017-02-05 21:00:00+00:00,MUĞLA,48,12.578,7.178,5.3,17.786331,53.0,90.13502,942.4495,9.95,Drizzle: Moderate
2017-02-06 21:00:00+00:00,MUĞLA,48,10.528,7.678,9.1,25.809765,61.0,91.95709,940.3283,8.52,Rain: Slight
2017-02-07 21:00:00+00:00,MUĞLA,48,12.978,5.8780003,4.3,11.720751,63.0,79.62165,934.73065,10.45,Rain: Moderate
2017-02-08 21:00:00+00:00,MUĞLA,48,12.678,4.178,0.2,9.178235,51.0,78.23664,938.91797,11.7,Drizzle: Light
2017-02-09 21:00:00+00:00,MUĞLA,48,12.728,4.1280003,2.9,10.483357,53.0,77.55625,940.6276,12.01,Drizzle: Moderate
2017-02-10 21:00:00+00:00,MUĞLA,48,12.028,4.978,1.7,10.365251,53.0,78.09242,938.4666,11.24,Drizzle: Moderate
2017-02-11 21:00:00+00:00,MUĞLA,48,11.078,1.9779999,0.0,14.408997,1.0,60.408604,939.14215,15.49,Mainly clear
2017-02-12 21:00:00+00:00,MUĞLA,48,7.6280003,-0.37199998,0.0,16.981165,0.0,41.274082,939.4201,16.21,Clear sky
2017-02-13 21:00:00+00:00,MUĞLA,48,7.278,-1.172,0.0,18.057508,1.0,39.785183,940.82574,16.32,Mainly clear
2017-02-14 21:00:00+00:00,MUĞLA,48,7.428,-1.572,0.0,20.532627,0.0,43.668346,942.388,16.07,Clear sky
2017-02-15 21:00:00+00:00,MUĞLA,48,7.928,-0.322,0.0,21.38897,0.0,44.202408,943.74805,16.66,Clear sky
2017-02-16 21:00:00+00:00,MUĞLA,48,11.678,-0.772,0.0,11.177405,0.0,52.13878,944.4473,16.49,Clear sky
2017-02-17 21:00:00+00:00,MUĞLA,48,8.878,1.1279999,2.0000002,19.05281,51.0,80.75545,946.9839,9.73,Drizzle: Light
2017-02-18 21:00:00+00:00,MUĞLA,48,9.728,4.028,1.3000001,15.617529,51.0,83.88698,948.7109,10.2,Drizzle: Light
2017-02-19 21:00:00+00:00,MUĞLA,48,10.528,3.7280002,1.5,10.739833,51.0,90.21659,945.5119,8.75,Drizzle: Light
2017-02-20 21:00:00+00:00,MUĞLA,48,11.178,4.978,1.6,14.84318,53.0,84.49786,941.10614,11.98,Drizzle: Moderate
2017-02-21 21:00:00+00:00,MUĞLA,48,12.628,3.628,0.1,13.049689,51.0,74.86173,940.45795,12.92,Drizzle: Light
2017-02-22 21:00:00+00:00,MUĞLA,48,13.078,3.378,0.0,10.883676,2.0,66.279106,942.7061,16.68,Partly cloudy
2017-02-23 21:00:00+00:00,MUĞLA,48,10.778,5.778,2.0,17.388409,51.0,90.319885,944.4739,7.93,Drizzle: Light
2017-02-24 21:00:00+00:00,MUĞLA,48,10.378,7.028,2.4999998,12.979984,53.0,91.84851,945.9382,5.43,Drizzle: Moderate
2017-02-25 21:00:00+00:00,MUĞLA,48,14.528,4.678,0.2,8.427383,51.0,78.2274,943.9357,13.51,Drizzle: Light
2017-02-26 21:00:00+00:00,MUĞLA,48,14.328,6.178,0.1,7.9036193,51.0,74.12913,939.4095,10.1,Drizzle: Light
2017-02-27 21:00:00+00:00,MUĞLA,48,15.978,6.328,0.0,8.534353,3.0,67.82344,937.2168,16.24,Overcast
2017-02-28 21:00:00+00:00,MUĞLA,48,15.928,6.578,0.0,10.390226,3.0,58.402782,936.7082,17.78,Overcast
2017-03-01 21:00:00+00:00,MUĞLA,48,10.378,4.8780003,30.000002,13.627795,63.0,79.852486,934.0793,9.2,Rain: Moderate
2017-03-02 21:00:00+00:00,MUĞLA,48,16.278,4.928,0.0,13.556282,0.0,67.199486,936.45294,18.58,Clear sky
2017-03-03 21:00:00+00:00,MUĞLA,48,17.627998,4.8780003,0.0,9.007196,0.0,62.391235,940.37946,18.91,Clear sky
2017-03-04 21:00:00+00:00,MUĞLA,48,15.278,4.8780003,0.0,9.793058,1.0,59.892345,942.4465,19.22,Mainly clear
2017-03-05 21:00:00+00:00,MUĞLA,48,13.778,4.6280003,0.0,12.605142,3.0,78.44106,940.2427,18.31,Overcast
2017-03-06 21:00:00+00:00,MUĞLA,48,13.728,5.078,7.7,18.723461,63.0,78.96519,935.86285,17.76,Rain: Moderate
2017-03-07 21:00:00+00:00,MUĞLA,48,11.828,6.678,31.9,21.868332,63.0,84.150856,933.3594,5.72,Rain: Moderate
2017-03-08 21:00:00+00:00,MUĞLA,48,10.178,6.228,37.399998,19.05281,63.0,89.30032,932.3543,6.08,Rain: Moderate
2017-03-09 21:00:00+00:00,MUĞLA,48,10.178,6.428,11.200001,21.67487,61.0,94.77116,928.5923,7.26,Rain: Slight
2017-03-10 21:00:00+00:00,MUĞLA,48,10.328,5.928,5.4999995,17.238699,61.0,84.34438,923.8508,10.93,Rain: Slight
2017-03-11 21:00:00+00:00,MUĞLA,48,10.328,5.428,15.3,14.986553,63.0,84.74962,925.9244,13.81,Rain: Moderate
2017-03-12 21:00:00+00:00,MUĞLA,48,12.478,5.3780003,0.70000005,13.910169,51.0,75.27001,935.2862,17.42,Drizzle: Light
2017-03-13 21:00:00+00:00,MUĞLA,48,9.878,3.178,0.1,19.483284,51.0,69.293846,939.0202,17.4,Drizzle: Light
2017-03-14 21:00:00+00:00,MUĞLA,48,12.778,3.278,0.0,16.981165,2.0,57.037052,938.3776,20.9,Partly cloudy
2017-03-15 21:00:00+00:00,MUĞLA,48,11.978,3.278,0.0,13.450708,3.0,54.10295,936.236,19.62,Overcast
2017-03-16 21:00:00+00:00,MUĞLA,48,11.728,2.328,0.0,18.11841,3.0,59.162136,934.8076,20.56,Overcast
2017-03-17 21:00:00+00:00,MUĞLA,48,13.378,0.078,0.0,12.245293,0.0,46.528248,935.6402,22.2,Clear sky
2017-03-18 21:00:00+00:00,MUĞLA,48,13.828,2.778,0.2,10.990322,51.0,57.882782,935.1242,18.67,Drizzle: Light
2017-03-19 21:00:00+00:00,MUĞLA,48,17.778,4.728,0.0,10.105681,3.0,61.341137,935.9998,20.67,Overcast
2017-03-20 21:00:00+00:00,MUĞLA,48,17.778,6.6280003,0.0,10.182337,3.0,65.65242,936.6337,21.78,Overcast
2017-03-21 21:00:00+00:00,MUĞLA,48,15.728,8.228,1.8000001,11.212135,55.0,74.62727,935.0093,14.61,Drizzle: Dense
2017-03-22 21:00:00+00:00,MUĞLA,48,19.678,7.8780003,0.0,12.849528,0.0,59.58077,936.14264,22.35,Clear sky
2017-03-23 21:00:00+00:00,MUĞLA,48,20.178,6.828,0.0,9.779817,2.0,45.07809,939.2182,22.78,Partly cloudy
2017-03-24 21:00:00+00:00,MUĞLA,48,20.178,6.8780003,0.0,9.021574,2.0,55.896557,939.8989,22.7,Partly cloudy
2017-03-25 21:00:00+00:00,MUĞLA,48,18.727999,8.228,1.2,11.440979,55.0,69.34905,937.52997,20.97,Drizzle: Dense
2017-03-26 21:00:00+00:00,MUĞLA,48,15.128,9.228,0.1,14.186923,51.0,81.38019,937.61847,15.39,Drizzle: Light
2017-03-27 21:00:00+00:00,MUĞLA,48,16.227999,6.178,0.0,11.570515,3.0,73.25306,938.0788,20.56,Overcast
2017-03-28 21:00:00+00:00,MUĞLA,48,14.928,8.428,2.5,12.605142,53.0,73.87868,939.6141,18.67,Drizzle: Moderate
2017-03-29 21:00:00+00:00,MUĞLA,48,18.078,8.228,2.8999999,12.413477,61.0,70.678856,936.9602,19.12,Rain: Slight
2017-03-30 21:00:00+00:00,MUĞLA,48,15.328,7.728,13.200001,6.989936,63.0,82.262535,936.03705,14.86,Rain: Moderate
2017-03-31 21:00:00+00:00,MUĞLA,48,15.078,5.8780003,8.5,9.504273,63.0,82.2849,937.42267,15.5,Rain: Moderate
2017-04-01 21:00:00+00:00,MUĞLA,48,18.078,7.228,1.3,9.904906,53.0,67.50363,940.16254,21.93,Drizzle: Moderate
2017-04-02 21:00:00+00:00,MUĞLA,48,18.528,7.078,0.0,11.503113,2.0,60.068012,942.0297,23.7,Partly cloudy
2017-04-03 21:00:00+00:00,MUĞLA,48,17.178,9.628,0.0,12.904882,3.0,59.853657,943.49396,18.8,Overcast
2017-04-04 21:00:00+00:00,MUĞLA,48,17.778,10.378,0.0,14.512064,3.0,49.81866,939.5017,19.56,Overcast
2017-04-05 21:00:00+00:00,MUĞLA,48,16.227999,6.928,0.7,10.948973,53.0,62.886845,933.5313,20.26,Drizzle: Moderate
2017-04-06 21:00:00+00:00,MUĞLA,48,15.978,7.078,2.2000003,12.229406,55.0,68.34255,935.57184,21.09,Drizzle: Dense
2017-04-07 21:00:00+00:00,MUĞLA,48,13.128,6.528,3.0999997,17.782688,61.0,70.452126,936.31665,20.17,Rain: Slight
2017-04-08 21:00:00+00:00,MUĞLA,48,15.228,4.828,0.0,15.034041,0.0,52.428562,941.1375,25.16,Clear sky
2017-04-09 21:00:00+00:00,MUĞLA,48,16.428,4.828,0.0,10.948973,3.0,48.777847,941.0327,25.34,Overcast
2017-04-10 21:00:00+00:00,MUĞLA,48,17.278,5.478,0.0,14.336861,3.0,55.714054,938.2071,24.85,Overcast
2017-04-11 21:00:00+00:00,MUĞLA,48,14.828,8.778,3.6,14.77755,53.0,66.10832,935.93585,11.17,Drizzle: Moderate
2017-04-12 21:00:00+00:00,MUĞLA,48,17.278,8.378,7.1999993,13.397612,63.0,72.628075,930.49115,17.52,Rain: Moderate
2017-04-13 21:00:00+00:00,MUĞLA,48,20.528,9.978,0.1,12.641076,51.0,58.526554,932.4448,24.95,Drizzle: Light
2017-04-14 21:00:00+00:00,MUĞLA,48,20.078,7.678,0.6,14.021525,53.0,62.66975,938.05664,22.61,Drizzle: Moderate
2017-04-15 21:00:00+00:00,MUĞLA,48,16.578,9.478,0.8000001,18.089775,51.0,75.39873,939.14453,23.02,Drizzle: Light
2017-04-16 21:00:00+00:00,MUĞLA,48,14.978,9.278,3.3999999,19.694992,61.0,81.670204,937.27856,18.79,Rain: Slight
2017-04-17 21:00:00+00:00,MUĞLA,48,14.828,8.178,6.799999,12.261157,61.0,86.92608,936.9644,16.76,Rain: Slight
2017-04-18 21:00:00+00:00,MUĞLA,48,15.778,7.678,0.9000001,16.981165,51.0,80.45873,940.4288,21.08,Drizzle: Light
2017-04-19 21:00:00+00:00,MUĞLA,48,16.377998,9.628,1.2,23.933907,53.0,78.40569,940.08685,22.23,Drizzle: Moderate
2017-04-20 21:00:00+00:00,MUĞLA,48,16.127998,8.978,4.7999997,15.175612,63.0,71.43698,938.57733,14.86,Rain: Moderate
2017-04-21 21:00:00+00:00,MUĞLA,48,16.028,7.578,8.0,16.179987,61.0,65.45893,935.60175,13.56,Rain: Slight
2017-04-22 21:00:00+00:00,MUĞLA,48,12.878,2.528,1.6000001,25.1614,53.0,59.18991,936.71265,26.54,Drizzle: Moderate
2017-04-23 21:00:00+00:00,MUĞLA,48,17.477999,5.228,0.0,20.88,0.0,52.381226,941.6843,26.55,Clear sky
2017-04-24 21:00:00+00:00,MUĞLA,48,17.828,6.778,0.0,14.05845,2.0,56.650463,942.64746,26.73,Partly cloudy
2017-04-25 21:00:00+00:00,MUĞLA,48,19.977999,7.328,0.0,10.685391,0.0,55.4669,941.7956,27.02,Clear sky
2017-04-26 21:00:00+00:00,MUĞLA,48,22.528,10.228,0.6,12.324414,53.0,54.769573,940.20795,26.94,Drizzle: Moderate
2017-04-27 21:00:00+00:00,MUĞLA,48,23.528,10.028,0.0,13.18308,0.0,48.955166,939.3514,27.27,Clear sky
2017-04-28 21:00:00+00:00,MUĞLA,48,23.578,12.028,0.0,11.928989,3.0,46.6238,938.5136,27.37,Overcast
2017-04-29 21:00:00+00:00,MUĞLA,48,22.028,12.228,0.0,15.379206,3.0,34.54981,935.8415,24.67,Overcast
2017-04-30 21:00:00+00:00,MUĞLA,48,22.377998,13.378,0.5,11.384199,51.0,46.298534,933.2549,21.06,Drizzle: Light
2017-05-01 21:00:00+00:00,MUĞLA,48,21.278,11.828,0.5,9.227524,51.0,63.74588,936.61816,22.5,Drizzle: Light
2017-05-02 21:00:00+00:00,MUĞLA,48,22.727999,12.928,6.8999996,9.0,63.0,68.70643,937.72687,21.37,Rain: Moderate
2017-05-03 21:00:00+00:00,MUĞLA,48,23.528,11.928,7.3,11.212135,63.0,67.754875,937.68066,22.15,Rain: Moderate
2017-05-04 21:00:00+00:00,MUĞLA,48,21.578,13.078,0.3,10.041354,51.0,68.69051,938.95245,22.83,Drizzle: Light
2017-05-05 21:00:00+00:00,MUĞLA,48,20.928,13.428,0.8,14.336861,53.0,68.902885,937.31104,24.17,Drizzle: Moderate
2017-05-06 21:00:00+00:00,MUĞLA,48,21.678,11.228,0.0,14.773164,3.0,54.61119,936.1365,24.81,Overcast
2017-05-07 21:00:00+00:00,MUĞLA,48,20.377998,11.928,2.1999998,14.84318,55.0,70.82332,935.47406,15.88,Drizzle: Dense
2017-05-08 21:00:00+00:00,MUĞLA,48,20.928,13.578,2.5,25.772078,53.0,62.675446,934.12396,21.86,Drizzle: Moderate
2017-05-09 21:00:00+00:00,MUĞLA,48,22.178,14.028,2.2999997,17.873554,53.0,68.879005,934.0229,26.11,Drizzle: Moderate
2017-05-10 21:00:00+00:00,MUĞLA,48,24.078,12.828,0.0,17.551615,1.0,48.885372,938.07025,28.47,Mainly clear
2017-05-11 21:00:00+00:00,MUĞLA,48,28.377998,13.028,0.0,14.118243,2.0,42.806644,941.6382,27.68,Partly cloudy
2017-05-12 21:00:00+00:00,MUĞLA,48,30.227999,17.428,0.0,11.525623,3.0,41.954956,941.1626,26.65,Overcast
2017-05-13 21:00:00+00:00,MUĞLA,48,29.328,17.328,0.0,19.721298,3.0,44.41154,938.6975,27.97,Overcast
2017-05-14 21:00:00+00:00,MUĞLA,48,26.078,16.227999,0.0,15.542662,3.0,46.693268,939.44977,28.47,Overcast
2017-05-15 21:00:00+00:00,MUĞLA,48,25.328,15.178,0.0,14.869351,3.0,43.554302,939.0755,28.01,Overcast
2017-05-16 21:00:00+00:00,MUĞLA,48,19.528,13.128,3.5,16.808569,61.0,66.34418,936.5617,18.65,Rain: Slight
2017-05-17 21:00:00+00:00,MUĞLA,48,18.877998,11.978,9.0,14.561099,61.0,76.650986,933.9145,20.61,Rain: Slight
2017-05-18 21:00:00+00:00,MUĞLA,48,17.178,11.278,7.7,9.449572,63.0,78.30067,932.19965,16.08,Rain: Moderate
2017-05-19 21:00:00+00:00,MUĞLA,48,19.578,10.478,0.0,19.161337,3.0,53.38345,934.62646,29.31,Overcast
2017-05-20 21:00:00+00:00,MUĞLA,48,19.328,9.178,1.5000001,15.328561,55.0,64.42119,934.6428,27.11,Drizzle: Dense
2017-05-21 21:00:00+00:00,MUĞLA,48,18.528,11.528,2.8,7.968939,61.0,70.42918,932.0849,18.36,Rain: Slight
2017-05-22 21:00:00+00:00,MUĞLA,48,22.778,11.578,0.0,14.561099,0.0,47.0712,936.17,28.69,Clear sky
2017-05-23 21:00:00+00:00,MUĞLA,48,22.078,11.228,0.0,13.397612,2.0,54.779667,939.04156,27.68,Partly cloudy
2017-05-24 21:00:00+00:00,MUĞLA,48,20.477999,12.928,1.7,11.928989,61.0,56.539288,939.02264,24.34,Rain: Slight
2017-05-25 21:00:00+00:00,MUĞLA,48,18.877998,12.528,7.2,10.182337,63.0,76.56559,937.4343,22.73,Rain: Moderate
2017-05-26 21:00:00+00:00,MUĞLA,48,17.828,11.928,6.9999995,13.556282,63.0,75.71582,936.038,14.03,Rain: Moderate
2017-05-27 21:00:00+00:00,MUĞLA,48,20.227999,9.978,3.2999997,10.383987,55.0,69.38277,936.1843,22.02,Drizzle: Dense
2017-05-28 21:00:00+00:00,MUĞLA,48,17.727999,11.128,5.9,13.479583,61.0,81.27255,936.76953,22.44,Rain: Slight
2017-05-29 21:00:00+00:00,MUĞLA,48,17.178,11.828,5.9999995,9.449572,63.0,84.93795,939.7175,19.09,Rain: Moderate
2017-05-30 21:00:00+00:00,MUĞLA,48,22.328,11.378,0.4,15.629971,51.0,62.432293,942.0318,27.16,Drizzle: Light
2017-05-31 21:00:00+00:00,MUĞLA,48,26.278,13.528,0.1,13.450708,51.0,54.01784,941.6169,27.38,Drizzle: Light
2017-06-01 21:00:00+00:00,MUĞLA,48,28.028,16.778,0.0,12.313893,1.0,56.26045,940.9948,28.57,Mainly clear
2017-06-02 21:00:00+00:00,MUĞLA,48,26.178,15.178,0.9,10.086427,53.0,62.567722,939.1277,22.34,Drizzle: Moderate
2017-06-03 21:00:00+00:00,MUĞLA,48,24.127998,16.828,5.0999994,20.478907,61.0,69.57581,937.74493,22.94,Rain: Slight
2017-06-04 21:00:00+00:00,MUĞLA,48,24.178,14.478,0.9,9.0,53.0,62.12026,936.53815,23.99,Drizzle: Moderate
2017-06-05 21:00:00+00:00,MUĞLA,48,24.477999,15.378,0.0,11.043261,1.0,62.974255,937.3635,26.28,Mainly clear
2017-06-06 21:00:00+00:00,MUĞLA,48,26.477999,15.278,0.0,11.435313,1.0,62.148808,938.72095,29.22,Mainly clear
2017-06-07 21:00:00+00:00,MUĞLA,48,28.028,17.127998,4.1,13.1041975,61.0,59.539036,937.1158,22.21,Rain: Slight
2017-06-08 21:00:00+00:00,MUĞLA,48,26.078,16.377998,0.0,20.570463,1.0,62.127544,935.2354,28.05,Mainly clear
2017-06-09 21:00:00+00:00,MUĞLA,48,26.078,15.778,0.0,19.09358,0.0,53.489365,937.2395,29.77,Clear sky
2017-06-10 21:00:00+00:00,MUĞLA,48,26.678,15.078,0.1,14.332341,51.0,58.378452,935.69336,28.0,Drizzle: Light
2017-06-11 21:00:00+00:00,MUĞLA,48,25.528,15.978,0.0,11.013882,3.0,62.022778,934.8885,26.29,Overcast
2017-06-12 21:00:00+00:00,MUĞLA,48,22.477999,15.828,3.7000003,8.587338,61.0,70.82812,934.7088,19.69,Rain: Slight
2017-06-13 21:00:00+00:00,MUĞLA,48,28.078,16.227999,0.0,17.208603,2.0,55.103287,935.0774,29.42,Partly cloudy
2017-06-14 21:00:00+00:00,MUĞLA,48,30.028,18.477999,0.0,16.42247,2.0,42.11452,938.3935,26.14,Partly cloudy
2017-06-15 21:00:00+00:00,MUĞLA,48,28.877998,18.678,0.0,11.435313,2.0,47.46301,938.58417,24.16,Partly cloudy
2017-06-16 21:00:00+00:00,MUĞLA,48,28.627998,18.678,0.0,15.328561,1.0,46.199696,935.31195,27.99,Mainly clear
2017-06-17 21:00:00+00:00,MUĞLA,48,25.278,17.278,3.2000003,13.397612,55.0,56.84087,933.2456,23.92,Drizzle: Dense
2017-06-18 21:00:00+00:00,MUĞLA,48,23.328,14.978,0.0,21.868332,2.0,53.51543,933.7807,28.98,Partly cloudy
2017-06-19 21:00:00+00:00,MUĞLA,48,25.528,14.478,0.1,17.811815,51.0,44.33357,935.7338,28.44,Drizzle: Light
2017-06-20 21:00:00+00:00,MUĞLA,48,26.678,15.928,0.0,13.281023,3.0,44.91382,936.05176,23.32,Overcast
2017-06-21 21:00:00+00:00,MUĞLA,48,29.828,15.728,0.0,10.8955765,1.0,39.082066,938.53424,29.74,Mainly clear
2017-06-22 21:00:00+00:00,MUĞLA,48,31.678,18.778,0.0,11.212135,0.0,33.777798,939.8896,29.79,Clear sky
2017-06-23 21:00:00+00:00,MUĞLA,48,32.878,20.377998,0.0,16.299694,0.0,33.381115,938.84546,29.71,Clear sky
2017-06-24 21:00:00+00:00,MUĞLA,48,34.278,21.428,0.0,18.075441,2.0,31.974192,937.89557,28.99,Partly cloudy
2017-06-25 21:00:00+00:00,MUĞLA,48,33.427998,21.127998,0.0,14.512064,2.0,34.693066,935.937,27.29,Partly cloudy
2017-06-26 21:00:00+00:00,MUĞLA,48,33.328,20.127998,0.0,12.738099,0.0,34.27879,936.0683,29.82,Clear sky
2017-06-27 21:00:00+00:00,MUĞLA,48,35.528,23.028,0.0,16.327497,0.0,27.4069,936.1174,29.57,Clear sky
2017-06-28 21:00:00+00:00,MUĞLA,48,37.278,23.627998,0.0,17.25373,0.0,26.7874,937.656,29.46,Clear sky
2017-06-29 21:00:00+00:00,MUĞLA,48,39.028,25.578,0.0,18.892282,0.0,23.853857,938.77045,29.35,Clear sky
2017-06-30 21:00:00+00:00,MUĞLA,48,40.828,24.928,0.0,13.783817,0.0,19.701637,935.72943,29.99,Clear sky
2017-07-01 21:00:00+00:00,MUĞLA,48,39.478,24.377998,0.0,15.683774,0.0,23.747383,933.0922,29.83,Clear sky
2017-07-02 21:00:00+00:00,MUĞLA,48,35.628,25.078,0.0,14.20062,0.0,31.553831,932.4311,29.61,Clear sky
2017-07-03 21:00:00+00:00,MUĞLA,48,34.028,21.278,0.0,18.692286,0.0,36.003727,933.0249,29.65,Clear sky
2017-07-04 21:00:00+00:00,MUĞLA,48,32.878,22.428,0.0,17.238699,0.0,39.94206,934.8271,28.87,Clear sky
2017-07-05 21:00:00+00:00,MUĞLA,48,34.878,22.028,0.1,15.844089,51.0,33.795517,935.35406,27.73,Drizzle: Light
2017-07-06 21:00:00+00:00,MUĞLA,48,34.677998,21.428,0.0,16.595179,0.0,27.715303,935.3999,30.0,Clear sky
2017-07-07 21:00:00+00:00,MUĞLA,48,33.927998,21.278,0.0,15.226764,0.0,25.622583,935.0693,29.73,Clear sky
2017-07-08 21:00:00+00:00,MUĞLA,48,34.228,20.727999,0.0,17.339897,0.0,25.601843,936.10846,29.29,Clear sky
2017-07-09 21:00:00+00:00,MUĞLA,48,34.427998,21.877998,0.0,15.530151,0.0,26.69496,937.5357,28.94,Clear sky
2017-07-10 21:00:00+00:00,MUĞLA,48,35.328,21.377998,0.0,13.441071,1.0,33.139797,938.6858,28.07,Mainly clear
2017-07-11 21:00:00+00:00,MUĞLA,48,36.978,24.028,0.0,19.652176,0.0,23.857925,936.4737,29.91,Clear sky
2017-07-12 21:00:00+00:00,MUĞLA,48,38.177998,25.328,0.0,16.167967,0.0,15.389684,932.2993,30.45,Clear sky
2017-07-13 21:00:00+00:00,MUĞLA,48,36.278,24.977999,0.0,16.203999,0.0,21.777746,931.7022,29.9,Clear sky
2017-07-14 21:00:00+00:00,MUĞLA,48,34.677998,23.028,0.0,14.57889,1.0,31.210709,932.3496,26.86,Mainly clear
2017-07-15 21:00:00+00:00,MUĞLA,48,32.878,22.328,0.0,14.654254,1.0,35.677418,933.501,28.22,Mainly clear
2017-07-16 21:00:00+00:00,MUĞLA,48,29.977999,21.928,0.0,18.448023,1.0,44.43809,934.95135,28.43,Mainly clear
2017-07-17 21:00:00+00:00,MUĞLA,48,28.928,21.627998,0.0,14.345898,1.0,44.947468,936.9866,27.25,Mainly clear
2017-07-18 21:00:00+00:00,MUĞLA,48,32.228,20.078,0.0,19.083395,0.0,44.61986,935.553,28.86,Clear sky
2017-07-19 21:00:00+00:00,MUĞLA,48,32.778,22.127998,0.0,14.039999,1.0,38.795322,933.36255,25.86,Mainly clear
2017-07-20 21:00:00+00:00,MUĞLA,48,33.927998,23.178,0.0,13.854155,1.0,37.724022,933.8018,24.51,Mainly clear
2017-07-21 21:00:00+00:00,MUĞLA,48,34.628,22.977999,0.1,13.441071,51.0,38.134167,935.9919,26.94,Drizzle: Light
2017-07-22 21:00:00+00:00,MUĞLA,48,36.628,23.627998,0.0,13.570615,0.0,27.844995,936.4473,28.93,Clear sky
2017-07-23 21:00:00+00:00,MUĞLA,48,36.128,22.678,0.0,17.566378,0.0,26.910501,933.43536,29.18,Clear sky
2017-07-24 21:00:00+00:00,MUĞLA,48,35.578,22.227999,0.0,15.141414,0.0,29.273623,932.6372,29.03,Clear sky
2017-07-25 21:00:00+00:00,MUĞLA,48,33.078,24.578,0.0,15.617529,0.0,33.533752,933.8474,28.35,Clear sky
2017-07-26 21:00:00+00:00,MUĞLA,48,26.227999,19.328,0.0,16.516901,1.0,66.1769,933.1951,26.44,Mainly clear
2017-07-27 21:00:00+00:00,MUĞLA,48,28.627998,17.678,0.0,18.35647,3.0,54.57474,935.86444,24.16,Overcast
2017-07-28 21:00:00+00:00,MUĞLA,48,32.628,19.428,0.0,15.778516,0.0,35.165226,938.42487,28.71,Clear sky
2017-07-29 21:00:00+00:00,MUĞLA,48,35.128,21.328,0.0,12.6462,0.0,25.569292,937.4047,28.6,Clear sky
2017-07-30 21:00:00+00:00,MUĞLA,48,35.378,21.678,0.0,18.0,0.0,24.097593,935.5659,28.35,Clear sky
2017-07-31 21:00:00+00:00,MUĞLA,48,35.128,22.928,0.0,15.379206,0.0,33.391766,936.6384,27.78,Clear sky
2017-08-01 21:00:00+00:00,MUĞLA,48,33.778,22.727999,3.6,12.55879,63.0,38.394253,937.2143,25.14,Rain: Moderate
2017-08-02 21:00:00+00:00,MUĞLA,48,34.828,22.678,2.7,13.755579,63.0,36.622562,935.2505,23.56,Rain: Moderate
2017-08-03 21:00:00+00:00,MUĞLA,48,30.828,20.377998,5.9,13.392774,63.0,47.066715,933.49677,21.16,Rain: Moderate
2017-08-04 21:00:00+00:00,MUĞLA,48,28.227999,21.928,6.8999996,12.10157,63.0,58.842075,933.73114,18.94,Rain: Moderate
2017-08-05 21:00:00+00:00,MUĞLA,48,29.428,21.778,1.3000001,11.177405,53.0,59.996735,934.24316,21.9,Drizzle: Moderate
2017-08-06 21:00:00+00:00,MUĞLA,48,30.127998,20.227999,2.5,12.371645,63.0,62.263607,935.4411,22.82,Rain: Moderate
2017-08-07 21:00:00+00:00,MUĞLA,48,31.778,22.278,0.7,13.358861,53.0,58.323277,936.4341,20.9,Drizzle: Moderate
2017-08-08 21:00:00+00:00,MUĞLA,48,34.177998,22.428,0.0,15.137133,2.0,52.222855,936.3399,23.68,Partly cloudy
2017-08-09 21:00:00+00:00,MUĞLA,48,35.028,23.428,0.3,12.661564,51.0,54.070683,935.0869,22.35,Drizzle: Light
2017-08-10 21:00:00+00:00,MUĞLA,48,36.778,23.877998,0.0,12.964998,1.0,39.176632,933.773,25.2,Mainly clear
2017-08-11 21:00:00+00:00,MUĞLA,48,34.378,23.227999,0.4,14.48972,51.0,47.437256,933.0959,24.41,Drizzle: Light
2017-08-12 21:00:00+00:00,MUĞLA,48,34.228,22.578,0.0,15.484185,0.0,30.950302,932.8059,27.17,Clear sky
2017-08-13 21:00:00+00:00,MUĞLA,48,31.828,20.877998,0.0,11.384198,0.0,41.496265,935.2017,26.92,Clear sky
2017-08-14 21:00:00+00:00,MUĞLA,48,33.778,23.227999,0.0,17.174677,1.0,39.553524,935.02924,25.56,Mainly clear
2017-08-15 21:00:00+00:00,MUĞLA,48,33.677998,22.928,0.0,15.941944,1.0,39.820415,932.3328,24.59,Mainly clear
2017-08-16 21:00:00+00:00,MUĞLA,48,30.578,21.928,1.9,12.72283,61.0,54.434994,932.6895,21.82,Rain: Slight
2017-08-17 21:00:00+00:00,MUĞLA,48,28.928,21.127998,1.7,10.636766,61.0,68.88532,935.68536,20.89,Rain: Slight
2017-08-18 21:00:00+00:00,MUĞLA,48,29.328,20.227999,1.3,11.090103,61.0,59.52368,937.1486,20.53,Rain: Slight
2017-08-19 21:00:00+00:00,MUĞLA,48,27.828,20.928,3.1000001,9.746631,55.0,70.53951,936.7481,20.7,Drizzle: Dense
2017-08-20 21:00:00+00:00,MUĞLA,48,26.828,19.578,0.1,13.722565,51.0,64.460075,935.2503,23.84,Drizzle: Light
2017-08-21 21:00:00+00:00,MUĞLA,48,29.028,18.928,0.0,16.299694,1.0,52.639988,936.04474,20.83,Mainly clear
2017-08-22 21:00:00+00:00,MUĞLA,48,30.377998,18.778,0.0,15.042659,0.0,45.729584,936.56415,25.74,Clear sky
2017-08-23 21:00:00+00:00,MUĞLA,48,31.778,18.377998,0.0,14.336861,0.0,41.47565,937.09,25.55,Clear sky
2017-08-24 21:00:00+00:00,MUĞLA,48,33.778,19.078,0.0,11.901798,0.0,33.427746,937.93604,25.65,Clear sky
2017-08-25 21:00:00+00:00,MUĞLA,48,33.927998,20.377998,0.0,10.105681,0.0,27.667654,936.6621,25.9,Clear sky
2017-08-26 21:00:00+00:00,MUĞLA,48,32.128,19.477999,0.0,13.70839,0.0,38.21673,933.7834,25.42,Clear sky
2017-08-27 21:00:00+00:00,MUĞLA,48,31.078,18.778,0.0,12.313893,0.0,42.464703,932.3393,24.3,Clear sky
2017-08-28 21:00:00+00:00,MUĞLA,48,30.227999,19.278,1.7,12.074766,61.0,50.708363,933.24146,19.47,Rain: Slight
2017-08-29 21:00:00+00:00,MUĞLA,48,30.877998,20.278,2.6,12.261158,61.0,40.575905,934.9245,22.79,Rain: Slight
2017-08-30 21:00:00+00:00,MUĞLA,48,28.828,19.977999,1.4,11.177405,53.0,44.78003,936.7058,21.02,Drizzle: Moderate
2017-08-31 21:00:00+00:00,MUĞLA,48,30.328,19.578,0.0,15.778516,0.0,36.30754,937.13715,24.38,Clear sky
2017-09-01 21:00:00+00:00,MUĞLA,48,31.627998,17.928,0.0,12.0694,0.0,35.135128,936.4014,24.46,Clear sky
2017-09-02 21:00:00+00:00,MUĞLA,48,32.328,19.028,0.0,11.874544,0.0,32.39376,936.10846,24.25,Clear sky
2017-09-03 21:00:00+00:00,MUĞLA,48,31.928,21.528,0.0,14.332341,0.0,36.877487,937.602,23.86,Clear sky
2017-09-04 21:00:00+00:00,MUĞLA,48,32.177998,19.477999,0.0,20.056877,0.0,31.27466,938.0549,24.49,Clear sky
2017-09-05 21:00:00+00:00,MUĞLA,48,26.328,18.127998,0.0,22.42427,0.0,38.063847,936.8079,23.88,Clear sky
2017-09-06 21:00:00+00:00,MUĞLA,48,29.178,17.078,0.0,15.5843,0.0,28.89018,938.875,24.05,Clear sky
2017-09-07 21:00:00+00:00,MUĞLA,48,28.377998,17.477999,0.0,11.966953,2.0,34.79305,939.65283,23.7,Partly cloudy
2017-09-08 21:00:00+00:00,MUĞLA,48,31.127998,16.977999,0.0,10.948973,0.0,38.526997,939.3408,23.23,Clear sky
2017-09-09 21:00:00+00:00,MUĞLA,48,33.927998,20.877998,0.0,13.513193,0.0,33.4405,939.43414,22.8,Clear sky
2017-09-10 21:00:00+00:00,MUĞLA,48,32.478,21.877998,0.0,11.4862,0.0,33.726704,939.62134,23.36,Clear sky
2017-09-11 21:00:00+00:00,MUĞLA,48,30.328,21.428,0.0,13.450708,0.0,35.95798,939.7578,22.53,Clear sky
2017-09-12 21:00:00+00:00,MUĞLA,48,29.127998,16.828,0.0,13.5515,0.0,38.77831,940.0539,23.13,Clear sky
2017-09-13 21:00:00+00:00,MUĞLA,48,30.028,19.278,0.0,13.708391,0.0,45.393055,937.69086,22.11,Clear sky
2017-09-14 21:00:00+00:00,MUĞLA,48,32.978,19.877998,0.0,17.114204,0.0,43.183865,935.9589,21.89,Clear sky
2017-09-15 21:00:00+00:00,MUĞLA,48,32.427998,20.528,0.0,13.358861,0.0,43.598236,937.49225,21.93,Clear sky
2017-09-16 21:00:00+00:00,MUĞLA,48,35.528,21.678,0.0,11.304229,2.0,43.19716,937.9158,20.46,Partly cloudy
2017-09-17 21:00:00+00:00,MUĞLA,48,33.478,23.028,0.0,12.245294,0.0,43.832092,937.5505,20.4,Clear sky
2017-09-18 21:00:00+00:00,MUĞLA,48,34.578,21.278,0.0,10.495713,0.0,32.88301,937.35016,20.92,Clear sky
2017-09-19 21:00:00+00:00,MUĞLA,48,33.228,20.727999,0.0,13.479583,0.0,24.476204,938.5977,20.83,Clear sky
2017-09-20 21:00:00+00:00,MUĞLA,48,25.127998,15.928,0.0,13.891522,0.0,47.195827,938.2786,20.78,Clear sky
2017-09-21 21:00:00+00:00,MUĞLA,48,23.727999,15.478,0.0,21.53089,1.0,51.869507,939.1717,18.15,Mainly clear
2017-09-22 21:00:00+00:00,MUĞLA,48,24.778,14.328,0.0,20.393293,0.0,34.514645,940.81805,21.34,Clear sky
2017-09-23 21:00:00+00:00,MUĞLA,48,27.477999,13.878,0.0,14.458382,2.0,33.496845,940.5068,21.04,Partly cloudy
2017-09-24 21:00:00+00:00,MUĞLA,48,25.178,16.778,0.0,13.084402,3.0,41.128696,939.65436,19.51,Overcast
2017-09-25 21:00:00+00:00,MUĞLA,48,25.578,14.978,0.0,14.759999,3.0,48.715954,939.2225,19.84,Overcast
2017-09-26 21:00:00+00:00,MUĞLA,48,26.578,15.478,0.0,21.749481,0.0,48.822887,941.34546,20.16,Clear sky
2017-09-27 21:00:00+00:00,MUĞLA,48,26.928,15.578,0.0,15.175612,1.0,49.18634,940.43536,19.46,Mainly clear
2017-09-28 21:00:00+00:00,MUĞLA,48,24.227999,16.678,1.2,14.264361,53.0,55.572895,937.9499,17.31,Drizzle: Moderate
2017-09-29 21:00:00+00:00,MUĞLA,48,20.977999,15.178,2.3999999,11.384199,61.0,73.285614,937.607,14.54,Rain: Slight
2017-09-30 21:00:00+00:00,MUĞLA,48,19.528,14.028,1.4000002,11.966953,51.0,74.64965,939.9722,13.87,Drizzle: Light
2017-10-01 21:00:00+00:00,MUĞLA,48,24.727999,12.978,0.0,14.113653,0.0,52.777847,940.87164,19.04,Clear sky
2017-10-02 21:00:00+00:00,MUĞLA,48,25.377998,13.028,0.0,10.703569,2.0,41.09448,940.64276,19.1,Partly cloudy
2017-10-03 21:00:00+00:00,MUĞLA,48,25.828,12.278,0.0,13.896187,1.0,32.86111,941.7873,19.17,Mainly clear
2017-10-04 21:00:00+00:00,MUĞLA,48,25.778,13.278,0.0,12.758432,0.0,22.053726,940.1281,19.36,Clear sky
2017-10-05 21:00:00+00:00,MUĞLA,48,23.178,12.628,0.0,12.979984,3.0,36.028805,936.9885,18.57,Overcast
2017-10-06 21:00:00+00:00,MUĞLA,48,20.977999,15.828,5.1000004,20.176065,61.0,73.84684,935.6788,11.56,Rain: Slight
2017-10-07 21:00:00+00:00,MUĞLA,48,19.328,12.228,35.8,22.89611,65.0,82.41155,933.72314,12.79,Rain: Heavy
2017-10-08 21:00:00+00:00,MUĞLA,48,20.578,10.528,0.0,16.418526,2.0,54.516636,936.36505,18.13,Partly cloudy
2017-10-09 21:00:00+00:00,MUĞLA,48,21.578,10.278,0.0,14.799459,0.0,44.426395,939.13727,18.16,Clear sky
2017-10-10 21:00:00+00:00,MUĞLA,48,21.627998,10.928,0.0,10.538843,0.0,48.746853,940.7077,17.86,Clear sky
2017-10-11 21:00:00+00:00,MUĞLA,48,21.928,10.978,0.0,10.931203,1.0,46.56421,941.2542,17.6,Mainly clear
2017-10-12 21:00:00+00:00,MUĞLA,48,22.178,10.228,0.0,8.942214,0.0,46.53398,941.462,17.59,Clear sky
2017-10-13 21:00:00+00:00,MUĞLA,48,24.127998,10.928,0.0,14.471821,0.0,36.30326,939.9936,17.31,Clear sky
2017-10-14 21:00:00+00:00,MUĞLA,48,23.977999,14.178,0.0,15.844089,0.0,37.625896,942.21655,17.0,Clear sky
2017-10-15 21:00:00+00:00,MUĞLA,48,25.227999,13.778,0.0,12.979984,0.0,43.347286,943.7253,16.51,Clear sky
2017-10-16 21:00:00+00:00,MUĞLA,48,24.727999,13.828,0.0,13.324863,2.0,48.070297,944.1194,16.55,Partly cloudy
2017-10-17 21:00:00+00:00,MUĞLA,48,23.727999,13.428,0.0,9.565437,3.0,45.49501,943.16016,16.2,Overcast
2017-10-18 21:00:00+00:00,MUĞLA,48,23.377998,13.378,0.0,9.826088,0.0,49.122482,941.9707,16.21,Clear sky
2017-10-19 21:00:00+00:00,MUĞLA,48,23.828,12.678,0.0,9.9571085,3.0,49.59286,941.3872,16.04,Overcast
2017-10-20 21:00:00+00:00,MUĞLA,48,23.778,13.378,0.0,10.966713,3.0,51.89914,940.1121,15.95,Overcast
2017-10-21 21:00:00+00:00,MUĞLA,48,23.278,12.628,0.0,9.0645685,2.0,55.116535,937.8865,15.87,Partly cloudy
2017-10-22 21:00:00+00:00,MUĞLA,48,19.678,12.928,0.2,17.992796,51.0,69.93791,936.10065,14.41,Drizzle: Light
2017-10-23 21:00:00+00:00,MUĞLA,48,15.128,12.778,86.5,27.66384,65.0,95.95113,931.9111,4.57,Rain: Heavy
2017-10-24 21:00:00+00:00,MUĞLA,48,14.128,10.578,44.2,14.336861,65.0,92.38147,936.8801,8.64,Rain: Heavy
2017-10-25 21:00:00+00:00,MUĞLA,48,19.428,9.028,0.4,7.42159,51.0,71.972115,942.6096,14.71,Drizzle: Light
2017-10-26 21:00:00+00:00,MUĞLA,48,19.127998,9.478,0.1,8.707238,51.0,64.54289,938.97125,12.41,Drizzle: Light
2017-10-27 21:00:00+00:00,MUĞLA,48,15.678,11.278,4.1,11.159999,55.0,85.27596,933.51636,9.77,Drizzle: Dense
2017-10-28 21:00:00+00:00,MUĞLA,48,15.178,8.228,14.400001,11.988594,63.0,82.670494,931.4738,9.44,Rain: Moderate
2017-10-29 21:00:00+00:00,MUĞLA,48,17.028,7.478,0.0,13.493999,2.0,69.11732,934.2771,12.81,Partly cloudy
2017-10-30 21:00:00+00:00,MUĞLA,48,15.728,7.728,0.0,16.704155,0.0,52.838787,939.441,14.43,Clear sky
2017-10-31 21:00:00+00:00,MUĞLA,48,15.428,5.6280003,0.0,14.685176,3.0,41.687626,939.37103,14.58,Overcast
2017-11-01 21:00:00+00:00,MUĞLA,48,15.328,4.6280003,0.0,10.440001,3.0,50.134583,939.1882,14.41,Overcast
2017-11-02 21:00:00+00:00,MUĞLA,48,15.078,6.528,0.0,7.5685663,3.0,66.13175,938.13696,13.91,Overcast
2017-11-03 21:00:00+00:00,MUĞLA,48,14.278,7.528,6.0,9.983106,61.0,70.07861,937.5445,9.86,Rain: Slight
2017-11-04 21:00:00+00:00,MUĞLA,48,16.227999,8.378,0.5,17.935081,51.0,63.59926,935.1265,13.41,Drizzle: Light
2017-11-05 21:00:00+00:00,MUĞLA,48,15.378,5.8780003,0.0,9.449572,0.0,65.78243,938.89966,13.65,Clear sky
2017-11-06 21:00:00+00:00,MUĞLA,48,17.477999,7.178,0.0,8.287822,0.0,61.909306,943.1238,13.39,Clear sky
2017-11-07 21:00:00+00:00,MUĞLA,48,20.278,7.578,0.0,6.924738,2.0,52.660206,943.2175,13.37,Partly cloudy
2017-11-08 21:00:00+00:00,MUĞLA,48,17.578,10.178,0.0,9.3876505,3.0,58.651413,942.80206,12.71,Overcast
2017-11-09 21:00:00+00:00,MUĞLA,48,18.028,9.428,0.0,13.202726,3.0,68.41123,940.9123,12.97,Overcast
2017-11-10 21:00:00+00:00,MUĞLA,48,15.978,7.328,0.0,9.885262,1.0,64.01028,941.0213,13.06,Mainly clear
2017-11-11 21:00:00+00:00,MUĞLA,48,16.528,8.428,0.0,10.00256,3.0,68.53765,942.4649,12.21,Overcast
2017-11-12 21:00:00+00:00,MUĞLA,48,17.477999,9.628,20.400002,17.555307,63.0,83.67394,935.3005,8.24,Rain: Moderate
2017-11-13 21:00:00+00:00,MUĞLA,48,15.078,9.678,12.200002,11.753876,63.0,90.30753,937.67,7.96,Rain: Moderate
2017-11-14 21:00:00+00:00,MUĞLA,48,16.778,10.478,0.0,8.669949,3.0,84.13337,942.9001,10.13,Overcast
2017-11-15 21:00:00+00:00,MUĞLA,48,17.428,9.878,0.0,7.9932976,3.0,76.82952,942.2768,12.06,Overcast
2017-11-16 21:00:00+00:00,MUĞLA,48,16.778,8.428,0.0,9.47012,3.0,71.02181,939.8653,11.59,Overcast
2017-11-17 21:00:00+00:00,MUĞLA,48,15.778,9.128,2.8,14.578888,61.0,84.16537,937.61017,9.67,Rain: Slight
2017-11-18 21:00:00+00:00,MUĞLA,48,13.678,8.378,11.700001,9.957108,63.0,90.698875,935.333,7.93,Rain: Moderate
2017-11-19 21:00:00+00:00,MUĞLA,48,11.478,6.328,42.29999,15.021105,63.0,94.914246,933.1338,4.98,Rain: Moderate
2017-11-20 21:00:00+00:00,MUĞLA,48,7.828,2.078,0.0,24.798225,3.0,63.89693,936.6784,12.1,Overcast
2017-11-21 21:00:00+00:00,MUĞLA,48,10.928,2.078,0.0,15.937878,2.0,47.838196,940.58527,11.77,Partly cloudy
2017-11-22 21:00:00+00:00,MUĞLA,48,14.278,3.928,0.0,10.703569,0.0,55.680218,941.4995,11.61,Clear sky
2017-11-23 21:00:00+00:00,MUĞLA,48,15.428,4.178,0.0,10.239453,1.0,59.054565,941.86304,11.51,Mainly clear
2017-11-24 21:00:00+00:00,MUĞLA,48,12.228,6.3780003,1.4,10.086427,53.0,81.97352,943.3946,6.47,Drizzle: Moderate
2017-11-25 21:00:00+00:00,MUĞLA,48,12.878,8.028,3.0,12.57426,53.0,84.310165,943.06006,7.07,Drizzle: Moderate
2017-11-26 21:00:00+00:00,MUĞLA,48,10.878,7.678,69.1,26.807312,63.0,97.54336,939.3891,2.37,Rain: Moderate
2017-11-27 21:00:00+00:00,MUĞLA,48,9.878,4.028,20.400002,13.679999,63.0,92.05253,936.3486,6.09,Rain: Moderate
2017-11-28 21:00:00+00:00,MUĞLA,48,11.628,3.428,0.0,7.653705,1.0,72.10955,940.14087,10.72,Mainly clear
2017-11-29 21:00:00+00:00,MUĞLA,48,12.328,5.078,0.0,12.864649,3.0,76.022514,944.67596,8.25,Overcast
2017-11-30 21:00:00+00:00,MUĞLA,48,11.628,8.578,12.9,15.876775,61.0,92.675896,945.4075,2.21,Rain: Slight
2017-12-01 21:00:00+00:00,MUĞLA,48,14.278,10.278,5.8,17.935081,53.0,94.12915,945.26855,6.09,Drizzle: Moderate
2017-12-02 21:00:00+00:00,MUĞLA,48,15.378,10.378,0.1,13.217443,51.0,85.415565,946.9941,9.75,Drizzle: Light
2017-12-03 21:00:00+00:00,MUĞLA,48,14.478,8.428,3.6999998,11.503113,63.0,83.796684,944.90594,8.59,Rain: Moderate
2017-12-04 21:00:00+00:00,MUĞLA,48,11.378,5.078,8.3,16.075521,63.0,78.94925,939.39453,9.48,Rain: Moderate
2017-12-05 21:00:00+00:00,MUĞLA,48,5.178,0.578,0.0,23.40277,1.0,58.364883,941.62494,10.23,Mainly clear
2017-12-06 21:00:00+00:00,MUĞLA,48,10.378,0.978,0.0,14.707222,0.0,50.64387,945.7376,10.7,Clear sky
2017-12-07 21:00:00+00:00,MUĞLA,48,10.878,2.328,0.0,7.2,3.0,73.5908,946.87354,10.37,Overcast
2017-12-08 21:00:00+00:00,MUĞLA,48,9.678,6.6280003,18.6,15.0038395,63.0,92.31591,944.76105,4.7,Rain: Moderate
2017-12-09 21:00:00+00:00,MUĞLA,48,11.078,7.328,27.099998,16.808569,63.0,95.238594,942.72516,4.09,Rain: Moderate
2017-12-10 21:00:00+00:00,MUĞLA,48,12.828,6.478,0.5,14.186923,51.0,89.667015,946.64087,7.19,Drizzle: Light
2017-12-11 21:00:00+00:00,MUĞLA,48,15.078,8.278,0.3,13.32,51.0,79.08608,945.8921,7.35,Drizzle: Light
2017-12-12 21:00:00+00:00,MUĞLA,48,16.328,7.6280003,0.0,15.141414,0.0,68.37975,942.44574,10.32,Clear sky
2017-12-13 21:00:00+00:00,MUĞLA,48,13.828,6.178,0.0,11.304229,3.0,73.78845,939.99164,8.7,Overcast
2017-12-14 21:00:00+00:00,MUĞLA,48,12.628,6.828,1.6000001,11.609651,53.0,88.20407,941.17316,5.43,Drizzle: Moderate
2017-12-15 21:00:00+00:00,MUĞLA,48,12.128,9.578,11.1,17.76081,55.0,96.68473,942.03595,5.31,Drizzle: Dense
2017-12-16 21:00:00+00:00,MUĞLA,48,12.078,10.028,50.399998,27.887802,63.0,95.83134,939.6924,4.03,Rain: Moderate
2017-12-17 21:00:00+00:00,MUĞLA,48,11.178,7.278,14.8,14.830076,63.0,91.39765,939.6529,3.34,Rain: Moderate
2017-12-18 21:00:00+00:00,MUĞLA,48,10.728,6.478,4.7000003,8.12197,61.0,77.70499,942.80023,7.9,Rain: Slight
2017-12-19 21:00:00+00:00,MUĞLA,48,11.678,3.578,0.0,11.726277,3.0,60.407856,943.56274,9.87,Overcast
2017-12-20 21:00:00+00:00,MUĞLA,48,13.128,3.628,0.4,9.0,51.0,60.375748,943.58624,9.26,Drizzle: Light
2017-12-21 21:00:00+00:00,MUĞLA,48,16.278,7.328,11.2,17.373497,63.0,69.56353,937.7671,8.32,Rain: Moderate
2017-12-22 21:00:00+00:00,MUĞLA,48,10.528,3.428,15.400001,18.751125,63.0,84.240166,931.0207,4.68,Rain: Moderate
2017-12-23 21:00:00+00:00,MUĞLA,48,5.928,1.528,1.7,26.661882,73.0,57.877422,933.10126,7.36,Snow fall: Moderate
2017-12-24 21:00:00+00:00,MUĞLA,48,12.128,2.378,0.0,13.479583,0.0,46.096516,943.67084,10.63,Clear sky
2017-12-25 21:00:00+00:00,MUĞLA,48,10.978,3.9780002,0.0,9.3669195,3.0,54.944687,946.3743,10.41,Overcast
2017-12-26 21:00:00+00:00,MUĞLA,48,11.378,3.928,0.70000005,10.685391,51.0,85.46362,942.49243,9.17,Drizzle: Light
2017-12-27 21:00:00+00:00,MUĞLA,48,10.728,7.328,12.700001,13.979872,61.0,92.02078,937.6985,6.39,Rain: Slight
2017-12-28 21:00:00+00:00,MUĞLA,48,8.578,7.178,50.500004,20.12461,63.0,95.10609,936.43823,2.87,Rain: Moderate
2017-12-29 21:00:00+00:00,MUĞLA,48,8.878,5.578,24.300003,19.376562,63.0,95.04499,934.22266,3.24,Rain: Moderate
2017-12-30 21:00:00+00:00,MUĞLA,48,11.178,4.678,0.0,14.408997,3.0,77.70879,935.69244,9.51,Overcast
2017-12-31 21:00:00+00:00,MUĞLA,48,13.178,4.028,0.0,15.827721,0.0,57.814697,937.54126,10.43,Clear sky
2018-01-01 21:00:00+00:00,MUĞLA,48,10.628,4.578,4.0,12.303366,53.0,74.554115,936.459,4.15,Drizzle: Moderate
2018-01-02 21:00:00+00:00,MUĞLA,48,8.878,5.828,27.800001,9.931042,63.0,92.799866,932.61127,5.91,Rain: Moderate
2018-01-03 21:00:00+00:00,MUĞLA,48,8.228,3.428,15.199999,18.455048,63.0,87.05125,927.5429,5.26,Rain: Moderate
2018-01-04 21:00:00+00:00,MUĞLA,48,11.828,6.028,0.0,20.380579,3.0,66.176674,929.14185,10.55,Overcast
2018-01-05 21:00:00+00:00,MUĞLA,48,13.428,3.578,0.0,12.074766,3.0,65.3699,940.1177,10.81,Overcast
2018-01-06 21:00:00+00:00,MUĞLA,48,12.578,7.828,0.0,6.297428,3.0,84.910774,949.4138,8.13,Overcast
2018-01-07 21:00:00+00:00,MUĞLA,48,15.978,4.928,0.0,8.699793,3.0,72.39667,951.0638,9.73,Overcast
2018-01-08 21:00:00+00:00,MUĞLA,48,17.678,6.3780003,0.0,10.739833,3.0,55.837833,948.6409,10.01,Overcast
2018-01-09 21:00:00+00:00,MUĞLA,48,14.578,7.778,0.5,16.992609,51.0,65.682,944.24066,6.4,Drizzle: Light
2018-01-10 21:00:00+00:00,MUĞLA,48,10.678,8.578,37.7,20.523157,63.0,97.39619,936.59375,3.85,Rain: Moderate
2018-01-11 21:00:00+00:00,MUĞLA,48,10.578,7.028,9.700002,13.324863,61.0,97.27103,938.73846,5.46,Rain: Slight
2018-01-12 21:00:00+00:00,MUĞLA,48,8.528,5.678,22.7,17.477621,63.0,94.95942,937.6655,3.37,Rain: Moderate
2018-01-13 21:00:00+00:00,MUĞLA,48,11.078,4.028,0.0,13.004921,3.0,74.72722,936.37445,10.49,Overcast
2018-01-14 21:00:00+00:00,MUĞLA,48,11.778,1.778,0.0,13.0447235,3.0,62.51563,943.9715,11.52,Overcast
2018-01-15 21:00:00+00:00,MUĞLA,48,9.028,4.078,11.099999,10.308831,71.0,70.514984,943.2178,3.43,Snow fall: Slight
2018-01-16 21:00:00+00:00,MUĞLA,48,9.778,4.178,9.7,12.55879,61.0,89.4437,934.8825,7.16,Rain: Slight
2018-01-17 21:00:00+00:00,MUĞLA,48,9.478,1.2279999,27.900002,30.385365,71.0,82.346565,924.62213,7.89,Snow fall: Slight
2018-01-18 21:00:00+00:00,MUĞLA,48,8.628,-0.422,0.0,22.91026,0.0,48.8939,935.9592,12.2,Clear sky
2018-01-19 21:00:00+00:00,MUĞLA,48,8.928,1.9779999,4.0,15.192682,55.0,60.27975,940.6179,4.81,Drizzle: Dense
2018-01-20 21:00:00+00:00,MUĞLA,48,9.828,7.3780003,20.5,24.826954,63.0,96.314415,936.52167,4.53,Rain: Moderate
2018-01-21 21:00:00+00:00,MUĞLA,48,8.678,5.828,48.699993,27.971327,63.0,96.55573,923.21533,3.34,Rain: Moderate
2018-01-22 21:00:00+00:00,MUĞLA,48,10.078,3.428,0.0,19.914217,3.0,69.99059,929.949,11.85,Overcast
2018-01-23 21:00:00+00:00,MUĞLA,48,8.128,1.028,0.0,21.659918,3.0,53.250774,935.7393,8.43,Overcast
2018-01-24 21:00:00+00:00,MUĞLA,48,4.078,-2.372,0.0,32.305862,3.0,45.53168,934.93115,11.83,Overcast
2018-01-25 21:00:00+00:00,MUĞLA,48,10.028,-1.722,0.0,27.343414,2.0,49.039185,935.22754,12.68,Partly cloudy
2018-01-26 21:00:00+00:00,MUĞLA,48,13.878,0.92800003,0.0,19.839235,0.0,52.074604,942.12274,12.74,Clear sky
2018-01-27 21:00:00+00:00,MUĞLA,48,14.328,1.3779999,0.0,11.966954,0.0,54.73425,945.4036,12.95,Clear sky
2018-01-28 21:00:00+00:00,MUĞLA,48,15.178,3.7280002,0.0,12.144331,0.0,48.4424,945.2344,13.11,Clear sky
2018-01-29 21:00:00+00:00,MUĞLA,48,14.528,3.628,0.0,9.826088,0.0,53.056187,944.3403,12.97,Clear sky
2018-01-30 21:00:00+00:00,MUĞLA,48,13.278,4.1280003,0.0,6.6087217,0.0,69.41408,944.81226,13.04,Clear sky
2018-01-31 21:00:00+00:00,MUĞLA,48,10.878,3.928,2.6,14.003029,53.0,91.44929,945.3398,8.16,Drizzle: Moderate
2018-02-01 21:00:00+00:00,MUĞLA,48,9.828,7.228,2.7,16.62249,53.0,89.13569,946.9038,4.97,Drizzle: Moderate
2018-02-02 21:00:00+00:00,MUĞLA,48,10.728,6.678,0.9000001,14.658676,51.0,84.89313,945.47754,5.36,Drizzle: Light
2018-02-03 21:00:00+00:00,MUĞLA,48,11.428,8.128,3.0,22.415602,53.0,87.608986,941.7557,4.25,Drizzle: Moderate
2018-02-04 21:00:00+00:00,MUĞLA,48,14.328,6.328,1.4,12.096214,51.0,81.26475,939.88983,12.9,Drizzle: Light
2018-02-05 21:00:00+00:00,MUĞLA,48,12.578,7.228,1.3000001,9.531505,53.0,86.86343,941.1077,10.13,Drizzle: Moderate
2018-02-06 21:00:00+00:00,MUĞLA,48,14.228,4.978,3.0,14.618837,53.0,71.07702,944.13617,8.15,Drizzle: Moderate
2018-02-07 21:00:00+00:00,MUĞLA,48,14.078,8.978,0.5,18.079027,51.0,79.54742,940.3921,10.88,Drizzle: Light
2018-02-08 21:00:00+00:00,MUĞLA,48,14.328,8.928,0.3,7.145796,51.0,77.23914,937.19794,11.93,Drizzle: Light
2018-02-09 21:00:00+00:00,MUĞLA,48,14.578,8.478,0.9000001,20.523157,53.0,71.15629,931.31854,6.56,Drizzle: Moderate
2018-02-10 21:00:00+00:00,MUĞLA,48,11.628,7.278,19.900003,24.74329,63.0,86.259094,929.9055,10.9,Rain: Moderate
2018-02-11 21:00:00+00:00,MUĞLA,48,10.528,4.778,1.7,9.83268,53.0,75.71063,933.48193,11.4,Drizzle: Moderate
2018-02-12 21:00:00+00:00,MUĞLA,48,11.428,3.578,0.0,13.979872,3.0,61.17648,936.92505,14.9,Overcast
2018-02-13 21:00:00+00:00,MUĞLA,48,10.628,4.678,14.300001,15.990646,63.0,78.86333,938.0181,7.77,Rain: Moderate
2018-02-14 21:00:00+00:00,MUĞLA,48,9.578,4.3780003,27.4,25.809765,63.0,88.598816,937.9865,7.48,Rain: Moderate
2018-02-15 21:00:00+00:00,MUĞLA,48,12.528,5.428,4.999999,16.800856,61.0,80.10048,937.25446,7.34,Rain: Slight
2018-02-16 21:00:00+00:00,MUĞLA,48,15.778,5.3780003,0.0,17.518356,0.0,63.98929,937.211,15.56,Clear sky
2018-02-17 21:00:00+00:00,MUĞLA,48,16.877998,5.928,0.0,14.799459,3.0,42.63164,936.6668,16.53,Overcast
2018-02-18 21:00:00+00:00,MUĞLA,48,13.228,5.728,0.0,11.480557,3.0,61.33254,935.46783,12.23,Overcast
2018-02-19 21:00:00+00:00,MUĞLA,48,9.878,7.528,7.6,11.019764,61.0,96.02117,934.91986,4.23,Rain: Slight
2018-02-20 21:00:00+00:00,MUĞLA,48,10.578,7.078,10.600001,17.377226,63.0,94.74487,932.59515,7.22,Rain: Moderate
2018-02-21 21:00:00+00:00,MUĞLA,48,11.928,6.928,7.0999994,11.923557,63.0,90.62622,933.4533,11.0,Rain: Moderate
2018-02-22 21:00:00+00:00,MUĞLA,48,12.528,5.728,7.3999987,7.2,63.0,84.313614,932.2571,9.69,Rain: Moderate
2018-02-23 21:00:00+00:00,MUĞLA,48,11.078,4.828,26.199999,20.620804,63.0,87.717705,931.3139,9.18,Rain: Moderate
2018-02-24 21:00:00+00:00,MUĞLA,48,11.578,3.778,0.3,13.397612,51.0,81.53159,930.2768,12.46,Drizzle: Light
2018-02-25 21:00:00+00:00,MUĞLA,48,8.578,5.428,31.899998,20.192118,63.0,88.941475,926.3333,4.65,Rain: Moderate
2018-02-26 21:00:00+00:00,MUĞLA,48,10.628,3.128,5.2,13.009903,61.0,92.47405,930.78705,7.44,Rain: Slight
2018-02-27 21:00:00+00:00,MUĞLA,48,9.978,5.728,47.9,20.898611,65.0,96.52709,934.3181,3.01,Rain: Heavy
2018-02-28 21:00:00+00:00,MUĞLA,48,11.678,3.528,0.0,18.58451,3.0,56.956562,938.0201,17.38,Overcast
2018-03-01 21:00:00+00:00,MUĞLA,48,11.928,4.228,0.5,14.799459,51.0,64.08557,937.1817,10.23,Drizzle: Light
2018-03-02 21:00:00+00:00,MUĞLA,48,12.928,7.778,1.2000002,19.486609,51.0,83.71216,934.3865,6.62,Drizzle: Light
2018-03-03 21:00:00+00:00,MUĞLA,48,14.578,10.028,1.2,17.654688,51.0,91.3838,932.6027,12.75,Drizzle: Light
2018-03-04 21:00:00+00:00,MUĞLA,48,16.028,7.8780003,3.6000001,19.453327,61.0,71.3196,931.38354,13.88,Rain: Slight
2018-03-05 21:00:00+00:00,MUĞLA,48,13.678,9.028,15.300002,14.986553,63.0,86.93082,932.6958,11.31,Rain: Moderate
2018-03-06 21:00:00+00:00,MUĞLA,48,13.778,9.078,0.6,18.289274,51.0,74.383675,936.23505,9.02,Drizzle: Light
2018-03-07 21:00:00+00:00,MUĞLA,48,12.828,6.928,7.0,20.304129,61.0,81.47132,932.27075,11.47,Rain: Slight
2018-03-08 21:00:00+00:00,MUĞLA,48,16.178,6.578,0.0,12.979984,3.0,69.05802,935.8283,16.33,Overcast
2018-03-09 21:00:00+00:00,MUĞLA,48,16.428,7.678,0.0,11.177405,3.0,67.13418,937.7569,18.64,Overcast
2018-03-10 21:00:00+00:00,MUĞLA,48,15.828,9.478,0.0,9.605998,3.0,67.79895,939.5253,19.19,Overcast
2018-03-11 21:00:00+00:00,MUĞLA,48,15.178,7.028,0.0,12.313893,3.0,72.32534,939.4033,18.66,Overcast
2018-03-12 21:00:00+00:00,MUĞLA,48,11.678,8.928,27.6,20.799152,63.0,97.58674,936.1948,5.48,Rain: Moderate
2018-03-13 21:00:00+00:00,MUĞLA,48,13.578,6.528,0.4,13.281023,51.0,82.09727,935.40265,15.47,Drizzle: Light
2018-03-14 21:00:00+00:00,MUĞLA,48,11.728,5.328,6.5,11.620809,61.0,82.210945,935.20917,13.64,Rain: Slight
2018-03-15 21:00:00+00:00,MUĞLA,48,14.878,4.328,0.0,11.298495,3.0,66.2026,937.54224,20.14,Overcast
2018-03-16 21:00:00+00:00,MUĞLA,48,17.727999,7.6280003,0.0,11.4862,3.0,60.795853,938.73773,19.05,Overcast
2018-03-17 21:00:00+00:00,MUĞLA,48,15.728,9.528,0.0,22.218153,3.0,77.644905,934.53436,17.31,Overcast
2018-03-18 21:00:00+00:00,MUĞLA,48,16.678,8.478,0.0,16.263872,3.0,77.63425,932.241,19.21,Overcast
2018-03-19 21:00:00+00:00,MUĞLA,48,13.828,6.8780003,1.8000001,15.021105,53.0,77.33314,934.27106,16.14,Drizzle: Moderate
2018-03-20 21:00:00+00:00,MUĞLA,48,15.328,5.228,0.0,12.57426,3.0,58.741383,940.79364,20.24,Overcast
2018-03-21 21:00:00+00:00,MUĞLA,48,18.528,8.628,0.2,19.373219,51.0,43.328938,935.57104,15.11,Drizzle: Light
2018-03-22 21:00:00+00:00,MUĞLA,48,15.928,8.078,7.6,18.64369,63.0,69.44805,927.0236,3.96,Rain: Moderate
2018-03-23 21:00:00+00:00,MUĞLA,48,9.978,5.828,31.5,14.205182,63.0,89.23569,927.92725,10.94,Rain: Moderate
2018-03-24 21:00:00+00:00,MUĞLA,48,11.678,5.928,12.600001,16.375053,63.0,83.78042,938.25854,14.45,Rain: Moderate
2018-03-25 21:00:00+00:00,MUĞLA,48,13.678,8.278,0.0,22.476227,3.0,68.74535,941.20905,15.51,Overcast
2018-03-26 21:00:00+00:00,MUĞLA,48,15.328,8.428,0.4,18.193361,51.0,81.54174,938.13824,14.93,Drizzle: Light
2018-03-27 21:00:00+00:00,MUĞLA,48,18.227999,8.578,3.4,14.05845,61.0,56.183243,931.1968,17.51,Rain: Slight
2018-03-28 21:00:00+00:00,MUĞLA,48,10.078,6.3780003,7.8999996,20.799152,61.0,78.91749,927.80695,11.74,Rain: Slight
2018-03-29 21:00:00+00:00,MUĞLA,48,17.778,5.078,0.0,14.118243,3.0,56.803272,939.0545,22.65,Overcast
2018-03-30 21:00:00+00:00,MUĞLA,48,17.078,6.478,0.0,12.413476,3.0,57.926716,942.3958,20.47,Overcast
2018-03-31 21:00:00+00:00,MUĞLA,48,15.328,8.328,0.0,18.218275,3.0,72.28063,938.9033,22.67,Overcast
2018-04-01 21:00:00+00:00,MUĞLA,48,16.127998,8.428,3.8000002,18.043148,55.0,67.233925,936.2041,23.0,Drizzle: Dense
2018-04-02 21:00:00+00:00,MUĞLA,48,19.028,8.328,0.0,15.596767,1.0,45.083267,940.6209,23.94,Mainly clear
2018-04-03 21:00:00+00:00,MUĞLA,48,20.278,5.678,0.0,8.64,1.0,55.17245,941.2255,23.83,Mainly clear
2018-04-04 21:00:00+00:00,MUĞLA,48,21.377998,8.428,0.0,9.746631,2.0,51.518875,937.6724,23.64,Partly cloudy
2018-04-05 21:00:00+00:00,MUĞLA,48,19.278,10.828,0.0,15.941944,3.0,51.480606,933.87787,22.66,Overcast
2018-04-06 21:00:00+00:00,MUĞLA,48,14.878,9.428,1.6000001,11.966953,53.0,72.166985,933.9709,19.03,Drizzle: Moderate
2018-04-07 21:00:00+00:00,MUĞLA,48,14.928,7.6280003,1.5000001,11.212135,55.0,74.586235,935.4222,18.51,Drizzle: Dense
2018-04-08 21:00:00+00:00,MUĞLA,48,17.578,7.178,2.8,11.770403,61.0,76.103,936.6299,21.8,Rain: Slight
2018-04-09 21:00:00+00:00,MUĞLA,48,22.227999,8.128,0.0,10.661107,1.0,67.90305,936.24927,23.91,Mainly clear
2018-04-10 21:00:00+00:00,MUĞLA,48,19.778,10.528,0.1,10.086427,51.0,74.4614,936.28125,20.43,Drizzle: Light
2018-04-11 21:00:00+00:00,MUĞLA,48,20.828,12.678,0.0,10.390226,3.0,65.907524,937.1238,24.05,Overcast
2018-04-12 21:00:00+00:00,MUĞLA,48,24.028,13.078,0.0,10.086427,2.0,53.3187,938.343,24.27,Partly cloudy
2018-04-13 21:00:00+00:00,MUĞLA,48,25.877998,12.778,0.0,14.264361,1.0,55.24037,939.6867,24.36,Mainly clear
2018-04-14 21:00:00+00:00,MUĞLA,48,27.178,13.828,0.0,11.966953,3.0,50.926865,940.24347,25.0,Overcast
2018-04-15 21:00:00+00:00,MUĞLA,48,23.928,13.278,0.1,17.399586,51.0,46.74765,940.23364,22.99,Drizzle: Light
2018-04-16 21:00:00+00:00,MUĞLA,48,20.828,13.528,0.0,16.179985,3.0,46.472504,940.7192,25.14,Overcast
2018-04-17 21:00:00+00:00,MUĞLA,48,21.977999,11.278,0.0,9.746631,1.0,52.37228,941.9819,25.56,Mainly clear
2018-04-18 21:00:00+00:00,MUĞLA,48,22.678,12.428,0.8,11.966954,53.0,70.46253,939.6191,20.76,Drizzle: Moderate
2018-04-19 21:00:00+00:00,MUĞLA,48,21.977999,11.728,0.0,25.41763,1.0,54.679455,933.97687,25.06,Mainly clear
2018-04-20 21:00:00+00:00,MUĞLA,48,19.477999,8.978,0.0,24.122683,0.0,42.29459,934.1623,26.17,Clear sky
2018-04-21 21:00:00+00:00,MUĞLA,48,23.178,9.328,0.0,11.367109,0.0,46.76588,937.33514,26.45,Clear sky
2018-04-22 21:00:00+00:00,MUĞLA,48,22.578,10.428,0.0,12.324414,2.0,47.09248,939.0398,26.1,Partly cloudy
2018-04-23 21:00:00+00:00,MUĞLA,48,22.528,10.678,0.9,11.808878,53.0,59.43906,938.9113,22.66,Drizzle: Moderate
2018-04-24 21:00:00+00:00,MUĞLA,48,25.178,13.578,0.0,12.324414,3.0,46.24782,938.2861,23.53,Overcast
2018-04-25 21:00:00+00:00,MUĞLA,48,26.078,14.528,3.5000002,10.823973,61.0,42.56202,936.3304,22.53,Rain: Slight
2018-04-26 21:00:00+00:00,MUĞLA,48,25.428,14.328,0.0,14.05845,3.0,42.250484,935.8169,23.68,Overcast
2018-04-27 21:00:00+00:00,MUĞLA,48,27.477999,13.778,1.3,13.684735,53.0,44.255306,937.5894,21.06,Drizzle: Moderate
2018-04-28 21:00:00+00:00,MUĞLA,48,24.928,16.078,2.9,9.085988,55.0,52.05075,938.94354,23.42,Drizzle: Dense
2018-04-29 21:00:00+00:00,MUĞLA,48,25.377998,14.278,0.9,11.620809,53.0,57.17258,936.84393,22.67,Drizzle: Moderate
2018-04-30 21:00:00+00:00,MUĞLA,48,24.678,14.528,2.6999998,11.609651,53.0,61.33336,936.3755,23.33,Drizzle: Moderate
2018-05-01 21:00:00+00:00,MUĞLA,48,24.977999,13.978,3.3,12.768586,63.0,53.802795,936.54767,21.35,Rain: Moderate
2018-05-02 21:00:00+00:00,MUĞLA,48,25.477999,15.178,0.5,17.935081,53.0,53.421825,935.5136,26.81,Drizzle: Moderate
2018-05-03 21:00:00+00:00,MUĞLA,48,27.377998,16.627998,1.0,18.94024,53.0,47.155178,934.00995,24.78,Drizzle: Moderate
2018-05-04 21:00:00+00:00,MUĞLA,48,24.528,15.928,1.0,12.641076,53.0,56.75586,932.88324,24.02,Drizzle: Moderate
2018-05-05 21:00:00+00:00,MUĞLA,48,18.477999,12.778,8.400001,11.298495,61.0,88.576744,934.27466,12.96,Rain: Slight
2018-05-06 21:00:00+00:00,MUĞLA,48,18.477999,10.878,10.6,9.826088,63.0,79.09844,931.8467,19.69,Rain: Moderate
2018-05-07 21:00:00+00:00,MUĞLA,48,20.928,11.378,0.1,11.480557,51.0,63.188854,929.23224,22.07,Drizzle: Light
2018-05-08 21:00:00+00:00,MUĞLA,48,21.528,10.828,0.5,12.599998,51.0,62.04489,931.2114,23.48,Drizzle: Light
2018-05-09 21:00:00+00:00,MUĞLA,48,20.028,13.078,6.4,9.779817,63.0,69.02835,932.3814,22.42,Rain: Moderate
2018-05-10 21:00:00+00:00,MUĞLA,48,21.578,11.878,0.70000005,18.331741,51.0,60.76634,932.34863,22.91,Drizzle: Light
2018-05-11 21:00:00+00:00,MUĞLA,48,22.278,12.378,0.0,15.84409,3.0,56.856136,931.6284,22.68,Overcast
2018-05-12 21:00:00+00:00,MUĞLA,48,22.278,10.878,0.0,14.264361,1.0,54.374695,933.3835,27.0,Mainly clear
2018-05-13 21:00:00+00:00,MUĞLA,48,24.028,11.928,0.0,13.797912,0.0,44.883747,937.90894,28.17,Clear sky
2018-05-14 21:00:00+00:00,MUĞLA,48,26.278,12.528,0.0,10.538843,0.0,49.229156,941.3486,27.88,Clear sky
2018-05-15 21:00:00+00:00,MUĞLA,48,29.078,15.178,0.0,12.496719,3.0,42.61011,941.66113,26.02,Overcast
2018-05-16 21:00:00+00:00,MUĞLA,48,28.977999,16.278,0.2,10.883676,51.0,38.73853,941.25433,25.01,Drizzle: Light
2018-05-17 21:00:00+00:00,MUĞLA,48,29.178,17.377998,0.3,15.941944,51.0,39.8175,940.3018,20.56,Drizzle: Light
2018-05-18 21:00:00+00:00,MUĞLA,48,29.227999,16.377998,0.5,13.004922,51.0,40.757442,938.8929,20.72,Drizzle: Light
2018-05-19 21:00:00+00:00,MUĞLA,48,28.578,17.627998,0.1,14.05845,51.0,35.392727,938.3054,26.04,Drizzle: Light
2018-05-20 21:00:00+00:00,MUĞLA,48,29.278,16.778,0.8,15.188415,53.0,41.928574,938.4065,27.63,Drizzle: Moderate
2018-05-21 21:00:00+00:00,MUĞLA,48,25.928,18.928,0.0,14.4,3.0,48.29777,938.8594,27.28,Overcast
2018-05-22 21:00:00+00:00,MUĞLA,48,30.727999,17.828,0.0,15.575981,3.0,43.26312,940.6855,28.53,Overcast
2018-05-23 21:00:00+00:00,MUĞLA,48,27.078,17.078,0.0,15.328561,2.0,44.534893,937.0704,27.69,Partly cloudy
2018-05-24 21:00:00+00:00,MUĞLA,48,24.328,15.128,6.2,12.24,63.0,66.66876,932.5508,20.64,Rain: Moderate
2018-05-25 21:00:00+00:00,MUĞLA,48,21.377998,13.828,2.2,9.360001,61.0,70.35267,934.0088,19.43,Rain: Slight
2018-05-26 21:00:00+00:00,MUĞLA,48,21.578,14.328,5.0,9.983106,63.0,72.259254,936.34814,23.59,Rain: Moderate
2018-05-27 21:00:00+00:00,MUĞLA,48,23.127998,14.378,3.4,8.707238,61.0,66.47048,936.4531,21.18,Rain: Slight
2018-05-28 21:00:00+00:00,MUĞLA,48,23.377998,14.628,5.0,8.647496,61.0,67.358154,935.2181,19.84,Rain: Slight
2018-05-29 21:00:00+00:00,MUĞLA,48,23.578,14.678,4.2999997,11.720751,61.0,69.87111,934.5046,22.41,Rain: Slight
2018-05-30 21:00:00+00:00,MUĞLA,48,22.178,14.628,15.700001,9.339208,65.0,76.08719,934.2652,18.99,Rain: Heavy
2018-05-31 21:00:00+00:00,MUĞLA,48,24.877998,14.178,0.90000004,10.464798,53.0,64.221306,934.5395,21.43,Drizzle: Moderate
2018-06-01 21:00:00+00:00,MUĞLA,48,28.227999,15.978,0.2,13.979872,51.0,54.83702,936.00116,26.88,Drizzle: Light
2018-06-02 21:00:00+00:00,MUĞLA,48,27.428,16.227999,0.0,14.618837,3.0,51.719257,935.905,26.97,Overcast
2018-06-03 21:00:00+00:00,MUĞLA,48,27.678,16.877998,0.0,13.608762,1.0,44.570526,933.88965,28.26,Mainly clear
2018-06-04 21:00:00+00:00,MUĞLA,48,26.928,16.377998,0.0,14.118243,2.0,52.307102,934.5552,25.44,Partly cloudy
2018-06-05 21:00:00+00:00,MUĞLA,48,27.778,16.778,0.0,10.661107,3.0,53.74074,939.8203,27.46,Overcast
2018-06-06 21:00:00+00:00,MUĞLA,48,29.178,18.928,0.0,14.618837,2.0,46.812946,942.53925,29.52,Partly cloudy
2018-06-07 21:00:00+00:00,MUĞLA,48,31.428,17.377998,0.0,15.0038395,0.0,40.50935,940.438,29.85,Clear sky
2018-06-08 21:00:00+00:00,MUĞLA,48,32.378,19.028,0.0,13.627795,1.0,45.850555,937.8066,29.55,Mainly clear
2018-06-09 21:00:00+00:00,MUĞLA,48,26.828,18.627998,0.0,12.413476,0.0,56.70331,932.02295,29.96,Clear sky
2018-06-10 21:00:00+00:00,MUĞLA,48,24.428,17.377998,6.9,11.841756,63.0,75.2004,930.4495,17.21,Rain: Moderate
2018-06-11 21:00:00+00:00,MUĞLA,48,29.028,18.578,0.0,13.5515,3.0,61.70688,930.56036,26.88,Overcast
2018-06-12 21:00:00+00:00,MUĞLA,48,29.627998,18.678,0.0,12.074766,2.0,49.322662,929.56537,27.28,Partly cloudy
2018-06-13 21:00:00+00:00,MUĞLA,48,28.528,18.977999,0.0,13.849477,1.0,51.504673,931.7803,28.43,Mainly clear
2018-06-14 21:00:00+00:00,MUĞLA,48,26.778,18.828,0.0,15.827721,3.0,57.45917,934.25934,26.81,Overcast
2018-06-15 21:00:00+00:00,MUĞLA,48,21.678,16.127998,8.6,15.072783,61.0,85.25266,933.3984,19.04,Rain: Slight
2018-06-16 21:00:00+00:00,MUĞLA,48,22.178,15.628,1.7,11.592895,53.0,75.97904,934.61176,22.86,Drizzle: Moderate
2018-06-17 21:00:00+00:00,MUĞLA,48,24.078,14.878,4.6,10.703569,61.0,75.30828,933.7107,23.32,Rain: Slight
2018-06-18 21:00:00+00:00,MUĞLA,48,22.127998,15.878,4.7999997,8.557102,61.0,76.66016,934.93646,19.66,Rain: Slight
2018-06-19 21:00:00+00:00,MUĞLA,48,23.778,14.828,2.3000002,11.4862,61.0,75.449715,938.40625,22.68,Rain: Slight
2018-06-20 21:00:00+00:00,MUĞLA,48,23.928,16.278,0.5,12.387348,51.0,73.43732,939.6407,26.78,Drizzle: Light
2018-06-21 21:00:00+00:00,MUĞLA,48,23.477999,16.328,0.8000001,14.654254,51.0,72.120544,938.4915,26.82,Drizzle: Light
2018-06-22 21:00:00+00:00,MUĞLA,48,26.877998,16.078,0.0,11.966954,1.0,57.885925,936.88043,27.56,Mainly clear
2018-06-23 21:00:00+00:00,MUĞLA,48,28.328,17.227999,0.0,13.202726,1.0,53.587112,936.2839,26.25,Mainly clear
2018-06-24 21:00:00+00:00,MUĞLA,48,27.828,17.778,0.0,12.682018,1.0,58.113766,935.66,27.91,Mainly clear
2018-06-25 21:00:00+00:00,MUĞLA,48,26.178,17.578,0.1,15.158522,51.0,63.443684,935.6198,28.39,Drizzle: Light
2018-06-26 21:00:00+00:00,MUĞLA,48,23.828,17.627998,10.8,21.129885,63.0,71.74712,933.60406,24.14,Rain: Moderate
2018-06-27 21:00:00+00:00,MUĞLA,48,21.928,16.377998,4.5,15.349684,61.0,79.01266,933.38837,23.45,Rain: Slight
2018-06-28 21:00:00+00:00,MUĞLA,48,21.877998,15.078,1.2,10.799999,51.0,77.301384,933.1149,22.11,Drizzle: Light
2018-06-29 21:00:00+00:00,MUĞLA,48,23.928,15.078,0.3,11.966954,51.0,68.00126,932.46625,25.7,Drizzle: Light
2018-06-30 21:00:00+00:00,MUĞLA,48,26.377998,15.028,0.1,10.587917,51.0,67.44561,936.35767,27.82,Drizzle: Light
2018-07-01 21:00:00+00:00,MUĞLA,48,33.228,20.078,0.0,13.797913,3.0,43.986023,937.71,28.62,Overcast
2018-07-02 21:00:00+00:00,MUĞLA,48,34.528,20.778,0.0,13.5515,0.0,34.481174,936.91547,29.93,Clear sky
2018-07-03 21:00:00+00:00,MUĞLA,48,34.677998,21.377998,0.0,14.440443,0.0,28.641005,935.5891,30.57,Clear sky
2018-07-04 21:00:00+00:00,MUĞLA,48,33.628,22.028,0.0,17.551615,0.0,32.13192,934.41595,30.16,Clear sky
2018-07-05 21:00:00+00:00,MUĞLA,48,33.078,21.877998,0.0,20.111729,0.0,36.04385,934.51215,30.23,Clear sky
2018-07-06 21:00:00+00:00,MUĞLA,48,34.128,20.928,0.0,14.689589,0.0,34.29508,932.9742,30.21,Clear sky
2018-07-07 21:00:00+00:00,MUĞLA,48,32.078,20.278,0.0,15.575981,0.0,39.008736,932.95215,29.5,Clear sky
2018-07-08 21:00:00+00:00,MUĞLA,48,28.977999,19.377998,0.0,12.7279215,1.0,50.48775,934.837,26.71,Mainly clear
2018-07-09 21:00:00+00:00,MUĞLA,48,29.828,19.428,0.0,15.459054,0.0,52.03505,936.1184,28.47,Clear sky
2018-07-10 21:00:00+00:00,MUĞLA,48,31.678,20.828,0.0,16.516901,1.0,48.646305,935.1866,28.07,Mainly clear
2018-07-11 21:00:00+00:00,MUĞLA,48,34.677998,22.778,0.0,19.469975,1.0,43.834347,934.5694,28.53,Mainly clear
2018-07-12 21:00:00+00:00,MUĞLA,48,35.828,22.428,0.0,17.974781,0.0,37.768795,933.0781,29.47,Clear sky
2018-07-13 21:00:00+00:00,MUĞLA,48,33.828,23.377998,0.0,20.545246,0.0,34.350315,931.90704,29.8,Clear sky
2018-07-14 21:00:00+00:00,MUĞLA,48,33.578,22.528,0.0,18.792551,0.0,33.107693,932.3789,29.73,Clear sky
2018-07-15 21:00:00+00:00,MUĞLA,48,33.278,21.328,0.0,18.03237,0.0,31.75429,933.7456,29.66,Clear sky
2018-07-16 21:00:00+00:00,MUĞLA,48,34.177998,21.428,0.0,20.240198,0.0,30.310808,935.0611,29.62,Clear sky
2018-07-17 21:00:00+00:00,MUĞLA,48,30.428,21.377998,0.0,14.689589,1.0,42.23514,931.7653,28.22,Mainly clear
2018-07-18 21:00:00+00:00,MUĞLA,48,31.727999,21.227999,0.0,23.773632,0.0,42.137646,931.67285,28.73,Clear sky
2018-07-19 21:00:00+00:00,MUĞLA,48,32.228,20.428,0.0,16.071491,3.0,40.081142,933.0007,27.62,Overcast
2018-07-20 21:00:00+00:00,MUĞLA,48,34.078,21.727999,0.0,14.799459,3.0,39.71461,934.83575,28.05,Overcast
2018-07-21 21:00:00+00:00,MUĞLA,48,34.778,23.377998,0.0,21.028437,0.0,36.07652,935.8753,28.98,Clear sky
2018-07-22 21:00:00+00:00,MUĞLA,48,34.578,23.127998,0.0,14.618837,0.0,33.77149,933.7842,28.59,Clear sky
2018-07-23 21:00:00+00:00,MUĞLA,48,31.428,21.778,0.0,18.374111,2.0,45.063553,930.0347,24.59,Partly cloudy
2018-07-24 21:00:00+00:00,MUĞLA,48,26.127998,19.028,1.9000001,12.984975,53.0,65.89454,930.97833,23.27,Drizzle: Moderate
2018-07-25 21:00:00+00:00,MUĞLA,48,27.028,18.877998,2.4,12.682018,53.0,68.792946,934.51215,22.14,Drizzle: Moderate
2018-07-26 21:00:00+00:00,MUĞLA,48,27.178,18.178,1.5,9.885262,53.0,65.53139,936.77686,22.46,Drizzle: Moderate
2018-07-27 21:00:00+00:00,MUĞLA,48,30.627998,18.627998,0.0,16.904673,1.0,53.039627,934.91327,27.43,Mainly clear
2018-07-28 21:00:00+00:00,MUĞLA,48,31.477999,19.928,0.0,13.627795,1.0,49.332035,932.7014,25.05,Mainly clear
2018-07-29 21:00:00+00:00,MUĞLA,48,30.877998,21.278,0.0,14.417988,1.0,51.659973,932.9807,24.89,Mainly clear
2018-07-30 21:00:00+00:00,MUĞLA,48,30.278,20.828,0.5,9.290511,51.0,53.00606,934.04474,22.64,Drizzle: Light
2018-07-31 21:00:00+00:00,MUĞLA,48,32.528,21.877998,0.0,13.441071,1.0,49.98778,935.4676,25.86,Mainly clear
2018-08-01 21:00:00+00:00,MUĞLA,48,34.778,23.278,0.0,17.309975,0.0,42.32376,935.2895,25.54,Clear sky
2018-08-02 21:00:00+00:00,MUĞLA,48,34.427998,23.178,0.0,13.276144,2.0,42.023785,933.16315,24.37,Partly cloudy
2018-08-03 21:00:00+00:00,MUĞLA,48,32.378,23.078,0.0,13.009903,1.0,41.355625,932.98724,24.67,Mainly clear
2018-08-04 21:00:00+00:00,MUĞLA,48,30.127998,20.877998,1.5,12.245294,55.0,56.27709,935.84546,22.6,Drizzle: Dense
2018-08-05 21:00:00+00:00,MUĞLA,48,30.727999,19.778,1.2,11.592895,55.0,59.830654,937.164,24.18,Drizzle: Dense
2018-08-06 21:00:00+00:00,MUĞLA,48,32.478,21.477999,0.0,14.33234,1.0,45.239628,936.1787,23.66,Mainly clear
2018-08-07 21:00:00+00:00,MUĞLA,48,33.728,21.078,0.0,15.807239,0.0,42.15411,935.4952,27.15,Clear sky
2018-08-08 21:00:00+00:00,MUĞLA,48,33.078,21.928,0.0,17.84816,1.0,38.75204,936.865,25.11,Mainly clear
2018-08-09 21:00:00+00:00,MUĞLA,48,33.228,21.528,0.0,12.904882,2.0,39.3833,937.57794,22.08,Partly cloudy
2018-08-10 21:00:00+00:00,MUĞLA,48,33.728,22.078,0.0,13.089354,2.0,38.09428,936.37445,25.17,Partly cloudy
2018-08-11 21:00:00+00:00,MUĞLA,48,33.028,19.678,0.0,13.70839,0.0,27.651167,936.6346,27.44,Clear sky
2018-08-12 21:00:00+00:00,MUĞLA,48,32.328,19.227999,0.0,16.179987,0.0,28.774483,935.43774,27.39,Clear sky
2018-08-13 21:00:00+00:00,MUĞLA,48,33.978,21.078,0.0,16.323528,0.0,32.675755,934.47314,27.14,Clear sky
2018-08-14 21:00:00+00:00,MUĞLA,48,32.378,19.127998,0.0,12.4811535,0.0,40.715572,934.06055,26.22,Clear sky
2018-08-15 21:00:00+00:00,MUĞLA,48,31.627998,20.877998,0.0,12.904882,0.0,49.225338,934.8682,25.15,Clear sky
2018-08-16 21:00:00+00:00,MUĞLA,48,29.528,19.278,0.0,14.707222,1.0,54.937153,935.4285,25.25,Mainly clear
2018-08-17 21:00:00+00:00,MUĞLA,48,32.778,21.828,0.0,13.797913,3.0,44.066345,933.7889,23.39,Overcast
2018-08-18 21:00:00+00:00,MUĞLA,48,33.128,23.528,0.0,12.620554,2.0,41.873653,933.56885,21.56,Partly cloudy
2018-08-19 21:00:00+00:00,MUĞLA,48,32.278,21.678,0.0,10.308831,2.0,44.430218,934.12067,21.7,Partly cloudy
2018-08-20 21:00:00+00:00,MUĞLA,48,31.877998,21.328,0.0,9.47012,1.0,45.566605,935.9741,22.74,Mainly clear
2018-08-21 21:00:00+00:00,MUĞLA,48,32.177998,20.528,0.0,13.246826,1.0,45.185757,936.7859,24.09,Mainly clear
2018-08-22 21:00:00+00:00,MUĞLA,48,31.877998,21.178,0.0,11.212135,0.0,50.840992,935.6377,25.12,Clear sky
2018-08-23 21:00:00+00:00,MUĞLA,48,30.178,21.227999,0.0,11.043261,0.0,57.016315,935.6265,25.33,Clear sky
2018-08-24 21:00:00+00:00,MUĞLA,48,28.828,20.477999,0.0,15.379206,0.0,61.08255,935.6705,24.31,Clear sky
2018-08-25 21:00:00+00:00,MUĞLA,48,29.877998,20.028,0.0,12.229406,1.0,58.36671,934.10016,23.81,Mainly clear
2018-08-26 21:00:00+00:00,MUĞLA,48,30.028,20.278,0.0,13.684735,1.0,58.358814,932.24005,23.31,Mainly clear
2018-08-27 21:00:00+00:00,MUĞLA,48,28.328,19.928,0.0,13.339445,1.0,62.10469,933.41895,22.79,Mainly clear
2018-08-28 21:00:00+00:00,MUĞLA,48,26.377998,19.928,1.9,10.495713,61.0,66.015816,934.79486,20.75,Rain: Slight
2018-08-29 21:00:00+00:00,MUĞLA,48,31.377998,18.428,0.0,14.255272,1.0,61.57256,936.4072,22.76,Mainly clear
2018-08-30 21:00:00+00:00,MUĞLA,48,33.978,20.528,0.0,15.856354,2.0,42.170555,937.7065,23.7,Partly cloudy
2018-08-31 21:00:00+00:00,MUĞLA,48,33.328,23.227999,0.0,13.202726,1.0,45.034145,938.4987,22.23,Mainly clear
2018-09-01 21:00:00+00:00,MUĞLA,48,34.078,22.428,0.0,11.988594,1.0,47.506565,937.7922,22.03,Mainly clear
2018-09-02 21:00:00+00:00,MUĞLA,48,34.378,22.627998,0.0,13.237039,1.0,41.725918,935.5656,22.22,Mainly clear
2018-09-03 21:00:00+00:00,MUĞLA,48,32.427998,21.627998,0.0,14.33234,1.0,40.35983,934.6143,24.04,Mainly clear
2018-09-04 21:00:00+00:00,MUĞLA,48,29.828,20.278,0.0,13.779114,0.0,46.645443,934.101,23.55,Clear sky
2018-09-05 21:00:00+00:00,MUĞLA,48,27.977999,19.127998,0.0,18.532135,1.0,47.78017,933.72565,20.69,Mainly clear
2018-09-06 21:00:00+00:00,MUĞLA,48,29.678,18.778,0.0,20.523157,0.0,42.338806,935.3062,23.27,Clear sky
2018-09-07 21:00:00+00:00,MUĞLA,48,29.578,18.727999,0.0,17.193533,2.0,37.65061,937.3514,20.7,Partly cloudy
2018-09-08 21:00:00+00:00,MUĞLA,48,30.078,19.678,0.0,12.9249525,3.0,38.576218,937.28906,20.34,Overcast
2018-09-09 21:00:00+00:00,MUĞLA,48,29.428,18.078,0.0,17.10284,0.0,34.3844,938.6724,23.01,Clear sky
2018-09-10 21:00:00+00:00,MUĞLA,48,28.928,17.127998,0.0,12.144331,2.0,33.895405,939.9468,22.24,Partly cloudy
2018-09-11 21:00:00+00:00,MUĞLA,48,27.428,17.528,0.0,14.182355,3.0,35.322124,939.13525,18.66,Overcast
2018-09-12 21:00:00+00:00,MUĞLA,48,25.477999,18.127998,0.6,12.224107,51.0,48.7282,936.8843,17.16,Drizzle: Light
2018-09-13 21:00:00+00:00,MUĞLA,48,25.328,16.178,0.1,14.118243,51.0,55.075974,938.67755,18.61,Drizzle: Light
2018-09-14 21:00:00+00:00,MUĞLA,48,28.227999,16.528,0.0,10.931203,1.0,41.273735,939.6628,22.21,Mainly clear
2018-09-15 21:00:00+00:00,MUĞLA,48,30.528,17.928,0.0,13.513193,2.0,39.58392,940.4251,21.19,Partly cloudy
2018-09-16 21:00:00+00:00,MUĞLA,48,30.377998,18.678,0.0,11.298495,3.0,32.65021,939.76776,19.81,Overcast
2018-09-17 21:00:00+00:00,MUĞLA,48,30.727999,19.377998,0.0,11.384199,0.0,30.604029,938.8301,21.85,Clear sky
2018-09-18 21:00:00+00:00,MUĞLA,48,30.227999,17.877998,0.0,14.529915,3.0,33.503384,939.0423,21.52,Overcast
2018-09-19 21:00:00+00:00,MUĞLA,48,29.727999,17.578,0.0,11.726277,2.0,32.99645,938.48883,21.11,Partly cloudy
2018-09-20 21:00:00+00:00,MUĞLA,48,29.678,17.377998,0.0,13.089354,0.0,41.01953,938.6904,20.94,Clear sky
2018-09-21 21:00:00+00:00,MUĞLA,48,29.028,17.328,0.0,12.0694,1.0,49.75186,940.1213,20.08,Mainly clear
2018-09-22 21:00:00+00:00,MUĞLA,48,31.227999,18.028,0.0,12.181625,2.0,43.41278,941.67914,20.56,Partly cloudy
2018-09-23 21:00:00+00:00,MUĞLA,48,30.678,18.477999,0.0,11.841756,0.0,37.413174,940.908,20.7,Clear sky
2018-09-24 21:00:00+00:00,MUĞLA,48,29.778,17.727999,0.0,11.726277,0.0,31.48879,938.77045,20.7,Clear sky
2018-09-25 21:00:00+00:00,MUĞLA,48,27.278,16.178,0.90000004,17.414474,53.0,43.89723,937.4913,19.6,Drizzle: Moderate
2018-09-26 21:00:00+00:00,MUĞLA,48,25.678,15.678,0.1,13.324863,51.0,53.102932,939.593,18.22,Drizzle: Light
2018-09-27 21:00:00+00:00,MUĞLA,48,24.377998,16.227999,2.8999996,15.517629,55.0,74.97731,941.0153,12.25,Drizzle: Dense
2018-09-28 21:00:00+00:00,MUĞLA,48,23.227999,16.328,6.5999985,22.104116,61.0,82.22332,940.00006,17.16,Rain: Slight
2018-09-29 21:00:00+00:00,MUĞLA,48,19.528,14.978,35.799995,14.039999,63.0,94.47968,939.1916,10.69,Rain: Moderate
2018-09-30 21:00:00+00:00,MUĞLA,48,18.727999,14.528,26.800001,11.753876,63.0,92.181984,938.7526,11.13,Rain: Moderate
2018-10-01 21:00:00+00:00,MUĞLA,48,21.028,13.578,0.3,11.304229,51.0,77.90282,941.81934,16.23,Drizzle: Light
2018-10-02 21:00:00+00:00,MUĞLA,48,22.778,13.678,0.0,11.720751,3.0,68.51089,942.96185,18.68,Overcast
2018-10-03 21:00:00+00:00,MUĞLA,48,26.828,15.928,0.0,15.683774,1.0,46.992794,944.0071,18.57,Mainly clear
2018-10-04 21:00:00+00:00,MUĞLA,48,26.678,16.328,0.0,13.1041975,3.0,48.099213,944.1746,18.34,Overcast
2018-10-05 21:00:00+00:00,MUĞLA,48,24.328,13.628,0.0,9.0,3.0,47.896164,941.46436,13.06,Overcast
2018-10-06 21:00:00+00:00,MUĞLA,48,23.178,13.828,0.0,9.6932955,1.0,54.64449,938.27216,18.28,Mainly clear
2018-10-07 21:00:00+00:00,MUĞLA,48,21.928,13.628,0.0,8.647496,0.0,63.925602,938.3725,18.1,Clear sky
2018-10-08 21:00:00+00:00,MUĞLA,48,23.678,13.078,0.0,10.08,1.0,65.79568,938.125,16.34,Mainly clear
2018-10-09 21:00:00+00:00,MUĞLA,48,23.977999,13.478,2.2,10.105681,61.0,62.76439,938.9086,14.7,Rain: Slight
2018-10-10 21:00:00+00:00,MUĞLA,48,22.278,12.928,3.0,10.97262,61.0,66.809074,939.3597,13.78,Rain: Slight
2018-10-11 21:00:00+00:00,MUĞLA,48,22.627998,12.178,0.0,9.3669195,1.0,64.03586,939.49896,16.24,Mainly clear
2018-10-12 21:00:00+00:00,MUĞLA,48,19.977999,13.078,2.6,8.557102,53.0,74.394356,941.00885,12.05,Drizzle: Moderate
2018-10-13 21:00:00+00:00,MUĞLA,48,21.877998,12.378,0.0,9.931042,1.0,65.818665,941.5469,16.28,Mainly clear
2018-10-14 21:00:00+00:00,MUĞLA,48,21.928,12.828,0.0,9.3669195,2.0,63.74579,940.65497,16.57,Partly cloudy
2018-10-15 21:00:00+00:00,MUĞLA,48,23.528,12.878,0.0,11.681987,3.0,64.226585,940.6098,15.73,Overcast
2018-10-16 21:00:00+00:00,MUĞLA,48,23.078,13.828,0.0,9.007196,1.0,68.24606,939.00836,15.25,Mainly clear
2018-10-17 21:00:00+00:00,MUĞLA,48,22.227999,14.878,0.1,7.9932976,51.0,68.23235,939.2334,13.85,Drizzle: Light
2018-10-18 21:00:00+00:00,MUĞLA,48,22.877998,13.678,0.0,9.007196,3.0,65.8834,939.18774,15.12,Overcast
2018-10-19 21:00:00+00:00,MUĞLA,48,23.127998,13.628,0.0,13.556282,3.0,64.582344,938.7994,15.54,Overcast
2018-10-20 21:00:00+00:00,MUĞLA,48,22.078,13.678,0.0,14.05845,3.0,57.3195,937.2421,15.42,Overcast
2018-10-21 21:00:00+00:00,MUĞLA,48,19.977999,12.528,0.0,13.009903,3.0,69.426636,939.08563,13.79,Overcast
2018-10-22 21:00:00+00:00,MUĞLA,48,21.227999,14.128,0.0,10.495713,3.0,72.0759,938.7683,12.37,Overcast
2018-10-23 21:00:00+00:00,MUĞLA,48,19.278,13.478,19.699999,13.661038,63.0,80.31464,932.13214,8.91,Rain: Moderate
2018-10-24 21:00:00+00:00,MUĞLA,48,13.628,5.728,11.1,26.654589,63.0,68.36334,929.23395,14.17,Rain: Moderate
2018-10-25 21:00:00+00:00,MUĞLA,48,15.528,4.828,0.0,14.759999,0.0,43.038067,939.2793,15.6,Clear sky
2018-10-26 21:00:00+00:00,MUĞLA,48,16.727999,5.928,0.0,10.8955765,0.0,62.61583,944.95795,15.11,Clear sky
2018-10-27 21:00:00+00:00,MUĞLA,48,17.778,8.928,0.0,11.27553,3.0,81.87673,947.8752,12.34,Overcast
2018-10-28 21:00:00+00:00,MUĞLA,48,19.377998,8.628,0.0,5.937272,0.0,64.26095,946.51825,14.97,Clear sky
2018-10-29 21:00:00+00:00,MUĞLA,48,21.727999,13.578,0.0,7.42159,3.0,42.676487,946.3315,13.73,Overcast
2018-10-30 21:00:00+00:00,MUĞLA,48,24.328,12.728,0.0,10.495713,3.0,36.257835,946.56055,12.22,Overcast
2018-10-31 21:00:00+00:00,MUĞLA,48,24.928,12.278,0.0,10.041354,1.0,45.017456,946.4084,14.28,Mainly clear
2018-11-01 21:00:00+00:00,MUĞLA,48,23.127998,11.678,0.0,7.2,1.0,44.866337,944.45197,14.32,Mainly clear
2018-11-02 21:00:00+00:00,MUĞLA,48,22.727999,11.828,0.0,9.227524,0.0,51.60939,942.076,14.07,Clear sky
2018-11-03 21:00:00+00:00,MUĞLA,48,19.877998,10.628,0.0,12.313893,0.0,54.927197,941.2453,13.77,Clear sky
2018-11-04 21:00:00+00:00,MUĞLA,48,22.828,10.528,0.0,11.792404,0.0,46.739437,939.0391,13.83,Clear sky
2018-11-05 21:00:00+00:00,MUĞLA,48,20.127998,8.528,0.0,8.049845,0.0,52.30513,938.30524,13.63,Clear sky
2018-11-06 21:00:00+00:00,MUĞLA,48,18.678,12.378,0.0,7.5685663,0.0,59.456284,941.28955,13.17,Clear sky
2018-11-07 21:00:00+00:00,MUĞLA,48,17.428,9.878,0.70000005,8.654986,51.0,77.7544,941.3952,11.31,Drizzle: Light
2018-11-08 21:00:00+00:00,MUĞLA,48,16.828,9.428,0.6,11.440978,51.0,80.15893,939.42584,11.67,Drizzle: Light
2018-11-09 21:00:00+00:00,MUĞLA,48,17.877998,8.378,0.3,8.669949,51.0,75.17637,939.64795,11.82,Drizzle: Light
2018-11-10 21:00:00+00:00,MUĞLA,48,19.428,7.978,0.0,10.1376915,2.0,59.13806,941.7366,12.9,Partly cloudy
2018-11-11 21:00:00+00:00,MUĞLA,48,19.028,7.228,0.0,10.1376915,0.0,50.55746,943.7666,13.05,Clear sky
2018-11-12 21:00:00+00:00,MUĞLA,48,18.028,8.128,0.0,10.703569,1.0,49.741253,941.27155,12.47,Mainly clear
2018-11-13 21:00:00+00:00,MUĞLA,48,17.227999,8.478,0.0,16.23596,1.0,40.526615,937.51935,13.08,Mainly clear
2018-11-14 21:00:00+00:00,MUĞLA,48,15.428,4.828,0.0,16.454008,2.0,40.673344,935.4072,12.74,Partly cloudy
2018-11-15 21:00:00+00:00,MUĞLA,48,13.878,5.078,0.0,18.359999,3.0,54.213364,939.4372,11.88,Overcast
2018-11-16 21:00:00+00:00,MUĞLA,48,10.478,7.978,68.600006,22.90743,63.0,86.89459,942.6066,1.48,Rain: Moderate
2018-11-17 21:00:00+00:00,MUĞLA,48,12.928,9.978,28.9,16.279802,63.0,96.683205,941.8017,3.44,Rain: Moderate
2018-11-18 21:00:00+00:00,MUĞLA,48,13.478,9.878,30.0,15.459054,63.0,98.42043,940.2027,4.0,Rain: Moderate
2018-11-19 21:00:00+00:00,MUĞLA,48,15.328,11.778,9.599999,13.746156,61.0,93.5888,943.95386,5.28,Rain: Slight
2018-11-20 21:00:00+00:00,MUĞLA,48,13.978,9.278,14.9,12.904882,63.0,89.858116,939.5572,4.65,Rain: Moderate
2018-11-21 21:00:00+00:00,MUĞLA,48,14.728,8.928,5.0000005,10.137692,61.0,86.22482,935.95917,8.63,Rain: Slight
2018-11-22 21:00:00+00:00,MUĞLA,48,14.928,8.628,0.0,16.516901,2.0,70.23531,936.85504,11.22,Partly cloudy
2018-11-23 21:00:00+00:00,MUĞLA,48,15.628,6.078,0.0,10.823973,0.0,69.64749,940.35455,11.46,Clear sky
2018-11-24 21:00:00+00:00,MUĞLA,48,12.828,7.3780003,0.0,7.342588,3.0,77.47216,941.07666,8.82,Overcast
2018-11-25 21:00:00+00:00,MUĞLA,48,10.778,7.178,24.5,11.090103,63.0,82.9377,938.98,2.78,Rain: Moderate
2018-11-26 21:00:00+00:00,MUĞLA,48,12.828,10.228,30.899998,20.63023,63.0,98.39036,938.2197,4.15,Rain: Moderate
2018-11-27 21:00:00+00:00,MUĞLA,48,12.928,9.978,59.399998,22.963936,65.0,96.131096,934.98773,2.38,Rain: Heavy
2018-11-28 21:00:00+00:00,MUĞLA,48,12.328,9.478,17.2,12.397806,61.0,93.413574,935.61304,2.46,Rain: Slight
2018-11-29 21:00:00+00:00,MUĞLA,48,10.828,7.278,11.400002,6.87779,61.0,85.71713,933.5479,2.71,Rain: Slight
2018-11-30 21:00:00+00:00,MUĞLA,48,13.578,4.8780003,0.0,9.028754,3.0,78.24662,938.48413,10.74,Overcast
2018-12-01 21:00:00+00:00,MUĞLA,48,11.428,6.428,0.6,8.759178,51.0,83.69297,940.7088,3.82,Drizzle: Light
2018-12-02 21:00:00+00:00,MUĞLA,48,14.028,7.3780003,0.0,7.5942073,3.0,73.53039,937.4915,7.25,Overcast
2018-12-03 21:00:00+00:00,MUĞLA,48,13.678,8.078,0.90000004,10.365251,51.0,84.412704,931.3238,5.71,Drizzle: Light
2018-12-04 21:00:00+00:00,MUĞLA,48,14.128,8.228,7.3999996,12.397806,63.0,83.02733,931.1861,7.65,Rain: Moderate
2018-12-05 21:00:00+00:00,MUĞLA,48,8.978,4.828,0.6,29.834423,51.0,73.93188,929.7227,7.12,Drizzle: Light
2018-12-06 21:00:00+00:00,MUĞLA,48,10.228,3.428,0.0,24.842607,2.0,60.932163,933.6448,10.53,Partly cloudy
2018-12-07 21:00:00+00:00,MUĞLA,48,12.328,2.328,0.0,11.542478,3.0,55.64029,936.7869,10.7,Overcast
2018-12-08 21:00:00+00:00,MUĞLA,48,9.478,4.728,26.399998,14.336861,63.0,81.4011,937.189,3.28,Rain: Moderate
2018-12-09 21:00:00+00:00,MUĞLA,48,10.678,7.278,25.7,20.150354,63.0,96.200134,931.7405,5.24,Rain: Moderate
2018-12-10 21:00:00+00:00,MUĞLA,48,8.628,4.178,3.2,8.350138,53.0,86.20893,933.0047,6.21,Drizzle: Moderate
2018-12-11 21:00:00+00:00,MUĞLA,48,7.728,1.778,1.1,16.418526,53.0,74.85874,936.9326,9.89,Drizzle: Moderate
2018-12-12 21:00:00+00:00,MUĞLA,48,8.178,-1.422,11.8,14.241629,63.0,53.2088,942.56024,7.54,Rain: Moderate
2018-12-13 21:00:00+00:00,MUĞLA,48,11.328,4.578,26.3,10.041354,63.0,96.96289,943.3659,5.25,Rain: Moderate
2018-12-14 21:00:00+00:00,MUĞLA,48,10.678,8.078,23.7,15.0038395,61.0,95.5872,943.529,4.16,Rain: Slight
2018-12-15 21:00:00+00:00,MUĞLA,48,12.678,8.578,27.900002,16.746773,63.0,93.80252,937.36615,4.84,Rain: Moderate
2018-12-16 21:00:00+00:00,MUĞLA,48,11.478,6.678,5.5999994,12.0694,53.0,92.71976,936.3664,5.82,Drizzle: Moderate
2018-12-17 21:00:00+00:00,MUĞLA,48,8.428,6.3780003,29.7,20.073025,65.0,95.66204,936.1978,1.77,Rain: Heavy
2018-12-18 21:00:00+00:00,MUĞLA,48,10.628,4.8780003,2.0,13.661038,51.0,84.865524,934.9025,7.47,Drizzle: Light
2018-12-19 21:00:00+00:00,MUĞLA,48,11.528,1.9779999,0.0,13.450708,0.0,70.795906,940.52203,10.23,Clear sky
2018-12-20 21:00:00+00:00,MUĞLA,48,12.428,3.2280002,0.0,10.739833,3.0,68.72054,945.712,10.23,Overcast
2018-12-21 21:00:00+00:00,MUĞLA,48,12.678,2.628,0.0,12.413476,2.0,70.81681,944.59326,10.32,Partly cloudy
2018-12-22 21:00:00+00:00,MUĞLA,48,11.078,5.028,0.3,11.013882,51.0,76.14524,943.2785,6.47,Drizzle: Light
2018-12-23 21:00:00+00:00,MUĞLA,48,13.128,4.228,0.3,10.661107,51.0,67.37264,942.7193,10.18,Drizzle: Light
2018-12-24 21:00:00+00:00,MUĞLA,48,10.778,6.978,38.2,12.758432,63.0,95.83341,935.9626,1.59,Rain: Moderate
2018-12-25 21:00:00+00:00,MUĞLA,48,5.928,-0.17199999,0.0,23.857979,3.0,64.001434,934.738,10.31,Overcast
2018-12-26 21:00:00+00:00,MUĞLA,48,4.3780003,-1.6220001,0.0,22.91026,0.0,51.379,935.7016,10.61,Clear sky
2018-12-27 21:00:00+00:00,MUĞLA,48,10.078,0.37800002,0.0,20.532627,1.0,53.55392,938.05786,10.47,Mainly clear
2018-12-28 21:00:00+00:00,MUĞLA,48,9.128,1.178,0.0,11.966953,3.0,62.87617,938.835,9.57,Overcast
2018-12-29 21:00:00+00:00,MUĞLA,48,8.578,-0.122,0.0,13.009903,3.0,61.205303,939.8699,9.95,Overcast
2018-12-30 21:00:00+00:00,MUĞLA,48,8.828,-1.322,0.90000004,10.703569,53.0,59.54188,939.8726,9.86,Drizzle: Moderate
2018-12-31 21:00:00+00:00,MUĞLA,48,7.078,5.1280003,42.999996,19.694992,63.0,91.126045,935.76337,2.36,Rain: Moderate
2019-01-01 21:00:00+00:00,MUĞLA,48,7.528,5.678,13.700001,12.313894,55.0,94.62552,931.302,3.04,Drizzle: Dense
2019-01-02 21:00:00+00:00,MUĞLA,48,9.028,3.378,40.399998,25.325686,63.0,94.30466,931.49603,3.62,Rain: Moderate
2019-01-03 21:00:00+00:00,MUĞLA,48,7.6280003,3.128,6.7,17.84816,55.0,82.93186,937.2146,8.3,Drizzle: Dense
2019-01-04 21:00:00+00:00,MUĞLA,48,6.678,1.4779999,14.700003,13.441071,75.0,86.437325,935.0511,8.24,Snow fall: Heavy
2019-01-05 21:00:00+00:00,MUĞLA,48,3.928,-1.7720001,7.0000005,16.610792,75.0,74.1309,928.78204,9.71,Snow fall: Heavy
2019-01-06 21:00:00+00:00,MUĞLA,48,4.428,-3.072,1.4,10.739832,73.0,73.22094,932.9207,8.79,Snow fall: Moderate
2019-01-07 21:00:00+00:00,MUĞLA,48,2.778,-3.9720001,0.1,19.959719,71.0,64.93249,933.06415,11.02,Snow fall: Slight
2019-01-08 21:00:00+00:00,MUĞLA,48,4.578,-4.572,0.4,15.496736,51.0,64.77912,938.3777,9.11,Drizzle: Light
2019-01-09 21:00:00+00:00,MUĞLA,48,7.8780003,1.7279999,51.300003,22.450264,63.0,94.91943,939.897,4.0,Rain: Moderate
2019-01-10 21:00:00+00:00,MUĞLA,48,8.978,5.8780003,31.9,20.140705,63.0,95.03531,940.89923,4.43,Rain: Moderate
2019-01-11 21:00:00+00:00,MUĞLA,48,8.428,5.228,19.9,15.30741,63.0,97.15499,934.26825,4.76,Rain: Moderate
2019-01-12 21:00:00+00:00,MUĞLA,48,11.428,2.078,0.70000005,10.1376915,51.0,79.034065,927.8045,9.87,Drizzle: Light
2019-01-13 21:00:00+00:00,MUĞLA,48,6.328,3.028,8.500001,12.879752,61.0,90.896935,927.5903,3.96,Rain: Slight
2019-01-14 21:00:00+00:00,MUĞLA,48,7.678,0.528,46.500004,24.363249,63.0,94.06626,920.2415,1.85,Rain: Moderate
2019-01-15 21:00:00+00:00,MUĞLA,48,2.628,-0.772,0.0,30.978832,3.0,58.80238,929.73566,11.22,Overcast
2019-01-16 21:00:00+00:00,MUĞLA,48,10.528,0.178,0.0,16.279802,1.0,58.59016,940.54663,11.57,Mainly clear
2019-01-17 21:00:00+00:00,MUĞLA,48,8.928,1.678,0.70000005,8.891343,51.0,74.16295,942.56757,5.75,Drizzle: Light
2019-01-18 21:00:00+00:00,MUĞLA,48,8.678,3.428,2.0,10.703569,53.0,91.591255,942.95746,7.46,Drizzle: Moderate
2019-01-19 21:00:00+00:00,MUĞLA,48,7.928,5.6280003,23.0,13.527572,63.0,95.79659,942.06024,3.32,Rain: Moderate
2019-01-20 21:00:00+00:00,MUĞLA,48,7.828,4.728,52.699997,20.140705,63.0,97.11239,938.0649,3.78,Rain: Moderate
2019-01-21 21:00:00+00:00,MUĞLA,48,9.628,4.328,2.1999998,7.9932976,53.0,92.78358,938.5278,7.59,Drizzle: Moderate
2019-01-22 21:00:00+00:00,MUĞLA,48,9.578,5.8780003,20.100002,25.1614,63.0,94.86286,935.2996,4.95,Rain: Moderate
2019-01-23 21:00:00+00:00,MUĞLA,48,8.178,5.478,37.5,28.257132,63.0,90.55018,925.6646,3.68,Rain: Moderate
2019-01-24 21:00:00+00:00,MUĞLA,48,10.428,5.678,23.3,26.758923,63.0,88.63856,930.5948,5.61,Rain: Moderate
2019-01-25 21:00:00+00:00,MUĞLA,48,7.278,5.178,70.6,25.922499,63.0,95.97112,926.05084,2.16,Rain: Moderate
2019-01-26 21:00:00+00:00,MUĞLA,48,9.028,2.628,1.3000001,12.10157,51.0,90.01672,929.3821,8.22,Drizzle: Light
2019-01-27 21:00:00+00:00,MUĞLA,48,9.978,1.6279999,0.2,9.107359,51.0,83.35646,933.77344,10.26,Drizzle: Light
2019-01-28 21:00:00+00:00,MUĞLA,48,8.928,5.3780003,27.300001,22.415602,63.0,95.402,935.845,5.22,Rain: Moderate
2019-01-29 21:00:00+00:00,MUĞLA,48,7.978,5.428,42.500008,24.27265,63.0,94.94366,931.31744,4.78,Rain: Moderate
2019-01-30 21:00:00+00:00,MUĞLA,48,7.728,4.978,31.000002,17.595861,63.0,95.54098,933.3626,2.96,Rain: Moderate
2019-01-31 21:00:00+00:00,MUĞLA,48,10.978,2.578,0.2,7.9526596,51.0,74.76981,940.0703,10.34,Drizzle: Light
2019-02-01 21:00:00+00:00,MUĞLA,48,12.028,3.628,0.0,9.007196,2.0,74.18017,942.895,13.08,Partly cloudy
2019-02-02 21:00:00+00:00,MUĞLA,48,12.228,4.178,0.0,13.608762,3.0,82.491844,943.81714,10.88,Overcast
2019-02-03 21:00:00+00:00,MUĞLA,48,14.478,5.478,0.0,6.830519,3.0,63.023045,941.91425,12.87,Overcast
2019-02-04 21:00:00+00:00,MUĞLA,48,18.428,6.578,0.4,13.698934,51.0,48.944363,937.92676,13.83,Drizzle: Light
2019-02-05 21:00:00+00:00,MUĞLA,48,12.128,6.328,17.900003,30.293522,63.0,79.53677,935.61053,11.51,Rain: Moderate
2019-02-06 21:00:00+00:00,MUĞLA,48,11.128,3.028,1.5000001,11.113451,53.0,77.753105,934.0141,12.65,Drizzle: Moderate
2019-02-07 21:00:00+00:00,MUĞLA,48,10.778,2.4780002,2.8,7.5942073,61.0,81.08843,934.15985,11.16,Rain: Slight
2019-02-08 21:00:00+00:00,MUĞLA,48,10.378,1.3779999,1.9,11.090103,53.0,79.39138,936.6733,11.94,Drizzle: Moderate
2019-02-09 21:00:00+00:00,MUĞLA,48,12.028,2.4780002,0.0,13.009903,0.0,68.990906,939.7673,14.46,Clear sky
2019-02-10 21:00:00+00:00,MUĞLA,48,10.728,2.7280002,1.5,13.363711,53.0,68.30056,941.1713,13.71,Drizzle: Moderate
2019-02-11 21:00:00+00:00,MUĞLA,48,10.928,6.478,19.7,18.25026,61.0,93.8902,939.7713,9.0,Rain: Slight
2019-02-12 21:00:00+00:00,MUĞLA,48,8.928,5.228,47.599995,19.602652,63.0,94.98657,936.92456,6.93,Rain: Moderate
2019-02-13 21:00:00+00:00,MUĞLA,48,13.178,5.278,1.0,15.03835,51.0,69.02044,932.6784,13.4,Drizzle: Light
2019-02-14 21:00:00+00:00,MUĞLA,48,9.878,2.678,4.2,14.869351,55.0,69.01479,932.49493,10.88,Drizzle: Dense
2019-02-15 21:00:00+00:00,MUĞLA,48,9.978,2.278,1.4000001,11.609651,53.0,75.87632,938.2143,11.26,Drizzle: Moderate
2019-02-16 21:00:00+00:00,MUĞLA,48,12.678,1.8779999,0.0,9.021574,3.0,72.067314,941.6884,14.3,Overcast
2019-02-17 21:00:00+00:00,MUĞLA,48,14.078,1.7279999,0.0,8.759178,0.0,64.188354,941.4489,15.76,Clear sky
2019-02-18 21:00:00+00:00,MUĞLA,48,14.478,2.928,0.0,9.178235,0.0,65.76632,941.78735,15.91,Clear sky
2019-02-19 21:00:00+00:00,MUĞLA,48,12.778,4.1280003,0.6,8.905908,51.0,66.96827,941.6301,14.36,Drizzle: Light
2019-02-20 21:00:00+00:00,MUĞLA,48,13.428,3.278,0.4,9.0,51.0,70.67352,941.69464,14.21,Drizzle: Light
2019-02-21 21:00:00+00:00,MUĞLA,48,11.678,2.678,0.3,9.6932955,51.0,71.37771,939.1023,13.81,Drizzle: Light
2019-02-22 21:00:00+00:00,MUĞLA,48,9.028,4.178,11.900001,17.884428,63.0,90.97971,938.45483,9.31,Rain: Moderate
2019-02-23 21:00:00+00:00,MUĞLA,48,10.128,3.828,2.5999997,9.3876505,53.0,86.69965,941.5901,10.69,Drizzle: Moderate
2019-02-24 21:00:00+00:00,MUĞLA,48,13.278,4.078,1.4000001,15.141414,51.0,74.23774,938.92316,7.24,Drizzle: Light
2019-02-25 21:00:00+00:00,MUĞLA,48,14.528,5.778,0.2,14.118243,51.0,66.16627,932.36035,15.43,Drizzle: Light
2019-02-26 21:00:00+00:00,MUĞLA,48,8.578,2.178,0.0,21.626984,3.0,63.97997,929.481,16.18,Overcast
2019-02-27 21:00:00+00:00,MUĞLA,48,6.178,-0.522,0.0,21.746504,0.0,57.02597,934.3496,17.63,Clear sky
2019-02-28 21:00:00+00:00,MUĞLA,48,13.278,1.4779999,0.0,12.10157,1.0,62.702633,934.9998,17.77,Mainly clear
2019-03-01 21:00:00+00:00,MUĞLA,48,9.978,3.378,5.6,9.693296,61.0,90.317345,933.46466,6.75,Rain: Slight
2019-03-02 21:00:00+00:00,MUĞLA,48,12.828,3.828,9.6,13.684735,63.0,82.6261,933.2,12.69,Rain: Moderate
2019-03-03 21:00:00+00:00,MUĞLA,48,11.178,3.178,0.5,11.384199,51.0,67.23655,935.1231,15.84,Drizzle: Light
2019-03-04 21:00:00+00:00,MUĞLA,48,12.178,2.828,0.0,12.144331,3.0,70.169975,938.8565,18.05,Overcast
2019-03-05 21:00:00+00:00,MUĞLA,48,11.428,6.078,0.8,12.224107,51.0,87.04183,944.33234,8.48,Drizzle: Light
2019-03-06 21:00:00+00:00,MUĞLA,48,17.127998,5.528,0.0,10.446206,1.0,67.08036,944.7114,18.71,Mainly clear
2019-03-07 21:00:00+00:00,MUĞLA,48,16.377998,6.3780003,0.0,10.137692,3.0,55.451534,945.7646,18.65,Overcast
2019-03-08 21:00:00+00:00,MUĞLA,48,15.478,7.6280003,0.0,10.636766,3.0,62.80428,947.24567,18.97,Overcast
2019-03-09 21:00:00+00:00,MUĞLA,48,17.877998,6.428,0.0,10.30883,3.0,65.65435,943.9438,18.97,Overcast
2019-03-10 21:00:00+00:00,MUĞLA,48,14.878,7.3780003,0.3,15.84409,51.0,71.33803,940.8057,17.41,Drizzle: Light
2019-03-11 21:00:00+00:00,MUĞLA,48,12.928,8.328,10.5,23.006226,63.0,85.38071,936.6792,9.28,Rain: Moderate
2019-03-12 21:00:00+00:00,MUĞLA,48,10.028,6.728,26.7,23.358423,63.0,80.94307,928.90326,7.73,Rain: Moderate
2019-03-13 21:00:00+00:00,MUĞLA,48,15.578,6.3780003,0.1,13.661038,51.0,72.31825,931.95026,18.47,Drizzle: Light
2019-03-14 21:00:00+00:00,MUĞLA,48,9.528,5.578,19.100002,13.830749,63.0,87.52575,929.7006,9.89,Rain: Moderate
2019-03-15 21:00:00+00:00,MUĞLA,48,11.828,3.878,0.0,20.724247,3.0,64.676796,933.9925,19.75,Overcast
2019-03-16 21:00:00+00:00,MUĞLA,48,17.928,5.678,0.0,14.685176,0.0,52.121136,940.5844,20.25,Clear sky
2019-03-17 21:00:00+00:00,MUĞLA,48,16.627998,8.028,0.0,10.495713,0.0,58.47891,941.26373,20.6,Clear sky
2019-03-18 21:00:00+00:00,MUĞLA,48,14.878,6.828,0.0,10.483357,3.0,78.19198,940.62494,18.94,Overcast
2019-03-19 21:00:00+00:00,MUĞLA,48,15.678,6.178,0.0,9.007196,3.0,75.29477,940.29126,18.86,Overcast
2019-03-20 21:00:00+00:00,MUĞLA,48,19.678,7.3780003,0.6,10.853866,51.0,69.04525,940.4414,18.28,Drizzle: Light
2019-03-21 21:00:00+00:00,MUĞLA,48,19.078,6.8780003,0.0,10.8955765,2.0,54.7932,940.4908,19.97,Partly cloudy
2019-03-22 21:00:00+00:00,MUĞLA,48,19.477999,6.478,0.0,12.287555,2.0,54.265743,937.00446,21.08,Partly cloudy
2019-03-23 21:00:00+00:00,MUĞLA,48,12.728,5.6280003,0.0,21.03152,0.0,34.327015,933.0481,22.81,Clear sky
2019-03-24 21:00:00+00:00,MUĞLA,48,16.278,3.078,0.0,20.265795,0.0,40.042377,931.4787,22.42,Clear sky
2019-03-25 21:00:00+00:00,MUĞLA,48,15.128,4.828,0.0,12.224107,3.0,56.359097,932.30664,19.88,Overcast
2019-03-26 21:00:00+00:00,MUĞLA,48,16.477999,6.728,0.0,11.792404,3.0,55.976513,938.0937,20.67,Overcast
2019-03-27 21:00:00+00:00,MUĞLA,48,13.778,6.078,8.8,11.808878,61.0,71.64117,939.25757,10.38,Rain: Slight
2019-03-28 21:00:00+00:00,MUĞLA,48,12.878,7.478,3.1999996,17.974781,55.0,68.76345,932.11664,10.52,Drizzle: Dense
2019-03-29 21:00:00+00:00,MUĞLA,48,14.178,5.678,1.5,19.33639,73.0,45.12404,928.4074,16.57,Snow fall: Moderate
2019-03-30 21:00:00+00:00,MUĞLA,48,16.328,5.1280003,0.4,10.966713,51.0,52.618317,928.2027,19.27,Drizzle: Light
2019-03-31 21:00:00+00:00,MUĞLA,48,15.378,4.728,0.6,13.527572,51.0,73.46964,930.65326,19.5,Drizzle: Light
2019-04-01 21:00:00+00:00,MUĞLA,48,16.328,4.8780003,0.3,8.707238,51.0,67.58142,933.6119,18.76,Drizzle: Light
2019-04-02 21:00:00+00:00,MUĞLA,48,14.378,7.328,12.700001,9.904906,63.0,81.93946,935.876,15.22,Rain: Moderate
2019-04-03 21:00:00+00:00,MUĞLA,48,13.678,6.528,1.6,8.714677,53.0,78.37437,936.7783,15.5,Drizzle: Moderate
2019-04-04 21:00:00+00:00,MUĞLA,48,14.678,4.328,0.0,13.849476,3.0,73.90923,937.01996,21.47,Overcast
2019-04-05 21:00:00+00:00,MUĞLA,48,11.028,8.628,22.8,17.581125,63.0,83.81218,933.6445,9.51,Rain: Moderate
2019-04-06 21:00:00+00:00,MUĞLA,48,15.578,9.328,7.299999,16.595179,63.0,78.43409,934.10254,17.61,Rain: Moderate
2019-04-07 21:00:00+00:00,MUĞLA,48,15.128,8.028,8.599999,24.795612,63.0,82.88949,931.7657,18.38,Rain: Moderate
2019-04-08 21:00:00+00:00,MUĞLA,48,10.878,6.928,58.699993,24.387177,65.0,93.96276,929.02826,10.47,Rain: Heavy
2019-04-09 21:00:00+00:00,MUĞLA,48,11.778,6.478,45.8,14.799459,63.0,96.53043,932.1513,10.12,Rain: Moderate
2019-04-10 21:00:00+00:00,MUĞLA,48,14.678,7.578,8.700001,13.276144,61.0,91.24075,937.4871,15.27,Rain: Slight
2019-04-11 21:00:00+00:00,MUĞLA,48,16.727999,7.078,0.9,15.84409,51.0,70.11087,939.52203,21.73,Drizzle: Light
2019-04-12 21:00:00+00:00,MUĞLA,48,16.278,9.578,0.5,17.974781,51.0,70.156746,936.01056,11.79,Drizzle: Light
2019-04-13 21:00:00+00:00,MUĞLA,48,17.428,7.678,0.3,13.979871,51.0,64.572296,932.8533,23.67,Drizzle: Light
2019-04-14 21:00:00+00:00,MUĞLA,48,13.028,7.078,3.7,11.542478,61.0,83.8802,935.0913,18.27,Rain: Slight
2019-04-15 21:00:00+00:00,MUĞLA,48,13.828,5.728,0.7,12.55879,51.0,74.98293,933.6186,17.82,Drizzle: Light
2019-04-16 21:00:00+00:00,MUĞLA,48,14.878,5.978,0.0,17.533146,0.0,54.338745,935.2371,25.92,Clear sky
2019-04-17 21:00:00+00:00,MUĞLA,48,15.278,5.828,0.4,14.799459,51.0,45.89471,936.99396,24.93,Drizzle: Light
2019-04-18 21:00:00+00:00,MUĞLA,48,14.978,5.728,0.0,16.299694,3.0,53.745983,938.1351,24.37,Overcast
2019-04-19 21:00:00+00:00,MUĞLA,48,12.278,4.978,0.0,23.000591,2.0,46.109783,938.967,25.68,Partly cloudy
2019-04-20 21:00:00+00:00,MUĞLA,48,13.478,2.428,0.0,20.16,0.0,50.399094,940.2021,26.29,Clear sky
2019-04-21 21:00:00+00:00,MUĞLA,48,15.778,4.728,0.0,16.65754,2.0,38.171913,939.8587,27.15,Partly cloudy
2019-04-22 21:00:00+00:00,MUĞLA,48,17.578,5.278,0.0,10.538843,3.0,48.05039,945.137,24.13,Overcast
2019-04-23 21:00:00+00:00,MUĞLA,48,20.477999,9.828,0.0,10.829958,3.0,50.871525,948.7471,23.24,Overcast
2019-04-24 21:00:00+00:00,MUĞLA,48,23.428,12.678,0.0,9.178235,3.0,48.89333,946.65314,24.8,Overcast
2019-04-25 21:00:00+00:00,MUĞLA,48,21.428,12.028,0.4,14.05845,51.0,56.309704,942.2038,15.12,Drizzle: Light
2019-04-26 21:00:00+00:00,MUĞLA,48,22.627998,11.378,0.0,14.618837,3.0,64.24099,939.1631,25.43,Overcast
2019-04-27 21:00:00+00:00,MUĞLA,48,20.778,13.028,0.0,12.015589,3.0,66.510956,938.7644,25.88,Overcast
2019-04-28 21:00:00+00:00,MUĞLA,48,21.328,12.528,0.0,13.679999,0.0,61.951992,939.33325,26.59,Clear sky
2019-04-29 21:00:00+00:00,MUĞLA,48,19.727999,11.328,0.0,14.408997,3.0,59.53778,938.63745,27.31,Overcast
2019-04-30 21:00:00+00:00,MUĞLA,48,19.328,10.078,1.9000001,14.345898,61.0,54.390163,937.24927,26.55,Rain: Slight
2019-05-01 21:00:00+00:00,MUĞLA,48,15.978,10.528,8.200001,12.413477,63.0,77.1614,935.3178,21.47,Rain: Moderate
2019-05-02 21:00:00+00:00,MUĞLA,48,20.127998,9.728,0.0,15.827721,0.0,58.999653,936.1917,27.2,Clear sky
2019-05-03 21:00:00+00:00,MUĞLA,48,18.928,9.528,0.5,14.345898,51.0,62.40587,937.6264,21.82,Drizzle: Light
2019-05-04 21:00:00+00:00,MUĞLA,48,16.078,11.478,7.9999995,15.9134655,61.0,69.57471,936.9399,13.02,Rain: Slight
2019-05-05 21:00:00+00:00,MUĞLA,48,19.178,10.528,0.1,13.584932,51.0,61.30009,934.2409,27.57,Drizzle: Light
2019-05-06 21:00:00+00:00,MUĞLA,48,14.128,7.478,3.1,14.512064,53.0,76.30574,935.32135,20.53,Drizzle: Moderate
2019-05-07 21:00:00+00:00,MUĞLA,48,16.428,6.978,0.0,13.684735,3.0,59.916546,936.8269,19.57,Overcast
2019-05-08 21:00:00+00:00,MUĞLA,48,17.828,7.3780003,0.0,14.88242,3.0,65.85992,936.2569,26.17,Overcast
2019-05-09 21:00:00+00:00,MUĞLA,48,16.428,9.678,1.2,16.203999,55.0,75.50211,936.61163,21.37,Drizzle: Dense
2019-05-10 21:00:00+00:00,MUĞLA,48,17.127998,10.378,5.2,10.24578,61.0,80.068886,938.33887,19.44,Rain: Slight
2019-05-11 21:00:00+00:00,MUĞLA,48,22.028,8.278,0.0,11.681987,2.0,68.02077,939.91504,28.07,Partly cloudy
2019-05-12 21:00:00+00:00,MUĞLA,48,22.877998,12.178,0.0,13.276144,2.0,55.105835,939.42194,28.3,Partly cloudy
2019-05-13 21:00:00+00:00,MUĞLA,48,25.477999,14.278,0.0,14.440443,3.0,43.070774,938.8382,28.35,Overcast
2019-05-14 21:00:00+00:00,MUĞLA,48,26.627998,15.028,0.0,11.435313,3.0,35.083294,936.9758,28.0,Overcast
2019-05-15 21:00:00+00:00,MUĞLA,48,25.528,14.778,0.0,11.440979,3.0,44.890537,934.9907,27.68,Overcast
2019-05-16 21:00:00+00:00,MUĞLA,48,22.678,13.128,0.0,11.440979,3.0,56.500397,932.10614,28.15,Overcast
2019-05-17 21:00:00+00:00,MUĞLA,48,22.328,11.028,0.0,13.450708,2.0,58.329525,933.3143,25.84,Partly cloudy
2019-05-18 21:00:00+00:00,MUĞLA,48,26.227999,11.978,0.0,12.413477,3.0,60.432476,937.71356,27.36,Overcast
2019-05-19 21:00:00+00:00,MUĞLA,48,24.977999,16.078,0.0,18.214718,3.0,45.79785,939.9566,27.85,Overcast
2019-05-20 21:00:00+00:00,MUĞLA,48,27.127998,15.328,0.0,12.7279215,3.0,41.936405,941.7995,17.42,Overcast
2019-05-21 21:00:00+00:00,MUĞLA,48,26.377998,17.528,0.0,14.007655,3.0,48.559704,941.0381,19.0,Overcast
2019-05-22 21:00:00+00:00,MUĞLA,48,24.428,16.428,0.0,9.346143,3.0,44.102417,937.64056,14.43,Overcast
2019-05-23 21:00:00+00:00,MUĞLA,48,22.477999,13.628,0.0,14.182355,2.0,61.057205,934.5289,28.93,Partly cloudy
2019-05-24 21:00:00+00:00,MUĞLA,48,23.578,12.178,0.0,14.578888,1.0,58.676655,937.98737,27.72,Mainly clear
2019-05-25 21:00:00+00:00,MUĞLA,48,25.578,13.628,0.0,12.7279215,3.0,52.36908,939.917,28.84,Overcast
2019-05-26 21:00:00+00:00,MUĞLA,48,27.578,14.528,0.0,13.363711,3.0,51.26206,939.91144,29.21,Overcast
2019-05-27 21:00:00+00:00,MUĞLA,48,29.578,17.727999,0.0,15.629971,1.0,37.621624,940.12933,28.79,Mainly clear
2019-05-28 21:00:00+00:00,MUĞLA,48,28.877998,17.528,0.0,11.27553,3.0,38.691998,940.39813,29.11,Overcast
2019-05-29 21:00:00+00:00,MUĞLA,48,29.627998,16.428,0.0,20.61766,3.0,36.548706,940.9521,26.5,Overcast
2019-05-30 21:00:00+00:00,MUĞLA,48,31.828,20.377998,0.0,22.33161,3.0,32.800587,938.4589,29.53,Overcast
2019-05-31 21:00:00+00:00,MUĞLA,48,30.328,18.828,0.0,19.353138,3.0,37.314323,938.14667,29.11,Overcast
2019-06-01 21:00:00+00:00,MUĞLA,48,24.528,17.078,0.0,15.778518,3.0,50.094364,940.0524,27.28,Overcast
2019-06-02 21:00:00+00:00,MUĞLA,48,24.377998,15.378,0.8,14.904173,53.0,56.4332,941.24316,26.95,Drizzle: Moderate
2019-06-03 21:00:00+00:00,MUĞLA,48,23.328,14.878,0.0,12.57426,1.0,55.09259,939.4646,29.88,Mainly clear
2019-06-04 21:00:00+00:00,MUĞLA,48,23.977999,12.878,0.0,12.7279215,0.0,45.291946,938.7993,29.63,Clear sky
2019-06-05 21:00:00+00:00,MUĞLA,48,24.178,13.278,0.3,15.141414,51.0,57.184383,939.92065,28.37,Drizzle: Light
2019-06-06 21:00:00+00:00,MUĞLA,48,29.377998,17.178,0.4,16.279802,51.0,43.56085,939.6535,26.63,Drizzle: Light
2019-06-07 21:00:00+00:00,MUĞLA,48,31.828,19.928,0.6,16.981165,53.0,39.596115,938.99316,23.6,Drizzle: Moderate
2019-06-08 21:00:00+00:00,MUĞLA,48,31.528,20.028,0.6,14.689588,53.0,41.55191,936.50806,24.03,Drizzle: Moderate
2019-06-09 21:00:00+00:00,MUĞLA,48,28.428,17.278,0.0,13.207634,3.0,51.86725,933.87933,23.67,Overcast
2019-06-10 21:00:00+00:00,MUĞLA,48,24.178,18.227999,2.3999999,13.202726,61.0,65.57923,935.3394,24.62,Rain: Slight
2019-06-11 21:00:00+00:00,MUĞLA,48,25.477999,16.328,0.3,11.503113,51.0,67.05599,936.60065,22.92,Drizzle: Light
2019-06-12 21:00:00+00:00,MUĞLA,48,28.678,17.477999,0.0,16.87398,2.0,57.537476,937.0266,27.96,Partly cloudy
2019-06-13 21:00:00+00:00,MUĞLA,48,29.627998,19.028,0.0,18.782204,2.0,42.77154,936.99884,28.03,Partly cloudy
2019-06-14 21:00:00+00:00,MUĞLA,48,27.578,19.078,0.90000004,12.303366,53.0,51.419308,934.0767,24.03,Drizzle: Moderate
2019-06-15 21:00:00+00:00,MUĞLA,48,27.328,15.528,8.6,11.808878,63.0,67.33036,934.07355,22.04,Rain: Moderate
2019-06-16 21:00:00+00:00,MUĞLA,48,25.278,16.428,13.0,9.178235,63.0,75.15206,934.2903,21.33,Rain: Moderate
2019-06-17 21:00:00+00:00,MUĞLA,48,24.727999,17.078,9.5,7.5170207,65.0,76.0351,935.72125,19.92,Rain: Heavy
2019-06-18 21:00:00+00:00,MUĞLA,48,24.127998,17.328,10.400001,10.587918,63.0,74.99402,935.1343,20.45,Rain: Moderate
2019-06-19 21:00:00+00:00,MUĞLA,48,26.778,17.828,0.9,12.387348,51.0,64.73843,934.7155,25.11,Drizzle: Light
2019-06-20 21:00:00+00:00,MUĞLA,48,28.678,18.877998,0.8,11.27553,51.0,58.62222,935.7016,25.03,Drizzle: Light
2019-06-21 21:00:00+00:00,MUĞLA,48,29.578,19.178,0.6,10.97262,53.0,58.39749,936.1824,26.14,Drizzle: Moderate
2019-06-22 21:00:00+00:00,MUĞLA,48,31.627998,19.578,0.0,13.698934,0.0,44.14166,937.84503,30.32,Clear sky
2019-06-23 21:00:00+00:00,MUĞLA,48,33.528,18.828,0.0,10.8955765,0.0,40.828636,937.9639,30.0,Clear sky
2019-06-24 21:00:00+00:00,MUĞLA,48,32.528,21.127998,0.0,12.57426,0.0,45.933865,937.09375,30.12,Clear sky
2019-06-25 21:00:00+00:00,MUĞLA,48,32.628,20.227999,0.0,10.931203,0.0,45.715546,937.1839,29.88,Clear sky
2019-06-26 21:00:00+00:00,MUĞLA,48,33.177998,21.428,0.0,13.004922,1.0,53.336926,935.43896,27.02,Mainly clear
2019-06-27 21:00:00+00:00,MUĞLA,48,33.177998,23.328,0.0,11.966954,1.0,44.14285,932.31476,24.73,Mainly clear
2019-06-28 21:00:00+00:00,MUĞLA,48,32.778,19.278,0.0,18.899143,0.0,41.017143,932.61554,29.82,Clear sky
2019-06-29 21:00:00+00:00,MUĞLA,48,30.727999,20.828,0.0,17.76081,0.0,32.560265,935.45044,30.41,Clear sky
2019-06-30 21:00:00+00:00,MUĞLA,48,30.678,19.278,0.0,18.844202,0.0,32.254723,937.69977,30.55,Clear sky
2019-07-01 21:00:00+00:00,MUĞLA,48,30.227999,16.477999,0.0,15.815435,0.0,41.967205,936.1634,30.65,Clear sky
2019-07-02 21:00:00+00:00,MUĞLA,48,31.278,17.377998,0.0,15.30741,0.0,46.975586,936.28955,29.47,Clear sky
2019-07-03 21:00:00+00:00,MUĞLA,48,33.728,18.778,0.70000005,12.287555,53.0,45.9364,937.02515,26.3,Drizzle: Moderate
2019-07-04 21:00:00+00:00,MUĞLA,48,34.328,22.828,0.0,17.072504,0.0,26.035452,936.35626,30.27,Clear sky
2019-07-05 21:00:00+00:00,MUĞLA,48,33.278,22.727999,0.0,15.84409,0.0,31.479614,933.8448,30.21,Clear sky
2019-07-06 21:00:00+00:00,MUĞLA,48,33.578,21.078,0.0,16.323528,0.0,36.043507,933.29443,30.04,Clear sky
2019-07-07 21:00:00+00:00,MUĞLA,48,34.628,20.828,0.0,20.724247,0.0,28.303696,934.4905,30.34,Clear sky
2019-07-08 21:00:00+00:00,MUĞLA,48,35.378,23.377998,0.0,21.194187,0.0,27.294342,936.326,30.12,Clear sky
2019-07-09 21:00:00+00:00,MUĞLA,48,33.677998,23.178,0.0,22.682856,1.0,34.479206,934.64264,28.88,Mainly clear
2019-07-10 21:00:00+00:00,MUĞLA,48,29.627998,21.278,0.0,18.204042,1.0,44.486633,932.0737,28.07,Mainly clear
2019-07-11 21:00:00+00:00,MUĞLA,48,30.078,18.278,0.0,20.291357,2.0,39.92315,932.6976,29.88,Partly cloudy
2019-07-12 21:00:00+00:00,MUĞLA,48,29.977999,18.328,0.0,18.331741,0.0,29.883467,934.1733,30.05,Clear sky
2019-07-13 21:00:00+00:00,MUĞLA,48,26.278,17.828,0.2,16.516901,51.0,50.521427,932.29517,25.83,Drizzle: Light
2019-07-14 21:00:00+00:00,MUĞLA,48,28.078,17.078,0.0,15.192682,3.0,53.551254,932.78345,29.27,Overcast
2019-07-15 21:00:00+00:00,MUĞLA,48,28.578,17.278,0.0,14.417988,2.0,47.282276,932.50055,26.96,Partly cloudy
2019-07-16 21:00:00+00:00,MUĞLA,48,23.977999,18.977999,3.8,10.799999,55.0,64.69045,929.41327,13.69,Drizzle: Dense
2019-07-17 21:00:00+00:00,MUĞLA,48,28.627998,17.627998,0.1,10.308831,51.0,61.40215,932.44434,25.78,Drizzle: Light
2019-07-18 21:00:00+00:00,MUĞLA,48,28.528,17.877998,0.1,10.823973,51.0,55.587463,936.917,24.9,Drizzle: Light
2019-07-19 21:00:00+00:00,MUĞLA,48,30.377998,20.028,0.0,13.202726,1.0,46.542374,938.0699,27.08,Mainly clear
2019-07-20 21:00:00+00:00,MUĞLA,48,33.378,21.678,0.0,14.044615,1.0,31.420761,937.6399,29.18,Mainly clear
2019-07-21 21:00:00+00:00,MUĞLA,48,33.778,21.627998,0.0,14.205182,0.0,28.539703,936.51385,29.55,Clear sky
2019-07-22 21:00:00+00:00,MUĞLA,48,33.978,20.627998,0.0,12.074766,0.0,29.381264,934.0169,29.2,Clear sky
2019-07-23 21:00:00+00:00,MUĞLA,48,33.728,20.428,0.0,18.193361,1.0,28.566618,932.9641,28.35,Mainly clear
2019-07-24 21:00:00+00:00,MUĞLA,48,32.978,21.028,0.0,17.87718,0.0,38.772762,935.7076,28.33,Clear sky
2019-07-25 21:00:00+00:00,MUĞLA,48,32.427998,20.928,0.0,13.0447235,0.0,38.124302,935.2873,28.12,Clear sky
2019-07-26 21:00:00+00:00,MUĞLA,48,32.578,21.977999,0.0,14.512064,1.0,40.589706,931.78827,27.3,Mainly clear
2019-07-27 21:00:00+00:00,MUĞLA,48,35.128,23.127998,0.0,16.93531,0.0,32.33662,931.3692,28.69,Clear sky
2019-07-28 21:00:00+00:00,MUĞLA,48,32.628,21.578,0.0,14.336861,0.0,36.016693,932.38104,28.43,Clear sky
2019-07-29 21:00:00+00:00,MUĞLA,48,30.428,20.278,0.0,13.237039,0.0,43.71783,932.8447,28.39,Clear sky
2019-07-30 21:00:00+00:00,MUĞLA,48,31.678,21.178,0.0,13.684735,1.0,52.781296,933.0156,26.39,Mainly clear
2019-07-31 21:00:00+00:00,MUĞLA,48,33.078,22.178,0.0,14.84318,1.0,49.908703,933.0185,24.88,Mainly clear
2019-08-01 21:00:00+00:00,MUĞLA,48,35.228,24.377998,0.0,15.042659,2.0,38.66743,933.76263,24.21,Partly cloudy
2019-08-02 21:00:00+00:00,MUĞLA,48,35.978,22.328,0.0,17.551615,0.0,35.735744,933.26117,27.98,Clear sky
2019-08-03 21:00:00+00:00,MUĞLA,48,33.677998,22.828,0.0,15.629971,1.0,35.23991,932.3408,25.69,Mainly clear
2019-08-04 21:00:00+00:00,MUĞLA,48,33.278,22.727999,0.0,15.725037,0.0,34.0488,932.5742,27.59,Clear sky
2019-08-05 21:00:00+00:00,MUĞLA,48,32.478,21.377998,0.0,16.79314,1.0,32.43845,934.50586,27.05,Mainly clear
2019-08-06 21:00:00+00:00,MUĞLA,48,33.927998,20.778,0.0,15.277749,0.0,32.28244,936.4468,27.79,Clear sky
2019-08-07 21:00:00+00:00,MUĞLA,48,34.778,20.028,0.0,13.849477,0.0,24.030151,936.0533,28.4,Clear sky
2019-08-08 21:00:00+00:00,MUĞLA,48,35.978,21.977999,0.0,13.009903,0.0,29.505835,934.1694,27.96,Clear sky
2019-08-09 21:00:00+00:00,MUĞLA,48,37.427998,23.178,0.0,13.70839,0.0,25.02616,933.9659,27.8,Clear sky
2019-08-10 21:00:00+00:00,MUĞLA,48,36.478,23.178,0.0,18.161278,0.0,24.326311,934.92993,27.62,Clear sky
2019-08-11 21:00:00+00:00,MUĞLA,48,35.177998,22.928,0.0,14.277983,0.0,28.80153,933.983,27.36,Clear sky
2019-08-12 21:00:00+00:00,MUĞLA,48,33.778,22.627998,0.0,13.397612,0.0,34.426853,933.604,26.85,Clear sky
2019-08-13 21:00:00+00:00,MUĞLA,48,31.227999,22.778,0.0,13.202726,0.0,47.62997,933.4922,26.02,Clear sky
2019-08-14 21:00:00+00:00,MUĞLA,48,28.877998,21.178,0.1,12.144331,51.0,68.30567,933.96967,23.59,Drizzle: Light
2019-08-15 21:00:00+00:00,MUĞLA,48,30.778,20.627998,0.0,11.480557,1.0,58.142532,935.47046,23.67,Mainly clear
2019-08-16 21:00:00+00:00,MUĞLA,48,32.427998,21.977999,0.0,22.38378,0.0,43.987583,934.94336,25.84,Clear sky
2019-08-17 21:00:00+00:00,MUĞLA,48,29.828,18.627998,0.0,21.749481,2.0,36.228138,934.35956,26.71,Partly cloudy
2019-08-18 21:00:00+00:00,MUĞLA,48,31.278,19.578,0.0,16.299694,3.0,33.98492,936.033,26.2,Overcast
2019-08-19 21:00:00+00:00,MUĞLA,48,30.727999,18.778,0.0,17.917007,1.0,36.913925,937.8377,26.05,Mainly clear
2019-08-20 21:00:00+00:00,MUĞLA,48,32.728,19.727999,0.0,10.105681,0.0,33.044735,938.4387,26.04,Clear sky
2019-08-21 21:00:00+00:00,MUĞLA,48,33.578,21.278,0.0,13.276144,0.0,41.088566,937.9672,25.48,Clear sky
2019-08-22 21:00:00+00:00,MUĞLA,48,34.828,23.178,0.0,16.870138,0.0,38.44585,937.87256,25.14,Clear sky
2019-08-23 21:00:00+00:00,MUĞLA,48,35.677998,24.028,0.0,20.150354,3.0,36.15433,937.88794,22.92,Overcast
2019-08-24 21:00:00+00:00,MUĞLA,48,35.728,22.928,0.0,16.65754,2.0,35.5627,937.3814,23.06,Partly cloudy
2019-08-25 21:00:00+00:00,MUĞLA,48,35.728,21.877998,0.0,13.1041975,2.0,37.12904,937.35297,24.76,Partly cloudy
2019-08-26 21:00:00+00:00,MUĞLA,48,33.328,22.627998,0.0,14.336861,2.0,41.552162,937.85455,21.31,Partly cloudy
2019-08-27 21:00:00+00:00,MUĞLA,48,32.278,21.778,0.0,11.592895,2.0,37.485397,937.5481,20.49,Partly cloudy
2019-08-28 21:00:00+00:00,MUĞLA,48,32.278,21.028,0.3,12.475961,51.0,35.14208,937.6131,21.35,Drizzle: Light
2019-08-29 21:00:00+00:00,MUĞLA,48,33.378,21.477999,0.0,15.463246,0.0,33.321133,937.02954,24.79,Clear sky
2019-08-30 21:00:00+00:00,MUĞLA,48,32.278,19.977999,0.0,12.979984,0.0,32.5936,934.9356,24.74,Clear sky
2019-08-31 21:00:00+00:00,MUĞLA,48,30.778,19.328,0.0,13.397612,0.0,46.801167,933.9897,22.89,Clear sky
2019-09-01 21:00:00+00:00,MUĞLA,48,30.727999,20.078,0.0,13.237039,0.0,52.124287,935.2972,23.8,Clear sky
2019-09-02 21:00:00+00:00,MUĞLA,48,30.428,20.428,0.0,12.682018,1.0,58.45731,935.01166,22.72,Mainly clear
2019-09-03 21:00:00+00:00,MUĞLA,48,29.428,20.528,1.0,11.525623,55.0,58.035954,933.93896,21.65,Drizzle: Dense
2019-09-04 21:00:00+00:00,MUĞLA,48,29.528,19.477999,0.0,14.05845,2.0,57.463802,933.9737,21.73,Partly cloudy
2019-09-05 21:00:00+00:00,MUĞLA,48,27.377998,20.278,3.3,9.565437,63.0,63.953888,936.4959,19.42,Rain: Moderate
2019-09-06 21:00:00+00:00,MUĞLA,48,29.977999,19.727999,0.0,12.599998,1.0,54.162792,936.66266,21.22,Mainly clear
2019-09-07 21:00:00+00:00,MUĞLA,48,30.828,19.377998,0.0,14.934577,1.0,44.574787,935.9598,22.85,Mainly clear
2019-09-08 21:00:00+00:00,MUĞLA,48,30.377998,18.877998,0.0,12.661564,3.0,43.14635,935.62744,22.67,Overcast
2019-09-09 21:00:00+00:00,MUĞLA,48,29.028,18.428,0.0,12.245294,1.0,48.193905,935.54443,22.68,Mainly clear
2019-09-10 21:00:00+00:00,MUĞLA,48,28.928,19.227999,0.0,10.44,3.0,55.18984,938.6406,21.37,Overcast
2019-09-11 21:00:00+00:00,MUĞLA,48,29.727999,18.928,0.0,14.372974,1.0,52.991287,939.66705,19.45,Mainly clear
2019-09-12 21:00:00+00:00,MUĞLA,48,26.127998,20.278,4.8,24.946726,61.0,53.220856,936.9777,15.47,Rain: Slight
2019-09-13 21:00:00+00:00,MUĞLA,48,28.127998,19.278,0.0,20.87379,3.0,42.683456,936.4267,21.07,Overcast
2019-09-14 21:00:00+00:00,MUĞLA,48,27.977999,18.977999,0.0,21.575987,0.0,33.953915,937.9279,22.54,Clear sky
2019-09-15 21:00:00+00:00,MUĞLA,48,29.078,17.028,0.0,11.269782,2.0,36.318253,937.8432,22.56,Partly cloudy
2019-09-16 21:00:00+00:00,MUĞLA,48,27.977999,16.227999,0.0,10.883676,0.0,41.527706,939.52716,22.3,Clear sky
2019-09-17 21:00:00+00:00,MUĞLA,48,27.328,17.477999,0.0,12.324414,0.0,51.078415,940.86774,22.15,Clear sky
2019-09-18 21:00:00+00:00,MUĞLA,48,27.377998,15.878,0.0,9.72,0.0,45.412945,939.79474,22.19,Clear sky
2019-09-19 21:00:00+00:00,MUĞLA,48,27.377998,15.778,0.0,19.406637,0.0,48.24162,938.2028,21.1,Clear sky
2019-09-20 21:00:00+00:00,MUĞLA,48,26.227999,16.678,0.0,16.563911,1.0,46.07194,938.80963,21.39,Mainly clear
2019-09-21 21:00:00+00:00,MUĞLA,48,26.578,14.278,0.0,11.043261,0.0,35.011265,940.0478,21.39,Clear sky
2019-09-22 21:00:00+00:00,MUĞLA,48,27.127998,13.978,0.0,10.30883,0.0,32.886322,939.7723,21.5,Clear sky
2019-09-23 21:00:00+00:00,MUĞLA,48,25.578,16.727999,0.1,13.450708,51.0,45.480556,938.19116,20.47,Drizzle: Light
2019-09-24 21:00:00+00:00,MUĞLA,48,20.977999,16.278,4.999999,8.78872,53.0,87.63476,935.679,11.75,Drizzle: Moderate
2019-09-25 21:00:00+00:00,MUĞLA,48,23.928,15.728,0.0,9.659814,2.0,75.340034,938.3107,17.97,Partly cloudy
2019-09-26 21:00:00+00:00,MUĞLA,48,26.328,14.978,0.0,15.978486,1.0,61.239544,938.90533,19.91,Mainly clear
2019-09-27 21:00:00+00:00,MUĞLA,48,27.727999,16.578,0.0,13.450708,0.0,50.23201,939.9091,20.04,Clear sky
2019-09-28 21:00:00+00:00,MUĞLA,48,27.828,14.528,0.0,10.239453,0.0,42.056797,938.3391,20.08,Clear sky
2019-09-29 21:00:00+00:00,MUĞLA,48,27.078,15.778,0.0,10.144082,0.0,44.248615,937.31226,19.81,Clear sky
2019-09-30 21:00:00+00:00,MUĞLA,48,27.928,14.828,0.0,10.703569,0.0,48.6933,936.7537,19.68,Clear sky
2019-10-01 21:00:00+00:00,MUĞLA,48,25.028,16.227999,0.3,10.799999,51.0,62.006207,937.0485,18.73,Drizzle: Light
2019-10-02 21:00:00+00:00,MUĞLA,48,23.028,14.878,0.8,14.081478,51.0,76.33578,938.4288,16.67,Drizzle: Light
2019-10-03 21:00:00+00:00,MUĞLA,48,24.028,15.178,0.0,15.379206,1.0,72.62898,939.36273,18.43,Mainly clear
2019-10-04 21:00:00+00:00,MUĞLA,48,20.778,15.128,24.6,11.923557,65.0,80.77819,935.8986,12.84,Rain: Heavy
2019-10-05 21:00:00+00:00,MUĞLA,48,21.778,14.378,0.5,12.475961,51.0,72.82116,935.4309,14.84,Drizzle: Light
2019-10-06 21:00:00+00:00,MUĞLA,48,19.778,11.128,0.2,9.693296,51.0,63.15678,934.9268,7.64,Drizzle: Light
2019-10-07 21:00:00+00:00,MUĞLA,48,18.127998,14.528,46.299995,12.599998,63.0,96.14154,939.38983,7.84,Rain: Moderate
2019-10-08 21:00:00+00:00,MUĞLA,48,23.778,12.978,0.0,11.252519,2.0,73.77574,944.0057,17.6,Partly cloudy
2019-10-09 21:00:00+00:00,MUĞLA,48,27.428,14.178,0.0,13.217443,2.0,59.07953,942.65985,17.62,Partly cloudy
2019-10-10 21:00:00+00:00,MUĞLA,48,27.877998,16.377998,0.0,17.673029,3.0,48.318787,942.6839,16.34,Overcast
2019-10-11 21:00:00+00:00,MUĞLA,48,28.178,16.828,0.0,10.8955765,0.0,50.194675,942.7969,17.25,Clear sky
2019-10-12 21:00:00+00:00,MUĞLA,48,25.977999,16.428,0.0,10.853866,0.0,52.33241,943.0137,17.5,Clear sky
2019-10-13 21:00:00+00:00,MUĞLA,48,27.078,15.228,0.0,6.725354,0.0,47.23872,943.2136,17.25,Clear sky
2019-10-14 21:00:00+00:00,MUĞLA,48,27.828,16.778,0.3,9.107359,51.0,51.134693,941.3608,14.73,Drizzle: Light
2019-10-15 21:00:00+00:00,MUĞLA,48,22.227999,16.127998,0.5,11.609651,51.0,72.33829,940.76855,12.77,Drizzle: Light
2019-10-16 21:00:00+00:00,MUĞLA,48,21.977999,14.778,0.8,8.049845,53.0,79.67,941.6648,14.21,Drizzle: Moderate
2019-10-17 21:00:00+00:00,MUĞLA,48,22.178,14.178,0.1,7.42159,51.0,76.2841,942.3953,14.61,Drizzle: Light
2019-10-18 21:00:00+00:00,MUĞLA,48,23.477999,14.778,2.2,8.64,61.0,69.04183,941.9992,13.97,Rain: Slight
2019-10-19 21:00:00+00:00,MUĞLA,48,25.477999,14.328,0.0,10.948973,1.0,56.908432,942.482,15.38,Mainly clear
2019-10-20 21:00:00+00:00,MUĞLA,48,24.778,14.578,0.0,11.304229,0.0,46.807384,940.9341,16.12,Clear sky
2019-10-21 21:00:00+00:00,MUĞLA,48,23.678,14.078,0.0,10.823973,2.0,56.510403,939.3372,14.72,Partly cloudy
2019-10-22 21:00:00+00:00,MUĞLA,48,23.778,12.378,0.0,9.085988,3.0,61.534954,938.965,15.05,Overcast
2019-10-23 21:00:00+00:00,MUĞLA,48,24.778,12.978,0.0,10.233123,0.0,53.955555,938.0273,15.4,Clear sky
2019-10-24 21:00:00+00:00,MUĞLA,48,25.528,12.328,0.0,7.928178,0.0,49.604763,938.04083,15.49,Clear sky
2019-10-25 21:00:00+00:00,MUĞLA,48,25.278,12.478,0.0,11.212135,0.0,41.992107,939.2857,15.51,Clear sky
2019-10-26 21:00:00+00:00,MUĞLA,48,22.227999,12.828,0.0,12.074766,0.0,48.986694,937.74023,15.26,Clear sky
2019-10-27 21:00:00+00:00,MUĞLA,48,21.428,12.128,0.0,9.605998,2.0,57.99362,936.7842,14.59,Partly cloudy
2019-10-28 21:00:00+00:00,MUĞLA,48,20.877998,11.228,0.0,9.449572,0.0,55.38217,937.9905,14.88,Clear sky
2019-10-29 21:00:00+00:00,MUĞLA,48,20.727999,10.628,0.0,8.427383,0.0,60.60008,940.75995,14.82,Clear sky
2019-10-30 21:00:00+00:00,MUĞLA,48,19.977999,10.878,0.0,9.693296,3.0,51.70402,940.5015,14.39,Overcast
2019-10-31 21:00:00+00:00,MUĞLA,48,17.078,11.478,9.900001,11.609651,61.0,83.135155,937.3394,8.38,Rain: Slight
2019-11-01 21:00:00+00:00,MUĞLA,48,18.178,9.678,0.0,9.779817,3.0,69.306305,938.7412,14.15,Overcast
2019-11-02 21:00:00+00:00,MUĞLA,48,17.877998,10.128,0.70000005,9.9571085,51.0,85.98333,942.10016,10.53,Drizzle: Light
2019-11-03 21:00:00+00:00,MUĞLA,48,16.278,11.728,24.800001,19.513195,63.0,89.30033,942.59503,7.66,Rain: Moderate
2019-11-04 21:00:00+00:00,MUĞLA,48,15.828,11.928,45.1,14.48972,63.0,96.33045,941.9615,6.56,Rain: Moderate
2019-11-05 21:00:00+00:00,MUĞLA,48,19.428,11.628,0.0,9.255571,0.0,74.47866,941.1712,13.27,Clear sky
2019-11-06 21:00:00+00:00,MUĞLA,48,19.928,11.128,0.0,9.085988,1.0,65.294235,940.29877,13.52,Mainly clear
2019-11-07 21:00:00+00:00,MUĞLA,48,19.678,11.328,0.0,12.768586,1.0,62.29336,940.4092,13.2,Mainly clear
2019-11-08 21:00:00+00:00,MUĞLA,48,20.377998,12.078,0.0,9.565437,1.0,66.18684,942.4017,12.96,Mainly clear
2019-11-09 21:00:00+00:00,MUĞLA,48,19.828,11.828,0.0,12.682018,2.0,58.682125,941.5207,12.82,Partly cloudy
2019-11-10 21:00:00+00:00,MUĞLA,48,19.727999,11.728,0.4,10.163227,51.0,54.365814,942.3243,8.77,Drizzle: Light
2019-11-11 21:00:00+00:00,MUĞLA,48,22.227999,12.078,0.0,10.233123,3.0,52.666412,941.3403,12.77,Overcast
2019-11-12 21:00:00+00:00,MUĞLA,48,19.977999,12.778,0.0,8.825508,3.0,52.56779,938.56537,10.39,Overcast
2019-11-13 21:00:00+00:00,MUĞLA,48,14.578,11.178,16.100002,14.578888,61.0,82.31078,936.3501,5.34,Rain: Slight
2019-11-14 21:00:00+00:00,MUĞLA,48,18.178,9.128,0.0,13.896187,1.0,76.65173,940.0176,12.07,Mainly clear
2019-11-15 21:00:00+00:00,MUĞLA,48,18.627998,10.328,0.0,12.303366,1.0,67.72752,941.96875,12.19,Mainly clear
2019-11-16 21:00:00+00:00,MUĞLA,48,19.678,12.078,0.0,9.746631,3.0,61.84303,942.6401,11.33,Overcast
2019-11-17 21:00:00+00:00,MUĞLA,48,17.678,10.678,0.0,9.531505,3.0,61.214428,944.23773,11.51,Overcast
2019-11-18 21:00:00+00:00,MUĞLA,48,18.627998,9.178,0.0,6.489992,0.0,65.75203,945.20483,12.16,Clear sky
2019-11-19 21:00:00+00:00,MUĞLA,48,17.428,9.628,0.0,5.506941,1.0,59.019497,943.7674,12.23,Mainly clear
2019-11-20 21:00:00+00:00,MUĞLA,48,16.977999,8.178,0.0,6.28713,3.0,55.415466,941.218,11.91,Overcast
2019-11-21 21:00:00+00:00,MUĞLA,48,13.928,9.278,2.9999998,10.137692,53.0,89.05187,939.16205,4.91,Drizzle: Moderate
2019-11-22 21:00:00+00:00,MUĞLA,48,13.928,8.528,1.5000001,9.0645685,51.0,91.60858,940.6883,7.73,Drizzle: Light
2019-11-23 21:00:00+00:00,MUĞLA,48,14.728,9.028,2.8999999,10.636766,53.0,89.31725,941.0087,9.76,Drizzle: Moderate
2019-11-24 21:00:00+00:00,MUĞLA,48,12.278,10.578,36.300003,23.990698,65.0,87.49995,934.6412,3.25,Rain: Heavy
2019-11-25 21:00:00+00:00,MUĞLA,48,13.178,10.378,28.4,15.725037,63.0,95.22113,931.3684,6.26,Rain: Moderate
2019-11-26 21:00:00+00:00,MUĞLA,48,16.127998,7.478,0.0,9.422101,3.0,78.23748,934.03564,10.81,Overcast
2019-11-27 21:00:00+00:00,MUĞLA,48,14.178,7.328,0.1,8.225035,51.0,76.13863,939.66327,9.06,Drizzle: Light
2019-11-28 21:00:00+00:00,MUĞLA,48,13.828,9.978,19.900002,15.459054,61.0,97.18447,939.80536,4.1,Rain: Slight
2019-11-29 21:00:00+00:00,MUĞLA,48,14.928,11.028,1.4000001,8.905908,51.0,91.08551,939.48334,7.86,Drizzle: Light
2019-11-30 21:00:00+00:00,MUĞLA,48,13.528,7.328,0.6,18.161278,51.0,77.31806,938.6924,9.75,Drizzle: Light
2019-12-01 21:00:00+00:00,MUĞLA,48,14.578,5.028,0.0,14.145756,3.0,59.655888,941.06683,11.3,Overcast
2019-12-02 21:00:00+00:00,MUĞLA,48,14.228,6.028,0.0,7.92,3.0,52.760426,940.92865,10.94,Overcast
2019-12-03 21:00:00+00:00,MUĞLA,48,13.178,5.278,1.1,11.165805,53.0,66.04454,939.6448,8.86,Drizzle: Moderate
2019-12-04 21:00:00+00:00,MUĞLA,48,12.978,3.678,0.0,13.084402,0.0,66.44249,941.2251,11.07,Clear sky
2019-12-05 21:00:00+00:00,MUĞLA,48,13.028,1.428,0.0,9.746631,0.0,60.073547,941.81573,11.13,Clear sky
2019-12-06 21:00:00+00:00,MUĞLA,48,12.278,3.578,0.0,9.028754,2.0,60.094563,940.7924,10.79,Partly cloudy
2019-12-07 21:00:00+00:00,MUĞLA,48,13.828,5.678,0.0,12.43434,2.0,67.61069,937.3072,10.16,Partly cloudy
2019-12-08 21:00:00+00:00,MUĞLA,48,12.878,5.178,0.0,13.009903,0.0,68.53639,935.71075,10.71,Clear sky
2019-12-09 21:00:00+00:00,MUĞLA,48,11.378,4.3780003,1.6000001,13.513193,51.0,86.36123,935.0909,7.92,Drizzle: Light
2019-12-10 21:00:00+00:00,MUĞLA,48,10.778,8.528,14.9,13.783817,63.0,88.50233,933.91455,4.05,Rain: Moderate
2019-12-11 21:00:00+00:00,MUĞLA,48,11.528,7.428,11.0,10.799999,63.0,92.06482,930.06256,6.67,Rain: Moderate
2019-12-12 21:00:00+00:00,MUĞLA,48,10.228,7.028,16.0,14.113652,63.0,93.69675,929.94696,4.9,Rain: Moderate
2019-12-13 21:00:00+00:00,MUĞLA,48,10.178,7.1280003,23.299997,25.233404,63.0,93.8411,928.5269,4.06,Rain: Moderate
2019-12-14 21:00:00+00:00,MUĞLA,48,16.227999,6.078,4.1,17.414474,61.0,73.99475,937.084,10.05,Rain: Slight
2019-12-15 21:00:00+00:00,MUĞLA,48,16.578,6.028,0.0,10.390226,0.0,68.63776,946.0664,10.39,Clear sky
2019-12-16 21:00:00+00:00,MUĞLA,48,17.028,6.3780003,0.0,7.2,0.0,59.326458,946.941,10.47,Clear sky
2019-12-17 21:00:00+00:00,MUĞLA,48,15.578,7.278,0.0,7.653705,0.0,54.260822,949.70605,10.53,Clear sky
2019-12-18 21:00:00+00:00,MUĞLA,48,16.028,8.628,0.0,8.854829,3.0,50.856094,950.8393,10.44,Overcast
2019-12-19 21:00:00+00:00,MUĞLA,48,14.628,6.728,0.0,8.4042845,3.0,47.889008,946.9195,9.73,Overcast
2019-12-20 21:00:00+00:00,MUĞLA,48,13.428,6.778,0.0,8.089993,3.0,74.19973,944.07666,8.61,Overcast
2019-12-21 21:00:00+00:00,MUĞLA,48,11.328,7.778,9.7,21.2522,61.0,92.25394,940.136,5.45,Rain: Slight
2019-12-22 21:00:00+00:00,MUĞLA,48,10.528,8.078,87.399994,27.959742,65.0,94.53292,926.9404,3.62,Rain: Heavy
2019-12-23 21:00:00+00:00,MUĞLA,48,10.978,5.078,17.7,16.676977,63.0,84.02393,922.18353,7.64,Rain: Moderate
2019-12-24 21:00:00+00:00,MUĞLA,48,9.478,4.478,2.1000001,11.27553,53.0,85.1297,926.59515,6.43,Drizzle: Moderate
2019-12-25 21:00:00+00:00,MUĞLA,48,9.428,4.228,0.2,17.163355,51.0,73.40766,928.10864,9.9,Drizzle: Light
2019-12-26 21:00:00+00:00,MUĞLA,48,9.928,3.128,0.0,19.245697,3.0,62.94885,934.6434,10.31,Overcast
2019-12-27 21:00:00+00:00,MUĞLA,48,8.478,1.1279999,0.0,11.966954,3.0,63.181072,934.0049,7.39,Overcast
2019-12-28 21:00:00+00:00,MUĞLA,48,7.178,1.928,7.0999994,12.984975,73.0,71.26866,933.39655,6.49,Snow fall: Moderate
2019-12-29 21:00:00+00:00,MUĞLA,48,7.778,3.428,22.900002,12.979984,63.0,84.48486,929.9108,4.19,Rain: Moderate
2019-12-30 21:00:00+00:00,MUĞLA,48,11.028,2.678,1.7,10.086427,53.0,79.000435,939.13135,8.78,Drizzle: Moderate
2019-12-31 21:00:00+00:00,MUĞLA,48,10.728,2.428,0.0,14.168641,3.0,68.29064,938.1064,10.49,Overcast
2020-01-01 21:00:00+00:00,MUĞLA,48,7.928,2.828,4.1,18.374111,73.0,62.10922,936.32544,3.69,Snow fall: Moderate
2020-01-02 21:00:00+00:00,MUĞLA,48,10.978,2.328,0.1,11.792404,51.0,60.229977,935.70605,10.46,Drizzle: Light
2020-01-03 21:00:00+00:00,MUĞLA,48,11.428,1.328,0.0,12.303366,1.0,56.68176,935.8277,10.59,Mainly clear
2020-01-04 21:00:00+00:00,MUĞLA,48,9.578,2.128,6.5,13.910169,61.0,54.005688,933.0364,8.38,Rain: Slight
2020-01-05 21:00:00+00:00,MUĞLA,48,7.228,5.1280003,34.1,19.486609,63.0,95.370766,924.7415,3.95,Rain: Moderate
2020-01-06 21:00:00+00:00,MUĞLA,48,9.578,4.178,2.3999999,18.129137,53.0,78.36917,928.12115,6.17,Drizzle: Moderate
2020-01-07 21:00:00+00:00,MUĞLA,48,9.678,2.928,0.0,20.188908,3.0,63.21916,934.57794,10.85,Overcast
2020-01-08 21:00:00+00:00,MUĞLA,48,9.378,1.8779999,1.0,21.479666,73.0,57.327724,937.3946,10.76,Snow fall: Moderate
2020-01-09 21:00:00+00:00,MUĞLA,48,12.278,1.528,0.0,16.575644,2.0,51.32297,940.36273,11.12,Partly cloudy
2020-01-10 21:00:00+00:00,MUĞLA,48,11.228,3.028,0.0,8.669949,3.0,70.40064,943.84625,10.97,Overcast
2020-01-11 21:00:00+00:00,MUĞLA,48,12.578,3.678,2.1000001,7.9526596,53.0,80.24044,944.23395,9.14,Drizzle: Moderate
2020-01-12 21:00:00+00:00,MUĞLA,48,12.478,3.078,0.0,8.707238,2.0,69.89674,943.5722,11.29,Partly cloudy
2020-01-13 21:00:00+00:00,MUĞLA,48,11.078,4.178,0.0,8.311245,3.0,75.3673,944.9533,10.28,Overcast
2020-01-14 21:00:00+00:00,MUĞLA,48,12.428,1.2279999,0.0,8.209263,3.0,74.69324,944.3754,9.49,Overcast
2020-01-15 21:00:00+00:00,MUĞLA,48,12.728,2.678,0.0,7.2,3.0,63.799534,939.842,8.0,Overcast
2020-01-16 21:00:00+00:00,MUĞLA,48,11.728,1.4779999,0.0,8.707238,3.0,68.13119,937.7962,11.6,Overcast
2020-01-17 21:00:00+00:00,MUĞLA,48,11.628,1.328,0.0,9.779817,2.0,65.74862,937.93463,11.7,Partly cloudy
2020-01-18 21:00:00+00:00,MUĞLA,48,9.378,-1.1220001,0.0,10.464798,3.0,53.92804,936.9532,12.35,Overcast
2020-01-19 21:00:00+00:00,MUĞLA,48,7.028,-0.122,0.0,19.852295,2.0,53.323975,945.7343,12.11,Partly cloudy
2020-01-20 21:00:00+00:00,MUĞLA,48,7.028,0.178,0.0,21.2522,3.0,52.999878,948.3108,12.25,Overcast
2020-01-21 21:00:00+00:00,MUĞLA,48,12.228,2.028,0.0,17.294992,0.0,41.268932,944.4321,12.27,Clear sky
2020-01-22 21:00:00+00:00,MUĞLA,48,11.728,1.578,0.0,20.870687,2.0,44.12451,941.1023,12.58,Partly cloudy
2020-01-23 21:00:00+00:00,MUĞLA,48,8.728,-1.322,0.0,22.033648,0.0,46.80951,946.0071,12.72,Clear sky
2020-01-24 21:00:00+00:00,MUĞLA,48,9.478,0.578,0.0,9.114471,3.0,58.845367,948.419,12.55,Overcast
2020-01-25 21:00:00+00:00,MUĞLA,48,11.078,2.778,0.0,7.5170207,3.0,84.6836,949.1005,11.07,Overcast
2020-01-26 21:00:00+00:00,MUĞLA,48,10.128,6.978,7.8,15.629971,53.0,95.74889,944.61865,4.21,Drizzle: Moderate
2020-01-27 21:00:00+00:00,MUĞLA,48,10.778,5.478,8.2,15.192682,61.0,85.93613,938.3946,7.44,Rain: Slight
2020-01-28 21:00:00+00:00,MUĞLA,48,9.028,3.878,2.1000001,12.599998,51.0,85.86123,939.4411,4.98,Drizzle: Light
2020-01-29 21:00:00+00:00,MUĞLA,48,10.778,3.778,25.899998,20.570463,63.0,89.38767,936.6656,7.09,Rain: Moderate
2020-01-30 21:00:00+00:00,MUĞLA,48,9.278,0.878,0.0,15.778516,0.0,57.8129,940.7247,13.51,Clear sky
2020-01-31 21:00:00+00:00,MUĞLA,48,13.828,2.628,0.0,11.440978,1.0,65.86825,940.2662,12.94,Mainly clear
2020-02-01 21:00:00+00:00,MUĞLA,48,11.728,4.078,1.6000001,13.849477,51.0,82.79583,942.98535,8.28,Drizzle: Light
2020-02-02 21:00:00+00:00,MUĞLA,48,10.828,7.8780003,5.4,12.904882,53.0,95.95646,942.9306,6.14,Drizzle: Moderate
2020-02-03 21:00:00+00:00,MUĞLA,48,10.628,8.978,8.5,14.277983,61.0,96.68145,937.6005,4.26,Rain: Slight
2020-02-04 21:00:00+00:00,MUĞLA,48,11.378,6.828,76.49999,33.353954,65.0,95.8978,926.26,4.8,Rain: Heavy
2020-02-05 21:00:00+00:00,MUĞLA,48,6.478,3.778,33.100002,20.49156,73.0,92.57989,928.309,5.37,Snow fall: Moderate
2020-02-06 21:00:00+00:00,MUĞLA,48,5.178,-0.072000004,5.0,21.188072,73.0,76.85793,932.4921,11.02,Snow fall: Moderate
2020-02-07 21:00:00+00:00,MUĞLA,48,2.628,-3.572,0.0,21.67487,1.0,52.814846,941.2832,14.58,Mainly clear
2020-02-08 21:00:00+00:00,MUĞLA,48,3.828,-3.9720001,0.0,14.05845,2.0,41.715267,947.6031,14.97,Partly cloudy
2020-02-09 21:00:00+00:00,MUĞLA,48,10.378,-2.922,0.0,10.703569,0.0,41.32184,945.7405,15.09,Clear sky
2020-02-10 21:00:00+00:00,MUĞLA,48,8.428,1.328,2.8000002,13.246826,51.0,84.95813,940.1241,5.01,Drizzle: Light
2020-02-11 21:00:00+00:00,MUĞLA,48,10.278,7.1280003,15.8,13.513193,55.0,98.084816,939.35474,5.17,Drizzle: Dense
2020-02-12 21:00:00+00:00,MUĞLA,48,15.478,4.028,1.0,14.799459,51.0,75.90769,942.3609,14.03,Drizzle: Light
2020-02-13 21:00:00+00:00,MUĞLA,48,10.678,7.078,44.0,21.479666,63.0,95.74288,944.3442,3.5,Rain: Moderate
2020-02-14 21:00:00+00:00,MUĞLA,48,9.228,6.8780003,34.9,14.081477,63.0,89.99995,938.25775,4.49,Rain: Moderate
2020-02-15 21:00:00+00:00,MUĞLA,48,14.028,5.028,0.0,15.484185,3.0,68.83483,941.11566,15.27,Overcast
2020-02-16 21:00:00+00:00,MUĞLA,48,14.728,4.728,0.0,13.0447235,0.0,58.706696,941.82526,15.73,Clear sky
2020-02-17 21:00:00+00:00,MUĞLA,48,11.478,3.278,0.0,9.746631,3.0,69.47109,940.87476,13.6,Overcast
2020-02-18 21:00:00+00:00,MUĞLA,48,13.878,1.7279999,0.0,10.739833,2.0,71.111046,939.5825,15.66,Partly cloudy
2020-02-19 21:00:00+00:00,MUĞLA,48,9.428,4.078,19.5,15.941944,63.0,91.79144,935.8221,5.52,Rain: Moderate
2020-02-20 21:00:00+00:00,MUĞLA,48,11.028,4.978,3.7,21.841648,53.0,77.36187,931.8482,13.9,Drizzle: Moderate
2020-02-21 21:00:00+00:00,MUĞLA,48,10.128,2.628,0.7,18.775301,51.0,67.488045,936.27264,14.43,Drizzle: Light
2020-02-22 21:00:00+00:00,MUĞLA,48,11.278,2.178,0.9000001,13.009903,51.0,66.51345,939.352,13.78,Drizzle: Light
2020-02-23 21:00:00+00:00,MUĞLA,48,13.578,2.828,0.0,9.904906,3.0,62.255535,939.1081,16.58,Overcast
2020-02-24 21:00:00+00:00,MUĞLA,48,16.227999,5.1280003,0.0,12.641076,0.0,54.727814,937.73285,17.26,Clear sky
2020-02-25 21:00:00+00:00,MUĞLA,48,14.478,5.3780003,1.5,19.67195,53.0,65.13651,938.7383,17.09,Drizzle: Moderate
2020-02-26 21:00:00+00:00,MUĞLA,48,11.278,8.978,39.4,23.400002,63.0,96.993065,938.2105,4.91,Rain: Moderate
2020-02-27 21:00:00+00:00,MUĞLA,48,11.428,6.8780003,2.3999996,10.636766,61.0,77.878914,935.9931,12.06,Rain: Slight
2020-02-28 21:00:00+00:00,MUĞLA,48,6.228,3.628,6.1,30.926493,63.0,79.51085,931.80743,14.14,Rain: Moderate
2020-02-29 21:00:00+00:00,MUĞLA,48,14.128,2.928,0.0,15.0038395,3.0,63.844166,938.47974,17.34,Overcast
2020-03-01 21:00:00+00:00,MUĞLA,48,13.628,3.9780002,0.0,9.178235,1.0,56.55165,940.96014,18.13,Mainly clear
2020-03-02 21:00:00+00:00,MUĞLA,48,14.078,6.978,0.7,16.704155,51.0,73.5452,942.84393,14.46,Drizzle: Light
2020-03-03 21:00:00+00:00,MUĞLA,48,13.578,8.828,2.0,22.79684,51.0,86.67155,937.6846,14.6,Drizzle: Light
2020-03-04 21:00:00+00:00,MUĞLA,48,10.828,6.228,35.800003,19.48661,63.0,89.18119,931.3628,5.52,Rain: Moderate
2020-03-05 21:00:00+00:00,MUĞLA,48,14.178,4.428,0.2,11.525623,51.0,78.21297,934.3501,17.1,Drizzle: Light
2020-03-06 21:00:00+00:00,MUĞLA,48,14.878,4.828,0.0,11.384199,3.0,71.28603,939.8869,18.52,Overcast
2020-03-07 21:00:00+00:00,MUĞLA,48,14.978,7.8780003,0.0,12.88981,3.0,71.77929,942.91534,17.19,Overcast
2020-03-08 21:00:00+00:00,MUĞLA,48,16.477999,7.428,20.599998,23.233253,63.0,66.77069,933.52716,17.83,Rain: Moderate
2020-03-09 21:00:00+00:00,MUĞLA,48,10.328,6.078,19.0,14.77755,63.0,91.82336,934.8379,11.86,Rain: Moderate
2020-03-10 21:00:00+00:00,MUĞLA,48,13.378,5.428,0.0,12.0694,3.0,76.4724,939.21356,15.2,Overcast
2020-03-11 21:00:00+00:00,MUĞLA,48,20.328,6.678,0.0,12.620554,3.0,54.650936,935.4292,19.66,Overcast
2020-03-12 21:00:00+00:00,MUĞLA,48,21.127998,10.678,0.0,17.106628,2.0,59.140903,929.30084,18.27,Partly cloudy
2020-03-13 21:00:00+00:00,MUĞLA,48,21.127998,8.828,0.0,10.086427,3.0,75.16204,934.68384,19.85,Overcast
2020-03-14 21:00:00+00:00,MUĞLA,48,15.728,7.8780003,0.0,15.277749,3.0,82.1939,936.8787,18.0,Overcast
2020-03-15 21:00:00+00:00,MUĞLA,48,14.278,4.6280003,8.200001,21.986542,63.0,78.34135,937.153,14.48,Rain: Moderate
2020-03-16 21:00:00+00:00,MUĞLA,48,8.828,0.078,0.0,32.078403,3.0,40.951214,937.61035,21.77,Overcast
2020-03-17 21:00:00+00:00,MUĞLA,48,10.928,3.078,0.0,22.065973,1.0,33.558666,937.32715,21.89,Mainly clear
2020-03-18 21:00:00+00:00,MUĞLA,48,8.078,0.278,0.0,19.959719,3.0,52.70245,938.36304,15.89,Overcast
2020-03-19 21:00:00+00:00,MUĞLA,48,11.678,1.8779999,0.0,23.770906,2.0,53.56902,936.6108,21.69,Partly cloudy
2020-03-20 21:00:00+00:00,MUĞLA,48,13.628,2.678,0.0,11.503113,0.0,61.07875,937.65985,21.67,Clear sky
2020-03-21 21:00:00+00:00,MUĞLA,48,13.528,5.328,0.0,10.948973,3.0,75.854164,938.549,17.54,Overcast
2020-03-22 21:00:00+00:00,MUĞLA,48,13.128,6.6280003,0.3,12.324414,51.0,77.46168,936.27563,19.29,Drizzle: Light
2020-03-23 21:00:00+00:00,MUĞLA,48,15.778,4.678,1.6,11.525623,61.0,75.1081,933.72406,19.43,Rain: Slight
2020-03-24 21:00:00+00:00,MUĞLA,48,17.578,6.028,0.0,15.629971,3.0,71.10812,935.8809,21.36,Overcast
2020-03-25 21:00:00+00:00,MUĞLA,48,13.178,9.778,4.1,13.363711,53.0,75.9201,934.904,7.75,Drizzle: Moderate
2020-03-26 21:00:00+00:00,MUĞLA,48,13.628,8.478,14.0,13.084402,61.0,84.85512,933.0762,14.96,Rain: Slight
2020-03-27 21:00:00+00:00,MUĞLA,48,12.178,6.428,8.800001,16.58346,61.0,87.55349,934.20465,14.77,Rain: Slight
2020-03-28 21:00:00+00:00,MUĞLA,48,11.628,4.8780003,5.3,11.988594,63.0,80.90482,933.01666,15.31,Rain: Moderate
2020-03-29 21:00:00+00:00,MUĞLA,48,14.678,3.128,0.0,11.183201,3.0,69.244194,933.02026,21.81,Overcast
2020-03-30 21:00:00+00:00,MUĞLA,48,14.678,6.778,2.8000002,11.384198,55.0,76.57712,931.08185,13.54,Drizzle: Dense
2020-03-31 21:00:00+00:00,MUĞLA,48,16.377998,6.828,0.0,11.966954,2.0,69.379906,932.7409,21.47,Partly cloudy
2020-04-01 21:00:00+00:00,MUĞLA,48,11.278,5.1280003,15.5,18.58451,63.0,84.511444,933.61053,10.58,Rain: Moderate
2020-04-02 21:00:00+00:00,MUĞLA,48,13.978,4.3780003,0.6,8.891343,51.0,72.177635,936.7674,18.35,Drizzle: Light
2020-04-03 21:00:00+00:00,MUĞLA,48,17.828,8.878,1.8000002,16.87398,53.0,58.62792,936.2927,13.92,Drizzle: Moderate
2020-04-04 21:00:00+00:00,MUĞLA,48,17.328,10.728,23.199997,20.345573,63.0,76.29871,930.64716,11.79,Rain: Moderate
2020-04-05 21:00:00+00:00,MUĞLA,48,14.278,8.878,6.2000003,11.885453,53.0,86.580635,937.4095,18.05,Drizzle: Moderate
2020-04-06 21:00:00+00:00,MUĞLA,48,14.328,7.028,3.8999999,8.654986,61.0,81.21574,937.58203,16.91,Rain: Slight
2020-04-07 21:00:00+00:00,MUĞLA,48,15.528,6.728,6.8999996,9.0645685,61.0,80.615105,936.4921,14.65,Rain: Slight
2020-04-08 21:00:00+00:00,MUĞLA,48,15.778,7.528,6.5,8.669949,63.0,78.8806,934.8449,16.11,Rain: Moderate
2020-04-09 21:00:00+00:00,MUĞLA,48,19.227999,6.678,0.0,12.144331,0.0,56.03613,934.04584,24.53,Clear sky
2020-04-10 21:00:00+00:00,MUĞLA,48,20.778,7.078,0.0,12.783802,0.0,48.104004,937.58344,25.45,Clear sky
2020-04-11 21:00:00+00:00,MUĞLA,48,19.528,7.178,0.0,14.113652,3.0,50.620865,940.9578,24.58,Overcast
2020-04-12 21:00:00+00:00,MUĞLA,48,18.428,8.578,0.0,12.074766,0.0,61.55945,941.24347,24.24,Clear sky
2020-04-13 21:00:00+00:00,MUĞLA,48,18.377998,8.528,0.0,10.829959,2.0,52.70235,940.55176,25.42,Partly cloudy
2020-04-14 21:00:00+00:00,MUĞLA,48,15.578,9.628,1.1,24.633049,51.0,59.810024,938.33295,22.72,Drizzle: Light
2020-04-15 21:00:00+00:00,MUĞLA,48,19.178,10.128,18.800001,16.75064,63.0,65.82746,936.1291,23.13,Rain: Moderate
2020-04-16 21:00:00+00:00,MUĞLA,48,19.227999,8.328,0.0,11.252519,1.0,58.4764,938.0286,25.77,Mainly clear
2020-04-17 21:00:00+00:00,MUĞLA,48,19.328,10.078,0.0,9.885262,3.0,57.73428,938.8205,25.66,Overcast
2020-04-18 21:00:00+00:00,MUĞLA,48,20.578,9.678,0.0,11.659777,3.0,74.4847,938.1372,23.09,Overcast
2020-04-19 21:00:00+00:00,MUĞLA,48,20.377998,11.328,0.0,10.182337,3.0,69.48536,936.4982,24.59,Overcast
2020-04-20 21:00:00+00:00,MUĞLA,48,20.178,12.578,0.1,11.384199,51.0,71.22848,934.7158,23.45,Drizzle: Light
2020-04-21 21:00:00+00:00,MUĞLA,48,19.928,11.778,0.0,14.118243,3.0,67.53116,933.00336,19.36,Overcast
2020-04-22 21:00:00+00:00,MUĞLA,48,19.227999,9.128,0.0,11.525623,3.0,68.09549,932.90826,20.2,Overcast
2020-04-23 21:00:00+00:00,MUĞLA,48,14.378,10.578,7.6,9.9571085,63.0,84.64324,931.39703,13.02,Rain: Moderate
2020-04-24 21:00:00+00:00,MUĞLA,48,19.227999,9.178,0.0,14.145756,1.0,60.88527,930.55786,26.3,Mainly clear
2020-04-25 21:00:00+00:00,MUĞLA,48,18.928,8.278,0.0,13.661038,3.0,58.818863,934.06573,26.83,Overcast
2020-04-26 21:00:00+00:00,MUĞLA,48,17.127998,9.128,0.0,10.594036,3.0,51.170177,935.76166,27.05,Overcast
2020-04-27 21:00:00+00:00,MUĞLA,48,20.678,8.828,0.8000001,10.495713,51.0,63.626995,936.7229,24.87,Drizzle: Light
2020-04-28 21:00:00+00:00,MUĞLA,48,20.678,9.578,0.0,12.24,3.0,60.524975,937.1973,24.76,Overcast
2020-04-29 21:00:00+00:00,MUĞLA,48,15.378,10.328,24.9,13.004921,63.0,80.01408,935.58813,13.34,Rain: Moderate
2020-04-30 21:00:00+00:00,MUĞLA,48,19.778,9.278,0.90000004,11.212135,51.0,73.19099,935.48145,23.29,Drizzle: Light
2020-05-01 21:00:00+00:00,MUĞLA,48,17.278,11.228,0.0,13.0447235,3.0,74.76545,934.51886,22.91,Overcast
2020-05-02 21:00:00+00:00,MUĞLA,48,15.678,9.928,34.399998,15.84,63.0,87.32145,931.15753,14.85,Rain: Moderate
2020-05-03 21:00:00+00:00,MUĞLA,48,15.378,8.728,15.9,10.182337,63.0,82.850685,932.4693,15.12,Rain: Moderate
2020-05-04 21:00:00+00:00,MUĞLA,48,19.627998,8.378,0.0,15.158522,3.0,64.80708,934.541,25.84,Overcast
2020-05-05 21:00:00+00:00,MUĞLA,48,20.928,10.478,0.0,12.864649,3.0,65.14602,936.3554,27.11,Overcast
2020-05-06 21:00:00+00:00,MUĞLA,48,17.477999,12.428,1.3000002,14.917212,51.0,71.0122,935.4865,21.2,Drizzle: Light
2020-05-07 21:00:00+00:00,MUĞLA,48,19.428,11.278,2.1,12.57426,53.0,68.30624,936.2983,22.13,Drizzle: Moderate
2020-05-08 21:00:00+00:00,MUĞLA,48,22.477999,9.828,0.0,12.57426,1.0,48.279667,937.4257,28.63,Mainly clear
2020-05-09 21:00:00+00:00,MUĞLA,48,24.477999,11.878,0.0,12.074766,2.0,54.313717,939.44507,28.39,Partly cloudy
2020-05-10 21:00:00+00:00,MUĞLA,48,22.778,12.978,0.0,12.605142,3.0,59.724583,942.3418,27.49,Overcast
2020-05-11 21:00:00+00:00,MUĞLA,48,22.678,13.328,0.0,14.336861,1.0,46.11801,941.9526,28.31,Mainly clear
2020-05-12 21:00:00+00:00,MUĞLA,48,26.428,15.278,0.0,14.973576,1.0,35.32839,941.65894,28.96,Mainly clear
2020-05-13 21:00:00+00:00,MUĞLA,48,30.227999,16.928,0.0,16.071491,0.0,45.540554,940.96906,28.62,Clear sky
2020-05-14 21:00:00+00:00,MUĞLA,48,33.628,18.977999,0.0,12.324414,0.0,44.01979,941.80634,28.23,Clear sky
2020-05-15 21:00:00+00:00,MUĞLA,48,36.328,19.328,0.0,11.885453,1.0,35.305996,942.3295,27.78,Mainly clear
2020-05-16 21:00:00+00:00,MUĞLA,48,35.927998,19.328,0.0,11.165805,3.0,30.285034,943.61273,27.71,Overcast
2020-05-17 21:00:00+00:00,MUĞLA,48,35.378,20.477999,0.0,11.435313,3.0,32.85863,942.79297,26.48,Overcast
2020-05-18 21:00:00+00:00,MUĞLA,48,34.628,21.278,0.0,11.928989,2.0,32.31261,941.5512,26.18,Partly cloudy
2020-05-19 21:00:00+00:00,MUĞLA,48,32.177998,20.678,0.0,13.797912,3.0,32.953835,938.0715,26.63,Overcast
2020-05-20 21:00:00+00:00,MUĞLA,48,24.678,14.928,0.0,15.4800005,2.0,56.627598,934.6976,27.6,Partly cloudy
2020-05-21 21:00:00+00:00,MUĞLA,48,20.178,13.078,1.4,20.907913,51.0,70.232,935.9548,22.22,Drizzle: Light
2020-05-22 21:00:00+00:00,MUĞLA,48,19.328,10.228,0.0,27.558228,1.0,36.888035,939.83746,29.84,Mainly clear
2020-05-23 21:00:00+00:00,MUĞLA,48,21.528,9.028,0.0,19.245697,0.0,34.68807,942.1228,30.23,Clear sky
2020-05-24 21:00:00+00:00,MUĞLA,48,26.377998,13.178,0.0,17.429354,0.0,35.515644,940.02563,29.41,Clear sky
2020-05-25 21:00:00+00:00,MUĞLA,48,19.428,13.578,12.3,16.56,63.0,74.555084,939.8151,18.83,Rain: Moderate
2020-05-26 21:00:00+00:00,MUĞLA,48,16.178,10.528,4.7000003,15.484185,53.0,78.23508,938.6523,22.81,Drizzle: Moderate
2020-05-27 21:00:00+00:00,MUĞLA,48,15.978,9.478,5.0,13.849477,61.0,75.72286,938.0613,19.62,Rain: Slight
2020-05-28 21:00:00+00:00,MUĞLA,48,18.227999,9.428,0.0,14.512064,2.0,65.582985,939.63666,25.6,Partly cloudy
2020-05-29 21:00:00+00:00,MUĞLA,48,18.928,8.678,0.0,12.261157,1.0,60.13242,940.441,25.66,Mainly clear
2020-05-30 21:00:00+00:00,MUĞLA,48,18.477999,11.278,0.6,11.525623,53.0,67.770515,940.05054,23.68,Drizzle: Moderate
2020-05-31 21:00:00+00:00,MUĞLA,48,15.828,10.978,15.8,15.39184,63.0,82.448906,936.13947,17.21,Rain: Moderate
2020-06-01 21:00:00+00:00,MUĞLA,48,18.678,9.928,0.2,12.303366,51.0,70.58938,932.20044,24.84,Drizzle: Light
2020-06-02 21:00:00+00:00,MUĞLA,48,19.778,10.678,0.5,13.004922,51.0,65.50494,934.0718,25.87,Drizzle: Light
2020-06-03 21:00:00+00:00,MUĞLA,48,20.727999,9.978,0.0,15.629971,1.0,64.22338,937.93463,26.81,Mainly clear
2020-06-04 21:00:00+00:00,MUĞLA,48,23.828,12.678,0.0,14.404499,3.0,52.049458,941.3111,30.42,Overcast
2020-06-05 21:00:00+00:00,MUĞLA,48,23.528,14.628,0.0,18.919704,3.0,48.561077,939.04395,28.81,Overcast
2020-06-06 21:00:00+00:00,MUĞLA,48,24.127998,15.178,0.0,14.799459,0.0,53.708897,935.99854,30.36,Clear sky
2020-06-07 21:00:00+00:00,MUĞLA,48,27.227999,12.978,0.0,13.202726,0.0,56.50827,934.36084,30.21,Clear sky
2020-06-08 21:00:00+00:00,MUĞLA,48,27.528,15.278,0.0,13.276144,3.0,55.689754,935.5813,27.36,Overcast
2020-06-09 21:00:00+00:00,MUĞLA,48,24.977999,16.078,0.0,11.726277,2.0,58.210663,935.8069,29.29,Partly cloudy
2020-06-10 21:00:00+00:00,MUĞLA,48,24.278,15.328,0.2,17.10284,51.0,60.76947,935.53986,29.03,Drizzle: Light
2020-06-11 21:00:00+00:00,MUĞLA,48,22.278,14.328,0.0,12.738099,2.0,58.272785,934.84814,27.59,Partly cloudy
2020-06-12 21:00:00+00:00,MUĞLA,48,22.528,13.428,0.1,15.530151,51.0,57.247555,933.25714,21.66,Drizzle: Light
2020-06-13 21:00:00+00:00,MUĞLA,48,24.678,14.378,0.4,14.386494,51.0,61.604206,933.90656,26.6,Drizzle: Light
2020-06-14 21:00:00+00:00,MUĞLA,48,25.828,16.778,0.0,14.773164,3.0,60.27467,936.9133,27.48,Overcast
2020-06-15 21:00:00+00:00,MUĞLA,48,27.528,16.627998,0.0,14.565548,3.0,50.013535,936.75653,29.01,Overcast
2020-06-16 21:00:00+00:00,MUĞLA,48,25.178,17.278,0.3,16.75064,51.0,57.216885,935.2678,28.86,Drizzle: Light
2020-06-17 21:00:00+00:00,MUĞLA,48,25.627998,15.928,1.0,17.283749,51.0,56.421566,934.81354,25.19,Drizzle: Light
2020-06-18 21:00:00+00:00,MUĞLA,48,26.578,16.877998,0.0,21.370783,1.0,55.939304,935.4451,26.8,Mainly clear
2020-06-19 21:00:00+00:00,MUĞLA,48,29.278,17.377998,0.0,16.595179,2.0,46.191677,936.44257,29.98,Partly cloudy
2020-06-20 21:00:00+00:00,MUĞLA,48,27.328,18.127998,0.0,15.484185,0.0,47.09785,932.3059,30.29,Clear sky
2020-06-21 21:00:00+00:00,MUĞLA,48,23.377998,16.328,4.8,13.979871,53.0,75.30169,933.7465,25.6,Drizzle: Moderate
2020-06-22 21:00:00+00:00,MUĞLA,48,22.028,15.828,3.9,13.779114,61.0,79.07718,936.9485,25.07,Rain: Slight
2020-06-23 21:00:00+00:00,MUĞLA,48,26.678,13.828,0.1,14.529915,51.0,58.169872,940.29364,28.44,Drizzle: Light
2020-06-24 21:00:00+00:00,MUĞLA,48,29.678,18.578,0.1,14.05845,51.0,50.551453,939.57465,28.85,Drizzle: Light
2020-06-25 21:00:00+00:00,MUĞLA,48,31.928,19.678,0.0,12.522619,2.0,41.070324,937.14105,28.29,Partly cloudy
2020-06-26 21:00:00+00:00,MUĞLA,48,32.578,19.727999,0.0,15.9134655,1.0,45.820953,936.31616,27.54,Mainly clear
2020-06-27 21:00:00+00:00,MUĞLA,48,32.177998,21.028,0.0,14.003028,2.0,41.11169,935.5042,26.58,Partly cloudy
2020-06-28 21:00:00+00:00,MUĞLA,48,32.278,21.428,0.0,13.392774,2.0,41.599937,933.5844,28.0,Partly cloudy
2020-06-29 21:00:00+00:00,MUĞLA,48,34.978,21.477999,0.0,12.864649,0.0,30.869322,932.3117,29.96,Clear sky
2020-06-30 21:00:00+00:00,MUĞLA,48,34.677998,21.477999,0.0,20.371038,0.0,24.493439,934.4504,30.53,Clear sky
2020-07-01 21:00:00+00:00,MUĞLA,48,35.378,21.028,0.0,17.84816,1.0,30.570658,933.9401,30.2,Mainly clear
2020-07-02 21:00:00+00:00,MUĞLA,48,34.628,21.627998,0.0,16.055355,3.0,42.40475,933.9559,27.52,Overcast
2020-07-03 21:00:00+00:00,MUĞLA,48,35.177998,22.428,0.0,13.513193,2.0,39.610565,935.44464,26.2,Partly cloudy
2020-07-04 21:00:00+00:00,MUĞLA,48,35.228,24.178,0.0,11.252519,1.0,39.550903,932.58856,26.75,Mainly clear
2020-07-05 21:00:00+00:00,MUĞLA,48,32.528,22.377998,0.0,13.039754,0.0,47.19852,929.511,28.98,Clear sky
2020-07-06 21:00:00+00:00,MUĞLA,48,29.078,20.877998,0.0,14.182355,1.0,63.050182,930.63275,29.4,Mainly clear
2020-07-07 21:00:00+00:00,MUĞLA,48,31.377998,20.528,2.1,13.5515,61.0,56.82254,933.9964,24.67,Rain: Slight
2020-07-08 21:00:00+00:00,MUĞLA,48,33.378,20.977999,0.0,13.358861,2.0,42.13625,935.78156,27.82,Partly cloudy
2020-07-09 21:00:00+00:00,MUĞLA,48,32.828,21.528,0.2,17.10284,51.0,46.176228,935.5993,28.13,Drizzle: Light
2020-07-10 21:00:00+00:00,MUĞLA,48,35.177998,20.377998,0.0,15.580141,1.0,41.438976,935.62354,29.7,Mainly clear
2020-07-11 21:00:00+00:00,MUĞLA,48,33.828,22.578,0.0,15.141414,1.0,41.207615,933.4327,28.89,Mainly clear
2020-07-12 21:00:00+00:00,MUĞLA,48,35.478,21.977999,0.0,13.202726,0.0,36.10171,931.2647,29.3,Clear sky
2020-07-13 21:00:00+00:00,MUĞLA,48,32.878,21.028,0.0,15.484185,0.0,38.73769,933.29095,29.56,Clear sky
2020-07-14 21:00:00+00:00,MUĞLA,48,31.028,20.727999,0.0,11.792404,0.0,47.61542,936.14777,29.81,Clear sky
2020-07-15 21:00:00+00:00,MUĞLA,48,31.328,19.127998,0.0,18.556595,0.0,40.082897,933.9711,29.78,Clear sky
2020-07-16 21:00:00+00:00,MUĞLA,48,31.477999,18.977999,0.0,14.689589,0.0,37.445675,931.96906,29.67,Clear sky
2020-07-17 21:00:00+00:00,MUĞLA,48,31.877998,20.528,0.0,12.9249525,0.0,40.857,933.11646,29.34,Clear sky
2020-07-18 21:00:00+00:00,MUĞLA,48,31.727999,20.078,0.0,12.496719,0.0,47.02509,934.9199,29.46,Clear sky
2020-07-19 21:00:00+00:00,MUĞLA,48,32.677998,20.227999,0.0,16.055353,0.0,41.78001,936.14276,29.26,Clear sky
2020-07-20 21:00:00+00:00,MUĞLA,48,36.028,22.778,0.0,14.689589,0.0,29.017166,936.03467,29.29,Clear sky
2020-07-21 21:00:00+00:00,MUĞLA,48,36.028,21.578,0.0,19.228851,0.0,31.519186,933.643,29.49,Clear sky
2020-07-22 21:00:00+00:00,MUĞLA,48,35.927998,22.977999,0.0,17.309975,0.0,28.394602,931.7649,29.53,Clear sky
2020-07-23 21:00:00+00:00,MUĞLA,48,34.028,21.078,0.0,18.218275,0.0,31.911924,931.8038,29.33,Clear sky
2020-07-24 21:00:00+00:00,MUĞLA,48,33.878,22.727999,0.0,13.138765,1.0,37.74835,932.60474,26.72,Mainly clear
2020-07-25 21:00:00+00:00,MUĞLA,48,33.078,22.428,0.0,14.512064,0.0,41.119045,934.707,27.38,Clear sky
2020-07-26 21:00:00+00:00,MUĞLA,48,34.628,23.877998,0.0,16.375053,0.0,29.695177,935.57416,28.81,Clear sky
2020-07-27 21:00:00+00:00,MUĞLA,48,35.478,24.078,0.0,16.831684,0.0,33.46208,934.37946,28.44,Clear sky
2020-07-28 21:00:00+00:00,MUĞLA,48,35.028,23.477999,0.0,15.629971,0.0,35.66961,936.3674,27.94,Clear sky
2020-07-29 21:00:00+00:00,MUĞLA,48,36.978,24.928,0.0,17.429354,0.0,29.862524,937.89484,28.18,Clear sky
2020-07-30 21:00:00+00:00,MUĞLA,48,36.478,23.328,0.0,15.575981,0.0,30.073618,935.62524,28.31,Clear sky
2020-07-31 21:00:00+00:00,MUĞLA,48,37.078,23.977999,0.0,14.799459,1.0,28.682373,931.4572,28.08,Mainly clear
2020-08-01 21:00:00+00:00,MUĞLA,48,34.177998,24.227999,0.0,13.276144,1.0,36.453335,931.7446,25.3,Mainly clear
2020-08-02 21:00:00+00:00,MUĞLA,48,32.878,23.178,0.0,12.72283,1.0,45.746933,934.32196,24.5,Mainly clear
2020-08-03 21:00:00+00:00,MUĞLA,48,33.228,21.678,0.0,15.530151,1.0,34.833965,933.53595,27.35,Mainly clear
2020-08-04 21:00:00+00:00,MUĞLA,48,34.378,22.627998,0.0,16.516901,2.0,37.787395,932.7365,26.96,Partly cloudy
2020-08-05 21:00:00+00:00,MUĞLA,48,36.927998,22.828,0.0,17.581125,0.0,33.11708,935.5578,27.3,Clear sky
2020-08-06 21:00:00+00:00,MUĞLA,48,31.528,21.528,0.0,14.494192,0.0,36.56196,936.71484,27.59,Clear sky
2020-08-07 21:00:00+00:00,MUĞLA,48,31.778,19.227999,0.0,20.018072,0.0,52.838367,933.3286,27.35,Clear sky
2020-08-08 21:00:00+00:00,MUĞLA,48,27.877998,20.127998,5.3,14.917212,61.0,70.36144,931.00323,22.3,Rain: Slight
2020-08-09 21:00:00+00:00,MUĞLA,48,30.227999,20.428,1.6,12.496718,61.0,59.777477,933.0391,22.04,Rain: Slight
2020-08-10 21:00:00+00:00,MUĞLA,48,32.328,19.828,0.0,10.97262,2.0,49.144257,935.61255,24.69,Partly cloudy
2020-08-11 21:00:00+00:00,MUĞLA,48,33.278,21.528,0.1,11.792404,51.0,40.38486,935.53876,23.09,Drizzle: Light
2020-08-12 21:00:00+00:00,MUĞLA,48,33.927998,21.078,0.0,13.37825,1.0,34.34319,935.19806,26.18,Mainly clear
2020-08-13 21:00:00+00:00,MUĞLA,48,34.677998,21.828,0.0,13.684735,3.0,32.37515,934.30524,25.96,Overcast
2020-08-14 21:00:00+00:00,MUĞLA,48,33.828,20.528,0.0,14.05845,0.0,26.762083,933.6547,26.95,Clear sky
2020-08-15 21:00:00+00:00,MUĞLA,48,34.528,20.477999,0.0,15.463246,0.0,24.000032,932.9003,26.9,Clear sky
2020-08-16 21:00:00+00:00,MUĞLA,48,32.828,20.678,0.0,16.279802,0.0,33.395157,933.66315,26.46,Clear sky
2020-08-17 21:00:00+00:00,MUĞLA,48,32.328,20.928,0.0,13.551501,0.0,36.224167,932.6934,26.24,Clear sky
2020-08-18 21:00:00+00:00,MUĞLA,48,32.177998,20.877998,0.0,13.891522,0.0,40.71295,931.92847,26.13,Clear sky
2020-08-19 21:00:00+00:00,MUĞLA,48,32.278,20.377998,0.0,20.188908,0.0,36.36455,932.10345,25.74,Clear sky
2020-08-20 21:00:00+00:00,MUĞLA,48,31.528,20.877998,0.0,19.201874,0.0,33.047432,934.02423,26.21,Clear sky
2020-08-21 21:00:00+00:00,MUĞLA,48,33.978,21.828,0.0,17.068707,0.0,29.24498,935.7237,26.15,Clear sky
2020-08-22 21:00:00+00:00,MUĞLA,48,33.278,21.377998,0.0,17.10284,0.0,32.543903,934.2474,25.6,Clear sky
2020-08-23 21:00:00+00:00,MUĞLA,48,32.128,20.477999,0.0,12.7279215,0.0,37.90208,934.00146,25.41,Clear sky
2020-08-24 21:00:00+00:00,MUĞLA,48,32.328,20.477999,0.0,12.522619,0.0,47.604034,935.2485,23.34,Clear sky
2020-08-25 21:00:00+00:00,MUĞLA,48,32.828,20.828,0.3,14.241629,51.0,40.247005,935.8732,22.35,Drizzle: Light
2020-08-26 21:00:00+00:00,MUĞLA,48,34.278,22.178,0.0,14.917212,0.0,32.467896,935.29956,25.01,Clear sky
2020-08-27 21:00:00+00:00,MUĞLA,48,33.778,21.627998,0.0,13.1041975,0.0,34.20607,934.8852,25.0,Clear sky
2020-08-28 21:00:00+00:00,MUĞLA,48,34.628,21.678,0.0,13.584932,1.0,32.796326,936.8033,24.57,Mainly clear
2020-08-29 21:00:00+00:00,MUĞLA,48,36.128,24.078,0.0,15.696165,0.0,29.83181,937.544,23.82,Clear sky
2020-08-30 21:00:00+00:00,MUĞLA,48,36.778,24.627998,0.0,14.336861,2.0,34.968884,935.08514,22.8,Partly cloudy
2020-08-31 21:00:00+00:00,MUĞLA,48,33.478,22.328,0.0,13.1041975,0.0,35.85743,932.7009,23.89,Clear sky
2020-09-01 21:00:00+00:00,MUĞLA,48,33.528,20.877998,0.0,12.768586,0.0,31.788916,936.9617,24.49,Clear sky
2020-09-02 21:00:00+00:00,MUĞLA,48,35.328,21.828,0.0,11.928989,0.0,31.741388,940.9213,24.24,Clear sky
2020-09-03 21:00:00+00:00,MUĞLA,48,34.228,22.928,0.0,22.59699,0.0,31.185715,939.17303,23.72,Clear sky
2020-09-04 21:00:00+00:00,MUĞLA,48,32.128,21.678,0.0,18.782204,0.0,38.699627,935.25366,23.75,Clear sky
2020-09-05 21:00:00+00:00,MUĞLA,48,31.727999,19.828,0.0,14.081477,0.0,37.091118,935.2839,23.6,Clear sky
2020-09-06 21:00:00+00:00,MUĞLA,48,31.727999,20.078,0.0,13.53236,0.0,37.764492,938.054,23.21,Clear sky
2020-09-07 21:00:00+00:00,MUĞLA,48,35.228,22.778,0.0,13.276144,0.0,34.358532,939.6453,23.32,Clear sky
2020-09-08 21:00:00+00:00,MUĞLA,48,35.177998,23.178,0.0,12.599999,2.0,30.525099,938.4312,20.96,Partly cloudy
2020-09-09 21:00:00+00:00,MUĞLA,48,33.528,22.678,0.0,16.199999,0.0,28.861204,935.68964,23.18,Clear sky
2020-09-10 21:00:00+00:00,MUĞLA,48,33.778,20.678,0.0,13.1041975,1.0,30.82118,933.6922,21.76,Mainly clear
2020-09-11 21:00:00+00:00,MUĞLA,48,29.278,21.278,0.0,12.783802,1.0,48.48923,937.2684,20.91,Mainly clear
2020-09-12 21:00:00+00:00,MUĞLA,48,28.627998,20.278,0.2,11.592894,51.0,59.019665,940.363,18.82,Drizzle: Light
2020-09-13 21:00:00+00:00,MUĞLA,48,31.828,20.278,0.0,13.202726,1.0,47.551746,940.84674,19.59,Mainly clear
2020-09-14 21:00:00+00:00,MUĞLA,48,33.028,20.778,0.0,13.830749,1.0,41.320984,940.40796,20.43,Mainly clear
2020-09-15 21:00:00+00:00,MUĞLA,48,33.728,21.477999,0.0,14.512064,2.0,39.408382,939.0124,20.68,Partly cloudy
2020-09-16 21:00:00+00:00,MUĞLA,48,32.278,20.428,0.0,13.049689,1.0,39.301514,939.41113,21.02,Mainly clear
2020-09-17 21:00:00+00:00,MUĞLA,48,29.477999,20.528,0.0,12.7279215,0.0,43.148304,940.5079,21.57,Clear sky
2020-09-18 21:00:00+00:00,MUĞLA,48,28.727999,19.278,0.1,14.587776,51.0,49.113644,938.28467,18.12,Drizzle: Light
2020-09-19 21:00:00+00:00,MUĞLA,48,26.528,19.477999,0.0,9.659814,3.0,52.970963,936.57104,14.69,Overcast
2020-09-20 21:00:00+00:00,MUĞLA,48,28.377998,17.678,0.0,10.739833,1.0,50.144108,937.51434,18.99,Mainly clear
2020-09-21 21:00:00+00:00,MUĞLA,48,28.477999,17.877998,0.0,14.529915,1.0,49.31474,939.94745,20.02,Mainly clear
2020-09-22 21:00:00+00:00,MUĞLA,48,29.578,17.977999,0.0,16.516901,0.0,47.07781,939.7717,20.39,Clear sky
2020-09-23 21:00:00+00:00,MUĞLA,48,28.928,18.328,0.2,15.192682,51.0,44.665546,939.23004,18.59,Drizzle: Light
2020-09-24 21:00:00+00:00,MUĞLA,48,27.328,17.127998,0.0,13.896187,0.0,49.078064,936.6992,19.74,Clear sky
2020-09-25 21:00:00+00:00,MUĞLA,48,27.377998,16.928,0.0,17.377226,0.0,54.3356,935.85815,19.85,Clear sky
2020-09-26 21:00:00+00:00,MUĞLA,48,25.028,18.377998,4.5,13.217443,55.0,77.84702,940.333,17.92,Drizzle: Dense
2020-09-27 21:00:00+00:00,MUĞLA,48,29.928,17.977999,0.0,10.44,1.0,50.19629,944.4832,19.39,Mainly clear
2020-09-28 21:00:00+00:00,MUĞLA,48,28.477999,17.578,0.0,15.379206,2.0,53.903904,941.6054,17.65,Partly cloudy
2020-09-29 21:00:00+00:00,MUĞLA,48,24.528,15.628,0.0,20.150354,1.0,50.728313,935.3167,18.15,Mainly clear
2020-09-30 21:00:00+00:00,MUĞLA,48,22.778,13.228,0.0,18.0036,1.0,46.09854,934.5518,19.57,Mainly clear
2020-10-01 21:00:00+00:00,MUĞLA,48,24.127998,12.078,0.0,13.084402,0.0,51.4967,939.0144,19.45,Clear sky
2020-10-02 21:00:00+00:00,MUĞLA,48,26.977999,13.928,0.0,12.303366,1.0,39.06386,941.6633,19.27,Mainly clear
2020-10-03 21:00:00+00:00,MUĞLA,48,30.528,16.078,0.0,12.496719,1.0,32.86587,942.60767,19.16,Mainly clear
2020-10-04 21:00:00+00:00,MUĞLA,48,32.578,19.627998,0.0,10.538843,1.0,31.761705,943.45685,18.28,Mainly clear
2020-10-05 21:00:00+00:00,MUĞLA,48,32.528,20.178,0.0,9.504273,1.0,35.417923,942.3603,17.65,Mainly clear
2020-10-06 21:00:00+00:00,MUĞLA,48,31.477999,19.977999,0.0,14.33234,3.0,34.289364,941.257,15.91,Overcast
2020-10-07 21:00:00+00:00,MUĞLA,48,26.477999,17.528,2.1999998,16.610792,61.0,52.934887,939.415,10.13,Rain: Slight
2020-10-08 21:00:00+00:00,MUĞLA,48,22.028,15.278,0.8000001,12.144331,51.0,73.2797,939.5726,13.87,Drizzle: Light
2020-10-09 21:00:00+00:00,MUĞLA,48,23.178,13.328,0.0,12.0694,0.0,57.384766,940.1839,17.66,Clear sky
2020-10-10 21:00:00+00:00,MUĞLA,48,22.928,13.678,0.0,10.041354,0.0,61.170826,940.008,17.59,Clear sky
2020-10-11 21:00:00+00:00,MUĞLA,48,21.877998,15.228,0.0,10.446206,3.0,66.76592,940.06354,15.14,Overcast
2020-10-12 21:00:00+00:00,MUĞLA,48,21.377998,15.078,2.8,18.448023,61.0,82.639465,939.44916,15.2,Rain: Slight
2020-10-13 21:00:00+00:00,MUĞLA,48,20.627998,14.828,12.2,10.182337,63.0,78.321266,942.11694,13.4,Rain: Moderate
2020-10-14 21:00:00+00:00,MUĞLA,48,22.028,12.578,0.0,11.525623,0.0,67.29954,942.8345,17.06,Clear sky
2020-10-15 21:00:00+00:00,MUĞLA,48,25.578,11.978,0.0,10.661107,3.0,52.197727,941.1962,16.96,Overcast
2020-10-16 21:00:00+00:00,MUĞLA,48,24.578,15.628,0.0,11.792404,3.0,45.537823,940.89606,16.19,Overcast
2020-10-17 21:00:00+00:00,MUĞLA,48,23.028,15.778,7.0,13.397612,63.0,69.39948,940.7397,13.52,Rain: Moderate
2020-10-18 21:00:00+00:00,MUĞLA,48,20.477999,13.728,16.9,10.853866,63.0,81.30822,942.29224,10.48,Rain: Moderate
2020-10-19 21:00:00+00:00,MUĞLA,48,20.578,9.928,0.0,9.0,3.0,67.78005,942.1521,14.3,Overcast
2020-10-20 21:00:00+00:00,MUĞLA,48,19.078,11.928,3.3,12.496718,55.0,75.65465,941.7275,8.36,Drizzle: Dense
2020-10-21 21:00:00+00:00,MUĞLA,48,19.778,11.578,0.1,12.261157,51.0,72.701485,943.8577,13.81,Drizzle: Light
2020-10-22 21:00:00+00:00,MUĞLA,48,23.227999,10.378,0.0,8.647496,1.0,60.364304,942.5866,14.8,Mainly clear
2020-10-23 21:00:00+00:00,MUĞLA,48,24.778,13.878,0.0,12.015589,0.0,51.918957,940.4726,15.41,Clear sky
2020-10-24 21:00:00+00:00,MUĞLA,48,26.028,13.928,0.0,10.853866,3.0,46.71501,939.1921,15.2,Overcast
2020-10-25 21:00:00+00:00,MUĞLA,48,22.227999,14.628,0.0,10.446206,3.0,59.852924,939.20605,14.39,Overcast
2020-10-26 21:00:00+00:00,MUĞLA,48,20.828,12.978,0.0,9.007196,2.0,71.19216,938.46387,14.82,Partly cloudy
2020-10-27 21:00:00+00:00,MUĞLA,48,19.078,10.328,4.4,18.792551,63.0,71.631004,939.1765,13.15,Rain: Moderate
2020-10-28 21:00:00+00:00,MUĞLA,48,16.578,13.128,68.6,16.279802,65.0,94.20414,939.4458,7.48,Rain: Heavy
2020-10-29 21:00:00+00:00,MUĞLA,48,16.178,12.578,20.699999,9.3876505,63.0,92.301384,940.35004,8.21,Rain: Moderate
2020-10-30 21:00:00+00:00,MUĞLA,48,19.127998,10.278,0.0,12.979984,2.0,67.726295,939.45044,14.14,Partly cloudy
2020-10-31 21:00:00+00:00,MUĞLA,48,20.078,9.178,0.0,13.138765,2.0,52.76033,939.0201,14.16,Partly cloudy
2020-11-01 21:00:00+00:00,MUĞLA,48,19.727999,7.6280003,0.0,11.570515,0.0,50.656418,940.6326,14.55,Clear sky
2020-11-02 21:00:00+00:00,MUĞLA,48,18.278,7.828,0.0,13.358861,3.0,46.254303,940.2929,12.4,Overcast
2020-11-03 21:00:00+00:00,MUĞLA,48,16.278,9.678,0.0,17.698677,3.0,55.48532,938.06525,13.67,Overcast
2020-11-04 21:00:00+00:00,MUĞLA,48,17.578,9.428,0.0,24.648829,3.0,57.86934,938.1248,13.22,Overcast
2020-11-05 21:00:00+00:00,MUĞLA,48,20.678,12.878,0.0,20.00512,3.0,56.823456,939.2303,12.26,Overcast
2020-11-06 21:00:00+00:00,MUĞLA,48,20.278,12.128,0.0,14.007655,3.0,53.16155,942.00494,13.41,Overcast
2020-11-07 21:00:00+00:00,MUĞLA,48,18.778,9.328,0.0,10.24578,0.0,50.494503,942.2,13.45,Clear sky
2020-11-08 21:00:00+00:00,MUĞLA,48,19.778,9.928,0.0,9.028754,0.0,54.219303,941.7087,12.91,Clear sky
2020-11-09 21:00:00+00:00,MUĞLA,48,20.977999,9.928,0.0,9.220499,1.0,58.764965,940.9179,12.35,Mainly clear
2020-11-10 21:00:00+00:00,MUĞLA,48,19.877998,9.478,0.0,12.496718,3.0,59.53044,941.5991,12.72,Overcast
2020-11-11 21:00:00+00:00,MUĞLA,48,18.828,10.878,0.0,9.387651,0.0,55.73377,944.5766,12.65,Clear sky
2020-11-12 21:00:00+00:00,MUĞLA,48,16.977999,9.728,0.0,12.224107,2.0,68.418434,945.1762,11.98,Partly cloudy
2020-11-13 21:00:00+00:00,MUĞLA,48,15.928,8.328,0.0,17.388409,2.0,67.59582,942.143,12.53,Partly cloudy
2020-11-14 21:00:00+00:00,MUĞLA,48,17.428,8.328,0.0,19.770523,0.0,61.594074,940.4372,12.48,Clear sky
2020-11-15 21:00:00+00:00,MUĞLA,48,16.328,7.428,0.0,9.3669195,3.0,60.277172,941.1099,12.18,Overcast
2020-11-16 21:00:00+00:00,MUĞLA,48,16.178,7.1280003,0.0,8.891344,0.0,68.30845,944.2239,12.23,Clear sky
2020-11-17 21:00:00+00:00,MUĞLA,48,17.828,7.028,0.0,8.350138,3.0,57.97291,943.17413,11.82,Overcast
2020-11-18 21:00:00+00:00,MUĞLA,48,12.328,8.428,9.500002,14.118243,61.0,74.146416,936.3115,7.08,Rain: Slight
2020-11-19 21:00:00+00:00,MUĞLA,48,13.178,6.8780003,0.1,10.739832,51.0,74.892914,931.23706,9.24,Drizzle: Light
2020-11-20 21:00:00+00:00,MUĞLA,48,15.978,5.528,0.0,9.746631,0.0,66.243546,937.84515,11.91,Clear sky
2020-11-21 21:00:00+00:00,MUĞLA,48,17.028,7.178,0.0,9.3876505,2.0,62.691624,944.5257,11.44,Partly cloudy
2020-11-22 21:00:00+00:00,MUĞLA,48,16.877998,5.928,0.0,8.669949,3.0,60.92865,944.498,11.74,Overcast
2020-11-23 21:00:00+00:00,MUĞLA,48,16.428,6.678,0.0,7.8954163,2.0,62.436474,940.46924,10.41,Partly cloudy
2020-11-24 21:00:00+00:00,MUĞLA,48,16.078,6.478,0.0,12.10157,2.0,49.88831,935.7653,11.42,Partly cloudy
2020-11-25 21:00:00+00:00,MUĞLA,48,16.428,5.578,0.0,12.904882,0.0,40.22454,937.44525,11.84,Clear sky
2020-11-26 21:00:00+00:00,MUĞLA,48,15.728,4.3780003,0.0,8.089993,2.0,46.839825,941.02045,11.07,Partly cloudy
2020-11-27 21:00:00+00:00,MUĞLA,48,16.227999,6.078,0.0,8.891343,0.0,52.36262,942.4758,11.47,Clear sky
2020-11-28 21:00:00+00:00,MUĞLA,48,15.028,6.828,0.3,8.854829,51.0,58.160694,941.88306,10.21,Drizzle: Light
2020-11-29 21:00:00+00:00,MUĞLA,48,11.978,7.278,7.799999,11.269782,61.0,90.71112,938.48505,4.48,Rain: Slight
2020-11-30 21:00:00+00:00,MUĞLA,48,14.078,6.8780003,0.5,7.342588,51.0,78.15591,937.3408,9.43,Drizzle: Light
2020-12-01 21:00:00+00:00,MUĞLA,48,12.478,7.428,0.70000005,8.891344,51.0,82.17914,940.4743,8.05,Drizzle: Light
2020-12-02 21:00:00+00:00,MUĞLA,48,14.278,6.278,0.4,8.78872,51.0,79.02968,941.3586,9.42,Drizzle: Light
2020-12-03 21:00:00+00:00,MUĞLA,48,12.878,8.328,14.599999,16.418526,63.0,88.54908,939.3733,7.47,Rain: Moderate
2020-12-04 21:00:00+00:00,MUĞLA,48,14.328,8.428,1.4000001,6.849467,51.0,86.270226,939.7121,8.35,Drizzle: Light
2020-12-05 21:00:00+00:00,MUĞLA,48,15.678,6.428,0.0,7.9526596,0.0,71.52892,939.3179,10.49,Clear sky
2020-12-06 21:00:00+00:00,MUĞLA,48,13.428,7.978,18.099998,16.80857,63.0,85.00117,937.3559,5.07,Rain: Moderate
2020-12-07 21:00:00+00:00,MUĞLA,48,11.378,6.6280003,2.1999998,6.130579,55.0,87.889824,938.77655,6.3,Drizzle: Dense
2020-12-08 21:00:00+00:00,MUĞLA,48,12.978,6.278,0.7,12.7279215,51.0,84.266785,942.48315,8.5,Drizzle: Light
2020-12-09 21:00:00+00:00,MUĞLA,48,12.028,9.128,38.2,24.86868,63.0,94.01307,940.54364,6.1,Rain: Moderate
2020-12-10 21:00:00+00:00,MUĞLA,48,11.728,7.328,20.3,18.057508,63.0,89.14016,936.29877,7.54,Rain: Moderate
2020-12-11 21:00:00+00:00,MUĞLA,48,10.478,7.528,62.899998,23.263912,63.0,96.3908,932.1839,2.61,Rain: Moderate
2020-12-12 21:00:00+00:00,MUĞLA,48,11.778,9.178,84.99999,24.162947,65.0,96.44175,929.9537,1.85,Rain: Heavy
2020-12-13 21:00:00+00:00,MUĞLA,48,11.428,7.578,33.999996,25.630886,65.0,91.29523,925.8704,4.54,Rain: Heavy
2020-12-14 21:00:00+00:00,MUĞLA,48,15.278,5.978,0.0,11.304229,3.0,75.04485,931.50836,9.59,Overcast
2020-12-15 21:00:00+00:00,MUĞLA,48,15.828,7.728,0.0,12.758432,0.0,67.486,939.13824,10.2,Clear sky
2020-12-16 21:00:00+00:00,MUĞLA,48,15.428,6.178,0.0,7.9526596,3.0,70.61228,943.0063,10.34,Overcast
2020-12-17 21:00:00+00:00,MUĞLA,48,14.728,4.578,0.0,9.422101,0.0,65.00321,943.7092,10.46,Clear sky
2020-12-18 21:00:00+00:00,MUĞLA,48,13.578,4.3780003,0.0,8.64,3.0,63.030697,944.6993,9.78,Overcast
2020-12-19 21:00:00+00:00,MUĞLA,48,12.728,4.678,0.0,7.10031,3.0,64.737236,945.31665,10.09,Overcast
2020-12-20 21:00:00+00:00,MUĞLA,48,11.728,7.228,0.2,7.145796,51.0,86.09403,944.6088,4.28,Drizzle: Light
2020-12-21 21:00:00+00:00,MUĞLA,48,12.928,4.578,0.0,12.24,1.0,76.63535,942.4192,10.05,Mainly clear
2020-12-22 21:00:00+00:00,MUĞLA,48,12.178,3.078,0.0,18.947083,2.0,56.949753,941.54565,10.48,Partly cloudy
2020-12-23 21:00:00+00:00,MUĞLA,48,13.728,4.828,0.0,17.462784,0.0,59.619473,942.3025,10.26,Clear sky
2020-12-24 21:00:00+00:00,MUĞLA,48,10.928,4.978,2.4000003,15.315873,51.0,90.41314,943.74414,6.47,Drizzle: Light
2020-12-25 21:00:00+00:00,MUĞLA,48,9.978,8.428,12.700001,11.113451,61.0,96.224396,944.4358,1.59,Rain: Slight
2020-12-26 21:00:00+00:00,MUĞLA,48,12.828,8.728,10.200003,18.899143,61.0,89.125885,943.2409,6.35,Rain: Slight
2020-12-27 21:00:00+00:00,MUĞLA,48,10.478,6.6280003,23.8,18.25026,63.0,86.85293,940.1931,3.75,Rain: Moderate
2020-12-28 21:00:00+00:00,MUĞLA,48,10.828,4.928,2.2,11.923557,53.0,89.20267,942.61694,4.99,Drizzle: Moderate
2020-12-29 21:00:00+00:00,MUĞLA,48,12.178,9.228,4.6999993,10.383987,53.0,93.55182,943.4834,6.74,Drizzle: Moderate
2020-12-30 21:00:00+00:00,MUĞLA,48,11.428,8.678,8.7,11.019764,63.0,93.5828,941.41974,6.81,Rain: Moderate
2020-12-31 21:00:00+00:00,MUĞLA,48,10.978,8.178,14.6,11.298495,61.0,93.86047,941.8218,5.15,Rain: Slight
2021-01-01 21:00:00+00:00,MUĞLA,48,14.178,7.078,0.0,8.654986,3.0,76.320305,944.0628,10.14,Overcast
2021-01-02 21:00:00+00:00,MUĞLA,48,13.278,6.3780003,0.0,7.928177,3.0,70.11195,944.17487,5.34,Overcast
2021-01-03 21:00:00+00:00,MUĞLA,48,13.478,6.278,1.5999999,18.86139,53.0,69.506065,941.2723,8.76,Drizzle: Moderate
2021-01-04 21:00:00+00:00,MUĞLA,48,12.628,6.6280003,30.300001,18.39878,63.0,87.19727,940.1848,7.73,Rain: Moderate
2021-01-05 21:00:00+00:00,MUĞLA,48,12.628,5.028,0.0,7.9932966,3.0,68.19076,944.50824,8.63,Overcast
2021-01-06 21:00:00+00:00,MUĞLA,48,11.828,9.428,7.6000004,10.365251,53.0,91.07804,944.20087,3.9,Drizzle: Moderate
2021-01-07 21:00:00+00:00,MUĞLA,48,12.028,10.228,13.4,10.990322,55.0,95.56962,942.72095,4.72,Drizzle: Dense
2021-01-08 21:00:00+00:00,MUĞLA,48,11.678,10.378,16.1,13.044722,61.0,98.57279,942.01544,2.84,Rain: Slight
2021-01-09 21:00:00+00:00,MUĞLA,48,14.428,10.928,1.4000001,12.229406,53.0,92.387886,944.6821,6.49,Drizzle: Moderate
2021-01-10 21:00:00+00:00,MUĞLA,48,14.978,11.278,0.3,15.9134655,51.0,93.0943,945.99023,7.81,Drizzle: Light
2021-01-11 21:00:00+00:00,MUĞLA,48,15.828,10.478,3.5,26.407907,61.0,77.95945,940.4001,9.44,Rain: Slight
2021-01-12 21:00:00+00:00,MUĞLA,48,12.028,6.3780003,46.999996,29.487053,65.0,80.02868,929.3807,8.93,Rain: Heavy
2021-01-13 21:00:00+00:00,MUĞLA,48,8.628,2.928,0.0,14.654254,3.0,74.11553,929.49854,9.19,Overcast
2021-01-14 21:00:00+00:00,MUĞLA,48,8.728,1.3779999,4.5,10.464798,61.0,79.3933,932.63385,4.95,Rain: Slight
2021-01-15 21:00:00+00:00,MUĞLA,48,9.528,1.928,10.700001,15.192682,63.0,76.32984,928.5372,8.17,Rain: Moderate
2021-01-16 21:00:00+00:00,MUĞLA,48,6.228,-0.422,0.1,15.496736,51.0,73.140236,929.5132,10.27,Drizzle: Light
2021-01-17 21:00:00+00:00,MUĞLA,48,3.178,-2.172,0.4,11.542478,71.0,61.691547,935.36237,4.67,Snow fall: Slight
2021-01-18 21:00:00+00:00,MUĞLA,48,5.828,-2.922,0.0,19.64558,3.0,47.421753,937.4453,12.5,Overcast
2021-01-19 21:00:00+00:00,MUĞLA,48,6.228,-2.322,0.0,17.298738,0.0,38.97016,944.74176,12.42,Clear sky
2021-01-20 21:00:00+00:00,MUĞLA,48,8.228,-0.922,0.0,9.779817,3.0,49.608326,949.28687,10.95,Overcast
2021-01-21 21:00:00+00:00,MUĞLA,48,8.628,2.828,1.8000001,9.83268,51.0,78.11827,949.03094,6.96,Drizzle: Light
2021-01-22 21:00:00+00:00,MUĞLA,48,7.228,5.978,21.400002,16.1198,61.0,95.40339,944.2222,3.48,Rain: Slight
2021-01-23 21:00:00+00:00,MUĞLA,48,9.378,6.678,53.499996,19.211996,63.0,95.38404,940.16327,5.37,Rain: Moderate
2021-01-24 21:00:00+00:00,MUĞLA,48,9.828,7.728,45.699993,26.836306,63.0,95.70715,938.4832,3.32,Rain: Moderate
2021-01-25 21:00:00+00:00,MUĞLA,48,10.678,8.628,17.900002,28.66468,61.0,96.81008,937.42206,3.03,Rain: Slight
2021-01-26 21:00:00+00:00,MUĞLA,48,9.328,0.67800003,76.59999,33.231335,75.0,92.012856,927.2634,3.93,Snow fall: Heavy
2021-01-27 21:00:00+00:00,MUĞLA,48,4.078,-2.0219998,3.0,11.212135,73.0,83.8268,932.6469,10.93,Snow fall: Moderate
2021-01-28 21:00:00+00:00,MUĞLA,48,6.728,-2.172,0.0,16.08761,3.0,65.18596,936.2806,10.98,Overcast
2021-01-29 21:00:00+00:00,MUĞLA,48,8.878,2.2280002,36.399998,14.693999,63.0,89.34197,930.7542,2.77,Rain: Moderate
2021-01-30 21:00:00+00:00,MUĞLA,48,12.178,2.128,0.0,11.384199,3.0,80.066574,934.56586,13.01,Overcast
2021-01-31 21:00:00+00:00,MUĞLA,48,13.178,7.3780003,1.8,26.339111,55.0,76.28903,938.229,8.46,Drizzle: Dense
2021-02-01 21:00:00+00:00,MUĞLA,48,14.528,9.028,20.1,23.34455,63.0,76.460495,938.8584,8.88,Rain: Moderate
2021-02-02 21:00:00+00:00,MUĞLA,48,15.678,7.1280003,0.0,9.826088,3.0,70.5609,939.0683,11.27,Overcast
2021-02-03 21:00:00+00:00,MUĞLA,48,16.828,6.328,0.0,13.979871,0.0,63.229824,939.478,13.73,Clear sky
2021-02-04 21:00:00+00:00,MUĞLA,48,19.278,7.528,0.0,14.145756,2.0,59.979366,940.9853,13.84,Partly cloudy
2021-02-05 21:00:00+00:00,MUĞLA,48,16.028,8.878,0.0,8.089993,2.0,59.029922,942.41,14.01,Partly cloudy
2021-02-06 21:00:00+00:00,MUĞLA,48,14.378,6.528,0.0,11.480557,3.0,71.96355,942.6695,13.62,Overcast
2021-02-07 21:00:00+00:00,MUĞLA,48,11.778,8.978,22.2,28.357855,65.0,93.160576,941.0625,6.6,Rain: Heavy
2021-02-08 21:00:00+00:00,MUĞLA,48,14.378,9.278,22.700003,14.904173,63.0,90.2295,941.46295,11.65,Rain: Moderate
2021-02-09 21:00:00+00:00,MUĞLA,48,13.328,7.478,4.5999994,11.440979,53.0,89.05956,941.5337,9.73,Drizzle: Moderate
2021-02-10 21:00:00+00:00,MUĞLA,48,13.128,5.328,4.0,20.771093,61.0,83.749054,940.2163,13.2,Rain: Slight
2021-02-11 21:00:00+00:00,MUĞLA,48,12.728,6.1280003,11.0,19.011953,63.0,73.672935,938.1372,12.25,Rain: Moderate
2021-02-12 21:00:00+00:00,MUĞLA,48,13.578,4.1280003,0.0,10.041354,2.0,57.60025,940.3527,14.25,Partly cloudy
2021-02-13 21:00:00+00:00,MUĞLA,48,10.528,4.578,11.099999,15.175612,63.0,89.649414,937.8572,6.89,Rain: Moderate
2021-02-14 21:00:00+00:00,MUĞLA,48,9.178,1.7279999,7.8999996,16.23596,61.0,73.36657,933.8785,10.9,Rain: Slight
2021-02-15 21:00:00+00:00,MUĞLA,48,1.778,-1.922,0.6,31.205997,71.0,53.938587,929.373,10.34,Snow fall: Slight
2021-02-16 21:00:00+00:00,MUĞLA,48,2.678,-3.822,0.0,34.92,3.0,46.45764,932.896,16.58,Overcast
2021-02-17 21:00:00+00:00,MUĞLA,48,7.928,-1.3720001,0.0,17.313717,3.0,46.07562,938.6153,12.41,Overcast
2021-02-18 21:00:00+00:00,MUĞLA,48,9.778,1.1279999,0.0,14.759999,0.0,55.111538,944.2236,16.34,Clear sky
2021-02-19 21:00:00+00:00,MUĞLA,48,10.878,0.078,0.0,9.114471,3.0,54.381134,945.305,15.58,Overcast
2021-02-20 21:00:00+00:00,MUĞLA,48,10.778,3.628,0.5,9.885262,51.0,71.53148,945.6977,9.6,Drizzle: Light
2021-02-21 21:00:00+00:00,MUĞLA,48,13.978,0.328,0.0,8.669949,1.0,51.404816,947.00055,17.06,Mainly clear
2021-02-22 21:00:00+00:00,MUĞLA,48,16.078,1.328,0.0,10.8955765,1.0,48.19716,947.06903,16.96,Mainly clear
2021-02-23 21:00:00+00:00,MUĞLA,48,19.877998,8.228,0.0,13.722565,0.0,43.023026,945.9409,16.97,Clear sky
2021-02-24 21:00:00+00:00,MUĞLA,48,17.928,6.328,0.0,12.599999,3.0,46.88441,944.16534,17.39,Overcast
2021-02-25 21:00:00+00:00,MUĞLA,48,15.778,2.778,0.0,9.0,0.0,62.6266,944.29584,17.45,Clear sky
2021-02-26 21:00:00+00:00,MUĞLA,48,16.477999,5.3780003,0.0,8.287822,0.0,57.801685,940.06915,17.81,Clear sky
2021-02-27 21:00:00+00:00,MUĞLA,48,17.328,5.228,0.0,15.629972,0.0,57.249943,939.45264,17.77,Clear sky
2021-02-28 21:00:00+00:00,MUĞLA,48,14.078,3.528,0.0,16.215992,0.0,41.885662,940.32416,18.53,Clear sky
2021-03-01 21:00:00+00:00,MUĞLA,48,10.578,2.578,0.1,16.343367,51.0,48.861988,941.6114,18.46,Drizzle: Light
2021-03-02 21:00:00+00:00,MUĞLA,48,13.378,2.828,0.2,20.833395,71.0,51.206512,940.91327,17.42,Snow fall: Slight
2021-03-03 21:00:00+00:00,MUĞLA,48,17.328,3.028,0.0,12.682018,0.0,44.959522,941.15485,19.07,Clear sky
2021-03-04 21:00:00+00:00,MUĞLA,48,14.828,4.8780003,0.0,9.726665,3.0,51.803513,942.5398,18.98,Overcast
2021-03-05 21:00:00+00:00,MUĞLA,48,11.528,6.228,0.3,14.561099,51.0,80.662445,944.76,10.29,Drizzle: Light
2021-03-06 21:00:00+00:00,MUĞLA,48,13.928,5.578,0.0,15.778518,2.0,68.9307,941.6246,16.48,Partly cloudy
2021-03-07 21:00:00+00:00,MUĞLA,48,13.878,2.928,0.0,14.982228,3.0,53.499577,937.8491,19.63,Overcast
2021-03-08 21:00:00+00:00,MUĞLA,48,13.678,5.3780003,0.1,12.10157,51.0,54.62224,937.1614,9.95,Drizzle: Light
2021-03-09 21:00:00+00:00,MUĞLA,48,15.528,7.678,0.0,11.792404,3.0,64.92963,934.1321,14.42,Overcast
2021-03-10 21:00:00+00:00,MUĞLA,48,11.928,5.078,20.200003,26.758923,63.0,81.37382,931.2453,11.64,Rain: Moderate
2021-03-11 21:00:00+00:00,MUĞLA,48,14.878,1.428,0.0,25.60053,1.0,47.136047,937.19196,20.39,Mainly clear
2021-03-12 21:00:00+00:00,MUĞLA,48,14.178,3.828,0.0,12.429127,3.0,57.033726,939.12616,19.73,Overcast
2021-03-13 21:00:00+00:00,MUĞLA,48,10.928,6.078,1.1,13.527572,53.0,77.686745,938.53125,8.28,Drizzle: Moderate
2021-03-14 21:00:00+00:00,MUĞLA,48,12.178,7.328,31.7,19.319628,63.0,92.51016,931.9212,12.25,Rain: Moderate
2021-03-15 21:00:00+00:00,MUĞLA,48,10.228,5.078,32.600002,20.68356,73.0,81.79523,929.7705,12.36,Snow fall: Moderate
2021-03-16 21:00:00+00:00,MUĞLA,48,9.828,4.228,11.200001,15.158522,63.0,74.53879,929.96924,17.37,Rain: Moderate
2021-03-17 21:00:00+00:00,MUĞLA,48,10.828,1.7279999,1.1,12.599999,51.0,72.596375,935.0982,17.95,Drizzle: Light
2021-03-18 21:00:00+00:00,MUĞLA,48,10.328,1.328,0.70000005,16.62249,51.0,74.59779,938.37115,12.81,Drizzle: Light
2021-03-19 21:00:00+00:00,MUĞLA,48,13.278,7.228,9.9,14.113653,61.0,92.313194,938.49945,11.35,Rain: Slight
2021-03-20 21:00:00+00:00,MUĞLA,48,15.928,6.928,0.0,15.646544,3.0,72.01638,934.06476,21.13,Overcast
2021-03-21 21:00:00+00:00,MUĞLA,48,16.278,9.578,1.6,20.721119,53.0,67.577896,928.18207,17.87,Drizzle: Moderate
2021-03-22 21:00:00+00:00,MUĞLA,48,12.878,6.228,33.600002,11.753877,63.0,84.3194,924.34106,10.05,Rain: Moderate
2021-03-23 21:00:00+00:00,MUĞLA,48,6.328,0.22800002,0.1,24.633049,51.0,64.143295,927.00604,20.31,Drizzle: Light
2021-03-24 21:00:00+00:00,MUĞLA,48,5.6280003,-1.472,0.3,18.472595,71.0,58.157284,934.51434,19.26,Snow fall: Slight
2021-03-25 21:00:00+00:00,MUĞLA,48,8.378,-0.922,0.0,19.513195,1.0,53.29185,941.961,22.65,Mainly clear
2021-03-26 21:00:00+00:00,MUĞLA,48,13.278,1.2279999,0.0,12.181625,3.0,54.229614,946.4158,21.87,Overcast
2021-03-27 21:00:00+00:00,MUĞLA,48,14.428,2.278,0.0,12.783802,3.0,57.939053,948.47015,22.58,Overcast
2021-03-28 21:00:00+00:00,MUĞLA,48,16.678,4.8780003,0.0,12.849528,1.0,54.70468,946.4351,22.65,Mainly clear
2021-03-29 21:00:00+00:00,MUĞLA,48,13.678,5.328,0.0,16.279802,3.0,55.18128,939.99506,21.17,Overcast
2021-03-30 21:00:00+00:00,MUĞLA,48,9.478,3.128,0.70000005,13.779114,51.0,74.54797,934.5305,17.57,Drizzle: Light
2021-03-31 21:00:00+00:00,MUĞLA,48,10.128,3.528,3.3,12.144331,55.0,83.045555,934.8467,17.74,Drizzle: Dense
2021-04-01 21:00:00+00:00,MUĞLA,48,13.828,3.778,0.0,10.587917,2.0,69.693565,937.64496,21.25,Partly cloudy
2021-04-02 21:00:00+00:00,MUĞLA,48,12.978,5.228,2.1000001,11.901798,53.0,79.82105,940.7224,15.26,Drizzle: Moderate
2021-04-03 21:00:00+00:00,MUĞLA,48,13.528,8.178,1.6000001,20.140705,53.0,81.07577,942.008,13.68,Drizzle: Moderate
2021-04-04 21:00:00+00:00,MUĞLA,48,15.378,9.828,0.0,23.686249,3.0,68.72271,940.2913,16.27,Overcast
2021-04-05 21:00:00+00:00,MUĞLA,48,16.727999,9.528,0.6,22.065973,51.0,57.533237,936.0447,18.6,Drizzle: Light
2021-04-06 21:00:00+00:00,MUĞLA,48,15.178,7.828,2.5,12.287555,53.0,79.58926,935.8597,22.14,Drizzle: Moderate
2021-04-07 21:00:00+00:00,MUĞLA,48,14.128,7.428,4.5,12.10157,53.0,83.106186,937.3591,14.82,Drizzle: Moderate
2021-04-08 21:00:00+00:00,MUĞLA,48,10.478,3.528,0.0,24.098497,2.0,59.034027,938.4982,24.53,Partly cloudy
2021-04-09 21:00:00+00:00,MUĞLA,48,9.378,0.67800003,0.0,26.400545,0.0,41.51644,939.90356,25.56,Clear sky
2021-04-10 21:00:00+00:00,MUĞLA,48,13.078,1.3779999,0.0,18.359999,0.0,43.871258,940.5938,25.42,Clear sky
2021-04-11 21:00:00+00:00,MUĞLA,48,16.028,3.178,0.0,12.864649,0.0,55.02524,941.919,24.82,Clear sky
2021-04-12 21:00:00+00:00,MUĞLA,48,15.978,6.3780003,0.0,13.202726,2.0,69.93268,942.3183,24.04,Partly cloudy
2021-04-13 21:00:00+00:00,MUĞLA,48,14.378,8.428,0.0,17.418196,3.0,80.87115,942.04926,22.26,Overcast
2021-04-14 21:00:00+00:00,MUĞLA,48,16.377998,7.478,0.0,14.458382,3.0,68.54984,940.61957,23.45,Overcast
2021-04-15 21:00:00+00:00,MUĞLA,48,17.627998,7.728,0.0,13.009903,3.0,60.877716,939.7087,23.37,Overcast
2021-04-16 21:00:00+00:00,MUĞLA,48,21.178,11.728,1.1,23.263912,53.0,44.11259,939.85565,20.52,Drizzle: Moderate
2021-04-17 21:00:00+00:00,MUĞLA,48,23.328,15.428,0.3,12.9249525,51.0,39.29317,940.7722,17.1,Drizzle: Light
2021-04-18 21:00:00+00:00,MUĞLA,48,20.078,12.328,0.7,17.10284,51.0,58.391403,937.7164,12.23,Drizzle: Light
2021-04-19 21:00:00+00:00,MUĞLA,48,16.977999,7.478,0.0,13.202726,1.0,51.611008,936.4924,26.07,Mainly clear
2021-04-20 21:00:00+00:00,MUĞLA,48,18.028,6.678,0.0,15.646544,2.0,53.84427,939.8691,26.18,Partly cloudy
2021-04-21 21:00:00+00:00,MUĞLA,48,20.678,7.728,0.0,14.973576,3.0,47.626034,942.82513,26.77,Overcast
2021-04-22 21:00:00+00:00,MUĞLA,48,22.627998,9.728,0.0,11.609651,3.0,45.71356,942.80225,25.63,Overcast
2021-04-23 21:00:00+00:00,MUĞLA,48,24.227999,10.878,0.1,16.78156,51.0,52.38768,938.71265,18.48,Drizzle: Light
2021-04-24 21:00:00+00:00,MUĞLA,48,20.778,13.578,1.3000001,13.358861,53.0,63.819077,933.11646,18.97,Drizzle: Moderate
2021-04-25 21:00:00+00:00,MUĞLA,48,21.278,11.578,0.0,16.279802,1.0,58.13364,933.5777,26.67,Mainly clear
2021-04-26 21:00:00+00:00,MUĞLA,48,23.078,9.178,0.0,11.720751,3.0,53.486095,937.5068,26.41,Overcast
2021-04-27 21:00:00+00:00,MUĞLA,48,23.727999,11.828,0.0,13.392774,3.0,42.387142,940.613,20.95,Overcast
2021-04-28 21:00:00+00:00,MUĞLA,48,24.528,15.678,0.2,14.587776,51.0,34.153767,942.3779,18.54,Drizzle: Light
2021-04-29 21:00:00+00:00,MUĞLA,48,28.328,16.078,0.0,9.779817,3.0,38.979645,942.4146,26.63,Overcast
2021-04-30 21:00:00+00:00,MUĞLA,48,28.778,17.028,0.0,10.195057,3.0,38.337,942.1457,24.6,Overcast
2021-05-01 21:00:00+00:00,MUĞLA,48,30.877998,17.528,0.0,11.808878,3.0,33.961338,941.3567,26.15,Overcast
2021-05-02 21:00:00+00:00,MUĞLA,48,30.977999,18.578,0.0,11.525623,3.0,34.751534,939.8239,26.5,Overcast
2021-05-03 21:00:00+00:00,MUĞLA,48,28.578,17.477999,0.0,16.485485,3.0,39.96328,936.8433,23.16,Overcast
2021-05-04 21:00:00+00:00,MUĞLA,48,26.377998,14.828,0.0,17.429354,3.0,44.580364,936.02325,27.3,Overcast
2021-05-05 21:00:00+00:00,MUĞLA,48,24.778,15.778,0.0,16.394829,3.0,46.77713,937.15967,25.69,Overcast
2021-05-06 21:00:00+00:00,MUĞLA,48,26.227999,14.228,0.0,14.494192,3.0,50.56615,939.84326,27.81,Overcast
2021-05-07 21:00:00+00:00,MUĞLA,48,24.678,16.028,0.0,21.385939,3.0,45.59172,938.3545,19.61,Overcast
2021-05-08 21:00:00+00:00,MUĞLA,48,27.678,13.828,0.0,15.546833,0.0,38.58575,937.64777,28.3,Clear sky
2021-05-09 21:00:00+00:00,MUĞLA,48,28.127998,13.728,0.0,12.0694,0.0,30.568253,937.2753,28.78,Clear sky
2021-05-10 21:00:00+00:00,MUĞLA,48,26.328,13.028,0.0,11.620809,3.0,37.915997,935.2862,28.63,Overcast
2021-05-11 21:00:00+00:00,MUĞLA,48,24.477999,13.678,0.0,12.0694,3.0,43.647,934.38446,28.67,Overcast
2021-05-12 21:00:00+00:00,MUĞLA,48,22.178,12.228,0.0,16.595179,3.0,44.893345,936.3245,28.75,Overcast
2021-05-13 21:00:00+00:00,MUĞLA,48,21.977999,11.578,0.0,13.527572,3.0,54.28651,938.8244,28.65,Overcast
2021-05-14 21:00:00+00:00,MUĞLA,48,23.627998,11.628,0.0,11.252519,3.0,41.86989,937.3769,28.56,Overcast
2021-05-15 21:00:00+00:00,MUĞLA,48,21.977999,13.028,0.1,13.797913,51.0,49.89786,933.6065,27.49,Drizzle: Light
2021-05-16 21:00:00+00:00,MUĞLA,48,25.328,12.628,0.0,13.979871,3.0,46.352802,935.4697,28.52,Overcast
2021-05-17 21:00:00+00:00,MUĞLA,48,24.227999,15.478,0.0,14.007655,2.0,48.412563,937.6909,28.49,Partly cloudy
2021-05-18 21:00:00+00:00,MUĞLA,48,26.877998,12.628,0.0,12.864649,2.0,49.482113,938.6055,28.98,Partly cloudy
2021-05-19 21:00:00+00:00,MUĞLA,48,24.578,14.278,0.0,14.934577,0.0,53.50075,936.7121,28.99,Clear sky
2021-05-20 21:00:00+00:00,MUĞLA,48,20.727999,11.728,0.9,23.4,51.0,59.22066,935.2918,26.59,Drizzle: Light
2021-05-21 21:00:00+00:00,MUĞLA,48,23.278,10.478,0.0,18.25026,1.0,46.48856,938.7517,29.43,Mainly clear
2021-05-22 21:00:00+00:00,MUĞLA,48,29.078,14.478,0.0,15.84409,2.0,26.176802,939.6281,29.86,Partly cloudy
2021-05-23 21:00:00+00:00,MUĞLA,48,32.828,17.428,0.0,14.512064,0.0,21.249313,941.167,29.61,Clear sky
2021-05-24 21:00:00+00:00,MUĞLA,48,32.328,16.977999,0.0,15.349684,1.0,31.05025,940.3083,29.29,Mainly clear
2021-05-25 21:00:00+00:00,MUĞLA,48,31.227999,18.678,0.0,12.979984,1.0,35.585827,937.16406,28.55,Mainly clear
2021-05-26 21:00:00+00:00,MUĞLA,48,30.528,19.328,0.0,13.755579,1.0,44.78224,935.5508,28.88,Mainly clear
2021-05-27 21:00:00+00:00,MUĞLA,48,26.877998,15.578,0.0,16.267857,2.0,50.481327,934.821,29.23,Partly cloudy
2021-05-28 21:00:00+00:00,MUĞLA,48,26.227999,15.078,0.0,18.58451,0.0,45.648895,936.6385,29.81,Clear sky
2021-05-29 21:00:00+00:00,MUĞLA,48,25.578,14.228,0.0,17.015474,3.0,45.077454,937.71857,23.45,Overcast
2021-05-30 21:00:00+00:00,MUĞLA,48,24.178,15.878,0.2,15.379206,51.0,53.29889,936.384,27.82,Drizzle: Light
2021-05-31 21:00:00+00:00,MUĞLA,48,20.877998,14.628,6.0,14.145756,63.0,60.09915,934.7342,21.81,Rain: Moderate
2021-06-01 21:00:00+00:00,MUĞLA,48,22.278,12.028,0.0,17.873554,1.0,43.841404,939.22235,29.35,Mainly clear
2021-06-02 21:00:00+00:00,MUĞLA,48,24.828,12.778,0.0,17.87718,3.0,38.96768,940.81793,29.55,Overcast
2021-06-03 21:00:00+00:00,MUĞLA,48,26.477999,13.528,0.3,13.202726,51.0,37.54514,941.10516,27.81,Drizzle: Light
2021-06-04 21:00:00+00:00,MUĞLA,48,25.178,14.528,0.0,16.311613,0.0,30.822199,940.34247,30.67,Clear sky
2021-06-05 21:00:00+00:00,MUĞLA,48,27.477999,14.328,0.0,15.782622,0.0,31.571108,939.4544,30.8,Clear sky
2021-06-06 21:00:00+00:00,MUĞLA,48,29.127998,15.128,0.0,13.570615,0.0,32.298756,940.21857,30.15,Clear sky
2021-06-07 21:00:00+00:00,MUĞLA,48,28.278,18.727999,0.1,16.215992,51.0,40.302242,939.21564,27.45,Drizzle: Light
2021-06-08 21:00:00+00:00,MUĞLA,48,26.928,17.377998,0.0,15.192682,1.0,44.923855,935.5396,26.15,Mainly clear
2021-06-09 21:00:00+00:00,MUĞLA,48,24.278,16.578,1.0,8.669949,53.0,58.264786,934.5369,22.67,Drizzle: Moderate
2021-06-10 21:00:00+00:00,MUĞLA,48,23.828,14.328,1.7,9.931042,55.0,59.145584,936.5336,24.35,Drizzle: Dense
2021-06-11 21:00:00+00:00,MUĞLA,48,24.377998,14.228,1.1,11.720751,53.0,59.263443,938.084,25.02,Drizzle: Moderate
2021-06-12 21:00:00+00:00,MUĞLA,48,25.328,15.178,0.1,12.413476,51.0,52.90713,937.55634,26.13,Drizzle: Light
2021-06-13 21:00:00+00:00,MUĞLA,48,23.127998,14.928,1.0,16.704155,53.0,58.561874,934.5503,22.17,Drizzle: Moderate
2021-06-14 21:00:00+00:00,MUĞLA,48,21.828,11.628,0.0,15.30741,3.0,55.406616,935.2011,25.43,Overcast
2021-06-15 21:00:00+00:00,MUĞLA,48,21.928,14.028,0.70000005,18.79255,51.0,53.68162,936.2083,23.68,Drizzle: Light
2021-06-16 21:00:00+00:00,MUĞLA,48,26.477999,13.778,0.0,12.245294,2.0,54.04379,940.73676,28.11,Partly cloudy
2021-06-17 21:00:00+00:00,MUĞLA,48,27.578,16.828,0.0,13.276144,2.0,47.414005,939.6054,26.36,Partly cloudy
2021-06-18 21:00:00+00:00,MUĞLA,48,28.278,17.278,0.0,12.496719,2.0,46.824512,936.7612,26.6,Partly cloudy
2021-06-19 21:00:00+00:00,MUĞLA,48,28.078,18.428,0.1,12.413476,51.0,53.8827,935.1143,25.89,Drizzle: Light
2021-06-20 21:00:00+00:00,MUĞLA,48,25.727999,17.678,9.0,12.313894,63.0,66.6861,936.0478,23.62,Rain: Moderate
2021-06-21 21:00:00+00:00,MUĞLA,48,28.377998,16.328,0.4,12.522619,51.0,55.000645,937.92163,27.77,Drizzle: Light
2021-06-22 21:00:00+00:00,MUĞLA,48,31.828,17.877998,0.0,19.95972,1.0,47.97082,939.45087,29.27,Mainly clear
2021-06-23 21:00:00+00:00,MUĞLA,48,30.377998,19.627998,0.0,18.359999,0.0,46.50996,938.7519,29.69,Clear sky
2021-06-24 21:00:00+00:00,MUĞLA,48,33.128,21.428,0.0,17.581125,0.0,36.82955,937.8574,30.2,Clear sky
2021-06-25 21:00:00+00:00,MUĞLA,48,34.328,21.328,0.0,20.326454,1.0,37.432728,937.04803,29.65,Mainly clear
2021-06-26 21:00:00+00:00,MUĞLA,48,34.228,22.528,0.0,19.33639,0.0,32.27278,936.6631,30.27,Clear sky
2021-06-27 21:00:00+00:00,MUĞLA,48,35.628,22.928,0.0,17.388409,2.0,30.683569,937.6309,29.87,Partly cloudy
2021-06-28 21:00:00+00:00,MUĞLA,48,35.578,22.678,0.0,15.815435,0.0,32.03432,937.2823,30.27,Clear sky
2021-06-29 21:00:00+00:00,MUĞLA,48,36.578,22.678,0.0,12.768586,1.0,25.838503,937.29987,30.25,Mainly clear
2021-06-30 21:00:00+00:00,MUĞLA,48,38.378,23.578,0.0,21.650938,1.0,24.691727,937.84106,29.85,Mainly clear
2021-07-01 21:00:00+00:00,MUĞLA,48,34.177998,22.828,0.0,16.595179,0.0,27.89269,934.919,30.26,Clear sky
2021-07-02 21:00:00+00:00,MUĞLA,48,30.377998,20.328,0.0,23.219301,0.0,48.14145,932.91254,28.46,Clear sky
2021-07-03 21:00:00+00:00,MUĞLA,48,29.727999,19.278,0.0,21.129883,0.0,37.004673,934.5982,30.33,Clear sky
2021-07-04 21:00:00+00:00,MUĞLA,48,31.678,19.977999,0.0,21.30093,3.0,33.382336,934.0732,28.36,Overcast
2021-07-05 21:00:00+00:00,MUĞLA,48,33.028,20.528,0.0,21.710716,2.0,33.119232,933.83105,29.18,Partly cloudy
2021-07-06 21:00:00+00:00,MUĞLA,48,33.278,21.328,0.0,16.923828,3.0,40.466846,935.71783,25.53,Overcast
2021-07-07 21:00:00+00:00,MUĞLA,48,34.128,22.828,0.0,14.658676,3.0,39.9714,937.24384,27.56,Overcast
2021-07-08 21:00:00+00:00,MUĞLA,48,34.677998,22.178,0.0,12.10157,2.0,39.960266,935.7192,26.36,Partly cloudy
2021-07-09 21:00:00+00:00,MUĞLA,48,34.228,22.578,0.0,15.782622,3.0,39.114323,932.9717,25.72,Overcast
2021-07-10 21:00:00+00:00,MUĞLA,48,33.028,21.227999,0.0,12.849528,1.0,37.205,932.95526,25.41,Mainly clear
2021-07-11 21:00:00+00:00,MUĞLA,48,33.028,21.578,0.0,12.849528,1.0,41.825256,934.873,26.73,Mainly clear
2021-07-12 21:00:00+00:00,MUĞLA,48,34.228,22.127998,0.0,12.57426,0.0,41.101612,935.27057,26.95,Clear sky
2021-07-13 21:00:00+00:00,MUĞLA,48,37.328,24.078,0.0,13.797913,0.0,25.408468,934.3521,29.61,Clear sky
2021-07-14 21:00:00+00:00,MUĞLA,48,36.677998,21.528,0.0,17.713316,0.0,31.044142,933.3516,29.94,Clear sky
2021-07-15 21:00:00+00:00,MUĞLA,48,36.478,22.627998,0.0,17.208603,0.0,31.03595,933.1038,30.02,Clear sky
2021-07-16 21:00:00+00:00,MUĞLA,48,34.078,23.178,0.0,13.32,0.0,35.25576,932.47723,29.61,Clear sky
2021-07-17 21:00:00+00:00,MUĞLA,48,32.177998,21.778,0.0,18.947083,0.0,39.586235,932.3498,29.58,Clear sky
2021-07-18 21:00:00+00:00,MUĞLA,48,30.178,19.627998,0.0,15.03835,0.0,47.59551,935.1145,29.56,Clear sky
2021-07-19 21:00:00+00:00,MUĞLA,48,30.227999,17.578,0.0,14.693999,0.0,48.85686,936.17596,29.56,Clear sky
2021-07-20 21:00:00+00:00,MUĞLA,48,34.378,20.328,0.0,17.906157,0.0,46.724575,935.10834,28.94,Clear sky
2021-07-21 21:00:00+00:00,MUĞLA,48,35.778,24.778,0.0,21.26744,2.0,35.763767,933.41437,26.96,Partly cloudy
2021-07-22 21:00:00+00:00,MUĞLA,48,33.427998,22.227999,0.0,15.683774,2.0,35.56131,932.3274,26.4,Partly cloudy
2021-07-23 21:00:00+00:00,MUĞLA,48,32.578,21.127998,0.0,14.512064,1.0,34.915554,932.6252,24.87,Mainly clear
2021-07-24 21:00:00+00:00,MUĞLA,48,31.028,21.778,3.1999998,15.349684,61.0,40.92126,934.6369,22.25,Rain: Slight
2021-07-25 21:00:00+00:00,MUĞLA,48,33.978,20.428,0.0,11.019764,3.0,37.576824,937.8144,28.33,Overcast
2021-07-26 21:00:00+00:00,MUĞLA,48,34.978,21.778,0.0,13.979872,0.0,28.068077,939.1203,29.15,Clear sky
2021-07-27 21:00:00+00:00,MUĞLA,48,37.128,24.178,0.0,14.689588,0.0,24.694626,937.45184,28.98,Clear sky
2021-07-28 21:00:00+00:00,MUĞLA,48,37.028,23.178,0.0,15.042659,0.0,20.451635,934.9101,29.06,Clear sky
2021-07-29 21:00:00+00:00,MUĞLA,48,37.427998,23.477999,0.0,14.24163,0.0,20.200249,933.9629,28.87,Clear sky
2021-07-30 21:00:00+00:00,MUĞLA,48,37.427998,24.678,0.0,14.77755,0.0,20.612383,933.9111,28.53,Clear sky
2021-07-31 21:00:00+00:00,MUĞLA,48,37.628,24.578,0.0,17.447933,1.0,20.094536,935.2536,28.58,Mainly clear
2021-08-01 21:00:00+00:00,MUĞLA,48,37.878,25.828,0.0,16.965895,0.0,19.388771,935.42694,28.92,Clear sky
2021-08-02 21:00:00+00:00,MUĞLA,48,39.828,26.578,0.0,19.45333,0.0,16.045252,937.02905,28.84,Clear sky
2021-08-03 21:00:00+00:00,MUĞLA,48,39.378,26.178,0.0,20.497883,0.0,22.532494,938.5374,28.13,Clear sky
2021-08-04 21:00:00+00:00,MUĞLA,48,38.328,27.678,0.0,17.551615,2.0,22.472603,936.6682,25.75,Partly cloudy
2021-08-05 21:00:00+00:00,MUĞLA,48,38.078,25.578,0.0,17.906157,3.0,21.312052,932.9725,26.31,Overcast
2021-08-06 21:00:00+00:00,MUĞLA,48,32.778,22.528,0.0,20.497883,0.0,34.020756,931.4747,26.98,Clear sky
2021-08-07 21:00:00+00:00,MUĞLA,48,34.128,21.328,0.0,14.77755,0.0,32.240795,936.7068,27.83,Clear sky
2021-08-08 21:00:00+00:00,MUĞLA,48,35.728,21.578,0.0,17.015474,0.0,26.860579,938.9545,28.08,Clear sky
2021-08-09 21:00:00+00:00,MUĞLA,48,35.078,23.127998,0.0,18.806337,0.0,20.140875,938.6574,27.74,Clear sky
2021-08-10 21:00:00+00:00,MUĞLA,48,34.028,23.028,0.0,17.651016,0.0,26.809835,937.7443,27.31,Clear sky
2021-08-11 21:00:00+00:00,MUĞLA,48,33.228,23.528,0.0,16.071491,3.0,22.909369,937.2261,26.61,Overcast
2021-08-12 21:00:00+00:00,MUĞLA,48,34.278,22.127998,0.0,13.049689,1.0,28.292143,939.1137,26.45,Mainly clear
2021-08-13 21:00:00+00:00,MUĞLA,48,33.728,21.477999,0.0,19.64228,0.0,29.316809,938.3676,27.04,Clear sky
2021-08-14 21:00:00+00:00,MUĞLA,48,33.828,20.877998,0.0,15.646544,0.0,23.809753,936.9055,27.22,Clear sky
2021-08-15 21:00:00+00:00,MUĞLA,48,33.278,19.477999,0.0,16.831684,0.0,29.57347,937.22296,27.17,Clear sky
2021-08-16 21:00:00+00:00,MUĞLA,48,32.628,20.278,0.0,14.565548,0.0,32.838055,936.5684,26.75,Clear sky
2021-08-17 21:00:00+00:00,MUĞLA,48,33.177998,21.528,0.0,14.113652,1.0,31.050661,934.0564,25.53,Mainly clear
2021-08-18 21:00:00+00:00,MUĞLA,48,34.878,21.977999,0.0,14.20062,0.0,26.964228,933.1391,26.36,Clear sky
2021-08-19 21:00:00+00:00,MUĞLA,48,34.628,21.578,0.0,16.548256,0.0,33.675854,935.0522,25.91,Clear sky
2021-08-20 21:00:00+00:00,MUĞLA,48,33.878,21.328,0.0,12.904882,0.0,31.266348,936.0352,26.16,Clear sky
2021-08-21 21:00:00+00:00,MUĞLA,48,34.128,22.928,0.0,12.7279215,2.0,30.207087,935.5986,22.63,Partly cloudy
2021-08-22 21:00:00+00:00,MUĞLA,48,34.378,22.977999,0.0,13.276144,1.0,36.343204,935.67084,23.54,Mainly clear
2021-08-23 21:00:00+00:00,MUĞLA,48,34.427998,23.178,0.0,13.797913,1.0,32.818245,936.1547,23.27,Mainly clear
2021-08-24 21:00:00+00:00,MUĞLA,48,34.378,23.928,0.0,16.09969,0.0,25.510527,937.28107,25.33,Clear sky
2021-08-25 21:00:00+00:00,MUĞLA,48,33.128,20.078,0.0,13.281023,0.0,28.58159,937.49713,25.91,Clear sky
2021-08-26 21:00:00+00:00,MUĞLA,48,34.778,21.127998,0.0,14.081477,0.0,32.2055,937.5417,24.99,Clear sky
2021-08-27 21:00:00+00:00,MUĞLA,48,32.128,21.778,0.0,15.629971,0.0,33.60954,936.3064,25.11,Clear sky
2021-08-28 21:00:00+00:00,MUĞLA,48,28.877998,20.928,0.0,12.397806,0.0,39.62939,934.3943,25.2,Clear sky
2021-08-29 21:00:00+00:00,MUĞLA,48,30.278,19.278,0.0,16.548256,0.0,44.460415,935.5643,24.67,Clear sky
2021-08-30 21:00:00+00:00,MUĞLA,48,31.428,20.928,0.0,13.392774,0.0,45.637676,937.24896,24.04,Clear sky
2021-08-31 21:00:00+00:00,MUĞLA,48,31.178,21.727999,0.0,19.694992,0.0,43.591694,936.49805,23.27,Clear sky
2021-09-01 21:00:00+00:00,MUĞLA,48,30.627998,20.928,0.0,19.66536,0.0,30.363802,936.87115,24.79,Clear sky
2021-09-02 21:00:00+00:00,MUĞLA,48,31.428,20.227999,0.0,17.462784,0.0,28.25782,937.01025,24.44,Clear sky
2021-09-03 21:00:00+00:00,MUĞLA,48,30.078,18.528,0.0,14.529915,0.0,29.460016,936.2968,24.17,Clear sky
2021-09-04 21:00:00+00:00,MUĞLA,48,29.227999,17.977999,0.0,17.076298,0.0,35.341385,935.44946,23.91,Clear sky
2021-09-05 21:00:00+00:00,MUĞLA,48,28.928,17.928,0.0,13.1041975,0.0,43.098774,936.05176,22.9,Clear sky
2021-09-06 21:00:00+00:00,MUĞLA,48,28.377998,19.778,0.0,16.454008,1.0,47.32721,938.94305,21.63,Mainly clear
2021-09-07 21:00:00+00:00,MUĞLA,48,27.028,18.627998,0.0,16.263872,1.0,55.249405,940.14606,22.23,Mainly clear
2021-09-08 21:00:00+00:00,MUĞLA,48,25.877998,17.078,0.0,12.682018,1.0,55.614853,939.1499,21.96,Mainly clear
2021-09-09 21:00:00+00:00,MUĞLA,48,26.328,16.578,0.0,17.533146,1.0,55.810154,938.6333,20.21,Mainly clear
2021-09-10 21:00:00+00:00,MUĞLA,48,28.928,17.477999,0.0,16.92383,0.0,40.068615,937.7746,23.01,Clear sky
2021-09-11 21:00:00+00:00,MUĞLA,48,27.528,15.578,0.0,13.237039,0.0,30.002863,935.4521,22.94,Clear sky
2021-09-12 21:00:00+00:00,MUĞLA,48,26.828,17.627998,0.0,11.304229,0.0,39.718395,934.86237,20.82,Clear sky
2021-09-13 21:00:00+00:00,MUĞLA,48,26.078,17.477999,0.9000001,9.72,53.0,51.738094,935.45245,18.52,Drizzle: Moderate
2021-09-14 21:00:00+00:00,MUĞLA,48,26.328,16.178,0.0,13.493999,3.0,56.74795,936.96735,17.98,Overcast
2021-09-15 21:00:00+00:00,MUĞLA,48,25.428,16.977999,0.0,21.67487,3.0,45.862804,938.8077,21.24,Overcast
2021-09-16 21:00:00+00:00,MUĞLA,48,28.127998,16.328,0.0,16.954432,0.0,33.186077,939.09937,22.65,Clear sky
2021-09-17 21:00:00+00:00,MUĞLA,48,31.078,17.278,0.0,12.074766,2.0,32.542484,939.7451,21.39,Partly cloudy
2021-09-18 21:00:00+00:00,MUĞLA,48,30.877998,21.328,0.0,12.984975,1.0,36.58765,941.191,19.7,Mainly clear
2021-09-19 21:00:00+00:00,MUĞLA,48,30.627998,21.028,0.0,11.183201,0.0,35.407887,941.6193,21.16,Clear sky
2021-09-20 21:00:00+00:00,MUĞLA,48,31.178,18.727999,0.0,18.218275,1.0,37.667126,941.02936,20.61,Mainly clear
2021-09-21 21:00:00+00:00,MUĞLA,48,27.428,17.727999,0.0,21.166653,0.0,44.56172,937.80426,20.98,Clear sky
2021-09-22 21:00:00+00:00,MUĞLA,48,22.078,14.178,0.0,20.316889,2.0,44.274994,934.5002,19.4,Partly cloudy
2021-09-23 21:00:00+00:00,MUĞLA,48,24.877998,11.928,0.0,23.411074,1.0,31.26901,937.7099,21.42,Mainly clear
2021-09-24 21:00:00+00:00,MUĞLA,48,27.877998,12.528,0.0,12.229406,0.0,25.746298,941.83124,20.96,Clear sky
2021-09-25 21:00:00+00:00,MUĞLA,48,27.578,15.078,0.0,11.792404,0.0,35.972546,942.63995,20.39,Clear sky
2021-09-26 21:00:00+00:00,MUĞLA,48,30.127998,16.727999,0.0,11.440978,2.0,33.474346,938.2309,20.25,Partly cloudy
2021-09-27 21:00:00+00:00,MUĞLA,48,29.828,16.828,0.0,13.207634,0.0,31.976744,936.9348,20.02,Clear sky
2021-09-28 21:00:00+00:00,MUĞLA,48,28.428,15.828,0.0,11.885453,1.0,33.65775,937.2465,19.36,Mainly clear
2021-09-29 21:00:00+00:00,MUĞLA,48,26.977999,15.028,0.0,13.276144,1.0,38.44147,937.0728,19.64,Mainly clear
2021-09-30 21:00:00+00:00,MUĞLA,48,24.678,15.878,0.0,11.753876,1.0,44.777973,938.1064,16.68,Mainly clear
2021-10-01 21:00:00+00:00,MUĞLA,48,24.778,14.178,0.0,9.422101,1.0,39.45298,937.7468,17.28,Mainly clear
2021-10-02 21:00:00+00:00,MUĞLA,48,26.977999,14.128,0.0,13.910169,0.0,30.788275,939.3952,19.57,Clear sky
2021-10-03 21:00:00+00:00,MUĞLA,48,24.578,12.628,0.0,12.429127,3.0,28.599838,940.14935,14.26,Overcast
2021-10-04 21:00:00+00:00,MUĞLA,48,27.278,12.278,0.0,15.517629,0.0,26.02314,939.6557,19.36,Clear sky
2021-10-05 21:00:00+00:00,MUĞLA,48,23.877998,12.328,0.0,12.768586,0.0,39.543503,939.7885,18.71,Clear sky
2021-10-06 21:00:00+00:00,MUĞLA,48,23.028,11.828,0.0,12.287555,0.0,41.437244,940.001,18.55,Clear sky
2021-10-07 21:00:00+00:00,MUĞLA,48,24.178,12.128,0.0,11.792404,2.0,46.574448,940.5578,18.03,Partly cloudy
2021-10-08 21:00:00+00:00,MUĞLA,48,23.627998,14.778,0.0,11.808878,1.0,50.110706,941.38354,15.45,Mainly clear
2021-10-09 21:00:00+00:00,MUĞLA,48,25.778,14.028,0.0,13.358861,0.0,54.241642,942.05023,17.65,Clear sky
2021-10-10 21:00:00+00:00,MUĞLA,48,27.078,15.178,0.0,13.450708,3.0,40.361134,941.22565,16.6,Overcast
2021-10-11 21:00:00+00:00,MUĞLA,48,22.578,12.178,14.8,16.394829,63.0,62.72019,936.1927,10.18,Rain: Moderate
2021-10-12 21:00:00+00:00,MUĞLA,48,19.227999,10.128,0.5,10.163227,51.0,74.78654,937.1525,15.18,Drizzle: Light
2021-10-13 21:00:00+00:00,MUĞLA,48,20.377998,11.878,0.0,12.496719,3.0,68.390495,940.6298,16.57,Overcast
2021-10-14 21:00:00+00:00,MUĞLA,48,21.078,13.078,40.8,23.219301,65.0,75.82583,939.90674,12.6,Rain: Heavy
2021-10-15 21:00:00+00:00,MUĞLA,48,18.127998,11.578,15.700003,15.546833,63.0,86.472534,938.72174,14.0,Rain: Moderate
2021-10-16 21:00:00+00:00,MUĞLA,48,18.328,10.628,0.1,13.246826,51.0,74.21502,939.6736,12.93,Drizzle: Light
2021-10-17 21:00:00+00:00,MUĞLA,48,20.428,10.478,0.0,12.661564,2.0,66.702896,940.7754,15.73,Partly cloudy
2021-10-18 21:00:00+00:00,MUĞLA,48,21.778,11.278,0.0,11.090103,3.0,59.140656,942.78955,15.39,Overcast
2021-10-19 21:00:00+00:00,MUĞLA,48,20.678,9.728,0.0,10.594036,1.0,57.809048,944.534,16.05,Mainly clear
2021-10-20 21:00:00+00:00,MUĞLA,48,19.828,10.878,0.0,10.1376915,0.0,62.45509,944.9755,16.06,Clear sky
2021-10-21 21:00:00+00:00,MUĞLA,48,18.428,10.778,0.0,8.825508,0.0,66.18972,944.8255,15.98,Clear sky
2021-10-22 21:00:00+00:00,MUĞLA,48,20.528,9.278,0.0,14.145756,0.0,57.202892,943.8177,15.87,Clear sky
2021-10-23 21:00:00+00:00,MUĞLA,48,22.477999,9.828,0.0,12.313893,1.0,55.308304,942.6423,15.35,Mainly clear
2021-10-24 21:00:00+00:00,MUĞLA,48,20.377998,11.378,1.3,11.043261,53.0,64.57017,941.3325,12.0,Drizzle: Moderate
2021-10-25 21:00:00+00:00,MUĞLA,48,18.428,9.378,0.0,9.726665,3.0,67.94017,940.6482,14.05,Overcast
2021-10-26 21:00:00+00:00,MUĞLA,48,18.828,9.578,0.0,9.9571085,3.0,72.05266,941.6226,14.3,Overcast
2021-10-27 21:00:00+00:00,MUĞLA,48,21.477999,9.828,0.0,8.854829,2.0,60.221954,940.9483,14.83,Partly cloudy
2021-10-28 21:00:00+00:00,MUĞLA,48,20.377998,9.528,0.0,9.422101,0.0,53.11867,939.3606,14.75,Clear sky
2021-10-29 21:00:00+00:00,MUĞLA,48,17.127998,10.628,1.1000001,12.641076,51.0,76.427315,940.48926,11.46,Drizzle: Light
2021-10-30 21:00:00+00:00,MUĞLA,48,16.977999,10.728,11.8,13.18308,63.0,88.126045,940.55524,8.0,Rain: Moderate
2021-10-31 21:00:00+00:00,MUĞLA,48,16.727999,12.628,43.599995,10.028439,63.0,83.342735,937.2615,4.73,Rain: Moderate
2021-11-01 21:00:00+00:00,MUĞLA,48,16.727999,10.378,0.2,11.304229,51.0,79.187096,937.7608,13.63,Drizzle: Light
2021-11-02 21:00:00+00:00,MUĞLA,48,19.178,12.728,5.8999996,9.0,61.0,83.99514,942.7464,9.21,Rain: Slight
2021-11-03 21:00:00+00:00,MUĞLA,48,21.028,12.578,0.0,7.42159,2.0,77.236496,945.89374,13.4,Partly cloudy
2021-11-04 21:00:00+00:00,MUĞLA,48,22.528,12.278,0.0,10.105681,3.0,67.702736,944.09015,12.44,Overcast
2021-11-05 21:00:00+00:00,MUĞLA,48,23.627998,12.178,0.0,10.538843,3.0,52.460663,942.96564,13.82,Overcast
2021-11-06 21:00:00+00:00,MUĞLA,48,23.678,9.978,0.0,9.114471,3.0,45.346012,941.2954,13.7,Overcast
2021-11-07 21:00:00+00:00,MUĞLA,48,21.377998,12.728,0.0,10.086427,3.0,46.319088,941.335,11.82,Overcast
2021-11-08 21:00:00+00:00,MUĞLA,48,20.928,11.678,0.0,11.252519,3.0,48.441135,944.1359,13.36,Overcast
2021-11-09 21:00:00+00:00,MUĞLA,48,18.278,10.978,0.0,21.479666,3.0,47.831852,943.64575,13.54,Overcast
2021-11-10 21:00:00+00:00,MUĞLA,48,20.178,8.278,0.0,10.105681,3.0,49.50212,940.9423,13.14,Overcast
2021-11-11 21:00:00+00:00,MUĞLA,48,17.227999,8.778,0.0,10.144082,3.0,62.185516,941.259,11.57,Overcast
2021-11-12 21:00:00+00:00,MUĞLA,48,16.477999,7.278,0.0,6.489992,3.0,64.480896,943.0588,12.45,Overcast
2021-11-13 21:00:00+00:00,MUĞLA,48,17.428,8.228,0.0,7.5685663,3.0,58.789886,942.60376,9.68,Overcast
2021-11-14 21:00:00+00:00,MUĞLA,48,19.377998,9.178,0.0,7.9526596,3.0,53.53488,940.77997,12.34,Overcast
2021-11-15 21:00:00+00:00,MUĞLA,48,19.727999,8.928,0.0,8.825508,3.0,58.434658,939.7353,12.2,Overcast
2021-11-16 21:00:00+00:00,MUĞLA,48,17.377998,9.528,0.0,8.373386,3.0,66.896454,940.7791,11.76,Overcast
2021-11-17 21:00:00+00:00,MUĞLA,48,16.227999,8.578,0.0,14.05845,1.0,74.38131,942.7512,11.38,Mainly clear
2021-11-18 21:00:00+00:00,MUĞLA,48,16.227999,7.528,0.0,15.111424,3.0,72.31333,938.4851,11.38,Overcast
2021-11-19 21:00:00+00:00,MUĞLA,48,15.428,7.3780003,0.0,13.797912,0.0,57.537018,933.8829,11.98,Clear sky
2021-11-20 21:00:00+00:00,MUĞLA,48,15.228,5.6280003,0.0,9.0,0.0,53.669933,936.8894,12.03,Clear sky
2021-11-21 21:00:00+00:00,MUĞLA,48,14.328,7.078,0.8,12.783802,51.0,77.376236,942.253,8.73,Drizzle: Light
2021-11-22 21:00:00+00:00,MUĞLA,48,12.428,10.128,8.8,13.246826,61.0,97.72494,943.4222,3.94,Rain: Slight
2021-11-23 21:00:00+00:00,MUĞLA,48,12.678,10.128,22.9,10.829959,63.0,96.78552,939.5339,4.68,Rain: Moderate
2021-11-24 21:00:00+00:00,MUĞLA,48,14.628,8.828,0.0,7.2805495,3.0,85.80194,938.5822,9.44,Overcast
2021-11-25 21:00:00+00:00,MUĞLA,48,14.128,8.578,5.0,21.817902,55.0,90.48118,940.6831,8.08,Drizzle: Dense
2021-11-26 21:00:00+00:00,MUĞLA,48,12.528,10.728,68.1,22.38378,65.0,98.723015,939.06366,1.81,Rain: Heavy
2021-11-27 21:00:00+00:00,MUĞLA,48,16.877998,11.078,14.999999,12.287555,63.0,89.550835,938.63165,8.43,Rain: Moderate
2021-11-28 21:00:00+00:00,MUĞLA,48,17.678,13.328,17.7,23.565567,63.0,72.73174,938.06476,3.81,Rain: Moderate
2021-11-29 21:00:00+00:00,MUĞLA,48,13.228,7.278,20.1,20.674156,63.0,88.24753,934.9659,4.47,Rain: Moderate
2021-11-30 21:00:00+00:00,MUĞLA,48,9.128,3.7280002,0.0,16.610792,1.0,67.11671,937.83417,11.11,Mainly clear
2021-12-01 21:00:00+00:00,MUĞLA,48,11.678,2.678,0.1,10.948973,51.0,69.37874,940.25543,9.51,Drizzle: Light
2021-12-02 21:00:00+00:00,MUĞLA,48,11.828,8.128,11.9,17.673029,63.0,88.59385,941.6828,6.16,Rain: Moderate
2021-12-03 21:00:00+00:00,MUĞLA,48,10.878,9.528,92.89999,16.92383,65.0,96.8695,937.4301,1.61,Rain: Heavy
2021-12-04 21:00:00+00:00,MUĞLA,48,14.278,9.728,33.9,15.807239,63.0,87.80764,935.44244,7.52,Rain: Moderate
2021-12-05 21:00:00+00:00,MUĞLA,48,11.328,9.928,21.400002,19.93048,61.0,97.4575,938.82495,2.92,Rain: Slight
2021-12-06 21:00:00+00:00,MUĞLA,48,10.428,6.228,60.7,22.476227,63.0,95.81733,930.2491,1.63,Rain: Moderate
2021-12-07 21:00:00+00:00,MUĞLA,48,10.028,4.928,3.1999993,14.20062,53.0,87.695335,930.19385,5.65,Drizzle: Moderate
2021-12-08 21:00:00+00:00,MUĞLA,48,11.578,3.378,0.0,10.105681,3.0,72.57547,941.61285,10.05,Overcast
2021-12-09 21:00:00+00:00,MUĞLA,48,10.478,8.528,51.999996,25.171696,63.0,92.36822,942.5053,3.1,Rain: Moderate
2021-12-10 21:00:00+00:00,MUĞLA,48,10.728,8.578,27.8,20.447239,63.0,98.34912,940.6323,3.63,Rain: Moderate
2021-12-11 21:00:00+00:00,MUĞLA,48,11.728,9.628,37.4,22.127556,63.0,96.556786,940.06024,3.32,Rain: Moderate
2021-12-12 21:00:00+00:00,MUĞLA,48,11.528,6.828,9.700002,13.049689,61.0,93.53573,938.81793,5.96,Rain: Slight
2021-12-13 21:00:00+00:00,MUĞLA,48,10.528,4.678,3.6000001,7.4128532,61.0,83.915985,934.4365,8.01,Rain: Slight
2021-12-14 21:00:00+00:00,MUĞLA,48,10.578,3.7280002,0.4,9.531505,51.0,80.13369,934.27264,8.37,Drizzle: Light
2021-12-15 21:00:00+00:00,MUĞLA,48,10.428,2.778,0.0,12.181625,3.0,73.44616,938.03766,10.07,Overcast
2021-12-16 21:00:00+00:00,MUĞLA,48,8.428,2.028,0.0,13.708391,3.0,70.27604,937.0298,9.98,Overcast
2021-12-17 21:00:00+00:00,MUĞLA,48,7.428,1.1279999,17.900002,15.94601,75.0,76.32867,931.587,7.51,Snow fall: Heavy
2021-12-18 21:00:00+00:00,MUĞLA,48,7.978,2.278,5.2999997,15.408671,75.0,74.31538,927.31683,6.02,Snow fall: Heavy
2021-12-19 21:00:00+00:00,MUĞLA,48,7.478,0.578,0.0,16.704155,3.0,71.477356,931.96484,10.49,Overcast
2021-12-20 21:00:00+00:00,MUĞLA,48,7.478,0.528,0.0,14.707222,3.0,72.77306,939.3112,5.01,Overcast
2021-12-21 21:00:00+00:00,MUĞLA,48,6.928,-1.7720001,0.0,13.910169,2.0,58.233364,942.2444,10.6,Partly cloudy
2021-12-22 21:00:00+00:00,MUĞLA,48,5.828,-0.722,0.0,16.24394,0.0,44.0115,941.82196,10.75,Clear sky
2021-12-23 21:00:00+00:00,MUĞLA,48,9.028,-1.8720001,0.0,14.332341,0.0,42.213646,941.2949,10.75,Clear sky
2021-12-24 21:00:00+00:00,MUĞLA,48,6.8780003,-0.37199998,0.3,7.8625183,51.0,77.96982,943.5893,3.44,Drizzle: Light
2021-12-25 21:00:00+00:00,MUĞLA,48,10.978,5.428,1.3,9.422101,53.0,93.49819,944.3819,6.72,Drizzle: Moderate
2021-12-26 21:00:00+00:00,MUĞLA,48,11.878,4.528,0.6,12.245293,51.0,86.63094,943.67206,9.31,Drizzle: Light
2021-12-27 21:00:00+00:00,MUĞLA,48,10.028,6.228,4.7999997,14.77755,61.0,91.49296,939.9832,7.68,Rain: Slight
2021-12-28 21:00:00+00:00,MUĞLA,48,8.128,6.528,53.1,22.218153,63.0,98.047966,935.0522,2.25,Rain: Moderate
2021-12-29 21:00:00+00:00,MUĞLA,48,9.028,7.578,25.800001,15.277749,63.0,88.4835,929.72296,2.12,Rain: Moderate
2021-12-30 21:00:00+00:00,MUĞLA,48,15.778,5.728,1.5,16.489416,53.0,74.67913,935.61066,9.29,Drizzle: Moderate
2021-12-31 21:00:00+00:00,MUĞLA,48,14.028,5.478,0.0,8.287822,3.0,74.25538,939.14606,8.48,Overcast
2022-01-01 21:00:00+00:00,MUĞLA,48,14.228,5.678,0.0,13.708391,3.0,67.48635,940.4423,10.35,Overcast
2022-01-02 21:00:00+00:00,MUĞLA,48,13.778,4.228,0.0,11.367109,2.0,55.230804,940.9239,10.79,Partly cloudy
2022-01-03 21:00:00+00:00,MUĞLA,48,11.928,5.028,0.0,7.208994,3.0,81.26763,941.0087,5.97,Overcast
2022-01-04 21:00:00+00:00,MUĞLA,48,11.628,8.728,4.2000003,15.408671,53.0,94.91778,941.55597,3.47,Drizzle: Moderate
2022-01-05 21:00:00+00:00,MUĞLA,48,10.728,8.778,15.300001,15.111424,61.0,98.496155,941.44336,2.97,Rain: Slight
2022-01-06 21:00:00+00:00,MUĞLA,48,10.828,7.8780003,8.9,12.768586,61.0,96.225365,940.376,4.18,Rain: Slight
2022-01-07 21:00:00+00:00,MUĞLA,48,10.128,6.8780003,4.799999,14.205182,53.0,91.44892,937.3748,5.51,Drizzle: Moderate
2022-01-08 21:00:00+00:00,MUĞLA,48,9.578,5.8780003,22.000004,19.469975,63.0,86.97937,929.8791,4.52,Rain: Moderate
2022-01-09 21:00:00+00:00,MUĞLA,48,7.478,5.178,15.500001,20.08916,61.0,95.148346,925.8006,4.06,Rain: Slight
2022-01-10 21:00:00+00:00,MUĞLA,48,7.228,5.8780003,64.6,22.065973,63.0,95.35723,927.70294,1.05,Rain: Moderate
2022-01-11 21:00:00+00:00,MUĞLA,48,9.228,5.678,11.099999,15.990646,61.0,89.98077,931.7497,4.75,Rain: Slight
2022-01-12 21:00:00+00:00,MUĞLA,48,8.178,2.278,1.4000001,18.331741,53.0,64.38253,935.73755,11.08,Drizzle: Moderate
2022-01-13 21:00:00+00:00,MUĞLA,48,10.378,0.67800003,0.0,19.242327,0.0,43.559086,936.4471,12.04,Clear sky
2022-01-14 21:00:00+00:00,MUĞLA,48,11.378,-0.222,0.0,16.946787,0.0,47.3105,933.7723,11.65,Clear sky
2022-01-15 21:00:00+00:00,MUĞLA,48,5.028,-1.422,0.0,16.394829,0.0,45.225464,940.3342,12.15,Clear sky
2022-01-16 21:00:00+00:00,MUĞLA,48,6.478,-3.0219998,0.0,12.245294,2.0,50.5657,943.3533,12.11,Partly cloudy
2022-01-17 21:00:00+00:00,MUĞLA,48,8.178,-0.772,0.6,16.520823,71.0,70.9992,939.9318,8.76,Snow fall: Slight
2022-01-18 21:00:00+00:00,MUĞLA,48,1.928,-3.2719998,0.0,17.673029,1.0,54.230625,944.82007,11.88,Mainly clear
2022-01-19 21:00:00+00:00,MUĞLA,48,7.178,-3.9720001,0.0,10.661107,1.0,44.79773,946.7088,12.43,Mainly clear
2022-01-20 21:00:00+00:00,MUĞLA,48,6.228,1.028,4.9,15.856354,53.0,88.263176,944.076,4.04,Drizzle: Moderate
2022-01-21 21:00:00+00:00,MUĞLA,48,7.678,0.22800002,21.600002,16.516901,63.0,93.009254,934.34296,3.97,Rain: Moderate
2022-01-22 21:00:00+00:00,MUĞLA,48,0.828,-4.6219997,0.0,21.261345,3.0,57.41151,934.7781,12.77,Overcast
2022-01-23 21:00:00+00:00,MUĞLA,48,2.828,-4.972,1.5999999,15.03835,73.0,48.234066,938.5319,11.54,Snow fall: Moderate
2022-01-24 21:00:00+00:00,MUĞLA,48,4.278,-2.922,5.1000004,24.485292,75.0,60.58935,935.2836,9.36,Snow fall: Heavy
2022-01-25 21:00:00+00:00,MUĞLA,48,0.978,-5.022,0.0,28.551426,3.0,60.46755,935.0754,11.98,Overcast
2022-01-26 21:00:00+00:00,MUĞLA,48,3.9780002,-3.072,0.0,20.633371,0.0,48.458508,939.4285,13.19,Clear sky
2022-01-27 21:00:00+00:00,MUĞLA,48,6.728,-3.222,0.0,13.608762,0.0,55.406067,941.19775,13.16,Clear sky
2022-01-28 21:00:00+00:00,MUĞLA,48,6.528,-2.472,0.0,12.074766,3.0,66.541214,940.81635,9.73,Overcast
2022-01-29 21:00:00+00:00,MUĞLA,48,9.478,2.378,1.1,15.1884165,51.0,80.02752,937.3195,9.67,Drizzle: Light
2022-01-30 21:00:00+00:00,MUĞLA,48,9.078,0.878,14.4,17.58481,75.0,75.743965,933.4168,13.14,Snow fall: Heavy
2022-01-31 21:00:00+00:00,MUĞLA,48,6.828,0.278,25.3,19.406637,63.0,77.89051,934.19073,4.35,Rain: Moderate
2022-02-01 21:00:00+00:00,MUĞLA,48,7.1280003,5.228,61.7,24.522314,63.0,96.425804,932.46924,1.71,Rain: Moderate
2022-02-02 21:00:00+00:00,MUĞLA,48,8.228,3.878,24.799997,19.8,63.0,89.98721,928.0218,8.09,Rain: Moderate
2022-02-03 21:00:00+00:00,MUĞLA,48,8.378,2.128,0.0,20.163212,3.0,63.0744,933.84064,13.76,Overcast
2022-02-04 21:00:00+00:00,MUĞLA,48,12.228,-0.222,0.0,15.629971,1.0,48.7764,939.36847,14.14,Mainly clear
2022-02-05 21:00:00+00:00,MUĞLA,48,11.678,0.728,0.0,9.3669195,3.0,58.20637,942.02246,13.75,Overcast
2022-02-06 21:00:00+00:00,MUĞLA,48,10.578,0.528,4.2000003,18.94024,61.0,75.4401,940.8714,10.96,Rain: Slight
2022-02-07 21:00:00+00:00,MUĞLA,48,8.528,2.428,29.2,15.827721,71.0,94.88791,931.9484,1.95,Snow fall: Slight
2022-02-08 21:00:00+00:00,MUĞLA,48,5.428,1.178,0.1,30.652895,51.0,69.397575,933.1335,11.98,Drizzle: Light
2022-02-09 21:00:00+00:00,MUĞLA,48,9.828,0.47800002,0.0,28.551426,1.0,50.64453,939.7349,15.12,Mainly clear
2022-02-10 21:00:00+00:00,MUĞLA,48,13.478,0.67800003,0.0,14.512064,0.0,49.82898,944.0461,15.17,Clear sky
2022-02-11 21:00:00+00:00,MUĞLA,48,12.628,2.178,0.0,9.449572,3.0,71.188805,947.0681,14.96,Overcast
2022-02-12 21:00:00+00:00,MUĞLA,48,10.328,2.278,0.2,10.948973,51.0,83.000435,943.6486,10.13,Drizzle: Light
2022-02-13 21:00:00+00:00,MUĞLA,48,12.728,2.328,0.0,16.80857,2.0,78.73785,940.67914,14.71,Partly cloudy
2022-02-14 21:00:00+00:00,MUĞLA,48,12.678,1.678,0.0,13.661038,2.0,64.53779,941.7561,15.39,Partly cloudy
2022-02-15 21:00:00+00:00,MUĞLA,48,13.628,1.528,0.0,11.367109,3.0,56.614773,941.96576,15.3,Overcast
2022-02-16 21:00:00+00:00,MUĞLA,48,11.928,4.028,0.2,14.84318,51.0,72.25833,937.3657,13.24,Drizzle: Light
2022-02-17 21:00:00+00:00,MUĞLA,48,11.278,3.078,1.7,17.208603,53.0,83.57274,935.42804,10.66,Drizzle: Moderate
2022-02-18 21:00:00+00:00,MUĞLA,48,12.878,2.678,0.0,21.24305,0.0,50.05742,938.6768,16.54,Clear sky
2022-02-19 21:00:00+00:00,MUĞLA,48,15.328,2.828,0.0,8.350138,3.0,55.27794,942.8154,14.68,Overcast
2022-02-20 21:00:00+00:00,MUĞLA,48,11.578,7.828,1.4000001,9.339208,51.0,78.172424,940.00507,5.27,Drizzle: Light
2022-02-21 21:00:00+00:00,MUĞLA,48,11.528,7.8780003,20.300001,18.998316,63.0,95.262665,933.9702,8.73,Rain: Moderate
2022-02-22 21:00:00+00:00,MUĞLA,48,11.978,7.328,8.4,14.57889,61.0,85.429146,934.45416,11.5,Rain: Slight
2022-02-23 21:00:00+00:00,MUĞLA,48,10.678,6.078,13.799998,11.252519,61.0,85.18607,931.4814,7.69,Rain: Slight
2022-02-24 21:00:00+00:00,MUĞLA,48,10.878,3.678,0.1,18.709612,51.0,71.28462,932.51654,15.03,Drizzle: Light
2022-02-25 21:00:00+00:00,MUĞLA,48,12.128,2.078,0.0,12.661564,3.0,75.16893,938.642,16.93,Overcast
2022-02-26 21:00:00+00:00,MUĞLA,48,9.678,4.078,6.4,18.86139,55.0,85.985725,941.8797,7.65,Drizzle: Dense
2022-02-27 21:00:00+00:00,MUĞLA,48,9.378,4.6280003,26.3,12.397806,63.0,89.4244,939.3017,9.85,Rain: Moderate
2022-02-28 21:00:00+00:00,MUĞLA,48,7.978,3.078,4.1,6.696387,53.0,87.221825,938.2924,3.48,Drizzle: Moderate
2022-03-01 21:00:00+00:00,MUĞLA,48,6.1280003,2.628,38.2,20.393293,75.0,90.587616,930.63434,1.52,Snow fall: Heavy
2022-03-02 21:00:00+00:00,MUĞLA,48,5.428,-0.872,4.1,25.744402,75.0,70.86295,930.9101,15.84,Snow fall: Heavy
2022-03-03 21:00:00+00:00,MUĞLA,48,7.978,-1.722,0.3,11.525623,51.0,65.746056,937.6018,10.86,Drizzle: Light
2022-03-04 21:00:00+00:00,MUĞLA,48,7.028,1.328,10.0,14.565548,55.0,92.06173,937.06744,4.76,Drizzle: Dense
2022-03-05 21:00:00+00:00,MUĞLA,48,11.778,6.078,7.2000003,11.503113,61.0,84.83665,934.3151,7.32,Rain: Slight
2022-03-06 21:00:00+00:00,MUĞLA,48,10.278,3.378,10.0,15.9134655,61.0,88.15543,934.3798,10.2,Rain: Slight
2022-03-07 21:00:00+00:00,MUĞLA,48,9.828,0.978,9.699999,14.707222,63.0,84.90086,932.80273,12.18,Rain: Moderate
2022-03-08 21:00:00+00:00,MUĞLA,48,10.128,2.678,4.1,13.281023,71.0,83.020256,929.33075,13.87,Snow fall: Slight
2022-03-09 21:00:00+00:00,MUĞLA,48,6.828,-1.1220001,0.2,22.768398,71.0,67.03562,929.07837,18.92,Snow fall: Slight
2022-03-10 21:00:00+00:00,MUĞLA,48,3.278,-2.972,0.1,25.277023,71.0,53.300083,936.05884,19.31,Snow fall: Slight
2022-03-11 21:00:00+00:00,MUĞLA,48,3.078,-4.772,0.0,15.905319,0.0,46.819866,941.02856,20.65,Clear sky
2022-03-12 21:00:00+00:00,MUĞLA,48,3.628,-5.172,0.0,18.391735,1.0,46.59918,943.6473,20.62,Mainly clear
2022-03-13 21:00:00+00:00,MUĞLA,48,6.728,-2.472,0.0,15.175612,1.0,44.09494,946.4943,20.69,Mainly clear
2022-03-14 21:00:00+00:00,MUĞLA,48,8.628,-1.5220001,0.0,13.324863,0.0,46.8476,948.93066,21.01,Clear sky
2022-03-15 21:00:00+00:00,MUĞLA,48,10.928,-0.37199998,0.0,14.561099,3.0,56.857666,946.3052,20.25,Overcast
2022-03-16 21:00:00+00:00,MUĞLA,48,12.828,-0.57199997,0.0,14.48972,3.0,61.506634,943.4383,19.06,Overcast
2022-03-17 21:00:00+00:00,MUĞLA,48,7.778,-0.97199994,0.0,21.67487,3.0,49.01663,944.4383,21.46,Overcast
2022-03-18 21:00:00+00:00,MUĞLA,48,3.128,-4.8719997,0.0,26.758923,1.0,37.57429,946.6667,21.6,Mainly clear
2022-03-19 21:00:00+00:00,MUĞLA,48,7.6280003,-3.472,0.0,21.734581,2.0,42.189175,945.2273,21.55,Partly cloudy
2022-03-20 21:00:00+00:00,MUĞLA,48,9.228,-1.422,0.8,10.182337,51.0,54.379276,941.4223,18.12,Drizzle: Light
2022-03-21 21:00:00+00:00,MUĞLA,48,8.078,-0.97199994,2.1999998,12.397806,73.0,60.959503,937.29004,16.58,Snow fall: Moderate
2022-03-22 21:00:00+00:00,MUĞLA,48,10.878,0.328,4.0,10.703569,73.0,62.64532,935.6464,17.18,Snow fall: Moderate
2022-03-23 21:00:00+00:00,MUĞLA,48,10.428,0.37800002,0.0,17.643673,2.0,55.35552,936.74335,21.93,Partly cloudy
2022-03-24 21:00:00+00:00,MUĞLA,48,14.778,2.328,0.0,16.075521,0.0,45.663193,940.98517,22.09,Clear sky
2022-03-25 21:00:00+00:00,MUĞLA,48,15.178,3.9780002,0.0,16.1198,0.0,52.042812,944.00433,22.2,Clear sky
2022-03-26 21:00:00+00:00,MUĞLA,48,16.377998,4.078,0.0,15.077082,0.0,41.754627,948.0456,23.12,Clear sky
2022-03-27 21:00:00+00:00,MUĞLA,48,15.278,3.028,0.0,12.964998,3.0,51.897114,949.0701,21.75,Overcast
2022-03-28 21:00:00+00:00,MUĞLA,48,13.078,7.178,3.4,13.324863,71.0,58.598026,943.2585,14.75,Snow fall: Slight
2022-03-29 21:00:00+00:00,MUĞLA,48,15.728,4.3780003,0.0,12.371645,3.0,55.95456,938.74585,22.93,Overcast
2022-03-30 21:00:00+00:00,MUĞLA,48,15.778,6.3780003,0.0,19.855558,3.0,56.44958,940.3127,18.37,Overcast
2022-03-31 21:00:00+00:00,MUĞLA,48,18.428,9.928,0.0,24.590923,3.0,42.69299,938.88306,22.14,Overcast
2022-04-01 21:00:00+00:00,MUĞLA,48,17.528,9.328,0.0,14.618837,3.0,57.5659,937.5915,23.26,Overcast
2022-04-02 21:00:00+00:00,MUĞLA,48,16.778,8.428,0.0,14.007655,3.0,52.348454,939.58356,21.75,Overcast
2022-04-03 21:00:00+00:00,MUĞLA,48,19.227999,8.228,0.0,9.904906,3.0,48.191006,941.3304,20.64,Overcast
2022-04-04 21:00:00+00:00,MUĞLA,48,19.678,11.378,0.0,24.490585,3.0,41.779087,936.9221,19.75,Overcast
2022-04-05 21:00:00+00:00,MUĞLA,48,22.428,8.728,0.0,17.84816,3.0,50.802464,934.5263,23.55,Overcast
2022-04-06 21:00:00+00:00,MUĞLA,48,20.727999,11.228,0.4,18.440998,51.0,53.848125,933.8904,11.58,Drizzle: Light
2022-04-07 21:00:00+00:00,MUĞLA,48,19.678,9.328,1.2,18.089775,53.0,70.07795,933.34015,21.69,Drizzle: Moderate
2022-04-08 21:00:00+00:00,MUĞLA,48,19.477999,8.928,0.1,17.873556,51.0,55.422684,936.71014,23.69,Drizzle: Light
2022-04-09 21:00:00+00:00,MUĞLA,48,17.928,8.078,0.1,15.158522,51.0,67.068855,935.72876,23.94,Drizzle: Light
2022-04-10 21:00:00+00:00,MUĞLA,48,13.028,5.428,5.0,24.26998,63.0,74.63366,933.3475,21.1,Rain: Moderate
2022-04-11 21:00:00+00:00,MUĞLA,48,13.778,3.4780002,0.0,18.35647,0.0,52.382847,939.014,25.38,Clear sky
2022-04-12 21:00:00+00:00,MUĞLA,48,16.428,5.178,0.0,12.864649,0.0,39.266636,939.0744,25.57,Clear sky
2022-04-13 21:00:00+00:00,MUĞLA,48,16.377998,3.378,0.0,11.298495,0.0,48.690018,940.4362,25.47,Clear sky
2022-04-14 21:00:00+00:00,MUĞLA,48,20.078,4.778,0.0,14.386494,3.0,47.799274,939.9576,25.56,Overcast
2022-04-15 21:00:00+00:00,MUĞLA,48,21.578,9.428,0.0,15.379206,3.0,39.27988,938.3003,22.03,Overcast
2022-04-16 21:00:00+00:00,MUĞLA,48,21.178,13.228,0.8,18.681883,51.0,38.76127,931.47797,9.71,Drizzle: Light
2022-04-17 21:00:00+00:00,MUĞLA,48,17.678,9.828,0.2,18.014393,51.0,75.24952,928.94775,21.36,Drizzle: Light
2022-04-18 21:00:00+00:00,MUĞLA,48,13.628,8.378,10.2,12.605142,63.0,79.32499,933.1733,17.54,Rain: Moderate
2022-04-19 21:00:00+00:00,MUĞLA,48,15.128,6.6280003,0.0,16.80857,1.0,64.98105,938.60596,25.44,Mainly clear
2022-04-20 21:00:00+00:00,MUĞLA,48,18.227999,5.1280003,0.0,11.4862,3.0,62.61098,939.4439,25.53,Overcast
2022-04-21 21:00:00+00:00,MUĞLA,48,21.977999,7.6280003,0.0,12.620554,0.0,51.443012,938.6153,25.94,Clear sky
2022-04-22 21:00:00+00:00,MUĞLA,48,22.977999,12.878,0.0,11.901798,3.0,39.5631,935.72485,25.47,Overcast
2022-04-23 21:00:00+00:00,MUĞLA,48,24.328,10.828,0.0,10.308831,0.0,37.624325,934.1397,26.96,Clear sky
2022-04-24 21:00:00+00:00,MUĞLA,48,23.578,10.928,0.0,11.570515,3.0,44.113724,934.54395,26.31,Overcast
2022-04-25 21:00:00+00:00,MUĞLA,48,23.477999,10.178,0.0,13.1041975,3.0,56.82973,935.6118,24.71,Overcast
2022-04-26 21:00:00+00:00,MUĞLA,48,23.428,12.678,0.1,11.043261,51.0,58.74,935.9577,23.39,Drizzle: Light
2022-04-27 21:00:00+00:00,MUĞLA,48,24.328,14.378,0.0,13.397612,0.0,52.893,936.2541,26.44,Clear sky
2022-04-28 21:00:00+00:00,MUĞLA,48,25.178,13.528,0.0,13.207634,3.0,44.2161,936.736,24.75,Overcast
2022-04-29 21:00:00+00:00,MUĞLA,48,24.578,15.978,0.0,17.227419,3.0,44.907513,934.8921,22.15,Overcast
2022-04-30 21:00:00+00:00,MUĞLA,48,24.528,12.378,0.0,16.992609,3.0,52.67325,935.17206,27.04,Overcast
2022-05-01 21:00:00+00:00,MUĞLA,48,19.428,11.678,1.6,17.068707,53.0,65.18937,934.57135,13.21,Drizzle: Moderate
2022-05-02 21:00:00+00:00,MUĞLA,48,19.428,11.528,3.5999994,13.979871,61.0,70.20079,933.6465,22.1,Rain: Slight
2022-05-03 21:00:00+00:00,MUĞLA,48,19.127998,10.178,0.0,23.770906,3.0,61.979828,935.128,26.15,Overcast
2022-05-04 21:00:00+00:00,MUĞLA,48,20.078,8.178,0.0,21.707731,1.0,45.712906,938.22235,27.35,Mainly clear
2022-05-05 21:00:00+00:00,MUĞLA,48,20.828,10.028,0.0,16.215992,3.0,42.45821,939.59576,28.42,Overcast
2022-05-06 21:00:00+00:00,MUĞLA,48,23.377998,10.428,0.0,11.885453,3.0,37.17502,938.3899,28.49,Overcast
2022-05-07 21:00:00+00:00,MUĞLA,48,22.428,10.628,0.0,15.277749,3.0,48.341038,940.3095,27.35,Overcast
2022-05-08 21:00:00+00:00,MUĞLA,48,20.828,11.778,2.9999998,10.137692,55.0,52.577362,939.5069,21.52,Drizzle: Dense
2022-05-09 21:00:00+00:00,MUĞLA,48,22.328,9.828,0.0,12.496719,1.0,53.8033,938.73047,26.18,Mainly clear
2022-05-10 21:00:00+00:00,MUĞLA,48,20.028,11.028,0.8,13.32,53.0,55.710556,939.7761,23.97,Drizzle: Moderate
2022-05-11 21:00:00+00:00,MUĞLA,48,23.678,11.428,0.0,11.966954,3.0,52.809464,942.8885,27.24,Overcast
2022-05-12 21:00:00+00:00,MUĞLA,48,22.328,13.478,0.0,15.986595,3.0,51.351288,942.9173,26.32,Overcast
2022-05-13 21:00:00+00:00,MUĞLA,48,22.028,11.478,0.0,13.698934,1.0,47.82156,940.1451,26.86,Mainly clear
2022-05-14 21:00:00+00:00,MUĞLA,48,24.828,12.728,0.2,17.935081,51.0,46.43909,939.5757,27.58,Drizzle: Light
2022-05-15 21:00:00+00:00,MUĞLA,48,26.428,14.228,0.0,14.904173,2.0,45.066116,941.9638,26.14,Partly cloudy
2022-05-16 21:00:00+00:00,MUĞLA,48,27.028,15.328,0.0,12.57426,0.0,44.373333,940.1657,28.23,Clear sky
2022-05-17 21:00:00+00:00,MUĞLA,48,24.877998,15.328,0.0,12.682018,1.0,50.682068,938.68256,26.4,Mainly clear
2022-05-18 21:00:00+00:00,MUĞLA,48,22.078,12.378,6.7,20.188908,63.0,53.155407,939.03033,23.31,Rain: Moderate
2022-05-19 21:00:00+00:00,MUĞLA,48,22.178,10.728,26.0,19.914215,65.0,60.271328,940.7173,23.33,Rain: Heavy
2022-05-20 21:00:00+00:00,MUĞLA,48,23.727999,12.028,3.8,14.113653,63.0,54.155773,939.9309,23.23,Rain: Moderate
2022-05-21 21:00:00+00:00,MUĞLA,48,26.428,15.428,1.0,12.783802,55.0,44.28072,933.93774,24.28,Drizzle: Dense
2022-05-22 21:00:00+00:00,MUĞLA,48,24.828,14.928,0.0,16.418526,2.0,49.668762,934.3015,25.64,Partly cloudy
2022-05-23 21:00:00+00:00,MUĞLA,48,26.227999,15.528,0.0,14.76439,3.0,48.945267,936.9953,26.28,Overcast
2022-05-24 21:00:00+00:00,MUĞLA,48,29.377998,15.528,0.5,12.641076,53.0,47.035877,941.3057,26.2,Drizzle: Moderate
2022-05-25 21:00:00+00:00,MUĞLA,48,30.028,17.928,0.0,12.682018,2.0,38.421635,943.43427,27.3,Partly cloudy
2022-05-26 21:00:00+00:00,MUĞLA,48,30.028,18.627998,0.0,18.161278,3.0,35.79127,941.49884,25.77,Overcast
2022-05-27 21:00:00+00:00,MUĞLA,48,31.078,18.328,0.0,12.758432,2.0,36.811314,937.8296,27.51,Partly cloudy
2022-05-28 21:00:00+00:00,MUĞLA,48,30.227999,19.278,0.0,19.803272,2.0,32.985558,937.76324,29.19,Partly cloudy
2022-05-29 21:00:00+00:00,MUĞLA,48,27.627998,18.078,0.0,17.114204,0.0,41.870415,937.8869,29.45,Clear sky
2022-05-30 21:00:00+00:00,MUĞLA,48,30.828,15.128,0.0,17.58481,1.0,50.361923,937.13885,29.15,Mainly clear
2022-05-31 21:00:00+00:00,MUĞLA,48,30.078,19.578,0.0,16.394829,3.0,39.717655,935.8205,23.01,Overcast
2022-06-01 21:00:00+00:00,MUĞLA,48,31.328,18.877998,1.1,14.417988,53.0,40.113056,934.6701,25.07,Drizzle: Moderate
2022-06-02 21:00:00+00:00,MUĞLA,48,27.727999,17.977999,1.5,12.7279215,55.0,53.214645,935.3108,25.86,Drizzle: Dense
2022-06-03 21:00:00+00:00,MUĞLA,48,29.578,16.078,0.3,12.984975,51.0,55.753796,936.8238,26.27,Drizzle: Light
2022-06-04 21:00:00+00:00,MUĞLA,48,28.778,17.928,1.5,11.298495,61.0,60.0491,936.59546,25.2,Rain: Slight
2022-06-05 21:00:00+00:00,MUĞLA,48,31.727999,18.528,0.0,14.707222,3.0,43.021667,935.37286,28.41,Overcast
2022-06-06 21:00:00+00:00,MUĞLA,48,29.678,19.227999,0.0,13.708391,1.0,42.65044,933.2053,28.44,Mainly clear
2022-06-07 21:00:00+00:00,MUĞLA,48,26.877998,16.877998,0.0,16.09969,1.0,47.755142,933.8099,27.85,Mainly clear
2022-06-08 21:00:00+00:00,MUĞLA,48,26.828,15.728,0.0,14.799459,3.0,49.139618,935.76587,28.21,Overcast
2022-06-09 21:00:00+00:00,MUĞLA,48,27.227999,16.477999,0.0,14.917212,2.0,54.232395,937.0522,28.93,Partly cloudy
2022-06-10 21:00:00+00:00,MUĞLA,48,24.028,15.728,11.5,32.535713,63.0,70.417915,933.30194,17.06,Rain: Moderate
2022-06-11 21:00:00+00:00,MUĞLA,48,24.028,14.678,0.3,16.418526,51.0,71.962616,931.13916,24.97,Drizzle: Light
2022-06-12 21:00:00+00:00,MUĞLA,48,25.678,15.928,11.300001,12.303366,65.0,67.1043,931.313,25.11,Rain: Heavy
2022-06-13 21:00:00+00:00,MUĞLA,48,26.278,17.078,4.9,13.217443,63.0,68.59779,934.4661,24.08,Rain: Moderate
2022-06-14 21:00:00+00:00,MUĞLA,48,26.078,15.028,7.7000003,11.090103,63.0,68.88682,938.03174,25.53,Rain: Moderate
2022-06-15 21:00:00+00:00,MUĞLA,48,27.328,15.928,3.1,11.966954,61.0,59.608196,938.731,26.96,Rain: Slight
2022-06-16 21:00:00+00:00,MUĞLA,48,28.828,16.578,0.0,11.720751,0.0,52.925343,937.4041,29.48,Clear sky
2022-06-17 21:00:00+00:00,MUĞLA,48,29.778,17.828,0.0,12.964998,1.0,48.92123,934.8023,29.52,Mainly clear
2022-06-18 21:00:00+00:00,MUĞLA,48,29.178,17.627998,0.0,10.587917,0.0,55.262466,935.7033,28.81,Clear sky
2022-06-19 21:00:00+00:00,MUĞLA,48,26.328,17.877998,0.0,13.044722,0.0,63.342575,936.517,29.63,Clear sky
2022-06-20 21:00:00+00:00,MUĞLA,48,26.877998,16.477999,0.0,21.434364,1.0,53.991924,934.1009,29.6,Mainly clear
2022-06-21 21:00:00+00:00,MUĞLA,48,31.877998,19.377998,0.0,19.08,2.0,38.75959,935.06396,28.56,Partly cloudy
2022-06-22 21:00:00+00:00,MUĞLA,48,32.278,19.727999,0.0,19.95972,3.0,40.383774,936.56744,28.07,Overcast
2022-06-23 21:00:00+00:00,MUĞLA,48,30.127998,20.828,0.1,23.740902,51.0,43.378353,934.9632,25.56,Drizzle: Light
2022-06-24 21:00:00+00:00,MUĞLA,48,28.977999,17.328,0.0,18.861387,0.0,38.831524,936.8101,30.37,Clear sky
2022-06-25 21:00:00+00:00,MUĞLA,48,28.877998,18.828,0.1,19.881649,51.0,42.058975,936.8953,27.17,Drizzle: Light
2022-06-26 21:00:00+00:00,MUĞLA,48,30.127998,19.328,0.0,16.93531,3.0,34.188267,936.4333,29.88,Overcast
2022-06-27 21:00:00+00:00,MUĞLA,48,29.477999,19.877998,0.4,18.416384,51.0,43.083553,935.4598,27.66,Drizzle: Light
2022-06-28 21:00:00+00:00,MUĞLA,48,29.727999,19.528,0.0,14.799459,3.0,43.90968,935.1062,26.8,Overcast
2022-06-29 21:00:00+00:00,MUĞLA,48,30.477999,18.377998,0.0,14.021525,3.0,44.908474,934.44336,26.33,Overcast
2022-06-30 21:00:00+00:00,MUĞLA,48,32.978,19.578,0.0,17.651016,3.0,37.302273,934.69824,28.63,Overcast
2022-07-01 21:00:00+00:00,MUĞLA,48,34.078,22.627998,0.0,12.984975,2.0,36.47153,935.5008,28.81,Partly cloudy
2022-07-02 21:00:00+00:00,MUĞLA,48,34.978,22.627998,0.0,16.039202,0.0,30.775213,934.86664,30.48,Clear sky
2022-07-03 21:00:00+00:00,MUĞLA,48,34.378,19.727999,0.0,17.283749,0.0,24.806007,933.9505,31.02,Clear sky
2022-07-04 21:00:00+00:00,MUĞLA,48,33.778,19.028,0.0,18.504139,0.0,25.395119,933.88055,30.97,Clear sky
2022-07-05 21:00:00+00:00,MUĞLA,48,33.927998,18.977999,0.0,17.072504,0.0,33.777462,933.1949,30.26,Clear sky
2022-07-06 21:00:00+00:00,MUĞLA,48,34.478,20.627998,0.0,17.373497,2.0,33.33092,933.74603,28.79,Partly cloudy
2022-07-07 21:00:00+00:00,MUĞLA,48,32.927998,20.928,0.0,17.709658,1.0,33.475452,934.43427,29.65,Mainly clear
2022-07-08 21:00:00+00:00,MUĞLA,48,30.377998,19.928,0.0,15.580141,1.0,41.195602,932.21533,26.94,Mainly clear
2022-07-09 21:00:00+00:00,MUĞLA,48,29.828,18.428,0.2,19.826164,51.0,44.6178,930.3574,28.12,Drizzle: Light
2022-07-10 21:00:00+00:00,MUĞLA,48,32.427998,19.477999,0.0,18.11841,1.0,33.29346,934.9057,29.38,Mainly clear
2022-07-11 21:00:00+00:00,MUĞLA,48,31.678,19.528,0.0,22.218153,1.0,36.41022,937.13477,29.05,Mainly clear
2022-07-12 21:00:00+00:00,MUĞLA,48,33.228,20.127998,0.0,17.782688,0.0,35.424572,936.05914,29.75,Clear sky
2022-07-13 21:00:00+00:00,MUĞLA,48,32.978,21.428,0.0,18.175545,1.0,35.941746,934.712,28.19,Mainly clear
2022-07-14 21:00:00+00:00,MUĞLA,48,34.028,22.578,0.0,16.363178,2.0,34.47467,933.383,28.76,Partly cloudy
2022-07-15 21:00:00+00:00,MUĞLA,48,34.427998,20.877998,0.0,19.734436,0.0,34.65651,935.0473,29.49,Clear sky
2022-07-16 21:00:00+00:00,MUĞLA,48,35.228,22.578,0.0,16.92383,0.0,25.642265,936.21484,29.69,Clear sky
2022-07-17 21:00:00+00:00,MUĞLA,48,33.478,22.678,0.0,17.533146,0.0,33.324806,936.06195,29.19,Clear sky
2022-07-18 21:00:00+00:00,MUĞLA,48,34.028,22.127998,0.0,16.055353,3.0,32.35333,935.9045,29.47,Overcast
2022-07-19 21:00:00+00:00,MUĞLA,48,33.978,20.928,0.0,13.237038,1.0,29.362875,935.8206,29.44,Mainly clear
2022-07-20 21:00:00+00:00,MUĞLA,48,33.878,21.377998,0.0,15.990646,0.0,26.187332,935.2596,29.67,Clear sky
2022-07-21 21:00:00+00:00,MUĞLA,48,35.228,22.278,0.0,13.202726,0.0,21.14944,936.6066,29.89,Clear sky
2022-07-22 21:00:00+00:00,MUĞLA,48,35.828,22.528,0.0,12.964998,0.0,19.447346,937.0335,29.96,Clear sky
2022-07-23 21:00:00+00:00,MUĞLA,48,35.278,22.627998,0.0,15.683774,0.0,16.117662,935.5965,30.09,Clear sky
2022-07-24 21:00:00+00:00,MUĞLA,48,35.828,21.877998,0.0,16.62249,0.0,15.754123,933.9433,29.82,Clear sky
2022-07-25 21:00:00+00:00,MUĞLA,48,36.427998,22.977999,0.0,12.181624,0.0,27.40364,933.27045,28.88,Clear sky
2022-07-26 21:00:00+00:00,MUĞLA,48,34.628,22.078,0.0,14.081477,0.0,27.470526,933.59814,28.87,Clear sky
2022-07-27 21:00:00+00:00,MUĞLA,48,35.278,21.778,0.0,13.039754,0.0,29.992226,934.6985,28.7,Clear sky
2022-07-28 21:00:00+00:00,MUĞLA,48,35.378,22.578,0.0,13.849476,1.0,36.82442,935.2719,25.98,Mainly clear
2022-07-29 21:00:00+00:00,MUĞLA,48,37.778,24.828,0.0,15.546833,1.0,30.064096,934.70184,27.59,Mainly clear
2022-07-30 21:00:00+00:00,MUĞLA,48,35.978,23.627998,0.0,21.897945,0.0,26.463186,933.0586,28.82,Clear sky
2022-07-31 21:00:00+00:00,MUĞLA,48,36.677998,23.778,0.0,17.533146,1.0,28.484182,931.90967,28.18,Mainly clear
2022-08-01 21:00:00+00:00,MUĞLA,48,35.578,23.127998,0.0,15.937878,0.0,33.398327,932.87866,28.1,Clear sky
2022-08-02 21:00:00+00:00,MUĞLA,48,34.878,22.928,0.0,15.111424,0.0,31.108618,933.84515,27.66,Clear sky
2022-08-03 21:00:00+00:00,MUĞLA,48,35.028,23.528,0.0,13.039754,0.0,40.35014,935.0688,27.44,Clear sky
2022-08-04 21:00:00+00:00,MUĞLA,48,34.278,23.278,0.0,13.779114,0.0,47.05815,934.38403,27.59,Clear sky
2022-08-05 21:00:00+00:00,MUĞLA,48,31.778,23.227999,0.0,13.039754,0.0,54.494614,932.0898,26.32,Clear sky
2022-08-06 21:00:00+00:00,MUĞLA,48,32.228,22.627998,4.7000003,9.726665,63.0,58.4193,930.6711,23.57,Rain: Moderate
2022-08-07 21:00:00+00:00,MUĞLA,48,30.928,21.428,5.9,9.028754,63.0,64.1168,933.1443,22.86,Rain: Moderate
2022-08-08 21:00:00+00:00,MUĞLA,48,30.977999,21.227999,0.1,11.183201,51.0,52.366467,933.83685,23.04,Drizzle: Light
2022-08-09 21:00:00+00:00,MUĞLA,48,30.977999,20.977999,0.0,15.629971,1.0,52.392628,932.9729,23.59,Mainly clear
2022-08-10 21:00:00+00:00,MUĞLA,48,30.778,21.078,3.5,10.829958,63.0,56.736507,933.7012,22.38,Rain: Moderate
2022-08-11 21:00:00+00:00,MUĞLA,48,31.127998,20.778,0.0,11.792404,1.0,51.05261,934.6472,23.93,Mainly clear
2022-08-12 21:00:00+00:00,MUĞLA,48,31.328,21.377998,0.0,14.917212,1.0,47.046406,933.03107,24.83,Mainly clear
2022-08-13 21:00:00+00:00,MUĞLA,48,29.778,20.028,0.1,13.392774,51.0,53.728207,932.0615,25.12,Drizzle: Light
2022-08-14 21:00:00+00:00,MUĞLA,48,28.028,18.727999,0.0,15.575981,2.0,50.514263,933.51263,21.97,Partly cloudy
2022-08-15 21:00:00+00:00,MUĞLA,48,30.877998,18.778,0.0,15.124284,0.0,49.01442,936.7984,26.44,Clear sky
2022-08-16 21:00:00+00:00,MUĞLA,48,34.128,20.928,0.0,17.654686,0.0,37.657955,935.0166,26.23,Clear sky
2022-08-17 21:00:00+00:00,MUĞLA,48,34.628,23.428,0.0,15.893093,3.0,37.304058,933.3032,23.12,Overcast
2022-08-18 21:00:00+00:00,MUĞLA,48,34.128,23.278,0.0,16.279802,0.0,31.402872,933.3609,26.25,Clear sky
2022-08-19 21:00:00+00:00,MUĞLA,48,33.878,23.528,0.0,15.986593,0.0,38.04806,933.3823,26.0,Clear sky
2022-08-20 21:00:00+00:00,MUĞLA,48,32.578,20.678,0.0,13.1041975,0.0,41.53437,931.96405,25.15,Clear sky
2022-08-21 21:00:00+00:00,MUĞLA,48,30.178,20.678,0.0,18.228943,0.0,57.655594,932.7346,25.19,Clear sky
2022-08-22 21:00:00+00:00,MUĞLA,48,28.377998,18.428,0.0,9.793058,0.0,56.095783,935.3086,25.35,Clear sky
2022-08-23 21:00:00+00:00,MUĞLA,48,24.977999,18.278,0.90000004,12.783802,53.0,68.56072,935.5173,20.03,Drizzle: Moderate
2022-08-24 21:00:00+00:00,MUĞLA,48,25.477999,18.328,0.70000005,10.883676,51.0,70.244576,934.906,20.91,Drizzle: Light
2022-08-25 21:00:00+00:00,MUĞLA,48,25.528,17.977999,0.5,12.7279215,51.0,71.00617,934.6785,22.21,Drizzle: Light
2022-08-26 21:00:00+00:00,MUĞLA,48,26.977999,17.678,0.0,11.503113,0.0,64.808495,936.82574,23.85,Clear sky
2022-08-27 21:00:00+00:00,MUĞLA,48,29.127998,18.227999,0.0,11.542478,1.0,63.302227,937.7486,23.63,Mainly clear
2022-08-28 21:00:00+00:00,MUĞLA,48,31.328,20.227999,0.0,13.084402,0.0,55.257877,938.0003,24.25,Clear sky
2022-08-29 21:00:00+00:00,MUĞLA,48,30.328,20.328,0.0,12.682018,0.0,55.61855,938.3484,23.93,Clear sky
2022-08-30 21:00:00+00:00,MUĞLA,48,28.828,18.678,0.0,12.758432,0.0,61.107517,937.1101,23.65,Clear sky
2022-08-31 21:00:00+00:00,MUĞLA,48,29.627998,19.377998,0.2,11.384198,51.0,61.713104,935.78705,21.08,Drizzle: Light
2022-09-01 21:00:00+00:00,MUĞLA,48,28.977999,18.778,0.0,13.32,0.0,59.028988,937.0933,23.1,Clear sky
2022-09-02 21:00:00+00:00,MUĞLA,48,30.227999,18.977999,0.0,15.30741,1.0,55.479507,938.9349,22.62,Mainly clear
2022-09-03 21:00:00+00:00,MUĞLA,48,34.078,21.377998,0.0,15.509274,0.0,40.621334,939.53876,23.64,Clear sky
2022-09-04 21:00:00+00:00,MUĞLA,48,32.528,19.828,0.0,14.685176,1.0,40.39416,936.48895,23.04,Mainly clear
2022-09-05 21:00:00+00:00,MUĞLA,48,31.678,20.028,0.0,15.192682,0.0,38.714893,935.8532,23.53,Clear sky
2022-09-06 21:00:00+00:00,MUĞLA,48,30.828,18.377998,0.0,16.595179,0.0,41.93531,936.59906,22.62,Clear sky
2022-09-07 21:00:00+00:00,MUĞLA,48,30.828,18.578,0.0,16.299694,0.0,37.782345,938.5997,23.36,Clear sky
2022-09-08 21:00:00+00:00,MUĞLA,48,31.877998,16.828,0.0,15.815435,0.0,30.49515,940.16425,23.76,Clear sky
2022-09-09 21:00:00+00:00,MUĞLA,48,33.778,18.328,0.0,12.371645,0.0,28.297598,939.42926,23.32,Clear sky
2022-09-10 21:00:00+00:00,MUĞLA,48,33.478,20.877998,0.0,12.9249525,0.0,34.81422,937.0198,22.85,Clear sky
2022-09-11 21:00:00+00:00,MUĞLA,48,31.328,20.778,0.0,19.483284,2.0,42.49272,933.3584,21.6,Partly cloudy
2022-09-12 21:00:00+00:00,MUĞLA,48,28.778,18.028,0.0,18.440998,0.0,42.232033,932.67865,22.89,Clear sky
2022-09-13 21:00:00+00:00,MUĞLA,48,29.127998,17.377998,0.0,15.937878,0.0,31.745329,936.6892,22.89,Clear sky
2022-09-14 21:00:00+00:00,MUĞLA,48,30.227999,16.278,0.0,13.783817,0.0,28.420462,939.85986,22.67,Clear sky
2022-09-15 21:00:00+00:00,MUĞLA,48,31.477999,18.127998,0.0,13.049689,0.0,30.876066,938.6059,22.32,Clear sky
2022-09-16 21:00:00+00:00,MUĞLA,48,30.528,18.377998,0.0,11.726277,0.0,38.06983,935.57806,22.01,Clear sky
2022-09-17 21:00:00+00:00,MUĞLA,48,27.078,18.377998,0.0,12.10157,0.0,46.848434,935.949,21.59,Clear sky
2022-09-18 21:00:00+00:00,MUĞLA,48,29.678,18.178,0.0,17.072504,0.0,51.857098,936.1946,21.56,Clear sky
2022-09-19 21:00:00+00:00,MUĞLA,48,28.278,16.678,0.0,20.730501,1.0,36.835392,935.40454,21.9,Mainly clear
2022-09-20 21:00:00+00:00,MUĞLA,48,25.928,16.428,0.0,19.61587,3.0,32.853897,934.19354,21.13,Overcast
2022-09-21 21:00:00+00:00,MUĞLA,48,23.377998,14.628,0.0,19.813087,2.0,38.90463,934.31244,19.81,Partly cloudy
2022-09-22 21:00:00+00:00,MUĞLA,48,22.227999,11.178,0.0,17.114204,3.0,32.832508,936.43,20.7,Overcast
2022-09-23 21:00:00+00:00,MUĞLA,48,24.928,12.278,0.0,14.345898,3.0,28.06003,940.14215,21.64,Overcast
2022-09-24 21:00:00+00:00,MUĞLA,48,25.828,12.678,0.0,10.594036,0.0,25.544912,942.4017,21.37,Clear sky
2022-09-25 21:00:00+00:00,MUĞLA,48,26.727999,13.278,0.0,11.043261,2.0,28.522455,941.18555,21.4,Partly cloudy
2022-09-26 21:00:00+00:00,MUĞLA,48,23.877998,13.878,0.0,14.77755,3.0,38.488373,938.6663,19.81,Overcast
2022-09-27 21:00:00+00:00,MUĞLA,48,24.828,16.627998,0.2,14.77755,51.0,68.4643,938.10614,16.92,Drizzle: Light
2022-09-28 21:00:00+00:00,MUĞLA,48,25.828,16.778,0.0,13.237038,2.0,67.92235,939.6174,17.21,Partly cloudy
2022-09-29 21:00:00+00:00,MUĞLA,48,29.727999,18.477999,0.0,15.4800005,3.0,50.847977,943.12915,18.84,Overcast
2022-09-30 21:00:00+00:00,MUĞLA,48,33.828,18.178,0.0,19.171478,1.0,40.719624,945.3137,19.03,Mainly clear
2022-10-01 21:00:00+00:00,MUĞLA,48,27.778,20.428,0.0,23.03156,3.0,42.90372,938.6358,17.6,Overcast
2022-10-02 21:00:00+00:00,MUĞLA,48,28.428,16.877998,0.0,21.542923,1.0,32.72848,933.5236,19.62,Mainly clear
2022-10-03 21:00:00+00:00,MUĞLA,48,26.078,15.578,0.0,20.633371,3.0,36.45614,936.07697,18.64,Overcast
2022-10-04 21:00:00+00:00,MUĞLA,48,25.028,13.228,0.0,13.358861,0.0,39.426785,940.60767,19.08,Clear sky
2022-10-05 21:00:00+00:00,MUĞLA,48,24.877998,14.078,0.0,12.605142,3.0,39.44127,940.04004,16.84,Overcast
2022-10-06 21:00:00+00:00,MUĞLA,48,23.127998,14.528,3.4,13.1041975,63.0,53.594364,938.176,14.94,Rain: Moderate
2022-10-07 21:00:00+00:00,MUĞLA,48,22.627998,12.828,0.0,15.273505,3.0,51.653103,937.9218,17.03,Overcast
2022-10-08 21:00:00+00:00,MUĞLA,48,24.828,13.878,0.0,12.9249525,0.0,50.622684,939.9334,17.85,Clear sky
2022-10-09 21:00:00+00:00,MUĞLA,48,25.028,12.878,0.0,11.609651,2.0,51.872356,943.1975,17.69,Partly cloudy
2022-10-10 21:00:00+00:00,MUĞLA,48,24.578,14.078,0.0,11.119281,3.0,50.83066,943.08356,17.0,Overcast
2022-10-11 21:00:00+00:00,MUĞLA,48,24.227999,13.078,0.0,14.345898,3.0,57.550064,940.6616,17.16,Overcast
2022-10-12 21:00:00+00:00,MUĞLA,48,25.227999,13.028,0.0,11.966954,3.0,57.52304,939.7133,17.18,Overcast
2022-10-13 21:00:00+00:00,MUĞLA,48,21.578,14.028,0.1,11.043261,51.0,62.011875,936.9482,13.41,Drizzle: Light
2022-10-14 21:00:00+00:00,MUĞLA,48,20.328,13.678,3.3000002,14.707222,55.0,68.85244,934.7097,11.29,Drizzle: Dense
2022-10-15 21:00:00+00:00,MUĞLA,48,21.727999,13.128,0.4,13.138765,51.0,69.933105,937.4204,12.27,Drizzle: Light
2022-10-16 21:00:00+00:00,MUĞLA,48,22.778,14.028,0.0,17.654686,3.0,58.637493,941.2331,13.09,Overcast
2022-10-17 21:00:00+00:00,MUĞLA,48,26.127998,16.127998,0.1,13.32,51.0,54.12256,941.832,15.03,Drizzle: Light
2022-10-18 21:00:00+00:00,MUĞLA,48,21.877998,13.828,1.9,10.483357,61.0,69.42693,939.0625,14.01,Rain: Slight
2022-10-19 21:00:00+00:00,MUĞLA,48,23.578,12.428,0.0,10.464798,1.0,64.581055,938.5036,15.32,Mainly clear
2022-10-20 21:00:00+00:00,MUĞLA,48,22.778,12.328,0.0,12.979984,0.0,47.38132,939.7747,16.29,Clear sky
2022-10-21 21:00:00+00:00,MUĞLA,48,22.078,10.328,0.0,11.966954,0.0,36.286785,943.3044,16.42,Clear sky
2022-10-22 21:00:00+00:00,MUĞLA,48,24.028,8.028,0.0,8.0899935,1.0,27.652563,944.2319,15.74,Mainly clear
2022-10-23 21:00:00+00:00,MUĞLA,48,25.828,12.028,0.0,10.805999,0.0,32.63382,943.185,15.62,Clear sky
2022-10-24 21:00:00+00:00,MUĞLA,48,24.127998,12.078,0.0,11.4862,0.0,37.816776,941.3344,15.57,Clear sky
2022-10-25 21:00:00+00:00,MUĞLA,48,25.477999,11.028,0.0,10.636766,0.0,35.58532,941.12286,15.38,Clear sky
2022-10-26 21:00:00+00:00,MUĞLA,48,25.578,13.378,0.0,10.8955765,0.0,31.809816,943.7574,15.24,Clear sky
2022-10-27 21:00:00+00:00,MUĞLA,48,23.578,11.478,0.0,13.37825,2.0,42.027332,942.7127,14.49,Partly cloudy
2022-10-28 21:00:00+00:00,MUĞLA,48,22.727999,11.778,0.0,12.24,0.0,41.132328,941.2111,14.75,Clear sky
2022-10-29 21:00:00+00:00,MUĞLA,48,22.377998,10.778,0.0,12.10157,0.0,34.773518,939.9399,14.72,Clear sky
2022-10-30 21:00:00+00:00,MUĞLA,48,22.828,10.378,0.0,9.826088,0.0,31.895613,939.3973,14.64,Clear sky
2022-10-31 21:00:00+00:00,MUĞLA,48,23.778,9.928,0.0,10.464797,0.0,36.42391,940.9941,14.33,Clear sky
2022-11-01 21:00:00+00:00,MUĞLA,48,24.078,9.978,0.0,10.1376915,0.0,33.48366,941.1795,14.46,Clear sky
2022-11-02 21:00:00+00:00,MUĞLA,48,25.528,11.628,0.0,10.829959,2.0,28.770376,941.62164,14.11,Partly cloudy
2022-11-03 21:00:00+00:00,MUĞLA,48,23.727999,10.928,0.0,11.384199,3.0,32.836235,940.772,13.67,Overcast
2022-11-04 21:00:00+00:00,MUĞLA,48,20.528,11.928,0.0,14.386494,3.0,52.70018,941.2068,13.35,Overcast
2022-11-05 21:00:00+00:00,MUĞLA,48,17.028,11.778,5.4999995,15.484185,61.0,83.76255,939.34015,7.98,Rain: Slight
2022-11-06 21:00:00+00:00,MUĞLA,48,17.227999,10.928,2.3,11.177405,53.0,69.52221,936.48627,8.67,Drizzle: Moderate
2022-11-07 21:00:00+00:00,MUĞLA,48,20.278,9.078,0.0,10.853866,2.0,53.332077,937.81586,13.22,Partly cloudy
2022-11-08 21:00:00+00:00,MUĞLA,48,19.727999,8.078,0.0,10.446206,0.0,49.84415,939.5652,13.29,Clear sky
2022-11-09 21:00:00+00:00,MUĞLA,48,18.778,6.028,0.0,9.673221,0.0,48.01257,941.79663,13.61,Clear sky
2022-11-10 21:00:00+00:00,MUĞLA,48,18.477999,7.578,0.0,9.885262,0.0,47.637817,944.4388,13.19,Clear sky
2022-11-11 21:00:00+00:00,MUĞLA,48,17.578,8.528,0.0,12.57426,3.0,55.067154,945.53644,11.6,Overcast
2022-11-12 21:00:00+00:00,MUĞLA,48,20.377998,7.078,0.0,11.252519,1.0,46.821712,946.88104,12.91,Mainly clear
2022-11-13 21:00:00+00:00,MUĞLA,48,18.877998,6.428,0.0,9.007196,0.0,40.10586,941.79913,13.14,Clear sky
2022-11-14 21:00:00+00:00,MUĞLA,48,16.178,6.528,0.0,8.225035,3.0,46.331326,939.1893,12.65,Overcast
2022-11-15 21:00:00+00:00,MUĞLA,48,14.428,8.378,0.0,9.19939,3.0,66.98016,936.93555,12.29,Overcast
2022-11-16 21:00:00+00:00,MUĞLA,48,14.178,7.478,0.4,12.245293,51.0,80.63876,937.0273,7.85,Drizzle: Light
2022-11-17 21:00:00+00:00,MUĞLA,48,15.678,10.778,5.3,20.592503,55.0,88.41208,937.8826,7.07,Drizzle: Dense
2022-11-18 21:00:00+00:00,MUĞLA,48,16.528,11.628,4.7999988,14.386494,61.0,91.31681,943.1108,8.32,Rain: Slight
2022-11-19 21:00:00+00:00,MUĞLA,48,15.978,12.528,2.1999998,17.782686,53.0,83.90637,945.8256,7.51,Drizzle: Moderate
2022-11-20 21:00:00+00:00,MUĞLA,48,15.928,10.678,19.6,20.730501,63.0,86.64428,940.5534,6.27,Rain: Moderate
2022-11-21 21:00:00+00:00,MUĞLA,48,15.428,8.278,6.5999994,9.028754,63.0,80.55674,938.60156,11.38,Rain: Moderate
2022-11-22 21:00:00+00:00,MUĞLA,48,12.028,8.778,48.1,22.553936,65.0,87.41949,936.8968,2.92,Rain: Heavy
2022-11-23 21:00:00+00:00,MUĞLA,48,12.128,7.328,20.7,10.787993,63.0,90.71466,931.68945,5.76,Rain: Moderate
2022-11-24 21:00:00+00:00,MUĞLA,48,12.128,6.3780003,0.0,16.394829,2.0,75.535225,933.022,10.8,Partly cloudy
2022-11-25 21:00:00+00:00,MUĞLA,48,14.228,5.928,0.0,16.62249,3.0,60.64568,938.98975,11.62,Overcast
2022-11-26 21:00:00+00:00,MUĞLA,48,12.728,5.178,0.0,9.504272,3.0,69.7478,940.1111,7.74,Overcast
2022-11-27 21:00:00+00:00,MUĞLA,48,11.378,7.778,1.1,9.504272,51.0,75.26488,936.19775,3.25,Drizzle: Light
2022-11-28 21:00:00+00:00,MUĞLA,48,14.778,7.478,11.400002,10.315115,63.0,80.365654,934.5427,7.17,Rain: Moderate
2022-11-29 21:00:00+00:00,MUĞLA,48,12.478,9.878,11.900002,13.358861,61.0,92.78039,937.8589,5.19,Rain: Slight
2022-11-30 21:00:00+00:00,MUĞLA,48,10.628,8.628,29.099998,14.186923,63.0,96.54209,940.2656,2.96,Rain: Moderate
2022-12-01 21:00:00+00:00,MUĞLA,48,13.728,7.278,0.5,8.654986,51.0,86.92466,943.1384,7.98,Drizzle: Light
2022-12-02 21:00:00+00:00,MUĞLA,48,15.578,5.078,0.0,8.28,3.0,77.85346,942.38715,9.84,Overcast
2022-12-03 21:00:00+00:00,MUĞLA,48,15.178,5.728,0.0,11.367109,3.0,74.03185,942.97705,10.73,Overcast
2022-12-04 21:00:00+00:00,MUĞLA,48,15.228,5.978,0.0,13.450708,0.0,67.63116,942.24445,10.67,Clear sky
2022-12-05 21:00:00+00:00,MUĞLA,48,13.178,5.178,0.0,10.931203,3.0,72.95716,940.06134,10.54,Overcast
2022-12-06 21:00:00+00:00,MUĞLA,48,12.078,5.3780003,0.3,10.028439,51.0,83.05662,939.8113,6.53,Drizzle: Light
2022-12-07 21:00:00+00:00,MUĞLA,48,13.078,4.978,1.4000001,14.007655,51.0,84.027504,942.16455,6.75,Drizzle: Light
2022-12-08 21:00:00+00:00,MUĞLA,48,14.428,6.978,0.4,11.631956,51.0,81.99975,943.90894,9.91,Drizzle: Light
2022-12-09 21:00:00+00:00,MUĞLA,48,12.278,9.978,4.0,17.873556,53.0,93.30762,942.5761,2.84,Drizzle: Moderate
2022-12-10 21:00:00+00:00,MUĞLA,48,12.328,10.628,56.799995,26.019806,65.0,96.93859,936.51935,1.17,Rain: Heavy
2022-12-11 21:00:00+00:00,MUĞLA,48,12.828,8.128,14.100001,14.118243,63.0,92.59519,934.3659,5.71,Rain: Moderate
2022-12-12 21:00:00+00:00,MUĞLA,48,12.728,9.178,23.8,15.9134655,63.0,88.685486,934.7625,4.94,Rain: Moderate
2022-12-13 21:00:00+00:00,MUĞLA,48,14.178,8.728,1.9000001,7.42159,53.0,87.811005,935.18164,7.47,Drizzle: Moderate
2022-12-14 21:00:00+00:00,MUĞLA,48,14.428,7.778,1.3000001,13.044722,51.0,92.44193,940.8379,6.14,Drizzle: Light
2022-12-15 21:00:00+00:00,MUĞLA,48,15.678,9.278,0.1,10.636766,51.0,89.28925,945.1023,6.48,Drizzle: Light
2022-12-16 21:00:00+00:00,MUĞLA,48,15.828,8.778,0.0,7.9036193,3.0,88.096535,946.4135,8.99,Overcast
2022-12-17 21:00:00+00:00,MUĞLA,48,20.328,9.378,0.0,6.924738,2.0,66.11201,946.7443,10.18,Partly cloudy
2022-12-18 21:00:00+00:00,MUĞLA,48,18.727999,8.328,0.0,10.853866,3.0,67.56531,944.0891,9.97,Overcast
2022-12-19 21:00:00+00:00,MUĞLA,48,14.178,5.228,0.0,12.324414,0.0,60.49988,940.3367,10.24,Clear sky
2022-12-20 21:00:00+00:00,MUĞLA,48,13.028,3.378,0.0,10.853866,0.0,54.86973,938.6232,10.66,Clear sky
2022-12-21 21:00:00+00:00,MUĞLA,48,11.928,4.778,0.0,8.534353,2.0,77.73427,939.9965,7.5,Partly cloudy
2022-12-22 21:00:00+00:00,MUĞLA,48,11.878,6.978,0.0,9.178235,3.0,72.51215,938.5064,7.99,Overcast
2022-12-23 21:00:00+00:00,MUĞLA,48,12.828,5.178,0.0,10.739833,3.0,74.722565,937.61884,9.85,Overcast
2022-12-24 21:00:00+00:00,MUĞLA,48,13.078,4.528,0.0,16.700275,3.0,63.3663,939.2646,9.94,Overcast
2022-12-25 21:00:00+00:00,MUĞLA,48,12.778,5.478,0.0,15.745627,0.0,52.889698,944.6799,10.64,Clear sky
2022-12-26 21:00:00+00:00,MUĞLA,48,14.078,3.078,0.0,11.966953,0.0,48.78534,946.0916,10.57,Clear sky
2022-12-27 21:00:00+00:00,MUĞLA,48,13.628,4.3780003,0.0,5.95906,0.0,64.78981,946.7842,10.39,Clear sky
2022-12-28 21:00:00+00:00,MUĞLA,48,13.128,4.6280003,0.0,8.287822,2.0,78.25398,947.22345,9.03,Partly cloudy
2022-12-29 21:00:00+00:00,MUĞLA,48,13.178,4.478,0.0,7.9932976,1.0,74.98551,949.11127,9.64,Mainly clear
2022-12-30 21:00:00+00:00,MUĞLA,48,12.828,6.328,0.4,9.47012,51.0,80.78476,950.16113,6.35,Drizzle: Light
2022-12-31 21:00:00+00:00,MUĞLA,48,12.878,2.878,0.0,8.647496,0.0,72.543655,949.1165,10.46,Clear sky
2023-01-01 21:00:00+00:00,MUĞLA,48,15.028,4.1280003,0.0,10.308831,0.0,54.6611,949.09503,10.85,Clear sky
2023-01-02 21:00:00+00:00,MUĞLA,48,15.428,3.428,0.0,10.948973,0.0,41.34353,946.9429,11.16,Clear sky
2023-01-03 21:00:00+00:00,MUĞLA,48,14.928,3.778,0.0,12.7279215,0.0,37.86764,943.00934,11.15,Clear sky
2023-01-04 21:00:00+00:00,MUĞLA,48,14.828,2.278,0.0,11.183201,2.0,50.69821,940.22656,10.81,Partly cloudy
2023-01-05 21:00:00+00:00,MUĞLA,48,13.628,3.628,0.0,10.823973,0.0,57.475742,941.3637,10.69,Clear sky
2023-01-06 21:00:00+00:00,MUĞLA,48,13.328,2.428,0.0,11.5199995,0.0,61.25468,942.1391,11.19,Clear sky
2023-01-07 21:00:00+00:00,MUĞLA,48,13.078,2.528,0.0,9.746631,0.0,65.25845,940.6541,11.0,Clear sky
2023-01-08 21:00:00+00:00,MUĞLA,48,12.228,1.9779999,0.0,7.69592,1.0,63.815144,941.87067,11.04,Mainly clear
2023-01-09 21:00:00+00:00,MUĞLA,48,9.628,6.078,23.4,24.967499,63.0,95.448906,942.0981,5.79,Rain: Moderate
2023-01-10 21:00:00+00:00,MUĞLA,48,8.978,6.778,88.40002,22.461807,65.0,96.1038,936.57794,1.45,Rain: Heavy
2023-01-11 21:00:00+00:00,MUĞLA,48,11.128,4.728,2.1000001,13.1041975,53.0,85.80807,937.04694,7.79,Drizzle: Moderate
2023-01-12 21:00:00+00:00,MUĞLA,48,9.928,4.528,1.7000002,8.647496,53.0,86.005165,937.2747,6.24,Drizzle: Moderate
2023-01-13 21:00:00+00:00,MUĞLA,48,11.678,2.928,0.1,8.28,51.0,79.791,938.13824,9.98,Drizzle: Light
2023-01-14 21:00:00+00:00,MUĞLA,48,11.628,4.278,0.4,10.787993,51.0,77.883736,939.20245,10.48,Drizzle: Light
2023-01-15 21:00:00+00:00,MUĞLA,48,12.178,3.628,0.0,9.178235,1.0,75.67571,938.03735,10.38,Mainly clear
2023-01-16 21:00:00+00:00,MUĞLA,48,11.478,4.428,7.1,16.279802,61.0,86.1968,941.32495,7.8,Rain: Slight
2023-01-17 21:00:00+00:00,MUĞLA,48,11.028,7.078,7.2999997,17.873556,61.0,95.31088,943.76514,6.04,Rain: Slight
2023-01-18 21:00:00+00:00,MUĞLA,48,10.628,7.828,4.2999997,17.87718,53.0,96.18314,944.7696,4.69,Drizzle: Moderate
2023-01-19 21:00:00+00:00,MUĞLA,48,10.728,7.678,28.3,25.501621,63.0,94.59733,939.74384,5.39,Rain: Moderate
2023-01-20 21:00:00+00:00,MUĞLA,48,11.128,7.3780003,5.1,16.904673,55.0,93.10101,941.30255,6.89,Drizzle: Dense
2023-01-21 21:00:00+00:00,MUĞLA,48,12.678,4.8780003,0.1,10.383987,51.0,83.21096,943.428,9.91,Drizzle: Light
2023-01-22 21:00:00+00:00,MUĞLA,48,14.428,4.728,0.0,7.8625183,0.0,70.97015,944.3491,12.13,Clear sky
2023-01-23 21:00:00+00:00,MUĞLA,48,15.628,4.678,0.0,13.556282,0.0,66.30551,944.4322,12.37,Clear sky
2023-01-24 21:00:00+00:00,MUĞLA,48,14.778,5.1280003,0.0,12.0694,3.0,63.09842,942.1125,12.42,Overcast
2023-01-25 21:00:00+00:00,MUĞLA,48,12.328,5.1280003,0.2,17.10284,51.0,70.59683,939.5872,6.0,Drizzle: Light
2023-01-26 21:00:00+00:00,MUĞLA,48,10.678,4.778,42.699997,31.559086,71.0,81.60208,932.19147,2.12,Snow fall: Slight
2023-01-27 21:00:00+00:00,MUĞLA,48,9.028,4.1280003,6.4000006,14.003028,61.0,90.34943,933.6448,7.16,Rain: Slight
2023-01-28 21:00:00+00:00,MUĞLA,48,11.028,2.4780002,0.0,9.3669195,3.0,73.36201,935.7414,11.48,Overcast
2023-01-29 21:00:00+00:00,MUĞLA,48,9.928,0.978,0.0,15.827721,1.0,66.31631,932.97687,12.9,Mainly clear
2023-01-30 21:00:00+00:00,MUĞLA,48,7.528,0.67800003,0.0,17.873554,3.0,57.92865,930.7509,12.49,Overcast
2023-01-31 21:00:00+00:00,MUĞLA,48,5.8780003,-0.37199998,0.0,23.828083,3.0,54.37701,933.96436,13.21,Overcast
2023-02-01 21:00:00+00:00,MUĞLA,48,8.228,-0.872,0.0,13.708391,3.0,50.04028,941.14825,13.76,Overcast
2023-02-02 21:00:00+00:00,MUĞLA,48,8.528,1.2279999,6.4,12.096214,75.0,74.36792,940.8608,10.98,Snow fall: Heavy
2023-02-03 21:00:00+00:00,MUĞLA,48,5.278,-2.0219998,3.2,12.661564,73.0,70.60742,936.3763,7.28,Snow fall: Moderate
2023-02-04 21:00:00+00:00,MUĞLA,48,4.978,-1.672,14.8,25.420181,75.0,82.051834,926.1587,4.08,Snow fall: Heavy
2023-02-05 21:00:00+00:00,MUĞLA,48,3.278,-0.472,2.5,30.903435,75.0,64.221954,927.4711,10.3,Snow fall: Heavy
2023-02-06 21:00:00+00:00,MUĞLA,48,3.828,-1.7720001,0.0,26.302181,3.0,54.680984,938.2688,13.82,Overcast
2023-02-07 21:00:00+00:00,MUĞLA,48,3.878,-2.972,0.0,21.841648,0.0,47.66234,944.4921,14.88,Clear sky
2023-02-08 21:00:00+00:00,MUĞLA,48,7.8780003,-2.172,0.0,16.575644,3.0,47.13501,946.687,13.85,Overcast
2023-02-09 21:00:00+00:00,MUĞLA,48,8.728,-1.672,0.0,12.72283,1.0,47.59691,946.46234,15.14,Mainly clear
2023-02-10 21:00:00+00:00,MUĞLA,48,8.828,-2.972,0.0,8.707238,0.0,48.294224,944.5591,15.4,Clear sky
2023-02-11 21:00:00+00:00,MUĞLA,48,9.778,-2.622,0.0,9.1641035,0.0,46.380856,943.2974,15.42,Clear sky
2023-02-12 21:00:00+00:00,MUĞLA,48,11.028,-2.2719998,0.0,12.57426,2.0,41.33781,945.57715,15.53,Partly cloudy
2023-02-13 21:00:00+00:00,MUĞLA,48,11.178,-1.2720001,0.0,12.015589,0.0,39.504417,943.2961,15.68,Clear sky
2023-02-14 21:00:00+00:00,MUĞLA,48,9.128,0.728,0.0,15.745627,0.0,43.53876,942.2066,15.74,Clear sky
2023-02-15 21:00:00+00:00,MUĞLA,48,11.628,-0.37199998,0.0,11.570515,0.0,48.63101,946.7395,15.94,Clear sky
2023-02-16 21:00:00+00:00,MUĞLA,48,10.378,0.078,0.0,8.28,3.0,61.249767,949.8125,15.89,Overcast
2023-02-17 21:00:00+00:00,MUĞLA,48,12.578,1.428,0.0,10.009036,3.0,69.740364,948.6081,15.87,Overcast
2023-02-18 21:00:00+00:00,MUĞLA,48,11.878,2.528,0.0,9.726664,1.0,76.15044,946.6396,14.91,Mainly clear
2023-02-19 21:00:00+00:00,MUĞLA,48,11.778,2.278,0.1,11.659777,51.0,84.469315,943.32196,7.01,Drizzle: Light
2023-02-20 21:00:00+00:00,MUĞLA,48,15.728,3.7280002,0.0,10.661107,0.0,64.995186,941.87134,16.36,Clear sky
2023-02-21 21:00:00+00:00,MUĞLA,48,13.778,4.3780003,0.0,9.255571,3.0,60.993774,939.64667,16.5,Overcast
2023-02-22 21:00:00+00:00,MUĞLA,48,14.678,4.278,0.0,11.480557,2.0,63.0009,937.91534,16.23,Partly cloudy
2023-02-23 21:00:00+00:00,MUĞLA,48,14.078,3.7280002,0.0,10.495713,3.0,72.60577,938.6446,15.83,Overcast
2023-02-24 21:00:00+00:00,MUĞLA,48,12.878,5.678,0.5,13.138765,51.0,79.65914,939.9748,12.18,Drizzle: Light
2023-02-25 21:00:00+00:00,MUĞLA,48,11.678,6.978,2.1999998,23.710857,53.0,90.24158,942.56934,11.06,Drizzle: Moderate
2023-02-26 21:00:00+00:00,MUĞLA,48,14.978,7.778,0.6,18.504139,53.0,68.686386,945.63885,15.91,Drizzle: Moderate
2023-02-27 21:00:00+00:00,MUĞLA,48,18.977999,10.578,2.6000001,15.716793,53.0,42.79657,945.2244,9.4,Drizzle: Moderate
2023-02-28 21:00:00+00:00,MUĞLA,48,18.877998,10.328,0.0,12.682018,3.0,45.482513,940.80493,15.46,Overcast
2023-03-01 21:00:00+00:00,MUĞLA,48,17.928,8.228,0.0,11.609651,3.0,50.015476,937.0253,13.99,Overcast
2023-03-02 21:00:00+00:00,MUĞLA,48,16.928,8.028,0.0,12.475961,3.0,54.113674,936.5517,18.09,Overcast
2023-03-03 21:00:00+00:00,MUĞLA,48,14.778,5.028,2.4999998,11.013882,53.0,63.56634,939.1545,6.31,Drizzle: Moderate
2023-03-04 21:00:00+00:00,MUĞLA,48,10.378,6.228,13.900002,13.004922,63.0,83.31779,933.686,5.69,Rain: Moderate
2023-03-05 21:00:00+00:00,MUĞLA,48,12.028,4.528,0.6,8.913181,51.0,81.683876,935.8723,12.71,Drizzle: Light
2023-03-06 21:00:00+00:00,MUĞLA,48,10.178,3.778,5.0,13.009903,61.0,87.960365,938.6672,9.3,Rain: Slight
2023-03-07 21:00:00+00:00,MUĞLA,48,13.178,4.828,0.5,12.959999,51.0,77.91555,938.15137,17.47,Drizzle: Light
2023-03-08 21:00:00+00:00,MUĞLA,48,13.828,5.6280003,0.6,14.81259,51.0,80.734955,938.7485,15.17,Drizzle: Light
2023-03-09 21:00:00+00:00,MUĞLA,48,13.478,7.928,1.2,17.555307,51.0,86.847046,938.52875,12.62,Drizzle: Light
2023-03-10 21:00:00+00:00,MUĞLA,48,10.678,9.678,20.099998,21.398056,63.0,97.05593,933.43634,4.46,Rain: Moderate
2023-03-11 21:00:00+00:00,MUĞLA,48,13.928,7.278,33.6,16.179987,63.0,88.500885,928.6517,10.35,Rain: Moderate
2023-03-12 21:00:00+00:00,MUĞLA,48,14.728,6.228,0.4,17.339897,51.0,69.87404,930.3442,17.68,Drizzle: Light
2023-03-13 21:00:00+00:00,MUĞLA,48,13.428,4.178,0.0,10.931203,3.0,64.91496,932.3674,16.9,Overcast
2023-03-14 21:00:00+00:00,MUĞLA,48,12.578,4.8780003,0.0,10.787993,3.0,74.49156,931.5842,19.62,Overcast
2023-03-15 21:00:00+00:00,MUĞLA,48,12.178,5.978,10.600001,15.856356,63.0,85.43734,931.16437,13.98,Rain: Moderate
2023-03-16 21:00:00+00:00,MUĞLA,48,13.178,3.878,1.2,7.6367526,51.0,73.47735,931.6308,16.29,Drizzle: Light
2023-03-17 21:00:00+00:00,MUĞLA,48,14.528,4.478,0.5,12.261158,51.0,62.98379,933.0335,19.74,Drizzle: Light
2023-03-18 21:00:00+00:00,MUĞLA,48,13.928,6.178,0.0,23.97989,3.0,63.114826,933.9814,19.05,Overcast
2023-03-19 21:00:00+00:00,MUĞLA,48,18.678,6.778,0.0,24.850431,3.0,57.716446,937.01044,21.23,Overcast
2023-03-20 21:00:00+00:00,MUĞLA,48,18.328,6.528,0.0,12.074766,3.0,67.02338,935.61346,19.61,Overcast
2023-03-21 21:00:00+00:00,MUĞLA,48,14.828,7.3780003,14.9,12.682018,65.0,69.12704,934.94116,15.86,Rain: Heavy
2023-03-22 21:00:00+00:00,MUĞLA,48,14.178,5.728,1.4,12.964998,53.0,74.88511,935.7475,18.55,Drizzle: Moderate
2023-03-23 21:00:00+00:00,MUĞLA,48,17.528,6.828,0.2,11.013882,51.0,68.70554,935.9192,20.93,Drizzle: Light
2023-03-24 21:00:00+00:00,MUĞLA,48,19.678,8.028,0.0,15.596767,1.0,60.99324,933.79346,21.88,Mainly clear
2023-03-25 21:00:00+00:00,MUĞLA,48,19.178,8.578,0.0,10.182337,3.0,56.722595,933.1131,21.27,Overcast
2023-03-26 21:00:00+00:00,MUĞLA,48,16.528,8.128,0.0,15.39184,3.0,73.29868,934.29645,22.06,Overcast
2023-03-27 21:00:00+00:00,MUĞLA,48,13.178,6.528,25.500002,21.142147,63.0,80.54244,932.55414,15.39,Rain: Moderate
2023-03-28 21:00:00+00:00,MUĞLA,48,7.528,1.528,0.5,27.532352,51.0,63.124462,937.5383,22.11,Drizzle: Light
2023-03-29 21:00:00+00:00,MUĞLA,48,10.178,0.028,0.0,20.592503,1.0,46.466553,943.5223,22.27,Mainly clear
2023-03-30 21:00:00+00:00,MUĞLA,48,14.128,1.8779999,0.0,10.931203,3.0,54.822372,941.2151,20.33,Overcast
2023-03-31 21:00:00+00:00,MUĞLA,48,12.578,6.828,4.1,19.255793,53.0,90.81173,939.1264,9.68,Drizzle: Moderate
2023-04-01 21:00:00+00:00,MUĞLA,48,15.528,8.928,0.5,15.509274,51.0,83.813,937.6765,15.62,Drizzle: Light
2023-04-02 21:00:00+00:00,MUĞLA,48,17.127998,9.428,0.0,23.510508,3.0,54.61559,934.924,22.8,Overcast
2023-04-03 21:00:00+00:00,MUĞLA,48,13.678,8.778,45.0,26.208395,63.0,77.09377,929.2549,7.49,Rain: Moderate
2023-04-04 21:00:00+00:00,MUĞLA,48,12.778,6.1280003,6.6999993,13.324863,61.0,83.65566,934.9536,14.85,Rain: Slight
2023-04-05 21:00:00+00:00,MUĞLA,48,11.378,4.778,14.4,15.111424,63.0,83.20981,935.9448,12.84,Rain: Moderate
2023-04-06 21:00:00+00:00,MUĞLA,48,13.628,5.478,1.5000001,10.464797,53.0,74.572334,936.0586,20.51,Drizzle: Moderate
2023-04-07 21:00:00+00:00,MUĞLA,48,13.278,3.878,0.2,12.245294,51.0,68.91389,939.1343,15.12,Drizzle: Light
2023-04-08 21:00:00+00:00,MUĞLA,48,15.728,7.8780003,1.7,7.9932976,55.0,73.10116,937.87427,14.17,Drizzle: Dense
2023-04-09 21:00:00+00:00,MUĞLA,48,14.578,7.028,5.5,11.681987,63.0,75.72937,932.58887,18.08,Rain: Moderate
2023-04-10 21:00:00+00:00,MUĞLA,48,12.278,4.728,2.3,10.948973,55.0,72.3998,928.43677,18.82,Drizzle: Dense
2023-04-11 21:00:00+00:00,MUĞLA,48,13.578,5.228,0.1,16.375053,51.0,66.1103,929.34106,21.0,Drizzle: Light
2023-04-12 21:00:00+00:00,MUĞLA,48,16.278,5.978,0.0,14.84318,3.0,66.17023,934.54144,24.53,Overcast
2023-04-13 21:00:00+00:00,MUĞLA,48,14.878,6.528,0.0,19.191748,3.0,74.45464,940.01514,23.32,Overcast
2023-04-14 21:00:00+00:00,MUĞLA,48,15.328,8.278,0.0,16.45007,3.0,76.481636,940.73096,18.47,Overcast
2023-04-15 21:00:00+00:00,MUĞLA,48,18.078,9.828,0.0,15.141414,3.0,58.694607,937.41675,22.91,Overcast
2023-04-16 21:00:00+00:00,MUĞLA,48,18.778,10.878,0.0,15.725037,3.0,55.510925,935.32184,21.65,Overcast
2023-04-17 21:00:00+00:00,MUĞLA,48,17.928,10.628,0.2,18.723461,51.0,66.67418,935.8184,20.73,Drizzle: Light
2023-04-18 21:00:00+00:00,MUĞLA,48,15.478,7.428,1.8000001,12.229406,51.0,72.2903,934.1519,24.17,Drizzle: Light
2023-04-19 21:00:00+00:00,MUĞLA,48,17.278,7.1280003,0.0,14.759999,2.0,67.03312,933.8863,23.21,Partly cloudy
2023-04-20 21:00:00+00:00,MUĞLA,48,18.227999,7.828,0.1,14.561099,51.0,61.011383,934.4228,24.54,Drizzle: Light
2023-04-21 21:00:00+00:00,MUĞLA,48,17.428,7.978,0.0,12.144331,3.0,62.775265,935.2283,23.94,Overcast
2023-04-22 21:00:00+00:00,MUĞLA,48,17.227999,7.428,0.4,14.081477,51.0,59.214886,935.5205,20.78,Drizzle: Light
2023-04-23 21:00:00+00:00,MUĞLA,48,19.477999,8.228,0.0,13.202726,1.0,57.41978,936.86237,25.62,Mainly clear
2023-04-24 21:00:00+00:00,MUĞLA,48,17.627998,8.078,0.0,14.003029,3.0,61.100952,936.46313,25.67,Overcast
2023-04-25 21:00:00+00:00,MUĞLA,48,13.278,8.578,15.700001,17.917007,61.0,86.29546,934.13763,9.77,Rain: Slight
2023-04-26 21:00:00+00:00,MUĞLA,48,15.228,9.278,12.900001,14.021525,63.0,77.70214,931.6429,20.38,Rain: Moderate
2023-04-27 21:00:00+00:00,MUĞLA,48,16.078,7.8780003,0.1,18.584509,51.0,58.15357,933.9494,25.99,Drizzle: Light
2023-04-28 21:00:00+00:00,MUĞLA,48,15.028,5.278,0.0,19.45333,0.0,51.524075,934.60675,27.41,Clear sky
2023-04-29 21:00:00+00:00,MUĞLA,48,18.477999,5.3780003,0.0,12.758432,0.0,51.18497,935.72314,27.53,Clear sky
2023-04-30 21:00:00+00:00,MUĞLA,48,18.028,6.728,0.0,12.371645,3.0,60.214725,939.15326,23.5,Overcast
2023-05-01 21:00:00+00:00,MUĞLA,48,19.928,7.778,0.0,12.979984,3.0,61.203506,942.29083,26.18,Overcast
2023-05-02 21:00:00+00:00,MUĞLA,48,20.627998,12.728,0.5,17.227419,53.0,50.555466,944.3728,24.73,Drizzle: Moderate
2023-05-03 21:00:00+00:00,MUĞLA,48,19.278,11.528,5.2,14.081478,61.0,66.261406,941.9262,17.5,Rain: Slight
2023-05-04 21:00:00+00:00,MUĞLA,48,21.328,11.478,8.599999,20.532627,61.0,70.486595,933.3422,13.95,Rain: Slight
2023-05-05 21:00:00+00:00,MUĞLA,48,18.377998,10.078,11.6,10.739833,63.0,80.19897,930.40106,16.65,Rain: Moderate
2023-05-06 21:00:00+00:00,MUĞLA,48,18.828,8.878,15.0,8.287822,65.0,78.372246,935.57355,22.91,Rain: Heavy
2023-05-07 21:00:00+00:00,MUĞLA,48,23.328,10.878,0.0,13.276144,3.0,63.41686,937.9632,26.87,Overcast
2023-05-08 21:00:00+00:00,MUĞLA,48,20.977999,11.278,0.1,12.6462,51.0,66.86088,937.8952,25.28,Drizzle: Light
2023-05-09 21:00:00+00:00,MUĞLA,48,21.227999,11.178,0.0,11.966954,3.0,67.64831,937.15985,24.67,Overcast
2023-05-10 21:00:00+00:00,MUĞLA,48,22.377998,12.028,8.5,11.770403,63.0,72.66989,936.12177,19.44,Rain: Moderate
2023-05-11 21:00:00+00:00,MUĞLA,48,20.627998,12.728,1.5000001,17.917007,51.0,77.557976,936.37286,20.57,Drizzle: Light
2023-05-12 21:00:00+00:00,MUĞLA,48,23.428,11.378,0.0,18.79255,3.0,68.80499,940.39105,28.0,Overcast
2023-05-13 21:00:00+00:00,MUĞLA,48,26.477999,12.378,0.0,15.379206,3.0,55.23091,942.3618,27.98,Overcast
2023-05-14 21:00:00+00:00,MUĞLA,48,28.278,14.428,0.0,11.874544,1.0,55.1386,940.1728,27.69,Mainly clear
2023-05-15 21:00:00+00:00,MUĞLA,48,26.627998,16.377998,0.0,16.75064,3.0,53.572056,937.2422,26.59,Overcast
2023-05-16 21:00:00+00:00,MUĞLA,48,22.528,13.878,2.5,12.641076,61.0,68.98749,934.0672,24.74,Rain: Slight
2023-05-17 21:00:00+00:00,MUĞLA,48,20.078,12.678,1.2,13.089354,53.0,69.600174,934.0742,23.91,Drizzle: Moderate
2023-05-18 21:00:00+00:00,MUĞLA,48,19.377998,12.278,0.0,18.278645,3.0,66.98712,935.5986,24.4,Overcast
2023-05-19 21:00:00+00:00,MUĞLA,48,23.227999,11.678,0.0,14.587776,3.0,59.05022,934.33234,28.19,Overcast
2023-05-20 21:00:00+00:00,MUĞLA,48,20.627998,12.878,0.0,15.7908325,3.0,65.530556,933.18134,25.38,Overcast
2023-05-21 21:00:00+00:00,MUĞLA,48,19.178,11.878,12.8,11.480557,65.0,78.05285,931.9263,17.43,Rain: Heavy
2023-05-22 21:00:00+00:00,MUĞLA,48,16.727999,10.828,18.400002,13.679999,63.0,86.43354,933.54956,21.96,Rain: Moderate
2023-05-23 21:00:00+00:00,MUĞLA,48,18.477999,11.378,6.1,14.904173,63.0,79.2486,936.9014,18.25,Rain: Moderate
2023-05-24 21:00:00+00:00,MUĞLA,48,21.578,11.178,0.8,11.019764,53.0,71.47247,937.20294,26.05,Drizzle: Moderate
2023-05-25 21:00:00+00:00,MUĞLA,48,21.578,11.578,0.0,15.226764,3.0,69.554146,936.0566,28.02,Overcast
2023-05-26 21:00:00+00:00,MUĞLA,48,23.877998,11.628,3.3,17.283749,61.0,61.7475,933.11957,23.79,Rain: Slight
2023-05-27 21:00:00+00:00,MUĞLA,48,20.477999,13.328,18.2,10.823973,65.0,76.04266,930.89453,19.29,Rain: Heavy
2023-05-28 21:00:00+00:00,MUĞLA,48,20.578,11.878,3.2,11.966953,55.0,80.79796,932.43085,21.51,Drizzle: Dense
2023-05-29 21:00:00+00:00,MUĞLA,48,18.778,12.978,5.9,11.298495,61.0,86.39349,937.25824,19.18,Rain: Slight
2023-05-30 21:00:00+00:00,MUĞLA,48,20.928,11.828,0.9,16.311613,51.0,80.51088,939.12286,24.73,Drizzle: Light
2023-05-31 21:00:00+00:00,MUĞLA,48,21.778,11.978,0.0,11.183201,3.0,71.770546,937.6691,24.93,Overcast
2023-06-01 21:00:00+00:00,MUĞLA,48,23.028,14.378,8.1,13.363711,63.0,70.6145,934.8913,16.39,Rain: Moderate
2023-06-02 21:00:00+00:00,MUĞLA,48,21.278,14.028,14.4000025,14.830076,63.0,82.622826,934.97394,20.78,Rain: Moderate
2023-06-03 21:00:00+00:00,MUĞLA,48,22.127998,13.578,0.8000001,12.181625,51.0,77.29834,938.54736,21.54,Drizzle: Light
2023-06-04 21:00:00+00:00,MUĞLA,48,23.877998,14.028,0.8,10.594036,51.0,68.20408,938.3051,25.59,Drizzle: Light
2023-06-05 21:00:00+00:00,MUĞLA,48,25.127998,14.128,0.0,12.57426,2.0,67.38091,938.4316,27.87,Partly cloudy
2023-06-06 21:00:00+00:00,MUĞLA,48,26.578,15.178,0.0,9.9571085,3.0,69.841576,938.1905,27.13,Overcast
2023-06-07 21:00:00+00:00,MUĞLA,48,23.778,16.828,4.2,13.75558,61.0,75.81959,936.40137,20.67,Rain: Slight
2023-06-08 21:00:00+00:00,MUĞLA,48,24.278,15.928,0.6,13.363711,51.0,67.89577,934.7322,24.04,Drizzle: Light
2023-06-09 21:00:00+00:00,MUĞLA,48,27.428,16.127998,0.0,14.57889,2.0,62.953114,932.5058,28.16,Partly cloudy
2023-06-10 21:00:00+00:00,MUĞLA,48,24.877998,17.178,3.1,11.090103,61.0,72.66836,932.0935,25.64,Rain: Slight
2023-06-11 21:00:00+00:00,MUĞLA,48,23.178,15.878,2.8,10.041354,61.0,71.51855,932.3967,21.69,Rain: Slight
2023-06-12 21:00:00+00:00,MUĞLA,48,23.528,15.028,5.7000003,9.1641035,63.0,69.77413,932.5327,24.66,Rain: Moderate
2023-06-13 21:00:00+00:00,MUĞLA,48,25.578,14.928,0.2,10.041354,51.0,66.62351,934.64716,27.5,Drizzle: Light
2023-06-14 21:00:00+00:00,MUĞLA,48,26.877998,14.878,0.0,11.592895,1.0,64.56202,936.9024,29.07,Mainly clear
2023-06-15 21:00:00+00:00,MUĞLA,48,24.928,16.928,0.1,21.42227,51.0,63.31813,934.1582,28.31,Drizzle: Light
2023-06-16 21:00:00+00:00,MUĞLA,48,21.178,15.928,9.800001,11.525623,63.0,86.08637,931.7697,17.17,Rain: Moderate
2023-06-17 21:00:00+00:00,MUĞLA,48,22.127998,14.678,10.4,12.10157,63.0,84.16477,933.68994,23.34,Rain: Moderate
2023-06-18 21:00:00+00:00,MUĞLA,48,26.127998,14.178,0.0,17.713316,3.0,67.6365,935.863,26.83,Overcast
2023-06-19 21:00:00+00:00,MUĞLA,48,27.428,17.127998,0.0,15.141414,0.0,53.58072,938.08417,29.92,Clear sky
2023-06-20 21:00:00+00:00,MUĞLA,48,29.278,16.977999,0.0,15.281989,2.0,49.353256,937.40497,28.73,Partly cloudy
2023-06-21 21:00:00+00:00,MUĞLA,48,28.727999,17.778,0.0,13.584932,0.0,51.087925,938.0837,30.14,Clear sky
2023-06-22 21:00:00+00:00,MUĞLA,48,30.028,16.627998,0.0,13.830749,0.0,47.595585,938.5439,30.39,Clear sky
2023-06-23 21:00:00+00:00,MUĞLA,48,30.278,16.578,0.0,14.003028,0.0,51.92599,938.18585,30.34,Clear sky
2023-06-24 21:00:00+00:00,MUĞLA,48,30.328,16.477999,0.0,13.584932,0.0,54.05963,935.7602,29.61,Clear sky
2023-06-25 21:00:00+00:00,MUĞLA,48,30.778,18.028,0.0,12.144331,1.0,51.3156,933.2558,28.3,Mainly clear
2023-06-26 21:00:00+00:00,MUĞLA,48,30.278,18.727999,0.0,12.371645,2.0,51.502605,933.6884,27.76,Partly cloudy
2023-06-27 21:00:00+00:00,MUĞLA,48,29.127998,18.778,0.0,10.028439,1.0,57.96143,935.41235,27.17,Mainly clear
2023-06-28 21:00:00+00:00,MUĞLA,48,30.828,17.278,0.0,19.33639,0.0,50.752743,936.8654,30.31,Clear sky
2023-06-29 21:00:00+00:00,MUĞLA,48,29.727999,19.028,0.0,19.386593,0.0,45.33786,936.50195,29.66,Clear sky
2023-06-30 21:00:00+00:00,MUĞLA,48,30.528,16.778,0.0,12.864649,0.0,44.090267,935.0905,30.4,Clear sky
2023-07-01 21:00:00+00:00,MUĞLA,48,31.328,17.127998,0.0,12.682018,0.0,47.322205,936.20294,30.29,Clear sky
2023-07-02 21:00:00+00:00,MUĞLA,48,28.178,19.977999,0.0,15.827721,0.0,54.377426,936.7268,29.63,Clear sky
2023-07-03 21:00:00+00:00,MUĞLA,48,30.078,18.178,0.0,10.182337,1.0,61.49586,937.0615,28.6,Mainly clear
2023-07-04 21:00:00+00:00,MUĞLA,48,31.877998,19.727999,0.0,11.879999,1.0,58.168568,935.21234,29.32,Mainly clear
2023-07-05 21:00:00+00:00,MUĞLA,48,32.578,19.377998,1.4000001,10.390226,53.0,53.072617,933.388,27.49,Drizzle: Moderate
2023-07-06 21:00:00+00:00,MUĞLA,48,33.528,20.227999,0.0,22.104116,0.0,41.448696,935.3293,29.1,Clear sky
2023-07-07 21:00:00+00:00,MUĞLA,48,31.028,21.627998,0.0,21.67786,0.0,42.4645,935.8081,29.48,Clear sky
2023-07-08 21:00:00+00:00,MUĞLA,48,28.977999,18.428,0.0,22.366402,1.0,44.162815,937.0252,29.13,Mainly clear
2023-07-09 21:00:00+00:00,MUĞLA,48,30.078,17.028,0.0,19.44,0.0,39.267574,938.1779,30.11,Clear sky
2023-07-10 21:00:00+00:00,MUĞLA,48,31.477999,17.178,0.0,16.179987,0.0,33.611088,939.73737,30.24,Clear sky
2023-07-11 21:00:00+00:00,MUĞLA,48,34.028,17.578,0.0,15.072783,0.0,35.55843,941.4641,29.78,Clear sky
2023-07-12 21:00:00+00:00,MUĞLA,48,36.278,20.127998,0.0,11.792404,0.0,35.247063,940.75555,29.71,Clear sky
2023-07-13 21:00:00+00:00,MUĞLA,48,38.028,21.328,0.0,18.11841,0.0,28.554426,938.2546,29.87,Clear sky
2023-07-14 21:00:00+00:00,MUĞLA,48,39.078,23.127998,0.0,13.37825,0.0,26.695818,938.17365,29.5,Clear sky
2023-07-15 21:00:00+00:00,MUĞLA,48,37.778,22.727999,0.0,14.154915,0.0,31.882523,936.59546,29.87,Clear sky
2023-07-16 21:00:00+00:00,MUĞLA,48,37.828,21.028,0.0,10.703569,0.0,28.70931,936.3374,29.85,Clear sky
2023-07-17 21:00:00+00:00,MUĞLA,48,37.177998,21.328,0.0,10.594036,0.0,31.549835,934.3391,29.69,Clear sky
2023-07-18 21:00:00+00:00,MUĞLA,48,36.677998,21.627998,0.0,15.530151,0.0,29.148378,933.54297,29.56,Clear sky
2023-07-19 21:00:00+00:00,MUĞLA,48,36.628,20.278,0.0,18.775303,0.0,29.023804,933.99054,29.57,Clear sky
2023-07-20 21:00:00+00:00,MUĞLA,48,38.378,23.078,0.0,16.92383,0.0,28.611908,936.71515,29.19,Clear sky
2023-07-21 21:00:00+00:00,MUĞLA,48,37.378,23.477999,0.0,21.129883,0.0,26.951399,939.56305,29.37,Clear sky
2023-07-22 21:00:00+00:00,MUĞLA,48,38.778,24.928,0.0,25.364037,0.0,24.616638,939.87915,29.02,Clear sky
2023-07-23 21:00:00+00:00,MUĞLA,48,34.927998,24.328,0.0,21.077686,0.0,28.268595,936.9731,29.38,Clear sky
2023-07-24 21:00:00+00:00,MUĞLA,48,36.078,21.227999,0.0,17.698677,0.0,27.200243,934.8213,29.85,Clear sky
2023-07-25 21:00:00+00:00,MUĞLA,48,40.328,22.778,0.0,11.966953,0.0,21.578133,934.616,29.12,Clear sky
2023-07-26 21:00:00+00:00,MUĞLA,48,35.078,24.028,0.0,15.84,1.0,25.717348,934.50616,28.1,Mainly clear
2023-07-27 21:00:00+00:00,MUĞLA,48,35.028,20.127998,0.0,16.45007,0.0,30.432365,935.75366,29.23,Clear sky
2023-07-28 21:00:00+00:00,MUĞLA,48,35.528,20.127998,0.0,23.166218,0.0,24.685997,933.92645,28.88,Clear sky
2023-07-29 21:00:00+00:00,MUĞLA,48,35.427998,20.428,0.0,18.626305,1.0,28.858637,932.53925,28.52,Mainly clear
2023-07-30 21:00:00+00:00,MUĞLA,48,34.128,20.627998,0.0,14.241629,0.0,30.946602,931.6873,28.38,Clear sky
2023-07-31 21:00:00+00:00,MUĞLA,48,33.228,21.727999,0.0,14.658676,0.0,30.707277,933.242,28.15,Clear sky
2023-08-01 21:00:00+00:00,MUĞLA,48,33.427998,20.028,0.0,13.237039,0.0,33.303005,935.8366,28.48,Clear sky
2023-08-02 21:00:00+00:00,MUĞLA,48,34.378,20.328,0.0,13.089354,0.0,39.982197,937.2049,27.99,Clear sky
2023-08-03 21:00:00+00:00,MUĞLA,48,34.628,21.328,0.0,11.966954,0.0,44.67653,936.66943,27.69,Clear sky
2023-08-04 21:00:00+00:00,MUĞLA,48,32.628,22.778,0.0,11.966954,0.0,51.362537,934.9485,27.54,Clear sky
2023-08-05 21:00:00+00:00,MUĞLA,48,29.828,21.127998,0.0,14.84318,0.0,46.11855,935.17267,27.34,Clear sky
2023-08-06 21:00:00+00:00,MUĞLA,48,31.578,17.477999,0.0,12.261157,0.0,51.83048,935.3462,27.89,Clear sky
2023-08-07 21:00:00+00:00,MUĞLA,48,34.128,19.278,0.0,12.413476,0.0,43.427002,933.83057,27.63,Clear sky
2023-08-08 21:00:00+00:00,MUĞLA,48,32.478,21.328,0.0,14.044615,0.0,51.420757,934.5457,27.1,Clear sky
2023-08-09 21:00:00+00:00,MUĞLA,48,29.977999,20.477999,0.0,12.979984,0.0,57.358936,937.15015,27.02,Clear sky
2023-08-10 21:00:00+00:00,MUĞLA,48,32.578,19.727999,0.0,15.315873,0.0,51.72571,937.8821,26.55,Clear sky
2023-08-11 21:00:00+00:00,MUĞLA,48,30.828,19.227999,0.0,13.849476,0.0,45.726665,937.1425,27.03,Clear sky
2023-08-12 21:00:00+00:00,MUĞLA,48,32.478,18.127998,0.0,12.261158,0.0,41.357056,936.96216,27.67,Clear sky
2023-08-13 21:00:00+00:00,MUĞLA,48,33.328,19.428,0.0,11.770403,0.0,40.324272,938.05597,26.42,Clear sky
2023-08-14 21:00:00+00:00,MUĞLA,48,32.978,21.928,0.0,10.8955765,0.0,53.480457,938.3923,26.09,Clear sky
2023-08-15 21:00:00+00:00,MUĞLA,48,35.677998,21.428,0.0,12.287555,0.0,52.185017,936.16534,26.4,Clear sky
2023-08-16 21:00:00+00:00,MUĞLA,48,34.778,23.278,0.0,12.144331,0.0,50.030254,935.2651,26.06,Clear sky
2023-08-17 21:00:00+00:00,MUĞLA,48,33.578,23.578,0.0,11.525623,0.0,50.9749,935.97284,25.91,Clear sky
2023-08-18 21:00:00+00:00,MUĞLA,48,32.677998,22.828,0.0,13.049689,0.0,55.839554,936.38776,25.68,Clear sky
2023-08-19 21:00:00+00:00,MUĞLA,48,32.427998,21.977999,0.0,13.324863,0.0,65.29317,935.76434,24.99,Clear sky
2023-08-20 21:00:00+00:00,MUĞLA,48,33.328,21.727999,0.0,11.928989,0.0,59.04619,935.65356,25.36,Clear sky
2023-08-21 21:00:00+00:00,MUĞLA,48,34.028,22.278,0.0,12.682018,0.0,48.565372,936.96747,24.57,Clear sky
2023-08-22 21:00:00+00:00,MUĞLA,48,34.978,23.828,0.0,13.039754,1.0,43.997852,937.83984,23.55,Mainly clear
2023-08-23 21:00:00+00:00,MUĞLA,48,33.778,22.828,0.0,12.313893,0.0,47.871033,937.7305,23.9,Clear sky
2023-08-24 21:00:00+00:00,MUĞLA,48,33.177998,22.278,0.0,11.841756,1.0,50.747326,936.67145,23.33,Mainly clear
2023-08-25 21:00:00+00:00,MUĞLA,48,30.877998,22.028,0.0,13.397612,0.0,50.00082,935.9536,24.89,Clear sky
2023-08-26 21:00:00+00:00,MUĞLA,48,30.377998,20.227999,0.2,13.138765,51.0,52.074833,934.02484,22.86,Drizzle: Light
2023-08-27 21:00:00+00:00,MUĞLA,48,32.427998,19.028,0.0,20.188908,3.0,48.08818,933.25275,22.94,Overcast
2023-08-28 21:00:00+00:00,MUĞLA,48,32.578,19.227999,0.0,11.753876,0.0,48.282833,932.7552,25.15,Clear sky
2023-08-29 21:00:00+00:00,MUĞLA,48,30.377998,20.528,0.0,13.32,0.0,41.668583,935.2486,24.89,Clear sky
2023-08-30 21:00:00+00:00,MUĞLA,48,28.377998,17.778,0.0,12.599998,1.0,59.89221,938.7566,24.03,Mainly clear
2023-08-31 21:00:00+00:00,MUĞLA,48,30.428,17.828,0.0,15.716793,1.0,53.366444,939.47076,23.86,Mainly clear
2023-09-01 21:00:00+00:00,MUĞLA,48,29.028,19.477999,1.3,16.203999,61.0,53.107853,937.6829,19.03,Rain: Slight
2023-09-02 21:00:00+00:00,MUĞLA,48,30.477999,18.528,0.1,14.561099,51.0,54.80232,935.94946,21.39,Drizzle: Light
2023-09-03 21:00:00+00:00,MUĞLA,48,26.528,18.227999,1.1,15.03835,51.0,62.541683,933.3391,19.27,Drizzle: Light
2023-09-04 21:00:00+00:00,MUĞLA,48,24.528,18.127998,3.4000003,19.995398,55.0,82.75475,935.0716,16.7,Drizzle: Dense
2023-09-05 21:00:00+00:00,MUĞLA,48,26.528,18.278,1.1,13.1041975,51.0,71.42176,939.3427,20.7,Drizzle: Light
2023-09-06 21:00:00+00:00,MUĞLA,48,30.278,18.428,0.0,12.682018,0.0,60.221313,938.1992,22.24,Clear sky
2023-09-07 21:00:00+00:00,MUĞLA,48,31.278,19.028,0.0,10.538843,1.0,56.275738,936.3611,21.78,Mainly clear
2023-09-08 21:00:00+00:00,MUĞLA,48,29.428,19.578,0.7,11.620809,53.0,56.920288,935.67706,21.24,Drizzle: Moderate
2023-09-09 21:00:00+00:00,MUĞLA,48,28.977999,18.828,3.6999998,13.708391,61.0,61.64065,934.73065,19.77,Rain: Slight
2023-09-10 21:00:00+00:00,MUĞLA,48,27.127998,17.278,0.0,9.931042,2.0,57.73262,933.71246,19.18,Partly cloudy
2023-09-11 21:00:00+00:00,MUĞLA,48,29.627998,13.728,0.0,10.08,0.0,34.95864,935.597,23.48,Clear sky
2023-09-12 21:00:00+00:00,MUĞLA,48,30.477999,14.428,0.0,10.446206,0.0,35.04798,938.5048,23.09,Clear sky
2023-09-13 21:00:00+00:00,MUĞLA,48,30.428,14.728,0.0,10.086427,3.0,32.23045,938.64984,23.04,Overcast
2023-09-14 21:00:00+00:00,MUĞLA,48,30.828,15.178,0.0,13.0447235,1.0,32.660885,939.0175,22.55,Mainly clear
2023-09-15 21:00:00+00:00,MUĞLA,48,31.778,16.127998,0.0,13.5515,3.0,32.6562,939.19556,22.14,Overcast
2023-09-16 21:00:00+00:00,MUĞLA,48,31.528,16.578,0.0,9.9571085,2.0,35.31734,937.55914,22.0,Partly cloudy
2023-09-17 21:00:00+00:00,MUĞLA,48,30.528,17.078,0.0,14.693999,0.0,36.79394,935.925,21.73,Clear sky
2023-09-18 21:00:00+00:00,MUĞLA,48,30.227999,16.428,0.0,14.081477,3.0,40.032684,936.20856,21.35,Overcast
2023-09-19 21:00:00+00:00,MUĞLA,48,30.778,14.828,0.0,12.57426,0.0,37.568546,938.4329,22.0,Clear sky
2023-09-20 21:00:00+00:00,MUĞLA,48,30.178,15.828,0.0,12.074766,3.0,41.243225,939.2636,21.59,Overcast
2023-09-21 21:00:00+00:00,MUĞLA,48,32.228,16.477999,0.0,12.496719,3.0,36.303272,940.65594,21.06,Overcast
2023-09-22 21:00:00+00:00,MUĞLA,48,32.978,19.178,0.0,12.144331,0.0,32.246796,940.517,20.95,Clear sky
2023-09-23 21:00:00+00:00,MUĞLA,48,32.778,19.428,0.0,15.575981,2.0,30.733126,938.12714,20.94,Partly cloudy
2023-09-24 21:00:00+00:00,MUĞLA,48,31.578,18.977999,0.0,10.966713,3.0,35.196655,937.06085,19.84,Overcast
2023-09-25 21:00:00+00:00,MUĞLA,48,29.977999,18.828,0.0,11.212135,3.0,39.088284,936.63605,19.45,Overcast
2023-09-26 21:00:00+00:00,MUĞLA,48,25.778,16.678,8.2,16.87398,63.0,59.174545,938.2561,16.75,Rain: Moderate
2023-09-27 21:00:00+00:00,MUĞLA,48,23.278,15.428,5.2,18.218275,63.0,79.17823,940.16034,16.1,Rain: Moderate
2023-09-28 21:00:00+00:00,MUĞLA,48,24.127998,16.127998,1.6,9.793058,61.0,72.40212,941.03125,17.64,Rain: Slight
2023-09-29 21:00:00+00:00,MUĞLA,48,23.977999,15.228,3.8000002,9.339208,63.0,73.845665,938.4659,16.99,Rain: Moderate
2023-09-30 21:00:00+00:00,MUĞLA,48,21.578,14.278,5.0,16.394829,61.0,71.29955,936.5379,14.39,Rain: Slight
2023-10-01 21:00:00+00:00,MUĞLA,48,23.678,13.828,0.3,15.815435,51.0,62.81422,938.01636,17.7,Drizzle: Light
2023-10-02 21:00:00+00:00,MUĞLA,48,24.778,14.278,0.0,10.1376915,1.0,60.175274,941.23096,17.79,Mainly clear
2023-10-03 21:00:00+00:00,MUĞLA,48,24.578,13.428,0.0,11.246759,0.0,58.686375,943.4187,19.01,Clear sky
2023-10-04 21:00:00+00:00,MUĞLA,48,24.278,13.428,0.0,10.440001,0.0,57.091415,944.0559,18.94,Clear sky
2023-10-05 21:00:00+00:00,MUĞLA,48,24.727999,12.778,0.0,10.805998,3.0,54.768036,942.0926,18.47,Overcast
2023-10-06 21:00:00+00:00,MUĞLA,48,25.778,12.678,0.0,11.681987,3.0,52.833023,941.5247,17.62,Overcast
2023-10-07 21:00:00+00:00,MUĞLA,48,25.377998,13.678,0.0,10.739832,1.0,53.454666,940.8069,17.8,Mainly clear
2023-10-08 21:00:00+00:00,MUĞLA,48,25.928,12.628,0.0,11.090103,3.0,53.128376,940.4987,17.94,Overcast
2023-10-09 21:00:00+00:00,MUĞLA,48,25.578,12.778,0.0,13.441071,0.0,52.772324,939.1132,17.88,Clear sky
2023-10-10 21:00:00+00:00,MUĞLA,48,24.428,13.278,0.2,10.446206,51.0,55.95071,940.03,16.67,Drizzle: Light
2023-10-11 21:00:00+00:00,MUĞLA,48,24.477999,13.628,0.0,8.707238,0.0,58.824932,942.46344,16.48,Clear sky
2023-10-12 21:00:00+00:00,MUĞLA,48,24.828,13.978,0.0,9.693296,1.0,63.601337,943.1639,16.46,Mainly clear
2023-10-13 21:00:00+00:00,MUĞLA,48,21.928,13.178,2.8000002,10.009036,61.0,70.0233,940.04254,13.14,Rain: Slight
2023-10-14 21:00:00+00:00,MUĞLA,48,22.178,12.378,1.0,10.853866,53.0,67.53365,936.98224,15.61,Drizzle: Moderate
2023-10-15 21:00:00+00:00,MUĞLA,48,23.727999,11.828,0.0,12.413476,0.0,55.36687,937.2651,16.87,Clear sky
2023-10-16 21:00:00+00:00,MUĞLA,48,22.778,12.378,0.0,11.792404,2.0,65.97753,939.50616,16.06,Partly cloudy
2023-10-17 21:00:00+00:00,MUĞLA,48,19.028,11.978,1.7000002,11.269782,53.0,75.65676,938.2498,10.91,Drizzle: Moderate
2023-10-18 21:00:00+00:00,MUĞLA,48,20.828,11.328,0.0,10.390226,1.0,72.71284,938.9672,15.99,Mainly clear
2023-10-19 21:00:00+00:00,MUĞLA,48,21.377998,11.178,0.0,8.049845,0.0,64.24581,941.4846,15.96,Clear sky
2023-10-20 21:00:00+00:00,MUĞLA,48,23.877998,12.978,0.0,10.239453,2.0,63.846897,943.67194,15.66,Partly cloudy
2023-10-21 21:00:00+00:00,MUĞLA,48,27.428,12.828,0.0,10.594036,3.0,54.53561,943.13995,15.42,Overcast
2023-10-22 21:00:00+00:00,MUĞLA,48,28.328,14.028,0.0,10.239453,3.0,50.16186,942.19806,15.04,Overcast
2023-10-23 21:00:00+00:00,MUĞLA,48,27.877998,14.578,0.0,9.726665,3.0,48.087894,940.42236,15.39,Overcast
2023-10-24 21:00:00+00:00,MUĞLA,48,23.928,14.528,0.0,9.3876505,3.0,50.05133,940.10767,14.45,Overcast
2023-10-25 21:00:00+00:00,MUĞLA,48,21.627998,15.678,0.0,13.281023,3.0,65.16093,939.5357,9.29,Overcast
2023-10-26 21:00:00+00:00,MUĞLA,48,21.877998,15.128,0.0,14.24163,3.0,72.73758,938.3089,14.52,Overcast
2023-10-27 21:00:00+00:00,MUĞLA,48,22.528,14.828,0.0,12.224107,3.0,79.76374,939.36163,12.74,Overcast
2023-10-28 21:00:00+00:00,MUĞLA,48,22.928,13.678,0.0,6.849467,3.0,69.76216,940.5721,12.78,Overcast
2023-10-29 21:00:00+00:00,MUĞLA,48,22.778,14.228,0.0,14.168641,3.0,69.39426,941.4119,12.68,Overcast
2023-10-30 21:00:00+00:00,MUĞLA,48,22.328,14.478,0.0,12.979984,1.0,67.174965,941.91486,13.54,Mainly clear
2023-10-31 21:00:00+00:00,MUĞLA,48,21.778,13.428,0.0,9.007196,3.0,65.91266,941.22394,12.72,Overcast
2023-11-01 21:00:00+00:00,MUĞLA,48,19.578,13.728,1.1,14.372974,51.0,80.24749,938.7972,9.78,Drizzle: Light
2023-11-02 21:00:00+00:00,MUĞLA,48,21.078,13.478,0.0,15.192682,3.0,84.41811,938.8929,12.67,Overcast
2023-11-03 21:00:00+00:00,MUĞLA,48,20.477999,14.328,0.5,19.272614,51.0,86.09436,939.25006,11.22,Drizzle: Light
2023-11-04 21:00:00+00:00,MUĞLA,48,17.377998,13.578,41.499996,14.24163,65.0,96.00913,939.1318,6.49,Rain: Heavy
2023-11-05 21:00:00+00:00,MUĞLA,48,20.778,13.278,0.4,7.7043357,51.0,86.39505,941.665,10.91,Drizzle: Light
2023-11-06 21:00:00+00:00,MUĞLA,48,20.877998,12.328,0.0,8.825508,1.0,71.34936,943.90094,13.14,Mainly clear
2023-11-07 21:00:00+00:00,MUĞLA,48,20.328,10.778,0.0,8.049845,3.0,72.32226,942.9739,13.17,Overcast
2023-11-08 21:00:00+00:00,MUĞLA,48,20.127998,13.178,0.0,10.538843,3.0,74.16865,941.44965,12.72,Overcast
2023-11-09 21:00:00+00:00,MUĞLA,48,19.828,9.228,0.0,9.107359,3.0,76.38438,941.6966,11.89,Overcast
2023-11-10 21:00:00+00:00,MUĞLA,48,17.428,11.878,4.5,20.393293,55.0,84.53291,941.4982,7.84,Drizzle: Dense
2023-11-11 21:00:00+00:00,MUĞLA,48,16.428,12.828,11.2,14.512064,63.0,91.81311,941.0313,7.48,Rain: Moderate
2023-11-12 21:00:00+00:00,MUĞLA,48,14.878,12.278,16.6,11.770403,63.0,95.02752,939.10913,5.06,Rain: Moderate
2023-11-13 21:00:00+00:00,MUĞLA,48,18.678,10.128,0.1,13.684735,51.0,73.05556,938.31915,11.72,Drizzle: Light
2023-11-14 21:00:00+00:00,MUĞLA,48,17.877998,8.728,0.0,10.495713,1.0,69.43836,939.1894,12.37,Mainly clear
2023-11-15 21:00:00+00:00,MUĞLA,48,17.328,10.328,1.6000001,16.09969,53.0,89.99149,939.18854,6.29,Drizzle: Moderate
2023-11-16 21:00:00+00:00,MUĞLA,48,17.477999,8.228,0.0,9.422101,2.0,70.06007,939.3179,12.2,Partly cloudy
2023-11-17 21:00:00+00:00,MUĞLA,48,12.478,5.478,19.0,20.46941,63.0,84.95704,932.0035,2.99,Rain: Moderate
2023-11-18 21:00:00+00:00,MUĞLA,48,8.628,3.278,0.0,23.452555,2.0,70.60597,931.8858,10.56,Partly cloudy
2023-11-19 21:00:00+00:00,MUĞLA,48,12.428,2.028,0.0,14.512064,0.0,66.97065,936.75055,12.15,Clear sky
2023-11-20 21:00:00+00:00,MUĞLA,48,14.828,3.528,0.4,16.267857,51.0,69.11651,939.4275,11.62,Drizzle: Light
2023-11-21 21:00:00+00:00,MUĞLA,48,12.878,10.878,8.4,16.279802,61.0,89.8567,940.58716,3.82,Rain: Slight
2023-11-22 21:00:00+00:00,MUĞLA,48,18.127998,9.828,1.0,11.503113,51.0,82.7916,941.7928,10.74,Drizzle: Light
2023-11-23 21:00:00+00:00,MUĞLA,48,16.078,9.328,2.7,12.413477,61.0,82.83962,935.86523,8.92,Rain: Slight
2023-11-24 21:00:00+00:00,MUĞLA,48,12.328,9.578,31.600004,16.039202,63.0,95.66386,925.44434,3.92,Rain: Moderate
2023-11-25 21:00:00+00:00,MUĞLA,48,11.678,3.928,28.0,19.852295,63.0,79.43937,923.87744,8.54,Rain: Moderate
2023-11-26 21:00:00+00:00,MUĞLA,48,6.578,1.9779999,0.0,20.393293,2.0,65.11491,938.5402,10.51,Partly cloudy
2023-11-27 21:00:00+00:00,MUĞLA,48,10.078,0.328,22.7,17.974781,63.0,73.47753,940.1799,8.09,Rain: Moderate
2023-11-28 21:00:00+00:00,MUĞLA,48,11.278,6.828,37.7,15.459054,63.0,98.39655,938.36115,1.86,Rain: Moderate
2023-11-29 21:00:00+00:00,MUĞLA,48,14.128,9.528,8.900002,11.726277,61.0,93.69297,942.3547,7.32,Rain: Slight
2023-11-30 21:00:00+00:00,MUĞLA,48,14.528,9.678,1.6,12.387348,53.0,91.81131,945.0578,6.05,Drizzle: Moderate
2023-12-01 21:00:00+00:00,MUĞLA,48,15.628,9.278,0.0,11.435313,3.0,85.72061,944.0551,10.11,Overcast
2023-12-02 21:00:00+00:00,MUĞLA,48,13.878,11.028,2.5000002,13.479583,51.0,96.33666,942.867,4.27,Drizzle: Light
2023-12-03 21:00:00+00:00,MUĞLA,48,14.028,7.828,5.6,11.269782,61.0,94.74481,941.44525,6.65,Rain: Slight
2023-12-04 21:00:00+00:00,MUĞLA,48,16.078,7.078,1.5,7.42159,53.0,85.87745,938.6025,8.95,Drizzle: Moderate
2023-12-05 21:00:00+00:00,MUĞLA,48,12.278,8.778,11.6,12.594856,63.0,88.880516,935.0457,4.69,Rain: Moderate
2023-12-06 21:00:00+00:00,MUĞLA,48,11.378,8.128,6.0999994,8.78872,61.0,94.57162,937.0401,5.07,Rain: Slight
2023-12-07 21:00:00+00:00,MUĞLA,48,10.628,6.328,20.6,11.620809,63.0,92.5254,933.11163,6.49,Rain: Moderate
2023-12-08 21:00:00+00:00,MUĞLA,48,11.028,2.778,0.2,7.8625183,51.0,85.805534,932.5411,8.95,Drizzle: Light
2023-12-09 21:00:00+00:00,MUĞLA,48,9.878,3.578,0.70000005,12.245293,51.0,84.13177,938.94025,5.59,Drizzle: Light
2023-12-10 21:00:00+00:00,MUĞLA,48,12.728,7.3780003,11.4,11.885453,63.0,82.902794,936.80695,7.15,Rain: Moderate
2023-12-11 21:00:00+00:00,MUĞLA,48,12.928,4.778,0.0,9.028754,3.0,76.34354,937.3907,7.43,Overcast
2023-12-12 21:00:00+00:00,MUĞLA,48,15.178,3.578,0.0,9.885262,3.0,65.61994,938.46234,10.43,Overcast
2023-12-13 21:00:00+00:00,MUĞLA,48,14.578,7.3780003,0.0,12.43434,3.0,79.29133,941.7422,8.72,Overcast
2023-12-14 21:00:00+00:00,MUĞLA,48,12.928,11.328,8.7,17.57744,55.0,96.28158,943.07806,3.85,Drizzle: Dense
2023-12-15 21:00:00+00:00,MUĞLA,48,12.978,10.028,26.4,14.88242,63.0,95.04755,942.3204,5.67,Rain: Moderate
2023-12-16 21:00:00+00:00,MUĞLA,48,15.278,6.278,0.1,9.3876505,51.0,83.09142,946.51117,8.57,Drizzle: Light
2023-12-17 21:00:00+00:00,MUĞLA,48,15.478,4.428,0.0,9.605998,0.0,66.97113,946.05707,10.55,Clear sky
2023-12-18 21:00:00+00:00,MUĞLA,48,14.778,3.878,0.0,8.350138,0.0,58.930973,943.8134,10.23,Clear sky
2023-12-19 21:00:00+00:00,MUĞLA,48,12.178,5.6280003,3.3000002,15.496736,53.0,81.53808,941.25275,8.15,Drizzle: Moderate
2023-12-20 21:00:00+00:00,MUĞLA,48,9.528,6.1280003,26.800001,18.161278,63.0,92.52047,931.0467,0.9,Rain: Moderate
2023-12-21 21:00:00+00:00,MUĞLA,48,11.078,5.3780003,4.4999995,10.823973,61.0,85.48453,927.7012,7.7,Rain: Slight
2023-12-22 21:00:00+00:00,MUĞLA,48,12.128,4.978,0.1,13.70839,51.0,76.45823,931.03436,10.11,Drizzle: Light
2023-12-23 21:00:00+00:00,MUĞLA,48,14.728,5.078,0.0,6.489992,2.0,75.54234,937.913,9.76,Partly cloudy
2023-12-24 21:00:00+00:00,MUĞLA,48,14.778,6.1280003,0.0,6.489992,0.0,64.491394,942.86884,10.3,Clear sky
2023-12-25 21:00:00+00:00,MUĞLA,48,13.328,6.528,0.0,9.693296,1.0,74.60592,945.4731,9.34,Mainly clear
2023-12-26 21:00:00+00:00,MUĞLA,48,15.678,6.328,0.2,9.422101,51.0,85.64819,944.7436,9.41,Drizzle: Light
2023-12-27 21:00:00+00:00,MUĞLA,48,16.727999,5.328,0.0,9.885262,0.0,74.74305,945.3755,10.16,Clear sky
2023-12-28 21:00:00+00:00,MUĞLA,48,13.928,7.578,0.0,9.114471,3.0,67.47439,945.5349,10.02,Overcast
2023-12-29 21:00:00+00:00,MUĞLA,48,12.378,6.828,0.3,9.028754,51.0,82.005714,944.63934,6.31,Drizzle: Light
2023-12-30 21:00:00+00:00,MUĞLA,48,14.128,7.278,0.0,8.350138,3.0,83.060585,943.30194,8.48,Overcast
2023-12-31 21:00:00+00:00,MUĞLA,48,10.228,8.028,7.2000003,11.874544,61.0,92.457794,942.08356,3.12,Rain: Slight
2024-01-01 21:00:00+00:00,MUĞLA,48,11.978,6.728,3.3000004,8.759178,55.0,90.71289,941.3874,6.56,Drizzle: Dense
2024-01-02 21:00:00+00:00,MUĞLA,48,12.478,4.928,1.5000001,9.0,51.0,92.72465,940.22876,7.62,Drizzle: Light
2024-01-03 21:00:00+00:00,MUĞLA,48,11.778,8.978,7.9,10.308831,61.0,95.9516,938.54156,6.39,Rain: Slight
2024-01-04 21:00:00+00:00,MUĞLA,48,15.728,6.778,1.5,11.165805,53.0,82.98972,939.971,9.74,Drizzle: Moderate
2024-01-05 21:00:00+00:00,MUĞLA,48,13.078,7.3780003,2.4,24.640942,53.0,78.860664,942.3872,7.47,Drizzle: Moderate
2024-01-06 21:00:00+00:00,MUĞLA,48,12.628,8.828,54.000004,29.96662,63.0,96.154305,935.46564,4.03,Rain: Moderate
2024-01-07 21:00:00+00:00,MUĞLA,48,11.278,7.6280003,7.6,8.557102,61.0,94.279655,936.1221,5.3,Rain: Slight
2024-01-08 21:00:00+00:00,MUĞLA,48,10.228,5.578,10.899999,13.202726,63.0,93.34011,933.5999,4.89,Rain: Moderate
2024-01-09 21:00:00+00:00,MUĞLA,48,10.828,2.9780002,0.1,12.413476,51.0,80.36323,934.74146,9.48,Drizzle: Light
2024-01-10 21:00:00+00:00,MUĞLA,48,10.628,1.078,0.0,11.165805,3.0,74.826,936.8415,10.17,Overcast
2024-01-11 21:00:00+00:00,MUĞLA,48,7.678,1.7279999,0.0,12.413476,3.0,77.74507,933.6171,5.16,Overcast
2024-01-12 21:00:00+00:00,MUĞLA,48,9.628,-0.17199999,0.0,11.435313,0.0,67.538704,931.67755,11.34,Clear sky
2024-01-13 21:00:00+00:00,MUĞLA,48,9.528,-0.97199994,0.0,11.252519,0.0,61.84698,935.4223,11.57,Clear sky
2024-01-14 21:00:00+00:00,MUĞLA,48,6.928,0.728,5.2999997,14.05845,61.0,84.15545,938.65875,3.55,Rain: Slight
2024-01-15 21:00:00+00:00,MUĞLA,48,10.328,6.178,45.8,15.277749,63.0,98.34115,936.13995,2.71,Rain: Moderate
2024-01-16 21:00:00+00:00,MUĞLA,48,14.428,7.078,0.0,8.647496,3.0,78.79288,939.6968,10.56,Overcast
2024-01-17 21:00:00+00:00,MUĞLA,48,11.928,6.028,2.6999998,13.049689,53.0,94.20153,941.90485,6.3,Drizzle: Moderate
2024-01-18 21:00:00+00:00,MUĞLA,48,13.328,9.828,5.8,14.336861,55.0,96.53002,939.6291,6.06,Drizzle: Dense
2024-01-19 21:00:00+00:00,MUĞLA,48,13.328,9.478,1.0,13.779114,51.0,91.61761,940.2603,5.83,Drizzle: Light
2024-01-20 21:00:00+00:00,MUĞLA,48,13.828,8.228,11.900001,14.934577,63.0,80.96465,938.0544,6.5,Rain: Moderate
2024-01-21 21:00:00+00:00,MUĞLA,48,12.928,4.1280003,0.8,11.5199995,53.0,74.55995,938.7851,11.27,Drizzle: Moderate
2024-01-22 21:00:00+00:00,MUĞLA,48,12.478,2.578,0.0,9.746631,0.0,75.13961,938.57733,12.05,Clear sky
2024-01-23 21:00:00+00:00,MUĞLA,48,12.878,2.278,0.0,9.36,0.0,70.05247,938.6856,12.34,Clear sky
2024-01-24 21:00:00+00:00,MUĞLA,48,11.628,1.6279999,0.9,14.05845,53.0,57.992588,938.5468,12.19,Drizzle: Moderate
2024-01-25 21:00:00+00:00,MUĞLA,48,8.478,0.778,0.8,17.072504,53.0,70.89646,938.08936,12.51,Drizzle: Moderate
2024-01-26 21:00:00+00:00,MUĞLA,48,8.128,0.328,0.0,19.33639,3.0,61.049805,941.10596,12.36,Overcast
2024-01-27 21:00:00+00:00,MUĞLA,48,8.528,-0.17199999,0.0,15.484185,3.0,62.466816,941.7164,12.55,Overcast
2024-01-28 21:00:00+00:00,MUĞLA,48,5.728,-0.97199994,0.0,18.998316,2.0,51.807297,942.2259,12.93,Partly cloudy
2024-01-29 21:00:00+00:00,MUĞLA,48,6.478,-0.772,0.4,14.654254,51.0,60.39984,939.67865,6.98,Drizzle: Light
2024-01-30 21:00:00+00:00,MUĞLA,48,10.228,-0.022,0.0,9.3876505,3.0,64.62357,940.5129,12.16,Overcast
2024-01-31 21:00:00+00:00,MUĞLA,48,11.428,-0.222,0.0,9.028754,0.0,66.45864,941.0931,13.32,Clear sky
2024-02-01 21:00:00+00:00,MUĞLA,48,10.928,0.728,0.0,10.308831,0.0,66.58216,939.2159,13.6,Clear sky
2024-02-02 21:00:00+00:00,MUĞLA,48,10.728,-0.522,0.0,14.021525,3.0,66.41304,939.988,13.59,Overcast
2024-02-03 21:00:00+00:00,MUĞLA,48,10.578,0.728,0.0,12.849528,3.0,66.4347,942.15204,13.47,Overcast
2024-02-04 21:00:00+00:00,MUĞLA,48,13.328,2.628,0.0,15.94601,1.0,67.71718,943.18756,13.45,Mainly clear
2024-02-05 21:00:00+00:00,MUĞLA,48,16.928,5.728,0.0,8.647496,0.0,65.05631,944.91534,13.93,Clear sky
2024-02-06 21:00:00+00:00,MUĞLA,48,12.828,6.578,1.7,18.847641,51.0,88.70648,943.78925,8.63,Drizzle: Light
2024-02-07 21:00:00+00:00,MUĞLA,48,11.878,7.228,19.6,15.941944,63.0,95.22701,941.1165,7.52,Rain: Moderate
2024-02-08 21:00:00+00:00,MUĞLA,48,12.878,6.178,0.0,12.43434,3.0,84.37719,938.6076,12.17,Overcast
2024-02-09 21:00:00+00:00,MUĞLA,48,12.728,5.978,1.4000001,14.578888,51.0,89.55848,941.77905,9.95,Drizzle: Light
2024-02-10 21:00:00+00:00,MUĞLA,48,10.778,8.628,10.500001,22.79684,61.0,96.304115,943.11475,6.17,Rain: Slight
2024-02-11 21:00:00+00:00,MUĞLA,48,10.628,8.328,40.0,27.14123,63.0,95.272,937.25366,4.54,Rain: Moderate
2024-02-12 21:00:00+00:00,MUĞLA,48,12.278,5.8780003,22.600002,14.417988,65.0,83.262405,931.7507,13.28,Rain: Heavy
2024-02-13 21:00:00+00:00,MUĞLA,48,13.678,4.028,0.6,15.379206,51.0,74.34605,929.3863,14.14,Drizzle: Light
2024-02-14 21:00:00+00:00,MUĞLA,48,12.078,2.9780002,1.2,8.707238,53.0,78.37826,932.0595,13.3,Drizzle: Moderate
2024-02-15 21:00:00+00:00,MUĞLA,48,13.128,2.628,0.2,9.3669195,51.0,78.20132,935.71216,12.37,Drizzle: Light
2024-02-16 21:00:00+00:00,MUĞLA,48,13.578,4.028,0.2,7.6367526,51.0,73.24358,939.685,14.92,Drizzle: Light
2024-02-17 21:00:00+00:00,MUĞLA,48,14.528,2.328,0.0,11.183201,0.0,67.624794,941.72455,15.87,Clear sky
2024-02-18 21:00:00+00:00,MUĞLA,48,13.778,1.8779999,0.0,9.885262,0.0,60.023758,940.7342,16.15,Clear sky
2024-02-19 21:00:00+00:00,MUĞLA,48,11.328,1.8779999,0.0,9.793058,3.0,62.965427,940.7553,13.46,Overcast
2024-02-20 21:00:00+00:00,MUĞLA,48,11.978,2.078,0.0,10.739833,3.0,63.572155,942.584,15.37,Overcast
2024-02-21 21:00:00+00:00,MUĞLA,48,13.528,4.528,0.0,9.36,3.0,58.31598,942.64795,15.27,Overcast
2024-02-22 21:00:00+00:00,MUĞLA,48,13.528,4.3780003,0.0,10.239453,1.0,68.54169,942.6539,15.36,Mainly clear
2024-02-23 21:00:00+00:00,MUĞLA,48,15.928,4.8780003,0.2,10.990322,51.0,70.22898,943.613,16.06,Drizzle: Light
2024-02-24 21:00:00+00:00,MUĞLA,48,15.578,5.028,0.0,10.1376915,3.0,64.72463,941.68945,15.3,Overcast
2024-02-25 21:00:00+00:00,MUĞLA,48,12.178,8.278,3.7,21.794127,53.0,73.70466,935.5799,5.63,Drizzle: Moderate
2024-02-26 21:00:00+00:00,MUĞLA,48,14.628,5.6280003,0.90000004,10.086427,51.0,76.5629,938.9559,15.73,Drizzle: Light
2024-02-27 21:00:00+00:00,MUĞLA,48,14.878,6.478,0.0,11.298495,3.0,75.6531,944.12964,15.24,Overcast
2024-02-28 21:00:00+00:00,MUĞLA,48,16.477999,7.278,0.0,14.84318,3.0,69.240974,944.283,17.38,Overcast
2024-02-29 21:00:00+00:00,MUĞLA,48,15.178,8.478,0.0,13.698934,3.0,57.823376,938.5987,14.67,Overcast
2024-03-01 21:00:00+00:00,MUĞLA,48,11.328,6.1280003,8.8,15.986595,63.0,76.8311,935.4593,9.04,Rain: Moderate
2024-03-02 21:00:00+00:00,MUĞLA,48,14.828,4.078,0.0,11.298495,3.0,76.31141,936.35333,15.35,Overcast
2024-03-03 21:00:00+00:00,MUĞLA,48,14.578,3.7280002,0.0,11.090103,1.0,71.66471,937.0701,17.06,Mainly clear
2024-03-04 21:00:00+00:00,MUĞLA,48,12.578,6.578,26.3,26.072052,65.0,89.54694,934.1819,7.23,Rain: Heavy
2024-03-05 21:00:00+00:00,MUĞLA,48,13.478,5.778,2.1,17.727943,55.0,75.92652,934.94385,14.79,Drizzle: Dense
2024-03-06 21:00:00+00:00,MUĞLA,48,14.778,3.678,0.0,12.4811535,3.0,66.259705,937.95734,18.22,Overcast
2024-03-07 21:00:00+00:00,MUĞLA,48,11.828,5.278,2.5999997,11.252519,61.0,77.60317,937.54596,13.53,Rain: Slight
2024-03-08 21:00:00+00:00,MUĞLA,48,13.428,2.028,0.0,15.141414,3.0,68.345375,938.08594,19.37,Overcast
2024-03-09 21:00:00+00:00,MUĞLA,48,15.128,3.128,0.0,10.883676,3.0,54.056717,939.5372,19.72,Overcast
2024-03-10 21:00:00+00:00,MUĞLA,48,14.228,3.278,0.0,14.658676,3.0,59.403675,943.8227,19.28,Overcast
2024-03-11 21:00:00+00:00,MUĞLA,48,12.878,6.778,0.70000005,26.474077,51.0,78.69182,942.1275,14.06,Drizzle: Light
2024-03-12 21:00:00+00:00,MUĞLA,48,11.378,6.928,19.8,14.512064,63.0,88.35525,937.4097,13.62,Rain: Moderate
2024-03-13 21:00:00+00:00,MUĞLA,48,12.878,5.428,2.6000001,9.3669195,55.0,79.495056,936.9206,14.02,Drizzle: Dense
2024-03-14 21:00:00+00:00,MUĞLA,48,13.728,3.528,0.0,15.696165,1.0,70.66578,937.8553,18.67,Mainly clear
2024-03-15 21:00:00+00:00,MUĞLA,48,14.728,4.078,0.0,11.91812,3.0,64.922516,939.52814,19.93,Overcast
2024-03-16 21:00:00+00:00,MUĞLA,48,13.578,4.3780003,0.0,10.587917,3.0,70.86501,937.74457,15.47,Overcast
2024-03-17 21:00:00+00:00,MUĞLA,48,16.828,5.328,0.3,12.641076,51.0,60.414856,933.44165,20.12,Drizzle: Light
2024-03-18 21:00:00+00:00,MUĞLA,48,15.828,4.328,0.0,12.641076,3.0,56.662582,932.31714,19.88,Overcast
2024-03-19 21:00:00+00:00,MUĞLA,48,13.278,5.328,3.8999999,11.792404,61.0,71.674,934.2138,14.23,Rain: Slight
2024-03-20 21:00:00+00:00,MUĞLA,48,12.628,3.2280002,0.0,19.130875,1.0,64.19198,937.0136,21.56,Mainly clear
2024-03-21 21:00:00+00:00,MUĞLA,48,11.228,2.7280002,0.0,19.376562,3.0,52.58774,936.364,20.31,Overcast
2024-03-22 21:00:00+00:00,MUĞLA,48,13.728,0.328,0.0,10.587918,3.0,56.809216,936.1691,21.65,Overcast
2024-03-23 21:00:00+00:00,MUĞLA,48,14.878,1.8779999,0.0,13.1041975,3.0,54.42775,934.7903,22.24,Overcast
2024-03-24 21:00:00+00:00,MUĞLA,48,12.028,3.9780002,11.200001,15.542662,63.0,83.45898,933.53314,8.45,Rain: Moderate
2024-03-25 21:00:00+00:00,MUĞLA,48,18.028,6.778,0.5,12.10157,51.0,71.79009,937.0193,18.78,Drizzle: Light
2024-03-26 21:00:00+00:00,MUĞLA,48,17.778,10.528,1.0,20.945072,55.0,60.59755,939.3589,21.02,Drizzle: Dense
2024-03-27 21:00:00+00:00,MUĞLA,48,19.377998,10.978,0.5,20.056877,51.0,51.711803,939.0948,14.96,Drizzle: Light
2024-03-28 21:00:00+00:00,MUĞLA,48,21.428,9.278,0.0,10.30883,3.0,60.46784,941.0533,22.21,Overcast
2024-03-29 21:00:00+00:00,MUĞLA,48,23.078,9.628,0.0,11.183201,3.0,62.05359,943.2327,22.59,Overcast
2024-03-30 21:00:00+00:00,MUĞLA,48,23.178,12.328,0.0,13.202726,3.0,55.847576,945.2783,21.45,Overcast
2024-03-31 21:00:00+00:00,MUĞLA,48,24.928,10.428,0.0,10.948973,0.0,51.360535,943.67145,23.09,Clear sky
2024-04-01 21:00:00+00:00,MUĞLA,48,26.227999,12.278,0.0,7.342588,3.0,45.197186,940.28375,23.11,Overcast
2024-04-02 21:00:00+00:00,MUĞLA,48,23.828,12.778,0.0,11.440978,3.0,45.729206,938.6451,23.39,Overcast
2024-04-03 21:00:00+00:00,MUĞLA,48,19.627998,10.078,0.0,13.5515,3.0,66.40227,937.9383,23.59,Overcast
2024-04-04 21:00:00+00:00,MUĞLA,48,21.928,9.478,0.0,17.462782,3.0,54.514263,939.51117,23.95,Overcast
2024-04-05 21:00:00+00:00,MUĞLA,48,20.477999,9.428,0.0,19.296133,1.0,43.659832,938.79,24.09,Mainly clear
2024-04-06 21:00:00+00:00,MUĞLA,48,17.477999,9.778,0.4,15.379206,51.0,50.149723,935.3348,16.53,Drizzle: Light
2024-04-07 21:00:00+00:00,MUĞLA,48,19.227999,7.978,0.0,17.373497,3.0,52.547535,934.00684,17.34,Overcast
2024-04-08 21:00:00+00:00,MUĞLA,48,21.528,6.478,0.0,13.089354,1.0,60.184566,934.93384,22.17,Mainly clear
2024-04-09 21:00:00+00:00,MUĞLA,48,23.627998,10.078,0.0,11.874544,2.0,53.672237,936.0664,23.79,Partly cloudy
2024-04-10 21:00:00+00:00,MUĞLA,48,23.627998,10.878,0.0,8.0899935,1.0,55.315887,939.4628,23.29,Mainly clear
2024-04-11 21:00:00+00:00,MUĞLA,48,23.928,11.278,1.9,10.739833,55.0,60.02653,940.9119,21.81,Drizzle: Dense
2024-04-12 21:00:00+00:00,MUĞLA,48,24.278,10.978,0.2,9.531505,51.0,59.3922,940.4748,23.18,Drizzle: Light
2024-04-13 21:00:00+00:00,MUĞLA,48,23.477999,12.078,0.0,18.391735,0.0,43.170578,940.237,25.07,Clear sky
2024-04-14 21:00:00+00:00,MUĞLA,48,26.278,9.828,0.0,10.315115,0.0,44.31638,941.3549,25.3,Clear sky
2024-04-15 21:00:00+00:00,MUĞLA,48,22.227999,13.128,0.0,19.386593,3.0,41.509068,939.94806,23.75,Overcast
2024-04-16 21:00:00+00:00,MUĞLA,48,21.278,12.928,0.1,31.353088,51.0,43.056534,932.89264,21.6,Drizzle: Light
2024-04-17 21:00:00+00:00,MUĞLA,48,18.928,12.128,5.7000003,19.881649,53.0,85.95651,931.7858,18.58,Drizzle: Moderate
2024-04-18 21:00:00+00:00,MUĞLA,48,17.578,10.178,0.1,13.627795,51.0,77.51194,935.15704,22.04,Drizzle: Light
2024-04-19 21:00:00+00:00,MUĞLA,48,12.278,7.978,50.700005,29.024128,65.0,87.57647,930.44824,13.83,Rain: Heavy
2024-04-20 21:00:00+00:00,MUĞLA,48,16.377998,5.8780003,0.0,12.849528,3.0,74.85617,937.44086,25.41,Overcast
2024-04-21 21:00:00+00:00,MUĞLA,48,19.778,9.678,0.3,11.631956,51.0,75.830734,942.0357,17.6,Drizzle: Light
2024-04-22 21:00:00+00:00,MUĞLA,48,22.928,13.678,0.0,16.58346,3.0,42.969654,941.1443,24.74,Overcast
2024-04-23 21:00:00+00:00,MUĞLA,48,23.178,16.178,0.0,23.266697,3.0,45.493073,934.90326,21.4,Overcast
2024-04-24 21:00:00+00:00,MUĞLA,48,19.977999,12.728,0.0,17.462784,3.0,73.77799,932.4382,18.4,Overcast
2024-04-25 21:00:00+00:00,MUĞLA,48,22.377998,9.328,0.0,15.1884165,1.0,50.87821,934.79517,27.07,Mainly clear
2024-04-26 21:00:00+00:00,MUĞLA,48,23.877998,9.778,0.0,10.805999,2.0,55.2084,935.52594,27.42,Partly cloudy
2024-04-27 21:00:00+00:00,MUĞLA,48,23.428,11.078,0.0,9.726665,0.0,54.86095,936.89984,27.25,Clear sky
2024-04-28 21:00:00+00:00,MUĞLA,48,25.477999,11.778,0.0,13.32,0.0,58.800358,937.3919,26.58,Clear sky
2024-04-29 21:00:00+00:00,MUĞLA,48,25.627998,13.128,0.0,11.503113,0.0,58.03738,936.8428,26.08,Clear sky
2024-04-30 21:00:00+00:00,MUĞLA,48,24.877998,13.778,0.1,12.904882,51.0,61.85977,935.3328,25.9,Drizzle: Light
2024-05-01 21:00:00+00:00,MUĞLA,48,23.877998,12.428,0.0,17.654688,0.0,58.96636,933.98926,27.02,Clear sky
2024-05-02 21:00:00+00:00,MUĞLA,48,21.928,11.828,0.0,17.114204,0.0,60.28764,933.61163,26.29,Clear sky
2024-05-03 21:00:00+00:00,MUĞLA,48,16.678,10.428,7.1,17.533146,63.0,68.66923,931.0933,22.46,Rain: Moderate
2024-05-04 21:00:00+00:00,MUĞLA,48,19.278,8.178,0.0,16.923828,3.0,58.630024,931.7719,25.76,Overcast
2024-05-05 21:00:00+00:00,MUĞLA,48,22.477999,7.578,0.0,15.596767,0.0,41.67578,935.5131,28.76,Clear sky
2024-05-06 21:00:00+00:00,MUĞLA,48,22.428,8.528,0.0,11.212135,0.0,51.997906,937.7412,28.25,Clear sky
2024-05-07 21:00:00+00:00,MUĞLA,48,22.227999,10.578,0.0,16.981165,3.0,57.86719,939.4512,27.91,Overcast
2024-05-08 21:00:00+00:00,MUĞLA,48,19.877998,13.328,0.0,14.417988,3.0,51.730007,937.7225,16.8,Overcast
2024-05-09 21:00:00+00:00,MUĞLA,48,23.428,10.278,7.7999997,21.749483,63.0,57.7727,930.68256,19.39,Rain: Moderate
2024-05-10 21:00:00+00:00,MUĞLA,48,20.028,10.428,1.3000001,10.144082,53.0,73.348366,931.666,22.71,Drizzle: Moderate
2024-05-11 21:00:00+00:00,MUĞLA,48,19.727999,10.428,7.7,9.114471,63.0,68.76237,933.6928,20.18,Rain: Moderate
2024-05-12 21:00:00+00:00,MUĞLA,48,21.227999,10.328,0.0,22.473343,0.0,49.41356,935.79584,28.21,Clear sky
2024-05-13 21:00:00+00:00,MUĞLA,48,22.178,9.028,0.0,18.043148,3.0,47.910675,936.3223,28.77,Overcast
2024-05-14 21:00:00+00:00,MUĞLA,48,22.627998,9.478,0.0,11.183201,3.0,44.582077,938.47296,28.05,Overcast
2024-05-15 21:00:00+00:00,MUĞLA,48,24.328,11.778,0.0,12.55879,3.0,53.07844,942.294,25.21,Overcast
2024-05-16 21:00:00+00:00,MUĞLA,48,24.477999,15.228,0.5,9.957108,51.0,58.181507,942.9634,15.65,Drizzle: Light
2024-05-17 21:00:00+00:00,MUĞLA,48,28.328,15.928,0.3,12.031756,51.0,57.355957,941.1645,27.21,Drizzle: Light
2024-05-18 21:00:00+00:00,MUĞLA,48,27.477999,17.428,0.0,12.9249525,3.0,52.545868,937.87335,25.09,Overcast
2024-05-19 21:00:00+00:00,MUĞLA,48,29.727999,15.778,0.0,17.673029,3.0,49.487423,936.1021,27.3,Overcast
2024-05-20 21:00:00+00:00,MUĞLA,48,31.178,16.227999,0.0,18.075441,1.0,47.226643,938.41425,28.09,Mainly clear
2024-05-21 21:00:00+00:00,MUĞLA,48,29.328,19.528,0.1,13.493999,51.0,44.303555,938.3211,24.51,Drizzle: Light
2024-05-22 21:00:00+00:00,MUĞLA,48,23.377998,15.628,0.9,22.545315,53.0,61.454227,935.52875,26.77,Drizzle: Moderate
2024-05-23 21:00:00+00:00,MUĞLA,48,23.028,13.128,0.0,24.535526,2.0,56.660053,936.2576,22.31,Partly cloudy
2024-05-24 21:00:00+00:00,MUĞLA,48,26.377998,13.978,0.0,15.596767,3.0,42.031845,935.74365,29.74,Overcast
2024-05-25 21:00:00+00:00,MUĞLA,48,23.428,13.878,1.2,17.377226,55.0,61.549286,935.0617,20.52,Drizzle: Dense
2024-05-26 21:00:00+00:00,MUĞLA,48,22.178,11.378,0.6,9.659814,51.0,66.14893,935.22614,22.37,Drizzle: Light
2024-05-27 21:00:00+00:00,MUĞLA,48,24.627998,13.578,0.2,15.0038395,51.0,51.397156,935.7068,27.39,Drizzle: Light
2024-05-28 21:00:00+00:00,MUĞLA,48,24.627998,12.128,0.0,15.315873,3.0,46.532276,936.5801,27.89,Overcast
2024-05-29 21:00:00+00:00,MUĞLA,48,22.778,13.178,0.0,15.629971,1.0,53.82225,937.1088,27.77,Mainly clear
2024-05-30 21:00:00+00:00,MUĞLA,48,24.727999,13.628,0.0,11.165805,3.0,55.982777,940.4743,28.11,Overcast
2024-05-31 21:00:00+00:00,MUĞLA,48,27.578,15.528,0.0,11.885453,0.0,50.50336,943.38525,29.48,Clear sky
2024-06-01 21:00:00+00:00,MUĞLA,48,30.727999,16.278,0.0,13.797913,3.0,49.64719,942.2505,27.39,Overcast
2024-06-02 21:00:00+00:00,MUĞLA,48,34.878,18.028,0.0,15.546833,3.0,39.24886,940.0481,27.46,Overcast
2024-06-03 21:00:00+00:00,MUĞLA,48,35.128,20.227999,0.0,15.042659,3.0,31.137545,938.6228,27.5,Overcast
2024-06-04 21:00:00+00:00,MUĞLA,48,35.578,22.328,0.0,20.620804,0.0,25.612122,939.4285,29.24,Clear sky
2024-06-05 21:00:00+00:00,MUĞLA,48,36.578,20.928,0.0,23.773632,3.0,28.106064,939.7358,25.9,Overcast
2024-06-06 21:00:00+00:00,MUĞLA,48,34.378,22.727999,0.0,18.947083,3.0,30.554441,938.82495,25.88,Overcast
2024-06-07 21:00:00+00:00,MUĞLA,48,33.677998,20.678,0.0,10.990322,3.0,29.763147,934.08954,27.08,Overcast
2024-06-08 21:00:00+00:00,MUĞLA,48,34.177998,19.078,0.0,15.03835,1.0,37.13464,933.76385,30.0,Mainly clear
2024-06-09 21:00:00+00:00,MUĞLA,48,33.328,19.977999,0.0,18.58451,2.0,35.372658,936.7976,28.93,Partly cloudy
2024-06-10 21:00:00+00:00,MUĞLA,48,35.677998,20.627998,0.0,13.527572,2.0,37.93723,938.3598,28.28,Partly cloudy
2024-06-11 21:00:00+00:00,MUĞLA,48,38.578,22.727999,0.0,15.03835,3.0,23.478258,940.1203,29.49,Overcast
2024-06-12 21:00:00+00:00,MUĞLA,48,38.677998,24.278,0.0,23.617756,3.0,22.285864,941.76416,26.46,Overcast
2024-06-13 21:00:00+00:00,MUĞLA,48,37.427998,24.578,0.0,19.64228,3.0,25.041956,939.0366,28.98,Overcast
2024-06-14 21:00:00+00:00,MUĞLA,48,34.778,21.678,0.0,22.366402,3.0,30.821234,934.4004,30.46,Overcast
2024-06-15 21:00:00+00:00,MUĞLA,48,33.028,18.977999,0.0,14.33234,1.0,38.13708,934.1005,29.6,Mainly clear
2024-06-16 21:00:00+00:00,MUĞLA,48,33.328,19.578,0.0,13.684735,1.0,35.92036,936.9443,29.06,Mainly clear
2024-06-17 21:00:00+00:00,MUĞLA,48,34.878,20.977999,0.0,13.849476,0.0,35.02991,937.79047,28.83,Clear sky
2024-06-18 21:00:00+00:00,MUĞLA,48,37.778,22.078,0.0,17.298738,3.0,29.99591,937.0809,26.94,Overcast
2024-06-19 21:00:00+00:00,MUĞLA,48,36.978,21.977999,0.0,19.0392,3.0,32.713467,936.1257,25.38,Overcast
2024-06-20 21:00:00+00:00,MUĞLA,48,37.328,24.028,0.4,15.484185,51.0,33.23341,934.71124,26.55,Drizzle: Light
2024-06-21 21:00:00+00:00,MUĞLA,48,38.078,22.328,0.0,14.494192,0.0,34.805813,931.9731,30.27,Clear sky
2024-06-22 21:00:00+00:00,MUĞLA,48,35.528,22.778,0.0,13.049689,2.0,42.393517,931.8233,28.83,Partly cloudy
2024-06-23 21:00:00+00:00,MUĞLA,48,34.828,22.428,0.0,12.287555,0.0,40.28455,933.92584,29.7,Clear sky
2024-06-24 21:00:00+00:00,MUĞLA,48,35.628,21.078,0.0,12.324414,1.0,46.345592,934.75903,28.4,Mainly clear
2024-06-25 21:00:00+00:00,MUĞLA,48,38.228,21.877998,0.0,13.513193,0.0,36.401665,934.2806,29.86,Clear sky
2024-06-26 21:00:00+00:00,MUĞLA,48,38.378,21.928,0.0,16.965895,0.0,28.491388,934.57697,30.23,Clear sky
2024-06-27 21:00:00+00:00,MUĞLA,48,34.778,22.528,0.0,23.0653,1.0,29.053253,932.6683,29.87,Mainly clear
2024-06-28 21:00:00+00:00,MUĞLA,48,34.978,21.627998,0.0,13.1041975,3.0,34.6194,930.309,28.07,Overcast
2024-06-29 21:00:00+00:00,MUĞLA,48,35.028,21.627998,0.0,15.463244,0.0,28.537773,933.2746,30.4,Clear sky
2024-06-30 21:00:00+00:00,MUĞLA,48,35.478,20.278,0.0,12.413476,0.0,23.660667,933.8442,30.68,Clear sky
2024-07-01 21:00:00+00:00,MUĞLA,48,34.978,19.278,0.0,16.870138,0.0,27.250444,932.07806,30.48,Clear sky
2024-07-02 21:00:00+00:00,MUĞLA,48,30.727999,21.028,0.0,20.008356,0.0,37.3847,930.3003,29.68,Clear sky
2024-07-03 21:00:00+00:00,MUĞLA,48,26.727999,19.028,2.8,14.345898,53.0,65.26673,931.9925,26.66,Drizzle: Moderate
2024-07-04 21:00:00+00:00,MUĞLA,48,29.127998,16.578,10.4,17.555305,63.0,61.676044,934.65924,24.72,Rain: Moderate
2024-07-05 21:00:00+00:00,MUĞLA,48,34.828,19.578,0.0,14.578888,0.0,36.54341,934.82983,29.85,Clear sky
2024-07-06 21:00:00+00:00,MUĞLA,48,36.677998,20.928,0.0,13.363711,0.0,35.166454,933.98834,29.45,Clear sky
2024-07-07 21:00:00+00:00,MUĞLA,48,38.677998,23.377998,0.0,12.429127,0.0,29.55796,933.269,29.68,Clear sky
2024-07-08 21:00:00+00:00,MUĞLA,48,39.228,24.078,0.0,11.165805,1.0,30.739302,933.0372,29.04,Mainly clear
2024-07-09 21:00:00+00:00,MUĞLA,48,36.028,24.328,0.6,13.608762,53.0,31.597345,934.29364,24.25,Drizzle: Moderate
2024-07-10 21:00:00+00:00,MUĞLA,48,33.628,22.877998,0.0,14.512064,1.0,36.426483,936.361,26.47,Mainly clear
2024-07-11 21:00:00+00:00,MUĞLA,48,32.028,22.877998,0.0,18.1041,0.0,43.62648,935.2006,28.95,Clear sky
2024-07-12 21:00:00+00:00,MUĞLA,48,33.578,20.678,3.1000001,11.592894,63.0,47.18497,932.8369,26.01,Rain: Moderate
2024-07-13 21:00:00+00:00,MUĞLA,48,35.128,21.377998,0.0,14.345898,2.0,41.40565,932.0407,26.24,Partly cloudy
2024-07-14 21:00:00+00:00,MUĞLA,48,35.728,21.377998,0.0,14.113652,3.0,41.183056,931.8001,27.4,Overcast
2024-07-15 21:00:00+00:00,MUĞLA,48,34.078,21.578,0.0,12.324414,2.0,37.370945,933.0318,26.14,Partly cloudy
2024-07-16 21:00:00+00:00,MUĞLA,48,35.478,21.928,0.0,8.654986,3.0,39.817944,935.0088,26.51,Overcast
2024-07-17 21:00:00+00:00,MUĞLA,48,36.828,23.078,0.0,13.684735,3.0,37.0622,935.1774,26.1,Overcast
2024-07-18 21:00:00+00:00,MUĞLA,48,37.778,23.678,0.5,12.387348,53.0,32.98679,933.3506,23.59,Drizzle: Moderate
2024-07-19 21:00:00+00:00,MUĞLA,48,38.728,22.928,0.0,17.727943,2.0,28.567795,932.3628,28.36,Partly cloudy
2024-07-20 21:00:00+00:00,MUĞLA,48,35.628,24.528,0.0,14.20062,1.0,34.89031,934.10077,27.66,Mainly clear
2024-07-21 21:00:00+00:00,MUĞLA,48,36.728,23.477999,0.0,15.1884165,2.0,39.63101,934.4392,27.39,Partly cloudy
2024-07-22 21:00:00+00:00,MUĞLA,48,36.728,24.278,0.0,12.43434,1.0,35.16464,933.9378,27.1,Mainly clear
2024-07-23 21:00:00+00:00,MUĞLA,48,36.078,24.078,0.0,17.566378,2.0,39.462322,931.0908,26.87,Partly cloudy
2024-07-24 21:00:00+00:00,MUĞLA,48,33.078,24.028,0.4,12.682018,51.0,43.251373,928.8401,25.65,Drizzle: Light
2024-07-25 21:00:00+00:00,MUĞLA,48,33.228,21.477999,0.0,24.72495,0.0,41.506527,930.9939,28.3,Clear sky
2024-07-26 21:00:00+00:00,MUĞLA,48,34.427998,20.278,0.0,15.021105,0.0,31.580193,935.8808,29.06,Clear sky
2024-07-27 21:00:00+00:00,MUĞLA,48,35.628,20.828,0.0,17.884428,0.0,33.152,938.46466,28.61,Clear sky
2024-07-28 21:00:00+00:00,MUĞLA,48,36.177998,22.078,0.0,16.992609,0.0,32.000935,934.62354,28.52,Clear sky
2024-07-29 21:00:00+00:00,MUĞLA,48,37.828,22.127998,0.0,11.177405,0.0,27.940866,931.2641,28.51,Clear sky
2024-07-30 21:00:00+00:00,MUĞLA,48,34.728,22.627998,0.0,17.238699,0.0,33.09088,933.6491,28.39,Clear sky
2024-07-31 21:00:00+00:00,MUĞLA,48,33.927998,21.877998,0.0,14.408997,0.0,35.115498,934.7502,26.65,Clear sky
2024-08-01 21:00:00+00:00,MUĞLA,48,34.028,22.028,0.0,15.111424,3.0,36.949944,933.8679,25.0,Overcast
2024-08-02 21:00:00+00:00,MUĞLA,48,34.778,21.977999,0.0,14.007655,0.0,30.41674,932.5862,27.63,Clear sky
2024-08-03 21:00:00+00:00,MUĞLA,48,34.728,22.127998,0.0,14.658676,0.0,26.29705,933.2559,27.73,Clear sky
2024-08-04 21:00:00+00:00,MUĞLA,48,35.478,23.328,0.0,14.264361,1.0,30.870537,933.42975,25.07,Mainly clear
2024-08-05 21:00:00+00:00,MUĞLA,48,34.828,22.477999,0.0,18.532135,1.0,34.120033,933.355,26.2,Mainly clear
2024-08-06 21:00:00+00:00,MUĞLA,48,36.478,22.928,0.0,13.276144,1.0,32.632378,933.7222,27.12,Mainly clear
2024-08-07 21:00:00+00:00,MUĞLA,48,33.628,22.078,0.0,14.77755,0.0,39.997383,934.75653,25.45,Clear sky
2024-08-08 21:00:00+00:00,MUĞLA,48,34.078,22.778,0.9,11.620809,53.0,48.424923,935.6966,25.19,Drizzle: Moderate
2024-08-09 21:00:00+00:00,MUĞLA,48,35.778,21.078,0.0,19.319628,0.0,38.119717,936.30096,26.88,Clear sky
2024-08-10 21:00:00+00:00,MUĞLA,48,35.927998,22.227999,0.0,16.09969,3.0,38.97681,935.7468,24.27,Overcast
2024-08-11 21:00:00+00:00,MUĞLA,48,36.528,23.178,0.0,15.408671,0.0,33.691624,935.21454,26.96,Clear sky
2024-08-12 21:00:00+00:00,MUĞLA,48,35.378,20.828,0.0,18.86139,0.0,32.172382,935.43866,27.04,Clear sky
2024-08-13 21:00:00+00:00,MUĞLA,48,34.378,23.578,0.0,14.264361,1.0,39.168316,936.00543,25.86,Mainly clear
2024-08-14 21:00:00+00:00,MUĞLA,48,37.878,23.078,0.0,17.654688,3.0,38.14574,935.7076,23.19,Overcast
2024-08-15 21:00:00+00:00,MUĞLA,48,38.078,23.127998,0.0,16.65754,0.0,16.788898,934.51294,27.41,Clear sky
2024-08-16 21:00:00+00:00,MUĞLA,48,36.427998,21.578,0.0,14.685176,0.0,17.290733,932.5288,26.99,Clear sky
2024-08-17 21:00:00+00:00,MUĞLA,48,33.578,20.377998,0.0,14.973576,0.0,27.73688,933.3638,26.45,Clear sky
2024-08-18 21:00:00+00:00,MUĞLA,48,33.278,21.028,0.0,13.70839,0.0,33.78553,935.9461,26.11,Clear sky
2024-08-19 21:00:00+00:00,MUĞLA,48,35.728,21.178,0.0,14.917212,0.0,32.931873,936.8508,25.51,Clear sky
2024-08-20 21:00:00+00:00,MUĞLA,48,29.727999,22.377998,0.0,12.096214,0.0,48.588276,933.90704,25.15,Clear sky
2024-08-21 21:00:00+00:00,MUĞLA,48,30.028,19.977999,2.5999997,11.177405,55.0,66.45307,932.8218,22.73,Drizzle: Dense
2024-08-22 21:00:00+00:00,MUĞLA,48,31.578,21.278,1.4,10.594036,61.0,57.69183,935.5545,22.74,Rain: Slight
2024-08-23 21:00:00+00:00,MUĞLA,48,35.177998,20.528,0.0,11.885453,0.0,42.61495,936.05023,25.05,Clear sky
2024-08-24 21:00:00+00:00,MUĞLA,48,31.977999,20.477999,0.0,14.404499,3.0,41.79652,933.7426,21.19,Overcast
2024-08-25 21:00:00+00:00,MUĞLA,48,29.877998,21.727999,0.0,17.208603,2.0,50.51502,934.83856,22.46,Partly cloudy
2024-08-26 21:00:00+00:00,MUĞLA,48,29.278,20.328,0.0,14.578888,1.0,59.384872,936.5071,23.68,Mainly clear
2024-08-27 21:00:00+00:00,MUĞLA,48,30.977999,18.578,0.0,13.661038,0.0,53.606373,938.01776,22.8,Clear sky
2024-08-28 21:00:00+00:00,MUĞLA,48,31.627998,19.778,0.0,18.837324,1.0,45.011265,937.30865,22.32,Mainly clear
2024-08-29 21:00:00+00:00,MUĞLA,48,30.377998,19.578,0.0,16.548256,1.0,52.71649,937.0078,21.69,Mainly clear
2024-08-30 21:00:00+00:00,MUĞLA,48,30.377998,19.178,0.2,13.281023,51.0,50.233784,936.065,21.72,Drizzle: Light
2024-08-31 21:00:00+00:00,MUĞLA,48,26.278,18.678,2.1999998,11.090103,53.0,66.17858,934.5871,18.48,Drizzle: Moderate
2024-09-01 21:00:00+00:00,MUĞLA,48,26.278,17.627998,4.4,10.30883,61.0,71.13758,937.6882,19.76,Rain: Slight
2024-09-02 21:00:00+00:00,MUĞLA,48,29.078,18.278,0.7,9.47012,51.0,60.30573,939.4995,21.28,Drizzle: Light
2024-09-03 21:00:00+00:00,MUĞLA,48,31.028,18.928,0.6,13.849477,53.0,54.53111,937.4219,21.48,Drizzle: Moderate
2024-09-04 21:00:00+00:00,MUĞLA,48,31.928,19.328,2.3,8.891343,61.0,50.986645,935.9934,19.31,Rain: Slight
2024-09-05 21:00:00+00:00,MUĞLA,48,32.878,18.977999,0.0,11.659777,3.0,40.262383,936.42676,22.63,Overcast
2024-09-06 21:00:00+00:00,MUĞLA,48,32.478,18.328,0.0,17.447933,1.0,36.206036,937.56793,23.22,Mainly clear
2024-09-07 21:00:00+00:00,MUĞLA,48,31.528,19.727999,0.0,13.53236,1.0,42.92227,935.92584,22.72,Mainly clear
2024-09-08 21:00:00+00:00,MUĞLA,48,28.627998,18.227999,0.0,15.226764,2.0,56.136703,935.8851,21.84,Partly cloudy
2024-09-09 21:00:00+00:00,MUĞLA,48,24.578,18.528,2.5000002,17.298738,53.0,74.97111,934.80884,16.46,Drizzle: Moderate
2024-09-10 21:00:00+00:00,MUĞLA,48,22.078,17.127998,10.6,15.379206,63.0,88.63446,935.54346,13.57,Rain: Moderate
2024-09-11 21:00:00+00:00,MUĞLA,48,25.227999,17.127998,0.0,11.119281,3.0,75.66276,938.59,20.66,Overcast
2024-09-12 21:00:00+00:00,MUĞLA,48,25.928,16.828,0.0,12.783802,0.0,70.332664,937.48456,22.39,Clear sky
2024-09-13 21:00:00+00:00,MUĞLA,48,27.028,17.278,0.0,13.608762,3.0,73.24201,936.4868,20.48,Overcast
2024-09-14 21:00:00+00:00,MUĞLA,48,24.627998,15.978,0.0,16.1198,3.0,69.14281,934.29,21.0,Overcast
2024-09-15 21:00:00+00:00,MUĞLA,48,24.278,13.678,0.0,12.864649,0.0,51.661213,934.04486,22.32,Clear sky
2024-09-16 21:00:00+00:00,MUĞLA,48,25.127998,13.628,0.0,13.392774,3.0,59.603252,937.76166,21.62,Overcast
2024-09-17 21:00:00+00:00,MUĞLA,48,24.977999,15.278,0.0,12.413477,3.0,62.375835,939.325,18.47,Overcast
2024-09-18 21:00:00+00:00,MUĞLA,48,26.627998,15.028,0.0,14.336861,3.0,56.941807,937.25275,17.78,Overcast
2024-09-19 21:00:00+00:00,MUĞLA,48,26.477999,16.328,0.0,15.629971,3.0,55.288662,936.75,19.91,Overcast
2024-09-20 21:00:00+00:00,MUĞLA,48,26.477999,15.578,0.0,18.057508,1.0,55.813766,936.5274,19.65,Mainly clear
2024-09-21 21:00:00+00:00,MUĞLA,48,25.428,14.378,0.8,11.27553,51.0,53.081066,936.3955,19.5,Drizzle: Light
2024-09-22 21:00:00+00:00,MUĞLA,48,26.578,13.278,0.0,15.315873,2.0,47.487915,937.8696,20.82,Partly cloudy
2024-09-23 21:00:00+00:00,MUĞLA,48,24.328,14.778,0.0,10.00256,3.0,49.97408,940.3024,15.65,Overcast
2024-09-24 21:00:00+00:00,MUĞLA,48,27.278,13.228,0.0,12.124306,0.0,49.666103,941.07245,20.46,Clear sky
2024-09-25 21:00:00+00:00,MUĞLA,48,28.977999,14.678,0.0,11.712454,2.0,41.437412,939.7947,19.94,Partly cloudy
2024-09-26 21:00:00+00:00,MUĞLA,48,30.328,15.278,0.0,11.734564,0.0,40.6037,938.4148,20.48,Clear sky
2024-09-27 21:00:00+00:00,MUĞLA,48,30.078,17.377998,0.0,12.284916,0.0,41.439358,937.1731,19.98,Clear sky
2024-09-28 21:00:00+00:00,MUĞLA,48,28.877998,16.227999,0.0,11.799271,0.0,51.21613,935.3338,19.8,Clear sky
2024-09-29 21:00:00+00:00,MUĞLA,48,24.428,15.228,0.0,23.621183,0.0,48.69089,933.59064,19.38,Clear sky
2024-09-30 21:00:00+00:00,MUĞLA,48,23.578,12.378,0.0,20.523157,0.0,48.083103,934.0937,19.8,Clear sky
2024-10-01 21:00:00+00:00,MUĞLA,48,25.328,11.578,0.0,10.429132,0.0,47.3064,936.2495,19.49,Clear sky
2024-10-02 21:00:00+00:00,MUĞLA,48,24.078,15.078,0.0,12.193588,0.0,52.730305,940.2421,19.09,Clear sky
2024-10-03 21:00:00+00:00,MUĞLA,48,26.578,13.678,0.0,10.070353,0.0,55.22197,941.0794,18.81,Clear sky
2024-10-04 21:00:00+00:00,MUĞLA,48,28.528,15.778,0.0,11.578912,0.0,47.135433,939.23834,18.65,Clear sky
2024-10-05 21:00:00+00:00,MUĞLA,48,27.078,16.227999,0.4,11.126562,51.0,54.98556,937.96844,16.33,Drizzle: Light
2024-10-06 21:00:00+00:00,MUĞLA,48,24.028,16.828,0.2,13.985663,51.0,65.00808,939.637,16.42,Drizzle: Light
2024-10-07 21:00:00+00:00,MUĞLA,48,25.578,13.078,0.0,10.441552,0.0,64.76247,941.80615,18.31,Clear sky
2024-10-08 21:00:00+00:00,MUĞLA,48,24.678,16.078,0.0,9.906544,3.0,53.51089,940.8293,18.04,Overcast
2024-10-09 21:00:00+00:00,MUĞLA,48,23.678,15.328,0.0,9.375563,3.0,62.6286,938.3025,16.96,Overcast
2024-10-10 21:00:00+00:00,MUĞLA,48,27.627998,14.928,0.0,8.707237,2.0,70.53385,937.5267,16.74,Partly cloudy
2024-10-11 21:00:00+00:00,MUĞLA,48,26.078,16.578,0.0,11.276968,3.0,64.048515,938.6575,16.03,Overcast
2024-10-12 21:00:00+00:00,MUĞLA,48,25.877998,15.928,0.0,11.734564,3.0,68.6697,938.6843,16.53,Overcast
2024-10-13 21:00:00+00:00,MUĞLA,48,25.377998,14.528,0.0,10.474082,3.0,61.296875,937.80927,16.53,Overcast
2024-10-14 21:00:00+00:00,MUĞLA,48,25.227999,13.928,0.0,10.534229,3.0,55.81404,938.7806,16.61,Overcast
2024-10-15 21:00:00+00:00,MUĞLA,48,26.877998,14.028,0.0,12.921192,0.0,47.465183,940.1645,16.42,Clear sky
2024-10-16 21:00:00+00:00,MUĞLA,48,24.078,12.778,0.0,16.404707,3.0,39.650417,939.8929,17.13,Overcast
2024-10-17 21:00:00+00:00,MUĞLA,48,22.328,9.778,0.0,11.5115595,3.0,34.473076,940.14374,16.97,Overcast
2024-10-18 21:00:00+00:00,MUĞLA,48,22.428,8.478,0.0,9.582359,3.0,31.414488,941.60504,16.68,Overcast
2024-10-19 21:00:00+00:00,MUĞLA,48,21.278,8.978,0.0,9.391102,3.0,42.141605,945.1174,14.38,Overcast
2024-10-20 21:00:00+00:00,MUĞLA,48,23.828,8.728,0.0,10.24578,0.0,28.201447,946.4311,16.61,Clear sky
2024-10-21 21:00:00+00:00,MUĞLA,48,22.678,9.378,0.0,10.453957,0.0,35.686718,946.0511,16.08,Clear sky
2024-10-22 21:00:00+00:00,MUĞLA,48,21.928,8.178,0.0,9.847496,0.0,36.91612,946.30817,15.97,Clear sky
2024-10-23 21:00:00+00:00,MUĞLA,48,23.127998,10.678,0.0,9.567131,2.0,28.344164,946.2215,15.7,Partly cloudy
2024-10-24 21:00:00+00:00,MUĞLA,48,21.127998,9.028,0.0,10.9859,1.0,45.619186,943.7041,15.47,Mainly clear
2024-10-25 21:00:00+00:00,MUĞLA,48,23.477999,9.028,0.0,10.8792095,0.0,33.980835,943.7238,15.59,Clear sky
2024-10-26 21:00:00+00:00,MUĞLA,48,22.528,11.228,0.0,8.55142,2.0,30.686783,945.60675,15.3,Partly cloudy
2024-10-27 21:00:00+00:00,MUĞLA,48,23.578,9.478,0.0,8.731392,1.0,28.84751,943.2513,15.33,Mainly clear
2024-10-28 21:00:00+00:00,MUĞLA,48,24.328,8.878,0.0,9.721666,1.0,27.281845,940.29376,14.95,Mainly clear
2024-10-29 21:00:00+00:00,MUĞLA,48,23.977999,11.078,0.0,9.726665,3.0,34.796673,938.9405,13.99,Overcast
2024-10-30 21:00:00+00:00,MUĞLA,48,21.528,9.978,0.0,12.351988,1.0,50.7363,938.6657,14.05,Mainly clear
2024-10-31 21:00:00+00:00,MUĞLA,48,22.828,9.778,0.0,12.815443,1.0,40.9891,940.9947,14.22,Mainly clear
2024-11-01 21:00:00+00:00,MUĞLA,48,23.377998,10.478,0.0,12.815443,1.0,36.85051,941.123,13.98,Mainly clear
2024-11-02 21:00:00+00:00,MUĞLA,48,23.127998,11.378,0.0,11.688918,1.0,37.776848,940.84894,14.05,Mainly clear
2024-11-03 21:00:00+00:00,MUĞLA,48,20.028,9.978,0.0,9.5416975,3.0,47.882263,940.1204,13.32,Overcast
2024-11-04 21:00:00+00:00,MUĞLA,48,21.227999,7.278,0.0,8.849339,2.0,37.351078,942.1072,13.89,Partly cloudy
2024-11-05 21:00:00+00:00,MUĞLA,48,19.928,7.8780003,0.0,9.195868,0.0,34.79915,945.11865,13.63,Clear sky
2024-11-06 21:00:00+00:00,MUĞLA,48,19.727999,7.578,0.0,10.759423,0.0,36.399174,946.65845,13.59,Clear sky
2024-11-07 21:00:00+00:00,MUĞLA,48,19.977999,8.728,0.0,10.957846,0.0,35.555706,944.9545,13.46,Clear sky
2024-11-08 21:00:00+00:00,MUĞLA,48,19.227999,5.6280003,0.0,11.391313,3.0,30.009573,941.2439,13.15,Overcast
2024-11-09 21:00:00+00:00,MUĞLA,48,18.178,8.378,0.0,10.3621235,3.0,34.232292,938.7288,9.66,Overcast
2024-11-10 21:00:00+00:00,MUĞLA,48,17.428,7.778,0.0,11.032987,1.0,46.04787,941.189,13.23,Mainly clear
2024-11-11 21:00:00+00:00,MUĞLA,48,17.778,7.028,0.0,8.101999,3.0,51.537075,943.4797,12.71,Overcast
2024-11-12 21:00:00+00:00,MUĞLA,48,19.627998,9.378,0.0,9.114471,3.0,50.751926,945.14014,11.56,Overcast
2024-11-13 21:00:00+00:00,MUĞLA,48,19.977999,9.478,0.0,11.570515,3.0,62.285473,942.9104,11.04,Overcast
2024-11-14 21:00:00+00:00,MUĞLA,48,16.778,10.328,1.6000001,8.507737,53.0,78.8355,939.6441,10.94,Drizzle: Moderate
2024-11-15 21:00:00+00:00,MUĞLA,48,14.628,10.128,3.7999997,16.635157,55.0,87.056274,937.51025,7.4,Drizzle: Dense
2024-11-16 21:00:00+00:00,MUĞLA,48,12.328,6.428,4.6,10.272623,63.0,92.495125,934.45874,8.35,Rain: Moderate
2024-11-17 21:00:00+00:00,MUĞLA,48,14.328,5.928,0.0,9.044888,3.0,82.09768,935.17267,9.31,Overcast
2024-11-18 21:00:00+00:00,MUĞLA,48,14.778,5.328,0.0,8.101999,3.0,78.7442,938.1889,11.7,Overcast
2024-11-19 21:00:00+00:00,MUĞLA,48,14.278,7.078,0.4,11.098865,51.0,74.31702,938.8679,11.46,Drizzle: Light
2024-11-20 21:00:00+00:00,MUĞLA,48,13.028,9.278,22.199999,16.18199,63.0,98.09591,936.5401,4.31,Rain: Moderate
2024-11-21 21:00:00+00:00,MUĞLA,48,15.878,10.728,5.499999,12.810386,63.0,94.42498,939.9864,8.12,Rain: Moderate
2024-11-22 21:00:00+00:00,MUĞLA,48,13.978,4.678,25.200003,35.383163,63.0,91.14217,939.5456,5.3,Rain: Moderate
2024-11-23 21:00:00+00:00,MUĞLA,48,6.3780003,0.078,0.0,27.997377,3.0,53.195812,944.6082,10.62,Overcast
2024-11-24 21:00:00+00:00,MUĞLA,48,6.678,-1.2720001,0.0,16.327497,0.0,52.318592,943.7954,11.61,Clear sky
2024-11-25 21:00:00+00:00,MUĞLA,48,10.828,-0.322,0.0,11.837651,3.0,65.77528,941.774,10.85,Overcast
2024-11-26 21:00:00+00:00,MUĞLA,48,13.578,0.978,0.0,9.743304,0.0,64.6274,942.4929,11.08,Clear sky
2024-11-27 21:00:00+00:00,MUĞLA,48,13.378,2.378,0.0,7.7420926,0.0,69.59827,945.02386,11.14,Clear sky
2024-11-28 21:00:00+00:00,MUĞLA,48,14.128,3.278,0.0,6.279395,0.0,63.134327,944.3393,10.88,Clear sky
2024-11-29 21:00:00+00:00,MUĞLA,48,12.328,6.778,2.3,14.292725,53.0,85.73469,945.00616,6.43,Drizzle: Moderate
2024-11-30 21:00:00+00:00,MUĞLA,48,10.978,9.278,22.6,18.832163,63.0,99.156166,942.73846,3.74,Rain: Moderate
2024-12-01 21:00:00+00:00,MUĞLA,48,11.128,8.228,15.6,11.53265,61.0,95.80369,939.74066,5.44,Rain: Slight
2024-12-02 21:00:00+00:00,MUĞLA,48,11.128,5.3780003,4.0,12.097553,61.0,92.30258,935.8428,5.85,Rain: Slight
2024-12-03 21:00:00+00:00,MUĞLA,48,12.178,5.328,0.0,8.6867485,3.0,82.98471,938.77936,9.27,Overcast
2024-12-04 21:00:00+00:00,MUĞLA,48,13.478,4.3780003,0.0,11.183201,3.0,73.495995,941.8928,10.42,Overcast
2024-12-05 21:00:00+00:00,MUĞLA,48,11.828,7.478,2.5000002,11.203464,51.0,84.53632,942.79205,5.37,Drizzle: Light
2024-12-06 21:00:00+00:00,MUĞLA,48,10.828,7.328,15.900002,13.878688,63.0,92.66271,940.106,5.11,Rain: Moderate
2024-12-07 21:00:00+00:00,MUĞLA,48,10.228,6.8780003,21.2,14.277983,63.0,99.174194,938.57666,2.62,Rain: Moderate
2024-12-08 21:00:00+00:00,MUĞLA,48,12.228,9.578,53.5,17.307167,63.0,98.91906,943.21747,2.77,Rain: Moderate
2024-12-09 21:00:00+00:00,MUĞLA,48,12.078,10.178,10.600001,13.690654,61.0,98.798096,945.4119,4.22,Rain: Slight
2024-12-10 21:00:00+00:00,MUĞLA,48,13.228,9.528,1.7000002,10.837435,51.0,92.65729,944.28937,6.67,Drizzle: Light
2024-12-11 21:00:00+00:00,MUĞLA,48,12.778,5.728,0.0,16.391863,3.0,77.961235,942.88794,9.8,Overcast
2024-12-12 21:00:00+00:00,MUĞLA,48,10.878,2.428,0.0,17.878994,0.0,68.21362,944.6694,10.53,Clear sky
2024-12-13 21:00:00+00:00,MUĞLA,48,12.828,1.278,0.0,10.805999,0.0,65.30624,947.29834,10.71,Clear sky
2024-12-14 21:00:00+00:00,MUĞLA,48,10.828,4.728,4.7,17.950432,53.0,92.05674,945.94385,5.37,Drizzle: Moderate
2024-12-15 21:00:00+00:00,MUĞLA,48,12.628,3.678,0.3,15.137133,51.0,84.80218,944.1758,8.91,Drizzle: Light
2024-12-16 21:00:00+00:00,MUĞLA,48,12.878,2.328,0.0,9.743305,0.0,69.90759,947.1873,10.34,Clear sky
2024-12-17 21:00:00+00:00,MUĞLA,48,15.778,2.828,0.0,9.499157,0.0,65.501564,944.83075,10.27,Clear sky
2024-12-18 21:00:00+00:00,MUĞLA,48,13.528,4.678,0.0,6.2145634,1.0,62.314487,940.2197,10.21,Mainly clear
2024-12-19 21:00:00+00:00,MUĞLA,48,12.078,6.578,1.1,9.860649,51.0,79.579094,937.9775,7.23,Drizzle: Light
2024-12-20 21:00:00+00:00,MUĞLA,48,11.228,6.328,36.2,15.053425,63.0,96.513916,937.0334,3.23,Rain: Moderate
2024-12-21 21:00:00+00:00,MUĞLA,48,11.078,3.678,0.0,8.149847,3.0,78.439735,938.2496,9.63,Overcast
2024-12-22 21:00:00+00:00,MUĞLA,48,10.128,4.828,3.5999997,12.632101,61.0,88.810585,933.9731,7.24,Rain: Slight
2024-12-23 21:00:00+00:00,MUĞLA,48,8.578,6.428,84.4,24.144167,63.0,97.68749,929.4655,0.88,Rain: Moderate
2024-12-24 21:00:00+00:00,MUĞLA,48,7.228,5.478,30.600006,21.637466,63.0,96.78479,930.81226,3.23,Rain: Moderate
2024-12-25 21:00:00+00:00,MUĞLA,48,10.778,4.728,0.8,8.836514,51.0,82.98888,934.3191,8.86,Drizzle: Light
2024-12-26 21:00:00+00:00,MUĞLA,48,11.828,2.528,6.7,8.905908,63.0,84.17429,934.80475,6.89,Rain: Moderate
2024-12-27 21:00:00+00:00,MUĞLA,48,6.828,3.078,1.7000002,14.892213,53.0,86.094055,935.80035,6.24,Drizzle: Moderate
2024-12-28 21:00:00+00:00,MUĞLA,48,6.178,0.128,7.5999994,21.054615,73.0,91.606346,938.0755,6.42,Snow fall: Moderate
2024-12-29 21:00:00+00:00,MUĞLA,48,8.828,0.278,0.0,17.616106,3.0,77.77649,940.9079,7.69,Overcast
2024-12-30 21:00:00+00:00,MUĞLA,48,11.978,0.47800002,0.0,11.700001,0.0,74.826195,945.7368,10.61,Clear sky
2024-12-31 21:00:00+00:00,MUĞLA,48,11.928,0.978,0.0,5.7628117,0.0,67.12211,949.77325,10.65,Clear sky
2025-01-01 21:00:00+00:00,MUĞLA,48,10.478,1.7279999,0.0,9.726665,3.0,80.76388,949.88446,8.69,Overcast
2025-01-02 21:00:00+00:00,MUĞLA,48,8.578,4.6280003,3.9,9.580668,55.0,92.41215,946.67535,2.73,Drizzle: Dense
2025-01-03 21:00:00+00:00,MUĞLA,48,9.678,7.328,28.900002,9.7565975,63.0,98.03965,942.2548,1.52,Rain: Moderate
2025-01-04 21:00:00+00:00,MUĞLA,48,13.828,6.478,1.8000001,14.602204,51.0,83.21808,940.2752,9.96,Drizzle: Light
2025-01-05 21:00:00+00:00,MUĞLA,48,13.628,4.678,0.0,10.3480425,2.0,76.5108,942.6685,9.94,Partly cloudy
2025-01-06 21:00:00+00:00,MUĞLA,48,10.678,5.728,3.3,12.535549,53.0,94.153114,947.05585,5.0,Drizzle: Moderate
2025-01-07 21:00:00+00:00,MUĞLA,48,11.378,7.728,1.8000002,11.414043,51.0,93.82174,946.89966,6.21,Drizzle: Light
2025-01-08 21:00:00+00:00,MUĞLA,48,13.828,4.078,0.0,6.849467,3.0,85.65949,943.2713,9.95,Overcast
2025-01-09 21:00:00+00:00,MUĞLA,48,13.878,4.6280003,0.0,8.821836,3.0,66.69955,939.1586,10.99,Overcast
2025-01-10 21:00:00+00:00,MUĞLA,48,10.028,6.6280003,5.7000003,8.297589,55.0,90.6279,939.87933,3.02,Drizzle: Dense
2025-01-11 21:00:00+00:00,MUĞLA,48,11.128,8.528,14.899999,14.31198,61.0,98.55917,940.7181,4.42,Rain: Slight
2025-01-12 21:00:00+00:00,MUĞLA,48,10.528,8.478,22.300003,17.660192,63.0,97.84371,943.04736,3.98,Rain: Moderate
2025-01-13 21:00:00+00:00,MUĞLA,48,11.378,8.128,12.099999,12.738099,63.0,94.10632,943.35016,5.72,Rain: Moderate
2025-01-14 21:00:00+00:00,MUĞLA,48,11.378,5.678,1.2,10.8792095,51.0,87.74264,941.77686,8.81,Drizzle: Light
2025-01-15 21:00:00+00:00,MUĞLA,48,14.028,3.528,0.0,13.849477,3.0,74.70834,946.37885,10.95,Overcast
2025-01-16 21:00:00+00:00,MUĞLA,48,14.678,2.9780002,0.0,10.337079,3.0,74.514046,949.03436,11.52,Overcast
2025-01-17 21:00:00+00:00,MUĞLA,48,15.578,1.4779999,0.0,10.03167,3.0,60.961147,945.36646,11.91,Overcast
2025-01-18 21:00:00+00:00,MUĞLA,48,16.328,2.378,0.0,9.779817,0.0,61.924587,942.3457,11.93,Clear sky
2025-01-19 21:00:00+00:00,MUĞLA,48,17.328,3.778,0.0,10.1376915,3.0,64.16148,941.3962,11.26,Overcast
2025-01-20 21:00:00+00:00,MUĞLA,48,11.678,7.428,8.0,16.029099,55.0,81.70808,944.00604,4.97,Drizzle: Dense
2025-01-21 21:00:00+00:00,MUĞLA,48,11.728,4.978,1.4000001,9.430694,51.0,87.60669,941.70135,9.35,Drizzle: Light
2025-01-22 21:00:00+00:00,MUĞLA,48,12.178,3.4780002,0.0,8.107996,3.0,80.495766,941.9532,10.69,Overcast
2025-01-23 21:00:00+00:00,MUĞLA,48,12.428,4.078,0.70000005,9.47012,51.0,76.347176,943.19293,9.48,Drizzle: Light
2025-01-24 21:00:00+00:00,MUĞLA,48,10.928,6.828,12.7,9.499158,61.0,93.70877,942.0806,5.43,Rain: Slight
2025-01-25 21:00:00+00:00,MUĞLA,48,14.128,3.528,6.2999997,12.007498,63.0,81.96938,942.9226,11.86,Rain: Moderate
2025-01-26 21:00:00+00:00,MUĞLA,48,15.028,3.878,0.0,10.1887,3.0,79.3469,943.77203,11.65,Overcast
2025-01-27 21:00:00+00:00,MUĞLA,48,13.078,6.028,0.0,12.257194,3.0,80.415276,944.18097,10.27,Overcast
2025-01-28 21:00:00+00:00,MUĞLA,48,13.178,6.678,0.1,11.9140415,51.0,87.64771,946.5935,8.43,Drizzle: Light
2025-01-29 21:00:00+00:00,MUĞLA,48,10.878,6.778,2.9999995,13.8049555,53.0,93.10986,946.9983,8.59,Drizzle: Moderate
2025-01-30 21:00:00+00:00,MUĞLA,48,14.428,4.428,0.0,10.094454,3.0,77.41526,945.17285,12.54,Overcast
2025-01-31 21:00:00+00:00,MUĞLA,48,15.478,3.578,0.0,9.391102,1.0,75.64211,945.1465,13.17,Mainly clear
2025-02-01 21:00:00+00:00,MUĞLA,48,13.978,3.328,0.0,10.209348,3.0,69.45165,944.14215,13.47,Overcast
2025-02-02 21:00:00+00:00,MUĞLA,48,14.428,3.378,0.0,8.083983,3.0,70.37056,941.27997,13.22,Overcast
2025-02-03 21:00:00+00:00,MUĞLA,48,12.128,4.3780003,0.90000004,10.656547,51.0,75.92399,937.8632,10.61,Drizzle: Light
2025-02-04 21:00:00+00:00,MUĞLA,48,6.028,0.328,0.0,31.338614,3.0,67.69468,936.80634,13.62,Overcast
2025-02-05 21:00:00+00:00,MUĞLA,48,4.978,-2.322,0.0,23.192074,3.0,50.270386,941.28314,14.39,Overcast
2025-02-06 21:00:00+00:00,MUĞLA,48,5.578,-3.2719998,0.0,21.396542,0.0,54.48708,944.50165,14.65,Clear sky
2025-02-07 21:00:00+00:00,MUĞLA,48,9.378,-2.0219998,0.0,9.926147,0.0,62.1607,943.1093,14.54,Clear sky
2025-02-08 21:00:00+00:00,MUĞLA,48,9.628,-1.572,0.0,14.458382,2.0,62.69801,940.4554,14.63,Partly cloudy
2025-02-09 21:00:00+00:00,MUĞLA,48,9.178,-1.822,0.0,9.195868,2.0,61.844105,939.7753,14.93,Partly cloudy
2025-02-10 21:00:00+00:00,MUĞLA,48,8.028,-2.572,0.0,14.581111,0.0,56.135326,941.2316,15.39,Clear sky
2025-02-11 21:00:00+00:00,MUĞLA,48,6.028,-2.672,0.0,20.212965,0.0,53.02824,942.3367,15.51,Clear sky
2025-02-12 21:00:00+00:00,MUĞLA,48,8.378,-2.072,0.0,13.248049,1.0,56.276646,944.07916,15.52,Mainly clear
2025-02-13 21:00:00+00:00,MUĞLA,48,9.528,-1.722,0.0,7.771331,3.0,63.78462,942.5866,7.08,Overcast
2025-02-14 21:00:00+00:00,MUĞLA,48,10.178,4.028,0.4,9.9,51.0,79.664505,940.79803,10.54,Drizzle: Light
2025-02-15 21:00:00+00:00,MUĞLA,48,11.728,3.828,0.2,11.276968,51.0,79.73675,938.17456,13.98,Drizzle: Light
2025-02-16 21:00:00+00:00,MUĞLA,48,10.178,5.078,3.4,15.926694,53.0,89.29183,937.41016,12.01,Drizzle: Moderate
2025-02-17 21:00:00+00:00,MUĞLA,48,10.678,4.978,5.899999,11.952054,61.0,92.179474,938.8144,7.98,Rain: Slight
2025-02-18 21:00:00+00:00,MUĞLA,48,10.928,2.578,0.0,19.070658,1.0,67.89769,939.13965,14.44,Mainly clear
2025-02-19 21:00:00+00:00,MUĞLA,48,5.678,-2.072,0.0,22.08432,0.0,57.17297,940.6423,16.6,Clear sky
2025-02-20 21:00:00+00:00,MUĞLA,48,5.428,-4.1219997,0.0,20.721119,2.0,43.77092,942.644,17.11,Partly cloudy
2025-02-21 21:00:00+00:00,MUĞLA,48,2.278,-4.672,0.0,21.659918,3.0,39.700497,945.4039,17.49,Overcast
2025-02-22 21:00:00+00:00,MUĞLA,48,4.828,-5.222,0.0,13.976394,2.0,36.225346,946.99536,17.65,Partly cloudy
2025-02-23 21:00:00+00:00,MUĞLA,48,6.678,-4.472,0.0,12.708815,3.0,34.387302,947.67114,17.77,Overcast
2025-02-24 21:00:00+00:00,MUĞLA,48,6.928,-3.5219998,0.0,8.759178,3.0,46.38808,945.81573,10.73,Overcast
2025-02-25 21:00:00+00:00,MUĞLA,48,10.728,1.178,0.0,9.734988,3.0,75.26873,944.12665,13.83,Overcast
2025-02-26 21:00:00+00:00,MUĞLA,48,10.028,0.528,3.6999998,9.567131,53.0,85.61556,944.63257,8.11,Drizzle: Moderate
2025-02-27 21:00:00+00:00,MUĞLA,48,9.128,3.278,6.4,15.021105,55.0,94.32017,940.8936,8.86,Drizzle: Dense
2025-02-28 21:00:00+00:00,MUĞLA,48,14.328,1.6279999,0.1,8.865799,51.0,80.3366,942.3487,16.2,Drizzle: Light
2025-03-01 21:00:00+00:00,MUĞLA,48,13.328,4.478,0.0,10.765445,3.0,74.884476,943.59454,14.73,Overcast
2025-03-02 21:00:00+00:00,MUĞLA,48,14.628,4.078,2.5,14.028457,61.0,75.35676,938.6292,16.43,Rain: Slight
2025-03-03 21:00:00+00:00,MUĞLA,48,12.728,1.6279999,0.90000004,7.995323,51.0,73.112724,936.38434,15.88,Drizzle: Light
2025-03-04 21:00:00+00:00,MUĞLA,48,16.828,1.278,0.0,14.664202,1.0,63.326366,940.81146,17.89,Mainly clear
2025-03-05 21:00:00+00:00,MUĞLA,48,19.727999,3.778,0.0,10.239453,3.0,55.168736,944.0794,18.71,Overcast
2025-03-06 21:00:00+00:00,MUĞLA,48,19.977999,3.528,0.0,12.566526,0.0,52.80754,940.5513,19.13,Clear sky
2025-03-07 21:00:00+00:00,MUĞLA,48,16.528,8.778,0.0,9.321845,3.0,61.710705,936.00543,18.86,Overcast
2025-03-08 21:00:00+00:00,MUĞLA,48,14.478,6.6280003,0.0,9.9571085,3.0,75.84966,936.07526,18.81,Overcast
2025-03-09 21:00:00+00:00,MUĞLA,48,15.928,4.3780003,0.0,9.016185,0.0,63.798874,940.1866,19.63,Clear sky
2025-03-10 21:00:00+00:00,MUĞLA,48,15.178,6.828,0.0,15.275627,1.0,59.24708,943.17267,19.68,Mainly clear
2025-03-11 21:00:00+00:00,MUĞLA,48,16.678,7.078,0.0,14.747921,3.0,58.945385,942.7907,19.25,Overcast
2025-03-12 21:00:00+00:00,MUĞLA,48,17.828,8.578,0.0,20.022118,3.0,53.964542,940.3514,16.64,Overcast
2025-03-13 21:00:00+00:00,MUĞLA,48,20.278,11.028,0.0,11.659777,1.0,50.286938,942.4214,19.77,Mainly clear
2025-03-14 21:00:00+00:00,MUĞLA,48,23.377998,12.228,0.0,10.823973,0.0,42.292004,944.993,20.33,Clear sky
2025-03-15 21:00:00+00:00,MUĞLA,48,21.578,12.128,0.0,16.336426,3.0,42.046627,942.5774,18.43,Overcast
2025-03-16 21:00:00+00:00,MUĞLA,48,18.178,9.378,0.0,14.941085,3.0,60.73433,936.112,17.99,Overcast
2025-03-17 21:00:00+00:00,MUĞLA,48,15.728,5.428,0.0,18.678415,3.0,58.864826,934.2989,20.0,Overcast
2025-03-18 21:00:00+00:00,MUĞLA,48,8.678,1.078,0.5,30.780525,51.0,58.03001,936.53394,16.81,Drizzle: Light
2025-03-19 21:00:00+00:00,MUĞLA,48,8.328,-1.172,0.0,27.549997,2.0,43.339294,941.9451,21.6,Partly cloudy
2025-03-20 21:00:00+00:00,MUĞLA,48,11.428,-0.122,0.0,16.521805,1.0,49.310303,941.9541,22.02,Mainly clear
2025-03-21 21:00:00+00:00,MUĞLA,48,14.678,-1.322,0.0,11.27553,3.0,54.73621,942.81134,22.13,Overcast
2025-03-22 21:00:00+00:00,MUĞLA,48,15.178,5.3780003,0.0,10.7714615,3.0,52.01541,947.16656,21.55,Overcast
2025-03-23 21:00:00+00:00,MUĞLA,48,17.328,8.128,0.0,7.841887,3.0,53.58916,949.9971,13.44,Overcast
2025-03-24 21:00:00+00:00,MUĞLA,48,20.328,11.478,0.0,7.5213294,3.0,51.150364,948.0949,16.06,Overcast
2025-03-25 21:00:00+00:00,MUĞLA,48,21.727999,12.578,0.0,9.0018,3.0,41.226604,941.748,16.82,Overcast
2025-03-26 21:00:00+00:00,MUĞLA,48,20.078,11.978,0.0,18.374992,3.0,47.12042,935.3296,13.08,Overcast
2025-03-27 21:00:00+00:00,MUĞLA,48,18.227999,8.628,2.0,18.88628,53.0,65.431404,929.8706,14.82,Drizzle: Moderate
2025-03-28 21:00:00+00:00,MUĞLA,48,13.328,7.228,11.300001,13.701299,63.0,86.11493,931.2236,16.74,Rain: Moderate
2025-03-29 21:00:00+00:00,MUĞLA,48,13.128,7.178,6.2,15.03835,63.0,87.2445,931.6758,16.37,Rain: Moderate
2025-03-30 21:00:00+00:00,MUĞLA,48,12.928,6.528,7.3,24.20448,61.0,75.8332,931.6372,11.58,Rain: Slight
2025-03-31 21:00:00+00:00,MUĞLA,48,11.278,7.678,62.800003,21.22016,65.0,87.077446,928.34076,4.25,Rain: Heavy
2025-04-01 21:00:00+00:00,MUĞLA,48,10.878,6.728,9.000001,14.757804,61.0,93.56725,930.3591,10.48,Rain: Slight
2025-04-02 21:00:00+00:00,MUĞLA,48,14.228,5.1280003,1.2,9.12513,53.0,84.93211,936.01294,16.14,Drizzle: Moderate
2025-04-03 21:00:00+00:00,MUĞLA,48,15.528,5.478,9.799999,11.038858,63.0,82.90307,935.5549,18.31,Rain: Moderate
2025-04-04 21:00:00+00:00,MUĞLA,48,11.028,5.8780003,3.8000002,12.273043,53.0,89.03613,932.96027,13.48,Drizzle: Moderate
2025-04-05 21:00:00+00:00,MUĞLA,48,12.078,6.978,14.700001,13.151091,63.0,89.97329,933.357,17.65,Rain: Moderate
2025-04-06 21:00:00+00:00,MUĞLA,48,13.478,6.6280003,4.6999993,17.355772,61.0,89.67991,935.7449,17.25,Rain: Slight
2025-04-07 21:00:00+00:00,MUĞLA,48,10.528,5.6280003,12.0,14.74902,63.0,94.59598,937.0962,3.24,Rain: Moderate
2025-04-08 21:00:00+00:00,MUĞLA,48,9.828,2.828,0.0,25.237259,3.0,69.308044,936.0376,24.04,Overcast
2025-04-09 21:00:00+00:00,MUĞLA,48,10.478,-0.322,0.0,24.064188,1.0,58.21625,937.46387,25.05,Mainly clear
2025-04-10 21:00:00+00:00,MUĞLA,48,10.578,1.828,0.0,23.183693,3.0,61.777298,934.3001,23.09,Overcast
2025-04-11 21:00:00+00:00,MUĞLA,48,13.328,0.878,2.4,12.304682,55.0,65.747246,935.1203,18.1,Drizzle: Dense
2025-04-12 21:00:00+00:00,MUĞLA,48,14.928,2.428,0.0,16.507088,2.0,65.48629,937.41693,25.29,Partly cloudy
2025-04-13 21:00:00+00:00,MUĞLA,48,18.127998,2.4780002,0.0,15.027575,3.0,54.206802,940.7427,25.05,Overcast
2025-04-14 21:00:00+00:00,MUĞLA,48,19.627998,2.828,0.0,15.408671,3.0,50.77026,942.70874,25.02,Overcast
2025-04-15 21:00:00+00:00,MUĞLA,48,24.127998,6.778,0.0,8.885877,3.0,53.167175,944.0113,24.78,Overcast
2025-04-16 21:00:00+00:00,MUĞLA,48,22.477999,8.978,0.0,12.882267,3.0,56.23569,943.6499,24.93,Overcast
2025-04-17 21:00:00+00:00,MUĞLA,48,22.877998,11.278,0.0,11.090103,3.0,57.560623,940.23285,24.88,Overcast
2025-04-18 21:00:00+00:00,MUĞLA,48,18.778,10.828,0.0,11.720751,3.0,61.52437,936.37036,25.84,Overcast
2025-04-19 21:00:00+00:00,MUĞLA,48,21.778,8.678,0.0,12.979984,3.0,66.79005,935.03265,25.6,Overcast
2025-04-20 21:00:00+00:00,MUĞLA,48,20.377998,9.578,0.0,16.380001,3.0,70.28239,935.3317,25.27,Overcast
2025-04-21 21:00:00+00:00,MUĞLA,48,19.828,11.828,0.1,10.03167,51.0,57.973267,936.44916,19.73,Drizzle: Light
2025-04-22 21:00:00+00:00,MUĞLA,48,23.778,10.528,0.0,11.855429,3.0,59.12033,933.9244,23.03,Overcast
2025-04-23 21:00:00+00:00,MUĞLA,48,16.578,9.578,6.6000004,12.189602,63.0,76.03188,930.96,19.18,Rain: Moderate
2025-04-24 21:00:00+00:00,MUĞLA,48,16.477999,9.328,0.6,12.638512,51.0,78.63176,933.01904,18.53,Drizzle: Light
2025-04-25 21:00:00+00:00,MUĞLA,48,18.627998,7.478,0.0,12.86087,1.0,72.59869,934.68744,23.69,Mainly clear
2025-04-26 21:00:00+00:00,MUĞLA,48,17.828,7.728,2.0,11.230904,53.0,76.53645,937.16113,22.63,Drizzle: Moderate
2025-04-27 21:00:00+00:00,MUĞLA,48,18.877998,8.328,6.0,9.044888,63.0,75.98819,936.9888,21.68,Rain: Moderate
2025-04-28 21:00:00+00:00,MUĞLA,48,18.328,9.178,7.1,12.399112,63.0,74.63959,934.68646,22.36,Rain: Moderate
2025-04-29 21:00:00+00:00,MUĞLA,48,17.328,9.128,11.6,12.496718,63.0,82.47567,932.9244,13.47,Rain: Moderate
2025-04-30 21:00:00+00:00,MUĞLA,48,13.278,9.528,14.0,23.950823,61.0,95.02429,930.59735,11.84,Rain: Slight
2025-05-01 21:00:00+00:00,MUĞLA,48,16.428,8.428,16.1,11.811622,65.0,82.59414,934.2736,19.34,Rain: Heavy
2025-05-02 21:00:00+00:00,MUĞLA,48,20.028,7.478,9.8,12.081473,65.0,78.07516,936.1142,23.35,Rain: Heavy
2025-05-03 21:00:00+00:00,MUĞLA,48,20.877998,8.378,0.0,13.54911,1.0,64.51797,935.7735,26.43,Mainly clear
2025-05-04 21:00:00+00:00,MUĞLA,48,22.078,9.228,0.0,12.984975,3.0,58.261745,936.50903,26.38,Overcast
2025-05-05 21:00:00+00:00,MUĞLA,48,21.528,13.478,0.0,11.755254,2.0,61.071903,940.2866,26.99,Partly cloudy
2025-05-06 21:00:00+00:00,MUĞLA,48,22.178,13.728,0.0,12.886039,3.0,55.716766,941.7968,21.64,Overcast
2025-05-07 21:00:00+00:00,MUĞLA,48,22.028,14.628,0.2,20.320875,51.0,45.268032,939.0572,26.61,Drizzle: Light
2025-05-08 21:00:00+00:00,MUĞLA,48,25.078,14.528,0.0,13.896187,2.0,47.054443,939.41895,27.3,Partly cloudy
2025-05-09 21:00:00+00:00,MUĞLA,48,22.828,15.928,0.1,18.561832,51.0,50.576626,938.48047,20.08,Drizzle: Light
2025-05-10 21:00:00+00:00,MUĞLA,48,23.828,13.278,0.0,15.561414,3.0,56.98079,935.18677,26.73,Overcast
2025-05-11 21:00:00+00:00,MUĞLA,48,21.528,11.378,0.0,18.360882,3.0,53.73116,932.22296,23.68,Overcast
2025-05-12 21:00:00+00:00,MUĞLA,48,22.528,11.078,0.1,16.311613,51.0,52.54962,931.29865,27.15,Drizzle: Light
2025-05-13 21:00:00+00:00,MUĞLA,48,21.127998,11.978,0.0,21.129885,3.0,48.66008,934.34467,27.06,Overcast
2025-05-14 21:00:00+00:00,MUĞLA,48,21.778,9.328,0.0,13.272482,3.0,49.172543,937.30884,28.95,Overcast
2025-05-15 21:00:00+00:00,MUĞLA,48,19.428,11.578,0.1,22.96464,51.0,67.08438,937.6147,26.7,Drizzle: Light
2025-05-16 21:00:00+00:00,MUĞLA,48,19.977999,12.478,0.0,16.388899,3.0,75.502945,938.41943,21.21,Overcast
2025-05-17 21:00:00+00:00,MUĞLA,48,21.278,10.928,0.0,17.10284,3.0,66.17867,941.1025,26.94,Overcast
2025-05-18 21:00:00+00:00,MUĞLA,48,23.428,10.178,0.0,18.388212,0.0,44.29579,941.2925,29.72,Clear sky
2025-05-19 21:00:00+00:00,MUĞLA,48,24.627998,10.828,0.0,18.837322,0.0,41.595314,939.674,29.7,Clear sky
2025-05-20 21:00:00+00:00,MUĞLA,48,25.578,12.428,0.0,13.262714,0.0,48.400143,940.19366,29.18,Clear sky
2025-05-21 21:00:00+00:00,MUĞLA,48,28.828,12.978,0.0,16.192997,3.0,41.719677,939.37256,28.29,Overcast
2025-05-22 21:00:00+00:00,MUĞLA,48,26.928,16.178,0.0,12.849528,3.0,39.587364,937.7182,29.47,Overcast
2025-05-23 21:00:00+00:00,MUĞLA,48,29.328,16.477999,0.5,12.461669,53.0,41.918797,938.37103,25.77,Drizzle: Moderate
2025-05-24 21:00:00+00:00,MUĞLA,48,29.127998,19.028,0.70000005,19.983242,51.0,40.24421,937.11945,20.7,Drizzle: Light
2025-05-25 21:00:00+00:00,MUĞLA,48,23.178,14.378,6.8999996,22.242203,63.0,58.930233,932.88214,24.67,Rain: Moderate
2025-05-26 21:00:00+00:00,MUĞLA,48,23.578,11.228,0.0,24.670507,0.0,51.930134,934.0046,30.01,Clear sky
2025-05-27 21:00:00+00:00,MUĞLA,48,24.828,12.228,0.0,21.576738,3.0,45.68298,934.7808,29.07,Overcast
2025-05-28 21:00:00+00:00,MUĞLA,48,22.477999,12.778,4.2999997,15.379206,63.0,53.331802,933.51654,26.92,Rain: Moderate
2025-05-29 21:00:00+00:00,MUĞLA,48,20.428,12.078,13.2,10.337078,63.0,74.564,933.61383,17.74,Rain: Moderate
2025-05-30 21:00:00+00:00,MUĞLA,48,18.227999,10.928,19.100002,11.126562,65.0,84.73471,935.8387,17.72,Rain: Heavy
2025-05-31 21:00:00+00:00,MUĞLA,48,20.678,10.178,12.900002,8.383054,63.0,78.97968,937.7578,24.29,Rain: Moderate
2025-06-01 21:00:00+00:00,MUĞLA,48,24.828,11.228,0.1,16.248924,51.0,62.743332,940.84247,28.04,Drizzle: Light
2025-06-02 21:00:00+00:00,MUĞLA,48,27.477999,13.178,0.0,11.27553,0.0,53.432064,941.33154,29.93,Clear sky
2025-06-03 21:00:00+00:00,MUĞLA,48,29.428,13.778,0.0,8.490582,0.0,51.13687,941.018,29.92,Clear sky
2025-06-04 21:00:00+00:00,MUĞLA,48,28.977999,15.628,0.0,13.272482,0.0,51.11278,940.4246,29.73,Clear sky
2025-06-05 21:00:00+00:00,MUĞLA,48,30.678,16.078,0.0,12.16832,1.0,57.081448,939.46234,28.72,Mainly clear
2025-06-06 21:00:00+00:00,MUĞLA,48,30.977999,17.377998,0.0,11.755254,1.0,52.967213,938.4966,26.87,Mainly clear
2025-06-07 21:00:00+00:00,MUĞLA,48,31.377998,17.028,2.2,11.013882,61.0,49.630646,936.9275,27.26,Rain: Slight
2025-06-08 21:00:00+00:00,MUĞLA,48,32.427998,17.627998,0.0,13.943901,1.0,48.701122,936.44806,28.83,Mainly clear
2025-06-09 21:00:00+00:00,MUĞLA,48,33.128,18.127998,0.2,13.945064,51.0,41.453815,935.5639,26.93,Drizzle: Light
2025-06-10 21:00:00+00:00,MUĞLA,48,33.228,17.977999,0.0,13.789691,1.0,43.53915,934.6115,29.02,Mainly clear
2025-06-11 21:00:00+00:00,MUĞLA,48,32.628,18.377998,0.0,14.1102085,2.0,38.99184,936.5893,27.93,Partly cloudy
2025-06-12 21:00:00+00:00,MUĞLA,48,32.528,19.377998,0.0,13.288341,1.0,43.885696,937.1521,28.7,Mainly clear
2025-06-13 21:00:00+00:00,MUĞLA,48,32.578,17.928,0.0,11.91812,0.0,37.989365,935.8851,29.68,Clear sky
2025-06-14 21:00:00+00:00,MUĞLA,48,30.127998,16.278,0.0,17.146357,0.0,32.006542,935.32635,30.92,Clear sky
2025-06-15 21:00:00+00:00,MUĞLA,48,30.328,16.178,0.0,13.358861,0.0,33.54395,935.65375,30.99,Clear sky
2025-06-16 21:00:00+00:00,MUĞLA,48,31.127998,16.678,0.0,17.799076,0.0,30.903608,937.382,30.74,Clear sky
2025-06-17 21:00:00+00:00,MUĞLA,48,31.127998,16.028,0.0,22.060833,0.0,31.35556,939.0984,30.36,Clear sky
2025-06-18 21:00:00+00:00,MUĞLA,48,32.878,17.428,0.0,17.077248,0.0,32.17023,938.76434,30.46,Clear sky
2025-06-19 21:00:00+00:00,MUĞLA,48,32.177998,19.078,0.0,14.584443,1.0,36.73527,937.06104,29.81,Mainly clear
2025-06-20 21:00:00+00:00,MUĞLA,48,32.427998,20.428,0.0,22.668568,2.0,34.909836,936.20953,28.03,Partly cloudy
2025-06-21 21:00:00+00:00,MUĞLA,48,30.877998,18.828,0.0,17.727943,2.0,36.86179,936.0503,28.94,Partly cloudy
2025-06-22 21:00:00+00:00,MUĞLA,48,31.977999,17.578,0.0,10.30883,0.0,28.390312,936.78766,30.91,Clear sky
2025-06-23 21:00:00+00:00,MUĞLA,48,32.677998,16.977999,0.0,17.176563,0.0,26.032991,936.7165,31.02,Clear sky
2025-06-24 21:00:00+00:00,MUĞLA,48,34.728,18.328,0.0,17.713316,0.0,35.178425,936.0842,30.65,Clear sky
2025-06-25 21:00:00+00:00,MUĞLA,48,37.078,19.727999,0.0,16.167967,0.0,23.935875,935.3493,30.69,Clear sky
2025-06-26 21:00:00+00:00,MUĞLA,48,37.677998,21.227999,0.0,15.542662,0.0,26.148352,935.3452,30.55,Clear sky
2025-06-27 21:00:00+00:00,MUĞLA,48,36.677998,21.127998,0.0,15.095336,0.0,25.08171,931.72845,29.96,Clear sky
2025-06-28 21:00:00+00:00,MUĞLA,48,33.128,21.028,0.0,20.38773,0.0,27.971329,930.4241,30.17,Clear sky
2025-06-29 21:00:00+00:00,MUĞLA,48,33.328,18.428,0.0,14.668619,0.0,27.67456,933.3018,30.69,Clear sky
2025-06-30 21:00:00+00:00,MUĞLA,48,32.427998,19.428,0.0,16.645864,1.0,35.55941,934.1796,29.3,Mainly clear
2025-07-01 21:00:00+00:00,MUĞLA,48,34.177998,20.778,0.0,16.084589,1.0,28.627892,935.02277,29.46,Mainly clear
2025-07-02 21:00:00+00:00,MUĞLA,48,33.828,17.477999,0.0,17.471132,0.0,20.594007,936.6856,31.26,Clear sky
2025-07-03 21:00:00+00:00,MUĞLA,48,33.927998,17.928,0.0,8.149847,0.0,24.304413,937.6209,30.81,Clear sky
2025-07-04 21:00:00+00:00,MUĞLA,48,32.628,18.078,0.0,16.348322,0.0,30.336685,938.48755,30.48,Clear sky
2025-07-05 21:00:00+00:00,MUĞLA,48,33.628,19.828,0.0,12.750811,0.0,34.356903,938.1412,30.09,Clear sky
2025-07-06 21:00:00+00:00,MUĞLA,48,33.028,20.227999,0.0,12.849528,0.0,37.899044,935.31274,29.57,Clear sky
2025-07-07 21:00:00+00:00,MUĞLA,48,35.378,20.227999,0.0,14.618837,0.0,32.71745,933.6441,29.54,Clear sky
2025-07-08 21:00:00+00:00,MUĞLA,48,35.078,21.578,0.0,13.184308,0.0,27.46222,933.6206,30.57,Clear sky
2025-07-09 21:00:00+00:00,MUĞLA,48,33.528,20.678,0.0,14.49531,0.0,38.27754,932.19574,29.7,Clear sky
2025-07-10 21:00:00+00:00,MUĞLA,48,31.127998,20.028,0.0,14.319901,0.0,46.421803,933.5468,29.92,Clear sky
2025-07-11 21:00:00+00:00,MUĞLA,48,32.228,18.828,0.0,12.304682,0.0,46.12769,936.065,30.18,Clear sky
2025-07-12 21:00:00+00:00,MUĞLA,48,33.927998,20.477999,0.0,13.644427,0.0,48.87828,937.3908,28.65,Clear sky
2025-07-13 21:00:00+00:00,MUĞLA,48,35.528,23.977999,0.0,13.605189,1.0,40.416332,935.07196,26.25,Mainly clear
2025-07-14 21:00:00+00:00,MUĞLA,48,34.578,22.928,0.0,12.781267,1.0,40.873837,930.9629,26.74,Mainly clear
2025-07-15 21:00:00+00:00,MUĞLA,48,31.578,23.627998,0.8,14.917212,53.0,48.544033,931.84406,24.94,Drizzle: Moderate
2025-07-16 21:00:00+00:00,MUĞLA,48,30.828,20.428,0.0,13.510796,0.0,59.60203,935.5224,27.33,Clear sky
2025-07-17 21:00:00+00:00,MUĞLA,48,30.127998,20.778,0.0,13.842457,0.0,57.23048,936.7758,26.79,Clear sky
2025-07-18 21:00:00+00:00,MUĞLA,48,33.677998,20.028,0.0,15.779543,2.0,42.74625,935.46436,27.98,Partly cloudy
2025-07-19 21:00:00+00:00,MUĞLA,48,34.528,22.828,0.0,15.009236,1.0,34.958744,933.5757,28.39,Mainly clear
2025-07-20 21:00:00+00:00,MUĞLA,48,36.328,22.377998,0.0,15.631007,0.0,30.543833,933.93427,28.98,Clear sky
2025-07-21 21:00:00+00:00,MUĞLA,48,35.778,21.578,0.0,13.737904,0.0,28.417915,935.90875,29.2,Clear sky
2025-07-22 21:00:00+00:00,MUĞLA,48,36.927998,21.578,0.0,16.75064,0.0,29.190031,935.0493,29.43,Clear sky
2025-07-23 21:00:00+00:00,MUĞLA,48,38.978,22.127998,0.0,16.580532,0.0,23.563538,932.7901,29.27,Clear sky
2025-07-24 21:00:00+00:00,MUĞLA,48,38.778,24.627998,0.0,18.417263,0.0,24.543137,932.85767,29.1,Clear sky
2025-07-25 21:00:00+00:00,MUĞLA,48,38.978,23.578,0.0,19.95485,0.0,24.198904,931.9282,29.5,Clear sky
2025-07-26 21:00:00+00:00,MUĞLA,48,36.628,24.127998,0.0,12.703715,0.0,29.239988,931.0791,29.03,Clear sky
2025-07-27 21:00:00+00:00,MUĞLA,48,33.328,23.227999,0.0,12.606426,0.0,31.388405,930.8103,28.8,Clear sky
2025-07-28 21:00:00+00:00,MUĞLA,48,31.078,20.678,0.0,12.7279215,0.0,38.722378,932.19794,28.92,Clear sky
2025-07-29 21:00:00+00:00,MUĞLA,48,31.227999,19.828,0.0,13.346729,0.0,49.451107,934.54474,28.31,Clear sky
2025-07-30 21:00:00+00:00,MUĞLA,48,30.877998,20.028,0.0,13.358861,0.0,56.52241,933.4792,27.71,Clear sky
2025-07-31 21:00:00+00:00,MUĞLA,48,33.628,22.428,0.0,14.848635,0.0,49.10475,931.0459,26.78,Clear sky
2025-08-01 21:00:00+00:00,MUĞLA,48,30.428,21.578,0.0,14.861722,1.0,52.75028,932.12177,25.89,Mainly clear
2025-08-02 21:00:00+00:00,MUĞLA,48,30.828,20.977999,0.8000001,12.849528,51.0,59.004314,935.6198,25.16,Drizzle: Light
2025-08-03 21:00:00+00:00,MUĞLA,48,31.977999,20.227999,0.0,13.356437,1.0,51.925518,937.6196,26.34,Mainly clear
2025-08-04 21:00:00+00:00,MUĞLA,48,32.478,20.377998,0.0,13.154786,0.0,48.71693,937.4177,27.16,Clear sky
2025-08-05 21:00:00+00:00,MUĞLA,48,31.828,20.977999,0.0,12.496719,0.0,54.896805,935.5992,27.57,Clear sky
2025-08-06 21:00:00+00:00,MUĞLA,48,33.028,20.278,0.0,15.210799,3.0,58.108124,934.179,24.23,Overcast
2025-08-07 21:00:00+00:00,MUĞLA,48,36.728,22.078,0.0,14.48972,3.0,38.07098,935.6922,23.89,Overcast
2025-08-08 21:00:00+00:00,MUĞLA,48,36.677998,23.627998,0.0,12.632101,1.0,33.059147,937.7903,23.83,Mainly clear
2025-08-09 21:00:00+00:00,MUĞLA,48,38.578,24.778,0.0,19.983242,0.0,28.21305,937.6026,27.18,Clear sky
2025-08-10 21:00:00+00:00,MUĞLA,48,34.778,22.127998,0.0,15.188415,0.0,38.423115,936.48755,27.03,Clear sky
2025-08-11 21:00:00+00:00,MUĞLA,48,34.328,22.578,0.0,14.357185,0.0,44.875885,937.5555,26.75,Clear sky
2025-08-12 21:00:00+00:00,MUĞLA,48,35.078,23.127998,0.0,12.267762,1.0,41.093235,938.8814,26.56,Mainly clear
2025-08-13 21:00:00+00:00,MUĞLA,48,33.828,22.028,0.0,15.717823,0.0,36.26359,938.738,26.85,Clear sky
2025-08-14 21:00:00+00:00,MUĞLA,48,33.427998,20.928,0.0,20.539728,0.0,41.074642,936.1458,26.31,Clear sky
2025-08-15 21:00:00+00:00,MUĞLA,48,30.778,21.178,0.0,12.835653,0.0,54.19395,933.04645,25.7,Clear sky
2025-08-16 21:00:00+00:00,MUĞLA,48,28.727999,19.377998,0.0,12.514855,0.0,60.78623,933.76465,26.21,Clear sky
2025-08-17 21:00:00+00:00,MUĞLA,48,28.877998,16.528,0.0,13.684735,0.0,49.858673,936.0258,25.12,Clear sky
2025-08-18 21:00:00+00:00,MUĞLA,48,31.977999,18.328,0.0,22.040997,0.0,42.344955,934.7815,25.39,Clear sky
2025-08-19 21:00:00+00:00,MUĞLA,48,33.128,20.627998,0.0,22.28586,0.0,34.522522,933.4611,26.18,Clear sky
2025-08-20 21:00:00+00:00,MUĞLA,48,33.978,19.828,0.0,12.367716,0.0,34.49486,935.0488,26.22,Clear sky
2025-08-21 21:00:00+00:00,MUĞLA,48,36.128,21.227999,0.0,12.961249,0.0,22.59876,936.21265,26.21,Clear sky
2025-08-22 21:00:00+00:00,MUĞLA,48,33.228,22.877998,0.0,15.646544,0.0,33.227123,934.89716,25.93,Clear sky
2025-08-23 21:00:00+00:00,MUĞLA,48,32.778,20.828,0.0,23.000591,0.0,40.414337,934.2998,25.53,Clear sky
2025-08-24 21:00:00+00:00,MUĞLA,48,32.927998,19.278,0.0,15.133923,0.0,35.396297,935.0114,25.42,Clear sky
2025-08-25 21:00:00+00:00,MUĞLA,48,32.628,19.977999,0.0,14.810401,0.0,35.06549,935.30023,24.92,Clear sky
2025-08-26 21:00:00+00:00,MUĞLA,48,30.528,19.227999,0.0,13.262714,0.0,34.716747,935.1885,24.76,Clear sky
2025-08-27 21:00:00+00:00,MUĞLA,48,33.478,19.028,0.0,14.913952,2.0,43.086666,935.9739,22.85,Partly cloudy
2025-08-28 21:00:00+00:00,MUĞLA,48,31.078,19.528,0.0,15.210799,0.0,39.148026,936.6622,24.77,Clear sky
2025-08-29 21:00:00+00:00,MUĞLA,48,29.727999,18.828,0.0,12.620554,0.0,41.089153,938.29663,24.99,Clear sky
2025-08-30 21:00:00+00:00,MUĞLA,48,32.278,16.828,0.0,12.472065,0.0,35.692245,938.573,24.49,Clear sky
2025-08-31 21:00:00+00:00,MUĞLA,48,32.528,19.778,0.0,18.043148,0.0,37.88328,936.26776,24.29,Clear sky
2025-09-01 21:00:00+00:00,MUĞLA,48,34.378,19.528,0.0,14.039999,0.0,37.77255,932.7089,24.36,Clear sky
2025-09-02 21:00:00+00:00,MUĞLA,48,34.628,20.227999,0.0,13.5012,0.0,32.830544,932.54755,24.43,Clear sky
2025-09-03 21:00:00+00:00,MUĞLA,48,31.678,19.578,0.0,15.316933,0.0,36.577915,932.9397,23.52,Clear sky
2025-09-04 21:00:00+00:00,MUĞLA,48,28.627998,19.778,0.0,14.041154,0.0,55.823914,935.74713,23.41,Clear sky
2025-09-05 21:00:00+00:00,MUĞLA,48,28.678,18.627998,0.0,12.452566,1.0,51.392212,937.384,20.48,Mainly clear
2025-09-06 21:00:00+00:00,MUĞLA,48,29.727999,17.127998,0.0,12.371645,2.0,43.31261,936.0117,22.14,Partly cloudy
2025-09-07 21:00:00+00:00,MUĞLA,48,29.477999,16.928,0.0,12.785069,3.0,44.97394,934.6345,20.7,Overcast
2025-09-08 21:00:00+00:00,MUĞLA,48,29.127998,15.778,0.0,14.64209,3.0,43.3617,936.72955,22.19,Overcast
2025-09-09 21:00:00+00:00,MUĞLA,48,30.977999,16.028,0.0,15.536408,0.0,35.387203,939.6021,23.18,Clear sky
2025-09-10 21:00:00+00:00,MUĞLA,48,33.128,16.928,0.0,14.378608,0.0,28.027275,939.201,23.0,Clear sky
2025-09-11 21:00:00+00:00,MUĞLA,48,32.927998,19.528,0.0,14.474059,0.0,30.6331,939.1198,22.33,Clear sky
2025-09-12 21:00:00+00:00,MUĞLA,48,32.828,20.528,0.0,16.18199,1.0,36.004745,939.54315,22.37,Mainly clear
2025-09-13 21:00:00+00:00,MUĞLA,48,31.028,19.727999,0.0,13.779114,0.0,43.0659,939.1512,21.97,Clear sky
2025-09-14 21:00:00+00:00,MUĞLA,48,31.078,19.528,0.0,13.671707,3.0,43.87706,938.55194,19.59,Overcast
2025-09-15 21:00:00+00:00,MUĞLA,48,33.328,18.328,0.0,15.281989,0.0,36.539753,938.45,21.93,Clear sky
2025-09-16 21:00:00+00:00,MUĞLA,48,31.227999,18.278,0.0,13.896187,0.0,39.89028,937.35785,22.23,Clear sky
2025-09-17 21:00:00+00:00,MUĞLA,48,28.627998,17.678,0.0,21.78,0.0,37.01678,937.1308,21.98,Clear sky
2025-09-18 21:00:00+00:00,MUĞLA,48,26.528,14.028,0.0,18.0,0.0,29.279335,940.0213,22.38,Clear sky
2025-09-19 21:00:00+00:00,MUĞLA,48,27.477999,12.928,0.0,14.81259,0.0,36.609257,941.0356,21.68,Clear sky
2025-09-20 21:00:00+00:00,MUĞLA,48,28.778,13.378,0.0,12.425216,0.0,33.299538,940.0058,21.63,Clear sky
2025-09-21 21:00:00+00:00,MUĞLA,48,28.178,15.978,0.0,11.571914,0.0,33.114223,940.0285,21.21,Clear sky
2025-09-22 21:00:00+00:00,MUĞLA,48,27.477999,15.578,0.0,12.992458,0.0,43.57014,940.6607,20.85,Clear sky
2025-09-23 21:00:00+00:00,MUĞLA,48,26.928,14.928,0.0,12.882267,1.0,51.01697,939.11273,19.87,Mainly clear
2025-09-24 21:00:00+00:00,MUĞLA,48,30.428,16.578,0.0,14.251863,3.0,34.365505,937.46606,20.8,Overcast
2025-09-25 21:00:00+00:00,MUĞLA,48,30.127998,16.227999,0.0,13.491597,3.0,33.139256,937.94293,20.13,Overcast
2025-09-26 21:00:00+00:00,MUĞLA,48,27.477999,16.428,0.0,12.601285,3.0,36.20456,938.38727,20.03,Overcast
2025-09-27 21:00:00+00:00,MUĞLA,48,24.078,15.928,0.0,14.766584,1.0,51.9761,938.86847,19.21,Mainly clear
2025-09-28 21:00:00+00:00,MUĞLA,48,23.328,15.228,4.7999997,18.954777,55.0,72.949684,938.79974,15.71,Drizzle: Dense
2025-09-29 21:00:00+00:00,MUĞLA,48,23.928,13.178,0.2,20.26899,51.0,69.17751,938.9379,18.32,Drizzle: Light
2025-09-30 21:00:00+00:00,MUĞLA,48,24.727999,12.328,0.0,11.886816,1.0,49.080383,937.66327,19.07,Mainly clear
2025-10-01 21:00:00+00:00,MUĞLA,48,23.127998,12.878,0.0,17.288435,2.0,50.616978,935.79205,19.16,Partly cloudy
2025-10-02 21:00:00+00:00,MUĞLA,48,16.477999,13.478,55.200005,17.95404,65.0,93.67602,934.6826,5.17,Rain: Heavy
2025-10-03 21:00:00+00:00,MUĞLA,48,18.127998,12.478,0.6,11.442394,51.0,73.36943,940.5757,16.81,Drizzle: Light
2025-10-04 21:00:00+00:00,MUĞLA,48,19.328,11.778,0.0,10.32924,1.0,72.81083,942.0201,15.97,Mainly clear
2025-10-05 21:00:00+00:00,MUĞLA,48,18.928,9.978,0.0,10.742848,3.0,69.31014,938.5706,15.48,Overcast
2025-10-06 21:00:00+00:00,MUĞLA,48,15.228,12.278,20.6,18.675814,63.0,90.670616,933.3501,3.76,Rain: Moderate
2025-10-07 21:00:00+00:00,MUĞLA,48,14.128,9.628,4.8999996,13.737904,61.0,85.644615,932.94336,13.44,Rain: Slight
2025-10-08 21:00:00+00:00,MUĞLA,48,16.877998,7.3780003,0.0,12.409561,2.0,69.91267,939.2725,14.69,Partly cloudy
2025-10-09 21:00:00+00:00,MUĞLA,48,20.477999,8.278,0.0,13.115319,3.0,69.778015,944.167,17.58,Overcast
2025-10-10 21:00:00+00:00,MUĞLA,48,20.877998,8.978,0.0,17.423777,0.0,63.287434,941.00616,17.42,Clear sky
2025-10-11 21:00:00+00:00,MUĞLA,48,17.928,9.228,0.0,20.060919,3.0,53.545155,939.8613,17.88,Overcast
2025-10-12 21:00:00+00:00,MUĞLA,48,19.178,7.528,0.0,10.9859,3.0,63.57546,940.35333,16.66,Overcast
2025-10-13 21:00:00+00:00,MUĞLA,48,19.028,9.178,0.0,8.913181,2.0,70.29213,941.08746,14.97,Partly cloudy
2025-10-14 21:00:00+00:00,MUĞLA,48,19.727999,9.278,0.0,8.604301,3.0,68.31478,940.5679,16.35,Overcast
2025-10-15 21:00:00+00:00,MUĞLA,48,21.078,9.178,0.0,9.983106,3.0,64.29697,940.805,16.62,Overcast
2025-10-16 21:00:00+00:00,MUĞLA,48,20.627998,11.028,0.0,8.461915,1.0,54.088818,943.1199,16.54,Mainly clear
2025-10-17 21:00:00+00:00,MUĞLA,48,20.377998,13.328,0.0,9.224011,3.0,63.013805,943.84625,14.8,Overcast
2025-10-18 21:00:00+00:00,MUĞLA,48,20.928,10.928,0.0,12.673074,3.0,75.31779,942.77924,12.23,Overcast
2025-10-19 21:00:00+00:00,MUĞLA,48,17.477999,11.328,4.2,8.085988,55.0,84.86411,940.03265,3.76,Drizzle: Dense
2025-10-20 21:00:00+00:00,MUĞLA,48,18.627998,12.378,2.0,8.581677,55.0,80.75356,939.72675,11.8,Drizzle: Dense
2025-10-21 21:00:00+00:00,MUĞLA,48,19.227999,12.328,8.8,15.3771,63.0,82.34553,940.07324,10.5,Rain: Moderate
2025-10-22 21:00:00+00:00,MUĞLA,48,17.428,13.128,5.6999993,14.008811,61.0,91.99503,939.80646,9.9,Rain: Slight
2025-10-23 21:00:00+00:00,MUĞLA,48,19.028,12.228,3.6999996,13.681183,53.0,89.64075,939.2138,12.41,Drizzle: Moderate
2025-10-24 21:00:00+00:00,MUĞLA,48,20.028,13.478,1.2,12.081473,53.0,84.14423,939.32886,12.77,Drizzle: Moderate
2025-10-25 21:00:00+00:00,MUĞLA,48,19.477999,9.828,0.0,8.93859,3.0,75.39337,939.178,14.95,Overcast
2025-10-26 21:00:00+00:00,MUĞLA,48,20.127998,12.878,0.0,15.575981,3.0,79.15128,939.20856,14.49,Overcast
2025-10-27 21:00:00+00:00,MUĞLA,48,17.877998,13.728,2.2,15.990646,51.0,95.199615,938.63257,6.84,Drizzle: Light
2025-10-28 21:00:00+00:00,MUĞLA,48,21.078,10.528,0.0,9.56713,2.0,74.228325,941.54034,14.12,Partly cloudy
2025-10-29 21:00:00+00:00,MUĞLA,48,20.627998,9.228,0.0,9.181765,0.0,55.858887,942.9965,14.77,Clear sky
2025-10-30 21:00:00+00:00,MUĞLA,48,20.127998,9.828,0.0,7.9932976,3.0,56.41383,943.5808,13.73,Overcast
2025-10-31 21:00:00+00:00,MUĞLA,48,23.578,10.878,0.0,10.742848,3.0,52.53241,943.1668,13.56,Overcast
2025-11-01 21:00:00+00:00,MUĞLA,48,22.278,12.178,0.0,8.731392,3.0,59.2937,943.04034,11.2,Overcast
2025-11-02 21:00:00+00:00,MUĞLA,48,21.127998,12.378,0.0,7.823272,3.0,60.099686,943.19745,13.54,Overcast
2025-11-03 21:00:00+00:00,MUĞLA,48,21.428,11.128,0.0,7.208994,3.0,67.87476,942.6982,12.1,Overcast
2025-11-04 21:00:00+00:00,MUĞLA,48,21.528,10.978,0.0,8.287822,3.0,58.987362,940.6812,13.32,Overcast
2025-11-05 21:00:00+00:00,MUĞLA,48,20.778,11.628,0.3,11.144021,51.0,61.82748,936.8826,11.37,Drizzle: Light
2025-11-06 21:00:00+00:00,MUĞLA,48,17.828,11.778,0.8000001,14.474059,51.0,77.10346,938.1872,12.03,Drizzle: Light
2025-11-07 21:00:00+00:00,MUĞLA,48,18.627998,10.228,0.0,12.221456,3.0,75.3911,942.7376,10.78,Overcast
2025-11-08 21:00:00+00:00,MUĞLA,48,18.528,11.328,0.0,8.2584505,3.0,81.956055,944.5777,10.95,Overcast
2025-11-09 21:00:00+00:00,MUĞLA,48,18.178,10.678,0.0,11.511559,3.0,75.893105,942.2852,9.95,Overcast
2025-11-10 21:00:00+00:00,MUĞLA,48,17.227999,11.028,1.2,13.684735,53.0,80.74771,939.53784,9.75,Drizzle: Moderate
2025-11-11 21:00:00+00:00,MUĞLA,48,17.977999,7.978,0.3,8.790563,51.0,79.253456,940.34393,12.04,Drizzle: Light
2025-11-12 21:00:00+00:00,MUĞLA,48,18.578,7.528,0.1,12.24,51.0,72.58985,940.64325,12.54,Drizzle: Light
2025-11-13 21:00:00+00:00,MUĞLA,48,17.678,7.028,0.0,16.260885,1.0,59.618896,938.92523,12.7,Mainly clear
2025-11-14 21:00:00+00:00,MUĞLA,48,16.627998,5.578,0.0,11.442394,0.0,50.921604,937.7095,12.82,Clear sky
2025-11-15 21:00:00+00:00,MUĞLA,48,16.678,5.078,0.0,8.019601,2.0,46.283585,941.11444,12.56,Partly cloudy
2025-11-16 21:00:00+00:00,MUĞLA,48,16.727999,7.828,0.0,11.500296,1.0,71.8006,946.8066,11.79,Mainly clear
2025-11-17 21:00:00+00:00,MUĞLA,48,17.328,9.378,0.0,13.934605,3.0,83.13146,947.3845,10.56,Overcast
2025-11-18 21:00:00+00:00,MUĞLA,48,16.727999,10.778,0.0,12.669238,3.0,79.68387,945.10474,8.65,Overcast
2025-11-19 21:00:00+00:00,MUĞLA,48,18.477999,11.378,0.0,16.109747,3.0,71.661964,944.4903,9.46,Overcast
2025-11-20 21:00:00+00:00,MUĞLA,48,20.528,11.778,0.0,16.50709,3.0,54.89237,944.37866,11.46,Overcast
2025-11-21 21:00:00+00:00,MUĞLA,48,19.227999,13.428,0.0,21.833488,3.0,74.402466,944.25555,8.97,Overcast
2025-11-22 21:00:00+00:00,MUĞLA,48,19.127998,12.328,8.3,16.743872,63.0,86.053345,941.92694,7.98,Rain: Moderate
2025-11-23 21:00:00+00:00,MUĞLA,48,15.228,8.378,0.0,18.183563,3.0,72.35227,940.4404,10.56,Overcast
2025-11-24 21:00:00+00:00,MUĞLA,48,16.377998,5.278,0.0,12.10157,3.0,62.89616,940.0371,11.64,Overcast
2025-11-25 21:00:00+00:00,MUĞLA,48,15.228,7.428,0.0,14.01806,3.0,63.19193,941.6413,10.45,Overcast
2025-11-26 21:00:00+00:00,MUĞLA,48,13.478,9.878,3.6,13.888023,53.0,89.100365,942.10675,6.17,Drizzle: Moderate
2025-11-27 21:00:00+00:00,MUĞLA,48,12.978,9.478,17.699999,17.794525,63.0,92.79886,941.63605,5.87,Rain: Moderate
2025-11-28 21:00:00+00:00,MUĞLA,48,11.828,7.528,53.299995,23.980564,65.0,95.806854,935.5701,1.25,Rain: Heavy
2025-11-29 21:00:00+00:00,MUĞLA,48,11.728,6.778,0.3,8.863972,51.0,86.91196,936.2642,8.62,Drizzle: Light
2025-11-30 21:00:00+00:00,MUĞLA,48,13.578,5.678,0.0,7.4672885,1.0,76.35007,940.5478,9.06,Mainly clear
2025-12-01 21:00:00+00:00,MUĞLA,48,14.178,3.928,0.0,8.459999,3.0,77.241615,942.20575,10.73,Overcast
2025-12-02 21:00:00+00:00,MUĞLA,48,13.578,5.178,0.0,12.886039,3.0,74.075096,942.7535,8.53,Overcast
2025-12-03 21:00:00+00:00,MUĞLA,48,13.728,8.978,7.6,13.202726,63.0,87.08869,940.4326,5.23,Rain: Moderate
2025-12-04 21:00:00+00:00,MUĞLA,48,12.078,8.878,24.500002,23.670511,63.0,86.81545,932.1677,1.68,Rain: Moderate
2025-12-05 21:00:00+00:00,MUĞLA,48,9.878,6.978,17.699999,15.224637,63.0,91.57304,931.478,3.2,Rain: Moderate
2025-12-06 21:00:00+00:00,MUĞLA,48,12.778,4.778,0.3,5.5829024,51.0,79.7186,930.71954,8.83,Drizzle: Light
2025-12-07 21:00:00+00:00,MUĞLA,48,14.678,3.928,0.0,7.613382,1.0,78.809044,934.37866,9.83,Mainly clear
2025-12-08 21:00:00+00:00,MUĞLA,48,13.828,4.678,0.0,12.136325,0.0,73.92446,937.3735,10.4,Clear sky
2025-12-09 21:00:00+00:00,MUĞLA,48,14.728,3.778,0.0,10.299397,3.0,74.2246,938.7242,10.32,Overcast
2025-12-10 21:00:00+00:00,MUĞLA,48,14.078,4.778,0.0,11.9140415,3.0,67.37797,937.9087,10.44,Overcast
2025-12-11 21:00:00+00:00,MUĞLA,48,14.878,3.278,0.0,7.613382,0.0,65.337425,938.97345,10.27,Clear sky
2025-12-12 21:00:00+00:00,MUĞLA,48,15.978,3.928,0.0,8.43699,0.0,71.64835,940.93024,10.23,Clear sky
2025-12-13 21:00:00+00:00,MUĞLA,48,13.478,5.178,0.0,10.234705,2.0,75.28033,941.94586,8.67,Partly cloudy
2025-12-14 21:00:00+00:00,MUĞLA,48,12.178,2.928,0.0,17.651016,2.0,68.501434,941.10455,10.35,Partly cloudy
2025-12-15 21:00:00+00:00,MUĞLA,48,14.928,2.278,0.0,10.801499,0.0,59.036762,941.8985,10.37,Clear sky
2025-12-16 21:00:00+00:00,MUĞLA,48,14.728,2.178,0.0,8.4042845,3.0,58.17393,944.5823,10.59,Overcast
2025-12-17 21:00:00+00:00,MUĞLA,48,15.378,4.228,0.0,9.080639,1.0,61.958828,948.6831,10.34,Mainly clear
2025-12-18 21:00:00+00:00,MUĞLA,48,15.428,4.228,0.0,6.849467,3.0,47.115494,945.46136,10.32,Overcast
2025-12-19 21:00:00+00:00,MUĞLA,48,11.878,5.3780003,0.1,10.560341,51.0,59.868317,940.0256,6.21,Drizzle: Light
2025-12-20 21:00:00+00:00,MUĞLA,48,13.778,7.3780003,3.3999996,11.966954,53.0,87.71704,937.39453,8.69,Drizzle: Moderate
2025-12-21 21:00:00+00:00,MUĞLA,48,11.778,7.678,3.2000003,7.102591,55.0,88.298645,936.5381,3.46,Drizzle: Dense
2025-12-22 21:00:00+00:00,MUĞLA,48,11.578,6.528,0.70000005,7.229191,53.0,88.76142,937.86945,7.8,Drizzle: Moderate
2025-12-23 21:00:00+00:00,MUĞLA,48,13.378,6.828,0.8000001,11.276968,51.0,86.406525,941.666,8.74,Drizzle: Light
2025-12-24 21:00:00+00:00,MUĞLA,48,12.478,6.428,1.1,10.041354,53.0,88.6968,942.30566,7.49,Drizzle: Moderate
2025-12-25 21:00:00+00:00,MUĞLA,48,13.678,3.878,0.0,14.110209,3.0,82.641266,939.64105,9.75,Overcast
2025-12-26 21:00:00+00:00,MUĞLA,48,7.928,0.728,0.0,18.73557,2.0,68.28248,935.4253,8.96,Partly cloudy
2025-12-27 21:00:00+00:00,MUĞLA,48,7.578,-2.5219998,0.0,17.477621,3.0,65.3459,932.712,10.65,Overcast
2025-12-28 21:00:00+00:00,MUĞLA,48,7.078,-0.622,0.0,15.376045,3.0,65.401596,935.52295,10.66,Overcast
2025-12-29 21:00:00+00:00,MUĞLA,48,9.528,-1.072,2.8999999,14.378608,53.0,61.67325,936.83057,8.92,Drizzle: Moderate
2025-12-30 21:00:00+00:00,MUĞLA,48,10.128,2.828,6.1000004,13.203954,61.0,86.94723,929.0642,7.27,Rain: Slight
2025-12-31 21:00:00+00:00,MUĞLA,48,3.578,-3.822,0.0,21.183483,2.0,58.201015,934.853,10.44,Partly cloudy
