date,city,plate_code,max_temp,min_temp,precipitation,wind_speed,weather_code,humidity,pressure,radiation,weather_desc
2002-12-31 21:00:00+00:00,SAMSUN,55,13.879499,8.6795,0.7,19.734436,51.0,67.38909,1009.8059,5.9,Drizzle: Light
2003-01-01 21:00:00+00:00,SAMSUN,55,11.2795,4.9295,1.0,10.514218,51.0,91.84225,1009.3127,5.24,Drizzle: Light
2003-01-02 21:00:00+00:00,SAMSUN,55,13.829499,5.8295,0.0,14.973577,3.0,80.98338,1008.24677,7.85,Overcast
2003-01-03 21:00:00+00:00,SAMSUN,55,13.7795,6.4295,2.4,18.775303,51.0,73.27168,1004.8166,5.79,Drizzle: Light
2003-01-04 21:00:00+00:00,SAMSUN,55,13.5295,3.4795,1.2,12.303366,51.0,86.69699,1004.6402,6.38,Drizzle: Light
2003-01-05 21:00:00+00:00,SAMSUN,55,17.879501,8.0795,0.3,19.694992,51.0,70.36591,1006.1081,6.75,Drizzle: Light
2003-01-06 21:00:00+00:00,SAMSUN,55,10.2295,5.3295,2.6000001,12.641076,55.0,91.96102,1017.9732,4.7,Drizzle: Dense
2003-01-07 21:00:00+00:00,SAMSUN,55,17.629501,8.0295,0.1,24.066206,51.0,60.78313,1010.80273,8.56,Drizzle: Light
2003-01-08 21:00:00+00:00,SAMSUN,55,9.0295,6.1795,1.1,8.759178,51.0,92.72565,1020.0534,2.17,Drizzle: Light
2003-01-09 21:00:00+00:00,SAMSUN,55,17.029501,5.8795,0.0,17.0763,3.0,70.51532,1015.40015,8.36,Overcast
2003-01-10 21:00:00+00:00,SAMSUN,55,13.7795,7.9795003,0.0,17.49615,3.0,73.484276,1016.6202,5.62,Overcast
2003-01-11 21:00:00+00:00,SAMSUN,55,13.5295,7.9295,2.8,10.948973,55.0,88.77572,1010.85406,5.04,Drizzle: Dense
2003-01-12 21:00:00+00:00,SAMSUN,55,8.1795,3.0295,5.9,16.1198,71.0,86.307106,1020.6177,3.08,Snow fall: Slight
2003-01-13 21:00:00+00:00,SAMSUN,55,4.8795,2.7295,5.0000005,11.609651,73.0,82.705536,1022.1722,5.23,Snow fall: Moderate
2003-01-14 21:00:00+00:00,SAMSUN,55,7.3795,1.0295,2.4,14.408997,73.0,76.7293,1022.0913,7.49,Snow fall: Moderate
2003-01-15 21:00:00+00:00,SAMSUN,55,7.8295,4.0795,0.9000001,10.883676,51.0,81.56238,1023.79785,3.31,Drizzle: Light
2003-01-16 21:00:00+00:00,SAMSUN,55,11.129499,2.6795,1.8000001,13.281023,53.0,79.83799,1020.9731,5.67,Drizzle: Moderate
2003-01-17 21:00:00+00:00,SAMSUN,55,6.6295,3.6795,3.4999998,18.58451,71.0,84.66975,1026.9207,4.08,Snow fall: Slight
2003-01-18 21:00:00+00:00,SAMSUN,55,9.0295,-0.2705,0.0,13.797913,2.0,83.17715,1020.43256,9.91,Partly cloudy
2003-01-19 21:00:00+00:00,SAMSUN,55,10.9795,1.8795,0.0,14.168641,3.0,77.62372,1012.6118,9.07,Overcast
2003-01-20 21:00:00+00:00,SAMSUN,55,10.1795,1.2295,0.0,9.220499,2.0,80.41695,1013.5998,9.97,Partly cloudy
2003-01-21 21:00:00+00:00,SAMSUN,55,11.579499,0.97950006,0.8000001,9.885262,51.0,78.4561,1014.3831,9.09,Drizzle: Light
2003-01-22 21:00:00+00:00,SAMSUN,55,13.0295,6.1795,0.0,12.287555,3.0,75.88195,1014.63086,8.23,Overcast
2003-01-23 21:00:00+00:00,SAMSUN,55,12.579499,5.8795,1.3,11.609651,51.0,82.50568,1017.92096,5.14,Drizzle: Light
2003-01-24 21:00:00+00:00,SAMSUN,55,8.9295,5.5795,0.0,10.182337,3.0,91.71271,1023.5218,3.87,Overcast
2003-01-25 21:00:00+00:00,SAMSUN,55,5.7295003,3.9295,0.0,8.311245,3.0,84.99179,1022.9112,2.92,Overcast
2003-01-26 21:00:00+00:00,SAMSUN,55,5.3795,3.3795002,0.0,7.7879906,3.0,85.81463,1015.23486,4.0,Overcast
2003-01-27 21:00:00+00:00,SAMSUN,55,6.2795,3.8295002,2.9,9.826088,71.0,87.44608,1009.3925,3.33,Snow fall: Slight
2003-01-28 21:00:00+00:00,SAMSUN,55,12.7295,1.8795,0.0,13.979872,3.0,79.26038,1006.54034,10.65,Overcast
2003-01-29 21:00:00+00:00,SAMSUN,55,17.3295,7.0295,0.0,30.993471,3.0,52.319016,1006.92523,9.17,Overcast
2003-01-30 21:00:00+00:00,SAMSUN,55,18.1795,12.9295,0.0,29.749592,3.0,47.098454,1006.70264,7.5,Overcast
2003-01-31 21:00:00+00:00,SAMSUN,55,15.0295,6.2295003,6.1,32.714474,53.0,69.00666,1010.37225,5.25,Drizzle: Moderate
2003-02-01 21:00:00+00:00,SAMSUN,55,14.6795,5.8295,0.5,17.58481,51.0,78.98448,1002.32764,7.2,Drizzle: Light
2003-02-02 21:00:00+00:00,SAMSUN,55,9.7795,3.1295002,7.500001,13.513193,71.0,87.52636,1005.36646,3.38,Snow fall: Slight
2003-02-03 21:00:00+00:00,SAMSUN,55,5.0295,2.4295,2.0,8.78872,71.0,83.84393,1011.6121,4.63,Snow fall: Slight
2003-02-04 21:00:00+00:00,SAMSUN,55,13.2295,1.4295001,0.0,22.101183,3.0,65.99547,1009.98926,11.22,Overcast
2003-02-05 21:00:00+00:00,SAMSUN,55,16.4795,8.379499,0.0,22.26477,3.0,51.519333,1005.593,10.01,Overcast
2003-02-06 21:00:00+00:00,SAMSUN,55,13.829499,8.9295,0.0,14.039999,3.0,62.118103,1006.6765,7.03,Overcast
2003-02-07 21:00:00+00:00,SAMSUN,55,13.379499,4.8295,11.5,16.563911,73.0,73.70358,1001.44995,7.08,Snow fall: Moderate
2003-02-08 21:00:00+00:00,SAMSUN,55,4.5795,1.3795,13.1,8.12197,73.0,85.24479,1014.0372,7.51,Snow fall: Moderate
2003-02-09 21:00:00+00:00,SAMSUN,55,3.2795,-0.7705,3.1999998,8.225035,73.0,85.27507,1016.6194,10.07,Snow fall: Moderate
2003-02-10 21:00:00+00:00,SAMSUN,55,5.1295,-0.57049996,0.0,10.137692,3.0,77.27005,1021.4672,12.79,Overcast
2003-02-11 21:00:00+00:00,SAMSUN,55,4.4295,0.67950004,0.0,12.979984,3.0,78.32087,1021.72217,13.11,Overcast
2003-02-12 21:00:00+00:00,SAMSUN,55,4.8795,2.4795,4.899999,9.826088,73.0,86.05019,1016.0144,5.16,Snow fall: Moderate
2003-02-13 21:00:00+00:00,SAMSUN,55,3.4795,0.92950004,2.2,15.496736,71.0,83.99194,1014.87225,5.46,Snow fall: Slight
2003-02-14 21:00:00+00:00,SAMSUN,55,2.5295,0.27950007,0.1,11.808878,71.0,77.12839,1018.26434,8.48,Snow fall: Slight
2003-02-15 21:00:00+00:00,SAMSUN,55,3.0795002,-4.4205,2.2,11.609651,71.0,87.33249,1024.0321,11.16,Snow fall: Slight
2003-02-16 21:00:00+00:00,SAMSUN,55,3.5795002,-1.3704998,0.3,11.119281,71.0,86.29517,1027.318,9.78,Snow fall: Slight
2003-02-17 21:00:00+00:00,SAMSUN,55,2.9295,1.0295,5.6000004,18.720001,73.0,86.88647,1013.711,5.08,Snow fall: Moderate
2003-02-18 21:00:00+00:00,SAMSUN,55,1.4295001,-0.42049998,5.0,12.661564,73.0,83.86452,1006.7447,8.82,Snow fall: Moderate
2003-02-19 21:00:00+00:00,SAMSUN,55,1.9795,-1.0704999,1.6000001,9.007196,71.0,79.82594,1007.7471,11.82,Snow fall: Slight
2003-02-20 21:00:00+00:00,SAMSUN,55,3.1295002,-4.3705,2.8000002,8.534353,73.0,81.981606,1013.9843,12.21,Snow fall: Moderate
2003-02-21 21:00:00+00:00,SAMSUN,55,1.5295,-5.0705,6.3,16.563911,73.0,87.49866,1021.3801,7.96,Snow fall: Moderate
2003-02-22 21:00:00+00:00,SAMSUN,55,2.3795002,-4.4705,1.9,8.557102,73.0,83.66071,1023.9724,13.41,Snow fall: Moderate
2003-02-23 21:00:00+00:00,SAMSUN,55,2.8795002,0.12950003,15.700001,14.372974,73.0,90.11268,1017.0362,7.26,Snow fall: Moderate
2003-02-24 21:00:00+00:00,SAMSUN,55,2.9795,1.4295001,14.600002,19.995398,73.0,89.29446,1011.9439,5.6,Snow fall: Moderate
2003-02-25 21:00:00+00:00,SAMSUN,55,2.9795,1.2295,3.0999997,21.629978,73.0,81.615395,1020.05707,8.79,Snow fall: Moderate
2003-02-26 21:00:00+00:00,SAMSUN,55,2.9795,0.5795001,0.2,14.05845,71.0,83.03425,1026.0509,10.44,Snow fall: Slight
2003-02-27 21:00:00+00:00,SAMSUN,55,5.3795,-3.0705,0.0,10.296251,3.0,84.10905,1029.5646,15.98,Overcast
2003-02-28 21:00:00+00:00,SAMSUN,55,7.2295003,-3.7704997,0.0,16.610792,2.0,80.294075,1027.0428,17.43,Partly cloudy
2003-03-01 21:00:00+00:00,SAMSUN,55,8.5795,-3.1704998,0.0,14.021525,3.0,76.03348,1019.7319,14.49,Overcast
2003-03-02 21:00:00+00:00,SAMSUN,55,7.6795,1.8795,0.2,8.404285,51.0,82.90887,1015.2344,9.22,Drizzle: Light
2003-03-03 21:00:00+00:00,SAMSUN,55,7.7295003,-0.020499945,0.0,7.0911775,3.0,89.65624,1016.48364,14.88,Overcast
2003-03-04 21:00:00+00:00,SAMSUN,55,11.4795,-1.6704998,0.0,8.587338,3.0,84.609436,1014.7482,16.24,Overcast
2003-03-05 21:00:00+00:00,SAMSUN,55,9.879499,1.5795,0.6,7.289444,51.0,88.37104,1011.82544,9.54,Drizzle: Light
2003-03-06 21:00:00+00:00,SAMSUN,55,6.0795,3.8795002,4.3,7.7043357,71.0,92.55512,1017.0141,4.46,Snow fall: Slight
2003-03-07 21:00:00+00:00,SAMSUN,55,6.3295,2.8795002,1.5000001,9.585739,71.0,89.75598,1020.70795,7.94,Snow fall: Slight
2003-03-08 21:00:00+00:00,SAMSUN,55,5.1795,2.5795,7.300001,12.371645,73.0,89.897064,1020.9873,4.49,Snow fall: Moderate
2003-03-09 21:00:00+00:00,SAMSUN,55,4.9295,2.3295,2.6999996,9.107359,73.0,86.58718,1022.6877,7.32,Snow fall: Moderate
2003-03-10 21:00:00+00:00,SAMSUN,55,4.4795,2.1795,2.4999998,10.703569,71.0,87.55764,1023.9471,6.61,Snow fall: Slight
2003-03-11 21:00:00+00:00,SAMSUN,55,5.6795,1.0795001,0.0,9.957108,71.0,80.805244,1020.3408,10.09,Snow fall: Slight
2003-03-12 21:00:00+00:00,SAMSUN,55,12.6795,0.27950007,0.1,14.021525,51.0,74.35003,1011.01227,14.92,Drizzle: Light
2003-03-13 21:00:00+00:00,SAMSUN,55,11.129499,5.5295,3.5,11.298495,53.0,89.72867,1011.9033,12.9,Drizzle: Moderate
2003-03-14 21:00:00+00:00,SAMSUN,55,6.9295,4.4795,5.7999988,11.480557,71.0,88.14127,1020.91315,6.44,Snow fall: Slight
2003-03-15 21:00:00+00:00,SAMSUN,55,5.3795,3.0295,4.2,13.830749,71.0,84.92506,1023.1181,7.66,Snow fall: Slight
2003-03-16 21:00:00+00:00,SAMSUN,55,5.3295,2.3795002,2.6000001,11.4862,73.0,79.27624,1022.7137,11.49,Snow fall: Moderate
2003-03-17 21:00:00+00:00,SAMSUN,55,4.0295,1.4795,5.5,11.304229,73.0,77.56014,1012.6314,7.75,Snow fall: Moderate
2003-03-18 21:00:00+00:00,SAMSUN,55,7.1795,2.2295,5.9999995,15.281989,73.0,79.94836,1009.3566,15.56,Snow fall: Moderate
2003-03-19 21:00:00+00:00,SAMSUN,55,6.3295,1.2295,4.1,7.2359104,73.0,86.55124,1011.34424,15.96,Snow fall: Moderate
2003-03-20 21:00:00+00:00,SAMSUN,55,12.5295,0.42950004,5.3,19.576189,75.0,75.19321,1009.60626,18.55,Snow fall: Heavy
2003-03-21 21:00:00+00:00,SAMSUN,55,1.2295,-3.9204998,9.800001,13.896187,73.0,83.72262,1020.5708,12.52,Snow fall: Moderate
2003-03-22 21:00:00+00:00,SAMSUN,55,1.5795,-8.420501,1.2,13.207634,71.0,80.44511,1022.7478,18.02,Snow fall: Slight
2003-03-23 21:00:00+00:00,SAMSUN,55,2.6295002,-2.8704998,9.799999,20.991426,73.0,79.57361,1018.4079,9.83,Snow fall: Moderate
2003-03-24 21:00:00+00:00,SAMSUN,55,4.2295,0.12950003,0.4,18.72,71.0,80.93153,1016.32446,13.59,Snow fall: Slight
2003-03-25 21:00:00+00:00,SAMSUN,55,5.7795,1.2295,0.0,22.218153,3.0,80.4459,1015.5693,13.39,Overcast
2003-03-26 21:00:00+00:00,SAMSUN,55,5.8795,-0.57049996,4.2,15.530151,73.0,85.66901,1022.49347,15.72,Snow fall: Moderate
2003-03-27 21:00:00+00:00,SAMSUN,55,6.4295,-1.1204998,0.0,14.007655,2.0,76.270096,1023.50287,20.14,Partly cloudy
2003-03-28 21:00:00+00:00,SAMSUN,55,5.4795003,0.7795,0.0,13.363711,71.0,75.16925,1020.9387,14.3,Snow fall: Slight
2003-03-29 21:00:00+00:00,SAMSUN,55,9.2295,-0.6705,0.0,14.081478,2.0,79.83832,1018.742,22.22,Partly cloudy
2003-03-30 21:00:00+00:00,SAMSUN,55,13.129499,-0.17049998,0.0,10.805998,3.0,78.627235,1014.4305,22.58,Overcast
2003-03-31 21:00:00+00:00,SAMSUN,55,17.4795,2.5795,0.8,15.39184,51.0,74.85996,1013.90546,20.44,Drizzle: Light
2003-04-01 21:00:00+00:00,SAMSUN,55,8.9795,3.7795,4.2,15.141414,71.0,83.74532,1018.1343,14.71,Snow fall: Slight
2003-04-02 21:00:00+00:00,SAMSUN,55,18.779501,5.3795,8.599999,15.941944,61.0,84.41955,1007.5325,19.56,Rain: Slight
2003-04-03 21:00:00+00:00,SAMSUN,55,10.2295,6.5295,6.5,10.703569,61.0,95.70756,1012.2087,10.56,Rain: Slight
2003-04-04 21:00:00+00:00,SAMSUN,55,12.2295,6.7795,1.7,15.226764,53.0,93.551765,1002.2465,16.39,Drizzle: Moderate
2003-04-05 21:00:00+00:00,SAMSUN,55,13.5295,6.0795,3.3000002,21.485697,53.0,76.51261,997.2529,14.94,Drizzle: Moderate
2003-04-06 21:00:00+00:00,SAMSUN,55,9.4295,5.7295003,0.6,12.864649,71.0,88.65313,1008.6901,11.53,Snow fall: Slight
2003-04-07 21:00:00+00:00,SAMSUN,55,18.029501,4.1795,1.0,16.766108,71.0,73.97426,1008.58496,21.11,Snow fall: Slight
2003-04-08 21:00:00+00:00,SAMSUN,55,6.6795,3.1295002,4.4,13.797913,73.0,75.13791,1021.73944,12.15,Snow fall: Moderate
2003-04-09 21:00:00+00:00,SAMSUN,55,9.0295,1.9795,0.0,15.596767,3.0,79.65031,1024.2444,17.54,Overcast
2003-04-10 21:00:00+00:00,SAMSUN,55,12.129499,0.32950002,0.0,12.904882,3.0,84.45209,1022.3296,23.73,Overcast
2003-04-11 21:00:00+00:00,SAMSUN,55,13.4795,3.9295,0.0,11.019764,3.0,83.96703,1018.3532,23.45,Overcast
2003-04-12 21:00:00+00:00,SAMSUN,55,14.2295,4.0295,0.0,11.753877,0.0,80.798454,1011.60455,24.19,Clear sky
2003-04-13 21:00:00+00:00,SAMSUN,55,13.9795,6.5295,0.0,11.019764,1.0,77.15143,1007.5933,23.79,Mainly clear
2003-04-14 21:00:00+00:00,SAMSUN,55,14.5295,4.3295,0.0,15.941944,1.0,76.04096,1009.8635,23.98,Mainly clear
2003-04-15 21:00:00+00:00,SAMSUN,55,12.4795,5.4795003,0.0,15.484185,3.0,84.77831,1015.77466,17.76,Overcast
2003-04-16 21:00:00+00:00,SAMSUN,55,10.379499,6.2795,0.0,12.303366,3.0,88.043335,1017.96344,13.38,Overcast
2003-04-17 21:00:00+00:00,SAMSUN,55,10.129499,5.2795,4.5,11.384199,53.0,87.52365,1013.0484,10.38,Drizzle: Moderate
2003-04-18 21:00:00+00:00,SAMSUN,55,15.6795,6.1295,8.8,11.525623,61.0,91.747444,1002.30536,18.16,Rain: Slight
2003-04-19 21:00:00+00:00,SAMSUN,55,9.629499,7.4295,6.800001,16.87398,53.0,87.55542,1006.22656,4.09,Drizzle: Moderate
2003-04-20 21:00:00+00:00,SAMSUN,55,10.2295,6.7795,0.0,17.935081,3.0,74.08322,1014.38055,10.53,Overcast
2003-04-21 21:00:00+00:00,SAMSUN,55,12.629499,3.9295,0.0,12.261157,3.0,76.055595,1015.04395,21.42,Overcast
2003-04-22 21:00:00+00:00,SAMSUN,55,15.4795,2.1795,4.4,7.5942073,53.0,85.11355,1011.2568,21.34,Drizzle: Moderate
2003-04-23 21:00:00+00:00,SAMSUN,55,13.7795,7.5295,8.299999,11.726277,55.0,91.37542,1010.2978,17.56,Drizzle: Dense
2003-04-24 21:00:00+00:00,SAMSUN,55,9.329499,7.8295,9.700001,12.819235,55.0,88.52896,1009.8465,3.7,Drizzle: Dense
2003-04-25 21:00:00+00:00,SAMSUN,55,13.0295,7.7295003,2.2000003,22.884789,51.0,78.117004,1012.91656,18.53,Drizzle: Light
2003-04-26 21:00:00+00:00,SAMSUN,55,9.9795,4.8795,0.0,17.313717,3.0,71.69689,1021.7112,22.82,Overcast
2003-04-27 21:00:00+00:00,SAMSUN,55,13.1795,0.72950006,0.0,13.493999,0.0,73.80562,1019.0852,27.15,Clear sky
2003-04-28 21:00:00+00:00,SAMSUN,55,15.7795,3.0795002,0.6,13.450708,51.0,77.48432,1019.8968,25.7,Drizzle: Light
2003-04-29 21:00:00+00:00,SAMSUN,55,15.7295,5.4295,0.0,11.480557,2.0,82.64875,1024.3802,23.58,Partly cloudy
2003-04-30 21:00:00+00:00,SAMSUN,55,16.6295,5.3795,0.0,12.031756,2.0,84.89625,1023.7476,26.43,Partly cloudy
2003-05-01 21:00:00+00:00,SAMSUN,55,18.529501,5.2795,0.0,9.021574,1.0,78.52516,1021.0573,26.7,Mainly clear
2003-05-02 21:00:00+00:00,SAMSUN,55,21.5795,7.9295,0.0,9.531505,0.0,73.82571,1018.36505,26.59,Clear sky
2003-05-03 21:00:00+00:00,SAMSUN,55,23.6795,10.129499,0.0,9.19939,2.0,78.43327,1016.14655,25.59,Partly cloudy
2003-05-04 21:00:00+00:00,SAMSUN,55,18.9795,11.7295,0.0,11.770403,3.0,75.76813,1018.876,24.29,Overcast
2003-05-05 21:00:00+00:00,SAMSUN,55,15.629499,8.7295,0.0,16.520823,3.0,82.80062,1021.32,25.26,Overcast
2003-05-06 21:00:00+00:00,SAMSUN,55,14.7295,5.9295,0.0,11.440978,2.0,75.81199,1023.6551,21.92,Partly cloudy
2003-05-07 21:00:00+00:00,SAMSUN,55,16.4295,5.0795,0.0,13.049689,0.0,77.51746,1020.8189,27.28,Clear sky
2003-05-08 21:00:00+00:00,SAMSUN,55,20.529501,6.1295,0.0,10.514218,0.0,77.197945,1017.96387,27.69,Clear sky
2003-05-09 21:00:00+00:00,SAMSUN,55,19.4795,10.2795,0.0,11.246759,0.0,72.80719,1018.9036,27.2,Clear sky
2003-05-10 21:00:00+00:00,SAMSUN,55,19.4295,7.4795003,0.0,11.384198,1.0,77.26403,1018.6458,27.8,Mainly clear
2003-05-11 21:00:00+00:00,SAMSUN,55,21.279501,8.629499,0.0,9.686609,0.0,73.84909,1016.0745,27.76,Clear sky
2003-05-12 21:00:00+00:00,SAMSUN,55,22.379501,10.7795,0.0,11.808878,2.0,69.60119,1013.6235,27.62,Partly cloudy
2003-05-13 21:00:00+00:00,SAMSUN,55,22.3295,11.0295,0.0,12.096214,3.0,77.25021,1009.47144,25.95,Overcast
2003-05-14 21:00:00+00:00,SAMSUN,55,23.279501,12.829499,0.0,11.090103,3.0,80.75966,1007.648,25.36,Overcast
2003-05-15 21:00:00+00:00,SAMSUN,55,22.0795,13.2295,0.2,12.661564,51.0,84.03525,1010.08154,24.19,Drizzle: Light
2003-05-16 21:00:00+00:00,SAMSUN,55,21.9795,13.0295,0.3,16.167967,51.0,83.62496,1015.3947,25.3,Drizzle: Light
2003-05-17 21:00:00+00:00,SAMSUN,55,19.4795,13.7795,0.0,13.527572,3.0,84.11029,1016.4426,23.95,Overcast
2003-05-18 21:00:00+00:00,SAMSUN,55,20.529501,10.629499,0.0,11.720751,1.0,80.32343,1014.54584,27.85,Mainly clear
2003-05-19 21:00:00+00:00,SAMSUN,55,19.5795,11.379499,0.0,12.7279215,3.0,82.534195,1015.8152,25.64,Overcast
2003-05-20 21:00:00+00:00,SAMSUN,55,20.029501,11.9795,0.3,13.009903,51.0,87.27912,1013.28546,23.06,Drizzle: Light
2003-05-21 21:00:00+00:00,SAMSUN,55,22.529501,13.5295,0.8,10.464797,53.0,87.31594,1009.4333,24.17,Drizzle: Moderate
2003-05-22 21:00:00+00:00,SAMSUN,55,22.529501,14.4795,0.0,11.019764,3.0,84.51602,1009.115,24.65,Overcast
2003-05-23 21:00:00+00:00,SAMSUN,55,22.3295,14.079499,0.5,13.849477,51.0,87.5748,1008.4445,26.28,Drizzle: Light
2003-05-24 21:00:00+00:00,SAMSUN,55,20.879501,13.7795,1.7,14.05845,53.0,89.52958,1008.97284,20.61,Drizzle: Moderate
2003-05-25 21:00:00+00:00,SAMSUN,55,20.0795,15.129499,8.2,12.074766,61.0,89.43409,1011.5307,16.92,Rain: Slight
2003-05-26 21:00:00+00:00,SAMSUN,55,19.9795,14.7295,4.4999995,11.298495,53.0,85.98298,1011.8586,16.11,Drizzle: Moderate
2003-05-27 21:00:00+00:00,SAMSUN,55,20.879501,13.129499,0.1,14.386494,51.0,86.48217,1008.7154,22.23,Drizzle: Light
2003-05-28 21:00:00+00:00,SAMSUN,55,19.6795,14.629499,2.6,13.049689,53.0,90.22169,1005.2153,16.24,Drizzle: Moderate
2003-05-29 21:00:00+00:00,SAMSUN,55,17.4295,16.279501,16.4,11.269782,61.0,94.77926,1003.55975,6.09,Rain: Slight
2003-05-30 21:00:00+00:00,SAMSUN,55,19.879501,15.0295,0.8,22.870626,51.0,78.72315,1008.85504,23.46,Drizzle: Light
2003-05-31 21:00:00+00:00,SAMSUN,55,20.4795,12.879499,0.0,10.1887,1.0,70.85871,1012.61127,28.68,Mainly clear
2003-06-01 21:00:00+00:00,SAMSUN,55,20.879501,9.7795,0.0,12.738099,2.0,79.03001,1011.54425,28.78,Partly cloudy
2003-06-02 21:00:00+00:00,SAMSUN,55,20.529501,11.4295,0.0,11.631956,3.0,76.99023,1013.66113,28.04,Overcast
2003-06-03 21:00:00+00:00,SAMSUN,55,19.9795,12.129499,0.4,13.797912,51.0,81.66749,1017.1408,24.48,Drizzle: Light
2003-06-04 21:00:00+00:00,SAMSUN,55,19.4795,13.129499,0.2,12.979984,51.0,72.27275,1021.5012,25.2,Drizzle: Light
2003-06-05 21:00:00+00:00,SAMSUN,55,19.7295,11.329499,0.0,13.905509,1.0,72.17918,1019.0549,28.79,Mainly clear
2003-06-06 21:00:00+00:00,SAMSUN,55,22.779501,10.579499,0.0,11.720751,0.0,74.905846,1013.78467,29.4,Clear sky
2003-06-07 21:00:00+00:00,SAMSUN,55,23.5795,11.6795,0.0,10.44,0.0,69.326126,1013.7679,29.25,Clear sky
2003-06-08 21:00:00+00:00,SAMSUN,55,22.779501,17.0795,0.0,13.044722,0.0,70.547356,1014.8613,28.9,Clear sky
2003-06-09 21:00:00+00:00,SAMSUN,55,24.0795,13.079499,0.0,14.003029,0.0,75.50944,1013.62616,28.85,Clear sky
2003-06-10 21:00:00+00:00,SAMSUN,55,24.0795,15.129499,0.0,18.94024,3.0,77.487175,1012.2587,28.29,Overcast
2003-06-11 21:00:00+00:00,SAMSUN,55,25.129501,14.879499,0.0,14.417988,0.0,74.4899,1012.1179,28.74,Clear sky
2003-06-12 21:00:00+00:00,SAMSUN,55,24.7295,16.5795,1.0,19.353138,51.0,78.233536,1013.6663,25.01,Drizzle: Light
2003-06-13 21:00:00+00:00,SAMSUN,55,23.7295,14.2795,0.0,11.525623,0.0,72.14071,1014.04004,29.29,Clear sky
2003-06-14 21:00:00+00:00,SAMSUN,55,24.7295,13.129499,0.0,12.229406,0.0,65.76867,1011.88446,29.02,Clear sky
2003-06-15 21:00:00+00:00,SAMSUN,55,24.879501,16.2295,0.0,14.345898,1.0,72.61169,1007.304,28.76,Mainly clear
2003-06-16 21:00:00+00:00,SAMSUN,55,25.2295,15.7295,0.4,18.692286,51.0,80.43728,1005.7803,25.24,Drizzle: Light
2003-06-17 21:00:00+00:00,SAMSUN,55,20.4795,16.1795,1.3000001,13.246826,51.0,73.467384,1015.112,19.7,Drizzle: Light
2003-06-18 21:00:00+00:00,SAMSUN,55,21.529501,13.2795,0.0,17.298738,2.0,71.71575,1013.253,27.66,Partly cloudy
2003-06-19 21:00:00+00:00,SAMSUN,55,22.529501,12.5295,0.0,12.879752,1.0,68.8266,1009.6897,29.21,Mainly clear
2003-06-20 21:00:00+00:00,SAMSUN,55,23.6795,12.7295,0.0,13.896187,3.0,72.548065,1006.74457,28.87,Overcast
2003-06-21 21:00:00+00:00,SAMSUN,55,23.5795,14.129499,0.3,16.56,51.0,76.58955,1008.93756,26.8,Drizzle: Light
2003-06-22 21:00:00+00:00,SAMSUN,55,22.6795,15.379499,0.0,14.565548,2.0,72.07495,1014.6387,25.75,Partly cloudy
2003-06-23 21:00:00+00:00,SAMSUN,55,22.779501,13.7795,0.0,16.071491,1.0,70.572205,1016.9925,26.66,Mainly clear
2003-06-24 21:00:00+00:00,SAMSUN,55,25.9795,12.2295,0.0,12.245293,0.0,68.45345,1012.4484,29.69,Clear sky
2003-06-25 21:00:00+00:00,SAMSUN,55,28.2295,15.1795,1.2,15.683776,51.0,71.74343,1005.5681,26.91,Drizzle: Light
2003-06-26 21:00:00+00:00,SAMSUN,55,22.529501,18.129501,0.2,11.4862,51.0,74.19692,1009.83984,20.81,Drizzle: Light
2003-06-27 21:00:00+00:00,SAMSUN,55,23.529501,16.8295,0.0,13.004922,0.0,70.35645,1011.1401,27.89,Clear sky
2003-06-28 21:00:00+00:00,SAMSUN,55,24.5795,15.7295,0.0,13.004922,0.0,67.900795,1012.0794,28.79,Clear sky
2003-06-29 21:00:00+00:00,SAMSUN,55,24.1795,15.2295,0.0,14.264361,3.0,70.85552,1009.4152,28.8,Overcast
2003-06-30 21:00:00+00:00,SAMSUN,55,23.4295,15.2795,0.0,14.773164,3.0,73.77972,1006.40985,24.8,Overcast
2003-07-01 21:00:00+00:00,SAMSUN,55,26.9295,13.879499,0.0,13.009903,3.0,67.62469,1007.5044,29.15,Overcast
2003-07-02 21:00:00+00:00,SAMSUN,55,29.4795,16.8795,0.0,15.379206,0.0,73.49422,1008.96027,29.17,Clear sky
2003-07-03 21:00:00+00:00,SAMSUN,55,29.529501,18.8295,0.0,12.10157,0.0,73.220894,1007.8779,28.88,Clear sky
2003-07-04 21:00:00+00:00,SAMSUN,55,29.2295,18.779501,0.0,14.118243,0.0,68.96078,1005.4405,28.82,Clear sky
2003-07-05 21:00:00+00:00,SAMSUN,55,30.629501,18.4795,3.3,25.455843,61.0,74.28961,1003.06104,25.4,Rain: Slight
2003-07-06 21:00:00+00:00,SAMSUN,55,24.279501,18.629501,0.2,17.339897,51.0,76.37748,1008.3327,22.31,Drizzle: Light
2003-07-07 21:00:00+00:00,SAMSUN,55,23.6795,16.9795,0.2,13.527572,51.0,75.21251,1006.26025,22.02,Drizzle: Light
2003-07-08 21:00:00+00:00,SAMSUN,55,23.9295,16.9795,0.8,14.973577,53.0,76.759285,1007.20807,20.51,Drizzle: Moderate
2003-07-09 21:00:00+00:00,SAMSUN,55,24.7295,17.7295,0.0,14.982228,2.0,67.542046,1011.2482,23.16,Partly cloudy
2003-07-10 21:00:00+00:00,SAMSUN,55,25.879501,17.029501,0.0,15.03835,1.0,74.50251,1011.326,26.07,Mainly clear
2003-07-11 21:00:00+00:00,SAMSUN,55,25.8295,17.9795,0.2,17.057314,51.0,79.6955,1010.05396,25.07,Drizzle: Light
2003-07-12 21:00:00+00:00,SAMSUN,55,23.4795,19.7295,0.0,9.290511,3.0,74.552284,1012.5147,13.37,Overcast
2003-07-13 21:00:00+00:00,SAMSUN,55,26.3295,16.3795,0.0,17.076298,2.0,75.95092,1009.459,26.78,Partly cloudy
2003-07-14 21:00:00+00:00,SAMSUN,55,25.4795,18.9295,0.3,15.277749,51.0,79.93828,1009.40985,20.07,Drizzle: Light
2003-07-15 21:00:00+00:00,SAMSUN,55,23.629501,20.2295,1.6000003,9.114471,51.0,75.71595,1011.2232,11.87,Drizzle: Light
2003-07-16 21:00:00+00:00,SAMSUN,55,24.7295,17.2295,0.1,11.91812,51.0,72.76983,1010.52716,23.43,Drizzle: Light
2003-07-17 21:00:00+00:00,SAMSUN,55,24.6795,18.029501,2.6999998,14.458382,55.0,76.66974,1009.11816,20.45,Drizzle: Dense
2003-07-18 21:00:00+00:00,SAMSUN,55,23.8295,18.279501,0.90000004,14.408997,51.0,80.14065,1010.451,19.91,Drizzle: Light
2003-07-19 21:00:00+00:00,SAMSUN,55,24.1795,18.129501,1.3000001,14.77755,51.0,80.617546,1012.1186,19.03,Drizzle: Light
2003-07-20 21:00:00+00:00,SAMSUN,55,24.5795,18.1795,2.5000002,17.654688,51.0,81.01669,1013.9179,20.46,Drizzle: Light
2003-07-21 21:00:00+00:00,SAMSUN,55,25.879501,19.2295,0.3,20.49156,51.0,76.06993,1013.2664,23.01,Drizzle: Light
2003-07-22 21:00:00+00:00,SAMSUN,55,24.6795,20.529501,5.7,23.277834,53.0,79.154785,1010.7837,17.56,Drizzle: Moderate
2003-07-23 21:00:00+00:00,SAMSUN,55,24.9295,20.1795,0.5,17.581125,51.0,74.49726,1009.85065,21.1,Drizzle: Light
2003-07-24 21:00:00+00:00,SAMSUN,55,24.129501,19.129501,0.6,19.64228,51.0,75.69121,1008.25635,20.34,Drizzle: Light
2003-07-25 21:00:00+00:00,SAMSUN,55,24.029501,19.1795,1.9000001,18.837322,51.0,78.15067,1007.07794,15.2,Drizzle: Light
2003-07-26 21:00:00+00:00,SAMSUN,55,23.3295,19.8295,4.2000003,19.576189,53.0,83.128914,1008.6494,15.65,Drizzle: Moderate
2003-07-27 21:00:00+00:00,SAMSUN,55,23.529501,19.879501,4.3,20.46941,53.0,81.185234,1009.4314,15.15,Drizzle: Moderate
2003-07-28 21:00:00+00:00,SAMSUN,55,24.379501,18.9295,2.3000002,12.9249525,53.0,78.32179,1009.257,19.18,Drizzle: Moderate
2003-07-29 21:00:00+00:00,SAMSUN,55,24.879501,18.2295,7.5,12.864649,61.0,87.0133,1007.44965,20.44,Rain: Slight
2003-07-30 21:00:00+00:00,SAMSUN,55,25.3295,19.029501,0.2,12.224107,51.0,83.3696,1007.01874,21.46,Drizzle: Light
2003-07-31 21:00:00+00:00,SAMSUN,55,26.3295,18.7295,0.0,13.0447235,2.0,83.523994,1008.2989,24.19,Partly cloudy
2003-08-01 21:00:00+00:00,SAMSUN,55,25.379501,20.129501,0.6,11.966954,51.0,83.91023,1012.7695,16.92,Drizzle: Light
2003-08-02 21:00:00+00:00,SAMSUN,55,25.779501,20.9295,0.0,12.599998,2.0,78.868385,1013.87665,21.43,Partly cloudy
2003-08-03 21:00:00+00:00,SAMSUN,55,25.879501,19.129501,0.0,13.009903,2.0,78.29723,1013.2513,21.29,Partly cloudy
2003-08-04 21:00:00+00:00,SAMSUN,55,25.3295,18.5795,0.0,12.783802,2.0,79.460335,1012.19403,17.55,Partly cloudy
2003-08-05 21:00:00+00:00,SAMSUN,55,25.9795,18.1795,0.0,14.154915,3.0,76.93714,1013.1983,21.51,Overcast
2003-08-06 21:00:00+00:00,SAMSUN,55,25.779501,18.6795,0.0,14.021525,2.0,80.7004,1012.48883,19.54,Partly cloudy
2003-08-07 21:00:00+00:00,SAMSUN,55,25.029501,19.629501,0.8000001,14.561099,51.0,81.80397,1012.3064,16.12,Drizzle: Light
2003-08-08 21:00:00+00:00,SAMSUN,55,25.2295,19.7295,0.0,12.979984,2.0,74.11105,1011.196,15.92,Partly cloudy
2003-08-09 21:00:00+00:00,SAMSUN,55,26.279501,18.029501,0.0,13.004922,3.0,79.734665,1009.4289,24.58,Overcast
2003-08-10 21:00:00+00:00,SAMSUN,55,25.379501,19.7295,0.3,13.708391,51.0,80.85446,1008.68353,15.74,Drizzle: Light
2003-08-11 21:00:00+00:00,SAMSUN,55,24.3295,19.4295,0.70000005,16.58346,51.0,73.69915,1015.08344,20.11,Drizzle: Light
2003-08-12 21:00:00+00:00,SAMSUN,55,24.029501,15.9295,0.0,14.081477,1.0,65.12618,1017.0245,22.5,Mainly clear
2003-08-13 21:00:00+00:00,SAMSUN,55,24.779501,15.379499,0.0,12.24,2.0,69.037735,1013.4655,23.22,Partly cloudy
2003-08-14 21:00:00+00:00,SAMSUN,55,25.7295,15.329499,0.0,14.081477,0.0,71.388466,1013.3199,25.5,Clear sky
2003-08-15 21:00:00+00:00,SAMSUN,55,26.1795,16.1295,0.0,14.277983,0.0,73.60062,1012.31665,25.33,Clear sky
2003-08-16 21:00:00+00:00,SAMSUN,55,26.279501,17.629501,0.0,13.708391,3.0,78.440796,1015.09625,22.45,Overcast
2003-08-17 21:00:00+00:00,SAMSUN,55,26.0795,18.629501,1.3000001,16.203999,51.0,79.42295,1016.82513,19.14,Drizzle: Light
2003-08-18 21:00:00+00:00,SAMSUN,55,25.5795,19.529501,0.8,18.228943,51.0,73.36135,1015.6611,18.46,Drizzle: Light
2003-08-19 21:00:00+00:00,SAMSUN,55,25.779501,18.129501,0.0,14.044615,1.0,71.248474,1011.74054,21.62,Mainly clear
2003-08-20 21:00:00+00:00,SAMSUN,55,25.9295,19.3295,0.0,19.809813,2.0,74.150734,1009.7281,17.58,Partly cloudy
2003-08-21 21:00:00+00:00,SAMSUN,55,25.8295,19.8295,0.2,19.211996,51.0,71.20847,1011.5467,18.13,Drizzle: Light
2003-08-22 21:00:00+00:00,SAMSUN,55,25.529501,19.529501,0.0,17.643673,1.0,75.28015,1013.16754,20.01,Mainly clear
2003-08-23 21:00:00+00:00,SAMSUN,55,25.9295,16.529501,0.0,13.217443,3.0,75.37237,1011.27985,22.86,Overcast
2003-08-24 21:00:00+00:00,SAMSUN,55,26.779501,17.029501,0.0,14.007655,3.0,77.764336,1007.685,23.83,Overcast
2003-08-25 21:00:00+00:00,SAMSUN,55,27.129501,16.7295,0.0,12.819235,2.0,79.55799,1007.14795,23.4,Partly cloudy
2003-08-26 21:00:00+00:00,SAMSUN,55,26.7295,17.9295,0.0,14.021525,3.0,80.47049,1009.14813,22.55,Overcast
2003-08-27 21:00:00+00:00,SAMSUN,55,28.029501,18.8295,0.0,11.770403,2.0,78.90816,1007.79913,22.93,Partly cloudy
2003-08-28 21:00:00+00:00,SAMSUN,55,27.9795,19.529501,0.0,13.084402,3.0,76.63321,1013.19476,21.72,Overcast
2003-08-29 21:00:00+00:00,SAMSUN,55,29.1795,19.5795,0.0,12.4811535,0.0,75.00977,1012.1101,22.1,Clear sky
2003-08-30 21:00:00+00:00,SAMSUN,55,29.779501,18.279501,0.0,11.983188,0.0,76.395836,1008.0764,22.96,Clear sky
2003-08-31 21:00:00+00:00,SAMSUN,55,31.8295,18.4295,0.0,14.345898,0.0,72.286,1004.4378,22.64,Clear sky
2003-09-01 21:00:00+00:00,SAMSUN,55,25.7295,20.279501,5.1,17.283749,53.0,81.8431,1010.2273,14.14,Drizzle: Moderate
2003-09-02 21:00:00+00:00,SAMSUN,55,23.129501,20.029501,5.5999994,10.990322,53.0,84.00226,1012.634,8.27,Drizzle: Moderate
2003-09-03 21:00:00+00:00,SAMSUN,55,23.029501,16.279501,6.1000004,31.32207,61.0,78.859024,1012.3017,8.85,Rain: Slight
2003-09-04 21:00:00+00:00,SAMSUN,55,16.0795,14.879499,33.099995,21.26744,61.0,87.940125,1014.7253,2.53,Rain: Slight
2003-09-05 21:00:00+00:00,SAMSUN,55,18.529501,14.129499,17.100002,15.072783,61.0,81.007614,1015.2939,14.52,Rain: Slight
2003-09-06 21:00:00+00:00,SAMSUN,55,18.9295,11.9795,1.8000001,18.328207,53.0,82.13328,1017.4283,16.57,Drizzle: Moderate
2003-09-07 21:00:00+00:00,SAMSUN,55,19.379501,13.7795,0.1,10.233123,51.0,76.6092,1016.74286,15.79,Drizzle: Light
2003-09-08 21:00:00+00:00,SAMSUN,55,24.5795,11.7795,0.0,12.413476,3.0,76.23673,1010.83276,20.7,Overcast
2003-09-09 21:00:00+00:00,SAMSUN,55,23.529501,16.3795,0.0,11.440979,2.0,80.700005,1011.3144,17.93,Partly cloudy
2003-09-10 21:00:00+00:00,SAMSUN,55,24.529501,17.029501,6.8999996,12.245293,61.0,86.25547,1007.7534,17.25,Rain: Slight
2003-09-11 21:00:00+00:00,SAMSUN,55,22.879501,18.279501,11.699999,10.495713,61.0,89.18305,1005.75757,14.4,Rain: Slight
2003-09-12 21:00:00+00:00,SAMSUN,55,22.879501,17.4295,1.4,10.787993,51.0,87.51264,1008.8619,16.09,Drizzle: Light
2003-09-13 21:00:00+00:00,SAMSUN,55,23.4795,18.129501,0.0,11.709688,3.0,88.018776,1012.23517,11.24,Overcast
2003-09-14 21:00:00+00:00,SAMSUN,55,21.5795,18.7295,1.0,11.874544,51.0,89.40716,1016.58887,10.16,Drizzle: Light
2003-09-15 21:00:00+00:00,SAMSUN,55,20.879501,17.279501,2.1000001,12.682018,51.0,89.36639,1015.6668,11.58,Drizzle: Light
2003-09-16 21:00:00+00:00,SAMSUN,55,18.3295,16.9295,11.1,13.479583,55.0,91.25672,1013.30023,3.42,Drizzle: Dense
2003-09-17 21:00:00+00:00,SAMSUN,55,21.279501,16.1795,0.2,21.897945,51.0,73.547615,1015.7504,15.74,Drizzle: Light
2003-09-18 21:00:00+00:00,SAMSUN,55,18.5795,14.379499,2.4,13.570615,51.0,84.02407,1019.50397,13.57,Drizzle: Light
2003-09-19 21:00:00+00:00,SAMSUN,55,19.4795,13.329499,1.6000001,16.73516,51.0,82.86657,1022.34375,13.63,Drizzle: Light
2003-09-20 21:00:00+00:00,SAMSUN,55,20.629501,14.7295,0.0,10.137692,2.0,77.974434,1023.0459,15.58,Partly cloudy
2003-09-21 21:00:00+00:00,SAMSUN,55,20.2295,12.6795,0.0,12.879752,2.0,83.77526,1022.157,14.63,Partly cloudy
2003-09-22 21:00:00+00:00,SAMSUN,55,21.4295,14.579499,0.0,11.681987,2.0,83.74923,1017.13824,14.97,Partly cloudy
2003-09-23 21:00:00+00:00,SAMSUN,55,22.129501,15.0295,0.0,10.44,3.0,85.854,1014.3936,18.22,Overcast
2003-09-24 21:00:00+00:00,SAMSUN,55,21.379501,15.2795,0.0,11.609651,3.0,85.23736,1016.37946,15.79,Overcast
2003-09-25 21:00:00+00:00,SAMSUN,55,20.9295,15.7295,0.0,12.261157,3.0,83.93576,1018.5556,13.52,Overcast
2003-09-26 21:00:00+00:00,SAMSUN,55,19.9295,13.9295,0.0,10.703569,3.0,84.28431,1016.84894,9.82,Overcast
2003-09-27 21:00:00+00:00,SAMSUN,55,20.879501,14.0295,0.0,10.829959,3.0,83.22085,1017.0097,14.98,Overcast
2003-09-28 21:00:00+00:00,SAMSUN,55,20.5795,13.329499,0.0,10.630672,3.0,84.825455,1014.9555,16.76,Overcast
2003-09-29 21:00:00+00:00,SAMSUN,55,21.2295,13.579499,0.0,11.966953,3.0,83.26323,1011.93994,17.28,Overcast
2003-09-30 21:00:00+00:00,SAMSUN,55,19.5795,14.7295,0.0,10.296251,3.0,83.71914,1011.8325,9.38,Overcast
2003-10-01 21:00:00+00:00,SAMSUN,55,20.1795,13.6795,0.0,12.6462,3.0,84.63621,1013.0441,11.68,Overcast
2003-10-02 21:00:00+00:00,SAMSUN,55,20.4795,14.379499,0.0,10.00256,2.0,83.232285,1013.0959,12.62,Partly cloudy
2003-10-03 21:00:00+00:00,SAMSUN,55,22.1795,13.1795,0.0,10.137692,3.0,86.48038,1013.04706,16.04,Overcast
2003-10-04 21:00:00+00:00,SAMSUN,55,29.379501,15.0295,0.0,16.299694,3.0,64.67798,1011.52216,16.63,Overcast
2003-10-05 21:00:00+00:00,SAMSUN,55,31.2295,17.629501,0.0,15.1884165,1.0,58.005466,1010.49927,16.46,Mainly clear
2003-10-06 21:00:00+00:00,SAMSUN,55,21.4295,16.7295,0.0,15.192682,3.0,76.659645,1014.08,12.44,Overcast
2003-10-07 21:00:00+00:00,SAMSUN,55,22.5795,15.4295,0.0,9.360001,3.0,86.12234,1006.7349,14.13,Overcast
2003-10-08 21:00:00+00:00,SAMSUN,55,31.129501,14.9795,3.6999998,17.81909,61.0,67.35455,1002.2116,15.21,Rain: Slight
2003-10-09 21:00:00+00:00,SAMSUN,55,16.3295,14.1795,13.9,12.55879,61.0,84.99297,1014.69824,4.59,Rain: Slight
2003-10-10 21:00:00+00:00,SAMSUN,55,14.329499,11.7795,29.8,19.134262,61.0,88.81008,1018.9864,1.99,Rain: Slight
2003-10-11 21:00:00+00:00,SAMSUN,55,16.279501,10.0295,0.0,9.178235,3.0,79.511406,1019.83594,10.62,Overcast
2003-10-12 21:00:00+00:00,SAMSUN,55,17.2295,9.4295,0.0,8.707237,2.0,81.92359,1017.8816,11.24,Partly cloudy
2003-10-13 21:00:00+00:00,SAMSUN,55,16.3295,11.6795,0.3,7.8625183,51.0,86.3157,1020.6592,5.66,Drizzle: Light
2003-10-14 21:00:00+00:00,SAMSUN,55,17.4795,13.629499,0.3,10.495713,51.0,85.20205,1020.039,5.39,Drizzle: Light
2003-10-15 21:00:00+00:00,SAMSUN,55,18.279501,14.5295,0.3,11.183201,51.0,84.36436,1018.03375,8.49,Drizzle: Light
2003-10-16 21:00:00+00:00,SAMSUN,55,17.3295,13.6795,0.5,7.7879906,51.0,85.95582,1015.15894,6.0,Drizzle: Light
2003-10-17 21:00:00+00:00,SAMSUN,55,16.9295,14.0295,4.6000004,10.805998,53.0,91.47421,1015.3037,5.13,Drizzle: Moderate
2003-10-18 21:00:00+00:00,SAMSUN,55,14.629499,12.4795,6.1000004,19.386591,61.0,86.014824,1019.6819,4.4,Rain: Slight
2003-10-19 21:00:00+00:00,SAMSUN,55,21.029501,12.7795,1.9000001,12.864649,55.0,82.96212,1013.06757,10.97,Drizzle: Dense
2003-10-20 21:00:00+00:00,SAMSUN,55,27.4295,14.1795,0.0,16.1198,3.0,72.95178,1010.42926,12.34,Overcast
2003-10-21 21:00:00+00:00,SAMSUN,55,24.129501,15.329499,0.0,11.681987,3.0,76.74062,1013.9565,13.03,Overcast
2003-10-22 21:00:00+00:00,SAMSUN,55,28.4295,16.3795,0.0,22.682856,3.0,60.131367,1010.68604,13.47,Overcast
2003-10-23 21:00:00+00:00,SAMSUN,55,25.6795,18.4795,0.8,11.681987,51.0,67.79177,1007.9116,8.59,Drizzle: Light
2003-10-24 21:00:00+00:00,SAMSUN,55,22.529501,13.9795,9.6,22.183128,55.0,80.439285,1008.9575,5.01,Drizzle: Dense
2003-10-25 21:00:00+00:00,SAMSUN,55,13.9795,11.329499,22.7,16.854767,61.0,91.87616,1011.83716,2.97,Rain: Slight
2003-10-26 21:00:00+00:00,SAMSUN,55,12.4295,10.7295,1.6000001,12.55879,51.0,81.44037,1014.06976,5.22,Drizzle: Light
2003-10-27 21:00:00+00:00,SAMSUN,55,11.579499,5.5295,22.000002,29.462873,73.0,87.848854,1009.4905,2.19,Snow fall: Moderate
2003-10-28 21:00:00+00:00,SAMSUN,55,7.6295,5.9295,22.2,30.018473,73.0,82.343376,1012.74774,2.4,Snow fall: Moderate
2003-10-29 21:00:00+00:00,SAMSUN,55,12.7795,7.5795,3.0,23.584808,71.0,68.14829,1013.0862,10.75,Snow fall: Slight
2003-10-30 21:00:00+00:00,SAMSUN,55,18.2295,9.2295,0.0,21.868332,3.0,63.663227,1009.5878,11.46,Overcast
2003-10-31 21:00:00+00:00,SAMSUN,55,20.0795,13.629499,0.90000004,16.981165,51.0,82.08203,1012.83966,9.82,Drizzle: Light
2003-11-01 21:00:00+00:00,SAMSUN,55,20.7295,11.7295,0.0,8.287822,2.0,87.51063,1017.1557,11.29,Partly cloudy
2003-11-02 21:00:00+00:00,SAMSUN,55,21.779501,11.379499,0.0,12.24,0.0,85.02913,1018.56714,11.72,Clear sky
2003-11-03 21:00:00+00:00,SAMSUN,55,20.779501,11.579499,0.0,7.754637,3.0,86.45028,1016.8403,11.11,Overcast
2003-11-04 21:00:00+00:00,SAMSUN,55,17.4295,10.1795,0.0,9.779817,3.0,88.8373,1016.4733,10.23,Overcast
2003-11-05 21:00:00+00:00,SAMSUN,55,13.579499,12.4295,0.1,8.311245,51.0,86.86346,1019.6242,4.21,Drizzle: Light
2003-11-06 21:00:00+00:00,SAMSUN,55,17.529501,12.379499,0.0,11.113451,3.0,88.03638,1018.4858,8.56,Overcast
2003-11-07 21:00:00+00:00,SAMSUN,55,13.579499,10.5295,0.3,15.986593,51.0,81.317696,1019.95685,3.24,Drizzle: Light
2003-11-08 21:00:00+00:00,SAMSUN,55,11.579499,8.0295,7.9000006,18.668005,53.0,82.981606,1014.1512,3.75,Drizzle: Moderate
2003-11-09 21:00:00+00:00,SAMSUN,55,9.1795,7.7795,12.399999,13.1041975,53.0,89.23029,1012.58765,3.01,Drizzle: Moderate
2003-11-10 21:00:00+00:00,SAMSUN,55,10.2295,7.4295,6.2,12.984975,55.0,82.00642,1009.34467,3.14,Drizzle: Dense
2003-11-11 21:00:00+00:00,SAMSUN,55,11.7795,7.4795003,1.6000001,14.982228,51.0,69.95792,1022.6157,8.66,Drizzle: Light
2003-11-12 21:00:00+00:00,SAMSUN,55,10.0295,4.9795003,1.1,7.771331,51.0,84.74174,1026.1826,8.12,Drizzle: Light
2003-11-13 21:00:00+00:00,SAMSUN,55,11.6795,4.5795,0.0,11.090103,3.0,79.08561,1027.9193,8.62,Overcast
2003-11-14 21:00:00+00:00,SAMSUN,55,12.2295,2.7295,0.0,8.12197,0.0,80.57645,1024.653,10.67,Clear sky
2003-11-15 21:00:00+00:00,SAMSUN,55,13.329499,4.0795,0.0,11.212135,3.0,75.475685,1023.71265,9.33,Overcast
2003-11-16 21:00:00+00:00,SAMSUN,55,15.4795,4.1295,0.0,12.783802,3.0,77.61466,1024.279,10.04,Overcast
2003-11-17 21:00:00+00:00,SAMSUN,55,14.829499,4.9295,1.0,13.684735,51.0,80.64969,1018.30615,6.39,Drizzle: Light
2003-11-18 21:00:00+00:00,SAMSUN,55,11.629499,7.5795,2.1,17.114204,53.0,75.45806,1018.48944,7.84,Drizzle: Moderate
2003-11-19 21:00:00+00:00,SAMSUN,55,14.9795,7.8295,0.3,22.473343,51.0,66.40779,1014.4285,4.61,Drizzle: Light
2003-11-20 21:00:00+00:00,SAMSUN,55,14.2795,7.5795,1.6,15.575981,53.0,82.059456,1021.82074,8.18,Drizzle: Moderate
2003-11-21 21:00:00+00:00,SAMSUN,55,17.029501,5.5795,0.0,13.570615,2.0,78.32,1022.7675,9.69,Partly cloudy
2003-11-22 21:00:00+00:00,SAMSUN,55,16.8295,7.0295,0.0,13.18308,3.0,74.03005,1020.26294,9.09,Overcast
2003-11-23 21:00:00+00:00,SAMSUN,55,15.079499,5.0795,0.0,7.754637,3.0,84.35223,1020.6614,9.51,Overcast
2003-11-24 21:00:00+00:00,SAMSUN,55,14.6795,4.1795,0.0,7.754637,3.0,86.04888,1020.29254,6.04,Overcast
2003-11-25 21:00:00+00:00,SAMSUN,55,15.9795,7.1795,0.0,9.19939,3.0,81.75475,1021.6386,9.01,Overcast
2003-11-26 21:00:00+00:00,SAMSUN,55,14.2295,6.2795,0.0,9.178235,3.0,90.79089,1019.4727,8.43,Overcast
2003-11-27 21:00:00+00:00,SAMSUN,55,13.6795,5.1795,0.0,8.891344,3.0,89.66241,1016.7282,8.06,Overcast
2003-11-28 21:00:00+00:00,SAMSUN,55,13.2295,5.4295,0.0,10.365251,3.0,91.77061,1017.77686,6.92,Overcast
2003-11-29 21:00:00+00:00,SAMSUN,55,13.9295,6.2295003,0.0,7.7043357,3.0,90.30355,1017.90186,8.3,Overcast
2003-11-30 21:00:00+00:00,SAMSUN,55,13.2295,4.3295,0.0,9.0,3.0,92.3779,1018.1504,7.92,Overcast
2003-12-01 21:00:00+00:00,SAMSUN,55,11.7795,8.5295,0.4,10.636766,51.0,87.63293,1021.37134,4.66,Drizzle: Light
2003-12-02 21:00:00+00:00,SAMSUN,55,10.4795,8.3295,2.0,10.8955765,51.0,88.42635,1022.44855,2.34,Drizzle: Light
2003-12-03 21:00:00+00:00,SAMSUN,55,9.2795,7.7795,0.6,10.464798,51.0,88.07011,1022.8337,2.98,Drizzle: Light
2003-12-04 21:00:00+00:00,SAMSUN,55,10.2295,4.7295,0.0,7.5685663,3.0,84.99131,1019.42084,4.06,Overcast
2003-12-05 21:00:00+00:00,SAMSUN,55,13.0295,4.8295,0.0,16.75064,3.0,71.84067,1010.14264,8.32,Overcast
2003-12-06 21:00:00+00:00,SAMSUN,55,14.7795,7.0795,1.6,18.171976,53.0,64.568695,1009.33356,8.34,Drizzle: Moderate
2003-12-07 21:00:00+00:00,SAMSUN,55,8.0795,5.5295,17.199997,12.413477,73.0,87.92878,1018.82513,1.61,Snow fall: Moderate
2003-12-08 21:00:00+00:00,SAMSUN,55,6.9295,4.1795,0.5,8.78872,71.0,80.3822,1022.6323,2.97,Snow fall: Slight
2003-12-09 21:00:00+00:00,SAMSUN,55,7.3795,2.5795,0.0,7.42159,3.0,82.824265,1031.0162,4.32,Overcast
2003-12-10 21:00:00+00:00,SAMSUN,55,8.5795,3.8295002,0.0,9.028754,3.0,80.69282,1030.9764,6.84,Overcast
2003-12-11 21:00:00+00:00,SAMSUN,55,10.379499,1.9795,0.0,13.281023,3.0,78.27416,1024.7742,8.47,Overcast
2003-12-12 21:00:00+00:00,SAMSUN,55,12.6795,3.3795002,0.0,15.484185,3.0,72.235634,1020.6667,7.58,Overcast
2003-12-13 21:00:00+00:00,SAMSUN,55,12.5295,5.8295,0.0,13.708391,3.0,83.51165,1014.7502,7.57,Overcast
2003-12-14 21:00:00+00:00,SAMSUN,55,13.829499,6.9295,0.2,18.86139,51.0,61.02954,1002.86115,5.25,Drizzle: Light
2003-12-15 21:00:00+00:00,SAMSUN,55,15.6795,8.129499,4.7000003,19.813087,61.0,70.546135,999.5589,5.53,Rain: Slight
2003-12-16 21:00:00+00:00,SAMSUN,55,9.629499,5.2795,20.5,25.729298,75.0,92.17216,1001.46686,2.43,Snow fall: Heavy
2003-12-17 21:00:00+00:00,SAMSUN,55,5.3795,3.6295002,7.5,21.194187,71.0,80.8334,1010.83356,3.42,Snow fall: Slight
2003-12-18 21:00:00+00:00,SAMSUN,55,6.1295,2.5295,0.3,16.215992,51.0,65.52735,1019.3919,7.17,Drizzle: Light
2003-12-19 21:00:00+00:00,SAMSUN,55,6.3295,3.1795,0.4,16.179987,71.0,64.86927,1023.3731,2.39,Snow fall: Slight
2003-12-20 21:00:00+00:00,SAMSUN,55,9.4795,2.6295002,0.0,16.485485,2.0,69.55272,1025.0785,7.89,Partly cloudy
2003-12-21 21:00:00+00:00,SAMSUN,55,10.4795,3.2295,0.0,16.92383,2.0,66.04415,1020.3724,8.1,Partly cloudy
2003-12-22 21:00:00+00:00,SAMSUN,55,11.4295,3.7295,0.0,18.709612,3.0,56.3502,1015.2473,8.07,Overcast
2003-12-23 21:00:00+00:00,SAMSUN,55,12.7295,5.3795,0.0,19.022177,3.0,61.195053,1017.8382,8.09,Overcast
2003-12-24 21:00:00+00:00,SAMSUN,55,12.1795,4.9295,0.0,13.584932,3.0,73.9175,1017.28534,5.08,Overcast
2003-12-25 21:00:00+00:00,SAMSUN,55,10.5295,6.1795,5.9000006,12.4811535,55.0,77.953896,1010.1997,3.3,Drizzle: Dense
2003-12-26 21:00:00+00:00,SAMSUN,55,7.6795,5.5795,6.1,14.336861,53.0,87.470055,1015.46124,2.59,Drizzle: Moderate
2003-12-27 21:00:00+00:00,SAMSUN,55,8.9795,2.5795,0.0,6.519877,3.0,84.07003,1021.28613,6.04,Overcast
2003-12-28 21:00:00+00:00,SAMSUN,55,10.829499,2.0295,0.0,14.081477,0.0,79.41903,1025.7115,8.27,Clear sky
2003-12-29 21:00:00+00:00,SAMSUN,55,11.2295,3.1295002,0.0,15.459054,3.0,73.986,1026.3984,8.46,Overcast
2003-12-30 21:00:00+00:00,SAMSUN,55,11.7795,3.9295,0.0,15.617529,3.0,68.04293,1019.1235,7.23,Overcast
2003-12-31 21:00:00+00:00,SAMSUN,55,12.2295,3.7295,0.0,15.459054,3.0,74.138664,1012.6617,7.48,Overcast
2004-01-01 21:00:00+00:00,SAMSUN,55,13.1795,5.3795,0.0,14.84318,3.0,68.86243,1006.88135,7.69,Overcast
2004-01-02 21:00:00+00:00,SAMSUN,55,14.1795,6.6295,0.0,14.512064,3.0,69.24756,1006.26074,7.54,Overcast
2004-01-03 21:00:00+00:00,SAMSUN,55,13.379499,6.2795,0.1,12.303366,51.0,79.67455,1006.04535,5.44,Drizzle: Light
2004-01-04 21:00:00+00:00,SAMSUN,55,13.4295,6.7795,4.9,14.081477,61.0,83.115555,1004.4521,5.53,Rain: Slight
2004-01-05 21:00:00+00:00,SAMSUN,55,10.4295,2.7295,7.3,26.959166,75.0,91.20328,1007.0786,4.67,Snow fall: Heavy
2004-01-06 21:00:00+00:00,SAMSUN,55,2.9795,-0.2705,12.500002,18.861387,73.0,77.739944,1009.0835,3.99,Snow fall: Moderate
2004-01-07 21:00:00+00:00,SAMSUN,55,0.97950006,-3.8705,1.4000001,16.75064,73.0,66.38096,1013.7297,7.82,Snow fall: Moderate
2004-01-08 21:00:00+00:00,SAMSUN,55,0.12950003,-4.5204997,0.0,16.78156,3.0,68.24173,1019.14453,9.11,Overcast
2004-01-09 21:00:00+00:00,SAMSUN,55,1.7295,-5.2704997,0.0,16.1198,3.0,69.083916,1018.3279,9.41,Overcast
2004-01-10 21:00:00+00:00,SAMSUN,55,5.8795,-0.7705,0.0,17.447933,3.0,70.40899,1014.09735,8.7,Overcast
2004-01-11 21:00:00+00:00,SAMSUN,55,9.9295,3.1795,0.6,13.281023,51.0,79.28502,1012.8284,5.86,Drizzle: Light
2004-01-12 21:00:00+00:00,SAMSUN,55,8.8295,1.5795,2.6,5.6920996,51.0,91.75577,1009.6766,5.14,Drizzle: Light
2004-01-13 21:00:00+00:00,SAMSUN,55,10.829499,0.62950003,0.0,14.57889,3.0,84.5405,1005.5606,8.59,Overcast
2004-01-14 21:00:00+00:00,SAMSUN,55,13.5295,6.5795,2.0,16.394829,53.0,72.19359,1003.84106,6.62,Drizzle: Moderate
2004-01-15 21:00:00+00:00,SAMSUN,55,16.1295,4.2795,16.999998,18.837322,75.0,69.516716,1004.178,7.38,Snow fall: Heavy
2004-01-16 21:00:00+00:00,SAMSUN,55,8.3295,0.92950004,9.3,9.346143,75.0,82.50577,1019.03156,9.23,Snow fall: Heavy
2004-01-17 21:00:00+00:00,SAMSUN,55,7.9795003,-0.22049993,0.0,16.42247,3.0,77.28782,1018.0237,9.68,Overcast
2004-01-18 21:00:00+00:00,SAMSUN,55,9.4795,0.5795001,0.0,16.075521,3.0,75.08582,1019.8215,10.07,Overcast
2004-01-19 21:00:00+00:00,SAMSUN,55,10.329499,1.9295001,0.0,18.079027,3.0,66.59197,1013.2298,9.88,Overcast
2004-01-20 21:00:00+00:00,SAMSUN,55,9.9295,5.6795,0.0,22.66857,3.0,60.968502,1005.2791,4.08,Overcast
2004-01-21 21:00:00+00:00,SAMSUN,55,12.2795,5.3795,0.3,17.727943,51.0,66.597374,992.10645,5.35,Drizzle: Light
2004-01-22 21:00:00+00:00,SAMSUN,55,10.829499,1.4295001,13.1,22.35481,73.0,76.09054,989.23724,3.37,Snow fall: Moderate
2004-01-23 21:00:00+00:00,SAMSUN,55,1.9295001,-1.2705,9.099999,10.1376915,73.0,85.14163,1007.3746,4.89,Snow fall: Moderate
2004-01-24 21:00:00+00:00,SAMSUN,55,3.9795,-6.8705,0.0,12.245293,3.0,85.13529,1012.4002,9.25,Overcast
2004-01-25 21:00:00+00:00,SAMSUN,55,9.079499,-0.020499945,1.3000002,12.904882,51.0,87.65851,1006.7681,5.87,Drizzle: Light
2004-01-26 21:00:00+00:00,SAMSUN,55,6.0295,1.6795001,5.4999995,14.345898,71.0,91.21683,1012.9885,4.41,Snow fall: Slight
2004-01-27 21:00:00+00:00,SAMSUN,55,10.629499,1.1795001,0.0,19.242327,3.0,73.53398,1011.62866,9.62,Overcast
2004-01-28 21:00:00+00:00,SAMSUN,55,15.2295,7.6295,0.0,19.486609,2.0,58.864822,1010.0569,10.89,Partly cloudy
2004-01-29 21:00:00+00:00,SAMSUN,55,11.829499,6.9295,0.1,18.86139,51.0,61.343475,1009.87256,5.38,Drizzle: Light
2004-01-30 21:00:00+00:00,SAMSUN,55,7.4795003,4.3295,6.799999,11.592894,71.0,92.75009,1019.19745,2.91,Snow fall: Slight
2004-01-31 21:00:00+00:00,SAMSUN,55,6.2295003,-0.5205,0.70000005,13.708391,71.0,77.04181,1023.35284,9.77,Snow fall: Slight
2004-02-01 21:00:00+00:00,SAMSUN,55,9.2795,-1.0205,0.0,12.904882,3.0,74.73827,1018.07465,11.32,Overcast
2004-02-02 21:00:00+00:00,SAMSUN,55,8.9795,3.8295002,3.8999999,8.78872,71.0,84.740204,1018.19525,7.51,Snow fall: Slight
2004-02-03 21:00:00+00:00,SAMSUN,55,5.5795,3.2295,3.4999998,13.004921,71.0,89.341644,1024.4126,4.51,Snow fall: Slight
2004-02-04 21:00:00+00:00,SAMSUN,55,7.9295,1.0295,0.0,12.181625,3.0,79.50339,1022.147,10.11,Overcast
2004-02-05 21:00:00+00:00,SAMSUN,55,11.079499,5.9295,7.399999,18.723461,71.0,76.81945,1015.6988,5.93,Snow fall: Slight
2004-02-06 21:00:00+00:00,SAMSUN,55,14.379499,5.7295003,1.2,16.434305,51.0,76.90969,1018.0318,8.14,Drizzle: Light
2004-02-07 21:00:00+00:00,SAMSUN,55,18.629501,6.6295,0.0,21.9718,2.0,64.32332,1012.27075,12.52,Partly cloudy
2004-02-08 21:00:00+00:00,SAMSUN,55,14.5295,5.2795,0.0,8.427383,3.0,80.40649,1011.88275,10.46,Overcast
2004-02-09 21:00:00+00:00,SAMSUN,55,8.129499,3.7295,11.8,14.182355,73.0,86.51717,1017.6211,4.55,Snow fall: Moderate
2004-02-10 21:00:00+00:00,SAMSUN,55,3.6795,0.47950006,2.0000002,11.212135,71.0,73.65635,1019.7444,10.14,Snow fall: Slight
2004-02-11 21:00:00+00:00,SAMSUN,55,9.7795,-0.07049996,0.0,14.707222,3.0,64.21817,1009.0135,10.16,Overcast
2004-02-12 21:00:00+00:00,SAMSUN,55,13.2295,0.7795,10.5,25.96995,75.0,73.62054,999.39935,7.69,Snow fall: Heavy
2004-02-13 21:00:00+00:00,SAMSUN,55,0.47950006,-2.1704998,13.599999,17.654688,73.0,83.12161,1008.31464,5.32,Snow fall: Moderate
2004-02-14 21:00:00+00:00,SAMSUN,55,-0.8704999,-3.6205,2.1000001,24.248611,73.0,65.76871,1010.93915,12.88,Snow fall: Moderate
2004-02-15 21:00:00+00:00,SAMSUN,55,3.3295002,-2.1204998,0.0,28.757215,3.0,66.153305,1014.2884,10.38,Overcast
2004-02-16 21:00:00+00:00,SAMSUN,55,4.2295,-4.1705,0.0,14.618837,2.0,75.57809,1021.5754,14.68,Partly cloudy
2004-02-17 21:00:00+00:00,SAMSUN,55,4.1295,-6.5204997,0.0,9.779817,2.0,80.59695,1018.70306,13.55,Partly cloudy
2004-02-18 21:00:00+00:00,SAMSUN,55,7.0795,-6.5705,0.0,10.233123,3.0,83.00552,1015.9407,14.73,Overcast
2004-02-19 21:00:00+00:00,SAMSUN,55,5.9295,-1.6704998,0.5,10.086427,51.0,83.70135,1018.26807,9.62,Drizzle: Light
2004-02-20 21:00:00+00:00,SAMSUN,55,2.2295,-2.5705,4.3999996,26.368616,73.0,72.75919,1024.1349,11.17,Snow fall: Moderate
2004-02-21 21:00:00+00:00,SAMSUN,55,1.5795,-3.2205,5.7000003,25.72174,73.0,79.49498,1021.4172,6.59,Snow fall: Moderate
2004-02-22 21:00:00+00:00,SAMSUN,55,5.1295,-0.07049996,1.0,18.678415,71.0,77.89782,1019.39594,14.88,Snow fall: Slight
2004-02-23 21:00:00+00:00,SAMSUN,55,9.2795,-0.2705,0.8,17.414474,51.0,72.97851,1015.7181,13.37,Drizzle: Light
2004-02-24 21:00:00+00:00,SAMSUN,55,15.629499,5.6295,0.0,14.973577,3.0,68.730156,1013.8609,14.0,Overcast
2004-02-25 21:00:00+00:00,SAMSUN,55,15.2295,5.4795003,0.0,15.042659,3.0,71.44668,1015.6337,14.7,Overcast
2004-02-26 21:00:00+00:00,SAMSUN,55,20.0795,9.2795,0.0,24.57511,3.0,54.306656,1009.90375,13.56,Overcast
2004-02-27 21:00:00+00:00,SAMSUN,55,22.6795,10.1795,0.0,19.174856,3.0,62.707016,1008.7608,12.01,Overcast
2004-02-28 21:00:00+00:00,SAMSUN,55,21.0795,9.329499,0.0,19.586117,3.0,61.179394,1010.3899,9.8,Overcast
2004-02-29 21:00:00+00:00,SAMSUN,55,14.0295,9.5295,6.1000004,12.0694,53.0,84.50991,1015.0817,7.03,Drizzle: Moderate
2004-03-01 21:00:00+00:00,SAMSUN,55,13.4295,4.5795,0.0,5.991594,3.0,88.33965,1015.9046,10.05,Overcast
2004-03-02 21:00:00+00:00,SAMSUN,55,11.4295,6.2295003,0.0,12.313893,3.0,90.56906,1018.70703,12.13,Overcast
2004-03-03 21:00:00+00:00,SAMSUN,55,8.3295,3.9795,4.9000006,12.43434,55.0,92.61576,1011.2466,6.4,Drizzle: Dense
2004-03-04 21:00:00+00:00,SAMSUN,55,3.7295,1.2795,29.9,13.37825,75.0,93.32542,1009.238,4.87,Snow fall: Heavy
2004-03-05 21:00:00+00:00,SAMSUN,55,1.8795,-0.47049993,9.0,19.107151,73.0,83.29983,1019.91205,11.03,Snow fall: Moderate
2004-03-06 21:00:00+00:00,SAMSUN,55,2.3295,-4.9205,0.0,11.212135,71.0,72.89173,1033.2015,15.36,Snow fall: Slight
2004-03-07 21:00:00+00:00,SAMSUN,55,3.9295,-5.5705,0.0,15.5843,0.0,74.45711,1033.7957,18.37,Clear sky
2004-03-08 21:00:00+00:00,SAMSUN,55,8.3295,-4.5705,0.0,10.440001,3.0,81.903336,1022.66504,18.78,Overcast
2004-03-09 21:00:00+00:00,SAMSUN,55,15.5295,-0.82049996,1.7,14.48972,51.0,75.32287,1014.3704,11.92,Drizzle: Light
2004-03-10 21:00:00+00:00,SAMSUN,55,7.1295,3.2795,9.4,10.009036,71.0,92.83282,1018.94556,5.97,Snow fall: Slight
2004-03-11 21:00:00+00:00,SAMSUN,55,8.7295,1.4295001,0.3,11.966954,51.0,87.94638,1023.31635,13.09,Drizzle: Light
2004-03-12 21:00:00+00:00,SAMSUN,55,7.6295,3.4795,4.1,14.561099,71.0,89.55804,1027.2657,11.47,Snow fall: Slight
2004-03-13 21:00:00+00:00,SAMSUN,55,6.1295,2.8795002,3.6000001,17.31746,71.0,81.41175,1032.5398,12.81,Snow fall: Slight
2004-03-14 21:00:00+00:00,SAMSUN,55,6.7795,3.4295,1.7000002,12.24,71.0,80.14825,1032.2452,10.05,Snow fall: Slight
2004-03-15 21:00:00+00:00,SAMSUN,55,6.5295,2.4795,0.0,12.0694,3.0,77.784386,1028.9453,10.79,Overcast
2004-03-16 21:00:00+00:00,SAMSUN,55,7.4295,1.8795,0.2,12.031756,51.0,79.403305,1025.6984,13.47,Drizzle: Light
2004-03-17 21:00:00+00:00,SAMSUN,55,9.0295,2.9295,0.8000001,9.178235,71.0,82.03011,1022.1799,12.61,Snow fall: Slight
2004-03-18 21:00:00+00:00,SAMSUN,55,9.079499,3.3795002,1.1000001,11.753876,71.0,88.18659,1026.5751,13.9,Snow fall: Slight
2004-03-19 21:00:00+00:00,SAMSUN,55,16.3295,1.7295,0.0,13.202726,3.0,74.71676,1022.65796,19.45,Overcast
2004-03-20 21:00:00+00:00,SAMSUN,55,21.8295,8.8295,0.0,18.374111,3.0,59.541256,1017.15137,19.69,Overcast
2004-03-21 21:00:00+00:00,SAMSUN,55,22.0795,8.2295,0.0,15.683774,2.0,64.75354,1015.84576,20.74,Partly cloudy
2004-03-22 21:00:00+00:00,SAMSUN,55,18.629501,6.5795,0.0,7.9932966,3.0,74.91014,1016.25653,20.96,Overcast
2004-03-23 21:00:00+00:00,SAMSUN,55,23.9795,8.6795,0.0,14.33234,3.0,63.679882,1010.0578,16.19,Overcast
2004-03-24 21:00:00+00:00,SAMSUN,55,15.2795,8.129499,0.0,16.904673,0.0,61.510334,1010.9119,20.21,Clear sky
2004-03-25 21:00:00+00:00,SAMSUN,55,17.4295,4.3795,0.0,6.9247384,1.0,71.60995,1012.87744,19.96,Mainly clear
2004-03-26 21:00:00+00:00,SAMSUN,55,21.8295,7.3795,0.0,18.278645,3.0,63.615307,1011.163,15.24,Overcast
2004-03-27 21:00:00+00:00,SAMSUN,55,19.9295,10.4295,0.6,16.563911,51.0,67.29032,1013.1321,18.28,Drizzle: Light
2004-03-28 21:00:00+00:00,SAMSUN,55,11.329499,5.9795003,10.5,18.161278,71.0,91.90096,1014.8575,6.51,Snow fall: Slight
2004-03-29 21:00:00+00:00,SAMSUN,55,9.2795,4.3295,1.9000001,14.417988,51.0,83.63554,1021.1236,15.79,Drizzle: Light
2004-03-30 21:00:00+00:00,SAMSUN,55,9.879499,2.6795,0.0,13.0447235,3.0,82.06139,1021.75494,16.82,Overcast
2004-03-31 21:00:00+00:00,SAMSUN,55,13.7295,1.0795001,0.0,11.720751,3.0,81.71517,1015.6695,22.49,Overcast
2004-04-01 21:00:00+00:00,SAMSUN,55,9.5295,3.6295002,3.2,17.462782,73.0,85.16007,1013.5761,13.1,Snow fall: Moderate
2004-04-02 21:00:00+00:00,SAMSUN,55,5.5795,0.37950003,7.8999987,20.545246,73.0,76.36593,1022.97394,15.8,Snow fall: Moderate
2004-04-03 21:00:00+00:00,SAMSUN,55,3.5795002,-1.2705,1.3000001,15.408671,73.0,71.9824,1028.3687,18.59,Snow fall: Moderate
2004-04-04 21:00:00+00:00,SAMSUN,55,11.579499,-2.4705,0.0,10.805999,0.0,68.640175,1021.8945,23.76,Clear sky
2004-04-05 21:00:00+00:00,SAMSUN,55,17.9795,2.4795,0.0,14.693999,0.0,63.924397,1013.83203,23.45,Clear sky
2004-04-06 21:00:00+00:00,SAMSUN,55,18.779501,6.0295,0.0,13.004922,2.0,67.00065,1011.9344,23.13,Partly cloudy
2004-04-07 21:00:00+00:00,SAMSUN,55,19.4795,7.1295,0.0,12.387348,1.0,65.0414,1013.25726,23.7,Mainly clear
2004-04-08 21:00:00+00:00,SAMSUN,55,19.4795,6.9295,0.0,11.525623,3.0,68.28162,1016.731,22.7,Overcast
2004-04-09 21:00:00+00:00,SAMSUN,55,21.3295,6.8795,0.0,10.163227,3.0,72.61263,1015.79443,22.47,Overcast
2004-04-10 21:00:00+00:00,SAMSUN,55,25.3295,11.9795,0.0,11.808878,3.0,61.79504,1016.718,23.48,Overcast
2004-04-11 21:00:00+00:00,SAMSUN,55,27.629501,13.379499,0.0,14.20062,3.0,63.903973,1014.4229,23.5,Overcast
2004-04-12 21:00:00+00:00,SAMSUN,55,22.529501,14.129499,0.4,10.30883,51.0,69.70522,1012.9101,16.28,Drizzle: Light
2004-04-13 21:00:00+00:00,SAMSUN,55,19.2295,11.1795,6.1,13.570615,55.0,75.475426,1007.2578,10.84,Drizzle: Dense
2004-04-14 21:00:00+00:00,SAMSUN,55,12.1795,7.3795,7.6000013,17.935081,53.0,89.3993,1014.4047,11.48,Drizzle: Moderate
2004-04-15 21:00:00+00:00,SAMSUN,55,11.5295,7.1295,2.8,32.023815,51.0,70.162384,1020.3566,14.61,Drizzle: Light
2004-04-16 21:00:00+00:00,SAMSUN,55,15.6795,5.1795,0.0,12.594856,3.0,65.44413,1016.7752,25.15,Overcast
2004-04-17 21:00:00+00:00,SAMSUN,55,14.9795,5.1295,0.2,14.707222,51.0,79.8619,1006.69244,22.56,Drizzle: Light
2004-04-18 21:00:00+00:00,SAMSUN,55,13.4795,7.3795,3.7000003,11.525623,53.0,88.203125,1001.64764,16.99,Drizzle: Moderate
2004-04-19 21:00:00+00:00,SAMSUN,55,14.6795,7.0795,2.1,8.654987,55.0,85.91227,1005.9236,18.2,Drizzle: Dense
2004-04-20 21:00:00+00:00,SAMSUN,55,15.7295,7.2295003,2.9,9.290511,53.0,87.817535,1007.43536,17.98,Drizzle: Moderate
2004-04-21 21:00:00+00:00,SAMSUN,55,11.4795,10.0295,14.600001,11.681987,55.0,94.83094,1003.90234,3.78,Drizzle: Dense
2004-04-22 21:00:00+00:00,SAMSUN,55,12.6795,10.7295,13.300002,18.668005,53.0,85.13845,1005.22974,6.42,Drizzle: Moderate
2004-04-23 21:00:00+00:00,SAMSUN,55,15.829499,8.879499,1.6,13.237038,53.0,76.64821,1011.1106,20.7,Drizzle: Moderate
2004-04-24 21:00:00+00:00,SAMSUN,55,13.579499,7.2795,1.9000001,12.43434,53.0,82.53269,1015.3542,19.08,Drizzle: Moderate
2004-04-25 21:00:00+00:00,SAMSUN,55,17.279501,5.1795,0.0,14.973576,3.0,84.303795,1014.53827,26.01,Overcast
2004-04-26 21:00:00+00:00,SAMSUN,55,20.6795,7.3295,1.4,11.720751,55.0,82.39156,1008.6379,23.53,Drizzle: Dense
2004-04-27 21:00:00+00:00,SAMSUN,55,21.9795,11.9295,3.6999998,13.397612,53.0,78.71607,1007.9417,22.42,Drizzle: Moderate
2004-04-28 21:00:00+00:00,SAMSUN,55,12.6795,10.579499,0.90000004,10.44,51.0,90.833244,1014.31714,6.97,Drizzle: Light
2004-04-29 21:00:00+00:00,SAMSUN,55,14.379499,8.2295,5.7999997,8.39657,55.0,88.44168,1011.55963,14.47,Drizzle: Dense
2004-04-30 21:00:00+00:00,SAMSUN,55,16.8295,7.5295,0.0,11.440979,3.0,88.3536,1009.9009,24.92,Overcast
2004-05-01 21:00:00+00:00,SAMSUN,55,15.379499,9.579499,0.0,14.81259,3.0,89.48459,1011.91,22.83,Overcast
2004-05-02 21:00:00+00:00,SAMSUN,55,14.329499,8.4295,0.2,9.511088,51.0,87.93823,1011.2819,13.5,Drizzle: Light
2004-05-03 21:00:00+00:00,SAMSUN,55,17.279501,9.129499,0.3,11.177405,51.0,82.07006,1011.99603,21.0,Drizzle: Light
2004-05-04 21:00:00+00:00,SAMSUN,55,21.5795,9.9295,0.0,11.090103,3.0,79.95957,1011.00824,27.07,Overcast
2004-05-05 21:00:00+00:00,SAMSUN,55,21.5795,13.379499,4.9999995,11.367109,61.0,84.16111,1006.6629,14.91,Rain: Slight
2004-05-06 21:00:00+00:00,SAMSUN,55,22.8295,14.0295,0.0,16.135872,2.0,77.79073,1003.18463,26.27,Partly cloudy
2004-05-07 21:00:00+00:00,SAMSUN,55,21.779501,13.9295,0.1,14.84318,51.0,73.47299,1009.90015,23.89,Drizzle: Light
2004-05-08 21:00:00+00:00,SAMSUN,55,18.779501,13.6795,2.6999998,12.413477,53.0,80.34691,1008.9899,20.07,Drizzle: Moderate
2004-05-09 21:00:00+00:00,SAMSUN,55,19.879501,11.2795,2.3,11.770403,53.0,87.50213,1003.02515,22.86,Drizzle: Moderate
2004-05-10 21:00:00+00:00,SAMSUN,55,18.779501,12.879499,10.7,12.181624,61.0,89.93783,1003.94824,18.84,Rain: Slight
2004-05-11 21:00:00+00:00,SAMSUN,55,19.3295,12.079499,2.2,18.0036,53.0,78.72975,1007.14984,17.5,Drizzle: Moderate
2004-05-12 21:00:00+00:00,SAMSUN,55,19.9795,10.9295,0.0,15.5843,3.0,73.84069,1009.00226,24.82,Overcast
2004-05-13 21:00:00+00:00,SAMSUN,55,18.9295,13.2295,4.7000003,11.165805,55.0,84.02413,1000.9838,19.71,Drizzle: Dense
2004-05-14 21:00:00+00:00,SAMSUN,55,16.9795,12.329499,6.299999,22.828087,61.0,85.57891,1005.19995,15.49,Rain: Slight
2004-05-15 21:00:00+00:00,SAMSUN,55,12.9795,9.9795,3.3000002,24.696104,53.0,83.64477,1010.7038,8.27,Drizzle: Moderate
2004-05-16 21:00:00+00:00,SAMSUN,55,14.7295,8.8295,0.0,14.84318,3.0,81.67162,1013.2871,23.22,Overcast
2004-05-17 21:00:00+00:00,SAMSUN,55,14.579499,7.9295,7.4,15.827721,53.0,90.63059,1014.5695,13.87,Drizzle: Moderate
2004-05-18 21:00:00+00:00,SAMSUN,55,15.2795,9.079499,0.0,13.679999,3.0,78.475624,1017.51654,20.78,Overcast
2004-05-19 21:00:00+00:00,SAMSUN,55,18.4795,6.0295,0.0,9.0,2.0,70.65071,1016.52466,26.58,Partly cloudy
2004-05-20 21:00:00+00:00,SAMSUN,55,20.4795,11.129499,0.0,11.631956,1.0,73.17124,1017.49066,26.61,Mainly clear
2004-05-21 21:00:00+00:00,SAMSUN,55,20.779501,9.329499,0.0,13.207634,0.0,76.610886,1014.87213,28.78,Clear sky
2004-05-22 21:00:00+00:00,SAMSUN,55,22.6795,10.829499,0.5,10.703569,53.0,82.351944,1011.3582,26.13,Drizzle: Moderate
2004-05-23 21:00:00+00:00,SAMSUN,55,22.879501,11.7795,0.4,10.365251,51.0,83.70694,1009.3259,26.6,Drizzle: Light
2004-05-24 21:00:00+00:00,SAMSUN,55,18.029501,12.129499,4.6000004,20.176065,53.0,86.50583,1013.665,12.63,Drizzle: Moderate
2004-05-25 21:00:00+00:00,SAMSUN,55,12.879499,10.5295,10.000001,13.708391,55.0,85.64478,1019.9869,8.02,Drizzle: Dense
2004-05-26 21:00:00+00:00,SAMSUN,55,15.5295,10.379499,7.1,16.79314,61.0,80.58609,1018.04834,12.36,Rain: Slight
2004-05-27 21:00:00+00:00,SAMSUN,55,15.6795,13.2295,0.8,15.072783,51.0,83.70684,1016.9685,6.2,Drizzle: Light
2004-05-28 21:00:00+00:00,SAMSUN,55,17.279501,13.5295,0.0,9.178235,3.0,87.70562,1013.8228,12.01,Overcast
2004-05-29 21:00:00+00:00,SAMSUN,55,18.379501,13.1795,0.0,12.88981,3.0,89.433525,1010.6954,19.73,Overcast
2004-05-30 21:00:00+00:00,SAMSUN,55,18.1795,12.9795,5.7,10.233123,61.0,90.30679,1008.96405,17.66,Rain: Slight
2004-05-31 21:00:00+00:00,SAMSUN,55,20.1795,11.829499,7.2000003,8.4963045,55.0,88.683655,1010.1582,19.98,Drizzle: Dense
2004-06-01 21:00:00+00:00,SAMSUN,55,19.4295,14.129499,7.1999993,9.605998,61.0,89.553154,1013.74194,15.97,Rain: Slight
2004-06-02 21:00:00+00:00,SAMSUN,55,18.529501,14.6795,5.9999995,12.031756,61.0,92.42968,1014.2884,13.67,Rain: Slight
2004-06-03 21:00:00+00:00,SAMSUN,55,18.8295,13.9295,0.0,12.538134,3.0,87.2991,1016.50055,20.0,Overcast
2004-06-04 21:00:00+00:00,SAMSUN,55,22.8295,12.9795,0.0,12.074766,3.0,88.50863,1014.3703,26.16,Overcast
2004-06-05 21:00:00+00:00,SAMSUN,55,26.2295,16.3295,11.9,14.205182,63.0,85.44004,1010.41754,23.37,Rain: Moderate
2004-06-06 21:00:00+00:00,SAMSUN,55,22.2295,16.779501,0.3,11.4862,51.0,87.47933,1012.5718,22.64,Drizzle: Light
2004-06-07 21:00:00+00:00,SAMSUN,55,18.529501,15.629499,4.1,12.074766,51.0,87.51281,1011.98444,12.88,Drizzle: Light
2004-06-08 21:00:00+00:00,SAMSUN,55,20.9795,14.7795,4.7000003,14.039999,61.0,80.667336,1011.1863,17.9,Rain: Slight
2004-06-09 21:00:00+00:00,SAMSUN,55,19.1795,13.2795,2.9999998,17.057314,53.0,80.28035,1015.561,19.83,Drizzle: Moderate
2004-06-10 21:00:00+00:00,SAMSUN,55,18.0795,10.129499,0.0,15.137133,2.0,67.97383,1019.16266,28.11,Partly cloudy
2004-06-11 21:00:00+00:00,SAMSUN,55,21.279501,9.4295,0.0,12.313893,0.0,77.9067,1017.24976,29.12,Clear sky
2004-06-12 21:00:00+00:00,SAMSUN,55,24.529501,13.0295,0.0,10.464797,0.0,81.85078,1015.41425,27.81,Clear sky
2004-06-13 21:00:00+00:00,SAMSUN,55,24.0795,16.5795,0.0,11.525623,3.0,77.97034,1013.6048,28.81,Overcast
2004-06-14 21:00:00+00:00,SAMSUN,55,21.9795,15.0295,0.90000004,15.158522,51.0,84.733345,1013.02484,23.29,Drizzle: Light
2004-06-15 21:00:00+00:00,SAMSUN,55,22.0795,15.079499,0.0,10.514218,2.0,82.08261,1008.78705,22.73,Partly cloudy
2004-06-16 21:00:00+00:00,SAMSUN,55,24.4295,13.6795,0.0,10.739832,2.0,77.169685,1008.64795,27.46,Partly cloudy
2004-06-17 21:00:00+00:00,SAMSUN,55,23.779501,16.279501,0.0,14.917212,3.0,83.82582,1009.5147,26.61,Overcast
2004-06-18 21:00:00+00:00,SAMSUN,55,28.879501,17.6795,6.7999997,10.495713,63.0,80.98521,1002.74774,24.15,Rain: Moderate
2004-06-19 21:00:00+00:00,SAMSUN,55,22.8295,18.879501,6.1,12.303366,61.0,87.11184,1007.06616,18.25,Rain: Slight
2004-06-20 21:00:00+00:00,SAMSUN,55,24.9795,16.8295,0.2,10.587918,51.0,86.26663,1009.3868,25.62,Drizzle: Light
2004-06-21 21:00:00+00:00,SAMSUN,55,23.779501,18.0795,0.5,12.904882,51.0,87.07355,1011.5586,22.67,Drizzle: Light
2004-06-22 21:00:00+00:00,SAMSUN,55,23.379501,17.1795,0.0,12.0694,3.0,84.54175,1009.40216,22.95,Overcast
2004-06-23 21:00:00+00:00,SAMSUN,55,22.4295,16.6295,5.2999997,11.183201,53.0,88.511314,1007.2805,17.82,Drizzle: Moderate
2004-06-24 21:00:00+00:00,SAMSUN,55,22.6795,17.279501,1.0000001,13.039754,51.0,84.922005,1011.1673,18.67,Drizzle: Light
2004-06-25 21:00:00+00:00,SAMSUN,55,25.0795,16.4295,0.0,10.00256,2.0,77.44032,1013.96344,28.25,Partly cloudy
2004-06-26 21:00:00+00:00,SAMSUN,55,24.529501,14.579499,0.6,18.0,53.0,78.196655,1014.82465,28.13,Drizzle: Moderate
2004-06-27 21:00:00+00:00,SAMSUN,55,21.9295,17.6795,1.5,15.84409,53.0,76.35658,1016.89795,21.98,Drizzle: Moderate
2004-06-28 21:00:00+00:00,SAMSUN,55,23.6795,14.879499,0.0,10.009036,1.0,71.57697,1016.35345,27.16,Mainly clear
2004-06-29 21:00:00+00:00,SAMSUN,55,27.379501,14.079499,0.7,18.416384,53.0,73.25325,1011.98285,27.06,Drizzle: Moderate
2004-06-30 21:00:00+00:00,SAMSUN,55,21.279501,17.4795,1.6000001,13.276144,51.0,76.566956,1015.9152,21.99,Drizzle: Light
2004-07-01 21:00:00+00:00,SAMSUN,55,22.4295,14.379499,0.0,15.7908325,2.0,76.155396,1015.03735,28.82,Partly cloudy
2004-07-02 21:00:00+00:00,SAMSUN,55,22.9795,13.9795,0.0,15.596767,3.0,78.97536,1011.3371,28.06,Overcast
2004-07-03 21:00:00+00:00,SAMSUN,55,22.5795,14.2295,0.0,12.641076,2.0,75.090195,1014.90814,27.57,Partly cloudy
2004-07-04 21:00:00+00:00,SAMSUN,55,22.3295,15.4795,0.0,13.276144,3.0,77.09063,1017.9866,16.38,Overcast
2004-07-05 21:00:00+00:00,SAMSUN,55,23.3295,19.029501,0.0,12.229406,2.0,74.5671,1016.2593,20.52,Partly cloudy
2004-07-06 21:00:00+00:00,SAMSUN,55,24.129501,17.029501,0.0,11.298495,2.0,78.75932,1013.304,24.2,Partly cloudy
2004-07-07 21:00:00+00:00,SAMSUN,55,25.8295,17.779501,1.3000001,18.03237,51.0,83.99931,1013.9135,23.43,Drizzle: Light
2004-07-08 21:00:00+00:00,SAMSUN,55,24.129501,19.3295,0.1,16.299694,51.0,74.76883,1013.50146,25.21,Drizzle: Light
2004-07-09 21:00:00+00:00,SAMSUN,55,23.779501,18.279501,0.0,13.75558,2.0,67.72781,1012.82007,22.42,Partly cloudy
2004-07-10 21:00:00+00:00,SAMSUN,55,24.6795,14.079499,0.0,13.684735,1.0,73.7756,1007.7854,28.55,Mainly clear
2004-07-11 21:00:00+00:00,SAMSUN,55,27.7295,15.5295,0.0,13.53236,2.0,75.8536,1002.9003,27.15,Partly cloudy
2004-07-12 21:00:00+00:00,SAMSUN,55,26.4795,17.7295,0.0,11.384199,3.0,77.39428,1004.35175,26.98,Overcast
2004-07-13 21:00:00+00:00,SAMSUN,55,24.7295,19.029501,1.0,16.1198,51.0,81.04278,1003.8787,21.93,Drizzle: Light
2004-07-14 21:00:00+00:00,SAMSUN,55,20.129501,18.279501,4.6999993,13.797912,51.0,82.3476,1008.5911,8.62,Drizzle: Light
2004-07-15 21:00:00+00:00,SAMSUN,55,18.879501,17.379501,12.799998,12.6462,61.0,82.86997,1012.0017,6.06,Rain: Slight
2004-07-16 21:00:00+00:00,SAMSUN,55,19.6795,16.8795,8.9,13.276144,55.0,84.911514,1016.8257,6.14,Drizzle: Dense
2004-07-17 21:00:00+00:00,SAMSUN,55,21.8295,16.9295,2.0,15.192682,53.0,79.04522,1019.07855,14.01,Drizzle: Moderate
2004-07-18 21:00:00+00:00,SAMSUN,55,23.6795,17.5795,0.0,14.081478,2.0,78.55019,1017.7812,22.63,Partly cloudy
2004-07-19 21:00:00+00:00,SAMSUN,55,23.629501,16.4295,1.1,15.683774,51.0,84.4994,1015.0892,20.87,Drizzle: Light
2004-07-20 21:00:00+00:00,SAMSUN,55,23.8295,16.779501,0.0,17.643673,2.0,79.229416,1013.3284,22.69,Partly cloudy
2004-07-21 21:00:00+00:00,SAMSUN,55,24.1795,17.4295,0.0,13.910169,2.0,75.34366,1012.27765,23.58,Partly cloudy
2004-07-22 21:00:00+00:00,SAMSUN,55,24.8295,18.4795,2.1000001,17.713316,53.0,76.1751,1010.41595,20.17,Drizzle: Moderate
2004-07-23 21:00:00+00:00,SAMSUN,55,24.7295,17.1795,0.0,11.298495,3.0,79.256134,1009.3193,23.66,Overcast
2004-07-24 21:00:00+00:00,SAMSUN,55,25.1795,15.9295,0.0,13.18308,2.0,76.81193,1007.3279,26.43,Partly cloudy
2004-07-25 21:00:00+00:00,SAMSUN,55,25.129501,16.5795,0.0,15.034041,2.0,77.34942,1007.2766,26.16,Partly cloudy
2004-07-26 21:00:00+00:00,SAMSUN,55,26.279501,17.879501,0.0,13.237039,2.0,82.5006,1007.68756,24.25,Partly cloudy
2004-07-27 21:00:00+00:00,SAMSUN,55,28.1795,19.6795,0.0,12.397806,2.0,84.54628,1007.5827,25.15,Partly cloudy
2004-07-28 21:00:00+00:00,SAMSUN,55,27.529501,20.4295,0.0,11.200571,2.0,83.449135,1008.91064,25.41,Partly cloudy
2004-07-29 21:00:00+00:00,SAMSUN,55,27.8295,18.7295,0.0,12.287555,3.0,81.06559,1008.633,27.13,Overcast
2004-07-30 21:00:00+00:00,SAMSUN,55,27.529501,18.379501,0.0,11.726277,3.0,77.73739,1008.23773,27.24,Overcast
2004-07-31 21:00:00+00:00,SAMSUN,55,26.6795,18.879501,0.0,12.218805,3.0,82.60736,1007.14746,23.44,Overcast
2004-08-01 21:00:00+00:00,SAMSUN,55,27.0795,20.0795,0.3,14.973576,51.0,82.7366,1004.1988,17.07,Drizzle: Light
2004-08-02 21:00:00+00:00,SAMSUN,55,26.629501,21.279501,1.1,17.727943,53.0,75.049805,1004.02985,20.93,Drizzle: Moderate
2004-08-03 21:00:00+00:00,SAMSUN,55,26.4295,18.7295,0.0,14.982228,2.0,74.57667,1006.8179,22.71,Partly cloudy
2004-08-04 21:00:00+00:00,SAMSUN,55,26.2295,18.4295,0.5,14.336861,51.0,78.18348,1008.1115,23.11,Drizzle: Light
2004-08-05 21:00:00+00:00,SAMSUN,55,26.379501,19.5795,0.0,15.408671,3.0,79.24148,1010.5008,21.79,Overcast
2004-08-06 21:00:00+00:00,SAMSUN,55,26.5795,19.129501,0.0,15.1884165,2.0,79.58352,1010.1138,23.12,Partly cloudy
2004-08-07 21:00:00+00:00,SAMSUN,55,26.279501,19.9295,0.0,13.684735,2.0,79.884766,1008.5623,21.63,Partly cloudy
2004-08-08 21:00:00+00:00,SAMSUN,55,25.9295,19.129501,0.0,14.05845,2.0,79.55273,1008.58075,22.56,Partly cloudy
2004-08-09 21:00:00+00:00,SAMSUN,55,26.2295,19.3295,0.8,15.530151,53.0,82.52247,1005.9829,18.01,Drizzle: Moderate
2004-08-10 21:00:00+00:00,SAMSUN,55,22.279501,20.1795,19.0,11.480557,63.0,89.73759,1004.7111,7.11,Rain: Moderate
2004-08-11 21:00:00+00:00,SAMSUN,55,25.029501,18.6795,5.1000004,17.414474,61.0,81.300224,1006.89624,15.7,Rain: Slight
2004-08-12 21:00:00+00:00,SAMSUN,55,24.0795,18.4795,0.90000004,9.693296,51.0,83.26974,1010.60565,18.69,Drizzle: Light
2004-08-13 21:00:00+00:00,SAMSUN,55,28.8295,17.529501,0.0,11.631956,3.0,82.8905,1007.5728,25.03,Overcast
2004-08-14 21:00:00+00:00,SAMSUN,55,28.279501,20.5795,0.5,15.905319,51.0,79.21002,1005.2341,22.9,Drizzle: Light
2004-08-15 21:00:00+00:00,SAMSUN,55,24.879501,20.779501,3.3,17.057314,53.0,86.707664,1008.79645,13.35,Drizzle: Moderate
2004-08-16 21:00:00+00:00,SAMSUN,55,26.779501,20.0795,0.0,14.512064,2.0,81.29412,1008.32513,20.89,Partly cloudy
2004-08-17 21:00:00+00:00,SAMSUN,55,24.4795,20.279501,6.3999996,16.454008,55.0,85.12131,1011.51263,13.68,Drizzle: Dense
2004-08-18 21:00:00+00:00,SAMSUN,55,25.379501,17.9295,0.0,11.631956,2.0,80.49873,1010.9871,20.23,Partly cloudy
2004-08-19 21:00:00+00:00,SAMSUN,55,24.529501,19.629501,0.8000001,10.8955765,51.0,82.038956,1008.5132,18.69,Drizzle: Light
2004-08-20 21:00:00+00:00,SAMSUN,55,26.8295,18.1795,1.0,8.707237,55.0,75.75904,1008.1767,21.09,Drizzle: Dense
2004-08-21 21:00:00+00:00,SAMSUN,55,27.279501,18.779501,0.0,13.70839,1.0,77.99403,1009.1021,21.21,Mainly clear
2004-08-22 21:00:00+00:00,SAMSUN,55,26.6795,18.129501,0.0,12.682018,2.0,83.66372,1010.17584,22.1,Partly cloudy
2004-08-23 21:00:00+00:00,SAMSUN,55,23.279501,20.029501,3.0,11.988594,53.0,84.10952,1013.512,12.76,Drizzle: Moderate
2004-08-24 21:00:00+00:00,SAMSUN,55,23.9295,18.4795,3.8999999,11.928989,53.0,84.87402,1014.7534,16.08,Drizzle: Moderate
2004-08-25 21:00:00+00:00,SAMSUN,55,23.9795,18.2295,0.0,11.592894,2.0,84.27134,1012.66583,17.93,Partly cloudy
2004-08-26 21:00:00+00:00,SAMSUN,55,27.2295,18.279501,0.0,12.641076,2.0,82.789536,1007.3349,22.99,Partly cloudy
2004-08-27 21:00:00+00:00,SAMSUN,55,29.779501,17.4295,0.3,18.58451,51.0,82.13763,1004.1336,23.27,Drizzle: Light
2004-08-28 21:00:00+00:00,SAMSUN,55,23.9295,20.4795,0.4,15.141414,51.0,83.35876,1010.6473,11.01,Drizzle: Light
2004-08-29 21:00:00+00:00,SAMSUN,55,24.4795,18.879501,0.0,12.031756,3.0,80.563774,1012.8694,16.47,Overcast
2004-08-30 21:00:00+00:00,SAMSUN,55,25.129501,17.9295,0.0,13.217443,2.0,81.536964,1011.7304,16.9,Partly cloudy
2004-08-31 21:00:00+00:00,SAMSUN,55,25.0795,19.029501,0.2,14.480773,51.0,83.42117,1011.36676,16.46,Drizzle: Light
2004-09-01 21:00:00+00:00,SAMSUN,55,23.9795,18.8295,1.1,11.440979,51.0,84.18308,1013.28564,16.0,Drizzle: Light
2004-09-02 21:00:00+00:00,SAMSUN,55,25.0795,18.629501,1.8000002,13.849476,51.0,83.549644,1016.2387,16.7,Drizzle: Light
2004-09-03 21:00:00+00:00,SAMSUN,55,23.279501,19.129501,3.9999998,15.484185,53.0,89.55802,1015.4622,14.26,Drizzle: Moderate
2004-09-04 21:00:00+00:00,SAMSUN,55,21.9795,17.7295,4.9,19.008547,53.0,81.640526,1014.2307,14.5,Drizzle: Moderate
2004-09-05 21:00:00+00:00,SAMSUN,55,18.2295,15.7295,7.5999994,21.603,55.0,83.78927,1018.0677,12.16,Drizzle: Dense
2004-09-06 21:00:00+00:00,SAMSUN,55,20.2295,15.7795,0.4,16.279802,51.0,68.82863,1020.4019,14.55,Drizzle: Light
2004-09-07 21:00:00+00:00,SAMSUN,55,21.879501,13.879499,0.0,13.089354,1.0,71.396,1015.5666,18.96,Mainly clear
2004-09-08 21:00:00+00:00,SAMSUN,55,21.129501,13.6795,2.5,13.849477,53.0,78.64326,1011.29767,16.53,Drizzle: Moderate
2004-09-09 21:00:00+00:00,SAMSUN,55,19.7295,15.4795,4.4,19.586119,53.0,67.925186,1016.2552,13.38,Drizzle: Moderate
2004-09-10 21:00:00+00:00,SAMSUN,55,16.279501,12.879499,6.8,17.057314,61.0,80.96954,1022.16034,14.28,Rain: Slight
2004-09-11 21:00:00+00:00,SAMSUN,55,17.4295,11.4795,1.5000001,12.904882,51.0,74.29538,1022.83746,13.39,Drizzle: Light
2004-09-12 21:00:00+00:00,SAMSUN,55,19.2295,11.1795,0.0,11.874544,1.0,71.96139,1019.6565,20.24,Mainly clear
2004-09-13 21:00:00+00:00,SAMSUN,55,20.779501,10.7295,0.0,10.787993,3.0,78.040596,1019.69916,19.99,Overcast
2004-09-14 21:00:00+00:00,SAMSUN,55,21.5795,12.4795,0.0,13.32,3.0,83.33963,1017.8765,18.15,Overcast
2004-09-15 21:00:00+00:00,SAMSUN,55,22.029501,14.579499,0.0,11.808878,2.0,79.6406,1013.6138,17.83,Partly cloudy
2004-09-16 21:00:00+00:00,SAMSUN,55,21.1795,14.2795,0.1,14.04,51.0,80.64573,1014.97284,13.46,Drizzle: Light
2004-09-17 21:00:00+00:00,SAMSUN,55,21.3295,15.829499,0.5,11.570515,51.0,82.73263,1018.39154,11.36,Drizzle: Light
2004-09-18 21:00:00+00:00,SAMSUN,55,21.5795,15.9795,0.0,11.609651,2.0,86.3872,1017.38947,11.54,Partly cloudy
2004-09-19 21:00:00+00:00,SAMSUN,55,23.7295,15.829499,0.0,11.019764,2.0,83.62032,1016.32697,18.81,Partly cloudy
2004-09-20 21:00:00+00:00,SAMSUN,55,24.4795,16.779501,0.0,10.703569,3.0,87.06649,1014.99774,18.05,Overcast
2004-09-21 21:00:00+00:00,SAMSUN,55,28.1795,17.0795,0.0,9.178235,3.0,80.64136,1007.52783,18.85,Overcast
2004-09-22 21:00:00+00:00,SAMSUN,55,22.9295,18.4795,0.2,15.937878,51.0,88.05941,1008.3859,11.31,Drizzle: Light
2004-09-23 21:00:00+00:00,SAMSUN,55,26.4295,16.529501,0.0,11.212135,2.0,85.75275,1009.7275,17.61,Partly cloudy
2004-09-24 21:00:00+00:00,SAMSUN,55,28.4295,17.3295,0.0,11.792404,3.0,79.76774,1009.19653,16.78,Overcast
2004-09-25 21:00:00+00:00,SAMSUN,55,25.9795,17.279501,0.0,8.913181,3.0,84.86353,1014.7182,17.81,Overcast
2004-09-26 21:00:00+00:00,SAMSUN,55,26.3295,17.7295,0.0,9.178235,3.0,82.64256,1016.67926,17.53,Overcast
2004-09-27 21:00:00+00:00,SAMSUN,55,28.5795,15.9795,0.0,8.854829,1.0,77.32062,1017.1618,17.9,Mainly clear
2004-09-28 21:00:00+00:00,SAMSUN,55,26.029501,16.029501,0.0,10.30883,2.0,78.556984,1014.5184,17.69,Partly cloudy
2004-09-29 21:00:00+00:00,SAMSUN,55,25.4795,16.029501,0.0,12.287555,3.0,81.540085,1013.1443,17.22,Overcast
2004-09-30 21:00:00+00:00,SAMSUN,55,21.2295,17.129501,3.9,14.345898,55.0,90.29835,1017.07086,6.75,Drizzle: Dense
2004-10-01 21:00:00+00:00,SAMSUN,55,19.4795,16.3295,4.9999995,8.373386,51.0,85.60565,1016.4959,5.71,Drizzle: Light
2004-10-02 21:00:00+00:00,SAMSUN,55,18.379501,14.6795,3.8000002,13.1041975,51.0,82.377075,1017.14984,8.02,Drizzle: Light
2004-10-03 21:00:00+00:00,SAMSUN,55,16.9295,13.6795,7.3999987,11.019764,55.0,77.13683,1021.0207,9.31,Drizzle: Dense
2004-10-04 21:00:00+00:00,SAMSUN,55,16.4795,13.579499,2.1000001,15.580141,51.0,78.00422,1023.1436,9.44,Drizzle: Light
2004-10-05 21:00:00+00:00,SAMSUN,55,17.8295,13.1795,0.8,17.555305,51.0,72.85581,1020.70795,7.38,Drizzle: Light
2004-10-06 21:00:00+00:00,SAMSUN,55,20.6795,14.829499,0.8,11.770403,51.0,78.998085,1014.6209,11.24,Drizzle: Light
2004-10-07 21:00:00+00:00,SAMSUN,55,22.029501,13.4295,3.5,9.957108,55.0,87.628845,1011.8958,14.61,Drizzle: Dense
2004-10-08 21:00:00+00:00,SAMSUN,55,19.379501,14.7795,6.6,10.30883,61.0,88.83007,1012.12085,8.22,Rain: Slight
2004-10-09 21:00:00+00:00,SAMSUN,55,21.2295,13.629499,0.2,9.957108,51.0,87.29422,1014.32635,13.82,Drizzle: Light
2004-10-10 21:00:00+00:00,SAMSUN,55,26.629501,13.9795,0.0,19.826164,0.0,65.77654,1012.69464,15.63,Clear sky
2004-10-11 21:00:00+00:00,SAMSUN,55,17.5795,10.9795,19.800003,21.41319,61.0,88.382225,1018.7487,3.69,Rain: Slight
2004-10-12 21:00:00+00:00,SAMSUN,55,10.829499,9.1795,10.799999,17.974781,55.0,72.9914,1029.1459,5.0,Drizzle: Dense
2004-10-13 21:00:00+00:00,SAMSUN,55,13.6795,7.3295,0.0,11.177405,3.0,70.64457,1024.6761,12.23,Overcast
2004-10-14 21:00:00+00:00,SAMSUN,55,20.129501,9.0295,0.0,9.360001,3.0,82.54278,1019.1594,14.13,Overcast
2004-10-15 21:00:00+00:00,SAMSUN,55,20.779501,11.4295,0.0,7.754637,3.0,88.469505,1017.65717,11.26,Overcast
2004-10-16 21:00:00+00:00,SAMSUN,55,26.5795,13.9295,0.0,14.654254,3.0,74.66101,1015.6931,12.98,Overcast
2004-10-17 21:00:00+00:00,SAMSUN,55,27.0795,16.529501,0.0,16.870138,2.0,69.11111,1015.6756,13.69,Partly cloudy
2004-10-18 21:00:00+00:00,SAMSUN,55,21.129501,14.379499,0.0,9.422101,3.0,87.78565,1017.10114,12.68,Overcast
2004-10-19 21:00:00+00:00,SAMSUN,55,20.279501,14.7795,0.9,10.685391,51.0,87.24081,1011.2598,4.88,Drizzle: Light
2004-10-20 21:00:00+00:00,SAMSUN,55,17.4795,12.079499,2.2,16.641972,55.0,76.6313,1015.3403,10.62,Drizzle: Dense
2004-10-21 21:00:00+00:00,SAMSUN,55,15.629499,11.379499,0.1,11.480557,51.0,80.26983,1019.76154,7.71,Drizzle: Light
2004-10-22 21:00:00+00:00,SAMSUN,55,17.029501,11.129499,0.0,14.830076,3.0,79.52961,1022.2939,11.5,Overcast
2004-10-23 21:00:00+00:00,SAMSUN,55,20.0795,10.2295,0.0,10.464797,3.0,81.81115,1018.4572,13.14,Overcast
2004-10-24 21:00:00+00:00,SAMSUN,55,19.379501,9.9295,0.0,8.854829,3.0,88.182625,1019.9576,12.78,Overcast
2004-10-25 21:00:00+00:00,SAMSUN,55,21.279501,10.629499,0.0,9.107359,3.0,88.310265,1018.5129,12.92,Overcast
2004-10-26 21:00:00+00:00,SAMSUN,55,25.629501,12.329499,0.1,14.081477,51.0,75.68206,1015.024,12.52,Drizzle: Light
2004-10-27 21:00:00+00:00,SAMSUN,55,23.779501,14.6795,0.0,12.4811535,3.0,82.40333,1013.6081,11.89,Overcast
2004-10-28 21:00:00+00:00,SAMSUN,55,20.3295,13.329499,0.0,6.696387,3.0,87.13211,1013.85834,11.38,Overcast
2004-10-29 21:00:00+00:00,SAMSUN,55,20.629501,12.4795,0.1,7.9932966,51.0,91.20817,1013.97186,10.8,Drizzle: Light
2004-10-30 21:00:00+00:00,SAMSUN,55,20.4295,12.329499,0.0,8.534353,1.0,90.06375,1017.8767,11.62,Mainly clear
2004-10-31 21:00:00+00:00,SAMSUN,55,21.4795,10.9295,0.0,10.630672,1.0,87.516785,1017.331,11.7,Mainly clear
2004-11-01 21:00:00+00:00,SAMSUN,55,21.279501,12.7795,1.0,10.538843,51.0,84.364525,1017.07574,11.31,Drizzle: Light
2004-11-02 21:00:00+00:00,SAMSUN,55,15.1795,11.7795,7.3,13.441071,53.0,90.3154,1020.9782,4.58,Drizzle: Moderate
2004-11-03 21:00:00+00:00,SAMSUN,55,12.579499,8.6795,2.3,15.629971,51.0,77.88282,1026.5543,6.85,Drizzle: Light
2004-11-04 21:00:00+00:00,SAMSUN,55,13.129499,6.2795,0.0,8.089993,2.0,78.116516,1023.8287,11.24,Partly cloudy
2004-11-05 21:00:00+00:00,SAMSUN,55,16.7295,5.4295,0.0,9.36,1.0,83.046104,1014.8699,11.55,Mainly clear
2004-11-06 21:00:00+00:00,SAMSUN,55,17.8295,8.3295,0.0,9.957108,3.0,79.29824,1011.8194,8.53,Overcast
2004-11-07 21:00:00+00:00,SAMSUN,55,19.6795,8.629499,0.0,7.42159,2.0,87.678795,1011.3206,10.51,Partly cloudy
2004-11-08 21:00:00+00:00,SAMSUN,55,22.4295,10.829499,0.0,13.0447235,1.0,78.95371,1009.6525,10.63,Mainly clear
2004-11-09 21:00:00+00:00,SAMSUN,55,21.9295,12.2295,0.0,9.085988,1.0,81.69437,1010.3899,10.41,Mainly clear
2004-11-10 21:00:00+00:00,SAMSUN,55,20.3295,11.7795,0.0,7.172949,1.0,86.43072,1015.0,10.38,Mainly clear
2004-11-11 21:00:00+00:00,SAMSUN,55,18.1795,11.1795,0.0,7.127636,3.0,90.125885,1021.14044,9.69,Overcast
2004-11-12 21:00:00+00:00,SAMSUN,55,19.279501,11.0295,0.0,9.449572,3.0,86.14446,1018.6018,10.2,Overcast
2004-11-13 21:00:00+00:00,SAMSUN,55,22.5795,11.4295,0.0,15.2947035,3.0,70.13926,1014.9167,10.31,Overcast
2004-11-14 21:00:00+00:00,SAMSUN,55,21.379501,14.6795,0.0,18.671474,3.0,55.84491,1009.9476,5.09,Overcast
2004-11-15 21:00:00+00:00,SAMSUN,55,19.029501,13.579499,3.1000004,12.819235,55.0,79.55158,1006.76447,8.89,Drizzle: Dense
2004-11-16 21:00:00+00:00,SAMSUN,55,13.5295,9.2295,27.399998,18.864824,63.0,89.79504,1009.56,1.44,Rain: Moderate
2004-11-17 21:00:00+00:00,SAMSUN,55,11.9795,7.8295,1.7000002,18.328207,51.0,73.38566,1018.8581,6.35,Drizzle: Light
2004-11-18 21:00:00+00:00,SAMSUN,55,16.1795,7.0295,0.0,19.694992,0.0,61.327618,1011.50336,9.99,Clear sky
2004-11-19 21:00:00+00:00,SAMSUN,55,18.4795,7.1295,4.3999996,31.259941,73.0,53.983738,1003.6843,5.48,Snow fall: Moderate
2004-11-20 21:00:00+00:00,SAMSUN,55,6.4795003,2.8795002,48.300007,14.565548,75.0,94.14096,1012.0901,1.65,Snow fall: Heavy
2004-11-21 21:00:00+00:00,SAMSUN,55,5.4295,2.3295,19.499998,21.407139,73.0,86.36172,1014.8885,4.25,Snow fall: Moderate
2004-11-22 21:00:00+00:00,SAMSUN,55,6.2795,-1.9705,5.4999995,19.191748,73.0,78.27563,1019.7558,8.17,Snow fall: Moderate
2004-11-23 21:00:00+00:00,SAMSUN,55,8.9295,0.5795001,0.1,25.872456,51.0,61.530716,1014.7862,6.17,Drizzle: Light
2004-11-24 21:00:00+00:00,SAMSUN,55,5.9795003,3.2295,22.699999,13.397612,75.0,89.12093,1011.85834,0.99,Snow fall: Heavy
2004-11-25 21:00:00+00:00,SAMSUN,55,4.8295,2.8795002,19.000004,20.523157,73.0,92.46677,1015.30426,3.98,Snow fall: Moderate
2004-11-26 21:00:00+00:00,SAMSUN,55,6.0795,1.8295,0.0,20.073025,71.0,71.32096,1021.50195,6.17,Snow fall: Slight
2004-11-27 21:00:00+00:00,SAMSUN,55,8.9295,1.4795,0.0,21.26744,3.0,61.863865,1022.7097,8.59,Overcast
2004-11-28 21:00:00+00:00,SAMSUN,55,11.1795,3.2795,0.0,17.873556,3.0,60.717564,1024.9365,8.47,Overcast
2004-11-29 21:00:00+00:00,SAMSUN,55,12.4295,5.1795,0.0,22.768396,3.0,59.405315,1021.618,8.08,Overcast
2004-11-30 21:00:00+00:00,SAMSUN,55,9.2795,6.4795003,6.4,15.575981,55.0,82.86991,1024.6967,4.77,Drizzle: Dense
2004-12-01 21:00:00+00:00,SAMSUN,55,11.9795,4.1295,0.0,16.923828,3.0,83.660995,1027.0502,7.82,Overcast
2004-12-02 21:00:00+00:00,SAMSUN,55,13.0295,7.3795,0.0,20.767975,3.0,65.924515,1024.3363,4.22,Overcast
2004-12-03 21:00:00+00:00,SAMSUN,55,16.3295,8.7795,0.4,22.565422,51.0,67.638855,1022.61115,7.36,Drizzle: Light
2004-12-04 21:00:00+00:00,SAMSUN,55,10.129499,6.8295,10.2,11.792404,61.0,89.11731,1028.186,3.18,Rain: Slight
2004-12-05 21:00:00+00:00,SAMSUN,55,10.629499,4.6795,0.0,12.904882,3.0,83.1121,1025.89,7.31,Overcast
2004-12-06 21:00:00+00:00,SAMSUN,55,9.129499,4.3795,6.7999997,19.08,73.0,77.245544,1021.86053,2.71,Snow fall: Moderate
2004-12-07 21:00:00+00:00,SAMSUN,55,9.129499,2.3795002,0.0,9.826088,3.0,80.19544,1027.6637,5.73,Overcast
2004-12-08 21:00:00+00:00,SAMSUN,55,10.1795,2.3295,0.7,14.982228,51.0,74.14235,1022.52826,7.4,Drizzle: Light
2004-12-09 21:00:00+00:00,SAMSUN,55,9.5295,3.5795002,0.0,19.416653,3.0,73.08072,1022.1757,7.0,Overcast
2004-12-10 21:00:00+00:00,SAMSUN,55,6.8795,2.6795,3.4,14.84318,71.0,81.41418,1021.4634,3.72,Snow fall: Slight
2004-12-11 21:00:00+00:00,SAMSUN,55,6.6295,3.4795,4.2,12.43434,71.0,84.658,1025.3052,4.06,Snow fall: Slight
2004-12-12 21:00:00+00:00,SAMSUN,55,9.0295,3.6795,0.0,15.277749,3.0,74.431496,1021.0711,2.75,Overcast
2004-12-13 21:00:00+00:00,SAMSUN,55,5.9795003,0.97950006,9.000001,20.421871,73.0,86.54767,1021.75446,5.93,Snow fall: Moderate
2004-12-14 21:00:00+00:00,SAMSUN,55,3.1795,-0.020499945,4.6000004,18.584509,73.0,80.84755,1024.9899,6.94,Snow fall: Moderate
2004-12-15 21:00:00+00:00,SAMSUN,55,2.5795,-4.6705,4.1,14.007655,73.0,82.86809,1027.1837,5.26,Snow fall: Moderate
2004-12-16 21:00:00+00:00,SAMSUN,55,5.1295,-6.0204997,0.0,16.311613,3.0,75.21425,1023.91754,8.33,Overcast
2004-12-17 21:00:00+00:00,SAMSUN,55,6.8295,0.12950003,0.0,19.523155,3.0,61.357697,1017.27704,8.48,Overcast
2004-12-18 21:00:00+00:00,SAMSUN,55,8.879499,2.9795,0.0,23.540806,3.0,47.618618,1008.8567,4.69,Overcast
2004-12-19 21:00:00+00:00,SAMSUN,55,12.0295,5.0795,0.0,19.255793,3.0,56.1173,1007.3726,7.02,Overcast
2004-12-20 21:00:00+00:00,SAMSUN,55,11.379499,6.2295003,1.1,14.113652,51.0,79.29513,1015.7011,4.06,Drizzle: Light
2004-12-21 21:00:00+00:00,SAMSUN,55,10.4295,6.1295,1.3000001,11.183201,51.0,90.29239,1015.41724,4.76,Drizzle: Light
2004-12-22 21:00:00+00:00,SAMSUN,55,8.7295,5.3795,11.899999,14.57889,71.0,88.15039,1010.2736,1.9,Snow fall: Slight
2004-12-23 21:00:00+00:00,SAMSUN,55,7.7795,4.6295,6.6000004,9.726665,71.0,89.18975,1012.5971,2.52,Snow fall: Slight
2004-12-24 21:00:00+00:00,SAMSUN,55,8.629499,5.3295,5.7,8.404285,53.0,87.706055,1018.8323,3.25,Drizzle: Moderate
2004-12-25 21:00:00+00:00,SAMSUN,55,11.329499,2.9795,0.0,17.22742,0.0,79.45417,1023.81885,8.28,Clear sky
2004-12-26 21:00:00+00:00,SAMSUN,55,11.9795,4.4295,0.0,20.288164,3.0,60.88647,1024.6652,6.88,Overcast
2004-12-27 21:00:00+00:00,SAMSUN,55,15.2795,7.0795,0.0,17.477621,3.0,58.231827,1020.74365,7.39,Overcast
2004-12-28 21:00:00+00:00,SAMSUN,55,15.079499,8.5795,0.0,18.532135,3.0,55.165325,1012.0708,4.23,Overcast
2004-12-29 21:00:00+00:00,SAMSUN,55,16.1295,9.079499,0.0,18.86139,3.0,66.764824,1015.4538,7.86,Overcast
2004-12-30 21:00:00+00:00,SAMSUN,55,10.329499,5.6295,0.3,7.5685663,51.0,92.93115,1022.70807,3.39,Drizzle: Light
2004-12-31 21:00:00+00:00,SAMSUN,55,11.579499,6.5795,0.0,7.2805495,3.0,86.71155,1017.6276,7.0,Overcast
2005-01-01 21:00:00+00:00,SAMSUN,55,8.5295,6.1295,7.8999996,18.391737,53.0,87.542816,1013.3669,2.08,Drizzle: Moderate
2005-01-02 21:00:00+00:00,SAMSUN,55,7.7295003,2.6795,1.9000001,12.538134,71.0,86.44416,1016.34595,5.83,Snow fall: Slight
2005-01-03 21:00:00+00:00,SAMSUN,55,8.5295,1.4295001,2.6999998,7.928177,53.0,87.40786,1016.7067,6.19,Drizzle: Moderate
2005-01-04 21:00:00+00:00,SAMSUN,55,8.379499,3.0795002,4.2,12.599998,73.0,79.773964,1017.4741,7.07,Snow fall: Moderate
2005-01-05 21:00:00+00:00,SAMSUN,55,8.879499,3.7295,2.5,16.78156,71.0,79.73623,1021.8252,5.43,Snow fall: Slight
2005-01-06 21:00:00+00:00,SAMSUN,55,10.0295,2.2795,0.0,7.754637,3.0,82.25363,1022.7171,5.21,Overcast
2005-01-07 21:00:00+00:00,SAMSUN,55,9.9295,2.2295,0.1,5.904439,51.0,86.79368,1028.0253,6.13,Drizzle: Light
2005-01-08 21:00:00+00:00,SAMSUN,55,11.4795,1.8795,0.0,13.979872,0.0,81.44066,1025.9598,8.79,Clear sky
2005-01-09 21:00:00+00:00,SAMSUN,55,11.879499,4.0795,0.1,19.107151,51.0,73.78098,1024.167,7.69,Drizzle: Light
2005-01-10 21:00:00+00:00,SAMSUN,55,11.5295,4.3795,0.0,12.641076,3.0,73.350716,1027.2661,5.97,Overcast
2005-01-11 21:00:00+00:00,SAMSUN,55,13.4795,3.9295,0.0,12.768586,3.0,72.82612,1025.3131,5.85,Overcast
2005-01-12 21:00:00+00:00,SAMSUN,55,13.6795,3.5295,0.0,11.792404,0.0,81.6616,1021.13153,9.3,Clear sky
2005-01-13 21:00:00+00:00,SAMSUN,55,12.0295,4.2795,0.0,11.4862,3.0,85.2213,1015.8,8.99,Overcast
2005-01-14 21:00:00+00:00,SAMSUN,55,8.5295,5.4295,0.3,10.028439,51.0,90.58752,1015.27496,4.1,Drizzle: Light
2005-01-15 21:00:00+00:00,SAMSUN,55,10.4295,5.4295,0.2,10.30883,51.0,88.710846,1015.78174,6.18,Drizzle: Light
2005-01-16 21:00:00+00:00,SAMSUN,55,9.579499,6.0795,0.5,10.195057,51.0,90.4835,1018.6177,6.19,Drizzle: Light
2005-01-17 21:00:00+00:00,SAMSUN,55,8.8295,5.2795,0.0,10.233123,3.0,89.04917,1014.0598,6.29,Overcast
2005-01-18 21:00:00+00:00,SAMSUN,55,9.6795,3.2795,0.0,7.289444,3.0,86.57965,1010.0535,6.84,Overcast
2005-01-19 21:00:00+00:00,SAMSUN,55,11.829499,0.5795001,0.0,11.91812,1.0,84.756935,1014.084,9.87,Mainly clear
2005-01-20 21:00:00+00:00,SAMSUN,55,12.579499,4.6795,0.0,19.05281,3.0,59.39443,1010.4614,6.11,Overcast
2005-01-21 21:00:00+00:00,SAMSUN,55,14.2295,6.8295,1.0,14.799459,51.0,68.34921,1002.6065,8.13,Drizzle: Light
2005-01-22 21:00:00+00:00,SAMSUN,55,6.9295,2.7795,20.1,25.068514,75.0,94.880066,1003.12103,2.37,Snow fall: Heavy
2005-01-23 21:00:00+00:00,SAMSUN,55,6.5795,-0.6705,3.6999998,20.240198,73.0,73.81793,1013.8498,9.55,Snow fall: Moderate
2005-01-24 21:00:00+00:00,SAMSUN,55,9.6795,-0.8704999,1.1,16.454008,53.0,67.99094,1014.70966,8.93,Drizzle: Moderate
2005-01-25 21:00:00+00:00,SAMSUN,55,14.629499,7.9295,0.0,24.26998,3.0,51.454998,1012.40826,9.77,Overcast
2005-01-26 21:00:00+00:00,SAMSUN,55,15.329499,7.8795,0.0,25.284714,3.0,45.71992,1009.00604,8.78,Overcast
2005-01-27 21:00:00+00:00,SAMSUN,55,14.5295,6.2295003,0.1,21.897945,51.0,61.485386,1011.1885,6.22,Drizzle: Light
2005-01-28 21:00:00+00:00,SAMSUN,55,16.8795,6.0795,0.0,12.57426,3.0,70.60943,1004.59894,10.27,Overcast
2005-01-29 21:00:00+00:00,SAMSUN,55,15.4295,7.0295,6.2000003,18.971008,63.0,73.31022,1004.01447,7.46,Rain: Moderate
2005-01-30 21:00:00+00:00,SAMSUN,55,6.7295003,3.0295,11.400001,11.013882,73.0,87.21882,1011.97125,3.68,Snow fall: Moderate
2005-01-31 21:00:00+00:00,SAMSUN,55,5.7295003,3.0295,9.5,15.1884165,73.0,89.204,1008.7715,2.66,Snow fall: Moderate
2005-02-01 21:00:00+00:00,SAMSUN,55,9.379499,1.7295,0.0,12.641076,3.0,80.11529,1012.8801,9.12,Overcast
2005-02-02 21:00:00+00:00,SAMSUN,55,9.2295,-0.42049998,0.0,13.584932,3.0,79.53922,1012.2463,8.71,Overcast
2005-02-03 21:00:00+00:00,SAMSUN,55,10.9295,2.3295,0.2,9.659814,51.0,82.711624,1007.16754,10.32,Drizzle: Light
2005-02-04 21:00:00+00:00,SAMSUN,55,6.5795,1.6295,0.70000005,19.296135,71.0,80.49676,1012.29755,6.3,Snow fall: Slight
2005-02-05 21:00:00+00:00,SAMSUN,55,3.9795,1.6295,0.90000004,17.309975,71.0,70.87609,1017.9282,7.29,Snow fall: Slight
2005-02-06 21:00:00+00:00,SAMSUN,55,4.1295,1.3795,2.3000002,23.871555,73.0,74.8398,1021.0988,8.01,Snow fall: Moderate
2005-02-07 21:00:00+00:00,SAMSUN,55,1.6795001,-0.3704999,6.299999,32.47591,73.0,75.66869,1024.977,7.7,Snow fall: Moderate
2005-02-08 21:00:00+00:00,SAMSUN,55,1.5795,-0.2705,3.0999992,29.387999,73.0,74.0254,1028.52,8.1,Snow fall: Moderate
2005-02-09 21:00:00+00:00,SAMSUN,55,1.3795,-1.5704999,1.1,16.870138,71.0,75.67638,1028.7762,8.7,Snow fall: Slight
2005-02-10 21:00:00+00:00,SAMSUN,55,2.4295,-2.8205,0.0,9.726664,3.0,73.6187,1025.4191,10.19,Overcast
2005-02-11 21:00:00+00:00,SAMSUN,55,3.8295002,-2.4204998,0.0,9.9571085,1.0,74.81305,1021.2624,13.24,Mainly clear
2005-02-12 21:00:00+00:00,SAMSUN,55,7.6295,-6.3705,0.0,24.33664,3.0,57.846573,1013.5681,14.0,Overcast
2005-02-13 21:00:00+00:00,SAMSUN,55,14.329499,5.0795,0.0,30.432245,3.0,43.87619,1010.0937,13.36,Overcast
2005-02-14 21:00:00+00:00,SAMSUN,55,16.0795,6.5795,0.0,23.03156,2.0,53.0446,1012.41626,13.53,Partly cloudy
2005-02-15 21:00:00+00:00,SAMSUN,55,15.829499,5.9295,0.0,16.516901,3.0,53.548553,1011.4304,10.89,Overcast
2005-02-16 21:00:00+00:00,SAMSUN,55,17.9795,7.4295,0.0,16.485485,2.0,58.447857,1009.8017,12.75,Partly cloudy
2005-02-17 21:00:00+00:00,SAMSUN,55,13.9795,7.1295,7.2,14.57889,63.0,75.24974,1008.2846,7.1,Rain: Moderate
2005-02-18 21:00:00+00:00,SAMSUN,55,7.3795,5.9295,11.0,10.630672,63.0,93.17559,1010.47687,3.07,Rain: Moderate
2005-02-19 21:00:00+00:00,SAMSUN,55,9.829499,5.2795,7.100001,9.885262,55.0,91.64703,1008.0742,8.43,Drizzle: Dense
2005-02-20 21:00:00+00:00,SAMSUN,55,9.9295,4.2795,0.1,8.654986,51.0,87.16311,1013.3929,12.13,Drizzle: Light
2005-02-21 21:00:00+00:00,SAMSUN,55,12.629499,1.5795,0.8,8.707237,51.0,81.315895,1016.9043,11.47,Drizzle: Light
2005-02-22 21:00:00+00:00,SAMSUN,55,13.829499,2.5295,0.0,10.137692,3.0,82.053795,1016.3626,13.69,Overcast
2005-02-23 21:00:00+00:00,SAMSUN,55,13.579499,4.1795,3.1999998,13.70839,53.0,82.322205,1013.1281,11.04,Drizzle: Moderate
2005-02-24 21:00:00+00:00,SAMSUN,55,13.6795,4.6295,4.1,11.480557,53.0,90.22593,1013.7896,13.3,Drizzle: Moderate
2005-02-25 21:00:00+00:00,SAMSUN,55,14.6795,4.3795,0.0,8.427383,3.0,83.07977,1009.93,7.66,Overcast
2005-02-26 21:00:00+00:00,SAMSUN,55,18.3295,5.4795003,0.0,20.929594,3.0,63.01608,999.14404,11.05,Overcast
2005-02-27 21:00:00+00:00,SAMSUN,55,13.629499,1.6795001,23.400003,17.447933,75.0,84.29972,1001.30695,6.91,Snow fall: Heavy
2005-02-28 21:00:00+00:00,SAMSUN,55,2.7795,1.0795001,18.800001,11.165805,75.0,93.806305,1009.8127,4.76,Snow fall: Heavy
2005-03-01 21:00:00+00:00,SAMSUN,55,3.5795002,1.7795,13.1,9.605998,73.0,92.71625,1008.4541,6.27,Snow fall: Moderate
2005-03-02 21:00:00+00:00,SAMSUN,55,4.0795,2.2795,21.700003,12.10157,73.0,93.730385,1007.0513,2.47,Snow fall: Moderate
2005-03-03 21:00:00+00:00,SAMSUN,55,4.7295,1.4295001,3.6000001,15.042659,73.0,85.05984,1018.378,9.24,Snow fall: Moderate
2005-03-04 21:00:00+00:00,SAMSUN,55,13.079499,-1.2705,0.0,13.138765,3.0,76.18366,1014.79865,14.14,Overcast
2005-03-05 21:00:00+00:00,SAMSUN,55,18.6795,8.0295,4.4,21.986542,55.0,63.073498,1004.2959,11.8,Drizzle: Dense
2005-03-06 21:00:00+00:00,SAMSUN,55,13.6795,5.0795,0.2,12.682018,51.0,82.62222,1008.6528,12.38,Drizzle: Light
2005-03-07 21:00:00+00:00,SAMSUN,55,9.7295,4.4795,15.6,29.568253,75.0,90.73724,1002.6595,4.84,Snow fall: Heavy
2005-03-08 21:00:00+00:00,SAMSUN,55,4.6295,2.5295,13.6,20.380579,75.0,86.71625,1010.3828,6.58,Snow fall: Heavy
2005-03-09 21:00:00+00:00,SAMSUN,55,4.4295,1.8295,4.8,14.186923,73.0,84.07337,1012.58856,9.34,Snow fall: Moderate
2005-03-10 21:00:00+00:00,SAMSUN,55,3.8795002,0.27950007,3.6000001,16.327497,73.0,81.85464,1014.24756,13.23,Snow fall: Moderate
2005-03-11 21:00:00+00:00,SAMSUN,55,6.5795,1.4295001,5.2,10.966713,73.0,82.79709,1015.0501,13.16,Snow fall: Moderate
2005-03-12 21:00:00+00:00,SAMSUN,55,15.4795,1.5795,0.0,17.873556,0.0,56.668247,1015.7378,19.67,Clear sky
2005-03-13 21:00:00+00:00,SAMSUN,55,13.379499,3.9795,1.6999999,14.587776,51.0,73.45127,1019.62177,17.36,Drizzle: Light
2005-03-14 21:00:00+00:00,SAMSUN,55,10.129499,4.6295,0.1,10.739832,51.0,87.80453,1024.0195,14.85,Drizzle: Light
2005-03-15 21:00:00+00:00,SAMSUN,55,11.4795,3.1795,0.0,12.261158,3.0,81.079,1023.8012,15.61,Overcast
2005-03-16 21:00:00+00:00,SAMSUN,55,10.829499,4.3295,0.0,10.97262,3.0,86.14924,1025.2906,15.13,Overcast
2005-03-17 21:00:00+00:00,SAMSUN,55,16.279501,3.6295002,1.4,13.324863,51.0,78.41921,1015.5737,17.7,Drizzle: Light
2005-03-18 21:00:00+00:00,SAMSUN,55,19.129501,5.1795,1.8,23.210928,53.0,75.655525,1007.6059,13.77,Drizzle: Moderate
2005-03-19 21:00:00+00:00,SAMSUN,55,3.5295,0.37950003,13.8,16.311613,75.0,84.20867,1017.9028,5.64,Snow fall: Heavy
2005-03-20 21:00:00+00:00,SAMSUN,55,3.8295002,-1.2205,0.1,13.1041975,71.0,71.4301,1021.1765,14.29,Snow fall: Slight
2005-03-21 21:00:00+00:00,SAMSUN,55,4.8795,0.97950006,1.4000001,14.76439,71.0,72.63205,1020.8726,9.56,Snow fall: Slight
2005-03-22 21:00:00+00:00,SAMSUN,55,5.3795,-1.2705,1.5000001,12.849528,71.0,81.44492,1022.1714,15.78,Snow fall: Slight
2005-03-23 21:00:00+00:00,SAMSUN,55,7.6295,1.5795,1.9000001,16.485485,73.0,70.5422,1023.07324,15.16,Snow fall: Moderate
2005-03-24 21:00:00+00:00,SAMSUN,55,5.9795003,2.4795,2.0,12.24,73.0,76.72898,1023.9729,12.54,Snow fall: Moderate
2005-03-25 21:00:00+00:00,SAMSUN,55,12.7295,1.3295001,0.0,9.693296,3.0,80.44645,1017.2991,20.18,Overcast
2005-03-26 21:00:00+00:00,SAMSUN,55,16.029501,3.3295002,4.3,11.726277,53.0,83.11757,1013.70416,16.71,Drizzle: Moderate
2005-03-27 21:00:00+00:00,SAMSUN,55,19.279501,7.8795,12.4,10.594036,63.0,85.95508,1009.4427,11.16,Rain: Moderate
2005-03-28 21:00:00+00:00,SAMSUN,55,18.4295,9.079499,15.000001,14.440443,63.0,87.82541,1008.3106,15.83,Rain: Moderate
2005-03-29 21:00:00+00:00,SAMSUN,55,8.6795,4.4295,1.6,11.681987,51.0,87.882545,1016.51416,6.84,Drizzle: Light
2005-03-30 21:00:00+00:00,SAMSUN,55,5.4295,3.0795002,8.9,12.661564,73.0,84.98809,1016.7903,6.26,Snow fall: Moderate
2005-03-31 21:00:00+00:00,SAMSUN,55,3.2795,2.5295,22.300001,18.359999,75.0,89.15107,1016.6219,5.97,Snow fall: Heavy
2005-04-01 21:00:00+00:00,SAMSUN,55,4.9795003,2.3295,9.0,20.371038,73.0,87.220146,1017.38727,5.51,Snow fall: Moderate
2005-04-02 21:00:00+00:00,SAMSUN,55,5.4295,3.2295,4.5999994,25.233404,71.0,81.56249,1019.96533,10.7,Snow fall: Slight
2005-04-03 21:00:00+00:00,SAMSUN,55,6.2295003,3.2795,4.0,20.833395,73.0,75.56413,1028.4526,9.82,Snow fall: Moderate
2005-04-04 21:00:00+00:00,SAMSUN,55,7.9795003,0.5795001,0.0,13.32,3.0,76.91924,1031.8241,15.05,Overcast
2005-04-05 21:00:00+00:00,SAMSUN,55,9.329499,2.1295002,0.0,12.768586,3.0,82.81986,1028.1003,16.77,Overcast
2005-04-06 21:00:00+00:00,SAMSUN,55,12.829499,1.2795,0.0,11.966953,3.0,88.55048,1022.3465,22.98,Overcast
2005-04-07 21:00:00+00:00,SAMSUN,55,15.1795,5.4295,0.0,9.290511,3.0,87.61628,1015.13934,19.81,Overcast
2005-04-08 21:00:00+00:00,SAMSUN,55,17.4295,7.2795,0.6,10.446206,51.0,83.5123,1012.92236,20.26,Drizzle: Light
2005-04-09 21:00:00+00:00,SAMSUN,55,18.879501,8.0795,0.0,8.714677,1.0,80.895226,1015.7754,21.84,Mainly clear
2005-04-10 21:00:00+00:00,SAMSUN,55,19.6795,8.0795,0.0,8.669949,0.0,77.59806,1017.1455,23.52,Clear sky
2005-04-11 21:00:00+00:00,SAMSUN,55,21.2295,8.8295,0.0,9.6932955,3.0,81.159256,1013.9363,23.44,Overcast
2005-04-12 21:00:00+00:00,SAMSUN,55,22.3295,11.379499,0.0,11.013882,3.0,77.6601,1006.88446,16.4,Overcast
2005-04-13 21:00:00+00:00,SAMSUN,55,18.4795,10.9795,1.9000001,13.450708,53.0,70.013535,1005.17377,19.93,Drizzle: Moderate
2005-04-14 21:00:00+00:00,SAMSUN,55,15.9795,9.7295,1.9000001,10.685391,53.0,84.41985,1007.46136,20.17,Drizzle: Moderate
2005-04-15 21:00:00+00:00,SAMSUN,55,16.4295,7.1295,2.4,10.587917,53.0,85.99035,1008.6819,14.18,Drizzle: Moderate
2005-04-16 21:00:00+00:00,SAMSUN,55,23.4795,9.6795,0.0,13.392774,3.0,69.55925,1007.49023,23.59,Overcast
2005-04-17 21:00:00+00:00,SAMSUN,55,27.7295,13.079499,1.0,21.710716,53.0,58.4829,1003.243,19.05,Drizzle: Moderate
2005-04-18 21:00:00+00:00,SAMSUN,55,17.779501,10.7795,2.2,20.188908,53.0,76.89367,1002.69336,18.17,Drizzle: Moderate
2005-04-19 21:00:00+00:00,SAMSUN,55,18.629501,7.1795,0.0,10.8955765,3.0,77.25407,1010.5249,23.45,Overcast
2005-04-20 21:00:00+00:00,SAMSUN,55,20.129501,9.579499,0.0,9.726664,3.0,77.28399,1011.6932,24.21,Overcast
2005-04-21 21:00:00+00:00,SAMSUN,55,24.4295,11.1795,15.200001,17.25373,63.0,77.122215,1008.5556,17.97,Rain: Moderate
2005-04-22 21:00:00+00:00,SAMSUN,55,13.2295,8.4795,8.4,15.281989,61.0,90.14486,1013.6411,8.11,Rain: Slight
2005-04-23 21:00:00+00:00,SAMSUN,55,10.4795,7.8795,8.499999,11.525623,55.0,84.31622,1021.9155,8.9,Drizzle: Dense
2005-04-24 21:00:00+00:00,SAMSUN,55,13.1795,7.1295,0.0,13.089354,2.0,82.27783,1021.0328,18.33,Partly cloudy
2005-04-25 21:00:00+00:00,SAMSUN,55,16.5795,5.6295,0.0,12.43434,3.0,84.66317,1014.5562,25.98,Overcast
2005-04-26 21:00:00+00:00,SAMSUN,55,17.6795,7.1295,3.6999998,14.471821,61.0,87.060356,1010.17993,21.45,Rain: Slight
2005-04-27 21:00:00+00:00,SAMSUN,55,14.4795,10.5295,4.2999997,13.493999,55.0,90.89047,1013.5712,13.01,Drizzle: Dense
2005-04-28 21:00:00+00:00,SAMSUN,55,16.4295,9.9795,0.0,14.372974,3.0,83.70649,1009.9763,22.48,Overcast
2005-04-29 21:00:00+00:00,SAMSUN,55,11.2795,8.129499,11.5,12.7279215,61.0,90.388916,1007.9019,5.4,Rain: Slight
2005-04-30 21:00:00+00:00,SAMSUN,55,12.9795,8.6795,0.1,13.004922,51.0,83.6047,1011.9102,15.31,Drizzle: Light
2005-05-01 21:00:00+00:00,SAMSUN,55,13.579499,8.879499,2.6,14.512064,53.0,83.3684,1014.7204,13.36,Drizzle: Moderate
2005-05-02 21:00:00+00:00,SAMSUN,55,16.2295,7.7295003,6.8999996,21.407139,63.0,82.74612,1010.5462,17.85,Rain: Moderate
2005-05-03 21:00:00+00:00,SAMSUN,55,12.7795,8.5295,3.8,21.2522,53.0,80.375534,1012.1757,10.14,Drizzle: Moderate
2005-05-04 21:00:00+00:00,SAMSUN,55,18.879501,6.2795,0.0,11.923557,3.0,78.9394,1008.5759,26.6,Overcast
2005-05-05 21:00:00+00:00,SAMSUN,55,22.4295,10.4795,1.2,10.636766,53.0,77.34082,1005.3405,22.82,Drizzle: Moderate
2005-05-06 21:00:00+00:00,SAMSUN,55,24.3295,14.1795,0.1,21.67487,51.0,73.06295,1005.1778,18.98,Drizzle: Light
2005-05-07 21:00:00+00:00,SAMSUN,55,21.029501,12.6795,7.6,14.007655,61.0,80.81583,1004.543,19.72,Rain: Slight
2005-05-08 21:00:00+00:00,SAMSUN,55,17.4295,12.579499,1.0,11.609651,51.0,82.130196,1013.4251,20.06,Drizzle: Light
2005-05-09 21:00:00+00:00,SAMSUN,55,19.6795,9.5295,0.0,10.966713,2.0,89.53772,1015.2061,25.36,Partly cloudy
2005-05-10 21:00:00+00:00,SAMSUN,55,19.029501,11.0295,0.0,11.770403,1.0,83.31042,1014.3803,26.89,Mainly clear
2005-05-11 21:00:00+00:00,SAMSUN,55,19.879501,10.5295,0.0,9.885262,3.0,82.10779,1013.9224,24.57,Overcast
2005-05-12 21:00:00+00:00,SAMSUN,55,15.629499,12.629499,11.200001,11.792404,61.0,92.700005,1017.52875,5.12,Rain: Slight
2005-05-13 21:00:00+00:00,SAMSUN,55,16.1795,10.079499,3.3000004,15.94601,53.0,84.49896,1020.57446,20.78,Drizzle: Moderate
2005-05-14 21:00:00+00:00,SAMSUN,55,16.5795,7.6795,0.0,13.392774,3.0,78.37916,1019.2656,27.5,Overcast
2005-05-15 21:00:00+00:00,SAMSUN,55,17.879501,7.3795,0.0,12.783802,3.0,81.70781,1015.61725,27.48,Overcast
2005-05-16 21:00:00+00:00,SAMSUN,55,18.7295,9.2295,0.0,12.783802,3.0,85.45517,1016.678,27.48,Overcast
2005-05-17 21:00:00+00:00,SAMSUN,55,19.3295,11.079499,0.0,12.096214,3.0,84.23725,1017.38666,28.05,Overcast
2005-05-18 21:00:00+00:00,SAMSUN,55,21.8295,11.4295,0.0,10.587918,3.0,84.67328,1011.7261,27.53,Overcast
2005-05-19 21:00:00+00:00,SAMSUN,55,24.2295,12.9795,0.5,11.592894,51.0,83.214035,1009.44867,25.09,Drizzle: Light
2005-05-20 21:00:00+00:00,SAMSUN,55,23.279501,15.879499,1.3,11.019764,53.0,84.52325,1009.11664,22.98,Drizzle: Moderate
2005-05-21 21:00:00+00:00,SAMSUN,55,21.779501,15.379499,1.1,15.137133,53.0,90.54937,1008.56696,22.64,Drizzle: Moderate
2005-05-22 21:00:00+00:00,SAMSUN,55,18.779501,14.2795,3.2000003,12.522619,55.0,86.87506,1011.5363,16.98,Drizzle: Dense
2005-05-23 21:00:00+00:00,SAMSUN,55,19.4795,12.629499,0.0,13.513193,3.0,85.23563,1011.26495,21.73,Overcast
2005-05-24 21:00:00+00:00,SAMSUN,55,18.5795,13.629499,4.1,11.384198,53.0,88.082184,1009.8364,15.8,Drizzle: Moderate
2005-05-25 21:00:00+00:00,SAMSUN,55,19.5795,14.4295,1.1,12.496718,53.0,87.975044,1010.3929,17.13,Drizzle: Moderate
2005-05-26 21:00:00+00:00,SAMSUN,55,19.9295,15.2795,2.8,10.829958,53.0,87.87705,1011.86285,15.99,Drizzle: Moderate
2005-05-27 21:00:00+00:00,SAMSUN,55,21.129501,14.7295,0.3,12.55879,51.0,87.83393,1012.3155,23.03,Drizzle: Light
2005-05-28 21:00:00+00:00,SAMSUN,55,21.2295,15.379499,0.0,10.829958,3.0,85.84626,1011.7031,22.82,Overcast
2005-05-29 21:00:00+00:00,SAMSUN,55,22.0795,14.829499,0.0,11.592894,3.0,86.160126,1010.5302,20.71,Overcast
2005-05-30 21:00:00+00:00,SAMSUN,55,22.9295,16.4795,2.1,11.119281,61.0,87.700325,1008.18915,22.8,Rain: Slight
2005-05-31 21:00:00+00:00,SAMSUN,55,23.2295,16.279501,13.499999,11.177405,63.0,90.27071,1005.908,17.7,Rain: Moderate
2005-06-01 21:00:00+00:00,SAMSUN,55,20.9295,15.7795,14.8,17.072504,63.0,86.1728,1009.8349,11.48,Rain: Moderate
2005-06-02 21:00:00+00:00,SAMSUN,55,18.9795,13.4295,0.0,13.708391,3.0,75.94645,1017.74115,21.48,Overcast
2005-06-03 21:00:00+00:00,SAMSUN,55,18.279501,11.2795,0.1,12.496718,51.0,78.67342,1017.4072,17.51,Drizzle: Light
2005-06-04 21:00:00+00:00,SAMSUN,55,19.629501,13.1795,0.0,12.397806,2.0,74.68143,1015.5068,21.08,Partly cloudy
2005-06-05 21:00:00+00:00,SAMSUN,55,22.279501,10.9795,0.0,12.218805,3.0,74.999825,1013.54346,29.1,Overcast
2005-06-06 21:00:00+00:00,SAMSUN,55,24.629501,12.129499,0.0,11.183201,1.0,83.0416,1013.0081,28.79,Mainly clear
2005-06-07 21:00:00+00:00,SAMSUN,55,24.4795,15.379499,0.0,11.457958,1.0,84.505486,1012.076,28.02,Mainly clear
2005-06-08 21:00:00+00:00,SAMSUN,55,24.5795,14.129499,0.0,12.245293,3.0,80.45797,1009.0595,29.44,Overcast
2005-06-09 21:00:00+00:00,SAMSUN,55,22.8295,14.329499,0.1,11.525623,51.0,84.31208,1007.8308,27.63,Drizzle: Light
2005-06-10 21:00:00+00:00,SAMSUN,55,21.779501,16.029501,13.900001,15.542662,63.0,87.8649,1006.4786,20.12,Rain: Moderate
2005-06-11 21:00:00+00:00,SAMSUN,55,20.6795,14.379499,0.0,13.797913,2.0,77.74238,1013.0364,22.31,Partly cloudy
2005-06-12 21:00:00+00:00,SAMSUN,55,20.3295,15.9795,0.2,16.746773,51.0,78.2409,1013.42755,20.16,Drizzle: Light
2005-06-13 21:00:00+00:00,SAMSUN,55,21.279501,13.4295,0.0,11.966953,3.0,81.208275,1013.465,21.56,Overcast
2005-06-14 21:00:00+00:00,SAMSUN,55,21.1795,16.529501,5.599999,15.379206,53.0,87.00418,1013.61664,16.1,Drizzle: Moderate
2005-06-15 21:00:00+00:00,SAMSUN,55,23.5795,17.029501,0.1,8.669949,51.0,74.522354,1014.28394,24.6,Drizzle: Light
2005-06-16 21:00:00+00:00,SAMSUN,55,24.5795,15.6795,0.0,12.43434,3.0,81.64792,1016.28564,26.65,Overcast
2005-06-17 21:00:00+00:00,SAMSUN,55,24.7295,15.579499,0.0,10.966713,2.0,78.03112,1012.5627,28.54,Partly cloudy
2005-06-18 21:00:00+00:00,SAMSUN,55,25.4295,15.579499,2.7,18.72346,53.0,84.27813,1005.5119,22.63,Drizzle: Moderate
2005-06-19 21:00:00+00:00,SAMSUN,55,21.4795,16.8295,9.199999,12.10157,61.0,84.075195,1007.26154,20.87,Rain: Slight
2005-06-20 21:00:00+00:00,SAMSUN,55,21.3295,14.579499,7.6,12.979984,63.0,84.84536,1008.5229,21.71,Rain: Moderate
2005-06-21 21:00:00+00:00,SAMSUN,55,20.9295,14.4795,3.4999998,12.682018,61.0,78.62553,1012.95917,22.22,Rain: Slight
2005-06-22 21:00:00+00:00,SAMSUN,55,21.529501,13.2295,0.0,13.397612,2.0,73.55213,1017.33887,25.88,Partly cloudy
2005-06-23 21:00:00+00:00,SAMSUN,55,22.2295,11.6795,0.0,15.94601,1.0,79.13855,1013.18823,29.48,Mainly clear
2005-06-24 21:00:00+00:00,SAMSUN,55,21.529501,14.379499,1.2,18.58451,51.0,82.746765,1014.4117,19.32,Drizzle: Light
2005-06-25 21:00:00+00:00,SAMSUN,55,22.879501,16.3295,0.3,16.645864,51.0,77.23978,1014.51874,23.84,Drizzle: Light
2005-06-26 21:00:00+00:00,SAMSUN,55,24.0795,14.9295,0.0,10.464797,3.0,76.242325,1012.13403,28.67,Overcast
2005-06-27 21:00:00+00:00,SAMSUN,55,23.9795,14.079499,0.0,12.261157,0.0,74.43811,1009.0865,28.77,Clear sky
2005-06-28 21:00:00+00:00,SAMSUN,55,22.6795,15.579499,0.0,11.988594,3.0,81.129944,1007.7592,22.0,Overcast
2005-06-29 21:00:00+00:00,SAMSUN,55,24.0795,16.9295,0.0,12.768586,2.0,81.39381,1008.11053,26.49,Partly cloudy
2005-06-30 21:00:00+00:00,SAMSUN,55,25.879501,15.829499,0.0,10.97262,3.0,80.77454,1007.7941,28.32,Overcast
2005-07-01 21:00:00+00:00,SAMSUN,55,26.4295,19.129501,0.0,13.570615,0.0,78.50007,1006.54474,26.59,Clear sky
2005-07-02 21:00:00+00:00,SAMSUN,55,26.9295,18.279501,0.0,14.118243,3.0,85.39664,1002.30206,26.63,Overcast
2005-07-03 21:00:00+00:00,SAMSUN,55,26.3295,18.129501,3.6000001,13.584932,61.0,88.72815,998.5129,25.07,Rain: Slight
2005-07-04 21:00:00+00:00,SAMSUN,55,24.6795,20.4795,9.8,13.896187,61.0,86.6582,1001.5688,17.23,Rain: Slight
2005-07-05 21:00:00+00:00,SAMSUN,55,23.279501,19.5795,3.2,16.870138,61.0,76.59035,1008.3714,21.92,Rain: Slight
2005-07-06 21:00:00+00:00,SAMSUN,55,24.4295,16.2295,0.0,14.168641,3.0,79.685776,1009.91266,28.21,Overcast
2005-07-07 21:00:00+00:00,SAMSUN,55,25.6795,17.2295,0.0,12.88981,3.0,82.54878,1011.6633,27.45,Overcast
2005-07-08 21:00:00+00:00,SAMSUN,55,24.5795,19.029501,0.0,12.538134,2.0,78.235016,1013.28613,25.14,Partly cloudy
2005-07-09 21:00:00+00:00,SAMSUN,55,26.2295,16.779501,0.0,12.4811535,3.0,79.65136,1012.7684,27.51,Overcast
2005-07-10 21:00:00+00:00,SAMSUN,55,26.379501,17.879501,0.0,12.88981,3.0,79.508255,1013.7727,28.2,Overcast
2005-07-11 21:00:00+00:00,SAMSUN,55,26.6795,17.529501,0.0,14.039999,2.0,78.69559,1012.3157,28.13,Partly cloudy
2005-07-12 21:00:00+00:00,SAMSUN,55,27.4295,19.4795,0.2,17.462782,51.0,82.805695,1005.9954,26.75,Drizzle: Light
2005-07-13 21:00:00+00:00,SAMSUN,55,26.7295,20.879501,0.2,14.145756,51.0,79.58731,1006.6091,21.34,Drizzle: Light
2005-07-14 21:00:00+00:00,SAMSUN,55,26.379501,18.4295,0.0,12.144331,1.0,78.215096,1007.1262,24.4,Mainly clear
2005-07-15 21:00:00+00:00,SAMSUN,55,23.2295,19.779501,7.6000004,15.546833,61.0,83.260475,1006.341,12.59,Rain: Slight
2005-07-16 21:00:00+00:00,SAMSUN,55,26.879501,18.8295,0.8,12.538134,53.0,73.89617,1009.8227,22.56,Drizzle: Moderate
2005-07-17 21:00:00+00:00,SAMSUN,55,26.6795,17.4795,0.0,12.979984,1.0,73.49701,1011.2465,27.77,Mainly clear
2005-07-18 21:00:00+00:00,SAMSUN,55,26.7295,18.5795,0.0,11.792404,0.0,73.10794,1014.56006,27.43,Clear sky
2005-07-19 21:00:00+00:00,SAMSUN,55,27.279501,17.2295,0.0,13.237039,0.0,72.63232,1012.16144,28.38,Clear sky
2005-07-20 21:00:00+00:00,SAMSUN,55,26.129501,19.779501,0.0,13.104198,0.0,74.67899,1009.54034,27.99,Clear sky
2005-07-21 21:00:00+00:00,SAMSUN,55,26.279501,18.6795,0.0,15.509274,2.0,75.03154,1006.93097,26.4,Partly cloudy
2005-07-22 21:00:00+00:00,SAMSUN,55,25.4295,20.529501,0.2,12.538134,51.0,80.47408,1006.5318,16.57,Drizzle: Light
2005-07-23 21:00:00+00:00,SAMSUN,55,27.529501,20.779501,0.0,15.158522,2.0,79.88186,1005.8074,23.1,Partly cloudy
2005-07-24 21:00:00+00:00,SAMSUN,55,27.5795,19.9795,0.0,18.03237,3.0,77.41657,1007.751,24.66,Overcast
2005-07-25 21:00:00+00:00,SAMSUN,55,25.279501,18.379501,0.0,13.441071,2.0,75.59796,1012.49243,20.07,Partly cloudy
2005-07-26 21:00:00+00:00,SAMSUN,55,24.9295,17.4795,0.0,13.493999,1.0,73.865845,1013.81354,20.98,Mainly clear
2005-07-27 21:00:00+00:00,SAMSUN,55,26.3295,19.2295,0.1,13.722565,51.0,78.65163,1012.559,17.36,Drizzle: Light
2005-07-28 21:00:00+00:00,SAMSUN,55,27.7295,21.2295,0.5,19.134262,51.0,82.87791,1010.416,20.4,Drizzle: Light
2005-07-29 21:00:00+00:00,SAMSUN,55,28.2295,21.9795,0.0,15.876775,2.0,79.57793,1008.6457,24.58,Partly cloudy
2005-07-30 21:00:00+00:00,SAMSUN,55,28.4795,22.2295,0.0,12.599999,2.0,75.907295,1005.97876,22.78,Partly cloudy
2005-07-31 21:00:00+00:00,SAMSUN,55,29.0795,21.7295,0.0,16.327497,2.0,75.6178,1004.8272,21.12,Partly cloudy
2005-08-01 21:00:00+00:00,SAMSUN,55,29.3295,23.3295,0.3,23.686249,51.0,69.03886,1005.8244,25.08,Drizzle: Light
2005-08-02 21:00:00+00:00,SAMSUN,55,28.8295,22.7295,1.0,24.014996,53.0,69.09621,1007.844,24.9,Drizzle: Moderate
2005-08-03 21:00:00+00:00,SAMSUN,55,28.029501,22.1795,1.0,14.869351,51.0,78.93873,1007.4426,20.57,Drizzle: Light
2005-08-04 21:00:00+00:00,SAMSUN,55,28.779501,20.4795,0.0,13.684735,2.0,81.88235,1004.8628,24.93,Partly cloudy
2005-08-05 21:00:00+00:00,SAMSUN,55,29.9295,21.629501,0.0,14.118243,2.0,84.63092,1002.3472,25.47,Partly cloudy
2005-08-06 21:00:00+00:00,SAMSUN,55,29.3295,21.7295,0.0,15.986595,2.0,84.509674,1000.3013,23.74,Partly cloudy
2005-08-07 21:00:00+00:00,SAMSUN,55,27.779501,22.4795,0.0,13.324863,2.0,75.62184,1006.0933,21.46,Partly cloudy
2005-08-08 21:00:00+00:00,SAMSUN,55,27.2295,20.029501,0.0,15.683774,1.0,77.16341,1010.4499,23.4,Mainly clear
2005-08-09 21:00:00+00:00,SAMSUN,55,26.2295,21.129501,1.9000002,17.015474,51.0,79.784256,1010.8623,17.34,Drizzle: Light
2005-08-10 21:00:00+00:00,SAMSUN,55,26.279501,20.629501,0.5,12.24,51.0,75.5376,1011.40204,19.82,Drizzle: Light
2005-08-11 21:00:00+00:00,SAMSUN,55,26.529501,19.4295,0.0,14.4,2.0,77.167076,1012.38086,20.45,Partly cloudy
2005-08-12 21:00:00+00:00,SAMSUN,55,27.129501,18.529501,0.0,14.336861,2.0,76.29529,1013.12506,23.93,Partly cloudy
2005-08-13 21:00:00+00:00,SAMSUN,55,28.279501,18.779501,0.0,14.118243,1.0,76.843475,1010.4707,24.79,Mainly clear
2005-08-14 21:00:00+00:00,SAMSUN,55,30.8295,19.1795,0.0,16.071491,0.0,77.281456,1006.21484,24.83,Clear sky
2005-08-15 21:00:00+00:00,SAMSUN,55,28.4795,22.029501,0.2,12.096214,51.0,85.12239,1006.93994,22.24,Drizzle: Light
2005-08-16 21:00:00+00:00,SAMSUN,55,28.9295,20.029501,0.0,11.212135,3.0,77.09059,1006.11035,25.26,Overcast
2005-08-17 21:00:00+00:00,SAMSUN,55,28.9295,19.529501,0.1,14.917212,51.0,80.090065,1005.8697,24.55,Drizzle: Light
2005-08-18 21:00:00+00:00,SAMSUN,55,27.029501,21.6795,0.3,14.512064,51.0,82.11424,1009.35236,15.38,Drizzle: Light
2005-08-19 21:00:00+00:00,SAMSUN,55,27.1795,20.279501,0.0,17.698677,2.0,76.74128,1008.20465,19.2,Partly cloudy
2005-08-20 21:00:00+00:00,SAMSUN,55,25.4295,22.1795,4.2999997,23.507753,61.0,73.34975,1007.73334,16.31,Rain: Slight
2005-08-21 21:00:00+00:00,SAMSUN,55,26.4795,19.7295,0.0,15.84,2.0,66.37551,1010.60126,21.3,Partly cloudy
2005-08-22 21:00:00+00:00,SAMSUN,55,28.5795,15.379499,0.0,14.118243,3.0,74.82013,1007.05145,24.24,Overcast
2005-08-23 21:00:00+00:00,SAMSUN,55,27.529501,19.529501,0.0,14.799459,2.0,82.68363,1005.612,20.25,Partly cloudy
2005-08-24 21:00:00+00:00,SAMSUN,55,26.879501,21.1795,0.0,14.471821,2.0,80.895905,1008.4883,17.49,Partly cloudy
2005-08-25 21:00:00+00:00,SAMSUN,55,27.129501,20.2295,0.0,14.20062,2.0,81.113235,1011.3842,19.95,Partly cloudy
2005-08-26 21:00:00+00:00,SAMSUN,55,25.9795,20.3295,1.7000002,15.716793,51.0,82.07677,1011.8941,15.29,Drizzle: Light
2005-08-27 21:00:00+00:00,SAMSUN,55,26.9795,21.379501,0.0,15.111424,3.0,75.71293,1013.31396,19.67,Overcast
2005-08-28 21:00:00+00:00,SAMSUN,55,26.629501,20.1795,0.2,18.1041,51.0,76.49508,1015.7759,18.85,Drizzle: Light
2005-08-29 21:00:00+00:00,SAMSUN,55,27.029501,19.629501,0.0,20.345573,1.0,71.63033,1016.28735,20.15,Mainly clear
2005-08-30 21:00:00+00:00,SAMSUN,55,26.629501,19.5795,0.0,14.685176,1.0,72.742645,1013.71234,19.24,Mainly clear
2005-08-31 21:00:00+00:00,SAMSUN,55,25.6795,18.779501,0.0,13.527572,2.0,75.15149,1010.31964,18.64,Partly cloudy
2005-09-01 21:00:00+00:00,SAMSUN,55,23.529501,18.9295,3.6000001,15.021105,53.0,71.40061,1013.32227,15.11,Drizzle: Moderate
2005-09-02 21:00:00+00:00,SAMSUN,55,20.629501,17.529501,4.2,14.759999,53.0,72.940575,1014.3068,7.63,Drizzle: Moderate
2005-09-03 21:00:00+00:00,SAMSUN,55,20.129501,16.029501,16.5,17.727943,61.0,85.41635,1014.41693,11.92,Rain: Slight
2005-09-04 21:00:00+00:00,SAMSUN,55,20.7295,15.9795,6.099999,14.372974,53.0,82.39432,1018.1184,15.81,Drizzle: Moderate
2005-09-05 21:00:00+00:00,SAMSUN,55,21.9795,14.2295,0.0,13.854155,3.0,75.85508,1018.8262,18.12,Overcast
2005-09-06 21:00:00+00:00,SAMSUN,55,22.3295,13.829499,0.0,14.113652,2.0,74.49134,1018.1141,18.9,Partly cloudy
2005-09-07 21:00:00+00:00,SAMSUN,55,22.5795,14.2795,0.0,13.039754,2.0,71.764046,1017.53436,16.5,Partly cloudy
2005-09-08 21:00:00+00:00,SAMSUN,55,22.529501,17.9795,5.2999997,11.27553,61.0,80.39847,1014.2375,13.53,Rain: Slight
2005-09-09 21:00:00+00:00,SAMSUN,55,22.879501,17.029501,1.0,10.853866,51.0,81.04508,1010.6114,16.35,Drizzle: Light
2005-09-10 21:00:00+00:00,SAMSUN,55,23.379501,16.1795,0.2,11.966954,51.0,81.39146,1009.4207,14.79,Drizzle: Light
2005-09-11 21:00:00+00:00,SAMSUN,55,24.779501,16.2295,0.0,11.177405,3.0,79.97308,1011.71625,17.7,Overcast
2005-09-12 21:00:00+00:00,SAMSUN,55,25.529501,15.7295,0.0,10.44,2.0,75.87005,1015.0742,19.99,Partly cloudy
2005-09-13 21:00:00+00:00,SAMSUN,55,24.9295,14.9795,0.0,10.44,3.0,77.664764,1014.71454,19.88,Overcast
2005-09-14 21:00:00+00:00,SAMSUN,55,24.379501,14.879499,0.0,12.0694,3.0,79.20957,1009.1341,19.27,Overcast
2005-09-15 21:00:00+00:00,SAMSUN,55,24.4295,16.0795,0.2,10.538843,51.0,85.63046,1006.2744,14.64,Drizzle: Light
2005-09-16 21:00:00+00:00,SAMSUN,55,27.3295,18.7295,0.1,11.720751,51.0,75.720505,1007.1031,17.32,Drizzle: Light
2005-09-17 21:00:00+00:00,SAMSUN,55,25.529501,17.029501,0.0,11.808878,3.0,84.67872,1013.22626,18.07,Overcast
2005-09-18 21:00:00+00:00,SAMSUN,55,24.629501,18.8295,0.0,10.315115,3.0,87.554924,1015.0176,14.75,Overcast
2005-09-19 21:00:00+00:00,SAMSUN,55,25.4795,18.779501,0.0,14.386494,3.0,86.353645,1009.25684,16.51,Overcast
2005-09-20 21:00:00+00:00,SAMSUN,55,25.379501,19.7295,0.2,12.783802,51.0,86.36234,1008.77277,13.81,Drizzle: Light
2005-09-21 21:00:00+00:00,SAMSUN,55,25.7295,19.129501,0.2,12.682018,51.0,89.26125,1009.4744,14.46,Drizzle: Light
2005-09-22 21:00:00+00:00,SAMSUN,55,23.4795,19.9795,1.7,12.964998,53.0,87.51879,1011.14716,10.32,Drizzle: Moderate
2005-09-23 21:00:00+00:00,SAMSUN,55,22.879501,18.2295,11.3,9.0,63.0,87.14136,1010.04517,9.24,Rain: Moderate
2005-09-24 21:00:00+00:00,SAMSUN,55,23.279501,17.379501,6.5,8.39657,61.0,86.0271,1011.0217,13.68,Rain: Slight
2005-09-25 21:00:00+00:00,SAMSUN,55,23.3295,16.279501,1.5000001,8.707237,55.0,85.56091,1014.4454,15.38,Drizzle: Dense
2005-09-26 21:00:00+00:00,SAMSUN,55,22.529501,17.879501,2.0,9.673221,53.0,88.58469,1015.3737,12.89,Drizzle: Moderate
2005-09-27 21:00:00+00:00,SAMSUN,55,21.3295,17.629501,3.6,10.315115,53.0,89.40478,1014.5324,12.73,Drizzle: Moderate
2005-09-28 21:00:00+00:00,SAMSUN,55,20.4795,16.8795,5.1999993,7.4128532,61.0,88.9526,1012.9688,9.8,Rain: Slight
2005-09-29 21:00:00+00:00,SAMSUN,55,21.529501,16.2295,0.4,8.161764,51.0,84.47827,1013.4405,11.03,Drizzle: Light
2005-09-30 21:00:00+00:00,SAMSUN,55,23.529501,15.2795,0.0,11.177405,3.0,86.87513,1014.9024,15.84,Overcast
2005-10-01 21:00:00+00:00,SAMSUN,55,25.629501,14.9295,0.0,9.826088,3.0,84.77676,1012.06244,15.88,Overcast
2005-10-02 21:00:00+00:00,SAMSUN,55,20.3295,17.3295,18.200003,11.384198,63.0,91.18203,1013.1557,6.36,Rain: Moderate
2005-10-03 21:00:00+00:00,SAMSUN,55,20.9795,17.529501,2.1000001,22.392464,51.0,81.12034,1016.40063,11.43,Drizzle: Light
2005-10-04 21:00:00+00:00,SAMSUN,55,19.4295,15.879499,0.0,23.34455,2.0,64.184685,1019.7815,12.85,Partly cloudy
2005-10-05 21:00:00+00:00,SAMSUN,55,19.9795,13.579499,0.0,10.538843,2.0,73.44969,1019.7957,13.93,Partly cloudy
2005-10-06 21:00:00+00:00,SAMSUN,55,15.829499,13.2795,4.8,11.792404,55.0,76.2684,1024.2573,7.77,Drizzle: Dense
2005-10-07 21:00:00+00:00,SAMSUN,55,16.8295,11.9295,0.3,11.770403,51.0,76.19476,1024.9865,10.19,Drizzle: Light
2005-10-08 21:00:00+00:00,SAMSUN,55,17.779501,13.2795,0.0,11.252519,3.0,72.8452,1021.75323,12.43,Overcast
2005-10-09 21:00:00+00:00,SAMSUN,55,17.529501,10.379499,0.0,10.703569,3.0,80.35366,1021.2949,10.85,Overcast
2005-10-10 21:00:00+00:00,SAMSUN,55,17.529501,14.579499,2.2,12.496718,53.0,83.47237,1019.1346,5.77,Drizzle: Moderate
2005-10-11 21:00:00+00:00,SAMSUN,55,18.629501,14.9295,1.7000002,12.641076,51.0,85.63099,1017.4143,8.4,Drizzle: Light
2005-10-12 21:00:00+00:00,SAMSUN,55,17.9295,15.5295,1.6000001,13.570615,51.0,88.54084,1021.5954,5.9,Drizzle: Light
2005-10-13 21:00:00+00:00,SAMSUN,55,16.9795,15.2295,1.4000001,9.3669195,51.0,88.45512,1019.06445,4.31,Drizzle: Light
2005-10-14 21:00:00+00:00,SAMSUN,55,17.379501,14.329499,2.9999998,9.9571085,53.0,90.22587,1016.9277,6.21,Drizzle: Moderate
2005-10-15 21:00:00+00:00,SAMSUN,55,14.9295,13.329499,26.7,8.669949,63.0,93.87286,1009.5971,2.94,Rain: Moderate
2005-10-16 21:00:00+00:00,SAMSUN,55,17.529501,11.9295,19.300001,12.661564,63.0,85.65099,1008.70685,10.84,Rain: Moderate
2005-10-17 21:00:00+00:00,SAMSUN,55,13.2795,10.579499,8.5,14.689588,55.0,83.93485,1015.31744,3.93,Drizzle: Dense
2005-10-18 21:00:00+00:00,SAMSUN,55,14.1795,9.0295,5.2,13.70839,55.0,76.50787,1013.86884,11.32,Drizzle: Dense
2005-10-19 21:00:00+00:00,SAMSUN,55,13.2295,9.7795,0.8,25.43802,51.0,68.88581,1015.1887,8.7,Drizzle: Light
2005-10-20 21:00:00+00:00,SAMSUN,55,14.079499,10.0295,0.0,14.689588,3.0,72.28383,1021.8899,10.26,Overcast
2005-10-21 21:00:00+00:00,SAMSUN,55,17.529501,6.6795,0.0,12.43434,3.0,79.660545,1024.2128,13.83,Overcast
2005-10-22 21:00:00+00:00,SAMSUN,55,19.9295,9.129499,0.0,15.496736,0.0,69.08681,1022.69867,14.16,Clear sky
2005-10-23 21:00:00+00:00,SAMSUN,55,21.4295,9.7795,0.0,15.077082,0.0,67.00888,1018.9106,13.62,Clear sky
2005-10-24 21:00:00+00:00,SAMSUN,55,19.1795,11.4295,1.4000001,11.019764,51.0,78.91067,1021.02295,10.17,Drizzle: Light
2005-10-25 21:00:00+00:00,SAMSUN,55,17.379501,10.879499,0.0,10.739833,3.0,87.28336,1022.5598,10.83,Overcast
2005-10-26 21:00:00+00:00,SAMSUN,55,20.129501,10.829499,0.0,9.931042,3.0,82.69009,1016.3806,12.63,Overcast
2005-10-27 21:00:00+00:00,SAMSUN,55,14.4295,9.2795,6.1,17.49615,53.0,87.68279,1014.89087,5.91,Drizzle: Moderate
2005-10-28 21:00:00+00:00,SAMSUN,55,11.4795,7.8795,3.2000003,17.49615,53.0,78.71596,1021.1962,8.28,Drizzle: Moderate
2005-10-29 21:00:00+00:00,SAMSUN,55,11.379499,8.5795,4.3,16.179987,53.0,81.83575,1018.5781,6.28,Drizzle: Moderate
2005-10-30 21:00:00+00:00,SAMSUN,55,12.5295,7.7795,1.7,12.55879,53.0,81.20283,1017.5769,7.91,Drizzle: Moderate
2005-10-31 21:00:00+00:00,SAMSUN,55,14.129499,5.6795,0.0,11.983188,2.0,76.57724,1020.398,11.31,Partly cloudy
2005-11-01 21:00:00+00:00,SAMSUN,55,10.879499,6.9295,10.699999,8.14587,61.0,84.929756,1019.5527,3.78,Rain: Slight
2005-11-02 21:00:00+00:00,SAMSUN,55,13.9295,5.9795003,0.4,11.480557,51.0,78.5069,1019.29175,11.33,Drizzle: Light
2005-11-03 21:00:00+00:00,SAMSUN,55,12.079499,9.579499,11.500001,21.650938,61.0,85.01324,1016.64667,2.44,Rain: Slight
2005-11-04 21:00:00+00:00,SAMSUN,55,13.1795,11.2795,4.3999996,24.014996,53.0,82.37959,1016.7187,4.08,Drizzle: Moderate
2005-11-05 21:00:00+00:00,SAMSUN,55,13.2795,10.2795,0.2,10.182337,51.0,82.04892,1020.0402,2.97,Drizzle: Light
2005-11-06 21:00:00+00:00,SAMSUN,55,13.879499,9.629499,0.4,9.726665,51.0,87.90931,1022.07416,5.4,Drizzle: Light
2005-11-07 21:00:00+00:00,SAMSUN,55,12.079499,9.2795,0.6,20.240198,51.0,86.52225,1025.1936,4.74,Drizzle: Light
2005-11-08 21:00:00+00:00,SAMSUN,55,13.1795,7.4295,0.0,10.883676,2.0,80.716835,1027.248,9.1,Partly cloudy
2005-11-09 21:00:00+00:00,SAMSUN,55,13.7795,5.2795,0.0,9.686609,3.0,83.85875,1026.6605,10.42,Overcast
2005-11-10 21:00:00+00:00,SAMSUN,55,12.7295,6.1295,0.0,13.556282,3.0,87.79522,1024.9689,8.13,Overcast
2005-11-11 21:00:00+00:00,SAMSUN,55,11.2295,7.7295003,0.1,8.4963045,51.0,83.988625,1023.1706,5.69,Drizzle: Light
2005-11-12 21:00:00+00:00,SAMSUN,55,12.629499,6.4795003,0.0,13.75558,3.0,84.88675,1022.4202,8.49,Overcast
2005-11-13 21:00:00+00:00,SAMSUN,55,12.829499,8.4795,3.2,7.386582,53.0,88.09219,1021.8891,5.21,Drizzle: Moderate
2005-11-14 21:00:00+00:00,SAMSUN,55,13.379499,8.0295,1.2,8.287822,51.0,88.430786,1019.83234,7.92,Drizzle: Light
2005-11-15 21:00:00+00:00,SAMSUN,55,15.129499,7.1795,0.0,12.72283,3.0,80.98643,1014.6021,10.15,Overcast
2005-11-16 21:00:00+00:00,SAMSUN,55,17.129501,8.2795,0.0,22.881958,3.0,56.109158,1010.144,9.98,Overcast
2005-11-17 21:00:00+00:00,SAMSUN,55,15.7295,10.4795,0.0,15.141414,3.0,64.22407,1009.3676,4.63,Overcast
2005-11-18 21:00:00+00:00,SAMSUN,55,15.7295,10.879499,1.8,13.37825,53.0,82.87466,1010.41364,7.53,Drizzle: Moderate
2005-11-19 21:00:00+00:00,SAMSUN,55,15.629499,8.4795,7.8,14.264361,61.0,80.86321,1004.6651,5.13,Rain: Slight
2005-11-20 21:00:00+00:00,SAMSUN,55,7.8295,4.0795,22.799997,19.914215,73.0,88.48531,1010.96893,1.84,Snow fall: Moderate
2005-11-21 21:00:00+00:00,SAMSUN,55,4.5795,1.5295,11.0,14.512064,73.0,87.66778,1025.3378,3.39,Snow fall: Moderate
2005-11-22 21:00:00+00:00,SAMSUN,55,8.129499,-0.42049998,0.0,14.336861,3.0,79.90244,1031.5465,8.06,Overcast
2005-11-23 21:00:00+00:00,SAMSUN,55,11.9795,2.9795,0.0,12.0694,3.0,74.76962,1023.677,8.94,Overcast
2005-11-24 21:00:00+00:00,SAMSUN,55,16.1295,5.7295003,0.0,18.204042,3.0,53.91388,1012.9925,6.13,Overcast
2005-11-25 21:00:00+00:00,SAMSUN,55,13.829499,8.9795,0.1,16.311613,51.0,76.113815,1017.73486,7.24,Drizzle: Light
2005-11-26 21:00:00+00:00,SAMSUN,55,18.3295,9.4795,0.0,12.682018,3.0,76.36661,1015.0015,4.64,Overcast
2005-11-27 21:00:00+00:00,SAMSUN,55,20.879501,11.329499,0.0,19.008547,3.0,69.101265,1010.95917,8.73,Overcast
2005-11-28 21:00:00+00:00,SAMSUN,55,16.5795,11.129499,3.9999998,12.413477,61.0,79.85325,1011.632,6.02,Rain: Slight
2005-11-29 21:00:00+00:00,SAMSUN,55,12.879499,9.2295,2.1,8.473393,53.0,92.3574,1019.7686,5.85,Drizzle: Moderate
2005-11-30 21:00:00+00:00,SAMSUN,55,17.0795,8.379499,0.0,13.854155,3.0,78.42145,1015.2505,8.33,Overcast
2005-12-01 21:00:00+00:00,SAMSUN,55,18.6795,13.1795,0.0,14.8257065,3.0,63.861095,1012.30585,3.86,Overcast
2005-12-02 21:00:00+00:00,SAMSUN,55,13.079499,10.129499,3.3,10.315115,53.0,90.369804,1015.43915,3.95,Drizzle: Moderate
2005-12-03 21:00:00+00:00,SAMSUN,55,15.9795,8.4295,0.0,6.792466,3.0,91.681755,1012.56464,7.48,Overcast
2005-12-04 21:00:00+00:00,SAMSUN,55,14.6795,6.7295003,0.8000001,8.404285,51.0,90.04743,1013.24536,6.83,Drizzle: Light
2005-12-05 21:00:00+00:00,SAMSUN,55,15.4795,8.879499,0.1,13.217443,51.0,86.00889,1016.343,8.2,Drizzle: Light
2005-12-06 21:00:00+00:00,SAMSUN,55,16.8295,8.9295,0.0,15.696165,3.0,75.43128,1016.5174,7.7,Overcast
2005-12-07 21:00:00+00:00,SAMSUN,55,16.6795,9.5295,0.0,15.990646,3.0,69.61871,1015.4816,5.05,Overcast
2005-12-08 21:00:00+00:00,SAMSUN,55,12.379499,8.5795,2.2,16.199999,53.0,82.95681,1022.0408,2.33,Drizzle: Moderate
2005-12-09 21:00:00+00:00,SAMSUN,55,9.7795,7.5295,1.4000001,9.0,51.0,89.445076,1027.1068,1.74,Drizzle: Light
2005-12-10 21:00:00+00:00,SAMSUN,55,8.3295,6.4795003,3.3,10.383987,51.0,89.02439,1030.2994,1.9,Drizzle: Light
2005-12-11 21:00:00+00:00,SAMSUN,55,8.0295,6.3795,0.1,6.489992,51.0,86.9735,1029.2972,2.52,Drizzle: Light
2005-12-12 21:00:00+00:00,SAMSUN,55,10.7795,2.1795,0.0,7.69592,1.0,85.43832,1023.85333,7.86,Mainly clear
2005-12-13 21:00:00+00:00,SAMSUN,55,9.9795,1.6295,0.0,8.427383,3.0,88.12286,1017.4423,7.29,Overcast
2005-12-14 21:00:00+00:00,SAMSUN,55,13.7295,4.0295,1.3000001,14.20062,51.0,84.465996,1005.86725,7.55,Drizzle: Light
2005-12-15 21:00:00+00:00,SAMSUN,55,13.0295,6.1795,0.0,13.905509,3.0,84.70109,1001.10284,6.98,Overcast
2005-12-16 21:00:00+00:00,SAMSUN,55,14.2295,4.3795,1.5000001,19.66536,53.0,71.28869,1000.5246,4.75,Drizzle: Moderate
2005-12-17 21:00:00+00:00,SAMSUN,55,18.9795,10.4795,0.0,24.482647,2.0,53.41435,1002.43243,7.65,Partly cloudy
2005-12-18 21:00:00+00:00,SAMSUN,55,15.829499,3.1295002,14.9,21.897945,75.0,73.82998,1006.8637,4.59,Snow fall: Heavy
2005-12-19 21:00:00+00:00,SAMSUN,55,4.1295,-0.82049996,8.3,15.986593,75.0,77.4572,1021.9383,4.82,Snow fall: Heavy
2005-12-20 21:00:00+00:00,SAMSUN,55,3.5795002,-0.47049993,0.0,6.28713,2.0,77.30589,1024.8539,7.12,Partly cloudy
2005-12-21 21:00:00+00:00,SAMSUN,55,6.1795,-6.2205,0.0,10.44,3.0,73.401024,1021.5708,8.42,Overcast
2005-12-22 21:00:00+00:00,SAMSUN,55,4.4795,-1.6704998,0.0,11.841756,3.0,75.32459,1015.3247,7.02,Overcast
2005-12-23 21:00:00+00:00,SAMSUN,55,2.1295002,0.87950003,9.199999,10.163227,73.0,89.23107,1014.8483,2.98,Snow fall: Moderate
2005-12-24 21:00:00+00:00,SAMSUN,55,5.2295003,-3.4705,0.8,10.028439,71.0,76.3177,1016.075,7.96,Snow fall: Slight
2005-12-25 21:00:00+00:00,SAMSUN,55,6.2295003,-2.6704998,0.0,19.513195,3.0,66.26476,1019.85223,7.86,Overcast
2005-12-26 21:00:00+00:00,SAMSUN,55,7.7795,2.1795,0.0,17.87718,3.0,66.81167,1022.7285,7.4,Overcast
2005-12-27 21:00:00+00:00,SAMSUN,55,12.379499,4.1295,0.0,19.33639,2.0,61.82667,1022.4506,7.92,Partly cloudy
2005-12-28 21:00:00+00:00,SAMSUN,55,13.379499,4.9295,0.0,18.03237,3.0,61.88892,1022.42944,7.97,Overcast
2005-12-29 21:00:00+00:00,SAMSUN,55,13.579499,5.0295,0.0,15.807239,3.0,66.135414,1024.5594,8.2,Overcast
2005-12-30 21:00:00+00:00,SAMSUN,55,11.079499,6.0295,0.0,17.87718,3.0,58.960464,1017.8007,2.73,Overcast
2005-12-31 21:00:00+00:00,SAMSUN,55,10.079499,3.8295002,0.3,9.422101,51.0,88.40008,1022.7347,6.71,Drizzle: Light
2006-01-01 21:00:00+00:00,SAMSUN,55,11.329499,1.7295,0.0,7.4128532,3.0,88.163994,1019.6162,7.88,Overcast
2006-01-02 21:00:00+00:00,SAMSUN,55,13.2295,2.1795,0.0,11.298495,1.0,83.03031,1019.2452,8.25,Mainly clear
2006-01-03 21:00:00+00:00,SAMSUN,55,14.0295,5.5795,0.0,14.20062,3.0,79.44324,1020.05133,7.48,Overcast
2006-01-04 21:00:00+00:00,SAMSUN,55,13.0295,5.6795,1.4000001,11.841756,53.0,77.99598,1016.468,5.5,Drizzle: Moderate
2006-01-05 21:00:00+00:00,SAMSUN,55,13.629499,6.0795,1.3000001,13.684735,51.0,83.33162,1013.5478,8.25,Drizzle: Light
2006-01-06 21:00:00+00:00,SAMSUN,55,7.8295,5.6295,11.700001,12.682018,71.0,97.29435,1016.8283,1.53,Snow fall: Slight
2006-01-07 21:00:00+00:00,SAMSUN,55,5.2795,3.0795002,2.8000002,19.083395,71.0,83.568245,1020.983,3.1,Snow fall: Slight
2006-01-08 21:00:00+00:00,SAMSUN,55,3.9795,2.2795,3.3,19.107151,71.0,78.21961,1023.5704,4.36,Snow fall: Slight
2006-01-09 21:00:00+00:00,SAMSUN,55,3.9295,1.1795001,2.3999999,10.636766,71.0,83.350716,1022.1853,5.17,Snow fall: Slight
2006-01-10 21:00:00+00:00,SAMSUN,55,5.8295,1.5295,5.3,13.363711,73.0,82.42762,1021.9263,3.53,Snow fall: Moderate
2006-01-11 21:00:00+00:00,SAMSUN,55,5.9795003,3.9795,4.899999,10.483357,71.0,88.1282,1021.7464,3.88,Snow fall: Slight
2006-01-12 21:00:00+00:00,SAMSUN,55,5.3295,3.4295,2.3,12.661564,71.0,85.57657,1024.575,2.79,Snow fall: Slight
2006-01-13 21:00:00+00:00,SAMSUN,55,4.2795,2.2795,0.8000001,16.071491,71.0,82.110176,1026.6895,5.58,Snow fall: Slight
2006-01-14 21:00:00+00:00,SAMSUN,55,4.7295,1.9295001,2.0000002,11.165805,71.0,81.92921,1028.4277,5.19,Snow fall: Slight
2006-01-15 21:00:00+00:00,SAMSUN,55,6.2295003,-0.07049996,0.0,8.14587,3.0,80.89413,1025.1807,9.41,Overcast
2006-01-16 21:00:00+00:00,SAMSUN,55,5.9295,-1.1204998,0.0,7.69592,3.0,83.474434,1021.1346,8.43,Overcast
2006-01-17 21:00:00+00:00,SAMSUN,55,6.9295,0.27950007,0.0,8.287822,3.0,81.50005,1018.22974,9.75,Overcast
2006-01-18 21:00:00+00:00,SAMSUN,55,10.379499,0.5295,1.9,26.758923,53.0,59.725708,1009.36835,5.59,Drizzle: Moderate
2006-01-19 21:00:00+00:00,SAMSUN,55,5.6795,0.62950003,10.7,21.203358,75.0,75.13491,1013.7896,8.82,Snow fall: Heavy
2006-01-20 21:00:00+00:00,SAMSUN,55,4.6295,-0.57049996,0.0,15.192682,3.0,60.06061,1023.3759,8.18,Overcast
2006-01-21 21:00:00+00:00,SAMSUN,55,9.379499,1.9795,0.2,14.934577,71.0,66.88858,1017.7504,8.65,Snow fall: Slight
2006-01-22 21:00:00+00:00,SAMSUN,55,3.9295,-2.6204998,16.400002,17.782688,75.0,85.79327,1022.6059,3.04,Snow fall: Heavy
2006-01-23 21:00:00+00:00,SAMSUN,55,-2.1204998,-3.2205,5.2000003,14.291592,73.0,76.455956,1029.1625,4.24,Snow fall: Moderate
2006-01-24 21:00:00+00:00,SAMSUN,55,0.67950004,-3.5204997,9.0,12.245293,73.0,84.33238,1017.30145,3.99,Snow fall: Moderate
2006-01-25 21:00:00+00:00,SAMSUN,55,2.8295,0.67950004,5.0999994,7.928177,73.0,87.79401,1012.1868,5.02,Snow fall: Moderate
2006-01-26 21:00:00+00:00,SAMSUN,55,3.1795,-1.8704998,0.3,7.6367526,71.0,85.57815,1023.257,7.75,Snow fall: Slight
2006-01-27 21:00:00+00:00,SAMSUN,55,3.7795,-1.8204999,0.0,10.685391,71.0,77.83908,1027.7648,8.43,Snow fall: Slight
2006-01-28 21:00:00+00:00,SAMSUN,55,3.3795002,-2.6204998,0.0,15.349684,3.0,67.413666,1026.8685,10.73,Overcast
2006-01-29 21:00:00+00:00,SAMSUN,55,4.1795,-2.1704998,0.0,18.391737,3.0,60.22343,1023.94165,9.04,Overcast
2006-01-30 21:00:00+00:00,SAMSUN,55,5.0795,-1.4705,0.0,24.408424,3.0,54.864475,1016.78546,9.09,Overcast
2006-01-31 21:00:00+00:00,SAMSUN,55,7.0295,1.7295,0.0,17.148247,3.0,68.96138,1016.6557,7.87,Overcast
2006-02-01 21:00:00+00:00,SAMSUN,55,7.1795,-0.6705,0.0,8.759178,3.0,81.03831,1013.90796,6.72,Overcast
2006-02-02 21:00:00+00:00,SAMSUN,55,6.5295,-0.8704999,0.0,8.287822,2.0,88.242424,1011.8562,10.39,Partly cloudy
2006-02-03 21:00:00+00:00,SAMSUN,55,9.7295,-3.3205,0.0,12.783802,1.0,84.1874,1014.16235,12.02,Mainly clear
2006-02-04 21:00:00+00:00,SAMSUN,55,9.4295,-1.0704999,0.0,15.408671,3.0,77.99938,1016.5879,10.23,Overcast
2006-02-05 21:00:00+00:00,SAMSUN,55,12.079499,2.8795002,0.2,11.792404,51.0,84.29496,1008.11206,8.64,Drizzle: Light
2006-02-06 21:00:00+00:00,SAMSUN,55,5.6295,-0.12049991,12.1,18.057508,75.0,88.73826,1011.77216,4.19,Snow fall: Heavy
2006-02-07 21:00:00+00:00,SAMSUN,55,3.3295002,-0.6204999,3.6999998,8.557102,73.0,90.76591,1006.623,7.46,Snow fall: Moderate
2006-02-08 21:00:00+00:00,SAMSUN,55,3.8295002,1.8295,2.8,14.84318,71.0,88.709694,1006.9041,5.17,Snow fall: Slight
2006-02-09 21:00:00+00:00,SAMSUN,55,13.2795,1.2295,0.5,17.298738,51.0,76.38953,1010.94904,11.11,Drizzle: Light
2006-02-10 21:00:00+00:00,SAMSUN,55,11.329499,1.3295001,18.1,21.2522,75.0,83.66437,1009.8166,6.52,Snow fall: Heavy
2006-02-11 21:00:00+00:00,SAMSUN,55,1.5795,0.7795,39.800003,14.05845,75.0,97.618645,1012.70465,2.43,Snow fall: Heavy
2006-02-12 21:00:00+00:00,SAMSUN,55,2.1295002,-0.2705,7.4999976,12.979984,75.0,84.099525,1015.6391,9.49,Snow fall: Heavy
2006-02-13 21:00:00+00:00,SAMSUN,55,2.3795002,-0.12049991,15.6,8.854829,73.0,91.81589,1015.02484,5.69,Snow fall: Moderate
2006-02-14 21:00:00+00:00,SAMSUN,55,1.2795,-0.47049993,7.399999,25.570139,73.0,81.26745,1014.9487,7.43,Snow fall: Moderate
2006-02-15 21:00:00+00:00,SAMSUN,55,1.1795001,-4.5705,0.0,12.979984,3.0,73.248985,1016.187,14.48,Overcast
2006-02-16 21:00:00+00:00,SAMSUN,55,2.0295,-5.8705,0.0,21.794127,3.0,69.27598,1016.28564,13.56,Overcast
2006-02-17 21:00:00+00:00,SAMSUN,55,7.9295,1.3295001,2.5,20.456745,55.0,71.61974,1015.87384,13.35,Drizzle: Dense
2006-02-18 21:00:00+00:00,SAMSUN,55,10.379499,1.6795001,0.4,13.392774,51.0,84.92851,1020.8758,14.74,Drizzle: Light
2006-02-19 21:00:00+00:00,SAMSUN,55,12.1795,1.8795,0.0,13.779114,3.0,79.59093,1018.68414,11.97,Overcast
2006-02-20 21:00:00+00:00,SAMSUN,55,11.4295,-0.9205,0.0,7.9932966,3.0,79.34011,1020.5371,15.4,Overcast
2006-02-21 21:00:00+00:00,SAMSUN,55,12.579499,-1.0205,0.0,13.849477,1.0,77.53404,1019.3948,15.77,Mainly clear
2006-02-22 21:00:00+00:00,SAMSUN,55,14.079499,1.7795,0.0,14.618837,3.0,71.95084,1018.7617,14.79,Overcast
2006-02-23 21:00:00+00:00,SAMSUN,55,12.329499,-0.6204999,0.4,8.427383,51.0,84.030716,1014.8747,14.53,Drizzle: Light
2006-02-24 21:00:00+00:00,SAMSUN,55,14.4295,2.1795,0.0,13.684735,2.0,78.4779,1009.10016,14.58,Partly cloudy
2006-02-25 21:00:00+00:00,SAMSUN,55,13.329499,3.5295,0.0,9.605998,2.0,86.64063,1008.2932,13.75,Partly cloudy
2006-02-26 21:00:00+00:00,SAMSUN,55,14.4295,5.7295003,0.2,15.876775,51.0,77.70752,1009.1064,14.58,Drizzle: Light
2006-02-27 21:00:00+00:00,SAMSUN,55,13.129499,3.7795,0.0,6.489992,3.0,85.95017,1012.0462,14.31,Overcast
2006-02-28 21:00:00+00:00,SAMSUN,55,18.1795,6.2295003,0.90000004,25.501621,51.0,65.75312,1004.48236,14.53,Drizzle: Light
2006-03-01 21:00:00+00:00,SAMSUN,55,13.5295,4.8295,0.6,10.137692,51.0,85.15222,1010.95215,14.23,Drizzle: Light
2006-03-02 21:00:00+00:00,SAMSUN,55,18.129501,6.4295,7.7000003,25.277023,61.0,75.25114,1002.1387,11.57,Rain: Slight
2006-03-03 21:00:00+00:00,SAMSUN,55,10.7795,2.4795,0.0,11.019764,1.0,72.30643,1015.5598,15.34,Mainly clear
2006-03-04 21:00:00+00:00,SAMSUN,55,16.779501,4.3795,0.0,15.141414,3.0,66.13268,1008.9402,17.37,Overcast
2006-03-05 21:00:00+00:00,SAMSUN,55,20.879501,5.3295,0.0,24.408424,3.0,59.222065,1007.9124,16.71,Overcast
2006-03-06 21:00:00+00:00,SAMSUN,55,21.0795,7.7795,0.0,18.556595,3.0,59.339565,1001.6121,17.33,Overcast
2006-03-07 21:00:00+00:00,SAMSUN,55,16.779501,5.3295,6.1,17.782688,71.0,81.04966,996.04767,14.4,Snow fall: Slight
2006-03-08 21:00:00+00:00,SAMSUN,55,5.2295003,2.7295,6.5000014,17.533146,71.0,86.19497,1005.4846,6.06,Snow fall: Slight
2006-03-09 21:00:00+00:00,SAMSUN,55,6.5295,1.4795,0.7,11.269782,71.0,79.06748,1018.1292,13.46,Snow fall: Slight
2006-03-10 21:00:00+00:00,SAMSUN,55,15.7295,1.9295001,0.0,15.546833,3.0,65.52015,1012.13885,18.4,Overcast
2006-03-11 21:00:00+00:00,SAMSUN,55,18.279501,9.2795,0.0,14.007655,3.0,58.35841,1009.0268,15.94,Overcast
2006-03-12 21:00:00+00:00,SAMSUN,55,18.1795,8.9795,0.0,15.03835,3.0,60.01312,1003.66266,17.48,Overcast
2006-03-13 21:00:00+00:00,SAMSUN,55,20.029501,8.5795,0.6,16.179985,51.0,61.855556,1004.28973,16.63,Drizzle: Light
2006-03-14 21:00:00+00:00,SAMSUN,55,10.129499,6.1295,6.3,11.113451,53.0,86.78675,1010.3776,8.16,Drizzle: Moderate
2006-03-15 21:00:00+00:00,SAMSUN,55,7.5295,5.5295,0.3,12.7279215,51.0,90.980446,1016.63214,6.32,Drizzle: Light
2006-03-16 21:00:00+00:00,SAMSUN,55,7.8795,5.3295,4.4999995,8.14587,53.0,93.72405,1016.28314,7.84,Drizzle: Moderate
2006-03-17 21:00:00+00:00,SAMSUN,55,9.879499,5.1795,0.7,13.044722,53.0,89.6148,1012.8775,12.05,Drizzle: Moderate
2006-03-18 21:00:00+00:00,SAMSUN,55,6.2295003,4.0295,17.399998,16.87398,75.0,93.37832,1011.2688,3.41,Snow fall: Heavy
2006-03-19 21:00:00+00:00,SAMSUN,55,11.1795,-0.020499945,0.1,9.3876505,71.0,83.560936,1012.95074,16.61,Snow fall: Slight
2006-03-20 21:00:00+00:00,SAMSUN,55,12.829499,0.8295,0.0,9.220499,3.0,84.13004,1012.1562,17.79,Overcast
2006-03-21 21:00:00+00:00,SAMSUN,55,15.079499,4.0795,0.4,8.707237,51.0,86.46063,1014.0086,16.39,Drizzle: Light
2006-03-22 21:00:00+00:00,SAMSUN,55,20.879501,5.9795003,0.0,16.394829,3.0,67.49198,1007.3105,14.7,Overcast
2006-03-23 21:00:00+00:00,SAMSUN,55,17.379501,7.1295,1.8,14.336861,51.0,74.73342,1006.8444,16.88,Drizzle: Light
2006-03-24 21:00:00+00:00,SAMSUN,55,6.8795,3.6795,30.900002,10.8955765,75.0,92.70016,1013.63477,2.57,Snow fall: Heavy
2006-03-25 21:00:00+00:00,SAMSUN,55,9.129499,3.8795002,4.3999996,10.966713,71.0,82.34874,1016.2747,11.55,Snow fall: Slight
2006-03-26 21:00:00+00:00,SAMSUN,55,10.629499,2.0795,0.0,10.44,2.0,85.62922,1017.09467,21.13,Partly cloudy
2006-03-27 21:00:00+00:00,SAMSUN,55,12.2795,1.3295001,0.0,11.269782,3.0,85.56863,1014.3077,21.97,Overcast
2006-03-28 21:00:00+00:00,SAMSUN,55,16.779501,1.9795,0.0,7.342588,3.0,82.01214,1010.85406,21.25,Overcast
2006-03-29 21:00:00+00:00,SAMSUN,55,19.129501,8.8295,0.4,12.819235,51.0,77.08025,1010.0415,19.58,Drizzle: Light
2006-03-30 21:00:00+00:00,SAMSUN,55,12.629499,6.6795,1.4000001,9.422101,51.0,78.07089,1016.1907,10.77,Drizzle: Light
2006-03-31 21:00:00+00:00,SAMSUN,55,16.0795,4.5795,0.0,11.609651,3.0,83.09784,1012.2053,21.27,Overcast
2006-04-01 21:00:00+00:00,SAMSUN,55,11.579499,8.129499,9.1,9.0645685,55.0,86.04452,1013.61304,6.79,Drizzle: Dense
2006-04-02 21:00:00+00:00,SAMSUN,55,11.829499,7.2295003,0.4,10.446206,51.0,88.80219,1012.04193,14.53,Drizzle: Light
2006-04-03 21:00:00+00:00,SAMSUN,55,12.4295,5.3795,0.2,13.37825,51.0,90.11508,1009.22845,18.54,Drizzle: Light
2006-04-04 21:00:00+00:00,SAMSUN,55,9.829499,6.5295,0.0,12.229406,3.0,89.74464,1011.91187,11.47,Overcast
2006-04-05 21:00:00+00:00,SAMSUN,55,15.129499,3.7795,0.0,9.746631,3.0,80.7486,1013.8112,22.71,Overcast
2006-04-06 21:00:00+00:00,SAMSUN,55,19.4795,5.8295,0.1,9.885262,51.0,79.518326,1010.55444,16.44,Drizzle: Light
2006-04-07 21:00:00+00:00,SAMSUN,55,22.529501,9.7795,0.0,18.161278,3.0,74.5474,1008.43896,15.93,Overcast
2006-04-08 21:00:00+00:00,SAMSUN,55,11.879499,8.0295,1.7,13.202726,53.0,88.27958,1015.09546,14.81,Drizzle: Moderate
2006-04-09 21:00:00+00:00,SAMSUN,55,11.379499,7.7795,6.3999996,11.988594,55.0,93.55893,1016.8133,10.21,Drizzle: Dense
2006-04-10 21:00:00+00:00,SAMSUN,55,14.2795,8.1795,0.0,10.931203,3.0,91.43896,1013.2119,18.99,Overcast
2006-04-11 21:00:00+00:00,SAMSUN,55,23.9295,8.1795,0.2,15.725037,51.0,72.08364,1004.72943,22.51,Drizzle: Light
2006-04-12 21:00:00+00:00,SAMSUN,55,18.2295,10.4795,0.0,15.496736,0.0,68.95844,1004.25616,22.26,Clear sky
2006-04-13 21:00:00+00:00,SAMSUN,55,15.0295,8.0295,1.1,6.28713,53.0,78.90041,1008.56714,13.91,Drizzle: Moderate
2006-04-14 21:00:00+00:00,SAMSUN,55,13.7795,10.329499,4.799999,11.681987,53.0,88.30184,1014.3558,11.55,Drizzle: Moderate
2006-04-15 21:00:00+00:00,SAMSUN,55,13.9295,9.079499,0.1,13.104198,51.0,83.085106,1017.0432,21.28,Drizzle: Light
2006-04-16 21:00:00+00:00,SAMSUN,55,16.279501,5.7795,0.0,10.990322,3.0,86.77835,1009.3936,24.0,Overcast
2006-04-17 21:00:00+00:00,SAMSUN,55,14.7295,9.1795,0.0,10.805998,3.0,83.71875,1012.6214,20.59,Overcast
2006-04-18 21:00:00+00:00,SAMSUN,55,16.9795,7.1795,0.0,10.086427,3.0,86.66454,1014.2734,20.35,Overcast
2006-04-19 21:00:00+00:00,SAMSUN,55,21.7295,13.4795,0.2,15.315873,51.0,75.80665,1007.6236,22.32,Drizzle: Light
2006-04-20 21:00:00+00:00,SAMSUN,55,15.6795,9.7795,0.3,12.783802,51.0,87.34931,1011.48505,17.65,Drizzle: Light
2006-04-21 21:00:00+00:00,SAMSUN,55,14.579499,9.9295,0.0,11.808878,3.0,91.663185,1011.63666,14.56,Overcast
2006-04-22 21:00:00+00:00,SAMSUN,55,13.5295,9.9795,0.0,14.021525,3.0,89.6438,1009.9697,17.38,Overcast
2006-04-23 21:00:00+00:00,SAMSUN,55,11.629499,9.1795,6.9000006,21.629978,53.0,92.329445,1013.0852,5.79,Drizzle: Moderate
2006-04-24 21:00:00+00:00,SAMSUN,55,11.079499,7.5795,1.7000002,20.478907,51.0,78.7064,1018.19073,20.67,Drizzle: Light
2006-04-25 21:00:00+00:00,SAMSUN,55,10.9795,5.0295,0.5,11.384199,51.0,70.75962,1018.2945,21.57,Drizzle: Light
2006-04-26 21:00:00+00:00,SAMSUN,55,13.129499,3.4795,0.0,11.269782,3.0,68.53535,1014.7703,21.73,Overcast
2006-04-27 21:00:00+00:00,SAMSUN,55,13.2795,7.6295,0.0,19.130875,3.0,77.370705,1014.20917,23.72,Overcast
2006-04-28 21:00:00+00:00,SAMSUN,55,14.379499,7.2295003,2.4,13.896187,53.0,85.38083,1009.29913,17.18,Drizzle: Moderate
2006-04-29 21:00:00+00:00,SAMSUN,55,13.5295,8.9295,2.4,9.107359,51.0,80.517265,1011.53394,13.3,Drizzle: Light
2006-04-30 21:00:00+00:00,SAMSUN,55,12.829499,6.5795,3.0000002,9.3876505,53.0,87.73725,1013.65814,11.67,Drizzle: Moderate
2006-05-01 21:00:00+00:00,SAMSUN,55,12.879499,7.9795003,3.0000002,12.768586,53.0,88.361916,1016.302,10.56,Drizzle: Moderate
2006-05-02 21:00:00+00:00,SAMSUN,55,12.079499,9.4295,0.0,14.417988,3.0,82.20581,1018.638,14.07,Overcast
2006-05-03 21:00:00+00:00,SAMSUN,55,12.129499,7.7295003,0.0,13.217443,3.0,82.20916,1019.6164,15.52,Overcast
2006-05-04 21:00:00+00:00,SAMSUN,55,12.2295,6.9795003,0.2,10.787993,51.0,90.40214,1016.16266,11.24,Drizzle: Light
2006-05-05 21:00:00+00:00,SAMSUN,55,13.629499,8.2295,0.0,12.496718,3.0,85.574585,1015.22217,17.74,Overcast
2006-05-06 21:00:00+00:00,SAMSUN,55,13.2295,9.4795,1.2,10.390226,53.0,86.69492,1011.66284,13.59,Drizzle: Moderate
2006-05-07 21:00:00+00:00,SAMSUN,55,14.4295,9.2795,0.2,12.849528,51.0,85.71769,1009.6751,14.52,Drizzle: Light
2006-05-08 21:00:00+00:00,SAMSUN,55,16.7295,7.8295,8.8,13.32,63.0,87.20078,1011.44415,21.42,Rain: Moderate
2006-05-09 21:00:00+00:00,SAMSUN,55,18.8295,8.2295,0.6,10.239453,53.0,82.60952,1013.4069,25.39,Drizzle: Moderate
2006-05-10 21:00:00+00:00,SAMSUN,55,22.629501,9.1795,2.5,12.594856,53.0,77.24333,1011.62103,22.39,Drizzle: Moderate
2006-05-11 21:00:00+00:00,SAMSUN,55,18.779501,10.7795,1.7,14.986553,53.0,84.2766,1015.67377,21.54,Drizzle: Moderate
2006-05-12 21:00:00+00:00,SAMSUN,55,14.6795,9.2795,6.2999997,11.91812,55.0,92.56257,1017.8899,15.02,Drizzle: Dense
2006-05-13 21:00:00+00:00,SAMSUN,55,15.7295,10.629499,1.6,10.105681,53.0,87.574745,1018.7947,15.9,Drizzle: Moderate
2006-05-14 21:00:00+00:00,SAMSUN,55,17.4295,8.129499,0.0,13.708391,3.0,86.34067,1015.4802,26.91,Overcast
2006-05-15 21:00:00+00:00,SAMSUN,55,14.7795,9.879499,4.3,8.4963045,53.0,89.52698,1014.9007,13.45,Drizzle: Moderate
2006-05-16 21:00:00+00:00,SAMSUN,55,16.0795,10.579499,6.1,16.981165,55.0,80.75573,1013.322,10.38,Drizzle: Dense
2006-05-17 21:00:00+00:00,SAMSUN,55,18.629501,12.7295,1.1,10.24578,51.0,77.42053,1013.71124,17.85,Drizzle: Light
2006-05-18 21:00:00+00:00,SAMSUN,55,19.029501,8.9795,0.0,12.979984,2.0,84.7486,1014.58185,27.34,Partly cloudy
2006-05-19 21:00:00+00:00,SAMSUN,55,20.879501,10.129499,0.0,9.449572,3.0,84.81754,1011.9035,26.44,Overcast
2006-05-20 21:00:00+00:00,SAMSUN,55,21.7295,12.7295,0.7,8.587338,53.0,81.82066,1010.9305,24.0,Drizzle: Moderate
2006-05-21 21:00:00+00:00,SAMSUN,55,24.3295,13.4295,0.5,10.137692,51.0,80.65423,1011.4948,24.78,Drizzle: Light
2006-05-22 21:00:00+00:00,SAMSUN,55,21.6795,14.129499,0.0,11.269782,0.0,81.79495,1015.1391,27.75,Clear sky
2006-05-23 21:00:00+00:00,SAMSUN,55,21.9295,12.079499,0.0,12.096214,0.0,79.380196,1016.09064,28.39,Clear sky
2006-05-24 21:00:00+00:00,SAMSUN,55,23.0795,12.2795,0.0,10.30883,3.0,86.467834,1011.4383,27.99,Overcast
2006-05-25 21:00:00+00:00,SAMSUN,55,20.6795,14.079499,2.6,11.874544,55.0,87.48514,1010.61395,24.63,Drizzle: Dense
2006-05-26 21:00:00+00:00,SAMSUN,55,17.629501,14.379499,16.8,11.304229,63.0,89.007805,1014.49365,9.68,Rain: Moderate
2006-05-27 21:00:00+00:00,SAMSUN,55,21.029501,11.629499,2.1,12.682018,61.0,86.621284,1013.86383,21.77,Rain: Slight
2006-05-28 21:00:00+00:00,SAMSUN,55,24.5795,13.829499,0.0,9.565437,3.0,82.23298,1010.71796,27.76,Overcast
2006-05-29 21:00:00+00:00,SAMSUN,55,24.9295,15.9295,0.0,9.511088,3.0,85.303566,1005.7637,27.68,Overcast
2006-05-30 21:00:00+00:00,SAMSUN,55,28.0795,17.529501,0.0,11.792404,3.0,80.61532,1002.85767,27.22,Overcast
2006-05-31 21:00:00+00:00,SAMSUN,55,24.7295,16.8295,0.0,9.693296,2.0,71.1691,1010.6871,28.53,Partly cloudy
2006-06-01 21:00:00+00:00,SAMSUN,55,25.779501,15.5295,0.0,8.404285,1.0,77.679276,1009.7473,28.52,Mainly clear
2006-06-02 21:00:00+00:00,SAMSUN,55,28.379501,15.879499,0.0,9.178235,2.0,81.24789,1007.48334,27.94,Partly cloudy
2006-06-03 21:00:00+00:00,SAMSUN,55,26.1795,17.629501,0.0,10.365251,3.0,83.652916,1007.8328,27.27,Overcast
2006-06-04 21:00:00+00:00,SAMSUN,55,24.529501,18.129501,0.0,12.397806,3.0,76.33897,1012.367,26.22,Overcast
2006-06-05 21:00:00+00:00,SAMSUN,55,21.529501,16.1295,0.0,14.081477,3.0,76.12866,1018.01587,25.4,Overcast
2006-06-06 21:00:00+00:00,SAMSUN,55,20.879501,14.1795,0.0,11.808878,1.0,77.09022,1013.6474,22.01,Mainly clear
2006-06-07 21:00:00+00:00,SAMSUN,55,21.379501,15.879499,2.3999999,13.797913,53.0,77.51498,1011.6804,18.94,Drizzle: Moderate
2006-06-08 21:00:00+00:00,SAMSUN,55,19.629501,16.4795,11.899999,14.84318,63.0,90.723015,1009.7468,11.04,Rain: Moderate
2006-06-09 21:00:00+00:00,SAMSUN,55,20.379501,15.9295,11.599999,11.609651,61.0,86.95841,1013.784,19.88,Rain: Slight
2006-06-10 21:00:00+00:00,SAMSUN,55,19.4295,14.6795,10.0,12.641076,61.0,87.49824,1016.8946,14.69,Rain: Slight
2006-06-11 21:00:00+00:00,SAMSUN,55,21.1795,16.2295,0.7,11.246759,51.0,73.44078,1019.79596,20.28,Drizzle: Light
2006-06-12 21:00:00+00:00,SAMSUN,55,21.4795,12.9795,0.0,17.555305,2.0,81.07,1013.35425,26.01,Partly cloudy
2006-06-13 21:00:00+00:00,SAMSUN,55,21.129501,16.0795,8.4,19.652176,63.0,83.39689,1010.67816,17.57,Rain: Moderate
2006-06-14 21:00:00+00:00,SAMSUN,55,20.779501,14.1795,0.0,14.707222,2.0,81.51121,1013.91626,20.75,Partly cloudy
2006-06-15 21:00:00+00:00,SAMSUN,55,19.8295,15.329499,10.3,15.745627,61.0,90.35309,1013.0183,12.77,Rain: Slight
2006-06-16 21:00:00+00:00,SAMSUN,55,21.529501,13.329499,0.0,10.685391,1.0,75.73923,1015.98883,26.24,Mainly clear
2006-06-17 21:00:00+00:00,SAMSUN,55,23.379501,13.1795,0.0,11.457958,1.0,72.72494,1017.23413,28.81,Mainly clear
2006-06-18 21:00:00+00:00,SAMSUN,55,23.9795,13.4795,0.0,12.88981,0.0,73.6852,1016.20746,29.37,Clear sky
2006-06-19 21:00:00+00:00,SAMSUN,55,23.0795,15.7295,0.0,13.217443,0.0,75.780876,1013.4577,29.27,Clear sky
2006-06-20 21:00:00+00:00,SAMSUN,55,23.7295,13.9795,0.0,10.703569,3.0,77.72216,1010.4067,29.15,Overcast
2006-06-21 21:00:00+00:00,SAMSUN,55,24.379501,14.9795,0.0,14.561099,2.0,83.69213,1009.77106,25.18,Partly cloudy
2006-06-22 21:00:00+00:00,SAMSUN,55,24.1795,18.1795,1.0,14.404499,51.0,86.6088,1009.3195,19.69,Drizzle: Light
2006-06-23 21:00:00+00:00,SAMSUN,55,23.9295,18.3295,0.2,12.758432,51.0,85.71337,1009.55347,20.74,Drizzle: Light
2006-06-24 21:00:00+00:00,SAMSUN,55,24.379501,18.279501,0.2,13.661038,51.0,86.26107,1010.8308,22.06,Drizzle: Light
2006-06-25 21:00:00+00:00,SAMSUN,55,25.3295,18.379501,0.1,12.371645,51.0,85.69381,1011.3116,23.62,Drizzle: Light
2006-06-26 21:00:00+00:00,SAMSUN,55,24.9795,20.279501,4.2,14.84318,51.0,91.19629,1010.3244,16.31,Drizzle: Light
2006-06-27 21:00:00+00:00,SAMSUN,55,24.6795,21.1795,9.899999,16.854767,61.0,92.19184,1007.26385,14.43,Rain: Slight
2006-06-28 21:00:00+00:00,SAMSUN,55,25.8295,21.7295,12.1,19.376562,61.0,88.04655,1006.96216,14.31,Rain: Slight
2006-06-29 21:00:00+00:00,SAMSUN,55,25.379501,21.7295,15.2,23.0653,63.0,83.875496,1008.8457,14.4,Rain: Moderate
2006-06-30 21:00:00+00:00,SAMSUN,55,26.9295,22.279501,0.8,20.68356,53.0,79.7904,1008.69635,21.93,Drizzle: Moderate
2006-07-01 21:00:00+00:00,SAMSUN,55,25.279501,20.779501,7.3,17.935081,55.0,86.299736,1008.87604,20.92,Drizzle: Dense
2006-07-02 21:00:00+00:00,SAMSUN,55,21.629501,19.3295,2.3,23.73271,53.0,72.56079,1010.12036,22.74,Drizzle: Moderate
2006-07-03 21:00:00+00:00,SAMSUN,55,21.6795,18.4295,0.0,22.476227,3.0,68.27313,1010.86694,19.99,Overcast
2006-07-04 21:00:00+00:00,SAMSUN,55,23.279501,17.029501,0.0,19.930477,1.0,75.130775,1011.8176,24.3,Mainly clear
2006-07-05 21:00:00+00:00,SAMSUN,55,22.4795,18.7295,0.0,23.688984,2.0,75.87602,1012.42554,21.43,Partly cloudy
2006-07-06 21:00:00+00:00,SAMSUN,55,22.7295,18.879501,0.90000004,24.363249,51.0,75.59933,1011.15326,21.0,Drizzle: Light
2006-07-07 21:00:00+00:00,SAMSUN,55,23.2295,16.1795,1.5,11.542478,53.0,79.22497,1009.8088,20.8,Drizzle: Moderate
2006-07-08 21:00:00+00:00,SAMSUN,55,22.7295,17.129501,0.5,12.496718,51.0,85.701775,1012.2635,20.92,Drizzle: Light
2006-07-09 21:00:00+00:00,SAMSUN,55,22.279501,18.5795,1.6000001,13.493999,51.0,86.46267,1013.72125,16.32,Drizzle: Light
2006-07-10 21:00:00+00:00,SAMSUN,55,23.279501,17.779501,0.1,13.551501,51.0,85.36228,1013.90546,20.89,Drizzle: Light
2006-07-11 21:00:00+00:00,SAMSUN,55,23.9295,17.029501,0.0,12.313894,3.0,80.60753,1011.2293,25.11,Overcast
2006-07-12 21:00:00+00:00,SAMSUN,55,25.4295,16.3295,0.0,12.819235,3.0,77.889435,1007.15826,28.26,Overcast
2006-07-13 21:00:00+00:00,SAMSUN,55,25.6795,16.4295,0.0,12.768586,2.0,82.05312,1005.5512,25.77,Partly cloudy
2006-07-14 21:00:00+00:00,SAMSUN,55,26.4295,18.9295,4.0,13.684735,61.0,84.34665,1006.4543,22.25,Rain: Slight
2006-07-15 21:00:00+00:00,SAMSUN,55,25.9795,18.6795,0.3,12.6462,51.0,83.74388,1012.1326,23.92,Drizzle: Light
2006-07-16 21:00:00+00:00,SAMSUN,55,24.9795,18.4295,0.0,13.044722,3.0,82.762,1012.2172,25.37,Overcast
2006-07-17 21:00:00+00:00,SAMSUN,55,22.9295,18.5795,0.3,15.158522,51.0,79.50498,1013.68286,16.91,Drizzle: Light
2006-07-18 21:00:00+00:00,SAMSUN,55,22.9295,16.029501,0.0,12.849528,2.0,78.40362,1015.71893,21.27,Partly cloudy
2006-07-19 21:00:00+00:00,SAMSUN,55,23.4295,16.0795,0.0,11.923557,3.0,80.41032,1016.39825,21.29,Overcast
2006-07-20 21:00:00+00:00,SAMSUN,55,23.9795,16.4295,1.6000001,18.089775,51.0,81.13429,1014.5671,19.34,Drizzle: Light
2006-07-21 21:00:00+00:00,SAMSUN,55,24.1795,19.9295,0.0,18.043148,3.0,76.67732,1011.4236,19.56,Overcast
2006-07-22 21:00:00+00:00,SAMSUN,55,25.029501,20.279501,0.0,13.441071,3.0,72.45768,1009.51074,14.73,Overcast
2006-07-23 21:00:00+00:00,SAMSUN,55,25.279501,19.4295,0.0,16.75064,3.0,78.34954,1011.7674,18.2,Overcast
2006-07-24 21:00:00+00:00,SAMSUN,55,25.9295,18.879501,0.0,12.0694,2.0,79.352715,1012.8843,20.13,Partly cloudy
2006-07-25 21:00:00+00:00,SAMSUN,55,25.779501,18.3295,0.0,11.91812,1.0,82.48763,1011.6016,20.51,Mainly clear
2006-07-26 21:00:00+00:00,SAMSUN,55,26.8295,19.3295,0.0,12.224107,1.0,77.17576,1010.0435,24.09,Mainly clear
2006-07-27 21:00:00+00:00,SAMSUN,55,27.279501,18.0795,0.0,11.659777,0.0,73.23643,1006.19183,26.45,Clear sky
2006-07-28 21:00:00+00:00,SAMSUN,55,25.3295,20.2295,1.4000001,14.84318,51.0,74.76911,1006.61676,22.42,Drizzle: Light
2006-07-29 21:00:00+00:00,SAMSUN,55,24.879501,18.279501,0.0,12.819235,1.0,68.00724,1009.4512,26.91,Mainly clear
2006-07-30 21:00:00+00:00,SAMSUN,55,25.379501,15.079499,0.0,13.363711,2.0,74.43163,1006.5188,27.57,Partly cloudy
2006-07-31 21:00:00+00:00,SAMSUN,55,24.4795,16.2295,0.0,12.10157,2.0,77.40122,1007.08466,26.17,Partly cloudy
2006-08-01 21:00:00+00:00,SAMSUN,55,25.379501,16.4795,0.0,13.891522,3.0,75.164345,1006.9368,25.85,Overcast
2006-08-02 21:00:00+00:00,SAMSUN,55,26.4795,17.3295,0.0,13.397612,3.0,80.83016,1006.3643,26.37,Overcast
2006-08-03 21:00:00+00:00,SAMSUN,55,28.2295,19.2295,0.0,13.661038,2.0,83.54846,1005.36615,25.9,Partly cloudy
2006-08-04 21:00:00+00:00,SAMSUN,55,30.2295,20.8295,0.0,11.770403,2.0,81.6514,1005.5093,26.37,Partly cloudy
2006-08-05 21:00:00+00:00,SAMSUN,55,30.1795,19.629501,0.0,12.57426,0.0,78.89674,1005.482,26.67,Clear sky
2006-08-06 21:00:00+00:00,SAMSUN,55,31.129501,21.029501,0.0,10.829958,0.0,75.05538,1000.45013,26.88,Clear sky
2006-08-07 21:00:00+00:00,SAMSUN,55,26.879501,21.9295,0.0,14.332341,2.0,81.07863,999.61884,18.11,Partly cloudy
2006-08-08 21:00:00+00:00,SAMSUN,55,27.8295,19.1795,0.0,14.113652,1.0,77.25738,1006.0473,24.78,Mainly clear
2006-08-09 21:00:00+00:00,SAMSUN,55,27.7295,20.779501,0.0,17.114204,3.0,82.18767,1008.773,24.34,Overcast
2006-08-10 21:00:00+00:00,SAMSUN,55,30.2295,20.629501,0.0,13.979871,2.0,81.26797,1003.8996,25.24,Partly cloudy
2006-08-11 21:00:00+00:00,SAMSUN,55,28.4295,22.2295,0.0,15.745627,2.0,81.8128,1006.74634,23.54,Partly cloudy
2006-08-12 21:00:00+00:00,SAMSUN,55,27.9295,20.6795,0.0,11.966954,2.0,80.9777,1008.09375,22.28,Partly cloudy
2006-08-13 21:00:00+00:00,SAMSUN,55,29.529501,21.9795,0.0,14.494192,3.0,79.710815,1006.9925,20.8,Overcast
2006-08-14 21:00:00+00:00,SAMSUN,55,29.4295,21.379501,0.0,14.917212,2.0,76.98173,1008.3428,23.18,Partly cloudy
2006-08-15 21:00:00+00:00,SAMSUN,55,28.279501,23.5795,0.8000001,12.313893,51.0,84.78945,1008.4512,11.78,Drizzle: Light
2006-08-16 21:00:00+00:00,SAMSUN,55,29.2295,22.9795,0.0,12.879752,3.0,85.27622,1007.7841,17.28,Overcast
2006-08-17 21:00:00+00:00,SAMSUN,55,29.379501,23.879501,0.0,18.345877,3.0,78.65907,1010.1351,20.81,Overcast
2006-08-18 21:00:00+00:00,SAMSUN,55,29.279501,22.6795,0.0,16.167967,3.0,67.006035,1012.79395,21.86,Overcast
2006-08-19 21:00:00+00:00,SAMSUN,55,29.1795,24.029501,0.1,18.0036,51.0,67.18958,1013.9028,18.49,Drizzle: Light
2006-08-20 21:00:00+00:00,SAMSUN,55,29.9295,21.779501,0.0,10.24578,1.0,71.16185,1012.20355,23.26,Mainly clear
2006-08-21 21:00:00+00:00,SAMSUN,55,30.779501,19.6795,0.0,10.805998,0.0,71.49502,1007.95905,24.39,Clear sky
2006-08-22 21:00:00+00:00,SAMSUN,55,27.2295,21.279501,0.2,17.518356,51.0,80.10853,1009.0372,16.21,Drizzle: Light
2006-08-23 21:00:00+00:00,SAMSUN,55,23.2295,21.779501,8.1,15.629971,61.0,84.6166,1010.0274,6.35,Rain: Slight
2006-08-24 21:00:00+00:00,SAMSUN,55,25.6795,21.8295,0.0,11.298495,3.0,77.32088,1010.22217,11.96,Overcast
2006-08-25 21:00:00+00:00,SAMSUN,55,29.1795,20.529501,0.0,13.207634,3.0,84.13499,1007.3582,22.41,Overcast
2006-08-26 21:00:00+00:00,SAMSUN,55,28.779501,22.879501,0.0,10.041354,3.0,85.34785,1006.2712,18.33,Overcast
2006-08-27 21:00:00+00:00,SAMSUN,55,28.7295,20.629501,0.0,12.55879,3.0,79.65453,1004.8879,22.41,Overcast
2006-08-28 21:00:00+00:00,SAMSUN,55,27.4795,21.9295,1.0,16.992609,51.0,81.57534,1003.2835,18.35,Drizzle: Light
2006-08-29 21:00:00+00:00,SAMSUN,55,30.029501,21.779501,0.0,15.192682,3.0,76.445045,1007.6587,22.44,Overcast
2006-08-30 21:00:00+00:00,SAMSUN,55,29.4795,20.629501,1.2,20.16,51.0,78.84698,1006.3784,21.59,Drizzle: Light
2006-08-31 21:00:00+00:00,SAMSUN,55,21.0795,18.8295,15.700001,20.188908,61.0,85.65244,1007.5368,4.88,Rain: Slight
2006-09-01 21:00:00+00:00,SAMSUN,55,23.2295,17.9295,3.9,14.8257065,53.0,76.90768,1008.53046,12.57,Drizzle: Moderate
2006-09-02 21:00:00+00:00,SAMSUN,55,23.529501,18.879501,1.4000001,12.9249525,51.0,78.0236,1015.09454,15.8,Drizzle: Light
2006-09-03 21:00:00+00:00,SAMSUN,55,24.0795,16.9295,0.0,11.753876,1.0,75.70042,1017.1184,17.92,Mainly clear
2006-09-04 21:00:00+00:00,SAMSUN,55,27.279501,16.6295,0.2,10.685391,51.0,74.05961,1013.0376,20.57,Drizzle: Light
2006-09-05 21:00:00+00:00,SAMSUN,55,22.779501,18.4795,8.0,24.569836,63.0,76.33184,1010.9961,11.3,Rain: Moderate
2006-09-06 21:00:00+00:00,SAMSUN,55,22.5795,16.3795,0.0,13.32,2.0,72.44937,1016.38605,16.69,Partly cloudy
2006-09-07 21:00:00+00:00,SAMSUN,55,22.9795,15.4795,0.0,14.512064,2.0,79.24348,1015.97943,18.8,Partly cloudy
2006-09-08 21:00:00+00:00,SAMSUN,55,24.3295,14.879499,0.0,12.496718,3.0,80.723404,1015.4913,21.07,Overcast
2006-09-09 21:00:00+00:00,SAMSUN,55,22.5795,16.6795,0.4,13.363711,51.0,81.27938,1021.4685,13.45,Drizzle: Light
2006-09-10 21:00:00+00:00,SAMSUN,55,20.8295,17.629501,7.7999997,19.008545,53.0,79.01469,1019.8824,10.27,Drizzle: Moderate
2006-09-11 21:00:00+00:00,SAMSUN,55,21.9295,17.6795,0.0,18.720001,3.0,63.679245,1019.4087,13.56,Overcast
2006-09-12 21:00:00+00:00,SAMSUN,55,22.3295,16.1295,0.0,15.517629,3.0,67.9591,1020.1862,16.43,Overcast
2006-09-13 21:00:00+00:00,SAMSUN,55,22.0795,14.6795,0.0,13.339445,2.0,71.06136,1017.74194,16.15,Partly cloudy
2006-09-14 21:00:00+00:00,SAMSUN,55,22.529501,15.2295,0.0,10.514218,2.0,74.962456,1015.2749,17.19,Partly cloudy
2006-09-15 21:00:00+00:00,SAMSUN,55,22.029501,15.079499,0.1,15.0038395,51.0,80.24439,1016.20605,15.97,Drizzle: Light
2006-09-16 21:00:00+00:00,SAMSUN,55,21.4295,13.879499,0.8,10.97262,51.0,73.745094,1019.3828,18.55,Drizzle: Light
2006-09-17 21:00:00+00:00,SAMSUN,55,24.279501,12.379499,0.0,13.276144,3.0,81.00626,1012.98364,19.41,Overcast
2006-09-18 21:00:00+00:00,SAMSUN,55,25.529501,15.879499,0.0,11.090103,3.0,81.57631,1008.3828,18.88,Overcast
2006-09-19 21:00:00+00:00,SAMSUN,55,23.879501,18.029501,0.0,10.30883,3.0,86.33518,1008.9489,12.27,Overcast
2006-09-20 21:00:00+00:00,SAMSUN,55,21.6795,17.379501,4.2000003,10.1376915,61.0,88.84457,1009.3732,9.13,Rain: Slight
2006-09-21 21:00:00+00:00,SAMSUN,55,21.4795,17.529501,3.3999999,7.928178,53.0,82.07995,1008.9778,9.97,Drizzle: Moderate
2006-09-22 21:00:00+00:00,SAMSUN,55,21.6795,15.7295,4.0,9.511088,61.0,87.47903,1009.0859,11.72,Rain: Slight
2006-09-23 21:00:00+00:00,SAMSUN,55,23.1795,15.2295,1.5,9.255571,53.0,86.36028,1010.47614,15.44,Drizzle: Moderate
2006-09-24 21:00:00+00:00,SAMSUN,55,22.779501,16.529501,17.500002,9.220499,63.0,89.417595,1009.1257,11.6,Rain: Moderate
2006-09-25 21:00:00+00:00,SAMSUN,55,21.7295,17.4295,6.2999997,11.4862,61.0,86.125984,1011.14746,10.87,Rain: Slight
2006-09-26 21:00:00+00:00,SAMSUN,55,24.1795,14.9795,0.0,10.24578,3.0,85.89065,1012.4719,16.02,Overcast
2006-09-27 21:00:00+00:00,SAMSUN,55,27.1795,16.3295,0.0,9.9571085,3.0,80.78658,1009.8342,16.95,Overcast
2006-09-28 21:00:00+00:00,SAMSUN,55,29.3295,17.6795,0.5,11.620809,53.0,73.21773,1008.7549,15.02,Drizzle: Moderate
2006-09-29 21:00:00+00:00,SAMSUN,55,22.9795,18.0795,6.700001,11.966953,55.0,84.601456,1009.4263,12.59,Drizzle: Dense
2006-09-30 21:00:00+00:00,SAMSUN,55,20.0795,16.6295,0.6,11.901798,51.0,81.15848,1014.26154,9.47,Drizzle: Light
2006-10-01 21:00:00+00:00,SAMSUN,55,18.6795,14.7795,1.5,10.144082,51.0,85.64026,1017.19116,7.53,Drizzle: Light
2006-10-02 21:00:00+00:00,SAMSUN,55,20.4795,14.379499,0.0,11.631956,2.0,82.22448,1017.0577,12.27,Partly cloudy
2006-10-03 21:00:00+00:00,SAMSUN,55,24.3295,13.629499,0.0,12.397806,3.0,82.33212,1015.58246,16.82,Overcast
2006-10-04 21:00:00+00:00,SAMSUN,55,25.2295,12.9295,0.0,9.028754,1.0,82.33909,1015.752,16.84,Mainly clear
2006-10-05 21:00:00+00:00,SAMSUN,55,25.7295,13.2295,0.0,8.766573,1.0,83.301994,1012.762,16.74,Mainly clear
2006-10-06 21:00:00+00:00,SAMSUN,55,23.5795,13.7295,0.0,9.511088,3.0,85.99883,1011.1058,15.61,Overcast
2006-10-07 21:00:00+00:00,SAMSUN,55,21.4795,15.579499,0.0,12.096214,3.0,86.12408,1011.03076,12.54,Overcast
2006-10-08 21:00:00+00:00,SAMSUN,55,20.529501,17.029501,0.3,9.511088,51.0,83.94448,1014.0009,7.86,Drizzle: Light
2006-10-09 21:00:00+00:00,SAMSUN,55,18.279501,15.829499,5.8999996,13.441071,53.0,84.82177,1016.4788,4.66,Drizzle: Moderate
2006-10-10 21:00:00+00:00,SAMSUN,55,18.879501,14.629499,0.3,10.883676,51.0,75.42017,1017.5991,7.08,Drizzle: Light
2006-10-11 21:00:00+00:00,SAMSUN,55,19.4295,14.129499,0.0,10.787993,3.0,74.87959,1018.0447,11.04,Overcast
2006-10-12 21:00:00+00:00,SAMSUN,55,20.0795,13.379499,0.0,12.605142,3.0,80.37196,1018.10236,10.85,Overcast
2006-10-13 21:00:00+00:00,SAMSUN,55,16.5795,14.829499,12.1,12.24,61.0,89.77787,1018.27563,2.78,Rain: Slight
2006-10-14 21:00:00+00:00,SAMSUN,55,15.379499,13.079499,13.8,16.071491,61.0,83.52645,1014.19635,2.43,Rain: Slight
2006-10-15 21:00:00+00:00,SAMSUN,55,18.029501,12.4295,1.7,9.779817,53.0,71.88346,1011.23804,11.37,Drizzle: Moderate
2006-10-16 21:00:00+00:00,SAMSUN,55,15.1795,10.829499,9.4,10.483357,55.0,87.11704,1014.2698,4.28,Drizzle: Dense
2006-10-17 21:00:00+00:00,SAMSUN,55,12.5295,12.0295,16.899998,10.990322,61.0,89.576996,1018.19305,1.66,Rain: Slight
2006-10-18 21:00:00+00:00,SAMSUN,55,16.6295,12.5295,1.6000001,15.517629,51.0,86.38999,1016.58765,5.73,Drizzle: Light
2006-10-19 21:00:00+00:00,SAMSUN,55,19.0795,13.879499,0.6,10.296251,51.0,88.69988,1011.52203,9.01,Drizzle: Light
2006-10-20 21:00:00+00:00,SAMSUN,55,19.2295,13.9795,2.6,6.489992,55.0,90.54864,1014.00146,10.08,Drizzle: Dense
2006-10-21 21:00:00+00:00,SAMSUN,55,21.529501,13.1795,0.0,9.693296,3.0,88.80068,1014.93384,12.9,Overcast
2006-10-22 21:00:00+00:00,SAMSUN,55,21.379501,13.0295,1.1,12.313893,51.0,87.216705,1014.3055,10.36,Drizzle: Light
2006-10-23 21:00:00+00:00,SAMSUN,55,19.6795,14.329499,0.0,9.83268,3.0,90.87922,1015.8206,10.04,Overcast
2006-10-24 21:00:00+00:00,SAMSUN,55,21.5795,13.7295,0.0,8.311245,3.0,88.9273,1014.42847,11.87,Overcast
2006-10-25 21:00:00+00:00,SAMSUN,55,18.779501,13.6795,13.2,15.273505,61.0,91.32672,1015.29535,6.03,Rain: Slight
2006-10-26 21:00:00+00:00,SAMSUN,55,14.6795,12.7795,6.3,13.363711,55.0,86.07126,1018.19525,3.32,Drizzle: Dense
2006-10-27 21:00:00+00:00,SAMSUN,55,16.5795,14.2295,7.399999,12.387348,53.0,92.30067,1016.13916,4.34,Drizzle: Moderate
2006-10-28 21:00:00+00:00,SAMSUN,55,14.9295,11.7795,7.7000003,13.661038,55.0,87.91505,1010.95,3.62,Drizzle: Dense
2006-10-29 21:00:00+00:00,SAMSUN,55,20.7295,10.129499,0.0,12.849528,3.0,82.639336,1004.5515,10.6,Overcast
2006-10-30 21:00:00+00:00,SAMSUN,55,20.779501,12.9795,0.6,11.770403,51.0,79.044395,1008.4475,8.9,Drizzle: Light
2006-10-31 21:00:00+00:00,SAMSUN,55,21.2295,12.0295,1.3,10.144082,53.0,85.52924,1006.8217,7.97,Drizzle: Moderate
2006-11-01 21:00:00+00:00,SAMSUN,55,17.3295,13.7295,9.499999,9.178235,61.0,90.752785,1005.8775,6.88,Rain: Slight
2006-11-02 21:00:00+00:00,SAMSUN,55,22.4295,12.629499,0.2,23.683512,51.0,72.09127,1002.0961,11.72,Drizzle: Light
2006-11-03 21:00:00+00:00,SAMSUN,55,14.629499,6.3795,24.700003,23.4,71.0,83.06855,1007.36115,3.62,Snow fall: Slight
2006-11-04 21:00:00+00:00,SAMSUN,55,6.1295,4.7295,25.8,21.99538,73.0,88.35517,1016.05035,2.08,Snow fall: Moderate
2006-11-05 21:00:00+00:00,SAMSUN,55,10.629499,1.9795,0.0,22.180206,3.0,66.04021,1018.563,11.01,Overcast
2006-11-06 21:00:00+00:00,SAMSUN,55,13.1795,6.0295,0.6,24.458813,51.0,52.15108,1017.06134,9.87,Drizzle: Light
2006-11-07 21:00:00+00:00,SAMSUN,55,14.7295,8.2795,0.0,14.264361,3.0,68.28629,1024.368,7.05,Overcast
2006-11-08 21:00:00+00:00,SAMSUN,55,16.529501,7.4295,0.0,13.0447235,3.0,75.815636,1022.24243,11.01,Overcast
2006-11-09 21:00:00+00:00,SAMSUN,55,17.529501,8.7295,0.0,15.1884165,1.0,68.81809,1016.60846,10.94,Mainly clear
2006-11-10 21:00:00+00:00,SAMSUN,55,10.079499,7.1295,10.0,13.237039,53.0,90.34323,1019.85626,1.93,Drizzle: Moderate
2006-11-11 21:00:00+00:00,SAMSUN,55,11.1795,6.3295,1.0000001,8.707237,51.0,82.09518,1017.09375,5.35,Drizzle: Light
2006-11-12 21:00:00+00:00,SAMSUN,55,16.7295,7.9295,1.2,13.53236,53.0,81.304695,1007.2439,5.51,Drizzle: Moderate
2006-11-13 21:00:00+00:00,SAMSUN,55,13.129499,7.3295,2.6,18.043148,61.0,68.076866,1010.8872,9.39,Rain: Slight
2006-11-14 21:00:00+00:00,SAMSUN,55,13.579499,6.4795003,0.0,18.919704,3.0,71.55301,1019.09686,7.28,Overcast
2006-11-15 21:00:00+00:00,SAMSUN,55,16.1795,7.4795003,0.0,14.186923,2.0,71.80607,1022.18915,9.27,Partly cloudy
2006-11-16 21:00:00+00:00,SAMSUN,55,17.4295,9.0295,0.0,16.870138,1.0,73.36448,1017.7371,9.96,Mainly clear
2006-11-17 21:00:00+00:00,SAMSUN,55,10.2295,7.2295003,2.5,11.525623,51.0,88.5491,1022.1665,2.26,Drizzle: Light
2006-11-18 21:00:00+00:00,SAMSUN,55,9.0295,4.3795,0.4,11.620809,51.0,77.95016,1026.5052,7.4,Drizzle: Light
2006-11-19 21:00:00+00:00,SAMSUN,55,12.629499,1.3295001,0.0,10.823973,1.0,79.998314,1021.5061,9.98,Mainly clear
2006-11-20 21:00:00+00:00,SAMSUN,55,14.0295,4.0795,0.0,10.00256,3.0,80.45651,1016.33105,8.47,Overcast
2006-11-21 21:00:00+00:00,SAMSUN,55,15.829499,5.6795,0.0,12.88981,3.0,71.8596,1013.25934,8.3,Overcast
2006-11-22 21:00:00+00:00,SAMSUN,55,17.3295,7.6795,0.0,16.485485,1.0,62.81561,1015.00726,9.44,Mainly clear
2006-11-23 21:00:00+00:00,SAMSUN,55,17.029501,7.6795,0.0,14.57889,2.0,73.430275,1019.21313,9.37,Partly cloudy
2006-11-24 21:00:00+00:00,SAMSUN,55,15.879499,5.8295,0.0,10.514218,3.0,81.21428,1022.5344,8.92,Overcast
2006-11-25 21:00:00+00:00,SAMSUN,55,15.879499,5.7795,0.0,8.435069,0.0,81.36452,1025.0874,9.08,Clear sky
2006-11-26 21:00:00+00:00,SAMSUN,55,15.5295,5.7795,0.0,7.928177,1.0,81.78138,1024.5758,8.85,Mainly clear
2006-11-27 21:00:00+00:00,SAMSUN,55,12.7295,5.3795,0.0,9.346143,3.0,88.9627,1024.0211,7.51,Overcast
2006-11-28 21:00:00+00:00,SAMSUN,55,9.4795,7.4295,0.9000001,10.483357,51.0,88.418335,1025.3683,2.91,Drizzle: Light
2006-11-29 21:00:00+00:00,SAMSUN,55,9.1795,4.1795,0.0,10.853866,3.0,79.30666,1028.7251,5.37,Overcast
2006-11-30 21:00:00+00:00,SAMSUN,55,10.2295,3.6295002,0.0,11.753876,3.0,82.389725,1030.0717,6.2,Overcast
2006-12-01 21:00:00+00:00,SAMSUN,55,9.6795,7.0795,1.0,15.629971,51.0,84.24549,1028.6959,2.91,Drizzle: Light
2006-12-02 21:00:00+00:00,SAMSUN,55,12.2295,4.0295,0.0,11.620809,3.0,86.19163,1025.2987,8.2,Overcast
2006-12-03 21:00:00+00:00,SAMSUN,55,12.629499,3.1795,0.0,12.413477,3.0,80.62279,1017.9512,8.76,Overcast
2006-12-04 21:00:00+00:00,SAMSUN,55,11.7795,2.9295,0.0,10.086427,2.0,85.34106,1016.94116,8.51,Partly cloudy
2006-12-05 21:00:00+00:00,SAMSUN,55,12.129499,3.0795002,0.0,9.693296,2.0,83.91826,1019.81476,8.31,Partly cloudy
2006-12-06 21:00:00+00:00,SAMSUN,55,12.5295,2.9795,0.0,11.183201,1.0,80.600655,1019.86444,8.51,Mainly clear
2006-12-07 21:00:00+00:00,SAMSUN,55,13.079499,2.9295,0.0,12.031756,0.0,82.8391,1022.15375,8.34,Clear sky
2006-12-08 21:00:00+00:00,SAMSUN,55,12.379499,3.0795002,0.0,12.594856,0.0,82.96105,1024.2234,8.43,Clear sky
2006-12-09 21:00:00+00:00,SAMSUN,55,12.1795,2.7795,0.0,11.019764,1.0,80.93016,1025.1345,8.48,Mainly clear
2006-12-10 21:00:00+00:00,SAMSUN,55,11.9295,2.5295,0.0,10.296251,3.0,83.1558,1026.8721,8.3,Overcast
2006-12-11 21:00:00+00:00,SAMSUN,55,10.4295,2.2795,0.0,6.830519,3.0,86.46006,1020.6514,6.93,Overcast
2006-12-12 21:00:00+00:00,SAMSUN,55,8.9795,4.9295,1.2,7.9932976,51.0,90.176025,1025.1227,2.37,Drizzle: Light
2006-12-13 21:00:00+00:00,SAMSUN,55,10.129499,6.1795,4.0,17.31746,53.0,89.198784,1028.0587,4.96,Drizzle: Moderate
2006-12-14 21:00:00+00:00,SAMSUN,55,7.7795,3.7795,3.8999999,11.966954,71.0,86.777504,1032.2333,5.21,Snow fall: Slight
2006-12-15 21:00:00+00:00,SAMSUN,55,10.129499,1.2795,0.0,15.0038395,3.0,83.271614,1034.0107,7.8,Overcast
2006-12-16 21:00:00+00:00,SAMSUN,55,13.379499,3.9795,0.0,17.727943,2.0,66.88526,1027.1305,8.05,Partly cloudy
2006-12-17 21:00:00+00:00,SAMSUN,55,13.6795,4.5795,0.0,14.982228,3.0,66.39325,1020.9548,8.03,Overcast
2006-12-18 21:00:00+00:00,SAMSUN,55,12.829499,5.3295,0.0,14.693999,3.0,70.93401,1017.98395,6.13,Overcast
2006-12-19 21:00:00+00:00,SAMSUN,55,11.7795,3.6295002,0.0,8.669949,3.0,86.00784,1018.78125,7.5,Overcast
2006-12-20 21:00:00+00:00,SAMSUN,55,7.0795,3.6795,20.4,15.815435,73.0,92.007484,1023.0788,0.87,Snow fall: Moderate
2006-12-21 21:00:00+00:00,SAMSUN,55,4.1795,2.1295002,2.5999997,18.514643,71.0,79.25129,1030.3352,5.38,Snow fall: Slight
2006-12-22 21:00:00+00:00,SAMSUN,55,6.2295003,1.9295001,0.0,12.303366,3.0,72.158066,1030.8104,6.09,Overcast
2006-12-23 21:00:00+00:00,SAMSUN,55,8.4295,1.6795001,0.0,12.768586,3.0,68.593414,1027.568,5.24,Overcast
2006-12-24 21:00:00+00:00,SAMSUN,55,8.3295,1.0295,0.0,12.496718,3.0,73.86809,1015.19165,7.73,Overcast
2006-12-25 21:00:00+00:00,SAMSUN,55,4.4795,-1.0704999,4.1000004,25.006397,73.0,73.4196,1015.9282,5.01,Snow fall: Moderate
2006-12-26 21:00:00+00:00,SAMSUN,55,-0.07049996,-2.1704998,2.8999996,17.339897,73.0,76.143776,1025.1719,6.91,Snow fall: Moderate
2006-12-27 21:00:00+00:00,SAMSUN,55,4.3295,-1.5205,2.6,12.24,73.0,78.15325,1025.4014,5.04,Snow fall: Moderate
2006-12-28 21:00:00+00:00,SAMSUN,55,5.6795,-0.2705,0.0,17.283749,0.0,72.04034,1023.70605,8.44,Clear sky
2006-12-29 21:00:00+00:00,SAMSUN,55,4.3295,-0.42049998,0.1,14.689588,51.0,80.57749,1029.0947,4.63,Drizzle: Light
2006-12-30 21:00:00+00:00,SAMSUN,55,6.0295,1.1795001,1.2000002,7.2359104,71.0,88.6182,1033.6012,4.45,Snow fall: Slight
2006-12-31 21:00:00+00:00,SAMSUN,55,8.6795,1.0295,0.0,13.551501,3.0,77.19825,1030.2775,7.78,Overcast
2007-01-01 21:00:00+00:00,SAMSUN,55,10.629499,2.5295,0.0,22.065973,3.0,59.342434,1022.3492,6.17,Overcast
2007-01-02 21:00:00+00:00,SAMSUN,55,13.879499,5.3795,0.0,22.66857,3.0,47.818775,1014.0002,7.14,Overcast
2007-01-03 21:00:00+00:00,SAMSUN,55,10.0295,2.8295,4.5000005,10.97262,71.0,84.63353,1016.6192,4.24,Snow fall: Slight
2007-01-04 21:00:00+00:00,SAMSUN,55,6.5795,4.7795,7.6000004,11.480557,71.0,91.27163,1016.13525,2.17,Snow fall: Slight
2007-01-05 21:00:00+00:00,SAMSUN,55,6.9295,4.3795,5.3999996,9.085988,71.0,86.716835,1019.7143,3.79,Snow fall: Slight
2007-01-06 21:00:00+00:00,SAMSUN,55,7.9795003,1.8295,0.4,7.42159,51.0,85.67892,1022.82495,6.4,Drizzle: Light
2007-01-07 21:00:00+00:00,SAMSUN,55,10.2295,1.5795,0.0,15.072783,3.0,72.871315,1022.2347,6.96,Overcast
2007-01-08 21:00:00+00:00,SAMSUN,55,11.9295,3.1795,0.0,13.684735,3.0,67.85559,1023.6326,8.36,Overcast
2007-01-09 21:00:00+00:00,SAMSUN,55,11.829499,3.3295002,0.0,12.88981,3.0,75.33376,1026.319,7.05,Overcast
2007-01-10 21:00:00+00:00,SAMSUN,55,11.129499,2.3295,0.0,11.435313,0.0,83.35552,1024.4901,8.98,Clear sky
2007-01-11 21:00:00+00:00,SAMSUN,55,11.829499,3.2295,0.0,19.826164,3.0,63.568893,1015.3921,9.03,Overcast
2007-01-12 21:00:00+00:00,SAMSUN,55,10.9295,4.5295,0.0,15.580141,3.0,63.58826,1016.7483,5.5,Overcast
2007-01-13 21:00:00+00:00,SAMSUN,55,11.629499,5.3295,0.0,16.363178,3.0,74.46322,1020.0213,4.06,Overcast
2007-01-14 21:00:00+00:00,SAMSUN,55,11.9295,4.1795,0.6,14.113652,51.0,80.1162,1022.54297,4.98,Drizzle: Light
2007-01-15 21:00:00+00:00,SAMSUN,55,10.7295,3.2295,0.4,15.827721,51.0,76.08732,1024.5967,5.37,Drizzle: Light
2007-01-16 21:00:00+00:00,SAMSUN,55,12.4795,2.9795,0.0,14.689588,3.0,72.43987,1024.286,9.56,Overcast
2007-01-17 21:00:00+00:00,SAMSUN,55,12.4795,3.2795,0.0,15.778516,3.0,69.2992,1022.35516,9.62,Overcast
2007-01-18 21:00:00+00:00,SAMSUN,55,14.629499,3.4295,0.0,26.795223,3.0,51.823963,1011.36646,9.93,Overcast
2007-01-19 21:00:00+00:00,SAMSUN,55,12.629499,3.2295,9.1,26.980793,73.0,76.42431,1009.11176,2.71,Snow fall: Moderate
2007-01-20 21:00:00+00:00,SAMSUN,55,9.5295,1.5295,0.0,13.661038,2.0,74.45179,1020.68335,9.8,Partly cloudy
2007-01-21 21:00:00+00:00,SAMSUN,55,13.829499,3.8295002,0.0,20.523157,0.0,59.685684,1020.72003,9.95,Clear sky
2007-01-22 21:00:00+00:00,SAMSUN,55,16.1795,5.2795,0.0,17.727943,3.0,61.546253,1021.1961,10.09,Overcast
2007-01-23 21:00:00+00:00,SAMSUN,55,17.6795,7.8795,0.0,19.826164,3.0,53.241688,1014.4458,9.11,Overcast
2007-01-24 21:00:00+00:00,SAMSUN,55,17.2295,8.379499,0.0,18.193361,3.0,48.165924,1015.66235,7.82,Overcast
2007-01-25 21:00:00+00:00,SAMSUN,55,16.9795,8.0795,0.0,17.673029,3.0,59.57599,1016.7434,7.2,Overcast
2007-01-26 21:00:00+00:00,SAMSUN,55,18.2295,7.0295,0.0,20.447239,3.0,60.540188,1010.3945,9.4,Overcast
2007-01-27 21:00:00+00:00,SAMSUN,55,7.6295,1.0795001,17.9,26.220753,75.0,90.85223,1006.79987,1.09,Snow fall: Heavy
2007-01-28 21:00:00+00:00,SAMSUN,55,6.8295,-1.8204999,0.1,25.284714,51.0,55.234238,1013.10474,10.0,Drizzle: Light
2007-01-29 21:00:00+00:00,SAMSUN,55,7.9795003,0.8295,4.9,26.242987,73.0,59.614944,1007.2127,5.64,Snow fall: Moderate
2007-01-30 21:00:00+00:00,SAMSUN,55,5.3295,-0.22049993,1.9000002,28.006058,73.0,64.557655,1015.34326,8.94,Snow fall: Moderate
2007-01-31 21:00:00+00:00,SAMSUN,55,9.1795,-5.1705,0.0,23.847115,3.0,63.26624,1017.8105,11.06,Overcast
2007-02-01 21:00:00+00:00,SAMSUN,55,9.4295,3.5795002,11.1,18.837322,75.0,65.78312,1012.4492,5.91,Snow fall: Heavy
2007-02-02 21:00:00+00:00,SAMSUN,55,3.4795,2.4795,12.1,14.404499,73.0,88.64408,1015.22845,4.49,Snow fall: Moderate
2007-02-03 21:00:00+00:00,SAMSUN,55,2.8295,1.9295001,19.9,10.538843,73.0,92.61918,1009.23346,4.07,Snow fall: Moderate
2007-02-04 21:00:00+00:00,SAMSUN,55,3.4795,1.1795001,6.1,9.793058,73.0,84.89622,1012.6055,7.66,Snow fall: Moderate
2007-02-05 21:00:00+00:00,SAMSUN,55,3.2295,-0.82049996,5.5999994,10.829959,73.0,84.86808,1011.50104,5.41,Snow fall: Moderate
2007-02-06 21:00:00+00:00,SAMSUN,55,6.1795,-1.1204998,0.0,20.140705,2.0,80.57824,1016.8719,13.02,Partly cloudy
2007-02-07 21:00:00+00:00,SAMSUN,55,6.9295,0.5295,0.0,22.238562,3.0,71.25034,1018.36835,11.69,Overcast
2007-02-08 21:00:00+00:00,SAMSUN,55,8.129499,1.1295,0.0,18.971008,3.0,70.93463,1017.74615,13.12,Overcast
2007-02-09 21:00:00+00:00,SAMSUN,55,11.9295,1.7795,0.0,18.0,2.0,68.64344,1016.0307,13.19,Partly cloudy
2007-02-10 21:00:00+00:00,SAMSUN,55,13.1795,2.8295,0.0,17.906157,3.0,63.447445,1015.79474,12.05,Overcast
2007-02-11 21:00:00+00:00,SAMSUN,55,14.329499,3.9295,0.0,17.974781,3.0,60.802258,1012.3211,12.85,Overcast
2007-02-12 21:00:00+00:00,SAMSUN,55,14.879499,5.2795,0.0,17.477621,3.0,66.73156,1009.5012,13.13,Overcast
2007-02-13 21:00:00+00:00,SAMSUN,55,15.7795,5.7295003,0.4,18.214718,51.0,67.64571,1006.79614,12.69,Drizzle: Light
2007-02-14 21:00:00+00:00,SAMSUN,55,13.0295,6.5795,6.799999,13.089354,61.0,85.422905,1009.7059,9.44,Rain: Slight
2007-02-15 21:00:00+00:00,SAMSUN,55,9.7795,6.8295,0.1,10.464797,51.0,91.883644,1016.6928,6.56,Drizzle: Light
2007-02-16 21:00:00+00:00,SAMSUN,55,9.4295,5.6295,0.2,12.031756,51.0,90.91856,1018.9958,7.82,Drizzle: Light
2007-02-17 21:00:00+00:00,SAMSUN,55,6.4295,1.5295,4.6,15.815435,71.0,83.01368,1023.63135,6.49,Snow fall: Slight
2007-02-18 21:00:00+00:00,SAMSUN,55,10.7295,-1.6704998,0.0,11.792404,1.0,77.990456,1019.0533,14.59,Mainly clear
2007-02-19 21:00:00+00:00,SAMSUN,55,11.0295,3.8295002,0.2,12.768586,51.0,81.33301,1015.49994,13.24,Drizzle: Light
2007-02-20 21:00:00+00:00,SAMSUN,55,12.629499,3.2795,0.0,9.085988,3.0,88.10571,1015.4262,12.95,Overcast
2007-02-21 21:00:00+00:00,SAMSUN,55,7.2795,4.9795003,1.1,11.726277,51.0,88.904816,1019.2493,5.79,Drizzle: Light
2007-02-22 21:00:00+00:00,SAMSUN,55,13.9795,4.2795,5.0999994,9.0,55.0,85.82336,1009.0518,12.52,Drizzle: Dense
2007-02-23 21:00:00+00:00,SAMSUN,55,7.4795003,-0.8704999,6.1,20.598795,73.0,78.30256,1020.13055,5.18,Snow fall: Moderate
2007-02-24 21:00:00+00:00,SAMSUN,55,1.5795,-1.0704999,0.0,14.917212,3.0,65.26002,1023.4758,8.29,Overcast
2007-02-25 21:00:00+00:00,SAMSUN,55,4.5795,-1.3204999,0.0,11.384199,3.0,74.115746,1018.3299,13.2,Overcast
2007-02-26 21:00:00+00:00,SAMSUN,55,9.829499,-2.2205,0.0,10.538843,3.0,81.24514,1013.69604,15.82,Overcast
2007-02-27 21:00:00+00:00,SAMSUN,55,16.779501,0.72950006,0.8,15.175612,51.0,75.41931,1007.6428,12.97,Drizzle: Light
2007-02-28 21:00:00+00:00,SAMSUN,55,8.4295,6.0295,5.3,9.19939,53.0,93.45487,1013.1406,7.27,Drizzle: Moderate
2007-03-01 21:00:00+00:00,SAMSUN,55,13.6795,5.1795,0.6,9.227524,51.0,88.68929,1013.88086,14.82,Drizzle: Light
2007-03-02 21:00:00+00:00,SAMSUN,55,16.4795,6.4295,10.8,20.150354,61.0,76.80009,1009.43506,10.79,Rain: Slight
2007-03-03 21:00:00+00:00,SAMSUN,55,11.7795,7.4295,3.8000004,9.422101,55.0,90.91172,1012.1289,6.99,Drizzle: Dense
2007-03-04 21:00:00+00:00,SAMSUN,55,10.079499,6.3295,15.9,19.855558,63.0,87.654945,1013.853,8.7,Rain: Moderate
2007-03-05 21:00:00+00:00,SAMSUN,55,7.3295,4.7795,6.9999995,24.774696,71.0,85.83027,1025.2515,7.28,Snow fall: Slight
2007-03-06 21:00:00+00:00,SAMSUN,55,9.4295,1.6295,0.0,13.684735,2.0,83.64594,1024.4187,16.94,Partly cloudy
2007-03-07 21:00:00+00:00,SAMSUN,55,9.0295,1.7795,0.0,10.805998,3.0,86.33121,1017.9929,12.37,Overcast
2007-03-08 21:00:00+00:00,SAMSUN,55,8.5795,4.2795,0.0,10.587918,3.0,83.2033,1020.2624,12.16,Overcast
2007-03-09 21:00:00+00:00,SAMSUN,55,9.829499,2.9295,0.0,12.641076,3.0,87.14197,1022.269,15.48,Overcast
2007-03-10 21:00:00+00:00,SAMSUN,55,8.4295,5.3295,0.0,10.464797,3.0,89.6258,1021.3056,10.76,Overcast
2007-03-11 21:00:00+00:00,SAMSUN,55,9.4295,4.6295,6.7999997,15.226764,73.0,82.76918,1018.35114,12.3,Snow fall: Moderate
2007-03-12 21:00:00+00:00,SAMSUN,55,8.629499,2.8795002,6.3999996,9.885262,73.0,85.66036,1013.81757,13.3,Snow fall: Moderate
2007-03-13 21:00:00+00:00,SAMSUN,55,6.6795,3.8795002,3.7000005,15.141414,71.0,86.19703,1011.87006,9.9,Snow fall: Slight
2007-03-14 21:00:00+00:00,SAMSUN,55,6.5295,4.7295,3.9,25.068514,71.0,85.89996,1012.17236,4.65,Snow fall: Slight
2007-03-15 21:00:00+00:00,SAMSUN,55,7.4295,3.3795002,3.5000002,17.782686,71.0,81.230064,1015.90424,5.86,Snow fall: Slight
2007-03-16 21:00:00+00:00,SAMSUN,55,9.579499,2.6295002,0.0,11.113451,3.0,80.45315,1016.6313,13.67,Overcast
2007-03-17 21:00:00+00:00,SAMSUN,55,15.579499,2.4795,2.6,19.734436,53.0,76.3908,1009.00446,13.45,Drizzle: Moderate
2007-03-18 21:00:00+00:00,SAMSUN,55,12.7295,4.3795,0.0,10.829959,3.0,84.87544,1009.37274,15.83,Overcast
2007-03-19 21:00:00+00:00,SAMSUN,55,17.0795,3.2795,0.0,11.726277,1.0,78.4357,1007.4753,19.38,Mainly clear
2007-03-20 21:00:00+00:00,SAMSUN,55,20.779501,5.6795,0.0,14.8257065,0.0,68.95554,1009.05084,19.47,Clear sky
2007-03-21 21:00:00+00:00,SAMSUN,55,20.879501,9.4795,0.0,17.935081,3.0,66.74833,1010.33185,20.34,Overcast
2007-03-22 21:00:00+00:00,SAMSUN,55,18.5795,6.9795003,0.2,19.245697,51.0,75.79947,1005.7742,19.3,Drizzle: Light
2007-03-23 21:00:00+00:00,SAMSUN,55,16.2295,7.6295,18.300001,15.990646,61.0,86.23374,1005.3692,4.91,Rain: Slight
2007-03-24 21:00:00+00:00,SAMSUN,55,12.4295,5.7795,8.1,9.826088,61.0,90.584694,1012.6534,12.98,Rain: Slight
2007-03-25 21:00:00+00:00,SAMSUN,55,10.629499,5.0795,4.7999997,20.12461,71.0,87.8796,1015.93634,13.81,Snow fall: Slight
2007-03-26 21:00:00+00:00,SAMSUN,55,6.6795,3.8295002,0.6,13.910169,71.0,74.50467,1019.89014,12.92,Snow fall: Slight
2007-03-27 21:00:00+00:00,SAMSUN,55,8.9795,1.4795,0.0,14.973577,3.0,74.08479,1021.42694,15.24,Overcast
2007-03-28 21:00:00+00:00,SAMSUN,55,9.9795,0.42950004,0.0,15.072783,2.0,80.00265,1022.4136,19.15,Partly cloudy
2007-03-29 21:00:00+00:00,SAMSUN,55,10.7795,2.1295002,0.0,13.551501,3.0,86.34486,1020.94385,17.91,Overcast
2007-03-30 21:00:00+00:00,SAMSUN,55,12.879499,4.6295,2.7000003,12.758432,53.0,87.34269,1015.01556,17.04,Drizzle: Moderate
2007-03-31 21:00:00+00:00,SAMSUN,55,8.7795,5.9295,7.0000005,17.309973,53.0,90.5658,1015.2342,5.68,Drizzle: Moderate
2007-04-01 21:00:00+00:00,SAMSUN,55,11.379499,6.5795,0.6,18.837322,51.0,74.57531,1017.86774,16.16,Drizzle: Light
2007-04-02 21:00:00+00:00,SAMSUN,55,10.629499,5.8295,2.1999998,17.283749,53.0,79.89004,1011.4333,11.25,Drizzle: Moderate
2007-04-03 21:00:00+00:00,SAMSUN,55,12.9795,3.3295002,0.0,11.808878,2.0,78.20184,1011.51764,20.15,Partly cloudy
2007-04-04 21:00:00+00:00,SAMSUN,55,17.279501,4.2295,0.0,14.658676,3.0,68.023506,1010.4748,14.4,Overcast
2007-04-05 21:00:00+00:00,SAMSUN,55,11.2795,7.6295,3.9999998,12.074766,53.0,88.33964,1013.5415,10.39,Drizzle: Moderate
2007-04-06 21:00:00+00:00,SAMSUN,55,13.6795,6.0295,0.0,14.33234,2.0,84.11515,1015.48444,19.81,Partly cloudy
2007-04-07 21:00:00+00:00,SAMSUN,55,13.4795,3.0795002,0.0,13.755579,0.0,82.16134,1013.8252,22.63,Clear sky
2007-04-08 21:00:00+00:00,SAMSUN,55,11.9795,2.7295,0.0,15.39184,1.0,81.61079,1016.3081,20.6,Mainly clear
2007-04-09 21:00:00+00:00,SAMSUN,55,12.2795,2.2795,0.0,14.982228,1.0,81.82157,1015.84155,23.55,Mainly clear
2007-04-10 21:00:00+00:00,SAMSUN,55,12.7295,1.5795,0.0,14.57889,0.0,77.602356,1013.50507,23.98,Clear sky
2007-04-11 21:00:00+00:00,SAMSUN,55,12.7795,4.1295,0.0,13.684735,3.0,75.630226,1016.6228,13.1,Overcast
2007-04-12 21:00:00+00:00,SAMSUN,55,12.629499,4.3295,3.9000003,13.202726,53.0,84.52854,1017.9788,13.92,Drizzle: Moderate
2007-04-13 21:00:00+00:00,SAMSUN,55,11.2795,4.5295,0.5,16.575644,51.0,78.99891,1019.7674,20.62,Drizzle: Light
2007-04-14 21:00:00+00:00,SAMSUN,55,11.1795,1.8295,0.0,13.104198,3.0,75.02256,1014.88086,17.87,Overcast
2007-04-15 21:00:00+00:00,SAMSUN,55,10.2795,3.6795,4.7,14.154915,71.0,83.17705,1017.88696,18.66,Snow fall: Slight
2007-04-16 21:00:00+00:00,SAMSUN,55,11.079499,4.3795,1.3000001,16.179987,71.0,76.38566,1018.0371,21.25,Snow fall: Slight
2007-04-17 21:00:00+00:00,SAMSUN,55,8.7295,5.4795003,4.8,16.548256,71.0,83.20481,1012.40814,9.46,Snow fall: Slight
2007-04-18 21:00:00+00:00,SAMSUN,55,11.7295,5.5295,4.7999997,14.934577,71.0,77.020226,1011.858,19.37,Snow fall: Slight
2007-04-19 21:00:00+00:00,SAMSUN,55,11.4295,3.1795,2.5,9.007196,53.0,81.84133,1016.9312,20.8,Drizzle: Moderate
2007-04-20 21:00:00+00:00,SAMSUN,55,17.4795,5.1795,0.0,11.609651,2.0,77.57365,1017.84985,25.33,Partly cloudy
2007-04-21 21:00:00+00:00,SAMSUN,55,15.4795,7.4295,0.5,13.392774,51.0,82.13545,1018.22296,24.3,Drizzle: Light
2007-04-22 21:00:00+00:00,SAMSUN,55,11.829499,5.3795,7.2,18.806337,55.0,80.2461,1021.9704,15.25,Drizzle: Dense
2007-04-23 21:00:00+00:00,SAMSUN,55,11.629499,2.8795002,0.0,12.10157,2.0,77.0188,1020.37225,21.11,Partly cloudy
2007-04-24 21:00:00+00:00,SAMSUN,55,12.879499,1.7795,0.0,15.175612,3.0,78.141335,1018.30786,24.06,Overcast
2007-04-25 21:00:00+00:00,SAMSUN,55,13.9795,5.3795,0.0,16.595179,2.0,82.981285,1019.5398,22.66,Partly cloudy
2007-04-26 21:00:00+00:00,SAMSUN,55,13.629499,7.2295003,0.0,12.594856,3.0,77.51367,1019.9534,19.41,Overcast
2007-04-27 21:00:00+00:00,SAMSUN,55,15.2795,4.7795,0.1,13.044722,51.0,78.731964,1016.0567,25.45,Drizzle: Light
2007-04-28 21:00:00+00:00,SAMSUN,55,12.9795,7.6295,1.5000001,14.021525,53.0,78.85269,1009.95166,13.19,Drizzle: Moderate
2007-04-29 21:00:00+00:00,SAMSUN,55,16.7295,8.629499,0.3,12.397806,51.0,73.930954,1008.20306,21.2,Drizzle: Light
2007-04-30 21:00:00+00:00,SAMSUN,55,19.779501,7.0795,4.6,9.19939,61.0,78.84718,1010.98,22.51,Rain: Slight
2007-05-01 21:00:00+00:00,SAMSUN,55,17.7295,11.6795,24.999998,14.345898,63.0,90.552826,1012.2729,11.58,Rain: Moderate
2007-05-02 21:00:00+00:00,SAMSUN,55,13.5295,9.2795,6.7,15.484185,55.0,88.81848,1017.3425,16.74,Drizzle: Dense
2007-05-03 21:00:00+00:00,SAMSUN,55,13.7795,9.4295,0.0,13.004922,3.0,87.42898,1016.1956,16.01,Overcast
2007-05-04 21:00:00+00:00,SAMSUN,55,17.0795,8.879499,0.0,11.966954,3.0,86.11283,1016.1613,25.84,Overcast
2007-05-05 21:00:00+00:00,SAMSUN,55,19.7295,9.1795,0.0,12.181624,3.0,85.84022,1016.9798,26.14,Overcast
2007-05-06 21:00:00+00:00,SAMSUN,55,22.6795,9.5295,0.0,9.605998,3.0,85.48871,1011.62524,25.96,Overcast
2007-05-07 21:00:00+00:00,SAMSUN,55,24.0795,14.1795,7.5000005,13.905509,61.0,81.54802,1006.2532,19.7,Rain: Slight
2007-05-08 21:00:00+00:00,SAMSUN,55,20.779501,13.829499,1.1,9.686609,53.0,81.640465,1009.84564,22.68,Drizzle: Moderate
2007-05-09 21:00:00+00:00,SAMSUN,55,22.6795,12.7795,0.0,15.484185,3.0,79.76463,1011.8706,23.34,Overcast
2007-05-10 21:00:00+00:00,SAMSUN,55,16.779501,11.379499,0.0,13.746156,3.0,79.884834,1016.5205,26.64,Overcast
2007-05-11 21:00:00+00:00,SAMSUN,55,17.1795,11.079499,0.3,11.457958,51.0,82.1281,1011.6263,23.04,Drizzle: Light
2007-05-12 21:00:00+00:00,SAMSUN,55,19.029501,11.5295,0.0,14.494192,3.0,76.240425,1012.5346,25.04,Overcast
2007-05-13 21:00:00+00:00,SAMSUN,55,19.8295,10.829499,0.0,12.43434,1.0,72.08827,1017.57745,26.22,Mainly clear
2007-05-14 21:00:00+00:00,SAMSUN,55,19.1795,10.2295,0.0,13.276144,0.0,81.29055,1016.1023,27.36,Clear sky
2007-05-15 21:00:00+00:00,SAMSUN,55,20.8295,9.6795,0.0,10.787993,3.0,87.08358,1011.0235,27.69,Overcast
2007-05-16 21:00:00+00:00,SAMSUN,55,22.3295,12.2295,0.0,9.422101,3.0,80.88932,1006.85345,26.45,Overcast
2007-05-17 21:00:00+00:00,SAMSUN,55,28.3295,14.0295,9.3,15.986595,63.0,77.931,1006.0096,26.1,Rain: Moderate
2007-05-18 21:00:00+00:00,SAMSUN,55,25.879501,15.629499,0.4,10.464797,51.0,81.72046,1011.58636,24.74,Drizzle: Light
2007-05-19 21:00:00+00:00,SAMSUN,55,23.879501,15.5295,0.0,12.879752,3.0,85.73105,1010.5344,26.69,Overcast
2007-05-20 21:00:00+00:00,SAMSUN,55,22.529501,15.129499,0.70000005,13.339445,51.0,85.78988,1009.02057,22.25,Drizzle: Light
2007-05-21 21:00:00+00:00,SAMSUN,55,21.5795,13.7795,0.0,10.948973,1.0,84.24909,1007.81525,26.23,Mainly clear
2007-05-22 21:00:00+00:00,SAMSUN,55,20.379501,14.329499,0.0,12.096214,3.0,89.50412,1007.02704,22.34,Overcast
2007-05-23 21:00:00+00:00,SAMSUN,55,22.5795,14.9795,0.0,10.041354,2.0,87.91922,1007.76825,26.15,Partly cloudy
2007-05-24 21:00:00+00:00,SAMSUN,55,23.3295,14.7295,0.0,12.096214,3.0,88.570244,1008.50275,25.92,Overcast
2007-05-25 21:00:00+00:00,SAMSUN,55,23.129501,16.1295,0.0,10.685391,3.0,87.96732,1007.07275,24.61,Overcast
2007-05-26 21:00:00+00:00,SAMSUN,55,25.379501,17.5795,1.7,12.303366,53.0,85.65113,1006.12866,20.42,Drizzle: Moderate
2007-05-27 21:00:00+00:00,SAMSUN,55,23.5795,17.279501,4.2000003,8.404285,53.0,89.28351,1005.6328,20.15,Drizzle: Moderate
2007-05-28 21:00:00+00:00,SAMSUN,55,26.1795,15.7795,4.6,10.661107,61.0,83.83749,1005.31616,24.26,Rain: Slight
2007-05-29 21:00:00+00:00,SAMSUN,55,23.7295,15.9295,0.3,11.525623,51.0,87.15827,1007.71136,25.27,Drizzle: Light
2007-05-30 21:00:00+00:00,SAMSUN,55,23.9795,15.7795,0.0,12.4811535,3.0,85.2398,1007.15753,27.64,Overcast
2007-05-31 21:00:00+00:00,SAMSUN,55,23.2295,16.029501,0.2,13.797913,51.0,84.76983,1009.69305,26.38,Drizzle: Light
2007-06-01 21:00:00+00:00,SAMSUN,55,21.629501,17.129501,0.0,9.47012,3.0,83.302895,1012.6147,17.0,Overcast
2007-06-02 21:00:00+00:00,SAMSUN,55,23.2295,15.2295,0.0,11.792404,3.0,81.48585,1014.16815,28.02,Overcast
2007-06-03 21:00:00+00:00,SAMSUN,55,24.379501,14.1795,0.0,11.246759,0.0,79.07873,1013.7073,28.66,Clear sky
2007-06-04 21:00:00+00:00,SAMSUN,55,24.2295,14.9795,0.0,12.55879,3.0,87.41338,1011.9318,25.75,Overcast
2007-06-05 21:00:00+00:00,SAMSUN,55,22.3295,17.529501,0.7,14.689588,51.0,89.319176,1008.20483,18.44,Drizzle: Light
2007-06-06 21:00:00+00:00,SAMSUN,55,22.2295,17.8295,3.4999998,11.720751,53.0,86.05044,1004.4671,15.7,Drizzle: Moderate
2007-06-07 21:00:00+00:00,SAMSUN,55,21.8295,18.2295,2.5000002,21.734581,51.0,79.33034,1006.53595,14.59,Drizzle: Light
2007-06-08 21:00:00+00:00,SAMSUN,55,22.779501,17.879501,0.3,17.917007,51.0,67.53846,1010.85913,22.73,Drizzle: Light
2007-06-09 21:00:00+00:00,SAMSUN,55,24.4295,16.279501,0.0,10.630672,2.0,73.12285,1010.57025,25.05,Partly cloudy
2007-06-10 21:00:00+00:00,SAMSUN,55,22.1795,15.129499,0.70000005,13.493999,51.0,85.099174,1007.3732,20.39,Drizzle: Light
2007-06-11 21:00:00+00:00,SAMSUN,55,21.1795,17.4295,7.4999995,12.72283,61.0,86.25759,1007.3772,13.52,Rain: Slight
2007-06-12 21:00:00+00:00,SAMSUN,55,24.9295,15.4795,0.0,12.88981,3.0,80.33395,1009.7952,27.19,Overcast
2007-06-13 21:00:00+00:00,SAMSUN,55,25.0795,15.879499,0.0,11.183201,1.0,80.47732,1010.5009,29.24,Mainly clear
2007-06-14 21:00:00+00:00,SAMSUN,55,25.279501,15.9795,0.0,10.44,3.0,80.81533,1009.8259,28.84,Overcast
2007-06-15 21:00:00+00:00,SAMSUN,55,26.1795,16.0795,0.0,12.387348,3.0,75.87537,1007.4656,29.05,Overcast
2007-06-16 21:00:00+00:00,SAMSUN,55,26.5795,15.9795,0.0,12.522619,1.0,76.56997,1005.8467,28.57,Mainly clear
2007-06-17 21:00:00+00:00,SAMSUN,55,25.5795,16.6295,0.6,14.113653,51.0,76.6969,1007.31915,25.14,Drizzle: Light
2007-06-18 21:00:00+00:00,SAMSUN,55,25.029501,17.9295,1.5000001,14.332341,51.0,77.74804,1008.7718,23.62,Drizzle: Light
2007-06-19 21:00:00+00:00,SAMSUN,55,25.9295,18.4795,0.5,17.072504,51.0,74.47298,1008.91315,23.84,Drizzle: Light
2007-06-20 21:00:00+00:00,SAMSUN,55,24.4795,19.529501,0.0,22.66857,3.0,65.671715,1011.27094,23.18,Overcast
2007-06-21 21:00:00+00:00,SAMSUN,55,23.779501,16.1295,0.0,11.304229,2.0,71.56417,1013.956,24.62,Partly cloudy
2007-06-22 21:00:00+00:00,SAMSUN,55,27.3295,14.579499,0.0,12.599998,0.0,74.01737,1012.1259,29.2,Clear sky
2007-06-23 21:00:00+00:00,SAMSUN,55,31.7295,19.7295,0.0,15.192682,2.0,68.24221,1010.15375,26.75,Partly cloudy
2007-06-24 21:00:00+00:00,SAMSUN,55,26.779501,18.379501,0.0,12.031756,0.0,66.087944,1012.9126,28.73,Clear sky
2007-06-25 21:00:00+00:00,SAMSUN,55,26.9795,17.279501,0.0,12.879752,0.0,69.56999,1007.5845,28.54,Clear sky
2007-06-26 21:00:00+00:00,SAMSUN,55,28.5795,16.1795,0.0,10.966713,1.0,70.813576,1005.73846,29.5,Mainly clear
2007-06-27 21:00:00+00:00,SAMSUN,55,32.7795,18.3295,0.0,12.4811535,2.0,65.681,1002.74146,29.08,Partly cloudy
2007-06-28 21:00:00+00:00,SAMSUN,55,26.3295,21.0795,1.5,17.654688,53.0,76.003784,1008.1433,22.83,Drizzle: Moderate
2007-06-29 21:00:00+00:00,SAMSUN,55,23.3295,19.2295,5.299999,14.88242,55.0,79.02033,1011.65607,14.31,Drizzle: Dense
2007-06-30 21:00:00+00:00,SAMSUN,55,24.0795,18.529501,1.2000002,14.440443,51.0,72.69986,1012.71967,20.74,Drizzle: Light
2007-07-01 21:00:00+00:00,SAMSUN,55,24.4295,17.779501,1.0000001,17.377226,51.0,75.77233,1012.0977,19.44,Drizzle: Light
2007-07-02 21:00:00+00:00,SAMSUN,55,26.9795,17.6795,0.0,14.113653,1.0,73.52249,1010.4902,28.02,Mainly clear
2007-07-03 21:00:00+00:00,SAMSUN,55,27.2295,17.6795,0.0,14.4,1.0,78.9695,1006.8967,28.86,Mainly clear
2007-07-04 21:00:00+00:00,SAMSUN,55,30.629501,16.6295,0.0,14.264361,0.0,73.18544,1002.439,29.44,Clear sky
2007-07-05 21:00:00+00:00,SAMSUN,55,27.129501,19.5795,0.90000004,23.358425,51.0,77.27673,1004.2994,28.12,Drizzle: Light
2007-07-06 21:00:00+00:00,SAMSUN,55,24.1795,16.9295,6.4,17.31746,61.0,66.40708,1012.42316,21.27,Rain: Slight
2007-07-07 21:00:00+00:00,SAMSUN,55,25.3295,16.3795,0.0,11.808878,0.0,68.494194,1015.4294,28.61,Clear sky
2007-07-08 21:00:00+00:00,SAMSUN,55,26.029501,15.9795,0.0,13.891522,0.0,65.66131,1013.58936,29.3,Clear sky
2007-07-09 21:00:00+00:00,SAMSUN,55,25.3295,18.5795,0.0,18.947083,0.0,67.57502,1010.21045,29.07,Clear sky
2007-07-10 21:00:00+00:00,SAMSUN,55,27.279501,15.9795,0.0,13.104198,2.0,76.03896,1005.62787,29.05,Partly cloudy
2007-07-11 21:00:00+00:00,SAMSUN,55,29.0795,17.4795,0.0,12.538134,3.0,77.552155,1003.86237,28.35,Overcast
2007-07-12 21:00:00+00:00,SAMSUN,55,25.379501,20.779501,1.0,19.353138,51.0,77.751205,1008.34937,22.8,Drizzle: Light
2007-07-13 21:00:00+00:00,SAMSUN,55,23.4295,20.1795,2.8999999,24.735432,53.0,72.86086,1011.896,15.03,Drizzle: Moderate
2007-07-14 21:00:00+00:00,SAMSUN,55,25.029501,19.779501,1.8000001,20.598795,51.0,69.70024,1015.049,22.78,Drizzle: Light
2007-07-15 21:00:00+00:00,SAMSUN,55,23.9295,18.129501,1.2,20.46941,51.0,75.99682,1015.4446,20.98,Drizzle: Light
2007-07-16 21:00:00+00:00,SAMSUN,55,26.1795,19.029501,0.0,20.730501,1.0,68.788925,1015.1775,24.04,Mainly clear
2007-07-17 21:00:00+00:00,SAMSUN,55,28.8295,19.4795,0.2,14.4,51.0,69.3365,1014.4788,24.8,Drizzle: Light
2007-07-18 21:00:00+00:00,SAMSUN,55,27.1795,18.8295,0.0,13.104198,1.0,79.359795,1014.24115,25.98,Mainly clear
2007-07-19 21:00:00+00:00,SAMSUN,55,26.1795,19.279501,0.0,13.324863,3.0,81.244896,1012.3642,23.64,Overcast
2007-07-20 21:00:00+00:00,SAMSUN,55,27.7295,18.7295,0.0,12.475961,2.0,75.78503,1009.63165,27.59,Partly cloudy
2007-07-21 21:00:00+00:00,SAMSUN,55,30.5795,19.6795,0.0,11.808878,0.0,70.91189,1007.8133,28.01,Clear sky
2007-07-22 21:00:00+00:00,SAMSUN,55,30.6795,20.7295,0.0,13.797913,0.0,74.2131,1007.87115,27.63,Clear sky
2007-07-23 21:00:00+00:00,SAMSUN,55,29.6795,20.029501,0.0,15.124284,0.0,78.16277,1007.64276,27.58,Clear sky
2007-07-24 21:00:00+00:00,SAMSUN,55,29.9795,19.779501,0.0,12.904882,0.0,75.96468,1005.22437,27.89,Clear sky
2007-07-25 21:00:00+00:00,SAMSUN,55,29.4795,20.7295,0.0,14.986553,2.0,77.44709,1007.6153,26.97,Partly cloudy
2007-07-26 21:00:00+00:00,SAMSUN,55,27.9295,22.1795,0.0,15.9134655,2.0,76.58105,1011.5102,20.92,Partly cloudy
2007-07-27 21:00:00+00:00,SAMSUN,55,27.6795,20.4795,0.0,13.684735,2.0,71.163445,1010.43854,25.71,Partly cloudy
2007-07-28 21:00:00+00:00,SAMSUN,55,27.7295,18.879501,0.0,14.77755,1.0,75.40475,1008.6115,26.95,Mainly clear
2007-07-29 21:00:00+00:00,SAMSUN,55,29.129501,19.779501,0.0,14.934577,3.0,78.82676,1005.1985,22.97,Overcast
2007-07-30 21:00:00+00:00,SAMSUN,55,30.0795,21.7295,0.0,11.792404,3.0,81.886665,1004.73456,24.65,Overcast
2007-07-31 21:00:00+00:00,SAMSUN,55,29.279501,21.0795,0.0,12.229406,3.0,83.13026,1005.2409,21.77,Overcast
2007-08-01 21:00:00+00:00,SAMSUN,55,28.7295,22.3295,1.9000001,21.862406,53.0,79.17601,1007.54266,18.19,Drizzle: Moderate
2007-08-02 21:00:00+00:00,SAMSUN,55,25.4795,21.3295,2.0,18.161278,51.0,73.48395,1012.0411,18.17,Drizzle: Light
2007-08-03 21:00:00+00:00,SAMSUN,55,26.9295,19.129501,0.0,13.363711,2.0,75.85196,1009.8641,24.88,Partly cloudy
2007-08-04 21:00:00+00:00,SAMSUN,55,28.2295,20.129501,0.0,15.281989,2.0,81.1439,1005.04767,21.7,Partly cloudy
2007-08-05 21:00:00+00:00,SAMSUN,55,29.2295,20.379501,0.0,15.617529,3.0,80.526985,1001.86694,25.45,Overcast
2007-08-06 21:00:00+00:00,SAMSUN,55,27.5795,20.9295,0.1,17.28,51.0,83.94535,1002.0303,19.81,Drizzle: Light
2007-08-07 21:00:00+00:00,SAMSUN,55,27.9295,20.2295,0.0,15.124284,1.0,67.08648,1006.9068,25.25,Mainly clear
2007-08-08 21:00:00+00:00,SAMSUN,55,26.3295,19.529501,0.0,15.072783,3.0,78.19951,1007.1536,16.48,Overcast
2007-08-09 21:00:00+00:00,SAMSUN,55,28.0795,19.529501,0.0,12.229406,2.0,74.362015,1006.9821,22.36,Partly cloudy
2007-08-10 21:00:00+00:00,SAMSUN,55,29.6795,20.529501,0.0,15.716793,0.0,75.45388,1006.3532,25.46,Clear sky
2007-08-11 21:00:00+00:00,SAMSUN,55,31.3295,19.8295,0.0,15.509274,1.0,79.37554,1002.23267,25.88,Mainly clear
2007-08-12 21:00:00+00:00,SAMSUN,55,28.629501,23.279501,0.0,16.923828,3.0,83.160194,1004.02106,17.68,Overcast
2007-08-13 21:00:00+00:00,SAMSUN,55,28.129501,20.8295,0.0,14.982228,2.0,74.56794,1007.1999,25.02,Partly cloudy
2007-08-14 21:00:00+00:00,SAMSUN,55,26.7295,20.3295,0.0,12.819235,3.0,77.90211,1007.95605,16.33,Overcast
2007-08-15 21:00:00+00:00,SAMSUN,55,26.7295,19.9795,0.0,14.20062,2.0,78.07934,1009.74603,18.99,Partly cloudy
2007-08-16 21:00:00+00:00,SAMSUN,55,26.379501,18.779501,1.2,14.561099,51.0,79.96741,1010.5378,19.55,Drizzle: Light
2007-08-17 21:00:00+00:00,SAMSUN,55,27.029501,20.2295,0.5,12.605142,51.0,80.86083,1009.05835,19.26,Drizzle: Light
2007-08-18 21:00:00+00:00,SAMSUN,55,27.779501,20.4295,0.1,14.021525,51.0,80.658775,1006.4614,21.46,Drizzle: Light
2007-08-19 21:00:00+00:00,SAMSUN,55,29.0795,18.779501,0.0,14.689588,2.0,74.608444,1005.87006,23.63,Partly cloudy
2007-08-20 21:00:00+00:00,SAMSUN,55,29.0795,20.8295,0.0,13.004922,3.0,77.307335,1008.72125,22.27,Overcast
2007-08-21 21:00:00+00:00,SAMSUN,55,28.779501,19.879501,0.90000004,15.034041,51.0,77.667885,1011.92993,21.14,Drizzle: Light
2007-08-22 21:00:00+00:00,SAMSUN,55,27.279501,21.6795,11.999999,13.698934,61.0,84.560074,1012.7969,16.22,Rain: Slight
2007-08-23 21:00:00+00:00,SAMSUN,55,25.9295,21.4295,16.699999,11.525623,61.0,89.435905,1012.8095,10.57,Rain: Slight
2007-08-24 21:00:00+00:00,SAMSUN,55,26.7295,21.6795,2.1,13.049689,53.0,83.89224,1013.0949,16.05,Drizzle: Moderate
2007-08-25 21:00:00+00:00,SAMSUN,55,28.8295,21.529501,0.0,9.9571085,3.0,76.24752,1010.3003,20.34,Overcast
2007-08-26 21:00:00+00:00,SAMSUN,55,27.779501,21.5795,2.1999998,12.758432,53.0,81.56492,1007.085,17.38,Drizzle: Moderate
2007-08-27 21:00:00+00:00,SAMSUN,55,26.879501,21.3295,12.2,12.758432,63.0,83.4196,1009.31104,15.66,Rain: Moderate
2007-08-28 21:00:00+00:00,SAMSUN,55,25.5795,21.0795,5.9999995,13.397612,55.0,83.97544,1012.0494,13.75,Drizzle: Dense
2007-08-29 21:00:00+00:00,SAMSUN,55,27.629501,19.4795,0.0,9.686609,3.0,75.61164,1011.7773,22.34,Overcast
2007-08-30 21:00:00+00:00,SAMSUN,55,29.2295,17.4795,0.0,8.707238,0.0,70.308945,1010.27905,22.98,Clear sky
2007-08-31 21:00:00+00:00,SAMSUN,55,29.779501,19.2295,0.0,12.229406,0.0,76.149315,1009.9914,22.8,Clear sky
2007-09-01 21:00:00+00:00,SAMSUN,55,27.1795,20.629501,0.0,12.496718,2.0,81.05135,1008.54175,21.52,Partly cloudy
2007-09-02 21:00:00+00:00,SAMSUN,55,27.5795,20.7295,0.0,10.1887,2.0,79.84565,1007.7942,21.52,Partly cloudy
2007-09-03 21:00:00+00:00,SAMSUN,55,27.2295,19.529501,0.0,11.592895,3.0,84.90838,1006.53534,20.34,Overcast
2007-09-04 21:00:00+00:00,SAMSUN,55,28.6795,20.9795,0.0,11.435313,2.0,81.25235,1006.3183,20.76,Partly cloudy
2007-09-05 21:00:00+00:00,SAMSUN,55,27.529501,21.029501,0.6,12.0694,51.0,84.85645,1007.1733,18.78,Drizzle: Light
2007-09-06 21:00:00+00:00,SAMSUN,55,26.279501,22.4295,0.4,12.10157,51.0,83.2259,1006.52783,15.48,Drizzle: Light
2007-09-07 21:00:00+00:00,SAMSUN,55,24.9795,19.779501,3.5,17.057314,53.0,83.19167,1001.72614,11.76,Drizzle: Moderate
2007-09-08 21:00:00+00:00,SAMSUN,55,21.779501,18.279501,7.2000003,14.707222,61.0,79.32089,1006.9974,8.38,Rain: Slight
2007-09-09 21:00:00+00:00,SAMSUN,55,23.1795,17.6795,6.8,14.277983,61.0,75.96306,1012.90485,16.28,Rain: Slight
2007-09-10 21:00:00+00:00,SAMSUN,55,22.5795,18.2295,0.9,14.182355,51.0,80.30718,1014.3172,14.33,Drizzle: Light
2007-09-11 21:00:00+00:00,SAMSUN,55,26.9295,17.629501,0.0,11.726277,2.0,80.51928,1010.26385,20.43,Partly cloudy
2007-09-12 21:00:00+00:00,SAMSUN,55,20.4795,17.379501,12.299999,15.509274,61.0,86.937584,1010.9471,5.76,Rain: Slight
2007-09-13 21:00:00+00:00,SAMSUN,55,21.629501,15.829499,0.1,17.709658,51.0,73.06992,1016.83734,12.41,Drizzle: Light
2007-09-14 21:00:00+00:00,SAMSUN,55,22.029501,14.579499,0.0,17.114204,3.0,75.26913,1015.445,17.04,Overcast
2007-09-15 21:00:00+00:00,SAMSUN,55,21.1795,15.379499,0.6,20.3774,51.0,82.182106,1014.54706,12.98,Drizzle: Light
2007-09-16 21:00:00+00:00,SAMSUN,55,20.279501,14.2295,0.0,11.988594,2.0,66.36988,1020.88385,17.24,Partly cloudy
2007-09-17 21:00:00+00:00,SAMSUN,55,21.1795,11.4295,0.0,14.440443,0.0,74.0886,1017.3452,19.76,Clear sky
2007-09-18 21:00:00+00:00,SAMSUN,55,23.8295,13.9795,0.0,11.384198,3.0,81.11637,1012.38336,19.39,Overcast
2007-09-19 21:00:00+00:00,SAMSUN,55,22.8295,14.9795,0.0,11.808878,3.0,84.13856,1013.5525,18.08,Overcast
2007-09-20 21:00:00+00:00,SAMSUN,55,21.0795,17.1795,0.1,11.525623,51.0,81.243904,1016.2698,10.47,Drizzle: Light
2007-09-21 21:00:00+00:00,SAMSUN,55,20.779501,17.629501,4.3999996,15.273505,51.0,87.927864,1016.2657,8.28,Drizzle: Light
2007-09-22 21:00:00+00:00,SAMSUN,55,20.3295,17.779501,3.4,17.377226,51.0,83.01956,1015.8392,7.32,Drizzle: Light
2007-09-23 21:00:00+00:00,SAMSUN,55,19.129501,17.2295,2.9999995,18.86139,51.0,79.287346,1013.9711,5.91,Drizzle: Light
2007-09-24 21:00:00+00:00,SAMSUN,55,22.3295,16.4795,0.5,13.0447235,51.0,77.04484,1014.4582,14.46,Drizzle: Light
2007-09-25 21:00:00+00:00,SAMSUN,55,23.2295,14.4295,0.0,14.830076,3.0,83.877495,1017.08795,17.73,Overcast
2007-09-26 21:00:00+00:00,SAMSUN,55,23.779501,13.2795,0.0,12.224107,3.0,84.86329,1016.7444,18.24,Overcast
2007-09-27 21:00:00+00:00,SAMSUN,55,23.529501,15.829499,0.0,10.883676,3.0,83.01166,1016.6719,17.23,Overcast
2007-09-28 21:00:00+00:00,SAMSUN,55,23.2295,15.379499,0.0,10.739832,3.0,82.89031,1016.9101,17.46,Overcast
2007-09-29 21:00:00+00:00,SAMSUN,55,21.8295,14.579499,0.0,12.313894,3.0,84.286385,1017.2959,15.28,Overcast
2007-09-30 21:00:00+00:00,SAMSUN,55,21.7295,15.7795,0.0,12.181624,2.0,83.01363,1017.2852,11.39,Partly cloudy
2007-10-01 21:00:00+00:00,SAMSUN,55,21.879501,15.079499,0.0,10.1887,2.0,85.20209,1017.62744,14.37,Partly cloudy
2007-10-02 21:00:00+00:00,SAMSUN,55,23.7295,14.2295,0.0,13.1041975,3.0,86.7873,1016.98334,15.9,Overcast
2007-10-03 21:00:00+00:00,SAMSUN,55,23.4795,17.379501,0.0,14.773164,3.0,91.406364,1016.36273,12.83,Overcast
2007-10-04 21:00:00+00:00,SAMSUN,55,21.4295,18.379501,1.4000001,10.630672,51.0,92.36923,1014.9183,6.95,Drizzle: Light
2007-10-05 21:00:00+00:00,SAMSUN,55,22.1795,17.3295,0.1,10.931203,51.0,85.935005,1013.74097,11.05,Drizzle: Light
2007-10-06 21:00:00+00:00,SAMSUN,55,22.8295,14.629499,0.0,10.464797,3.0,86.21996,1015.0195,14.51,Overcast
2007-10-07 21:00:00+00:00,SAMSUN,55,22.1795,15.829499,0.0,12.594856,3.0,89.13731,1018.5051,11.92,Overcast
2007-10-08 21:00:00+00:00,SAMSUN,55,22.6795,17.5795,0.5,14.458382,51.0,86.18766,1019.0893,11.96,Drizzle: Light
2007-10-09 21:00:00+00:00,SAMSUN,55,20.779501,17.629501,3.6,12.984975,51.0,87.314476,1018.4703,7.74,Drizzle: Light
2007-10-10 21:00:00+00:00,SAMSUN,55,21.1795,16.9295,0.0,11.720751,3.0,82.464035,1017.76416,8.59,Overcast
2007-10-11 21:00:00+00:00,SAMSUN,55,21.5795,16.3295,0.0,11.966953,3.0,85.726524,1016.2786,10.67,Overcast
2007-10-12 21:00:00+00:00,SAMSUN,55,24.1795,16.2295,0.0,12.496719,3.0,83.7341,1008.3872,13.86,Overcast
2007-10-13 21:00:00+00:00,SAMSUN,55,22.5795,12.879499,12.999998,27.288855,63.0,84.66039,1008.40326,12.07,Rain: Moderate
2007-10-14 21:00:00+00:00,SAMSUN,55,12.7795,11.329499,30.100002,16.800856,61.0,85.82377,1018.3721,2.33,Rain: Slight
2007-10-15 21:00:00+00:00,SAMSUN,55,14.9795,11.2295,6.5999994,18.171976,53.0,73.94844,1024.9084,9.73,Drizzle: Moderate
2007-10-16 21:00:00+00:00,SAMSUN,55,18.9295,11.1795,0.0,10.233123,2.0,69.36511,1024.347,13.84,Partly cloudy
2007-10-17 21:00:00+00:00,SAMSUN,55,19.6795,8.7795,0.0,11.966953,0.0,76.55488,1019.6889,14.7,Clear sky
2007-10-18 21:00:00+00:00,SAMSUN,55,22.8295,9.7795,0.0,12.10157,0.0,76.79621,1013.238,14.71,Clear sky
2007-10-19 21:00:00+00:00,SAMSUN,55,22.379501,12.7795,0.0,14.336861,3.0,70.58777,1014.40985,13.94,Overcast
2007-10-20 21:00:00+00:00,SAMSUN,55,24.0795,11.829499,0.1,9.0,51.0,80.191376,1014.38885,12.23,Drizzle: Light
2007-10-21 21:00:00+00:00,SAMSUN,55,22.629501,14.0295,0.0,8.287822,3.0,83.648094,1014.2949,12.6,Overcast
2007-10-22 21:00:00+00:00,SAMSUN,55,26.029501,16.279501,0.0,15.990646,3.0,70.32374,1011.0672,13.37,Overcast
2007-10-23 21:00:00+00:00,SAMSUN,55,22.4795,15.829499,0.0,11.592894,3.0,81.04618,1012.10443,11.3,Overcast
2007-10-24 21:00:00+00:00,SAMSUN,55,20.3295,15.6795,2.5,10.853866,55.0,89.4658,1016.81055,9.77,Drizzle: Dense
2007-10-25 21:00:00+00:00,SAMSUN,55,17.3295,12.7295,6.5,9.007196,55.0,85.50747,1024.2267,8.06,Drizzle: Dense
2007-10-26 21:00:00+00:00,SAMSUN,55,18.0795,11.879499,0.0,10.990322,3.0,83.705795,1025.3438,8.71,Overcast
2007-10-27 21:00:00+00:00,SAMSUN,55,17.9295,13.2295,1.2,13.089354,53.0,82.67298,1021.5615,7.77,Drizzle: Moderate
2007-10-28 21:00:00+00:00,SAMSUN,55,19.3295,10.7295,0.5,9.114471,53.0,85.8836,1015.2192,9.82,Drizzle: Moderate
2007-10-29 21:00:00+00:00,SAMSUN,55,17.1795,12.6795,4.2,11.525623,61.0,86.84094,1013.2417,7.5,Rain: Slight
2007-10-30 21:00:00+00:00,SAMSUN,55,16.779501,9.829499,0.3,7.653705,51.0,88.7243,1021.43286,9.74,Drizzle: Light
2007-10-31 21:00:00+00:00,SAMSUN,55,19.4795,10.829499,0.0,10.144082,3.0,85.51197,1021.1618,12.06,Overcast
2007-11-01 21:00:00+00:00,SAMSUN,55,18.9795,13.129499,14.200001,15.021105,61.0,85.458336,1016.05005,7.8,Rain: Slight
2007-11-02 21:00:00+00:00,SAMSUN,55,14.579499,10.2795,1.3000001,23.78453,53.0,72.789085,1017.8361,4.34,Drizzle: Moderate
2007-11-03 21:00:00+00:00,SAMSUN,55,17.279501,8.0295,0.0,9.085988,2.0,77.740654,1015.638,11.24,Partly cloudy
2007-11-04 21:00:00+00:00,SAMSUN,55,15.5295,10.5295,12.200001,7.7879906,55.0,88.84088,1010.62085,3.28,Drizzle: Dense
2007-11-05 21:00:00+00:00,SAMSUN,55,13.2295,9.1795,25.1,15.696165,61.0,90.183815,1014.31396,1.4,Rain: Slight
2007-11-06 21:00:00+00:00,SAMSUN,55,8.9295,7.4795003,13.700001,18.581022,61.0,81.66619,1015.20953,2.9,Rain: Slight
2007-11-07 21:00:00+00:00,SAMSUN,55,11.9795,6.7295003,3.1000001,10.495713,53.0,81.820564,1014.81104,8.21,Drizzle: Moderate
2007-11-08 21:00:00+00:00,SAMSUN,55,14.2795,9.129499,1.4000001,13.679999,53.0,75.002815,1014.17114,9.71,Drizzle: Moderate
2007-11-09 21:00:00+00:00,SAMSUN,55,16.5795,5.9795003,0.0,24.881702,3.0,64.470116,1007.02264,11.16,Overcast
2007-11-10 21:00:00+00:00,SAMSUN,55,16.779501,7.0295,1.3000001,28.08923,53.0,54.841877,1001.8806,9.73,Drizzle: Moderate
2007-11-11 21:00:00+00:00,SAMSUN,55,16.3295,7.9295,0.0,26.486313,2.0,50.943493,1011.2586,10.42,Partly cloudy
2007-11-12 21:00:00+00:00,SAMSUN,55,15.879499,6.9295,10.1,30.432245,73.0,62.769276,1009.8261,7.08,Snow fall: Moderate
2007-11-13 21:00:00+00:00,SAMSUN,55,10.579499,6.3795,8.700001,10.805998,73.0,84.18796,1016.4721,3.54,Snow fall: Moderate
2007-11-14 21:00:00+00:00,SAMSUN,55,19.879501,8.379499,0.0,14.118243,3.0,76.899895,1013.5874,9.01,Overcast
2007-11-15 21:00:00+00:00,SAMSUN,55,21.129501,11.4295,0.0,15.1884165,3.0,67.50329,1017.0882,9.91,Overcast
2007-11-16 21:00:00+00:00,SAMSUN,55,17.5795,7.8795,0.0,7.289445,1.0,85.403984,1018.372,9.93,Mainly clear
2007-11-17 21:00:00+00:00,SAMSUN,55,16.6295,7.0795,0.0,8.373386,3.0,91.91151,1012.5864,8.91,Overcast
2007-11-18 21:00:00+00:00,SAMSUN,55,16.279501,9.579499,0.70000005,6.9153743,51.0,88.202705,1009.12476,8.18,Drizzle: Light
2007-11-19 21:00:00+00:00,SAMSUN,55,12.879499,9.7795,3.6,11.885453,61.0,90.07981,1012.74176,4.65,Rain: Slight
2007-11-20 21:00:00+00:00,SAMSUN,55,10.2795,8.1795,29.3,20.898613,63.0,89.74988,1017.26904,1.59,Rain: Moderate
2007-11-21 21:00:00+00:00,SAMSUN,55,9.2795,6.7795,1.9000001,12.43434,51.0,86.3614,1024.7773,2.91,Drizzle: Light
2007-11-22 21:00:00+00:00,SAMSUN,55,10.0295,3.9295,0.0,6.9247384,3.0,79.45225,1026.6497,8.35,Overcast
2007-11-23 21:00:00+00:00,SAMSUN,55,11.9795,1.2795,0.0,10.464797,1.0,80.41332,1025.1093,9.73,Mainly clear
2007-11-24 21:00:00+00:00,SAMSUN,55,13.079499,2.9295,0.0,14.654254,0.0,78.10436,1024.0614,9.68,Clear sky
2007-11-25 21:00:00+00:00,SAMSUN,55,14.4295,5.1295,0.90000004,20.073025,53.0,54.448273,1018.0334,8.93,Drizzle: Moderate
2007-11-26 21:00:00+00:00,SAMSUN,55,14.329499,5.5795,10.9,24.387178,73.0,65.107445,1013.4854,7.25,Snow fall: Moderate
2007-11-27 21:00:00+00:00,SAMSUN,55,8.8295,3.7295,2.2999997,14.291592,73.0,75.225235,1018.354,7.26,Snow fall: Moderate
2007-11-28 21:00:00+00:00,SAMSUN,55,8.0795,2.8795002,0.0,13.722565,1.0,60.364986,1023.9799,8.47,Mainly clear
2007-11-29 21:00:00+00:00,SAMSUN,55,12.4795,2.5295,0.0,17.238699,3.0,64.1563,1015.29395,8.88,Overcast
2007-11-30 21:00:00+00:00,SAMSUN,55,12.879499,4.9795003,9.6,18.58451,73.0,76.399414,1008.4453,6.61,Snow fall: Moderate
2007-12-01 21:00:00+00:00,SAMSUN,55,9.4295,3.4795,0.2,14.529915,51.0,79.54789,1018.06866,5.86,Drizzle: Light
2007-12-02 21:00:00+00:00,SAMSUN,55,11.579499,2.4795,0.0,13.217443,3.0,78.355965,1015.42377,8.46,Overcast
2007-12-03 21:00:00+00:00,SAMSUN,55,15.579499,5.2295003,0.0,17.238699,1.0,64.11855,1010.58295,8.56,Mainly clear
2007-12-04 21:00:00+00:00,SAMSUN,55,15.0295,8.0295,0.3,17.227419,51.0,68.61629,1007.8537,6.28,Drizzle: Light
2007-12-05 21:00:00+00:00,SAMSUN,55,13.629499,8.9795,1.4,11.609651,53.0,79.12207,1005.14667,3.16,Drizzle: Moderate
2007-12-06 21:00:00+00:00,SAMSUN,55,12.2795,8.0795,7.0,10.829959,53.0,89.18444,1006.3145,2.28,Drizzle: Moderate
2007-12-07 21:00:00+00:00,SAMSUN,55,12.1795,7.9295,1.2,6.379216,53.0,89.542625,1014.86053,5.38,Drizzle: Moderate
2007-12-08 21:00:00+00:00,SAMSUN,55,14.629499,5.8795,0.0,12.287555,1.0,81.96096,1014.353,8.12,Mainly clear
2007-12-09 21:00:00+00:00,SAMSUN,55,14.2295,8.2295,0.0,14.84318,3.0,73.67892,1008.30444,3.5,Overcast
2007-12-10 21:00:00+00:00,SAMSUN,55,16.7295,8.9795,1.4000001,16.418526,53.0,74.35048,1010.53424,7.84,Drizzle: Moderate
2007-12-11 21:00:00+00:00,SAMSUN,55,13.4295,7.9795003,4.799999,10.829959,53.0,89.48605,1014.2154,6.73,Drizzle: Moderate
2007-12-12 21:00:00+00:00,SAMSUN,55,9.7795,6.8295,34.5,13.276144,63.0,95.951416,1009.10004,0.85,Rain: Moderate
2007-12-13 21:00:00+00:00,SAMSUN,55,6.7795,4.1295,12.8,13.755579,73.0,90.058556,1010.08075,2.36,Snow fall: Moderate
2007-12-14 21:00:00+00:00,SAMSUN,55,9.6795,2.6295002,0.0,7.9932966,3.0,90.644966,1019.74567,6.25,Overcast
2007-12-15 21:00:00+00:00,SAMSUN,55,9.829499,1.3295001,1.5999999,9.021574,51.0,90.33906,1022.00684,5.4,Drizzle: Light
2007-12-16 21:00:00+00:00,SAMSUN,55,8.2295,4.4795,7.8,14.707222,73.0,88.58979,1025.6576,4.62,Snow fall: Moderate
2007-12-17 21:00:00+00:00,SAMSUN,55,4.1795,2.1795,9.5,18.792551,75.0,82.69127,1026.7303,5.99,Snow fall: Heavy
2007-12-18 21:00:00+00:00,SAMSUN,55,4.6795,1.5295,6.3,9.746631,73.0,83.81901,1025.6161,2.53,Snow fall: Moderate
2007-12-19 21:00:00+00:00,SAMSUN,55,6.4795003,4.0295,0.0,13.679999,3.0,76.80991,1024.9574,3.06,Overcast
2007-12-20 21:00:00+00:00,SAMSUN,55,8.129499,0.8295,0.0,11.252519,3.0,76.72436,1025.367,4.59,Overcast
2007-12-21 21:00:00+00:00,SAMSUN,55,7.9795003,2.1795,0.4,8.12197,51.0,76.02645,1029.8866,4.02,Drizzle: Light
2007-12-22 21:00:00+00:00,SAMSUN,55,9.079499,0.07950002,0.0,12.387348,0.0,77.57221,1029.2018,8.22,Clear sky
2007-12-23 21:00:00+00:00,SAMSUN,55,8.8295,-0.3704999,0.0,10.00256,3.0,81.74943,1027.6703,8.33,Overcast
2007-12-24 21:00:00+00:00,SAMSUN,55,7.2295003,-0.82049996,0.0,8.64,3.0,84.265,1026.6504,6.58,Overcast
2007-12-25 21:00:00+00:00,SAMSUN,55,8.1795,-0.5205,0.0,11.435313,3.0,82.37528,1027.6725,7.92,Overcast
2007-12-26 21:00:00+00:00,SAMSUN,55,8.4295,-0.6705,0.0,11.212135,2.0,74.27721,1028.8707,8.27,Partly cloudy
2007-12-27 21:00:00+00:00,SAMSUN,55,6.3795,1.0795001,0.0,20.00512,3.0,78.82774,1030.9828,6.04,Overcast
2007-12-28 21:00:00+00:00,SAMSUN,55,5.8795,2.6295002,0.6,13.979872,71.0,78.619026,1028.9354,5.52,Snow fall: Slight
2007-12-29 21:00:00+00:00,SAMSUN,55,5.4295,0.7795,1.1,6.28713,71.0,86.89294,1024.8615,6.34,Snow fall: Slight
2007-12-30 21:00:00+00:00,SAMSUN,55,6.1795,-0.42049998,0.0,7.5170207,2.0,83.76873,1024.5603,8.17,Partly cloudy
2007-12-31 21:00:00+00:00,SAMSUN,55,6.3295,-1.8204999,0.0,12.6462,2.0,75.89941,1020.09766,8.11,Partly cloudy
2008-01-01 21:00:00+00:00,SAMSUN,55,6.9795003,-0.6204999,0.0,8.654986,3.0,77.16249,1015.825,8.25,Overcast
2008-01-02 21:00:00+00:00,SAMSUN,55,8.379499,0.72950006,2.5,10.948973,71.0,85.01638,1014.26025,4.67,Snow fall: Slight
2008-01-03 21:00:00+00:00,SAMSUN,55,4.9295,1.8295,4.4999995,19.191748,73.0,82.812935,1020.7858,3.85,Snow fall: Moderate
2008-01-04 21:00:00+00:00,SAMSUN,55,2.5295,0.67950004,3.1999998,20.799152,71.0,74.89524,1027.7021,3.13,Snow fall: Slight
2008-01-05 21:00:00+00:00,SAMSUN,55,4.5295,-2.1204998,0.2,16.516901,71.0,71.72079,1030.6779,5.85,Snow fall: Slight
2008-01-06 21:00:00+00:00,SAMSUN,55,4.9795003,-2.1704998,0.0,14.512064,3.0,70.97424,1022.5677,9.04,Overcast
2008-01-07 21:00:00+00:00,SAMSUN,55,4.8795,0.62950003,3.4999998,10.799999,73.0,78.63182,1020.55255,3.24,Snow fall: Moderate
2008-01-08 21:00:00+00:00,SAMSUN,55,5.8795,1.2295,2.8999996,9.686609,71.0,86.58485,1024.6512,6.91,Snow fall: Slight
2008-01-09 21:00:00+00:00,SAMSUN,55,3.4295,0.5795001,3.6000004,13.358861,71.0,87.073616,1027.3876,6.21,Snow fall: Slight
2008-01-10 21:00:00+00:00,SAMSUN,55,2.5795,-5.2205,0.0,8.350138,2.0,73.66351,1029.7142,8.05,Partly cloudy
2008-01-11 21:00:00+00:00,SAMSUN,55,4.5295,-8.0705,0.0,14.386494,0.0,73.880684,1029.2347,9.43,Clear sky
2008-01-12 21:00:00+00:00,SAMSUN,55,5.2795,-3.4204998,0.0,15.2947035,2.0,70.610855,1030.164,9.72,Partly cloudy
2008-01-13 21:00:00+00:00,SAMSUN,55,6.1295,-3.3205,0.0,16.434305,0.0,63.32504,1029.3949,9.86,Clear sky
2008-01-14 21:00:00+00:00,SAMSUN,55,7.4795003,-2.9705,0.0,16.263872,0.0,59.638172,1025.6704,10.0,Clear sky
2008-01-15 21:00:00+00:00,SAMSUN,55,7.4795003,-2.2705,0.0,14.904173,0.0,62.946484,1025.172,9.83,Clear sky
2008-01-16 21:00:00+00:00,SAMSUN,55,8.879499,-0.97049993,0.0,14.693999,2.0,75.38235,1026.6716,9.56,Partly cloudy
2008-01-17 21:00:00+00:00,SAMSUN,55,8.2295,-0.97049993,0.0,10.587918,3.0,75.56884,1026.2662,9.38,Overcast
2008-01-18 21:00:00+00:00,SAMSUN,55,6.5295,-1.9204998,0.0,8.161764,1.0,85.39682,1026.3938,9.05,Mainly clear
2008-01-19 21:00:00+00:00,SAMSUN,55,8.129499,-2.0705,0.0,14.021525,3.0,79.18734,1025.4562,10.03,Overcast
2008-01-20 21:00:00+00:00,SAMSUN,55,9.6795,-0.6705,0.0,17.477621,2.0,63.613865,1022.68146,10.03,Partly cloudy
2008-01-21 21:00:00+00:00,SAMSUN,55,12.0295,1.7795,0.0,19.770523,1.0,53.489777,1014.4841,9.98,Mainly clear
2008-01-22 21:00:00+00:00,SAMSUN,55,13.579499,1.6795001,0.0,18.440998,2.0,53.78766,1011.69086,10.23,Partly cloudy
2008-01-23 21:00:00+00:00,SAMSUN,55,5.1795,1.4795,5.1,16.29174,73.0,83.58658,1025.2196,2.76,Snow fall: Moderate
2008-01-24 21:00:00+00:00,SAMSUN,55,3.3795002,-0.07049996,1.9000002,10.636766,71.0,85.18951,1029.675,8.16,Snow fall: Slight
2008-01-25 21:00:00+00:00,SAMSUN,55,4.4295,-1.5704999,0.0,7.289444,3.0,77.153625,1025.9825,8.01,Overcast
2008-01-26 21:00:00+00:00,SAMSUN,55,8.5795,-0.2705,0.0,27.852928,3.0,58.639404,1012.97314,10.7,Overcast
2008-01-27 21:00:00+00:00,SAMSUN,55,3.7295,1.9795,8.700001,11.620809,73.0,85.42017,1006.9465,2.41,Snow fall: Moderate
2008-01-28 21:00:00+00:00,SAMSUN,55,2.6295002,0.67950004,13.400001,25.567604,73.0,89.32198,1013.07855,3.63,Snow fall: Moderate
2008-01-29 21:00:00+00:00,SAMSUN,55,1.8795,-0.12049991,11.199999,25.570139,73.0,87.16361,1017.1624,6.63,Snow fall: Moderate
2008-01-30 21:00:00+00:00,SAMSUN,55,3.1795,-3.8205,2.1000001,24.627789,71.0,78.743034,1023.4836,7.97,Snow fall: Slight
2008-01-31 21:00:00+00:00,SAMSUN,55,4.1795,-5.5705,0.0,17.57744,3.0,67.785194,1023.3955,8.52,Overcast
2008-02-01 21:00:00+00:00,SAMSUN,55,5.8295,0.17950004,0.0,15.496736,2.0,69.00952,1025.4653,11.64,Partly cloudy
2008-02-02 21:00:00+00:00,SAMSUN,55,7.4795003,0.7795,0.0,18.58451,2.0,69.10522,1028.6403,11.99,Partly cloudy
2008-02-03 21:00:00+00:00,SAMSUN,55,7.8295,0.47950006,0.0,15.379206,1.0,77.1129,1029.3175,11.79,Mainly clear
2008-02-04 21:00:00+00:00,SAMSUN,55,6.2295003,-2.6704998,0.0,14.007655,2.0,78.52726,1025.6292,11.01,Partly cloudy
2008-02-05 21:00:00+00:00,SAMSUN,55,8.879499,-2.7705,0.0,14.20062,3.0,73.441414,1023.3569,12.41,Overcast
2008-02-06 21:00:00+00:00,SAMSUN,55,8.1795,-0.32049996,0.0,10.495713,3.0,67.67597,1021.22284,11.13,Overcast
2008-02-07 21:00:00+00:00,SAMSUN,55,6.4795003,-0.97049993,0.0,7.5170207,3.0,80.95857,1023.7338,10.97,Overcast
2008-02-08 21:00:00+00:00,SAMSUN,55,6.6795,0.37950003,0.0,10.483357,3.0,85.14754,1029.0441,8.88,Overcast
2008-02-09 21:00:00+00:00,SAMSUN,55,5.0295,1.8295,0.0,9.028754,3.0,91.420746,1027.6735,5.35,Overcast
2008-02-10 21:00:00+00:00,SAMSUN,55,5.0795,2.4795,1.0000001,12.229406,51.0,88.68335,1024.6394,3.77,Drizzle: Light
2008-02-11 21:00:00+00:00,SAMSUN,55,4.1295,1.9295001,1.2,24.195107,71.0,82.38689,1024.293,7.35,Snow fall: Slight
2008-02-12 21:00:00+00:00,SAMSUN,55,3.8795002,0.8295,0.0,10.799999,71.0,78.42745,1024.5665,7.25,Snow fall: Slight
2008-02-13 21:00:00+00:00,SAMSUN,55,5.1295,-1.0704999,1.0,12.224107,73.0,80.16694,1020.08954,11.06,Snow fall: Moderate
2008-02-14 21:00:00+00:00,SAMSUN,55,5.7295003,-0.07049996,1.0,12.429127,71.0,76.72221,1019.30927,9.32,Snow fall: Slight
2008-02-15 21:00:00+00:00,SAMSUN,55,2.7295,-0.47049993,14.9,19.174856,75.0,90.365776,1017.8708,3.74,Snow fall: Heavy
2008-02-16 21:00:00+00:00,SAMSUN,55,0.62950003,-1.1204998,35.500004,26.717722,75.0,88.88358,1019.29816,2.65,Snow fall: Heavy
2008-02-17 21:00:00+00:00,SAMSUN,55,-0.12049991,-0.9205,11.200001,20.570463,73.0,82.026436,1018.5361,5.73,Snow fall: Moderate
2008-02-18 21:00:00+00:00,SAMSUN,55,1.3795,-1.9705,1.9000002,25.140787,73.0,65.10166,1016.79517,13.19,Snow fall: Moderate
2008-02-19 21:00:00+00:00,SAMSUN,55,4.1795,-3.0205,0.90000004,25.944988,71.0,73.07861,1024.2223,12.42,Snow fall: Slight
2008-02-20 21:00:00+00:00,SAMSUN,55,6.2295003,-3.2704997,0.0,16.676977,3.0,82.16795,1029.7816,13.32,Overcast
2008-02-21 21:00:00+00:00,SAMSUN,55,7.6795,0.47950006,0.0,18.581022,1.0,75.40808,1028.0111,15.42,Mainly clear
2008-02-22 21:00:00+00:00,SAMSUN,55,8.6795,1.1295,0.0,18.374111,0.0,73.31614,1023.163,15.67,Clear sky
2008-02-23 21:00:00+00:00,SAMSUN,55,6.4295,-0.42049998,5.6000004,23.424908,73.0,79.67248,1021.98926,8.4,Snow fall: Moderate
2008-02-24 21:00:00+00:00,SAMSUN,55,5.3795,-2.7205,0.0,10.383987,3.0,88.34799,1026.5181,11.02,Overcast
2008-02-25 21:00:00+00:00,SAMSUN,55,10.0295,-2.2705,0.0,13.891522,3.0,77.000404,1020.587,15.94,Overcast
2008-02-26 21:00:00+00:00,SAMSUN,55,10.0295,1.8295,0.0,18.089775,2.0,70.272835,1020.7322,16.07,Partly cloudy
2008-02-27 21:00:00+00:00,SAMSUN,55,16.4295,5.1795,0.0,21.068459,3.0,62.15379,1018.5336,14.69,Overcast
2008-02-28 21:00:00+00:00,SAMSUN,55,11.7795,5.3795,4.0,11.570515,55.0,82.21757,1021.26227,9.44,Drizzle: Dense
2008-02-29 21:00:00+00:00,SAMSUN,55,15.5295,3.5795002,0.0,17.782688,3.0,76.17929,1014.3642,14.73,Overcast
2008-03-01 21:00:00+00:00,SAMSUN,55,18.0795,8.0295,4.2000003,27.257967,55.0,58.99809,1002.7634,13.68,Drizzle: Dense
2008-03-02 21:00:00+00:00,SAMSUN,55,12.2295,4.3295,4.0,17.57744,55.0,80.68514,1007.8698,10.51,Drizzle: Dense
2008-03-03 21:00:00+00:00,SAMSUN,55,18.3295,3.4795,0.0,17.555307,0.0,69.41494,1012.6658,16.79,Clear sky
2008-03-04 21:00:00+00:00,SAMSUN,55,20.879501,8.9295,0.0,18.089775,3.0,61.556026,1011.3935,15.64,Overcast
2008-03-05 21:00:00+00:00,SAMSUN,55,15.7795,7.1295,0.0,12.303366,3.0,80.55919,1018.84625,15.32,Overcast
2008-03-06 21:00:00+00:00,SAMSUN,55,14.079499,7.3295,0.0,10.440001,3.0,91.615944,1020.49506,12.44,Overcast
2008-03-07 21:00:00+00:00,SAMSUN,55,22.879501,6.9795003,0.0,16.45007,3.0,74.704506,1013.5427,13.12,Overcast
2008-03-08 21:00:00+00:00,SAMSUN,55,19.029501,7.3795,0.0,13.493999,3.0,82.21479,1010.04156,11.97,Overcast
2008-03-09 21:00:00+00:00,SAMSUN,55,12.579499,7.5295,5.4,9.726664,61.0,82.09693,1010.9089,13.77,Rain: Slight
2008-03-10 21:00:00+00:00,SAMSUN,55,14.379499,5.1295,3.7,12.496719,55.0,81.34489,1013.02466,15.69,Drizzle: Dense
2008-03-11 21:00:00+00:00,SAMSUN,55,16.279501,4.0295,1.6,9.028754,53.0,79.42185,1007.17993,17.43,Drizzle: Moderate
2008-03-12 21:00:00+00:00,SAMSUN,55,15.579499,6.8295,6.6,8.0899935,61.0,82.8519,1003.25165,15.84,Rain: Slight
2008-03-13 21:00:00+00:00,SAMSUN,55,10.129499,5.7795,14.700001,22.461807,71.0,89.056206,1003.14575,4.01,Snow fall: Slight
2008-03-14 21:00:00+00:00,SAMSUN,55,13.129499,5.6295,0.0,20.948164,3.0,57.79439,1012.87427,17.76,Overcast
2008-03-15 21:00:00+00:00,SAMSUN,55,11.879499,6.1795,1.9000001,14.658676,53.0,79.319664,1014.82806,15.24,Drizzle: Moderate
2008-03-16 21:00:00+00:00,SAMSUN,55,20.7295,5.1795,0.0,13.237039,3.0,71.64337,1008.5087,18.77,Overcast
2008-03-17 21:00:00+00:00,SAMSUN,55,20.129501,6.5295,1.2,13.32,53.0,67.79042,1004.77783,13.45,Drizzle: Moderate
2008-03-18 21:00:00+00:00,SAMSUN,55,15.4295,7.0795,1.3,9.793059,53.0,79.44013,1006.45734,16.37,Drizzle: Moderate
2008-03-19 21:00:00+00:00,SAMSUN,55,11.6795,6.0295,8.9,14.689589,61.0,90.33683,1008.10693,10.74,Rain: Slight
2008-03-20 21:00:00+00:00,SAMSUN,55,19.7295,6.7795,15.8,20.12461,61.0,84.1432,999.76276,14.45,Rain: Slight
2008-03-21 21:00:00+00:00,SAMSUN,55,13.579499,8.0295,11.800001,12.57426,61.0,92.23989,1003.46405,16.05,Rain: Slight
2008-03-22 21:00:00+00:00,SAMSUN,55,21.7295,7.9295,0.0,20.326454,3.0,67.96221,1001.9499,17.46,Overcast
2008-03-23 21:00:00+00:00,SAMSUN,55,23.2295,11.2795,0.0,21.129885,3.0,61.374454,999.4099,20.5,Overcast
2008-03-24 21:00:00+00:00,SAMSUN,55,23.3295,7.5795,4.9,19.453327,61.0,56.298447,993.4185,17.23,Rain: Slight
2008-03-25 21:00:00+00:00,SAMSUN,55,16.279501,5.5795,0.0,23.966375,3.0,69.93737,1003.4263,17.28,Overcast
2008-03-26 21:00:00+00:00,SAMSUN,55,10.5295,5.4795003,0.1,20.696085,51.0,69.992676,1014.3474,16.48,Drizzle: Light
2008-03-27 21:00:00+00:00,SAMSUN,55,10.7295,3.4795,0.0,12.819235,3.0,79.62789,1011.8167,18.17,Overcast
2008-03-28 21:00:00+00:00,SAMSUN,55,11.629499,3.6795,1.1,9.585739,51.0,86.47262,1010.99316,14.31,Drizzle: Light
2008-03-29 21:00:00+00:00,SAMSUN,55,9.5295,6.7795,8.7,10.787993,61.0,91.89768,1010.01874,7.26,Rain: Slight
2008-03-30 21:00:00+00:00,SAMSUN,55,11.1795,7.4795003,3.6,13.551501,53.0,87.60464,1008.5628,12.52,Drizzle: Moderate
2008-03-31 21:00:00+00:00,SAMSUN,55,8.629499,6.5295,2.8999999,11.620809,51.0,87.259674,1012.2911,5.75,Drizzle: Light
2008-04-01 21:00:00+00:00,SAMSUN,55,11.7295,4.6295,5.0000005,10.799999,53.0,88.528625,1014.6562,17.18,Drizzle: Moderate
2008-04-02 21:00:00+00:00,SAMSUN,55,15.2295,4.8795,2.1000001,10.495713,53.0,84.28548,1010.1972,16.88,Drizzle: Moderate
2008-04-03 21:00:00+00:00,SAMSUN,55,11.2295,6.5295,7.0000005,11.885453,55.0,87.910706,1008.4885,10.25,Drizzle: Dense
2008-04-04 21:00:00+00:00,SAMSUN,55,13.879499,5.5295,2.8999999,8.707238,53.0,86.79565,1011.05096,17.61,Drizzle: Moderate
2008-04-05 21:00:00+00:00,SAMSUN,55,19.379501,4.9295,0.0,13.5515,3.0,83.48946,1005.59247,17.07,Overcast
2008-04-06 21:00:00+00:00,SAMSUN,55,12.9795,9.1795,6.9999995,13.104198,61.0,81.482574,1004.1167,12.61,Rain: Slight
2008-04-07 21:00:00+00:00,SAMSUN,55,13.629499,7.2795,8.8,9.422101,61.0,86.203156,1011.6611,17.06,Rain: Slight
2008-04-08 21:00:00+00:00,SAMSUN,55,15.4795,5.7295003,0.0,10.829959,2.0,85.02634,1011.0102,19.54,Partly cloudy
2008-04-09 21:00:00+00:00,SAMSUN,55,17.9295,5.2795,1.0,7.10031,53.0,84.38024,1008.88275,22.24,Drizzle: Moderate
2008-04-10 21:00:00+00:00,SAMSUN,55,17.1795,8.7795,5.7000003,7.7043357,61.0,87.24404,1011.52435,14.73,Rain: Slight
2008-04-11 21:00:00+00:00,SAMSUN,55,20.7295,8.5295,2.3,9.339208,53.0,86.37994,1012.8421,19.05,Drizzle: Moderate
2008-04-12 21:00:00+00:00,SAMSUN,55,27.529501,11.7795,0.0,14.264361,3.0,76.7347,1012.7432,23.04,Overcast
2008-04-13 21:00:00+00:00,SAMSUN,55,22.129501,13.829499,3.3999999,15.496736,61.0,83.447685,1014.554,19.41,Rain: Slight
2008-04-14 21:00:00+00:00,SAMSUN,55,24.0795,12.329499,0.5,13.684735,51.0,79.51891,1006.6028,17.76,Drizzle: Light
2008-04-15 21:00:00+00:00,SAMSUN,55,17.1795,11.2795,4.4,17.026896,55.0,75.615395,1006.3022,18.48,Drizzle: Dense
2008-04-16 21:00:00+00:00,SAMSUN,55,17.6795,9.829499,1.7,11.874544,53.0,76.98582,1015.89813,20.07,Drizzle: Moderate
2008-04-17 21:00:00+00:00,SAMSUN,55,19.7295,7.1295,0.0,9.346143,3.0,77.70608,1013.3879,22.76,Overcast
2008-04-18 21:00:00+00:00,SAMSUN,55,18.879501,11.5295,0.8,9.793059,51.0,68.5805,1010.8023,16.8,Drizzle: Light
2008-04-19 21:00:00+00:00,SAMSUN,55,22.8295,11.4295,0.5,14.20062,51.0,70.99009,1010.16656,22.95,Drizzle: Light
2008-04-20 21:00:00+00:00,SAMSUN,55,20.1795,13.1795,0.1,10.30883,51.0,82.47604,1009.0401,23.44,Drizzle: Light
2008-04-21 21:00:00+00:00,SAMSUN,55,26.129501,11.579499,0.0,15.141414,3.0,74.42378,1006.9881,22.74,Overcast
2008-04-22 21:00:00+00:00,SAMSUN,55,22.279501,16.279501,0.0,18.514643,3.0,63.542957,1007.7236,20.39,Overcast
2008-04-23 21:00:00+00:00,SAMSUN,55,17.7295,10.879499,1.0,13.397612,53.0,72.69451,1012.84125,16.34,Drizzle: Moderate
2008-04-24 21:00:00+00:00,SAMSUN,55,12.1795,10.079499,3.7000003,12.43434,53.0,87.40903,1018.3962,10.22,Drizzle: Moderate
2008-04-25 21:00:00+00:00,SAMSUN,55,14.629499,9.329499,0.9000001,13.830749,51.0,86.23374,1013.7978,16.63,Drizzle: Light
2008-04-26 21:00:00+00:00,SAMSUN,55,17.879501,9.5295,5.2999997,17.227419,61.0,91.571266,1007.2137,13.63,Rain: Slight
2008-04-27 21:00:00+00:00,SAMSUN,55,16.5795,10.379499,2.8000002,11.988594,53.0,87.50005,1007.38617,20.94,Drizzle: Moderate
2008-04-28 21:00:00+00:00,SAMSUN,55,13.2295,10.6795,8.700001,14.182355,55.0,92.973885,1009.2945,10.33,Drizzle: Dense
2008-04-29 21:00:00+00:00,SAMSUN,55,16.029501,8.629499,0.8000001,11.792404,51.0,88.22068,1012.22125,19.71,Drizzle: Light
2008-04-30 21:00:00+00:00,SAMSUN,55,17.029501,10.129499,0.3,10.739832,51.0,85.943825,1016.27484,22.45,Drizzle: Light
2008-05-01 21:00:00+00:00,SAMSUN,55,17.4295,7.9295,0.1,11.681987,51.0,83.87716,1014.44385,24.67,Drizzle: Light
2008-05-02 21:00:00+00:00,SAMSUN,55,16.7295,8.6795,0.0,14.512064,3.0,83.646355,1011.832,25.49,Overcast
2008-05-03 21:00:00+00:00,SAMSUN,55,16.7295,8.7295,2.2000003,12.879752,53.0,84.61843,1011.2009,20.55,Drizzle: Moderate
2008-05-04 21:00:00+00:00,SAMSUN,55,15.879499,12.079499,5.3999996,16.279802,61.0,86.17153,1011.28564,14.98,Rain: Slight
2008-05-05 21:00:00+00:00,SAMSUN,55,13.7295,9.6795,1.4000001,19.881649,51.0,76.137985,1013.1097,18.36,Drizzle: Light
2008-05-06 21:00:00+00:00,SAMSUN,55,15.9795,7.8795,0.0,11.966953,2.0,72.404366,1012.22925,22.82,Partly cloudy
2008-05-07 21:00:00+00:00,SAMSUN,55,14.4795,5.9295,0.2,17.114204,51.0,81.71584,1010.7534,21.63,Drizzle: Light
2008-05-08 21:00:00+00:00,SAMSUN,55,11.7295,9.329499,2.3,13.556282,51.0,77.89815,1012.03784,11.4,Drizzle: Light
2008-05-09 21:00:00+00:00,SAMSUN,55,13.6795,5.9795003,0.0,14.77755,3.0,74.241455,1015.4072,21.69,Overcast
2008-05-10 21:00:00+00:00,SAMSUN,55,14.2795,6.7795,0.70000005,12.538134,53.0,79.997856,1017.1286,21.26,Drizzle: Moderate
2008-05-11 21:00:00+00:00,SAMSUN,55,14.579499,8.1795,0.8,12.538134,53.0,83.610115,1015.9985,20.29,Drizzle: Moderate
2008-05-12 21:00:00+00:00,SAMSUN,55,16.529501,7.2795,0.0,10.464797,3.0,78.90616,1015.64844,24.97,Overcast
2008-05-13 21:00:00+00:00,SAMSUN,55,18.5795,7.3795,0.0,14.039999,3.0,82.62765,1013.36255,26.15,Overcast
2008-05-14 21:00:00+00:00,SAMSUN,55,16.9295,11.4295,1.1,14.76439,51.0,83.746704,1010.27734,19.98,Drizzle: Light
2008-05-15 21:00:00+00:00,SAMSUN,55,17.279501,9.079499,0.0,12.074766,3.0,82.72585,1013.9863,23.09,Overcast
2008-05-16 21:00:00+00:00,SAMSUN,55,18.3295,8.5795,0.0,12.594856,3.0,83.573364,1015.6973,27.67,Overcast
2008-05-17 21:00:00+00:00,SAMSUN,55,19.629501,8.9795,0.0,12.88981,3.0,82.051994,1014.1442,28.37,Overcast
2008-05-18 21:00:00+00:00,SAMSUN,55,21.4795,9.379499,0.0,10.514218,3.0,78.64043,1011.6717,27.48,Overcast
2008-05-19 21:00:00+00:00,SAMSUN,55,23.2295,10.379499,0.0,11.183201,3.0,82.091255,1011.86224,27.89,Overcast
2008-05-20 21:00:00+00:00,SAMSUN,55,23.7295,12.9795,0.0,9.339208,3.0,82.54645,1012.6574,26.56,Overcast
2008-05-21 21:00:00+00:00,SAMSUN,55,24.8295,14.129499,0.0,12.758432,3.0,79.905815,1008.69806,27.51,Overcast
2008-05-22 21:00:00+00:00,SAMSUN,55,21.5795,14.7795,0.0,13.009903,2.0,80.18815,1008.0119,25.43,Partly cloudy
2008-05-23 21:00:00+00:00,SAMSUN,55,22.029501,13.4295,0.0,12.387348,3.0,81.60863,1010.6951,26.07,Overcast
2008-05-24 21:00:00+00:00,SAMSUN,55,19.279501,14.9795,6.0,8.557102,53.0,79.020134,1010.9988,14.61,Drizzle: Moderate
2008-05-25 21:00:00+00:00,SAMSUN,55,21.129501,13.079499,0.8,12.287555,53.0,82.232445,1012.1075,23.29,Drizzle: Moderate
2008-05-26 21:00:00+00:00,SAMSUN,55,19.129501,13.9295,1.3000002,15.484185,51.0,83.767,1015.6199,19.57,Drizzle: Light
2008-05-27 21:00:00+00:00,SAMSUN,55,20.5795,13.1795,0.0,11.792404,3.0,80.51035,1013.6257,25.56,Overcast
2008-05-28 21:00:00+00:00,SAMSUN,55,19.1795,13.829499,3.9,29.460672,61.0,76.37377,1011.3254,18.77,Rain: Slight
2008-05-29 21:00:00+00:00,SAMSUN,55,17.8295,10.2295,0.0,11.885453,2.0,78.235306,1017.49756,20.87,Partly cloudy
2008-05-30 21:00:00+00:00,SAMSUN,55,20.4795,10.379499,0.0,16.263872,1.0,82.20988,1013.73145,28.35,Mainly clear
2008-05-31 21:00:00+00:00,SAMSUN,55,19.3295,12.079499,0.0,14.982228,3.0,82.22294,1010.9632,26.91,Overcast
2008-06-01 21:00:00+00:00,SAMSUN,55,18.529501,12.4295,0.0,14.88242,3.0,73.89137,1012.1855,25.64,Overcast
2008-06-02 21:00:00+00:00,SAMSUN,55,16.9795,12.129499,0.90000004,13.397612,51.0,76.89001,1016.538,19.7,Drizzle: Light
2008-06-03 21:00:00+00:00,SAMSUN,55,21.4295,8.3295,0.0,13.722565,3.0,76.98031,1014.21655,29.25,Overcast
2008-06-04 21:00:00+00:00,SAMSUN,55,25.9795,12.5295,1.6,11.269782,53.0,75.56869,1007.236,27.27,Drizzle: Moderate
2008-06-05 21:00:00+00:00,SAMSUN,55,21.3295,15.629499,0.0,13.089354,3.0,80.08464,1008.3547,27.04,Overcast
2008-06-06 21:00:00+00:00,SAMSUN,55,21.0795,13.879499,0.0,10.239453,3.0,79.879654,1007.7055,19.34,Overcast
2008-06-07 21:00:00+00:00,SAMSUN,55,22.029501,13.629499,1.1,11.435313,55.0,84.242744,1009.9727,24.19,Drizzle: Dense
2008-06-08 21:00:00+00:00,SAMSUN,55,21.879501,14.629499,0.6,13.397612,51.0,86.27976,1011.28296,25.49,Drizzle: Light
2008-06-09 21:00:00+00:00,SAMSUN,55,19.779501,14.9795,5.1,12.313893,53.0,90.8016,1011.0249,13.58,Drizzle: Moderate
2008-06-10 21:00:00+00:00,SAMSUN,55,18.4795,16.779501,19.300003,22.406927,61.0,82.15563,1009.3857,5.75,Rain: Slight
2008-06-11 21:00:00+00:00,SAMSUN,55,22.379501,16.6795,2.5000002,11.043261,53.0,74.86378,1008.1844,12.3,Drizzle: Moderate
2008-06-12 21:00:00+00:00,SAMSUN,55,25.779501,15.579499,0.0,13.479583,2.0,72.474846,1009.7671,25.84,Partly cloudy
2008-06-13 21:00:00+00:00,SAMSUN,55,25.779501,14.9795,0.70000005,9.178235,51.0,79.60755,1006.76154,26.25,Drizzle: Light
2008-06-14 21:00:00+00:00,SAMSUN,55,24.3295,15.379499,0.0,12.181624,3.0,81.600586,1006.1328,27.29,Overcast
2008-06-15 21:00:00+00:00,SAMSUN,55,23.2295,16.7295,0.8000001,9.885262,51.0,82.665565,1009.98663,20.4,Drizzle: Light
2008-06-16 21:00:00+00:00,SAMSUN,55,22.4295,15.4295,0.6,9.693296,51.0,84.83082,1014.3676,22.24,Drizzle: Light
2008-06-17 21:00:00+00:00,SAMSUN,55,23.5795,15.4795,0.0,12.43434,3.0,80.16705,1015.6314,25.54,Overcast
2008-06-18 21:00:00+00:00,SAMSUN,55,23.779501,14.629499,0.0,13.527572,3.0,78.80297,1013.0637,28.79,Overcast
2008-06-19 21:00:00+00:00,SAMSUN,55,24.379501,14.1795,0.0,11.966954,3.0,79.01084,1009.8033,27.63,Overcast
2008-06-20 21:00:00+00:00,SAMSUN,55,23.2295,16.4795,9.099999,17.533146,61.0,84.37124,1011.83527,17.57,Rain: Slight
2008-06-21 21:00:00+00:00,SAMSUN,55,24.3295,18.3295,0.0,16.78156,1.0,77.24542,1015.11725,26.88,Mainly clear
2008-06-22 21:00:00+00:00,SAMSUN,55,23.779501,17.4795,2.0,14.830076,51.0,84.224976,1016.03973,20.26,Drizzle: Light
2008-06-23 21:00:00+00:00,SAMSUN,55,24.3295,16.3295,0.0,11.753876,3.0,79.1045,1014.56696,27.99,Overcast
2008-06-24 21:00:00+00:00,SAMSUN,55,25.9295,15.629499,0.0,12.287555,0.0,72.77657,1013.2646,28.94,Clear sky
2008-06-25 21:00:00+00:00,SAMSUN,55,25.379501,18.3295,0.0,13.891522,0.0,70.91454,1015.1695,29.02,Clear sky
2008-06-26 21:00:00+00:00,SAMSUN,55,24.9295,18.8295,0.0,14.081477,0.0,73.98307,1013.24976,28.79,Clear sky
2008-06-27 21:00:00+00:00,SAMSUN,55,26.029501,15.5295,0.0,13.0447235,3.0,76.51727,1011.3572,29.18,Overcast
2008-06-28 21:00:00+00:00,SAMSUN,55,26.379501,15.329499,5.1000004,19.353138,61.0,77.999825,1011.9563,26.63,Rain: Slight
2008-06-29 21:00:00+00:00,SAMSUN,55,24.4795,18.4795,0.8,13.684735,53.0,73.529686,1014.3995,23.59,Drizzle: Moderate
2008-06-30 21:00:00+00:00,SAMSUN,55,25.379501,16.8295,0.0,14.33234,1.0,73.31824,1012.31525,27.68,Mainly clear
2008-07-01 21:00:00+00:00,SAMSUN,55,25.279501,17.2295,0.0,12.261157,3.0,76.392,1009.87067,27.22,Overcast
2008-07-02 21:00:00+00:00,SAMSUN,55,22.5795,17.8295,2.1000001,19.171478,55.0,75.199326,1009.8413,21.2,Drizzle: Dense
2008-07-03 21:00:00+00:00,SAMSUN,55,24.779501,16.029501,0.0,14.57889,1.0,71.21606,1010.57715,26.78,Mainly clear
2008-07-04 21:00:00+00:00,SAMSUN,55,27.529501,15.379499,0.0,15.281989,2.0,73.96436,1005.6689,27.92,Partly cloudy
2008-07-05 21:00:00+00:00,SAMSUN,55,27.779501,17.4295,6.2,17.64,63.0,74.292,1006.8057,24.49,Rain: Moderate
2008-07-06 21:00:00+00:00,SAMSUN,55,24.529501,17.1795,0.0,19.386591,1.0,74.91826,1013.5524,23.21,Mainly clear
2008-07-07 21:00:00+00:00,SAMSUN,55,24.4795,16.029501,0.0,14.77755,1.0,75.635956,1011.50635,26.2,Mainly clear
2008-07-08 21:00:00+00:00,SAMSUN,55,26.0795,16.279501,0.0,14.88242,3.0,77.50168,1006.7469,28.5,Overcast
2008-07-09 21:00:00+00:00,SAMSUN,55,25.529501,17.029501,0.3,14.88242,51.0,79.04563,1009.8784,24.11,Drizzle: Light
2008-07-10 21:00:00+00:00,SAMSUN,55,22.4295,18.2295,0.90000004,10.685391,51.0,76.140175,1014.0319,12.63,Drizzle: Light
2008-07-11 21:00:00+00:00,SAMSUN,55,22.779501,18.9795,1.1,17.429354,51.0,69.5922,1013.0358,13.76,Drizzle: Light
2008-07-12 21:00:00+00:00,SAMSUN,55,24.7295,18.0795,1.0,18.079027,51.0,76.0278,1011.3686,17.91,Drizzle: Light
2008-07-13 21:00:00+00:00,SAMSUN,55,25.029501,19.1795,1.6000001,19.386593,51.0,77.52245,1011.97125,16.94,Drizzle: Light
2008-07-14 21:00:00+00:00,SAMSUN,55,27.629501,19.379501,0.0,15.042659,2.0,75.67767,1011.6294,20.32,Partly cloudy
2008-07-15 21:00:00+00:00,SAMSUN,55,27.879501,17.4295,0.0,14.77755,1.0,78.937096,1005.4065,28.06,Mainly clear
2008-07-16 21:00:00+00:00,SAMSUN,55,24.129501,19.9295,1.6000001,14.33234,51.0,79.99044,1006.64923,13.01,Drizzle: Light
2008-07-17 21:00:00+00:00,SAMSUN,55,26.9795,18.8295,0.0,12.904882,2.0,71.86758,1009.6589,23.91,Partly cloudy
2008-07-18 21:00:00+00:00,SAMSUN,55,26.6795,17.5795,0.0,14.8257065,3.0,76.69665,1010.51416,27.78,Overcast
2008-07-19 21:00:00+00:00,SAMSUN,55,25.9795,18.1795,0.0,15.141414,3.0,80.9002,1012.2399,21.69,Overcast
2008-07-20 21:00:00+00:00,SAMSUN,55,26.779501,18.9795,0.4,12.144331,51.0,82.17379,1011.39844,16.06,Drizzle: Light
2008-07-21 21:00:00+00:00,SAMSUN,55,29.029501,20.3295,0.0,13.53236,1.0,77.85989,1006.4157,26.59,Mainly clear
2008-07-22 21:00:00+00:00,SAMSUN,55,29.379501,20.029501,0.0,14.003028,3.0,81.32894,1003.98785,27.12,Overcast
2008-07-23 21:00:00+00:00,SAMSUN,55,30.879501,19.9795,0.0,16.981165,3.0,81.29044,1001.6033,27.32,Overcast
2008-07-24 21:00:00+00:00,SAMSUN,55,28.1795,22.9795,1.0,16.394829,51.0,83.128525,1002.4905,16.03,Drizzle: Light
2008-07-25 21:00:00+00:00,SAMSUN,55,24.9795,21.279501,0.1,12.57426,51.0,77.36128,1003.99005,13.97,Drizzle: Light
2008-07-26 21:00:00+00:00,SAMSUN,55,26.279501,19.6795,0.0,16.73516,2.0,73.77553,1004.6782,19.34,Partly cloudy
2008-07-27 21:00:00+00:00,SAMSUN,55,25.529501,19.529501,0.0,13.755579,3.0,72.36634,1007.7036,20.1,Overcast
2008-07-28 21:00:00+00:00,SAMSUN,55,25.029501,18.4295,2.5,15.683776,51.0,79.34268,1010.017,19.27,Drizzle: Light
2008-07-29 21:00:00+00:00,SAMSUN,55,26.6795,20.629501,0.4,17.294992,51.0,71.22911,1013.5056,21.66,Drizzle: Light
2008-07-30 21:00:00+00:00,SAMSUN,55,26.129501,20.279501,1.1,19.523155,51.0,70.49405,1014.7952,21.69,Drizzle: Light
2008-07-31 21:00:00+00:00,SAMSUN,55,25.9295,20.879501,1.4,23.219301,51.0,71.855255,1014.3179,19.84,Drizzle: Light
2008-08-01 21:00:00+00:00,SAMSUN,55,25.629501,21.5795,1.5000001,20.780453,51.0,69.27205,1013.5795,22.6,Drizzle: Light
2008-08-02 21:00:00+00:00,SAMSUN,55,26.4795,20.4295,0.0,18.692286,3.0,71.07491,1010.21857,16.38,Overcast
2008-08-03 21:00:00+00:00,SAMSUN,55,26.779501,22.279501,0.0,20.393293,3.0,72.186455,1007.7126,16.76,Overcast
2008-08-04 21:00:00+00:00,SAMSUN,55,27.3295,21.1795,0.0,15.827721,3.0,71.345985,1008.237,15.99,Overcast
2008-08-05 21:00:00+00:00,SAMSUN,55,28.129501,18.029501,0.0,13.979872,3.0,70.41233,1008.2156,26.63,Overcast
2008-08-06 21:00:00+00:00,SAMSUN,55,25.629501,18.279501,3.8,19.523155,53.0,78.07062,1009.72504,17.78,Drizzle: Moderate
2008-08-07 21:00:00+00:00,SAMSUN,55,24.779501,19.3295,0.8,16.394829,51.0,70.78312,1009.7041,17.77,Drizzle: Light
2008-08-08 21:00:00+00:00,SAMSUN,55,26.379501,18.1795,0.0,13.324863,1.0,74.87929,1006.4331,23.47,Mainly clear
2008-08-09 21:00:00+00:00,SAMSUN,55,26.4795,18.6795,0.0,14.458382,3.0,80.81658,1005.6269,23.07,Overcast
2008-08-10 21:00:00+00:00,SAMSUN,55,26.8295,20.2295,0.0,16.375053,3.0,81.35734,1005.83746,21.32,Overcast
2008-08-11 21:00:00+00:00,SAMSUN,55,26.3295,19.8295,0.0,13.276144,3.0,77.724686,1007.2828,19.09,Overcast
2008-08-12 21:00:00+00:00,SAMSUN,55,28.629501,20.2295,0.0,17.81909,2.0,78.06638,1008.97125,20.42,Partly cloudy
2008-08-13 21:00:00+00:00,SAMSUN,55,28.529501,21.379501,0.0,17.163355,2.0,76.2226,1008.7365,22.45,Partly cloudy
2008-08-14 21:00:00+00:00,SAMSUN,55,27.779501,20.629501,0.0,13.684735,2.0,77.02818,1005.80927,22.5,Partly cloudy
2008-08-15 21:00:00+00:00,SAMSUN,55,27.7295,19.7295,0.1,13.896187,51.0,78.93536,1002.87256,20.7,Drizzle: Light
2008-08-16 21:00:00+00:00,SAMSUN,55,28.9795,20.279501,0.0,14.021525,3.0,81.714035,1005.2397,21.8,Overcast
2008-08-17 21:00:00+00:00,SAMSUN,55,29.7295,21.029501,0.0,14.186923,1.0,81.48792,1008.33234,23.07,Mainly clear
2008-08-18 21:00:00+00:00,SAMSUN,55,28.279501,21.6795,0.0,14.408997,2.0,82.298164,1010.0918,20.03,Partly cloudy
2008-08-19 21:00:00+00:00,SAMSUN,55,27.9295,20.779501,0.0,12.72283,2.0,79.30365,1011.3902,20.81,Partly cloudy
2008-08-20 21:00:00+00:00,SAMSUN,55,28.779501,18.9795,0.0,12.984975,0.0,77.20582,1011.23395,23.91,Clear sky
2008-08-21 21:00:00+00:00,SAMSUN,55,28.629501,21.9795,0.0,12.496718,0.0,77.09697,1010.0495,22.57,Clear sky
2008-08-22 21:00:00+00:00,SAMSUN,55,29.4795,19.8295,0.0,14.277983,0.0,73.3781,1007.337,23.74,Clear sky
2008-08-23 21:00:00+00:00,SAMSUN,55,30.1795,20.5795,0.0,14.917212,1.0,79.29293,1003.94257,22.8,Mainly clear
2008-08-24 21:00:00+00:00,SAMSUN,55,29.9795,22.879501,0.0,16.700275,3.0,81.903,1008.6199,21.78,Overcast
2008-08-25 21:00:00+00:00,SAMSUN,55,28.629501,21.1795,0.0,13.708391,3.0,78.73057,1014.3765,21.61,Overcast
2008-08-26 21:00:00+00:00,SAMSUN,55,26.4295,21.9795,2.0,13.830749,51.0,73.85789,1016.89136,13.39,Drizzle: Light
2008-08-27 21:00:00+00:00,SAMSUN,55,26.6795,21.4295,0.0,15.1884165,2.0,64.56305,1014.8758,17.29,Partly cloudy
2008-08-28 21:00:00+00:00,SAMSUN,55,27.6795,19.6795,0.0,13.104198,2.0,75.21128,1008.511,20.96,Partly cloudy
2008-08-29 21:00:00+00:00,SAMSUN,55,27.379501,19.0795,0.0,15.379206,3.0,80.88176,1007.428,21.13,Overcast
2008-08-30 21:00:00+00:00,SAMSUN,55,22.529501,20.0795,3.8999999,19.486609,53.0,80.6729,1013.55756,9.91,Drizzle: Moderate
2008-08-31 21:00:00+00:00,SAMSUN,55,21.879501,18.3295,3.8999999,15.141414,53.0,75.11464,1016.99786,7.12,Drizzle: Moderate
2008-09-01 21:00:00+00:00,SAMSUN,55,23.5795,18.1795,0.0,14.4,3.0,64.15594,1015.43353,18.21,Overcast
2008-09-02 21:00:00+00:00,SAMSUN,55,25.0795,14.879499,0.0,11.298495,1.0,72.02233,1013.0013,22.05,Mainly clear
2008-09-03 21:00:00+00:00,SAMSUN,55,25.879501,15.629499,0.0,11.988594,3.0,74.79694,1012.9024,21.53,Overcast
2008-09-04 21:00:00+00:00,SAMSUN,55,26.2295,16.7295,0.0,12.287555,3.0,79.534615,1014.1341,20.47,Overcast
2008-09-05 21:00:00+00:00,SAMSUN,55,26.4295,17.9795,0.0,15.021105,3.0,79.6699,1013.95703,21.0,Overcast
2008-09-06 21:00:00+00:00,SAMSUN,55,25.9795,17.7295,0.0,13.237039,3.0,78.57024,1012.2925,19.22,Overcast
2008-09-07 21:00:00+00:00,SAMSUN,55,26.3295,18.5795,0.0,14.336861,3.0,79.881325,1010.8575,18.22,Overcast
2008-09-08 21:00:00+00:00,SAMSUN,55,25.6795,17.9295,0.90000004,14.044615,51.0,80.941475,1010.1877,16.39,Drizzle: Light
2008-09-09 21:00:00+00:00,SAMSUN,55,27.279501,18.129501,0.3,18.58451,51.0,73.77164,1010.5281,16.74,Drizzle: Light
2008-09-10 21:00:00+00:00,SAMSUN,55,23.9295,17.8295,0.0,16.311613,3.0,67.19997,1012.1995,14.21,Overcast
2008-09-11 21:00:00+00:00,SAMSUN,55,28.129501,15.0295,0.0,14.529915,1.0,72.600746,1007.9289,20.38,Mainly clear
2008-09-12 21:00:00+00:00,SAMSUN,55,26.4295,17.4795,0.0,12.43434,1.0,68.642715,1008.6541,20.08,Mainly clear
2008-09-13 21:00:00+00:00,SAMSUN,55,26.1795,18.879501,1.7000002,17.698677,51.0,76.45547,1011.13165,14.05,Drizzle: Light
2008-09-14 21:00:00+00:00,SAMSUN,55,22.379501,17.7295,0.0,17.698677,3.0,81.70076,1015.107,9.72,Overcast
2008-09-15 21:00:00+00:00,SAMSUN,55,29.4795,17.1795,0.0,12.074766,3.0,79.471565,1007.7253,19.19,Overcast
2008-09-16 21:00:00+00:00,SAMSUN,55,30.6795,17.529501,0.0,11.874544,3.0,78.90746,1004.8296,18.87,Overcast
2008-09-17 21:00:00+00:00,SAMSUN,55,26.279501,18.379501,6.2,23.893261,63.0,83.36193,1005.2695,13.81,Rain: Moderate
2008-09-18 21:00:00+00:00,SAMSUN,55,19.779501,16.6295,4.799999,14.336861,53.0,78.985466,1012.19684,8.48,Drizzle: Moderate
2008-09-19 21:00:00+00:00,SAMSUN,55,21.6795,17.529501,2.8,14.241629,53.0,84.90204,1009.8091,7.8,Drizzle: Moderate
2008-09-20 21:00:00+00:00,SAMSUN,55,26.4795,18.629501,3.1,10.853866,61.0,80.999916,1005.54535,15.75,Rain: Slight
2008-09-21 21:00:00+00:00,SAMSUN,55,19.9795,17.029501,16.8,14.587776,63.0,87.15574,1007.91644,9.49,Rain: Moderate
2008-09-22 21:00:00+00:00,SAMSUN,55,17.029501,16.279501,13.0,10.105681,61.0,89.8215,1009.5997,3.65,Rain: Slight
2008-09-23 21:00:00+00:00,SAMSUN,55,19.5795,15.129499,1.6,8.913181,53.0,81.61002,1013.8045,13.59,Drizzle: Moderate
2008-09-24 21:00:00+00:00,SAMSUN,55,19.9795,16.4295,0.1,11.753877,51.0,81.65566,1014.54956,11.84,Drizzle: Light
2008-09-25 21:00:00+00:00,SAMSUN,55,20.879501,15.9795,1.3000001,15.463246,51.0,84.31605,1011.15436,10.23,Drizzle: Light
2008-09-26 21:00:00+00:00,SAMSUN,55,17.9295,16.6295,27.500004,12.849528,63.0,90.595634,1009.1164,2.78,Rain: Moderate
2008-09-27 21:00:00+00:00,SAMSUN,55,17.029501,14.9795,5.200001,17.148247,53.0,82.50632,1014.41705,4.24,Drizzle: Moderate
2008-09-28 21:00:00+00:00,SAMSUN,55,17.879501,12.879499,4.2,14.05845,53.0,80.284645,1013.3115,10.9,Drizzle: Moderate
2008-09-29 21:00:00+00:00,SAMSUN,55,15.7295,14.2795,32.599995,25.189713,63.0,88.59142,1011.7307,2.28,Rain: Moderate
2008-09-30 21:00:00+00:00,SAMSUN,55,19.5795,12.079499,0.0,9.565437,3.0,80.435844,1018.1045,13.68,Overcast
2008-10-01 21:00:00+00:00,SAMSUN,55,21.029501,10.4295,0.0,12.9249525,0.0,81.84548,1017.6319,17.09,Clear sky
2008-10-02 21:00:00+00:00,SAMSUN,55,24.5795,12.379499,0.0,12.43434,2.0,76.05517,1013.99225,16.85,Partly cloudy
2008-10-03 21:00:00+00:00,SAMSUN,55,27.379501,15.9795,1.8,14.20062,53.0,74.11557,1011.4616,15.77,Drizzle: Moderate
2008-10-04 21:00:00+00:00,SAMSUN,55,25.4295,16.529501,0.0,9.339208,3.0,81.489075,1009.31934,15.26,Overcast
2008-10-05 21:00:00+00:00,SAMSUN,55,20.779501,15.579499,0.0,12.819235,3.0,81.482635,1012.80225,12.43,Overcast
2008-10-06 21:00:00+00:00,SAMSUN,55,18.279501,15.629499,3.4,11.709688,53.0,87.391426,1014.3364,7.88,Drizzle: Moderate
2008-10-07 21:00:00+00:00,SAMSUN,55,19.4295,13.6795,1.2,14.003029,51.0,84.1194,1016.7758,13.02,Drizzle: Light
2008-10-08 21:00:00+00:00,SAMSUN,55,18.0795,13.1795,1.4,11.570515,51.0,89.096016,1021.05536,11.27,Drizzle: Light
2008-10-09 21:00:00+00:00,SAMSUN,55,16.5795,13.2295,1.4000002,12.0694,51.0,87.80735,1025.2549,8.24,Drizzle: Light
2008-10-10 21:00:00+00:00,SAMSUN,55,16.529501,12.9795,3.5999997,12.72283,51.0,84.179146,1024.6343,7.53,Drizzle: Light
2008-10-11 21:00:00+00:00,SAMSUN,55,16.779501,11.9295,1.0000001,12.387348,51.0,78.55421,1024.6364,10.23,Drizzle: Light
2008-10-12 21:00:00+00:00,SAMSUN,55,18.0795,11.1795,0.0,13.363711,2.0,77.102455,1022.41895,13.19,Partly cloudy
2008-10-13 21:00:00+00:00,SAMSUN,55,20.3295,11.379499,0.0,10.538843,3.0,87.83553,1020.39655,13.89,Overcast
2008-10-14 21:00:00+00:00,SAMSUN,55,21.879501,14.379499,6.5,7.42159,63.0,89.84875,1012.1287,6.98,Rain: Moderate
2008-10-15 21:00:00+00:00,SAMSUN,55,17.529501,14.2795,17.600002,20.26899,63.0,87.173195,1013.48285,2.48,Rain: Moderate
2008-10-16 21:00:00+00:00,SAMSUN,55,20.5795,12.2295,0.0,10.685391,3.0,86.5281,1016.209,12.74,Overcast
2008-10-17 21:00:00+00:00,SAMSUN,55,23.279501,13.629499,0.9,14.113652,53.0,77.191414,1017.6939,14.2,Drizzle: Moderate
2008-10-18 21:00:00+00:00,SAMSUN,55,15.579499,13.629499,4.3999996,13.441071,53.0,86.96399,1025.4371,3.5,Drizzle: Moderate
2008-10-19 21:00:00+00:00,SAMSUN,55,17.2295,11.329499,0.2,10.009036,51.0,89.54089,1021.0596,8.88,Drizzle: Light
2008-10-20 21:00:00+00:00,SAMSUN,55,15.9795,12.7795,0.0,10.948973,3.0,81.36308,1019.09595,9.2,Overcast
2008-10-21 21:00:00+00:00,SAMSUN,55,15.4795,10.579499,0.5,10.630672,51.0,84.855385,1018.8659,5.23,Drizzle: Light
2008-10-22 21:00:00+00:00,SAMSUN,55,15.629499,11.9295,0.5,7.127636,51.0,81.84891,1018.3049,5.82,Drizzle: Light
2008-10-23 21:00:00+00:00,SAMSUN,55,15.2295,13.329499,4.6000004,11.966954,53.0,86.057686,1019.3255,2.91,Drizzle: Moderate
2008-10-24 21:00:00+00:00,SAMSUN,55,16.6795,13.6795,0.2,13.755579,51.0,82.864525,1020.3327,5.21,Drizzle: Light
2008-10-25 21:00:00+00:00,SAMSUN,55,16.4295,13.4295,4.2000003,8.64,53.0,88.95108,1019.13794,5.89,Drizzle: Moderate
2008-10-26 21:00:00+00:00,SAMSUN,55,16.8795,12.2795,0.2,11.966954,51.0,89.021454,1014.74023,7.62,Drizzle: Light
2008-10-27 21:00:00+00:00,SAMSUN,55,16.4295,13.629499,1.6,9.339208,51.0,88.63668,1014.58563,5.35,Drizzle: Light
2008-10-28 21:00:00+00:00,SAMSUN,55,16.4795,12.0295,0.7,9.726665,51.0,89.77888,1019.78174,6.14,Drizzle: Light
2008-10-29 21:00:00+00:00,SAMSUN,55,19.279501,11.129499,0.0,10.383987,3.0,88.611626,1018.77277,11.66,Overcast
2008-10-30 21:00:00+00:00,SAMSUN,55,22.029501,10.6795,0.0,14.386494,3.0,79.99766,1018.0629,12.11,Overcast
2008-10-31 21:00:00+00:00,SAMSUN,55,19.7295,11.5295,0.0,7.491114,3.0,84.67081,1021.78766,9.9,Overcast
2008-11-01 21:00:00+00:00,SAMSUN,55,20.779501,11.2795,0.0,12.879752,3.0,87.068474,1018.9593,11.6,Overcast
2008-11-02 21:00:00+00:00,SAMSUN,55,19.8295,11.079499,0.0,9.085988,3.0,88.18203,1017.20087,11.68,Overcast
2008-11-03 21:00:00+00:00,SAMSUN,55,17.6795,11.829499,0.0,10.086427,3.0,84.62221,1023.6768,10.88,Overcast
2008-11-04 21:00:00+00:00,SAMSUN,55,16.8295,10.829499,0.0,7.7043357,3.0,86.56925,1023.7898,9.3,Overcast
2008-11-05 21:00:00+00:00,SAMSUN,55,17.629501,9.879499,0.1,9.021574,51.0,89.28649,1018.3128,9.68,Drizzle: Light
2008-11-06 21:00:00+00:00,SAMSUN,55,13.1795,10.0295,4.1000004,14.799459,53.0,86.442116,1023.23535,3.43,Drizzle: Moderate
2008-11-07 21:00:00+00:00,SAMSUN,55,12.9295,9.579499,0.0,10.883676,3.0,81.41548,1026.2533,8.61,Overcast
2008-11-08 21:00:00+00:00,SAMSUN,55,12.879499,9.579499,0.0,9.504272,3.0,79.74659,1028.2635,5.35,Overcast
2008-11-09 21:00:00+00:00,SAMSUN,55,14.2795,9.879499,0.0,13.363711,3.0,77.60732,1027.3936,6.34,Overcast
2008-11-10 21:00:00+00:00,SAMSUN,55,15.2295,7.4795003,0.0,10.97262,3.0,84.693016,1022.92487,10.22,Overcast
2008-11-11 21:00:00+00:00,SAMSUN,55,16.3795,6.1795,0.0,9.085988,3.0,84.66923,1018.7273,10.69,Overcast
2008-11-12 21:00:00+00:00,SAMSUN,55,14.329499,7.4295,0.6,7.42159,51.0,87.385826,1018.7051,6.58,Drizzle: Light
2008-11-13 21:00:00+00:00,SAMSUN,55,15.0295,9.5295,0.0,7.145796,3.0,86.76242,1022.8891,7.67,Overcast
2008-11-14 21:00:00+00:00,SAMSUN,55,15.4795,8.7295,0.0,10.883676,3.0,85.71775,1023.62274,8.95,Overcast
2008-11-15 21:00:00+00:00,SAMSUN,55,13.379499,9.5295,1.0,6.763786,51.0,89.91404,1023.3242,4.97,Drizzle: Light
2008-11-16 21:00:00+00:00,SAMSUN,55,16.6295,7.3295,0.0,13.849477,3.0,82.00229,1015.98047,9.87,Overcast
2008-11-17 21:00:00+00:00,SAMSUN,55,13.7795,7.3295,1.9000001,5.3517847,53.0,87.659004,1015.2371,4.39,Drizzle: Moderate
2008-11-18 21:00:00+00:00,SAMSUN,55,15.129499,9.9295,3.2,10.661107,53.0,87.2416,1014.2088,4.42,Drizzle: Moderate
2008-11-19 21:00:00+00:00,SAMSUN,55,15.4795,9.7795,5.8,11.246759,55.0,88.769936,1011.8233,7.03,Drizzle: Dense
2008-11-20 21:00:00+00:00,SAMSUN,55,18.0795,8.879499,0.0,14.982228,2.0,79.92243,1009.34644,8.93,Partly cloudy
2008-11-21 21:00:00+00:00,SAMSUN,55,20.129501,9.6795,0.0,34.608715,3.0,57.122177,999.24786,9.27,Overcast
2008-11-22 21:00:00+00:00,SAMSUN,55,18.4795,7.4295,26.499998,35.74711,73.0,73.63142,1002.4761,1.26,Snow fall: Moderate
2008-11-23 21:00:00+00:00,SAMSUN,55,10.2295,7.5295,13.9,24.774696,61.0,86.67209,1013.608,2.82,Rain: Slight
2008-11-24 21:00:00+00:00,SAMSUN,55,17.529501,8.8295,0.0,12.074766,3.0,86.55469,1016.66974,8.13,Overcast
2008-11-25 21:00:00+00:00,SAMSUN,55,20.379501,11.1795,0.0,17.414474,0.0,74.074,1014.17334,8.94,Clear sky
2008-11-26 21:00:00+00:00,SAMSUN,55,13.4795,7.4295,20.1,18.0,73.0,90.67868,1015.25214,3.84,Snow fall: Moderate
2008-11-27 21:00:00+00:00,SAMSUN,55,7.4295,6.0795,18.3,14.264361,73.0,85.60375,1022.0534,2.9,Snow fall: Moderate
2008-11-28 21:00:00+00:00,SAMSUN,55,10.629499,5.3795,0.0,13.722565,3.0,78.89609,1021.26807,6.83,Overcast
2008-11-29 21:00:00+00:00,SAMSUN,55,14.0295,7.1795,0.8,15.315873,51.0,77.34927,1019.9473,5.73,Drizzle: Light
2008-11-30 21:00:00+00:00,SAMSUN,55,15.6795,7.4295,0.0,13.089354,2.0,82.70642,1022.4802,8.56,Partly cloudy
2008-12-01 21:00:00+00:00,SAMSUN,55,15.579499,7.2795,0.0,16.75064,2.0,76.55279,1021.2363,8.86,Partly cloudy
2008-12-02 21:00:00+00:00,SAMSUN,55,16.3795,7.2295003,0.0,17.414474,1.0,67.25969,1020.1673,8.62,Mainly clear
2008-12-03 21:00:00+00:00,SAMSUN,55,18.2295,9.879499,0.0,19.966211,3.0,56.330734,1017.68335,8.77,Overcast
2008-12-04 21:00:00+00:00,SAMSUN,55,18.0795,11.4295,0.0,23.675304,3.0,46.889828,1017.53986,7.03,Overcast
2008-12-05 21:00:00+00:00,SAMSUN,55,19.279501,9.629499,0.0,15.192682,3.0,62.573383,1019.6089,8.14,Overcast
2008-12-06 21:00:00+00:00,SAMSUN,55,17.2295,11.2795,0.0,17.388409,3.0,55.802567,1009.2281,4.19,Overcast
2008-12-07 21:00:00+00:00,SAMSUN,55,13.4795,7.4295,10.0,11.966953,61.0,83.20348,1009.135,4.63,Rain: Slight
2008-12-08 21:00:00+00:00,SAMSUN,55,9.0295,5.7295003,30.599998,18.089775,73.0,88.95495,1015.8227,0.93,Snow fall: Moderate
2008-12-09 21:00:00+00:00,SAMSUN,55,9.2295,2.0295,2.0000002,20.140705,71.0,71.833885,1025.8868,7.17,Snow fall: Slight
2008-12-10 21:00:00+00:00,SAMSUN,55,10.079499,1.9795,0.0,12.72283,0.0,74.79448,1030.2725,8.36,Clear sky
2008-12-11 21:00:00+00:00,SAMSUN,55,9.379499,0.7795,0.0,9.9571085,2.0,77.17867,1025.0695,8.41,Partly cloudy
2008-12-12 21:00:00+00:00,SAMSUN,55,9.4795,-0.020499945,0.0,7.5942073,2.0,78.83778,1018.2454,8.51,Partly cloudy
2008-12-13 21:00:00+00:00,SAMSUN,55,9.4295,0.37950003,0.0,9.290511,2.0,78.6817,1020.3603,8.49,Partly cloudy
2008-12-14 21:00:00+00:00,SAMSUN,55,7.3295,1.5295,0.0,9.693296,2.0,82.9878,1024.9467,5.44,Partly cloudy
2008-12-15 21:00:00+00:00,SAMSUN,55,8.2795,1.0295,0.0,7.9932966,1.0,81.33329,1027.4081,7.93,Mainly clear
2008-12-16 21:00:00+00:00,SAMSUN,55,8.9295,-0.32049996,0.0,11.983188,3.0,80.46481,1025.4275,6.21,Overcast
2008-12-17 21:00:00+00:00,SAMSUN,55,11.879499,2.2295,0.0,14.654254,3.0,71.25568,1022.4122,7.95,Overcast
2008-12-18 21:00:00+00:00,SAMSUN,55,14.129499,4.5795,1.1,16.1198,53.0,75.556816,1016.87115,7.6,Drizzle: Moderate
2008-12-19 21:00:00+00:00,SAMSUN,55,13.329499,4.4795,0.0,12.4811535,3.0,83.11231,1011.8264,7.55,Overcast
2008-12-20 21:00:00+00:00,SAMSUN,55,12.379499,5.8295,0.6,12.4811535,51.0,78.84499,1008.4704,5.99,Drizzle: Light
2008-12-21 21:00:00+00:00,SAMSUN,55,9.7295,4.3295,2.9,8.427383,51.0,92.091705,1014.11066,3.16,Drizzle: Light
2008-12-22 21:00:00+00:00,SAMSUN,55,8.3295,7.0295,23.099998,11.503113,61.0,95.47683,1010.5478,0.96,Rain: Slight
2008-12-23 21:00:00+00:00,SAMSUN,55,6.8795,3.9795,26.199999,20.12461,73.0,92.56751,1005.4524,1.21,Snow fall: Moderate
2008-12-24 21:00:00+00:00,SAMSUN,55,7.9795003,3.4295,1.8000001,21.67487,71.0,68.23455,1017.54193,6.84,Snow fall: Slight
2008-12-25 21:00:00+00:00,SAMSUN,55,6.1795,0.5795001,6.100001,9.511088,73.0,86.97645,1026.3036,4.26,Snow fall: Moderate
2008-12-26 21:00:00+00:00,SAMSUN,55,7.5295,0.67950004,0.0,14.113652,3.0,69.66511,1026.4391,8.06,Overcast
2008-12-27 21:00:00+00:00,SAMSUN,55,5.4795003,0.62950003,1.9,8.557102,71.0,81.85824,1025.5541,5.36,Snow fall: Slight
2008-12-28 21:00:00+00:00,SAMSUN,55,3.8795002,1.0795001,7.599999,12.72283,73.0,88.83435,1024.6805,5.37,Snow fall: Moderate
2008-12-29 21:00:00+00:00,SAMSUN,55,1.3295001,-1.1704998,8.400001,12.758432,73.0,89.2078,1028.2609,5.01,Snow fall: Moderate
2008-12-30 21:00:00+00:00,SAMSUN,55,1.1795001,-1.8704998,1.3,16.418526,71.0,77.40012,1028.24,7.07,Snow fall: Slight
2008-12-31 21:00:00+00:00,SAMSUN,55,3.5795002,-0.9205,0.8000001,16.981165,71.0,68.81179,1024.3053,6.49,Snow fall: Slight
2009-01-01 21:00:00+00:00,SAMSUN,55,4.7295,-0.57049996,0.0,24.522314,3.0,57.34024,1020.5983,7.57,Overcast
2009-01-02 21:00:00+00:00,SAMSUN,55,8.6795,1.5295,0.1,17.786331,51.0,64.02334,1018.6131,7.19,Drizzle: Light
2009-01-03 21:00:00+00:00,SAMSUN,55,5.1295,2.4295,5.799999,10.495713,71.0,90.27404,1014.6673,2.87,Snow fall: Slight
2009-01-04 21:00:00+00:00,SAMSUN,55,8.5795,4.0795,15.800001,12.413477,73.0,89.8834,1011.6556,2.23,Snow fall: Moderate
2009-01-05 21:00:00+00:00,SAMSUN,55,5.1295,2.4295,21.699999,12.7279215,73.0,92.03646,1014.79047,1.71,Snow fall: Moderate
2009-01-06 21:00:00+00:00,SAMSUN,55,3.3295002,1.3295001,11.200001,14.458382,73.0,88.92069,1018.5242,2.7,Snow fall: Moderate
2009-01-07 21:00:00+00:00,SAMSUN,55,8.0295,-3.0705,0.0,9.9571085,3.0,83.53749,1021.4399,8.55,Overcast
2009-01-08 21:00:00+00:00,SAMSUN,55,2.3795002,-2.7205,1.4000001,22.183128,71.0,78.61333,1029.0552,5.82,Snow fall: Slight
2009-01-09 21:00:00+00:00,SAMSUN,55,6.1295,-6.2704997,0.0,10.739832,2.0,78.008804,1025.3113,9.24,Partly cloudy
2009-01-10 21:00:00+00:00,SAMSUN,55,3.7295,-1.9705,2.7,22.077717,71.0,80.921776,1027.2148,6.94,Snow fall: Slight
2009-01-11 21:00:00+00:00,SAMSUN,55,5.0295,-0.8704999,0.3,6.830519,71.0,79.744934,1035.7727,7.17,Snow fall: Slight
2009-01-12 21:00:00+00:00,SAMSUN,55,7.0795,-5.4205,0.0,13.207634,1.0,79.429504,1034.1583,9.54,Mainly clear
2009-01-13 21:00:00+00:00,SAMSUN,55,8.129499,-0.22049993,0.0,17.399586,3.0,69.133804,1026.3373,9.85,Overcast
2009-01-14 21:00:00+00:00,SAMSUN,55,13.9795,3.2795,0.5,18.089775,51.0,62.257553,1022.10944,9.03,Drizzle: Light
2009-01-15 21:00:00+00:00,SAMSUN,55,13.2795,4.3295,0.0,15.0038395,3.0,70.31029,1015.7068,7.55,Overcast
2009-01-16 21:00:00+00:00,SAMSUN,55,9.079499,3.6795,18.1,15.077082,73.0,88.52285,1013.83813,2.18,Snow fall: Moderate
2009-01-17 21:00:00+00:00,SAMSUN,55,7.2295003,1.8295,0.70000005,9.504273,71.0,81.3228,1021.99414,7.43,Snow fall: Slight
2009-01-18 21:00:00+00:00,SAMSUN,55,10.829499,1.1795001,0.0,12.904882,3.0,74.1222,1015.65765,9.41,Overcast
2009-01-19 21:00:00+00:00,SAMSUN,55,13.1795,2.9795,0.0,14.88242,3.0,73.463455,1015.947,9.77,Overcast
2009-01-20 21:00:00+00:00,SAMSUN,55,11.9795,1.3795,0.0,9.585739,0.0,84.70804,1020.8532,9.96,Clear sky
2009-01-21 21:00:00+00:00,SAMSUN,55,14.0295,3.1795,0.0,17.58481,2.0,74.84126,1019.1529,10.56,Partly cloudy
2009-01-22 21:00:00+00:00,SAMSUN,55,16.9795,5.9295,0.0,19.386593,3.0,48.41979,1006.5529,8.94,Overcast
2009-01-23 21:00:00+00:00,SAMSUN,55,16.6795,7.2295003,0.1,18.720001,51.0,48.82593,1000.0457,10.16,Drizzle: Light
2009-01-24 21:00:00+00:00,SAMSUN,55,14.829499,9.2295,2.1000001,20.275385,53.0,60.201588,1002.0727,5.99,Drizzle: Moderate
2009-01-25 21:00:00+00:00,SAMSUN,55,15.7295,9.879499,1.2,24.967497,53.0,65.57629,1003.42474,6.89,Drizzle: Moderate
2009-01-26 21:00:00+00:00,SAMSUN,55,14.5295,7.5795,0.0,15.459054,3.0,73.341896,1012.08734,9.13,Overcast
2009-01-27 21:00:00+00:00,SAMSUN,55,15.4295,6.6795,0.0,13.570615,3.0,74.73504,1009.34424,7.86,Overcast
2009-01-28 21:00:00+00:00,SAMSUN,55,14.079499,6.9795003,0.5,13.854155,51.0,74.19654,1003.00073,6.83,Drizzle: Light
2009-01-29 21:00:00+00:00,SAMSUN,55,10.1795,5.4295,2.8,11.304229,51.0,91.638405,1005.8523,6.59,Drizzle: Light
2009-01-30 21:00:00+00:00,SAMSUN,55,8.0795,5.8795,15.400001,14.081478,71.0,97.54139,1008.65967,1.44,Snow fall: Slight
2009-01-31 21:00:00+00:00,SAMSUN,55,7.4295,5.2295003,2.3000002,8.913181,51.0,88.769966,1016.2727,4.09,Drizzle: Light
2009-02-01 21:00:00+00:00,SAMSUN,55,8.3295,5.0795,0.0,9.290511,3.0,89.72131,1021.8845,4.73,Overcast
2009-02-02 21:00:00+00:00,SAMSUN,55,10.629499,4.9795003,0.0,7.5942082,3.0,90.83359,1022.8889,6.74,Overcast
2009-02-03 21:00:00+00:00,SAMSUN,55,16.1795,5.4795003,0.0,16.267857,3.0,76.75256,1015.5825,9.57,Overcast
2009-02-04 21:00:00+00:00,SAMSUN,55,17.379501,10.2295,0.0,18.875126,3.0,58.68662,1008.8301,8.39,Overcast
2009-02-05 21:00:00+00:00,SAMSUN,55,14.4795,6.4795003,5.1,10.296251,55.0,84.1067,1009.41284,10.44,Drizzle: Dense
2009-02-06 21:00:00+00:00,SAMSUN,55,15.0295,5.6795,0.0,11.91812,3.0,84.74274,1008.302,11.48,Overcast
2009-02-07 21:00:00+00:00,SAMSUN,55,16.9795,8.6795,0.7,24.482647,51.0,69.53216,1006.7502,6.84,Drizzle: Light
2009-02-08 21:00:00+00:00,SAMSUN,55,15.7795,9.9295,8.8,13.207634,61.0,80.84835,1002.83594,4.92,Rain: Slight
2009-02-09 21:00:00+00:00,SAMSUN,55,10.629499,7.3295,11.099999,16.548256,55.0,91.79458,1001.6528,5.88,Drizzle: Dense
2009-02-10 21:00:00+00:00,SAMSUN,55,11.2795,5.9795003,0.0,10.990322,3.0,84.467415,1008.4029,8.73,Overcast
2009-02-11 21:00:00+00:00,SAMSUN,55,17.8295,5.0295,0.0,16.75064,3.0,61.554035,1003.88727,11.18,Overcast
2009-02-12 21:00:00+00:00,SAMSUN,55,17.4795,5.3295,0.0,16.23596,2.0,68.21676,1005.3259,13.0,Partly cloudy
2009-02-13 21:00:00+00:00,SAMSUN,55,18.0795,4.9795003,0.0,18.129137,3.0,66.302795,1003.2658,13.51,Overcast
2009-02-14 21:00:00+00:00,SAMSUN,55,15.829499,5.9795003,11.3,13.207634,71.0,76.95066,1002.48334,9.87,Snow fall: Slight
2009-02-15 21:00:00+00:00,SAMSUN,55,6.7795,3.4295,15.0,16.704155,73.0,86.16045,1010.8586,5.48,Snow fall: Moderate
2009-02-16 21:00:00+00:00,SAMSUN,55,5.0795,1.1795001,4.3999996,12.979984,73.0,82.65785,1017.66595,9.01,Snow fall: Moderate
2009-02-17 21:00:00+00:00,SAMSUN,55,10.7795,-0.32049996,0.0,15.496736,3.0,70.66125,1017.34204,13.19,Overcast
2009-02-18 21:00:00+00:00,SAMSUN,55,12.1795,2.6795,0.0,13.779114,3.0,64.28207,1012.89386,12.98,Overcast
2009-02-19 21:00:00+00:00,SAMSUN,55,9.0295,4.8795,3.4999998,9.0,53.0,83.54249,1004.1038,4.62,Drizzle: Moderate
2009-02-20 21:00:00+00:00,SAMSUN,55,6.4795003,3.3295002,15.999998,19.862083,73.0,93.105286,1006.21686,4.96,Snow fall: Moderate
2009-02-21 21:00:00+00:00,SAMSUN,55,5.7295003,2.6295002,0.8000001,16.75064,71.0,79.874626,1013.3481,8.59,Snow fall: Slight
2009-02-22 21:00:00+00:00,SAMSUN,55,7.1795,1.3295001,0.0,13.849476,3.0,81.412575,1013.2115,7.92,Overcast
2009-02-23 21:00:00+00:00,SAMSUN,55,8.7295,4.0295,6.5999994,9.107359,73.0,91.96253,1010.91315,6.65,Snow fall: Moderate
2009-02-24 21:00:00+00:00,SAMSUN,55,7.6795,4.4795,5.3999996,10.086427,71.0,88.87591,1017.9837,8.73,Snow fall: Slight
2009-02-25 21:00:00+00:00,SAMSUN,55,6.0295,3.3795002,3.6000001,11.770403,71.0,87.76275,1015.79645,4.39,Snow fall: Slight
2009-02-26 21:00:00+00:00,SAMSUN,55,7.0795,4.8295,7.4000015,11.681987,71.0,90.411934,1006.803,4.92,Snow fall: Slight
2009-02-27 21:00:00+00:00,SAMSUN,55,6.0795,3.7795,3.2000003,15.281989,71.0,82.33752,1009.1897,7.41,Snow fall: Slight
2009-02-28 21:00:00+00:00,SAMSUN,55,8.1795,1.6795001,0.2,12.7279215,51.0,78.10778,1015.721,14.37,Drizzle: Light
2009-03-01 21:00:00+00:00,SAMSUN,55,9.4295,0.32950002,5.1,18.35647,73.0,81.57196,1014.5178,8.09,Snow fall: Moderate
2009-03-02 21:00:00+00:00,SAMSUN,55,7.1295,1.8795,1.7,11.966954,73.0,73.702034,1018.267,14.71,Snow fall: Moderate
2009-03-03 21:00:00+00:00,SAMSUN,55,8.2295,1.6295,0.0,11.525623,2.0,76.90559,1018.4089,17.0,Partly cloudy
2009-03-04 21:00:00+00:00,SAMSUN,55,14.1795,0.62950003,0.1,16.311613,51.0,80.06166,1013.22064,16.55,Drizzle: Light
2009-03-05 21:00:00+00:00,SAMSUN,55,18.629501,11.379499,0.1,18.681883,51.0,59.277496,1004.3133,8.2,Drizzle: Light
2009-03-06 21:00:00+00:00,SAMSUN,55,19.5795,10.629499,0.0,25.982424,3.0,56.025013,1002.12555,13.72,Overcast
2009-03-07 21:00:00+00:00,SAMSUN,55,18.0795,8.3295,13.5,27.36947,61.0,80.96868,1001.2773,8.43,Rain: Slight
2009-03-08 21:00:00+00:00,SAMSUN,55,11.579499,6.9295,8.099999,9.3669195,53.0,91.463745,1005.4292,12.52,Drizzle: Moderate
2009-03-09 21:00:00+00:00,SAMSUN,55,15.4795,5.7295003,0.90000004,11.119281,53.0,80.77759,1006.5984,14.12,Drizzle: Moderate
2009-03-10 21:00:00+00:00,SAMSUN,55,13.1795,6.5795,1.0,12.496719,53.0,80.37008,1011.5051,15.85,Drizzle: Moderate
2009-03-11 21:00:00+00:00,SAMSUN,55,12.2295,4.5795,1.9000001,11.27553,51.0,87.03011,1015.5428,15.94,Drizzle: Light
2009-03-12 21:00:00+00:00,SAMSUN,55,16.9295,4.8795,6.1,20.523155,55.0,84.798454,1006.8276,15.76,Drizzle: Dense
2009-03-13 21:00:00+00:00,SAMSUN,55,6.8795,3.8795002,12.199997,17.654688,73.0,83.64554,1009.0984,6.78,Snow fall: Moderate
2009-03-14 21:00:00+00:00,SAMSUN,55,8.4795,0.029500067,2.3000002,11.200571,71.0,86.654816,1015.0373,13.72,Snow fall: Slight
2009-03-15 21:00:00+00:00,SAMSUN,55,9.379499,2.7295,1.6,10.691453,73.0,80.96308,1018.97797,15.43,Snow fall: Moderate
2009-03-16 21:00:00+00:00,SAMSUN,55,8.8295,1.6795001,2.2,11.983188,71.0,86.69306,1020.5859,16.38,Snow fall: Slight
2009-03-17 21:00:00+00:00,SAMSUN,55,10.4295,1.4795,2.1000001,7.289444,53.0,86.50126,1013.4676,15.25,Drizzle: Moderate
2009-03-18 21:00:00+00:00,SAMSUN,55,14.329499,3.6795,3.7999997,19.881649,61.0,78.25998,1005.93677,13.68,Rain: Slight
2009-03-19 21:00:00+00:00,SAMSUN,55,9.2295,0.97950006,3.6000001,12.72283,71.0,79.1036,1016.9033,15.88,Snow fall: Slight
2009-03-20 21:00:00+00:00,SAMSUN,55,8.3295,1.3295001,0.0,15.256526,3.0,79.20015,1019.3452,16.67,Overcast
2009-03-21 21:00:00+00:00,SAMSUN,55,13.6795,2.3295,3.0,9.605998,55.0,83.749016,1007.50116,17.9,Drizzle: Dense
2009-03-22 21:00:00+00:00,SAMSUN,55,8.4295,5.0295,7.5999994,13.276144,71.0,93.53595,1001.6973,6.53,Snow fall: Slight
2009-03-23 21:00:00+00:00,SAMSUN,55,10.9295,3.8295002,2.1999998,12.24,71.0,73.34438,1004.62134,17.56,Snow fall: Slight
2009-03-24 21:00:00+00:00,SAMSUN,55,18.9295,5.0795,0.0,25.264202,3.0,54.192566,1005.1199,20.44,Overcast
2009-03-25 21:00:00+00:00,SAMSUN,55,18.129501,7.9795003,6.2,19.353138,61.0,65.027565,1005.2867,15.26,Rain: Slight
2009-03-26 21:00:00+00:00,SAMSUN,55,8.879499,3.9795,11.1,21.915691,73.0,92.75977,1008.30365,5.52,Snow fall: Moderate
2009-03-27 21:00:00+00:00,SAMSUN,55,6.3295,3.7795,7.9999995,21.659916,73.0,79.33994,1017.8968,6.43,Snow fall: Moderate
2009-03-28 21:00:00+00:00,SAMSUN,55,10.579499,2.5795,0.0,13.910169,3.0,80.77047,1024.3351,19.84,Overcast
2009-03-29 21:00:00+00:00,SAMSUN,55,14.4295,2.0295,0.0,10.594036,3.0,83.29448,1019.58636,21.62,Overcast
2009-03-30 21:00:00+00:00,SAMSUN,55,15.5295,2.7295,0.0,10.883676,3.0,84.91332,1015.9383,22.02,Overcast
2009-03-31 21:00:00+00:00,SAMSUN,55,14.6795,5.2795,0.0,10.495713,2.0,80.61829,1015.9175,21.51,Partly cloudy
2009-04-01 21:00:00+00:00,SAMSUN,55,13.5295,6.3795,2.0,9.746631,51.0,89.668755,1016.1203,12.11,Drizzle: Light
2009-04-02 21:00:00+00:00,SAMSUN,55,10.6795,6.1795,0.4,15.277749,51.0,87.31504,1022.0386,12.56,Drizzle: Light
2009-04-03 21:00:00+00:00,SAMSUN,55,11.9795,4.1295,0.0,13.217443,3.0,82.80044,1018.51874,20.87,Overcast
2009-04-04 21:00:00+00:00,SAMSUN,55,13.5295,2.8295,0.0,12.594856,3.0,83.50982,1017.0341,22.89,Overcast
2009-04-05 21:00:00+00:00,SAMSUN,55,13.879499,3.5295,1.4000001,12.879752,53.0,85.49969,1013.3696,22.19,Drizzle: Moderate
2009-04-06 21:00:00+00:00,SAMSUN,55,15.5295,8.2795,10.1,9.585739,61.0,89.44926,1008.29767,16.79,Rain: Slight
2009-04-07 21:00:00+00:00,SAMSUN,55,12.379499,9.629499,1.7000002,11.923557,51.0,83.78716,1012.336,7.34,Drizzle: Light
2009-04-08 21:00:00+00:00,SAMSUN,55,11.5295,6.9795003,0.7,17.81909,51.0,80.228806,1017.9185,18.98,Drizzle: Light
2009-04-09 21:00:00+00:00,SAMSUN,55,9.7795,4.1795,0.0,14.05845,3.0,78.13899,1019.81,17.0,Overcast
2009-04-10 21:00:00+00:00,SAMSUN,55,9.879499,3.1795,0.0,15.496736,2.0,73.891525,1020.6235,23.45,Partly cloudy
2009-04-11 21:00:00+00:00,SAMSUN,55,10.129499,4.2295,0.0,16.1198,2.0,76.27686,1019.4221,20.47,Partly cloudy
2009-04-12 21:00:00+00:00,SAMSUN,55,13.7795,2.1295002,0.0,14.685176,3.0,80.51925,1016.5596,24.69,Overcast
2009-04-13 21:00:00+00:00,SAMSUN,55,21.2295,6.3795,6.3999996,12.594856,63.0,77.50625,1004.01105,21.83,Rain: Moderate
2009-04-14 21:00:00+00:00,SAMSUN,55,11.9795,9.2795,9.599999,12.413477,53.0,91.22333,1002.2819,6.04,Drizzle: Moderate
2009-04-15 21:00:00+00:00,SAMSUN,55,13.4295,8.629499,0.0,17.595861,3.0,76.68861,1007.419,15.25,Overcast
2009-04-16 21:00:00+00:00,SAMSUN,55,12.4295,5.0795,3.0,14.986553,53.0,81.25243,1011.17633,17.07,Drizzle: Moderate
2009-04-17 21:00:00+00:00,SAMSUN,55,13.4295,3.7795,0.0,12.819235,3.0,84.42834,1016.1778,23.46,Overcast
2009-04-18 21:00:00+00:00,SAMSUN,55,17.0795,3.7795,0.0,9.686609,3.0,80.74994,1017.8942,24.52,Overcast
2009-04-19 21:00:00+00:00,SAMSUN,55,16.3295,8.2795,0.0,11.792404,3.0,77.92313,1019.95233,23.73,Overcast
2009-04-20 21:00:00+00:00,SAMSUN,55,14.2295,8.4295,0.0,11.966954,1.0,85.215675,1016.7071,22.95,Mainly clear
2009-04-21 21:00:00+00:00,SAMSUN,55,12.6795,4.3295,1.7,19.881649,53.0,80.0837,1015.1425,21.6,Drizzle: Moderate
2009-04-22 21:00:00+00:00,SAMSUN,55,8.879499,6.5795,2.8,10.739832,53.0,78.768745,1011.66034,10.84,Drizzle: Moderate
2009-04-23 21:00:00+00:00,SAMSUN,55,11.6795,6.2795,0.0,15.273505,3.0,68.845535,1017.6591,25.16,Overcast
2009-04-24 21:00:00+00:00,SAMSUN,55,12.4795,1.8795,0.0,13.896187,1.0,72.650185,1017.0967,26.51,Mainly clear
2009-04-25 21:00:00+00:00,SAMSUN,55,12.9795,4.2795,0.0,14.021525,3.0,72.79961,1020.41675,26.05,Overcast
2009-04-26 21:00:00+00:00,SAMSUN,55,13.2795,4.7295,0.5,16.595179,51.0,84.16228,1019.3545,23.35,Drizzle: Light
2009-04-27 21:00:00+00:00,SAMSUN,55,12.329499,8.1795,5.3,10.739833,55.0,90.75393,1014.5042,13.28,Drizzle: Dense
2009-04-28 21:00:00+00:00,SAMSUN,55,18.279501,7.1795,1.3,7.42159,51.0,82.195015,1008.511,23.63,Drizzle: Light
2009-04-29 21:00:00+00:00,SAMSUN,55,12.879499,9.2295,12.9,11.384198,61.0,91.58845,1006.31464,9.06,Rain: Slight
2009-04-30 21:00:00+00:00,SAMSUN,55,17.7295,7.4795003,2.2,9.885262,61.0,85.66837,1006.44165,22.79,Rain: Slight
2009-05-01 21:00:00+00:00,SAMSUN,55,17.029501,8.2295,12.499999,11.792404,61.0,89.55558,1009.54694,19.57,Rain: Slight
2009-05-02 21:00:00+00:00,SAMSUN,55,15.5295,9.9795,1.8000002,13.217443,51.0,92.3237,1017.1163,18.51,Drizzle: Light
2009-05-03 21:00:00+00:00,SAMSUN,55,15.6795,9.879499,5.3,14.336861,61.0,93.43646,1010.718,16.23,Rain: Slight
2009-05-04 21:00:00+00:00,SAMSUN,55,14.6795,11.2795,29.9,15.281989,63.0,92.25806,1003.7534,6.98,Rain: Moderate
2009-05-05 21:00:00+00:00,SAMSUN,55,15.4295,11.879499,2.2,11.841756,53.0,81.52236,1010.3428,16.35,Drizzle: Moderate
2009-05-06 21:00:00+00:00,SAMSUN,55,17.029501,10.579499,4.8,10.587918,53.0,83.848,1012.38086,20.66,Drizzle: Moderate
2009-05-07 21:00:00+00:00,SAMSUN,55,14.5295,9.329499,4.3999996,12.522619,55.0,87.0171,1015.7683,14.87,Drizzle: Dense
2009-05-08 21:00:00+00:00,SAMSUN,55,17.129501,8.3295,0.9,9.793059,53.0,74.70512,1018.462,22.64,Drizzle: Moderate
2009-05-09 21:00:00+00:00,SAMSUN,55,17.2295,9.9795,1.3000001,11.525623,53.0,77.656364,1018.3674,20.3,Drizzle: Moderate
2009-05-10 21:00:00+00:00,SAMSUN,55,17.2295,9.6795,1.3000001,12.959999,53.0,84.572655,1016.8295,21.06,Drizzle: Moderate
2009-05-11 21:00:00+00:00,SAMSUN,55,18.9295,8.9295,0.5,10.587918,53.0,82.31833,1016.5567,24.29,Drizzle: Moderate
2009-05-12 21:00:00+00:00,SAMSUN,55,22.4295,10.5295,0.0,11.983188,1.0,77.66308,1014.2253,25.78,Mainly clear
2009-05-13 21:00:00+00:00,SAMSUN,55,16.5795,11.1795,0.1,11.183201,51.0,88.68829,1015.06866,18.27,Drizzle: Light
2009-05-14 21:00:00+00:00,SAMSUN,55,20.029501,11.4795,0.0,8.766573,3.0,90.1498,1015.38403,23.96,Overcast
2009-05-15 21:00:00+00:00,SAMSUN,55,24.779501,13.1795,0.0,10.483357,1.0,79.06364,1014.9004,26.77,Mainly clear
2009-05-16 21:00:00+00:00,SAMSUN,55,26.029501,15.4295,0.0,10.630672,3.0,74.19346,1013.61304,27.36,Overcast
2009-05-17 21:00:00+00:00,SAMSUN,55,22.879501,14.4795,0.0,13.75558,2.0,80.41055,1014.6407,27.0,Partly cloudy
2009-05-18 21:00:00+00:00,SAMSUN,55,18.629501,13.2795,0.0,13.783817,2.0,87.18063,1015.9136,22.45,Partly cloudy
2009-05-19 21:00:00+00:00,SAMSUN,55,19.1795,12.1795,0.1,13.324863,51.0,83.88647,1012.4155,23.26,Drizzle: Light
2009-05-20 21:00:00+00:00,SAMSUN,55,19.129501,13.4295,2.6000001,12.324414,55.0,87.43286,1009.8056,19.53,Drizzle: Dense
2009-05-21 21:00:00+00:00,SAMSUN,55,22.0795,13.6795,0.6,10.636766,51.0,83.54861,1010.6677,23.94,Drizzle: Light
2009-05-22 21:00:00+00:00,SAMSUN,55,21.529501,15.1795,1.5,9.227524,61.0,85.41343,1011.87994,21.9,Rain: Slight
2009-05-23 21:00:00+00:00,SAMSUN,55,22.0795,12.9795,3.3999999,20.969807,61.0,84.49499,1012.5983,19.15,Rain: Slight
2009-05-24 21:00:00+00:00,SAMSUN,55,17.9295,11.329499,0.0,11.27553,3.0,76.2819,1014.79144,21.88,Overcast
2009-05-25 21:00:00+00:00,SAMSUN,55,17.7295,9.6795,8.8,13.084402,61.0,83.07479,1012.7104,19.94,Rain: Slight
2009-05-26 21:00:00+00:00,SAMSUN,55,16.9795,12.329499,2.6999998,15.629972,51.0,80.53852,1016.331,20.92,Drizzle: Light
2009-05-27 21:00:00+00:00,SAMSUN,55,17.7295,11.4295,1.8000001,10.390226,53.0,84.16467,1017.0627,23.28,Drizzle: Moderate
2009-05-28 21:00:00+00:00,SAMSUN,55,19.9795,10.4295,0.0,13.009903,2.0,76.382744,1016.375,25.83,Partly cloudy
2009-05-29 21:00:00+00:00,SAMSUN,55,21.4295,10.2795,0.0,14.84318,2.0,82.18976,1017.9028,28.33,Partly cloudy
2009-05-30 21:00:00+00:00,SAMSUN,55,21.029501,13.2295,0.0,10.182337,3.0,81.538414,1018.5256,27.72,Overcast
2009-05-31 21:00:00+00:00,SAMSUN,55,22.4295,11.5295,0.0,11.165805,0.0,79.01322,1017.6175,27.99,Clear sky
2009-06-01 21:00:00+00:00,SAMSUN,55,24.7295,13.0295,0.0,10.390226,2.0,81.777275,1010.68036,28.09,Partly cloudy
2009-06-02 21:00:00+00:00,SAMSUN,55,29.879501,15.6795,0.70000005,10.594036,51.0,72.65275,1004.21436,26.33,Drizzle: Light
2009-06-03 21:00:00+00:00,SAMSUN,55,24.0795,17.529501,0.4,13.679999,51.0,75.901024,1005.22296,24.72,Drizzle: Light
2009-06-04 21:00:00+00:00,SAMSUN,55,20.629501,16.029501,4.3999996,13.441071,53.0,84.569916,1010.78973,15.32,Drizzle: Moderate
2009-06-05 21:00:00+00:00,SAMSUN,55,21.5795,14.9795,0.0,12.324414,3.0,80.607574,1013.50104,22.87,Overcast
2009-06-06 21:00:00+00:00,SAMSUN,55,22.4295,12.329499,0.0,13.246826,1.0,79.97199,1014.2575,28.49,Mainly clear
2009-06-07 21:00:00+00:00,SAMSUN,55,23.529501,14.2295,0.0,12.819235,1.0,79.65248,1012.34467,28.61,Mainly clear
2009-06-08 21:00:00+00:00,SAMSUN,55,23.8295,14.879499,0.0,11.384198,3.0,81.97676,1012.82074,27.9,Overcast
2009-06-09 21:00:00+00:00,SAMSUN,55,25.129501,15.579499,0.0,13.608762,3.0,80.959114,1013.52637,28.05,Overcast
2009-06-10 21:00:00+00:00,SAMSUN,55,24.2295,15.5295,0.0,12.819235,3.0,84.78212,1009.9401,27.08,Overcast
2009-06-11 21:00:00+00:00,SAMSUN,55,25.629501,18.3295,0.7,12.24,53.0,86.418816,1006.4255,25.61,Drizzle: Moderate
2009-06-12 21:00:00+00:00,SAMSUN,55,24.379501,18.6795,4.3999996,18.692286,61.0,82.62711,1011.13763,20.12,Rain: Slight
2009-06-13 21:00:00+00:00,SAMSUN,55,20.029501,17.1795,1.0,17.208603,51.0,71.616005,1016.2468,13.46,Drizzle: Light
2009-06-14 21:00:00+00:00,SAMSUN,55,21.3295,16.5795,0.3,12.849528,51.0,74.28262,1019.6453,20.62,Drizzle: Light
2009-06-15 21:00:00+00:00,SAMSUN,55,21.5795,15.629499,0.7,13.905509,51.0,80.45887,1017.9156,19.3,Drizzle: Light
2009-06-16 21:00:00+00:00,SAMSUN,55,22.029501,14.2295,0.0,11.720751,3.0,82.867165,1015.38275,19.94,Overcast
2009-06-17 21:00:00+00:00,SAMSUN,55,22.9295,14.9795,1.9000001,18.430452,51.0,80.83866,1017.0766,20.87,Drizzle: Light
2009-06-18 21:00:00+00:00,SAMSUN,55,22.029501,16.6795,0.3,12.538134,51.0,68.33726,1019.7612,24.31,Drizzle: Light
2009-06-19 21:00:00+00:00,SAMSUN,55,22.5795,12.7295,0.0,13.684735,2.0,70.35703,1014.2083,29.01,Partly cloudy
2009-06-20 21:00:00+00:00,SAMSUN,55,25.029501,14.079499,0.0,12.229406,2.0,79.81381,1007.7913,27.98,Partly cloudy
2009-06-21 21:00:00+00:00,SAMSUN,55,26.2295,17.2295,0.0,12.57426,3.0,77.51159,1008.18896,26.14,Overcast
2009-06-22 21:00:00+00:00,SAMSUN,55,29.279501,17.0795,0.3,10.966713,51.0,78.49061,1008.4892,27.66,Drizzle: Light
2009-06-23 21:00:00+00:00,SAMSUN,55,30.029501,19.279501,0.0,13.627795,2.0,78.974815,1007.9892,27.02,Partly cloudy
2009-06-24 21:00:00+00:00,SAMSUN,55,30.3295,18.129501,0.0,13.661038,3.0,74.711494,1005.0778,28.06,Overcast
2009-06-25 21:00:00+00:00,SAMSUN,55,27.779501,19.529501,1.5,16.24394,53.0,82.91776,1005.32184,23.68,Drizzle: Moderate
2009-06-26 21:00:00+00:00,SAMSUN,55,23.629501,20.379501,1.0,15.141414,51.0,87.10665,1007.017,14.79,Drizzle: Light
2009-06-27 21:00:00+00:00,SAMSUN,55,26.4795,19.129501,0.2,13.746156,51.0,82.01827,1007.4084,24.98,Drizzle: Light
2009-06-28 21:00:00+00:00,SAMSUN,55,25.8295,19.4795,0.7,13.755579,51.0,81.088326,1009.5223,23.54,Drizzle: Light
2009-06-29 21:00:00+00:00,SAMSUN,55,25.279501,18.4795,0.0,15.725037,2.0,83.19696,1011.4443,20.71,Partly cloudy
2009-06-30 21:00:00+00:00,SAMSUN,55,26.2295,18.779501,0.0,14.021525,3.0,77.740654,1013.9678,27.85,Overcast
2009-07-01 21:00:00+00:00,SAMSUN,55,26.629501,17.0795,0.0,12.984975,0.0,76.56071,1011.0108,28.4,Clear sky
2009-07-02 21:00:00+00:00,SAMSUN,55,27.3295,18.029501,0.0,13.009903,2.0,76.69249,1005.43896,27.63,Partly cloudy
2009-07-03 21:00:00+00:00,SAMSUN,55,26.879501,18.7295,0.0,12.313894,2.0,77.14831,1002.36725,25.6,Partly cloudy
2009-07-04 21:00:00+00:00,SAMSUN,55,27.029501,18.629501,0.2,12.904882,51.0,76.5548,1001.8731,23.26,Drizzle: Light
2009-07-05 21:00:00+00:00,SAMSUN,55,26.0795,19.879501,0.0,12.10157,3.0,78.13737,1006.2859,24.1,Overcast
2009-07-06 21:00:00+00:00,SAMSUN,55,27.2295,18.0795,0.0,16.311613,3.0,74.662056,1008.4448,28.33,Overcast
2009-07-07 21:00:00+00:00,SAMSUN,55,28.129501,17.4295,0.0,13.783817,1.0,74.6848,1008.05963,27.82,Mainly clear
2009-07-08 21:00:00+00:00,SAMSUN,55,27.8295,18.6795,0.0,13.246826,3.0,76.403336,1008.4395,27.24,Overcast
2009-07-09 21:00:00+00:00,SAMSUN,55,27.8295,19.379501,0.0,15.021105,2.0,77.26197,1008.24445,27.12,Partly cloudy
2009-07-10 21:00:00+00:00,SAMSUN,55,28.2295,20.6795,0.0,16.520823,2.0,77.3684,1006.3476,26.0,Partly cloudy
2009-07-11 21:00:00+00:00,SAMSUN,55,29.4295,20.629501,0.2,14.773164,51.0,79.75304,1004.10205,25.19,Drizzle: Light
2009-07-12 21:00:00+00:00,SAMSUN,55,24.029501,21.379501,23.900002,16.548256,63.0,89.13984,1006.0454,9.22,Rain: Moderate
2009-07-13 21:00:00+00:00,SAMSUN,55,23.2295,20.529501,8.700001,14.81259,61.0,83.06736,1007.93384,9.29,Rain: Slight
2009-07-14 21:00:00+00:00,SAMSUN,55,23.9795,20.379501,17.2,19.803272,61.0,81.99856,1006.2421,14.92,Rain: Slight
2009-07-15 21:00:00+00:00,SAMSUN,55,25.2295,20.379501,20.4,11.384199,61.0,86.75172,1004.48627,16.17,Rain: Slight
2009-07-16 21:00:00+00:00,SAMSUN,55,25.6795,20.629501,3.7999997,9.726664,61.0,82.01581,1005.4497,20.87,Rain: Slight
2009-07-17 21:00:00+00:00,SAMSUN,55,25.529501,20.0795,7.5,8.854829,63.0,87.96937,1005.1674,19.25,Rain: Moderate
2009-07-18 21:00:00+00:00,SAMSUN,55,26.9295,20.4795,0.3,10.144082,51.0,83.02472,1006.9202,23.92,Drizzle: Light
2009-07-19 21:00:00+00:00,SAMSUN,55,28.029501,19.8295,5.2,13.18308,61.0,81.43913,1009.1691,24.14,Rain: Slight
2009-07-20 21:00:00+00:00,SAMSUN,55,25.0795,21.1795,2.4,25.12016,61.0,76.07743,1012.94086,20.08,Rain: Slight
2009-07-21 21:00:00+00:00,SAMSUN,55,25.029501,20.029501,1.0,16.862455,51.0,76.63441,1015.08234,14.82,Drizzle: Light
2009-07-22 21:00:00+00:00,SAMSUN,55,25.529501,19.4795,0.2,16.299694,51.0,79.0796,1014.35614,23.0,Drizzle: Light
2009-07-23 21:00:00+00:00,SAMSUN,55,26.7295,20.129501,0.0,17.238699,1.0,73.96427,1012.0087,25.44,Mainly clear
2009-07-24 21:00:00+00:00,SAMSUN,55,28.3295,20.779501,0.0,16.24394,1.0,72.915474,1010.5804,26.39,Mainly clear
2009-07-25 21:00:00+00:00,SAMSUN,55,29.1795,20.129501,0.0,12.959999,0.0,74.40626,1008.53687,27.39,Clear sky
2009-07-26 21:00:00+00:00,SAMSUN,55,24.779501,19.9795,5.3,25.277023,61.0,82.59872,1011.63556,17.71,Rain: Slight
2009-07-27 21:00:00+00:00,SAMSUN,55,24.0795,18.6795,2.3999999,15.158522,53.0,73.19253,1014.65485,23.12,Drizzle: Moderate
2009-07-28 21:00:00+00:00,SAMSUN,55,23.629501,16.279501,0.2,11.753877,51.0,75.59682,1014.0739,21.93,Drizzle: Light
2009-07-29 21:00:00+00:00,SAMSUN,55,23.9295,16.529501,0.0,11.090103,2.0,75.913704,1012.4646,22.17,Partly cloudy
2009-07-30 21:00:00+00:00,SAMSUN,55,24.4295,16.3795,0.0,11.384198,1.0,74.14472,1010.27606,22.74,Mainly clear
2009-07-31 21:00:00+00:00,SAMSUN,55,24.529501,17.4295,0.5,12.9249525,51.0,80.43429,1010.5398,20.91,Drizzle: Light
2009-08-01 21:00:00+00:00,SAMSUN,55,25.279501,18.129501,0.0,11.165805,3.0,80.92111,1012.37695,22.9,Overcast
2009-08-02 21:00:00+00:00,SAMSUN,55,25.879501,18.9795,0.6,12.413476,51.0,83.40326,1014.0064,21.79,Drizzle: Light
2009-08-03 21:00:00+00:00,SAMSUN,55,26.529501,18.379501,0.0,13.896187,3.0,81.46455,1012.51447,25.21,Overcast
2009-08-04 21:00:00+00:00,SAMSUN,55,27.4795,18.879501,0.0,13.53236,3.0,80.64058,1010.27246,26.3,Overcast
2009-08-05 21:00:00+00:00,SAMSUN,55,27.3295,18.7295,0.0,13.217443,3.0,81.922585,1007.0501,25.75,Overcast
2009-08-06 21:00:00+00:00,SAMSUN,55,26.379501,19.379501,1.1,17.654688,51.0,79.9044,1005.7446,19.56,Drizzle: Light
2009-08-07 21:00:00+00:00,SAMSUN,55,25.129501,21.4295,1.6,17.015474,53.0,70.44292,1008.2551,15.35,Drizzle: Moderate
2009-08-08 21:00:00+00:00,SAMSUN,55,23.4295,18.9295,0.70000005,14.759999,51.0,72.95976,1012.46606,16.63,Drizzle: Light
2009-08-09 21:00:00+00:00,SAMSUN,55,22.9795,17.6795,1.5000001,12.758432,53.0,60.46434,1015.4717,20.2,Drizzle: Moderate
2009-08-10 21:00:00+00:00,SAMSUN,55,21.9795,16.4295,0.2,12.7279215,51.0,62.913757,1014.6447,18.99,Drizzle: Light
2009-08-11 21:00:00+00:00,SAMSUN,55,22.879501,14.4795,0.0,15.124284,2.0,69.77324,1013.8094,21.59,Partly cloudy
2009-08-12 21:00:00+00:00,SAMSUN,55,23.6795,14.5295,0.0,14.654254,3.0,73.33637,1013.2173,24.27,Overcast
2009-08-13 21:00:00+00:00,SAMSUN,55,24.629501,14.379499,0.0,13.979872,2.0,74.53701,1014.1145,25.3,Partly cloudy
2009-08-14 21:00:00+00:00,SAMSUN,55,25.129501,15.7295,0.0,14.277983,3.0,76.48873,1014.39624,25.32,Overcast
2009-08-15 21:00:00+00:00,SAMSUN,55,25.279501,17.8295,1.0,16.263872,51.0,76.36779,1014.41486,16.79,Drizzle: Light
2009-08-16 21:00:00+00:00,SAMSUN,55,26.3295,19.8295,0.0,14.77755,1.0,76.62319,1010.7578,20.71,Mainly clear
2009-08-17 21:00:00+00:00,SAMSUN,55,27.5795,17.9295,0.0,18.0,2.0,75.53521,1010.2773,23.09,Partly cloudy
2009-08-18 21:00:00+00:00,SAMSUN,55,26.4795,18.2295,1.7000002,17.935081,51.0,81.18454,1014.209,18.39,Drizzle: Light
2009-08-19 21:00:00+00:00,SAMSUN,55,27.1795,20.279501,2.2,17.811815,55.0,76.75295,1016.7056,22.05,Drizzle: Dense
2009-08-20 21:00:00+00:00,SAMSUN,55,23.6795,18.8295,0.1,14.512064,51.0,69.56672,1017.12036,17.23,Drizzle: Light
2009-08-21 21:00:00+00:00,SAMSUN,55,23.029501,17.1795,0.4,13.324863,51.0,65.27366,1013.636,19.8,Drizzle: Light
2009-08-22 21:00:00+00:00,SAMSUN,55,24.1795,13.5295,0.0,15.315873,1.0,64.49088,1012.7059,22.63,Mainly clear
2009-08-23 21:00:00+00:00,SAMSUN,55,23.3295,18.779501,0.0,15.716793,2.0,71.50417,1011.899,17.1,Partly cloudy
2009-08-24 21:00:00+00:00,SAMSUN,55,24.2295,18.2295,0.0,15.137133,3.0,69.81901,1010.73834,16.12,Overcast
2009-08-25 21:00:00+00:00,SAMSUN,55,24.9795,19.2295,2.4,17.072504,51.0,75.69916,1014.9793,17.62,Drizzle: Light
2009-08-26 21:00:00+00:00,SAMSUN,55,23.9795,17.879501,0.1,13.708391,51.0,72.79397,1016.7412,20.75,Drizzle: Light
2009-08-27 21:00:00+00:00,SAMSUN,55,25.0795,14.7795,0.0,12.594856,1.0,70.22762,1013.9785,23.66,Mainly clear
2009-08-28 21:00:00+00:00,SAMSUN,55,25.1795,14.079499,0.0,12.879752,0.0,73.53427,1011.6795,23.71,Clear sky
2009-08-29 21:00:00+00:00,SAMSUN,55,25.529501,15.579499,0.0,12.599998,3.0,76.751854,1012.23065,22.99,Overcast
2009-08-30 21:00:00+00:00,SAMSUN,55,26.0795,15.7795,0.0,11.119281,2.0,75.69659,1014.0334,22.55,Partly cloudy
2009-08-31 21:00:00+00:00,SAMSUN,55,25.279501,16.8795,0.2,14.205182,51.0,78.130196,1014.107,18.67,Drizzle: Light
2009-09-01 21:00:00+00:00,SAMSUN,55,24.379501,17.9795,1.1,13.979871,51.0,81.5649,1012.9572,17.16,Drizzle: Light
2009-09-02 21:00:00+00:00,SAMSUN,55,21.529501,19.2295,0.9000001,10.041354,51.0,75.64864,1012.77716,9.46,Drizzle: Light
2009-09-03 21:00:00+00:00,SAMSUN,55,23.129501,19.879501,5.1999993,14.003028,51.0,85.58143,1013.257,11.88,Drizzle: Light
2009-09-04 21:00:00+00:00,SAMSUN,55,24.629501,19.5795,0.0,15.646544,3.0,83.918106,1012.3343,15.93,Overcast
2009-09-05 21:00:00+00:00,SAMSUN,55,23.379501,18.4795,0.9000001,13.392774,51.0,81.788506,1010.53705,15.75,Drizzle: Light
2009-09-06 21:00:00+00:00,SAMSUN,55,24.279501,16.5795,0.0,11.165805,2.0,77.726494,1008.29865,18.97,Partly cloudy
2009-09-07 21:00:00+00:00,SAMSUN,55,24.529501,16.5795,0.0,12.979984,3.0,81.63311,1008.6699,19.19,Overcast
2009-09-08 21:00:00+00:00,SAMSUN,55,25.5795,18.879501,0.1,11.923557,51.0,81.79615,1009.9572,18.3,Drizzle: Light
2009-09-09 21:00:00+00:00,SAMSUN,55,25.8295,19.4795,6.3000007,14.345898,61.0,81.575554,1011.3698,14.01,Rain: Slight
2009-09-10 21:00:00+00:00,SAMSUN,55,25.1795,18.129501,0.0,12.4811535,2.0,82.35049,1008.7884,16.61,Partly cloudy
2009-09-11 21:00:00+00:00,SAMSUN,55,25.279501,17.6795,3.1,12.096214,61.0,86.33311,1006.3304,16.86,Rain: Slight
2009-09-12 21:00:00+00:00,SAMSUN,55,27.3295,19.4795,7.4999995,9.793058,61.0,86.81036,1004.9705,15.5,Rain: Slight
2009-09-13 21:00:00+00:00,SAMSUN,55,24.9795,18.4795,0.5,16.595179,51.0,82.8151,1012.8569,15.14,Drizzle: Light
2009-09-14 21:00:00+00:00,SAMSUN,55,23.5795,18.029501,0.7,11.043261,51.0,84.37495,1015.80225,15.84,Drizzle: Light
2009-09-15 21:00:00+00:00,SAMSUN,55,21.779501,17.279501,3.8,11.885453,53.0,88.52381,1014.3475,14.7,Drizzle: Moderate
2009-09-16 21:00:00+00:00,SAMSUN,55,21.7295,15.7295,1.3000001,12.979984,51.0,82.512955,1013.3317,15.78,Drizzle: Light
2009-09-17 21:00:00+00:00,SAMSUN,55,22.029501,14.7295,0.0,11.019764,3.0,83.44224,1011.4251,15.14,Overcast
2009-09-18 21:00:00+00:00,SAMSUN,55,20.379501,15.579499,5.0,11.165805,61.0,88.80951,1010.1819,9.67,Rain: Slight
2009-09-19 21:00:00+00:00,SAMSUN,55,19.3295,16.1795,6.0,14.372974,63.0,84.22349,1010.7828,11.93,Rain: Moderate
2009-09-20 21:00:00+00:00,SAMSUN,55,19.5795,14.879499,6.0999994,6.9899354,53.0,79.159004,1012.5037,12.33,Drizzle: Moderate
2009-09-21 21:00:00+00:00,SAMSUN,55,19.279501,14.1795,12.3,18.998316,61.0,86.54651,1015.9163,6.87,Rain: Slight
2009-09-22 21:00:00+00:00,SAMSUN,55,19.879501,13.329499,3.3000002,23.363974,53.0,75.95336,1020.8462,10.34,Drizzle: Moderate
2009-09-23 21:00:00+00:00,SAMSUN,55,21.129501,11.9795,0.0,9.659814,1.0,73.20515,1021.1325,18.41,Mainly clear
2009-09-24 21:00:00+00:00,SAMSUN,55,21.779501,10.7295,0.0,10.390226,3.0,78.07102,1015.9988,18.37,Overcast
2009-09-25 21:00:00+00:00,SAMSUN,55,20.7295,12.4295,0.0,11.841756,2.0,84.05071,1017.5259,14.85,Partly cloudy
2009-09-26 21:00:00+00:00,SAMSUN,55,16.029501,12.9795,16.099998,19.559633,63.0,84.209785,1019.80023,7.48,Rain: Moderate
2009-09-27 21:00:00+00:00,SAMSUN,55,16.4795,12.579499,4.8999996,21.194187,53.0,73.67321,1019.41437,11.13,Drizzle: Moderate
2009-09-28 21:00:00+00:00,SAMSUN,55,20.029501,12.129499,0.0,11.720751,2.0,72.76391,1015.073,16.42,Partly cloudy
2009-09-29 21:00:00+00:00,SAMSUN,55,22.3295,11.0295,0.0,12.397806,2.0,78.35923,1011.72125,17.42,Partly cloudy
2009-09-30 21:00:00+00:00,SAMSUN,55,19.4295,14.129499,0.2,11.753876,51.0,85.38287,1017.52545,12.12,Drizzle: Light
2009-10-01 21:00:00+00:00,SAMSUN,55,25.9795,13.829499,0.0,14.007655,3.0,80.70757,1014.2399,16.82,Overcast
2009-10-02 21:00:00+00:00,SAMSUN,55,26.7295,14.379499,0.0,11.384198,3.0,78.48774,1012.2507,15.65,Overcast
2009-10-03 21:00:00+00:00,SAMSUN,55,24.9795,14.6795,0.0,8.699793,2.0,85.021355,1011.9301,15.9,Partly cloudy
2009-10-04 21:00:00+00:00,SAMSUN,55,22.7295,15.579499,0.4,12.496719,51.0,87.66101,1014.0603,13.49,Drizzle: Light
2009-10-05 21:00:00+00:00,SAMSUN,55,19.029501,14.629499,5.3,14.404499,53.0,90.0119,1018.33325,7.44,Drizzle: Moderate
2009-10-06 21:00:00+00:00,SAMSUN,55,18.2295,12.829499,0.0,14.799459,3.0,79.14016,1020.47943,12.93,Overcast
2009-10-07 21:00:00+00:00,SAMSUN,55,18.9295,10.879499,0.0,10.703569,2.0,77.21987,1018.28937,14.59,Partly cloudy
2009-10-08 21:00:00+00:00,SAMSUN,55,19.529501,10.129499,0.0,11.246759,2.0,80.9764,1015.9497,15.37,Partly cloudy
2009-10-09 21:00:00+00:00,SAMSUN,55,19.629501,13.2295,0.0,10.636766,3.0,86.11733,1017.1857,11.42,Overcast
2009-10-10 21:00:00+00:00,SAMSUN,55,22.629501,14.7795,0.0,10.1376915,3.0,84.14227,1014.4196,15.16,Overcast
2009-10-11 21:00:00+00:00,SAMSUN,55,25.9295,14.4795,0.0,13.479583,1.0,72.98604,1010.5922,15.61,Mainly clear
2009-10-12 21:00:00+00:00,SAMSUN,55,28.529501,15.7795,0.0,13.891522,2.0,63.198963,1005.6355,15.31,Partly cloudy
2009-10-13 21:00:00+00:00,SAMSUN,55,23.879501,17.9795,0.4,16.610792,51.0,67.014946,1008.1521,12.73,Drizzle: Light
2009-10-14 21:00:00+00:00,SAMSUN,55,17.779501,15.4295,3.8999999,13.358861,53.0,87.84143,1018.8396,4.17,Drizzle: Moderate
2009-10-15 21:00:00+00:00,SAMSUN,55,26.8295,15.1795,0.0,11.770403,2.0,77.87636,1015.0601,14.41,Partly cloudy
2009-10-16 21:00:00+00:00,SAMSUN,55,29.6795,16.1295,0.0,14.336861,2.0,66.297585,1012.61694,14.29,Partly cloudy
2009-10-17 21:00:00+00:00,SAMSUN,55,24.879501,16.4295,0.0,8.161764,3.0,82.03384,1012.3211,13.0,Overcast
2009-10-18 21:00:00+00:00,SAMSUN,55,24.029501,15.4295,0.0,8.287822,3.0,87.188225,1013.4636,13.19,Overcast
2009-10-19 21:00:00+00:00,SAMSUN,55,27.4295,16.279501,0.0,8.587338,3.0,80.08077,1012.1529,13.32,Overcast
2009-10-20 21:00:00+00:00,SAMSUN,55,21.5795,15.829499,0.0,13.004921,3.0,85.567726,1013.0635,11.67,Overcast
2009-10-21 21:00:00+00:00,SAMSUN,55,17.7295,15.1795,1.6999999,13.493999,51.0,86.11358,1018.75006,3.2,Drizzle: Light
2009-10-22 21:00:00+00:00,SAMSUN,55,20.879501,14.629499,0.0,11.874544,2.0,86.15424,1017.8274,12.54,Partly cloudy
2009-10-23 21:00:00+00:00,SAMSUN,55,25.1795,13.2795,0.0,9.107359,1.0,82.073296,1012.0332,13.09,Mainly clear
2009-10-24 21:00:00+00:00,SAMSUN,55,22.6795,13.4295,0.0,10.495713,3.0,88.64608,1012.8171,12.02,Overcast
2009-10-25 21:00:00+00:00,SAMSUN,55,19.6795,15.879499,0.0,11.019764,3.0,89.62113,1015.95416,9.35,Overcast
2009-10-26 21:00:00+00:00,SAMSUN,55,21.029501,15.829499,0.2,10.514218,51.0,89.02701,1011.69116,10.8,Drizzle: Light
2009-10-27 21:00:00+00:00,SAMSUN,55,17.3295,15.2795,24.9,13.281023,63.0,95.700096,1010.10034,3.84,Rain: Moderate
2009-10-28 21:00:00+00:00,SAMSUN,55,15.1795,13.129499,20.599993,12.144331,61.0,90.70428,1012.3179,1.75,Rain: Slight
2009-10-29 21:00:00+00:00,SAMSUN,55,13.379499,11.9795,30.0,16.870138,61.0,91.42083,1013.2653,2.14,Rain: Slight
2009-10-30 21:00:00+00:00,SAMSUN,55,12.7295,11.079499,8.8,14.291592,53.0,82.51292,1015.2338,3.01,Drizzle: Moderate
2009-10-31 21:00:00+00:00,SAMSUN,55,11.079499,9.329499,20.6,15.629971,61.0,84.48174,1010.9932,1.76,Rain: Slight
2009-11-01 21:00:00+00:00,SAMSUN,55,9.9295,8.2295,20.299997,19.813087,61.0,89.331856,1009.4797,2.52,Rain: Slight
2009-11-02 21:00:00+00:00,SAMSUN,55,11.579499,7.7795,3.6,12.313893,53.0,78.471565,1009.4804,7.65,Drizzle: Moderate
2009-11-03 21:00:00+00:00,SAMSUN,55,14.7295,7.5295,2.5,14.512064,51.0,74.14066,1005.4209,2.92,Drizzle: Light
2009-11-04 21:00:00+00:00,SAMSUN,55,19.379501,12.9295,0.3,15.141414,51.0,76.0507,1011.1337,10.03,Drizzle: Light
2009-11-05 21:00:00+00:00,SAMSUN,55,19.879501,10.379499,0.0,12.904882,3.0,81.19482,1018.23193,10.83,Overcast
2009-11-06 21:00:00+00:00,SAMSUN,55,21.279501,11.829499,0.0,11.4862,3.0,79.60058,1015.665,9.91,Overcast
2009-11-07 21:00:00+00:00,SAMSUN,55,22.379501,12.129499,0.0,13.363711,2.0,77.65462,1009.8989,11.14,Partly cloudy
2009-11-08 21:00:00+00:00,SAMSUN,55,24.379501,12.5295,0.0,16.79314,3.0,70.28102,1010.2586,10.82,Overcast
2009-11-09 21:00:00+00:00,SAMSUN,55,20.1795,10.629499,0.0,8.654986,3.0,87.07003,1011.76215,10.69,Overcast
2009-11-10 21:00:00+00:00,SAMSUN,55,22.4795,13.079499,0.0,16.904673,3.0,76.31446,1004.389,10.65,Overcast
2009-11-11 21:00:00+00:00,SAMSUN,55,18.379501,10.7795,1.7,9.83268,53.0,88.143616,1006.3142,9.27,Drizzle: Moderate
2009-11-12 21:00:00+00:00,SAMSUN,55,13.4795,11.379499,21.8,16.676977,61.0,88.52909,1013.4089,1.13,Rain: Slight
2009-11-13 21:00:00+00:00,SAMSUN,55,11.7795,9.5295,6.3999996,13.044722,53.0,82.33091,1020.8896,4.5,Drizzle: Moderate
2009-11-14 21:00:00+00:00,SAMSUN,55,13.079499,6.8295,0.70000005,6.830519,51.0,84.68068,1018.70856,8.11,Drizzle: Light
2009-11-15 21:00:00+00:00,SAMSUN,55,15.1795,6.4295,0.0,12.413477,3.0,78.438225,1014.6592,7.5,Overcast
2009-11-16 21:00:00+00:00,SAMSUN,55,12.2295,8.6795,5.9999995,16.299694,55.0,83.052345,1017.8428,6.21,Drizzle: Dense
2009-11-17 21:00:00+00:00,SAMSUN,55,11.379499,5.0295,1.6000001,13.281023,51.0,80.38753,1023.5537,6.11,Drizzle: Light
2009-11-18 21:00:00+00:00,SAMSUN,55,13.7295,4.2795,0.0,10.495713,3.0,78.999855,1022.6933,8.07,Overcast
2009-11-19 21:00:00+00:00,SAMSUN,55,11.9295,8.0295,12.0,14.917212,61.0,81.398994,1022.08075,1.84,Rain: Slight
2009-11-20 21:00:00+00:00,SAMSUN,55,12.329499,10.329499,12.6,18.720001,55.0,91.05771,1023.23737,1.12,Drizzle: Dense
2009-11-21 21:00:00+00:00,SAMSUN,55,15.4295,7.5795,0.1,9.290511,51.0,87.19449,1022.3991,8.12,Drizzle: Light
2009-11-22 21:00:00+00:00,SAMSUN,55,16.3795,7.4795003,0.0,13.608762,3.0,77.46982,1017.86914,9.45,Overcast
2009-11-23 21:00:00+00:00,SAMSUN,55,17.7295,8.4795,0.0,14.982228,3.0,74.36353,1015.00507,8.7,Overcast
2009-11-24 21:00:00+00:00,SAMSUN,55,14.379499,7.8795,0.3,8.311245,51.0,87.16186,1014.4892,6.15,Drizzle: Light
2009-11-25 21:00:00+00:00,SAMSUN,55,13.0295,7.3795,0.6,7.928178,51.0,86.5184,1020.3404,5.85,Drizzle: Light
2009-11-26 21:00:00+00:00,SAMSUN,55,15.7795,6.5795,0.0,12.55879,1.0,83.63296,1020.07294,9.04,Mainly clear
2009-11-27 21:00:00+00:00,SAMSUN,55,16.0795,7.4795003,0.0,15.575981,3.0,77.39782,1018.885,9.08,Overcast
2009-11-28 21:00:00+00:00,SAMSUN,55,15.829499,7.2795,1.2,15.986593,53.0,73.24291,1017.38947,8.03,Drizzle: Moderate
2009-11-29 21:00:00+00:00,SAMSUN,55,13.7295,6.4795003,0.2,10.948973,51.0,84.38983,1021.9577,4.63,Drizzle: Light
2009-11-30 21:00:00+00:00,SAMSUN,55,15.6795,6.3795,0.0,14.8257065,0.0,82.03112,1021.8921,8.9,Clear sky
2009-12-01 21:00:00+00:00,SAMSUN,55,16.2295,6.4795003,0.0,15.2947035,1.0,75.939125,1018.4904,9.07,Mainly clear
2009-12-02 21:00:00+00:00,SAMSUN,55,15.9795,7.1295,0.0,18.03237,3.0,64.42843,1010.16046,8.76,Overcast
2009-12-03 21:00:00+00:00,SAMSUN,55,14.9795,8.9295,0.5,15.575981,51.0,66.66091,1010.34344,5.95,Drizzle: Light
2009-12-04 21:00:00+00:00,SAMSUN,55,15.2795,7.7795,0.70000005,12.10157,51.0,82.532524,1011.7371,7.64,Drizzle: Light
2009-12-05 21:00:00+00:00,SAMSUN,55,13.7795,7.6795,0.3,9.449572,51.0,91.91436,1011.02435,6.27,Drizzle: Light
2009-12-06 21:00:00+00:00,SAMSUN,55,10.379499,8.5795,11.900002,14.277983,55.0,91.398705,1013.8125,1.13,Drizzle: Dense
2009-12-07 21:00:00+00:00,SAMSUN,55,11.629499,7.1295,0.5,8.913181,51.0,82.19459,1016.1319,6.65,Drizzle: Light
2009-12-08 21:00:00+00:00,SAMSUN,55,11.4795,2.8295,0.0,7.968939,1.0,86.94849,1015.45514,7.63,Mainly clear
2009-12-09 21:00:00+00:00,SAMSUN,55,11.579499,2.8295,0.0,9.114471,3.0,87.38995,1014.7964,7.67,Overcast
2009-12-10 21:00:00+00:00,SAMSUN,55,13.379499,5.2795,0.4,8.225035,51.0,85.29812,1008.36255,5.4,Drizzle: Light
2009-12-11 21:00:00+00:00,SAMSUN,55,16.029501,7.6295,0.3,11.966953,51.0,81.56413,1003.6267,5.62,Drizzle: Light
2009-12-12 21:00:00+00:00,SAMSUN,55,13.2795,6.4295,3.3000002,29.830078,53.0,85.6594,1001.8958,3.83,Drizzle: Moderate
2009-12-13 21:00:00+00:00,SAMSUN,55,9.0295,3.7795,1.1,22.881956,53.0,75.03536,1017.90186,5.84,Drizzle: Moderate
2009-12-14 21:00:00+00:00,SAMSUN,55,11.2295,1.8795,0.0,14.168641,3.0,73.016136,1016.55615,7.9,Overcast
2009-12-15 21:00:00+00:00,SAMSUN,55,14.629499,6.9295,0.0,19.353138,3.0,56.39529,1005.0982,6.66,Overcast
2009-12-16 21:00:00+00:00,SAMSUN,55,15.0295,8.5295,4.5,13.049689,55.0,75.9277,999.6115,6.92,Drizzle: Dense
2009-12-17 21:00:00+00:00,SAMSUN,55,14.879499,9.4295,2.9,13.75558,53.0,81.6091,1001.8505,6.07,Drizzle: Moderate
2009-12-18 21:00:00+00:00,SAMSUN,55,12.0295,7.6795,10.400001,14.973577,61.0,78.806015,1003.6491,3.71,Rain: Slight
2009-12-19 21:00:00+00:00,SAMSUN,55,16.8795,7.3795,0.3,25.925,51.0,68.1977,1007.1789,5.71,Drizzle: Light
2009-12-20 21:00:00+00:00,SAMSUN,55,16.3295,5.1795,16.800001,26.434887,73.0,71.53357,1010.9692,1.95,Snow fall: Moderate
2009-12-21 21:00:00+00:00,SAMSUN,55,8.2795,5.2295003,0.70000005,10.703569,71.0,82.06507,1024.3914,3.65,Snow fall: Slight
2009-12-22 21:00:00+00:00,SAMSUN,55,13.379499,4.7795,0.0,13.479583,3.0,75.830185,1019.4405,7.48,Overcast
2009-12-23 21:00:00+00:00,SAMSUN,55,15.5295,8.1795,0.0,14.186923,3.0,69.67575,1018.0119,4.24,Overcast
2009-12-24 21:00:00+00:00,SAMSUN,55,16.9795,7.5295,0.0,16.075521,3.0,73.18749,1015.69794,7.91,Overcast
2009-12-25 21:00:00+00:00,SAMSUN,55,13.5295,11.829499,3.9999998,14.386494,53.0,76.55028,1010.2624,1.21,Drizzle: Moderate
2009-12-26 21:00:00+00:00,SAMSUN,55,14.579499,8.6795,0.0,16.299694,3.0,86.43862,1011.06305,5.69,Overcast
2009-12-27 21:00:00+00:00,SAMSUN,55,19.879501,13.9295,0.2,24.20314,51.0,58.384007,1003.70355,4.44,Drizzle: Light
2009-12-28 21:00:00+00:00,SAMSUN,55,14.629499,6.1295,20.499998,15.575981,73.0,86.502655,1009.1153,0.68,Snow fall: Moderate
2009-12-29 21:00:00+00:00,SAMSUN,55,10.329499,4.1295,0.8,10.1887,51.0,76.33979,1014.4428,8.0,Drizzle: Light
2009-12-30 21:00:00+00:00,SAMSUN,55,12.079499,3.5295,0.0,20.991426,3.0,60.953754,1010.17847,8.32,Overcast
2009-12-31 21:00:00+00:00,SAMSUN,55,17.0795,9.0295,0.0,25.570139,3.0,47.628525,1002.09674,7.21,Overcast
2010-01-01 21:00:00+00:00,SAMSUN,55,19.1795,10.4795,2.8000002,24.962307,53.0,57.439472,997.3369,6.47,Drizzle: Moderate
2010-01-02 21:00:00+00:00,SAMSUN,55,10.579499,6.8795,6.4,10.296251,55.0,88.106415,1003.51666,5.29,Drizzle: Dense
2010-01-03 21:00:00+00:00,SAMSUN,55,7.8795,3.5795002,11.699999,16.485485,73.0,82.39532,1010.49725,2.85,Snow fall: Moderate
2010-01-04 21:00:00+00:00,SAMSUN,55,6.6295,-0.2705,0.0,9.346143,2.0,71.6312,1023.13214,7.73,Partly cloudy
2010-01-05 21:00:00+00:00,SAMSUN,55,11.9295,1.5295,0.0,15.484185,3.0,66.03099,1018.32837,7.08,Overcast
2010-01-06 21:00:00+00:00,SAMSUN,55,16.4795,8.2295,0.0,18.171976,3.0,62.325085,1015.9804,7.39,Overcast
2010-01-07 21:00:00+00:00,SAMSUN,55,16.1795,7.5795,0.0,14.05845,3.0,75.79498,1022.4161,8.28,Overcast
2010-01-08 21:00:00+00:00,SAMSUN,55,16.5795,6.8295,0.0,15.778516,3.0,73.673195,1019.9868,8.73,Overcast
2010-01-09 21:00:00+00:00,SAMSUN,55,16.9295,10.2295,0.0,17.782686,3.0,58.319027,1012.94403,6.08,Overcast
2010-01-10 21:00:00+00:00,SAMSUN,55,12.1795,5.9795003,3.6,18.193361,55.0,75.18379,1008.8968,4.33,Drizzle: Dense
2010-01-11 21:00:00+00:00,SAMSUN,55,13.0295,4.7795,0.0,12.55879,3.0,81.0281,1013.7386,7.44,Overcast
2010-01-12 21:00:00+00:00,SAMSUN,55,12.2795,5.3795,0.0,8.12197,3.0,82.15337,1008.074,5.41,Overcast
2010-01-13 21:00:00+00:00,SAMSUN,55,12.5295,7.4295,5.6000004,11.808878,55.0,86.34943,1008.1384,5.95,Drizzle: Dense
2010-01-14 21:00:00+00:00,SAMSUN,55,8.0295,6.1295,13.799999,10.805999,55.0,91.183815,1016.27905,1.38,Drizzle: Dense
2010-01-15 21:00:00+00:00,SAMSUN,55,7.2795,6.6295,7.700001,10.383987,53.0,91.18906,1023.5715,1.45,Drizzle: Moderate
2010-01-16 21:00:00+00:00,SAMSUN,55,8.629499,6.6295,8.100001,11.304229,53.0,91.66907,1024.1013,1.45,Drizzle: Moderate
2010-01-17 21:00:00+00:00,SAMSUN,55,11.4295,7.0295,1.7,8.14587,53.0,92.42693,1016.31854,5.5,Drizzle: Moderate
2010-01-18 21:00:00+00:00,SAMSUN,55,11.879499,7.9795003,7.200001,6.830519,55.0,93.28945,1006.1101,3.69,Drizzle: Dense
2010-01-19 21:00:00+00:00,SAMSUN,55,8.7295,6.3295,10.200001,12.620554,71.0,94.540825,1009.8715,2.01,Snow fall: Slight
2010-01-20 21:00:00+00:00,SAMSUN,55,7.9295,4.9795003,7.1,9.885262,73.0,89.98746,1014.90704,4.46,Snow fall: Moderate
2010-01-21 21:00:00+00:00,SAMSUN,55,8.8295,2.0795,0.1,13.324863,51.0,84.54204,1019.7514,8.3,Drizzle: Light
2010-01-22 21:00:00+00:00,SAMSUN,55,11.079499,5.5795,5.0999994,10.041354,55.0,87.37036,1009.7629,4.43,Drizzle: Dense
2010-01-23 21:00:00+00:00,SAMSUN,55,7.1295,1.7795,11.0,17.57744,73.0,88.62429,1016.67706,4.85,Snow fall: Moderate
2010-01-24 21:00:00+00:00,SAMSUN,55,1.3295001,-2.0205,10.499999,21.868332,73.0,86.908775,1022.9912,5.83,Snow fall: Moderate
2010-01-25 21:00:00+00:00,SAMSUN,55,-0.3704999,-2.5205,2.8000002,18.374111,71.0,77.80877,1033.7491,8.47,Snow fall: Slight
2010-01-26 21:00:00+00:00,SAMSUN,55,1.5795,-6.8205,0.0,12.682018,3.0,70.072205,1028.9021,11.26,Overcast
2010-01-27 21:00:00+00:00,SAMSUN,55,5.4295,0.029500067,0.2,13.276144,71.0,76.10484,1009.47186,4.45,Snow fall: Slight
2010-01-28 21:00:00+00:00,SAMSUN,55,11.1795,-0.07049996,0.2,19.839235,51.0,71.69985,1001.7095,9.21,Drizzle: Light
2010-01-29 21:00:00+00:00,SAMSUN,55,14.829499,1.5795,0.4,14.830076,51.0,73.207306,1005.5789,9.82,Drizzle: Light
2010-01-30 21:00:00+00:00,SAMSUN,55,17.3295,6.9295,0.0,15.778518,3.0,69.49776,1004.2133,11.17,Overcast
2010-01-31 21:00:00+00:00,SAMSUN,55,15.629499,6.4795003,0.0,15.778516,2.0,67.211464,1008.5463,11.35,Partly cloudy
2010-02-01 21:00:00+00:00,SAMSUN,55,11.0295,6.7795,0.1,15.2947035,51.0,79.796455,1007.72656,9.77,Drizzle: Light
2010-02-02 21:00:00+00:00,SAMSUN,55,9.9295,3.6795,11.9,19.33639,73.0,84.421196,1001.63184,2.74,Snow fall: Moderate
2010-02-03 21:00:00+00:00,SAMSUN,55,6.2295003,2.9795,0.0,20.61766,71.0,58.377014,1014.4321,8.58,Snow fall: Slight
2010-02-04 21:00:00+00:00,SAMSUN,55,5.1795,2.6795,5.3,25.49908,73.0,73.38909,1018.8635,3.63,Snow fall: Moderate
2010-02-05 21:00:00+00:00,SAMSUN,55,6.5795,2.7795,0.90000004,7.9526596,71.0,81.46621,1020.04376,5.71,Snow fall: Slight
2010-02-06 21:00:00+00:00,SAMSUN,55,11.6795,1.9295001,0.0,14.408997,3.0,66.09426,1014.45575,10.61,Overcast
2010-02-07 21:00:00+00:00,SAMSUN,55,12.329499,6.5295,0.0,21.38897,3.0,50.46642,1006.774,4.8,Overcast
2010-02-08 21:00:00+00:00,SAMSUN,55,13.9795,6.8295,4.0,20.991426,53.0,67.04539,1006.22186,9.69,Drizzle: Moderate
2010-02-09 21:00:00+00:00,SAMSUN,55,10.0295,6.3795,1.8000002,10.041354,51.0,92.715645,1014.3618,6.53,Drizzle: Light
2010-02-10 21:00:00+00:00,SAMSUN,55,13.079499,5.8295,1.8000001,14.759999,53.0,77.10522,1008.7769,4.65,Drizzle: Moderate
2010-02-11 21:00:00+00:00,SAMSUN,55,15.129499,8.879499,0.9,15.379206,53.0,72.45821,1009.97284,9.32,Drizzle: Moderate
2010-02-12 21:00:00+00:00,SAMSUN,55,18.4795,8.5795,0.0,20.431387,3.0,65.1367,1010.93317,11.29,Overcast
2010-02-13 21:00:00+00:00,SAMSUN,55,12.9795,7.0295,0.2,15.141414,51.0,78.8572,1013.15326,9.12,Drizzle: Light
2010-02-14 21:00:00+00:00,SAMSUN,55,21.6795,7.7795,0.5,20.418695,51.0,59.49359,1000.3166,8.88,Drizzle: Light
2010-02-15 21:00:00+00:00,SAMSUN,55,11.9795,5.6795,1.5000001,10.163227,51.0,88.43955,1012.5334,4.22,Drizzle: Light
2010-02-16 21:00:00+00:00,SAMSUN,55,13.829499,2.9795,2.2,7.5685663,55.0,88.522484,1011.2309,8.36,Drizzle: Dense
2010-02-17 21:00:00+00:00,SAMSUN,55,14.9795,5.4295,0.2,6.792466,51.0,89.581604,1007.07855,12.72,Drizzle: Light
2010-02-18 21:00:00+00:00,SAMSUN,55,12.4295,6.7795,5.2,9.0,53.0,92.59391,1008.9598,6.35,Drizzle: Moderate
2010-02-19 21:00:00+00:00,SAMSUN,55,20.4795,5.9295,0.0,27.055143,3.0,66.805275,1006.47516,12.69,Overcast
2010-02-20 21:00:00+00:00,SAMSUN,55,19.129501,10.629499,5.0,23.966375,61.0,63.72723,998.03345,6.9,Rain: Slight
2010-02-21 21:00:00+00:00,SAMSUN,55,10.629499,3.9795,6.4,21.437386,61.0,80.876396,1011.8189,10.37,Rain: Slight
2010-02-22 21:00:00+00:00,SAMSUN,55,9.9795,3.9795,0.0,8.905908,3.0,81.95713,1014.8423,9.36,Overcast
2010-02-23 21:00:00+00:00,SAMSUN,55,13.879499,2.6295002,0.0,10.144082,3.0,82.13975,1007.65204,13.6,Overcast
2010-02-24 21:00:00+00:00,SAMSUN,55,14.7295,4.8795,1.9000002,9.346143,53.0,85.90521,1002.4427,14.06,Drizzle: Moderate
2010-02-25 21:00:00+00:00,SAMSUN,55,13.879499,5.8295,1.1,9.826088,53.0,89.77375,1003.8572,13.46,Drizzle: Moderate
2010-02-26 21:00:00+00:00,SAMSUN,55,12.129499,7.3795,0.1,9.290511,51.0,91.65,1004.8589,10.98,Drizzle: Light
2010-02-27 21:00:00+00:00,SAMSUN,55,9.829499,5.9295,0.0,9.826088,3.0,92.438995,1007.99054,7.05,Overcast
2010-02-28 21:00:00+00:00,SAMSUN,55,11.5295,7.0295,0.0,9.6932955,3.0,86.36593,1014.278,10.56,Overcast
2010-03-01 21:00:00+00:00,SAMSUN,55,14.9295,6.8295,4.5,10.739832,55.0,82.51566,1008.53754,9.93,Drizzle: Dense
2010-03-02 21:00:00+00:00,SAMSUN,55,9.1795,5.3795,24.100002,27.0,63.0,91.48283,1009.897,3.23,Rain: Moderate
2010-03-03 21:00:00+00:00,SAMSUN,55,11.879499,2.5795,0.0,11.631956,3.0,70.7196,1016.6655,16.05,Overcast
2010-03-04 21:00:00+00:00,SAMSUN,55,17.129501,6.7795,5.0,16.09969,53.0,71.8379,1001.7991,13.51,Drizzle: Moderate
2010-03-05 21:00:00+00:00,SAMSUN,55,14.7795,6.2295003,14.7,22.805367,61.0,88.86533,1005.2924,11.85,Rain: Slight
2010-03-06 21:00:00+00:00,SAMSUN,55,8.379499,4.3795,7.099999,18.837322,73.0,80.73167,1019.4554,10.99,Snow fall: Moderate
2010-03-07 21:00:00+00:00,SAMSUN,55,7.0295,3.9795,5.1,14.113653,73.0,87.002594,1019.5181,5.4,Snow fall: Moderate
2010-03-08 21:00:00+00:00,SAMSUN,55,15.579499,4.4795,6.9,14.007655,63.0,86.735664,1004.9441,10.75,Rain: Moderate
2010-03-09 21:00:00+00:00,SAMSUN,55,9.7795,4.1795,8.799999,14.973577,71.0,87.06406,1022.415,5.59,Snow fall: Slight
2010-03-10 21:00:00+00:00,SAMSUN,55,10.5295,4.4295,1.2,12.864649,51.0,86.508934,1014.9746,8.54,Drizzle: Light
2010-03-11 21:00:00+00:00,SAMSUN,55,10.579499,6.7295003,0.5,10.805998,51.0,89.4657,1011.378,9.46,Drizzle: Light
2010-03-12 21:00:00+00:00,SAMSUN,55,10.079499,5.9795003,2.0000002,9.178235,51.0,90.20019,1013.3418,6.24,Drizzle: Light
2010-03-13 21:00:00+00:00,SAMSUN,55,7.3295,4.7295,5.4999995,10.086427,71.0,92.31821,1012.6534,3.52,Snow fall: Slight
2010-03-14 21:00:00+00:00,SAMSUN,55,6.0795,3.8295002,12.9,9.085988,73.0,88.74607,1009.33203,6.17,Snow fall: Moderate
2010-03-15 21:00:00+00:00,SAMSUN,55,9.9295,1.5295,1.6,28.075384,71.0,76.4459,1016.69434,13.5,Snow fall: Slight
2010-03-16 21:00:00+00:00,SAMSUN,55,11.9295,0.029500067,4.7,20.929596,73.0,75.95304,1022.0884,18.9,Snow fall: Moderate
2010-03-17 21:00:00+00:00,SAMSUN,55,5.0295,-0.57049996,6.2999997,13.237039,73.0,72.80634,1029.6984,15.63,Snow fall: Moderate
2010-03-18 21:00:00+00:00,SAMSUN,55,8.129499,-1.9204998,0.0,12.88981,0.0,67.85024,1032.2896,20.3,Clear sky
2010-03-19 21:00:00+00:00,SAMSUN,55,11.1795,-1.3204999,0.0,11.659777,1.0,74.19013,1029.8453,20.83,Mainly clear
2010-03-20 21:00:00+00:00,SAMSUN,55,16.8295,2.1795,0.0,13.891522,3.0,70.521904,1023.7759,20.57,Overcast
2010-03-21 21:00:00+00:00,SAMSUN,55,17.4795,5.8295,0.0,12.984975,3.0,70.027756,1018.5722,18.89,Overcast
2010-03-22 21:00:00+00:00,SAMSUN,55,14.629499,7.7295003,0.0,11.384198,3.0,79.8865,1019.648,19.53,Overcast
2010-03-23 21:00:00+00:00,SAMSUN,55,13.879499,6.7795,0.0,10.00256,3.0,86.85782,1015.3112,17.34,Overcast
2010-03-24 21:00:00+00:00,SAMSUN,55,12.329499,5.2795,0.0,14.77755,3.0,80.51705,1018.4638,19.53,Overcast
2010-03-25 21:00:00+00:00,SAMSUN,55,11.2295,5.6795,0.4,14.917212,51.0,81.77354,1019.83057,17.27,Drizzle: Light
2010-03-26 21:00:00+00:00,SAMSUN,55,11.7295,3.7295,0.0,10.636766,3.0,85.29832,1015.2317,20.23,Overcast
2010-03-27 21:00:00+00:00,SAMSUN,55,17.5795,3.9295,0.0,9.0,3.0,84.74954,1004.1951,21.06,Overcast
2010-03-28 21:00:00+00:00,SAMSUN,55,14.5295,8.2795,9.4,15.778516,63.0,83.07374,1006.04126,14.66,Rain: Moderate
2010-03-29 21:00:00+00:00,SAMSUN,55,11.4295,8.0795,6.2,11.252519,53.0,93.08642,1015.509,9.61,Drizzle: Moderate
2010-03-30 21:00:00+00:00,SAMSUN,55,15.9795,5.3795,0.6,11.177405,51.0,82.51302,1015.70605,18.78,Drizzle: Light
2010-03-31 21:00:00+00:00,SAMSUN,55,17.7295,9.329499,4.0000005,10.390226,53.0,78.20307,1011.4082,19.3,Drizzle: Moderate
2010-04-01 21:00:00+00:00,SAMSUN,55,15.879499,8.4295,2.1000001,10.383987,53.0,86.73562,1014.3032,16.77,Drizzle: Moderate
2010-04-02 21:00:00+00:00,SAMSUN,55,11.329499,8.629499,18.8,15.408671,61.0,92.42316,1014.79736,3.88,Rain: Slight
2010-04-03 21:00:00+00:00,SAMSUN,55,13.5295,4.8795,0.0,11.808878,3.0,84.38803,1023.22314,18.47,Overcast
2010-04-04 21:00:00+00:00,SAMSUN,55,14.1795,3.3295002,0.0,16.167967,3.0,81.23826,1023.37604,23.01,Overcast
2010-04-05 21:00:00+00:00,SAMSUN,55,15.879499,4.8795,0.0,10.966713,3.0,87.27725,1010.32623,21.55,Overcast
2010-04-06 21:00:00+00:00,SAMSUN,55,14.129499,6.5795,3.6000004,13.627795,53.0,89.53916,1004.2974,16.09,Drizzle: Moderate
2010-04-07 21:00:00+00:00,SAMSUN,55,12.4295,8.5295,10.200001,11.720751,61.0,89.807304,1010.3313,7.98,Rain: Slight
2010-04-08 21:00:00+00:00,SAMSUN,55,11.579499,7.5295,2.3999999,15.7908325,51.0,84.524666,1017.335,12.68,Drizzle: Light
2010-04-09 21:00:00+00:00,SAMSUN,55,11.129499,7.3295,0.1,12.387348,51.0,83.01203,1016.83746,13.65,Drizzle: Light
2010-04-10 21:00:00+00:00,SAMSUN,55,11.379499,5.5295,0.9,15.192682,53.0,84.05785,1012.6066,15.79,Drizzle: Moderate
2010-04-11 21:00:00+00:00,SAMSUN,55,8.9295,5.5795,29.000002,19.346441,73.0,89.31323,1009.99457,4.42,Snow fall: Moderate
2010-04-12 21:00:00+00:00,SAMSUN,55,12.079499,5.6795,0.0,15.03835,3.0,79.652885,1017.15375,17.68,Overcast
2010-04-13 21:00:00+00:00,SAMSUN,55,13.379499,6.6295,0.0,15.9134655,3.0,87.01941,1016.4423,19.56,Overcast
2010-04-14 21:00:00+00:00,SAMSUN,55,14.129499,7.8795,0.70000005,10.009036,51.0,88.41052,1016.16046,19.17,Drizzle: Light
2010-04-15 21:00:00+00:00,SAMSUN,55,20.5795,7.0295,0.0,9.983106,3.0,81.96164,1013.4204,23.77,Overcast
2010-04-16 21:00:00+00:00,SAMSUN,55,19.8295,10.6795,0.4,12.496719,51.0,83.95689,1012.35815,22.99,Drizzle: Light
2010-04-17 21:00:00+00:00,SAMSUN,55,12.7295,9.6795,2.9999998,9.0645685,51.0,95.30416,1020.4599,4.99,Drizzle: Light
2010-04-18 21:00:00+00:00,SAMSUN,55,16.3295,9.129499,0.0,12.979984,3.0,86.88007,1017.7304,23.0,Overcast
2010-04-19 21:00:00+00:00,SAMSUN,55,23.379501,8.9795,6.9,17.068707,63.0,81.19074,1005.8857,22.58,Rain: Moderate
2010-04-20 21:00:00+00:00,SAMSUN,55,14.379499,11.079499,31.6,10.390226,63.0,96.610535,1004.0947,5.57,Rain: Moderate
2010-04-21 21:00:00+00:00,SAMSUN,55,14.7795,8.5795,12.700001,7.5170207,61.0,83.57394,1012.17596,11.5,Rain: Slight
2010-04-22 21:00:00+00:00,SAMSUN,55,17.4295,6.9295,0.0,12.397806,1.0,73.44602,1019.5817,25.56,Mainly clear
2010-04-23 21:00:00+00:00,SAMSUN,55,16.8295,7.6795,0.0,12.096214,0.0,71.58264,1020.875,26.01,Clear sky
2010-04-24 21:00:00+00:00,SAMSUN,55,15.9795,5.5795,0.0,12.181624,3.0,83.73953,1018.89777,23.63,Overcast
2010-04-25 21:00:00+00:00,SAMSUN,55,15.629499,6.2795,0.0,15.226764,3.0,82.774826,1020.7244,25.35,Overcast
2010-04-26 21:00:00+00:00,SAMSUN,55,13.0295,9.379499,0.1,13.849476,51.0,83.940895,1020.7217,13.54,Drizzle: Light
2010-04-27 21:00:00+00:00,SAMSUN,55,14.2295,7.5795,0.0,13.1041975,3.0,79.27929,1017.59155,23.25,Overcast
2010-04-28 21:00:00+00:00,SAMSUN,55,14.579499,7.3295,0.0,14.84318,3.0,79.830925,1016.36957,15.63,Overcast
2010-04-29 21:00:00+00:00,SAMSUN,55,15.329499,6.3795,0.0,14.408997,2.0,78.12775,1015.3762,26.23,Partly cloudy
2010-04-30 21:00:00+00:00,SAMSUN,55,16.0795,5.5295,0.0,12.661564,0.0,77.008575,1014.0179,25.87,Clear sky
2010-05-01 21:00:00+00:00,SAMSUN,55,16.529501,6.9295,0.0,12.429127,1.0,81.72312,1013.5034,23.97,Mainly clear
2010-05-02 21:00:00+00:00,SAMSUN,55,18.279501,8.4295,0.0,14.561099,1.0,82.29497,1012.6364,26.29,Mainly clear
2010-05-03 21:00:00+00:00,SAMSUN,55,16.6295,10.829499,0.0,12.768586,2.0,82.53762,1013.11176,23.0,Partly cloudy
2010-05-04 21:00:00+00:00,SAMSUN,55,15.7795,10.7795,0.0,13.202726,3.0,86.96542,1013.73834,20.52,Overcast
2010-05-05 21:00:00+00:00,SAMSUN,55,17.129501,10.6795,0.0,13.217443,2.0,83.71502,1011.71124,23.93,Partly cloudy
2010-05-06 21:00:00+00:00,SAMSUN,55,19.9795,9.829499,0.0,10.799999,3.0,89.07434,1006.6157,25.65,Overcast
2010-05-07 21:00:00+00:00,SAMSUN,55,20.9295,12.4795,0.0,12.496719,3.0,83.27308,1008.0667,24.71,Overcast
2010-05-08 21:00:00+00:00,SAMSUN,55,19.8295,11.879499,0.5,9.565437,53.0,86.877686,1005.51074,23.16,Drizzle: Moderate
2010-05-09 21:00:00+00:00,SAMSUN,55,16.6795,13.0295,9.500001,9.346143,61.0,89.76551,1007.26636,12.5,Rain: Slight
2010-05-10 21:00:00+00:00,SAMSUN,55,18.529501,11.9295,0.0,10.233123,2.0,82.70993,1011.7087,20.74,Partly cloudy
2010-05-11 21:00:00+00:00,SAMSUN,55,20.029501,10.2795,0.0,12.074766,3.0,83.31318,1012.33966,24.39,Overcast
2010-05-12 21:00:00+00:00,SAMSUN,55,21.279501,10.7295,0.0,10.163227,1.0,85.492775,1010.4449,25.8,Mainly clear
2010-05-13 21:00:00+00:00,SAMSUN,55,22.9295,12.7295,2.0,9.793058,55.0,84.97886,1006.8982,18.75,Drizzle: Dense
2010-05-14 21:00:00+00:00,SAMSUN,55,23.2295,15.4795,0.0,11.631956,3.0,79.88809,1009.3557,25.44,Overcast
2010-05-15 21:00:00+00:00,SAMSUN,55,30.4295,15.629499,0.6,19.652176,53.0,63.884106,1004.5342,24.66,Drizzle: Moderate
2010-05-16 21:00:00+00:00,SAMSUN,55,21.029501,13.629499,0.0,11.592895,1.0,62.499798,1006.3676,26.9,Mainly clear
2010-05-17 21:00:00+00:00,SAMSUN,55,20.129501,14.5295,4.7999997,14.799459,61.0,77.69528,1006.01636,23.52,Rain: Slight
2010-05-18 21:00:00+00:00,SAMSUN,55,17.279501,12.379499,2.8000002,11.808878,53.0,86.26415,1011.7255,17.94,Drizzle: Moderate
2010-05-19 21:00:00+00:00,SAMSUN,55,18.029501,13.1795,1.8000001,14.84318,53.0,82.03231,1014.1539,19.42,Drizzle: Moderate
2010-05-20 21:00:00+00:00,SAMSUN,55,17.779501,12.9295,2.5,11.726277,53.0,82.98143,1013.0456,17.4,Drizzle: Moderate
2010-05-21 21:00:00+00:00,SAMSUN,55,18.0795,14.129499,7.8,11.119281,61.0,91.22622,1008.14404,15.82,Rain: Slight
2010-05-22 21:00:00+00:00,SAMSUN,55,19.129501,14.5295,19.7,15.7908325,63.0,89.490944,1005.7021,15.64,Rain: Moderate
2010-05-23 21:00:00+00:00,SAMSUN,55,19.379501,11.9795,3.0,8.14587,63.0,80.26035,1012.2613,21.9,Rain: Moderate
2010-05-24 21:00:00+00:00,SAMSUN,55,21.879501,11.579499,0.8,8.707237,51.0,82.73438,1013.14795,24.63,Drizzle: Light
2010-05-25 21:00:00+00:00,SAMSUN,55,22.379501,12.9795,0.0,10.44,3.0,80.50259,1013.5047,25.42,Overcast
2010-05-26 21:00:00+00:00,SAMSUN,55,24.8295,13.079499,0.0,10.97262,3.0,81.87146,1011.05365,26.85,Overcast
2010-05-27 21:00:00+00:00,SAMSUN,55,23.9295,14.9795,0.0,11.457958,3.0,79.96356,1010.4704,26.0,Overcast
2010-05-28 21:00:00+00:00,SAMSUN,55,24.279501,14.4795,0.0,12.783802,3.0,79.74353,1012.12726,28.36,Overcast
2010-05-29 21:00:00+00:00,SAMSUN,55,23.879501,15.7295,0.0,10.636766,3.0,76.22984,1012.3115,26.94,Overcast
2010-05-30 21:00:00+00:00,SAMSUN,55,25.1795,13.9295,0.0,10.383987,3.0,81.89047,1009.4499,26.2,Overcast
2010-05-31 21:00:00+00:00,SAMSUN,55,25.779501,18.129501,0.0,11.304229,3.0,82.693596,1007.65375,27.06,Overcast
2010-06-01 21:00:00+00:00,SAMSUN,55,29.2295,18.3295,5.0,24.144167,63.0,83.0737,1001.3934,24.45,Rain: Moderate
2010-06-02 21:00:00+00:00,SAMSUN,55,21.129501,17.529501,0.0,11.808878,3.0,87.572815,1008.23663,18.48,Overcast
2010-06-03 21:00:00+00:00,SAMSUN,55,22.0795,16.8795,0.0,12.181624,1.0,77.99077,1012.1026,24.08,Mainly clear
2010-06-04 21:00:00+00:00,SAMSUN,55,21.9795,17.7295,0.0,12.55879,3.0,79.49247,1012.72754,25.45,Overcast
2010-06-05 21:00:00+00:00,SAMSUN,55,23.4295,18.7295,0.0,13.324863,3.0,81.36349,1008.7852,18.77,Overcast
2010-06-06 21:00:00+00:00,SAMSUN,55,23.1795,18.879501,0.2,12.641076,51.0,87.79083,1003.57837,16.54,Drizzle: Light
2010-06-07 21:00:00+00:00,SAMSUN,55,22.279501,18.6795,12.900001,10.296251,63.0,88.07679,1005.813,17.72,Rain: Moderate
2010-06-08 21:00:00+00:00,SAMSUN,55,23.379501,17.9295,5.9,12.144331,61.0,90.09492,1008.61865,17.15,Rain: Slight
2010-06-09 21:00:00+00:00,SAMSUN,55,22.629501,17.0795,0.0,11.165805,3.0,86.91717,1009.63043,17.48,Overcast
2010-06-10 21:00:00+00:00,SAMSUN,55,24.3295,17.1795,0.1,9.686609,51.0,82.889,1009.7369,23.22,Drizzle: Light
2010-06-11 21:00:00+00:00,SAMSUN,55,24.879501,16.9795,0.0,11.885453,3.0,84.673744,1010.4693,22.39,Overcast
2010-06-12 21:00:00+00:00,SAMSUN,55,26.529501,18.4295,0.4,12.72283,51.0,90.0014,1009.7941,24.6,Drizzle: Light
2010-06-13 21:00:00+00:00,SAMSUN,55,26.279501,20.279501,0.0,14.33234,3.0,87.50488,1009.59814,23.76,Overcast
2010-06-14 21:00:00+00:00,SAMSUN,55,27.0795,19.7295,0.0,20.774214,2.0,73.433945,1009.26996,28.2,Partly cloudy
2010-06-15 21:00:00+00:00,SAMSUN,55,26.529501,21.5795,1.5000001,17.654688,53.0,73.51378,1010.2251,23.72,Drizzle: Moderate
2010-06-16 21:00:00+00:00,SAMSUN,55,26.529501,20.6795,0.0,14.561099,1.0,80.812584,1009.28204,24.14,Mainly clear
2010-06-17 21:00:00+00:00,SAMSUN,55,24.7295,19.2295,2.8000002,12.57426,53.0,87.25895,1008.4251,21.44,Drizzle: Moderate
2010-06-18 21:00:00+00:00,SAMSUN,55,24.5795,18.629501,0.0,13.779114,3.0,83.71212,1005.91797,20.32,Overcast
2010-06-19 21:00:00+00:00,SAMSUN,55,26.9795,18.4295,6.9000006,10.086427,63.0,85.976585,1004.0772,23.69,Rain: Moderate
2010-06-20 21:00:00+00:00,SAMSUN,55,28.5795,19.7295,3.2999997,10.495713,61.0,79.4624,1005.447,26.03,Rain: Slight
2010-06-21 21:00:00+00:00,SAMSUN,55,27.629501,18.129501,5.6,18.014393,61.0,84.45069,1001.8504,23.7,Rain: Slight
2010-06-22 21:00:00+00:00,SAMSUN,55,24.6795,19.029501,3.8000002,12.224107,61.0,85.191216,999.9407,21.29,Rain: Slight
2010-06-23 21:00:00+00:00,SAMSUN,55,22.1795,19.1795,10.3,16.75064,61.0,83.314514,1000.7051,9.71,Rain: Slight
2010-06-24 21:00:00+00:00,SAMSUN,55,23.6795,16.9295,11.700001,12.074766,63.0,84.506226,1004.24634,20.2,Rain: Moderate
2010-06-25 21:00:00+00:00,SAMSUN,55,20.8295,18.779501,15.599998,11.570515,61.0,91.17663,1006.9831,9.43,Rain: Slight
2010-06-26 21:00:00+00:00,SAMSUN,55,22.4795,17.6795,1.0,10.195057,51.0,84.87598,1009.9327,19.59,Drizzle: Light
2010-06-27 21:00:00+00:00,SAMSUN,55,22.779501,18.629501,5.8999996,10.97262,55.0,86.77102,1009.7366,18.46,Drizzle: Dense
2010-06-28 21:00:00+00:00,SAMSUN,55,22.879501,19.379501,4.6000004,10.829959,55.0,82.960205,1008.8936,18.1,Drizzle: Dense
2010-06-29 21:00:00+00:00,SAMSUN,55,24.7295,17.279501,0.2,12.096214,51.0,83.73435,1008.6323,25.02,Drizzle: Light
2010-06-30 21:00:00+00:00,SAMSUN,55,24.4795,18.029501,0.1,11.792404,51.0,81.846855,1007.8079,21.43,Drizzle: Light
2010-07-01 21:00:00+00:00,SAMSUN,55,25.279501,18.879501,1.2,9.585739,53.0,83.28573,1009.2268,22.71,Drizzle: Moderate
2010-07-02 21:00:00+00:00,SAMSUN,55,24.779501,18.879501,1.0,10.966713,51.0,84.235756,1010.5908,21.81,Drizzle: Light
2010-07-03 21:00:00+00:00,SAMSUN,55,25.529501,19.129501,0.0,12.819235,3.0,85.054085,1010.9702,24.13,Overcast
2010-07-04 21:00:00+00:00,SAMSUN,55,26.029501,18.5795,0.0,11.91812,1.0,82.74572,1009.2991,27.02,Mainly clear
2010-07-05 21:00:00+00:00,SAMSUN,55,25.4795,19.7295,0.0,12.984975,3.0,83.34426,1009.08105,21.83,Overcast
2010-07-06 21:00:00+00:00,SAMSUN,55,24.379501,19.8295,0.5,12.224107,51.0,83.474945,1010.4216,14.75,Drizzle: Light
2010-07-07 21:00:00+00:00,SAMSUN,55,24.6795,20.629501,1.4000001,15.077082,51.0,85.547325,1009.99164,12.08,Drizzle: Light
2010-07-08 21:00:00+00:00,SAMSUN,55,27.4795,21.279501,0.6,14.759999,51.0,81.51618,1007.4123,22.98,Drizzle: Light
2010-07-09 21:00:00+00:00,SAMSUN,55,25.029501,21.029501,1.4000001,12.074766,51.0,86.975975,1010.3425,13.86,Drizzle: Light
2010-07-10 21:00:00+00:00,SAMSUN,55,24.879501,21.379501,1.1000001,10.009036,51.0,85.09287,1012.38135,13.75,Drizzle: Light
2010-07-11 21:00:00+00:00,SAMSUN,55,25.279501,21.279501,3.2,13.237038,51.0,87.619934,1011.69574,14.78,Drizzle: Light
2010-07-12 21:00:00+00:00,SAMSUN,55,26.129501,21.9795,2.1000001,16.489416,51.0,87.9126,1007.97394,15.7,Drizzle: Light
2010-07-13 21:00:00+00:00,SAMSUN,55,25.379501,21.6795,6.3999996,14.081478,55.0,86.15567,1006.2519,15.77,Drizzle: Dense
2010-07-14 21:00:00+00:00,SAMSUN,55,25.279501,20.4795,3.6,15.175612,55.0,85.923454,1005.364,18.79,Drizzle: Dense
2010-07-15 21:00:00+00:00,SAMSUN,55,26.9295,21.6795,0.8,21.611996,51.0,79.19981,1008.3906,20.43,Drizzle: Light
2010-07-16 21:00:00+00:00,SAMSUN,55,27.779501,21.9795,0.0,18.998316,1.0,73.331894,1009.85065,25.69,Mainly clear
2010-07-17 21:00:00+00:00,SAMSUN,55,28.2295,21.379501,1.5000001,13.708391,53.0,78.66687,1008.99567,23.82,Drizzle: Moderate
2010-07-18 21:00:00+00:00,SAMSUN,55,27.779501,21.6795,0.0,11.165805,2.0,79.13682,1009.4017,24.2,Partly cloudy
2010-07-19 21:00:00+00:00,SAMSUN,55,27.529501,18.7295,0.0,12.181624,3.0,77.73603,1007.91455,27.78,Overcast
2010-07-20 21:00:00+00:00,SAMSUN,55,27.4295,19.4295,0.0,11.440979,1.0,79.32713,1006.8508,26.93,Mainly clear
2010-07-21 21:00:00+00:00,SAMSUN,55,27.779501,21.129501,0.8000001,17.902534,51.0,82.34049,1006.02783,21.18,Drizzle: Light
2010-07-22 21:00:00+00:00,SAMSUN,55,26.279501,22.529501,4.7,16.595179,61.0,83.91355,1005.2989,18.27,Rain: Slight
2010-07-23 21:00:00+00:00,SAMSUN,55,25.6795,21.529501,9.3,16.595179,63.0,82.272644,1004.08594,18.8,Rain: Moderate
2010-07-24 21:00:00+00:00,SAMSUN,55,28.2295,20.279501,0.0,11.792404,1.0,75.746635,1001.80145,27.08,Mainly clear
2010-07-25 21:00:00+00:00,SAMSUN,55,29.529501,19.2295,0.0,14.494192,1.0,80.610146,1002.8387,26.73,Mainly clear
2010-07-26 21:00:00+00:00,SAMSUN,55,28.9295,19.9295,0.0,12.015589,2.0,84.474335,1005.6585,26.4,Partly cloudy
2010-07-27 21:00:00+00:00,SAMSUN,55,27.2295,22.9795,0.70000005,16.215992,51.0,85.4423,1007.60614,16.8,Drizzle: Light
2010-07-28 21:00:00+00:00,SAMSUN,55,26.3295,21.9295,0.0,16.516901,3.0,77.78193,1009.86816,16.34,Overcast
2010-07-29 21:00:00+00:00,SAMSUN,55,27.0795,22.9795,1.9000001,11.384198,51.0,82.81743,1010.732,13.06,Drizzle: Light
2010-07-30 21:00:00+00:00,SAMSUN,55,28.9295,22.1795,0.0,12.72283,2.0,85.342926,1010.00903,24.33,Partly cloudy
2010-07-31 21:00:00+00:00,SAMSUN,55,30.1795,21.9295,0.0,10.587918,3.0,82.09913,1007.49225,26.71,Overcast
2010-08-01 21:00:00+00:00,SAMSUN,55,28.779501,23.029501,0.0,12.57426,3.0,85.43829,1008.0273,23.53,Overcast
2010-08-02 21:00:00+00:00,SAMSUN,55,28.3295,22.5795,0.0,13.217443,2.0,85.638054,1005.87054,18.22,Partly cloudy
2010-08-03 21:00:00+00:00,SAMSUN,55,29.4295,22.029501,0.0,14.20062,2.0,83.75822,1002.986,25.31,Partly cloudy
2010-08-04 21:00:00+00:00,SAMSUN,55,30.2295,21.1795,0.0,11.988594,3.0,83.75455,1003.30884,26.08,Overcast
2010-08-05 21:00:00+00:00,SAMSUN,55,30.5795,23.029501,0.0,11.298495,3.0,81.815796,1007.7725,25.35,Overcast
2010-08-06 21:00:00+00:00,SAMSUN,55,30.4795,22.9295,0.0,12.229406,3.0,82.74273,1008.83575,25.78,Overcast
2010-08-07 21:00:00+00:00,SAMSUN,55,31.0795,21.6795,0.0,12.397806,1.0,76.73666,1007.12885,26.07,Mainly clear
2010-08-08 21:00:00+00:00,SAMSUN,55,30.529501,21.3295,0.0,12.620554,1.0,78.82162,1005.35016,25.85,Mainly clear
2010-08-09 21:00:00+00:00,SAMSUN,55,31.129501,23.1795,0.0,11.525623,3.0,80.232574,1006.2385,24.69,Overcast
2010-08-10 21:00:00+00:00,SAMSUN,55,32.1795,22.0795,0.0,12.181624,3.0,74.55628,1008.0275,25.42,Overcast
2010-08-11 21:00:00+00:00,SAMSUN,55,30.879501,21.779501,0.0,11.753876,0.0,74.90682,1009.6849,25.08,Clear sky
2010-08-12 21:00:00+00:00,SAMSUN,55,30.629501,22.7295,0.0,14.003028,3.0,80.72691,1011.03033,24.21,Overcast
2010-08-13 21:00:00+00:00,SAMSUN,55,29.9795,22.4795,0.0,12.24,2.0,81.04229,1011.6939,23.66,Partly cloudy
2010-08-14 21:00:00+00:00,SAMSUN,55,31.129501,22.3295,0.1,15.683776,51.0,76.33295,1010.6499,23.98,Drizzle: Light
2010-08-15 21:00:00+00:00,SAMSUN,55,31.4295,24.879501,0.9,17.309973,51.0,75.5998,1009.6812,20.82,Drizzle: Light
2010-08-16 21:00:00+00:00,SAMSUN,55,31.029501,23.279501,0.0,18.58451,1.0,74.21813,1008.0776,23.37,Mainly clear
2010-08-17 21:00:00+00:00,SAMSUN,55,30.379501,22.1795,0.2,12.641076,51.0,79.47971,1005.5002,22.65,Drizzle: Light
2010-08-18 21:00:00+00:00,SAMSUN,55,29.6795,21.9295,0.0,12.43434,2.0,76.47828,1009.5332,23.61,Partly cloudy
2010-08-19 21:00:00+00:00,SAMSUN,55,28.779501,22.0795,0.0,15.978486,2.0,75.80391,1013.5101,21.21,Partly cloudy
2010-08-20 21:00:00+00:00,SAMSUN,55,26.7295,21.379501,0.5,16.09969,51.0,66.36114,1016.87396,19.16,Drizzle: Light
2010-08-21 21:00:00+00:00,SAMSUN,55,23.7295,19.9295,5.100001,16.1198,51.0,78.30979,1015.1269,15.27,Drizzle: Light
2010-08-22 21:00:00+00:00,SAMSUN,55,25.8295,18.379501,0.0,12.849528,2.0,70.746925,1011.5845,18.08,Partly cloudy
2010-08-23 21:00:00+00:00,SAMSUN,55,26.9795,19.2295,0.0,12.904882,2.0,74.66444,1009.7557,18.53,Partly cloudy
2010-08-24 21:00:00+00:00,SAMSUN,55,27.879501,19.0795,0.0,13.627795,2.0,78.37058,1008.56445,22.18,Partly cloudy
2010-08-25 21:00:00+00:00,SAMSUN,55,27.879501,20.5795,0.0,18.94024,1.0,75.088036,1009.4714,21.76,Mainly clear
2010-08-26 21:00:00+00:00,SAMSUN,55,26.5795,20.2295,1.1,11.269782,51.0,76.69351,1011.72345,16.85,Drizzle: Light
2010-08-27 21:00:00+00:00,SAMSUN,55,29.529501,17.529501,0.0,14.561099,2.0,75.95985,1006.84985,23.32,Partly cloudy
2010-08-28 21:00:00+00:00,SAMSUN,55,33.3795,19.7295,0.0,11.720751,0.0,76.84225,1003.4698,23.22,Clear sky
2010-08-29 21:00:00+00:00,SAMSUN,55,27.879501,21.379501,0.0,14.039999,2.0,79.68157,1007.35895,21.96,Partly cloudy
2010-08-30 21:00:00+00:00,SAMSUN,55,30.029501,21.3295,0.0,13.202726,1.0,78.630104,1001.64624,21.82,Mainly clear
2010-08-31 21:00:00+00:00,SAMSUN,55,28.5795,22.029501,0.7,17.477621,53.0,84.6171,998.3848,18.62,Drizzle: Moderate
2010-09-01 21:00:00+00:00,SAMSUN,55,21.879501,18.9295,5.7000003,25.77962,61.0,75.52926,1011.0952,9.0,Rain: Slight
2010-09-02 21:00:00+00:00,SAMSUN,55,23.0795,19.9295,1.3000001,12.074766,51.0,67.88367,1018.2732,8.1,Drizzle: Light
2010-09-03 21:00:00+00:00,SAMSUN,55,25.4295,18.5795,0.0,13.276144,2.0,69.25428,1014.08344,18.32,Partly cloudy
2010-09-04 21:00:00+00:00,SAMSUN,55,26.279501,16.7295,0.0,12.387348,3.0,79.44343,1010.46356,21.71,Overcast
2010-09-05 21:00:00+00:00,SAMSUN,55,24.6795,17.9295,0.0,13.608762,3.0,81.68523,1011.5288,14.49,Overcast
2010-09-06 21:00:00+00:00,SAMSUN,55,23.5795,18.8295,1.0,15.379206,51.0,79.122,1010.21564,11.28,Drizzle: Light
2010-09-07 21:00:00+00:00,SAMSUN,55,23.6795,18.7295,0.5,15.021105,51.0,78.73278,1015.53076,15.31,Drizzle: Light
2010-09-08 21:00:00+00:00,SAMSUN,55,24.529501,18.1795,0.0,16.485485,3.0,75.490265,1016.08154,16.12,Overcast
2010-09-09 21:00:00+00:00,SAMSUN,55,21.779501,18.279501,4.0,16.981165,53.0,81.11582,1014.77026,9.71,Drizzle: Moderate
2010-09-10 21:00:00+00:00,SAMSUN,55,22.9295,17.6795,0.1,11.043261,51.0,80.18044,1010.93,13.53,Drizzle: Light
2010-09-11 21:00:00+00:00,SAMSUN,55,25.629501,18.0795,0.0,13.849477,3.0,81.66679,1006.9301,19.43,Overcast
2010-09-12 21:00:00+00:00,SAMSUN,55,25.029501,19.779501,7.100001,17.673029,61.0,80.790565,1007.2767,14.3,Rain: Slight
2010-09-13 21:00:00+00:00,SAMSUN,55,23.629501,18.779501,1.4000001,17.713316,53.0,76.774605,1010.3549,14.28,Drizzle: Moderate
2010-09-14 21:00:00+00:00,SAMSUN,55,24.9795,18.0795,0.0,12.661564,3.0,78.97673,1012.6343,16.22,Overcast
2010-09-15 21:00:00+00:00,SAMSUN,55,24.6795,17.7295,0.0,14.81259,3.0,84.103645,1012.9986,17.06,Overcast
2010-09-16 21:00:00+00:00,SAMSUN,55,24.6795,17.129501,0.0,14.277983,2.0,84.73579,1011.6704,18.59,Partly cloudy
2010-09-17 21:00:00+00:00,SAMSUN,55,24.029501,17.1795,0.0,13.779114,3.0,85.46885,1013.31464,16.47,Overcast
2010-09-18 21:00:00+00:00,SAMSUN,55,24.129501,16.529501,0.0,13.0447235,3.0,81.656715,1012.5806,18.45,Overcast
2010-09-19 21:00:00+00:00,SAMSUN,55,26.4795,16.4295,0.0,11.966954,3.0,83.82677,1009.1865,18.71,Overcast
2010-09-20 21:00:00+00:00,SAMSUN,55,23.529501,19.129501,1.0,12.979984,51.0,89.16843,1012.854,11.04,Drizzle: Light
2010-09-21 21:00:00+00:00,SAMSUN,55,21.4295,18.4795,9.0,15.815435,61.0,84.893654,1016.3706,8.81,Rain: Slight
2010-09-22 21:00:00+00:00,SAMSUN,55,20.279501,17.7295,5.2,10.1376915,53.0,82.999,1018.4274,5.89,Drizzle: Moderate
2010-09-23 21:00:00+00:00,SAMSUN,55,22.379501,17.4795,0.0,14.759999,3.0,74.83232,1015.507,13.68,Overcast
2010-09-24 21:00:00+00:00,SAMSUN,55,25.9295,15.829499,0.0,9.885262,3.0,85.9808,1009.01495,16.04,Overcast
2010-09-25 21:00:00+00:00,SAMSUN,55,26.4795,19.1795,0.0,9.227524,3.0,86.91052,1010.4532,16.93,Overcast
2010-09-26 21:00:00+00:00,SAMSUN,55,29.1795,19.2295,0.0,10.163227,3.0,82.70936,1010.75366,16.67,Overcast
2010-09-27 21:00:00+00:00,SAMSUN,55,25.4295,18.6795,0.0,13.363711,2.0,78.69099,1012.0114,14.33,Partly cloudy
2010-09-28 21:00:00+00:00,SAMSUN,55,25.529501,17.029501,0.0,8.766573,3.0,76.479385,1009.668,15.07,Overcast
2010-09-29 21:00:00+00:00,SAMSUN,55,27.379501,17.279501,8.2,17.447933,61.0,77.62571,1005.9839,12.5,Rain: Slight
2010-09-30 21:00:00+00:00,SAMSUN,55,20.029501,16.9295,0.8,13.363711,51.0,78.411026,1013.6355,11.61,Drizzle: Light
2010-10-01 21:00:00+00:00,SAMSUN,55,17.0795,15.5295,11.099999,11.4862,53.0,90.40045,1015.21704,3.12,Drizzle: Moderate
2010-10-02 21:00:00+00:00,SAMSUN,55,16.6795,13.829499,19.100002,10.805999,61.0,87.59905,1015.86523,6.28,Rain: Slight
2010-10-03 21:00:00+00:00,SAMSUN,55,15.9295,13.2295,0.0,10.383987,3.0,78.0188,1019.8963,7.79,Overcast
2010-10-04 21:00:00+00:00,SAMSUN,55,16.529501,11.129499,0.6,14.417988,51.0,76.6337,1019.5949,11.58,Drizzle: Light
2010-10-05 21:00:00+00:00,SAMSUN,55,15.0295,12.0295,0.8,12.522619,51.0,80.21618,1019.0198,10.46,Drizzle: Light
2010-10-06 21:00:00+00:00,SAMSUN,55,13.4295,11.2295,15.8,10.00256,61.0,85.14707,1017.9892,3.33,Rain: Slight
2010-10-07 21:00:00+00:00,SAMSUN,55,12.7795,11.9295,32.6,13.004922,63.0,87.159294,1012.4764,1.67,Rain: Moderate
2010-10-08 21:00:00+00:00,SAMSUN,55,19.779501,11.629499,5.4,18.359999,61.0,67.8833,1008.9585,14.1,Rain: Slight
2010-10-09 21:00:00+00:00,SAMSUN,55,18.779501,10.379499,4.2,18.218275,61.0,71.937164,1010.61896,12.88,Rain: Slight
2010-10-10 21:00:00+00:00,SAMSUN,55,18.9795,9.2795,0.0,14.145756,3.0,71.826096,1012.1496,14.41,Overcast
2010-10-11 21:00:00+00:00,SAMSUN,55,17.5795,10.329499,0.0,9.659814,3.0,83.9849,1015.62695,12.52,Overcast
2010-10-12 21:00:00+00:00,SAMSUN,55,19.629501,11.7795,0.1,9.178235,51.0,82.703545,1011.8962,9.03,Drizzle: Light
2010-10-13 21:00:00+00:00,SAMSUN,55,16.779501,13.579499,12.499999,9.531505,61.0,93.4454,1009.5039,3.61,Rain: Slight
2010-10-14 21:00:00+00:00,SAMSUN,55,24.6795,14.1795,3.3999999,15.990646,61.0,85.490906,1002.84344,13.51,Rain: Slight
2010-10-15 21:00:00+00:00,SAMSUN,55,17.379501,13.7295,5.799999,10.829959,53.0,90.12579,1010.156,8.16,Drizzle: Moderate
2010-10-16 21:00:00+00:00,SAMSUN,55,19.7295,12.9295,4.8,6.6087217,53.0,92.51815,1011.97296,10.11,Drizzle: Moderate
2010-10-17 21:00:00+00:00,SAMSUN,55,21.2295,13.6795,0.0,10.8955765,3.0,92.21876,1014.0993,13.09,Overcast
2010-10-18 21:00:00+00:00,SAMSUN,55,26.4295,15.4295,0.0,15.646544,3.0,74.83604,1009.8899,10.35,Overcast
2010-10-19 21:00:00+00:00,SAMSUN,55,23.5795,16.7295,3.7,20.393293,55.0,71.50886,1010.096,5.09,Drizzle: Dense
2010-10-20 21:00:00+00:00,SAMSUN,55,24.1795,15.4295,0.0,12.181624,1.0,81.661674,1014.7016,13.67,Mainly clear
2010-10-21 21:00:00+00:00,SAMSUN,55,17.129501,13.379499,10.0,19.721298,61.0,90.93043,1023.3096,1.11,Rain: Slight
2010-10-22 21:00:00+00:00,SAMSUN,55,13.629499,11.129499,0.0,9.504272,3.0,75.0577,1022.1556,5.05,Overcast
2010-10-23 21:00:00+00:00,SAMSUN,55,15.829499,8.5795,0.0,8.534353,3.0,82.407036,1019.69214,12.18,Overcast
2010-10-24 21:00:00+00:00,SAMSUN,55,18.029501,9.2795,0.0,9.028754,3.0,88.57929,1016.4881,12.81,Overcast
2010-10-25 21:00:00+00:00,SAMSUN,55,21.0795,9.829499,0.0,12.72283,3.0,79.81305,1014.873,10.12,Overcast
2010-10-26 21:00:00+00:00,SAMSUN,55,19.879501,13.129499,0.4,11.119281,51.0,84.85763,1015.8955,11.15,Drizzle: Light
2010-10-27 21:00:00+00:00,SAMSUN,55,16.4295,12.879499,21.5,16.981165,63.0,94.572266,1013.15594,2.49,Rain: Moderate
2010-10-28 21:00:00+00:00,SAMSUN,55,12.7295,10.2295,25.299995,19.64228,63.0,88.08207,1011.05743,1.32,Rain: Moderate
2010-10-29 21:00:00+00:00,SAMSUN,55,12.129499,9.629499,1.1,19.602652,51.0,73.27325,1019.86957,5.13,Drizzle: Light
2010-10-30 21:00:00+00:00,SAMSUN,55,14.379499,5.7795,0.0,10.587918,2.0,77.33789,1024.4929,12.01,Partly cloudy
2010-10-31 21:00:00+00:00,SAMSUN,55,14.829499,5.9295,0.0,9.178235,3.0,82.46223,1022.62274,12.25,Overcast
2010-11-01 21:00:00+00:00,SAMSUN,55,16.0795,5.3295,0.0,9.3669195,1.0,81.520485,1021.07086,12.44,Mainly clear
2010-11-02 21:00:00+00:00,SAMSUN,55,18.8295,6.0795,0.0,11.91812,3.0,80.50135,1020.9681,12.35,Overcast
2010-11-03 21:00:00+00:00,SAMSUN,55,20.379501,8.9795,0.0,14.021525,3.0,71.47933,1023.5459,12.24,Overcast
2010-11-04 21:00:00+00:00,SAMSUN,55,20.279501,8.5795,0.0,10.00256,0.0,78.86804,1023.2686,11.78,Clear sky
2010-11-05 21:00:00+00:00,SAMSUN,55,20.879501,10.4295,0.0,13.479583,0.0,76.16222,1016.8305,11.6,Clear sky
2010-11-06 21:00:00+00:00,SAMSUN,55,20.8295,10.379499,0.0,15.696165,0.0,76.044876,1010.95844,11.56,Clear sky
2010-11-07 21:00:00+00:00,SAMSUN,55,21.629501,10.379499,0.0,14.88242,0.0,74.17489,1011.21387,11.28,Clear sky
2010-11-08 21:00:00+00:00,SAMSUN,55,22.8295,13.9295,0.0,21.370783,3.0,54.18271,1010.9538,11.08,Overcast
2010-11-09 21:00:00+00:00,SAMSUN,55,23.6795,15.4795,0.0,21.566973,2.0,48.06499,1014.12695,11.07,Partly cloudy
2010-11-10 21:00:00+00:00,SAMSUN,55,23.629501,12.7795,0.0,16.992609,0.0,60.781982,1015.678,10.95,Clear sky
2010-11-11 21:00:00+00:00,SAMSUN,55,22.529501,12.2295,0.0,16.489416,2.0,64.22798,1011.45264,10.97,Partly cloudy
2010-11-12 21:00:00+00:00,SAMSUN,55,20.779501,12.4295,0.0,15.575981,3.0,69.63476,1013.05316,8.72,Overcast
2010-11-13 21:00:00+00:00,SAMSUN,55,20.129501,10.879499,0.0,8.534353,3.0,82.2639,1018.13745,10.27,Overcast
2010-11-14 21:00:00+00:00,SAMSUN,55,22.5795,11.0295,0.0,15.077082,3.0,73.583115,1019.7087,10.25,Overcast
2010-11-15 21:00:00+00:00,SAMSUN,55,23.529501,12.9795,0.0,13.584932,2.0,75.23281,1015.9987,10.07,Partly cloudy
2010-11-16 21:00:00+00:00,SAMSUN,55,22.4295,12.9295,0.0,13.608762,3.0,75.752785,1013.3145,9.32,Overcast
2010-11-17 21:00:00+00:00,SAMSUN,55,23.6795,13.329499,0.0,15.379206,3.0,66.97957,1015.43866,9.82,Overcast
2010-11-18 21:00:00+00:00,SAMSUN,55,19.0795,12.0295,0.0,7.653705,3.0,80.582344,1022.0522,9.33,Overcast
2010-11-19 21:00:00+00:00,SAMSUN,55,17.279501,8.8295,0.0,7.24486,3.0,90.72272,1018.32635,9.33,Overcast
2010-11-20 21:00:00+00:00,SAMSUN,55,15.079499,10.0295,0.0,7.5942082,3.0,90.35549,1015.83496,6.14,Overcast
2010-11-21 21:00:00+00:00,SAMSUN,55,14.2295,10.629499,1.9000001,8.217153,53.0,91.62472,1015.7255,3.61,Drizzle: Moderate
2010-11-22 21:00:00+00:00,SAMSUN,55,18.3295,9.629499,0.0,16.09969,3.0,74.70067,1008.31104,9.22,Overcast
2010-11-23 21:00:00+00:00,SAMSUN,55,20.0795,13.9795,6.2,17.555307,61.0,63.15727,1004.9006,7.34,Rain: Slight
2010-11-24 21:00:00+00:00,SAMSUN,55,20.3295,12.6795,8.3,14.77755,55.0,81.75407,1008.7342,8.11,Drizzle: Dense
2010-11-25 21:00:00+00:00,SAMSUN,55,19.4295,10.9795,1.1,15.021105,51.0,84.00129,1010.843,6.61,Drizzle: Light
2010-11-26 21:00:00+00:00,SAMSUN,55,21.0795,14.7795,0.0,27.103003,3.0,52.879837,1009.9228,5.72,Overcast
2010-11-27 21:00:00+00:00,SAMSUN,55,17.7295,12.879499,0.0,15.1884165,3.0,79.75102,1016.5118,7.52,Overcast
2010-11-28 21:00:00+00:00,SAMSUN,55,21.4295,12.4795,0.0,19.486609,3.0,65.69057,1013.5813,4.65,Overcast
2010-11-29 21:00:00+00:00,SAMSUN,55,20.2295,12.579499,0.0,19.386593,3.0,63.665512,1011.73975,7.25,Overcast
2010-11-30 21:00:00+00:00,SAMSUN,55,21.629501,10.879499,0.1,14.480773,51.0,66.09981,1012.72534,8.18,Drizzle: Light
2010-12-01 21:00:00+00:00,SAMSUN,55,21.7295,14.329499,0.0,19.694992,3.0,54.93076,1014.16046,7.16,Overcast
2010-12-02 21:00:00+00:00,SAMSUN,55,20.7295,14.4795,0.0,16.79314,3.0,67.67566,1018.6885,4.73,Overcast
2010-12-03 21:00:00+00:00,SAMSUN,55,22.8295,14.4795,0.0,17.974781,3.0,69.07142,1013.77856,8.15,Overcast
2010-12-04 21:00:00+00:00,SAMSUN,55,20.629501,12.329499,1.0,18.58451,53.0,68.43485,1009.583,7.98,Drizzle: Moderate
2010-12-05 21:00:00+00:00,SAMSUN,55,11.579499,9.4295,3.2,17.555307,53.0,83.821144,1017.2486,1.63,Drizzle: Moderate
2010-12-06 21:00:00+00:00,SAMSUN,55,13.829499,8.629499,0.2,8.669949,51.0,84.58544,1016.67706,6.62,Drizzle: Light
2010-12-07 21:00:00+00:00,SAMSUN,55,16.029501,7.5295,0.0,12.538134,0.0,83.33022,1016.37036,8.19,Clear sky
2010-12-08 21:00:00+00:00,SAMSUN,55,17.6795,7.7795,0.0,13.979872,1.0,75.764595,1010.8383,8.02,Mainly clear
2010-12-09 21:00:00+00:00,SAMSUN,55,17.879501,7.4795003,6.2,22.226902,73.0,64.02328,1000.0755,6.54,Snow fall: Moderate
2010-12-10 21:00:00+00:00,SAMSUN,55,6.9795003,4.7295,49.7,15.408671,75.0,91.47226,997.2447,0.68,Snow fall: Heavy
2010-12-11 21:00:00+00:00,SAMSUN,55,6.7295003,4.4795,17.9,17.581125,73.0,89.56669,998.74335,2.19,Snow fall: Moderate
2010-12-12 21:00:00+00:00,SAMSUN,55,7.4295,4.3295,4.6,13.1041975,73.0,80.52715,1008.6861,5.15,Snow fall: Moderate
2010-12-13 21:00:00+00:00,SAMSUN,55,11.4295,4.2295,3.6999998,13.5515,53.0,79.19155,1006.7171,5.42,Drizzle: Moderate
2010-12-14 21:00:00+00:00,SAMSUN,55,9.2295,7.8295,9.400001,8.287822,55.0,91.90756,1012.773,1.74,Drizzle: Dense
2010-12-15 21:00:00+00:00,SAMSUN,55,11.9795,7.6295,6.5000005,11.928989,55.0,88.036255,1010.0799,5.38,Drizzle: Dense
2010-12-16 21:00:00+00:00,SAMSUN,55,15.829499,8.9295,0.0,35.90086,3.0,61.964558,999.48285,6.29,Overcast
2010-12-17 21:00:00+00:00,SAMSUN,55,9.2295,6.8295,13.100001,20.188908,61.0,90.283165,1009.76666,3.71,Rain: Slight
2010-12-18 21:00:00+00:00,SAMSUN,55,15.4295,6.0795,0.0,26.787966,2.0,69.86197,1014.5755,7.92,Partly cloudy
2010-12-19 21:00:00+00:00,SAMSUN,55,15.0295,6.9295,0.3,12.4811535,51.0,82.89978,1021.2527,7.47,Drizzle: Light
2010-12-20 21:00:00+00:00,SAMSUN,55,17.9295,9.6795,0.0,16.981165,3.0,68.24645,1020.3184,7.68,Overcast
2010-12-21 21:00:00+00:00,SAMSUN,55,17.379501,8.5795,0.0,15.077082,0.0,78.43902,1020.9782,7.8,Clear sky
2010-12-22 21:00:00+00:00,SAMSUN,55,16.7295,8.0795,0.0,13.70839,0.0,80.60699,1017.3003,7.97,Clear sky
2010-12-23 21:00:00+00:00,SAMSUN,55,15.579499,7.3795,0.0,16.78156,0.0,75.80051,1015.2625,8.01,Clear sky
2010-12-24 21:00:00+00:00,SAMSUN,55,16.5795,8.1795,0.0,20.456745,3.0,59.5369,1012.0906,7.6,Overcast
2010-12-25 21:00:00+00:00,SAMSUN,55,16.529501,8.879499,0.0,18.875126,3.0,61.61,1012.9267,4.76,Overcast
2010-12-26 21:00:00+00:00,SAMSUN,55,17.529501,7.9795003,0.0,15.379206,3.0,76.313614,1014.8204,6.24,Overcast
2010-12-27 21:00:00+00:00,SAMSUN,55,17.5795,8.2295,0.0,10.24578,3.0,81.25079,1011.9454,4.44,Overcast
2010-12-28 21:00:00+00:00,SAMSUN,55,9.579499,7.5795,4.1,12.144331,51.0,92.121666,1017.2976,2.82,Drizzle: Light
2010-12-29 21:00:00+00:00,SAMSUN,55,8.7295,7.0295,12.699999,13.70839,53.0,91.120575,1018.76733,1.23,Drizzle: Moderate
2010-12-30 21:00:00+00:00,SAMSUN,55,7.2795,4.5295,22.7,14.145756,73.0,90.50704,1020.44434,1.81,Snow fall: Moderate
2010-12-31 21:00:00+00:00,SAMSUN,55,8.4795,2.1795,0.5,9.6932955,51.0,82.76945,1018.89526,7.23,Drizzle: Light
2011-01-01 21:00:00+00:00,SAMSUN,55,10.829499,1.7295,0.0,15.1884165,3.0,73.713806,1015.8416,8.68,Overcast
2011-01-02 21:00:00+00:00,SAMSUN,55,12.9295,3.7295,0.0,12.979984,3.0,72.06884,1012.0223,7.24,Overcast
2011-01-03 21:00:00+00:00,SAMSUN,55,10.5295,6.2295003,7.5,15.463246,71.0,83.381935,1012.18823,2.79,Snow fall: Slight
2011-01-04 21:00:00+00:00,SAMSUN,55,5.9795003,3.8295002,13.6,13.493999,73.0,89.05353,1022.08136,2.06,Snow fall: Moderate
2011-01-05 21:00:00+00:00,SAMSUN,55,7.0295,4.3795,4.6000004,8.707237,71.0,85.08828,1023.0703,3.28,Snow fall: Slight
2011-01-06 21:00:00+00:00,SAMSUN,55,5.6295,4.0295,12.600002,15.844089,73.0,87.577446,1025.8145,1.84,Snow fall: Moderate
2011-01-07 21:00:00+00:00,SAMSUN,55,5.0795,2.7795,0.90000004,11.609651,71.0,80.55186,1026.6677,3.29,Snow fall: Slight
2011-01-08 21:00:00+00:00,SAMSUN,55,7.7295003,-0.020499945,0.0,9.793059,3.0,80.66634,1024.5796,8.77,Overcast
2011-01-09 21:00:00+00:00,SAMSUN,55,8.379499,-0.42049998,0.0,6.4096174,1.0,78.361916,1025.1322,8.94,Mainly clear
2011-01-10 21:00:00+00:00,SAMSUN,55,9.7295,-0.6204999,0.0,10.086427,1.0,77.84084,1024.1923,9.26,Mainly clear
2011-01-11 21:00:00+00:00,SAMSUN,55,10.4295,1.5295,0.0,14.372974,3.0,72.73704,1019.5459,9.3,Overcast
2011-01-12 21:00:00+00:00,SAMSUN,55,11.5295,2.5795,0.0,14.386494,2.0,68.03887,1015.9092,9.23,Partly cloudy
2011-01-13 21:00:00+00:00,SAMSUN,55,11.2295,2.6795,0.0,13.18308,3.0,75.87963,1013.6524,8.59,Overcast
2011-01-14 21:00:00+00:00,SAMSUN,55,8.3295,4.6295,3.0,7.10031,51.0,91.314354,1016.18915,2.93,Drizzle: Light
2011-01-15 21:00:00+00:00,SAMSUN,55,12.079499,2.3295,0.0,11.435313,3.0,85.01524,1017.3699,9.28,Overcast
2011-01-16 21:00:00+00:00,SAMSUN,55,8.4295,4.0295,2.8000002,7.968939,51.0,90.64431,1022.61115,1.92,Drizzle: Light
2011-01-17 21:00:00+00:00,SAMSUN,55,7.3295,5.8795,2.1,7.2,51.0,89.814766,1023.2764,2.83,Drizzle: Light
2011-01-18 21:00:00+00:00,SAMSUN,55,8.4795,4.2795,0.0,6.28713,3.0,86.01575,1021.1301,5.22,Overcast
2011-01-19 21:00:00+00:00,SAMSUN,55,10.2795,0.5295,0.0,8.049845,3.0,88.03952,1018.1196,9.08,Overcast
2011-01-20 21:00:00+00:00,SAMSUN,55,11.629499,2.0295,0.0,9.504272,3.0,85.47538,1019.4788,9.53,Overcast
2011-01-21 21:00:00+00:00,SAMSUN,55,12.7795,2.0295,0.0,11.808878,3.0,79.39997,1017.51196,8.62,Overcast
2011-01-22 21:00:00+00:00,SAMSUN,55,16.1295,5.7295003,0.1,16.434305,51.0,65.92872,1013.5594,9.54,Drizzle: Light
2011-01-23 21:00:00+00:00,SAMSUN,55,12.7795,7.1795,4.2000003,16.58346,53.0,80.65284,1012.0984,6.52,Drizzle: Moderate
2011-01-24 21:00:00+00:00,SAMSUN,55,12.4795,6.5295,15.4,14.021525,73.0,89.838936,1006.73517,5.93,Snow fall: Moderate
2011-01-25 21:00:00+00:00,SAMSUN,55,7.0795,3.2295,26.399998,11.212135,73.0,94.028435,1010.0479,2.92,Snow fall: Moderate
2011-01-26 21:00:00+00:00,SAMSUN,55,7.6795,2.9795,4.2000003,10.144082,71.0,85.87933,1015.70435,7.15,Snow fall: Slight
2011-01-27 21:00:00+00:00,SAMSUN,55,8.1795,0.7795,0.0,10.308831,3.0,82.16312,1020.10016,9.39,Overcast
2011-01-28 21:00:00+00:00,SAMSUN,55,6.3795,2.4795,6.0,18.581022,73.0,84.9216,1013.9842,3.41,Snow fall: Moderate
2011-01-29 21:00:00+00:00,SAMSUN,55,5.0795,2.7295,7.1999974,16.65754,71.0,86.186226,1013.14966,6.25,Snow fall: Slight
2011-01-30 21:00:00+00:00,SAMSUN,55,5.1295,1.6295,5.999999,17.884428,73.0,80.9295,1014.0793,7.98,Snow fall: Moderate
2011-01-31 21:00:00+00:00,SAMSUN,55,3.0295,-0.22049993,3.3,16.039202,71.0,83.514824,1018.45465,9.05,Snow fall: Slight
2011-02-01 21:00:00+00:00,SAMSUN,55,6.2295003,-0.3704999,0.0,13.004921,3.0,73.122765,1019.52264,7.75,Overcast
2011-02-02 21:00:00+00:00,SAMSUN,55,8.0795,1.1795001,0.0,11.592894,3.0,67.90518,1019.6944,10.23,Overcast
2011-02-03 21:00:00+00:00,SAMSUN,55,6.0295,1.4295001,1.8000001,15.141414,73.0,82.70539,1020.5373,7.89,Snow fall: Moderate
2011-02-04 21:00:00+00:00,SAMSUN,55,9.329499,0.32950002,0.0,15.990646,3.0,78.02392,1021.73834,12.01,Overcast
2011-02-05 21:00:00+00:00,SAMSUN,55,12.9295,3.3295002,0.0,19.734436,3.0,59.12729,1017.503,10.86,Overcast
2011-02-06 21:00:00+00:00,SAMSUN,55,10.9295,4.8295,0.0,10.195057,3.0,76.12127,1018.9803,5.74,Overcast
2011-02-07 21:00:00+00:00,SAMSUN,55,12.079499,4.4795,0.0,7.7043357,3.0,82.54825,1018.3782,8.66,Overcast
2011-02-08 21:00:00+00:00,SAMSUN,55,14.629499,4.1795,0.0,18.0,2.0,77.84141,1011.6496,12.5,Partly cloudy
2011-02-09 21:00:00+00:00,SAMSUN,55,7.5795,2.9295,1.8000002,18.709612,71.0,75.92661,1015.51636,9.85,Snow fall: Slight
2011-02-10 21:00:00+00:00,SAMSUN,55,4.5295,1.2795,2.5000002,16.92383,71.0,78.23154,1019.27344,9.63,Snow fall: Slight
2011-02-11 21:00:00+00:00,SAMSUN,55,13.1795,1.2795,0.0,25.683926,3.0,50.570328,1008.6758,12.99,Overcast
2011-02-12 21:00:00+00:00,SAMSUN,55,9.379499,1.9295001,1.2,17.072504,73.0,69.07247,1013.9672,7.25,Snow fall: Moderate
2011-02-13 21:00:00+00:00,SAMSUN,55,6.3295,1.1795001,0.4,10.636766,71.0,79.6225,1013.8506,9.05,Snow fall: Slight
2011-02-14 21:00:00+00:00,SAMSUN,55,3.6295002,0.97950006,9.900002,11.966953,73.0,88.73343,1009.8367,4.55,Snow fall: Moderate
2011-02-15 21:00:00+00:00,SAMSUN,55,2.2795,-1.2205,2.8,10.495713,73.0,84.48143,1016.65015,9.73,Snow fall: Moderate
2011-02-16 21:00:00+00:00,SAMSUN,55,4.8295,-1.8704998,0.0,11.019764,3.0,81.26617,1018.519,10.76,Overcast
2011-02-17 21:00:00+00:00,SAMSUN,55,10.2295,0.62950003,1.8,10.137692,71.0,85.97666,1016.51514,12.19,Snow fall: Slight
2011-02-18 21:00:00+00:00,SAMSUN,55,10.1795,3.1295002,2.9,8.891344,53.0,89.24636,1004.9891,5.97,Drizzle: Moderate
2011-02-19 21:00:00+00:00,SAMSUN,55,7.6795,3.5295,8.6,15.2947035,73.0,94.37731,1002.42035,1.83,Snow fall: Moderate
2011-02-20 21:00:00+00:00,SAMSUN,55,5.3795,1.6795001,0.3,15.0038395,71.0,80.423164,1014.15753,7.77,Snow fall: Slight
2011-02-21 21:00:00+00:00,SAMSUN,55,10.829499,2.3295,0.2,9.885262,51.0,85.79409,1013.38885,11.97,Drizzle: Light
2011-02-22 21:00:00+00:00,SAMSUN,55,14.2795,5.6295,0.8000001,12.55879,51.0,85.34332,1010.5556,9.42,Drizzle: Light
2011-02-23 21:00:00+00:00,SAMSUN,55,13.4795,4.6795,2.1000001,9.957108,55.0,91.620445,1012.5816,13.13,Drizzle: Dense
2011-02-24 21:00:00+00:00,SAMSUN,55,10.879499,5.2795,0.1,12.538134,51.0,92.869896,1010.9722,11.49,Drizzle: Light
2011-02-25 21:00:00+00:00,SAMSUN,55,7.8295,5.3295,10.6,24.798225,71.0,92.573814,1009.6242,2.57,Snow fall: Slight
2011-02-26 21:00:00+00:00,SAMSUN,55,7.4295,4.5795,1.4000001,13.363711,71.0,83.69103,1015.5749,7.3,Snow fall: Slight
2011-02-27 21:00:00+00:00,SAMSUN,55,7.7295003,5.1295,0.2,12.879752,51.0,84.81046,1017.97363,5.62,Drizzle: Light
2011-02-28 21:00:00+00:00,SAMSUN,55,8.129499,5.4795003,0.0,11.720751,3.0,87.14685,1023.37665,6.99,Overcast
2011-03-01 21:00:00+00:00,SAMSUN,55,6.5295,3.2795,6.4,11.298495,73.0,89.4035,1027.0992,5.31,Snow fall: Moderate
2011-03-02 21:00:00+00:00,SAMSUN,55,5.3795,2.0795,2.4999998,11.808878,73.0,81.10088,1030.0681,8.99,Snow fall: Moderate
2011-03-03 21:00:00+00:00,SAMSUN,55,4.7795,1.5795,0.0,8.913181,71.0,77.786125,1027.7527,8.43,Snow fall: Slight
2011-03-04 21:00:00+00:00,SAMSUN,55,8.2795,-0.07049996,0.0,11.570515,0.0,71.562874,1021.64886,17.51,Clear sky
2011-03-05 21:00:00+00:00,SAMSUN,55,11.6795,1.8295,4.7,13.392774,73.0,79.169334,1007.47894,10.1,Snow fall: Moderate
2011-03-06 21:00:00+00:00,SAMSUN,55,3.7795,1.9295001,23.199997,18.709612,75.0,89.54791,1013.84247,4.91,Snow fall: Heavy
2011-03-07 21:00:00+00:00,SAMSUN,55,2.8295,1.2795,6.899999,16.179985,73.0,81.23159,1017.76636,6.18,Snow fall: Moderate
2011-03-08 21:00:00+00:00,SAMSUN,55,3.9295,0.42950004,7.0999994,11.983188,73.0,89.66162,1008.89264,7.55,Snow fall: Moderate
2011-03-09 21:00:00+00:00,SAMSUN,55,6.2295003,1.0795001,3.3,11.298495,71.0,85.696205,1009.7202,12.12,Snow fall: Slight
2011-03-10 21:00:00+00:00,SAMSUN,55,5.5795,2.3295,0.4,13.004922,71.0,81.96602,1018.1639,11.23,Snow fall: Slight
2011-03-11 21:00:00+00:00,SAMSUN,55,8.0295,1.9295001,0.0,11.269782,3.0,81.993126,1024.6879,11.82,Overcast
2011-03-12 21:00:00+00:00,SAMSUN,55,10.829499,1.4795,0.0,11.246759,3.0,80.496254,1028.549,18.5,Overcast
2011-03-13 21:00:00+00:00,SAMSUN,55,13.629499,0.67950004,0.0,10.829959,3.0,81.82653,1026.307,19.22,Overcast
2011-03-14 21:00:00+00:00,SAMSUN,55,17.4795,2.5795,0.0,14.57889,2.0,74.28394,1023.7739,19.37,Partly cloudy
2011-03-15 21:00:00+00:00,SAMSUN,55,18.779501,5.9795003,0.0,14.689588,3.0,70.8161,1021.5076,18.18,Overcast
2011-03-16 21:00:00+00:00,SAMSUN,55,15.879499,6.1295,0.0,10.990322,3.0,79.59865,1017.94574,18.39,Overcast
2011-03-17 21:00:00+00:00,SAMSUN,55,14.9295,7.1795,6.1,6.792466,61.0,87.63668,1014.3728,9.02,Rain: Slight
2011-03-18 21:00:00+00:00,SAMSUN,55,12.1795,8.6795,7.4,8.350138,53.0,93.956474,1013.15015,9.15,Drizzle: Moderate
2011-03-19 21:00:00+00:00,SAMSUN,55,9.629499,7.5295,2.5,11.019764,53.0,96.45355,1016.86847,5.71,Drizzle: Moderate
2011-03-20 21:00:00+00:00,SAMSUN,55,7.3795,5.2295003,25.300001,19.486609,71.0,92.18549,1015.88995,2.33,Snow fall: Slight
2011-03-21 21:00:00+00:00,SAMSUN,55,6.1295,3.9795,8.300001,28.167557,71.0,85.059715,1021.9615,4.89,Snow fall: Slight
2011-03-22 21:00:00+00:00,SAMSUN,55,6.8795,3.0795002,3.2999997,20.380579,71.0,78.22935,1022.8182,9.72,Snow fall: Slight
2011-03-23 21:00:00+00:00,SAMSUN,55,9.379499,0.5295,0.0,9.47012,3.0,80.09538,1020.19965,13.51,Overcast
2011-03-24 21:00:00+00:00,SAMSUN,55,13.9295,3.4295,0.0,13.979872,3.0,77.20716,1020.0961,15.44,Overcast
2011-03-25 21:00:00+00:00,SAMSUN,55,20.2295,5.7795,0.0,18.440998,1.0,62.9901,1015.44745,21.58,Mainly clear
2011-03-26 21:00:00+00:00,SAMSUN,55,17.529501,6.4295,0.0,12.181624,3.0,67.83512,1015.017,19.05,Overcast
2011-03-27 21:00:00+00:00,SAMSUN,55,12.2295,6.3795,0.0,11.246759,3.0,84.13633,1017.62866,18.63,Overcast
2011-03-28 21:00:00+00:00,SAMSUN,55,14.9295,5.6795,0.6,8.4042845,53.0,89.55951,1016.57,18.82,Drizzle: Moderate
2011-03-29 21:00:00+00:00,SAMSUN,55,15.879499,6.9295,5.7000003,11.879999,55.0,89.49172,1016.08325,18.17,Drizzle: Dense
2011-03-30 21:00:00+00:00,SAMSUN,55,14.1795,8.7295,1.7,12.031756,53.0,91.683876,1018.87335,15.51,Drizzle: Moderate
2011-03-31 21:00:00+00:00,SAMSUN,55,10.9295,8.4295,0.0,10.1887,3.0,93.81045,1020.7507,8.8,Overcast
2011-04-01 21:00:00+00:00,SAMSUN,55,13.0295,8.129499,1.4000001,9.693296,51.0,92.41515,1012.9428,12.26,Drizzle: Light
2011-04-02 21:00:00+00:00,SAMSUN,55,15.2295,8.2295,0.0,11.269782,3.0,88.86558,1007.87134,20.25,Overcast
2011-04-03 21:00:00+00:00,SAMSUN,55,11.879499,9.079499,8.1,11.631956,61.0,90.71458,1008.3193,6.3,Rain: Slight
2011-04-04 21:00:00+00:00,SAMSUN,55,10.4795,7.1795,1.0,9.0645685,51.0,90.9775,1011.3953,4.0,Drizzle: Light
2011-04-05 21:00:00+00:00,SAMSUN,55,10.4295,7.7795,2.8999994,6.830519,51.0,89.76071,1014.5373,6.87,Drizzle: Light
2011-04-06 21:00:00+00:00,SAMSUN,55,11.7295,6.8795,0.6,6.9527545,51.0,85.04012,1015.3135,10.95,Drizzle: Light
2011-04-07 21:00:00+00:00,SAMSUN,55,20.029501,6.7295003,10.1,20.633371,63.0,72.33506,1004.2947,17.88,Rain: Moderate
2011-04-08 21:00:00+00:00,SAMSUN,55,18.779501,5.6795,6.0,16.75064,63.0,77.129295,1002.9453,19.22,Rain: Moderate
2011-04-09 21:00:00+00:00,SAMSUN,55,10.7795,4.8795,15.999999,20.771093,75.0,85.607185,1005.34766,11.33,Snow fall: Heavy
2011-04-10 21:00:00+00:00,SAMSUN,55,9.579499,3.5795002,4.3999996,13.551501,71.0,83.69288,1008.7597,17.61,Snow fall: Slight
2011-04-11 21:00:00+00:00,SAMSUN,55,8.5795,2.9795,2.6999998,16.343367,71.0,81.79234,1010.35205,19.35,Snow fall: Slight
2011-04-12 21:00:00+00:00,SAMSUN,55,14.329499,2.1795,0.2,13.779114,71.0,75.88012,1011.96704,19.43,Snow fall: Slight
2011-04-13 21:00:00+00:00,SAMSUN,55,21.4295,8.9795,0.0,18.782204,3.0,54.51296,1005.1399,22.99,Overcast
2011-04-14 21:00:00+00:00,SAMSUN,55,13.4295,7.7295003,1.8000001,12.641076,51.0,84.84606,1009.8831,15.39,Drizzle: Light
2011-04-15 21:00:00+00:00,SAMSUN,55,12.879499,6.7795,0.8,14.336861,51.0,86.802605,1015.4057,16.76,Drizzle: Light
2011-04-16 21:00:00+00:00,SAMSUN,55,8.7295,6.0795,1.9000001,8.854829,51.0,84.40921,1021.00995,9.77,Drizzle: Light
2011-04-17 21:00:00+00:00,SAMSUN,55,9.1795,5.4795003,5.2000003,13.493999,55.0,90.16522,1015.8799,8.55,Drizzle: Dense
2011-04-18 21:00:00+00:00,SAMSUN,55,13.1795,6.8295,2.1,11.013882,53.0,91.743004,1004.4297,14.91,Drizzle: Moderate
2011-04-19 21:00:00+00:00,SAMSUN,55,11.1795,7.9795003,2.1,11.709688,53.0,89.330536,1006.61664,14.04,Drizzle: Moderate
2011-04-20 21:00:00+00:00,SAMSUN,55,9.379499,5.8295,3.1,21.370783,51.0,80.20443,1019.2961,14.44,Drizzle: Light
2011-04-21 21:00:00+00:00,SAMSUN,55,10.379499,3.1795,0.0,15.745627,3.0,77.76599,1017.1779,20.6,Overcast
2011-04-22 21:00:00+00:00,SAMSUN,55,11.079499,4.4295,0.1,13.202726,51.0,83.22817,1013.7764,10.72,Drizzle: Light
2011-04-23 21:00:00+00:00,SAMSUN,55,11.0295,6.8795,1.0,13.363711,51.0,85.64185,1017.10333,11.61,Drizzle: Light
2011-04-24 21:00:00+00:00,SAMSUN,55,11.129499,5.3295,0.0,12.181625,3.0,86.72696,1017.7036,11.86,Overcast
2011-04-25 21:00:00+00:00,SAMSUN,55,13.0295,6.0795,0.0,11.019764,3.0,83.5324,1015.8155,20.2,Overcast
2011-04-26 21:00:00+00:00,SAMSUN,55,15.629499,5.2295003,0.0,12.72283,3.0,88.26966,1013.4712,24.25,Overcast
2011-04-27 21:00:00+00:00,SAMSUN,55,16.4295,8.6795,4.7999997,10.636766,61.0,90.91349,1007.3154,19.94,Rain: Slight
2011-04-28 21:00:00+00:00,SAMSUN,55,12.4295,9.879499,7.899999,8.557102,61.0,94.54949,1004.8367,5.15,Rain: Slight
2011-04-29 21:00:00+00:00,SAMSUN,55,14.7295,7.1795,0.0,13.551501,3.0,89.86987,1006.8923,21.45,Overcast
2011-04-30 21:00:00+00:00,SAMSUN,55,16.3795,8.629499,0.0,12.074766,3.0,87.99231,1009.341,21.56,Overcast
2011-05-01 21:00:00+00:00,SAMSUN,55,18.9295,8.8295,7.2000003,6.9899354,61.0,88.658516,1006.91583,19.02,Rain: Slight
2011-05-02 21:00:00+00:00,SAMSUN,55,19.379501,9.579499,3.1,9.422101,55.0,87.78882,1007.71185,21.5,Drizzle: Dense
2011-05-03 21:00:00+00:00,SAMSUN,55,21.5795,11.2295,20.2,13.397612,63.0,85.90464,1002.3376,23.29,Rain: Moderate
2011-05-04 21:00:00+00:00,SAMSUN,55,15.4795,12.879499,24.200003,8.311245,63.0,94.47934,1006.9379,7.39,Rain: Moderate
2011-05-05 21:00:00+00:00,SAMSUN,55,13.9795,9.4295,1.7000002,17.462782,51.0,87.81671,1015.5275,9.84,Drizzle: Light
2011-05-06 21:00:00+00:00,SAMSUN,55,11.079499,7.3295,3.0,18.971008,51.0,73.44619,1021.33307,10.52,Drizzle: Light
2011-05-07 21:00:00+00:00,SAMSUN,55,13.879499,4.1795,0.0,14.658676,2.0,79.10692,1016.9226,26.72,Partly cloudy
2011-05-08 21:00:00+00:00,SAMSUN,55,13.9795,6.3295,0.8000001,16.135872,51.0,86.31483,1016.7513,21.35,Drizzle: Light
2011-05-09 21:00:00+00:00,SAMSUN,55,12.2795,8.379499,3.1999998,13.1041975,53.0,85.32079,1017.3758,12.16,Drizzle: Moderate
2011-05-10 21:00:00+00:00,SAMSUN,55,13.7795,7.3295,0.2,17.555307,51.0,87.17523,1012.8724,18.7,Drizzle: Light
2011-05-11 21:00:00+00:00,SAMSUN,55,14.579499,9.129499,2.3,15.530151,53.0,85.0888,1007.7331,15.68,Drizzle: Moderate
2011-05-12 21:00:00+00:00,SAMSUN,55,15.129499,9.9295,1.8000001,10.315115,51.0,87.32168,1008.9316,15.54,Drizzle: Light
2011-05-13 21:00:00+00:00,SAMSUN,55,15.4295,11.9795,4.6,11.885453,53.0,91.173164,1012.1467,13.78,Drizzle: Moderate
2011-05-14 21:00:00+00:00,SAMSUN,55,17.8295,11.379499,1.7,8.225035,55.0,85.84109,1014.4854,19.09,Drizzle: Dense
2011-05-15 21:00:00+00:00,SAMSUN,55,20.029501,9.9295,0.0,13.450708,1.0,84.73709,1015.4187,26.73,Mainly clear
2011-05-16 21:00:00+00:00,SAMSUN,55,20.0795,10.629499,0.0,10.009036,3.0,86.3328,1015.91754,26.48,Overcast
2011-05-17 21:00:00+00:00,SAMSUN,55,20.5795,12.579499,0.0,11.808878,3.0,83.725914,1015.53345,26.6,Overcast
2011-05-18 21:00:00+00:00,SAMSUN,55,20.8295,12.079499,0.0,9.726665,3.0,76.587776,1011.82153,19.45,Overcast
2011-05-19 21:00:00+00:00,SAMSUN,55,18.8295,14.079499,5.7000003,9.227524,53.0,88.18961,1012.22144,17.55,Drizzle: Moderate
2011-05-20 21:00:00+00:00,SAMSUN,55,17.029501,14.129499,10.3,7.4128532,61.0,93.33487,1011.50073,12.94,Rain: Slight
2011-05-21 21:00:00+00:00,SAMSUN,55,17.3295,13.879499,5.9999995,11.304229,53.0,92.686646,1013.8982,11.2,Drizzle: Moderate
2011-05-22 21:00:00+00:00,SAMSUN,55,19.379501,13.6795,1.3000001,14.113653,53.0,86.8179,1016.6999,18.82,Drizzle: Moderate
2011-05-23 21:00:00+00:00,SAMSUN,55,20.879501,12.7295,0.0,10.883676,2.0,83.16175,1017.23065,26.83,Partly cloudy
2011-05-24 21:00:00+00:00,SAMSUN,55,19.8295,12.0295,0.0,10.30883,3.0,89.55764,1014.84454,24.12,Overcast
2011-05-25 21:00:00+00:00,SAMSUN,55,19.9795,14.4795,0.1,11.874544,51.0,89.207146,1015.3381,22.0,Drizzle: Light
2011-05-26 21:00:00+00:00,SAMSUN,55,18.9295,15.129499,0.4,11.966954,51.0,87.30514,1015.74835,17.36,Drizzle: Light
2011-05-27 21:00:00+00:00,SAMSUN,55,18.9795,13.7295,0.8,11.298495,51.0,87.95904,1010.4851,18.17,Drizzle: Light
2011-05-28 21:00:00+00:00,SAMSUN,55,20.5795,13.9795,1.9000001,11.019764,53.0,90.51925,1008.77057,21.9,Drizzle: Moderate
2011-05-29 21:00:00+00:00,SAMSUN,55,21.1795,15.4795,0.3,11.720751,51.0,89.47878,1012.8421,17.66,Drizzle: Light
2011-05-30 21:00:00+00:00,SAMSUN,55,22.379501,16.5795,0.0,12.768586,3.0,87.34869,1013.053,20.78,Overcast
2011-05-31 21:00:00+00:00,SAMSUN,55,21.2295,16.9295,2.4,12.7279215,55.0,89.06605,1011.89526,15.83,Drizzle: Dense
2011-06-01 21:00:00+00:00,SAMSUN,55,20.529501,16.6795,6.899999,13.698934,61.0,88.99786,1010.7532,12.26,Rain: Slight
2011-06-02 21:00:00+00:00,SAMSUN,55,22.2295,17.629501,11.1,9.47012,61.0,87.07966,1011.77637,15.61,Rain: Slight
2011-06-03 21:00:00+00:00,SAMSUN,55,20.5795,17.2295,5.9,13.207634,61.0,89.385895,1012.0983,14.57,Rain: Slight
2011-06-04 21:00:00+00:00,SAMSUN,55,23.4795,14.879499,0.0,11.435313,3.0,81.410515,1011.40106,27.27,Overcast
2011-06-05 21:00:00+00:00,SAMSUN,55,21.5795,14.4295,0.0,12.9249525,1.0,83.76469,1012.3483,23.84,Mainly clear
2011-06-06 21:00:00+00:00,SAMSUN,55,22.3295,13.7795,0.0,10.233123,3.0,84.686905,1012.68866,28.18,Overcast
2011-06-07 21:00:00+00:00,SAMSUN,55,22.9295,14.4295,0.0,10.739832,3.0,84.16205,1012.16974,28.49,Overcast
2011-06-08 21:00:00+00:00,SAMSUN,55,25.879501,15.5295,0.0,9.793059,3.0,85.00463,1007.28876,28.41,Overcast
2011-06-09 21:00:00+00:00,SAMSUN,55,26.8295,17.9795,9.0,15.328561,63.0,81.648544,1001.93604,25.31,Rain: Moderate
2011-06-10 21:00:00+00:00,SAMSUN,55,21.779501,17.9795,10.700001,6.8399997,63.0,86.0902,1001.4378,13.96,Rain: Moderate
2011-06-11 21:00:00+00:00,SAMSUN,55,22.9295,16.4795,8.099999,7.9932976,61.0,85.334435,1004.11523,18.36,Rain: Slight
2011-06-12 21:00:00+00:00,SAMSUN,55,21.529501,16.1295,0.8,12.964998,53.0,85.57922,1006.4646,20.68,Drizzle: Moderate
2011-06-13 21:00:00+00:00,SAMSUN,55,21.6795,15.579499,0.1,10.137692,51.0,83.51837,1008.80975,19.29,Drizzle: Light
2011-06-14 21:00:00+00:00,SAMSUN,55,22.879501,15.579499,1.3000001,13.891522,53.0,83.14257,1012.7341,24.56,Drizzle: Moderate
2011-06-15 21:00:00+00:00,SAMSUN,55,23.029501,16.1295,0.0,14.654254,3.0,85.94849,1013.3609,23.62,Overcast
2011-06-16 21:00:00+00:00,SAMSUN,55,22.129501,17.4795,1.7000003,10.739832,51.0,87.657135,1013.0332,16.17,Drizzle: Light
2011-06-17 21:00:00+00:00,SAMSUN,55,23.3295,16.9295,1.9000001,14.05845,53.0,84.94829,1011.4646,18.87,Drizzle: Moderate
2011-06-18 21:00:00+00:00,SAMSUN,55,24.7295,18.1795,1.9,10.931203,53.0,81.011475,1009.0516,20.07,Drizzle: Moderate
2011-06-19 21:00:00+00:00,SAMSUN,55,25.8295,16.9795,0.0,10.829959,3.0,80.17614,1008.9404,27.82,Overcast
2011-06-20 21:00:00+00:00,SAMSUN,55,23.8295,17.029501,0.8,19.008547,51.0,80.46253,1015.5983,20.62,Drizzle: Light
2011-06-21 21:00:00+00:00,SAMSUN,55,22.6795,14.9795,0.0,13.896187,1.0,78.142624,1018.62494,25.16,Mainly clear
2011-06-22 21:00:00+00:00,SAMSUN,55,22.8295,15.079499,0.0,9.693296,3.0,75.08224,1016.34674,25.77,Overcast
2011-06-23 21:00:00+00:00,SAMSUN,55,23.5795,14.6795,0.0,14.77755,1.0,76.815575,1013.43945,27.11,Mainly clear
2011-06-24 21:00:00+00:00,SAMSUN,55,24.029501,14.579499,0.0,12.768586,2.0,77.670494,1007.2886,29.35,Partly cloudy
2011-06-25 21:00:00+00:00,SAMSUN,55,23.279501,15.6795,6.2000003,19.652176,61.0,83.75789,1005.08575,18.21,Rain: Slight
2011-06-26 21:00:00+00:00,SAMSUN,55,23.1795,16.1295,0.4,15.530151,51.0,68.595665,1006.76,23.64,Drizzle: Light
2011-06-27 21:00:00+00:00,SAMSUN,55,21.1795,13.4295,0.1,14.154915,51.0,67.76172,1007.73975,22.31,Drizzle: Light
2011-06-28 21:00:00+00:00,SAMSUN,55,22.0795,13.379499,0.0,18.11841,3.0,78.75073,1006.7549,23.15,Overcast
2011-06-29 21:00:00+00:00,SAMSUN,55,21.529501,16.6295,5.5999994,9.686609,53.0,82.949104,1008.65485,21.07,Drizzle: Moderate
2011-06-30 21:00:00+00:00,SAMSUN,55,24.8295,15.879499,0.70000005,11.435313,51.0,82.11164,1007.8942,24.23,Drizzle: Light
2011-07-01 21:00:00+00:00,SAMSUN,55,24.8295,17.129501,0.70000005,11.874544,53.0,82.81466,1007.2115,25.35,Drizzle: Moderate
2011-07-02 21:00:00+00:00,SAMSUN,55,23.9295,17.629501,0.0,15.0038395,3.0,84.27855,1009.09283,24.97,Overcast
2011-07-03 21:00:00+00:00,SAMSUN,55,24.5795,17.5795,0.7,14.039999,51.0,87.86979,1006.9655,23.67,Drizzle: Light
2011-07-04 21:00:00+00:00,SAMSUN,55,21.879501,18.2295,0.5,11.435313,51.0,84.672356,1010.68915,16.16,Drizzle: Light
2011-07-05 21:00:00+00:00,SAMSUN,55,25.279501,17.3295,0.0,14.578888,2.0,83.59484,1007.5403,25.93,Partly cloudy
2011-07-06 21:00:00+00:00,SAMSUN,55,24.029501,18.879501,0.7,15.192682,51.0,87.28332,1009.68756,18.94,Drizzle: Light
2011-07-07 21:00:00+00:00,SAMSUN,55,24.5795,17.7295,0.0,12.10157,3.0,83.47637,1014.50226,25.0,Overcast
2011-07-08 21:00:00+00:00,SAMSUN,55,24.629501,18.0795,0.0,12.4811535,3.0,82.286995,1016.479,20.97,Overcast
2011-07-09 21:00:00+00:00,SAMSUN,55,26.2295,17.3295,0.0,12.429127,1.0,75.934906,1014.3237,26.56,Mainly clear
2011-07-10 21:00:00+00:00,SAMSUN,55,26.279501,18.1795,0.0,16.215992,0.0,79.653465,1010.8584,26.92,Clear sky
2011-07-11 21:00:00+00:00,SAMSUN,55,25.629501,19.629501,0.6,13.698934,51.0,82.59263,1009.1472,21.92,Drizzle: Light
2011-07-12 21:00:00+00:00,SAMSUN,55,26.5795,20.3295,0.0,12.57426,3.0,80.25799,1008.2866,16.09,Overcast
2011-07-13 21:00:00+00:00,SAMSUN,55,26.0795,20.8295,0.8000001,10.829958,51.0,86.65116,1009.29254,16.82,Drizzle: Light
2011-07-14 21:00:00+00:00,SAMSUN,55,26.9795,21.379501,2.8,15.745627,53.0,85.40753,1009.72614,17.6,Drizzle: Moderate
2011-07-15 21:00:00+00:00,SAMSUN,55,25.279501,21.1795,9.500001,17.581125,61.0,85.31658,1007.1865,17.59,Rain: Slight
2011-07-16 21:00:00+00:00,SAMSUN,55,26.4295,21.3295,1.1,12.287555,51.0,80.932,1004.6297,18.91,Drizzle: Light
2011-07-17 21:00:00+00:00,SAMSUN,55,26.9795,19.7295,0.90000004,10.829958,51.0,84.42376,1002.5904,21.68,Drizzle: Light
2011-07-18 21:00:00+00:00,SAMSUN,55,25.629501,21.2295,3.4,12.24,55.0,85.41129,1004.689,15.95,Drizzle: Dense
2011-07-19 21:00:00+00:00,SAMSUN,55,28.1795,20.4795,0.2,11.726277,51.0,82.2305,1004.02594,25.25,Drizzle: Light
2011-07-20 21:00:00+00:00,SAMSUN,55,30.4795,20.4795,0.0,12.522619,2.0,84.313255,998.6053,25.92,Partly cloudy
2011-07-21 21:00:00+00:00,SAMSUN,55,26.6795,22.3295,0.0,17.294992,3.0,81.3588,1003.6545,17.95,Overcast
2011-07-22 21:00:00+00:00,SAMSUN,55,25.7295,20.4295,0.5,13.324863,51.0,75.90582,1008.5291,20.41,Drizzle: Light
2011-07-23 21:00:00+00:00,SAMSUN,55,26.6795,18.4795,0.0,14.973577,2.0,78.661,1006.0495,25.71,Partly cloudy
2011-07-24 21:00:00+00:00,SAMSUN,55,29.279501,18.879501,0.0,13.397612,2.0,81.26972,1003.3083,26.86,Partly cloudy
2011-07-25 21:00:00+00:00,SAMSUN,55,30.529501,20.779501,0.0,12.287555,3.0,84.10053,1007.7233,26.24,Overcast
2011-07-26 21:00:00+00:00,SAMSUN,55,28.879501,22.0795,0.0,12.661564,3.0,84.87769,1012.4075,24.0,Overcast
2011-07-27 21:00:00+00:00,SAMSUN,55,27.9795,21.4295,0.0,15.517629,3.0,82.919304,1012.06744,24.16,Overcast
2011-07-28 21:00:00+00:00,SAMSUN,55,28.2295,22.8295,0.0,13.608762,3.0,83.30993,1004.67316,19.74,Overcast
2011-07-29 21:00:00+00:00,SAMSUN,55,29.3295,22.279501,0.0,11.525623,2.0,83.87322,1001.9611,24.26,Partly cloudy
2011-07-30 21:00:00+00:00,SAMSUN,55,28.6795,22.5795,0.0,14.707222,1.0,79.16853,1006.6281,26.21,Mainly clear
2011-07-31 21:00:00+00:00,SAMSUN,55,27.2295,20.9795,0.4,16.489416,51.0,82.24642,1006.7913,17.94,Drizzle: Light
2011-08-01 21:00:00+00:00,SAMSUN,55,25.529501,22.879501,3.2999997,15.4800005,51.0,82.02073,1007.20483,10.21,Drizzle: Light
2011-08-02 21:00:00+00:00,SAMSUN,55,26.129501,21.9295,0.0,12.979984,3.0,73.29934,1009.5791,14.19,Overcast
2011-08-03 21:00:00+00:00,SAMSUN,55,25.779501,20.879501,0.9,15.745627,51.0,76.88105,1010.7641,18.62,Drizzle: Light
2011-08-04 21:00:00+00:00,SAMSUN,55,25.4795,19.8295,0.1,16.65754,51.0,69.929474,1012.2535,20.94,Drizzle: Light
2011-08-05 21:00:00+00:00,SAMSUN,55,24.3295,18.629501,0.0,14.77755,3.0,68.895226,1012.28784,17.7,Overcast
2011-08-06 21:00:00+00:00,SAMSUN,55,25.3295,19.129501,0.0,14.05845,2.0,65.64549,1011.57733,20.44,Partly cloudy
2011-08-07 21:00:00+00:00,SAMSUN,55,26.0795,16.1795,0.0,12.538134,1.0,69.67332,1011.8301,26.22,Mainly clear
2011-08-08 21:00:00+00:00,SAMSUN,55,26.5795,16.529501,0.0,13.979872,2.0,76.16997,1009.4575,25.93,Partly cloudy
2011-08-09 21:00:00+00:00,SAMSUN,55,26.529501,18.529501,0.0,13.891522,2.0,82.19532,1005.8369,17.28,Partly cloudy
2011-08-10 21:00:00+00:00,SAMSUN,55,27.7295,20.379501,0.0,15.580141,2.0,82.454185,1002.2156,20.4,Partly cloudy
2011-08-11 21:00:00+00:00,SAMSUN,55,24.2295,21.279501,5.2000003,14.685176,53.0,85.616974,1002.47003,11.32,Drizzle: Moderate
2011-08-12 21:00:00+00:00,SAMSUN,55,26.6795,20.529501,0.2,11.966954,51.0,75.00547,1002.6607,20.57,Drizzle: Light
2011-08-13 21:00:00+00:00,SAMSUN,55,26.279501,19.7295,4.0,10.883676,61.0,79.77306,1005.782,19.39,Rain: Slight
2011-08-14 21:00:00+00:00,SAMSUN,55,27.779501,19.8295,0.4,13.513193,51.0,76.83671,1009.2915,23.14,Drizzle: Light
2011-08-15 21:00:00+00:00,SAMSUN,55,26.8295,18.279501,0.0,13.584932,1.0,77.997574,1009.78613,24.05,Mainly clear
2011-08-16 21:00:00+00:00,SAMSUN,55,27.879501,17.4295,0.0,12.55879,1.0,72.40048,1010.73737,24.31,Mainly clear
2011-08-17 21:00:00+00:00,SAMSUN,55,26.5795,19.029501,0.4,18.792551,51.0,77.00819,1011.7674,19.16,Drizzle: Light
2011-08-18 21:00:00+00:00,SAMSUN,55,23.779501,20.029501,6.200001,19.211996,53.0,82.96652,1013.00214,13.83,Drizzle: Moderate
2011-08-19 21:00:00+00:00,SAMSUN,55,23.9295,19.8295,2.2000003,12.10157,53.0,76.406136,1013.84235,11.23,Drizzle: Moderate
2011-08-20 21:00:00+00:00,SAMSUN,55,24.6795,19.279501,1.7,12.979984,51.0,74.23179,1014.0372,17.65,Drizzle: Light
2011-08-21 21:00:00+00:00,SAMSUN,55,24.8295,17.5795,0.1,16.946787,51.0,76.99747,1015.2578,18.14,Drizzle: Light
2011-08-22 21:00:00+00:00,SAMSUN,55,23.9295,18.279501,0.5,13.53236,51.0,75.77311,1016.74274,16.56,Drizzle: Light
2011-08-23 21:00:00+00:00,SAMSUN,55,25.029501,18.6795,0.0,13.551501,1.0,71.33256,1015.167,19.56,Mainly clear
2011-08-24 21:00:00+00:00,SAMSUN,55,24.9295,16.4295,0.0,12.904882,2.0,76.02631,1013.50165,18.97,Partly cloudy
2011-08-25 21:00:00+00:00,SAMSUN,55,24.7295,18.529501,0.6,17.227419,51.0,78.80834,1014.8071,17.68,Drizzle: Light
2011-08-26 21:00:00+00:00,SAMSUN,55,24.8295,19.5795,0.0,13.0447235,2.0,71.51405,1014.49805,20.06,Partly cloudy
2011-08-27 21:00:00+00:00,SAMSUN,55,24.879501,16.2295,0.0,15.580141,2.0,77.864555,1013.03125,17.84,Partly cloudy
2011-08-28 21:00:00+00:00,SAMSUN,55,25.629501,17.379501,0.0,16.418526,2.0,81.432884,1009.81976,21.34,Partly cloudy
2011-08-29 21:00:00+00:00,SAMSUN,55,26.2295,17.9295,0.0,12.864649,3.0,81.932556,1005.7275,22.02,Overcast
2011-08-30 21:00:00+00:00,SAMSUN,55,25.379501,18.9295,0.0,14.689588,3.0,81.13554,1007.8493,15.62,Overcast
2011-08-31 21:00:00+00:00,SAMSUN,55,26.3295,18.7295,0.0,13.0447235,2.0,73.47608,1009.86743,17.58,Partly cloudy
2011-09-01 21:00:00+00:00,SAMSUN,55,26.379501,16.8795,1.5000001,15.745627,53.0,80.20045,1010.0384,20.79,Drizzle: Moderate
2011-09-02 21:00:00+00:00,SAMSUN,55,24.4295,18.4795,1.9000002,14.934577,51.0,77.155266,1011.0068,16.62,Drizzle: Light
2011-09-03 21:00:00+00:00,SAMSUN,55,24.029501,16.7295,0.0,17.227419,2.0,71.45344,1014.49615,17.05,Partly cloudy
2011-09-04 21:00:00+00:00,SAMSUN,55,23.779501,15.2295,0.0,15.03835,2.0,74.62562,1016.89996,19.55,Partly cloudy
2011-09-05 21:00:00+00:00,SAMSUN,55,23.1795,16.6295,0.1,15.349684,51.0,75.77053,1015.86505,16.32,Drizzle: Light
2011-09-06 21:00:00+00:00,SAMSUN,55,23.2295,15.879499,0.0,14.039999,2.0,71.473274,1011.51245,17.69,Partly cloudy
2011-09-07 21:00:00+00:00,SAMSUN,55,24.5795,13.5295,0.0,14.007655,3.0,73.97779,1006.79584,21.28,Overcast
2011-09-08 21:00:00+00:00,SAMSUN,55,26.529501,14.879499,0.0,16.171976,3.0,72.29482,1006.41534,20.1,Overcast
2011-09-09 21:00:00+00:00,SAMSUN,55,23.9795,18.2295,0.9000001,15.530151,51.0,74.76098,1015.55646,15.25,Drizzle: Light
2011-09-10 21:00:00+00:00,SAMSUN,55,22.129501,17.129501,0.0,12.904882,2.0,69.964134,1017.509,14.01,Partly cloudy
2011-09-11 21:00:00+00:00,SAMSUN,55,23.6795,12.9295,0.0,13.044722,0.0,67.3177,1014.56866,20.82,Clear sky
2011-09-12 21:00:00+00:00,SAMSUN,55,24.4795,14.2795,0.0,14.48972,0.0,72.905716,1013.51245,20.4,Clear sky
2011-09-13 21:00:00+00:00,SAMSUN,55,24.279501,14.879499,0.0,15.315873,3.0,75.25632,1013.77734,20.34,Overcast
2011-09-14 21:00:00+00:00,SAMSUN,55,24.779501,14.7295,0.0,13.684735,3.0,78.60345,1012.17773,17.49,Overcast
2011-09-15 21:00:00+00:00,SAMSUN,55,25.879501,16.9295,0.0,13.363711,3.0,77.79893,1013.14056,17.65,Overcast
2011-09-16 21:00:00+00:00,SAMSUN,55,25.029501,16.1795,0.6,15.379206,51.0,79.804344,1014.5173,18.05,Drizzle: Light
2011-09-17 21:00:00+00:00,SAMSUN,55,23.4295,17.5795,0.0,14.799459,3.0,73.03882,1014.69855,12.64,Overcast
2011-09-18 21:00:00+00:00,SAMSUN,55,23.7295,14.079499,0.0,11.304229,1.0,68.11843,1011.3501,18.22,Mainly clear
2011-09-19 21:00:00+00:00,SAMSUN,55,24.7295,15.329499,0.0,13.891522,1.0,76.95475,1013.33966,18.24,Mainly clear
2011-09-20 21:00:00+00:00,SAMSUN,55,25.5795,15.079499,0.0,13.708391,3.0,81.36827,1011.53754,18.71,Overcast
2011-09-21 21:00:00+00:00,SAMSUN,55,24.629501,18.129501,0.0,14.113652,3.0,84.23602,1007.0643,14.07,Overcast
2011-09-22 21:00:00+00:00,SAMSUN,55,24.4295,18.879501,1.0,14.145756,53.0,80.46755,1006.5483,12.51,Drizzle: Moderate
2011-09-23 21:00:00+00:00,SAMSUN,55,23.2295,18.7295,5.7000003,20.65848,55.0,74.10579,1009.5637,12.47,Drizzle: Dense
2011-09-24 21:00:00+00:00,SAMSUN,55,22.9295,15.7295,5.0000005,17.339897,53.0,78.252495,1017.0761,13.04,Drizzle: Moderate
2011-09-25 21:00:00+00:00,SAMSUN,55,20.1795,15.879499,0.70000005,13.608762,51.0,68.99757,1022.4075,10.82,Drizzle: Light
2011-09-26 21:00:00+00:00,SAMSUN,55,20.779501,16.279501,0.0,12.88981,3.0,61.776215,1022.7824,13.22,Overcast
2011-09-27 21:00:00+00:00,SAMSUN,55,22.029501,13.9795,0.0,11.4862,2.0,75.85238,1020.0291,14.89,Partly cloudy
2011-09-28 21:00:00+00:00,SAMSUN,55,22.279501,13.7295,0.2,11.928989,51.0,75.75548,1015.5193,16.52,Drizzle: Light
2011-09-29 21:00:00+00:00,SAMSUN,55,16.1295,13.6795,10.5,16.199999,61.0,86.49215,1015.233,5.55,Rain: Slight
2011-09-30 21:00:00+00:00,SAMSUN,55,17.629501,11.7795,1.7000002,11.966954,51.0,77.82699,1018.72095,12.33,Drizzle: Light
2011-10-01 21:00:00+00:00,SAMSUN,55,22.9795,11.829499,1.7,16.700275,53.0,75.1145,1014.14813,16.31,Drizzle: Moderate
2011-10-02 21:00:00+00:00,SAMSUN,55,16.3295,13.829499,2.2,16.870138,53.0,76.83294,1018.9329,10.28,Drizzle: Moderate
2011-10-03 21:00:00+00:00,SAMSUN,55,19.5795,10.9795,0.0,11.440979,1.0,73.6715,1019.7581,16.57,Mainly clear
2011-10-04 21:00:00+00:00,SAMSUN,55,21.529501,10.2795,0.0,10.587918,1.0,75.08548,1018.1638,16.73,Mainly clear
2011-10-05 21:00:00+00:00,SAMSUN,55,22.1795,11.629499,0.0,11.966954,0.0,73.03988,1017.7119,16.41,Clear sky
2011-10-06 21:00:00+00:00,SAMSUN,55,23.7295,11.2795,0.0,10.661107,0.0,78.03428,1012.8569,16.42,Clear sky
2011-10-07 21:00:00+00:00,SAMSUN,55,24.1795,12.4295,0.0,11.183201,2.0,79.48762,1008.9627,14.2,Partly cloudy
2011-10-08 21:00:00+00:00,SAMSUN,55,27.029501,13.7795,0.0,13.441071,3.0,69.300644,1007.424,10.05,Overcast
2011-10-09 21:00:00+00:00,SAMSUN,55,25.9795,19.0795,0.0,18.584509,3.0,65.974724,1007.6653,6.44,Overcast
2011-10-10 21:00:00+00:00,SAMSUN,55,29.2295,17.529501,0.4,17.935081,51.0,71.72851,1006.41693,13.25,Drizzle: Light
2011-10-11 21:00:00+00:00,SAMSUN,55,22.4795,16.779501,1.6000001,9.178235,53.0,86.741005,1006.2796,10.07,Drizzle: Moderate
2011-10-12 21:00:00+00:00,SAMSUN,55,20.129501,14.7295,5.2,11.885453,61.0,82.951836,1012.0515,10.7,Rain: Slight
2011-10-13 21:00:00+00:00,SAMSUN,55,20.6795,13.2795,9.3,18.998314,61.0,89.53854,1015.4219,11.61,Rain: Slight
2011-10-14 21:00:00+00:00,SAMSUN,55,13.879499,12.379499,9.099999,10.948973,61.0,85.55936,1019.913,3.32,Rain: Slight
2011-10-15 21:00:00+00:00,SAMSUN,55,13.329499,12.1795,11.400001,12.758432,53.0,89.74119,1014.13043,2.86,Drizzle: Moderate
2011-10-16 21:00:00+00:00,SAMSUN,55,15.879499,12.9295,5.3999996,9.793059,53.0,89.61304,1011.43896,4.38,Drizzle: Moderate
2011-10-17 21:00:00+00:00,SAMSUN,55,18.7295,12.379499,4.2,11.901798,55.0,83.90216,1009.4204,10.16,Drizzle: Dense
2011-10-18 21:00:00+00:00,SAMSUN,55,16.0795,10.4295,0.3,18.075441,51.0,59.67055,1018.9724,9.51,Drizzle: Light
2011-10-19 21:00:00+00:00,SAMSUN,55,15.4795,8.879499,0.9,9.686609,51.0,75.4782,1022.0389,10.17,Drizzle: Light
2011-10-20 21:00:00+00:00,SAMSUN,55,17.1795,6.3795,0.0,12.43434,1.0,80.12259,1021.0684,14.2,Mainly clear
2011-10-21 21:00:00+00:00,SAMSUN,55,15.129499,9.079499,0.0,12.768586,3.0,84.600685,1021.0505,8.3,Overcast
2011-10-22 21:00:00+00:00,SAMSUN,55,14.379499,11.129499,1.0000001,9.826088,51.0,84.88528,1020.9827,5.62,Drizzle: Light
2011-10-23 21:00:00+00:00,SAMSUN,55,14.4795,10.1795,0.0,9.178235,3.0,83.05168,1019.6503,6.2,Overcast
2011-10-24 21:00:00+00:00,SAMSUN,55,13.9295,11.6795,1.3000001,12.979984,51.0,86.72009,1018.9614,4.02,Drizzle: Light
2011-10-25 21:00:00+00:00,SAMSUN,55,11.579499,8.9795,0.5,17.786331,51.0,77.54321,1020.9672,3.77,Drizzle: Light
2011-10-26 21:00:00+00:00,SAMSUN,55,11.379499,8.9295,0.0,18.844202,3.0,70.90751,1023.94336,6.72,Overcast
2011-10-27 21:00:00+00:00,SAMSUN,55,11.9295,9.5295,0.0,17.309973,3.0,77.85662,1026.0035,4.38,Overcast
2011-10-28 21:00:00+00:00,SAMSUN,55,11.7295,8.2295,0.0,13.979871,3.0,78.247986,1024.446,6.12,Overcast
2011-10-29 21:00:00+00:00,SAMSUN,55,11.1795,9.329499,1.3000001,18.584509,51.0,79.10424,1022.3837,3.73,Drizzle: Light
2011-10-30 21:00:00+00:00,SAMSUN,55,11.7295,7.9295,0.0,9.0,3.0,75.874596,1022.1758,5.35,Overcast
2011-10-31 21:00:00+00:00,SAMSUN,55,14.329499,6.1795,0.0,11.631956,3.0,82.961426,1019.54047,11.83,Overcast
2011-11-01 21:00:00+00:00,SAMSUN,55,12.879499,7.4795003,8.3,11.966954,61.0,90.70994,1017.63184,4.41,Rain: Slight
2011-11-02 21:00:00+00:00,SAMSUN,55,11.329499,9.2795,18.899998,13.708391,61.0,86.72528,1015.7163,5.06,Rain: Slight
2011-11-03 21:00:00+00:00,SAMSUN,55,12.2295,9.829499,4.2999997,24.014996,51.0,83.732544,1017.6377,6.14,Drizzle: Light
2011-11-04 21:00:00+00:00,SAMSUN,55,10.7795,8.9295,0.0,11.874544,3.0,80.45957,1021.6385,4.89,Overcast
2011-11-05 21:00:00+00:00,SAMSUN,55,10.629499,7.9795003,3.8000002,20.188908,51.0,81.09582,1024.5629,5.41,Drizzle: Light
2011-11-06 21:00:00+00:00,SAMSUN,55,7.8795,4.7795,0.0,15.629971,3.0,70.04943,1030.7316,6.38,Overcast
2011-11-07 21:00:00+00:00,SAMSUN,55,10.1795,1.8295,0.0,8.669949,2.0,68.82607,1029.6364,11.65,Partly cloudy
2011-11-08 21:00:00+00:00,SAMSUN,55,15.579499,2.2795,0.0,16.575644,3.0,67.976585,1017.253,11.44,Overcast
2011-11-09 21:00:00+00:00,SAMSUN,55,8.9295,7.0295,6.7,8.473393,55.0,84.69326,1015.6797,2.93,Drizzle: Dense
2011-11-10 21:00:00+00:00,SAMSUN,55,8.5295,3.4295,5.1999993,19.008545,73.0,84.61451,1020.8653,7.34,Snow fall: Moderate
2011-11-11 21:00:00+00:00,SAMSUN,55,5.5295,2.5795,4.2,17.786331,73.0,81.86838,1028.6969,7.86,Snow fall: Moderate
2011-11-12 21:00:00+00:00,SAMSUN,55,6.0295,3.3295002,3.6000004,12.074766,71.0,84.01611,1029.3921,5.01,Snow fall: Slight
2011-11-13 21:00:00+00:00,SAMSUN,55,6.9795003,3.2295,0.0,13.70839,3.0,77.523705,1024.571,5.07,Overcast
2011-11-14 21:00:00+00:00,SAMSUN,55,9.079499,5.9795003,0.5,12.24,51.0,75.99825,1017.0105,3.91,Drizzle: Light
2011-11-15 21:00:00+00:00,SAMSUN,55,8.0295,6.5795,9.299998,10.44,53.0,88.02871,1016.91705,1.69,Drizzle: Moderate
2011-11-16 21:00:00+00:00,SAMSUN,55,8.379499,6.1795,6.2,10.086427,51.0,88.672066,1020.32135,3.22,Drizzle: Light
2011-11-17 21:00:00+00:00,SAMSUN,55,7.6795,6.5295,8.799999,14.565548,71.0,85.34446,1022.92755,2.56,Snow fall: Slight
2011-11-18 21:00:00+00:00,SAMSUN,55,9.2795,5.2295003,0.5,11.019764,51.0,82.10323,1022.364,3.45,Drizzle: Light
2011-11-19 21:00:00+00:00,SAMSUN,55,10.5295,7.8795,0.2,6.989936,51.0,77.96981,1022.5762,5.68,Drizzle: Light
2011-11-20 21:00:00+00:00,SAMSUN,55,10.879499,4.4295,0.0,8.587338,2.0,83.69644,1023.83276,8.04,Partly cloudy
2011-11-21 21:00:00+00:00,SAMSUN,55,12.5295,2.2295,0.0,10.495713,3.0,81.2464,1022.5193,9.59,Overcast
2011-11-22 21:00:00+00:00,SAMSUN,55,10.1795,3.3295002,1.8,12.413476,53.0,86.9943,1025.3617,5.43,Drizzle: Moderate
2011-11-23 21:00:00+00:00,SAMSUN,55,6.9795003,2.8295,5.4999995,15.188415,71.0,76.24346,1030.147,4.02,Snow fall: Slight
2011-11-24 21:00:00+00:00,SAMSUN,55,5.7795,1.2295,0.0,8.4042845,2.0,72.16977,1030.235,6.53,Partly cloudy
2011-11-25 21:00:00+00:00,SAMSUN,55,7.3295,-0.7705,0.0,8.0899935,2.0,73.456,1024.489,9.09,Partly cloudy
2011-11-26 21:00:00+00:00,SAMSUN,55,8.1795,0.12950003,0.0,7.145796,3.0,76.97405,1022.8926,6.68,Overcast
2011-11-27 21:00:00+00:00,SAMSUN,55,10.2795,1.8795,0.0,9.983106,3.0,74.1158,1021.12445,8.24,Overcast
2011-11-28 21:00:00+00:00,SAMSUN,55,10.4795,3.0795002,0.0,20.188908,3.0,70.39457,1026.3738,7.47,Overcast
2011-11-29 21:00:00+00:00,SAMSUN,55,9.879499,2.6295002,0.3,11.212135,51.0,79.061424,1024.6937,6.96,Drizzle: Light
2011-11-30 21:00:00+00:00,SAMSUN,55,10.2295,1.5795,0.5,8.435069,51.0,81.2832,1023.64233,8.33,Drizzle: Light
2011-12-01 21:00:00+00:00,SAMSUN,55,9.7295,2.6295002,0.6,8.669949,51.0,78.18766,1023.0003,5.57,Drizzle: Light
2011-12-02 21:00:00+00:00,SAMSUN,55,10.7295,1.9295001,0.0,11.923557,1.0,80.30789,1023.63556,8.73,Mainly clear
2011-12-03 21:00:00+00:00,SAMSUN,55,13.1795,2.9295,0.0,17.174677,0.0,61.37503,1021.64984,8.76,Clear sky
2011-12-04 21:00:00+00:00,SAMSUN,55,13.9795,3.9295,0.0,15.778516,1.0,61.28316,1018.0574,8.76,Mainly clear
2011-12-05 21:00:00+00:00,SAMSUN,55,14.879499,4.5795,0.0,19.770523,3.0,50.686367,1014.814,8.43,Overcast
2011-12-06 21:00:00+00:00,SAMSUN,55,16.5795,7.3295,0.0,19.083395,3.0,57.20836,1012.28754,8.1,Overcast
2011-12-07 21:00:00+00:00,SAMSUN,55,11.2295,7.3795,16.4,12.397806,73.0,81.11466,1009.48737,2.31,Snow fall: Moderate
2011-12-08 21:00:00+00:00,SAMSUN,55,8.2295,5.9795003,10.2,15.315873,73.0,85.62668,1018.28217,2.76,Snow fall: Moderate
2011-12-09 21:00:00+00:00,SAMSUN,55,8.9795,2.2795,0.0,14.986553,1.0,75.76687,1025.6719,7.62,Mainly clear
2011-12-10 21:00:00+00:00,SAMSUN,55,11.579499,3.4295,0.0,17.287498,3.0,61.422703,1023.6718,6.8,Overcast
2011-12-11 21:00:00+00:00,SAMSUN,55,13.2295,4.0295,0.2,14.113652,51.0,71.1813,1025.0535,6.49,Drizzle: Light
2011-12-12 21:00:00+00:00,SAMSUN,55,14.5295,4.4795,0.0,15.315873,3.0,75.90681,1021.2409,7.96,Overcast
2011-12-13 21:00:00+00:00,SAMSUN,55,14.5295,5.2295003,0.0,12.819235,3.0,74.4791,1019.9384,5.43,Overcast
2011-12-14 21:00:00+00:00,SAMSUN,55,14.329499,4.4295,0.0,10.587918,0.0,83.44847,1021.68634,7.92,Clear sky
2011-12-15 21:00:00+00:00,SAMSUN,55,13.879499,5.1795,0.0,17.114204,3.0,69.54512,1012.2867,7.6,Overcast
2011-12-16 21:00:00+00:00,SAMSUN,55,13.9295,7.4795003,1.0,22.427162,53.0,61.263138,1008.39655,6.78,Drizzle: Moderate
2011-12-17 21:00:00+00:00,SAMSUN,55,16.9295,7.8295,0.0,25.49908,3.0,52.907368,1011.6584,6.75,Overcast
2011-12-18 21:00:00+00:00,SAMSUN,55,15.329499,5.1295,0.0,13.37825,3.0,80.95475,1019.6243,6.47,Overcast
2011-12-19 21:00:00+00:00,SAMSUN,55,16.529501,8.8295,0.0,17.87718,3.0,65.88031,1011.459,5.5,Overcast
2011-12-20 21:00:00+00:00,SAMSUN,55,15.579499,9.2795,2.9,15.7908325,53.0,74.54655,1011.1162,6.27,Drizzle: Moderate
2011-12-21 21:00:00+00:00,SAMSUN,55,12.129499,7.1795,1.0,10.829959,53.0,91.86558,1014.9187,6.57,Drizzle: Moderate
2011-12-22 21:00:00+00:00,SAMSUN,55,14.329499,6.5795,0.5,12.599998,51.0,81.48122,1006.8122,6.1,Drizzle: Light
2011-12-23 21:00:00+00:00,SAMSUN,55,8.629499,4.4295,17.599998,18.971008,73.0,91.295715,1008.24274,1.92,Snow fall: Moderate
2011-12-24 21:00:00+00:00,SAMSUN,55,5.5295,3.8295002,0.3,19.721298,71.0,74.02933,1020.5264,4.0,Snow fall: Slight
2011-12-25 21:00:00+00:00,SAMSUN,55,6.4295,3.6795,0.0,11.298495,3.0,77.00652,1030.4988,4.17,Overcast
2011-12-26 21:00:00+00:00,SAMSUN,55,8.1795,1.4295001,0.0,5.8603754,2.0,82.08595,1033.3251,6.89,Partly cloudy
2011-12-27 21:00:00+00:00,SAMSUN,55,8.2795,0.87950003,0.0,6.9153743,1.0,81.628265,1029.8181,7.71,Mainly clear
2011-12-28 21:00:00+00:00,SAMSUN,55,8.0795,1.0795001,0.0,10.594036,1.0,84.63886,1024.1642,7.25,Mainly clear
2011-12-29 21:00:00+00:00,SAMSUN,55,10.379499,2.1795,0.0,15.575981,3.0,75.580666,1014.9108,7.67,Overcast
2011-12-30 21:00:00+00:00,SAMSUN,55,9.7295,2.7295,0.0,15.1884165,3.0,73.39317,1010.77386,4.28,Overcast
2011-12-31 21:00:00+00:00,SAMSUN,55,10.4295,4.3295,4.4,15.7908325,55.0,79.41102,1010.10724,3.16,Drizzle: Dense
2012-01-01 21:00:00+00:00,SAMSUN,55,6.5795,1.9295001,3.3,19.228851,71.0,82.47598,1022.5932,6.52,Snow fall: Slight
2012-01-02 21:00:00+00:00,SAMSUN,55,9.5295,0.47950006,0.0,12.031756,3.0,78.19526,1024.302,8.18,Overcast
2012-01-03 21:00:00+00:00,SAMSUN,55,11.4295,3.0295,0.0,15.277749,0.0,78.58909,1021.258,8.5,Clear sky
2012-01-04 21:00:00+00:00,SAMSUN,55,12.329499,3.4795,0.0,15.277749,3.0,76.28692,1012.634,8.47,Overcast
2012-01-05 21:00:00+00:00,SAMSUN,55,14.129499,4.3795,0.0,16.75064,3.0,63.33427,1004.08624,8.63,Overcast
2012-01-06 21:00:00+00:00,SAMSUN,55,12.829499,8.379499,0.0,20.364674,3.0,56.83317,1004.972,2.84,Overcast
2012-01-07 21:00:00+00:00,SAMSUN,55,13.629499,9.2295,0.0,20.275385,3.0,61.542408,1004.4045,4.82,Overcast
2012-01-08 21:00:00+00:00,SAMSUN,55,8.879499,4.6295,10.0,12.819235,71.0,89.761475,1007.23395,2.13,Snow fall: Slight
2012-01-09 21:00:00+00:00,SAMSUN,55,7.9295,1.5795,10.500001,11.304229,73.0,90.93075,1016.3052,3.25,Snow fall: Moderate
2012-01-10 21:00:00+00:00,SAMSUN,55,8.379499,5.7295003,9.799998,10.44,53.0,94.75515,1015.15594,1.93,Drizzle: Moderate
2012-01-11 21:00:00+00:00,SAMSUN,55,6.7795,4.7295,8.900002,10.495713,71.0,94.00422,1018.587,2.71,Snow fall: Slight
2012-01-12 21:00:00+00:00,SAMSUN,55,7.0295,3.1795,2.1999998,10.636766,71.0,85.79667,1016.59467,4.96,Snow fall: Slight
2012-01-13 21:00:00+00:00,SAMSUN,55,10.7295,2.8795002,0.0,17.84816,3.0,69.3017,1010.146,8.92,Overcast
2012-01-14 21:00:00+00:00,SAMSUN,55,4.8295,3.0795002,12.699999,19.107151,73.0,85.93286,1010.95734,3.58,Snow fall: Moderate
2012-01-15 21:00:00+00:00,SAMSUN,55,2.9795,-1.4204998,17.099998,12.261157,73.0,89.90915,1010.6827,2.22,Snow fall: Moderate
2012-01-16 21:00:00+00:00,SAMSUN,55,2.4795,-3.8205,0.4,13.755579,71.0,82.358086,1018.7339,8.95,Snow fall: Slight
2012-01-17 21:00:00+00:00,SAMSUN,55,1.3295001,-4.5204997,0.0,15.575981,1.0,72.892235,1024.4506,10.24,Mainly clear
2012-01-18 21:00:00+00:00,SAMSUN,55,1.0295,-6.0204997,0.0,20.00512,3.0,67.15803,1025.9072,9.48,Overcast
2012-01-19 21:00:00+00:00,SAMSUN,55,0.8295,-6.3705,0.0,23.532547,3.0,66.21006,1023.0264,9.59,Overcast
2012-01-20 21:00:00+00:00,SAMSUN,55,5.2295003,-2.1204998,0.0,18.792551,3.0,67.962875,1013.83136,5.85,Overcast
2012-01-21 21:00:00+00:00,SAMSUN,55,3.8295002,2.4295,10.2,16.071491,73.0,87.52618,1008.2536,2.63,Snow fall: Moderate
2012-01-22 21:00:00+00:00,SAMSUN,55,6.9295,2.3795002,0.7,15.986593,71.0,78.475655,1014.97614,10.31,Snow fall: Slight
2012-01-23 21:00:00+00:00,SAMSUN,55,7.1795,1.2795,0.3,17.0763,51.0,76.754654,1016.5073,10.32,Drizzle: Light
2012-01-24 21:00:00+00:00,SAMSUN,55,8.8295,3.6295002,1.9000001,12.522619,55.0,76.141365,1007.3677,4.0,Drizzle: Dense
2012-01-25 21:00:00+00:00,SAMSUN,55,12.7795,4.6795,1.4000001,14.154915,51.0,75.15155,1004.59296,9.82,Drizzle: Light
2012-01-26 21:00:00+00:00,SAMSUN,55,10.129499,4.8295,12.999999,21.382906,73.0,89.741844,1006.7247,4.87,Snow fall: Moderate
2012-01-27 21:00:00+00:00,SAMSUN,55,3.8795002,0.62950003,2.3,25.72174,73.0,77.89832,1023.50946,3.73,Snow fall: Moderate
2012-01-28 21:00:00+00:00,SAMSUN,55,4.1795,-0.42049998,0.0,10.365251,3.0,74.53875,1023.9531,8.73,Overcast
2012-01-29 21:00:00+00:00,SAMSUN,55,1.7795,-1.5704999,5.2,13.5515,73.0,80.67907,1020.8973,5.34,Snow fall: Moderate
2012-01-30 21:00:00+00:00,SAMSUN,55,-0.57049996,-6.4205,8.700001,13.084402,73.0,79.78056,1016.44556,4.43,Snow fall: Moderate
2012-01-31 21:00:00+00:00,SAMSUN,55,-0.6705,-7.8705,0.0,18.075441,71.0,79.174095,1020.1953,10.9,Snow fall: Slight
2012-02-01 21:00:00+00:00,SAMSUN,55,-0.3704999,-9.4705,0.1,12.738099,71.0,76.94581,1026.7831,11.63,Snow fall: Slight
2012-02-02 21:00:00+00:00,SAMSUN,55,4.1795,-3.1704998,0.0,12.783802,3.0,76.40448,1028.7695,11.27,Overcast
2012-02-03 21:00:00+00:00,SAMSUN,55,6.1795,-2.4705,0.0,13.708391,3.0,85.12555,1027.7921,11.92,Overcast
2012-02-04 21:00:00+00:00,SAMSUN,55,6.8295,-2.5205,0.0,14.973577,1.0,83.74575,1022.8994,12.26,Mainly clear
2012-02-05 21:00:00+00:00,SAMSUN,55,11.129499,1.2295,0.0,14.57889,0.0,76.62672,1017.99786,12.46,Clear sky
2012-02-06 21:00:00+00:00,SAMSUN,55,7.6295,-0.22049993,10.1,6.924738,73.0,81.97518,1009.3459,5.71,Snow fall: Moderate
2012-02-07 21:00:00+00:00,SAMSUN,55,3.9295,-2.2205,12.000001,21.434364,73.0,83.4618,1016.8201,4.98,Snow fall: Moderate
2012-02-08 21:00:00+00:00,SAMSUN,55,-0.22049993,-3.5705,1.7000002,12.218805,71.0,78.39397,1019.6457,6.01,Snow fall: Slight
2012-02-09 21:00:00+00:00,SAMSUN,55,-0.12049991,-2.6704998,4.799999,14.654254,73.0,77.97083,1023.1152,5.53,Snow fall: Moderate
2012-02-10 21:00:00+00:00,SAMSUN,55,2.6795,-5.2704997,0.0,10.390226,3.0,76.376755,1029.1886,12.61,Overcast
2012-02-11 21:00:00+00:00,SAMSUN,55,5.3795,-4.0204997,0.0,14.168641,3.0,79.46441,1026.1044,13.5,Overcast
2012-02-12 21:00:00+00:00,SAMSUN,55,6.2795,-5.4705,0.0,18.03237,3.0,75.49305,1016.63403,13.85,Overcast
2012-02-13 21:00:00+00:00,SAMSUN,55,10.4795,1.6795001,0.8,19.966211,53.0,68.7179,1010.4993,9.03,Drizzle: Moderate
2012-02-14 21:00:00+00:00,SAMSUN,55,10.2295,0.47950006,6.3,13.392774,73.0,87.29682,1003.6184,9.35,Snow fall: Moderate
2012-02-15 21:00:00+00:00,SAMSUN,55,7.9295,0.8295,0.6,10.009036,71.0,82.44797,1003.99396,10.97,Snow fall: Slight
2012-02-16 21:00:00+00:00,SAMSUN,55,4.9795003,2.1295002,21.800001,27.691935,75.0,90.89866,999.15936,2.48,Snow fall: Heavy
2012-02-17 21:00:00+00:00,SAMSUN,55,2.7295,1.0795001,7.800001,29.871325,73.0,83.70819,1008.9095,6.7,Snow fall: Moderate
2012-02-18 21:00:00+00:00,SAMSUN,55,3.4795,0.7795,2.8,17.0763,73.0,79.28117,1022.75903,10.0,Snow fall: Moderate
2012-02-19 21:00:00+00:00,SAMSUN,55,5.0795,-4.5705,0.6,11.440979,73.0,78.23443,1032.4845,14.92,Snow fall: Moderate
2012-02-20 21:00:00+00:00,SAMSUN,55,7.4795003,-4.6205,0.0,14.386494,3.0,68.804596,1030.1355,14.23,Overcast
2012-02-21 21:00:00+00:00,SAMSUN,55,7.9295,-5.0204997,0.0,12.88981,2.0,72.67582,1028.0076,14.04,Partly cloudy
2012-02-22 21:00:00+00:00,SAMSUN,55,7.1295,-0.47049993,0.0,10.182337,1.0,78.24604,1023.38477,13.87,Mainly clear
2012-02-23 21:00:00+00:00,SAMSUN,55,10.1795,-0.8704999,0.2,15.876775,51.0,71.37518,1012.861,14.63,Drizzle: Light
2012-02-24 21:00:00+00:00,SAMSUN,55,10.1795,0.27950007,4.0,14.799459,71.0,77.8601,1009.0139,7.43,Snow fall: Slight
2012-02-25 21:00:00+00:00,SAMSUN,55,10.7295,2.6295002,2.6000001,8.942214,53.0,87.05344,1008.6285,13.38,Drizzle: Moderate
2012-02-26 21:00:00+00:00,SAMSUN,55,10.9795,2.2795,1.8,10.30883,53.0,86.75042,1003.9018,8.15,Drizzle: Moderate
2012-02-27 21:00:00+00:00,SAMSUN,55,5.5295,1.0795001,12.5,16.808569,75.0,91.948326,1004.0864,4.56,Snow fall: Heavy
2012-02-28 21:00:00+00:00,SAMSUN,55,1.3795,0.42950004,13.199998,21.077686,73.0,87.34076,1001.62115,5.24,Snow fall: Moderate
2012-02-29 21:00:00+00:00,SAMSUN,55,2.7795,0.37950003,11.600001,19.483284,73.0,85.798225,1006.5103,10.01,Snow fall: Moderate
2012-03-01 21:00:00+00:00,SAMSUN,55,2.9795,-0.22049993,6.9,22.148046,73.0,84.4055,1011.87744,9.68,Snow fall: Moderate
2012-03-02 21:00:00+00:00,SAMSUN,55,6.5795,0.07950002,9.6,24.122686,75.0,76.49368,1007.0704,8.22,Snow fall: Heavy
2012-03-03 21:00:00+00:00,SAMSUN,55,3.8295002,-0.47049993,4.2000003,18.59845,73.0,78.00046,1012.118,9.32,Snow fall: Moderate
2012-03-04 21:00:00+00:00,SAMSUN,55,7.0795,-1.4204998,0.0,16.199999,3.0,71.463585,1017.87665,17.65,Overcast
2012-03-05 21:00:00+00:00,SAMSUN,55,3.5795002,-1.1204998,0.70000005,11.753876,71.0,80.41692,1019.039,11.46,Snow fall: Slight
2012-03-06 21:00:00+00:00,SAMSUN,55,2.9795,0.8295,1.7000002,12.496719,71.0,80.27567,1026.1559,8.94,Snow fall: Slight
2012-03-07 21:00:00+00:00,SAMSUN,55,6.3295,-4.1705,1.0,10.97262,71.0,85.002205,1024.7225,16.7,Snow fall: Slight
2012-03-08 21:00:00+00:00,SAMSUN,55,3.3295002,1.4295001,5.6999993,10.823973,73.0,87.91436,1028.7338,8.97,Snow fall: Moderate
2012-03-09 21:00:00+00:00,SAMSUN,55,2.9295,-4.7704997,2.0000002,14.512064,73.0,87.92214,1030.757,11.78,Snow fall: Moderate
2012-03-10 21:00:00+00:00,SAMSUN,55,5.6295,-3.3205,0.1,15.937878,51.0,79.7634,1021.7806,18.67,Drizzle: Light
2012-03-11 21:00:00+00:00,SAMSUN,55,10.329499,1.7795,6.7000003,9.531505,53.0,84.98124,1003.4213,13.0,Drizzle: Moderate
2012-03-12 21:00:00+00:00,SAMSUN,55,6.3795,3.3795002,2.0000002,10.296251,71.0,90.11848,1013.95233,6.69,Snow fall: Slight
2012-03-13 21:00:00+00:00,SAMSUN,55,3.8795002,2.4295,9.7,10.636766,73.0,92.33825,1011.75433,3.08,Snow fall: Moderate
2012-03-14 21:00:00+00:00,SAMSUN,55,6.4795003,1.4795,9.699999,15.509274,73.0,86.42382,1014.84625,6.18,Snow fall: Moderate
2012-03-15 21:00:00+00:00,SAMSUN,55,3.2295,-0.6705,3.6000001,18.681883,73.0,79.74572,1021.63696,16.85,Snow fall: Moderate
2012-03-16 21:00:00+00:00,SAMSUN,55,4.8295,-0.020499945,2.2,16.363178,71.0,75.80378,1028.4648,16.0,Snow fall: Slight
2012-03-17 21:00:00+00:00,SAMSUN,55,14.579499,0.029500067,0.0,16.610792,0.0,66.00495,1028.0994,20.08,Clear sky
2012-03-18 21:00:00+00:00,SAMSUN,55,16.4795,4.2295,0.0,15.778516,0.0,69.31328,1025.6478,20.25,Clear sky
2012-03-19 21:00:00+00:00,SAMSUN,55,16.9295,4.5795,0.0,13.104198,3.0,73.741135,1024.6559,20.31,Overcast
2012-03-20 21:00:00+00:00,SAMSUN,55,11.7295,3.9795,0.0,13.679999,1.0,80.30156,1027.5886,19.56,Mainly clear
2012-03-21 21:00:00+00:00,SAMSUN,55,11.329499,3.8795002,0.9,15.30741,51.0,78.70042,1024.9817,6.62,Drizzle: Light
2012-03-22 21:00:00+00:00,SAMSUN,55,10.4295,4.0295,0.90000004,9.605998,51.0,88.39862,1025.7103,10.32,Drizzle: Light
2012-03-23 21:00:00+00:00,SAMSUN,55,15.9795,3.2795,0.0,10.685391,1.0,75.606895,1020.5263,19.65,Mainly clear
2012-03-24 21:00:00+00:00,SAMSUN,55,11.879499,3.2795,0.1,11.4862,51.0,88.83216,1018.9798,19.14,Drizzle: Light
2012-03-25 21:00:00+00:00,SAMSUN,55,15.829499,4.2295,1.6000001,16.520823,71.0,80.68075,1012.2044,19.29,Snow fall: Slight
2012-03-26 21:00:00+00:00,SAMSUN,55,5.9795003,2.1795,2.1,19.469976,71.0,70.16467,1018.6091,17.04,Snow fall: Slight
2012-03-27 21:00:00+00:00,SAMSUN,55,8.4295,1.0795001,0.0,8.373386,3.0,74.41085,1014.4377,11.48,Overcast
2012-03-28 21:00:00+00:00,SAMSUN,55,10.579499,3.0795002,0.0,11.928989,3.0,81.672874,1014.27386,16.64,Overcast
2012-03-29 21:00:00+00:00,SAMSUN,55,18.379501,4.5295,0.0,23.664352,3.0,53.5802,1003.7658,21.18,Overcast
2012-03-30 21:00:00+00:00,SAMSUN,55,9.5295,5.8795,12.500002,9.114471,55.0,88.1921,1005.7244,14.67,Drizzle: Dense
2012-03-31 21:00:00+00:00,SAMSUN,55,19.029501,4.5795,2.3,16.870138,55.0,74.36736,1004.67706,20.4,Drizzle: Dense
2012-04-01 21:00:00+00:00,SAMSUN,55,10.2795,1.6295,8.4,15.978484,73.0,86.75341,1014.84076,7.22,Snow fall: Moderate
2012-04-02 21:00:00+00:00,SAMSUN,55,13.829499,0.7795,0.0,10.829959,1.0,83.37258,1019.65424,22.9,Mainly clear
2012-04-03 21:00:00+00:00,SAMSUN,55,18.129501,4.4295,0.0,10.685391,3.0,79.70118,1017.7662,22.07,Overcast
2012-04-04 21:00:00+00:00,SAMSUN,55,21.629501,8.1795,0.0,12.904882,3.0,77.54347,1014.54785,21.3,Overcast
2012-04-05 21:00:00+00:00,SAMSUN,55,22.3295,10.1795,0.3,13.910169,51.0,75.51634,1007.6599,21.52,Drizzle: Light
2012-04-06 21:00:00+00:00,SAMSUN,55,19.379501,11.7795,0.3,13.479583,51.0,84.40139,1004.1928,20.14,Drizzle: Light
2012-04-07 21:00:00+00:00,SAMSUN,55,22.2295,9.629499,0.0,10.00256,3.0,72.263664,999.4506,21.87,Overcast
2012-04-08 21:00:00+00:00,SAMSUN,55,19.029501,10.879499,4.8,19.130875,61.0,71.67154,997.21783,20.51,Rain: Slight
2012-04-09 21:00:00+00:00,SAMSUN,55,10.579499,7.8295,1.5000001,11.753876,51.0,89.415215,1008.2823,8.95,Drizzle: Light
2012-04-10 21:00:00+00:00,SAMSUN,55,11.9795,6.8295,0.0,12.819235,3.0,87.06232,1009.08234,13.7,Overcast
2012-04-11 21:00:00+00:00,SAMSUN,55,11.7295,7.4795003,0.8,7.8954163,51.0,87.119774,1009.2361,13.55,Drizzle: Light
2012-04-12 21:00:00+00:00,SAMSUN,55,17.629501,5.7295003,0.2,9.585739,51.0,85.693146,1009.146,22.08,Drizzle: Light
2012-04-13 21:00:00+00:00,SAMSUN,55,22.9795,8.4795,0.0,12.181625,3.0,74.19064,1004.71387,23.84,Overcast
2012-04-14 21:00:00+00:00,SAMSUN,55,22.779501,12.5295,3.3999999,14.003028,61.0,70.55441,1002.5928,15.82,Rain: Slight
2012-04-15 21:00:00+00:00,SAMSUN,55,16.9795,10.4795,2.0,9.746631,55.0,87.28532,1008.0279,15.47,Drizzle: Dense
2012-04-16 21:00:00+00:00,SAMSUN,55,19.629501,9.6795,0.0,14.565548,3.0,82.70384,1011.57806,22.93,Overcast
2012-04-17 21:00:00+00:00,SAMSUN,55,21.5795,9.879499,0.0,19.201874,3.0,67.40927,999.7859,23.73,Overcast
2012-04-18 21:00:00+00:00,SAMSUN,55,21.879501,11.4795,3.5,23.86341,61.0,62.978455,999.6005,22.87,Rain: Slight
2012-04-19 21:00:00+00:00,SAMSUN,55,18.7295,8.8295,0.3,11.525623,51.0,80.84787,1008.52075,21.05,Drizzle: Light
2012-04-20 21:00:00+00:00,SAMSUN,55,20.7295,9.129499,3.2000003,11.753877,61.0,81.19361,1007.51685,22.78,Rain: Slight
2012-04-21 21:00:00+00:00,SAMSUN,55,15.4795,10.7795,10.9,8.209263,61.0,86.841286,1011.7586,15.07,Rain: Slight
2012-04-22 21:00:00+00:00,SAMSUN,55,17.9295,8.9795,0.0,13.570615,2.0,80.30808,1015.3615,23.34,Partly cloudy
2012-04-23 21:00:00+00:00,SAMSUN,55,18.629501,7.0295,0.0,11.874544,1.0,78.02711,1014.3262,25.76,Mainly clear
2012-04-24 21:00:00+00:00,SAMSUN,55,20.4295,9.0295,0.0,10.829958,3.0,75.902214,1013.9612,24.25,Overcast
2012-04-25 21:00:00+00:00,SAMSUN,55,21.6795,9.4795,0.2,10.805999,51.0,77.823586,1013.2998,24.43,Drizzle: Light
2012-04-26 21:00:00+00:00,SAMSUN,55,18.7295,10.0295,0.0,10.685391,0.0,80.32218,1015.656,25.77,Clear sky
2012-04-27 21:00:00+00:00,SAMSUN,55,19.529501,9.329499,0.0,12.496718,0.0,73.92773,1016.7009,26.22,Clear sky
2012-04-28 21:00:00+00:00,SAMSUN,55,20.3295,9.579499,0.0,12.475961,0.0,73.71909,1016.512,26.17,Clear sky
2012-04-29 21:00:00+00:00,SAMSUN,55,20.129501,9.2295,0.0,11.246759,0.0,74.946075,1014.6592,26.55,Clear sky
2012-04-30 21:00:00+00:00,SAMSUN,55,20.4795,10.1795,0.0,12.682018,1.0,73.61768,1013.5915,26.52,Mainly clear
2012-05-01 21:00:00+00:00,SAMSUN,55,20.1795,10.2795,0.0,12.4811535,3.0,74.87623,1011.3787,26.67,Overcast
2012-05-02 21:00:00+00:00,SAMSUN,55,19.6795,10.829499,0.0,10.182337,3.0,75.73458,1005.64233,15.93,Overcast
2012-05-03 21:00:00+00:00,SAMSUN,55,19.9295,10.879499,0.0,11.457958,3.0,84.973114,1003.94293,24.09,Overcast
2012-05-04 21:00:00+00:00,SAMSUN,55,19.1795,12.079499,1.3000001,10.661107,51.0,88.36909,1006.7969,16.5,Drizzle: Light
2012-05-05 21:00:00+00:00,SAMSUN,55,21.0795,13.329499,0.3,10.948973,51.0,83.71694,1009.39886,18.95,Drizzle: Light
2012-05-06 21:00:00+00:00,SAMSUN,55,19.6795,13.329499,0.0,10.829959,3.0,83.63943,1011.9914,21.54,Overcast
2012-05-07 21:00:00+00:00,SAMSUN,55,19.2295,11.129499,0.0,11.983188,3.0,87.29941,1012.9875,23.45,Overcast
2012-05-08 21:00:00+00:00,SAMSUN,55,19.8295,11.9795,0.0,13.392774,3.0,87.24567,1014.96875,24.04,Overcast
2012-05-09 21:00:00+00:00,SAMSUN,55,19.629501,14.1795,0.0,14.003028,3.0,87.64843,1016.6679,19.49,Overcast
2012-05-10 21:00:00+00:00,SAMSUN,55,19.879501,13.4295,0.90000004,10.691453,51.0,87.44302,1015.7056,18.11,Drizzle: Light
2012-05-11 21:00:00+00:00,SAMSUN,55,20.3295,13.629499,0.0,15.077082,3.0,88.46996,1011.5632,20.65,Overcast
2012-05-12 21:00:00+00:00,SAMSUN,55,19.4295,14.129499,2.1000001,12.387348,53.0,89.72234,1006.5244,17.86,Drizzle: Moderate
2012-05-13 21:00:00+00:00,SAMSUN,55,19.379501,14.9795,2.8,10.009036,53.0,88.03243,1006.82416,16.2,Drizzle: Moderate
2012-05-14 21:00:00+00:00,SAMSUN,55,21.9795,13.1795,0.4,9.746631,51.0,84.79578,1006.9189,23.19,Drizzle: Light
2012-05-15 21:00:00+00:00,SAMSUN,55,24.3295,14.9795,3.9,12.7279215,61.0,76.315346,1005.2337,25.16,Rain: Slight
2012-05-16 21:00:00+00:00,SAMSUN,55,20.779501,14.629499,1.3000001,13.570615,53.0,85.25874,1006.6208,22.31,Drizzle: Moderate
2012-05-17 21:00:00+00:00,SAMSUN,55,22.9295,14.2795,0.8,13.392774,53.0,89.45895,1006.0595,24.16,Drizzle: Moderate
2012-05-18 21:00:00+00:00,SAMSUN,55,23.4795,15.879499,3.5,14.113653,55.0,86.65237,1007.6267,21.27,Drizzle: Dense
2012-05-19 21:00:00+00:00,SAMSUN,55,19.0795,15.7295,16.0,10.464797,61.0,93.53616,1010.43317,12.83,Rain: Slight
2012-05-20 21:00:00+00:00,SAMSUN,55,19.0795,15.079499,1.4000001,12.783802,55.0,86.330444,1011.9331,17.37,Drizzle: Dense
2012-05-21 21:00:00+00:00,SAMSUN,55,21.7295,12.7795,0.0,12.849528,3.0,84.11085,1010.40765,26.78,Overcast
2012-05-22 21:00:00+00:00,SAMSUN,55,21.3295,14.2295,3.9999998,19.08,55.0,86.07975,1005.32513,15.77,Drizzle: Dense
2012-05-23 21:00:00+00:00,SAMSUN,55,20.629501,12.629499,4.7999997,9.220499,61.0,84.838,1007.18463,21.28,Rain: Slight
2012-05-24 21:00:00+00:00,SAMSUN,55,18.029501,14.0295,16.1,8.287822,63.0,86.590675,1006.3284,13.56,Rain: Moderate
2012-05-25 21:00:00+00:00,SAMSUN,55,21.029501,12.2795,9.3,11.91812,61.0,86.864624,1009.9559,17.63,Rain: Slight
2012-05-26 21:00:00+00:00,SAMSUN,55,19.779501,15.4795,1.9000001,13.5515,53.0,86.21182,1013.6477,19.0,Drizzle: Moderate
2012-05-27 21:00:00+00:00,SAMSUN,55,22.4295,15.379499,13.7,10.495713,63.0,87.6439,1007.9621,23.15,Rain: Moderate
2012-05-28 21:00:00+00:00,SAMSUN,55,20.1795,14.329499,3.6999998,14.512064,53.0,90.190155,1008.25604,21.81,Drizzle: Moderate
2012-05-29 21:00:00+00:00,SAMSUN,55,19.9795,16.6295,17.999998,12.594856,63.0,92.858734,1011.46124,12.82,Rain: Moderate
2012-05-30 21:00:00+00:00,SAMSUN,55,18.9795,16.1295,8.699999,7.24486,61.0,91.14816,1013.0317,12.07,Rain: Slight
2012-05-31 21:00:00+00:00,SAMSUN,55,19.7295,14.629499,0.9000001,10.8955765,51.0,81.36971,1014.0732,21.92,Drizzle: Light
2012-06-01 21:00:00+00:00,SAMSUN,55,24.0795,12.4795,0.0,11.753877,2.0,80.821526,1015.4675,24.9,Partly cloudy
2012-06-02 21:00:00+00:00,SAMSUN,55,23.879501,15.1795,0.0,12.7279215,3.0,81.11344,1017.41095,27.4,Overcast
2012-06-03 21:00:00+00:00,SAMSUN,55,22.529501,17.279501,0.0,12.599998,3.0,80.973305,1012.23004,26.38,Overcast
2012-06-04 21:00:00+00:00,SAMSUN,55,25.4795,16.3295,3.1000001,8.942214,55.0,83.51435,1007.24603,25.51,Drizzle: Dense
2012-06-05 21:00:00+00:00,SAMSUN,55,26.3295,16.279501,8.5,11.298495,63.0,86.30277,1004.9224,25.37,Rain: Moderate
2012-06-06 21:00:00+00:00,SAMSUN,55,20.4795,17.4795,8.0,15.725037,55.0,85.87674,1007.836,12.08,Drizzle: Dense
2012-06-07 21:00:00+00:00,SAMSUN,55,20.9795,15.579499,1.1,15.856354,51.0,82.39535,1013.4146,20.04,Drizzle: Light
2012-06-08 21:00:00+00:00,SAMSUN,55,21.9795,15.0295,0.0,11.808878,3.0,86.2524,1016.6245,20.67,Overcast
2012-06-09 21:00:00+00:00,SAMSUN,55,22.8295,15.579499,0.0,13.37825,3.0,84.286156,1013.15796,25.86,Overcast
2012-06-10 21:00:00+00:00,SAMSUN,55,25.629501,16.529501,0.0,10.009036,3.0,86.06335,1006.9163,28.59,Overcast
2012-06-11 21:00:00+00:00,SAMSUN,55,27.029501,18.029501,0.0,10.703569,3.0,81.92577,1007.1509,29.07,Overcast
2012-06-12 21:00:00+00:00,SAMSUN,55,27.6795,16.0795,0.0,10.805998,0.0,80.38409,1008.03705,29.6,Clear sky
2012-06-13 21:00:00+00:00,SAMSUN,55,27.379501,18.029501,0.0,9.931042,3.0,82.67357,1006.9477,28.7,Overcast
2012-06-14 21:00:00+00:00,SAMSUN,55,27.029501,19.279501,0.0,12.313893,3.0,79.53058,1011.468,28.37,Overcast
2012-06-15 21:00:00+00:00,SAMSUN,55,25.4795,19.2295,0.5,17.518356,51.0,83.72861,1016.1521,20.32,Drizzle: Light
2012-06-16 21:00:00+00:00,SAMSUN,55,23.7295,17.3295,0.0,12.015589,3.0,78.501396,1018.5346,29.13,Overcast
2012-06-17 21:00:00+00:00,SAMSUN,55,25.6795,16.3295,0.0,14.759999,3.0,77.19311,1017.11945,28.93,Overcast
2012-06-18 21:00:00+00:00,SAMSUN,55,25.8295,17.8295,0.0,15.124284,1.0,79.30305,1014.0996,27.32,Mainly clear
2012-06-19 21:00:00+00:00,SAMSUN,55,25.4295,18.879501,0.0,16.203999,1.0,80.68447,1010.0918,27.32,Mainly clear
2012-06-20 21:00:00+00:00,SAMSUN,55,26.1795,18.3295,0.0,16.946787,1.0,79.34421,1007.95123,28.36,Mainly clear
2012-06-21 21:00:00+00:00,SAMSUN,55,26.379501,19.3295,0.0,13.70839,3.0,80.45626,1009.1595,24.9,Overcast
2012-06-22 21:00:00+00:00,SAMSUN,55,27.379501,18.029501,0.0,14.113653,0.0,79.03704,1010.8973,27.95,Clear sky
2012-06-23 21:00:00+00:00,SAMSUN,55,27.8295,20.529501,1.8,20.858265,51.0,80.75562,1010.2109,25.26,Drizzle: Light
2012-06-24 21:00:00+00:00,SAMSUN,55,27.8295,21.4295,0.0,18.671474,3.0,80.344185,1008.7182,25.0,Overcast
2012-06-25 21:00:00+00:00,SAMSUN,55,28.279501,21.129501,0.0,12.758432,1.0,82.2656,1008.32,26.71,Mainly clear
2012-06-26 21:00:00+00:00,SAMSUN,55,25.9295,20.2295,8.3,18.175545,63.0,85.48449,1009.41846,21.38,Rain: Moderate
2012-06-27 21:00:00+00:00,SAMSUN,55,23.279501,19.2295,19.400003,20.431387,63.0,74.56983,1011.63824,18.59,Rain: Moderate
2012-06-28 21:00:00+00:00,SAMSUN,55,23.5795,17.4795,0.5,10.495713,51.0,68.70777,1012.65796,23.39,Drizzle: Light
2012-06-29 21:00:00+00:00,SAMSUN,55,23.279501,16.2295,2.5,12.313893,53.0,78.274666,1013.27075,24.0,Drizzle: Moderate
2012-06-30 21:00:00+00:00,SAMSUN,55,23.0795,17.7295,1.5,13.202726,51.0,74.05703,1014.39496,23.34,Drizzle: Light
2012-07-01 21:00:00+00:00,SAMSUN,55,20.379501,16.4795,24.599998,16.343367,61.0,89.18418,1013.20074,15.56,Rain: Slight
2012-07-02 21:00:00+00:00,SAMSUN,55,22.8295,17.379501,35.4,14.658676,63.0,89.40693,1010.56696,16.52,Rain: Moderate
2012-07-03 21:00:00+00:00,SAMSUN,55,23.029501,18.4795,5.099999,13.441071,55.0,85.09208,1008.1651,15.42,Drizzle: Dense
2012-07-04 21:00:00+00:00,SAMSUN,55,23.279501,18.779501,13.0,12.413476,63.0,87.336845,1007.84155,18.02,Rain: Moderate
2012-07-05 21:00:00+00:00,SAMSUN,55,24.529501,18.1795,0.0,9.449572,3.0,85.711975,1008.0821,23.33,Overcast
2012-07-06 21:00:00+00:00,SAMSUN,55,26.4295,18.5795,2.0,10.883676,55.0,83.062325,1005.93994,21.28,Drizzle: Dense
2012-07-07 21:00:00+00:00,SAMSUN,55,24.379501,19.529501,6.2,10.009036,63.0,87.08483,1003.534,19.41,Rain: Moderate
2012-07-08 21:00:00+00:00,SAMSUN,55,24.8295,20.9295,6.4000006,17.654688,55.0,88.05481,1004.48804,12.48,Drizzle: Dense
2012-07-09 21:00:00+00:00,SAMSUN,55,26.3295,19.529501,0.0,17.399586,1.0,79.18868,1008.56024,26.52,Mainly clear
2012-07-10 21:00:00+00:00,SAMSUN,55,27.0795,17.7295,0.0,10.383987,1.0,76.396545,1010.5203,28.53,Mainly clear
2012-07-11 21:00:00+00:00,SAMSUN,55,27.0795,17.9795,0.0,10.948973,1.0,76.06724,1009.9357,28.04,Mainly clear
2012-07-12 21:00:00+00:00,SAMSUN,55,27.0795,18.0795,0.0,12.313894,1.0,76.86076,1009.48737,28.26,Mainly clear
2012-07-13 21:00:00+00:00,SAMSUN,55,26.879501,17.8295,0.0,10.739832,3.0,79.62485,1010.41455,27.44,Overcast
2012-07-14 21:00:00+00:00,SAMSUN,55,27.129501,18.779501,0.0,10.233123,3.0,78.47991,1011.742,27.26,Overcast
2012-07-15 21:00:00+00:00,SAMSUN,55,27.4795,19.129501,0.0,11.770403,3.0,84.249596,1008.7812,27.96,Overcast
2012-07-16 21:00:00+00:00,SAMSUN,55,26.9795,19.5795,0.0,16.981165,3.0,84.512535,1010.3491,22.76,Overcast
2012-07-17 21:00:00+00:00,SAMSUN,55,24.5795,21.529501,2.7,12.57426,51.0,85.5839,1011.63574,14.22,Drizzle: Light
2012-07-18 21:00:00+00:00,SAMSUN,55,25.7295,21.0795,0.0,14.689588,3.0,79.27249,1013.52124,16.64,Overcast
2012-07-19 21:00:00+00:00,SAMSUN,55,26.529501,18.3295,0.0,13.479583,1.0,79.43945,1011.85065,26.54,Mainly clear
2012-07-20 21:00:00+00:00,SAMSUN,55,26.5795,19.3295,0.0,11.019764,2.0,73.485695,1009.906,27.92,Partly cloudy
2012-07-21 21:00:00+00:00,SAMSUN,55,27.279501,18.379501,0.0,12.738099,1.0,76.20613,1006.7564,26.53,Mainly clear
2012-07-22 21:00:00+00:00,SAMSUN,55,28.0795,21.529501,0.0,12.181624,2.0,84.11078,1007.0103,23.23,Partly cloudy
2012-07-23 21:00:00+00:00,SAMSUN,55,29.029501,22.379501,0.0,13.450708,1.0,80.843895,1008.51807,25.28,Mainly clear
2012-07-24 21:00:00+00:00,SAMSUN,55,30.3295,21.5795,0.0,12.229406,0.0,78.38859,1007.9128,27.39,Clear sky
2012-07-25 21:00:00+00:00,SAMSUN,55,30.129501,20.9795,0.0,11.200571,2.0,82.9051,1004.92535,27.1,Partly cloudy
2012-07-26 21:00:00+00:00,SAMSUN,55,30.1795,22.029501,0.0,12.10157,3.0,80.14837,1003.6619,27.2,Overcast
2012-07-27 21:00:00+00:00,SAMSUN,55,29.029501,20.9295,0.0,11.792404,3.0,81.13424,1003.53143,21.38,Overcast
2012-07-28 21:00:00+00:00,SAMSUN,55,28.6795,21.379501,0.0,14.118243,3.0,83.17797,1004.2901,21.07,Overcast
2012-07-29 21:00:00+00:00,SAMSUN,55,29.029501,22.4795,1.3000001,13.339445,53.0,82.040474,1004.52045,22.11,Drizzle: Moderate
2012-07-30 21:00:00+00:00,SAMSUN,55,27.4795,22.2295,1.7,14.471821,53.0,83.44198,1004.8013,21.7,Drizzle: Moderate
2012-07-31 21:00:00+00:00,SAMSUN,55,27.629501,20.529501,0.0,14.05845,2.0,78.00019,1006.42474,22.11,Partly cloudy
2012-08-01 21:00:00+00:00,SAMSUN,55,27.6795,22.3295,0.0,12.229406,3.0,79.63981,1008.53375,18.06,Overcast
2012-08-02 21:00:00+00:00,SAMSUN,55,27.9795,22.379501,0.1,12.599998,51.0,83.66671,1008.469,19.41,Drizzle: Light
2012-08-03 21:00:00+00:00,SAMSUN,55,27.3295,22.129501,0.0,15.815435,2.0,84.30596,1008.54425,18.95,Partly cloudy
2012-08-04 21:00:00+00:00,SAMSUN,55,27.7295,21.7295,0.2,17.581125,51.0,78.175835,1008.404,18.88,Drizzle: Light
2012-08-05 21:00:00+00:00,SAMSUN,55,28.029501,22.4295,3.7,19.969458,61.0,76.2675,1008.42865,18.48,Rain: Slight
2012-08-06 21:00:00+00:00,SAMSUN,55,28.129501,22.1795,9.500001,20.767975,61.0,79.68279,1007.11115,17.49,Rain: Slight
2012-08-07 21:00:00+00:00,SAMSUN,55,26.9295,22.0795,7.0,12.641076,61.0,82.74482,1008.5376,13.32,Rain: Slight
2012-08-08 21:00:00+00:00,SAMSUN,55,26.8295,21.4795,6.9999995,14.386494,63.0,85.59934,1009.4651,16.66,Rain: Moderate
2012-08-09 21:00:00+00:00,SAMSUN,55,27.279501,21.629501,5.5999994,18.532133,55.0,82.57032,1010.10986,20.94,Drizzle: Dense
2012-08-10 21:00:00+00:00,SAMSUN,55,27.3295,21.879501,1.9000001,12.682018,51.0,81.49254,1008.8152,21.95,Drizzle: Light
2012-08-11 21:00:00+00:00,SAMSUN,55,27.879501,19.379501,0.0,12.313893,2.0,83.80045,1005.0197,24.89,Partly cloudy
2012-08-12 21:00:00+00:00,SAMSUN,55,25.379501,21.6795,1.9000001,15.683776,51.0,84.331116,1008.33966,15.48,Drizzle: Light
2012-08-13 21:00:00+00:00,SAMSUN,55,23.5795,20.529501,4.1000004,11.212135,53.0,84.93376,1011.0347,9.09,Drizzle: Moderate
2012-08-14 21:00:00+00:00,SAMSUN,55,24.6795,20.029501,0.4,12.819235,51.0,78.87051,1011.21674,17.73,Drizzle: Light
2012-08-15 21:00:00+00:00,SAMSUN,55,26.029501,18.629501,0.0,11.609651,2.0,69.84711,1010.3853,25.83,Partly cloudy
2012-08-16 21:00:00+00:00,SAMSUN,55,25.8295,16.9795,0.0,14.587776,1.0,71.7084,1012.4548,23.17,Mainly clear
2012-08-17 21:00:00+00:00,SAMSUN,55,23.6795,17.6795,0.7,11.874544,51.0,79.23415,1013.42377,16.86,Drizzle: Light
2012-08-18 21:00:00+00:00,SAMSUN,55,23.029501,18.879501,6.6999993,15.141414,61.0,86.13206,1014.1148,15.48,Rain: Slight
2012-08-19 21:00:00+00:00,SAMSUN,55,23.2295,18.4795,1.8000001,15.5843,51.0,80.44451,1015.98956,18.35,Drizzle: Light
2012-08-20 21:00:00+00:00,SAMSUN,55,25.3295,17.4795,0.0,9.178235,1.0,74.729324,1015.4212,20.6,Mainly clear
2012-08-21 21:00:00+00:00,SAMSUN,55,25.5795,18.8295,2.9,16.299694,53.0,79.2464,1015.1936,18.18,Drizzle: Moderate
2012-08-22 21:00:00+00:00,SAMSUN,55,24.379501,18.029501,0.0,12.768586,3.0,76.26367,1015.9134,23.12,Overcast
2012-08-23 21:00:00+00:00,SAMSUN,55,24.4295,13.879499,0.0,12.287555,2.0,70.07238,1013.8497,24.47,Partly cloudy
2012-08-24 21:00:00+00:00,SAMSUN,55,25.0795,15.379499,0.0,11.792404,2.0,76.84625,1012.5845,23.68,Partly cloudy
2012-08-25 21:00:00+00:00,SAMSUN,55,25.9295,17.779501,0.0,13.527572,3.0,82.18982,1009.44806,22.18,Overcast
2012-08-26 21:00:00+00:00,SAMSUN,55,28.7295,18.379501,0.0,10.948973,2.0,81.45011,1002.6973,23.31,Partly cloudy
2012-08-27 21:00:00+00:00,SAMSUN,55,26.779501,20.029501,1.7,14.205182,53.0,83.394,1003.84644,16.27,Drizzle: Moderate
2012-08-28 21:00:00+00:00,SAMSUN,55,23.629501,18.379501,0.0,18.043148,3.0,66.34643,1012.89594,15.71,Overcast
2012-08-29 21:00:00+00:00,SAMSUN,55,23.129501,15.379499,0.0,12.88981,2.0,67.58309,1016.15704,17.2,Partly cloudy
2012-08-30 21:00:00+00:00,SAMSUN,55,23.6795,14.879499,0.0,13.392774,3.0,67.303406,1014.54224,17.61,Overcast
2012-08-31 21:00:00+00:00,SAMSUN,55,23.529501,19.4295,0.1,18.0036,51.0,67.794235,1016.0927,14.33,Drizzle: Light
2012-09-01 21:00:00+00:00,SAMSUN,55,24.0795,19.0795,0.0,15.188415,2.0,74.74927,1018.4011,15.89,Partly cloudy
2012-09-02 21:00:00+00:00,SAMSUN,55,24.5795,17.1795,0.0,12.904882,2.0,75.95048,1016.2159,19.34,Partly cloudy
2012-09-03 21:00:00+00:00,SAMSUN,55,24.879501,16.6795,0.0,13.527572,3.0,80.00468,1013.0398,18.86,Overcast
2012-09-04 21:00:00+00:00,SAMSUN,55,25.0795,19.7295,0.0,14.57889,3.0,82.340706,1012.85187,15.12,Overcast
2012-09-05 21:00:00+00:00,SAMSUN,55,25.4295,17.4295,0.0,14.118243,2.0,79.42142,1011.03534,21.32,Partly cloudy
2012-09-06 21:00:00+00:00,SAMSUN,55,24.5795,17.629501,0.0,14.332341,3.0,80.197716,1011.26215,18.05,Overcast
2012-09-07 21:00:00+00:00,SAMSUN,55,22.4295,16.7295,7.7999997,14.372974,61.0,84.2115,1013.2344,13.87,Rain: Slight
2012-09-08 21:00:00+00:00,SAMSUN,55,22.2295,17.4795,2.9,13.217443,55.0,74.45373,1014.1914,14.26,Drizzle: Dense
2012-09-09 21:00:00+00:00,SAMSUN,55,21.029501,17.1795,1.3000001,14.118243,51.0,73.52597,1017.85815,12.01,Drizzle: Light
2012-09-10 21:00:00+00:00,SAMSUN,55,21.2295,14.329499,0.0,11.659777,2.0,70.1061,1017.3606,17.46,Partly cloudy
2012-09-11 21:00:00+00:00,SAMSUN,55,22.9295,13.5295,0.0,15.256526,1.0,78.09854,1011.02594,20.57,Mainly clear
2012-09-12 21:00:00+00:00,SAMSUN,55,24.6795,16.0795,0.0,11.480557,3.0,82.59457,1007.3515,19.05,Overcast
2012-09-13 21:00:00+00:00,SAMSUN,55,24.379501,18.279501,0.0,11.966954,3.0,85.23199,1011.6182,14.7,Overcast
2012-09-14 21:00:00+00:00,SAMSUN,55,26.029501,18.529501,0.0,11.966953,3.0,83.41199,1011.4792,18.87,Overcast
2012-09-15 21:00:00+00:00,SAMSUN,55,26.3295,18.129501,0.0,13.37825,3.0,80.453674,1010.2136,19.58,Overcast
2012-09-16 21:00:00+00:00,SAMSUN,55,24.7295,18.3295,0.0,11.966954,3.0,82.66431,1010.49585,17.89,Overcast
2012-09-17 21:00:00+00:00,SAMSUN,55,25.529501,17.6795,0.0,13.779114,2.0,82.37128,1010.3759,18.8,Partly cloudy
2012-09-18 21:00:00+00:00,SAMSUN,55,24.879501,17.379501,0.0,12.496718,3.0,83.786415,1008.2203,15.57,Overcast
2012-09-19 21:00:00+00:00,SAMSUN,55,25.379501,18.629501,0.0,13.70839,3.0,82.92907,1008.8938,15.4,Overcast
2012-09-20 21:00:00+00:00,SAMSUN,55,25.3295,18.7295,1.4000001,10.587918,53.0,84.30814,1009.4861,14.3,Drizzle: Moderate
2012-09-21 21:00:00+00:00,SAMSUN,55,20.8295,16.8795,21.699997,16.595179,63.0,89.2123,1012.1005,5.28,Rain: Moderate
2012-09-22 21:00:00+00:00,SAMSUN,55,22.279501,15.879499,0.0,13.53236,3.0,78.582565,1016.36383,14.01,Overcast
2012-09-23 21:00:00+00:00,SAMSUN,55,23.029501,15.079499,0.0,13.849476,3.0,81.63539,1014.60004,17.84,Overcast
2012-09-24 21:00:00+00:00,SAMSUN,55,25.4795,14.879499,0.0,9.83268,3.0,81.95394,1009.7928,18.34,Overcast
2012-09-25 21:00:00+00:00,SAMSUN,55,26.029501,15.9795,0.0,9.693296,3.0,77.64862,1012.72955,18.0,Overcast
2012-09-26 21:00:00+00:00,SAMSUN,55,26.2295,15.2795,0.0,11.183201,0.0,79.46903,1015.7576,18.12,Clear sky
2012-09-27 21:00:00+00:00,SAMSUN,55,26.029501,14.879499,0.0,12.245293,1.0,82.31506,1016.82855,18.13,Mainly clear
2012-09-28 21:00:00+00:00,SAMSUN,55,24.1795,15.579499,0.0,11.212135,3.0,84.23535,1017.91266,17.01,Overcast
2012-09-29 21:00:00+00:00,SAMSUN,55,24.529501,15.079499,0.0,11.681987,2.0,80.30991,1018.5764,17.17,Partly cloudy
2012-09-30 21:00:00+00:00,SAMSUN,55,24.279501,14.829499,0.0,10.948973,3.0,83.18284,1019.78204,16.27,Overcast
2012-10-01 21:00:00+00:00,SAMSUN,55,23.9795,16.5795,0.0,10.163227,3.0,84.073204,1016.90283,13.75,Overcast
2012-10-02 21:00:00+00:00,SAMSUN,55,26.4295,16.8795,2.5,9.360001,53.0,84.614555,1011.34515,15.4,Drizzle: Moderate
2012-10-03 21:00:00+00:00,SAMSUN,55,24.279501,18.029501,11.700001,9.565437,61.0,83.08202,1010.3518,11.07,Rain: Slight
2012-10-04 21:00:00+00:00,SAMSUN,55,23.879501,16.4295,0.2,10.97262,51.0,84.42613,1013.14264,14.12,Drizzle: Light
2012-10-05 21:00:00+00:00,SAMSUN,55,23.1795,16.6295,0.0,13.089354,2.0,84.74429,1018.2808,12.77,Partly cloudy
2012-10-06 21:00:00+00:00,SAMSUN,55,23.0795,15.9795,0.0,12.10157,2.0,85.26257,1013.96564,14.95,Partly cloudy
2012-10-07 21:00:00+00:00,SAMSUN,55,26.279501,15.9795,3.4,10.990322,55.0,81.117874,1006.44293,14.67,Drizzle: Dense
2012-10-08 21:00:00+00:00,SAMSUN,55,18.6795,14.329499,11.1,17.072504,61.0,83.99368,1012.12994,4.41,Rain: Slight
2012-10-09 21:00:00+00:00,SAMSUN,55,21.3295,12.4795,0.0,12.661564,3.0,81.630165,1010.86816,14.82,Overcast
2012-10-10 21:00:00+00:00,SAMSUN,55,18.629501,14.4295,19.7,19.0392,61.0,92.94461,1006.7448,3.29,Rain: Slight
2012-10-11 21:00:00+00:00,SAMSUN,55,20.629501,15.829499,3.4000003,16.071491,55.0,81.57792,1015.0886,9.92,Drizzle: Dense
2012-10-12 21:00:00+00:00,SAMSUN,55,22.3295,12.7295,0.0,10.495713,3.0,83.99064,1016.4204,13.23,Overcast
2012-10-13 21:00:00+00:00,SAMSUN,55,24.279501,13.4795,0.0,11.983188,0.0,78.83929,1013.80524,15.03,Clear sky
2012-10-14 21:00:00+00:00,SAMSUN,55,25.9795,14.5295,0.0,13.281023,0.0,73.74621,1014.8648,14.95,Clear sky
2012-10-15 21:00:00+00:00,SAMSUN,55,26.3295,15.329499,0.0,11.885453,0.0,77.361595,1017.29755,14.53,Clear sky
2012-10-16 21:00:00+00:00,SAMSUN,55,26.0795,15.5295,0.0,10.1887,1.0,80.14029,1017.53644,14.37,Mainly clear
2012-10-17 21:00:00+00:00,SAMSUN,55,21.9795,15.5295,0.0,13.627795,2.0,82.03372,1020.1831,13.32,Partly cloudy
2012-10-18 21:00:00+00:00,SAMSUN,55,19.379501,14.329499,0.0,13.104198,2.0,84.00274,1020.2913,10.15,Partly cloudy
2012-10-19 21:00:00+00:00,SAMSUN,55,18.5795,14.079499,1.5000001,10.514218,51.0,89.4231,1016.64764,4.64,Drizzle: Light
2012-10-20 21:00:00+00:00,SAMSUN,55,21.279501,15.329499,0.0,9.504273,3.0,89.55212,1014.6652,12.84,Overcast
2012-10-21 21:00:00+00:00,SAMSUN,55,22.7295,14.4295,0.0,9.504272,3.0,87.26453,1013.6895,12.98,Overcast
2012-10-22 21:00:00+00:00,SAMSUN,55,20.879501,15.2295,0.90000004,7.10031,51.0,90.48946,1012.5174,8.59,Drizzle: Light
2012-10-23 21:00:00+00:00,SAMSUN,55,20.1795,16.2295,3.2,7.928177,55.0,88.925316,1012.9126,9.44,Drizzle: Dense
2012-10-24 21:00:00+00:00,SAMSUN,55,17.7295,15.879499,4.3,9.693296,53.0,89.28305,1011.17554,4.92,Drizzle: Moderate
2012-10-25 21:00:00+00:00,SAMSUN,55,19.5795,13.4295,0.2,8.049845,51.0,84.64479,1009.49994,9.19,Drizzle: Light
2012-10-26 21:00:00+00:00,SAMSUN,55,21.129501,12.629499,0.0,10.685391,3.0,84.10967,1011.2437,12.45,Overcast
2012-10-27 21:00:00+00:00,SAMSUN,55,25.0795,14.5295,0.0,18.03237,3.0,59.637604,1010.8826,12.64,Overcast
2012-10-28 21:00:00+00:00,SAMSUN,55,26.6795,17.2295,0.0,19.164717,3.0,57.60944,1009.74725,11.21,Overcast
2012-10-29 21:00:00+00:00,SAMSUN,55,24.3295,16.4295,0.5,15.1884165,53.0,68.63091,1005.7288,7.34,Drizzle: Moderate
2012-10-30 21:00:00+00:00,SAMSUN,55,16.9795,15.7795,3.6999998,10.24578,53.0,88.67331,1016.20514,3.36,Drizzle: Moderate
2012-10-31 21:00:00+00:00,SAMSUN,55,20.4795,15.329499,0.5,11.928989,51.0,87.229164,1015.9742,9.17,Drizzle: Light
2012-11-01 21:00:00+00:00,SAMSUN,55,23.6795,14.2795,0.1,12.594856,51.0,79.93522,1011.0032,8.9,Drizzle: Light
2012-11-02 21:00:00+00:00,SAMSUN,55,20.2295,14.9795,3.2,12.538134,53.0,83.7,1012.41675,5.55,Drizzle: Moderate
2012-11-03 21:00:00+00:00,SAMSUN,55,19.7295,14.829499,0.70000005,9.565437,51.0,88.96575,1017.4184,9.0,Drizzle: Light
2012-11-04 21:00:00+00:00,SAMSUN,55,22.779501,14.0295,0.0,11.983188,3.0,82.51246,1012.8804,9.58,Overcast
2012-11-05 21:00:00+00:00,SAMSUN,55,24.9295,13.9795,0.0,15.575981,3.0,68.021515,1009.58203,10.44,Overcast
2012-11-06 21:00:00+00:00,SAMSUN,55,19.5795,13.1795,18.199999,20.275385,65.0,87.26728,1012.4494,6.21,Rain: Heavy
2012-11-07 21:00:00+00:00,SAMSUN,55,13.0295,12.2795,33.1,16.263872,61.0,87.68575,1016.5992,2.3,Rain: Slight
2012-11-08 21:00:00+00:00,SAMSUN,55,12.379499,11.6795,25.5,16.78156,61.0,89.383095,1012.8935,1.25,Rain: Slight
2012-11-09 21:00:00+00:00,SAMSUN,55,12.629499,11.6795,16.599998,16.79314,55.0,88.80584,1012.0341,1.68,Drizzle: Dense
2012-11-10 21:00:00+00:00,SAMSUN,55,13.7295,11.9295,11.6,17.906157,55.0,92.02589,1016.2017,1.77,Drizzle: Dense
2012-11-11 21:00:00+00:00,SAMSUN,55,14.0295,12.2795,11.9,23.78453,61.0,86.32938,1021.37646,3.24,Rain: Slight
2012-11-12 21:00:00+00:00,SAMSUN,55,14.9795,12.129499,0.0,8.373386,3.0,80.88409,1021.6761,6.04,Overcast
2012-11-13 21:00:00+00:00,SAMSUN,55,14.0295,10.4295,0.0,11.753877,3.0,86.32842,1020.8074,4.22,Overcast
2012-11-14 21:00:00+00:00,SAMSUN,55,14.1795,9.2295,0.0,8.714677,3.0,80.728516,1022.7847,7.16,Overcast
2012-11-15 21:00:00+00:00,SAMSUN,55,14.329499,8.629499,0.2,8.209263,51.0,88.39847,1021.8215,7.16,Drizzle: Light
2012-11-16 21:00:00+00:00,SAMSUN,55,15.1795,12.2295,3.7999995,12.9249525,51.0,90.197815,1021.0369,3.56,Drizzle: Light
2012-11-17 21:00:00+00:00,SAMSUN,55,15.829499,13.129499,0.5,10.948973,51.0,88.33718,1018.4055,5.43,Drizzle: Light
2012-11-18 21:00:00+00:00,SAMSUN,55,15.9795,12.7295,0.1,6.9899354,51.0,88.34922,1018.6958,4.89,Drizzle: Light
2012-11-19 21:00:00+00:00,SAMSUN,55,15.1795,12.329499,1.2,5.3517847,51.0,88.86324,1020.0689,5.32,Drizzle: Light
2012-11-20 21:00:00+00:00,SAMSUN,55,14.879499,10.2795,0.0,5.495161,3.0,86.52399,1019.3564,7.67,Overcast
2012-11-21 21:00:00+00:00,SAMSUN,55,13.7795,9.4295,0.6,9.19939,51.0,89.67991,1018.562,4.76,Drizzle: Light
2012-11-22 21:00:00+00:00,SAMSUN,55,13.129499,11.579499,9.8,9.360001,61.0,92.61318,1018.6079,2.89,Rain: Slight
2012-11-23 21:00:00+00:00,SAMSUN,55,12.129499,10.379499,11.999997,8.534353,55.0,90.519714,1019.0593,3.21,Drizzle: Dense
2012-11-24 21:00:00+00:00,SAMSUN,55,11.9795,8.7795,6.299999,8.905908,53.0,91.662384,1019.92535,4.09,Drizzle: Moderate
2012-11-25 21:00:00+00:00,SAMSUN,55,12.629499,7.6795,0.0,7.127636,3.0,85.390434,1020.2168,5.79,Overcast
2012-11-26 21:00:00+00:00,SAMSUN,55,14.7295,6.5795,0.0,11.298495,3.0,85.16978,1018.7732,8.6,Overcast
2012-11-27 21:00:00+00:00,SAMSUN,55,16.9295,8.0795,0.0,16.279802,3.0,74.4922,1016.1452,9.09,Overcast
2012-11-28 21:00:00+00:00,SAMSUN,55,17.7295,8.629499,0.0,15.575981,3.0,67.17706,1013.6956,7.33,Overcast
2012-11-29 21:00:00+00:00,SAMSUN,55,19.8295,12.7295,0.0,18.58451,3.0,59.1503,1012.58026,8.63,Overcast
2012-11-30 21:00:00+00:00,SAMSUN,55,20.129501,12.629499,0.3,16.267857,51.0,67.24269,1013.76074,7.17,Drizzle: Light
2012-12-01 21:00:00+00:00,SAMSUN,55,19.4795,10.079499,0.0,15.077082,3.0,74.57946,1014.1608,8.38,Overcast
2012-12-02 21:00:00+00:00,SAMSUN,55,21.879501,11.129499,15.2,22.26477,63.0,68.004036,1003.69116,6.63,Rain: Moderate
2012-12-03 21:00:00+00:00,SAMSUN,55,15.2295,9.2295,25.8,23.828083,63.0,86.4824,995.97656,6.19,Rain: Moderate
2012-12-04 21:00:00+00:00,SAMSUN,55,11.329499,5.7295003,21.499998,26.882141,71.0,78.73678,1003.7615,3.24,Snow fall: Slight
2012-12-05 21:00:00+00:00,SAMSUN,55,11.7295,5.8795,0.0,17.87718,3.0,73.39404,1004.23456,4.5,Overcast
2012-12-06 21:00:00+00:00,SAMSUN,55,12.579499,6.5295,2.6000001,13.217443,53.0,85.309456,1006.0137,7.42,Drizzle: Moderate
2012-12-07 21:00:00+00:00,SAMSUN,55,8.7795,6.0295,0.7,21.566973,51.0,77.39441,1016.69745,5.41,Drizzle: Light
2012-12-08 21:00:00+00:00,SAMSUN,55,13.079499,3.8295002,0.0,14.408997,3.0,78.12188,1015.19965,7.95,Overcast
2012-12-09 21:00:00+00:00,SAMSUN,55,13.4295,8.0295,0.1,15.509274,51.0,75.09188,1004.80035,3.82,Drizzle: Light
2012-12-10 21:00:00+00:00,SAMSUN,55,11.4295,8.0295,4.5,11.043261,55.0,84.84118,1006.27905,1.84,Drizzle: Dense
2012-12-11 21:00:00+00:00,SAMSUN,55,13.629499,7.5295,0.0,16.327497,3.0,77.73724,1011.14014,4.98,Overcast
2012-12-12 21:00:00+00:00,SAMSUN,55,9.6795,4.2795,25.199995,15.629972,73.0,89.06076,1019.8696,1.54,Snow fall: Moderate
2012-12-13 21:00:00+00:00,SAMSUN,55,6.7795,4.0795,2.3,13.276144,73.0,74.95402,1027.7534,5.86,Snow fall: Moderate
2012-12-14 21:00:00+00:00,SAMSUN,55,7.4295,0.22950006,0.0,7.7879906,3.0,79.015015,1026.8066,7.44,Overcast
2012-12-15 21:00:00+00:00,SAMSUN,55,8.0795,-0.2705,0.0,7.10031,3.0,77.07514,1020.37445,6.96,Overcast
2012-12-16 21:00:00+00:00,SAMSUN,55,9.4795,4.4795,4.2,9.339208,53.0,79.127144,1014.10986,5.47,Drizzle: Moderate
2012-12-17 21:00:00+00:00,SAMSUN,55,11.2295,6.4295,7.2999997,9.0,55.0,87.533226,1010.6047,4.33,Drizzle: Dense
2012-12-18 21:00:00+00:00,SAMSUN,55,11.879499,7.0295,3.0000002,13.0447235,53.0,87.49871,1006.5496,4.35,Drizzle: Moderate
2012-12-19 21:00:00+00:00,SAMSUN,55,13.0295,7.1295,1.1000001,10.24578,51.0,83.49388,1001.6954,4.38,Drizzle: Light
2012-12-20 21:00:00+00:00,SAMSUN,55,9.2295,7.4295,6.899999,15.137133,61.0,94.85288,1005.6403,1.89,Rain: Slight
2012-12-21 21:00:00+00:00,SAMSUN,55,7.6795,6.4295,3.5,9.290511,51.0,90.54067,1014.2871,2.08,Drizzle: Light
2012-12-22 21:00:00+00:00,SAMSUN,55,7.2795,5.7295003,14.4,10.105681,71.0,90.89322,1017.9504,1.17,Snow fall: Slight
2012-12-23 21:00:00+00:00,SAMSUN,55,6.2795,5.1295,12.200001,9.422101,73.0,89.014824,1021.70337,2.64,Snow fall: Moderate
2012-12-24 21:00:00+00:00,SAMSUN,55,10.129499,2.7295,0.0,12.979984,3.0,83.55667,1023.95074,5.42,Overcast
2012-12-25 21:00:00+00:00,SAMSUN,55,14.5295,3.5795002,0.0,16.485485,0.0,77.46833,1022.4112,8.06,Clear sky
2012-12-26 21:00:00+00:00,SAMSUN,55,16.6795,7.9295,0.0,20.00512,3.0,73.321846,1018.07965,7.53,Overcast
2012-12-27 21:00:00+00:00,SAMSUN,55,13.7295,6.9295,0.0,10.739832,3.0,82.58918,1016.27606,6.04,Overcast
2012-12-28 21:00:00+00:00,SAMSUN,55,11.629499,6.9295,9.499999,14.05845,61.0,91.241974,1017.9063,3.82,Rain: Slight
2012-12-29 21:00:00+00:00,SAMSUN,55,8.0295,3.3295002,8.0,15.856356,55.0,88.14117,1025.8544,3.75,Drizzle: Dense
2012-12-30 21:00:00+00:00,SAMSUN,55,10.4295,1.8295,0.0,10.805998,2.0,79.76104,1023.6796,8.08,Partly cloudy
2012-12-31 21:00:00+00:00,SAMSUN,55,11.329499,2.3795002,0.0,11.384198,3.0,79.97237,1020.0703,8.32,Overcast
2013-01-01 21:00:00+00:00,SAMSUN,55,11.9795,1.4295001,0.0,11.792404,0.0,81.7508,1022.80865,8.52,Clear sky
2013-01-02 21:00:00+00:00,SAMSUN,55,12.4795,4.0795,0.0,14.05845,0.0,81.398636,1025.7264,8.44,Clear sky
2013-01-03 21:00:00+00:00,SAMSUN,55,10.2295,2.7295,0.0,7.42159,3.0,89.58655,1018.7037,6.45,Overcast
2013-01-04 21:00:00+00:00,SAMSUN,55,6.5295,2.6795,10.0,5.00128,73.0,92.387856,1009.10565,1.19,Snow fall: Moderate
2013-01-05 21:00:00+00:00,SAMSUN,55,7.5295,0.8295,0.7,9.449572,71.0,87.71174,1006.08453,5.94,Snow fall: Slight
2013-01-06 21:00:00+00:00,SAMSUN,55,3.7295,2.2295,19.3,18.532133,73.0,93.705376,1004.6479,2.24,Snow fall: Moderate
2013-01-07 21:00:00+00:00,SAMSUN,55,2.4795,0.97950006,4.499999,20.140705,73.0,81.000275,1011.0039,4.41,Snow fall: Moderate
2013-01-08 21:00:00+00:00,SAMSUN,55,4.2295,1.1795001,1.5,20.08916,71.0,74.55915,1011.5528,7.19,Snow fall: Slight
2013-01-09 21:00:00+00:00,SAMSUN,55,3.3795002,-4.4705,8.8,15.256526,73.0,88.15665,1016.9531,4.7,Snow fall: Moderate
2013-01-10 21:00:00+00:00,SAMSUN,55,4.7795,-4.1705,0.0,20.608229,3.0,65.566086,1017.22614,8.16,Overcast
2013-01-11 21:00:00+00:00,SAMSUN,55,8.129499,3.6795,0.4,25.603062,51.0,65.32391,1014.21265,4.6,Drizzle: Light
2013-01-12 21:00:00+00:00,SAMSUN,55,10.579499,5.6295,7.2,15.990646,71.0,80.221794,1016.4876,5.41,Snow fall: Slight
2013-01-13 21:00:00+00:00,SAMSUN,55,6.3795,1.7795,2.1000001,8.707238,71.0,86.78339,1027.8824,4.0,Snow fall: Slight
2013-01-14 21:00:00+00:00,SAMSUN,55,11.2295,0.37950003,0.0,14.458382,3.0,82.836105,1026.7076,9.23,Overcast
2013-01-15 21:00:00+00:00,SAMSUN,55,13.9795,4.7795,0.0,19.813087,3.0,58.8337,1016.9383,9.67,Overcast
2013-01-16 21:00:00+00:00,SAMSUN,55,12.879499,5.5795,0.0,24.967497,3.0,49.746277,1008.0181,7.73,Overcast
2013-01-17 21:00:00+00:00,SAMSUN,55,13.829499,6.6295,0.0,16.676977,3.0,62.230927,1009.47955,4.97,Overcast
2013-01-18 21:00:00+00:00,SAMSUN,55,14.4795,8.2795,1.4,20.60823,53.0,51.49025,1004.5252,7.11,Drizzle: Moderate
2013-01-19 21:00:00+00:00,SAMSUN,55,13.379499,7.8295,0.3,23.740902,51.0,61.52451,1010.3587,8.58,Drizzle: Light
2013-01-20 21:00:00+00:00,SAMSUN,55,17.6795,8.1795,0.0,16.79314,3.0,65.62982,1012.75806,9.26,Overcast
2013-01-21 21:00:00+00:00,SAMSUN,55,17.4795,10.329499,0.0,17.31746,3.0,59.559803,1006.5036,8.81,Overcast
2013-01-22 21:00:00+00:00,SAMSUN,55,16.1795,6.4795003,0.4,16.075521,51.0,72.28002,1008.2647,9.53,Drizzle: Light
2013-01-23 21:00:00+00:00,SAMSUN,55,13.579499,5.1795,0.6,8.557102,51.0,86.97416,1012.4716,9.13,Drizzle: Light
2013-01-24 21:00:00+00:00,SAMSUN,55,15.2295,5.3295,0.90000004,17.283749,51.0,74.75781,1004.11017,5.34,Drizzle: Light
2013-01-25 21:00:00+00:00,SAMSUN,55,15.1795,6.0295,0.0,10.587917,3.0,78.743996,1006.83966,7.78,Overcast
2013-01-26 21:00:00+00:00,SAMSUN,55,14.7795,6.5795,1.7,10.195057,51.0,80.0252,1005.8132,7.71,Drizzle: Light
2013-01-27 21:00:00+00:00,SAMSUN,55,8.7795,6.1295,4.9,10.1887,53.0,94.520424,1011.5771,5.19,Drizzle: Moderate
2013-01-28 21:00:00+00:00,SAMSUN,55,6.8795,4.4295,21.500002,23.424908,73.0,91.91613,1013.15826,2.37,Snow fall: Moderate
2013-01-29 21:00:00+00:00,SAMSUN,55,5.4295,3.5295,4.7,9.983106,73.0,85.87881,1014.8193,4.3,Snow fall: Moderate
2013-01-30 21:00:00+00:00,SAMSUN,55,5.7795,2.9795,4.9999995,9.449572,73.0,84.35032,1011.3601,6.17,Snow fall: Moderate
2013-01-31 21:00:00+00:00,SAMSUN,55,8.5295,1.2795,0.2,12.682018,51.0,82.32148,1009.3859,5.62,Drizzle: Light
2013-02-01 21:00:00+00:00,SAMSUN,55,12.129499,1.8295,0.2,12.429127,51.0,72.13679,1011.73114,11.67,Drizzle: Light
2013-02-02 21:00:00+00:00,SAMSUN,55,18.0795,6.6795,0.0,23.090569,3.0,52.40053,1012.83746,11.63,Overcast
2013-02-03 21:00:00+00:00,SAMSUN,55,18.529501,8.0295,0.0,24.627789,3.0,57.364532,1014.5713,11.74,Overcast
2013-02-04 21:00:00+00:00,SAMSUN,55,11.629499,7.5295,0.3,14.113652,51.0,78.00732,1015.62036,9.61,Drizzle: Light
2013-02-05 21:00:00+00:00,SAMSUN,55,17.2295,6.7295003,0.1,17.114204,51.0,72.061775,1008.1741,10.1,Drizzle: Light
2013-02-06 21:00:00+00:00,SAMSUN,55,19.3295,9.4295,0.0,19.813087,2.0,61.41945,1008.41943,12.09,Partly cloudy
2013-02-07 21:00:00+00:00,SAMSUN,55,17.4295,9.1795,0.0,20.12461,1.0,57.73166,1009.4002,12.29,Mainly clear
2013-02-08 21:00:00+00:00,SAMSUN,55,17.529501,8.4795,0.2,21.829777,51.0,59.83949,1011.1827,11.31,Drizzle: Light
2013-02-09 21:00:00+00:00,SAMSUN,55,16.779501,5.5795,0.0,12.10157,3.0,77.59133,1011.451,12.42,Overcast
2013-02-10 21:00:00+00:00,SAMSUN,55,15.2295,8.129499,4.7999997,11.720751,55.0,82.1854,1006.57666,9.29,Drizzle: Dense
2013-02-11 21:00:00+00:00,SAMSUN,55,9.629499,6.3795,3.5000002,10.636766,51.0,88.47672,1017.1213,8.08,Drizzle: Light
2013-02-12 21:00:00+00:00,SAMSUN,55,12.2795,4.5295,0.0,11.879999,3.0,88.46148,1020.541,12.1,Overcast
2013-02-13 21:00:00+00:00,SAMSUN,55,13.7295,3.8295002,0.0,9.9571085,3.0,85.09218,1013.39215,12.59,Overcast
2013-02-14 21:00:00+00:00,SAMSUN,55,14.329499,5.0295,1.5999999,14.973577,53.0,72.28208,1004.2906,7.67,Drizzle: Moderate
2013-02-15 21:00:00+00:00,SAMSUN,55,7.8795,4.9295,9.700001,12.984975,71.0,89.38492,1012.6783,5.56,Snow fall: Slight
2013-02-16 21:00:00+00:00,SAMSUN,55,6.6795,4.1295,2.4999998,9.422101,71.0,84.76905,1017.0713,6.78,Snow fall: Slight
2013-02-17 21:00:00+00:00,SAMSUN,55,6.3795,3.8795002,2.2,10.661107,71.0,83.61901,1016.47046,6.36,Snow fall: Slight
2013-02-18 21:00:00+00:00,SAMSUN,55,6.9295,3.0795002,0.0,11.4862,3.0,84.23889,1017.1148,9.75,Overcast
2013-02-19 21:00:00+00:00,SAMSUN,55,9.2795,3.8795002,9.2,10.495713,61.0,83.84734,1010.2419,4.97,Rain: Slight
2013-02-20 21:00:00+00:00,SAMSUN,55,10.879499,4.6795,0.0,10.195057,3.0,83.41779,1018.5955,11.54,Overcast
2013-02-21 21:00:00+00:00,SAMSUN,55,11.879499,3.8295002,0.0,8.64,3.0,82.65395,1011.382,5.95,Overcast
2013-02-22 21:00:00+00:00,SAMSUN,55,13.2795,6.5295,2.3,10.587918,55.0,83.81607,1009.0711,7.28,Drizzle: Dense
2013-02-23 21:00:00+00:00,SAMSUN,55,10.6795,7.1295,1.1,8.14587,51.0,91.29888,1021.3143,7.75,Drizzle: Light
2013-02-24 21:00:00+00:00,SAMSUN,55,13.379499,6.6295,0.0,9.826088,3.0,91.47866,1023.73944,13.94,Overcast
2013-02-25 21:00:00+00:00,SAMSUN,55,13.579499,4.8295,0.0,8.217153,3.0,90.66634,1017.95734,14.51,Overcast
2013-02-26 21:00:00+00:00,SAMSUN,55,11.1795,5.3295,6.5999994,13.363711,61.0,92.96293,1013.32135,11.72,Rain: Slight
2013-02-27 21:00:00+00:00,SAMSUN,55,8.0795,4.8795,1.0000001,19.171478,71.0,86.66132,1013.8437,6.49,Snow fall: Slight
2013-02-28 21:00:00+00:00,SAMSUN,55,8.8295,4.0295,1.6000001,19.376562,71.0,75.10665,1016.2796,11.56,Snow fall: Slight
2013-03-01 21:00:00+00:00,SAMSUN,55,14.4295,0.92950004,0.0,10.636766,2.0,76.32592,1012.8033,16.54,Partly cloudy
2013-03-02 21:00:00+00:00,SAMSUN,55,7.2295003,4.0295,2.6,14.05845,71.0,82.333015,1016.1157,7.75,Snow fall: Slight
2013-03-03 21:00:00+00:00,SAMSUN,55,6.5795,3.4295,4.4,18.556595,71.0,86.07944,1012.1197,4.71,Snow fall: Slight
2013-03-04 21:00:00+00:00,SAMSUN,55,5.0795,1.0795001,4.3999996,21.749483,73.0,81.08378,1023.9892,14.35,Snow fall: Moderate
2013-03-05 21:00:00+00:00,SAMSUN,55,6.6795,0.62950003,0.9,13.339445,71.0,71.32862,1030.6613,16.35,Snow fall: Slight
2013-03-06 21:00:00+00:00,SAMSUN,55,14.879499,1.7295,0.0,14.587776,2.0,63.66408,1020.0942,18.31,Partly cloudy
2013-03-07 21:00:00+00:00,SAMSUN,55,17.9795,5.5795,0.0,16.09969,3.0,53.288937,1011.31274,15.19,Overcast
2013-03-08 21:00:00+00:00,SAMSUN,55,16.9795,8.7295,1.3000001,18.847641,51.0,67.84144,1008.596,13.12,Drizzle: Light
2013-03-09 21:00:00+00:00,SAMSUN,55,18.629501,5.7795,1.7,12.7279215,53.0,77.25001,1005.0621,17.11,Drizzle: Moderate
2013-03-10 21:00:00+00:00,SAMSUN,55,20.7295,8.9295,1.0,20.150354,51.0,70.70757,1003.0441,17.19,Drizzle: Light
2013-03-11 21:00:00+00:00,SAMSUN,55,17.9795,11.0295,5.2999997,13.18308,53.0,79.71371,1000.42236,12.02,Drizzle: Moderate
2013-03-12 21:00:00+00:00,SAMSUN,55,17.4795,9.079499,5.7999997,11.91812,61.0,83.56569,1003.8032,17.43,Rain: Slight
2013-03-13 21:00:00+00:00,SAMSUN,55,18.4795,7.2295003,0.0,9.107359,3.0,80.876366,1005.79877,17.65,Overcast
2013-03-14 21:00:00+00:00,SAMSUN,55,27.129501,10.0295,0.0,23.051247,3.0,57.414917,998.3638,17.08,Overcast
2013-03-15 21:00:00+00:00,SAMSUN,55,12.329499,8.0795,14.2,11.681987,61.0,91.79186,1004.69434,8.96,Rain: Slight
2013-03-16 21:00:00+00:00,SAMSUN,55,7.7795,3.0795002,19.9,24.29133,73.0,88.69736,1012.62286,4.67,Snow fall: Moderate
2013-03-17 21:00:00+00:00,SAMSUN,55,6.5295,2.4795,0.0,15.141414,71.0,69.62379,1022.02515,13.6,Snow fall: Slight
2013-03-18 21:00:00+00:00,SAMSUN,55,15.5295,2.6795,0.0,16.516901,3.0,64.704704,1010.30634,16.62,Overcast
2013-03-19 21:00:00+00:00,SAMSUN,55,16.029501,8.1795,0.0,12.413476,3.0,71.78817,1011.36035,18.7,Overcast
2013-03-20 21:00:00+00:00,SAMSUN,55,17.0795,6.7795,0.0,9.983106,3.0,82.986916,1011.61884,19.08,Overcast
2013-03-21 21:00:00+00:00,SAMSUN,55,19.1795,10.5295,0.0,14.372974,3.0,62.06451,996.7154,12.03,Overcast
2013-03-22 21:00:00+00:00,SAMSUN,55,11.4795,5.4295,21.400002,16.375053,73.0,84.94398,999.0334,5.73,Snow fall: Moderate
2013-03-23 21:00:00+00:00,SAMSUN,55,9.5295,2.0795,0.2,12.879752,51.0,80.26073,1016.1643,17.3,Drizzle: Light
2013-03-24 21:00:00+00:00,SAMSUN,55,14.4295,4.3795,0.0,10.703569,3.0,80.98814,1015.5571,20.79,Overcast
2013-03-25 21:00:00+00:00,SAMSUN,55,17.2295,7.3295,0.0,10.587918,3.0,75.60089,1004.3116,8.73,Overcast
2013-03-26 21:00:00+00:00,SAMSUN,55,15.2795,10.379499,10.3,12.287555,61.0,79.05505,1002.97144,15.3,Rain: Slight
2013-03-27 21:00:00+00:00,SAMSUN,55,10.379499,5.5795,10.400001,11.620809,61.0,95.474785,1013.3806,6.42,Rain: Slight
2013-03-28 21:00:00+00:00,SAMSUN,55,7.0295,4.9295,0.90000004,10.931203,51.0,87.384026,1021.24335,7.11,Drizzle: Light
2013-03-29 21:00:00+00:00,SAMSUN,55,15.829499,4.9295,0.4,8.647496,51.0,83.176414,1016.35425,19.03,Drizzle: Light
2013-03-30 21:00:00+00:00,SAMSUN,55,22.879501,9.579499,0.0,14.512064,1.0,70.72611,1011.9975,21.79,Mainly clear
2013-03-31 21:00:00+00:00,SAMSUN,55,25.2295,11.6795,1.8000001,15.807239,55.0,68.141685,1006.9737,20.89,Drizzle: Dense
2013-04-01 21:00:00+00:00,SAMSUN,55,15.329499,10.4795,4.2,13.281023,61.0,88.508644,1009.52075,14.5,Rain: Slight
2013-04-02 21:00:00+00:00,SAMSUN,55,19.779501,8.629499,0.0,7.5942073,3.0,83.01439,1007.2839,21.92,Overcast
2013-04-03 21:00:00+00:00,SAMSUN,55,21.379501,10.379499,1.8,15.141414,53.0,81.73472,1002.6245,18.78,Drizzle: Moderate
2013-04-04 21:00:00+00:00,SAMSUN,55,14.2295,11.4295,1.5000001,9.0645685,51.0,88.05657,1012.91406,12.32,Drizzle: Light
2013-04-05 21:00:00+00:00,SAMSUN,55,23.0795,10.4295,0.0,16.311613,3.0,72.472435,1009.30206,22.6,Overcast
2013-04-06 21:00:00+00:00,SAMSUN,55,18.7295,11.579499,0.0,11.609651,3.0,77.68292,1005.8535,20.51,Overcast
2013-04-07 21:00:00+00:00,SAMSUN,55,20.779501,10.1795,5.6,14.689588,61.0,73.88345,998.7005,19.34,Rain: Slight
2013-04-08 21:00:00+00:00,SAMSUN,55,9.7295,7.6295,3.4999995,10.1887,53.0,90.14721,1010.74457,5.69,Drizzle: Moderate
2013-04-09 21:00:00+00:00,SAMSUN,55,9.379499,7.2295003,0.3,8.089993,51.0,84.9561,1014.4026,7.4,Drizzle: Light
2013-04-10 21:00:00+00:00,SAMSUN,55,13.6795,4.3295,0.4,12.074766,51.0,87.54199,1013.5905,20.34,Drizzle: Light
2013-04-11 21:00:00+00:00,SAMSUN,55,12.579499,7.6295,6.4000006,11.709688,61.0,90.193054,1017.249,13.85,Rain: Slight
2013-04-12 21:00:00+00:00,SAMSUN,55,16.4795,5.6795,0.0,10.883676,3.0,87.435356,1018.43866,23.35,Overcast
2013-04-13 21:00:00+00:00,SAMSUN,55,17.029501,7.6795,0.8,9.904906,53.0,85.33255,1016.59326,21.14,Drizzle: Moderate
2013-04-14 21:00:00+00:00,SAMSUN,55,11.4795,7.6795,3.7,13.281023,53.0,90.5149,1013.9163,11.3,Drizzle: Moderate
2013-04-15 21:00:00+00:00,SAMSUN,55,10.7795,6.5295,14.000002,15.175612,61.0,89.01171,1007.1789,9.38,Rain: Slight
2013-04-16 21:00:00+00:00,SAMSUN,55,10.129499,8.0795,16.999998,23.893261,61.0,85.64826,1008.5759,3.0,Rain: Slight
2013-04-17 21:00:00+00:00,SAMSUN,55,11.7295,8.0295,1.5000001,14.154915,51.0,80.24404,1014.106,12.14,Drizzle: Light
2013-04-18 21:00:00+00:00,SAMSUN,55,11.579499,6.5795,0.0,15.30741,3.0,84.18086,1013.6548,15.44,Overcast
2013-04-19 21:00:00+00:00,SAMSUN,55,12.1795,4.3295,0.0,14.471821,3.0,85.01684,1010.3592,16.59,Overcast
2013-04-20 21:00:00+00:00,SAMSUN,55,13.0295,7.8295,0.0,13.441071,3.0,83.59378,1011.0882,14.14,Overcast
2013-04-21 21:00:00+00:00,SAMSUN,55,13.879499,7.4295,0.5,10.182337,51.0,83.424675,1012.8233,15.07,Drizzle: Light
2013-04-22 21:00:00+00:00,SAMSUN,55,13.829499,9.329499,0.0,13.004922,3.0,78.76596,1021.10913,22.14,Overcast
2013-04-23 21:00:00+00:00,SAMSUN,55,14.7795,4.9295,0.0,10.296251,3.0,76.01086,1024.4916,26.15,Overcast
2013-04-24 21:00:00+00:00,SAMSUN,55,20.6795,6.6795,0.0,12.287555,0.0,70.69452,1022.67377,25.5,Clear sky
2013-04-25 21:00:00+00:00,SAMSUN,55,20.7295,10.2795,0.0,11.874544,2.0,74.75507,1018.3886,22.42,Partly cloudy
2013-04-26 21:00:00+00:00,SAMSUN,55,20.5795,10.079499,0.0,12.074766,0.0,77.07874,1016.2534,25.98,Clear sky
2013-04-27 21:00:00+00:00,SAMSUN,55,25.7295,11.379499,0.0,13.089354,0.0,74.2705,1014.27496,26.21,Clear sky
2013-04-28 21:00:00+00:00,SAMSUN,55,24.029501,13.9295,0.0,9.422101,3.0,71.97821,1018.05664,25.79,Overcast
2013-04-29 21:00:00+00:00,SAMSUN,55,22.2295,12.2795,0.0,10.464797,3.0,68.90302,1019.94653,26.36,Overcast
2013-04-30 21:00:00+00:00,SAMSUN,55,21.8295,11.379499,0.0,11.966954,0.0,73.672745,1017.1299,26.41,Clear sky
2013-05-01 21:00:00+00:00,SAMSUN,55,23.029501,11.4795,0.0,12.313893,0.0,72.21049,1013.87714,26.33,Clear sky
2013-05-02 21:00:00+00:00,SAMSUN,55,22.4295,12.7295,0.0,10.630672,0.0,78.160126,1011.5703,26.61,Clear sky
2013-05-03 21:00:00+00:00,SAMSUN,55,22.379501,11.879499,0.0,11.592894,0.0,82.49682,1010.43317,26.32,Clear sky
2013-05-04 21:00:00+00:00,SAMSUN,55,20.8295,13.2295,0.0,12.10157,3.0,80.68792,1014.05096,26.64,Overcast
2013-05-05 21:00:00+00:00,SAMSUN,55,20.1795,10.629499,0.0,12.594856,0.0,80.134766,1016.51776,26.38,Clear sky
2013-05-06 21:00:00+00:00,SAMSUN,55,18.779501,12.9795,0.0,11.525623,2.0,86.031746,1016.834,24.58,Partly cloudy
2013-05-07 21:00:00+00:00,SAMSUN,55,19.4795,12.2795,0.0,12.031756,3.0,86.422424,1014.14014,25.76,Overcast
2013-05-08 21:00:00+00:00,SAMSUN,55,19.7295,12.7795,0.0,14.277983,3.0,87.73707,1012.4244,25.8,Overcast
2013-05-09 21:00:00+00:00,SAMSUN,55,20.2295,12.7295,0.1,11.384198,51.0,86.94561,1009.9167,20.98,Drizzle: Light
2013-05-10 21:00:00+00:00,SAMSUN,55,19.5795,14.379499,4.0999994,11.090103,53.0,92.21359,1005.9038,16.12,Drizzle: Moderate
2013-05-11 21:00:00+00:00,SAMSUN,55,17.779501,14.879499,8.2,8.891344,55.0,92.99714,1003.5666,10.72,Drizzle: Dense
2013-05-12 21:00:00+00:00,SAMSUN,55,19.5795,13.6795,10.3,9.0,61.0,92.66226,1002.80597,15.78,Rain: Slight
2013-05-13 21:00:00+00:00,SAMSUN,55,20.3295,13.0295,7.1999993,10.799999,61.0,91.5707,1002.59424,20.8,Rain: Slight
2013-05-14 21:00:00+00:00,SAMSUN,55,19.0795,14.5295,6.2,11.384199,55.0,91.61935,1007.076,17.89,Drizzle: Dense
2013-05-15 21:00:00+00:00,SAMSUN,55,20.279501,13.629499,0.70000005,11.384198,53.0,85.36706,1011.57806,24.05,Drizzle: Moderate
2013-05-16 21:00:00+00:00,SAMSUN,55,22.5795,12.4795,1.5,11.298495,53.0,86.98545,1012.46436,18.18,Drizzle: Moderate
2013-05-17 21:00:00+00:00,SAMSUN,55,24.0795,15.1795,3.2,10.587918,61.0,80.20762,1011.68256,20.77,Rain: Slight
2013-05-18 21:00:00+00:00,SAMSUN,55,20.9295,14.5295,5.0,10.990322,61.0,85.720726,1012.9825,25.06,Rain: Slight
2013-05-19 21:00:00+00:00,SAMSUN,55,21.779501,13.1795,0.0,9.360001,3.0,77.38873,1012.8846,24.97,Overcast
2013-05-20 21:00:00+00:00,SAMSUN,55,22.5795,12.7795,0.0,12.984975,1.0,82.15659,1012.28125,26.86,Mainly clear
2013-05-21 21:00:00+00:00,SAMSUN,55,23.029501,13.7795,0.0,12.879752,3.0,86.30087,1011.5515,27.23,Overcast
2013-05-22 21:00:00+00:00,SAMSUN,55,29.5795,14.829499,0.0,11.043261,3.0,74.8017,1007.2412,25.98,Overcast
2013-05-23 21:00:00+00:00,SAMSUN,55,26.9795,18.629501,0.5,14.904173,51.0,63.018463,1004.7634,18.89,Drizzle: Light
2013-05-24 21:00:00+00:00,SAMSUN,55,23.0795,16.0795,0.0,15.042659,1.0,68.616806,1011.065,26.76,Mainly clear
2013-05-25 21:00:00+00:00,SAMSUN,55,22.9795,12.879499,0.0,13.5515,3.0,80.40914,1010.6316,25.64,Overcast
2013-05-26 21:00:00+00:00,SAMSUN,55,24.1795,15.4795,0.0,12.43434,3.0,80.38619,1009.8879,26.47,Overcast
2013-05-27 21:00:00+00:00,SAMSUN,55,19.9795,14.379499,0.0,13.18308,2.0,77.63114,1014.3903,20.43,Partly cloudy
2013-05-28 21:00:00+00:00,SAMSUN,55,23.8295,12.4295,0.0,12.979984,3.0,81.7451,1012.0744,28.05,Overcast
2013-05-29 21:00:00+00:00,SAMSUN,55,25.8295,14.4295,0.0,10.383987,3.0,83.112526,1003.8702,25.43,Overcast
2013-05-30 21:00:00+00:00,SAMSUN,55,26.779501,17.029501,0.2,11.435313,51.0,75.585686,1003.6684,27.68,Drizzle: Light
2013-05-31 21:00:00+00:00,SAMSUN,55,22.4795,16.779501,1.0,18.175545,51.0,72.040504,1006.5383,22.91,Drizzle: Light
2013-06-01 21:00:00+00:00,SAMSUN,55,24.879501,13.1795,1.2,13.627795,53.0,79.53088,1006.5102,25.27,Drizzle: Moderate
2013-06-02 21:00:00+00:00,SAMSUN,55,22.129501,16.8295,6.2999997,18.0036,61.0,83.2817,1003.67017,20.5,Rain: Slight
2013-06-03 21:00:00+00:00,SAMSUN,55,22.9795,14.2295,0.0,13.896187,2.0,75.26576,1009.6775,26.91,Partly cloudy
2013-06-04 21:00:00+00:00,SAMSUN,55,22.4795,13.579499,0.3,12.594856,51.0,78.88579,1012.0215,26.89,Drizzle: Light
2013-06-05 21:00:00+00:00,SAMSUN,55,21.279501,15.579499,1.0,9.673221,51.0,83.58379,1012.9737,18.08,Drizzle: Light
2013-06-06 21:00:00+00:00,SAMSUN,55,21.7295,13.829499,0.0,14.8257065,3.0,75.459175,1013.3388,25.32,Overcast
2013-06-07 21:00:00+00:00,SAMSUN,55,22.2295,13.0295,0.0,12.4811535,2.0,77.38613,1010.46704,27.28,Partly cloudy
2013-06-08 21:00:00+00:00,SAMSUN,55,21.3295,14.9795,0.1,11.4862,51.0,83.03038,1009.95337,18.4,Drizzle: Light
2013-06-09 21:00:00+00:00,SAMSUN,55,21.629501,14.879499,0.90000004,12.224107,53.0,83.26722,1011.55206,19.28,Drizzle: Moderate
2013-06-10 21:00:00+00:00,SAMSUN,55,24.529501,14.579499,0.0,12.413477,3.0,80.67748,1009.5578,27.86,Overcast
2013-06-11 21:00:00+00:00,SAMSUN,55,25.2295,15.129499,0.70000005,15.256526,51.0,84.83526,1004.5418,27.0,Drizzle: Light
2013-06-12 21:00:00+00:00,SAMSUN,55,23.629501,17.0795,0.1,14.291592,51.0,86.198555,1004.5312,23.69,Drizzle: Light
2013-06-13 21:00:00+00:00,SAMSUN,55,24.629501,16.529501,0.0,14.205182,2.0,80.471886,1006.3403,26.8,Partly cloudy
2013-06-14 21:00:00+00:00,SAMSUN,55,24.8295,17.129501,0.0,17.106628,3.0,81.92515,1007.52985,24.25,Overcast
2013-06-15 21:00:00+00:00,SAMSUN,55,25.129501,16.779501,0.0,11.792404,2.0,80.6405,1008.0047,22.98,Partly cloudy
2013-06-16 21:00:00+00:00,SAMSUN,55,24.629501,17.9795,7.8,12.641076,61.0,83.21277,1007.9414,19.11,Rain: Slight
2013-06-17 21:00:00+00:00,SAMSUN,55,24.879501,19.1795,14.799999,18.947083,61.0,83.613174,1008.6668,19.62,Rain: Slight
2013-06-18 21:00:00+00:00,SAMSUN,55,25.0795,19.879501,0.0,20.49156,1.0,77.98969,1011.48315,24.24,Mainly clear
2013-06-19 21:00:00+00:00,SAMSUN,55,24.0795,17.879501,0.2,14.77755,51.0,77.88348,1014.25415,25.0,Drizzle: Light
2013-06-20 21:00:00+00:00,SAMSUN,55,23.2295,16.3795,0.0,11.720751,1.0,75.92263,1015.1746,25.1,Mainly clear
2013-06-21 21:00:00+00:00,SAMSUN,55,23.8295,15.329499,0.0,13.584932,2.0,73.88505,1013.4683,29.31,Partly cloudy
2013-06-22 21:00:00+00:00,SAMSUN,55,25.5795,14.1795,0.0,13.684735,0.0,75.661705,1010.1445,29.02,Clear sky
2013-06-23 21:00:00+00:00,SAMSUN,55,26.9795,17.1795,0.0,14.168641,0.0,75.26768,1007.60547,28.66,Clear sky
2013-06-24 21:00:00+00:00,SAMSUN,55,25.8295,19.129501,0.0,13.830749,3.0,76.50441,1008.78595,27.51,Overcast
2013-06-25 21:00:00+00:00,SAMSUN,55,26.3295,17.029501,0.0,13.004922,0.0,73.448235,1010.8493,29.35,Clear sky
2013-06-26 21:00:00+00:00,SAMSUN,55,27.3295,17.129501,0.0,12.55879,0.0,73.77976,1010.9353,28.96,Clear sky
2013-06-27 21:00:00+00:00,SAMSUN,55,27.779501,17.129501,0.0,13.746156,3.0,76.012245,1007.9578,29.3,Overcast
2013-06-28 21:00:00+00:00,SAMSUN,55,27.1795,17.529501,0.0,10.805998,3.0,79.255135,1007.18805,28.88,Overcast
2013-06-29 21:00:00+00:00,SAMSUN,55,28.8295,18.379501,0.0,17.76081,3.0,79.03392,1002.0222,28.41,Overcast
2013-06-30 21:00:00+00:00,SAMSUN,55,24.6795,19.9295,2.8000002,14.241629,53.0,78.854,1003.8076,17.29,Drizzle: Moderate
2013-07-01 21:00:00+00:00,SAMSUN,55,25.1795,20.3295,0.5,21.659916,51.0,67.5754,1007.363,13.63,Drizzle: Light
2013-07-02 21:00:00+00:00,SAMSUN,55,24.9795,19.2295,0.0,18.668005,3.0,65.00159,1009.6662,17.08,Overcast
2013-07-03 21:00:00+00:00,SAMSUN,55,25.5795,16.8795,0.0,14.372974,3.0,75.52186,1010.0651,26.47,Overcast
2013-07-04 21:00:00+00:00,SAMSUN,55,25.029501,18.1795,0.1,13.392774,51.0,83.87778,1009.5017,21.19,Drizzle: Light
2013-07-05 21:00:00+00:00,SAMSUN,55,25.529501,18.7295,0.5,14.277983,51.0,84.37342,1009.7004,21.32,Drizzle: Light
2013-07-06 21:00:00+00:00,SAMSUN,55,27.029501,18.4795,0.0,14.113652,1.0,76.73176,1011.46014,27.9,Mainly clear
2013-07-07 21:00:00+00:00,SAMSUN,55,27.7295,20.4295,0.0,13.684735,0.0,75.15914,1012.8482,27.99,Clear sky
2013-07-08 21:00:00+00:00,SAMSUN,55,27.529501,19.2295,0.0,16.700275,0.0,78.44266,1011.55255,27.73,Clear sky
2013-07-09 21:00:00+00:00,SAMSUN,55,27.379501,20.3295,0.0,15.379206,0.0,80.02064,1007.5319,25.83,Clear sky
2013-07-10 21:00:00+00:00,SAMSUN,55,27.379501,18.9795,0.0,14.24163,3.0,73.867355,1006.0195,28.43,Overcast
2013-07-11 21:00:00+00:00,SAMSUN,55,27.9295,18.5795,0.0,15.188415,0.0,70.39591,1008.62836,28.67,Clear sky
2013-07-12 21:00:00+00:00,SAMSUN,55,27.7295,18.379501,0.0,15.745627,1.0,78.47349,1009.3641,26.24,Mainly clear
2013-07-13 21:00:00+00:00,SAMSUN,55,26.879501,20.0795,0.8,14.241629,51.0,82.21398,1009.14374,22.1,Drizzle: Light
2013-07-14 21:00:00+00:00,SAMSUN,55,27.2295,20.379501,0.0,15.349684,3.0,79.75396,1009.403,22.77,Overcast
2013-07-15 21:00:00+00:00,SAMSUN,55,25.3295,21.1795,2.0,15.463244,51.0,79.52176,1010.06744,15.11,Drizzle: Light
2013-07-16 21:00:00+00:00,SAMSUN,55,25.129501,20.879501,1.7,14.4,51.0,76.222694,1011.3719,15.69,Drizzle: Light
2013-07-17 21:00:00+00:00,SAMSUN,55,25.5795,21.279501,1.2,18.129137,51.0,73.58365,1010.909,17.25,Drizzle: Light
2013-07-18 21:00:00+00:00,SAMSUN,55,26.6795,21.279501,0.0,21.129883,1.0,72.05221,1011.62665,22.68,Mainly clear
2013-07-19 21:00:00+00:00,SAMSUN,55,26.6795,18.9795,0.0,14.57889,1.0,72.86701,1009.77216,24.99,Mainly clear
2013-07-20 21:00:00+00:00,SAMSUN,55,26.4295,17.0795,0.1,17.64,51.0,73.316216,1008.4544,24.64,Drizzle: Light
2013-07-21 21:00:00+00:00,SAMSUN,55,22.9795,19.5795,5.7,15.496736,53.0,79.52654,1009.6973,14.54,Drizzle: Moderate
2013-07-22 21:00:00+00:00,SAMSUN,55,23.779501,18.9795,1.8000002,10.661107,51.0,72.21302,1010.1843,15.44,Drizzle: Light
2013-07-23 21:00:00+00:00,SAMSUN,55,26.379501,16.7295,0.0,13.089354,1.0,70.21968,1011.0361,27.8,Mainly clear
2013-07-24 21:00:00+00:00,SAMSUN,55,26.7295,15.9795,0.0,15.629972,2.0,69.39094,1010.6841,26.04,Partly cloudy
2013-07-25 21:00:00+00:00,SAMSUN,55,27.279501,18.0795,0.4,16.203999,51.0,72.14472,1009.2154,24.33,Drizzle: Light
2013-07-26 21:00:00+00:00,SAMSUN,55,23.6795,18.9295,5.6000004,17.414476,53.0,85.29232,1007.96674,15.22,Drizzle: Moderate
2013-07-27 21:00:00+00:00,SAMSUN,55,23.629501,18.6795,3.2000003,17.566378,55.0,80.39257,1012.01807,17.45,Drizzle: Dense
2013-07-28 21:00:00+00:00,SAMSUN,55,25.6795,18.129501,0.0,14.869351,1.0,72.757515,1014.4165,20.89,Mainly clear
2013-07-29 21:00:00+00:00,SAMSUN,55,27.9795,17.6795,0.0,15.0038395,2.0,70.08954,1010.179,24.84,Partly cloudy
2013-07-30 21:00:00+00:00,SAMSUN,55,27.5795,16.2295,0.0,14.336861,0.0,67.7359,1007.0472,27.57,Clear sky
2013-07-31 21:00:00+00:00,SAMSUN,55,26.879501,17.629501,0.0,15.629971,0.0,71.00403,1008.4996,26.23,Clear sky
2013-08-01 21:00:00+00:00,SAMSUN,55,27.1795,17.879501,0.0,14.618837,1.0,72.97034,1011.6609,24.94,Mainly clear
2013-08-02 21:00:00+00:00,SAMSUN,55,26.8295,18.4795,0.0,16.56,2.0,71.70711,1011.7473,20.39,Partly cloudy
2013-08-03 21:00:00+00:00,SAMSUN,55,25.5795,19.279501,2.3999999,16.946787,51.0,75.273445,1012.36017,19.31,Drizzle: Light
2013-08-04 21:00:00+00:00,SAMSUN,55,25.9795,18.5795,0.1,13.084402,51.0,69.36452,1013.91895,21.48,Drizzle: Light
2013-08-05 21:00:00+00:00,SAMSUN,55,26.029501,17.779501,0.0,14.982228,1.0,75.1647,1012.20557,21.95,Mainly clear
2013-08-06 21:00:00+00:00,SAMSUN,55,25.879501,17.779501,0.90000004,13.979871,51.0,75.969215,1011.2984,20.69,Drizzle: Light
2013-08-07 21:00:00+00:00,SAMSUN,55,26.279501,18.7295,0.5,14.494192,51.0,78.35759,1013.10547,21.52,Drizzle: Light
2013-08-08 21:00:00+00:00,SAMSUN,55,28.129501,20.4295,0.0,17.581125,2.0,74.29212,1011.9327,24.36,Partly cloudy
2013-08-09 21:00:00+00:00,SAMSUN,55,27.879501,18.5795,0.0,15.990646,0.0,71.99165,1007.7923,25.9,Clear sky
2013-08-10 21:00:00+00:00,SAMSUN,55,27.1795,19.8295,0.0,15.273505,3.0,76.72105,1005.37616,23.58,Overcast
2013-08-11 21:00:00+00:00,SAMSUN,55,27.9795,18.4795,0.0,15.192682,3.0,78.15876,1008.1523,23.76,Overcast
2013-08-12 21:00:00+00:00,SAMSUN,55,29.129501,19.379501,0.0,13.551501,3.0,73.03628,1010.0844,25.34,Overcast
2013-08-13 21:00:00+00:00,SAMSUN,55,27.9795,19.4295,0.1,15.463246,51.0,78.58438,1010.3802,21.51,Drizzle: Light
2013-08-14 21:00:00+00:00,SAMSUN,55,27.9795,20.0795,0.0,12.181625,3.0,77.195854,1010.31134,19.77,Overcast
2013-08-15 21:00:00+00:00,SAMSUN,55,29.779501,22.8295,2.0,20.364674,53.0,76.50442,1009.6707,21.67,Drizzle: Moderate
2013-08-16 21:00:00+00:00,SAMSUN,55,28.4795,22.279501,1.9000001,21.325253,53.0,78.55519,1008.8321,18.48,Drizzle: Moderate
2013-08-17 21:00:00+00:00,SAMSUN,55,28.1795,22.4295,1.7,20.456745,53.0,73.06703,1009.32623,19.41,Drizzle: Moderate
2013-08-18 21:00:00+00:00,SAMSUN,55,29.0795,21.9295,0.0,21.398056,1.0,71.00367,1010.4864,23.31,Mainly clear
2013-08-19 21:00:00+00:00,SAMSUN,55,28.279501,21.129501,0.0,17.581125,1.0,69.13218,1011.4294,20.78,Mainly clear
2013-08-20 21:00:00+00:00,SAMSUN,55,28.129501,20.9795,0.0,17.313717,2.0,67.02503,1011.37054,22.34,Partly cloudy
2013-08-21 21:00:00+00:00,SAMSUN,55,28.6795,20.0795,0.0,15.7908325,1.0,71.12691,1009.4776,22.45,Mainly clear
2013-08-22 21:00:00+00:00,SAMSUN,55,27.879501,18.8295,0.0,16.1198,2.0,78.432655,1008.4202,23.34,Partly cloudy
2013-08-23 21:00:00+00:00,SAMSUN,55,28.5795,20.529501,0.0,17.026896,3.0,68.795494,1009.0522,22.19,Overcast
2013-08-24 21:00:00+00:00,SAMSUN,55,29.279501,19.529501,0.0,16.24394,0.0,66.726974,1010.06793,23.4,Clear sky
2013-08-25 21:00:00+00:00,SAMSUN,55,27.879501,18.7295,0.0,14.77755,3.0,78.66929,1010.532,22.58,Overcast
2013-08-26 21:00:00+00:00,SAMSUN,55,28.2295,19.129501,0.0,14.565548,3.0,74.2688,1010.69684,23.08,Overcast
2013-08-27 21:00:00+00:00,SAMSUN,55,28.3295,17.9795,0.0,15.459054,1.0,74.61832,1010.41364,23.42,Mainly clear
2013-08-28 21:00:00+00:00,SAMSUN,55,30.279501,17.4795,0.0,14.773164,0.0,73.131935,1007.5931,23.39,Clear sky
2013-08-29 21:00:00+00:00,SAMSUN,55,27.2295,20.279501,0.0,15.94601,3.0,78.36962,1009.0373,20.66,Overcast
2013-08-30 21:00:00+00:00,SAMSUN,55,22.1795,20.1795,7.600001,17.418196,53.0,86.42438,1010.84283,6.8,Drizzle: Moderate
2013-08-31 21:00:00+00:00,SAMSUN,55,22.4795,19.2295,4.6,12.261158,53.0,73.31511,1014.6839,6.72,Drizzle: Moderate
2013-09-01 21:00:00+00:00,SAMSUN,55,22.8295,18.779501,0.0,12.88981,2.0,73.48878,1015.50507,11.84,Partly cloudy
2013-09-02 21:00:00+00:00,SAMSUN,55,24.879501,16.3295,0.0,14.88242,3.0,78.265114,1012.9382,18.36,Overcast
2013-09-03 21:00:00+00:00,SAMSUN,55,23.0795,17.279501,2.5,24.850431,53.0,73.26832,1010.9296,12.47,Drizzle: Moderate
2013-09-04 21:00:00+00:00,SAMSUN,55,21.9295,16.3795,0.0,19.319628,3.0,62.552204,1012.8122,14.77,Overcast
2013-09-05 21:00:00+00:00,SAMSUN,55,21.779501,14.379499,0.0,13.527572,2.0,73.36367,1013.05176,16.62,Partly cloudy
2013-09-06 21:00:00+00:00,SAMSUN,55,23.2295,14.129499,0.0,16.992609,2.0,70.99781,1015.3708,18.39,Partly cloudy
2013-09-07 21:00:00+00:00,SAMSUN,55,22.9295,13.379499,0.0,15.7908325,2.0,72.92391,1015.7808,19.24,Partly cloudy
2013-09-08 21:00:00+00:00,SAMSUN,55,20.2295,16.0795,1.7000002,15.273505,51.0,82.064384,1018.0373,13.33,Drizzle: Light
2013-09-09 21:00:00+00:00,SAMSUN,55,23.279501,14.079499,0.0,16.45007,3.0,75.472755,1017.5749,19.27,Overcast
2013-09-10 21:00:00+00:00,SAMSUN,55,23.4295,15.2795,0.0,17.76081,2.0,78.369644,1016.1685,16.68,Partly cloudy
2013-09-11 21:00:00+00:00,SAMSUN,55,24.9295,16.279501,0.0,14.039999,2.0,76.832756,1013.81757,20.02,Partly cloudy
2013-09-12 21:00:00+00:00,SAMSUN,55,29.1795,15.7795,0.0,11.841756,2.0,76.51467,1011.3364,20.12,Partly cloudy
2013-09-13 21:00:00+00:00,SAMSUN,55,29.379501,17.629501,0.3,23.933908,51.0,78.01012,1008.5384,19.53,Drizzle: Light
2013-09-14 21:00:00+00:00,SAMSUN,55,20.9795,16.4295,1.3000001,9.686609,51.0,72.98817,1010.4274,9.82,Drizzle: Light
2013-09-15 21:00:00+00:00,SAMSUN,55,24.7295,14.829499,0.0,17.651016,3.0,64.63372,1008.85175,19.8,Overcast
2013-09-16 21:00:00+00:00,SAMSUN,55,24.8295,15.379499,0.5,8.209263,51.0,75.71194,1002.46454,11.19,Drizzle: Light
2013-09-17 21:00:00+00:00,SAMSUN,55,25.8295,15.9295,0.5,12.7279215,51.0,80.358604,1001.5308,15.79,Drizzle: Light
2013-09-18 21:00:00+00:00,SAMSUN,55,24.0795,17.7295,0.4,16.299694,51.0,81.01628,1004.7437,14.95,Drizzle: Light
2013-09-19 21:00:00+00:00,SAMSUN,55,25.629501,18.4795,4.5,15.745627,53.0,81.54766,1007.99664,14.53,Drizzle: Moderate
2013-09-20 21:00:00+00:00,SAMSUN,55,18.3295,16.0795,9.700002,12.324414,55.0,87.85147,1013.1552,3.08,Drizzle: Dense
2013-09-21 21:00:00+00:00,SAMSUN,55,19.629501,14.379499,0.0,12.324414,3.0,70.77083,1013.95337,8.49,Overcast
2013-09-22 21:00:00+00:00,SAMSUN,55,19.5795,12.579499,0.1,15.778518,51.0,75.48899,1011.16437,13.69,Drizzle: Light
2013-09-23 21:00:00+00:00,SAMSUN,55,23.9795,13.129499,1.2,15.137133,51.0,73.77524,1006.0093,10.4,Drizzle: Light
2013-09-24 21:00:00+00:00,SAMSUN,55,23.5795,13.379499,1.0,12.287555,53.0,77.706985,1011.1573,11.16,Drizzle: Moderate
2013-09-25 21:00:00+00:00,SAMSUN,55,23.879501,14.9795,0.0,14.113653,3.0,76.956505,1015.45087,16.94,Overcast
2013-09-26 21:00:00+00:00,SAMSUN,55,26.2295,17.379501,0.4,14.799459,51.0,60.5511,1008.81323,16.47,Drizzle: Light
2013-09-27 21:00:00+00:00,SAMSUN,55,17.8295,15.129499,3.8999999,10.8955765,51.0,87.94,1013.2248,6.44,Drizzle: Light
2013-09-28 21:00:00+00:00,SAMSUN,55,21.5795,13.5295,0.4,14.241629,51.0,81.411095,1012.6841,14.53,Drizzle: Light
2013-09-29 21:00:00+00:00,SAMSUN,55,20.4795,15.2795,0.8,19.562946,51.0,82.21625,1011.7905,12.34,Drizzle: Light
2013-09-30 21:00:00+00:00,SAMSUN,55,25.0795,16.3795,0.4,15.617529,51.0,81.632965,1003.2226,15.85,Drizzle: Light
2013-10-01 21:00:00+00:00,SAMSUN,55,24.1795,16.6795,27.300001,13.684735,63.0,83.27892,1001.16815,10.57,Rain: Moderate
2013-10-02 21:00:00+00:00,SAMSUN,55,16.3295,11.2295,38.499992,13.905509,63.0,87.177864,1010.9605,4.28,Rain: Moderate
2013-10-03 21:00:00+00:00,SAMSUN,55,12.5295,9.7295,4.700001,17.49615,55.0,77.87366,1018.0385,10.12,Drizzle: Dense
2013-10-04 21:00:00+00:00,SAMSUN,55,12.9795,8.5295,1.6,15.379206,51.0,71.7267,1020.4694,13.49,Drizzle: Light
2013-10-05 21:00:00+00:00,SAMSUN,55,11.879499,8.4795,5.3,18.03237,53.0,81.26648,1022.6125,10.58,Drizzle: Moderate
2013-10-06 21:00:00+00:00,SAMSUN,55,12.579499,8.9795,0.1,12.43434,51.0,72.90268,1027.9563,9.76,Drizzle: Light
2013-10-07 21:00:00+00:00,SAMSUN,55,15.2295,7.6795,0.0,11.841756,3.0,76.27123,1028.4924,15.55,Overcast
2013-10-08 21:00:00+00:00,SAMSUN,55,17.9295,7.2295003,0.0,13.004921,1.0,81.198,1024.3927,16.33,Mainly clear
2013-10-09 21:00:00+00:00,SAMSUN,55,22.029501,8.879499,0.0,10.931203,0.0,79.063255,1018.1579,16.38,Clear sky
2013-10-10 21:00:00+00:00,SAMSUN,55,21.379501,9.9295,0.0,8.14587,1.0,82.66946,1019.2532,15.64,Mainly clear
2013-10-11 21:00:00+00:00,SAMSUN,55,19.879501,10.0295,0.0,10.464797,3.0,82.88866,1020.622,15.02,Overcast
2013-10-12 21:00:00+00:00,SAMSUN,55,17.629501,11.9795,0.0,15.683776,3.0,85.181,1020.4211,11.41,Overcast
2013-10-13 21:00:00+00:00,SAMSUN,55,16.6295,12.2795,0.1,11.592894,51.0,86.228,1021.1003,7.63,Drizzle: Light
2013-10-14 21:00:00+00:00,SAMSUN,55,18.779501,11.1795,0.0,11.440978,2.0,85.12228,1018.5197,13.71,Partly cloudy
2013-10-15 21:00:00+00:00,SAMSUN,55,25.0795,11.579499,0.0,15.1884165,2.0,65.63423,1009.6705,14.88,Partly cloudy
2013-10-16 21:00:00+00:00,SAMSUN,55,25.279501,15.7795,0.0,17.072504,3.0,51.04544,1002.17084,9.42,Overcast
2013-10-17 21:00:00+00:00,SAMSUN,55,22.5795,15.2295,1.0,15.9134655,53.0,64.158516,999.39825,7.4,Drizzle: Moderate
2013-10-18 21:00:00+00:00,SAMSUN,55,17.8295,13.379499,0.0,24.482647,3.0,58.69592,1012.7969,9.45,Overcast
2013-10-19 21:00:00+00:00,SAMSUN,55,14.0295,9.2295,0.0,15.575981,3.0,69.247185,1027.8898,8.57,Overcast
2013-10-20 21:00:00+00:00,SAMSUN,55,18.1795,6.9795003,0.0,13.53236,3.0,76.90482,1024.7872,14.15,Overcast
2013-10-21 21:00:00+00:00,SAMSUN,55,20.1795,8.9795,0.0,12.538134,0.0,68.63838,1019.5909,14.16,Clear sky
2013-10-22 21:00:00+00:00,SAMSUN,55,18.029501,9.2295,0.4,13.797912,51.0,82.056114,1021.73145,12.06,Drizzle: Light
2013-10-23 21:00:00+00:00,SAMSUN,55,15.2295,11.2795,1.4000001,11.457958,51.0,87.67483,1024.9691,8.92,Drizzle: Light
2013-10-24 21:00:00+00:00,SAMSUN,55,16.529501,9.329499,0.0,10.30883,2.0,82.74391,1022.5076,11.08,Partly cloudy
2013-10-25 21:00:00+00:00,SAMSUN,55,15.9795,9.5295,0.0,10.086427,3.0,86.334465,1021.415,9.3,Overcast
2013-10-26 21:00:00+00:00,SAMSUN,55,16.8795,9.2295,0.0,8.557102,3.0,81.89712,1020.363,11.96,Overcast
2013-10-27 21:00:00+00:00,SAMSUN,55,20.779501,8.5295,0.0,12.979984,3.0,73.9119,1016.7803,12.88,Overcast
2013-10-28 21:00:00+00:00,SAMSUN,55,21.0795,10.829499,0.0,11.885453,3.0,73.63024,1015.8238,12.52,Overcast
2013-10-29 21:00:00+00:00,SAMSUN,55,20.029501,9.2795,0.0,8.217153,0.0,83.26098,1016.5552,12.46,Clear sky
2013-10-30 21:00:00+00:00,SAMSUN,55,17.879501,8.6795,0.0,9.511088,1.0,85.40052,1019.93164,12.05,Mainly clear
2013-10-31 21:00:00+00:00,SAMSUN,55,16.2295,9.5295,0.0,9.178235,2.0,84.47085,1023.0925,11.21,Partly cloudy
2013-11-01 21:00:00+00:00,SAMSUN,55,17.7295,9.129499,0.0,8.905908,3.0,86.4578,1018.8068,11.88,Overcast
2013-11-02 21:00:00+00:00,SAMSUN,55,19.4295,8.1795,0.0,10.009036,3.0,82.424866,1015.90936,11.72,Overcast
2013-11-03 21:00:00+00:00,SAMSUN,55,21.5795,8.9295,0.0,12.181624,1.0,77.611916,1015.3343,11.86,Mainly clear
2013-11-04 21:00:00+00:00,SAMSUN,55,21.7295,10.079499,0.0,13.363711,3.0,66.08544,1012.83124,7.16,Overcast
2013-11-05 21:00:00+00:00,SAMSUN,55,23.529501,13.879499,0.0,16.09969,3.0,57.656235,1010.4575,11.16,Overcast
2013-11-06 21:00:00+00:00,SAMSUN,55,22.379501,11.879499,7.3,16.179985,61.0,71.667366,1010.17523,6.08,Rain: Slight
2013-11-07 21:00:00+00:00,SAMSUN,55,13.7295,9.5295,4.4999995,15.30741,53.0,80.25262,1021.5026,4.82,Drizzle: Moderate
2013-11-08 21:00:00+00:00,SAMSUN,55,13.7295,8.0295,0.0,11.659777,3.0,81.15297,1021.48706,5.87,Overcast
2013-11-09 21:00:00+00:00,SAMSUN,55,18.0795,8.4795,0.0,12.413476,1.0,79.91504,1015.1076,10.69,Mainly clear
2013-11-10 21:00:00+00:00,SAMSUN,55,20.129501,9.5295,0.0,15.408671,0.0,70.72361,1014.4244,10.81,Clear sky
2013-11-11 21:00:00+00:00,SAMSUN,55,17.4795,8.629499,0.0,9.028754,3.0,82.85432,1019.2907,10.73,Overcast
2013-11-12 21:00:00+00:00,SAMSUN,55,15.379499,9.629499,0.0,8.669949,3.0,85.729164,1019.38617,8.25,Overcast
2013-11-13 21:00:00+00:00,SAMSUN,55,14.1795,10.579499,0.2,9.085988,51.0,88.47238,1017.0522,4.71,Drizzle: Light
2013-11-14 21:00:00+00:00,SAMSUN,55,11.9295,9.4295,8.2,17.873556,53.0,87.31097,1019.9497,1.99,Drizzle: Moderate
2013-11-15 21:00:00+00:00,SAMSUN,55,11.379499,8.7795,0.0,7.9932966,3.0,75.821495,1021.7045,5.03,Overcast
2013-11-16 21:00:00+00:00,SAMSUN,55,10.2295,8.4295,0.1,7.8954163,51.0,80.8788,1020.8989,3.02,Drizzle: Light
2013-11-17 21:00:00+00:00,SAMSUN,55,12.2295,7.3295,0.0,10.182337,3.0,81.6254,1021.94025,5.35,Overcast
2013-11-18 21:00:00+00:00,SAMSUN,55,15.4295,8.5295,0.0,10.948973,3.0,84.912865,1021.52783,8.18,Overcast
2013-11-19 21:00:00+00:00,SAMSUN,55,18.029501,7.8295,0.0,13.979872,1.0,81.661125,1016.8154,9.63,Mainly clear
2013-11-20 21:00:00+00:00,SAMSUN,55,19.529501,9.2795,0.0,16.279802,1.0,70.2598,1012.32764,9.61,Mainly clear
2013-11-21 21:00:00+00:00,SAMSUN,55,19.4295,9.9795,0.0,14.386494,3.0,68.41539,1010.67114,8.43,Overcast
2013-11-22 21:00:00+00:00,SAMSUN,55,20.529501,10.5295,0.0,15.696165,3.0,68.03668,1009.8934,8.2,Overcast
2013-11-23 21:00:00+00:00,SAMSUN,55,19.879501,9.1795,0.0,11.983188,3.0,81.4385,1009.7386,9.12,Overcast
2013-11-24 21:00:00+00:00,SAMSUN,55,21.879501,11.1795,0.0,17.10284,3.0,65.74354,1007.65137,8.03,Overcast
2013-11-25 21:00:00+00:00,SAMSUN,55,17.779501,12.2295,1.0,10.182337,51.0,78.57138,1007.7747,4.88,Drizzle: Light
2013-11-26 21:00:00+00:00,SAMSUN,55,14.579499,11.079499,8.900001,11.013882,61.0,90.02749,1012.1262,3.65,Rain: Slight
2013-11-27 21:00:00+00:00,SAMSUN,55,11.2795,9.9795,3.7999997,9.511088,53.0,92.54425,1018.9712,1.66,Drizzle: Moderate
2013-11-28 21:00:00+00:00,SAMSUN,55,10.6795,7.8295,10.4,12.904882,61.0,85.56113,1014.9673,4.22,Rain: Slight
2013-11-29 21:00:00+00:00,SAMSUN,55,10.9795,6.0795,0.0,10.514218,3.0,71.30648,1022.38336,7.79,Overcast
2013-11-30 21:00:00+00:00,SAMSUN,55,14.129499,4.9295,0.0,15.94601,3.0,65.17907,1022.9783,8.22,Overcast
2013-12-01 21:00:00+00:00,SAMSUN,55,14.879499,6.9295,1.6,13.584932,53.0,72.96887,1016.9583,4.11,Drizzle: Moderate
2013-12-02 21:00:00+00:00,SAMSUN,55,8.7295,3.4795,6.5000005,26.712873,73.0,73.69227,1025.1556,5.35,Snow fall: Moderate
2013-12-03 21:00:00+00:00,SAMSUN,55,5.8795,0.8295,0.0,15.124284,3.0,70.54701,1024.6674,7.04,Overcast
2013-12-04 21:00:00+00:00,SAMSUN,55,9.9795,2.6295002,0.0,11.4862,2.0,77.234505,1015.2232,8.47,Partly cloudy
2013-12-05 21:00:00+00:00,SAMSUN,55,11.4295,1.4295001,0.0,15.349684,0.0,71.31896,1013.367,8.64,Clear sky
2013-12-06 21:00:00+00:00,SAMSUN,55,12.829499,3.8795002,9.800001,17.902534,75.0,67.27538,1008.6208,5.99,Snow fall: Heavy
2013-12-07 21:00:00+00:00,SAMSUN,55,7.4795003,3.1295002,2.2,23.441502,73.0,60.500095,1016.3501,8.01,Snow fall: Moderate
2013-12-08 21:00:00+00:00,SAMSUN,55,6.5795,2.6295002,0.0,22.065973,3.0,44.79668,1022.7725,8.18,Overcast
2013-12-09 21:00:00+00:00,SAMSUN,55,6.9295,1.1795001,3.9,31.877792,73.0,65.01574,1014.58234,3.34,Snow fall: Moderate
2013-12-10 21:00:00+00:00,SAMSUN,55,1.4295001,-0.57049996,12.1,19.586117,73.0,88.63369,1024.0648,5.9,Snow fall: Moderate
2013-12-11 21:00:00+00:00,SAMSUN,55,0.92950004,-0.72049993,17.099998,25.241108,73.0,89.25703,1021.2741,4.37,Snow fall: Moderate
2013-12-12 21:00:00+00:00,SAMSUN,55,2.0295,-6.3705,3.1999998,13.854155,73.0,80.240616,1020.44073,8.42,Snow fall: Moderate
2013-12-13 21:00:00+00:00,SAMSUN,55,2.1295002,-6.8205,0.0,20.073025,3.0,80.377144,1023.28345,8.61,Overcast
2013-12-14 21:00:00+00:00,SAMSUN,55,5.6295,1.0295,0.0,19.586119,3.0,71.00692,1028.4836,3.35,Overcast
2013-12-15 21:00:00+00:00,SAMSUN,55,7.2795,0.47950006,0.1,8.587338,51.0,78.64001,1029.7042,5.68,Drizzle: Light
2013-12-16 21:00:00+00:00,SAMSUN,55,5.6795,3.6295002,1.1,11.609651,71.0,81.180595,1031.7429,5.58,Snow fall: Slight
2013-12-17 21:00:00+00:00,SAMSUN,55,6.1795,-1.8704998,0.0,5.904439,2.0,83.20411,1028.1313,4.35,Partly cloudy
2013-12-18 21:00:00+00:00,SAMSUN,55,6.8295,-2.6204998,0.0,12.88981,2.0,87.892395,1025.2164,7.57,Partly cloudy
2013-12-19 21:00:00+00:00,SAMSUN,55,6.3295,-2.1704998,0.0,15.077082,0.0,83.65908,1028.6453,8.25,Clear sky
2013-12-20 21:00:00+00:00,SAMSUN,55,6.0795,-0.020499945,0.0,16.199999,0.0,79.62898,1031.4579,8.26,Clear sky
2013-12-21 21:00:00+00:00,SAMSUN,55,8.3295,-2.8704998,0.0,11.988594,1.0,76.41263,1033.3221,7.14,Mainly clear
2013-12-22 21:00:00+00:00,SAMSUN,55,5.9295,-2.1704998,0.0,16.485485,0.0,77.32885,1028.6888,8.34,Clear sky
2013-12-23 21:00:00+00:00,SAMSUN,55,6.6795,0.32950002,0.0,16.485485,3.0,71.99032,1028.1722,8.2,Overcast
2013-12-24 21:00:00+00:00,SAMSUN,55,8.9795,0.92950004,0.0,15.463246,3.0,63.41527,1024.3264,5.77,Overcast
2013-12-25 21:00:00+00:00,SAMSUN,55,10.129499,2.3795002,0.0,18.39878,3.0,55.195877,1018.439,5.2,Overcast
2013-12-26 21:00:00+00:00,SAMSUN,55,12.379499,2.9295,0.0,17.414474,3.0,59.929962,1019.27246,8.34,Overcast
2013-12-27 21:00:00+00:00,SAMSUN,55,12.4295,3.6295002,0.0,15.617529,3.0,67.895256,1017.93774,7.82,Overcast
2013-12-28 21:00:00+00:00,SAMSUN,55,13.7295,4.7795,0.0,16.267857,3.0,73.67684,1015.60126,7.36,Overcast
2013-12-29 21:00:00+00:00,SAMSUN,55,10.829499,3.9295,0.0,7.289444,3.0,82.751625,1017.5484,5.56,Overcast
2013-12-30 21:00:00+00:00,SAMSUN,55,8.2795,5.1295,0.0,9.9571085,3.0,87.577415,1021.4428,4.45,Overcast
2013-12-31 21:00:00+00:00,SAMSUN,55,9.079499,2.7295,0.0,8.759178,3.0,86.19769,1022.35205,6.22,Overcast
2014-01-01 21:00:00+00:00,SAMSUN,55,10.7295,1.4795,0.0,12.413477,1.0,83.031075,1021.0611,8.41,Mainly clear
2014-01-02 21:00:00+00:00,SAMSUN,55,11.1795,2.7795,0.0,13.779114,3.0,79.76835,1020.9538,7.62,Overcast
2014-01-03 21:00:00+00:00,SAMSUN,55,11.0295,3.4795,0.2,7.491114,51.0,85.534,1022.07056,6.41,Drizzle: Light
2014-01-04 21:00:00+00:00,SAMSUN,55,10.5295,2.2795,0.0,7.5685663,2.0,89.09086,1022.85297,8.0,Partly cloudy
2014-01-05 21:00:00+00:00,SAMSUN,55,12.629499,1.9795,0.0,13.217443,3.0,84.864136,1021.33246,7.77,Overcast
2014-01-06 21:00:00+00:00,SAMSUN,55,12.9295,2.9795,0.0,15.124284,3.0,78.675415,1021.9534,8.65,Overcast
2014-01-07 21:00:00+00:00,SAMSUN,55,10.079499,2.2295,0.0,9.007196,1.0,84.98327,1024.1721,7.96,Mainly clear
2014-01-08 21:00:00+00:00,SAMSUN,55,10.7795,1.3295001,0.0,10.163227,1.0,84.759285,1020.39886,9.0,Mainly clear
2014-01-09 21:00:00+00:00,SAMSUN,55,12.579499,1.1795001,0.0,18.440998,2.0,75.53426,1017.167,9.15,Partly cloudy
2014-01-10 21:00:00+00:00,SAMSUN,55,11.129499,4.1295,0.0,20.188908,3.0,68.296455,1018.97046,7.02,Overcast
2014-01-11 21:00:00+00:00,SAMSUN,55,12.0295,2.1295002,0.0,15.575981,3.0,77.30282,1019.0969,9.02,Overcast
2014-01-12 21:00:00+00:00,SAMSUN,55,8.4295,3.5795002,1.9000001,17.10284,53.0,79.27466,1015.8033,6.56,Drizzle: Moderate
2014-01-13 21:00:00+00:00,SAMSUN,55,8.2795,2.1295002,0.0,9.339208,3.0,87.952,1020.013,7.17,Overcast
2014-01-14 21:00:00+00:00,SAMSUN,55,12.129499,2.8295,0.0,13.849477,3.0,79.58517,1020.31445,9.39,Overcast
2014-01-15 21:00:00+00:00,SAMSUN,55,14.079499,4.5795,0.0,17.673029,3.0,54.593624,1015.737,6.25,Overcast
2014-01-16 21:00:00+00:00,SAMSUN,55,13.379499,5.9795003,0.3,11.019764,51.0,75.79384,1017.53485,7.56,Drizzle: Light
2014-01-17 21:00:00+00:00,SAMSUN,55,16.6295,4.3295,0.0,15.379206,3.0,76.79659,1017.7756,9.25,Overcast
2014-01-18 21:00:00+00:00,SAMSUN,55,15.1795,6.4795003,0.0,9.290511,3.0,76.00337,1018.528,7.25,Overcast
2014-01-19 21:00:00+00:00,SAMSUN,55,14.7295,5.6295,0.2,15.192682,51.0,78.052086,1014.999,7.44,Drizzle: Light
2014-01-20 21:00:00+00:00,SAMSUN,55,16.8295,5.5295,0.0,14.512064,3.0,72.99597,1012.35767,9.57,Overcast
2014-01-21 21:00:00+00:00,SAMSUN,55,15.7295,6.4295,0.0,18.58451,3.0,71.11502,1007.1064,7.86,Overcast
2014-01-22 21:00:00+00:00,SAMSUN,55,11.4295,6.1295,3.9,6.849467,53.0,88.9221,1014.0213,8.61,Drizzle: Moderate
2014-01-23 21:00:00+00:00,SAMSUN,55,9.7795,5.5795,3.5,8.942214,53.0,95.0145,1017.5175,3.99,Drizzle: Moderate
2014-01-24 21:00:00+00:00,SAMSUN,55,11.6795,5.8795,1.2,12.849528,53.0,90.644585,1011.48834,6.77,Drizzle: Moderate
2014-01-25 21:00:00+00:00,SAMSUN,55,14.129499,6.7295003,1.5,12.55879,53.0,81.97756,1003.0286,6.89,Drizzle: Moderate
2014-01-26 21:00:00+00:00,SAMSUN,55,16.4795,8.5795,0.0,12.849528,3.0,73.13033,998.36523,9.52,Overcast
2014-01-27 21:00:00+00:00,SAMSUN,55,10.9295,6.9795003,2.2,11.304229,53.0,90.59006,1003.3632,8.33,Drizzle: Moderate
2014-01-28 21:00:00+00:00,SAMSUN,55,15.379499,6.0295,0.2,19.969458,51.0,80.43969,1005.28925,7.3,Drizzle: Light
2014-01-29 21:00:00+00:00,SAMSUN,55,11.329499,5.0795,5.1,16.09969,61.0,85.453766,1017.40656,7.05,Rain: Slight
2014-01-30 21:00:00+00:00,SAMSUN,55,5.1295,2.6295002,0.0,10.594036,71.0,81.87644,1029.7527,3.36,Snow fall: Slight
2014-01-31 21:00:00+00:00,SAMSUN,55,4.6795,2.5295,0.0,8.942214,71.0,81.397575,1030.6049,4.06,Snow fall: Slight
2014-02-01 21:00:00+00:00,SAMSUN,55,6.4795003,1.1295,0.0,16.516901,3.0,75.83,1026.7183,7.02,Overcast
2014-02-02 21:00:00+00:00,SAMSUN,55,6.2295003,0.72950006,0.0,14.007655,2.0,69.97788,1022.7288,7.3,Partly cloudy
2014-02-03 21:00:00+00:00,SAMSUN,55,6.5795,3.0795002,0.0,10.805998,2.0,68.20393,1023.34186,8.17,Partly cloudy
2014-02-04 21:00:00+00:00,SAMSUN,55,7.9295,-1.1704998,0.0,10.24578,0.0,74.240364,1022.88654,12.38,Clear sky
2014-02-05 21:00:00+00:00,SAMSUN,55,8.7795,-1.6204998,0.0,9.360001,0.0,80.89292,1018.25073,12.54,Clear sky
2014-02-06 21:00:00+00:00,SAMSUN,55,10.2795,-1.2205,0.0,8.225035,2.0,84.276985,1017.74994,12.72,Partly cloudy
2014-02-07 21:00:00+00:00,SAMSUN,55,13.4295,-0.32049996,0.0,12.413477,3.0,75.2493,1018.54034,12.84,Overcast
2014-02-08 21:00:00+00:00,SAMSUN,55,15.7795,4.5295,0.0,16.87398,3.0,61.208157,1015.13525,10.35,Overcast
2014-02-09 21:00:00+00:00,SAMSUN,55,12.7295,5.5795,3.1,16.434305,53.0,74.85437,1012.13965,4.31,Drizzle: Moderate
2014-02-10 21:00:00+00:00,SAMSUN,55,14.879499,4.1295,1.0,14.081477,53.0,81.57431,1018.54614,12.29,Drizzle: Moderate
2014-02-11 21:00:00+00:00,SAMSUN,55,17.529501,5.7795,0.0,16.610792,0.0,71.01325,1015.7761,13.15,Clear sky
2014-02-12 21:00:00+00:00,SAMSUN,55,17.629501,7.6795,0.0,16.676977,3.0,65.93785,1010.87714,13.16,Overcast
2014-02-13 21:00:00+00:00,SAMSUN,55,18.129501,6.1795,0.0,13.363711,3.0,67.17055,1008.1906,10.83,Overcast
2014-02-14 21:00:00+00:00,SAMSUN,55,16.4795,7.3295,0.0,9.387651,3.0,70.830536,1008.9221,8.72,Overcast
2014-02-15 21:00:00+00:00,SAMSUN,55,9.1795,6.6795,0.4,14.05845,51.0,90.25573,1018.0451,4.19,Drizzle: Light
2014-02-16 21:00:00+00:00,SAMSUN,55,15.079499,5.1295,0.0,10.787993,3.0,79.85298,1019.1536,13.66,Overcast
2014-02-17 21:00:00+00:00,SAMSUN,55,16.8295,8.0295,0.1,16.199999,51.0,72.78857,1019.0534,13.31,Drizzle: Light
2014-02-18 21:00:00+00:00,SAMSUN,55,14.379499,7.0795,0.0,7.9526596,3.0,89.82845,1023.18365,10.91,Overcast
2014-02-19 21:00:00+00:00,SAMSUN,55,21.3295,7.3295,0.0,16.279802,3.0,65.20173,1015.22504,14.87,Overcast
2014-02-20 21:00:00+00:00,SAMSUN,55,13.879499,6.1295,0.0,9.693296,3.0,83.7391,1016.5295,13.25,Overcast
2014-02-21 21:00:00+00:00,SAMSUN,55,10.829499,6.9295,0.0,12.096214,3.0,91.34701,1012.8995,9.39,Overcast
2014-02-22 21:00:00+00:00,SAMSUN,55,11.7295,6.6795,0.0,11.019764,3.0,88.223755,1014.8672,13.37,Overcast
2014-02-23 21:00:00+00:00,SAMSUN,55,12.5295,6.7795,0.2,9.726664,51.0,91.69773,1013.9973,11.75,Drizzle: Light
2014-02-24 21:00:00+00:00,SAMSUN,55,8.7795,6.9795003,6.6,9.605998,53.0,95.85172,1012.6169,3.41,Drizzle: Moderate
2014-02-25 21:00:00+00:00,SAMSUN,55,9.7295,6.0795,4.2999997,9.693296,53.0,87.378784,1017.493,6.62,Drizzle: Moderate
2014-02-26 21:00:00+00:00,SAMSUN,55,7.7795,5.5795,5.299999,11.620809,51.0,91.972145,1020.6946,3.99,Drizzle: Light
2014-02-27 21:00:00+00:00,SAMSUN,55,10.329499,5.4295,0.2,7.342588,51.0,87.02139,1019.1008,9.28,Drizzle: Light
2014-02-28 21:00:00+00:00,SAMSUN,55,14.7295,2.7295,0.0,9.793058,3.0,78.92808,1014.73193,16.06,Overcast
2014-03-01 21:00:00+00:00,SAMSUN,55,17.5795,5.1795,0.7,16.039202,53.0,69.601585,1003.9543,12.72,Drizzle: Moderate
2014-03-02 21:00:00+00:00,SAMSUN,55,16.029501,10.129499,0.4,18.678415,51.0,66.95223,1003.82306,12.2,Drizzle: Light
2014-03-03 21:00:00+00:00,SAMSUN,55,16.8795,9.829499,2.2,10.8955765,55.0,77.92924,1001.8283,11.15,Drizzle: Dense
2014-03-04 21:00:00+00:00,SAMSUN,55,16.6795,4.8795,0.0,9.107359,3.0,82.23448,1009.33856,16.1,Overcast
2014-03-05 21:00:00+00:00,SAMSUN,55,17.2295,7.0795,2.5,11.090103,53.0,80.215126,1011.14624,9.22,Drizzle: Moderate
2014-03-06 21:00:00+00:00,SAMSUN,55,12.879499,8.5295,0.6,11.384198,51.0,89.53986,1017.97784,10.92,Drizzle: Light
2014-03-07 21:00:00+00:00,SAMSUN,55,12.129499,7.7795,3.5000002,12.144331,53.0,94.46054,1013.6656,11.47,Drizzle: Moderate
2014-03-08 21:00:00+00:00,SAMSUN,55,11.0295,7.3795,4.2000003,10.464797,61.0,92.34537,1015.83905,8.12,Rain: Slight
2014-03-09 21:00:00+00:00,SAMSUN,55,8.879499,7.0795,5.6000004,10.144082,55.0,95.86548,1010.7348,3.13,Drizzle: Dense
2014-03-10 21:00:00+00:00,SAMSUN,55,7.7795,5.0795,9.800001,13.910169,71.0,90.47471,1007.9213,4.0,Snow fall: Slight
2014-03-11 21:00:00+00:00,SAMSUN,55,8.629499,5.0795,2.4999998,19.09358,53.0,83.28714,1012.37714,7.31,Drizzle: Moderate
2014-03-12 21:00:00+00:00,SAMSUN,55,7.6295,4.4795,7.3000007,18.440998,71.0,87.05625,1018.77686,11.51,Snow fall: Slight
2014-03-13 21:00:00+00:00,SAMSUN,55,8.7795,2.1295002,0.0,8.913181,3.0,78.69666,1023.4477,13.53,Overcast
2014-03-14 21:00:00+00:00,SAMSUN,55,14.4295,1.3295001,0.0,12.224107,1.0,72.95142,1017.142,19.03,Mainly clear
2014-03-15 21:00:00+00:00,SAMSUN,55,18.379501,6.8795,3.1,25.537172,55.0,63.404247,1005.31195,15.02,Drizzle: Dense
2014-03-16 21:00:00+00:00,SAMSUN,55,14.329499,5.2795,4.8999996,22.104116,61.0,79.264,1010.18066,14.44,Rain: Slight
2014-03-17 21:00:00+00:00,SAMSUN,55,17.129501,5.0795,1.6,14.689588,53.0,78.42607,1014.31445,15.62,Drizzle: Moderate
2014-03-18 21:00:00+00:00,SAMSUN,55,16.5795,4.2795,0.0,8.373386,1.0,81.41824,1016.7844,19.17,Mainly clear
2014-03-19 21:00:00+00:00,SAMSUN,55,14.829499,6.3795,1.8000001,22.33161,53.0,74.52938,1016.0083,12.4,Drizzle: Moderate
2014-03-20 21:00:00+00:00,SAMSUN,55,14.079499,5.1795,0.0,12.24,3.0,76.34095,1024.6571,15.75,Overcast
2014-03-21 21:00:00+00:00,SAMSUN,55,13.879499,2.8295,0.0,14.618837,0.0,82.045105,1019.7683,20.55,Clear sky
2014-03-22 21:00:00+00:00,SAMSUN,55,16.529501,3.1795,0.0,9.726664,0.0,83.50996,1012.99097,20.94,Clear sky
2014-03-23 21:00:00+00:00,SAMSUN,55,18.6795,5.5295,0.0,9.360001,0.0,83.34173,1011.1548,20.62,Clear sky
2014-03-24 21:00:00+00:00,SAMSUN,55,22.779501,7.8795,0.0,12.879752,3.0,70.692764,1004.6402,20.39,Overcast
2014-03-25 21:00:00+00:00,SAMSUN,55,15.629499,9.7795,1.5000001,9.931042,53.0,80.39823,1011.7869,17.74,Drizzle: Moderate
2014-03-26 21:00:00+00:00,SAMSUN,55,14.7795,6.8295,0.1,13.0447235,51.0,84.96601,1016.6446,19.13,Drizzle: Light
2014-03-27 21:00:00+00:00,SAMSUN,55,19.879501,7.5795,5.1000004,12.758432,55.0,79.884865,1010.0407,16.92,Drizzle: Dense
2014-03-28 21:00:00+00:00,SAMSUN,55,13.329499,1.9795,14.799999,25.153671,73.0,87.18039,1007.7365,11.28,Snow fall: Moderate
2014-03-29 21:00:00+00:00,SAMSUN,55,6.4295,1.6295,2.0,22.104116,71.0,61.29166,1018.26,15.7,Snow fall: Slight
2014-03-30 21:00:00+00:00,SAMSUN,55,11.829499,2.4795,0.0,13.910169,1.0,68.13714,1014.7966,22.19,Mainly clear
2014-03-31 21:00:00+00:00,SAMSUN,55,15.129499,1.7295,0.0,11.720751,2.0,79.13276,1008.0087,22.02,Partly cloudy
2014-04-01 21:00:00+00:00,SAMSUN,55,12.7295,5.5295,1.4000001,16.215992,51.0,83.9281,1012.2659,18.86,Drizzle: Light
2014-04-02 21:00:00+00:00,SAMSUN,55,7.0795,4.4295,0.6,10.464797,51.0,82.531876,1018.29645,8.67,Drizzle: Light
2014-04-03 21:00:00+00:00,SAMSUN,55,17.129501,2.6295002,0.0,8.049845,3.0,76.29469,1014.6501,21.95,Overcast
2014-04-04 21:00:00+00:00,SAMSUN,55,18.629501,7.9295,0.2,13.441071,51.0,76.26136,1014.43726,22.02,Drizzle: Light
2014-04-05 21:00:00+00:00,SAMSUN,55,11.079499,7.7295003,3.2000003,11.609651,53.0,89.95706,1019.1032,11.04,Drizzle: Moderate
2014-04-06 21:00:00+00:00,SAMSUN,55,14.9795,6.2795,0.5,11.503113,51.0,86.917175,1011.19745,15.49,Drizzle: Light
2014-04-07 21:00:00+00:00,SAMSUN,55,12.079499,8.0295,4.9,16.394829,55.0,77.48275,1012.7448,17.11,Drizzle: Dense
2014-04-08 21:00:00+00:00,SAMSUN,55,14.329499,6.6295,0.0,13.363711,3.0,76.073105,1013.4966,21.68,Overcast
2014-04-09 21:00:00+00:00,SAMSUN,55,17.1795,4.7795,0.1,9.693296,51.0,82.58024,1009.24316,21.93,Drizzle: Light
2014-04-10 21:00:00+00:00,SAMSUN,55,22.5795,6.8295,0.0,15.072783,2.0,70.65345,1010.3027,22.81,Partly cloudy
2014-04-11 21:00:00+00:00,SAMSUN,55,14.1795,8.6795,2.0,11.808878,53.0,89.28943,1014.13495,17.85,Drizzle: Moderate
2014-04-12 21:00:00+00:00,SAMSUN,55,11.6795,8.9795,0.70000005,14.182355,51.0,89.57247,1015.66534,11.43,Drizzle: Light
2014-04-13 21:00:00+00:00,SAMSUN,55,12.7295,8.629499,0.6,12.10157,51.0,88.29661,1014.68536,11.79,Drizzle: Light
2014-04-14 21:00:00+00:00,SAMSUN,55,15.879499,7.2295003,0.90000004,10.739833,51.0,87.458046,1012.6745,18.13,Drizzle: Light
2014-04-15 21:00:00+00:00,SAMSUN,55,17.9295,6.4795003,0.1,10.990322,51.0,87.07126,1011.8415,22.99,Drizzle: Light
2014-04-16 21:00:00+00:00,SAMSUN,55,18.879501,8.5795,0.2,11.183201,51.0,84.98599,1009.35944,22.88,Drizzle: Light
2014-04-17 21:00:00+00:00,SAMSUN,55,25.029501,9.9295,0.6,13.830749,51.0,72.73365,1003.8105,22.62,Drizzle: Light
2014-04-18 21:00:00+00:00,SAMSUN,55,18.4295,12.579499,3.5,12.261157,53.0,81.98072,1008.7178,19.58,Drizzle: Moderate
2014-04-19 21:00:00+00:00,SAMSUN,55,17.9795,10.2295,0.0,19.164717,3.0,75.13108,1012.9787,24.34,Overcast
2014-04-20 21:00:00+00:00,SAMSUN,55,15.079499,10.0295,0.8,11.019764,51.0,76.89139,1014.23285,16.46,Drizzle: Light
2014-04-21 21:00:00+00:00,SAMSUN,55,18.779501,6.8295,0.0,12.24,1.0,79.01467,1015.2432,24.07,Mainly clear
2014-04-22 21:00:00+00:00,SAMSUN,55,17.4795,9.0295,0.1,9.793059,51.0,83.94012,1015.72833,20.21,Drizzle: Light
2014-04-23 21:00:00+00:00,SAMSUN,55,18.5795,8.379499,0.3,15.042659,51.0,83.4528,1014.1684,23.12,Drizzle: Light
2014-04-24 21:00:00+00:00,SAMSUN,55,17.0795,10.129499,1.7,13.397612,53.0,87.882286,1008.24554,17.19,Drizzle: Moderate
2014-04-25 21:00:00+00:00,SAMSUN,55,17.529501,10.9295,1.4,16.954432,53.0,86.84762,1007.2039,18.48,Drizzle: Moderate
2014-04-26 21:00:00+00:00,SAMSUN,55,17.9295,9.829499,0.1,14.48972,51.0,87.12399,1009.62616,23.79,Drizzle: Light
2014-04-27 21:00:00+00:00,SAMSUN,55,20.1795,10.4795,7.3,9.779817,63.0,88.21279,1004.6884,19.29,Rain: Moderate
2014-04-28 21:00:00+00:00,SAMSUN,55,19.129501,12.2295,9.6,10.00256,61.0,87.04731,1005.4431,20.84,Rain: Slight
2014-04-29 21:00:00+00:00,SAMSUN,55,19.8295,10.629499,0.9,11.923557,53.0,83.413414,1005.66284,23.33,Drizzle: Moderate
2014-04-30 21:00:00+00:00,SAMSUN,55,19.8295,12.0295,6.0,13.392774,61.0,83.02308,1006.49634,19.38,Rain: Slight
2014-05-01 21:00:00+00:00,SAMSUN,55,17.5795,10.4795,3.1999998,8.587338,55.0,89.19086,1008.88745,21.44,Drizzle: Dense
2014-05-02 21:00:00+00:00,SAMSUN,55,17.3295,11.2295,1.3,10.144082,51.0,87.970856,1011.23285,21.92,Drizzle: Light
2014-05-03 21:00:00+00:00,SAMSUN,55,21.9795,10.579499,0.2,10.661107,51.0,83.21686,1008.3935,15.43,Drizzle: Light
2014-05-04 21:00:00+00:00,SAMSUN,55,22.7295,14.329499,10.5,11.709688,61.0,80.42004,1006.4783,11.6,Rain: Slight
2014-05-05 21:00:00+00:00,SAMSUN,55,15.1795,12.6795,15.599999,12.9249525,55.0,93.75602,1015.15326,5.85,Drizzle: Dense
2014-05-06 21:00:00+00:00,SAMSUN,55,14.579499,9.879499,2.6000001,13.397612,53.0,80.16991,1019.91284,16.01,Drizzle: Moderate
2014-05-07 21:00:00+00:00,SAMSUN,55,16.3795,8.2295,0.7,14.186923,51.0,81.47726,1013.9366,22.64,Drizzle: Light
2014-05-08 21:00:00+00:00,SAMSUN,55,19.6795,10.379499,0.8,10.182337,51.0,86.83933,1005.919,20.72,Drizzle: Light
2014-05-09 21:00:00+00:00,SAMSUN,55,24.3295,13.829499,0.0,16.279802,2.0,67.68953,1006.9648,25.14,Partly cloudy
2014-05-10 21:00:00+00:00,SAMSUN,55,16.3295,12.829499,0.4,13.5515,51.0,91.781136,1012.2456,14.0,Drizzle: Light
2014-05-11 21:00:00+00:00,SAMSUN,55,19.029501,10.9295,0.0,11.681987,3.0,88.17808,1012.1531,24.39,Overcast
2014-05-12 21:00:00+00:00,SAMSUN,55,20.879501,12.7295,0.4,11.609651,51.0,83.699394,1012.94165,23.79,Drizzle: Light
2014-05-13 21:00:00+00:00,SAMSUN,55,21.4795,13.129499,0.0,11.165805,1.0,83.36297,1011.8798,26.22,Mainly clear
2014-05-14 21:00:00+00:00,SAMSUN,55,26.129501,13.329499,0.0,12.24,1.0,79.1231,1005.78516,27.06,Mainly clear
2014-05-15 21:00:00+00:00,SAMSUN,55,21.5795,15.4795,0.0,10.44,2.0,84.30364,1007.6174,25.69,Partly cloudy
2014-05-16 21:00:00+00:00,SAMSUN,55,20.779501,14.2295,0.0,14.471821,1.0,82.92865,1010.1622,24.52,Mainly clear
2014-05-17 21:00:00+00:00,SAMSUN,55,16.8295,14.1795,0.8,15.530151,53.0,76.34604,1014.6247,9.08,Drizzle: Moderate
2014-05-18 21:00:00+00:00,SAMSUN,55,18.279501,13.629499,1.6,9.511088,53.0,77.37228,1016.85114,13.32,Drizzle: Moderate
2014-05-19 21:00:00+00:00,SAMSUN,55,18.8295,12.329499,0.0,10.8955765,3.0,77.58103,1015.89984,14.36,Overcast
2014-05-20 21:00:00+00:00,SAMSUN,55,18.7295,14.379499,3.2,13.397612,61.0,87.41581,1013.1665,14.84,Rain: Slight
2014-05-21 21:00:00+00:00,SAMSUN,55,19.5795,13.829499,1.3000001,14.168641,53.0,87.48196,1011.60175,20.76,Drizzle: Moderate
2014-05-22 21:00:00+00:00,SAMSUN,55,19.8295,13.4295,1.0,14.386494,51.0,87.55667,1010.8064,20.85,Drizzle: Light
2014-05-23 21:00:00+00:00,SAMSUN,55,20.0795,14.4795,0.2,14.57889,51.0,89.34626,1011.4798,18.17,Drizzle: Light
2014-05-24 21:00:00+00:00,SAMSUN,55,19.779501,14.629499,1.9,10.829958,53.0,85.75684,1012.7698,18.17,Drizzle: Moderate
2014-05-25 21:00:00+00:00,SAMSUN,55,21.9295,14.079499,2.5000002,7.7043357,53.0,84.55016,1012.0813,17.89,Drizzle: Moderate
2014-05-26 21:00:00+00:00,SAMSUN,55,24.4795,15.379499,0.6,13.896187,53.0,78.78217,1009.13354,23.5,Drizzle: Moderate
2014-05-27 21:00:00+00:00,SAMSUN,55,24.2295,13.7795,1.9,8.78872,61.0,83.30921,1007.65796,23.51,Rain: Slight
2014-05-28 21:00:00+00:00,SAMSUN,55,25.6795,15.1795,0.0,12.245293,3.0,80.81718,1008.3272,26.5,Overcast
2014-05-29 21:00:00+00:00,SAMSUN,55,26.2295,16.3295,3.0,9.826088,61.0,83.75159,1006.05756,20.74,Rain: Slight
2014-05-30 21:00:00+00:00,SAMSUN,55,24.4795,16.4295,14.5,15.188415,63.0,86.66061,1003.0723,23.62,Rain: Moderate
2014-05-31 21:00:00+00:00,SAMSUN,55,20.2295,15.1795,6.7000003,9.885262,61.0,86.10705,1006.98755,15.29,Rain: Slight
2014-06-01 21:00:00+00:00,SAMSUN,55,18.2295,15.129499,8.000001,9.3876505,53.0,90.42062,1008.52924,9.16,Drizzle: Moderate
2014-06-02 21:00:00+00:00,SAMSUN,55,21.0795,14.879499,6.8,10.495713,63.0,86.48333,1011.03253,16.07,Rain: Moderate
2014-06-03 21:00:00+00:00,SAMSUN,55,23.3295,12.9295,0.0,11.659777,3.0,85.44286,1010.4421,24.85,Overcast
2014-06-04 21:00:00+00:00,SAMSUN,55,23.779501,15.9295,6.0,12.979984,61.0,88.356514,1001.6404,21.11,Rain: Slight
2014-06-05 21:00:00+00:00,SAMSUN,55,21.9795,16.779501,12.799999,9.585739,61.0,91.00214,1004.29614,18.14,Rain: Slight
2014-06-06 21:00:00+00:00,SAMSUN,55,21.9295,16.6295,5.000001,11.592894,53.0,90.607124,1006.6326,18.46,Drizzle: Moderate
2014-06-07 21:00:00+00:00,SAMSUN,55,22.1795,16.529501,0.3,14.689588,51.0,87.36854,1009.51447,20.69,Drizzle: Light
2014-06-08 21:00:00+00:00,SAMSUN,55,22.6795,16.1295,0.0,10.966713,3.0,86.79441,1011.18726,22.97,Overcast
2014-06-09 21:00:00+00:00,SAMSUN,55,24.1795,16.0795,0.0,12.904882,3.0,86.25097,1011.25104,26.5,Overcast
2014-06-10 21:00:00+00:00,SAMSUN,55,25.0795,16.5795,4.2999997,11.570515,61.0,81.77332,1008.39355,25.07,Rain: Slight
2014-06-11 21:00:00+00:00,SAMSUN,55,21.1795,16.9295,6.3999996,18.678415,61.0,81.46383,1009.0677,19.43,Rain: Slight
2014-06-12 21:00:00+00:00,SAMSUN,55,22.5795,16.029501,0.2,12.57426,51.0,74.45758,1010.44214,21.56,Drizzle: Light
2014-06-13 21:00:00+00:00,SAMSUN,55,24.9795,14.2295,0.0,14.003029,1.0,77.44209,1008.1314,27.66,Mainly clear
2014-06-14 21:00:00+00:00,SAMSUN,55,25.5795,16.279501,0.2,13.5515,51.0,81.29465,1009.2819,25.43,Drizzle: Light
2014-06-15 21:00:00+00:00,SAMSUN,55,24.0795,16.9795,0.0,13.608762,3.0,80.992966,1011.79767,25.52,Overcast
2014-06-16 21:00:00+00:00,SAMSUN,55,24.279501,16.1295,0.0,11.709688,3.0,80.25086,1012.3642,27.81,Overcast
2014-06-17 21:00:00+00:00,SAMSUN,55,26.1795,16.2295,0.0,11.592895,1.0,75.93131,1011.7996,25.04,Mainly clear
2014-06-18 21:00:00+00:00,SAMSUN,55,25.9795,17.8295,0.1,13.849477,51.0,81.97908,1008.34595,26.17,Drizzle: Light
2014-06-19 21:00:00+00:00,SAMSUN,55,27.9795,17.8295,3.5,20.948164,55.0,84.17613,1000.43695,25.73,Drizzle: Dense
2014-06-20 21:00:00+00:00,SAMSUN,55,23.6795,18.1795,5.1,11.983188,61.0,76.67987,1007.1211,21.56,Rain: Slight
2014-06-21 21:00:00+00:00,SAMSUN,55,22.879501,16.8795,5.2,14.685176,61.0,77.82872,1014.4891,21.48,Rain: Slight
2014-06-22 21:00:00+00:00,SAMSUN,55,21.4795,15.579499,0.3,13.37825,51.0,77.749756,1018.4786,21.32,Drizzle: Light
2014-06-23 21:00:00+00:00,SAMSUN,55,22.4295,14.4795,0.0,14.689588,3.0,76.6092,1016.2754,27.5,Overcast
2014-06-24 21:00:00+00:00,SAMSUN,55,24.629501,14.4295,0.0,11.525623,2.0,77.611694,1010.8694,29.34,Partly cloudy
2014-06-25 21:00:00+00:00,SAMSUN,55,31.0795,17.379501,0.2,13.684735,51.0,69.54136,1008.8804,27.09,Drizzle: Light
2014-06-26 21:00:00+00:00,SAMSUN,55,26.9795,18.4295,0.5,15.596767,51.0,78.53552,1012.4357,27.69,Drizzle: Light
2014-06-27 21:00:00+00:00,SAMSUN,55,23.4795,19.4795,2.0,16.279802,51.0,87.669624,1014.59906,15.31,Drizzle: Light
2014-06-28 21:00:00+00:00,SAMSUN,55,22.879501,17.5795,0.0,12.074766,3.0,75.77955,1015.35596,18.99,Overcast
2014-06-29 21:00:00+00:00,SAMSUN,55,25.0795,15.5295,0.0,14.007655,0.0,70.81232,1012.41797,29.43,Clear sky
2014-06-30 21:00:00+00:00,SAMSUN,55,27.4795,15.079499,0.0,12.599998,1.0,79.23827,1010.1111,29.94,Mainly clear
2014-07-01 21:00:00+00:00,SAMSUN,55,25.4295,18.7295,0.0,16.343367,3.0,82.36979,1016.9638,24.45,Overcast
2014-07-02 21:00:00+00:00,SAMSUN,55,24.629501,18.0795,0.0,13.684735,2.0,80.813576,1014.7932,25.52,Partly cloudy
2014-07-03 21:00:00+00:00,SAMSUN,55,23.629501,18.0795,1.7000002,18.228943,51.0,83.22112,1009.4363,17.58,Drizzle: Light
2014-07-04 21:00:00+00:00,SAMSUN,55,22.1795,20.0795,11.499999,19.134262,61.0,87.380196,1008.89575,6.69,Rain: Slight
2014-07-05 21:00:00+00:00,SAMSUN,55,24.379501,19.0795,0.6,17.072504,51.0,77.2994,1010.9803,20.1,Drizzle: Light
2014-07-06 21:00:00+00:00,SAMSUN,55,25.779501,17.3295,0.0,12.783802,2.0,78.61991,1012.21844,25.99,Partly cloudy
2014-07-07 21:00:00+00:00,SAMSUN,55,25.629501,16.529501,0.2,14.417988,51.0,79.63432,1010.8115,25.11,Drizzle: Light
2014-07-08 21:00:00+00:00,SAMSUN,55,25.2295,17.779501,0.0,15.021105,3.0,81.471,1007.8208,27.06,Overcast
2014-07-09 21:00:00+00:00,SAMSUN,55,26.379501,18.779501,0.0,15.137133,3.0,82.10821,1005.5364,27.0,Overcast
2014-07-10 21:00:00+00:00,SAMSUN,55,29.3295,19.529501,0.0,11.480557,3.0,82.619484,1003.92804,26.86,Overcast
2014-07-11 21:00:00+00:00,SAMSUN,55,29.379501,22.629501,0.0,14.205182,1.0,68.98141,1003.6132,26.93,Mainly clear
2014-07-12 21:00:00+00:00,SAMSUN,55,27.4295,20.879501,0.0,22.33161,1.0,67.59364,1008.1585,27.6,Mainly clear
2014-07-13 21:00:00+00:00,SAMSUN,55,27.1795,20.9295,0.0,15.905319,1.0,70.684166,1008.9795,25.32,Mainly clear
2014-07-14 21:00:00+00:00,SAMSUN,55,27.2295,18.9795,0.0,14.20062,2.0,79.917534,1007.4961,26.92,Partly cloudy
2014-07-15 21:00:00+00:00,SAMSUN,55,27.279501,19.9295,0.0,14.57889,3.0,85.67612,1005.31934,22.65,Overcast
2014-07-16 21:00:00+00:00,SAMSUN,55,26.3295,21.279501,0.6,14.345898,51.0,81.84464,1006.98804,14.76,Drizzle: Light
2014-07-17 21:00:00+00:00,SAMSUN,55,27.0795,19.6795,0.0,15.137133,2.0,78.28245,1007.385,26.5,Partly cloudy
2014-07-18 21:00:00+00:00,SAMSUN,55,26.4295,19.6795,0.0,12.768586,2.0,76.50443,1006.51434,21.38,Partly cloudy
2014-07-19 21:00:00+00:00,SAMSUN,55,25.779501,19.8295,4.0,14.05845,55.0,80.50259,1005.8128,21.88,Drizzle: Dense
2014-07-20 21:00:00+00:00,SAMSUN,55,25.3295,19.8295,2.3,14.973577,51.0,83.93415,1006.0154,14.31,Drizzle: Light
2014-07-21 21:00:00+00:00,SAMSUN,55,27.5795,21.2295,0.0,13.324863,2.0,77.75154,1008.2844,24.54,Partly cloudy
2014-07-22 21:00:00+00:00,SAMSUN,55,29.4795,19.1795,0.0,14.917212,3.0,78.69953,1005.99347,27.56,Overcast
2014-07-23 21:00:00+00:00,SAMSUN,55,28.8295,20.7295,0.0,16.075521,2.0,79.26427,1003.3096,26.96,Partly cloudy
2014-07-24 21:00:00+00:00,SAMSUN,55,27.279501,21.779501,0.0,15.876775,2.0,76.835144,1006.4763,19.88,Partly cloudy
2014-07-25 21:00:00+00:00,SAMSUN,55,27.1795,21.629501,0.5,16.595179,51.0,79.06482,1006.8262,16.13,Drizzle: Light
2014-07-26 21:00:00+00:00,SAMSUN,55,29.4795,21.9295,0.5,16.56,51.0,74.98679,1007.9184,22.57,Drizzle: Light
2014-07-27 21:00:00+00:00,SAMSUN,55,29.629501,21.9795,0.0,18.678415,1.0,73.79796,1009.7986,26.14,Mainly clear
2014-07-28 21:00:00+00:00,SAMSUN,55,28.4795,21.029501,0.0,13.479583,1.0,82.45259,1007.47217,25.33,Mainly clear
2014-07-29 21:00:00+00:00,SAMSUN,55,27.9795,21.879501,0.0,16.279802,3.0,82.08433,1007.1971,21.28,Overcast
2014-07-30 21:00:00+00:00,SAMSUN,55,28.029501,20.279501,0.0,15.021105,3.0,77.769615,1007.01904,26.43,Overcast
2014-07-31 21:00:00+00:00,SAMSUN,55,28.779501,19.9295,0.0,15.617529,2.0,77.393684,1004.65155,25.96,Partly cloudy
2014-08-01 21:00:00+00:00,SAMSUN,55,29.779501,20.879501,0.0,17.072504,2.0,79.32368,1002.73785,23.58,Partly cloudy
2014-08-02 21:00:00+00:00,SAMSUN,55,29.279501,22.129501,0.0,18.806337,2.0,76.23752,1003.4349,25.22,Partly cloudy
2014-08-03 21:00:00+00:00,SAMSUN,55,29.9795,21.879501,0.3,19.813087,51.0,72.03066,1002.2773,23.98,Drizzle: Light
2014-08-04 21:00:00+00:00,SAMSUN,55,28.629501,23.629501,2.8000002,21.980644,61.0,73.69607,1002.0,17.23,Rain: Slight
2014-08-05 21:00:00+00:00,SAMSUN,55,29.7295,22.2295,0.0,19.272614,2.0,68.58845,1004.2259,24.06,Partly cloudy
2014-08-06 21:00:00+00:00,SAMSUN,55,29.279501,18.9295,0.0,16.09969,2.0,78.08814,1005.5835,25.34,Partly cloudy
2014-08-07 21:00:00+00:00,SAMSUN,55,27.629501,21.1795,0.0,15.192682,3.0,81.279625,1007.233,20.84,Overcast
2014-08-08 21:00:00+00:00,SAMSUN,55,28.4295,21.4795,0.0,16.93531,2.0,74.100494,1008.8703,22.01,Partly cloudy
2014-08-09 21:00:00+00:00,SAMSUN,55,28.6795,21.779501,0.3,19.211996,51.0,74.16129,1010.7277,21.39,Drizzle: Light
2014-08-10 21:00:00+00:00,SAMSUN,55,29.4295,21.1795,0.0,15.978486,0.0,76.04501,1011.01056,23.97,Clear sky
2014-08-11 21:00:00+00:00,SAMSUN,55,28.029501,21.129501,0.1,15.379206,51.0,79.40323,1010.55005,21.45,Drizzle: Light
2014-08-12 21:00:00+00:00,SAMSUN,55,28.879501,20.9295,0.0,14.973577,2.0,79.33318,1012.06696,21.46,Partly cloudy
2014-08-13 21:00:00+00:00,SAMSUN,55,29.279501,20.9295,0.0,14.77755,2.0,79.85405,1010.20166,21.91,Partly cloudy
2014-08-14 21:00:00+00:00,SAMSUN,55,31.2295,21.129501,0.0,14.264361,1.0,76.540474,1006.1622,23.76,Mainly clear
2014-08-15 21:00:00+00:00,SAMSUN,55,29.279501,21.279501,0.0,15.349684,1.0,80.58886,1007.12115,24.5,Mainly clear
2014-08-16 21:00:00+00:00,SAMSUN,55,29.4295,21.279501,0.0,14.81259,2.0,76.80898,1003.70825,23.71,Partly cloudy
2014-08-17 21:00:00+00:00,SAMSUN,55,26.879501,21.6795,3.6000004,15.84,51.0,82.64167,1003.3669,10.88,Drizzle: Light
2014-08-18 21:00:00+00:00,SAMSUN,55,23.279501,21.9295,18.600002,16.199999,61.0,91.07548,1011.0931,5.23,Rain: Slight
2014-08-19 21:00:00+00:00,SAMSUN,55,25.4795,20.5795,0.0,11.384198,3.0,79.79472,1014.1653,13.39,Overcast
2014-08-20 21:00:00+00:00,SAMSUN,55,27.2295,19.1795,0.0,12.218805,3.0,78.3185,1013.0818,21.82,Overcast
2014-08-21 21:00:00+00:00,SAMSUN,55,26.2295,19.779501,0.2,14.658676,51.0,82.56546,1013.2668,16.74,Drizzle: Light
2014-08-22 21:00:00+00:00,SAMSUN,55,26.129501,20.6795,1.4000001,15.646544,51.0,82.34377,1014.0954,17.19,Drizzle: Light
2014-08-23 21:00:00+00:00,SAMSUN,55,27.1795,21.129501,0.0,12.599998,2.0,79.47332,1010.3808,17.9,Partly cloudy
2014-08-24 21:00:00+00:00,SAMSUN,55,27.5795,19.879501,0.0,14.8257065,3.0,81.77096,1011.2124,22.87,Overcast
2014-08-25 21:00:00+00:00,SAMSUN,55,26.7295,20.2295,0.0,14.336861,2.0,79.18914,1012.5776,18.34,Partly cloudy
2014-08-26 21:00:00+00:00,SAMSUN,55,28.629501,19.379501,0.0,12.387348,1.0,80.50418,1008.11127,22.98,Mainly clear
2014-08-27 21:00:00+00:00,SAMSUN,55,27.1795,22.029501,0.0,17.076298,3.0,83.77047,1007.8557,15.65,Overcast
2014-08-28 21:00:00+00:00,SAMSUN,55,23.7295,20.4795,12.799999,19.191748,61.0,86.81382,1013.5923,6.07,Rain: Slight
2014-08-29 21:00:00+00:00,SAMSUN,55,24.129501,20.0795,0.5,12.031756,51.0,69.545074,1016.62555,15.03,Drizzle: Light
2014-08-30 21:00:00+00:00,SAMSUN,55,25.5795,16.279501,0.0,11.304229,0.0,67.88125,1011.97394,22.92,Clear sky
2014-08-31 21:00:00+00:00,SAMSUN,55,26.9295,16.6795,0.0,12.074766,2.0,75.84429,1007.0647,22.84,Partly cloudy
2014-09-01 21:00:00+00:00,SAMSUN,55,26.879501,18.2295,0.0,13.779114,3.0,79.42733,1006.2175,21.05,Overcast
2014-09-02 21:00:00+00:00,SAMSUN,55,27.279501,18.4795,0.0,12.229406,3.0,80.056625,1006.72656,21.56,Overcast
2014-09-03 21:00:00+00:00,SAMSUN,55,28.1795,17.9795,0.0,12.783802,2.0,77.457794,1006.4672,21.84,Partly cloudy
2014-09-04 21:00:00+00:00,SAMSUN,55,27.0795,18.779501,0.0,14.512064,2.0,83.361885,1005.3892,20.31,Partly cloudy
2014-09-05 21:00:00+00:00,SAMSUN,55,26.9295,20.779501,0.1,15.349684,51.0,82.663925,1003.16144,17.34,Drizzle: Light
2014-09-06 21:00:00+00:00,SAMSUN,55,27.3295,22.6795,0.70000005,12.224107,51.0,83.80207,1005.69696,15.19,Drizzle: Light
2014-09-07 21:00:00+00:00,SAMSUN,55,25.4295,21.0795,7.8000007,15.1884165,61.0,84.99084,1008.78375,14.21,Rain: Slight
2014-09-08 21:00:00+00:00,SAMSUN,55,25.129501,19.9295,6.4999995,13.138765,63.0,84.30512,1010.5466,13.41,Rain: Moderate
2014-09-09 21:00:00+00:00,SAMSUN,55,24.879501,18.3295,0.2,12.88981,51.0,78.433525,1011.5418,18.24,Drizzle: Light
2014-09-10 21:00:00+00:00,SAMSUN,55,21.629501,19.9795,16.199999,10.383987,63.0,85.01966,1012.9963,5.91,Rain: Moderate
2014-09-11 21:00:00+00:00,SAMSUN,55,25.029501,16.7295,0.0,13.708391,1.0,82.881744,1013.5634,18.44,Mainly clear
2014-09-12 21:00:00+00:00,SAMSUN,55,24.029501,19.279501,1.0,13.830749,51.0,85.36402,1014.20337,15.84,Drizzle: Light
2014-09-13 21:00:00+00:00,SAMSUN,55,23.6795,18.3295,0.1,12.594856,51.0,82.64127,1011.8257,16.0,Drizzle: Light
2014-09-14 21:00:00+00:00,SAMSUN,55,23.9295,17.7295,0.0,14.336861,2.0,81.26986,1010.78424,16.56,Partly cloudy
2014-09-15 21:00:00+00:00,SAMSUN,55,24.379501,17.529501,0.0,14.587776,3.0,77.36438,1010.0727,16.53,Overcast
2014-09-16 21:00:00+00:00,SAMSUN,55,22.879501,17.129501,0.70000005,13.513193,51.0,78.717186,1010.03925,13.26,Drizzle: Light
2014-09-17 21:00:00+00:00,SAMSUN,55,20.6795,17.629501,10.799999,5.6920996,61.0,86.56509,1010.1358,5.57,Rain: Slight
2014-09-18 21:00:00+00:00,SAMSUN,55,21.9295,17.029501,5.7,13.479583,61.0,85.98304,1014.5229,12.53,Rain: Slight
2014-09-19 21:00:00+00:00,SAMSUN,55,20.6795,16.8795,0.8,18.709612,51.0,76.61879,1015.5808,12.31,Drizzle: Light
2014-09-20 21:00:00+00:00,SAMSUN,55,20.379501,15.1795,0.0,11.923557,3.0,82.34614,1013.5341,13.9,Overcast
2014-09-21 21:00:00+00:00,SAMSUN,55,22.4795,15.0295,0.0,13.363711,3.0,84.01404,1009.82477,17.8,Overcast
2014-09-22 21:00:00+00:00,SAMSUN,55,29.9295,15.579499,0.0,13.202726,3.0,71.53799,1002.8547,16.28,Overcast
2014-09-23 21:00:00+00:00,SAMSUN,55,22.529501,15.6795,2.6,23.219301,55.0,63.0771,1010.9245,15.66,Drizzle: Dense
2014-09-24 21:00:00+00:00,SAMSUN,55,18.7295,14.579499,0.2,13.363711,51.0,73.73583,1015.16626,12.57,Drizzle: Light
2014-09-25 21:00:00+00:00,SAMSUN,55,19.779501,14.329499,0.0,18.430452,3.0,70.773445,1013.8757,15.27,Overcast
2014-09-26 21:00:00+00:00,SAMSUN,55,20.4795,14.129499,2.2,15.256526,51.0,84.3665,1007.5599,11.23,Drizzle: Light
2014-09-27 21:00:00+00:00,SAMSUN,55,17.529501,15.6795,29.100002,18.25026,63.0,91.2633,1007.93,3.83,Rain: Moderate
2014-09-28 21:00:00+00:00,SAMSUN,55,18.6795,14.879499,14.0,24.798225,61.0,82.40769,1020.88556,12.57,Rain: Slight
2014-09-29 21:00:00+00:00,SAMSUN,55,18.1795,11.579499,0.0,11.4862,2.0,73.55601,1022.85187,14.04,Partly cloudy
2014-09-30 21:00:00+00:00,SAMSUN,55,19.629501,9.629499,0.0,11.183201,2.0,79.87468,1020.69336,17.42,Partly cloudy
2014-10-01 21:00:00+00:00,SAMSUN,55,18.029501,12.5295,2.3,16.78156,53.0,82.94956,1022.2707,9.63,Drizzle: Moderate
2014-10-02 21:00:00+00:00,SAMSUN,55,16.1795,12.579499,0.0,9.449572,3.0,72.07602,1020.89044,9.32,Overcast
2014-10-03 21:00:00+00:00,SAMSUN,55,17.0795,13.629499,0.1,8.587338,51.0,77.948906,1016.96747,7.01,Drizzle: Light
2014-10-04 21:00:00+00:00,SAMSUN,55,18.879501,12.629499,0.0,13.217443,3.0,79.68446,1017.7413,15.94,Overcast
2014-10-05 21:00:00+00:00,SAMSUN,55,17.6795,12.1795,1.5999999,10.703569,53.0,85.601814,1020.44635,8.9,Drizzle: Moderate
2014-10-06 21:00:00+00:00,SAMSUN,55,19.0795,14.4295,0.0,11.885453,3.0,80.48639,1022.15704,10.84,Overcast
2014-10-07 21:00:00+00:00,SAMSUN,55,19.5795,13.2795,0.0,13.202726,3.0,85.30566,1019.90424,12.98,Overcast
2014-10-08 21:00:00+00:00,SAMSUN,55,19.279501,14.829499,0.0,14.88242,3.0,83.912186,1019.8023,12.42,Overcast
2014-10-09 21:00:00+00:00,SAMSUN,55,18.8295,14.7295,0.0,14.689589,2.0,83.44787,1020.18976,11.51,Partly cloudy
2014-10-10 21:00:00+00:00,SAMSUN,55,19.129501,12.6795,0.1,10.966713,51.0,84.44858,1016.98517,10.29,Drizzle: Light
2014-10-11 21:00:00+00:00,SAMSUN,55,20.3295,14.629499,0.6,7.386582,51.0,90.29554,1014.43506,12.16,Drizzle: Light
2014-10-12 21:00:00+00:00,SAMSUN,55,20.2295,16.1295,0.1,12.10157,51.0,88.12946,1014.70526,10.4,Drizzle: Light
2014-10-13 21:00:00+00:00,SAMSUN,55,19.629501,16.1795,0.2,11.298495,51.0,88.9462,1013.86035,7.16,Drizzle: Light
2014-10-14 21:00:00+00:00,SAMSUN,55,19.629501,14.9295,2.6,6.989936,53.0,89.18931,1013.29376,8.28,Drizzle: Moderate
2014-10-15 21:00:00+00:00,SAMSUN,55,23.779501,13.4795,0.1,11.298495,51.0,82.37337,1012.0288,13.78,Drizzle: Light
2014-10-16 21:00:00+00:00,SAMSUN,55,21.279501,14.379499,6.5,16.434305,61.0,82.02781,1010.0854,7.28,Rain: Slight
2014-10-17 21:00:00+00:00,SAMSUN,55,22.6795,13.7295,16.4,29.568253,63.0,84.14711,1007.3762,7.16,Rain: Moderate
2014-10-18 21:00:00+00:00,SAMSUN,55,13.1795,9.129499,13.199999,24.344624,61.0,82.0295,1020.79095,7.47,Rain: Slight
2014-10-19 21:00:00+00:00,SAMSUN,55,13.079499,8.5295,1.0,10.787993,51.0,71.96546,1021.7271,9.12,Drizzle: Light
2014-10-20 21:00:00+00:00,SAMSUN,55,19.779501,7.9295,0.0,13.281023,1.0,71.56251,1013.6822,14.13,Mainly clear
2014-10-21 21:00:00+00:00,SAMSUN,55,23.2295,12.2295,0.0,16.992609,3.0,61.976772,1008.7929,14.05,Overcast
2014-10-22 21:00:00+00:00,SAMSUN,55,22.7295,12.2795,0.0,17.727943,3.0,64.89653,1008.20306,9.16,Overcast
2014-10-23 21:00:00+00:00,SAMSUN,55,23.4795,14.4795,0.5,16.75064,51.0,72.233635,1010.94775,8.52,Drizzle: Light
2014-10-24 21:00:00+00:00,SAMSUN,55,15.629499,14.2795,7.1,9.931042,55.0,96.08251,1014.2564,4.55,Drizzle: Dense
2014-10-25 21:00:00+00:00,SAMSUN,55,17.1795,14.4795,7.2,13.527572,53.0,93.575745,1015.90967,5.12,Drizzle: Moderate
2014-10-26 21:00:00+00:00,SAMSUN,55,17.629501,14.4795,3.5,10.685391,51.0,94.13223,1017.8921,7.14,Drizzle: Light
2014-10-27 21:00:00+00:00,SAMSUN,55,16.779501,14.5295,0.4,10.514218,51.0,94.11065,1019.48334,5.04,Drizzle: Light
2014-10-28 21:00:00+00:00,SAMSUN,55,17.029501,14.129499,0.0,8.891343,3.0,90.90223,1018.65485,6.7,Overcast
2014-10-29 21:00:00+00:00,SAMSUN,55,18.529501,14.0295,1.9000001,7.2805495,53.0,90.08091,1012.9439,7.56,Drizzle: Moderate
2014-10-30 21:00:00+00:00,SAMSUN,55,15.629499,13.2295,25.800001,15.696165,63.0,93.74934,1010.9348,4.06,Rain: Moderate
2014-10-31 21:00:00+00:00,SAMSUN,55,13.1795,11.7295,8.799999,18.79255,61.0,83.862465,1014.4942,3.23,Rain: Slight
2014-11-01 21:00:00+00:00,SAMSUN,55,11.6795,6.0795,10.0,20.390114,61.0,84.753,1018.4978,2.6,Rain: Slight
2014-11-02 21:00:00+00:00,SAMSUN,55,8.5295,5.2795,4.1000004,10.144082,51.0,83.17316,1023.8731,8.34,Drizzle: Light
2014-11-03 21:00:00+00:00,SAMSUN,55,11.7295,4.2795,0.0,10.44,2.0,78.447014,1023.6556,8.97,Partly cloudy
2014-11-04 21:00:00+00:00,SAMSUN,55,15.7795,3.7795,0.0,12.303366,0.0,76.0613,1023.4379,12.16,Clear sky
2014-11-05 21:00:00+00:00,SAMSUN,55,17.8295,7.5295,0.0,15.696165,0.0,71.032394,1024.3345,12.04,Clear sky
2014-11-06 21:00:00+00:00,SAMSUN,55,18.5795,7.4295,0.0,15.778516,0.0,69.57763,1022.94806,11.98,Clear sky
2014-11-07 21:00:00+00:00,SAMSUN,55,19.629501,8.5795,0.0,15.807239,3.0,66.61327,1019.103,10.97,Overcast
2014-11-08 21:00:00+00:00,SAMSUN,55,20.629501,9.7295,0.0,16.1198,3.0,62.974407,1015.9261,11.47,Overcast
2014-11-09 21:00:00+00:00,SAMSUN,55,19.1795,9.879499,0.0,12.261157,1.0,72.17029,1019.4439,10.72,Mainly clear
2014-11-10 21:00:00+00:00,SAMSUN,55,16.7295,8.7295,0.0,8.209263,2.0,84.62714,1021.9983,10.25,Partly cloudy
2014-11-11 21:00:00+00:00,SAMSUN,55,16.4295,9.129499,0.0,8.373386,2.0,88.75556,1018.7359,10.14,Partly cloudy
2014-11-12 21:00:00+00:00,SAMSUN,55,17.9795,7.0295,0.0,9.83268,3.0,87.805725,1013.85565,10.46,Overcast
2014-11-13 21:00:00+00:00,SAMSUN,55,19.6795,9.079499,0.0,12.979984,3.0,77.29066,1011.71,9.88,Overcast
2014-11-14 21:00:00+00:00,SAMSUN,55,18.2295,11.4295,0.0,10.97262,3.0,75.99798,1012.29175,7.1,Overcast
2014-11-15 21:00:00+00:00,SAMSUN,55,14.829499,9.7295,0.0,9.0645685,3.0,90.30728,1014.1658,5.49,Overcast
2014-11-16 21:00:00+00:00,SAMSUN,55,15.5295,9.7795,0.0,7.5170207,3.0,91.10967,1016.13794,6.35,Overcast
2014-11-17 21:00:00+00:00,SAMSUN,55,18.1795,9.579499,0.9,13.979872,53.0,82.16808,1018.57764,7.58,Drizzle: Moderate
2014-11-18 21:00:00+00:00,SAMSUN,55,19.2295,8.5795,0.0,10.990322,3.0,83.46235,1019.5013,8.96,Overcast
2014-11-19 21:00:00+00:00,SAMSUN,55,20.2295,11.4295,0.0,15.315873,3.0,72.18973,1012.73004,9.02,Overcast
2014-11-20 21:00:00+00:00,SAMSUN,55,12.7295,10.329499,19.799997,14.654254,61.0,91.21998,1012.08954,1.88,Rain: Slight
2014-11-21 21:00:00+00:00,SAMSUN,55,10.9795,9.4295,19.199995,30.05515,61.0,88.12742,1011.6284,2.26,Rain: Slight
2014-11-22 21:00:00+00:00,SAMSUN,55,9.4795,7.4795003,0.0,20.898613,3.0,75.10639,1020.5059,4.6,Overcast
2014-11-23 21:00:00+00:00,SAMSUN,55,9.2295,6.9295,0.1,14.77755,51.0,72.259155,1020.77277,3.84,Drizzle: Light
2014-11-24 21:00:00+00:00,SAMSUN,55,11.0295,3.1795,0.0,10.966713,3.0,78.573814,1017.1118,9.01,Overcast
2014-11-25 21:00:00+00:00,SAMSUN,55,10.879499,5.9795003,13.799999,20.617662,61.0,89.92762,1013.8462,3.27,Rain: Slight
2014-11-26 21:00:00+00:00,SAMSUN,55,8.5795,7.1795,7.6,20.65848,61.0,85.102455,1019.77783,3.83,Rain: Slight
2014-11-27 21:00:00+00:00,SAMSUN,55,11.129499,5.1795,0.0,7.628263,3.0,85.91529,1023.41895,6.87,Overcast
2014-11-28 21:00:00+00:00,SAMSUN,55,12.9795,3.4795,0.3,14.081477,51.0,82.87496,1021.8115,6.06,Drizzle: Light
2014-11-29 21:00:00+00:00,SAMSUN,55,10.2295,6.8795,9.699999,11.720751,55.0,90.09076,1016.4839,1.21,Drizzle: Dense
2014-11-30 21:00:00+00:00,SAMSUN,55,7.4795003,4.8795,11.000001,15.315873,71.0,87.36382,1019.4848,1.71,Snow fall: Slight
2014-12-01 21:00:00+00:00,SAMSUN,55,8.2795,3.7795,2.3999999,8.78872,71.0,85.99902,1020.67065,2.58,Snow fall: Slight
2014-12-02 21:00:00+00:00,SAMSUN,55,8.9795,7.6295,4.3999996,10.464798,53.0,89.99963,1024.1051,1.91,Drizzle: Moderate
2014-12-03 21:00:00+00:00,SAMSUN,55,14.4795,7.0295,0.3,12.10157,51.0,89.531006,1020.465,4.33,Drizzle: Light
2014-12-04 21:00:00+00:00,SAMSUN,55,14.2295,9.7295,1.6000001,10.009036,51.0,90.87106,1019.3139,3.6,Drizzle: Light
2014-12-05 21:00:00+00:00,SAMSUN,55,14.9795,8.4295,0.0,7.2805495,3.0,93.10532,1019.5507,6.49,Overcast
2014-12-06 21:00:00+00:00,SAMSUN,55,18.029501,8.5795,0.0,15.1884165,3.0,80.53846,1015.16205,8.13,Overcast
2014-12-07 21:00:00+00:00,SAMSUN,55,17.379501,9.579499,0.0,10.685391,3.0,83.92538,1013.1883,6.1,Overcast
2014-12-08 21:00:00+00:00,SAMSUN,55,18.879501,11.2295,0.3,11.620809,51.0,75.571266,1009.0989,6.33,Drizzle: Light
2014-12-09 21:00:00+00:00,SAMSUN,55,18.6795,10.2795,0.0,15.175612,3.0,68.38922,1012.0044,7.12,Overcast
2014-12-10 21:00:00+00:00,SAMSUN,55,15.079499,8.379499,0.0,9.3876505,3.0,89.55958,1020.37305,6.3,Overcast
2014-12-11 21:00:00+00:00,SAMSUN,55,15.5295,7.9795003,0.2,13.37825,51.0,81.22123,1013.4759,2.91,Drizzle: Light
2014-12-12 21:00:00+00:00,SAMSUN,55,10.9295,8.629499,8.1,15.137133,53.0,94.67245,1020.1884,0.78,Drizzle: Moderate
2014-12-13 21:00:00+00:00,SAMSUN,55,11.879499,6.1295,0.0,6.792466,3.0,86.15101,1023.96796,5.15,Overcast
2014-12-14 21:00:00+00:00,SAMSUN,55,12.629499,3.7295,0.0,8.891343,2.0,90.469055,1024.4401,7.59,Partly cloudy
2014-12-15 21:00:00+00:00,SAMSUN,55,13.579499,4.1295,0.0,14.277983,3.0,82.20873,1023.5688,8.09,Overcast
2014-12-16 21:00:00+00:00,SAMSUN,55,13.5295,5.6795,0.0,16.676977,3.0,70.618126,1019.2478,5.8,Overcast
2014-12-17 21:00:00+00:00,SAMSUN,55,16.3295,8.6795,0.2,16.375053,51.0,68.98595,1014.1301,7.05,Drizzle: Light
2014-12-18 21:00:00+00:00,SAMSUN,55,11.079499,8.2795,3.8000002,9.19939,53.0,91.99319,1018.991,3.57,Drizzle: Moderate
2014-12-19 21:00:00+00:00,SAMSUN,55,14.079499,6.8795,0.0,11.592895,3.0,85.96689,1019.3321,6.75,Overcast
2014-12-20 21:00:00+00:00,SAMSUN,55,14.1795,7.0795,0.0,14.264361,3.0,70.8777,1014.84735,7.71,Overcast
2014-12-21 21:00:00+00:00,SAMSUN,55,8.9295,2.6295002,4.5999994,19.67195,53.0,79.61905,1019.1257,5.45,Drizzle: Moderate
2014-12-22 21:00:00+00:00,SAMSUN,55,7.2295003,2.2795,1.1,20.929594,71.0,75.61178,1018.58734,1.75,Snow fall: Slight
2014-12-23 21:00:00+00:00,SAMSUN,55,13.829499,6.4295,0.0,22.065973,2.0,61.15237,1019.52155,7.57,Partly cloudy
2014-12-24 21:00:00+00:00,SAMSUN,55,14.7795,6.5795,0.0,20.87379,0.0,62.493114,1019.6171,8.35,Clear sky
2014-12-25 21:00:00+00:00,SAMSUN,55,14.129499,5.2795,0.0,16.135872,3.0,69.981865,1015.1616,8.18,Overcast
2014-12-26 21:00:00+00:00,SAMSUN,55,15.4295,7.8795,0.0,16.923828,3.0,59.915455,1006.858,7.2,Overcast
2014-12-27 21:00:00+00:00,SAMSUN,55,11.7295,6.3795,9.5,15.484185,61.0,86.4501,1013.12787,3.32,Rain: Slight
2014-12-28 21:00:00+00:00,SAMSUN,55,18.129501,7.0795,0.0,22.065973,3.0,64.57496,1006.7994,5.88,Overcast
2014-12-29 21:00:00+00:00,SAMSUN,55,11.879499,3.5795002,23.000002,13.708391,73.0,90.965294,1014.7073,1.29,Snow fall: Moderate
2014-12-30 21:00:00+00:00,SAMSUN,55,5.4295,4.2295,14.099998,13.392774,73.0,89.36144,1017.5605,2.58,Snow fall: Moderate
2014-12-31 21:00:00+00:00,SAMSUN,55,6.1795,4.0795,11.2,11.609651,71.0,89.60968,1018.9155,2.04,Snow fall: Slight
2015-01-01 21:00:00+00:00,SAMSUN,55,5.0795,2.9795,8.3,10.308831,73.0,84.876236,1023.3068,2.9,Snow fall: Moderate
2015-01-02 21:00:00+00:00,SAMSUN,55,7.8795,-0.2705,0.8,8.78872,71.0,87.17802,1019.21606,8.27,Snow fall: Slight
2015-01-03 21:00:00+00:00,SAMSUN,55,9.1795,0.92950004,0.5,18.86139,71.0,80.18509,1012.33496,6.47,Snow fall: Slight
2015-01-04 21:00:00+00:00,SAMSUN,55,8.6795,2.6295002,9.900001,20.608229,73.0,81.58615,1008.7802,2.31,Snow fall: Moderate
2015-01-05 21:00:00+00:00,SAMSUN,55,3.3795002,1.9795,43.6,16.923828,75.0,93.2911,1003.8604,1.18,Snow fall: Heavy
2015-01-06 21:00:00+00:00,SAMSUN,55,2.7795,-0.8704999,11.400001,21.829777,73.0,88.401985,1013.8188,3.29,Snow fall: Moderate
2015-01-07 21:00:00+00:00,SAMSUN,55,-1.1704998,-4.6205,1.3000002,23.132626,71.0,75.83428,1027.4862,7.59,Snow fall: Slight
2015-01-08 21:00:00+00:00,SAMSUN,55,-1.2205,-6.2704997,0.1,18.043148,71.0,71.81812,1030.2693,8.91,Snow fall: Slight
2015-01-09 21:00:00+00:00,SAMSUN,55,1.6295,-5.6205,1.6999999,28.460497,73.0,62.502804,1014.9158,5.39,Snow fall: Moderate
2015-01-10 21:00:00+00:00,SAMSUN,55,5.5795,-0.5205,0.5,30.05515,51.0,71.26986,1015.98145,7.11,Drizzle: Light
2015-01-11 21:00:00+00:00,SAMSUN,55,10.7295,4.7295,1.0,35.246925,71.0,64.43806,1013.2068,7.97,Snow fall: Slight
2015-01-12 21:00:00+00:00,SAMSUN,55,6.3795,2.7795,7.3,9.726664,73.0,88.90952,1025.8896,3.67,Snow fall: Moderate
2015-01-13 21:00:00+00:00,SAMSUN,55,10.629499,2.3295,0.0,11.165805,3.0,84.82998,1021.08026,9.3,Overcast
2015-01-14 21:00:00+00:00,SAMSUN,55,11.629499,2.3795002,0.0,16.279802,3.0,74.1948,1015.4758,9.6,Overcast
2015-01-15 21:00:00+00:00,SAMSUN,55,8.0295,4.6295,0.6,5.315336,51.0,87.85764,1021.6004,3.68,Drizzle: Light
2015-01-16 21:00:00+00:00,SAMSUN,55,9.2795,2.5795,0.0,9.339208,3.0,89.12029,1025.8893,6.95,Overcast
2015-01-17 21:00:00+00:00,SAMSUN,55,11.2795,1.9795,0.0,16.489416,2.0,79.32966,1026.1903,9.98,Partly cloudy
2015-01-18 21:00:00+00:00,SAMSUN,55,11.379499,2.5795,0.0,18.775303,3.0,66.61073,1021.7971,7.51,Overcast
2015-01-19 21:00:00+00:00,SAMSUN,55,13.379499,4.2795,0.0,18.218275,3.0,64.067635,1019.6533,9.69,Overcast
2015-01-20 21:00:00+00:00,SAMSUN,55,13.6795,4.5795,0.0,14.57889,3.0,74.048546,1017.627,8.02,Overcast
2015-01-21 21:00:00+00:00,SAMSUN,55,13.7295,4.4795,0.0,13.551501,3.0,79.35796,1021.5159,9.82,Overcast
2015-01-22 21:00:00+00:00,SAMSUN,55,14.0295,4.9295,0.0,12.768586,3.0,79.4271,1019.24854,10.27,Overcast
2015-01-23 21:00:00+00:00,SAMSUN,55,15.079499,4.4295,0.0,16.862455,0.0,65.63618,1011.20465,10.57,Clear sky
2015-01-24 21:00:00+00:00,SAMSUN,55,15.9295,5.4795003,0.3,15.463246,51.0,65.577126,1013.0803,9.32,Drizzle: Light
2015-01-25 21:00:00+00:00,SAMSUN,55,13.829499,4.9795003,1.2,12.599998,51.0,81.93967,1015.6067,8.93,Drizzle: Light
2015-01-26 21:00:00+00:00,SAMSUN,55,13.0295,2.5795,0.0,9.007196,2.0,89.22683,1015.74396,10.27,Partly cloudy
2015-01-27 21:00:00+00:00,SAMSUN,55,11.079499,3.7795,0.70000005,16.45007,51.0,77.80856,1006.73395,5.13,Drizzle: Light
2015-01-28 21:00:00+00:00,SAMSUN,55,12.0295,2.0295,0.0,7.5942082,3.0,86.03906,1008.8784,9.57,Overcast
2015-01-29 21:00:00+00:00,SAMSUN,55,15.4795,5.5795,0.0,16.167967,3.0,67.28742,1006.75586,10.95,Overcast
2015-01-30 21:00:00+00:00,SAMSUN,55,16.029501,9.9795,0.0,26.081993,3.0,49.893963,1004.9328,4.47,Overcast
2015-01-31 21:00:00+00:00,SAMSUN,55,19.6795,14.1795,0.0,36.982006,3.0,43.418858,1003.1458,9.44,Overcast
2015-02-01 21:00:00+00:00,SAMSUN,55,19.4795,11.329499,0.0,35.565372,2.0,41.988735,1002.28534,9.96,Partly cloudy
2015-02-02 21:00:00+00:00,SAMSUN,55,13.9295,6.4295,1.3000001,19.191748,51.0,74.131065,1004.9556,7.59,Drizzle: Light
2015-02-03 21:00:00+00:00,SAMSUN,55,7.8295,5.1795,4.9999995,8.905908,53.0,90.72049,1017.4876,5.52,Drizzle: Moderate
2015-02-04 21:00:00+00:00,SAMSUN,55,16.4795,4.4795,0.0,17.555307,3.0,68.758644,1017.71436,11.94,Overcast
2015-02-05 21:00:00+00:00,SAMSUN,55,17.6795,4.2295,0.0,15.778518,2.0,69.66828,1012.9506,12.19,Partly cloudy
2015-02-06 21:00:00+00:00,SAMSUN,55,12.629499,7.9295,2.5,15.986593,53.0,76.001976,1006.4842,10.93,Drizzle: Moderate
2015-02-07 21:00:00+00:00,SAMSUN,55,7.6295,4.3295,3.2,15.042659,71.0,89.470825,1006.7634,4.74,Snow fall: Slight
2015-02-08 21:00:00+00:00,SAMSUN,55,6.8795,3.4295,4.8,15.042659,73.0,89.098206,1001.40924,6.51,Snow fall: Moderate
2015-02-09 21:00:00+00:00,SAMSUN,55,5.3295,2.6795,9.800001,21.175835,73.0,86.38575,1004.88525,2.86,Snow fall: Moderate
2015-02-10 21:00:00+00:00,SAMSUN,55,6.5795,3.8295002,8.599999,16.641972,73.0,84.91181,1005.1555,4.44,Snow fall: Moderate
2015-02-11 21:00:00+00:00,SAMSUN,55,7.1295,4.6295,1.1,14.277983,51.0,80.641014,1014.2518,4.37,Drizzle: Light
2015-02-12 21:00:00+00:00,SAMSUN,55,7.0795,4.3295,1.6,13.237039,71.0,84.57156,1018.5137,4.04,Snow fall: Slight
2015-02-13 21:00:00+00:00,SAMSUN,55,8.4295,5.1795,1.7000002,10.44,71.0,88.02372,1018.4903,6.69,Snow fall: Slight
2015-02-14 21:00:00+00:00,SAMSUN,55,9.379499,4.4295,0.0,13.202726,3.0,89.17557,1016.916,7.66,Overcast
2015-02-15 21:00:00+00:00,SAMSUN,55,7.8795,4.7295,6.8,11.792404,71.0,90.58743,1015.9161,4.62,Snow fall: Slight
2015-02-16 21:00:00+00:00,SAMSUN,55,4.1795,-1.1704998,11.199998,18.057508,73.0,87.654945,1021.5078,6.46,Snow fall: Moderate
2015-02-17 21:00:00+00:00,SAMSUN,55,0.37950003,-2.8704998,10.500001,20.082708,73.0,79.68194,1022.804,5.27,Snow fall: Moderate
2015-02-18 21:00:00+00:00,SAMSUN,55,3.1795,0.5795001,6.9,19.083395,73.0,86.95878,1016.4106,4.64,Snow fall: Moderate
2015-02-19 21:00:00+00:00,SAMSUN,55,2.7295,0.67950004,7.5,19.67195,73.0,83.08788,1015.2028,5.19,Snow fall: Moderate
2015-02-20 21:00:00+00:00,SAMSUN,55,3.7795,0.62950003,1.5000001,19.453327,71.0,78.14344,1019.3643,7.0,Snow fall: Slight
2015-02-21 21:00:00+00:00,SAMSUN,55,7.3795,-4.9705,0.0,15.188415,0.0,76.662766,1020.46,15.39,Clear sky
2015-02-22 21:00:00+00:00,SAMSUN,55,8.879499,0.22950006,0.0,16.45007,3.0,71.26174,1016.7159,15.42,Overcast
2015-02-23 21:00:00+00:00,SAMSUN,55,13.379499,5.3795,0.3,13.849477,51.0,71.42551,1009.96216,6.25,Drizzle: Light
2015-02-24 21:00:00+00:00,SAMSUN,55,15.4795,7.0295,0.0,18.681883,3.0,66.27197,1009.5918,11.08,Overcast
2015-02-25 21:00:00+00:00,SAMSUN,55,16.3795,7.4795003,0.0,14.113652,3.0,75.90343,1019.0281,14.48,Overcast
2015-02-26 21:00:00+00:00,SAMSUN,55,15.829499,6.1295,0.0,8.557102,3.0,81.84489,1014.24774,12.83,Overcast
2015-02-27 21:00:00+00:00,SAMSUN,55,15.9795,6.5795,2.9,14.007655,53.0,73.03713,1007.94366,10.12,Drizzle: Moderate
2015-02-28 21:00:00+00:00,SAMSUN,55,9.2295,6.0795,2.6999996,8.39657,53.0,96.05074,1014.6718,4.87,Drizzle: Moderate
2015-03-01 21:00:00+00:00,SAMSUN,55,8.2295,6.0295,0.0,9.346143,3.0,90.100075,1016.2732,5.72,Overcast
2015-03-02 21:00:00+00:00,SAMSUN,55,12.7295,4.2795,0.6,8.766573,51.0,88.956604,1013.1391,15.06,Drizzle: Light
2015-03-03 21:00:00+00:00,SAMSUN,55,9.6795,2.7795,9.700001,16.78156,71.0,82.07636,1018.8171,12.41,Snow fall: Slight
2015-03-04 21:00:00+00:00,SAMSUN,55,9.829499,-0.42049998,0.0,15.328561,1.0,75.46006,1025.8885,17.18,Mainly clear
2015-03-05 21:00:00+00:00,SAMSUN,55,14.4295,2.5295,0.0,9.779817,3.0,73.943146,1020.9639,14.12,Overcast
2015-03-06 21:00:00+00:00,SAMSUN,55,11.4795,5.5795,0.0,15.158522,3.0,82.726074,1020.2684,15.05,Overcast
2015-03-07 21:00:00+00:00,SAMSUN,55,8.0295,4.1295,0.0,10.931203,3.0,83.15885,1025.3549,11.43,Overcast
2015-03-08 21:00:00+00:00,SAMSUN,55,10.079499,3.5295,0.0,13.202726,1.0,80.96998,1024.5017,17.18,Mainly clear
2015-03-09 21:00:00+00:00,SAMSUN,55,14.829499,2.0795,0.0,10.829959,3.0,86.34156,1020.34344,18.04,Overcast
2015-03-10 21:00:00+00:00,SAMSUN,55,13.2795,5.4295,0.70000005,12.371645,51.0,88.437386,1014.7605,11.58,Drizzle: Light
2015-03-11 21:00:00+00:00,SAMSUN,55,7.2295003,6.1295,18.899998,8.854829,61.0,94.01272,1010.3589,2.42,Rain: Slight
2015-03-12 21:00:00+00:00,SAMSUN,55,9.829499,5.5795,6.4999995,9.779817,55.0,91.052635,1014.5473,12.1,Drizzle: Dense
2015-03-13 21:00:00+00:00,SAMSUN,55,11.5295,5.7295003,0.0,14.24163,3.0,91.24118,1018.45026,14.35,Overcast
2015-03-14 21:00:00+00:00,SAMSUN,55,11.629499,7.5795,3.8,11.570515,55.0,90.81781,1018.8554,11.88,Drizzle: Dense
2015-03-15 21:00:00+00:00,SAMSUN,55,9.329499,5.7795,1.0,24.195107,71.0,81.4071,1023.793,6.72,Snow fall: Slight
2015-03-16 21:00:00+00:00,SAMSUN,55,6.8295,2.7295,3.7,20.948164,71.0,80.63306,1023.9956,13.54,Snow fall: Slight
2015-03-17 21:00:00+00:00,SAMSUN,55,6.5795,2.3295,0.0,12.57426,3.0,73.73235,1023.4573,8.87,Overcast
2015-03-18 21:00:00+00:00,SAMSUN,55,6.3795,3.5295,10.099999,10.829958,73.0,85.74232,1018.73535,7.48,Snow fall: Moderate
2015-03-19 21:00:00+00:00,SAMSUN,55,7.4795003,3.0795002,4.999999,10.383987,73.0,84.8753,1014.0468,10.13,Snow fall: Moderate
2015-03-20 21:00:00+00:00,SAMSUN,55,6.3795,2.9795,8.5,17.811815,73.0,86.951546,1012.6826,6.61,Snow fall: Moderate
2015-03-21 21:00:00+00:00,SAMSUN,55,10.079499,3.3295002,1.0,20.172853,51.0,78.05122,1017.4028,14.37,Drizzle: Light
2015-03-22 21:00:00+00:00,SAMSUN,55,13.9295,1.9295001,0.6,13.779114,51.0,75.4383,1015.81805,17.47,Drizzle: Light
2015-03-23 21:00:00+00:00,SAMSUN,55,7.8295,4.5795,8.8,14.561099,55.0,86.309875,1020.8897,11.6,Drizzle: Dense
2015-03-24 21:00:00+00:00,SAMSUN,55,11.629499,0.5795001,0.0,12.324414,0.0,83.12029,1022.8164,20.91,Clear sky
2015-03-25 21:00:00+00:00,SAMSUN,55,17.1795,4.2795,0.0,12.43434,3.0,77.93092,1018.0459,21.13,Overcast
2015-03-26 21:00:00+00:00,SAMSUN,55,22.5795,6.6295,0.0,15.03835,3.0,67.57343,1010.2459,17.11,Overcast
2015-03-27 21:00:00+00:00,SAMSUN,55,20.129501,13.2795,1.9000001,25.922499,53.0,67.50193,1004.2695,12.21,Drizzle: Moderate
2015-03-28 21:00:00+00:00,SAMSUN,55,20.9295,9.2295,1.4000001,12.783802,53.0,72.055855,1005.4494,17.74,Drizzle: Moderate
2015-03-29 21:00:00+00:00,SAMSUN,55,11.129499,8.8295,16.1,13.246826,61.0,95.508995,1006.44305,2.25,Rain: Slight
2015-03-30 21:00:00+00:00,SAMSUN,55,16.3795,6.5295,3.5,10.144082,55.0,87.75289,1006.5196,18.35,Drizzle: Dense
2015-03-31 21:00:00+00:00,SAMSUN,55,15.2295,7.2295003,2.3,9.021574,53.0,87.97303,1006.49756,15.78,Drizzle: Moderate
2015-04-01 21:00:00+00:00,SAMSUN,55,14.2795,6.5295,12.900001,19.523155,63.0,86.845184,1005.5218,11.8,Rain: Moderate
2015-04-02 21:00:00+00:00,SAMSUN,55,11.829499,2.4295,0.0,15.905319,3.0,78.01914,1010.88885,20.4,Overcast
2015-04-03 21:00:00+00:00,SAMSUN,55,10.2795,4.5795,4.9999995,16.78156,71.0,73.78188,1012.0327,13.99,Snow fall: Slight
2015-04-04 21:00:00+00:00,SAMSUN,55,11.629499,1.7795,0.0,14.494192,3.0,79.70005,1016.4621,16.89,Overcast
2015-04-05 21:00:00+00:00,SAMSUN,55,16.4795,5.0295,0.0,10.739833,3.0,80.91185,1011.4825,21.9,Overcast
2015-04-06 21:00:00+00:00,SAMSUN,55,19.4295,7.7295003,1.8000001,17.377226,53.0,72.803535,1004.00775,14.53,Drizzle: Moderate
2015-04-07 21:00:00+00:00,SAMSUN,55,9.829499,5.5295,6.4000006,12.245294,71.0,87.65255,1011.59076,8.59,Snow fall: Slight
2015-04-08 21:00:00+00:00,SAMSUN,55,7.4295,5.0295,21.0,21.758419,73.0,90.15711,1009.4952,5.91,Snow fall: Moderate
2015-04-09 21:00:00+00:00,SAMSUN,55,7.5795,4.2795,18.099998,19.228851,73.0,86.02136,1017.8035,14.33,Snow fall: Moderate
2015-04-10 21:00:00+00:00,SAMSUN,55,9.5295,4.9795003,3.8999999,19.64228,71.0,81.896324,1019.82086,15.66,Snow fall: Slight
2015-04-11 21:00:00+00:00,SAMSUN,55,10.6795,5.6295,0.0,17.49615,3.0,71.90258,1020.2209,12.0,Overcast
2015-04-12 21:00:00+00:00,SAMSUN,55,12.879499,6.6795,0.0,15.072783,3.0,66.57719,1020.35504,11.5,Overcast
2015-04-13 21:00:00+00:00,SAMSUN,55,17.529501,5.6795,0.0,12.904882,2.0,68.05948,1016.16754,23.89,Partly cloudy
2015-04-14 21:00:00+00:00,SAMSUN,55,11.9295,4.6295,3.4,9.504273,53.0,75.21259,1020.01483,13.33,Drizzle: Moderate
2015-04-15 21:00:00+00:00,SAMSUN,55,15.9795,3.7795,0.0,12.57426,2.0,74.67088,1019.76996,24.25,Partly cloudy
2015-04-16 21:00:00+00:00,SAMSUN,55,19.9295,6.6795,0.0,12.313894,3.0,73.61059,1015.74725,23.56,Overcast
2015-04-17 21:00:00+00:00,SAMSUN,55,20.879501,9.079499,0.4,12.979984,51.0,72.738464,1010.4688,22.82,Drizzle: Light
2015-04-18 21:00:00+00:00,SAMSUN,55,19.9295,6.3795,5.6,21.897945,71.0,80.928734,1009.7076,20.21,Snow fall: Slight
2015-04-19 21:00:00+00:00,SAMSUN,55,9.7795,6.1795,1.9000001,11.304229,71.0,76.01942,1012.88934,12.81,Snow fall: Slight
2015-04-20 21:00:00+00:00,SAMSUN,55,12.4295,6.1295,3.5,18.11841,73.0,76.013336,1009.33685,18.05,Snow fall: Moderate
2015-04-21 21:00:00+00:00,SAMSUN,55,9.129499,4.9795003,1.1,12.538134,51.0,72.972275,1014.62286,20.93,Drizzle: Light
2015-04-22 21:00:00+00:00,SAMSUN,55,8.7795,4.2295,4.5,18.775301,73.0,75.78592,1017.6364,14.62,Snow fall: Moderate
2015-04-23 21:00:00+00:00,SAMSUN,55,12.1795,4.2295,0.0,12.72283,2.0,72.05645,1021.29,25.3,Partly cloudy
2015-04-24 21:00:00+00:00,SAMSUN,55,18.2295,4.6295,0.0,12.24,3.0,74.031395,1018.60065,26.13,Overcast
2015-04-25 21:00:00+00:00,SAMSUN,55,16.3795,9.1795,1.5,10.1887,53.0,82.45694,1014.50885,22.5,Drizzle: Moderate
2015-04-26 21:00:00+00:00,SAMSUN,55,17.029501,7.3295,1.8,8.089993,53.0,86.78463,1014.5664,21.92,Drizzle: Moderate
2015-04-27 21:00:00+00:00,SAMSUN,55,20.0795,8.379499,0.3,10.1887,51.0,84.308846,1012.67694,24.74,Drizzle: Light
2015-04-28 21:00:00+00:00,SAMSUN,55,23.279501,12.629499,0.0,15.94601,3.0,74.45989,1006.4318,22.2,Overcast
2015-04-29 21:00:00+00:00,SAMSUN,55,16.9795,10.4795,4.7,12.9249525,55.0,84.83143,1013.1128,18.41,Drizzle: Dense
2015-04-30 21:00:00+00:00,SAMSUN,55,15.579499,10.7295,0.1,14.336861,51.0,90.55872,1013.4322,17.07,Drizzle: Light
2015-05-01 21:00:00+00:00,SAMSUN,55,17.279501,10.379499,0.1,13.237039,51.0,86.770546,1013.2304,23.37,Drizzle: Light
2015-05-02 21:00:00+00:00,SAMSUN,55,17.129501,10.079499,10.8,8.287822,61.0,91.35184,1009.2092,10.97,Rain: Slight
2015-05-03 21:00:00+00:00,SAMSUN,55,15.0295,9.879499,9.400002,11.165805,61.0,90.67545,1014.2341,13.23,Rain: Slight
2015-05-04 21:00:00+00:00,SAMSUN,55,16.6795,8.7795,0.0,14.021525,3.0,80.625084,1016.35913,26.21,Overcast
2015-05-05 21:00:00+00:00,SAMSUN,55,16.1295,11.079499,0.0,12.599998,3.0,79.35107,1014.7994,26.23,Overcast
2015-05-06 21:00:00+00:00,SAMSUN,55,18.029501,5.8295,0.0,13.1041975,3.0,79.0183,1012.5061,27.23,Overcast
2015-05-07 21:00:00+00:00,SAMSUN,55,17.9795,11.2795,6.5,10.97262,61.0,85.44486,1010.4211,15.25,Rain: Slight
2015-05-08 21:00:00+00:00,SAMSUN,55,16.6795,11.2795,0.0,13.358861,3.0,83.12896,1012.9014,17.56,Overcast
2015-05-09 21:00:00+00:00,SAMSUN,55,16.6295,8.379499,0.0,14.182355,3.0,83.90388,1012.8847,24.48,Overcast
2015-05-10 21:00:00+00:00,SAMSUN,55,16.3795,8.5795,0.0,13.493999,2.0,84.7965,1014.4013,21.75,Partly cloudy
2015-05-11 21:00:00+00:00,SAMSUN,55,15.7795,9.4795,0.0,13.0447235,3.0,86.034325,1017.19696,18.81,Overcast
2015-05-12 21:00:00+00:00,SAMSUN,55,17.0795,9.579499,0.6,11.726277,51.0,81.139786,1015.49927,19.21,Drizzle: Light
2015-05-13 21:00:00+00:00,SAMSUN,55,19.3295,8.9795,0.0,11.753876,1.0,75.41201,1012.4663,27.46,Mainly clear
2015-05-14 21:00:00+00:00,SAMSUN,55,23.129501,10.129499,0.0,15.0038395,1.0,72.145836,1012.30884,27.6,Mainly clear
2015-05-15 21:00:00+00:00,SAMSUN,55,22.129501,13.329499,0.1,10.009036,51.0,78.889114,1016.3904,19.96,Drizzle: Light
2015-05-16 21:00:00+00:00,SAMSUN,55,21.529501,15.379499,0.6,12.55879,53.0,85.872986,1016.5915,22.11,Drizzle: Moderate
2015-05-17 21:00:00+00:00,SAMSUN,55,21.5795,13.1795,0.0,12.57426,3.0,88.31347,1015.68335,25.15,Overcast
2015-05-18 21:00:00+00:00,SAMSUN,55,21.529501,14.579499,0.0,13.891522,3.0,89.04255,1012.6363,24.18,Overcast
2015-05-19 21:00:00+00:00,SAMSUN,55,22.4795,14.4795,0.0,10.805998,3.0,82.64408,1009.6521,26.28,Overcast
2015-05-20 21:00:00+00:00,SAMSUN,55,22.279501,15.9795,0.0,14.869351,3.0,82.035286,1007.26715,25.11,Overcast
2015-05-21 21:00:00+00:00,SAMSUN,55,21.9795,14.629499,0.0,13.339445,3.0,79.01681,1009.12164,26.54,Overcast
2015-05-22 21:00:00+00:00,SAMSUN,55,22.7295,13.579499,0.0,11.440978,3.0,79.49226,1009.0463,27.01,Overcast
2015-05-23 21:00:00+00:00,SAMSUN,55,23.3295,14.579499,0.0,10.44,3.0,85.968636,1007.9368,26.98,Overcast
2015-05-24 21:00:00+00:00,SAMSUN,55,23.8295,16.7295,1.1,10.630672,51.0,87.628716,1006.54486,22.8,Drizzle: Light
2015-05-25 21:00:00+00:00,SAMSUN,55,22.8295,16.8295,0.3,11.609651,51.0,85.23018,1006.72394,22.46,Drizzle: Light
2015-05-26 21:00:00+00:00,SAMSUN,55,24.7295,15.0295,0.5,9.0,51.0,88.1448,1004.18304,20.8,Drizzle: Light
2015-05-27 21:00:00+00:00,SAMSUN,55,21.4295,16.279501,16.5,11.770403,63.0,89.79028,1002.44727,18.77,Rain: Moderate
2015-05-28 21:00:00+00:00,SAMSUN,55,17.279501,14.7295,5.2000003,13.049689,53.0,87.378075,1007.05756,11.28,Drizzle: Moderate
2015-05-29 21:00:00+00:00,SAMSUN,55,17.1795,14.4295,2.4999998,8.287822,53.0,84.65034,1010.8018,8.22,Drizzle: Moderate
2015-05-30 21:00:00+00:00,SAMSUN,55,19.2295,14.579499,2.2999997,11.609651,55.0,83.739494,1015.06055,20.6,Drizzle: Dense
2015-05-31 21:00:00+00:00,SAMSUN,55,19.379501,12.9795,0.1,11.885453,51.0,87.311745,1017.351,16.62,Drizzle: Light
2015-06-01 21:00:00+00:00,SAMSUN,55,19.279501,15.2795,0.1,14.05845,51.0,86.72253,1016.84106,14.05,Drizzle: Light
2015-06-02 21:00:00+00:00,SAMSUN,55,21.379501,14.879499,0.0,11.525623,3.0,83.77795,1015.08905,21.65,Overcast
2015-06-03 21:00:00+00:00,SAMSUN,55,21.4795,16.1795,16.900002,10.239453,63.0,88.27581,1011.40607,15.56,Rain: Moderate
2015-06-04 21:00:00+00:00,SAMSUN,55,21.7295,16.0795,0.4,13.896187,51.0,89.15637,1011.11346,21.9,Drizzle: Light
2015-06-05 21:00:00+00:00,SAMSUN,55,22.4295,16.4795,0.7,18.25026,51.0,83.92152,1012.38605,18.56,Drizzle: Light
2015-06-06 21:00:00+00:00,SAMSUN,55,22.9295,18.5795,0.0,14.186923,3.0,83.97008,1015.7685,20.61,Overcast
2015-06-07 21:00:00+00:00,SAMSUN,55,21.779501,16.3795,0.0,12.738099,3.0,90.170746,1012.675,18.82,Overcast
2015-06-08 21:00:00+00:00,SAMSUN,55,22.779501,17.529501,2.9,12.313894,55.0,89.79812,1009.85547,21.5,Drizzle: Dense
2015-06-09 21:00:00+00:00,SAMSUN,55,21.8295,17.2295,2.0,13.441071,53.0,87.5784,1009.7146,18.37,Drizzle: Moderate
2015-06-10 21:00:00+00:00,SAMSUN,55,22.879501,15.5295,0.90000004,13.397612,53.0,84.7176,1009.89716,20.58,Drizzle: Moderate
2015-06-11 21:00:00+00:00,SAMSUN,55,22.9795,16.6295,2.5000002,14.587776,53.0,85.15508,1012.0322,20.64,Drizzle: Moderate
2015-06-12 21:00:00+00:00,SAMSUN,55,22.9795,18.279501,3.6,10.966713,53.0,90.042564,1013.42694,18.58,Drizzle: Moderate
2015-06-13 21:00:00+00:00,SAMSUN,55,24.0795,16.9795,0.6,15.281989,51.0,82.48634,1010.80963,22.68,Drizzle: Light
2015-06-14 21:00:00+00:00,SAMSUN,55,24.529501,17.779501,0.8,17.0763,53.0,79.126854,1008.9859,21.57,Drizzle: Moderate
2015-06-15 21:00:00+00:00,SAMSUN,55,25.5795,17.2295,0.0,11.480557,1.0,73.59689,1007.0037,27.34,Mainly clear
2015-06-16 21:00:00+00:00,SAMSUN,55,25.2295,15.829499,0.3,10.495713,51.0,80.09935,1005.8719,26.18,Drizzle: Light
2015-06-17 21:00:00+00:00,SAMSUN,55,24.379501,17.879501,0.9,14.494192,53.0,87.04352,1004.48846,22.58,Drizzle: Moderate
2015-06-18 21:00:00+00:00,SAMSUN,55,25.379501,18.879501,3.2,14.84318,53.0,87.16529,1001.9627,21.74,Drizzle: Moderate
2015-06-19 21:00:00+00:00,SAMSUN,55,22.6795,19.2295,15.0,11.885453,63.0,87.46271,1006.0053,16.6,Rain: Moderate
2015-06-20 21:00:00+00:00,SAMSUN,55,22.2295,17.5795,0.0,11.212135,2.0,79.789024,1009.0207,18.3,Partly cloudy
2015-06-21 21:00:00+00:00,SAMSUN,55,23.6795,16.4795,0.0,14.336861,2.0,81.71818,1010.2581,22.84,Partly cloudy
2015-06-22 21:00:00+00:00,SAMSUN,55,22.3295,18.029501,0.1,13.527572,51.0,82.70331,1010.0505,12.69,Drizzle: Light
2015-06-23 21:00:00+00:00,SAMSUN,55,23.3295,18.2295,4.5000005,19.353138,55.0,83.7766,1009.57886,15.29,Drizzle: Dense
2015-06-24 21:00:00+00:00,SAMSUN,55,23.6795,19.1795,4.9,19.64228,55.0,75.75471,1007.99567,17.69,Drizzle: Dense
2015-06-25 21:00:00+00:00,SAMSUN,55,24.129501,17.1795,4.6,11.570515,61.0,81.25477,1006.41547,20.89,Rain: Slight
2015-06-26 21:00:00+00:00,SAMSUN,55,23.1795,16.529501,0.4,12.979984,51.0,84.44741,1006.09546,23.74,Drizzle: Light
2015-06-27 21:00:00+00:00,SAMSUN,55,21.0795,18.2295,4.7999997,11.966953,53.0,84.07899,1007.18286,12.15,Drizzle: Moderate
2015-06-28 21:00:00+00:00,SAMSUN,55,23.8295,16.1295,0.0,12.738099,3.0,69.560844,1011.97974,25.27,Overcast
2015-06-29 21:00:00+00:00,SAMSUN,55,22.3295,18.2295,1.1,13.104198,51.0,75.03406,1013.926,18.63,Drizzle: Light
2015-06-30 21:00:00+00:00,SAMSUN,55,23.5795,16.0795,0.0,13.281023,2.0,78.36103,1017.20953,26.18,Partly cloudy
2015-07-01 21:00:00+00:00,SAMSUN,55,22.629501,15.7295,0.0,14.003028,3.0,83.08642,1015.68243,18.97,Overcast
2015-07-02 21:00:00+00:00,SAMSUN,55,23.7295,17.1795,0.1,14.512064,51.0,80.42688,1016.25995,20.08,Drizzle: Light
2015-07-03 21:00:00+00:00,SAMSUN,55,23.129501,17.8295,0.0,13.217443,3.0,81.618706,1016.27374,16.38,Overcast
2015-07-04 21:00:00+00:00,SAMSUN,55,24.7295,17.0795,0.0,11.4862,2.0,81.10818,1013.96454,24.0,Partly cloudy
2015-07-05 21:00:00+00:00,SAMSUN,55,24.5795,17.529501,0.0,15.2947035,2.0,79.5846,1013.58246,23.83,Partly cloudy
2015-07-06 21:00:00+00:00,SAMSUN,55,24.8295,17.029501,0.0,13.039754,2.0,81.958496,1013.1098,20.8,Partly cloudy
2015-07-07 21:00:00+00:00,SAMSUN,55,26.129501,19.2295,0.6,14.934577,51.0,82.835686,1010.79834,23.63,Drizzle: Light
2015-07-08 21:00:00+00:00,SAMSUN,55,27.6795,20.7295,0.0,8.217153,3.0,81.96406,1006.39996,16.73,Overcast
2015-07-09 21:00:00+00:00,SAMSUN,55,29.7295,20.8295,0.3,15.226764,51.0,76.42162,1007.45087,25.25,Drizzle: Light
2015-07-10 21:00:00+00:00,SAMSUN,55,26.8295,20.1795,2.3000002,17.64,51.0,80.069176,1009.9363,21.2,Drizzle: Light
2015-07-11 21:00:00+00:00,SAMSUN,55,22.279501,18.879501,6.1000004,11.966953,55.0,78.19079,1011.76166,10.73,Drizzle: Dense
2015-07-12 21:00:00+00:00,SAMSUN,55,23.1795,18.1795,0.0,13.551501,2.0,70.026184,1012.76154,21.81,Partly cloudy
2015-07-13 21:00:00+00:00,SAMSUN,55,24.779501,16.279501,0.0,14.934577,2.0,74.40959,1010.5607,28.6,Partly cloudy
2015-07-14 21:00:00+00:00,SAMSUN,55,24.779501,17.2295,0.1,15.844089,51.0,78.47845,1012.8012,20.91,Drizzle: Light
2015-07-15 21:00:00+00:00,SAMSUN,55,24.7295,18.2295,0.1,15.256526,51.0,77.06111,1015.3281,22.15,Drizzle: Light
2015-07-16 21:00:00+00:00,SAMSUN,55,24.5795,17.379501,0.5,16.203999,51.0,76.9766,1016.47754,21.0,Drizzle: Light
2015-07-17 21:00:00+00:00,SAMSUN,55,25.0795,16.8295,0.0,15.546833,2.0,72.63918,1015.13495,23.16,Partly cloudy
2015-07-18 21:00:00+00:00,SAMSUN,55,26.0795,17.0795,0.0,16.923828,2.0,75.15429,1014.2387,26.08,Partly cloudy
2015-07-19 21:00:00+00:00,SAMSUN,55,25.3295,19.2295,0.0,14.57889,2.0,73.78181,1009.95844,25.65,Partly cloudy
2015-07-20 21:00:00+00:00,SAMSUN,55,26.129501,17.1795,0.0,14.512064,3.0,76.84986,1009.51447,27.84,Overcast
2015-07-21 21:00:00+00:00,SAMSUN,55,26.5795,17.4795,0.70000005,15.509274,51.0,77.91011,1013.47675,24.98,Drizzle: Light
2015-07-22 21:00:00+00:00,SAMSUN,55,26.6795,19.9795,0.0,15.575981,2.0,76.193756,1012.0661,23.34,Partly cloudy
2015-07-23 21:00:00+00:00,SAMSUN,55,27.4795,18.3295,0.0,15.315873,2.0,79.18171,1008.4131,26.64,Partly cloudy
2015-07-24 21:00:00+00:00,SAMSUN,55,28.029501,19.379501,0.0,13.70839,3.0,80.572136,1005.78656,25.22,Overcast
2015-07-25 21:00:00+00:00,SAMSUN,55,28.3295,19.879501,0.0,13.37825,3.0,78.78118,1005.9122,27.26,Overcast
2015-07-26 21:00:00+00:00,SAMSUN,55,29.4295,19.4795,0.0,13.049689,3.0,74.39616,1004.7045,26.86,Overcast
2015-07-27 21:00:00+00:00,SAMSUN,55,30.529501,20.129501,0.2,13.513193,51.0,69.1601,1005.4365,26.91,Drizzle: Light
2015-07-28 21:00:00+00:00,SAMSUN,55,29.279501,20.879501,0.0,15.629971,0.0,72.7495,1008.47925,27.28,Clear sky
2015-07-29 21:00:00+00:00,SAMSUN,55,28.529501,20.2295,0.0,13.397612,2.0,76.29316,1007.736,25.96,Partly cloudy
2015-07-30 21:00:00+00:00,SAMSUN,55,29.029501,20.9295,0.0,14.986553,3.0,76.86213,1004.8548,25.23,Overcast
2015-07-31 21:00:00+00:00,SAMSUN,55,30.529501,22.529501,0.0,25.567604,2.0,72.52738,1007.4777,22.22,Partly cloudy
2015-08-01 21:00:00+00:00,SAMSUN,55,27.879501,22.8295,10.400001,20.364674,61.0,82.89763,1013.56476,13.1,Rain: Slight
2015-08-02 21:00:00+00:00,SAMSUN,55,28.029501,21.9795,0.1,12.768586,51.0,79.79138,1012.42505,21.27,Drizzle: Light
2015-08-03 21:00:00+00:00,SAMSUN,55,28.6795,20.629501,0.0,14.512064,3.0,81.54604,1009.49335,24.49,Overcast
2015-08-04 21:00:00+00:00,SAMSUN,55,29.029501,22.529501,0.0,14.186923,2.0,79.12098,1008.10455,22.31,Partly cloudy
2015-08-05 21:00:00+00:00,SAMSUN,55,29.2295,21.379501,0.0,12.904882,2.0,81.97288,1007.8015,23.99,Partly cloudy
2015-08-06 21:00:00+00:00,SAMSUN,55,29.2295,22.029501,0.0,17.873556,3.0,79.87922,1009.08234,22.59,Overcast
2015-08-07 21:00:00+00:00,SAMSUN,55,29.629501,22.4295,0.0,15.941944,1.0,71.03178,1011.58026,25.48,Mainly clear
2015-08-08 21:00:00+00:00,SAMSUN,55,28.7295,22.0795,0.2,13.104198,51.0,80.9217,1011.253,19.29,Drizzle: Light
2015-08-09 21:00:00+00:00,SAMSUN,55,29.8295,21.779501,0.0,14.77755,1.0,74.31066,1008.3186,24.98,Mainly clear
2015-08-10 21:00:00+00:00,SAMSUN,55,28.9295,21.4295,0.0,15.542662,1.0,70.00404,1007.5417,24.57,Mainly clear
2015-08-11 21:00:00+00:00,SAMSUN,55,29.6795,20.9795,0.0,13.5515,1.0,70.29448,1009.21954,24.73,Mainly clear
2015-08-12 21:00:00+00:00,SAMSUN,55,30.2295,21.279501,0.0,14.021525,1.0,70.2864,1008.4353,25.38,Mainly clear
2015-08-13 21:00:00+00:00,SAMSUN,55,29.379501,20.9795,0.0,14.05845,2.0,72.99837,1008.4531,24.51,Partly cloudy
2015-08-14 21:00:00+00:00,SAMSUN,55,28.779501,21.9295,0.0,15.629971,3.0,76.30005,1007.37286,21.44,Overcast
2015-08-15 21:00:00+00:00,SAMSUN,55,28.6795,22.3295,0.4,15.496736,51.0,79.49955,1007.4135,19.13,Drizzle: Light
2015-08-16 21:00:00+00:00,SAMSUN,55,29.129501,21.1795,0.0,15.94601,2.0,77.57777,1007.68823,22.22,Partly cloudy
2015-08-17 21:00:00+00:00,SAMSUN,55,29.7295,23.1795,1.0,12.879752,51.0,81.761284,1006.6982,19.42,Drizzle: Light
2015-08-18 21:00:00+00:00,SAMSUN,55,26.529501,22.6795,5.100001,16.311613,53.0,87.57703,1010.1536,11.35,Drizzle: Moderate
2015-08-19 21:00:00+00:00,SAMSUN,55,27.2295,23.1795,3.1000001,12.864649,51.0,81.548225,1012.2293,11.9,Drizzle: Light
2015-08-20 21:00:00+00:00,SAMSUN,55,27.279501,21.1795,0.0,13.979872,3.0,81.8157,1011.3028,17.67,Overcast
2015-08-21 21:00:00+00:00,SAMSUN,55,27.5795,21.0795,0.0,14.77755,2.0,77.04058,1009.2268,21.16,Partly cloudy
2015-08-22 21:00:00+00:00,SAMSUN,55,26.7295,20.629501,0.2,14.869351,51.0,79.01286,1006.742,15.24,Drizzle: Light
2015-08-23 21:00:00+00:00,SAMSUN,55,26.029501,20.9795,1.6,22.065973,51.0,73.72672,1009.0042,18.51,Drizzle: Light
2015-08-24 21:00:00+00:00,SAMSUN,55,24.029501,20.5795,2.6999998,27.155552,51.0,70.38763,1011.18427,15.75,Drizzle: Light
2015-08-25 21:00:00+00:00,SAMSUN,55,24.4295,20.529501,1.4,25.455843,53.0,64.19699,1012.73395,11.53,Drizzle: Moderate
2015-08-26 21:00:00+00:00,SAMSUN,55,25.9795,19.629501,0.6,18.079027,51.0,71.65445,1014.90045,20.02,Drizzle: Light
2015-08-27 21:00:00+00:00,SAMSUN,55,26.4295,20.2295,0.0,17.771753,1.0,70.59757,1016.86597,22.13,Mainly clear
2015-08-28 21:00:00+00:00,SAMSUN,55,26.8295,17.879501,0.0,15.941944,1.0,67.6925,1017.25446,22.59,Mainly clear
2015-08-29 21:00:00+00:00,SAMSUN,55,26.8295,19.379501,0.0,15.683776,0.0,71.40378,1017.30615,22.4,Clear sky
2015-08-30 21:00:00+00:00,SAMSUN,55,25.529501,19.129501,0.0,14.917212,2.0,70.624,1017.7176,21.33,Partly cloudy
2015-08-31 21:00:00+00:00,SAMSUN,55,26.4295,15.629499,0.0,11.119281,2.0,70.56054,1016.39624,22.9,Partly cloudy
2015-09-01 21:00:00+00:00,SAMSUN,55,27.2295,16.5795,0.0,14.458382,0.0,73.9781,1012.42316,22.78,Clear sky
2015-09-02 21:00:00+00:00,SAMSUN,55,28.3295,16.1795,0.0,13.217443,1.0,78.664894,1008.90094,22.77,Mainly clear
2015-09-03 21:00:00+00:00,SAMSUN,55,27.5795,18.5795,0.0,12.758432,3.0,76.56337,1009.477,21.82,Overcast
2015-09-04 21:00:00+00:00,SAMSUN,55,29.629501,18.0795,0.0,12.287555,1.0,70.90817,1011.83203,21.88,Mainly clear
2015-09-05 21:00:00+00:00,SAMSUN,55,30.4795,17.779501,0.0,12.245293,0.0,74.94631,1010.0144,21.91,Clear sky
2015-09-06 21:00:00+00:00,SAMSUN,55,28.8295,19.9295,0.0,15.683776,1.0,78.126785,1010.9617,21.08,Mainly clear
2015-09-07 21:00:00+00:00,SAMSUN,55,24.9795,20.279501,4.1000004,16.516901,53.0,87.83279,1012.2356,10.43,Drizzle: Moderate
2015-09-08 21:00:00+00:00,SAMSUN,55,22.4295,19.5795,5.999999,11.901798,53.0,81.45942,1015.79126,7.43,Drizzle: Moderate
2015-09-09 21:00:00+00:00,SAMSUN,55,24.9795,19.7295,0.2,11.298495,51.0,80.34663,1016.1279,12.83,Drizzle: Light
2015-09-10 21:00:00+00:00,SAMSUN,55,27.0795,19.0795,0.0,12.387348,2.0,83.68082,1015.19366,19.23,Partly cloudy
2015-09-11 21:00:00+00:00,SAMSUN,55,26.379501,19.8295,0.2,14.799459,51.0,84.69094,1011.9009,17.99,Drizzle: Light
2015-09-12 21:00:00+00:00,SAMSUN,55,24.9795,20.9295,2.8000002,13.708391,53.0,85.14979,1012.7508,11.44,Drizzle: Moderate
2015-09-13 21:00:00+00:00,SAMSUN,55,23.6795,19.4295,0.0,12.261157,3.0,85.334694,1016.29706,10.9,Overcast
2015-09-14 21:00:00+00:00,SAMSUN,55,24.2295,20.029501,0.0,16.516901,3.0,80.13409,1016.05493,12.1,Overcast
2015-09-15 21:00:00+00:00,SAMSUN,55,23.129501,19.779501,2.1999998,14.480773,51.0,81.30345,1015.56085,9.81,Drizzle: Light
2015-09-16 21:00:00+00:00,SAMSUN,55,24.8295,17.9295,0.0,13.237039,2.0,77.05866,1014.6052,17.34,Partly cloudy
2015-09-17 21:00:00+00:00,SAMSUN,55,24.7295,16.9295,0.0,14.973577,3.0,78.818085,1014.63116,15.89,Overcast
2015-09-18 21:00:00+00:00,SAMSUN,55,25.1795,18.779501,0.0,14.336861,3.0,77.45168,1013.7832,15.63,Overcast
2015-09-19 21:00:00+00:00,SAMSUN,55,27.529501,17.779501,0.3,10.086427,51.0,82.04992,1008.3977,17.54,Drizzle: Light
2015-09-20 21:00:00+00:00,SAMSUN,55,26.279501,18.529501,1.8,12.661564,53.0,88.22976,1006.13007,14.83,Drizzle: Moderate
2015-09-21 21:00:00+00:00,SAMSUN,55,25.8295,20.8295,0.0,13.608762,3.0,87.220055,1007.95245,13.44,Overcast
2015-09-22 21:00:00+00:00,SAMSUN,55,30.029501,18.9795,0.0,12.979984,3.0,79.58141,1008.038,18.28,Overcast
2015-09-23 21:00:00+00:00,SAMSUN,55,29.879501,19.379501,0.0,14.561099,2.0,82.65281,1010.905,16.83,Partly cloudy
2015-09-24 21:00:00+00:00,SAMSUN,55,26.3295,19.8295,0.0,14.618837,2.0,82.51833,1012.65314,16.51,Partly cloudy
2015-09-25 21:00:00+00:00,SAMSUN,55,26.379501,19.379501,0.0,12.879752,3.0,84.28763,1011.2654,16.93,Overcast
2015-09-26 21:00:00+00:00,SAMSUN,55,26.2295,17.9295,0.0,11.753876,3.0,84.1441,1011.6204,17.19,Overcast
2015-09-27 21:00:00+00:00,SAMSUN,55,26.2295,18.9795,0.0,12.738099,3.0,83.59231,1012.6775,15.88,Overcast
2015-09-28 21:00:00+00:00,SAMSUN,55,25.2295,19.529501,0.0,13.281023,3.0,84.70572,1010.4926,13.68,Overcast
2015-09-29 21:00:00+00:00,SAMSUN,55,24.529501,19.5795,1.8000001,12.303366,53.0,83.73113,1011.58844,10.98,Drizzle: Moderate
2015-09-30 21:00:00+00:00,SAMSUN,55,23.279501,19.3295,0.3,14.759999,51.0,77.28056,1017.00366,10.24,Drizzle: Light
2015-10-01 21:00:00+00:00,SAMSUN,55,23.3295,17.5795,0.6,9.931042,51.0,79.40618,1020.8488,10.98,Drizzle: Light
2015-10-02 21:00:00+00:00,SAMSUN,55,22.4795,17.4295,4.8999996,9.346143,61.0,82.00298,1022.18365,12.7,Rain: Slight
2015-10-03 21:00:00+00:00,SAMSUN,55,22.779501,17.379501,0.0,12.783802,2.0,78.48293,1021.0867,14.02,Partly cloudy
2015-10-04 21:00:00+00:00,SAMSUN,55,23.4795,15.0295,0.0,14.145756,1.0,80.643425,1014.3928,16.29,Mainly clear
2015-10-05 21:00:00+00:00,SAMSUN,55,24.529501,14.5295,0.0,14.168641,3.0,81.42664,1006.15894,15.46,Overcast
2015-10-06 21:00:00+00:00,SAMSUN,55,18.4295,17.0795,21.300001,13.830749,63.0,90.69767,1004.1313,2.99,Rain: Moderate
2015-10-07 21:00:00+00:00,SAMSUN,55,16.779501,12.7795,8.3,17.709658,61.0,84.24551,1014.4948,3.36,Rain: Slight
2015-10-08 21:00:00+00:00,SAMSUN,55,15.329499,12.6795,0.8000001,14.764389,51.0,77.57468,1016.62744,5.04,Drizzle: Light
2015-10-09 21:00:00+00:00,SAMSUN,55,15.9795,12.2295,0.0,12.522619,3.0,70.32076,1021.0267,11.12,Overcast
2015-10-10 21:00:00+00:00,SAMSUN,55,22.779501,12.329499,0.0,12.261157,3.0,74.473274,1014.4318,13.59,Overcast
2015-10-11 21:00:00+00:00,SAMSUN,55,23.029501,15.6795,8.5,9.0,61.0,86.46842,1010.03253,10.12,Rain: Slight
2015-10-12 21:00:00+00:00,SAMSUN,55,20.629501,16.6795,16.3,12.10157,61.0,92.7608,1012.3552,8.05,Rain: Slight
2015-10-13 21:00:00+00:00,SAMSUN,55,18.4795,15.079499,3.5000002,10.661107,53.0,89.68656,1017.3235,4.02,Drizzle: Moderate
2015-10-14 21:00:00+00:00,SAMSUN,55,17.029501,14.629499,0.90000004,10.028439,51.0,85.072205,1020.9073,4.75,Drizzle: Light
2015-10-15 21:00:00+00:00,SAMSUN,55,15.4295,14.2295,4.4,10.799999,51.0,85.546875,1022.02075,3.77,Drizzle: Light
2015-10-16 21:00:00+00:00,SAMSUN,55,18.9295,13.079499,0.0,12.6462,3.0,79.74079,1020.2664,13.51,Overcast
2015-10-17 21:00:00+00:00,SAMSUN,55,21.279501,12.2295,0.0,9.931042,3.0,82.38506,1016.7242,14.03,Overcast
2015-10-18 21:00:00+00:00,SAMSUN,55,19.1795,14.1795,0.0,9.693296,3.0,87.55707,1015.9688,9.34,Overcast
2015-10-19 21:00:00+00:00,SAMSUN,55,20.8295,15.5295,0.0,11.298495,3.0,85.4495,1013.55444,10.4,Overcast
2015-10-20 21:00:00+00:00,SAMSUN,55,24.4295,13.579499,0.0,9.0,3.0,84.9925,1009.9539,13.11,Overcast
2015-10-21 21:00:00+00:00,SAMSUN,55,21.279501,15.7295,0.0,9.793059,3.0,91.70936,1008.97754,10.34,Overcast
2015-10-22 21:00:00+00:00,SAMSUN,55,26.779501,16.5795,1.4,12.413476,53.0,77.29414,1007.1946,10.7,Drizzle: Moderate
2015-10-23 21:00:00+00:00,SAMSUN,55,21.7295,13.629499,5.6999993,21.42227,53.0,85.582344,1009.5435,4.72,Drizzle: Moderate
2015-10-24 21:00:00+00:00,SAMSUN,55,13.9295,12.829499,7.6999993,12.10157,55.0,81.02832,1018.30914,2.46,Drizzle: Dense
2015-10-25 21:00:00+00:00,SAMSUN,55,15.0295,10.4295,0.0,11.525623,3.0,80.631355,1019.1907,6.8,Overcast
2015-10-26 21:00:00+00:00,SAMSUN,55,15.5295,9.4795,2.9,11.885453,53.0,83.83996,1018.646,8.86,Drizzle: Moderate
2015-10-27 21:00:00+00:00,SAMSUN,55,13.0295,11.2295,9.0,15.0038395,61.0,78.81954,1020.4832,4.43,Rain: Slight
2015-10-28 21:00:00+00:00,SAMSUN,55,13.7795,11.2295,0.0,13.493999,3.0,69.07438,1020.9558,5.18,Overcast
2015-10-29 21:00:00+00:00,SAMSUN,55,13.879499,11.5295,0.0,8.217153,3.0,77.37977,1022.0545,4.36,Overcast
2015-10-30 21:00:00+00:00,SAMSUN,55,12.4795,10.579499,1.6,18.782204,53.0,78.370575,1028.1392,4.96,Drizzle: Moderate
2015-10-31 21:00:00+00:00,SAMSUN,55,11.9795,9.379499,0.0,18.35647,3.0,70.53038,1032.396,8.99,Overcast
2015-11-01 21:00:00+00:00,SAMSUN,55,13.379499,6.2295003,0.0,9.449572,3.0,74.52361,1029.8456,10.4,Overcast
2015-11-02 21:00:00+00:00,SAMSUN,55,16.7295,5.4795003,0.0,10.587918,1.0,73.134834,1024.2985,12.23,Mainly clear
2015-11-03 21:00:00+00:00,SAMSUN,55,16.4295,5.4295,0.0,8.825508,0.0,79.5631,1021.04877,11.96,Clear sky
2015-11-04 21:00:00+00:00,SAMSUN,55,17.5795,6.4295,0.0,9.511088,2.0,84.61263,1016.99756,11.76,Partly cloudy
2015-11-05 21:00:00+00:00,SAMSUN,55,16.3295,7.9795003,0.0,10.296251,3.0,89.46393,1018.92316,9.64,Overcast
2015-11-06 21:00:00+00:00,SAMSUN,55,14.879499,11.379499,0.0,10.296251,3.0,86.57499,1021.12524,5.11,Overcast
2015-11-07 21:00:00+00:00,SAMSUN,55,14.079499,10.6795,4.9999995,10.931203,53.0,91.24409,1020.64166,5.36,Drizzle: Moderate
2015-11-08 21:00:00+00:00,SAMSUN,55,15.579499,10.0295,12.900001,15.408671,63.0,83.0646,1014.3808,5.11,Rain: Moderate
2015-11-09 21:00:00+00:00,SAMSUN,55,13.129499,8.5295,1.2,15.042659,51.0,79.046555,1013.8565,6.71,Drizzle: Light
2015-11-10 21:00:00+00:00,SAMSUN,55,15.6795,8.9795,3.5000005,21.437386,55.0,76.22153,1011.73785,3.51,Drizzle: Dense
2015-11-11 21:00:00+00:00,SAMSUN,55,17.529501,10.829499,0.6,17.10284,51.0,80.70631,1020.04865,6.41,Drizzle: Light
2015-11-12 21:00:00+00:00,SAMSUN,55,20.0795,10.2795,0.5,17.174677,51.0,83.414276,1022.44116,8.83,Drizzle: Light
2015-11-13 21:00:00+00:00,SAMSUN,55,17.279501,10.129499,0.0,14.88242,3.0,79.649506,1022.5891,9.99,Overcast
2015-11-14 21:00:00+00:00,SAMSUN,55,15.379499,10.129499,2.0000002,15.905319,51.0,77.64401,1014.8635,6.95,Drizzle: Light
2015-11-15 21:00:00+00:00,SAMSUN,55,15.6795,9.6795,0.1,10.691453,51.0,80.282166,1010.66974,6.85,Drizzle: Light
2015-11-16 21:00:00+00:00,SAMSUN,55,13.379499,8.1795,0.3,21.710716,51.0,72.73147,1018.56757,7.29,Drizzle: Light
2015-11-17 21:00:00+00:00,SAMSUN,55,12.329499,4.3795,0.0,8.699793,3.0,80.24656,1018.59766,7.95,Overcast
2015-11-18 21:00:00+00:00,SAMSUN,55,14.7295,6.3795,1.0,15.683774,51.0,72.89458,1016.97626,5.28,Drizzle: Light
2015-11-19 21:00:00+00:00,SAMSUN,55,18.2295,7.9795003,0.0,16.79314,2.0,73.57012,1017.094,9.87,Partly cloudy
2015-11-20 21:00:00+00:00,SAMSUN,55,20.529501,11.7795,0.0,22.553936,3.0,45.68867,1008.61945,9.97,Overcast
2015-11-21 21:00:00+00:00,SAMSUN,55,20.7295,13.079499,0.0,22.539564,1.0,43.30637,1011.02026,9.75,Mainly clear
2015-11-22 21:00:00+00:00,SAMSUN,55,21.2295,11.129499,0.0,18.892282,2.0,56.099712,1018.5945,9.59,Partly cloudy
2015-11-23 21:00:00+00:00,SAMSUN,55,19.129501,9.6795,0.0,13.397612,3.0,70.34205,1020.5739,8.14,Overcast
2015-11-24 21:00:00+00:00,SAMSUN,55,17.9795,11.6795,0.0,13.479583,3.0,60.435307,1013.5352,4.96,Overcast
2015-11-25 21:00:00+00:00,SAMSUN,55,20.4795,11.0295,0.0,16.311613,3.0,56.745037,1006.3965,7.98,Overcast
2015-11-26 21:00:00+00:00,SAMSUN,55,20.3295,10.579499,1.0,13.202726,51.0,74.92552,1010.20654,7.77,Drizzle: Light
2015-11-27 21:00:00+00:00,SAMSUN,55,20.529501,10.129499,0.0,14.182355,3.0,74.07123,1009.35376,8.66,Overcast
2015-11-28 21:00:00+00:00,SAMSUN,55,15.1795,10.5295,13.7,13.281023,63.0,86.11011,1011.3824,7.06,Rain: Moderate
2015-11-29 21:00:00+00:00,SAMSUN,55,11.2795,7.9795003,20.7,15.9134655,71.0,92.26879,1016.1531,1.03,Snow fall: Slight
2015-11-30 21:00:00+00:00,SAMSUN,55,12.829499,6.3295,0.0,17.057314,3.0,71.813736,1017.1782,7.32,Overcast
2015-12-01 21:00:00+00:00,SAMSUN,55,11.2295,6.0295,5.7999997,24.798225,73.0,67.56321,1014.30707,2.1,Snow fall: Moderate
2015-12-02 21:00:00+00:00,SAMSUN,55,7.6795,4.2295,0.2,25.600533,71.0,61.358658,1022.65625,6.93,Snow fall: Slight
2015-12-03 21:00:00+00:00,SAMSUN,55,5.7795,3.3295002,12.3,17.015474,73.0,84.72207,1029.495,5.54,Snow fall: Moderate
2015-12-04 21:00:00+00:00,SAMSUN,55,8.2295,1.4795,0.0,11.480557,3.0,75.92237,1035.0227,8.01,Overcast
2015-12-05 21:00:00+00:00,SAMSUN,55,9.6795,1.6295,0.0,12.096214,3.0,72.89155,1032.9666,7.37,Overcast
2015-12-06 21:00:00+00:00,SAMSUN,55,12.7795,3.6295002,0.0,14.021525,3.0,75.09788,1031.4452,8.18,Overcast
2015-12-07 21:00:00+00:00,SAMSUN,55,12.5295,4.0795,0.0,10.703569,1.0,75.63083,1030.8629,7.5,Mainly clear
2015-12-08 21:00:00+00:00,SAMSUN,55,9.1795,6.6295,0.0,9.511088,3.0,82.88935,1030.57,3.27,Overcast
2015-12-09 21:00:00+00:00,SAMSUN,55,11.079499,5.1795,0.0,6.989936,3.0,86.94449,1024.976,5.61,Overcast
2015-12-10 21:00:00+00:00,SAMSUN,55,9.7295,6.9295,0.4,6.12,51.0,89.68058,1023.2237,3.28,Drizzle: Light
2015-12-11 21:00:00+00:00,SAMSUN,55,9.2795,6.5295,0.1,4.896529,51.0,89.19052,1020.86115,2.71,Drizzle: Light
2015-12-12 21:00:00+00:00,SAMSUN,55,8.879499,7.3795,2.3999999,11.113451,51.0,88.919365,1022.0417,1.56,Drizzle: Light
2015-12-13 21:00:00+00:00,SAMSUN,55,12.7795,3.7295,0.0,12.475961,3.0,80.23141,1020.8703,7.95,Overcast
2015-12-14 21:00:00+00:00,SAMSUN,55,8.8295,3.8795002,0.0,9.021574,3.0,84.42938,1025.778,3.13,Overcast
2015-12-15 21:00:00+00:00,SAMSUN,55,8.7795,3.4295,2.0,8.209263,51.0,89.66559,1024.9417,4.29,Drizzle: Light
2015-12-16 21:00:00+00:00,SAMSUN,55,7.1295,5.0295,7.2,14.20062,71.0,87.52743,1027.2843,2.28,Snow fall: Slight
2015-12-17 21:00:00+00:00,SAMSUN,55,9.2795,3.2795,0.0,5.95906,3.0,79.4079,1025.2374,4.04,Overcast
2015-12-18 21:00:00+00:00,SAMSUN,55,10.379499,1.5795,0.0,10.086427,1.0,86.17931,1024.9597,8.07,Mainly clear
2015-12-19 21:00:00+00:00,SAMSUN,55,10.7295,1.4295001,0.0,12.229406,2.0,82.50272,1027.3556,7.67,Partly cloudy
2015-12-20 21:00:00+00:00,SAMSUN,55,11.829499,4.8295,0.0,14.689588,2.0,71.65592,1030.1519,6.48,Partly cloudy
2015-12-21 21:00:00+00:00,SAMSUN,55,13.2795,4.7295,0.0,16.676977,0.0,72.02801,1027.4413,7.98,Clear sky
2015-12-22 21:00:00+00:00,SAMSUN,55,12.829499,4.2795,0.0,16.595179,2.0,73.87736,1028.2372,7.76,Partly cloudy
2015-12-23 21:00:00+00:00,SAMSUN,55,13.2795,5.1295,0.0,16.418526,2.0,68.141365,1029.3549,5.94,Partly cloudy
2015-12-24 21:00:00+00:00,SAMSUN,55,12.9795,4.1295,0.0,16.418526,3.0,74.09567,1027.2936,7.86,Overcast
2015-12-25 21:00:00+00:00,SAMSUN,55,10.5295,3.9295,0.0,7.8954163,3.0,84.652336,1028.3048,2.21,Overcast
2015-12-26 21:00:00+00:00,SAMSUN,55,13.7795,4.7795,0.0,13.217443,1.0,83.40183,1029.9987,7.87,Mainly clear
2015-12-27 21:00:00+00:00,SAMSUN,55,15.1795,5.4795003,0.0,14.291592,1.0,75.55664,1027.2212,8.01,Mainly clear
2015-12-28 21:00:00+00:00,SAMSUN,55,13.079499,6.0295,0.4,15.192682,51.0,78.897705,1018.72064,7.92,Drizzle: Light
2015-12-29 21:00:00+00:00,SAMSUN,55,8.379499,-0.32049996,24.199999,20.969805,75.0,91.35427,1018.48676,3.16,Snow fall: Heavy
2015-12-30 21:00:00+00:00,SAMSUN,55,-0.17049998,-2.5705,7.100001,11.620809,73.0,86.2636,1020.0078,6.5,Snow fall: Moderate
2015-12-31 21:00:00+00:00,SAMSUN,55,-0.5205,-7.7204995,1.1,15.30741,71.0,80.93524,1020.8392,7.62,Snow fall: Slight
2016-01-01 21:00:00+00:00,SAMSUN,55,2.2795,-9.0705,0.0,20.972897,3.0,62.19926,1020.4971,7.94,Overcast
2016-01-02 21:00:00+00:00,SAMSUN,55,2.9295,-2.6204998,0.2,19.008547,71.0,62.870525,1020.1873,7.52,Snow fall: Slight
2016-01-03 21:00:00+00:00,SAMSUN,55,6.7295003,-0.12049991,3.1000001,22.406927,73.0,75.13146,1007.60815,3.54,Snow fall: Moderate
2016-01-04 21:00:00+00:00,SAMSUN,55,10.1795,4.4295,2.7000003,22.218153,53.0,76.406944,1003.0176,4.06,Drizzle: Moderate
2016-01-05 21:00:00+00:00,SAMSUN,55,8.9795,5.1795,0.4,13.450708,51.0,88.106415,1009.9607,3.05,Drizzle: Light
2016-01-06 21:00:00+00:00,SAMSUN,55,16.779501,8.2795,0.0,22.870626,3.0,68.593735,998.5764,5.05,Overcast
2016-01-07 21:00:00+00:00,SAMSUN,55,12.079499,4.3795,12.500001,19.386593,73.0,85.15492,1000.1604,1.49,Snow fall: Moderate
2016-01-08 21:00:00+00:00,SAMSUN,55,10.5295,2.4795,0.1,9.885262,51.0,83.652695,1014.87506,7.23,Drizzle: Light
2016-01-09 21:00:00+00:00,SAMSUN,55,13.629499,2.9295,0.0,16.267857,3.0,62.779644,1015.1912,8.58,Overcast
2016-01-10 21:00:00+00:00,SAMSUN,55,13.0295,9.5295,1.2,20.172853,55.0,65.05586,1012.3689,3.21,Drizzle: Dense
2016-01-11 21:00:00+00:00,SAMSUN,55,17.529501,9.2795,0.0,29.671074,3.0,61.951706,1008.1316,7.4,Overcast
2016-01-12 21:00:00+00:00,SAMSUN,55,15.2795,8.0795,21.800001,29.204409,63.0,73.460075,1007.2016,2.8,Rain: Moderate
2016-01-13 21:00:00+00:00,SAMSUN,55,10.5295,6.7295003,4.8,10.739832,53.0,85.361725,1012.6694,6.57,Drizzle: Moderate
2016-01-14 21:00:00+00:00,SAMSUN,55,10.629499,3.2795,0.0,12.979984,3.0,77.64218,1019.53125,8.52,Overcast
2016-01-15 21:00:00+00:00,SAMSUN,55,14.329499,5.3795,0.0,16.09969,3.0,57.853764,1012.57935,8.42,Overcast
2016-01-16 21:00:00+00:00,SAMSUN,55,14.879499,9.7295,0.0,20.082708,3.0,50.540005,1004.1272,5.0,Overcast
2016-01-17 21:00:00+00:00,SAMSUN,55,15.129499,5.6795,2.0,29.239891,53.0,62.635998,996.3012,4.45,Drizzle: Moderate
2016-01-18 21:00:00+00:00,SAMSUN,55,5.1295,2.8795002,11.6,13.830749,73.0,81.854805,1008.33325,2.62,Snow fall: Moderate
2016-01-19 21:00:00+00:00,SAMSUN,55,6.1295,0.029500067,0.0,10.105681,3.0,72.25854,1022.3992,8.4,Overcast
2016-01-20 21:00:00+00:00,SAMSUN,55,8.0795,1.7795,4.8,11.384199,73.0,70.920006,1019.04004,4.4,Snow fall: Moderate
2016-01-21 21:00:00+00:00,SAMSUN,55,4.8295,2.7295,16.400002,13.044722,73.0,91.061035,1022.00055,2.6,Snow fall: Moderate
2016-01-22 21:00:00+00:00,SAMSUN,55,2.5295,-0.2705,15.200002,15.725037,73.0,90.871025,1025.493,4.81,Snow fall: Moderate
2016-01-23 21:00:00+00:00,SAMSUN,55,0.27950007,-1.6704998,8.8,20.620806,73.0,85.20971,1024.7723,6.08,Snow fall: Moderate
2016-01-24 21:00:00+00:00,SAMSUN,55,-0.72049993,-3.2704997,5.8999987,14.186923,73.0,81.95374,1025.9994,9.08,Snow fall: Moderate
2016-01-25 21:00:00+00:00,SAMSUN,55,2.9295,-3.9204998,0.8,14.021525,71.0,69.7593,1024.6827,10.21,Snow fall: Slight
2016-01-26 21:00:00+00:00,SAMSUN,55,2.9295,-3.7205,0.0,15.175612,3.0,74.62333,1027.8096,9.28,Overcast
2016-01-27 21:00:00+00:00,SAMSUN,55,4.2795,0.97950006,2.7999997,19.386593,71.0,67.77538,1024.2753,2.1,Snow fall: Slight
2016-01-28 21:00:00+00:00,SAMSUN,55,7.5795,3.6295002,2.4999998,18.875126,53.0,80.21078,1025.3756,3.27,Drizzle: Moderate
2016-01-29 21:00:00+00:00,SAMSUN,55,9.329499,4.0295,2.1000001,11.885453,51.0,91.82923,1026.3457,3.52,Drizzle: Light
2016-01-30 21:00:00+00:00,SAMSUN,55,9.2295,2.5795,0.0,15.1884165,3.0,87.69525,1021.9109,10.47,Overcast
2016-01-31 21:00:00+00:00,SAMSUN,55,13.4795,5.5295,2.8,14.57889,55.0,74.4694,1015.46893,5.55,Drizzle: Dense
2016-02-01 21:00:00+00:00,SAMSUN,55,8.5795,2.2295,7.299999,23.507753,71.0,81.385124,1024.214,8.63,Snow fall: Slight
2016-02-02 21:00:00+00:00,SAMSUN,55,15.2795,2.3295,0.0,18.25026,2.0,63.01524,1022.09717,11.58,Partly cloudy
2016-02-03 21:00:00+00:00,SAMSUN,55,18.2295,6.9795003,0.0,18.359999,3.0,60.19215,1015.1751,11.21,Overcast
2016-02-04 21:00:00+00:00,SAMSUN,55,16.3295,6.4295,0.0,15.683776,3.0,60.922184,1008.26385,9.09,Overcast
2016-02-05 21:00:00+00:00,SAMSUN,55,12.2295,3.1795,10.6,26.959166,73.0,80.86526,1010.2409,2.71,Snow fall: Moderate
2016-02-06 21:00:00+00:00,SAMSUN,55,3.9795,2.4295,8.8,27.86921,73.0,78.50173,1023.5671,4.22,Snow fall: Moderate
2016-02-07 21:00:00+00:00,SAMSUN,55,6.8795,0.12950003,0.0,11.770403,3.0,71.235725,1026.2935,11.19,Overcast
2016-02-08 21:00:00+00:00,SAMSUN,55,11.6795,-0.42049998,0.0,12.43434,0.0,79.62011,1022.7168,13.02,Clear sky
2016-02-09 21:00:00+00:00,SAMSUN,55,13.1795,1.1795001,0.0,15.315873,1.0,67.696266,1016.2385,13.2,Mainly clear
2016-02-10 21:00:00+00:00,SAMSUN,55,13.9795,7.1295,1.2,29.268686,53.0,55.22322,1010.8228,7.74,Drizzle: Moderate
2016-02-11 21:00:00+00:00,SAMSUN,55,16.9295,7.0295,1.1,14.982228,51.0,77.08664,1013.9653,9.51,Drizzle: Light
2016-02-12 21:00:00+00:00,SAMSUN,55,18.529501,8.3295,1.0,20.46941,51.0,68.40163,1010.9655,9.42,Drizzle: Light
2016-02-13 21:00:00+00:00,SAMSUN,55,18.9295,12.2295,0.5,27.579382,51.0,60.850758,1010.0245,10.95,Drizzle: Light
2016-02-14 21:00:00+00:00,SAMSUN,55,20.9795,11.6795,0.0,16.92383,3.0,63.44557,1017.3461,10.83,Overcast
2016-02-15 21:00:00+00:00,SAMSUN,55,23.279501,11.9295,0.0,16.641972,3.0,70.68293,1025.8922,12.45,Overcast
2016-02-16 21:00:00+00:00,SAMSUN,55,20.8295,9.879499,0.0,13.18308,3.0,82.32739,1026.8256,12.93,Overcast
2016-02-17 21:00:00+00:00,SAMSUN,55,10.079499,5.5795,0.0,10.587918,3.0,90.114876,1025.928,7.56,Overcast
2016-02-18 21:00:00+00:00,SAMSUN,55,10.2795,4.3795,0.90000004,10.805998,51.0,83.65693,1012.76074,9.21,Drizzle: Light
2016-02-19 21:00:00+00:00,SAMSUN,55,5.9795003,3.4795,2.4999995,10.483357,53.0,85.349205,1017.2325,4.18,Drizzle: Moderate
2016-02-20 21:00:00+00:00,SAMSUN,55,4.1795,2.8795002,7.3999996,9.605998,73.0,87.98495,1014.8588,3.36,Snow fall: Moderate
2016-02-21 21:00:00+00:00,SAMSUN,55,7.5795,3.0795002,0.2,8.669949,71.0,78.56469,1019.75195,8.58,Snow fall: Slight
2016-02-22 21:00:00+00:00,SAMSUN,55,14.4295,2.2295,0.0,11.966953,1.0,77.285774,1016.6508,15.21,Mainly clear
2016-02-23 21:00:00+00:00,SAMSUN,55,18.879501,6.0795,0.0,18.671474,3.0,61.725033,1010.0622,13.69,Overcast
2016-02-24 21:00:00+00:00,SAMSUN,55,14.4795,7.7795,9.1,10.8955765,55.0,87.61761,1013.65753,4.79,Drizzle: Dense
2016-02-25 21:00:00+00:00,SAMSUN,55,14.9795,6.7795,0.0,10.495713,3.0,89.55135,1015.073,14.41,Overcast
2016-02-26 21:00:00+00:00,SAMSUN,55,17.779501,8.9295,5.3999996,14.658676,63.0,78.6093,1012.1149,14.1,Rain: Moderate
2016-02-27 21:00:00+00:00,SAMSUN,55,12.9795,8.9795,2.1999998,10.703569,51.0,92.75057,1023.5237,8.15,Drizzle: Light
2016-02-28 21:00:00+00:00,SAMSUN,55,17.029501,8.1795,0.0,9.422101,3.0,86.376366,1025.0809,15.49,Overcast
2016-02-29 21:00:00+00:00,SAMSUN,55,22.7295,9.079499,0.0,16.595179,1.0,65.15262,1014.313,16.71,Mainly clear
2016-03-01 21:00:00+00:00,SAMSUN,55,18.029501,9.4295,0.0,13.479583,3.0,72.716385,1006.4422,13.62,Overcast
2016-03-02 21:00:00+00:00,SAMSUN,55,18.5795,8.5795,1.7,18.345877,53.0,74.05787,999.1365,8.91,Drizzle: Moderate
2016-03-03 21:00:00+00:00,SAMSUN,55,18.279501,6.8795,0.2,13.004921,51.0,66.97376,1002.6926,14.91,Drizzle: Light
2016-03-04 21:00:00+00:00,SAMSUN,55,14.579499,9.4795,18.300001,14.480773,63.0,78.6787,1005.3105,8.37,Rain: Moderate
2016-03-05 21:00:00+00:00,SAMSUN,55,13.879499,6.8795,6.5,11.923557,61.0,83.5006,1015.06964,13.68,Rain: Slight
2016-03-06 21:00:00+00:00,SAMSUN,55,17.3295,6.1295,0.0,13.53236,2.0,74.039604,1012.999,17.85,Partly cloudy
2016-03-07 21:00:00+00:00,SAMSUN,55,19.4295,5.9795003,0.0,13.53236,3.0,74.958885,1009.62085,17.75,Overcast
2016-03-08 21:00:00+00:00,SAMSUN,55,16.8795,5.5295,0.0,10.296251,1.0,84.25003,1009.6152,18.18,Mainly clear
2016-03-09 21:00:00+00:00,SAMSUN,55,19.5795,6.0295,3.6000001,10.483357,61.0,80.78473,1004.097,16.1,Rain: Slight
2016-03-10 21:00:00+00:00,SAMSUN,55,14.2295,7.1295,4.9,9.693296,55.0,89.589806,1012.9632,14.07,Drizzle: Dense
2016-03-11 21:00:00+00:00,SAMSUN,55,14.2295,6.1795,0.0,12.397806,3.0,88.242134,1018.0784,16.17,Overcast
2016-03-12 21:00:00+00:00,SAMSUN,55,14.0295,7.8295,0.0,12.475961,3.0,90.10089,1015.7801,14.23,Overcast
2016-03-13 21:00:00+00:00,SAMSUN,55,8.4795,5.4795003,15.8,21.096123,73.0,92.39225,1008.7942,2.67,Snow fall: Moderate
2016-03-14 21:00:00+00:00,SAMSUN,55,7.4795003,4.1795,4.299999,17.654688,71.0,82.007256,1014.1985,11.82,Snow fall: Slight
2016-03-15 21:00:00+00:00,SAMSUN,55,6.3295,3.2295,3.5999997,18.430452,71.0,72.68332,1021.1169,14.52,Snow fall: Slight
2016-03-16 21:00:00+00:00,SAMSUN,55,7.9295,1.8295,0.0,11.720751,3.0,68.19139,1023.5132,13.59,Overcast
2016-03-17 21:00:00+00:00,SAMSUN,55,11.879499,1.7795,0.0,9.339208,3.0,73.72549,1016.4031,19.92,Overcast
2016-03-18 21:00:00+00:00,SAMSUN,55,15.579499,2.5295,12.0,14.336861,71.0,79.93851,1007.67694,12.52,Snow fall: Slight
2016-03-19 21:00:00+00:00,SAMSUN,55,6.5295,3.9795,13.199998,11.620809,73.0,85.46841,1016.12054,9.85,Snow fall: Moderate
2016-03-20 21:00:00+00:00,SAMSUN,55,10.579499,1.8295,0.0,9.511088,3.0,80.81176,1016.2017,14.44,Overcast
2016-03-21 21:00:00+00:00,SAMSUN,55,16.3795,4.3295,0.8000001,14.81259,51.0,69.17277,1011.2591,16.52,Drizzle: Light
2016-03-22 21:00:00+00:00,SAMSUN,55,15.329499,10.0295,0.0,15.856354,3.0,72.358635,1007.8325,13.45,Overcast
2016-03-23 21:00:00+00:00,SAMSUN,55,24.779501,11.879499,0.5,14.917212,51.0,58.871033,999.6694,16.63,Drizzle: Light
2016-03-24 21:00:00+00:00,SAMSUN,55,14.629499,7.3295,9.6,12.55879,63.0,81.71103,1006.654,10.64,Rain: Moderate
2016-03-25 21:00:00+00:00,SAMSUN,55,9.0295,5.4795003,12.7,17.076298,71.0,90.29359,1010.88763,5.62,Snow fall: Slight
2016-03-26 21:00:00+00:00,SAMSUN,55,6.9295,4.4795,1.7000002,15.192682,71.0,73.881485,1014.65845,9.36,Snow fall: Slight
2016-03-27 21:00:00+00:00,SAMSUN,55,7.3295,3.8295002,5.8,15.5843,73.0,77.711296,1013.89404,8.69,Snow fall: Moderate
2016-03-28 21:00:00+00:00,SAMSUN,55,9.879499,1.4795,0.0,12.181624,3.0,76.74665,1017.95166,17.74,Overcast
2016-03-29 21:00:00+00:00,SAMSUN,55,11.829499,2.4295,0.1,9.511088,51.0,81.884285,1019.94635,12.57,Drizzle: Light
2016-03-30 21:00:00+00:00,SAMSUN,55,13.829499,5.2795,0.2,12.55879,51.0,82.91021,1022.11646,19.63,Drizzle: Light
2016-03-31 21:00:00+00:00,SAMSUN,55,19.129501,6.2795,0.0,14.654254,2.0,74.82925,1017.68365,21.76,Partly cloudy
2016-04-01 21:00:00+00:00,SAMSUN,55,21.629501,8.2795,0.90000004,20.380579,51.0,75.810036,1015.5024,16.64,Drizzle: Light
2016-04-02 21:00:00+00:00,SAMSUN,55,10.4795,4.5295,0.0,14.512064,3.0,77.31297,1023.36237,18.26,Overcast
2016-04-03 21:00:00+00:00,SAMSUN,55,12.5295,3.2295,0.0,15.978486,1.0,81.24125,1018.5464,22.65,Mainly clear
2016-04-04 21:00:00+00:00,SAMSUN,55,13.1795,4.7295,0.0,13.53236,2.0,83.281746,1013.758,22.74,Partly cloudy
2016-04-05 21:00:00+00:00,SAMSUN,55,15.4795,4.0295,0.0,10.990322,0.0,80.0594,1011.55634,23.01,Clear sky
2016-04-06 21:00:00+00:00,SAMSUN,55,18.279501,6.2795,0.0,10.805998,1.0,80.18423,1012.31464,23.1,Mainly clear
2016-04-07 21:00:00+00:00,SAMSUN,55,21.029501,6.5795,0.0,10.538843,3.0,80.10921,1010.5366,22.14,Overcast
2016-04-08 21:00:00+00:00,SAMSUN,55,25.0795,12.6795,0.2,13.363711,51.0,69.46682,1002.41473,21.93,Drizzle: Light
2016-04-09 21:00:00+00:00,SAMSUN,55,19.9295,11.4295,9.3,15.192682,61.0,76.83882,1002.13135,17.3,Rain: Slight
2016-04-10 21:00:00+00:00,SAMSUN,55,17.879501,9.7795,1.4000001,9.904906,53.0,88.50158,1004.351,19.14,Drizzle: Moderate
2016-04-11 21:00:00+00:00,SAMSUN,55,15.079499,10.2295,1.9000002,14.869351,51.0,89.58196,1006.81635,10.64,Drizzle: Light
2016-04-12 21:00:00+00:00,SAMSUN,55,14.6795,10.829499,1.4000001,9.746631,53.0,89.0574,1010.7753,9.8,Drizzle: Moderate
2016-04-13 21:00:00+00:00,SAMSUN,55,18.7295,8.4795,0.0,11.183201,3.0,82.684456,1008.9219,20.53,Overcast
2016-04-14 21:00:00+00:00,SAMSUN,55,25.6795,11.4295,7.8,22.314194,63.0,71.898415,1007.26447,19.77,Rain: Moderate
2016-04-15 21:00:00+00:00,SAMSUN,55,16.8795,10.379499,0.8,12.758432,53.0,86.11724,1018.40643,20.18,Drizzle: Moderate
2016-04-16 21:00:00+00:00,SAMSUN,55,19.279501,8.2295,0.0,10.009036,1.0,84.80518,1017.52386,24.02,Mainly clear
2016-04-17 21:00:00+00:00,SAMSUN,55,22.2295,9.379499,0.0,10.383987,1.0,73.50619,1017.21466,24.82,Mainly clear
2016-04-18 21:00:00+00:00,SAMSUN,55,27.529501,12.7295,0.0,12.904882,3.0,67.41291,1013.5503,24.44,Overcast
2016-04-19 21:00:00+00:00,SAMSUN,55,30.1795,14.9295,0.8,16.854767,53.0,60.094547,1007.7241,21.23,Drizzle: Moderate
2016-04-20 21:00:00+00:00,SAMSUN,55,14.2795,6.9795003,13.299999,16.1198,61.0,85.056816,1019.8208,7.26,Rain: Slight
2016-04-21 21:00:00+00:00,SAMSUN,55,14.2795,5.0295,0.0,18.733839,1.0,74.75267,1022.01373,25.39,Mainly clear
2016-04-22 21:00:00+00:00,SAMSUN,55,20.629501,7.9795003,0.0,12.074766,3.0,70.322784,1009.68463,22.79,Overcast
2016-04-23 21:00:00+00:00,SAMSUN,55,22.779501,10.0295,0.1,9.72,51.0,74.90381,999.87555,19.71,Drizzle: Light
2016-04-24 21:00:00+00:00,SAMSUN,55,18.779501,12.629499,7.1000004,10.97262,63.0,80.649086,998.65576,21.14,Rain: Moderate
2016-04-25 21:00:00+00:00,SAMSUN,55,22.6795,9.7795,0.0,22.104116,3.0,72.31707,1001.5302,21.3,Overcast
2016-04-26 21:00:00+00:00,SAMSUN,55,14.9795,10.9795,2.0,14.529915,51.0,85.11311,1012.20996,14.38,Drizzle: Light
2016-04-27 21:00:00+00:00,SAMSUN,55,15.329499,9.2295,0.0,15.1884165,3.0,86.577324,1016.218,19.05,Overcast
2016-04-28 21:00:00+00:00,SAMSUN,55,15.9795,8.4795,0.0,15.484185,3.0,83.852455,1016.77954,23.75,Overcast
2016-04-29 21:00:00+00:00,SAMSUN,55,13.6795,9.9795,2.1,14.48972,53.0,88.7924,1015.07446,13.11,Drizzle: Moderate
2016-04-30 21:00:00+00:00,SAMSUN,55,15.9295,8.379499,0.0,13.324863,1.0,78.8643,1017.0385,22.54,Mainly clear
2016-05-01 21:00:00+00:00,SAMSUN,55,16.1295,6.8795,0.0,15.379206,3.0,82.989876,1014.79584,25.32,Overcast
2016-05-02 21:00:00+00:00,SAMSUN,55,19.0795,9.2295,0.2,12.181625,51.0,87.16924,1005.45746,25.14,Drizzle: Light
2016-05-03 21:00:00+00:00,SAMSUN,55,15.7795,11.6795,17.600002,9.693296,63.0,88.15281,1002.5227,13.6,Rain: Moderate
2016-05-04 21:00:00+00:00,SAMSUN,55,15.2295,10.6795,5.799999,10.948973,55.0,90.86554,1006.85406,13.78,Drizzle: Dense
2016-05-05 21:00:00+00:00,SAMSUN,55,12.9295,11.879499,20.599998,10.440001,61.0,95.32792,1008.43463,3.34,Rain: Slight
2016-05-06 21:00:00+00:00,SAMSUN,55,16.029501,11.379499,0.3,12.261157,51.0,83.721596,1013.1667,20.0,Drizzle: Light
2016-05-07 21:00:00+00:00,SAMSUN,55,17.279501,8.8295,0.2,14.512064,51.0,87.12206,1016.6672,24.63,Drizzle: Light
2016-05-08 21:00:00+00:00,SAMSUN,55,17.6795,9.6795,0.0,14.386494,3.0,86.7814,1017.7929,26.51,Overcast
2016-05-09 21:00:00+00:00,SAMSUN,55,16.779501,9.829499,0.0,14.24163,3.0,81.156784,1014.6978,19.58,Overcast
2016-05-10 21:00:00+00:00,SAMSUN,55,18.2295,8.9295,0.3,14.186923,51.0,79.24586,1012.9177,22.03,Drizzle: Light
2016-05-11 21:00:00+00:00,SAMSUN,55,20.779501,9.629499,0.2,10.144082,51.0,83.56262,1008.36774,22.99,Drizzle: Light
2016-05-12 21:00:00+00:00,SAMSUN,55,24.1795,15.129499,14.099999,8.373386,63.0,82.83952,1003.0656,20.1,Rain: Moderate
2016-05-13 21:00:00+00:00,SAMSUN,55,25.279501,17.879501,1.9000001,12.783802,55.0,82.41909,1005.6834,23.81,Drizzle: Dense
2016-05-14 21:00:00+00:00,SAMSUN,55,24.6795,15.7295,3.0,10.383987,53.0,76.10059,1008.124,22.14,Drizzle: Moderate
2016-05-15 21:00:00+00:00,SAMSUN,55,21.879501,14.7795,18.7,22.26477,63.0,71.48795,1010.699,23.23,Rain: Moderate
2016-05-16 21:00:00+00:00,SAMSUN,55,20.9295,11.879499,0.0,14.458382,3.0,82.51232,1010.0647,23.79,Overcast
2016-05-17 21:00:00+00:00,SAMSUN,55,16.3795,14.079499,7.4999995,13.910169,53.0,87.28884,1010.67474,11.75,Drizzle: Moderate
2016-05-18 21:00:00+00:00,SAMSUN,55,17.1795,13.9295,0.0,12.031756,3.0,72.617676,1014.4411,13.84,Overcast
2016-05-19 21:00:00+00:00,SAMSUN,55,18.029501,9.6795,0.0,13.479583,3.0,80.958435,1015.7034,22.72,Overcast
2016-05-20 21:00:00+00:00,SAMSUN,55,19.029501,11.879499,0.0,15.484185,3.0,85.782936,1015.44696,21.9,Overcast
2016-05-21 21:00:00+00:00,SAMSUN,55,18.629501,12.7295,1.4,13.32,51.0,85.72244,1011.45874,20.45,Drizzle: Light
2016-05-22 21:00:00+00:00,SAMSUN,55,17.9295,12.4795,2.6,17.414476,51.0,80.55033,1008.384,14.59,Drizzle: Light
2016-05-23 21:00:00+00:00,SAMSUN,55,20.1795,14.9795,0.8000001,13.527572,51.0,75.385826,1009.6076,22.24,Drizzle: Light
2016-05-24 21:00:00+00:00,SAMSUN,55,25.0795,13.829499,2.0,18.511143,53.0,74.878075,1003.45636,24.93,Drizzle: Moderate
2016-05-25 21:00:00+00:00,SAMSUN,55,20.379501,14.079499,6.9000006,13.089354,61.0,85.13354,1004.4553,22.24,Rain: Slight
2016-05-26 21:00:00+00:00,SAMSUN,55,18.529501,15.0295,7.0999994,11.620809,55.0,92.0574,1009.191,13.9,Drizzle: Dense
2016-05-27 21:00:00+00:00,SAMSUN,55,16.8295,15.1795,44.6,20.447239,63.0,88.77591,1009.4173,3.95,Rain: Moderate
2016-05-28 21:00:00+00:00,SAMSUN,55,20.1795,15.329499,8.799999,7.6367526,61.0,79.8387,1010.29175,14.19,Rain: Slight
2016-05-29 21:00:00+00:00,SAMSUN,55,21.9295,15.829499,6.5,10.1887,61.0,83.26493,1010.0368,17.33,Rain: Slight
2016-05-30 21:00:00+00:00,SAMSUN,55,25.5795,16.029501,1.4000001,12.181624,53.0,80.829765,1009.15094,23.54,Drizzle: Moderate
2016-05-31 21:00:00+00:00,SAMSUN,55,24.629501,17.529501,1.9000001,11.246759,53.0,83.29977,1011.16473,25.38,Drizzle: Moderate
2016-06-01 21:00:00+00:00,SAMSUN,55,23.8295,15.9795,0.2,9.686609,51.0,86.6593,1009.84576,23.42,Drizzle: Light
2016-06-02 21:00:00+00:00,SAMSUN,55,24.5795,17.6795,10.5,10.315115,61.0,87.465965,1005.3388,24.89,Rain: Slight
2016-06-03 21:00:00+00:00,SAMSUN,55,21.4295,17.379501,9.5,11.5199995,61.0,86.17847,1005.851,18.44,Rain: Slight
2016-06-04 21:00:00+00:00,SAMSUN,55,21.4795,15.329499,2.0,12.879752,53.0,86.281586,1010.01245,21.91,Drizzle: Moderate
2016-06-05 21:00:00+00:00,SAMSUN,55,21.5795,15.079499,0.0,12.57426,3.0,87.02899,1010.48285,23.19,Overcast
2016-06-06 21:00:00+00:00,SAMSUN,55,20.4795,16.4295,3.1999996,14.764389,53.0,83.52346,1011.13873,21.7,Drizzle: Moderate
2016-06-07 21:00:00+00:00,SAMSUN,55,17.7295,14.879499,10.8,14.799459,61.0,80.75995,1014.3173,10.11,Rain: Slight
2016-06-08 21:00:00+00:00,SAMSUN,55,17.879501,14.579499,1.1,13.5515,51.0,73.20832,1012.868,13.39,Drizzle: Light
2016-06-09 21:00:00+00:00,SAMSUN,55,20.3295,11.079499,0.0,12.261157,3.0,72.929855,1011.99567,27.17,Overcast
2016-06-10 21:00:00+00:00,SAMSUN,55,21.7295,12.9295,0.0,10.691453,3.0,77.10345,1012.1938,26.61,Overcast
2016-06-11 21:00:00+00:00,SAMSUN,55,22.629501,13.879499,0.0,11.183201,3.0,85.742615,1012.7007,26.71,Overcast
2016-06-12 21:00:00+00:00,SAMSUN,55,27.6795,14.879499,0.0,9.9571085,3.0,82.01728,1005.8701,27.61,Overcast
2016-06-13 21:00:00+00:00,SAMSUN,55,29.629501,18.529501,0.0,14.264361,3.0,75.20699,1001.9992,24.0,Overcast
2016-06-14 21:00:00+00:00,SAMSUN,55,23.7295,18.5795,5.700001,16.516901,61.0,84.37853,1003.2922,19.18,Rain: Slight
2016-06-15 21:00:00+00:00,SAMSUN,55,25.529501,16.9295,0.70000005,12.096214,51.0,76.00532,1010.7866,25.85,Drizzle: Light
2016-06-16 21:00:00+00:00,SAMSUN,55,23.9795,17.029501,1.2,15.725037,51.0,84.206825,1015.8918,24.93,Drizzle: Light
2016-06-17 21:00:00+00:00,SAMSUN,55,23.779501,17.629501,0.0,10.1887,3.0,86.553764,1016.2158,21.81,Overcast
2016-06-18 21:00:00+00:00,SAMSUN,55,24.629501,17.029501,0.0,11.885453,3.0,82.914696,1014.5054,27.49,Overcast
2016-06-19 21:00:00+00:00,SAMSUN,55,25.129501,17.0795,0.0,10.587918,3.0,82.12794,1016.29706,27.75,Overcast
2016-06-20 21:00:00+00:00,SAMSUN,55,26.129501,17.4795,0.0,13.281023,1.0,81.7947,1015.6954,26.27,Mainly clear
2016-06-21 21:00:00+00:00,SAMSUN,55,26.029501,18.8295,0.0,11.4862,2.0,86.09656,1013.334,23.71,Partly cloudy
2016-06-22 21:00:00+00:00,SAMSUN,55,28.0795,20.0795,0.0,14.081478,2.0,81.63958,1011.8308,27.4,Partly cloudy
2016-06-23 21:00:00+00:00,SAMSUN,55,26.379501,21.529501,3.1000004,19.228851,53.0,88.01804,1011.15155,18.94,Drizzle: Moderate
2016-06-24 21:00:00+00:00,SAMSUN,55,27.629501,21.2295,0.0,16.039202,2.0,82.91715,1010.74194,26.43,Partly cloudy
2016-06-25 21:00:00+00:00,SAMSUN,55,26.9795,20.8295,0.0,14.081477,3.0,87.33291,1009.0478,23.58,Overcast
2016-06-26 21:00:00+00:00,SAMSUN,55,27.2295,21.1795,0.0,14.007655,3.0,83.76945,1004.9619,25.18,Overcast
2016-06-27 21:00:00+00:00,SAMSUN,55,27.629501,20.629501,0.1,14.113652,51.0,79.07566,1003.36255,25.05,Drizzle: Light
2016-06-28 21:00:00+00:00,SAMSUN,55,27.1795,20.529501,0.1,14.255272,51.0,78.76405,1006.12775,24.85,Drizzle: Light
2016-06-29 21:00:00+00:00,SAMSUN,55,24.129501,20.6795,10.8,13.084402,61.0,86.128624,1008.97394,13.99,Rain: Slight
2016-06-30 21:00:00+00:00,SAMSUN,55,26.7295,18.779501,10.599999,14.021525,63.0,85.61423,1009.667,18.77,Rain: Moderate
2016-07-01 21:00:00+00:00,SAMSUN,55,24.7295,21.779501,4.4999995,14.654254,53.0,85.89707,1009.594,17.48,Drizzle: Moderate
2016-07-02 21:00:00+00:00,SAMSUN,55,26.029501,20.6795,1.4000001,14.007655,51.0,87.23376,1007.30396,20.02,Drizzle: Light
2016-07-03 21:00:00+00:00,SAMSUN,55,26.2295,22.3295,1.5,22.870626,51.0,79.391815,1007.53467,23.73,Drizzle: Light
2016-07-04 21:00:00+00:00,SAMSUN,55,26.4795,21.779501,2.2,20.176065,53.0,79.71815,1008.67285,24.29,Drizzle: Moderate
2016-07-05 21:00:00+00:00,SAMSUN,55,25.529501,20.8295,2.2,14.764389,51.0,84.73309,1009.3826,21.89,Drizzle: Light
2016-07-06 21:00:00+00:00,SAMSUN,55,25.8295,19.279501,0.1,15.517629,51.0,82.00197,1008.0911,21.21,Drizzle: Light
2016-07-07 21:00:00+00:00,SAMSUN,55,22.379501,18.779501,2.7,20.390114,53.0,80.12672,1013.7869,17.86,Drizzle: Moderate
2016-07-08 21:00:00+00:00,SAMSUN,55,23.3295,16.8795,0.0,12.496718,3.0,75.82908,1014.5369,21.6,Overcast
2016-07-09 21:00:00+00:00,SAMSUN,55,24.4295,15.829499,0.0,11.246759,3.0,73.43319,1011.30414,25.06,Overcast
2016-07-10 21:00:00+00:00,SAMSUN,55,23.379501,17.379501,1.9000002,15.111424,51.0,78.625786,1014.0444,19.4,Drizzle: Light
2016-07-11 21:00:00+00:00,SAMSUN,55,24.6795,17.0795,0.0,14.021525,3.0,79.08378,1014.9213,25.06,Overcast
2016-07-12 21:00:00+00:00,SAMSUN,55,25.5795,17.4795,0.0,14.658676,1.0,79.463326,1011.18256,26.19,Mainly clear
2016-07-13 21:00:00+00:00,SAMSUN,55,26.8295,18.8295,0.0,13.397612,1.0,79.24553,1006.998,27.36,Mainly clear
2016-07-14 21:00:00+00:00,SAMSUN,55,27.2295,18.4295,0.0,12.261157,2.0,78.94451,1007.19916,28.4,Partly cloudy
2016-07-15 21:00:00+00:00,SAMSUN,55,28.1795,18.5795,0.0,11.592895,3.0,79.93434,1008.00543,28.56,Overcast
2016-07-16 21:00:00+00:00,SAMSUN,55,29.129501,19.5795,0.0,13.1041975,2.0,80.27347,1005.616,28.92,Partly cloudy
2016-07-17 21:00:00+00:00,SAMSUN,55,27.629501,20.2295,0.0,15.745627,3.0,82.22675,1004.29926,26.9,Overcast
2016-07-18 21:00:00+00:00,SAMSUN,55,26.379501,20.8295,0.3,15.905319,51.0,78.26359,1007.1474,17.87,Drizzle: Light
2016-07-19 21:00:00+00:00,SAMSUN,55,24.4295,18.779501,0.1,13.5515,51.0,79.4155,1009.2961,14.71,Drizzle: Light
2016-07-20 21:00:00+00:00,SAMSUN,55,23.0795,20.779501,1.8000001,12.7279215,53.0,81.367134,1011.08234,9.48,Drizzle: Moderate
2016-07-21 21:00:00+00:00,SAMSUN,55,24.379501,19.4295,0.2,11.841756,51.0,76.136955,1013.4627,14.99,Drizzle: Light
2016-07-22 21:00:00+00:00,SAMSUN,55,25.4295,17.529501,0.0,13.089354,1.0,72.701294,1013.13727,24.66,Mainly clear
2016-07-23 21:00:00+00:00,SAMSUN,55,26.129501,16.6795,0.0,15.683776,2.0,72.479675,1011.01807,23.75,Partly cloudy
2016-07-24 21:00:00+00:00,SAMSUN,55,26.029501,19.3295,0.2,12.904882,51.0,78.179565,1010.9816,21.75,Drizzle: Light
2016-07-25 21:00:00+00:00,SAMSUN,55,25.529501,19.279501,0.3,14.689588,51.0,80.797264,1010.6394,20.22,Drizzle: Light
2016-07-26 21:00:00+00:00,SAMSUN,55,27.029501,18.779501,0.0,14.039999,2.0,77.053345,1009.9891,26.09,Partly cloudy
2016-07-27 21:00:00+00:00,SAMSUN,55,27.779501,19.379501,0.0,15.815435,3.0,78.82362,1009.75665,23.41,Overcast
2016-07-28 21:00:00+00:00,SAMSUN,55,28.279501,20.6795,0.0,13.479583,2.0,80.23777,1008.4942,24.09,Partly cloudy
2016-07-29 21:00:00+00:00,SAMSUN,55,27.6795,19.9295,0.1,12.641076,51.0,82.69987,1007.25433,24.04,Drizzle: Light
2016-07-30 21:00:00+00:00,SAMSUN,55,29.129501,19.379501,0.0,15.463244,2.0,78.043205,1009.4871,25.62,Partly cloudy
2016-07-31 21:00:00+00:00,SAMSUN,55,29.4295,20.4795,0.0,12.738099,2.0,78.08827,1010.4675,26.41,Partly cloudy
2016-08-01 21:00:00+00:00,SAMSUN,55,30.1795,18.8295,0.0,14.658676,3.0,76.238075,1007.7248,27.18,Overcast
2016-08-02 21:00:00+00:00,SAMSUN,55,29.529501,22.629501,0.0,14.565548,2.0,79.66634,1006.426,24.82,Partly cloudy
2016-08-03 21:00:00+00:00,SAMSUN,55,29.2295,22.4795,1.7,14.799459,53.0,81.24918,1009.0075,20.06,Drizzle: Moderate
2016-08-04 21:00:00+00:00,SAMSUN,55,28.0795,22.7295,2.1000001,14.003029,51.0,84.08379,1010.2608,20.28,Drizzle: Light
2016-08-05 21:00:00+00:00,SAMSUN,55,28.6795,21.9795,0.0,14.345898,2.0,79.9295,1008.6687,20.62,Partly cloudy
2016-08-06 21:00:00+00:00,SAMSUN,55,28.379501,21.4795,0.5,14.404499,51.0,79.93867,1008.5052,21.09,Drizzle: Light
2016-08-07 21:00:00+00:00,SAMSUN,55,28.3295,22.7295,1.1,16.919998,51.0,82.47103,1010.6778,19.59,Drizzle: Light
2016-08-08 21:00:00+00:00,SAMSUN,55,28.4795,21.8295,0.0,15.03835,2.0,83.005325,1009.80316,19.76,Partly cloudy
2016-08-09 21:00:00+00:00,SAMSUN,55,29.8295,21.0795,0.0,13.493999,3.0,75.39281,1006.4419,25.29,Overcast
2016-08-10 21:00:00+00:00,SAMSUN,55,30.9795,21.3295,0.2,14.145756,51.0,75.692726,1008.0195,23.21,Drizzle: Light
2016-08-11 21:00:00+00:00,SAMSUN,55,31.029501,21.279501,0.0,14.689588,1.0,77.70625,1009.0816,25.54,Mainly clear
2016-08-12 21:00:00+00:00,SAMSUN,55,28.2295,21.7295,2.3000002,19.35314,53.0,84.45716,1011.1983,18.45,Drizzle: Moderate
2016-08-13 21:00:00+00:00,SAMSUN,55,23.879501,19.279501,5.0,26.867676,53.0,70.63833,1016.51416,14.0,Drizzle: Moderate
2016-08-14 21:00:00+00:00,SAMSUN,55,23.9795,18.129501,0.0,16.279802,3.0,63.77606,1017.13354,15.77,Overcast
2016-08-15 21:00:00+00:00,SAMSUN,55,25.379501,20.7295,3.6999998,14.408997,53.0,66.54903,1011.5821,14.31,Drizzle: Moderate
2016-08-16 21:00:00+00:00,SAMSUN,55,25.879501,20.629501,1.2,19.05281,51.0,77.68692,1008.6357,15.89,Drizzle: Light
2016-08-17 21:00:00+00:00,SAMSUN,55,27.029501,20.629501,0.0,15.042659,2.0,79.7185,1009.16327,19.64,Partly cloudy
2016-08-18 21:00:00+00:00,SAMSUN,55,27.6795,19.9295,0.0,16.418526,3.0,83.627144,1009.5693,21.16,Overcast
2016-08-19 21:00:00+00:00,SAMSUN,55,27.7295,20.7295,0.0,15.021105,2.0,80.66489,1009.8511,21.62,Partly cloudy
2016-08-20 21:00:00+00:00,SAMSUN,55,27.6795,20.529501,0.1,15.30741,51.0,78.23961,1009.25836,21.34,Drizzle: Light
2016-08-21 21:00:00+00:00,SAMSUN,55,28.2295,22.1795,0.0,12.88981,3.0,79.96814,1008.3217,14.84,Overcast
2016-08-22 21:00:00+00:00,SAMSUN,55,29.0795,21.4295,0.5,15.580141,51.0,82.37998,1009.5244,21.14,Drizzle: Light
2016-08-23 21:00:00+00:00,SAMSUN,55,28.129501,20.4795,0.0,15.7908325,3.0,82.62826,1010.1284,16.98,Overcast
2016-08-24 21:00:00+00:00,SAMSUN,55,26.6795,21.2295,3.1,16.65754,53.0,86.290245,1010.0124,10.84,Drizzle: Moderate
2016-08-25 21:00:00+00:00,SAMSUN,55,25.6795,22.2295,6.7999997,17.309973,55.0,84.54331,1012.32104,10.79,Drizzle: Dense
2016-08-26 21:00:00+00:00,SAMSUN,55,25.0795,21.9795,2.4999998,13.830749,53.0,82.4527,1014.10785,9.72,Drizzle: Moderate
2016-08-27 21:00:00+00:00,SAMSUN,55,25.6795,21.9295,0.4,13.276144,51.0,79.4934,1012.8745,11.85,Drizzle: Light
2016-08-28 21:00:00+00:00,SAMSUN,55,26.9795,20.379501,0.0,13.479583,2.0,82.34168,1010.7871,17.27,Partly cloudy
2016-08-29 21:00:00+00:00,SAMSUN,55,26.4295,21.4295,0.4,13.746156,51.0,84.767555,1009.94476,13.26,Drizzle: Light
2016-08-30 21:00:00+00:00,SAMSUN,55,27.129501,21.529501,1.5000001,16.267857,53.0,80.76699,1011.74023,17.06,Drizzle: Moderate
2016-08-31 21:00:00+00:00,SAMSUN,55,22.629501,19.8295,12.7,13.979872,61.0,88.11973,1014.9341,11.36,Rain: Slight
2016-09-01 21:00:00+00:00,SAMSUN,55,23.4795,18.1795,1.4000001,13.708391,51.0,70.70672,1012.8191,17.21,Drizzle: Light
2016-09-02 21:00:00+00:00,SAMSUN,55,24.4795,17.879501,0.0,14.618837,2.0,70.591545,1010.1763,15.55,Partly cloudy
2016-09-03 21:00:00+00:00,SAMSUN,55,24.4295,20.029501,0.1,18.35647,51.0,73.86076,1012.47974,13.09,Drizzle: Light
2016-09-04 21:00:00+00:00,SAMSUN,55,26.1795,17.6795,0.0,11.298495,1.0,74.53197,1013.1067,19.7,Mainly clear
2016-09-05 21:00:00+00:00,SAMSUN,55,27.129501,16.9295,0.0,13.891522,2.0,78.67432,1013.0293,19.85,Partly cloudy
2016-09-06 21:00:00+00:00,SAMSUN,55,26.2295,18.9795,0.0,13.089354,3.0,79.12865,1016.1789,20.82,Overcast
2016-09-07 21:00:00+00:00,SAMSUN,55,26.779501,16.9795,0.0,14.168641,2.0,79.29345,1013.6521,21.12,Partly cloudy
2016-09-08 21:00:00+00:00,SAMSUN,55,25.879501,17.3295,0.0,13.755579,3.0,82.36677,1012.1125,20.51,Overcast
2016-09-09 21:00:00+00:00,SAMSUN,55,25.129501,18.4795,0.0,14.386494,3.0,82.62706,1014.29083,16.77,Overcast
2016-09-10 21:00:00+00:00,SAMSUN,55,24.9295,16.8795,0.0,14.904173,3.0,82.02833,1012.94727,19.6,Overcast
2016-09-11 21:00:00+00:00,SAMSUN,55,23.9795,19.029501,0.70000005,14.529915,51.0,79.63026,1013.3381,12.43,Drizzle: Light
2016-09-12 21:00:00+00:00,SAMSUN,55,24.279501,18.279501,0.0,12.879752,2.0,75.0279,1010.76056,14.53,Partly cloudy
2016-09-13 21:00:00+00:00,SAMSUN,55,25.5795,17.379501,0.0,15.042659,3.0,79.36913,1009.4133,16.37,Overcast
2016-09-14 21:00:00+00:00,SAMSUN,55,24.779501,17.2295,2.6999998,15.273505,51.0,81.41046,1011.5767,15.92,Drizzle: Light
2016-09-15 21:00:00+00:00,SAMSUN,55,21.8295,17.8295,0.8000001,10.1376915,51.0,70.32218,1015.2254,13.96,Drizzle: Light
2016-09-16 21:00:00+00:00,SAMSUN,55,23.4795,13.1795,0.0,12.261157,1.0,71.177734,1014.5461,19.51,Mainly clear
2016-09-17 21:00:00+00:00,SAMSUN,55,28.029501,14.9295,0.0,13.32,1.0,67.440956,1011.90234,18.98,Mainly clear
2016-09-18 21:00:00+00:00,SAMSUN,55,30.379501,18.029501,0.0,12.10157,1.0,66.10256,1006.8693,19.3,Mainly clear
2016-09-19 21:00:00+00:00,SAMSUN,55,29.6795,19.7295,6.0,16.676977,63.0,65.282265,1002.5429,16.12,Rain: Moderate
2016-09-20 21:00:00+00:00,SAMSUN,55,20.9795,17.2295,30.699995,12.661564,63.0,88.95701,1007.89484,10.84,Rain: Moderate
2016-09-21 21:00:00+00:00,SAMSUN,55,17.1795,15.4795,16.8,12.9249525,61.0,92.09238,1013.5816,3.05,Rain: Slight
2016-09-22 21:00:00+00:00,SAMSUN,55,16.779501,14.5295,24.300003,25.537172,63.0,82.34893,1014.8813,5.8,Rain: Moderate
2016-09-23 21:00:00+00:00,SAMSUN,55,17.779501,13.329499,0.6,18.671474,51.0,68.447235,1021.0997,13.31,Drizzle: Light
2016-09-24 21:00:00+00:00,SAMSUN,55,17.9295,11.2295,0.0,11.753876,3.0,78.96456,1017.7979,13.07,Overcast
2016-09-25 21:00:00+00:00,SAMSUN,55,19.129501,11.9795,0.0,12.261157,3.0,76.79133,1015.37256,16.33,Overcast
2016-09-26 21:00:00+00:00,SAMSUN,55,20.129501,11.5295,0.0,12.496718,2.0,77.09705,1018.14813,17.04,Partly cloudy
2016-09-27 21:00:00+00:00,SAMSUN,55,18.879501,13.1795,3.4999995,17.429354,53.0,84.148346,1021.1511,12.6,Drizzle: Moderate
2016-09-28 21:00:00+00:00,SAMSUN,55,18.129501,13.7795,1.3000001,10.990322,51.0,84.22245,1021.94684,8.88,Drizzle: Light
2016-09-29 21:00:00+00:00,SAMSUN,55,19.529501,13.9295,0.90000004,21.129883,51.0,82.82524,1019.3671,11.11,Drizzle: Light
2016-09-30 21:00:00+00:00,SAMSUN,55,20.4295,12.2295,0.0,15.517629,3.0,83.64571,1018.27295,16.7,Overcast
2016-10-01 21:00:00+00:00,SAMSUN,55,23.629501,11.6795,0.0,9.504273,3.0,84.12751,1015.0777,17.32,Overcast
2016-10-02 21:00:00+00:00,SAMSUN,55,22.279501,14.379499,0.0,10.495713,3.0,86.11526,1014.8171,16.52,Overcast
2016-10-03 21:00:00+00:00,SAMSUN,55,21.129501,16.029501,0.0,12.229406,3.0,88.28061,1012.4707,13.91,Overcast
2016-10-04 21:00:00+00:00,SAMSUN,55,22.779501,16.0795,0.1,14.917212,51.0,85.77146,1009.7388,15.08,Drizzle: Light
2016-10-05 21:00:00+00:00,SAMSUN,55,18.6795,16.6295,7.8000007,12.261157,53.0,90.40881,1015.312,4.61,Drizzle: Moderate
2016-10-06 21:00:00+00:00,SAMSUN,55,22.029501,16.279501,0.0,10.990322,3.0,85.28208,1014.4326,13.31,Overcast
2016-10-07 21:00:00+00:00,SAMSUN,55,27.629501,15.9795,0.0,12.261158,3.0,81.29741,1009.9153,15.11,Overcast
2016-10-08 21:00:00+00:00,SAMSUN,55,18.279501,15.1795,9.3,12.074766,53.0,90.04019,1018.1353,3.27,Drizzle: Moderate
2016-10-09 21:00:00+00:00,SAMSUN,55,17.029501,15.079499,3.4999998,11.503113,53.0,86.71966,1019.0755,4.38,Drizzle: Moderate
2016-10-10 21:00:00+00:00,SAMSUN,55,20.529501,14.379499,0.3,12.594856,51.0,84.341805,1013.8411,12.66,Drizzle: Light
2016-10-11 21:00:00+00:00,SAMSUN,55,26.0795,15.7295,0.5,12.57426,51.0,80.54988,1008.37695,13.55,Drizzle: Light
2016-10-12 21:00:00+00:00,SAMSUN,55,22.379501,15.7795,3.9,17.106628,53.0,83.62565,1011.5817,11.16,Drizzle: Moderate
2016-10-13 21:00:00+00:00,SAMSUN,55,16.8795,13.079499,3.5,17.533146,53.0,84.42913,1017.8079,9.19,Drizzle: Moderate
2016-10-14 21:00:00+00:00,SAMSUN,55,14.879499,11.9795,2.0000002,12.55879,51.0,84.1328,1022.34247,8.22,Drizzle: Light
2016-10-15 21:00:00+00:00,SAMSUN,55,17.279501,10.129499,2.0,15.463246,53.0,81.16403,1021.35223,12.55,Drizzle: Moderate
2016-10-16 21:00:00+00:00,SAMSUN,55,12.6795,10.579499,12.700001,15.517629,61.0,80.19738,1023.48956,2.65,Rain: Slight
2016-10-17 21:00:00+00:00,SAMSUN,55,12.579499,9.579499,0.0,11.019764,3.0,64.30992,1023.4241,7.17,Overcast
2016-10-18 21:00:00+00:00,SAMSUN,55,15.0295,7.5795,0.0,11.503113,3.0,75.463646,1020.076,12.01,Overcast
2016-10-19 21:00:00+00:00,SAMSUN,55,16.529501,7.3795,0.0,10.587918,3.0,82.96546,1018.9482,12.49,Overcast
2016-10-20 21:00:00+00:00,SAMSUN,55,16.6295,9.7795,0.0,14.332341,3.0,84.51896,1019.2403,13.21,Overcast
2016-10-21 21:00:00+00:00,SAMSUN,55,18.779501,10.329499,0.0,10.1887,3.0,86.02112,1016.56476,12.77,Overcast
2016-10-22 21:00:00+00:00,SAMSUN,55,18.3295,9.4795,1.2,12.413477,53.0,88.464195,1018.2312,12.05,Drizzle: Moderate
2016-10-23 21:00:00+00:00,SAMSUN,55,15.329499,12.9295,2.6000001,12.429127,53.0,89.53776,1021.7609,4.1,Drizzle: Moderate
2016-10-24 21:00:00+00:00,SAMSUN,55,13.9795,10.6795,0.3,17.31746,51.0,78.077934,1023.5428,4.66,Drizzle: Light
2016-10-25 21:00:00+00:00,SAMSUN,55,14.129499,7.2795,0.0,14.20062,2.0,70.97512,1020.07245,10.95,Partly cloudy
2016-10-26 21:00:00+00:00,SAMSUN,55,15.9295,6.2295003,0.8,9.178235,51.0,77.72526,1019.2842,9.76,Drizzle: Light
2016-10-27 21:00:00+00:00,SAMSUN,55,15.329499,10.4795,0.1,9.957108,51.0,79.87019,1024.1906,8.97,Drizzle: Light
2016-10-28 21:00:00+00:00,SAMSUN,55,13.129499,11.6795,1.2,8.12197,51.0,88.08518,1021.76874,3.18,Drizzle: Light
2016-10-29 21:00:00+00:00,SAMSUN,55,14.2795,9.879499,5.5,18.25026,53.0,87.95483,1014.5723,3.95,Drizzle: Moderate
2016-10-30 21:00:00+00:00,SAMSUN,55,12.6795,8.4795,5.2,16.055353,61.0,78.76258,1016.3051,7.95,Rain: Slight
2016-10-31 21:00:00+00:00,SAMSUN,55,11.629499,5.2795,1.2,16.870138,51.0,76.93572,1016.47363,9.32,Drizzle: Light
2016-11-01 21:00:00+00:00,SAMSUN,55,11.829499,5.2795,0.4,11.966954,51.0,72.20443,1021.0358,9.39,Drizzle: Light
2016-11-02 21:00:00+00:00,SAMSUN,55,17.629501,6.9795003,0.0,15.629971,0.0,65.72355,1017.42865,12.16,Clear sky
2016-11-03 21:00:00+00:00,SAMSUN,55,18.629501,7.4795003,0.8000001,13.363711,51.0,74.25152,1019.29443,10.56,Drizzle: Light
2016-11-04 21:00:00+00:00,SAMSUN,55,14.829499,11.579499,1.1,10.805998,51.0,89.99728,1021.3401,6.87,Drizzle: Light
2016-11-05 21:00:00+00:00,SAMSUN,55,18.9295,10.379499,0.0,10.787993,3.0,85.03989,1017.69293,11.07,Overcast
2016-11-06 21:00:00+00:00,SAMSUN,55,22.2295,11.7295,0.0,15.683774,3.0,63.11818,1014.4296,9.47,Overcast
2016-11-07 21:00:00+00:00,SAMSUN,55,23.029501,12.329499,0.0,15.408671,3.0,59.1095,1015.32416,9.99,Overcast
2016-11-08 21:00:00+00:00,SAMSUN,55,25.5795,16.2295,0.1,18.532135,51.0,55.206055,1012.73114,10.26,Drizzle: Light
2016-11-09 21:00:00+00:00,SAMSUN,55,23.879501,14.329499,1.5,15.379206,53.0,62.773205,1008.83185,9.04,Drizzle: Moderate
2016-11-10 21:00:00+00:00,SAMSUN,55,17.9795,11.629499,0.0,8.373386,3.0,89.40378,1017.19745,8.6,Overcast
2016-11-11 21:00:00+00:00,SAMSUN,55,16.9795,9.7795,0.0,10.739833,3.0,86.71302,1021.49664,10.22,Overcast
2016-11-12 21:00:00+00:00,SAMSUN,55,22.629501,11.079499,0.0,19.406637,3.0,75.075485,1013.8326,9.8,Overcast
2016-11-13 21:00:00+00:00,SAMSUN,55,13.1795,9.6795,5.1000004,13.1041975,53.0,89.419914,1021.408,3.6,Drizzle: Moderate
2016-11-14 21:00:00+00:00,SAMSUN,55,9.5295,8.2295,7.500001,11.923557,51.0,87.709404,1023.7361,1.84,Drizzle: Light
2016-11-15 21:00:00+00:00,SAMSUN,55,8.0295,6.1295,17.2,14.512064,71.0,87.79122,1019.85785,1.61,Snow fall: Slight
2016-11-16 21:00:00+00:00,SAMSUN,55,10.1795,3.7795,0.2,15.546833,51.0,75.368454,1022.2177,7.7,Drizzle: Light
2016-11-17 21:00:00+00:00,SAMSUN,55,11.879499,2.6295002,0.0,10.028439,1.0,74.41083,1027.4467,10.27,Mainly clear
2016-11-18 21:00:00+00:00,SAMSUN,55,12.7295,3.2295,0.0,10.08,1.0,80.93393,1027.6838,9.94,Mainly clear
2016-11-19 21:00:00+00:00,SAMSUN,55,13.9795,4.6295,0.0,9.028754,1.0,81.9484,1024.0524,10.0,Mainly clear
2016-11-20 21:00:00+00:00,SAMSUN,55,13.379499,3.3795002,0.0,7.4128532,1.0,82.757645,1022.8589,9.83,Mainly clear
2016-11-21 21:00:00+00:00,SAMSUN,55,12.329499,2.3295,0.0,7.5942073,1.0,82.85585,1024.8309,9.66,Mainly clear
2016-11-22 21:00:00+00:00,SAMSUN,55,12.829499,1.4795,0.0,8.699793,1.0,81.434715,1024.8059,10.0,Mainly clear
2016-11-23 21:00:00+00:00,SAMSUN,55,11.629499,1.5295,0.0,8.766573,1.0,81.76144,1024.2212,9.06,Mainly clear
2016-11-24 21:00:00+00:00,SAMSUN,55,12.2295,2.1295002,0.0,7.072878,2.0,80.36163,1020.3941,9.5,Partly cloudy
2016-11-25 21:00:00+00:00,SAMSUN,55,11.079499,2.9795,0.0,6.9527545,3.0,80.9127,1019.72406,7.5,Overcast
2016-11-26 21:00:00+00:00,SAMSUN,55,15.0295,3.5295,0.0,17.57744,0.0,69.007484,1016.2902,9.19,Clear sky
2016-11-27 21:00:00+00:00,SAMSUN,55,14.6795,8.2795,0.0,21.980644,3.0,47.984787,1009.98566,5.87,Overcast
2016-11-28 21:00:00+00:00,SAMSUN,55,16.1295,6.9295,3.0,15.273505,53.0,67.05014,1010.65765,7.02,Drizzle: Moderate
2016-11-29 21:00:00+00:00,SAMSUN,55,8.379499,4.0295,39.0,18.72346,73.0,91.67132,1015.4808,1.05,Snow fall: Moderate
2016-11-30 21:00:00+00:00,SAMSUN,55,5.0795,3.8295002,13.700001,11.113451,73.0,87.45568,1014.2546,2.79,Snow fall: Moderate
2016-12-01 21:00:00+00:00,SAMSUN,55,6.3795,3.3795002,6.0,26.89419,73.0,77.52473,1007.9553,6.21,Snow fall: Moderate
2016-12-02 21:00:00+00:00,SAMSUN,55,10.9795,1.7795,0.2,32.359974,51.0,56.846424,1014.0993,8.34,Drizzle: Light
2016-12-03 21:00:00+00:00,SAMSUN,55,9.829499,1.6795001,0.0,11.792404,3.0,79.444466,1025.841,8.31,Overcast
2016-12-04 21:00:00+00:00,SAMSUN,55,6.6795,1.7795,3.0,17.555307,73.0,83.13436,1029.9948,6.3,Snow fall: Moderate
2016-12-05 21:00:00+00:00,SAMSUN,55,9.129499,-0.3704999,0.0,15.315873,1.0,73.66154,1026.903,8.74,Mainly clear
2016-12-06 21:00:00+00:00,SAMSUN,55,7.9295,2.3295,5.9999995,15.876775,73.0,75.60781,1025.555,4.1,Snow fall: Moderate
2016-12-07 21:00:00+00:00,SAMSUN,55,3.6795,-3.3205,3.1,14.77755,73.0,79.847084,1035.0292,6.11,Snow fall: Moderate
2016-12-08 21:00:00+00:00,SAMSUN,55,7.8795,-1.7205,0.0,20.172853,3.0,64.299644,1023.2448,3.18,Overcast
2016-12-09 21:00:00+00:00,SAMSUN,55,10.829499,5.6295,1.0,16.676977,51.0,69.196495,1016.9244,3.77,Drizzle: Light
2016-12-10 21:00:00+00:00,SAMSUN,55,11.1795,4.5295,0.4,14.88242,51.0,78.20275,1015.71063,2.55,Drizzle: Light
2016-12-11 21:00:00+00:00,SAMSUN,55,15.2295,5.6295,0.0,17.287498,3.0,68.09002,1008.8018,6.56,Overcast
2016-12-12 21:00:00+00:00,SAMSUN,55,8.8295,2.3295,32.5,25.210283,75.0,88.618935,1009.2509,0.67,Snow fall: Heavy
2016-12-13 21:00:00+00:00,SAMSUN,55,2.1795,-1.0704999,6.5000005,26.124195,73.0,77.63578,1022.26495,4.63,Snow fall: Moderate
2016-12-14 21:00:00+00:00,SAMSUN,55,3.6795,-3.1704998,0.0,16.1198,3.0,70.695366,1020.96094,8.31,Overcast
2016-12-15 21:00:00+00:00,SAMSUN,55,4.9295,1.3795,2.8000002,15.778516,73.0,74.0333,1023.07446,5.36,Snow fall: Moderate
2016-12-16 21:00:00+00:00,SAMSUN,55,2.1795,-1.0205,5.2999988,13.698934,73.0,84.09846,1033.1992,5.21,Snow fall: Moderate
2016-12-17 21:00:00+00:00,SAMSUN,55,3.2795,-4.1205,0.0,10.233123,3.0,79.14304,1032.8937,7.89,Overcast
2016-12-18 21:00:00+00:00,SAMSUN,55,4.5295,-7.6205,0.0,13.089354,1.0,77.4265,1030.186,8.28,Mainly clear
2016-12-19 21:00:00+00:00,SAMSUN,55,4.0295,-0.7705,1.0,18.581022,71.0,70.77659,1024.29,4.22,Snow fall: Slight
2016-12-20 21:00:00+00:00,SAMSUN,55,3.1295002,1.4795,3.3,13.551501,73.0,82.60058,1024.8956,2.98,Snow fall: Moderate
2016-12-21 21:00:00+00:00,SAMSUN,55,4.3295,2.4795,0.5,14.113653,71.0,88.18579,1027.1207,4.56,Snow fall: Slight
2016-12-22 21:00:00+00:00,SAMSUN,55,5.8295,-0.7705,0.0,9.028754,3.0,89.03193,1024.8828,6.8,Overcast
2016-12-23 21:00:00+00:00,SAMSUN,55,7.0795,-2.4705,0.0,11.304229,3.0,89.322205,1021.72015,6.16,Overcast
2016-12-24 21:00:00+00:00,SAMSUN,55,6.4795003,3.8295002,2.6000001,7.208994,71.0,91.220245,1017.4363,2.87,Snow fall: Slight
2016-12-25 21:00:00+00:00,SAMSUN,55,6.9295,3.5795002,6.3,9.511088,71.0,88.83669,1018.83527,3.29,Snow fall: Slight
2016-12-26 21:00:00+00:00,SAMSUN,55,6.7295003,5.2295003,20.699999,14.003029,73.0,90.86737,1018.6877,1.41,Snow fall: Moderate
2016-12-27 21:00:00+00:00,SAMSUN,55,8.629499,3.3295002,3.0,9.3669195,71.0,88.95066,1017.3798,5.01,Snow fall: Slight
2016-12-28 21:00:00+00:00,SAMSUN,55,9.4795,5.4795003,10.7,17.731598,71.0,91.963264,1010.6264,3.19,Snow fall: Slight
2016-12-29 21:00:00+00:00,SAMSUN,55,9.079499,4.1295,3.3999999,11.043261,51.0,90.61848,1014.74243,2.61,Drizzle: Light
2016-12-30 21:00:00+00:00,SAMSUN,55,9.129499,3.5795002,5.0,8.854829,53.0,95.053474,1016.52203,3.07,Drizzle: Moderate
2016-12-31 21:00:00+00:00,SAMSUN,55,8.4465,3.6464999,0.0,27.0024,3.0,65.663155,1020.01373,7.27,Overcast
2017-01-01 21:00:00+00:00,SAMSUN,55,8.9465,2.2465,0.0,25.772078,0.0,52.231247,1020.11176,8.4,Clear sky
2017-01-02 21:00:00+00:00,SAMSUN,55,9.8465,3.2465,0.0,33.004364,0.0,48.631348,1017.76276,8.38,Clear sky
2017-01-03 21:00:00+00:00,SAMSUN,55,8.8465,2.9464998,0.0,32.647057,3.0,47.922344,1017.1457,8.29,Overcast
2017-01-04 21:00:00+00:00,SAMSUN,55,13.7465,6.9965,0.5,37.97104,51.0,45.72378,1010.6977,3.47,Drizzle: Light
2017-01-05 21:00:00+00:00,SAMSUN,55,16.4965,10.7465,0.3,28.496904,51.0,52.02257,1008.742,5.39,Drizzle: Light
2017-01-06 21:00:00+00:00,SAMSUN,55,16.0465,4.4965,3.2,31.450073,55.0,51.266758,1002.9905,8.33,Drizzle: Dense
2017-01-07 21:00:00+00:00,SAMSUN,55,3.7465,1.2965,29.400002,18.998316,75.0,90.05645,1010.2857,1.48,Snow fall: Heavy
2017-01-08 21:00:00+00:00,SAMSUN,55,2.8465,-2.2035,7.3,14.618837,75.0,86.307625,1013.33234,3.17,Snow fall: Heavy
2017-01-09 21:00:00+00:00,SAMSUN,55,5.5965004,-2.4535,0.0,18.35647,3.0,72.76348,1019.1731,9.32,Overcast
2017-01-10 21:00:00+00:00,SAMSUN,55,11.7465,-1.8535001,0.0,19.228851,3.0,59.565838,1018.80035,7.78,Overcast
2017-01-11 21:00:00+00:00,SAMSUN,55,11.0965,4.2965,1.1,43.857986,53.0,57.812363,1015.13275,6.72,Drizzle: Moderate
2017-01-12 21:00:00+00:00,SAMSUN,55,8.3965,1.0465,1.5,17.654688,53.0,67.6943,1018.8496,8.75,Drizzle: Moderate
2017-01-13 21:00:00+00:00,SAMSUN,55,10.7965,2.2465,0.0,31.060303,3.0,44.130215,1011.8311,7.48,Overcast
2017-01-14 21:00:00+00:00,SAMSUN,55,12.0965,5.0965004,0.0,35.965782,3.0,46.13968,1012.47705,9.19,Overcast
2017-01-15 21:00:00+00:00,SAMSUN,55,9.3465,3.6965,3.8999999,14.77755,61.0,70.06457,1017.47485,7.39,Rain: Slight
2017-01-16 21:00:00+00:00,SAMSUN,55,14.7465,6.5465,1.0,19.296135,53.0,64.31396,1017.1441,8.19,Drizzle: Moderate
2017-01-17 21:00:00+00:00,SAMSUN,55,11.7965,6.4965,1.8000001,18.584509,51.0,75.0151,1018.3559,4.4,Drizzle: Light
2017-01-18 21:00:00+00:00,SAMSUN,55,7.6965,4.3465,3.6,14.205182,51.0,92.335686,1025.4962,1.41,Drizzle: Light
2017-01-19 21:00:00+00:00,SAMSUN,55,4.6965,2.1465,1.8000002,16.299694,51.0,83.21948,1027.9912,3.11,Drizzle: Light
2017-01-20 21:00:00+00:00,SAMSUN,55,5.3964996,0.6465,0.2,9.227524,51.0,77.576324,1028.0833,6.38,Drizzle: Light
2017-01-21 21:00:00+00:00,SAMSUN,55,7.1464996,1.7465,0.0,12.496718,3.0,69.156136,1029.4148,5.35,Overcast
2017-01-22 21:00:00+00:00,SAMSUN,55,7.3465004,1.5465,0.0,13.217443,2.0,74.34427,1030.0507,9.44,Partly cloudy
2017-01-23 21:00:00+00:00,SAMSUN,55,12.0465,1.5964999,0.0,15.042659,3.0,55.433807,1019.9795,9.35,Overcast
2017-01-24 21:00:00+00:00,SAMSUN,55,6.7465,3.4965,2.6000004,13.755579,51.0,76.51278,1014.8484,2.83,Drizzle: Light
2017-01-25 21:00:00+00:00,SAMSUN,55,4.3964996,0.19649994,1.9000002,25.264202,73.0,78.340195,1018.75446,5.7,Snow fall: Moderate
2017-01-26 21:00:00+00:00,SAMSUN,55,2.8465,-0.6535001,1.9000003,21.096123,71.0,77.94135,1021.2127,8.7,Snow fall: Slight
2017-01-27 21:00:00+00:00,SAMSUN,55,1.6965,-2.8035,8.6,19.05281,75.0,80.14767,1021.5097,5.77,Snow fall: Heavy
2017-01-28 21:00:00+00:00,SAMSUN,55,3.8465,-2.2535,1.3,16.79314,73.0,77.971,1025.0953,6.03,Snow fall: Moderate
2017-01-29 21:00:00+00:00,SAMSUN,55,0.69649994,-3.0035002,12.9,14.264361,73.0,84.46577,1026.5453,4.49,Snow fall: Moderate
2017-01-30 21:00:00+00:00,SAMSUN,55,-0.0034999847,-4.1534996,7.0000005,24.458813,75.0,75.763535,1025.012,7.21,Snow fall: Heavy
2017-01-31 21:00:00+00:00,SAMSUN,55,2.0965,-5.5535,0.0,18.335276,2.0,70.13527,1028.9684,10.79,Partly cloudy
2017-02-01 21:00:00+00:00,SAMSUN,55,6.1464996,-5.0035,0.0,26.044699,0.0,54.394238,1029.0116,12.39,Clear sky
2017-02-02 21:00:00+00:00,SAMSUN,55,8.0465,0.44649994,0.0,35.188046,3.0,50.650127,1024.6581,12.32,Overcast
2017-02-03 21:00:00+00:00,SAMSUN,55,10.9465,3.9965,0.0,33.348125,3.0,54.271927,1018.6714,10.82,Overcast
2017-02-04 21:00:00+00:00,SAMSUN,55,13.5465,7.1464996,0.2,32.58348,51.0,61.37189,1014.0739,9.39,Drizzle: Light
2017-02-05 21:00:00+00:00,SAMSUN,55,16.7465,9.896501,0.0,30.05515,3.0,59.78116,1014.18585,11.27,Overcast
2017-02-06 21:00:00+00:00,SAMSUN,55,18.5465,10.396501,0.0,26.983196,3.0,61.919605,1016.00415,11.32,Overcast
2017-02-07 21:00:00+00:00,SAMSUN,55,17.096498,6.4965,0.0,23.686249,3.0,64.43848,1014.13965,10.63,Overcast
2017-02-08 21:00:00+00:00,SAMSUN,55,8.3965,4.1464996,0.2,15.725037,51.0,84.23461,1019.58966,6.06,Drizzle: Light
2017-02-09 21:00:00+00:00,SAMSUN,55,4.9965,2.6465,0.1,16.09969,51.0,77.378426,1025.1979,5.0,Drizzle: Light
2017-02-10 21:00:00+00:00,SAMSUN,55,4.7965,1.2965,0.0,15.379206,3.0,71.96133,1025.5159,6.43,Overcast
2017-02-11 21:00:00+00:00,SAMSUN,55,3.6464999,0.99649996,0.70000005,23.83624,71.0,73.92181,1027.7296,6.81,Snow fall: Slight
2017-02-12 21:00:00+00:00,SAMSUN,55,3.4965,0.99649996,0.2,23.532547,71.0,69.50435,1027.8234,7.2,Snow fall: Slight
2017-02-13 21:00:00+00:00,SAMSUN,55,3.2965,-0.15350008,1.4000001,12.55879,71.0,75.8588,1026.1774,9.77,Snow fall: Slight
2017-02-14 21:00:00+00:00,SAMSUN,55,4.4965,-0.95350003,3.6000004,22.915916,73.0,68.05659,1020.13556,6.65,Snow fall: Moderate
2017-02-15 21:00:00+00:00,SAMSUN,55,3.6464999,0.19649994,12.199999,20.150354,75.0,83.33401,1026.6245,10.65,Snow fall: Heavy
2017-02-16 21:00:00+00:00,SAMSUN,55,4.0465,-0.6535001,1.3000001,10.495713,73.0,76.5362,1028.9141,8.97,Snow fall: Moderate
2017-02-17 21:00:00+00:00,SAMSUN,55,12.8465,-0.55350006,0.0,19.201874,3.0,51.21761,1022.52563,13.79,Overcast
2017-02-18 21:00:00+00:00,SAMSUN,55,14.396501,2.4965,0.0,23.928492,2.0,49.21378,1024.942,14.44,Partly cloudy
2017-02-19 21:00:00+00:00,SAMSUN,55,16.446499,4.3964996,0.0,25.96995,3.0,45.115574,1018.7627,14.36,Overcast
2017-02-20 21:00:00+00:00,SAMSUN,55,8.6965,3.2465,0.8,14.291592,51.0,85.15209,1016.1624,10.42,Drizzle: Light
2017-02-21 21:00:00+00:00,SAMSUN,55,15.5465,3.5465,2.1,17.654688,53.0,77.29634,1012.6982,8.85,Drizzle: Moderate
2017-02-22 21:00:00+00:00,SAMSUN,55,17.2465,2.8465,0.0,31.060303,2.0,59.360916,1015.1525,15.01,Partly cloudy
2017-02-23 21:00:00+00:00,SAMSUN,55,20.0465,10.646501,0.0,30.293522,3.0,44.024673,1014.4079,15.12,Overcast
2017-02-24 21:00:00+00:00,SAMSUN,55,20.196499,9.9465,0.0,33.857227,3.0,48.092655,1015.5029,15.29,Overcast
2017-02-25 21:00:00+00:00,SAMSUN,55,10.1965,3.0465,4.1,21.382906,55.0,84.665504,1025.4152,4.94,Drizzle: Dense
2017-02-26 21:00:00+00:00,SAMSUN,55,12.646501,2.5465,0.0,10.182337,1.0,85.13692,1019.2264,15.45,Mainly clear
2017-02-27 21:00:00+00:00,SAMSUN,55,11.5965,4.4965,0.0,8.78872,1.0,86.34924,1017.09985,15.52,Mainly clear
2017-02-28 21:00:00+00:00,SAMSUN,55,22.696499,8.6965,0.0,24.951921,3.0,53.564774,1011.2662,14.09,Overcast
2017-03-01 21:00:00+00:00,SAMSUN,55,22.096498,10.146501,0.0,31.869658,3.0,51.575832,1007.9565,14.31,Overcast
2017-03-02 21:00:00+00:00,SAMSUN,55,12.396501,8.4465,0.2,12.397806,51.0,82.17048,1014.753,6.8,Drizzle: Light
2017-03-03 21:00:00+00:00,SAMSUN,55,8.8965,3.9465,8.2,20.620804,61.0,81.49317,1022.5085,4.08,Rain: Slight
2017-03-04 21:00:00+00:00,SAMSUN,55,12.646501,3.5465,0.0,15.937878,0.0,78.17347,1023.7226,16.97,Clear sky
2017-03-05 21:00:00+00:00,SAMSUN,55,19.0465,6.2965,0.0,19.61587,3.0,67.22283,1013.906,17.53,Overcast
2017-03-06 21:00:00+00:00,SAMSUN,55,17.3965,8.2465,0.0,22.159746,3.0,62.890682,1010.20215,17.05,Overcast
2017-03-07 21:00:00+00:00,SAMSUN,55,17.7965,7.1965,0.0,16.055355,3.0,73.119415,1011.60223,16.87,Overcast
2017-03-08 21:00:00+00:00,SAMSUN,55,20.946499,9.146501,0.0,23.950148,3.0,62.098694,1012.22394,17.46,Overcast
2017-03-09 21:00:00+00:00,SAMSUN,55,20.696499,13.4465,0.3,18.359999,51.0,58.846226,1006.0454,14.77,Drizzle: Light
2017-03-10 21:00:00+00:00,SAMSUN,55,17.5465,11.3465,0.5,19.35314,51.0,70.46336,1002.2563,7.05,Drizzle: Light
2017-03-11 21:00:00+00:00,SAMSUN,55,14.5465,7.5965004,1.2,9.686609,53.0,87.49988,1005.82794,13.83,Drizzle: Moderate
2017-03-12 21:00:00+00:00,SAMSUN,55,16.6465,8.4965,0.90000004,17.373497,51.0,75.863174,1007.5984,12.59,Drizzle: Light
2017-03-13 21:00:00+00:00,SAMSUN,55,8.3965,6.4465,7.5000005,13.009903,53.0,89.27667,1013.67645,5.57,Drizzle: Moderate
2017-03-14 21:00:00+00:00,SAMSUN,55,9.9965,6.0465,14.999999,12.371645,61.0,86.4443,1014.6772,7.7,Rain: Slight
2017-03-15 21:00:00+00:00,SAMSUN,55,10.0965,6.6464996,4.799999,16.135872,55.0,81.782524,1015.17554,10.3,Drizzle: Dense
2017-03-16 21:00:00+00:00,SAMSUN,55,8.9465,3.9965,3.6999998,14.618837,53.0,88.243385,1011.1901,12.29,Drizzle: Moderate
2017-03-17 21:00:00+00:00,SAMSUN,55,9.0465,3.1464999,4.1,19.107151,53.0,86.36865,1013.2552,9.61,Drizzle: Moderate
2017-03-18 21:00:00+00:00,SAMSUN,55,17.7965,3.5465,0.1,37.72965,51.0,53.980114,1006.08594,17.59,Drizzle: Light
2017-03-19 21:00:00+00:00,SAMSUN,55,10.6965,5.1965,2.9999995,22.26768,53.0,71.13152,1009.8638,16.74,Drizzle: Moderate
2017-03-20 21:00:00+00:00,SAMSUN,55,11.4465,4.6464996,0.1,11.609651,51.0,66.36407,1014.3732,15.35,Drizzle: Light
2017-03-21 21:00:00+00:00,SAMSUN,55,10.6965,3.1464999,0.70000005,14.77755,51.0,73.57444,1017.7532,17.36,Drizzle: Light
2017-03-22 21:00:00+00:00,SAMSUN,55,9.6965,2.4464998,0.0,9.585739,2.0,71.583626,1020.97687,20.48,Partly cloudy
2017-03-23 21:00:00+00:00,SAMSUN,55,12.8465,4.9965,0.0,10.948973,1.0,73.153244,1022.0871,19.92,Mainly clear
2017-03-24 21:00:00+00:00,SAMSUN,55,13.396501,5.2465,0.2,10.948973,51.0,72.8108,1017.22314,20.37,Drizzle: Light
2017-03-25 21:00:00+00:00,SAMSUN,55,11.5465,4.5965,0.7,9.0,53.0,79.79305,1012.67896,19.26,Drizzle: Moderate
2017-03-26 21:00:00+00:00,SAMSUN,55,9.0965,4.1965,11.3,16.965895,61.0,85.548706,1015.28546,4.35,Rain: Slight
2017-03-27 21:00:00+00:00,SAMSUN,55,11.8465,3.5465,0.0,12.7279215,3.0,75.63495,1020.3824,19.14,Overcast
2017-03-28 21:00:00+00:00,SAMSUN,55,14.7465,5.2965,0.0,16.595179,0.0,68.40226,1019.80695,21.43,Clear sky
2017-03-29 21:00:00+00:00,SAMSUN,55,18.5465,7.2465,0.0,21.437386,3.0,70.67957,1015.2253,21.37,Overcast
2017-03-30 21:00:00+00:00,SAMSUN,55,11.8465,5.9465,0.0,16.575644,3.0,77.61574,1020.30145,16.96,Overcast
2017-03-31 21:00:00+00:00,SAMSUN,55,11.4465,4.2465,0.0,14.336861,3.0,81.53716,1020.45605,20.67,Overcast
2017-04-01 21:00:00+00:00,SAMSUN,55,10.9965,2.8965,0.0,9.0,0.0,81.61798,1021.92645,22.27,Clear sky
2017-04-02 21:00:00+00:00,SAMSUN,55,13.0465,3.9465,0.0,12.10157,0.0,80.212074,1021.38403,22.63,Clear sky
2017-04-03 21:00:00+00:00,SAMSUN,55,17.8965,5.0965004,0.0,16.870138,3.0,66.298904,1019.9729,22.76,Overcast
2017-04-04 21:00:00+00:00,SAMSUN,55,15.646501,6.9965,0.0,14.05845,3.0,76.59528,1015.2727,19.04,Overcast
2017-04-05 21:00:00+00:00,SAMSUN,55,13.396501,8.7965,1.1,8.209263,53.0,79.54461,1009.1238,15.29,Drizzle: Moderate
2017-04-06 21:00:00+00:00,SAMSUN,55,14.9465,9.146501,5.6,12.43434,61.0,89.720665,1009.02124,11.33,Rain: Slight
2017-04-07 21:00:00+00:00,SAMSUN,55,9.9965,5.6965,6.8,23.47741,61.0,89.16904,1011.196,5.98,Rain: Slight
2017-04-08 21:00:00+00:00,SAMSUN,55,12.146501,4.9965,3.0,14.76439,55.0,72.16402,1018.0871,17.05,Drizzle: Dense
2017-04-09 21:00:00+00:00,SAMSUN,55,11.646501,5.7465,1.2000002,15.4800005,51.0,79.18266,1020.95874,17.62,Drizzle: Light
2017-04-10 21:00:00+00:00,SAMSUN,55,12.5465,4.3964996,0.0,18.899143,2.0,79.508415,1019.99054,21.48,Partly cloudy
2017-04-11 21:00:00+00:00,SAMSUN,55,16.3465,7.2965,0.0,16.08761,3.0,68.40694,1014.4673,17.58,Overcast
2017-04-12 21:00:00+00:00,SAMSUN,55,13.8465,8.2465,15.1,15.408671,63.0,80.45827,1009.3033,9.28,Rain: Moderate
2017-04-13 21:00:00+00:00,SAMSUN,55,13.896501,8.6465,0.70000005,8.942214,51.0,90.39715,1008.84564,12.75,Drizzle: Light
2017-04-14 21:00:00+00:00,SAMSUN,55,14.646501,8.5965,0.0,13.004922,2.0,75.22934,1015.2719,20.15,Partly cloudy
2017-04-15 21:00:00+00:00,SAMSUN,55,17.096498,8.3965,0.0,12.768586,2.0,81.20823,1013.2554,22.46,Partly cloudy
2017-04-16 21:00:00+00:00,SAMSUN,55,23.7965,12.896501,3.3999999,21.94524,63.0,65.29631,1008.0328,21.05,Rain: Moderate
2017-04-17 21:00:00+00:00,SAMSUN,55,23.9965,9.9465,4.6000004,21.470612,53.0,69.39683,1007.3658,15.16,Drizzle: Moderate
2017-04-18 21:00:00+00:00,SAMSUN,55,11.0965,9.0465,0.4,16.418526,51.0,87.46811,1017.97345,11.06,Drizzle: Light
2017-04-19 21:00:00+00:00,SAMSUN,55,21.7465,6.2965,0.0,16.563911,3.0,81.26629,1011.2009,22.51,Overcast
2017-04-20 21:00:00+00:00,SAMSUN,55,16.4965,8.0465,13.299999,26.089443,61.0,81.453575,1013.79175,4.54,Rain: Slight
2017-04-21 21:00:00+00:00,SAMSUN,55,10.2465,6.4965,6.099999,22.3229,61.0,83.4215,1018.99805,7.77,Rain: Slight
2017-04-22 21:00:00+00:00,SAMSUN,55,10.2965,5.0965004,8.599999,22.97522,61.0,90.886375,1006.981,6.57,Rain: Slight
2017-04-23 21:00:00+00:00,SAMSUN,55,14.396501,7.0965004,7.6,22.148046,61.0,72.1792,1018.4463,11.69,Rain: Slight
2017-04-24 21:00:00+00:00,SAMSUN,55,11.9465,4.1965,0.1,18.837322,51.0,76.92968,1026.4711,24.77,Drizzle: Light
2017-04-25 21:00:00+00:00,SAMSUN,55,13.0465,3.4465,0.0,12.57426,0.0,82.35889,1022.52295,26.5,Clear sky
2017-04-26 21:00:00+00:00,SAMSUN,55,14.896501,5.3964996,0.0,6.8777895,0.0,71.7813,1017.9755,26.56,Clear sky
2017-04-27 21:00:00+00:00,SAMSUN,55,16.9965,6.6965,0.0,7.127636,0.0,71.45794,1015.2286,26.25,Clear sky
2017-04-28 21:00:00+00:00,SAMSUN,55,19.3965,8.9465,0.0,7.928177,0.0,72.28953,1012.73706,25.87,Clear sky
2017-04-29 21:00:00+00:00,SAMSUN,55,19.8965,9.5965,0.0,10.739832,1.0,74.96719,1010.4976,25.53,Mainly clear
2017-04-30 21:00:00+00:00,SAMSUN,55,18.696499,10.8465,0.0,6.638072,3.0,61.36662,1010.39966,25.83,Overcast
2017-05-01 21:00:00+00:00,SAMSUN,55,20.3965,11.2465,0.0,8.049845,3.0,72.49652,1012.0633,23.06,Overcast
2017-05-02 21:00:00+00:00,SAMSUN,55,19.3965,13.7465,4.8,18.584509,55.0,74.64028,1011.69147,11.67,Drizzle: Dense
2017-05-03 21:00:00+00:00,SAMSUN,55,20.5465,13.5465,0.0,9.693296,3.0,86.37905,1012.9821,22.83,Overcast
2017-05-04 21:00:00+00:00,SAMSUN,55,18.7465,11.896501,0.0,7.145796,3.0,88.238655,1013.56714,25.61,Overcast
2017-05-05 21:00:00+00:00,SAMSUN,55,17.5465,10.896501,1.1,10.1887,53.0,89.78614,1009.33905,23.09,Drizzle: Moderate
2017-05-06 21:00:00+00:00,SAMSUN,55,16.0465,12.5465,10.600002,11.988594,61.0,92.09378,1008.39966,8.23,Rain: Slight
2017-05-07 21:00:00+00:00,SAMSUN,55,22.9965,11.0465,0.2,13.37825,51.0,78.57322,1004.21014,21.86,Drizzle: Light
2017-05-08 21:00:00+00:00,SAMSUN,55,21.9965,14.2465,0.8,14.77755,51.0,77.47354,1004.8829,21.08,Drizzle: Light
2017-05-09 21:00:00+00:00,SAMSUN,55,21.0465,12.8465,4.1,21.897945,55.0,78.15333,1006.11566,12.47,Drizzle: Dense
2017-05-10 21:00:00+00:00,SAMSUN,55,15.1965,12.0465,0.0,10.703569,3.0,77.120346,1016.90826,16.52,Overcast
2017-05-11 21:00:00+00:00,SAMSUN,55,18.7965,9.5465,0.0,14.578888,3.0,82.86391,1016.81683,26.94,Overcast
2017-05-12 21:00:00+00:00,SAMSUN,55,26.3965,14.146501,0.2,14.277983,51.0,73.30449,1009.7752,25.9,Drizzle: Light
2017-05-13 21:00:00+00:00,SAMSUN,55,23.8965,16.196499,7.299999,15.072783,63.0,77.041016,1008.5097,20.0,Rain: Moderate
2017-05-14 21:00:00+00:00,SAMSUN,55,18.596498,14.1965,5.4999995,20.87379,55.0,88.17862,1014.24066,10.65,Drizzle: Dense
2017-05-15 21:00:00+00:00,SAMSUN,55,17.8965,12.5465,3.2999997,18.899143,53.0,83.72027,1018.22784,15.7,Drizzle: Moderate
2017-05-16 21:00:00+00:00,SAMSUN,55,17.846498,11.9965,0.0,12.475961,3.0,81.98591,1017.0568,20.18,Overcast
2017-05-17 21:00:00+00:00,SAMSUN,55,15.5965,11.0965,0.3,8.435069,51.0,89.94979,1014.36176,14.31,Drizzle: Light
2017-05-18 21:00:00+00:00,SAMSUN,55,14.646501,13.146501,11.800002,16.79314,61.0,87.531685,1011.59674,6.28,Rain: Slight
2017-05-19 21:00:00+00:00,SAMSUN,55,16.3965,10.6965,3.1,10.691453,53.0,75.648476,1010.5253,17.57,Drizzle: Moderate
2017-05-20 21:00:00+00:00,SAMSUN,55,19.9965,10.1965,3.6,20.371038,55.0,72.67885,1007.02246,20.34,Drizzle: Dense
2017-05-21 21:00:00+00:00,SAMSUN,55,14.9965,11.5465,4.999999,11.525623,55.0,88.411415,1008.347,13.67,Drizzle: Dense
2017-05-22 21:00:00+00:00,SAMSUN,55,15.6965,11.646501,8.1,18.39878,55.0,81.999306,1012.4583,16.36,Drizzle: Dense
2017-05-23 21:00:00+00:00,SAMSUN,55,16.696499,10.2465,0.5,11.246759,51.0,81.81562,1016.2442,19.32,Drizzle: Light
2017-05-24 21:00:00+00:00,SAMSUN,55,17.446499,10.4965,0.0,14.4,2.0,88.38148,1014.4397,26.33,Partly cloudy
2017-05-25 21:00:00+00:00,SAMSUN,55,17.9965,11.646501,0.0,10.630672,3.0,91.978096,1011.45685,17.71,Overcast
2017-05-26 21:00:00+00:00,SAMSUN,55,17.3965,14.3465,0.0,9.826088,3.0,86.08814,1010.60114,16.78,Overcast
2017-05-27 21:00:00+00:00,SAMSUN,55,18.2965,13.5465,0.1,9.178235,51.0,80.70711,1014.2956,22.98,Drizzle: Light
2017-05-28 21:00:00+00:00,SAMSUN,55,19.346498,12.9965,0.0,10.883676,1.0,79.63706,1014.95557,26.24,Mainly clear
2017-05-29 21:00:00+00:00,SAMSUN,55,20.2965,12.7465,0.0,8.14587,2.0,78.3442,1011.6591,24.67,Partly cloudy
2017-05-30 21:00:00+00:00,SAMSUN,55,19.7465,14.5965,5.0999994,9.422101,61.0,84.53492,1014.51996,16.73,Rain: Slight
2017-05-31 21:00:00+00:00,SAMSUN,55,23.0465,14.9465,0.0,15.281989,3.0,71.72416,1013.158,23.41,Overcast
2017-06-01 21:00:00+00:00,SAMSUN,55,24.096498,17.346498,1.4000001,14.77755,53.0,83.02195,1013.8115,23.63,Drizzle: Moderate
2017-06-02 21:00:00+00:00,SAMSUN,55,21.9965,16.7465,0.0,10.195057,3.0,87.40443,1014.21857,21.64,Overcast
2017-06-03 21:00:00+00:00,SAMSUN,55,21.096498,15.896501,0.0,13.896187,3.0,89.50916,1014.32153,23.04,Overcast
2017-06-04 21:00:00+00:00,SAMSUN,55,21.446499,15.8465,0.0,8.78872,3.0,83.74485,1012.3768,26.22,Overcast
2017-06-05 21:00:00+00:00,SAMSUN,55,22.5465,16.7965,0.6,9.19939,51.0,78.438286,1009.7443,21.14,Drizzle: Light
2017-06-06 21:00:00+00:00,SAMSUN,55,23.2965,16.8465,2.0,10.195057,61.0,78.95809,1012.31177,22.72,Rain: Slight
2017-06-07 21:00:00+00:00,SAMSUN,55,24.696499,16.8465,0.0,11.792404,3.0,81.59753,1010.9241,27.12,Overcast
2017-06-08 21:00:00+00:00,SAMSUN,55,22.846498,18.846498,1.1,14.77755,51.0,85.255585,1007.9336,20.62,Drizzle: Light
2017-06-09 21:00:00+00:00,SAMSUN,55,20.7965,17.846498,11.000001,17.429354,61.0,86.94119,1009.89307,8.8,Rain: Slight
2017-06-10 21:00:00+00:00,SAMSUN,55,22.8965,17.0465,0.5,14.154915,51.0,79.25441,1011.09015,18.32,Drizzle: Light
2017-06-11 21:00:00+00:00,SAMSUN,55,21.7965,16.196499,0.6,13.004921,51.0,76.7293,1012.363,19.72,Drizzle: Light
2017-06-12 21:00:00+00:00,SAMSUN,55,22.096498,15.0965,0.0,14.986553,1.0,82.422554,1010.56,26.11,Mainly clear
2017-06-13 21:00:00+00:00,SAMSUN,55,21.7965,14.7965,0.2,10.538843,51.0,83.455345,1007.1978,23.8,Drizzle: Light
2017-06-14 21:00:00+00:00,SAMSUN,55,23.0465,17.2965,2.3000002,13.276144,55.0,70.91813,1012.20734,19.65,Drizzle: Dense
2017-06-15 21:00:00+00:00,SAMSUN,55,21.0465,15.5965,3.6,11.841756,63.0,71.71195,1015.2896,19.7,Rain: Moderate
2017-06-16 21:00:00+00:00,SAMSUN,55,22.946499,13.5465,0.0,19.523155,2.0,68.63296,1010.1141,28.76,Partly cloudy
2017-06-17 21:00:00+00:00,SAMSUN,55,21.196499,15.9965,1.3000001,10.315115,53.0,78.737686,1006.63666,15.02,Drizzle: Moderate
2017-06-18 21:00:00+00:00,SAMSUN,55,19.446499,16.0465,11.799999,9.885262,61.0,86.75116,1007.64703,10.65,Rain: Slight
2017-06-19 21:00:00+00:00,SAMSUN,55,21.946499,17.2465,6.4,20.291357,61.0,78.60392,1007.5305,12.75,Rain: Slight
2017-06-20 21:00:00+00:00,SAMSUN,55,22.8965,18.7465,6.2000003,13.896187,61.0,77.190094,1009.31445,15.54,Rain: Slight
2017-06-21 21:00:00+00:00,SAMSUN,55,25.2965,18.0465,0.70000005,12.904882,51.0,76.82705,1011.64435,24.76,Drizzle: Light
2017-06-22 21:00:00+00:00,SAMSUN,55,24.346498,18.8965,1.0,14.529915,53.0,78.15197,1013.71075,24.03,Drizzle: Moderate
2017-06-23 21:00:00+00:00,SAMSUN,55,29.0465,19.0465,0.0,20.88,2.0,72.91589,1009.9658,27.62,Partly cloudy
2017-06-24 21:00:00+00:00,SAMSUN,55,23.846498,19.096498,3.0,10.483357,55.0,84.432396,1014.035,16.88,Drizzle: Dense
2017-06-25 21:00:00+00:00,SAMSUN,55,23.446499,17.5465,0.0,10.636766,2.0,85.77503,1011.57513,25.63,Partly cloudy
2017-06-26 21:00:00+00:00,SAMSUN,55,24.5465,17.2465,0.0,7.9932966,3.0,86.23199,1009.1926,26.43,Overcast
2017-06-27 21:00:00+00:00,SAMSUN,55,25.596498,18.9965,0.0,7.289444,2.0,81.23306,1009.63934,27.03,Partly cloudy
2017-06-28 21:00:00+00:00,SAMSUN,55,25.846498,18.696499,0.0,8.435069,0.0,80.07237,1010.0152,27.21,Clear sky
2017-06-29 21:00:00+00:00,SAMSUN,55,27.1465,19.696499,0.0,9.693296,0.0,74.437355,1010.58563,28.09,Clear sky
2017-06-30 21:00:00+00:00,SAMSUN,55,27.2465,20.0465,0.0,10.315115,0.0,75.15299,1011.21625,28.15,Clear sky
2017-07-01 21:00:00+00:00,SAMSUN,55,26.946499,19.2465,0.0,13.089354,2.0,79.4103,1006.53156,27.86,Partly cloudy
2017-07-02 21:00:00+00:00,SAMSUN,55,27.6465,20.596498,0.0,9.565437,1.0,86.25234,1001.80634,27.52,Mainly clear
2017-07-03 21:00:00+00:00,SAMSUN,55,29.2465,22.596498,0.4,24.675106,51.0,81.29873,1003.2719,19.93,Drizzle: Light
2017-07-04 21:00:00+00:00,SAMSUN,55,24.5465,19.7965,0.5,19.09358,53.0,72.673874,1014.69135,16.54,Drizzle: Moderate
2017-07-05 21:00:00+00:00,SAMSUN,55,24.6465,19.096498,0.2,10.308831,51.0,66.57462,1014.1733,18.06,Drizzle: Light
2017-07-06 21:00:00+00:00,SAMSUN,55,25.696499,18.7465,0.8,22.007162,51.0,68.61739,1012.4605,25.33,Drizzle: Light
2017-07-07 21:00:00+00:00,SAMSUN,55,23.2465,18.446499,0.0,9.826088,1.0,71.92993,1013.0743,22.47,Mainly clear
2017-07-08 21:00:00+00:00,SAMSUN,55,24.4965,16.446499,0.0,16.516901,0.0,70.996086,1012.87006,28.0,Clear sky
2017-07-09 21:00:00+00:00,SAMSUN,55,24.8965,16.6465,0.0,11.885453,0.0,68.63278,1014.7343,27.96,Clear sky
2017-07-10 21:00:00+00:00,SAMSUN,55,24.8965,17.696499,0.0,14.336861,2.0,77.50065,1015.7375,26.21,Partly cloudy
2017-07-11 21:00:00+00:00,SAMSUN,55,25.7465,16.696499,0.0,9.931042,0.0,71.82817,1011.76605,29.48,Clear sky
2017-07-12 21:00:00+00:00,SAMSUN,55,26.7965,17.7965,0.0,10.948973,0.0,62.734486,1006.84735,29.23,Clear sky
2017-07-13 21:00:00+00:00,SAMSUN,55,27.2965,19.946499,0.0,13.004922,1.0,68.370514,1006.90405,27.23,Mainly clear
2017-07-14 21:00:00+00:00,SAMSUN,55,25.2465,20.346498,0.1,11.113451,51.0,78.331116,1008.48444,22.24,Drizzle: Light
2017-07-15 21:00:00+00:00,SAMSUN,55,24.7965,21.2465,5.5,13.830749,55.0,87.05071,1009.77203,13.87,Drizzle: Dense
2017-07-16 21:00:00+00:00,SAMSUN,55,26.596498,21.346498,0.0,10.041354,2.0,82.94578,1009.17926,24.93,Partly cloudy
2017-07-17 21:00:00+00:00,SAMSUN,55,27.596498,20.596498,0.1,11.440978,51.0,81.76393,1008.3593,26.21,Drizzle: Light
2017-07-18 21:00:00+00:00,SAMSUN,55,28.3965,22.346498,0.3,31.869658,51.0,74.59702,1008.2522,22.1,Drizzle: Light
2017-07-19 21:00:00+00:00,SAMSUN,55,25.9965,21.696499,0.0,20.948164,3.0,73.46209,1009.9539,17.22,Overcast
2017-07-20 21:00:00+00:00,SAMSUN,55,25.0465,19.2465,0.1,13.392774,51.0,78.78333,1010.4017,20.84,Drizzle: Light
2017-07-21 21:00:00+00:00,SAMSUN,55,26.8965,19.446499,0.0,13.324863,3.0,80.654594,1011.0303,21.96,Overcast
2017-07-22 21:00:00+00:00,SAMSUN,55,28.2465,21.446499,0.1,22.027763,51.0,73.491516,1011.6457,23.34,Drizzle: Light
2017-07-23 21:00:00+00:00,SAMSUN,55,26.9965,20.596498,0.0,10.464797,0.0,73.46634,1008.8891,25.95,Clear sky
2017-07-24 21:00:00+00:00,SAMSUN,55,28.446499,21.696499,0.0,13.551501,0.0,65.8004,1005.0125,25.75,Clear sky
2017-07-25 21:00:00+00:00,SAMSUN,55,30.2465,21.9965,0.0,15.575981,2.0,69.231834,1002.5305,26.12,Partly cloudy
2017-07-26 21:00:00+00:00,SAMSUN,55,31.1465,21.696499,0.0,11.298495,2.0,71.07823,1000.217,25.95,Partly cloudy
2017-07-27 21:00:00+00:00,SAMSUN,55,29.2465,22.8965,0.0,24.798225,3.0,67.75845,1002.644,23.81,Overcast
2017-07-28 21:00:00+00:00,SAMSUN,55,27.8965,21.946499,0.4,17.238699,51.0,67.39334,1011.8039,26.14,Drizzle: Light
2017-07-29 21:00:00+00:00,SAMSUN,55,25.9965,20.9965,0.1,11.988594,51.0,71.356834,1015.2127,24.25,Drizzle: Light
2017-07-30 21:00:00+00:00,SAMSUN,55,25.0465,19.346498,0.7,13.044722,51.0,76.938225,1015.5373,18.97,Drizzle: Light
2017-07-31 21:00:00+00:00,SAMSUN,55,26.7965,20.3965,0.0,13.493999,1.0,74.43204,1015.362,25.55,Mainly clear
2017-08-01 21:00:00+00:00,SAMSUN,55,29.0465,21.1465,0.0,17.25373,0.0,72.48633,1011.35297,25.65,Clear sky
2017-08-02 21:00:00+00:00,SAMSUN,55,30.346498,22.346498,0.0,19.164719,2.0,71.0385,1007.7713,26.15,Partly cloudy
2017-08-03 21:00:00+00:00,SAMSUN,55,30.2465,23.9965,0.0,17.673029,1.0,74.241165,1005.0207,24.38,Mainly clear
2017-08-04 21:00:00+00:00,SAMSUN,55,30.8965,23.5465,0.0,20.163212,3.0,72.63969,1005.11743,21.47,Overcast
2017-08-05 21:00:00+00:00,SAMSUN,55,28.0465,22.946499,0.0,11.212135,3.0,79.07082,1006.1639,22.64,Overcast
2017-08-06 21:00:00+00:00,SAMSUN,55,29.4965,22.7965,0.0,11.119281,1.0,79.680916,1006.3947,25.47,Mainly clear
2017-08-07 21:00:00+00:00,SAMSUN,55,28.9965,22.946499,0.0,14.336861,3.0,82.89449,1010.50226,23.41,Overcast
2017-08-08 21:00:00+00:00,SAMSUN,55,29.596498,22.946499,0.0,9.9571085,0.0,77.13775,1013.16754,25.61,Clear sky
2017-08-09 21:00:00+00:00,SAMSUN,55,30.2465,23.4965,0.0,18.0,1.0,80.93578,1011.0923,24.75,Mainly clear
2017-08-10 21:00:00+00:00,SAMSUN,55,29.7465,22.7465,0.0,13.397612,3.0,71.35071,1007.1586,21.77,Overcast
2017-08-11 21:00:00+00:00,SAMSUN,55,29.196499,24.1465,0.4,14.529915,51.0,77.14005,1005.6741,14.63,Drizzle: Light
2017-08-12 21:00:00+00:00,SAMSUN,55,29.696499,22.5465,0.0,13.0447235,1.0,71.38746,1003.1511,23.36,Mainly clear
2017-08-13 21:00:00+00:00,SAMSUN,55,27.946499,23.4965,0.5,13.849476,51.0,81.37579,1007.02875,13.62,Drizzle: Light
2017-08-14 21:00:00+00:00,SAMSUN,55,27.2465,23.7965,0.6,14.934577,51.0,78.01212,1010.1812,13.82,Drizzle: Light
2017-08-15 21:00:00+00:00,SAMSUN,55,27.346498,22.096498,0.0,11.457958,3.0,76.470085,1007.8808,13.74,Overcast
2017-08-16 21:00:00+00:00,SAMSUN,55,28.946499,23.2465,0.0,12.475961,3.0,76.16677,1006.6995,16.58,Overcast
2017-08-17 21:00:00+00:00,SAMSUN,55,29.096498,21.8965,0.6,14.658676,51.0,75.38864,1008.8781,20.8,Drizzle: Light
2017-08-18 21:00:00+00:00,SAMSUN,55,28.096498,22.446499,0.1,12.964998,51.0,78.73765,1010.50385,17.35,Drizzle: Light
2017-08-19 21:00:00+00:00,SAMSUN,55,28.346498,22.346498,0.0,11.298495,2.0,77.60183,1009.9299,18.45,Partly cloudy
2017-08-20 21:00:00+00:00,SAMSUN,55,27.9965,22.596498,0.5,15.782622,51.0,82.20981,1005.4429,16.46,Drizzle: Light
2017-08-21 21:00:00+00:00,SAMSUN,55,27.0465,23.0465,2.0,17.373497,51.0,79.28125,1006.9036,14.59,Drizzle: Light
2017-08-22 21:00:00+00:00,SAMSUN,55,26.3965,21.2465,4.5,23.023117,61.0,70.28494,1011.8752,14.42,Rain: Slight
2017-08-23 21:00:00+00:00,SAMSUN,55,24.9965,21.1465,0.3,12.904882,51.0,62.3421,1015.9904,7.98,Drizzle: Light
2017-08-24 21:00:00+00:00,SAMSUN,55,25.196499,20.8965,0.5,16.09969,51.0,62.96817,1018.32324,8.32,Drizzle: Light
2017-08-25 21:00:00+00:00,SAMSUN,55,26.7965,20.2465,0.1,16.919998,51.0,58.671345,1016.2334,18.06,Drizzle: Light
2017-08-26 21:00:00+00:00,SAMSUN,55,28.096498,21.446499,1.7,18.289274,53.0,71.34989,1010.8989,17.52,Drizzle: Moderate
2017-08-27 21:00:00+00:00,SAMSUN,55,29.346498,21.4965,0.0,22.206486,3.0,68.49056,1006.7422,17.74,Overcast
2017-08-28 21:00:00+00:00,SAMSUN,55,28.596498,22.3965,1.2,18.175545,53.0,61.61415,1007.96875,19.07,Drizzle: Moderate
2017-08-29 21:00:00+00:00,SAMSUN,55,23.596498,20.446499,0.9000001,24.72495,51.0,77.56307,1011.3711,9.71,Drizzle: Light
2017-08-30 21:00:00+00:00,SAMSUN,55,21.5465,17.8965,2.9,22.26768,55.0,70.61121,1014.4881,8.01,Drizzle: Dense
2017-08-31 21:00:00+00:00,SAMSUN,55,23.446499,14.7965,0.0,12.738099,1.0,65.147766,1013.9189,22.89,Mainly clear
2017-09-01 21:00:00+00:00,SAMSUN,55,24.6465,16.196499,0.0,16.746773,0.0,69.83139,1012.5756,22.8,Clear sky
2017-09-02 21:00:00+00:00,SAMSUN,55,27.0465,17.0465,0.0,17.654688,0.0,72.961464,1010.1548,22.92,Clear sky
2017-09-03 21:00:00+00:00,SAMSUN,55,32.1465,17.696499,0.0,12.682018,0.0,63.652378,1007.7768,22.69,Clear sky
2017-09-04 21:00:00+00:00,SAMSUN,55,26.6465,20.7965,0.0,19.734436,3.0,70.31437,1012.02905,17.45,Overcast
2017-09-05 21:00:00+00:00,SAMSUN,55,21.8965,18.2465,2.4,22.148046,53.0,70.90714,1008.7482,7.25,Drizzle: Moderate
2017-09-06 21:00:00+00:00,SAMSUN,55,25.0465,17.446499,0.0,19.681828,3.0,58.846844,1015.02124,21.19,Overcast
2017-09-07 21:00:00+00:00,SAMSUN,55,27.2965,17.4965,0.0,17.76081,3.0,55.6683,1013.8623,21.25,Overcast
2017-09-08 21:00:00+00:00,SAMSUN,55,25.4965,18.2465,0.0,13.0447235,2.0,72.87222,1012.9434,20.99,Partly cloudy
2017-09-09 21:00:00+00:00,SAMSUN,55,28.0465,18.096498,0.0,9.290511,0.0,62.042377,1011.228,21.25,Clear sky
2017-09-10 21:00:00+00:00,SAMSUN,55,30.0465,21.196499,0.0,10.691453,0.0,59.178936,1010.52856,20.93,Clear sky
2017-09-11 21:00:00+00:00,SAMSUN,55,35.696503,22.7965,0.0,21.892027,0.0,40.50845,1007.3723,21.27,Clear sky
2017-09-12 21:00:00+00:00,SAMSUN,55,30.696499,21.8965,0.0,16.563911,0.0,52.599247,1011.3526,20.76,Clear sky
2017-09-13 21:00:00+00:00,SAMSUN,55,27.7465,20.5465,0.0,11.609651,1.0,67.72126,1014.1294,20.46,Mainly clear
2017-09-14 21:00:00+00:00,SAMSUN,55,26.446499,19.0465,0.0,10.383987,1.0,76.00396,1010.342,20.18,Mainly clear
2017-09-15 21:00:00+00:00,SAMSUN,55,26.4965,19.2465,0.0,9.19939,1.0,78.380806,1013.1428,19.92,Mainly clear
2017-09-16 21:00:00+00:00,SAMSUN,55,27.1465,19.596498,0.0,10.1887,1.0,78.78354,1012.06494,19.85,Mainly clear
2017-09-17 21:00:00+00:00,SAMSUN,55,27.1465,18.846498,0.0,8.942214,3.0,72.74457,1009.9841,19.65,Overcast
2017-09-18 21:00:00+00:00,SAMSUN,55,27.6465,21.7465,0.4,13.684735,51.0,84.764725,1009.5639,15.12,Drizzle: Light
2017-09-19 21:00:00+00:00,SAMSUN,55,27.4965,20.3965,0.0,8.913181,2.0,81.63506,1008.5114,18.4,Partly cloudy
2017-09-20 21:00:00+00:00,SAMSUN,55,32.2965,20.946499,0.0,11.808878,2.0,56.621853,1005.9223,18.99,Partly cloudy
2017-09-21 21:00:00+00:00,SAMSUN,55,27.696499,19.846498,0.2,28.512817,51.0,70.81191,1008.6319,14.94,Drizzle: Light
2017-09-22 21:00:00+00:00,SAMSUN,55,23.3965,19.196499,2.4999995,24.162947,53.0,73.98359,1015.1049,8.2,Drizzle: Moderate
2017-09-23 21:00:00+00:00,SAMSUN,55,22.1465,18.4965,0.2,10.028439,51.0,71.405975,1018.8505,7.44,Drizzle: Light
2017-09-24 21:00:00+00:00,SAMSUN,55,24.0465,17.9965,0.3,9.085988,51.0,75.88894,1016.9294,10.51,Drizzle: Light
2017-09-25 21:00:00+00:00,SAMSUN,55,23.2965,18.346498,0.1,9.028754,51.0,84.56845,1012.9302,7.15,Drizzle: Light
2017-09-26 21:00:00+00:00,SAMSUN,55,24.5465,18.6465,0.3,20.833395,51.0,75.35765,1014.71747,10.12,Drizzle: Light
2017-09-27 21:00:00+00:00,SAMSUN,55,21.196499,16.6465,0.0,22.366402,3.0,62.385586,1018.96295,12.62,Overcast
2017-09-28 21:00:00+00:00,SAMSUN,55,21.3965,14.6965,0.0,13.276144,3.0,61.772934,1018.3558,13.99,Overcast
2017-09-29 21:00:00+00:00,SAMSUN,55,21.7965,13.5965,0.0,13.246826,2.0,70.01307,1014.45636,16.78,Partly cloudy
2017-09-30 21:00:00+00:00,SAMSUN,55,20.6465,16.7465,2.0,15.893093,51.0,78.21394,1014.95807,6.26,Drizzle: Light
2017-10-01 21:00:00+00:00,SAMSUN,55,17.596498,13.9965,3.4,21.915691,53.0,69.6976,1019.05035,7.88,Drizzle: Moderate
2017-10-02 21:00:00+00:00,SAMSUN,55,16.946499,11.2465,0.1,19.022177,51.0,57.758213,1022.2255,9.14,Drizzle: Light
2017-10-03 21:00:00+00:00,SAMSUN,55,19.2965,10.2465,0.0,18.440998,1.0,58.65788,1022.03516,17.15,Mainly clear
2017-10-04 21:00:00+00:00,SAMSUN,55,20.596498,11.5965,0.0,13.004922,1.0,62.855225,1017.13165,17.21,Mainly clear
2017-10-05 21:00:00+00:00,SAMSUN,55,26.4965,12.4465,0.0,19.881649,3.0,46.09229,1009.67773,16.91,Overcast
2017-10-06 21:00:00+00:00,SAMSUN,55,29.0465,15.896501,0.0,25.72174,3.0,34.84135,1007.4429,16.51,Overcast
2017-10-07 21:00:00+00:00,SAMSUN,55,30.946499,17.1465,0.0,24.184391,3.0,44.17633,1005.0765,14.47,Overcast
2017-10-08 21:00:00+00:00,SAMSUN,55,16.6465,15.2465,3.5000002,16.800856,53.0,78.03343,1013.24884,1.97,Drizzle: Moderate
2017-10-09 21:00:00+00:00,SAMSUN,55,17.846498,13.0465,0.0,7.5170207,3.0,72.29939,1017.37427,4.92,Overcast
2017-10-10 21:00:00+00:00,SAMSUN,55,18.346498,12.2465,2.5999997,16.394829,61.0,70.484215,1020.3423,11.42,Rain: Slight
2017-10-11 21:00:00+00:00,SAMSUN,55,17.096498,11.7465,0.4,9.726664,51.0,74.561806,1021.7735,10.05,Drizzle: Light
2017-10-12 21:00:00+00:00,SAMSUN,55,20.1465,10.9465,0.0,15.042659,0.0,69.829094,1019.54395,15.37,Clear sky
2017-10-13 21:00:00+00:00,SAMSUN,55,20.696499,11.0465,0.1,19.592731,51.0,67.26293,1017.5535,13.29,Drizzle: Light
2017-10-14 21:00:00+00:00,SAMSUN,55,17.7465,12.6965,0.0,14.021525,3.0,67.673775,1021.25464,3.46,Overcast
2017-10-15 21:00:00+00:00,SAMSUN,55,18.346498,13.146501,6.2,20.240198,63.0,69.27486,1020.5872,3.87,Rain: Moderate
2017-10-16 21:00:00+00:00,SAMSUN,55,19.846498,11.396501,0.0,16.595179,1.0,64.46057,1024.4716,14.32,Mainly clear
2017-10-17 21:00:00+00:00,SAMSUN,55,22.196499,13.0965,0.0,18.668005,1.0,56.034573,1021.13916,14.1,Mainly clear
2017-10-18 21:00:00+00:00,SAMSUN,55,23.946499,13.6965,0.0,18.391737,0.0,62.86733,1017.2244,14.07,Clear sky
2017-10-19 21:00:00+00:00,SAMSUN,55,22.9965,13.896501,0.0,16.299694,0.0,63.122295,1015.6865,13.91,Clear sky
2017-10-20 21:00:00+00:00,SAMSUN,55,20.6465,12.396501,0.0,11.019764,2.0,74.75973,1014.665,13.36,Partly cloudy
2017-10-21 21:00:00+00:00,SAMSUN,55,21.196499,13.0965,0.0,14.799459,3.0,68.56324,1011.29297,10.93,Overcast
2017-10-22 21:00:00+00:00,SAMSUN,55,18.9965,13.146501,0.0,14.48972,3.0,78.52594,1011.2686,11.3,Overcast
2017-10-23 21:00:00+00:00,SAMSUN,55,27.8965,13.4465,0.0,24.442913,3.0,45.818768,1006.0041,12.93,Overcast
2017-10-24 21:00:00+00:00,SAMSUN,55,22.196499,15.9965,0.0,22.218153,3.0,66.96906,1012.1362,10.33,Overcast
2017-10-25 21:00:00+00:00,SAMSUN,55,17.0465,14.9965,3.3999999,11.874544,53.0,92.34922,1017.78564,5.41,Drizzle: Moderate
2017-10-26 21:00:00+00:00,SAMSUN,55,16.446499,12.7465,0.8,16.676977,51.0,87.10541,1017.0041,5.44,Drizzle: Light
2017-10-27 21:00:00+00:00,SAMSUN,55,24.096498,12.896501,0.1,15.7908325,51.0,62.70207,1005.58887,10.63,Drizzle: Light
2017-10-28 21:00:00+00:00,SAMSUN,55,22.696499,13.2965,1.5,17.163355,53.0,78.72975,1001.69806,7.82,Drizzle: Moderate
2017-10-29 21:00:00+00:00,SAMSUN,55,19.9965,10.6965,1.4000001,18.847641,53.0,65.92069,1001.67926,5.69,Drizzle: Moderate
2017-10-30 21:00:00+00:00,SAMSUN,55,16.7965,7.8465004,0.0,21.068459,3.0,59.95282,1014.9422,10.32,Overcast
2017-10-31 21:00:00+00:00,SAMSUN,55,13.1965,6.3465004,0.6,16.704155,51.0,64.44404,1020.5655,9.48,Drizzle: Light
2017-11-01 21:00:00+00:00,SAMSUN,55,13.7965,6.1464996,0.0,16.575644,0.0,70.949905,1021.03265,12.27,Clear sky
2017-11-02 21:00:00+00:00,SAMSUN,55,17.6465,7.6464996,0.0,21.638964,1.0,52.617275,1014.5606,12.3,Mainly clear
2017-11-03 21:00:00+00:00,SAMSUN,55,16.0965,9.0965,0.0,18.0,3.0,60.69753,1015.842,8.94,Overcast
2017-11-04 21:00:00+00:00,SAMSUN,55,14.9465,9.9965,3.3,9.346143,53.0,84.4141,1016.97754,5.09,Drizzle: Moderate
2017-11-05 21:00:00+00:00,SAMSUN,55,18.2965,11.4465,0.8,13.004922,51.0,76.473785,1013.7166,9.45,Drizzle: Light
2017-11-06 21:00:00+00:00,SAMSUN,55,17.446499,10.2965,0.0,13.755579,2.0,73.874794,1021.353,10.62,Partly cloudy
2017-11-07 21:00:00+00:00,SAMSUN,55,16.446499,9.4965,0.0,13.441071,1.0,81.81585,1022.58594,9.1,Mainly clear
2017-11-08 21:00:00+00:00,SAMSUN,55,18.196499,9.2965,0.0,16.520823,2.0,78.825356,1019.273,10.94,Partly cloudy
2017-11-09 21:00:00+00:00,SAMSUN,55,16.4965,9.9965,0.0,14.003028,3.0,77.77485,1017.48883,9.83,Overcast
2017-11-10 21:00:00+00:00,SAMSUN,55,16.3965,10.646501,0.0,12.144331,3.0,81.21123,1017.2676,9.9,Overcast
2017-11-11 21:00:00+00:00,SAMSUN,55,21.0465,10.3465,0.0,19.85556,3.0,58.957184,1015.3598,6.92,Overcast
2017-11-12 21:00:00+00:00,SAMSUN,55,22.7965,14.8465,0.0,23.928492,3.0,51.59142,1013.1741,8.73,Overcast
2017-11-13 21:00:00+00:00,SAMSUN,55,24.846498,13.896501,0.0,26.987997,3.0,48.954395,1010.6826,10.12,Overcast
2017-11-14 21:00:00+00:00,SAMSUN,55,18.846498,10.7965,0.0,11.019764,3.0,77.63038,1019.4983,9.45,Overcast
2017-11-15 21:00:00+00:00,SAMSUN,55,16.0465,12.646501,0.4,10.182337,51.0,87.75373,1022.34424,5.08,Drizzle: Light
2017-11-16 21:00:00+00:00,SAMSUN,55,16.446499,11.0465,0.0,11.609651,3.0,87.635376,1018.0449,9.28,Overcast
2017-11-17 21:00:00+00:00,SAMSUN,55,20.096498,11.146501,0.0,18.335276,3.0,64.80078,1013.49976,9.81,Overcast
2017-11-18 21:00:00+00:00,SAMSUN,55,23.5465,13.9465,0.0,29.01966,3.0,48.12544,1007.76276,9.72,Overcast
2017-11-19 21:00:00+00:00,SAMSUN,55,20.7965,14.146501,0.0,26.420174,3.0,50.943096,1003.96295,5.64,Overcast
2017-11-20 21:00:00+00:00,SAMSUN,55,13.8465,7.6464996,22.800001,22.963936,63.0,79.48225,1003.5887,1.43,Rain: Moderate
2017-11-21 21:00:00+00:00,SAMSUN,55,11.396501,4.9465,1.6000001,19.914215,73.0,56.601322,1014.639,9.04,Snow fall: Moderate
2017-11-22 21:00:00+00:00,SAMSUN,55,7.8964996,5.0965004,7.5999994,19.681828,55.0,74.743904,1017.111,4.94,Drizzle: Dense
2017-11-23 21:00:00+00:00,SAMSUN,55,9.9465,4.4965,0.70000005,13.324863,51.0,65.720146,1020.7844,5.52,Drizzle: Light
2017-11-24 21:00:00+00:00,SAMSUN,55,11.2465,5.3465004,0.0,16.263872,3.0,73.78824,1023.8112,8.84,Overcast
2017-11-25 21:00:00+00:00,SAMSUN,55,16.5465,8.7465,0.0,26.250393,0.0,54.688816,1018.49884,9.24,Clear sky
2017-11-26 21:00:00+00:00,SAMSUN,55,18.0465,10.2465,0.0,25.264202,3.0,56.87433,1015.9405,8.66,Overcast
2017-11-27 21:00:00+00:00,SAMSUN,55,14.5965,10.0965,0.70000005,13.397612,51.0,64.56713,1011.8143,1.93,Drizzle: Light
2017-11-28 21:00:00+00:00,SAMSUN,55,16.5465,8.9465,1.1,21.900904,53.0,75.833916,1013.8618,7.62,Drizzle: Moderate
2017-11-29 21:00:00+00:00,SAMSUN,55,16.196499,6.7465,0.0,16.80857,3.0,68.70214,1020.1949,8.92,Overcast
2017-11-30 21:00:00+00:00,SAMSUN,55,19.1465,8.0465,0.0,30.319178,3.0,51.974552,1018.4454,8.47,Overcast
2017-12-01 21:00:00+00:00,SAMSUN,55,20.596498,12.9965,0.0,30.05515,3.0,49.164394,1018.1629,8.6,Overcast
2017-12-02 21:00:00+00:00,SAMSUN,55,21.4965,14.2965,0.0,32.078403,3.0,45.840454,1018.83905,7.62,Overcast
2017-12-03 21:00:00+00:00,SAMSUN,55,21.196499,13.146501,0.8,24.569836,53.0,54.300632,1015.68036,8.22,Drizzle: Moderate
2017-12-04 21:00:00+00:00,SAMSUN,55,13.2965,7.3964996,16.9,23.000591,61.0,83.74876,1014.27,1.31,Rain: Slight
2017-12-05 21:00:00+00:00,SAMSUN,55,7.5465,3.5465,8.499999,20.421871,73.0,82.4581,1017.8632,3.37,Snow fall: Moderate
2017-12-06 21:00:00+00:00,SAMSUN,55,9.4465,3.0465,0.4,24.27265,51.0,56.754807,1020.30444,2.68,Drizzle: Light
2017-12-07 21:00:00+00:00,SAMSUN,55,13.2465,7.5465,0.0,22.828087,2.0,51.158085,1021.82196,7.92,Partly cloudy
2017-12-08 21:00:00+00:00,SAMSUN,55,15.7965,8.2965,0.0,31.072817,3.0,45.8907,1017.80054,8.47,Overcast
2017-12-09 21:00:00+00:00,SAMSUN,55,16.5965,10.3465,0.0,34.94968,3.0,46.074875,1013.3697,8.36,Overcast
2017-12-10 21:00:00+00:00,SAMSUN,55,13.7465,7.9465,3.4,16.299694,61.0,83.25537,1022.2422,7.29,Rain: Slight
2017-12-11 21:00:00+00:00,SAMSUN,55,17.946499,10.4965,0.0,32.078403,0.0,60.417553,1020.9411,8.38,Clear sky
2017-12-12 21:00:00+00:00,SAMSUN,55,16.2465,7.5465,0.0,21.203358,3.0,65.33056,1017.84106,7.66,Overcast
2017-12-13 21:00:00+00:00,SAMSUN,55,16.196499,8.7965,0.0,23.950148,3.0,54.70247,1013.1021,5.86,Overcast
2017-12-14 21:00:00+00:00,SAMSUN,55,17.2965,9.3465,0.0,25.460934,3.0,58.933624,1014.4847,7.95,Overcast
2017-12-15 21:00:00+00:00,SAMSUN,55,18.196499,8.8965,0.0,30.551254,3.0,51.395336,1013.71906,7.07,Overcast
2017-12-16 21:00:00+00:00,SAMSUN,55,18.196499,13.0465,0.0,28.019936,3.0,53.174847,1012.9556,2.83,Overcast
2017-12-17 21:00:00+00:00,SAMSUN,55,17.2965,10.646501,3.6999998,35.16225,55.0,71.64564,1013.5076,4.04,Drizzle: Dense
2017-12-18 21:00:00+00:00,SAMSUN,55,14.7465,7.9965,15.400002,20.466246,63.0,88.87259,1017.8057,7.06,Rain: Moderate
2017-12-19 21:00:00+00:00,SAMSUN,55,10.646501,7.6464996,5.699999,16.09969,53.0,85.775116,1024.3171,1.43,Drizzle: Moderate
2017-12-20 21:00:00+00:00,SAMSUN,55,8.5465,6.4965,4.5999994,14.182355,55.0,86.55005,1026.275,1.57,Drizzle: Dense
2017-12-21 21:00:00+00:00,SAMSUN,55,9.146501,4.9465,12.200001,23.532547,73.0,85.6793,1022.33453,1.32,Snow fall: Moderate
2017-12-22 21:00:00+00:00,SAMSUN,55,8.3965,5.5965004,28.3,19.652176,63.0,91.47053,1010.66406,0.78,Rain: Moderate
2017-12-23 21:00:00+00:00,SAMSUN,55,8.7465,3.3465,5.7,15.484185,55.0,78.772575,1015.3195,5.24,Drizzle: Dense
2017-12-24 21:00:00+00:00,SAMSUN,55,12.3465,3.7465,0.0,27.026386,3.0,53.404095,1021.79297,6.66,Overcast
2017-12-25 21:00:00+00:00,SAMSUN,55,14.146501,6.4465,0.0,29.533169,0.0,51.73879,1023.377,8.18,Clear sky
2017-12-26 21:00:00+00:00,SAMSUN,55,16.3465,8.9465,0.0,20.421871,3.0,45.319256,1017.33124,7.33,Overcast
2017-12-27 21:00:00+00:00,SAMSUN,55,16.8465,8.0965,0.0,26.072052,3.0,40.628716,1013.12213,7.4,Overcast
2017-12-28 21:00:00+00:00,SAMSUN,55,17.7465,10.5465,0.0,26.368616,3.0,48.525043,1012.28754,8.07,Overcast
2017-12-29 21:00:00+00:00,SAMSUN,55,18.0465,9.4965,0.0,18.584509,3.0,61.750538,1010.21576,7.59,Overcast
2017-12-30 21:00:00+00:00,SAMSUN,55,13.8465,10.0965,2.7,20.88,53.0,75.65791,1012.5494,4.05,Drizzle: Moderate
2017-12-31 21:00:00+00:00,SAMSUN,55,10.146501,7.4465,18.300001,15.696165,63.0,89.353516,1014.59955,1.84,Rain: Moderate
2018-01-01 21:00:00+00:00,SAMSUN,55,12.9465,4.3465,0.1,13.493999,51.0,70.22282,1013.1277,8.42,Drizzle: Light
2018-01-02 21:00:00+00:00,SAMSUN,55,16.3965,8.0965,0.0,19.134262,3.0,50.25912,1008.5556,7.56,Overcast
2018-01-03 21:00:00+00:00,SAMSUN,55,15.5965,8.9965,0.1,19.602652,51.0,65.71386,1004.3591,3.88,Drizzle: Light
2018-01-04 21:00:00+00:00,SAMSUN,55,13.396501,8.3465,2.4,15.856354,53.0,80.89036,1008.0464,6.71,Drizzle: Moderate
2018-01-05 21:00:00+00:00,SAMSUN,55,11.396501,6.4965,3.7999997,12.229406,55.0,87.31507,1020.1928,4.84,Drizzle: Dense
2018-01-06 21:00:00+00:00,SAMSUN,55,15.9465,6.5465,0.0,25.63847,2.0,63.627476,1025.0126,8.62,Partly cloudy
2018-01-07 21:00:00+00:00,SAMSUN,55,15.2965,7.7465,0.0,26.596178,2.0,61.951824,1028.5133,8.55,Partly cloudy
2018-01-08 21:00:00+00:00,SAMSUN,55,13.4965,8.0965,1.1,21.313093,51.0,72.52064,1028.6337,6.59,Drizzle: Light
2018-01-09 21:00:00+00:00,SAMSUN,55,8.4965,4.7965,0.2,16.676977,51.0,87.76391,1027.912,3.77,Drizzle: Light
2018-01-10 21:00:00+00:00,SAMSUN,55,12.6965,4.8465,0.0,11.966954,3.0,75.99671,1012.8466,4.6,Overcast
2018-01-11 21:00:00+00:00,SAMSUN,55,11.0465,7.3465004,4.7999997,9.565437,55.0,75.650566,1014.0862,3.23,Drizzle: Dense
2018-01-12 21:00:00+00:00,SAMSUN,55,8.8465,6.0465,7.6,13.084402,55.0,89.55133,1020.04913,1.53,Drizzle: Dense
2018-01-13 21:00:00+00:00,SAMSUN,55,6.9965,4.3964996,8.5,18.59845,53.0,89.49471,1018.2015,1.22,Drizzle: Moderate
2018-01-14 21:00:00+00:00,SAMSUN,55,6.0465,3.0965,0.6,17.713316,51.0,74.30329,1026.5785,4.02,Drizzle: Light
2018-01-15 21:00:00+00:00,SAMSUN,55,11.5465,1.6965,0.0,17.873556,3.0,66.32646,1019.5267,7.99,Overcast
2018-01-16 21:00:00+00:00,SAMSUN,55,13.5965,5.0965004,0.2,16.418526,51.0,67.348465,1008.2762,7.32,Drizzle: Light
2018-01-17 21:00:00+00:00,SAMSUN,55,12.7465,5.0465,14.1,34.71341,63.0,74.17361,995.1326,3.53,Rain: Moderate
2018-01-18 21:00:00+00:00,SAMSUN,55,10.2965,4.1464996,2.1000001,18.11841,53.0,72.33675,1008.06805,4.32,Drizzle: Moderate
2018-01-19 21:00:00+00:00,SAMSUN,55,13.5965,5.0965004,0.0,28.876396,3.0,60.01268,1015.1097,8.76,Overcast
2018-01-20 21:00:00+00:00,SAMSUN,55,14.2965,7.2465,0.0,33.90313,3.0,61.86023,1011.9163,4.93,Overcast
2018-01-21 21:00:00+00:00,SAMSUN,55,16.7965,10.2465,0.0,23.113008,3.0,49.783222,1001.8426,5.89,Overcast
2018-01-22 21:00:00+00:00,SAMSUN,55,12.0965,4.6464996,16.0,23.708124,61.0,80.53169,1007.5193,1.17,Rain: Slight
2018-01-23 21:00:00+00:00,SAMSUN,55,5.3465004,2.5465,6.8,23.051247,75.0,77.69485,1022.742,5.04,Snow fall: Heavy
2018-01-24 21:00:00+00:00,SAMSUN,55,3.1464999,1.6965,19.300001,20.633371,75.0,80.24333,1024.9586,3.81,Snow fall: Heavy
2018-01-25 21:00:00+00:00,SAMSUN,55,3.8465,1.6465,1.0,16.418526,73.0,74.78954,1023.638,4.29,Snow fall: Moderate
2018-01-26 21:00:00+00:00,SAMSUN,55,6.2465,3.3465,0.0,17.713316,3.0,75.721725,1027.7338,4.44,Overcast
2018-01-27 21:00:00+00:00,SAMSUN,55,8.2965,2.3465,0.0,11.183201,3.0,80.08515,1030.1506,8.9,Overcast
2018-01-28 21:00:00+00:00,SAMSUN,55,9.0965,1.8965,0.0,14.57889,3.0,73.97294,1025.355,7.06,Overcast
2018-01-29 21:00:00+00:00,SAMSUN,55,13.5465,2.9464998,0.0,28.257132,2.0,61.947834,1020.6843,10.24,Partly cloudy
2018-01-30 21:00:00+00:00,SAMSUN,55,10.7965,4.4465,3.3,27.295977,53.0,69.61053,1021.41504,3.1,Drizzle: Moderate
2018-01-31 21:00:00+00:00,SAMSUN,55,14.5465,3.1464999,0.0,17.884428,2.0,68.52006,1021.2102,11.19,Partly cloudy
2018-02-01 21:00:00+00:00,SAMSUN,55,16.0965,9.1965,0.0,31.820824,3.0,50.718235,1018.58936,8.88,Overcast
2018-02-02 21:00:00+00:00,SAMSUN,55,18.0465,11.0965,0.0,25.984919,3.0,54.60377,1016.2486,8.09,Overcast
2018-02-03 21:00:00+00:00,SAMSUN,55,19.346498,13.5465,0.0,41.351448,3.0,49.4868,1009.8008,2.58,Overcast
2018-02-04 21:00:00+00:00,SAMSUN,55,14.896501,7.2465,4.0,19.376562,53.0,79.67959,1017.99554,1.9,Drizzle: Moderate
2018-02-05 21:00:00+00:00,SAMSUN,55,8.7965,6.4465,2.4,9.779817,71.0,90.28995,1022.01416,4.32,Snow fall: Slight
2018-02-06 21:00:00+00:00,SAMSUN,55,11.7465,5.9965,0.0,13.441071,2.0,88.28323,1024.0875,11.33,Partly cloudy
2018-02-07 21:00:00+00:00,SAMSUN,55,18.1465,8.4965,1.6000001,28.583183,55.0,60.117832,1013.38574,8.04,Drizzle: Dense
2018-02-08 21:00:00+00:00,SAMSUN,55,13.0965,8.5965,4.8,14.689589,61.0,82.357834,1013.081,9.59,Rain: Slight
2018-02-09 21:00:00+00:00,SAMSUN,55,11.9965,5.9965,0.2,8.714677,51.0,86.3729,1012.4375,10.03,Drizzle: Light
2018-02-10 21:00:00+00:00,SAMSUN,55,22.1465,8.2965,1.6000001,14.512064,53.0,77.54839,1000.79584,11.96,Drizzle: Moderate
2018-02-11 21:00:00+00:00,SAMSUN,55,10.146501,6.6464996,5.1,12.979984,53.0,92.398994,1006.7592,2.92,Drizzle: Moderate
2018-02-12 21:00:00+00:00,SAMSUN,55,8.1465,6.6464996,2.6,11.928989,51.0,86.1802,1014.563,2.6,Drizzle: Light
2018-02-13 21:00:00+00:00,SAMSUN,55,13.5465,4.3465,0.1,13.849476,51.0,79.200066,1014.78174,11.24,Drizzle: Light
2018-02-14 21:00:00+00:00,SAMSUN,55,15.0965,8.0965,0.3,26.739542,51.0,65.6605,1017.31836,10.29,Drizzle: Light
2018-02-15 21:00:00+00:00,SAMSUN,55,14.1965,7.2965,0.0,15.30741,3.0,79.23562,1018.5961,12.07,Overcast
2018-02-16 21:00:00+00:00,SAMSUN,55,11.3465,5.4965,0.0,20.316889,3.0,80.981346,1019.0471,10.31,Overcast
2018-02-17 21:00:00+00:00,SAMSUN,55,8.7465,5.0465,0.3,20.808498,51.0,77.66967,1019.52765,5.73,Drizzle: Light
2018-02-18 21:00:00+00:00,SAMSUN,55,8.8465,2.5465,0.0,13.570615,3.0,81.194435,1017.87036,11.37,Overcast
2018-02-19 21:00:00+00:00,SAMSUN,55,7.3964996,4.9465,0.9000001,8.089993,51.0,84.57233,1015.86346,3.63,Drizzle: Light
2018-02-20 21:00:00+00:00,SAMSUN,55,8.8465,6.3964996,0.2,10.853866,51.0,87.74587,1012.7784,7.53,Drizzle: Light
2018-02-21 21:00:00+00:00,SAMSUN,55,9.6965,6.1464996,0.0,8.049845,3.0,92.90228,1011.37085,10.89,Overcast
2018-02-22 21:00:00+00:00,SAMSUN,55,10.1965,6.7465,1.4000002,9.346143,51.0,94.57391,1011.6464,6.27,Drizzle: Light
2018-02-23 21:00:00+00:00,SAMSUN,55,9.3465,6.6464996,0.2,16.215992,51.0,89.95641,1010.27997,6.0,Drizzle: Light
2018-02-24 21:00:00+00:00,SAMSUN,55,8.2965,5.0965004,11.200001,28.241077,63.0,93.64561,1005.6318,3.29,Rain: Moderate
2018-02-25 21:00:00+00:00,SAMSUN,55,5.4965,4.0965,2.8999994,14.512064,53.0,83.09789,1011.8267,3.21,Drizzle: Moderate
2018-02-26 21:00:00+00:00,SAMSUN,55,14.5965,3.5465,0.5,11.183201,51.0,82.57076,1003.61066,12.0,Drizzle: Light
2018-02-27 21:00:00+00:00,SAMSUN,55,16.7465,6.5965004,1.0,31.765793,53.0,78.00023,1007.7111,11.11,Drizzle: Moderate
2018-02-28 21:00:00+00:00,SAMSUN,55,6.3465004,1.6965,25.9,19.803272,75.0,83.013596,1017.7573,3.01,Snow fall: Heavy
2018-03-01 21:00:00+00:00,SAMSUN,55,12.9465,0.44649994,0.0,10.636766,3.0,70.85203,1015.00055,11.57,Overcast
2018-03-02 21:00:00+00:00,SAMSUN,55,21.096498,9.5965,2.5,31.973186,61.0,55.65401,1002.5754,9.93,Rain: Slight
2018-03-03 21:00:00+00:00,SAMSUN,55,16.2965,8.7965,5.0999994,19.011953,61.0,78.39345,1001.81464,3.35,Rain: Slight
2018-03-04 21:00:00+00:00,SAMSUN,55,10.1965,5.5965004,7.3000007,19.770523,61.0,87.55439,1012.4573,4.28,Rain: Slight
2018-03-05 21:00:00+00:00,SAMSUN,55,15.8465,4.3964996,0.1,14.57889,51.0,81.63626,1007.408,6.54,Drizzle: Light
2018-03-06 21:00:00+00:00,SAMSUN,55,22.9965,12.2465,0.0,25.460934,3.0,58.730442,1005.42535,13.56,Overcast
2018-03-07 21:00:00+00:00,SAMSUN,55,15.6965,10.4465,8.900001,14.618837,61.0,87.798515,1003.1775,8.41,Rain: Slight
2018-03-08 21:00:00+00:00,SAMSUN,55,11.1965,7.7965,11.3,28.775238,63.0,85.41946,1010.15826,9.05,Rain: Moderate
2018-03-09 21:00:00+00:00,SAMSUN,55,11.896501,5.0465,0.0,10.233123,3.0,77.49479,1016.01025,15.31,Overcast
2018-03-10 21:00:00+00:00,SAMSUN,55,14.0465,6.7465,0.0,11.480557,3.0,73.53313,1014.65314,15.6,Overcast
2018-03-11 21:00:00+00:00,SAMSUN,55,13.5465,5.8465004,0.0,11.91812,3.0,76.937256,1015.2495,17.61,Overcast
2018-03-12 21:00:00+00:00,SAMSUN,55,21.8965,7.0965004,0.90000004,10.587918,53.0,74.60771,1006.87897,15.48,Drizzle: Moderate
2018-03-13 21:00:00+00:00,SAMSUN,55,18.3965,9.646501,3.9,11.304229,63.0,81.0601,1007.1938,15.11,Rain: Moderate
2018-03-14 21:00:00+00:00,SAMSUN,55,14.0965,9.5965,4.6000004,14.003028,61.0,85.81696,1008.6711,10.72,Rain: Slight
2018-03-15 21:00:00+00:00,SAMSUN,55,11.896501,6.9965,1.3000001,9.504272,53.0,88.19036,1012.9998,12.91,Drizzle: Moderate
2018-03-16 21:00:00+00:00,SAMSUN,55,20.946499,7.7465,0.0,20.929594,3.0,60.909756,1010.2963,17.04,Overcast
2018-03-17 21:00:00+00:00,SAMSUN,55,24.446499,16.4965,0.0,36.424103,3.0,52.967823,1004.5892,12.15,Overcast
2018-03-18 21:00:00+00:00,SAMSUN,55,18.096498,10.1965,0.0,20.65848,3.0,75.91911,1006.18585,14.99,Overcast
2018-03-19 21:00:00+00:00,SAMSUN,55,20.696499,9.7965,0.5,11.631956,51.0,82.85651,1004.3787,15.29,Drizzle: Light
2018-03-20 21:00:00+00:00,SAMSUN,55,14.2465,8.9465,0.3,15.990646,51.0,84.05184,1014.9402,15.45,Drizzle: Light
2018-03-21 21:00:00+00:00,SAMSUN,55,13.3465,7.9965,0.0,15.646544,3.0,79.99709,1014.3851,9.19,Overcast
2018-03-22 21:00:00+00:00,SAMSUN,55,17.946499,7.6464996,1.0,19.486609,53.0,84.989746,1000.7664,11.38,Drizzle: Moderate
2018-03-23 21:00:00+00:00,SAMSUN,55,12.9465,7.9465,15.2,20.466246,63.0,87.57138,1000.6966,3.61,Rain: Moderate
2018-03-24 21:00:00+00:00,SAMSUN,55,11.896501,7.3465004,1.0,15.7908325,53.0,90.77589,1014.0535,11.88,Drizzle: Moderate
2018-03-25 21:00:00+00:00,SAMSUN,55,19.4965,6.8964996,0.0,16.29174,3.0,81.529884,1016.5068,17.19,Overcast
2018-03-26 21:00:00+00:00,SAMSUN,55,22.7965,9.5465,0.5,28.510544,51.0,60.267406,1009.61847,18.88,Drizzle: Light
2018-03-27 21:00:00+00:00,SAMSUN,55,14.7965,8.8965,0.0,14.48972,3.0,79.63825,1010.73926,18.89,Overcast
2018-03-28 21:00:00+00:00,SAMSUN,55,11.8465,8.9965,3.9,17.399586,53.0,88.105385,1002.469,7.31,Drizzle: Moderate
2018-03-29 21:00:00+00:00,SAMSUN,55,10.7965,8.2465,1.5000001,17.22742,51.0,87.09141,1016.5503,4.31,Drizzle: Light
2018-03-30 21:00:00+00:00,SAMSUN,55,14.0965,6.1965,0.0,14.168641,3.0,83.885796,1019.85126,21.09,Overcast
2018-03-31 21:00:00+00:00,SAMSUN,55,24.7965,9.6965,0.0,20.497883,3.0,55.65044,1008.90234,21.35,Overcast
2018-04-01 21:00:00+00:00,SAMSUN,55,20.346498,8.2465,7.4,35.261627,61.0,69.309456,1006.46216,7.57,Rain: Slight
2018-04-02 21:00:00+00:00,SAMSUN,55,13.9965,6.4465,0.1,17.057314,51.0,72.433365,1020.56256,18.96,Drizzle: Light
2018-04-03 21:00:00+00:00,SAMSUN,55,14.9965,6.7965,0.0,14.973577,2.0,72.118935,1021.6358,21.87,Partly cloudy
2018-04-04 21:00:00+00:00,SAMSUN,55,14.896501,7.6464996,0.0,10.009036,0.0,81.30468,1015.67706,21.9,Clear sky
2018-04-05 21:00:00+00:00,SAMSUN,55,16.8465,7.5465,0.0,8.287822,0.0,79.97184,1011.4379,22.05,Clear sky
2018-04-06 21:00:00+00:00,SAMSUN,55,16.946499,8.5965,0.0,6.9527545,1.0,63.111492,1013.16705,22.72,Mainly clear
2018-04-07 21:00:00+00:00,SAMSUN,55,16.6465,9.0965,0.0,5.495161,3.0,69.485344,1014.3997,21.53,Overcast
2018-04-08 21:00:00+00:00,SAMSUN,55,16.2465,9.8465,0.0,7.491114,3.0,81.217415,1013.6617,21.33,Overcast
2018-04-09 21:00:00+00:00,SAMSUN,55,16.0965,9.8465,0.0,8.587338,3.0,86.83484,1012.16187,21.19,Overcast
2018-04-10 21:00:00+00:00,SAMSUN,55,16.3965,9.2965,0.0,7.9932976,2.0,82.553505,1010.45856,22.67,Partly cloudy
2018-04-11 21:00:00+00:00,SAMSUN,55,17.4965,9.0465,0.0,9.0,3.0,86.48295,1010.6619,20.18,Overcast
2018-04-12 21:00:00+00:00,SAMSUN,55,15.9965,9.6965,0.0,8.14587,3.0,93.046394,1013.44855,21.55,Overcast
2018-04-13 21:00:00+00:00,SAMSUN,55,16.5965,10.3465,0.0,8.699793,3.0,91.553406,1018.6718,22.55,Overcast
2018-04-14 21:00:00+00:00,SAMSUN,55,14.4965,7.6965,0.0,18.416384,2.0,71.82306,1022.31573,24.19,Partly cloudy
2018-04-15 21:00:00+00:00,SAMSUN,55,15.1965,5.1464996,0.0,11.91812,1.0,62.570023,1021.2126,24.72,Mainly clear
2018-04-16 21:00:00+00:00,SAMSUN,55,16.696499,6.1464996,0.0,10.495713,1.0,73.04023,1018.0342,24.58,Mainly clear
2018-04-17 21:00:00+00:00,SAMSUN,55,16.7465,7.4965,0.0,7.628263,2.0,74.59794,1018.61035,24.65,Partly cloudy
2018-04-18 21:00:00+00:00,SAMSUN,55,18.2965,9.396501,1.4000001,12.24,55.0,74.12783,1016.7263,21.94,Drizzle: Dense
2018-04-19 21:00:00+00:00,SAMSUN,55,15.2965,10.5465,2.8999999,18.626305,53.0,76.98319,1010.96063,8.95,Drizzle: Moderate
2018-04-20 21:00:00+00:00,SAMSUN,55,14.3465,8.3465,1.7,24.951921,53.0,76.708626,1014.72235,17.49,Drizzle: Moderate
2018-04-21 21:00:00+00:00,SAMSUN,55,17.0465,7.0965004,0.0,17.581125,3.0,63.043594,1014.0633,23.08,Overcast
2018-04-22 21:00:00+00:00,SAMSUN,55,19.4965,11.6965,0.0,16.055355,1.0,67.10708,1013.0341,22.27,Mainly clear
2018-04-23 21:00:00+00:00,SAMSUN,55,17.946499,11.0965,0.0,12.303366,0.0,79.54876,1015.4528,24.33,Clear sky
2018-04-24 21:00:00+00:00,SAMSUN,55,19.7465,11.646501,0.0,8.942214,1.0,80.30695,1014.08466,23.43,Mainly clear
2018-04-25 21:00:00+00:00,SAMSUN,55,20.4965,11.646501,0.0,7.7043357,0.0,71.658325,1012.6093,25.71,Clear sky
2018-04-26 21:00:00+00:00,SAMSUN,55,21.2965,11.396501,0.0,8.404285,3.0,60.475674,1010.30695,25.9,Overcast
2018-04-27 21:00:00+00:00,SAMSUN,55,20.696499,11.0965,0.0,16.93531,1.0,75.328384,1016.64703,25.41,Mainly clear
2018-04-28 21:00:00+00:00,SAMSUN,55,18.4965,10.9965,0.0,6.618519,0.0,81.626045,1017.4234,25.71,Clear sky
2018-04-29 21:00:00+00:00,SAMSUN,55,18.596498,9.646501,0.0,8.891343,1.0,80.90833,1013.72675,26.28,Mainly clear
2018-04-30 21:00:00+00:00,SAMSUN,55,18.846498,11.5465,0.0,7.42159,3.0,81.60775,1011.8475,22.89,Overcast
2018-05-01 21:00:00+00:00,SAMSUN,55,19.2465,14.1965,0.0,8.942214,3.0,92.73605,1011.6553,23.39,Overcast
2018-05-02 21:00:00+00:00,SAMSUN,55,21.0465,14.3465,0.0,9.673221,3.0,90.74157,1010.3401,21.98,Overcast
2018-05-03 21:00:00+00:00,SAMSUN,55,21.446499,15.2965,0.0,8.287822,3.0,91.44465,1009.78546,22.29,Overcast
2018-05-04 21:00:00+00:00,SAMSUN,55,20.096498,14.9465,0.0,6.989936,3.0,93.905525,1008.63086,23.83,Overcast
2018-05-05 21:00:00+00:00,SAMSUN,55,19.846498,14.9465,6.2,10.009036,63.0,92.52778,1006.8589,16.14,Rain: Moderate
2018-05-06 21:00:00+00:00,SAMSUN,55,19.2965,14.2465,0.8,14.830076,51.0,88.365166,1005.4563,18.87,Drizzle: Light
2018-05-07 21:00:00+00:00,SAMSUN,55,17.2965,14.6965,9.1,9.726664,61.0,94.13601,1001.2832,13.64,Rain: Slight
2018-05-08 21:00:00+00:00,SAMSUN,55,17.846498,13.6965,6.799999,9.422101,61.0,91.46875,1001.6181,18.28,Rain: Slight
2018-05-09 21:00:00+00:00,SAMSUN,55,18.946499,15.146501,3.4999998,8.759178,55.0,91.47364,1004.6797,16.11,Drizzle: Dense
2018-05-10 21:00:00+00:00,SAMSUN,55,18.2465,15.4965,2.2,13.783817,51.0,90.324974,1006.01276,13.26,Drizzle: Light
2018-05-11 21:00:00+00:00,SAMSUN,55,17.0465,12.3465,0.70000005,17.518356,51.0,70.671906,1009.40753,19.66,Drizzle: Light
2018-05-12 21:00:00+00:00,SAMSUN,55,17.096498,9.8465,0.0,13.661038,3.0,63.33028,1011.7885,27.56,Overcast
2018-05-13 21:00:00+00:00,SAMSUN,55,18.7965,9.896501,0.0,14.021525,0.0,75.73196,1013.749,27.66,Clear sky
2018-05-14 21:00:00+00:00,SAMSUN,55,19.2965,10.6965,0.0,11.298495,1.0,82.28959,1016.7083,27.56,Mainly clear
2018-05-15 21:00:00+00:00,SAMSUN,55,22.0465,11.9465,0.0,12.904882,0.0,76.59182,1015.2683,27.47,Clear sky
2018-05-16 21:00:00+00:00,SAMSUN,55,24.2465,15.3465,0.0,9.605998,3.0,76.82389,1014.29767,25.24,Overcast
2018-05-17 21:00:00+00:00,SAMSUN,55,25.596498,17.8965,0.0,22.159746,3.0,71.37114,1013.62646,20.31,Overcast
2018-05-18 21:00:00+00:00,SAMSUN,55,24.846498,17.346498,0.2,11.753876,51.0,80.6249,1011.9099,21.78,Drizzle: Light
2018-05-19 21:00:00+00:00,SAMSUN,55,26.196499,18.4965,0.0,20.456745,3.0,73.52042,1011.5979,24.43,Overcast
2018-05-20 21:00:00+00:00,SAMSUN,55,20.7965,15.2965,0.0,10.009036,3.0,81.44883,1015.1482,23.06,Overcast
2018-05-21 21:00:00+00:00,SAMSUN,55,21.196499,15.5965,0.5,11.525623,51.0,85.184425,1015.3977,24.6,Drizzle: Light
2018-05-22 21:00:00+00:00,SAMSUN,55,22.346498,15.0965,0.0,9.793059,2.0,84.416664,1015.1968,24.49,Partly cloudy
2018-05-23 21:00:00+00:00,SAMSUN,55,23.346498,17.2465,0.0,11.609651,1.0,79.41793,1011.40674,24.76,Mainly clear
2018-05-24 21:00:00+00:00,SAMSUN,55,22.696499,17.8965,0.0,10.44,3.0,82.26009,1008.108,24.0,Overcast
2018-05-25 21:00:00+00:00,SAMSUN,55,23.446499,18.1465,0.2,10.691453,51.0,81.83407,1009.5484,20.95,Drizzle: Light
2018-05-26 21:00:00+00:00,SAMSUN,55,22.6465,18.946499,0.0,13.004921,3.0,88.85849,1011.606,11.78,Overcast
2018-05-27 21:00:00+00:00,SAMSUN,55,22.846498,18.3965,1.1000001,11.525623,51.0,88.3234,1013.01074,10.58,Drizzle: Light
2018-05-28 21:00:00+00:00,SAMSUN,55,24.5465,19.0465,0.4,22.768396,51.0,76.27952,1010.22565,18.02,Drizzle: Light
2018-05-29 21:00:00+00:00,SAMSUN,55,22.9965,17.6465,2.2999997,15.629971,53.0,73.50086,1008.5249,13.77,Drizzle: Moderate
2018-05-30 21:00:00+00:00,SAMSUN,55,23.196499,16.9965,0.1,20.073025,51.0,71.9351,1008.7093,17.04,Drizzle: Light
2018-05-31 21:00:00+00:00,SAMSUN,55,23.3965,16.3465,0.0,10.00256,3.0,63.528263,1010.78876,25.67,Overcast
2018-06-01 21:00:00+00:00,SAMSUN,55,21.096498,14.896501,0.4,18.161278,51.0,72.132935,1013.77374,23.06,Drizzle: Light
2018-06-02 21:00:00+00:00,SAMSUN,55,21.946499,13.2965,0.0,12.313894,0.0,60.409252,1012.0137,29.69,Clear sky
2018-06-03 21:00:00+00:00,SAMSUN,55,22.2965,14.2965,0.0,12.096214,1.0,64.74175,1008.4593,29.84,Mainly clear
2018-06-04 21:00:00+00:00,SAMSUN,55,23.4965,14.6965,0.0,13.217443,3.0,72.82955,1006.24554,27.75,Overcast
2018-06-05 21:00:00+00:00,SAMSUN,55,25.3965,17.096498,0.0,12.475961,3.0,65.613075,1011.19916,24.15,Overcast
2018-06-06 21:00:00+00:00,SAMSUN,55,26.096498,19.2465,0.0,14.003028,3.0,70.7948,1015.7444,25.83,Overcast
2018-06-07 21:00:00+00:00,SAMSUN,55,24.8965,17.946499,0.0,10.97262,2.0,80.53835,1016.28815,27.68,Partly cloudy
2018-06-08 21:00:00+00:00,SAMSUN,55,24.0465,18.0465,0.0,11.988594,3.0,81.61805,1011.816,27.17,Overcast
2018-06-09 21:00:00+00:00,SAMSUN,55,24.596498,18.0465,0.0,11.753877,3.0,81.48058,1006.8189,25.72,Overcast
2018-06-10 21:00:00+00:00,SAMSUN,55,25.196499,18.9965,1.0,20.532627,51.0,79.704094,1006.7383,26.74,Drizzle: Light
2018-06-11 21:00:00+00:00,SAMSUN,55,25.2965,18.1465,0.0,15.273505,1.0,69.924355,1006.85004,29.27,Mainly clear
2018-06-12 21:00:00+00:00,SAMSUN,55,24.946499,16.7465,0.0,13.004922,3.0,62.751938,1004.5466,29.83,Overcast
2018-06-13 21:00:00+00:00,SAMSUN,55,26.346498,18.9965,0.0,12.879752,3.0,78.1958,1002.58307,27.34,Overcast
2018-06-14 21:00:00+00:00,SAMSUN,55,27.346498,21.6465,0.0,13.708391,3.0,74.14207,1003.8975,21.64,Overcast
2018-06-15 21:00:00+00:00,SAMSUN,55,28.8965,22.1465,0.0,14.264361,3.0,66.91556,1005.60297,23.62,Overcast
2018-06-16 21:00:00+00:00,SAMSUN,55,27.196499,20.846498,4.7,18.218275,61.0,65.680916,1004.7512,20.98,Rain: Slight
2018-06-17 21:00:00+00:00,SAMSUN,55,23.446499,19.846498,14.1,11.609651,63.0,84.6441,1005.29987,16.23,Rain: Moderate
2018-06-18 21:00:00+00:00,SAMSUN,55,24.6465,18.7465,0.2,11.019764,51.0,79.668144,1008.22314,24.12,Drizzle: Light
2018-06-19 21:00:00+00:00,SAMSUN,55,24.7965,19.346498,0.6,10.00256,51.0,82.92332,1011.8304,23.17,Drizzle: Light
2018-06-20 21:00:00+00:00,SAMSUN,55,26.3965,19.946499,0.0,9.686609,3.0,77.63376,1011.6702,26.1,Overcast
2018-06-21 21:00:00+00:00,SAMSUN,55,26.2465,20.5465,5.5,10.195057,63.0,78.8202,1007.8454,23.37,Rain: Moderate
2018-06-22 21:00:00+00:00,SAMSUN,55,26.696499,20.0465,1.3000001,14.345898,53.0,76.59901,1007.81805,24.12,Drizzle: Moderate
2018-06-23 21:00:00+00:00,SAMSUN,55,24.096498,19.8965,5.2,19.164719,63.0,81.418816,1012.1274,19.72,Rain: Moderate
2018-06-24 21:00:00+00:00,SAMSUN,55,24.2465,18.4965,2.6000001,14.440443,55.0,81.00748,1012.42725,15.16,Drizzle: Dense
2018-06-25 21:00:00+00:00,SAMSUN,55,26.2965,19.7965,0.0,10.233123,3.0,80.67052,1008.79126,25.59,Overcast
2018-06-26 21:00:00+00:00,SAMSUN,55,28.846498,20.946499,0.0,12.979984,2.0,82.14626,1005.5756,26.91,Partly cloudy
2018-06-27 21:00:00+00:00,SAMSUN,55,27.4965,21.8965,0.0,11.792404,3.0,89.3726,1002.35504,25.91,Overcast
2018-06-28 21:00:00+00:00,SAMSUN,55,27.196499,22.6465,0.2,18.193361,51.0,74.265175,1001.6442,18.96,Drizzle: Light
2018-06-29 21:00:00+00:00,SAMSUN,55,26.6465,20.096498,0.0,13.363711,3.0,74.02076,1002.3205,26.11,Overcast
2018-06-30 21:00:00+00:00,SAMSUN,55,27.596498,21.2965,0.8000001,14.869351,51.0,79.18725,1008.7381,21.97,Drizzle: Light
2018-07-01 21:00:00+00:00,SAMSUN,55,24.446499,21.5465,0.4,14.618837,51.0,82.30363,1014.2857,12.38,Drizzle: Light
2018-07-02 21:00:00+00:00,SAMSUN,55,25.596498,19.9965,0.0,12.496719,3.0,73.61244,1014.50055,23.19,Overcast
2018-07-03 21:00:00+00:00,SAMSUN,55,25.946499,19.7465,0.0,12.397806,3.0,67.68819,1012.5398,26.34,Overcast
2018-07-04 21:00:00+00:00,SAMSUN,55,26.0465,18.9965,0.5,14.799459,51.0,71.09924,1009.7766,19.86,Drizzle: Light
2018-07-05 21:00:00+00:00,SAMSUN,55,27.3965,19.5465,0.1,17.782688,51.0,69.034676,1008.6775,23.47,Drizzle: Light
2018-07-06 21:00:00+00:00,SAMSUN,55,26.4965,19.7465,0.1,11.966954,51.0,69.92799,1008.4122,25.88,Drizzle: Light
2018-07-07 21:00:00+00:00,SAMSUN,55,27.1465,18.7465,0.0,18.892282,1.0,73.9124,1006.7832,28.05,Mainly clear
2018-07-08 21:00:00+00:00,SAMSUN,55,27.0465,20.696499,0.0,14.05845,3.0,76.943565,1007.0274,25.03,Overcast
2018-07-09 21:00:00+00:00,SAMSUN,55,28.2465,21.2965,0.0,11.709688,1.0,73.66621,1007.67267,25.79,Mainly clear
2018-07-10 21:00:00+00:00,SAMSUN,55,30.196499,21.5465,0.0,19.959719,0.0,66.748795,1007.9328,28.23,Clear sky
2018-07-11 21:00:00+00:00,SAMSUN,55,30.6465,21.696499,0.0,25.6233,3.0,64.45713,1008.06396,27.57,Overcast
2018-07-12 21:00:00+00:00,SAMSUN,55,29.346498,23.596498,3.1,22.033648,55.0,64.48935,1007.58234,23.75,Drizzle: Dense
2018-07-13 21:00:00+00:00,SAMSUN,55,29.696499,22.346498,0.2,23.241617,51.0,67.681145,1005.3472,24.62,Drizzle: Light
2018-07-14 21:00:00+00:00,SAMSUN,55,28.2465,22.196499,1.2,25.20257,51.0,66.02847,1005.7774,23.86,Drizzle: Light
2018-07-15 21:00:00+00:00,SAMSUN,55,26.696499,20.196499,5.2000003,14.154915,63.0,72.66341,1007.13965,23.05,Rain: Moderate
2018-07-16 21:00:00+00:00,SAMSUN,55,26.7465,20.2965,0.1,14.4,51.0,70.43459,1007.0129,25.28,Drizzle: Light
2018-07-17 21:00:00+00:00,SAMSUN,55,29.696499,20.7965,0.5,17.25373,53.0,64.4961,1002.801,24.62,Drizzle: Moderate
2018-07-18 21:00:00+00:00,SAMSUN,55,26.4965,20.7465,1.2,13.70839,51.0,75.90922,1003.1042,21.49,Drizzle: Light
2018-07-19 21:00:00+00:00,SAMSUN,55,25.8965,21.196499,3.2999997,10.233123,55.0,78.72368,1005.5796,20.11,Drizzle: Dense
2018-07-20 21:00:00+00:00,SAMSUN,55,26.196499,20.8965,1.7000003,10.483357,51.0,79.306435,1008.10394,20.22,Drizzle: Light
2018-07-21 21:00:00+00:00,SAMSUN,55,27.346498,21.7965,1.5000001,15.978486,51.0,78.03161,1007.89966,20.7,Drizzle: Light
2018-07-22 21:00:00+00:00,SAMSUN,55,27.8965,21.3965,0.1,9.957108,51.0,75.32309,1004.6661,24.74,Drizzle: Light
2018-07-23 21:00:00+00:00,SAMSUN,55,30.1465,21.3965,0.0,18.057508,2.0,73.11056,1000.1828,24.25,Partly cloudy
2018-07-24 21:00:00+00:00,SAMSUN,55,28.9965,22.1465,0.70000005,13.708391,51.0,77.075775,1000.83887,22.28,Drizzle: Light
2018-07-25 21:00:00+00:00,SAMSUN,55,27.946499,22.596498,0.0,12.261157,3.0,77.81876,1005.5999,20.13,Overcast
2018-07-26 21:00:00+00:00,SAMSUN,55,27.7965,22.3965,2.1999998,13.779114,53.0,80.727425,1007.61896,18.03,Drizzle: Moderate
2018-07-27 21:00:00+00:00,SAMSUN,55,28.9965,22.8965,1.5,16.92383,51.0,77.29975,1006.0505,18.6,Drizzle: Light
2018-07-28 21:00:00+00:00,SAMSUN,55,28.2965,22.446499,0.5,12.413477,51.0,77.34244,1005.5843,22.15,Drizzle: Light
2018-07-29 21:00:00+00:00,SAMSUN,55,27.8965,22.446499,3.8,11.298495,61.0,80.13808,1006.27594,17.11,Rain: Slight
2018-07-30 21:00:00+00:00,SAMSUN,55,30.346498,22.696499,0.1,13.661038,51.0,76.90839,1006.6699,24.86,Drizzle: Light
2018-07-31 21:00:00+00:00,SAMSUN,55,32.6465,23.6465,0.0,24.798223,3.0,67.47072,1006.4385,21.94,Overcast
2018-08-01 21:00:00+00:00,SAMSUN,55,32.7965,25.096498,1.7,29.204409,53.0,67.52326,1007.0149,24.35,Drizzle: Moderate
2018-08-02 21:00:00+00:00,SAMSUN,55,30.2465,23.9965,0.5,25.603062,51.0,68.04107,1007.2447,20.54,Drizzle: Light
2018-08-03 21:00:00+00:00,SAMSUN,55,29.0465,22.9965,0.6,20.523157,51.0,64.94422,1008.9521,19.92,Drizzle: Light
2018-08-04 21:00:00+00:00,SAMSUN,55,29.446499,20.9965,0.0,13.324863,1.0,67.83256,1011.00995,25.33,Mainly clear
2018-08-05 21:00:00+00:00,SAMSUN,55,27.9965,22.2965,1.9000002,12.429127,51.0,74.73649,1011.3342,19.74,Drizzle: Light
2018-08-06 21:00:00+00:00,SAMSUN,55,30.2465,23.446499,1.6000001,19.083395,53.0,68.46124,1010.0169,21.35,Drizzle: Moderate
2018-08-07 21:00:00+00:00,SAMSUN,55,28.346498,22.2465,18.7,25.233404,63.0,76.96061,1010.12274,12.87,Rain: Moderate
2018-08-08 21:00:00+00:00,SAMSUN,55,28.0465,22.7465,0.6,28.856194,51.0,75.35848,1011.7963,20.13,Drizzle: Light
2018-08-09 21:00:00+00:00,SAMSUN,55,27.2465,22.3965,0.2,25.294964,51.0,63.289658,1014.5767,23.31,Drizzle: Light
2018-08-10 21:00:00+00:00,SAMSUN,55,26.696499,21.1465,1.1,23.47741,53.0,56.718655,1012.58527,23.3,Drizzle: Moderate
2018-08-11 21:00:00+00:00,SAMSUN,55,27.7465,21.0465,0.3,22.91026,51.0,58.803284,1012.09576,22.6,Drizzle: Light
2018-08-12 21:00:00+00:00,SAMSUN,55,27.1465,19.8965,0.0,18.79255,1.0,60.487946,1012.77313,24.41,Mainly clear
2018-08-13 21:00:00+00:00,SAMSUN,55,28.7465,18.7465,0.0,20.991426,1.0,67.077805,1010.82715,25.2,Mainly clear
2018-08-14 21:00:00+00:00,SAMSUN,55,27.596498,19.8965,0.0,13.363711,1.0,69.82731,1009.1364,24.99,Mainly clear
2018-08-15 21:00:00+00:00,SAMSUN,55,27.6465,20.346498,0.0,12.181624,0.0,75.04909,1008.0787,24.81,Clear sky
2018-08-16 21:00:00+00:00,SAMSUN,55,28.596498,20.346498,0.0,11.304229,0.0,73.40901,1007.6548,24.8,Clear sky
2018-08-17 21:00:00+00:00,SAMSUN,55,29.446499,21.696499,2.8,21.980644,55.0,71.27041,1006.65436,19.36,Drizzle: Dense
2018-08-18 21:00:00+00:00,SAMSUN,55,29.7465,23.596498,0.0,28.948118,1.0,64.39816,1007.956,23.84,Mainly clear
2018-08-19 21:00:00+00:00,SAMSUN,55,29.446499,22.3965,0.0,20.674158,0.0,62.367035,1008.9025,23.34,Clear sky
2018-08-20 21:00:00+00:00,SAMSUN,55,28.2465,20.0465,0.0,12.984975,1.0,62.49887,1009.9848,22.57,Mainly clear
2018-08-21 21:00:00+00:00,SAMSUN,55,28.7965,21.846498,0.0,19.469975,1.0,61.78007,1012.43896,23.48,Mainly clear
2018-08-22 21:00:00+00:00,SAMSUN,55,29.3965,20.446499,0.0,13.896187,2.0,60.65408,1011.89545,23.65,Partly cloudy
2018-08-23 21:00:00+00:00,SAMSUN,55,28.846498,21.346498,0.0,10.97262,0.0,64.61447,1009.3398,23.76,Clear sky
2018-08-24 21:00:00+00:00,SAMSUN,55,29.2965,20.5465,0.0,13.324863,0.0,73.84357,1007.2111,23.27,Clear sky
2018-08-25 21:00:00+00:00,SAMSUN,55,28.0465,21.9965,0.0,13.089354,3.0,79.64481,1005.7474,21.91,Overcast
2018-08-26 21:00:00+00:00,SAMSUN,55,28.696499,21.3965,0.0,10.948973,2.0,76.91786,1004.8049,22.56,Partly cloudy
2018-08-27 21:00:00+00:00,SAMSUN,55,28.7465,21.7965,0.0,12.229406,1.0,72.292,1006.3884,23.02,Mainly clear
2018-08-28 21:00:00+00:00,SAMSUN,55,28.0465,21.3965,1.5000001,13.779114,51.0,81.273895,1007.8662,15.5,Drizzle: Light
2018-08-29 21:00:00+00:00,SAMSUN,55,29.846498,23.346498,0.0,23.83896,3.0,68.61874,1009.3948,18.94,Overcast
2018-08-30 21:00:00+00:00,SAMSUN,55,29.346498,22.8965,0.4,14.973576,51.0,72.68924,1012.5324,18.44,Drizzle: Light
2018-08-31 21:00:00+00:00,SAMSUN,55,30.7965,22.096498,0.0,13.830749,0.0,60.55267,1012.84515,22.6,Clear sky
2018-09-01 21:00:00+00:00,SAMSUN,55,28.1465,20.9965,4.0,18.0036,53.0,72.91998,1012.09546,17.22,Drizzle: Moderate
2018-09-02 21:00:00+00:00,SAMSUN,55,27.846498,22.346498,2.6000001,16.62249,53.0,77.37845,1009.66754,17.72,Drizzle: Moderate
2018-09-03 21:00:00+00:00,SAMSUN,55,28.7465,20.3965,0.0,16.418526,1.0,75.1726,1007.04364,21.74,Mainly clear
2018-09-04 21:00:00+00:00,SAMSUN,55,27.846498,21.7465,0.4,17.377226,51.0,84.31187,1005.4372,14.36,Drizzle: Light
2018-09-05 21:00:00+00:00,SAMSUN,55,28.196499,21.4965,3.1000001,17.298738,61.0,78.65708,1002.2441,15.77,Rain: Slight
2018-09-06 21:00:00+00:00,SAMSUN,55,27.3965,19.696499,5.5999994,19.174856,61.0,71.19335,1005.0296,18.15,Rain: Slight
2018-09-07 21:00:00+00:00,SAMSUN,55,29.3965,21.2465,1.2,21.42227,53.0,60.81976,1009.2497,18.91,Drizzle: Moderate
2018-09-08 21:00:00+00:00,SAMSUN,55,24.6465,19.196499,2.1000001,16.1198,51.0,77.80277,1012.73785,14.35,Drizzle: Light
2018-09-09 21:00:00+00:00,SAMSUN,55,24.5465,18.8965,0.2,11.885453,51.0,72.37401,1013.29816,16.66,Drizzle: Light
2018-09-10 21:00:00+00:00,SAMSUN,55,22.5465,18.446499,4.3999996,9.422101,63.0,79.04441,1016.2673,15.19,Rain: Moderate
2018-09-11 21:00:00+00:00,SAMSUN,55,24.096498,17.596498,1.2,15.408671,51.0,81.072815,1017.93536,14.43,Drizzle: Light
2018-09-12 21:00:00+00:00,SAMSUN,55,24.946499,21.3965,2.4999998,15.484185,53.0,84.21349,1012.7847,10.06,Drizzle: Moderate
2018-09-13 21:00:00+00:00,SAMSUN,55,27.2465,19.946499,11.4,14.154915,63.0,83.97999,1008.054,13.17,Rain: Moderate
2018-09-14 21:00:00+00:00,SAMSUN,55,23.946499,18.9965,7.0,11.726277,63.0,80.07833,1011.2,15.58,Rain: Moderate
2018-09-15 21:00:00+00:00,SAMSUN,55,26.3965,17.946499,1.4000001,16.831684,51.0,69.565506,1014.85645,15.75,Drizzle: Light
2018-09-16 21:00:00+00:00,SAMSUN,55,22.4965,18.4965,19.6,19.969458,63.0,85.70889,1018.395,12.78,Rain: Moderate
2018-09-17 21:00:00+00:00,SAMSUN,55,21.4965,17.2465,1.1,12.522619,55.0,67.81101,1019.96436,18.16,Drizzle: Dense
2018-09-18 21:00:00+00:00,SAMSUN,55,21.696499,13.8465,0.0,11.298495,2.0,69.33761,1020.0462,19.13,Partly cloudy
2018-09-19 21:00:00+00:00,SAMSUN,55,22.7465,15.146501,0.0,11.246759,2.0,73.76754,1017.3181,18.28,Partly cloudy
2018-09-20 21:00:00+00:00,SAMSUN,55,23.096498,17.1465,0.0,9.220499,3.0,76.99219,1014.9311,13.34,Overcast
2018-09-21 21:00:00+00:00,SAMSUN,55,24.596498,17.0465,0.0,13.004922,1.0,76.48721,1014.3427,18.78,Mainly clear
2018-09-22 21:00:00+00:00,SAMSUN,55,26.4965,17.096498,0.0,14.799459,3.0,67.85612,1015.99457,18.74,Overcast
2018-09-23 21:00:00+00:00,SAMSUN,55,26.596498,16.3965,0.0,16.1198,0.0,69.4301,1013.5789,18.78,Clear sky
2018-09-24 21:00:00+00:00,SAMSUN,55,24.5465,16.0965,3.2000003,30.827856,53.0,66.08355,1013.387,13.69,Drizzle: Moderate
2018-09-25 21:00:00+00:00,SAMSUN,55,15.9465,14.3465,19.400002,20.497883,63.0,83.16132,1023.8022,3.42,Rain: Moderate
2018-09-26 21:00:00+00:00,SAMSUN,55,17.946499,14.0465,5.2999997,12.88981,53.0,72.73139,1024.7701,6.62,Drizzle: Moderate
2018-09-27 21:00:00+00:00,SAMSUN,55,19.0465,13.646501,0.0,10.630672,3.0,76.5132,1020.1053,8.5,Overcast
2018-09-28 21:00:00+00:00,SAMSUN,55,22.846498,13.5465,0.0,13.450708,3.0,78.71305,1013.6237,17.37,Overcast
2018-09-29 21:00:00+00:00,SAMSUN,55,21.4965,18.096498,9.600001,18.861387,61.0,90.68122,1014.58417,5.77,Rain: Slight
2018-09-30 21:00:00+00:00,SAMSUN,55,25.7465,19.4965,1.4,15.175612,53.0,89.43769,1010.90497,11.88,Drizzle: Moderate
2018-10-01 21:00:00+00:00,SAMSUN,55,23.5465,18.1465,1.2,15.4800005,51.0,80.47122,1013.4646,10.77,Drizzle: Light
2018-10-02 21:00:00+00:00,SAMSUN,55,24.096498,18.1465,0.1,11.525623,51.0,86.346245,1016.53125,15.17,Drizzle: Light
2018-10-03 21:00:00+00:00,SAMSUN,55,20.196499,16.7465,5.9,20.371038,53.0,82.544975,1019.0757,5.82,Drizzle: Moderate
2018-10-04 21:00:00+00:00,SAMSUN,55,16.7965,14.8465,0.9000001,14.021525,51.0,74.2907,1027.6879,8.88,Drizzle: Light
2018-10-05 21:00:00+00:00,SAMSUN,55,17.7465,12.646501,1.2,19.586117,53.0,73.622154,1026.0441,12.09,Drizzle: Moderate
2018-10-06 21:00:00+00:00,SAMSUN,55,19.596498,13.0965,0.0,12.57426,3.0,73.5323,1017.43994,16.01,Overcast
2018-10-07 21:00:00+00:00,SAMSUN,55,20.946499,12.5965,0.0,11.246759,3.0,76.50538,1014.2563,15.61,Overcast
2018-10-08 21:00:00+00:00,SAMSUN,55,19.346498,14.3465,0.6,8.161764,51.0,81.380806,1016.5516,7.94,Drizzle: Light
2018-10-09 21:00:00+00:00,SAMSUN,55,18.9965,16.7965,7.3,17.654688,61.0,81.7172,1017.0932,4.87,Rain: Slight
2018-10-10 21:00:00+00:00,SAMSUN,55,20.6465,15.396501,0.0,10.514218,3.0,83.302055,1017.49225,10.71,Overcast
2018-10-11 21:00:00+00:00,SAMSUN,55,21.6465,16.196499,0.2,13.1041975,51.0,86.33725,1018.7605,11.53,Drizzle: Light
2018-10-12 21:00:00+00:00,SAMSUN,55,20.2465,15.8465,1.0,8.766573,51.0,87.10791,1019.1695,5.0,Drizzle: Light
2018-10-13 21:00:00+00:00,SAMSUN,55,20.846498,17.0465,0.2,8.4963045,51.0,91.36728,1018.747,7.86,Drizzle: Light
2018-10-14 21:00:00+00:00,SAMSUN,55,21.446499,15.1965,0.0,7.8954163,3.0,82.11075,1018.5051,14.14,Overcast
2018-10-15 21:00:00+00:00,SAMSUN,55,21.1465,17.696499,1.7000002,14.05845,53.0,91.03739,1018.135,6.21,Drizzle: Moderate
2018-10-16 21:00:00+00:00,SAMSUN,55,20.596498,16.5965,0.0,10.296251,3.0,88.0126,1016.50366,11.19,Overcast
2018-10-17 21:00:00+00:00,SAMSUN,55,21.3965,16.2465,0.0,7.729527,3.0,90.583595,1014.239,13.12,Overcast
2018-10-18 21:00:00+00:00,SAMSUN,55,21.596498,15.7965,0.0,8.435069,3.0,89.05775,1014.0673,11.94,Overcast
2018-10-19 21:00:00+00:00,SAMSUN,55,20.8965,18.0465,1.9,11.592894,61.0,89.46665,1014.0573,6.63,Rain: Slight
2018-10-20 21:00:00+00:00,SAMSUN,55,19.7965,16.4965,6.2000003,12.371645,55.0,90.64982,1012.24994,6.28,Drizzle: Dense
2018-10-21 21:00:00+00:00,SAMSUN,55,19.5465,16.696499,4.2999997,9.605998,55.0,82.15045,1016.2481,8.95,Drizzle: Dense
2018-10-22 21:00:00+00:00,SAMSUN,55,19.946499,14.3465,0.0,11.525623,3.0,87.36606,1014.9449,11.0,Overcast
2018-10-23 21:00:00+00:00,SAMSUN,55,22.2465,14.9465,0.1,11.019764,51.0,84.98207,1002.4571,5.66,Drizzle: Light
2018-10-24 21:00:00+00:00,SAMSUN,55,16.5465,10.6965,51.700005,29.74306,63.0,86.938324,1000.17896,0.93,Rain: Moderate
2018-10-25 21:00:00+00:00,SAMSUN,55,16.0465,9.4465,0.3,15.629971,51.0,65.66415,1013.0739,10.25,Drizzle: Light
2018-10-26 21:00:00+00:00,SAMSUN,55,19.8965,11.0465,0.0,16.299694,2.0,56.38956,1021.6075,13.03,Partly cloudy
2018-10-27 21:00:00+00:00,SAMSUN,55,22.7465,13.6965,0.0,27.757376,2.0,50.9391,1022.45404,13.02,Partly cloudy
2018-10-28 21:00:00+00:00,SAMSUN,55,23.196499,13.7965,0.0,27.248455,2.0,58.627167,1021.3216,12.89,Partly cloudy
2018-10-29 21:00:00+00:00,SAMSUN,55,24.096498,13.8465,0.0,26.009844,3.0,59.760605,1020.4021,12.74,Overcast
2018-10-30 21:00:00+00:00,SAMSUN,55,21.846498,12.9465,0.0,20.12461,3.0,65.3028,1022.6359,11.01,Overcast
2018-10-31 21:00:00+00:00,SAMSUN,55,19.846498,11.5965,0.0,9.726664,3.0,79.87607,1025.707,10.48,Overcast
2018-11-01 21:00:00+00:00,SAMSUN,55,18.1465,10.646501,0.0,9.387651,2.0,78.267296,1024.9669,10.89,Partly cloudy
2018-11-02 21:00:00+00:00,SAMSUN,55,17.196499,12.2465,0.0,7.9932966,2.0,82.057274,1023.92334,9.05,Partly cloudy
2018-11-03 21:00:00+00:00,SAMSUN,55,18.5465,12.6965,0.0,9.227524,2.0,86.48194,1022.4847,11.03,Partly cloudy
2018-11-04 21:00:00+00:00,SAMSUN,55,17.946499,12.0465,0.0,18.345877,2.0,78.67392,1018.9433,9.36,Partly cloudy
2018-11-05 21:00:00+00:00,SAMSUN,55,16.5965,13.2465,0.5,14.336861,51.0,78.510544,1018.36005,5.9,Drizzle: Light
2018-11-06 21:00:00+00:00,SAMSUN,55,17.446499,11.646501,0.0,11.966954,2.0,81.97834,1019.46875,9.31,Partly cloudy
2018-11-07 21:00:00+00:00,SAMSUN,55,17.696499,10.146501,0.1,15.530151,51.0,80.96544,1018.39484,10.23,Drizzle: Light
2018-11-08 21:00:00+00:00,SAMSUN,55,16.8965,11.4465,0.3,11.090103,51.0,85.11709,1018.4694,8.28,Drizzle: Light
2018-11-09 21:00:00+00:00,SAMSUN,55,16.5965,11.396501,0.0,8.534353,3.0,84.7033,1018.4612,10.22,Overcast
2018-11-10 21:00:00+00:00,SAMSUN,55,16.9965,10.8465,1.1,9.0,51.0,84.84014,1020.1033,8.27,Drizzle: Light
2018-11-11 21:00:00+00:00,SAMSUN,55,14.646501,11.5965,12.6,19.453327,63.0,86.34803,1023.9357,2.12,Rain: Moderate
2018-11-12 21:00:00+00:00,SAMSUN,55,11.4465,8.3965,1.3000002,15.990646,51.0,78.123985,1026.13,2.07,Drizzle: Light
2018-11-13 21:00:00+00:00,SAMSUN,55,10.9965,6.4965,0.8,11.923557,51.0,73.517876,1020.20215,8.6,Drizzle: Light
2018-11-14 21:00:00+00:00,SAMSUN,55,12.896501,6.5965004,0.0,17.654688,3.0,71.42635,1015.9426,5.31,Overcast
2018-11-15 21:00:00+00:00,SAMSUN,55,11.3465,5.5465,1.1000001,10.296251,51.0,79.28597,1017.413,4.5,Drizzle: Light
2018-11-16 21:00:00+00:00,SAMSUN,55,14.8465,8.2465,0.1,19.453327,51.0,68.29816,1024.2473,9.5,Drizzle: Light
2018-11-17 21:00:00+00:00,SAMSUN,55,14.1965,7.5465,0.0,14.332341,3.0,77.636925,1021.89386,8.94,Overcast
2018-11-18 21:00:00+00:00,SAMSUN,55,19.7965,7.4965,0.0,30.192822,3.0,65.98138,1014.82837,7.98,Overcast
2018-11-19 21:00:00+00:00,SAMSUN,55,17.196499,12.6965,1.8000001,32.61727,51.0,79.27056,1017.8514,5.99,Drizzle: Light
2018-11-20 21:00:00+00:00,SAMSUN,55,15.4965,12.5465,4.2999997,11.043261,53.0,93.69381,1014.85394,4.06,Drizzle: Moderate
2018-11-21 21:00:00+00:00,SAMSUN,55,13.1965,10.3465,29.199999,16.808569,63.0,93.97089,1012.4204,1.3,Rain: Moderate
2018-11-22 21:00:00+00:00,SAMSUN,55,9.9965,7.3465004,4.2999997,15.629972,53.0,79.78426,1020.831,3.64,Drizzle: Moderate
2018-11-23 21:00:00+00:00,SAMSUN,55,10.5965,6.5465,0.5,9.957108,51.0,81.76054,1024.1262,4.71,Drizzle: Light
2018-11-24 21:00:00+00:00,SAMSUN,55,13.146501,5.9465,0.0,16.299694,0.0,74.94918,1019.0411,9.37,Clear sky
2018-11-25 21:00:00+00:00,SAMSUN,55,17.2465,6.4465,0.4,30.0767,51.0,56.09406,1011.65106,9.04,Drizzle: Light
2018-11-26 21:00:00+00:00,SAMSUN,55,18.8965,15.896501,0.1,34.114628,51.0,52.93805,1009.11255,4.17,Drizzle: Light
2018-11-27 21:00:00+00:00,SAMSUN,55,19.2965,14.896501,0.4,30.154163,51.0,62.954014,1008.59796,1.75,Drizzle: Light
2018-11-28 21:00:00+00:00,SAMSUN,55,14.2965,8.5465,14.899999,18.692286,61.0,91.51763,1017.0108,1.45,Rain: Slight
2018-11-29 21:00:00+00:00,SAMSUN,55,10.3465,8.2965,4.8,9.726664,63.0,87.52145,1016.19995,2.74,Rain: Moderate
2018-11-30 21:00:00+00:00,SAMSUN,55,10.4465,8.6465,2.9,17.377226,51.0,85.30503,1018.1758,1.33,Drizzle: Light
2018-12-01 21:00:00+00:00,SAMSUN,55,12.2465,7.3964996,0.1,11.631956,51.0,85.579765,1021.40576,6.36,Drizzle: Light
2018-12-02 21:00:00+00:00,SAMSUN,55,13.5965,6.8964996,0.0,13.746156,3.0,81.6861,1017.61743,8.54,Overcast
2018-12-03 21:00:00+00:00,SAMSUN,55,15.7465,7.0465,0.1,15.273505,51.0,74.92051,1011.3768,7.35,Drizzle: Light
2018-12-04 21:00:00+00:00,SAMSUN,55,14.6965,11.0965,1.2000002,19.862083,51.0,79.27535,1009.3332,4.77,Drizzle: Light
2018-12-05 21:00:00+00:00,SAMSUN,55,11.4965,8.6465,9.0,18.892282,61.0,88.22077,1012.868,1.76,Rain: Slight
2018-12-06 21:00:00+00:00,SAMSUN,55,9.146501,5.9965,12.9,25.864943,61.0,85.69568,1015.75665,1.38,Rain: Slight
2018-12-07 21:00:00+00:00,SAMSUN,55,9.896501,4.2465,0.2,12.218805,51.0,76.21902,1016.9632,7.03,Drizzle: Light
2018-12-08 21:00:00+00:00,SAMSUN,55,15.0465,6.2965,0.0,24.72495,3.0,52.863785,1012.1814,8.04,Overcast
2018-12-09 21:00:00+00:00,SAMSUN,55,14.396501,9.4965,1.0,18.532133,51.0,65.410095,1006.30054,2.81,Drizzle: Light
2018-12-10 21:00:00+00:00,SAMSUN,55,15.4965,8.8465,0.5,44.645805,51.0,55.923786,1001.8198,7.49,Drizzle: Light
2018-12-11 21:00:00+00:00,SAMSUN,55,8.8465,5.9465,7.9000006,16.363178,53.0,78.90501,1011.5007,1.51,Drizzle: Moderate
2018-12-12 21:00:00+00:00,SAMSUN,55,9.9965,4.6464996,3.9,22.66857,53.0,69.467705,1019.41376,6.22,Drizzle: Moderate
2018-12-13 21:00:00+00:00,SAMSUN,55,11.646501,4.9965,2.0,22.148046,73.0,55.95163,1021.9194,5.72,Snow fall: Moderate
2018-12-14 21:00:00+00:00,SAMSUN,55,16.6465,6.2465,0.0,14.529915,3.0,68.611786,1021.12335,7.69,Overcast
2018-12-15 21:00:00+00:00,SAMSUN,55,15.1965,10.146501,0.0,18.328207,3.0,66.32747,1017.79816,5.17,Overcast
2018-12-16 21:00:00+00:00,SAMSUN,55,15.9465,9.9465,0.0,16.055355,3.0,65.85358,1012.60065,5.98,Overcast
2018-12-17 21:00:00+00:00,SAMSUN,55,13.7465,8.4465,0.0,11.384198,3.0,79.54966,1015.83374,5.98,Overcast
2018-12-18 21:00:00+00:00,SAMSUN,55,13.0965,8.2965,0.6,12.88981,51.0,80.191696,1013.3409,2.02,Drizzle: Light
2018-12-19 21:00:00+00:00,SAMSUN,55,10.896501,9.646501,5.6999984,24.29133,55.0,85.76496,1019.3437,1.65,Drizzle: Dense
2018-12-20 21:00:00+00:00,SAMSUN,55,10.0965,8.6965,0.3,10.00256,51.0,90.17236,1025.4857,2.87,Drizzle: Light
2018-12-21 21:00:00+00:00,SAMSUN,55,11.4465,6.2965,0.0,10.464797,3.0,87.36499,1021.05396,5.42,Overcast
2018-12-22 21:00:00+00:00,SAMSUN,55,13.5465,7.7965,3.1,10.703569,53.0,72.3067,1015.8033,4.22,Drizzle: Moderate
2018-12-23 21:00:00+00:00,SAMSUN,55,11.896501,5.8465004,3.8999999,31.32207,55.0,72.016914,1016.7793,6.94,Drizzle: Dense
2018-12-24 21:00:00+00:00,SAMSUN,55,12.4965,3.5465,26.900002,36.152676,73.0,67.49863,1011.0415,1.25,Snow fall: Moderate
2018-12-25 21:00:00+00:00,SAMSUN,55,6.0965004,1.6465,15.2,16.485485,75.0,83.55274,1017.7116,4.06,Snow fall: Heavy
2018-12-26 21:00:00+00:00,SAMSUN,55,7.5465,0.14649999,0.5,15.546833,51.0,65.02125,1017.41925,8.0,Drizzle: Light
2018-12-27 21:00:00+00:00,SAMSUN,55,7.2965,3.2965,0.90000004,20.620804,51.0,70.26296,1019.8164,3.85,Drizzle: Light
2018-12-28 21:00:00+00:00,SAMSUN,55,8.0965,2.8965,0.0,25.96496,3.0,54.91325,1017.18896,5.31,Overcast
2018-12-29 21:00:00+00:00,SAMSUN,55,8.2965,3.5965,0.5,25.02971,51.0,58.150043,1018.42145,5.97,Drizzle: Light
2018-12-30 21:00:00+00:00,SAMSUN,55,8.9465,2.6964998,0.2,19.8,51.0,65.72038,1021.5893,8.06,Drizzle: Light
2018-12-31 21:00:00+00:00,SAMSUN,55,8.6965,1.9465,0.0,19.85556,3.0,63.18625,1022.53644,8.23,Overcast
2019-01-01 21:00:00+00:00,SAMSUN,55,10.1965,3.2465,0.0,16.575644,3.0,63.673862,1010.8012,2.16,Overcast
2019-01-02 21:00:00+00:00,SAMSUN,55,10.9965,6.3465004,0.5,13.854155,51.0,84.516594,1009.281,6.9,Drizzle: Light
2019-01-03 21:00:00+00:00,SAMSUN,55,14.1965,5.0965004,5.2000003,33.121956,61.0,72.55406,1009.9451,6.08,Rain: Slight
2019-01-04 21:00:00+00:00,SAMSUN,55,7.3465004,4.2965,7.0,14.05845,61.0,85.10265,1015.4873,2.58,Rain: Slight
2019-01-05 21:00:00+00:00,SAMSUN,55,7.6464996,3.4965,18.4,20.291357,75.0,86.38416,1003.6748,1.55,Snow fall: Heavy
2019-01-06 21:00:00+00:00,SAMSUN,55,8.0965,0.8965,1.8000001,20.724247,53.0,66.28791,1011.36597,8.48,Drizzle: Moderate
2019-01-07 21:00:00+00:00,SAMSUN,55,3.4465,1.3965,14.2,22.26477,73.0,85.84357,1012.4543,1.23,Snow fall: Moderate
2019-01-08 21:00:00+00:00,SAMSUN,55,6.3964996,2.0465,1.1,30.25928,73.0,62.407795,1014.6079,8.79,Snow fall: Moderate
2019-01-09 21:00:00+00:00,SAMSUN,55,9.0965,0.99649996,0.0,51.182076,3.0,38.36997,1015.6926,3.97,Overcast
2019-01-10 21:00:00+00:00,SAMSUN,55,13.896501,6.3964996,0.0,51.171944,3.0,43.031727,1013.57806,7.89,Overcast
2019-01-11 21:00:00+00:00,SAMSUN,55,10.6965,4.8964996,0.1,13.584932,51.0,68.70269,1011.59204,7.11,Drizzle: Light
2019-01-12 21:00:00+00:00,SAMSUN,55,9.146501,5.2965,1.8000002,9.387651,51.0,82.29461,1007.4573,3.03,Drizzle: Light
2019-01-13 21:00:00+00:00,SAMSUN,55,12.9965,3.4465,0.0,15.30741,3.0,67.083275,1002.3332,8.28,Overcast
2019-01-14 21:00:00+00:00,SAMSUN,55,13.3465,6.7465,1.8000001,20.018072,53.0,59.52232,998.71014,3.57,Drizzle: Moderate
2019-01-15 21:00:00+00:00,SAMSUN,55,10.9965,2.5965,13.7,29.68636,73.0,79.971985,1005.94214,1.79,Snow fall: Moderate
2019-01-16 21:00:00+00:00,SAMSUN,55,6.4965,1.9465,0.4,20.390114,71.0,64.98209,1016.1907,3.98,Snow fall: Slight
2019-01-17 21:00:00+00:00,SAMSUN,55,10.2465,2.5965,0.0,34.897724,2.0,56.34434,1020.045,9.73,Partly cloudy
2019-01-18 21:00:00+00:00,SAMSUN,55,10.646501,4.1464996,0.0,36.23682,3.0,50.275066,1019.24994,9.2,Overcast
2019-01-19 21:00:00+00:00,SAMSUN,55,12.896501,4.5965,0.0,28.775238,1.0,53.766277,1020.01807,9.61,Mainly clear
2019-01-20 21:00:00+00:00,SAMSUN,55,13.7465,6.5965004,0.5,34.366333,51.0,50.854366,1015.2561,9.12,Drizzle: Light
2019-01-21 21:00:00+00:00,SAMSUN,55,7.4465,4.4965,6.4,10.086427,55.0,88.73504,1018.48267,1.54,Drizzle: Dense
2019-01-22 21:00:00+00:00,SAMSUN,55,14.9465,3.1464999,0.0,29.07989,3.0,63.34688,1011.84406,9.74,Overcast
2019-01-23 21:00:00+00:00,SAMSUN,55,14.646501,9.3465,0.0,33.74796,3.0,47.553936,1005.69696,5.23,Overcast
2019-01-24 21:00:00+00:00,SAMSUN,55,16.1465,10.146501,0.1,26.674032,51.0,54.783222,1007.6469,9.24,Drizzle: Light
2019-01-25 21:00:00+00:00,SAMSUN,55,16.196499,8.9965,0.0,22.238562,3.0,55.88856,1005.1879,6.25,Overcast
2019-01-26 21:00:00+00:00,SAMSUN,55,14.2965,7.8964996,0.6,23.557316,51.0,73.06619,1004.6812,5.25,Drizzle: Light
2019-01-27 21:00:00+00:00,SAMSUN,55,11.3465,7.3465004,0.5,11.753877,51.0,92.326935,1010.288,9.08,Drizzle: Light
2019-01-28 21:00:00+00:00,SAMSUN,55,16.196499,6.7465,0.0,14.003028,3.0,62.07082,1012.0383,10.44,Overcast
2019-01-29 21:00:00+00:00,SAMSUN,55,15.6965,8.0965,0.0,16.676977,3.0,52.16475,1009.34204,7.0,Overcast
2019-01-30 21:00:00+00:00,SAMSUN,55,17.446499,10.8465,0.0,30.566095,3.0,50.39082,1007.4397,10.47,Overcast
2019-01-31 21:00:00+00:00,SAMSUN,55,13.2465,7.7465,1.7,30.652895,53.0,67.28534,1010.3421,7.14,Drizzle: Moderate
2019-02-01 21:00:00+00:00,SAMSUN,55,13.9965,6.8964996,3.1000004,19.453327,55.0,68.76217,1019.2307,6.79,Drizzle: Dense
2019-02-02 21:00:00+00:00,SAMSUN,55,16.2965,7.0965004,0.0,24.693481,2.0,54.919582,1020.25055,11.49,Partly cloudy
2019-02-03 21:00:00+00:00,SAMSUN,55,16.196499,8.2965,0.0,24.216522,3.0,61.097717,1021.1867,11.28,Overcast
2019-02-04 21:00:00+00:00,SAMSUN,55,18.0465,8.9965,0.0,22.45315,2.0,49.713123,1019.5551,11.52,Partly cloudy
2019-02-05 21:00:00+00:00,SAMSUN,55,17.7965,9.4465,2.0,26.758923,55.0,48.080593,1014.51807,6.36,Drizzle: Dense
2019-02-06 21:00:00+00:00,SAMSUN,55,12.1965,6.9465,6.7999997,9.531505,61.0,87.92867,1014.59326,2.06,Rain: Slight
2019-02-07 21:00:00+00:00,SAMSUN,55,9.3465,6.3964996,0.4,11.304229,51.0,89.90798,1015.11206,7.06,Drizzle: Light
2019-02-08 21:00:00+00:00,SAMSUN,55,8.6965,6.4965,1.7000002,12.324414,51.0,89.00822,1017.15234,2.92,Drizzle: Light
2019-02-09 21:00:00+00:00,SAMSUN,55,7.2965,6.2465,1.1000001,9.9571085,51.0,90.63611,1020.19946,1.89,Drizzle: Light
2019-02-10 21:00:00+00:00,SAMSUN,55,13.9965,4.0465,0.0,12.641076,3.0,73.837425,1017.00507,12.51,Overcast
2019-02-11 21:00:00+00:00,SAMSUN,55,17.5465,9.146501,0.0,27.492311,2.0,50.283367,1011.6626,12.53,Partly cloudy
2019-02-12 21:00:00+00:00,SAMSUN,55,11.4965,7.2465,0.0,21.897945,3.0,80.62634,1019.04535,8.18,Overcast
2019-02-13 21:00:00+00:00,SAMSUN,55,7.4965,4.7965,5.0999994,15.84,53.0,90.92996,1019.5838,2.25,Drizzle: Moderate
2019-02-14 21:00:00+00:00,SAMSUN,55,7.0965004,4.9465,2.7000003,21.533897,51.0,83.313095,1017.5069,3.19,Drizzle: Light
2019-02-15 21:00:00+00:00,SAMSUN,55,7.2965,3.2465,0.4,15.876775,51.0,79.82526,1022.549,4.04,Drizzle: Light
2019-02-16 21:00:00+00:00,SAMSUN,55,7.9465,1.9965,0.0,13.237038,3.0,78.44675,1024.0779,12.17,Overcast
2019-02-17 21:00:00+00:00,SAMSUN,55,12.0965,3.5965,0.2,21.485697,51.0,75.02227,1019.1757,13.5,Drizzle: Light
2019-02-18 21:00:00+00:00,SAMSUN,55,8.8465,3.4465,0.1,11.966954,51.0,80.32484,1022.5562,6.79,Drizzle: Light
2019-02-19 21:00:00+00:00,SAMSUN,55,12.396501,3.0465,0.0,15.124284,0.0,74.860504,1018.0389,14.01,Clear sky
2019-02-20 21:00:00+00:00,SAMSUN,55,11.896501,5.4465,0.0,17.581125,3.0,70.98982,1018.3682,12.68,Overcast
2019-02-21 21:00:00+00:00,SAMSUN,55,9.9465,4.3465,0.0,16.039202,3.0,77.83259,1017.00586,11.9,Overcast
2019-02-22 21:00:00+00:00,SAMSUN,55,10.7965,4.6464996,1.7,13.32,51.0,83.06462,1017.6596,11.88,Drizzle: Light
2019-02-23 21:00:00+00:00,SAMSUN,55,6.7465,4.7465,5.1,14.007655,53.0,90.12198,1027.0077,2.57,Drizzle: Moderate
2019-02-24 21:00:00+00:00,SAMSUN,55,6.5965004,4.3465,0.2,9.36,51.0,87.32013,1027.2822,6.08,Drizzle: Light
2019-02-25 21:00:00+00:00,SAMSUN,55,7.7465,1.5964999,0.5,12.218805,51.0,86.51179,1014.419,12.83,Drizzle: Light
2019-02-26 21:00:00+00:00,SAMSUN,55,6.4965,3.5965,2.5999997,16.79314,51.0,82.700806,1007.3682,5.21,Drizzle: Light
2019-02-27 21:00:00+00:00,SAMSUN,55,6.9965,2.2465,0.6,18.161278,71.0,78.57814,1009.24457,12.12,Snow fall: Slight
2019-02-28 21:00:00+00:00,SAMSUN,55,14.9965,2.5465,0.0,31.828968,3.0,58.378887,1004.65094,14.05,Overcast
2019-03-01 21:00:00+00:00,SAMSUN,55,11.9965,4.8465,5.0999994,19.881649,61.0,83.93051,1006.20245,9.64,Rain: Slight
2019-03-02 21:00:00+00:00,SAMSUN,55,5.6965,4.2965,0.1,16.831684,51.0,73.75961,1017.0239,4.85,Drizzle: Light
2019-03-03 21:00:00+00:00,SAMSUN,55,8.9465,0.74649996,0.0,14.372974,2.0,79.97576,1016.31696,16.59,Partly cloudy
2019-03-04 21:00:00+00:00,SAMSUN,55,18.8965,3.6464999,0.0,18.59845,3.0,59.384537,1012.492,16.17,Overcast
2019-03-05 21:00:00+00:00,SAMSUN,55,15.4965,8.3465,7.1000004,17.974781,63.0,69.989555,1014.64764,9.3,Rain: Moderate
2019-03-06 21:00:00+00:00,SAMSUN,55,11.646501,4.5965,1.1,23.83624,51.0,78.17017,1022.6928,15.24,Drizzle: Light
2019-03-07 21:00:00+00:00,SAMSUN,55,15.5965,4.5465,0.0,21.533897,1.0,62.01396,1023.90204,17.41,Mainly clear
2019-03-08 21:00:00+00:00,SAMSUN,55,20.346498,8.9965,0.0,30.30208,3.0,47.658085,1019.3513,15.91,Overcast
2019-03-09 21:00:00+00:00,SAMSUN,55,18.446499,9.4965,0.0,21.385939,3.0,58.641674,1014.7089,15.45,Overcast
2019-03-10 21:00:00+00:00,SAMSUN,55,20.9965,9.396501,0.0,29.810522,3.0,67.42495,1011.6053,13.49,Overcast
2019-03-11 21:00:00+00:00,SAMSUN,55,19.346498,9.2465,0.0,28.373846,3.0,63.36798,1007.00854,7.8,Overcast
2019-03-12 21:00:00+00:00,SAMSUN,55,13.396501,6.5965004,4.3,23.023117,53.0,87.72793,1010.7789,7.38,Drizzle: Moderate
2019-03-13 21:00:00+00:00,SAMSUN,55,9.4965,5.3465004,1.4,14.986553,51.0,86.14316,1011.4853,9.53,Drizzle: Light
2019-03-14 21:00:00+00:00,SAMSUN,55,9.0465,4.8465,3.7999997,8.049845,55.0,93.58854,1006.2486,7.85,Drizzle: Dense
2019-03-15 21:00:00+00:00,SAMSUN,55,8.6465,5.7465,10.200001,12.904882,61.0,86.79651,1009.8454,4.63,Rain: Slight
2019-03-16 21:00:00+00:00,SAMSUN,55,11.6965,5.4465,2.5,22.89611,53.0,70.951164,1013.76227,16.19,Drizzle: Moderate
2019-03-17 21:00:00+00:00,SAMSUN,55,11.896501,4.8465,0.0,17.072504,1.0,66.998985,1019.4932,18.49,Mainly clear
2019-03-18 21:00:00+00:00,SAMSUN,55,12.3465,2.1964998,0.0,13.202726,0.0,75.8041,1019.00507,19.39,Clear sky
2019-03-19 21:00:00+00:00,SAMSUN,55,11.2965,3.1965,0.0,7.8625183,1.0,82.122444,1019.435,19.41,Mainly clear
2019-03-20 21:00:00+00:00,SAMSUN,55,11.8465,3.8465,0.0,16.862455,3.0,79.46006,1024.3951,11.69,Overcast
2019-03-21 21:00:00+00:00,SAMSUN,55,11.0965,4.6464996,0.1,15.978486,51.0,74.255646,1025.1313,12.79,Drizzle: Light
2019-03-22 21:00:00+00:00,SAMSUN,55,13.396501,4.6464996,6.6,25.460934,61.0,72.47416,1017.3577,7.87,Rain: Slight
2019-03-23 21:00:00+00:00,SAMSUN,55,7.7465,3.0965,1.6000001,17.339897,51.0,77.069145,1018.41504,14.68,Drizzle: Light
2019-03-24 21:00:00+00:00,SAMSUN,55,7.5965004,2.2965,0.70000005,12.864649,51.0,81.4365,1015.66925,14.07,Drizzle: Light
2019-03-25 21:00:00+00:00,SAMSUN,55,9.9465,1.2465,0.0,14.917212,0.0,75.01697,1011.4631,20.87,Clear sky
2019-03-26 21:00:00+00:00,SAMSUN,55,10.396501,1.6965,0.4,13.32,51.0,83.87329,1016.1692,17.42,Drizzle: Light
2019-03-27 21:00:00+00:00,SAMSUN,55,8.4465,5.5465,0.4,14.471821,51.0,73.38465,1023.67676,6.45,Drizzle: Light
2019-03-28 21:00:00+00:00,SAMSUN,55,6.9965,3.9465,3.7,13.849476,71.0,77.70597,1023.16943,10.41,Snow fall: Slight
2019-03-29 21:00:00+00:00,SAMSUN,55,7.7465,2.7965,1.5000001,17.57744,71.0,75.76364,1020.6006,16.71,Snow fall: Slight
2019-03-30 21:00:00+00:00,SAMSUN,55,9.2965,3.0465,0.2,8.0899935,71.0,73.56001,1013.92474,15.31,Snow fall: Slight
2019-03-31 21:00:00+00:00,SAMSUN,55,11.1965,2.7465,0.0,13.004922,3.0,75.34591,1008.90424,16.78,Overcast
2019-04-01 21:00:00+00:00,SAMSUN,55,13.0965,5.3465004,1.7000002,19.255793,53.0,77.76583,1012.7785,15.47,Drizzle: Moderate
2019-04-02 21:00:00+00:00,SAMSUN,55,10.896501,4.4465,0.1,15.463244,51.0,84.174225,1017.01495,12.19,Drizzle: Light
2019-04-03 21:00:00+00:00,SAMSUN,55,10.146501,5.7465,0.2,16.981165,51.0,85.91641,1017.20605,13.06,Drizzle: Light
2019-04-04 21:00:00+00:00,SAMSUN,55,11.0965,5.6464996,0.0,9.957108,3.0,93.2046,1015.6348,17.65,Overcast
2019-04-05 21:00:00+00:00,SAMSUN,55,15.8465,5.7465,0.0,9.028754,3.0,80.99661,1012.6194,21.96,Overcast
2019-04-06 21:00:00+00:00,SAMSUN,55,16.2965,7.4965,0.0,9.178235,3.0,77.0927,1009.6536,19.34,Overcast
2019-04-07 21:00:00+00:00,SAMSUN,55,19.6465,11.3465,0.0,14.113652,2.0,78.15039,1006.14044,19.98,Partly cloudy
2019-04-08 21:00:00+00:00,SAMSUN,55,25.196499,10.7465,0.3,24.248611,51.0,65.10069,1001.2028,20.51,Drizzle: Light
2019-04-09 21:00:00+00:00,SAMSUN,55,19.9965,12.7465,0.0,18.864824,3.0,65.30006,1004.65326,21.93,Overcast
2019-04-10 21:00:00+00:00,SAMSUN,55,18.6465,11.9465,4.0,19.862083,61.0,66.87227,1008.20386,16.06,Rain: Slight
2019-04-11 21:00:00+00:00,SAMSUN,55,20.3965,10.6965,0.0,15.716793,3.0,70.28599,1012.0271,19.72,Overcast
2019-04-12 21:00:00+00:00,SAMSUN,55,19.696499,10.5465,0.3,10.383987,51.0,79.44346,1012.9987,20.51,Drizzle: Light
2019-04-13 21:00:00+00:00,SAMSUN,55,16.6465,11.7965,7.9999995,9.585739,63.0,88.395775,1007.0574,17.51,Rain: Moderate
2019-04-14 21:00:00+00:00,SAMSUN,55,13.1965,9.0465,6.7999997,9.826088,61.0,92.40215,1010.6171,9.65,Rain: Slight
2019-04-15 21:00:00+00:00,SAMSUN,55,10.5465,9.1965,4.999999,12.287555,53.0,90.26058,1013.51685,5.22,Drizzle: Moderate
2019-04-16 21:00:00+00:00,SAMSUN,55,10.646501,8.1465,7.999999,22.159746,53.0,84.390076,1014.1402,6.9,Drizzle: Moderate
2019-04-17 21:00:00+00:00,SAMSUN,55,10.896501,8.0465,9.0,12.313894,55.0,86.12736,1016.1788,5.01,Drizzle: Dense
2019-04-18 21:00:00+00:00,SAMSUN,55,10.7965,6.0465,1.4000001,24.75638,51.0,79.3165,1015.4969,8.81,Drizzle: Light
2019-04-19 21:00:00+00:00,SAMSUN,55,9.9965,3.3964999,1.0,13.358861,51.0,73.93724,1016.6392,15.95,Drizzle: Light
2019-04-20 21:00:00+00:00,SAMSUN,55,10.0465,6.1965,7.9999995,16.311613,61.0,78.82487,1015.4973,6.75,Rain: Slight
2019-04-21 21:00:00+00:00,SAMSUN,55,11.3465,7.1965,0.4,25.277023,51.0,69.48913,1017.6953,6.18,Drizzle: Light
2019-04-22 21:00:00+00:00,SAMSUN,55,14.646501,6.0465,0.0,16.199999,3.0,70.97028,1024.4055,21.38,Overcast
2019-04-23 21:00:00+00:00,SAMSUN,55,15.5965,6.5965004,0.0,12.074766,3.0,78.2501,1025.7247,22.03,Overcast
2019-04-24 21:00:00+00:00,SAMSUN,55,15.1965,8.1965,0.0,10.799999,1.0,76.118324,1024.3829,25.58,Mainly clear
2019-04-25 21:00:00+00:00,SAMSUN,55,14.4465,7.3964996,0.0,8.161764,3.0,75.3628,1019.334,25.46,Overcast
2019-04-26 21:00:00+00:00,SAMSUN,55,15.0965,8.8465,0.0,6.989936,3.0,74.18818,1015.09515,24.46,Overcast
2019-04-27 21:00:00+00:00,SAMSUN,55,19.4965,10.146501,2.2,15.546833,61.0,85.16074,1010.6934,21.26,Rain: Slight
2019-04-28 21:00:00+00:00,SAMSUN,55,22.7465,13.7965,0.0,18.723461,3.0,76.82462,1011.6027,22.71,Overcast
2019-04-29 21:00:00+00:00,SAMSUN,55,25.9965,16.0965,1.2,19.373219,55.0,68.65776,1008.67865,22.77,Drizzle: Dense
2019-04-30 21:00:00+00:00,SAMSUN,55,22.596498,13.9965,0.0,19.09358,3.0,69.19387,1006.93945,24.72,Overcast
2019-05-01 21:00:00+00:00,SAMSUN,55,19.096498,11.7965,1.7,12.964998,53.0,73.9382,1007.5837,14.07,Drizzle: Moderate
2019-05-02 21:00:00+00:00,SAMSUN,55,15.2465,10.896501,1.7000002,9.227524,53.0,87.64624,1011.4803,15.49,Drizzle: Moderate
2019-05-03 21:00:00+00:00,SAMSUN,55,17.846498,10.0465,0.0,15.03835,1.0,79.55304,1012.647,24.16,Mainly clear
2019-05-04 21:00:00+00:00,SAMSUN,55,21.846498,11.1965,0.0,13.004922,3.0,75.953316,1009.8796,15.65,Overcast
2019-05-05 21:00:00+00:00,SAMSUN,55,20.4965,16.0465,0.0,18.328207,3.0,80.31497,1006.1684,24.08,Overcast
2019-05-06 21:00:00+00:00,SAMSUN,55,27.1465,14.2465,1.4000001,23.770906,55.0,69.7521,1003.6434,23.85,Drizzle: Dense
2019-05-07 21:00:00+00:00,SAMSUN,55,14.5965,12.5465,9.4,15.273505,55.0,85.72277,1009.9663,6.69,Drizzle: Dense
2019-05-08 21:00:00+00:00,SAMSUN,55,15.146501,11.2465,3.0999997,15.725037,55.0,83.20281,1013.2175,18.71,Drizzle: Dense
2019-05-09 21:00:00+00:00,SAMSUN,55,18.8965,10.396501,0.0,12.768586,3.0,86.31182,1009.93414,21.28,Overcast
2019-05-10 21:00:00+00:00,SAMSUN,55,17.7965,12.5965,3.9,9.957108,61.0,89.35898,1012.27924,16.65,Rain: Slight
2019-05-11 21:00:00+00:00,SAMSUN,55,15.9465,11.4965,38.100002,9.565437,63.0,89.425575,1017.54126,9.88,Rain: Moderate
2019-05-12 21:00:00+00:00,SAMSUN,55,18.096498,10.7465,0.0,13.397612,3.0,85.6882,1017.6994,25.31,Overcast
2019-05-13 21:00:00+00:00,SAMSUN,55,19.196499,10.4965,0.0,11.609651,3.0,87.41525,1016.0461,27.26,Overcast
2019-05-14 21:00:00+00:00,SAMSUN,55,19.696499,11.2465,0.0,8.435069,3.0,84.80508,1013.0127,27.77,Overcast
2019-05-15 21:00:00+00:00,SAMSUN,55,21.196499,15.146501,0.0,11.013882,3.0,81.16958,1008.1836,25.55,Overcast
2019-05-16 21:00:00+00:00,SAMSUN,55,22.2965,15.6965,0.0,7.7879906,3.0,92.44236,1006.5527,24.78,Overcast
2019-05-17 21:00:00+00:00,SAMSUN,55,19.9965,14.9965,0.7,16.375053,51.0,87.78003,1003.57623,23.21,Drizzle: Light
2019-05-18 21:00:00+00:00,SAMSUN,55,19.2465,13.8465,4.7999997,13.910169,61.0,91.94381,1008.7212,18.17,Rain: Slight
2019-05-19 21:00:00+00:00,SAMSUN,55,21.2465,14.5965,0.0,12.229406,1.0,87.10422,1011.76984,26.27,Mainly clear
2019-05-20 21:00:00+00:00,SAMSUN,55,21.446499,15.646501,0.0,7.42159,3.0,91.878075,1012.16815,19.42,Overcast
2019-05-21 21:00:00+00:00,SAMSUN,55,26.196499,18.3965,3.3000002,23.1774,55.0,75.80076,1012.2761,21.63,Drizzle: Dense
2019-05-22 21:00:00+00:00,SAMSUN,55,25.096498,18.096498,2.7,10.1887,55.0,81.79232,1011.30176,11.24,Drizzle: Dense
2019-05-23 21:00:00+00:00,SAMSUN,55,24.346498,16.696499,2.7,19.66536,55.0,86.17029,1006.4948,17.92,Drizzle: Dense
2019-05-24 21:00:00+00:00,SAMSUN,55,19.946499,16.7465,12.8,12.964998,63.0,86.24233,1008.7955,15.97,Rain: Moderate
2019-05-25 21:00:00+00:00,SAMSUN,55,21.6465,15.4965,0.6,14.529915,53.0,73.472725,1014.3942,23.61,Drizzle: Moderate
2019-05-26 21:00:00+00:00,SAMSUN,55,22.6465,15.896501,0.0,14.291592,3.0,73.71744,1016.7885,28.61,Overcast
2019-05-27 21:00:00+00:00,SAMSUN,55,22.4965,14.1965,0.0,12.904882,3.0,80.04006,1015.1462,28.88,Overcast
2019-05-28 21:00:00+00:00,SAMSUN,55,25.346498,16.196499,0.0,11.165805,3.0,86.75592,1011.30414,26.82,Overcast
2019-05-29 21:00:00+00:00,SAMSUN,55,23.0465,17.1465,0.0,8.473393,3.0,88.45846,1013.3552,24.74,Overcast
2019-05-30 21:00:00+00:00,SAMSUN,55,23.0465,15.896501,0.0,8.913181,3.0,77.5619,1013.6213,27.78,Overcast
2019-05-31 21:00:00+00:00,SAMSUN,55,22.596498,15.8465,0.0,7.653705,3.0,76.465614,1011.62396,28.27,Overcast
2019-06-01 21:00:00+00:00,SAMSUN,55,22.7465,16.3965,0.0,6.6087217,3.0,75.44981,1011.63306,25.51,Overcast
2019-06-02 21:00:00+00:00,SAMSUN,55,23.2965,17.8965,0.0,8.14587,3.0,79.042015,1012.42505,26.55,Overcast
2019-06-03 21:00:00+00:00,SAMSUN,55,23.1465,18.6465,0.3,8.587338,51.0,87.50394,1011.0274,27.22,Drizzle: Light
2019-06-04 21:00:00+00:00,SAMSUN,55,23.696499,19.0465,0.2,9.449572,51.0,86.894035,1010.8603,26.5,Drizzle: Light
2019-06-05 21:00:00+00:00,SAMSUN,55,23.7465,18.2965,0.0,8.049845,2.0,84.93401,1012.5066,22.87,Partly cloudy
2019-06-06 21:00:00+00:00,SAMSUN,55,22.946499,18.6465,0.6,10.144082,51.0,88.99177,1014.43463,14.73,Drizzle: Light
2019-06-07 21:00:00+00:00,SAMSUN,55,23.3965,17.696499,0.0,10.990322,3.0,84.982796,1015.5037,24.96,Overcast
2019-06-08 21:00:00+00:00,SAMSUN,55,23.2465,17.4965,0.0,8.891343,3.0,81.026115,1014.31793,20.51,Overcast
2019-06-09 21:00:00+00:00,SAMSUN,55,23.596498,20.446499,2.2,10.948973,53.0,91.11289,1010.06085,12.9,Drizzle: Moderate
2019-06-10 21:00:00+00:00,SAMSUN,55,24.9965,19.3965,0.1,11.019764,51.0,87.02448,1006.62445,19.63,Drizzle: Light
2019-06-11 21:00:00+00:00,SAMSUN,55,26.096498,20.096498,0.8,12.682018,53.0,80.72471,1006.8311,20.03,Drizzle: Moderate
2019-06-12 21:00:00+00:00,SAMSUN,55,25.196499,19.946499,13.2,10.086427,63.0,83.60677,1008.6919,19.11,Rain: Moderate
2019-06-13 21:00:00+00:00,SAMSUN,55,24.596498,19.8965,10.5,14.685176,63.0,87.76902,1009.6816,16.65,Rain: Moderate
2019-06-14 21:00:00+00:00,SAMSUN,55,24.7965,20.096498,1.2,10.587918,51.0,87.29382,1008.4175,22.56,Drizzle: Light
2019-06-15 21:00:00+00:00,SAMSUN,55,25.7965,19.7965,0.0,10.44,3.0,81.63055,1007.20123,25.08,Overcast
2019-06-16 21:00:00+00:00,SAMSUN,55,26.346498,19.846498,0.0,13.084402,2.0,83.947945,1007.0625,25.84,Partly cloudy
2019-06-17 21:00:00+00:00,SAMSUN,55,27.5465,20.2965,0.5,12.074766,51.0,78.71204,1007.3748,22.43,Drizzle: Light
2019-06-18 21:00:00+00:00,SAMSUN,55,27.596498,22.196499,1.9000002,16.595179,53.0,75.399315,1006.9974,20.3,Drizzle: Moderate
2019-06-19 21:00:00+00:00,SAMSUN,55,25.3965,21.4965,10.400001,9.83268,63.0,85.30657,1005.91425,13.99,Rain: Moderate
2019-06-20 21:00:00+00:00,SAMSUN,55,26.2465,20.696499,2.9,11.525623,53.0,82.58707,1007.36084,21.54,Drizzle: Moderate
2019-06-21 21:00:00+00:00,SAMSUN,55,26.4965,21.596498,10.8,8.587338,63.0,86.74191,1008.62134,19.35,Rain: Moderate
2019-06-22 21:00:00+00:00,SAMSUN,55,26.0465,20.596498,1.8,12.10157,51.0,82.6573,1010.8106,22.7,Drizzle: Light
2019-06-23 21:00:00+00:00,SAMSUN,55,26.7465,21.1465,0.0,11.384199,1.0,74.716545,1012.17487,24.9,Mainly clear
2019-06-24 21:00:00+00:00,SAMSUN,55,26.946499,20.7965,0.0,10.44,0.0,75.66411,1013.19336,28.94,Clear sky
2019-06-25 21:00:00+00:00,SAMSUN,55,26.6465,20.446499,0.4,10.931203,51.0,80.89158,1014.33856,27.58,Drizzle: Light
2019-06-26 21:00:00+00:00,SAMSUN,55,28.696499,21.346498,0.0,19.386591,2.0,69.91712,1010.6868,24.82,Partly cloudy
2019-06-27 21:00:00+00:00,SAMSUN,55,26.5465,19.696499,2.1000001,13.708391,55.0,69.91346,1005.8254,29.17,Drizzle: Dense
2019-06-28 21:00:00+00:00,SAMSUN,55,24.4965,18.5465,2.3,23.269482,53.0,69.19193,1008.44183,21.26,Drizzle: Moderate
2019-06-29 21:00:00+00:00,SAMSUN,55,21.846498,17.4965,11.4,18.11841,63.0,76.83266,1013.85864,21.65,Rain: Moderate
2019-06-30 21:00:00+00:00,SAMSUN,55,23.7965,17.096498,0.3,10.97262,51.0,66.05344,1017.54346,26.74,Drizzle: Light
2019-07-01 21:00:00+00:00,SAMSUN,55,24.8965,16.9965,0.0,19.255793,2.0,70.753136,1013.8708,28.93,Partly cloudy
2019-07-02 21:00:00+00:00,SAMSUN,55,25.5465,17.846498,0.0,11.525623,1.0,73.57068,1011.20435,28.98,Mainly clear
2019-07-03 21:00:00+00:00,SAMSUN,55,27.7965,19.346498,0.0,11.200571,0.0,63.229706,1012.5052,29.12,Clear sky
2019-07-04 21:00:00+00:00,SAMSUN,55,26.096498,20.096498,3.4,15.496736,55.0,79.28002,1011.68286,23.75,Drizzle: Dense
2019-07-05 21:00:00+00:00,SAMSUN,55,26.1465,20.0465,1.4000001,12.522619,51.0,75.83222,1009.095,26.66,Drizzle: Light
2019-07-06 21:00:00+00:00,SAMSUN,55,25.5465,19.596498,0.0,10.44,1.0,75.2875,1009.6572,27.75,Mainly clear
2019-07-07 21:00:00+00:00,SAMSUN,55,27.2965,18.7465,0.0,14.986553,0.0,68.10237,1006.627,29.04,Clear sky
2019-07-08 21:00:00+00:00,SAMSUN,55,25.846498,20.8965,2.0,15.315873,53.0,73.15391,1010.353,20.88,Drizzle: Moderate
2019-07-09 21:00:00+00:00,SAMSUN,55,27.7965,19.5465,0.1,12.413477,51.0,69.2894,1005.8877,25.75,Drizzle: Light
2019-07-10 21:00:00+00:00,SAMSUN,55,24.596498,20.346498,9.4,14.408997,63.0,80.56984,1002.8271,17.59,Rain: Moderate
2019-07-11 21:00:00+00:00,SAMSUN,55,22.346498,19.1465,26.100004,19.376562,65.0,82.00785,1007.29565,19.6,Rain: Heavy
2019-07-12 21:00:00+00:00,SAMSUN,55,22.9965,17.1465,1.2,12.371645,51.0,71.991005,1009.65216,21.11,Drizzle: Light
2019-07-13 21:00:00+00:00,SAMSUN,55,24.7465,16.8465,0.0,19.734436,3.0,72.32131,1006.12115,25.49,Overcast
2019-07-14 21:00:00+00:00,SAMSUN,55,23.0465,18.346498,16.400002,15.137133,63.0,86.17701,1002.3347,16.66,Rain: Moderate
2019-07-15 21:00:00+00:00,SAMSUN,55,24.7965,18.3965,1.3000001,12.594856,53.0,75.80321,1007.2094,24.9,Drizzle: Moderate
2019-07-16 21:00:00+00:00,SAMSUN,55,24.7965,17.8965,0.5,19.376562,51.0,80.35183,1005.2363,22.76,Drizzle: Light
2019-07-17 21:00:00+00:00,SAMSUN,55,23.2965,19.946499,4.5,15.94601,53.0,77.50518,1006.82275,16.19,Drizzle: Moderate
2019-07-18 21:00:00+00:00,SAMSUN,55,26.4965,19.7465,0.2,16.215992,51.0,73.20907,1012.82965,23.93,Drizzle: Light
2019-07-19 21:00:00+00:00,SAMSUN,55,25.946499,19.3965,0.6,14.917212,51.0,75.68133,1014.9763,23.52,Drizzle: Light
2019-07-20 21:00:00+00:00,SAMSUN,55,27.7465,20.0465,0.2,24.26998,51.0,64.39881,1013.4368,21.39,Drizzle: Light
2019-07-21 21:00:00+00:00,SAMSUN,55,25.946499,21.6465,7.3999996,23.441502,61.0,75.31515,1013.02765,18.94,Rain: Slight
2019-07-22 21:00:00+00:00,SAMSUN,55,27.696499,21.696499,0.0,20.570463,1.0,65.82643,1009.656,24.78,Mainly clear
2019-07-23 21:00:00+00:00,SAMSUN,55,27.2965,20.7965,0.9000001,17.114204,51.0,67.23765,1007.44574,20.62,Drizzle: Light
2019-07-24 21:00:00+00:00,SAMSUN,55,24.8965,20.846498,2.4999998,20.674156,55.0,76.28535,1011.4177,19.28,Drizzle: Dense
2019-07-25 21:00:00+00:00,SAMSUN,55,26.846498,19.3965,0.7,15.7908325,51.0,70.70995,1011.97906,23.88,Drizzle: Light
2019-07-26 21:00:00+00:00,SAMSUN,55,25.2965,18.846498,0.0,14.693999,1.0,76.44197,1007.937,25.39,Mainly clear
2019-07-27 21:00:00+00:00,SAMSUN,55,25.7965,18.0465,0.0,11.480557,1.0,75.08213,1006.7736,26.53,Mainly clear
2019-07-28 21:00:00+00:00,SAMSUN,55,28.596498,18.096498,0.0,18.720001,0.0,70.36615,1003.2896,27.51,Clear sky
2019-07-29 21:00:00+00:00,SAMSUN,55,27.0465,20.2965,0.0,10.966713,2.0,78.62415,1002.21893,23.52,Partly cloudy
2019-07-30 21:00:00+00:00,SAMSUN,55,27.7965,21.8965,0.2,13.237038,51.0,73.144646,1006.3359,23.11,Drizzle: Light
2019-07-31 21:00:00+00:00,SAMSUN,55,28.346498,20.3965,0.0,11.480557,0.0,69.98948,1007.5042,26.93,Clear sky
2019-08-01 21:00:00+00:00,SAMSUN,55,26.3965,21.4965,1.1,10.587918,51.0,76.77538,1008.0193,19.02,Drizzle: Light
2019-08-02 21:00:00+00:00,SAMSUN,55,26.8965,20.5465,0.0,20.188908,1.0,70.54153,1006.13153,25.46,Mainly clear
2019-08-03 21:00:00+00:00,SAMSUN,55,29.5465,20.4965,12.1,25.476198,63.0,70.04838,1002.8523,20.13,Rain: Moderate
2019-08-04 21:00:00+00:00,SAMSUN,55,23.3965,18.8965,1.4000002,14.4,53.0,73.64505,1010.9344,20.35,Drizzle: Moderate
2019-08-05 21:00:00+00:00,SAMSUN,55,23.5465,17.2965,0.1,11.183201,51.0,73.781296,1014.19354,24.38,Drizzle: Light
2019-08-06 21:00:00+00:00,SAMSUN,55,24.2965,17.7965,0.2,11.592894,51.0,73.59783,1015.5649,23.96,Drizzle: Light
2019-08-07 21:00:00+00:00,SAMSUN,55,24.846498,17.8965,0.0,12.387348,1.0,72.26876,1013.6639,25.55,Mainly clear
2019-08-08 21:00:00+00:00,SAMSUN,55,25.846498,17.696499,0.0,10.233123,2.0,75.474785,1010.48456,24.56,Partly cloudy
2019-08-09 21:00:00+00:00,SAMSUN,55,27.6465,19.7965,0.0,13.684735,1.0,73.96749,1011.3147,25.91,Mainly clear
2019-08-10 21:00:00+00:00,SAMSUN,55,26.696499,20.446499,0.4,12.475961,51.0,75.63572,1014.7369,24.42,Drizzle: Light
2019-08-11 21:00:00+00:00,SAMSUN,55,26.7965,19.7965,0.0,12.9249525,1.0,75.664024,1014.3033,24.83,Mainly clear
2019-08-12 21:00:00+00:00,SAMSUN,55,27.5465,20.4965,0.0,12.413477,1.0,74.36312,1011.2702,25.17,Mainly clear
2019-08-13 21:00:00+00:00,SAMSUN,55,27.446499,19.096498,0.0,13.70839,3.0,78.141624,1006.6228,25.74,Overcast
2019-08-14 21:00:00+00:00,SAMSUN,55,27.2465,20.0465,0.90000004,13.698934,51.0,83.35026,1004.3826,21.13,Drizzle: Light
2019-08-15 21:00:00+00:00,SAMSUN,55,29.096498,21.596498,0.0,22.884789,3.0,65.92308,1005.9163,20.1,Overcast
2019-08-16 21:00:00+00:00,SAMSUN,55,26.846498,21.696499,1.7000002,17.873556,51.0,68.66293,1009.22577,17.59,Drizzle: Light
2019-08-17 21:00:00+00:00,SAMSUN,55,23.0465,19.596498,13.600001,19.272614,63.0,80.442986,1009.7798,8.02,Rain: Moderate
2019-08-18 21:00:00+00:00,SAMSUN,55,22.7465,19.4965,2.4999998,16.23596,53.0,79.716095,1014.2002,6.49,Drizzle: Moderate
2019-08-19 21:00:00+00:00,SAMSUN,55,25.2465,21.0465,0.1,17.238699,51.0,75.30589,1014.1636,10.24,Drizzle: Light
2019-08-20 21:00:00+00:00,SAMSUN,55,25.946499,20.4965,2.1999998,18.556595,53.0,82.491806,1011.11255,12.78,Drizzle: Moderate
2019-08-21 21:00:00+00:00,SAMSUN,55,27.096498,20.846498,6.1,16.485485,61.0,78.948074,1010.12787,15.76,Rain: Slight
2019-08-22 21:00:00+00:00,SAMSUN,55,26.8965,22.2465,6.9999995,18.388212,63.0,78.53136,1011.06464,12.01,Rain: Moderate
2019-08-23 21:00:00+00:00,SAMSUN,55,29.596498,21.8965,0.0,22.728518,0.0,70.83514,1012.17914,22.84,Clear sky
2019-08-24 21:00:00+00:00,SAMSUN,55,27.196499,21.196499,0.0,9.339208,1.0,80.53782,1013.8037,22.5,Mainly clear
2019-08-25 21:00:00+00:00,SAMSUN,55,27.196499,20.846498,0.0,10.948973,2.0,84.238945,1013.7214,22.49,Partly cloudy
2019-08-26 21:00:00+00:00,SAMSUN,55,29.3965,21.696499,0.5,22.66857,51.0,71.55235,1012.65643,22.83,Drizzle: Light
2019-08-27 21:00:00+00:00,SAMSUN,55,28.4965,21.696499,0.0,21.188072,0.0,72.6209,1014.36115,21.81,Clear sky
2019-08-28 21:00:00+00:00,SAMSUN,55,27.4965,20.7965,0.0,14.689589,1.0,73.90812,1013.63226,21.87,Mainly clear
2019-08-29 21:00:00+00:00,SAMSUN,55,26.7965,19.196499,0.1,19.652176,51.0,71.956024,1012.44196,17.12,Drizzle: Light
2019-08-30 21:00:00+00:00,SAMSUN,55,25.846498,17.1465,0.0,12.181624,1.0,70.53602,1011.9399,22.4,Mainly clear
2019-08-31 21:00:00+00:00,SAMSUN,55,26.696499,18.846498,0.0,11.457958,0.0,71.93956,1009.32544,22.66,Clear sky
2019-09-01 21:00:00+00:00,SAMSUN,55,26.8965,19.2465,0.1,13.479583,51.0,73.615715,1010.48785,21.77,Drizzle: Light
2019-09-02 21:00:00+00:00,SAMSUN,55,27.6465,18.2465,0.0,12.538134,2.0,67.269585,1011.052,21.95,Partly cloudy
2019-09-03 21:00:00+00:00,SAMSUN,55,26.8965,18.5465,0.0,10.805998,1.0,67.97469,1009.74445,21.88,Mainly clear
2019-09-04 21:00:00+00:00,SAMSUN,55,27.7465,18.7465,0.0,15.124284,1.0,65.02744,1009.1435,21.29,Mainly clear
2019-09-05 21:00:00+00:00,SAMSUN,55,26.3965,18.2965,2.0,15.188415,51.0,72.03213,1011.1608,16.5,Drizzle: Light
2019-09-06 21:00:00+00:00,SAMSUN,55,25.4965,20.4965,0.8,18.345877,53.0,65.981285,1012.1226,16.0,Drizzle: Moderate
2019-09-07 21:00:00+00:00,SAMSUN,55,25.6465,19.846498,0.5,25.35637,51.0,67.61085,1011.8828,16.8,Drizzle: Light
2019-09-08 21:00:00+00:00,SAMSUN,55,25.2465,19.346498,4.899999,15.5843,53.0,75.68579,1011.4021,15.99,Drizzle: Moderate
2019-09-09 21:00:00+00:00,SAMSUN,55,26.446499,19.196499,2.0,16.167967,51.0,77.757935,1011.727,17.4,Drizzle: Light
2019-09-10 21:00:00+00:00,SAMSUN,55,25.196499,18.946499,1.6000001,14.039999,51.0,78.054665,1015.1894,18.68,Drizzle: Light
2019-09-11 21:00:00+00:00,SAMSUN,55,24.346498,18.4965,0.1,10.703569,51.0,82.08358,1016.52814,17.37,Drizzle: Light
2019-09-12 21:00:00+00:00,SAMSUN,55,25.846498,18.696499,0.0,16.58346,3.0,74.145164,1015.4766,16.99,Overcast
2019-09-13 21:00:00+00:00,SAMSUN,55,25.096498,18.8965,0.0,18.289274,2.0,71.70832,1016.02637,17.58,Partly cloudy
2019-09-14 21:00:00+00:00,SAMSUN,55,24.8965,18.9965,1.4000001,18.0036,53.0,62.84212,1017.2503,13.49,Drizzle: Moderate
2019-09-15 21:00:00+00:00,SAMSUN,55,23.6465,17.196499,2.2,18.374111,53.0,70.366714,1014.8083,13.99,Drizzle: Moderate
2019-09-16 21:00:00+00:00,SAMSUN,55,24.3965,16.8965,0.0,12.984975,3.0,60.325214,1012.79803,19.2,Overcast
2019-09-17 21:00:00+00:00,SAMSUN,55,29.946499,17.946499,0.0,18.35647,0.0,63.437653,1012.1763,20.26,Clear sky
2019-09-18 21:00:00+00:00,SAMSUN,55,22.346498,19.596498,4.2,18.971008,53.0,78.084236,1016.04144,8.79,Drizzle: Moderate
2019-09-19 21:00:00+00:00,SAMSUN,55,21.1465,16.4965,7.1000004,16.343367,61.0,77.37136,1012.49567,7.95,Rain: Slight
2019-09-20 21:00:00+00:00,SAMSUN,55,16.9965,13.646501,12.1,23.688984,63.0,75.20767,1019.35126,9.91,Rain: Moderate
2019-09-21 21:00:00+00:00,SAMSUN,55,17.9965,12.146501,0.0,12.413477,1.0,68.51356,1022.12103,16.48,Mainly clear
2019-09-22 21:00:00+00:00,SAMSUN,55,22.0465,11.6965,0.0,16.327497,1.0,65.80365,1015.8728,19.48,Mainly clear
2019-09-23 21:00:00+00:00,SAMSUN,55,22.8965,12.9465,0.0,14.587776,3.0,72.853745,1011.58673,16.31,Overcast
2019-09-24 21:00:00+00:00,SAMSUN,55,20.8965,16.696499,2.0,11.440979,51.0,90.02584,1008.717,6.18,Drizzle: Light
2019-09-25 21:00:00+00:00,SAMSUN,55,20.8965,17.846498,3.7999995,9.826088,53.0,91.46209,1011.4519,7.43,Drizzle: Moderate
2019-09-26 21:00:00+00:00,SAMSUN,55,23.2965,17.946499,5.6,11.119281,61.0,87.062355,1011.02765,13.54,Rain: Slight
2019-09-27 21:00:00+00:00,SAMSUN,55,21.8965,17.346498,5.0999994,18.472595,53.0,84.59835,1015.9771,13.64,Drizzle: Moderate
2019-09-28 21:00:00+00:00,SAMSUN,55,21.846498,15.646501,0.1,14.145756,51.0,85.81797,1015.2097,17.05,Drizzle: Light
2019-09-29 21:00:00+00:00,SAMSUN,55,22.7465,14.5465,0.0,13.009903,0.0,77.988014,1012.27936,17.71,Clear sky
2019-09-30 21:00:00+00:00,SAMSUN,55,24.5465,16.0965,0.0,12.387348,0.0,75.47674,1010.4676,17.23,Clear sky
2019-10-01 21:00:00+00:00,SAMSUN,55,23.446499,14.896501,0.0,11.435313,0.0,78.35743,1011.4036,17.38,Clear sky
2019-10-02 21:00:00+00:00,SAMSUN,55,25.9965,16.446499,0.0,11.966953,2.0,74.55893,1007.6286,15.57,Partly cloudy
2019-10-03 21:00:00+00:00,SAMSUN,55,28.9965,18.346498,0.0,20.87379,0.0,60.61668,1009.36896,16.98,Clear sky
2019-10-04 21:00:00+00:00,SAMSUN,55,31.7965,18.596498,0.0,25.233404,3.0,61.35327,1004.43774,15.4,Overcast
2019-10-05 21:00:00+00:00,SAMSUN,55,19.9965,13.3465,20.2,30.344818,63.0,89.62751,1006.1699,5.2,Rain: Moderate
2019-10-06 21:00:00+00:00,SAMSUN,55,18.346498,12.7965,0.2,16.418526,51.0,81.59631,1012.46234,13.1,Drizzle: Light
2019-10-07 21:00:00+00:00,SAMSUN,55,20.2465,13.7965,2.7,28.58545,61.0,83.735985,1014.41364,10.12,Rain: Slight
2019-10-08 21:00:00+00:00,SAMSUN,55,17.196499,14.0465,4.2,21.385939,53.0,85.86108,1022.8576,4.21,Drizzle: Moderate
2019-10-09 21:00:00+00:00,SAMSUN,55,23.2965,13.146501,0.0,11.609651,0.0,80.25878,1016.7519,15.64,Clear sky
2019-10-10 21:00:00+00:00,SAMSUN,55,22.4965,15.2465,0.0,12.7279215,3.0,72.021194,1017.95557,14.76,Overcast
2019-10-11 21:00:00+00:00,SAMSUN,55,18.5465,12.896501,3.0,17.906157,53.0,80.99767,1024.714,12.65,Drizzle: Moderate
2019-10-12 21:00:00+00:00,SAMSUN,55,20.4965,12.3465,0.0,14.587776,1.0,80.51328,1023.7906,15.09,Mainly clear
2019-10-13 21:00:00+00:00,SAMSUN,55,20.346498,12.7465,0.0,13.746156,1.0,81.71639,1020.9444,15.25,Mainly clear
2019-10-14 21:00:00+00:00,SAMSUN,55,20.446499,13.146501,0.0,7.928177,3.0,80.0763,1017.6003,14.81,Overcast
2019-10-15 21:00:00+00:00,SAMSUN,55,20.9965,13.6965,0.0,7.172949,2.0,86.03833,1015.5806,14.46,Partly cloudy
2019-10-16 21:00:00+00:00,SAMSUN,55,20.3965,14.5465,0.0,6.193674,3.0,88.674164,1015.7243,13.05,Overcast
2019-10-17 21:00:00+00:00,SAMSUN,55,21.0465,16.0465,0.90000004,10.948973,51.0,92.393036,1016.49585,10.08,Drizzle: Light
2019-10-18 21:00:00+00:00,SAMSUN,55,20.7465,16.446499,0.0,11.119281,3.0,89.18038,1017.45905,9.35,Overcast
2019-10-19 21:00:00+00:00,SAMSUN,55,20.7465,15.5965,0.1,9.021574,51.0,86.35751,1019.31866,11.25,Drizzle: Light
2019-10-20 21:00:00+00:00,SAMSUN,55,19.3965,15.8465,8.299999,15.4800005,55.0,88.15676,1019.4705,5.21,Drizzle: Dense
2019-10-21 21:00:00+00:00,SAMSUN,55,19.6465,15.6965,1.2,15.84409,51.0,86.984406,1018.97095,6.78,Drizzle: Light
2019-10-22 21:00:00+00:00,SAMSUN,55,20.0465,15.146501,0.0,11.212135,3.0,82.67892,1019.2205,11.74,Overcast
2019-10-23 21:00:00+00:00,SAMSUN,55,18.7465,13.9465,0.3,9.793058,51.0,86.26236,1017.94604,6.75,Drizzle: Light
2019-10-24 21:00:00+00:00,SAMSUN,55,17.946499,16.7965,15.400001,9.178235,63.0,94.50162,1016.22876,3.31,Rain: Moderate
2019-10-25 21:00:00+00:00,SAMSUN,55,17.846498,15.4465,14.400003,9.6932955,63.0,90.09863,1018.2951,4.51,Rain: Moderate
2019-10-26 21:00:00+00:00,SAMSUN,55,17.6465,12.8465,0.0,9.904906,2.0,85.96097,1018.75824,9.45,Partly cloudy
2019-10-27 21:00:00+00:00,SAMSUN,55,18.7965,12.4965,0.1,12.0694,51.0,86.943596,1013.3658,9.78,Drizzle: Light
2019-10-28 21:00:00+00:00,SAMSUN,55,18.7465,13.7465,4.799999,9.387651,55.0,89.503815,1013.2773,6.04,Drizzle: Dense
2019-10-29 21:00:00+00:00,SAMSUN,55,18.596498,13.646501,1.6,10.041354,53.0,87.169975,1016.4234,10.02,Drizzle: Moderate
2019-10-30 21:00:00+00:00,SAMSUN,55,15.5965,13.1965,31.499998,18.864824,63.0,92.841,1017.61475,2.84,Rain: Moderate
2019-10-31 21:00:00+00:00,SAMSUN,55,13.0965,9.1965,36.8,18.692286,61.0,87.977875,1017.27344,1.56,Rain: Slight
2019-11-01 21:00:00+00:00,SAMSUN,55,11.5965,6.6965,0.90000004,15.9134655,51.0,75.25196,1022.3413,8.89,Drizzle: Light
2019-11-02 21:00:00+00:00,SAMSUN,55,18.3965,6.0465,0.0,18.0,3.0,54.27602,1018.6939,12.59,Overcast
2019-11-03 21:00:00+00:00,SAMSUN,55,21.5465,12.646501,0.0,31.845251,3.0,43.80955,1015.9091,11.74,Overcast
2019-11-04 21:00:00+00:00,SAMSUN,55,23.596498,14.6965,0.0,34.897724,3.0,46.31455,1013.41254,10.76,Overcast
2019-11-05 21:00:00+00:00,SAMSUN,55,24.9965,14.1965,0.0,25.20257,0.0,60.302486,1013.529,11.35,Clear sky
2019-11-06 21:00:00+00:00,SAMSUN,55,25.1465,16.5965,0.0,23.950148,3.0,58.663136,1012.6204,11.46,Overcast
2019-11-07 21:00:00+00:00,SAMSUN,55,24.3965,15.5965,0.0,25.501621,2.0,60.06708,1014.19507,11.31,Partly cloudy
2019-11-08 21:00:00+00:00,SAMSUN,55,23.5465,14.146501,0.0,25.305208,1.0,62.19441,1016.32416,11.11,Mainly clear
2019-11-09 21:00:00+00:00,SAMSUN,55,23.6465,13.0965,0.0,22.961115,0.0,59.62758,1015.94116,11.09,Clear sky
2019-11-10 21:00:00+00:00,SAMSUN,55,23.846498,12.4965,0.0,29.914679,3.0,56.833546,1017.36945,10.88,Overcast
2019-11-11 21:00:00+00:00,SAMSUN,55,21.7965,11.5465,0.0,18.584509,0.0,67.23387,1018.7874,10.72,Clear sky
2019-11-12 21:00:00+00:00,SAMSUN,55,20.6465,11.0965,0.0,18.584509,0.0,68.65743,1015.88654,10.74,Clear sky
2019-11-13 21:00:00+00:00,SAMSUN,55,22.696499,11.9465,0.0,20.390114,3.0,55.526608,1011.6801,10.33,Overcast
2019-11-14 21:00:00+00:00,SAMSUN,55,21.596498,11.896501,0.0,24.703974,2.0,61.591232,1015.38007,9.92,Partly cloudy
2019-11-15 21:00:00+00:00,SAMSUN,55,19.096498,10.896501,0.0,10.009036,3.0,81.455894,1020.81586,10.14,Overcast
2019-11-16 21:00:00+00:00,SAMSUN,55,16.7465,10.0965,0.0,8.913181,3.0,81.77343,1020.8837,10.22,Overcast
2019-11-17 21:00:00+00:00,SAMSUN,55,19.6465,10.646501,0.0,18.59845,0.0,71.31812,1019.711,10.22,Clear sky
2019-11-18 21:00:00+00:00,SAMSUN,55,15.9465,9.146501,0.0,10.948973,1.0,77.721375,1023.10156,9.78,Mainly clear
2019-11-19 21:00:00+00:00,SAMSUN,55,15.1965,8.1465,0.0,13.493999,3.0,82.08721,1021.67706,9.2,Overcast
2019-11-20 21:00:00+00:00,SAMSUN,55,13.4465,7.8964996,0.0,10.009036,3.0,76.62057,1019.2586,9.19,Overcast
2019-11-21 21:00:00+00:00,SAMSUN,55,13.9465,8.9465,0.70000005,11.91812,51.0,79.38015,1017.88153,7.54,Drizzle: Light
2019-11-22 21:00:00+00:00,SAMSUN,55,15.646501,7.7965,0.0,16.548256,3.0,74.944214,1018.0677,9.13,Overcast
2019-11-23 21:00:00+00:00,SAMSUN,55,15.1965,6.2965,0.0,10.691453,3.0,73.90177,1018.4831,8.13,Overcast
2019-11-24 21:00:00+00:00,SAMSUN,55,17.096498,7.8465004,0.0,16.563911,3.0,64.699455,1014.6448,8.96,Overcast
2019-11-25 21:00:00+00:00,SAMSUN,55,17.0465,11.6965,0.0,20.371038,3.0,48.08296,1008.02277,2.35,Overcast
2019-11-26 21:00:00+00:00,SAMSUN,55,16.2465,11.9465,6.5,18.204042,61.0,74.92987,1008.31305,3.5,Rain: Slight
2019-11-27 21:00:00+00:00,SAMSUN,55,15.0965,10.7465,3.2999997,14.021525,53.0,86.21759,1014.13214,8.04,Drizzle: Moderate
2019-11-28 21:00:00+00:00,SAMSUN,55,18.196499,11.646501,0.0,32.83705,3.0,58.358,1009.1197,3.67,Overcast
2019-11-29 21:00:00+00:00,SAMSUN,55,18.946499,10.896501,0.0,24.850431,3.0,67.139084,1010.62555,8.48,Overcast
2019-11-30 21:00:00+00:00,SAMSUN,55,15.1965,8.6965,13.9,22.406927,61.0,79.54895,1012.8887,1.34,Rain: Slight
2019-12-01 21:00:00+00:00,SAMSUN,55,8.5965,4.4965,0.5,23.933908,51.0,78.14846,1024.5116,4.24,Drizzle: Light
2019-12-02 21:00:00+00:00,SAMSUN,55,14.396501,4.3964996,0.0,27.80403,3.0,59.639492,1017.23517,8.07,Overcast
2019-12-03 21:00:00+00:00,SAMSUN,55,9.0965,6.9465,15.799999,18.11841,61.0,87.6076,1022.1226,1.12,Rain: Slight
2019-12-04 21:00:00+00:00,SAMSUN,55,8.0965,5.4465,4.1,16.704155,55.0,70.628845,1027.7094,4.69,Drizzle: Dense
2019-12-05 21:00:00+00:00,SAMSUN,55,9.4465,4.3465,0.0,13.246826,3.0,76.55041,1026.9987,5.82,Overcast
2019-12-06 21:00:00+00:00,SAMSUN,55,12.396501,3.9465,0.0,26.932714,0.0,60.420975,1018.7443,8.81,Clear sky
2019-12-07 21:00:00+00:00,SAMSUN,55,11.9465,4.1965,0.0,28.1169,3.0,56.329388,1014.8354,8.6,Overcast
2019-12-08 21:00:00+00:00,SAMSUN,55,11.4965,5.7965,4.1000004,23.979893,53.0,77.51837,1016.15204,2.34,Drizzle: Moderate
2019-12-09 21:00:00+00:00,SAMSUN,55,13.7465,5.3964996,0.0,19.881649,1.0,71.26491,1014.10187,8.12,Mainly clear
2019-12-10 21:00:00+00:00,SAMSUN,55,14.396501,6.9965,0.0,21.38897,0.0,69.686485,1014.5079,8.34,Clear sky
2019-12-11 21:00:00+00:00,SAMSUN,55,15.0465,7.7465,0.0,17.057314,3.0,63.865223,1008.66486,7.05,Overcast
2019-12-12 21:00:00+00:00,SAMSUN,55,16.8965,10.396501,0.1,16.418526,51.0,60.002644,1004.1241,5.28,Drizzle: Light
2019-12-13 21:00:00+00:00,SAMSUN,55,17.0465,12.0965,0.6,21.575987,53.0,58.568768,1005.5341,4.69,Drizzle: Moderate
2019-12-14 21:00:00+00:00,SAMSUN,55,18.346498,11.5965,2.5,26.959166,55.0,60.827713,1012.462,7.84,Drizzle: Dense
2019-12-15 21:00:00+00:00,SAMSUN,55,13.4465,7.5465,2.0,16.870138,61.0,79.39616,1025.2518,8.17,Rain: Slight
2019-12-16 21:00:00+00:00,SAMSUN,55,16.7465,7.9465,0.0,26.044699,3.0,62.418076,1024.2716,8.2,Overcast
2019-12-17 21:00:00+00:00,SAMSUN,55,17.446499,10.2965,0.0,30.817343,1.0,47.571293,1025.1964,8.26,Mainly clear
2019-12-18 21:00:00+00:00,SAMSUN,55,18.1465,9.0465,0.0,32.777794,2.0,51.811787,1026.6116,8.2,Partly cloudy
2019-12-19 21:00:00+00:00,SAMSUN,55,16.3465,8.7965,0.0,18.335276,3.0,55.09698,1022.6053,8.11,Overcast
2019-12-20 21:00:00+00:00,SAMSUN,55,16.2965,10.4965,0.0,27.776047,3.0,51.441982,1016.0254,7.03,Overcast
2019-12-21 21:00:00+00:00,SAMSUN,55,18.196499,12.646501,0.0,30.293522,3.0,38.09079,1010.0871,6.08,Overcast
2019-12-22 21:00:00+00:00,SAMSUN,55,17.3965,12.8465,0.0,41.33107,3.0,41.174725,1002.36346,3.83,Overcast
2019-12-23 21:00:00+00:00,SAMSUN,55,15.7465,9.4965,1.4000002,17.462784,51.0,61.003468,998.5389,4.43,Drizzle: Light
2019-12-24 21:00:00+00:00,SAMSUN,55,13.9965,9.396501,1.7000002,11.808878,51.0,74.9184,1001.28705,2.51,Drizzle: Light
2019-12-25 21:00:00+00:00,SAMSUN,55,10.646501,8.2965,10.299999,11.988594,61.0,85.17163,1003.6953,1.93,Rain: Slight
2019-12-26 21:00:00+00:00,SAMSUN,55,9.7465,7.6464996,16.0,22.406927,61.0,82.581856,1009.6025,1.68,Rain: Slight
2019-12-27 21:00:00+00:00,SAMSUN,55,8.3965,7.0465,5.4999995,11.681987,53.0,90.73102,1014.118,2.33,Drizzle: Moderate
2019-12-28 21:00:00+00:00,SAMSUN,55,10.4965,5.4965,4.1,12.074766,61.0,85.13255,1015.7176,4.51,Rain: Slight
2019-12-29 21:00:00+00:00,SAMSUN,55,9.396501,6.9965,2.5000002,12.303366,53.0,88.03272,1019.54706,1.5,Drizzle: Moderate
2019-12-30 21:00:00+00:00,SAMSUN,55,10.396501,7.3964996,3.6999996,14.685176,61.0,92.25225,1018.8377,1.43,Rain: Slight
2019-12-31 21:00:00+00:00,SAMSUN,55,10.3465,6.4465,4.9999995,19.64228,53.0,87.99002,1016.25446,3.13,Drizzle: Moderate
2020-01-01 21:00:00+00:00,SAMSUN,55,7.5965004,5.8964996,5.8,16.363178,53.0,85.77511,1022.8249,3.96,Drizzle: Moderate
2020-01-02 21:00:00+00:00,SAMSUN,55,7.8465004,3.5965,2.6999998,10.086427,53.0,85.31339,1022.04584,4.29,Drizzle: Moderate
2020-01-03 21:00:00+00:00,SAMSUN,55,8.3465,3.9965,2.2999997,7.4128532,51.0,84.11926,1014.0537,2.51,Drizzle: Light
2020-01-04 21:00:00+00:00,SAMSUN,55,11.4965,4.3465,0.0,20.188908,3.0,71.70495,1012.41656,8.55,Overcast
2020-01-05 21:00:00+00:00,SAMSUN,55,10.646501,3.7465,0.4,17.84816,51.0,67.71506,1013.665,5.85,Drizzle: Light
2020-01-06 21:00:00+00:00,SAMSUN,55,11.0465,5.6464996,0.0,7.072878,3.0,82.42921,1012.02435,5.74,Overcast
2020-01-07 21:00:00+00:00,SAMSUN,55,9.396501,6.2465,22.200005,23.803596,63.0,92.067894,1014.87775,0.83,Rain: Moderate
2020-01-08 21:00:00+00:00,SAMSUN,55,6.0465,4.4465,2.1000001,16.29174,53.0,82.27105,1021.44,2.97,Drizzle: Moderate
2020-01-09 21:00:00+00:00,SAMSUN,55,8.8965,3.2465,0.0,11.304229,3.0,75.34954,1022.8733,5.31,Overcast
2020-01-10 21:00:00+00:00,SAMSUN,55,12.146501,2.6964998,0.0,23.000591,3.0,52.76195,1021.85126,5.92,Overcast
2020-01-11 21:00:00+00:00,SAMSUN,55,9.0465,6.5965004,6.6,22.392464,55.0,68.244446,1021.0942,1.44,Drizzle: Dense
2020-01-12 21:00:00+00:00,SAMSUN,55,7.6464996,3.1464999,0.1,14.689588,51.0,82.601204,1026.465,3.21,Drizzle: Light
2020-01-13 21:00:00+00:00,SAMSUN,55,10.2465,2.8965,0.0,16.323528,3.0,73.24822,1024.3911,7.39,Overcast
2020-01-14 21:00:00+00:00,SAMSUN,55,9.5465,3.8465,0.5,8.161764,51.0,81.17629,1028.143,4.28,Drizzle: Light
2020-01-15 21:00:00+00:00,SAMSUN,55,8.6465,4.5465,1.1000001,12.849528,51.0,87.57151,1027.32,5.14,Drizzle: Light
2020-01-16 21:00:00+00:00,SAMSUN,55,8.7965,4.4965,1.0,11.542478,53.0,84.67107,1022.9395,4.02,Drizzle: Moderate
2020-01-17 21:00:00+00:00,SAMSUN,55,7.0965004,4.3964996,6.2999983,18.504139,61.0,86.37783,1022.2844,2.46,Rain: Slight
2020-01-18 21:00:00+00:00,SAMSUN,55,7.0465,1.9965,0.0,11.901798,3.0,78.07535,1019.97614,8.78,Overcast
2020-01-19 21:00:00+00:00,SAMSUN,55,6.9965,3.9465,9.500002,22.33161,61.0,85.03771,1025.8575,1.54,Rain: Slight
2020-01-20 21:00:00+00:00,SAMSUN,55,5.8964996,3.9465,4.0000005,18.844202,51.0,83.203026,1031.1228,3.8,Drizzle: Light
2020-01-21 21:00:00+00:00,SAMSUN,55,9.8465,3.9465,0.1,24.458813,51.0,61.64648,1025.379,6.69,Drizzle: Light
2020-01-22 21:00:00+00:00,SAMSUN,55,9.4965,3.1965,2.8000002,30.145567,73.0,59.948376,1016.45917,4.67,Snow fall: Moderate
2020-01-23 21:00:00+00:00,SAMSUN,55,5.1965,1.8965,2.0,17.0763,73.0,72.65183,1027.6534,5.8,Snow fall: Moderate
2020-01-24 21:00:00+00:00,SAMSUN,55,11.4465,2.6465,0.0,29.363731,1.0,46.7159,1025.1637,10.36,Mainly clear
2020-01-25 21:00:00+00:00,SAMSUN,55,13.5965,3.8964999,0.0,26.14403,3.0,48.15595,1023.8105,10.45,Overcast
2020-01-26 21:00:00+00:00,SAMSUN,55,13.9965,3.6464999,0.0,24.442913,3.0,48.592346,1020.5546,9.7,Overcast
2020-01-27 21:00:00+00:00,SAMSUN,55,14.4965,8.3465,0.0,25.476198,3.0,51.644733,1011.8073,3.6,Overcast
2020-01-28 21:00:00+00:00,SAMSUN,55,14.9965,6.7965,0.0,27.059933,3.0,63.860443,1011.4114,9.99,Overcast
2020-01-29 21:00:00+00:00,SAMSUN,55,12.4465,6.4465,13.299999,31.311722,61.0,83.14361,1009.08905,3.33,Rain: Slight
2020-01-30 21:00:00+00:00,SAMSUN,55,7.3964996,2.0465,14.300001,31.079075,61.0,81.743324,1013.1345,4.06,Rain: Slight
2020-01-31 21:00:00+00:00,SAMSUN,55,9.896501,2.1964998,0.1,24.912935,51.0,56.60877,1013.7698,4.28,Drizzle: Light
2020-02-01 21:00:00+00:00,SAMSUN,55,15.4965,9.0965,0.0,32.587456,3.0,56.850494,1016.66754,7.19,Overcast
2020-02-02 21:00:00+00:00,SAMSUN,55,16.3965,10.8465,0.2,42.69606,51.0,50.79219,1010.83966,6.53,Drizzle: Light
2020-02-03 21:00:00+00:00,SAMSUN,55,15.8465,5.2965,11.4,29.5551,63.0,77.73232,1008.5146,8.63,Rain: Moderate
2020-02-04 21:00:00+00:00,SAMSUN,55,19.596498,7.3964996,0.0,47.656166,3.0,55.894806,998.60846,6.89,Overcast
2020-02-05 21:00:00+00:00,SAMSUN,55,17.446499,8.8465,6.2000003,41.598305,61.0,63.312756,1001.0998,5.81,Rain: Slight
2020-02-06 21:00:00+00:00,SAMSUN,55,8.7965,3.2965,11.199998,28.82249,71.0,84.54217,1008.5603,2.01,Snow fall: Slight
2020-02-07 21:00:00+00:00,SAMSUN,55,2.5965,-1.5035,3.8999996,29.671074,73.0,70.3746,1017.0573,8.17,Snow fall: Moderate
2020-02-08 21:00:00+00:00,SAMSUN,55,2.1465,-2.3535001,7.5999994,26.649727,73.0,64.83748,1025.9117,8.79,Snow fall: Moderate
2020-02-09 21:00:00+00:00,SAMSUN,55,1.5964999,-5.2535,6.1000004,14.512064,75.0,68.26337,1027.4979,12.78,Snow fall: Heavy
2020-02-10 21:00:00+00:00,SAMSUN,55,5.5465,-1.2535,2.3000002,42.305744,73.0,52.886913,1012.5884,7.53,Snow fall: Moderate
2020-02-11 21:00:00+00:00,SAMSUN,55,10.396501,3.7965,2.9,36.941685,53.0,73.88962,1012.0798,8.09,Drizzle: Moderate
2020-02-12 21:00:00+00:00,SAMSUN,55,9.4465,2.1964998,0.8000001,15.617529,51.0,76.29229,1020.76935,6.29,Drizzle: Light
2020-02-13 21:00:00+00:00,SAMSUN,55,11.5965,2.1465,0.0,17.81909,3.0,52.59386,1025.6691,13.25,Overcast
2020-02-14 21:00:00+00:00,SAMSUN,55,14.9965,4.5465,0.0,19.61587,3.0,44.295895,1018.52765,11.69,Overcast
2020-02-15 21:00:00+00:00,SAMSUN,55,10.1965,4.9965,0.0,15.827721,3.0,79.01716,1025.3925,9.6,Overcast
2020-02-16 21:00:00+00:00,SAMSUN,55,9.146501,3.4965,0.0,11.988594,3.0,80.93093,1027.1572,11.46,Overcast
2020-02-17 21:00:00+00:00,SAMSUN,55,12.1965,1.8965,0.0,17.826363,0.0,70.27271,1020.80493,13.65,Clear sky
2020-02-18 21:00:00+00:00,SAMSUN,55,12.396501,4.5465,0.0,18.844202,3.0,73.422745,1016.30096,13.74,Overcast
2020-02-19 21:00:00+00:00,SAMSUN,55,9.8465,3.5465,0.70000005,9.19939,51.0,82.79438,1013.67804,12.67,Drizzle: Light
2020-02-20 21:00:00+00:00,SAMSUN,55,8.2465,6.2465,1.1000001,6.638072,51.0,89.61854,1012.698,4.78,Drizzle: Light
2020-02-21 21:00:00+00:00,SAMSUN,55,7.4465,5.7965,12.0,16.965895,61.0,89.17578,1018.41724,2.62,Rain: Slight
2020-02-22 21:00:00+00:00,SAMSUN,55,7.5465,3.5965,0.4,9.511088,51.0,82.729805,1022.99835,4.04,Drizzle: Light
2020-02-23 21:00:00+00:00,SAMSUN,55,15.4465,3.9965,2.8,34.449196,61.0,64.266884,1010.2766,8.67,Rain: Slight
2020-02-24 21:00:00+00:00,SAMSUN,55,9.896501,2.7465,2.0,21.028437,53.0,75.60972,1017.7478,12.03,Drizzle: Moderate
2020-02-25 21:00:00+00:00,SAMSUN,55,18.2465,3.8465,0.0,26.250393,3.0,42.242214,1010.78735,15.45,Overcast
2020-02-26 21:00:00+00:00,SAMSUN,55,21.2465,14.3465,0.0,39.014767,3.0,39.58189,1006.57324,11.06,Overcast
2020-02-27 21:00:00+00:00,SAMSUN,55,15.9465,7.5465,3.2999997,23.683512,61.0,77.19123,1010.00433,6.08,Rain: Slight
2020-02-28 21:00:00+00:00,SAMSUN,55,9.9465,5.7465,4.4999995,13.104198,53.0,91.53082,1007.92505,5.76,Drizzle: Moderate
2020-02-29 21:00:00+00:00,SAMSUN,55,9.0465,3.1464999,1.2,15.30741,51.0,82.317955,1019.1381,10.53,Drizzle: Light
2020-03-01 21:00:00+00:00,SAMSUN,55,15.1965,3.1965,0.0,18.581022,3.0,66.94388,1016.3105,16.16,Overcast
2020-03-02 21:00:00+00:00,SAMSUN,55,20.346498,9.896501,0.0,26.932714,1.0,57.969345,1016.0014,16.2,Mainly clear
2020-03-03 21:00:00+00:00,SAMSUN,55,22.946499,12.4965,0.0,31.565245,3.0,53.533417,1012.28143,16.51,Overcast
2020-03-04 21:00:00+00:00,SAMSUN,55,22.446499,15.146501,0.0,32.271744,3.0,46.81952,1006.6035,12.45,Overcast
2020-03-05 21:00:00+00:00,SAMSUN,55,20.6465,8.3965,0.3,20.929594,51.0,62.371166,1007.60614,13.71,Drizzle: Light
2020-03-06 21:00:00+00:00,SAMSUN,55,15.9465,7.8465004,0.0,10.30883,3.0,85.85207,1014.47485,15.23,Overcast
2020-03-07 21:00:00+00:00,SAMSUN,55,20.6465,10.646501,0.0,19.734436,3.0,69.12264,1017.75714,16.79,Overcast
2020-03-08 21:00:00+00:00,SAMSUN,55,21.0465,12.0965,0.0,19.373219,3.0,64.6034,1011.1135,16.89,Overcast
2020-03-09 21:00:00+00:00,SAMSUN,55,23.2965,11.396501,0.0,30.489683,3.0,46.449554,1005.1733,14.25,Overcast
2020-03-10 21:00:00+00:00,SAMSUN,55,14.0465,7.4465,0.0,13.246826,3.0,81.57079,1016.12665,14.97,Overcast
2020-03-11 21:00:00+00:00,SAMSUN,55,14.4465,7.7965,0.0,8.435069,3.0,84.24805,1018.6717,17.0,Overcast
2020-03-12 21:00:00+00:00,SAMSUN,55,11.896501,7.7465,0.0,8.891343,3.0,91.304756,1012.2866,12.63,Overcast
2020-03-13 21:00:00+00:00,SAMSUN,55,13.646501,9.0465,0.2,17.595861,51.0,85.805214,1011.0981,5.72,Drizzle: Light
2020-03-14 21:00:00+00:00,SAMSUN,55,10.4465,6.3964996,5.7,20.380579,55.0,89.10903,1015.9117,6.83,Drizzle: Dense
2020-03-15 21:00:00+00:00,SAMSUN,55,6.1464996,3.4465,12.300001,18.720001,73.0,75.001465,1025.7394,6.65,Snow fall: Moderate
2020-03-16 21:00:00+00:00,SAMSUN,55,5.7965,3.0965,4.5999994,21.2522,73.0,65.224884,1026.6769,10.73,Snow fall: Moderate
2020-03-17 21:00:00+00:00,SAMSUN,55,7.2465,3.5965,8.2,25.045238,61.0,72.95066,1019.2757,7.64,Rain: Slight
2020-03-18 21:00:00+00:00,SAMSUN,55,8.2465,5.0465,4.4999995,21.413193,53.0,83.555275,1014.9477,5.36,Drizzle: Moderate
2020-03-19 21:00:00+00:00,SAMSUN,55,7.7465,5.6965,4.4999995,19.66536,53.0,87.59095,1017.73615,4.19,Drizzle: Moderate
2020-03-20 21:00:00+00:00,SAMSUN,55,9.6965,4.6965,0.0,9.779817,3.0,84.117355,1018.1965,11.04,Overcast
2020-03-21 21:00:00+00:00,SAMSUN,55,16.3965,4.6464996,0.0,15.856354,2.0,74.5932,1013.3156,19.79,Partly cloudy
2020-03-22 21:00:00+00:00,SAMSUN,55,12.9965,6.6464996,0.0,8.217153,3.0,80.488266,1014.15576,16.15,Overcast
2020-03-23 21:00:00+00:00,SAMSUN,55,9.8465,6.8465004,0.4,12.879752,51.0,86.854744,1014.85394,6.62,Drizzle: Light
2020-03-24 21:00:00+00:00,SAMSUN,55,10.8465,6.1965,0.0,12.6462,3.0,80.92033,1018.9217,8.32,Overcast
2020-03-25 21:00:00+00:00,SAMSUN,55,11.0465,6.9965,0.1,9.028754,51.0,84.137634,1018.3301,12.31,Drizzle: Light
2020-03-26 21:00:00+00:00,SAMSUN,55,11.1965,5.5965004,0.0,9.826088,3.0,91.92043,1012.0651,19.18,Overcast
2020-03-27 21:00:00+00:00,SAMSUN,55,10.7465,6.3964996,0.3,9.422101,51.0,95.480095,1007.59686,12.94,Drizzle: Light
2020-03-28 21:00:00+00:00,SAMSUN,55,9.9465,8.3965,1.8000002,6.792466,51.0,89.54269,1005.1629,6.66,Drizzle: Light
2020-03-29 21:00:00+00:00,SAMSUN,55,14.146501,8.6965,0.4,10.514218,51.0,85.2197,1007.4676,10.47,Drizzle: Light
2020-03-30 21:00:00+00:00,SAMSUN,55,15.5965,7.3465004,0.0,10.685391,1.0,70.36631,1011.2214,18.0,Mainly clear
2020-03-31 21:00:00+00:00,SAMSUN,55,10.6965,6.9465,2.7999997,17.673029,51.0,86.05081,1012.7832,4.38,Drizzle: Light
2020-04-01 21:00:00+00:00,SAMSUN,55,9.8465,6.3964996,0.0,13.37825,3.0,87.566154,1013.1006,11.93,Overcast
2020-04-02 21:00:00+00:00,SAMSUN,55,11.3465,6.5965004,4.8,17.87718,55.0,91.54528,1010.8262,9.89,Drizzle: Dense
2020-04-03 21:00:00+00:00,SAMSUN,55,13.2965,6.8964996,0.0,15.137133,3.0,88.27717,1019.10284,18.98,Overcast
2020-04-04 21:00:00+00:00,SAMSUN,55,10.8465,7.5965004,4.4999995,7.9036193,55.0,93.36002,1018.4883,7.21,Drizzle: Dense
2020-04-05 21:00:00+00:00,SAMSUN,55,10.5465,7.0965004,1.4000001,23.224882,55.0,74.99983,1023.14667,8.01,Drizzle: Dense
2020-04-06 21:00:00+00:00,SAMSUN,55,12.396501,6.1464996,0.0,21.749481,1.0,68.005554,1023.97516,21.2,Mainly clear
2020-04-07 21:00:00+00:00,SAMSUN,55,11.7465,4.7465,0.0,15.256526,1.0,74.87526,1021.6079,22.84,Mainly clear
2020-04-08 21:00:00+00:00,SAMSUN,55,11.4465,4.8465,0.0,11.966954,3.0,82.07514,1016.7381,19.66,Overcast
2020-04-09 21:00:00+00:00,SAMSUN,55,13.6965,3.3964999,0.0,15.745627,0.0,68.95465,1013.9943,23.58,Clear sky
2020-04-10 21:00:00+00:00,SAMSUN,55,14.7965,5.8964996,0.0,18.35647,1.0,65.228584,1016.78906,22.98,Mainly clear
2020-04-11 21:00:00+00:00,SAMSUN,55,12.3465,5.6965,0.0,12.181624,3.0,68.4019,1023.5991,22.66,Overcast
2020-04-12 21:00:00+00:00,SAMSUN,55,13.9965,3.4965,0.0,20.545246,3.0,68.2298,1020.28937,24.31,Overcast
2020-04-13 21:00:00+00:00,SAMSUN,55,16.946499,7.7465,0.0,16.323528,3.0,60.868862,1012.91986,21.29,Overcast
2020-04-14 21:00:00+00:00,SAMSUN,55,17.946499,8.8465,2.4,22.932877,53.0,69.7533,1012.9039,11.78,Drizzle: Moderate
2020-04-15 21:00:00+00:00,SAMSUN,55,10.0965,5.0965004,12.1,18.391737,63.0,80.339226,1020.10443,7.69,Rain: Moderate
2020-04-16 21:00:00+00:00,SAMSUN,55,14.9465,4.3465,0.0,15.580141,3.0,76.40897,1015.7893,24.5,Overcast
2020-04-17 21:00:00+00:00,SAMSUN,55,15.5965,7.1464996,0.0,9.422101,3.0,73.61927,1013.1807,23.02,Overcast
2020-04-18 21:00:00+00:00,SAMSUN,55,18.0465,9.5965,0.0,14.264361,3.0,68.1241,1013.35004,23.12,Overcast
2020-04-19 21:00:00+00:00,SAMSUN,55,23.696499,11.1965,1.8,25.96995,53.0,66.78482,1009.7663,21.01,Drizzle: Moderate
2020-04-20 21:00:00+00:00,SAMSUN,55,12.2465,9.146501,1.4000001,9.585739,51.0,84.22106,1016.3684,11.98,Drizzle: Light
2020-04-21 21:00:00+00:00,SAMSUN,55,9.646501,7.4965,9.099999,14.336861,53.0,82.16548,1016.73676,4.16,Drizzle: Moderate
2020-04-22 21:00:00+00:00,SAMSUN,55,11.146501,5.4465,0.70000005,11.298495,51.0,74.87348,1018.461,21.94,Drizzle: Light
2020-04-23 21:00:00+00:00,SAMSUN,55,11.4965,3.9465,0.0,17.727943,3.0,79.00147,1014.6487,20.63,Overcast
2020-04-24 21:00:00+00:00,SAMSUN,55,12.396501,4.9465,0.0,11.681987,3.0,82.2517,1007.62115,24.96,Overcast
2020-04-25 21:00:00+00:00,SAMSUN,55,16.696499,5.1965,0.0,8.913181,3.0,68.120735,1006.90875,25.89,Overcast
2020-04-26 21:00:00+00:00,SAMSUN,55,14.396501,8.7465,0.3,9.885262,51.0,71.72671,1011.95575,23.15,Drizzle: Light
2020-04-27 21:00:00+00:00,SAMSUN,55,14.0465,7.6464996,0.0,15.484185,1.0,81.66966,1015.97723,20.88,Mainly clear
2020-04-28 21:00:00+00:00,SAMSUN,55,15.2965,7.3964996,0.0,12.313894,3.0,83.28199,1012.853,24.97,Overcast
2020-04-29 21:00:00+00:00,SAMSUN,55,17.6465,8.7465,0.9,10.182337,53.0,83.383415,1008.8569,18.09,Drizzle: Moderate
2020-04-30 21:00:00+00:00,SAMSUN,55,16.5465,11.896501,4.4999995,7.42159,53.0,92.152626,1008.1014,8.15,Drizzle: Moderate
2020-05-01 21:00:00+00:00,SAMSUN,55,18.7965,12.5965,0.5,12.7279215,51.0,79.5142,1007.16046,23.95,Drizzle: Light
2020-05-02 21:00:00+00:00,SAMSUN,55,19.946499,11.5465,1.8,13.246826,61.0,81.36391,1003.8279,20.24,Rain: Slight
2020-05-03 21:00:00+00:00,SAMSUN,55,20.846498,13.0465,11.0,13.755579,63.0,82.94978,1004.07935,20.23,Rain: Moderate
2020-05-04 21:00:00+00:00,SAMSUN,55,16.696499,12.7465,0.9000001,8.287822,51.0,89.218414,1009.28076,16.05,Drizzle: Light
2020-05-05 21:00:00+00:00,SAMSUN,55,16.3965,12.1965,2.0,9.793059,53.0,87.78692,1010.02856,18.45,Drizzle: Moderate
2020-05-06 21:00:00+00:00,SAMSUN,55,18.2465,11.7965,7.3,23.86341,63.0,80.323006,1009.374,15.79,Rain: Moderate
2020-05-07 21:00:00+00:00,SAMSUN,55,16.0965,10.7965,0.6,14.799459,51.0,77.87104,1015.9367,13.83,Drizzle: Light
2020-05-08 21:00:00+00:00,SAMSUN,55,13.7965,8.5465,1.0,8.654987,51.0,78.28312,1017.83295,11.57,Drizzle: Light
2020-05-09 21:00:00+00:00,SAMSUN,55,18.2965,7.7465,0.0,15.530151,3.0,63.540424,1016.4438,26.14,Overcast
2020-05-10 21:00:00+00:00,SAMSUN,55,20.3965,10.1965,0.0,14.408997,1.0,66.790794,1016.1045,27.09,Mainly clear
2020-05-11 21:00:00+00:00,SAMSUN,55,29.696499,12.7465,0.0,15.696165,2.0,67.67108,1008.9266,27.1,Partly cloudy
2020-05-12 21:00:00+00:00,SAMSUN,55,22.7465,13.8465,0.0,20.037485,3.0,74.527336,1015.448,26.17,Overcast
2020-05-13 21:00:00+00:00,SAMSUN,55,20.2965,12.396501,0.0,12.43434,3.0,86.66706,1017.10895,27.17,Overcast
2020-05-14 21:00:00+00:00,SAMSUN,55,27.846498,16.7965,0.0,20.150354,3.0,68.946815,1012.6977,27.12,Overcast
2020-05-15 21:00:00+00:00,SAMSUN,55,29.446499,16.8965,0.0,21.313093,3.0,63.09242,1013.3313,25.53,Overcast
2020-05-16 21:00:00+00:00,SAMSUN,55,19.9965,14.4965,0.0,10.30883,3.0,83.54372,1020.82495,27.44,Overcast
2020-05-17 21:00:00+00:00,SAMSUN,55,26.1465,16.0465,0.0,20.929594,3.0,69.430016,1017.2537,26.32,Overcast
2020-05-18 21:00:00+00:00,SAMSUN,55,19.6465,15.0465,0.0,10.086427,3.0,85.04618,1019.6036,28.28,Overcast
2020-05-19 21:00:00+00:00,SAMSUN,55,27.8965,13.0465,0.0,19.134262,3.0,70.400826,1009.4712,27.01,Overcast
2020-05-20 21:00:00+00:00,SAMSUN,55,29.7965,17.946499,0.0,14.917212,3.0,68.23756,1003.28864,23.39,Overcast
2020-05-21 21:00:00+00:00,SAMSUN,55,17.7465,10.646501,8.7,27.21038,61.0,81.55352,1009.263,11.89,Rain: Slight
2020-05-22 21:00:00+00:00,SAMSUN,55,15.8465,10.4965,7.399999,17.81909,61.0,69.96164,1019.13434,19.68,Rain: Slight
2020-05-23 21:00:00+00:00,SAMSUN,55,15.4965,11.146501,1.1000001,19.881649,51.0,78.86928,1021.4421,22.91,Drizzle: Light
2020-05-24 21:00:00+00:00,SAMSUN,55,16.0965,10.7965,0.1,10.514218,51.0,74.49746,1018.1624,18.28,Drizzle: Light
2020-05-25 21:00:00+00:00,SAMSUN,55,17.0465,10.5465,0.0,14.003028,1.0,76.82212,1017.37836,27.9,Mainly clear
2020-05-26 21:00:00+00:00,SAMSUN,55,17.0465,13.0965,0.0,9.0645685,3.0,82.40649,1014.7443,23.84,Overcast
2020-05-27 21:00:00+00:00,SAMSUN,55,17.2465,13.4465,0.70000005,16.394829,51.0,83.58131,1012.3432,19.28,Drizzle: Light
2020-05-28 21:00:00+00:00,SAMSUN,55,16.696499,13.146501,2.6,18.331741,51.0,82.18193,1012.0914,11.67,Drizzle: Light
2020-05-29 21:00:00+00:00,SAMSUN,55,20.2465,12.0965,2.5,14.003028,61.0,79.08307,1014.54877,24.72,Rain: Slight
2020-05-30 21:00:00+00:00,SAMSUN,55,21.3965,12.0965,0.0,14.113652,3.0,77.0254,1013.5068,24.8,Overcast
2020-05-31 21:00:00+00:00,SAMSUN,55,19.7965,14.146501,0.5,10.00256,51.0,80.630005,1008.8942,22.26,Drizzle: Light
2020-06-01 21:00:00+00:00,SAMSUN,55,18.7465,14.7465,13.500001,11.246759,63.0,85.58938,1005.7854,21.0,Rain: Moderate
2020-06-02 21:00:00+00:00,SAMSUN,55,18.3965,14.646501,2.6,11.592894,61.0,87.58654,1007.78986,19.95,Rain: Slight
2020-06-03 21:00:00+00:00,SAMSUN,55,19.6465,15.146501,9.200001,13.551501,63.0,87.48521,1011.14545,17.22,Rain: Moderate
2020-06-04 21:00:00+00:00,SAMSUN,55,23.1465,14.4965,0.0,14.84318,1.0,77.77958,1015.51044,28.65,Mainly clear
2020-06-05 21:00:00+00:00,SAMSUN,55,25.8965,15.7965,0.0,16.323528,3.0,71.428474,1012.9859,28.89,Overcast
2020-06-06 21:00:00+00:00,SAMSUN,55,24.096498,15.7965,0.0,7.289445,2.0,76.5078,1007.8797,29.25,Partly cloudy
2020-06-07 21:00:00+00:00,SAMSUN,55,24.9965,18.9965,0.0,10.009036,3.0,77.1657,1006.84546,27.09,Overcast
2020-06-08 21:00:00+00:00,SAMSUN,55,23.9965,17.7465,0.0,8.373386,3.0,73.370155,1008.335,27.52,Overcast
2020-06-09 21:00:00+00:00,SAMSUN,55,24.196499,17.446499,0.0,7.289445,3.0,80.80075,1006.667,26.39,Overcast
2020-06-10 21:00:00+00:00,SAMSUN,55,26.096498,19.1465,0.0,14.986553,3.0,83.14994,1004.434,22.59,Overcast
2020-06-11 21:00:00+00:00,SAMSUN,55,23.446499,18.9965,11.0,15.30741,63.0,82.66586,1005.2343,15.95,Rain: Moderate
2020-06-12 21:00:00+00:00,SAMSUN,55,20.9965,18.096498,6.6999993,9.47012,61.0,86.8559,1004.67,16.51,Rain: Slight
2020-06-13 21:00:00+00:00,SAMSUN,55,23.0465,16.8965,7.5,13.339445,63.0,85.66305,1005.9677,20.53,Rain: Moderate
2020-06-14 21:00:00+00:00,SAMSUN,55,24.096498,17.6465,1.0,10.464797,53.0,83.339226,1007.358,19.86,Drizzle: Moderate
2020-06-15 21:00:00+00:00,SAMSUN,55,25.446499,19.946499,0.0,17.786331,3.0,78.61077,1007.4919,22.53,Overcast
2020-06-16 21:00:00+00:00,SAMSUN,55,26.0465,19.096498,0.0,11.609651,3.0,85.56161,1006.8681,26.02,Overcast
2020-06-17 21:00:00+00:00,SAMSUN,55,25.6465,18.6465,0.0,12.72283,3.0,75.73622,1004.63306,25.98,Overcast
2020-06-18 21:00:00+00:00,SAMSUN,55,25.196499,18.696499,2.9,22.104116,61.0,75.17135,1005.6678,19.7,Rain: Slight
2020-06-19 21:00:00+00:00,SAMSUN,55,24.2965,18.096498,3.6,10.97262,61.0,79.58526,1006.5603,23.62,Rain: Slight
2020-06-20 21:00:00+00:00,SAMSUN,55,24.9965,19.5465,5.6,15.281989,63.0,76.913055,1005.3918,20.04,Rain: Moderate
2020-06-21 21:00:00+00:00,SAMSUN,55,24.696499,18.2965,0.0,11.885453,3.0,85.28231,1006.01807,24.13,Overcast
2020-06-22 21:00:00+00:00,SAMSUN,55,24.5465,19.7465,0.0,13.18308,3.0,86.812096,1007.8714,23.07,Overcast
2020-06-23 21:00:00+00:00,SAMSUN,55,25.9965,19.1465,0.2,19.242327,51.0,77.439316,1011.3193,22.26,Drizzle: Light
2020-06-24 21:00:00+00:00,SAMSUN,55,24.446499,19.1465,0.4,14.799459,51.0,80.483086,1015.5584,24.59,Drizzle: Light
2020-06-25 21:00:00+00:00,SAMSUN,55,27.2465,19.6465,1.5000001,20.545246,51.0,76.68504,1013.26105,24.71,Drizzle: Light
2020-06-26 21:00:00+00:00,SAMSUN,55,28.096498,20.596498,0.0,21.175837,0.0,64.34011,1011.415,28.88,Clear sky
2020-06-27 21:00:00+00:00,SAMSUN,55,26.4965,19.6465,0.0,12.594856,3.0,69.13553,1011.1868,24.9,Overcast
2020-06-28 21:00:00+00:00,SAMSUN,55,25.4965,17.6465,0.0,10.315115,0.0,68.95946,1008.1579,29.7,Clear sky
2020-06-29 21:00:00+00:00,SAMSUN,55,26.7965,18.6465,0.0,11.966954,3.0,57.057938,1007.21246,29.39,Overcast
2020-06-30 21:00:00+00:00,SAMSUN,55,28.196499,20.2465,0.0,11.269782,0.0,57.918274,1010.035,29.22,Clear sky
2020-07-01 21:00:00+00:00,SAMSUN,55,27.7965,20.0465,0.0,13.044722,1.0,71.611275,1009.7661,28.62,Mainly clear
2020-07-02 21:00:00+00:00,SAMSUN,55,27.346498,20.696499,0.0,13.392774,0.0,74.21635,1007.7725,28.51,Clear sky
2020-07-03 21:00:00+00:00,SAMSUN,55,28.596498,21.096498,0.0,10.691453,0.0,75.560036,1008.0881,28.85,Clear sky
2020-07-04 21:00:00+00:00,SAMSUN,55,28.1465,21.946499,0.0,11.043261,1.0,74.572914,1006.85944,27.63,Mainly clear
2020-07-05 21:00:00+00:00,SAMSUN,55,28.696499,22.1465,0.0,12.979984,0.0,74.66178,1003.8259,28.2,Clear sky
2020-07-06 21:00:00+00:00,SAMSUN,55,29.346498,23.0465,0.0,13.608762,0.0,75.17088,1000.3972,28.53,Clear sky
2020-07-07 21:00:00+00:00,SAMSUN,55,30.7965,22.9965,0.1,26.178707,51.0,71.75272,1006.7559,23.53,Drizzle: Light
2020-07-08 21:00:00+00:00,SAMSUN,55,25.946499,21.2465,0.8,20.5484,51.0,65.60316,1014.30927,18.53,Drizzle: Light
2020-07-09 21:00:00+00:00,SAMSUN,55,26.946499,20.7965,0.1,15.629971,51.0,62.01417,1014.9262,24.21,Drizzle: Light
2020-07-10 21:00:00+00:00,SAMSUN,55,28.7465,21.0465,0.0,20.957443,2.0,69.75879,1011.93365,27.02,Partly cloudy
2020-07-11 21:00:00+00:00,SAMSUN,55,27.3965,21.3965,0.0,10.495713,1.0,74.350876,1007.02594,27.28,Mainly clear
2020-07-12 21:00:00+00:00,SAMSUN,55,30.7465,22.696499,0.0,25.620771,3.0,58.542343,1005.489,26.33,Overcast
2020-07-13 21:00:00+00:00,SAMSUN,55,26.0465,20.2965,2.0,20.163212,51.0,71.82733,1010.65576,17.75,Drizzle: Light
2020-07-14 21:00:00+00:00,SAMSUN,55,23.946499,19.346498,0.9000001,19.083395,51.0,76.847374,1012.3652,11.94,Drizzle: Light
2020-07-15 21:00:00+00:00,SAMSUN,55,23.946499,21.346498,5.599999,16.704155,53.0,85.43113,1009.03265,9.48,Drizzle: Moderate
2020-07-16 21:00:00+00:00,SAMSUN,55,25.1465,21.3965,0.70000005,17.673029,51.0,77.95358,1007.7465,14.81,Drizzle: Light
2020-07-17 21:00:00+00:00,SAMSUN,55,26.846498,19.3965,0.0,11.91812,1.0,71.53681,1008.9473,26.07,Mainly clear
2020-07-18 21:00:00+00:00,SAMSUN,55,27.196499,20.2465,0.0,12.599998,0.0,77.59879,1008.3074,28.04,Clear sky
2020-07-19 21:00:00+00:00,SAMSUN,55,27.696499,21.1465,0.6,14.264361,51.0,83.0519,1007.42755,20.65,Drizzle: Light
2020-07-20 21:00:00+00:00,SAMSUN,55,28.946499,21.9965,0.2,23.933907,51.0,64.85987,1011.5916,25.12,Drizzle: Light
2020-07-21 21:00:00+00:00,SAMSUN,55,26.4965,21.346498,4.2,20.774214,53.0,76.647224,1012.5034,21.52,Drizzle: Moderate
2020-07-22 21:00:00+00:00,SAMSUN,55,26.7465,20.696499,2.8999996,15.856356,53.0,72.68816,1010.5943,23.27,Drizzle: Moderate
2020-07-23 21:00:00+00:00,SAMSUN,55,26.8965,20.096498,0.0,15.815435,1.0,73.717316,1009.5298,25.48,Mainly clear
2020-07-24 21:00:00+00:00,SAMSUN,55,28.0465,19.946499,0.0,17.418196,1.0,66.616516,1007.77856,27.28,Mainly clear
2020-07-25 21:00:00+00:00,SAMSUN,55,28.946499,20.5465,0.0,12.261157,0.0,56.44438,1006.79034,27.83,Clear sky
2020-07-26 21:00:00+00:00,SAMSUN,55,27.846498,20.946499,0.0,16.394829,2.0,71.81336,1009.25806,22.34,Partly cloudy
2020-07-27 21:00:00+00:00,SAMSUN,55,27.346498,21.5465,1.1,16.311613,51.0,75.02222,1009.9117,19.99,Drizzle: Light
2020-07-28 21:00:00+00:00,SAMSUN,55,30.946499,20.946499,0.8,21.892027,51.0,68.529144,1011.8117,24.7,Drizzle: Light
2020-07-29 21:00:00+00:00,SAMSUN,55,27.5465,20.8965,1.4000001,15.379206,53.0,79.88276,1013.7459,19.21,Drizzle: Moderate
2020-07-30 21:00:00+00:00,SAMSUN,55,27.4965,22.196499,0.8000001,11.592894,51.0,78.53581,1010.96295,25.12,Drizzle: Light
2020-07-31 21:00:00+00:00,SAMSUN,55,28.096498,21.5465,4.7,16.965895,55.0,73.29215,1006.09814,23.95,Drizzle: Dense
2020-08-01 21:00:00+00:00,SAMSUN,55,23.696499,20.0465,2.5,12.324414,53.0,77.04886,1008.93604,10.67,Drizzle: Moderate
2020-08-02 21:00:00+00:00,SAMSUN,55,26.0465,18.696499,0.0,13.570615,1.0,70.96056,1012.41034,23.86,Mainly clear
2020-08-03 21:00:00+00:00,SAMSUN,55,26.096498,19.5465,0.0,14.8257065,1.0,74.31408,1009.3965,23.76,Mainly clear
2020-08-04 21:00:00+00:00,SAMSUN,55,27.7965,18.3965,0.0,13.493999,0.0,58.466602,1007.78253,26.97,Clear sky
2020-08-05 21:00:00+00:00,SAMSUN,55,29.846498,20.2965,0.0,16.676977,1.0,63.92622,1009.5925,26.73,Mainly clear
2020-08-06 21:00:00+00:00,SAMSUN,55,28.3965,19.9965,0.0,14.021525,1.0,72.59729,1010.39166,26.31,Mainly clear
2020-08-07 21:00:00+00:00,SAMSUN,55,28.8965,20.7965,0.0,12.538134,1.0,72.16702,1006.15845,25.92,Mainly clear
2020-08-08 21:00:00+00:00,SAMSUN,55,31.7465,22.1465,0.0,26.299719,1.0,62.83141,1002.75116,25.75,Mainly clear
2020-08-09 21:00:00+00:00,SAMSUN,55,30.7465,22.846498,0.0,29.024128,3.0,60.17224,1004.9832,24.09,Overcast
2020-08-10 21:00:00+00:00,SAMSUN,55,30.846498,23.3965,0.0,28.467327,1.0,52.339325,1009.1064,23.41,Mainly clear
2020-08-11 21:00:00+00:00,SAMSUN,55,28.8965,20.7965,0.0,13.104198,0.0,58.773952,1011.1114,25.69,Clear sky
2020-08-12 21:00:00+00:00,SAMSUN,55,27.9965,20.1465,2.0000002,17.106628,53.0,69.4117,1011.3675,21.47,Drizzle: Moderate
2020-08-13 21:00:00+00:00,SAMSUN,55,24.446499,20.2965,3.8000002,18.556595,53.0,74.25391,1012.073,17.92,Drizzle: Moderate
2020-08-14 21:00:00+00:00,SAMSUN,55,24.2965,18.2465,0.9000001,13.397612,51.0,70.94605,1012.6433,19.67,Drizzle: Light
2020-08-15 21:00:00+00:00,SAMSUN,55,25.596498,18.846498,0.0,13.363711,3.0,63.71461,1010.47284,23.82,Overcast
2020-08-16 21:00:00+00:00,SAMSUN,55,26.3965,19.346498,0.0,16.45007,2.0,60.66715,1011.0439,23.98,Partly cloudy
2020-08-17 21:00:00+00:00,SAMSUN,55,26.696499,18.446499,0.0,13.905509,0.0,64.69088,1008.49286,25.06,Clear sky
2020-08-18 21:00:00+00:00,SAMSUN,55,27.1465,18.1465,0.0,12.538134,0.0,55.763752,1005.2522,25.18,Clear sky
2020-08-19 21:00:00+00:00,SAMSUN,55,26.5465,19.346498,0.8,16.87398,51.0,75.7701,1004.22906,21.54,Drizzle: Light
2020-08-20 21:00:00+00:00,SAMSUN,55,27.346498,20.946499,2.6999998,21.659918,53.0,69.94927,1007.7426,19.0,Drizzle: Moderate
2020-08-21 21:00:00+00:00,SAMSUN,55,27.7465,20.696499,6.4000006,31.259941,53.0,75.93702,1008.8884,20.14,Drizzle: Moderate
2020-08-22 21:00:00+00:00,SAMSUN,55,27.446499,20.3965,0.0,18.175545,1.0,72.71181,1009.7009,21.96,Mainly clear
2020-08-23 21:00:00+00:00,SAMSUN,55,27.096498,19.196499,0.0,12.313894,0.0,66.98455,1010.1911,24.46,Clear sky
2020-08-24 21:00:00+00:00,SAMSUN,55,26.196499,16.8965,0.0,16.179987,0.0,69.08524,1008.74786,24.43,Clear sky
2020-08-25 21:00:00+00:00,SAMSUN,55,26.446499,18.3965,0.0,11.681987,3.0,77.07897,1009.73126,21.39,Overcast
2020-08-26 21:00:00+00:00,SAMSUN,55,25.2465,19.4965,0.90000004,11.503113,51.0,81.58935,1010.3621,17.25,Drizzle: Light
2020-08-27 21:00:00+00:00,SAMSUN,55,26.9965,17.7465,0.0,13.202726,3.0,66.57261,1011.16986,23.39,Overcast
2020-08-28 21:00:00+00:00,SAMSUN,55,26.696499,18.1465,0.0,19.242327,3.0,77.47726,1013.91986,21.65,Overcast
2020-08-29 21:00:00+00:00,SAMSUN,55,26.4965,19.596498,0.0,12.031756,3.0,82.50806,1012.5593,23.18,Overcast
2020-08-30 21:00:00+00:00,SAMSUN,55,27.1465,18.1465,0.0,10.739832,0.0,67.46764,1009.3716,23.67,Clear sky
2020-08-31 21:00:00+00:00,SAMSUN,55,26.696499,18.4965,0.0,12.074766,0.0,73.85421,1005.8618,22.73,Clear sky
2020-09-01 21:00:00+00:00,SAMSUN,55,28.196499,19.8965,0.0,9.885262,0.0,71.7719,1008.3648,22.57,Clear sky
2020-09-02 21:00:00+00:00,SAMSUN,55,26.7465,20.596498,0.0,10.630672,3.0,86.5163,1013.2588,21.52,Overcast
2020-09-03 21:00:00+00:00,SAMSUN,55,27.846498,20.9965,0.1,19.171478,51.0,82.99454,1009.9919,19.89,Drizzle: Light
2020-09-04 21:00:00+00:00,SAMSUN,55,26.0465,21.3965,0.1,18.775301,51.0,75.568306,1010.1762,11.0,Drizzle: Light
2020-09-05 21:00:00+00:00,SAMSUN,55,27.2465,20.3965,1.2,15.990646,53.0,72.6312,1009.99976,19.86,Drizzle: Moderate
2020-09-06 21:00:00+00:00,SAMSUN,55,26.5465,20.096498,0.1,12.594856,51.0,77.98824,1013.41205,19.48,Drizzle: Light
2020-09-07 21:00:00+00:00,SAMSUN,55,25.696499,19.696499,0.70000005,11.726277,51.0,81.389534,1016.24164,16.97,Drizzle: Light
2020-09-08 21:00:00+00:00,SAMSUN,55,27.1465,20.696499,5.0,18.775301,55.0,79.62487,1018.03766,15.62,Drizzle: Dense
2020-09-09 21:00:00+00:00,SAMSUN,55,25.0465,20.846498,2.2999997,12.313894,53.0,76.05443,1014.8068,16.75,Drizzle: Moderate
2020-09-10 21:00:00+00:00,SAMSUN,55,25.196499,20.696499,0.0,9.9571085,3.0,78.248695,1011.1579,12.96,Overcast
2020-09-11 21:00:00+00:00,SAMSUN,55,25.696499,19.7965,0.0,14.081477,3.0,80.48414,1013.52496,18.71,Overcast
2020-09-12 21:00:00+00:00,SAMSUN,55,25.846498,20.696499,0.0,10.1887,3.0,82.94419,1013.8967,12.1,Overcast
2020-09-13 21:00:00+00:00,SAMSUN,55,28.7465,20.3965,1.1,20.991426,51.0,77.139114,1016.25775,16.41,Drizzle: Light
2020-09-14 21:00:00+00:00,SAMSUN,55,27.3965,21.1465,0.0,16.327497,1.0,69.89117,1018.24384,20.44,Mainly clear
2020-09-15 21:00:00+00:00,SAMSUN,55,26.446499,19.346498,0.0,15.379206,1.0,75.83818,1016.7922,19.37,Mainly clear
2020-09-16 21:00:00+00:00,SAMSUN,55,26.2465,18.5465,0.0,14.336861,3.0,72.83883,1012.2165,19.48,Overcast
2020-09-17 21:00:00+00:00,SAMSUN,55,26.446499,18.3965,0.4,12.88981,51.0,78.01393,1012.284,17.15,Drizzle: Light
2020-09-18 21:00:00+00:00,SAMSUN,55,24.1465,18.9965,11.500001,19.995398,61.0,79.95213,1016.07495,11.17,Rain: Slight
2020-09-19 21:00:00+00:00,SAMSUN,55,20.7965,18.5465,7.599999,15.990646,53.0,84.50043,1015.62134,6.97,Drizzle: Moderate
2020-09-20 21:00:00+00:00,SAMSUN,55,22.446499,17.9965,0.9000001,11.165805,51.0,76.11761,1015.00006,8.22,Drizzle: Light
2020-09-21 21:00:00+00:00,SAMSUN,55,24.3965,17.5465,0.0,11.246759,1.0,75.195175,1016.1184,16.62,Mainly clear
2020-09-22 21:00:00+00:00,SAMSUN,55,24.3965,16.8965,0.0,11.681987,1.0,79.1839,1013.68506,18.42,Mainly clear
2020-09-23 21:00:00+00:00,SAMSUN,55,24.2465,18.1465,0.0,13.217443,3.0,82.845604,1011.98926,17.02,Overcast
2020-09-24 21:00:00+00:00,SAMSUN,55,24.196499,18.4965,0.5,8.587338,51.0,86.8733,1009.2032,9.59,Drizzle: Light
2020-09-25 21:00:00+00:00,SAMSUN,55,27.8965,19.7465,0.1,15.137133,51.0,72.8035,1005.9908,16.98,Drizzle: Light
2020-09-26 21:00:00+00:00,SAMSUN,55,32.7965,21.4965,0.0,23.400002,2.0,52.5699,1009.54645,17.45,Partly cloudy
2020-09-27 21:00:00+00:00,SAMSUN,55,25.946499,18.3965,0.0,12.10157,0.0,73.67387,1016.63666,17.59,Clear sky
2020-09-28 21:00:00+00:00,SAMSUN,55,30.196499,19.346498,0.0,15.646544,3.0,63.86056,1010.36005,16.43,Overcast
2020-09-29 21:00:00+00:00,SAMSUN,55,25.6465,19.096498,3.6000001,17.771753,55.0,72.96614,1006.3709,9.99,Drizzle: Dense
2020-09-30 21:00:00+00:00,SAMSUN,55,21.7465,18.346498,4.0999994,15.119999,53.0,80.78149,1007.7852,11.05,Drizzle: Moderate
2020-10-01 21:00:00+00:00,SAMSUN,55,21.0465,17.7465,10.200001,12.538134,61.0,87.72506,1013.38983,9.32,Rain: Slight
2020-10-02 21:00:00+00:00,SAMSUN,55,22.5465,16.696499,0.1,13.207634,51.0,83.34268,1017.562,14.1,Drizzle: Light
2020-10-03 21:00:00+00:00,SAMSUN,55,23.3965,16.446499,0.0,11.983188,3.0,80.10532,1017.62164,16.39,Overcast
2020-10-04 21:00:00+00:00,SAMSUN,55,23.846498,16.0965,0.0,12.984975,3.0,75.75324,1018.39484,16.68,Overcast
2020-10-05 21:00:00+00:00,SAMSUN,55,24.3965,14.9965,0.0,15.978486,0.0,73.167076,1016.7966,16.49,Clear sky
2020-10-06 21:00:00+00:00,SAMSUN,55,25.2965,14.146501,0.0,14.707222,0.0,70.30474,1015.1362,16.76,Clear sky
2020-10-07 21:00:00+00:00,SAMSUN,55,28.4965,14.8465,0.0,17.31746,2.0,51.51074,1013.1472,16.16,Partly cloudy
2020-10-08 21:00:00+00:00,SAMSUN,55,33.1465,18.446499,0.0,16.375053,3.0,55.143147,1011.75665,14.45,Overcast
2020-10-09 21:00:00+00:00,SAMSUN,55,23.9965,16.4965,2.3,18.844202,53.0,82.52436,1014.13776,13.07,Drizzle: Moderate
2020-10-10 21:00:00+00:00,SAMSUN,55,21.6465,18.696499,1.4000001,11.609651,51.0,86.87222,1015.3575,7.48,Drizzle: Light
2020-10-11 21:00:00+00:00,SAMSUN,55,23.7965,18.096498,0.0,13.527572,3.0,87.48074,1014.1438,14.38,Overcast
2020-10-12 21:00:00+00:00,SAMSUN,55,29.9965,17.0465,0.0,17.84816,3.0,66.561295,1009.1149,13.94,Overcast
2020-10-13 21:00:00+00:00,SAMSUN,55,25.946499,19.446499,0.0,23.675303,1.0,61.97401,1012.8111,14.54,Mainly clear
2020-10-14 21:00:00+00:00,SAMSUN,55,23.4965,16.8965,0.0,9.504272,0.0,76.0738,1018.052,13.53,Clear sky
2020-10-15 21:00:00+00:00,SAMSUN,55,24.696499,16.4965,0.0,12.181624,0.0,75.401306,1014.45557,14.46,Clear sky
2020-10-16 21:00:00+00:00,SAMSUN,55,27.346498,16.2965,0.0,20.620804,3.0,64.28474,1011.6125,14.52,Overcast
2020-10-17 21:00:00+00:00,SAMSUN,55,24.596498,16.4965,0.1,17.58481,51.0,65.57848,1013.6936,12.84,Drizzle: Light
2020-10-18 21:00:00+00:00,SAMSUN,55,21.846498,16.946499,2.3000002,28.775238,53.0,78.62798,1017.6733,8.55,Drizzle: Moderate
2020-10-19 21:00:00+00:00,SAMSUN,55,17.096498,15.2465,10.7,15.990646,61.0,86.2568,1022.8501,2.96,Rain: Slight
2020-10-20 21:00:00+00:00,SAMSUN,55,18.3965,14.1965,8.099999,18.0,61.0,84.279816,1024.518,7.07,Rain: Slight
2020-10-21 21:00:00+00:00,SAMSUN,55,20.696499,13.146501,0.0,12.538134,0.0,80.74024,1021.218,13.46,Clear sky
2020-10-22 21:00:00+00:00,SAMSUN,55,21.9965,12.3465,0.0,10.495713,0.0,80.2391,1019.8377,13.77,Clear sky
2020-10-23 21:00:00+00:00,SAMSUN,55,24.846498,14.0465,0.0,14.512064,3.0,60.68783,1015.39154,13.3,Overcast
2020-10-24 21:00:00+00:00,SAMSUN,55,25.8965,16.1465,0.0,24.458813,1.0,57.368816,1012.5473,13.22,Mainly clear
2020-10-25 21:00:00+00:00,SAMSUN,55,28.346498,16.3465,0.0,25.96496,3.0,48.811127,1011.42114,12.02,Overcast
2020-10-26 21:00:00+00:00,SAMSUN,55,22.196499,14.9465,0.0,8.557102,3.0,73.4053,1013.75024,12.47,Overcast
2020-10-27 21:00:00+00:00,SAMSUN,55,24.4965,14.5465,0.0,7.754637,3.0,81.294716,1011.72833,11.32,Overcast
2020-10-28 21:00:00+00:00,SAMSUN,55,23.9965,14.646501,0.0,8.669949,3.0,80.29963,1012.4495,12.18,Overcast
2020-10-29 21:00:00+00:00,SAMSUN,55,21.4965,15.7965,1.0,14.685176,53.0,82.19777,1013.6455,10.71,Drizzle: Moderate
2020-10-30 21:00:00+00:00,SAMSUN,55,20.446499,15.3465,3.5999997,10.00256,55.0,83.66729,1012.3437,7.03,Drizzle: Dense
2020-10-31 21:00:00+00:00,SAMSUN,55,20.7965,12.896501,0.5,19.386593,51.0,73.60087,1013.66046,9.67,Drizzle: Light
2020-11-01 21:00:00+00:00,SAMSUN,55,18.346498,10.0465,0.0,15.986593,1.0,62.52887,1020.2642,12.23,Mainly clear
2020-11-02 21:00:00+00:00,SAMSUN,55,17.946499,10.0965,0.0,13.896187,3.0,79.417076,1018.14325,11.03,Overcast
2020-11-03 21:00:00+00:00,SAMSUN,55,15.9465,12.9965,11.000002,18.39878,61.0,87.266174,1014.84985,1.79,Rain: Slight
2020-11-04 21:00:00+00:00,SAMSUN,55,19.196499,15.0965,0.3,29.09103,51.0,80.72323,1015.2552,8.26,Drizzle: Light
2020-11-05 21:00:00+00:00,SAMSUN,55,16.446499,12.5465,1.2,24.795612,51.0,80.55689,1019.95026,7.23,Drizzle: Light
2020-11-06 21:00:00+00:00,SAMSUN,55,15.9965,11.9465,3.1999998,19.35314,55.0,74.74807,1025.1324,8.58,Drizzle: Dense
2020-11-07 21:00:00+00:00,SAMSUN,55,15.0965,10.896501,1.6,9.746631,51.0,85.06656,1026.7213,6.92,Drizzle: Light
2020-11-08 21:00:00+00:00,SAMSUN,55,17.2965,9.9965,0.0,13.004922,1.0,82.00118,1021.92865,10.91,Mainly clear
2020-11-09 21:00:00+00:00,SAMSUN,55,15.0465,12.146501,19.5,17.654688,61.0,91.360054,1022.46625,4.41,Rain: Slight
2020-11-10 21:00:00+00:00,SAMSUN,55,13.4465,10.6965,4.5999994,12.24,53.0,79.582985,1025.744,3.02,Drizzle: Moderate
2020-11-11 21:00:00+00:00,SAMSUN,55,14.4465,9.5465,0.0,9.178235,3.0,79.16186,1025.9564,9.44,Overcast
2020-11-12 21:00:00+00:00,SAMSUN,55,16.3965,8.2965,0.0,17.072504,3.0,74.871506,1023.596,10.62,Overcast
2020-11-13 21:00:00+00:00,SAMSUN,55,16.3965,7.8964996,0.0,14.264361,3.0,72.10378,1020.21295,10.57,Overcast
2020-11-14 21:00:00+00:00,SAMSUN,55,15.3465,9.2965,1.3000001,9.726664,51.0,80.72095,1019.5551,8.15,Drizzle: Light
2020-11-15 21:00:00+00:00,SAMSUN,55,14.2465,11.0965,0.6,15.379206,51.0,79.68299,1020.67694,7.4,Drizzle: Light
2020-11-16 21:00:00+00:00,SAMSUN,55,14.5465,9.8465,4.3,11.923557,53.0,85.343895,1023.7246,6.82,Drizzle: Moderate
2020-11-17 21:00:00+00:00,SAMSUN,55,11.9965,9.896501,18.0,15.273505,61.0,88.745514,1026.3303,1.44,Rain: Slight
2020-11-18 21:00:00+00:00,SAMSUN,55,11.396501,7.4965,0.0,10.823973,3.0,75.60663,1023.7924,4.9,Overcast
2020-11-19 21:00:00+00:00,SAMSUN,55,11.6965,6.4465,0.0,10.383987,3.0,77.15411,1015.00397,6.16,Overcast
2020-11-20 21:00:00+00:00,SAMSUN,55,12.8465,6.9965,0.4,10.97262,51.0,78.49149,1020.6794,6.36,Drizzle: Light
2020-11-21 21:00:00+00:00,SAMSUN,55,11.1965,7.0465,0.5,23.47741,51.0,79.81498,1027.0363,4.01,Drizzle: Light
2020-11-22 21:00:00+00:00,SAMSUN,55,12.1965,4.8964996,0.0,14.05845,1.0,73.87532,1027.8439,9.57,Mainly clear
2020-11-23 21:00:00+00:00,SAMSUN,55,14.1965,6.5465,0.0,19.914215,3.0,61.76361,1020.3447,9.37,Overcast
2020-11-24 21:00:00+00:00,SAMSUN,55,11.3465,7.4465,8.900001,16.923828,61.0,80.05682,1021.9677,6.42,Rain: Slight
2020-11-25 21:00:00+00:00,SAMSUN,55,11.5965,5.8465004,0.0,11.966954,3.0,76.406815,1022.78644,5.05,Overcast
2020-11-26 21:00:00+00:00,SAMSUN,55,13.0465,6.0965004,0.0,14.003028,2.0,75.794174,1023.3799,9.21,Partly cloudy
2020-11-27 21:00:00+00:00,SAMSUN,55,17.2465,7.1965,0.0,25.20257,0.0,48.322636,1019.02325,9.53,Clear sky
2020-11-28 21:00:00+00:00,SAMSUN,55,17.196499,8.6965,0.0,24.522314,0.0,44.999348,1018.8938,9.32,Clear sky
2020-11-29 21:00:00+00:00,SAMSUN,55,16.3965,7.7965,0.0,24.184391,3.0,50.194805,1015.8574,8.43,Overcast
2020-11-30 21:00:00+00:00,SAMSUN,55,14.2965,7.4465,0.0,22.725668,3.0,58.7682,1015.4217,7.78,Overcast
2020-12-01 21:00:00+00:00,SAMSUN,55,13.646501,7.2965,1.9,9.220499,53.0,86.85081,1019.2631,7.59,Drizzle: Moderate
2020-12-02 21:00:00+00:00,SAMSUN,55,14.8465,7.9965,0.0,11.966954,2.0,82.04531,1020.5667,8.37,Partly cloudy
2020-12-03 21:00:00+00:00,SAMSUN,55,17.196499,7.8465004,0.0,18.584509,3.0,69.98004,1018.3254,8.54,Overcast
2020-12-04 21:00:00+00:00,SAMSUN,55,16.1465,7.6464996,0.0,24.485292,1.0,68.71101,1017.32526,8.58,Mainly clear
2020-12-05 21:00:00+00:00,SAMSUN,55,14.1965,6.5465,0.70000005,10.44,51.0,81.65844,1017.8112,6.73,Drizzle: Light
2020-12-06 21:00:00+00:00,SAMSUN,55,12.9965,5.9965,0.0,10.948973,1.0,80.49954,1015.65765,7.35,Mainly clear
2020-12-07 21:00:00+00:00,SAMSUN,55,13.9465,5.9965,1.8000001,13.830749,53.0,74.23245,1013.22675,2.48,Drizzle: Moderate
2020-12-08 21:00:00+00:00,SAMSUN,55,16.3465,8.8965,0.1,22.45315,51.0,73.14517,1018.3875,8.3,Drizzle: Light
2020-12-09 21:00:00+00:00,SAMSUN,55,17.096498,9.4965,0.0,21.166653,3.0,58.681965,1017.962,8.07,Overcast
2020-12-10 21:00:00+00:00,SAMSUN,55,17.3965,9.9465,0.1,14.186923,51.0,56.006058,1011.6892,6.61,Drizzle: Light
2020-12-11 21:00:00+00:00,SAMSUN,55,14.8465,9.2465,0.0,13.755579,3.0,62.94968,1010.1198,2.08,Overcast
2020-12-12 21:00:00+00:00,SAMSUN,55,17.3965,11.0465,0.0,22.862123,3.0,58.69991,1009.2685,4.63,Overcast
2020-12-13 21:00:00+00:00,SAMSUN,55,18.5465,12.4465,0.1,18.775303,51.0,59.417377,1007.5615,7.09,Drizzle: Light
2020-12-14 21:00:00+00:00,SAMSUN,55,15.5965,12.5965,6.5000005,19.61587,55.0,74.84295,1009.8337,2.06,Drizzle: Dense
2020-12-15 21:00:00+00:00,SAMSUN,55,13.0965,9.4465,9.000003,13.53236,55.0,90.209236,1019.722,1.39,Drizzle: Dense
2020-12-16 21:00:00+00:00,SAMSUN,55,10.7965,8.5465,0.9000001,9.085988,51.0,88.9473,1025.1124,4.04,Drizzle: Light
2020-12-17 21:00:00+00:00,SAMSUN,55,11.0965,6.4465,0.0,9.021574,3.0,84.84011,1025.0092,6.51,Overcast
2020-12-18 21:00:00+00:00,SAMSUN,55,11.396501,6.4465,2.8999999,7.145796,61.0,85.15698,1025.2065,4.82,Rain: Slight
2020-12-19 21:00:00+00:00,SAMSUN,55,12.1965,6.3465004,0.8000001,14.264361,51.0,83.14893,1025.0763,6.95,Drizzle: Light
2020-12-20 21:00:00+00:00,SAMSUN,55,9.1965,7.0965004,6.099999,14.48972,55.0,88.40887,1024.9894,1.14,Drizzle: Dense
2020-12-21 21:00:00+00:00,SAMSUN,55,7.6965,5.6464996,9.600003,18.075441,55.0,87.92929,1023.12067,1.07,Drizzle: Dense
2020-12-22 21:00:00+00:00,SAMSUN,55,7.3964996,2.3465,1.1,16.610792,51.0,80.601875,1021.62726,5.39,Drizzle: Light
2020-12-23 21:00:00+00:00,SAMSUN,55,11.2965,3.5465,0.0,21.203358,2.0,59.280567,1020.8029,8.28,Partly cloudy
2020-12-24 21:00:00+00:00,SAMSUN,55,15.146501,6.3964996,0.0,32.078403,3.0,51.80514,1016.6552,6.44,Overcast
2020-12-25 21:00:00+00:00,SAMSUN,55,17.2965,11.4965,0.0,33.348125,3.0,46.80505,1016.8762,7.98,Overcast
2020-12-26 21:00:00+00:00,SAMSUN,55,17.9965,9.9465,0.0,31.122826,3.0,54.063984,1019.4637,8.06,Overcast
2020-12-27 21:00:00+00:00,SAMSUN,55,17.446499,10.0465,0.0,20.421871,3.0,44.89208,1015.7366,7.84,Overcast
2020-12-28 21:00:00+00:00,SAMSUN,55,17.8965,10.5465,0.0,25.77962,3.0,45.254025,1017.37006,7.93,Overcast
2020-12-29 21:00:00+00:00,SAMSUN,55,17.946499,10.396501,0.0,22.91026,0.0,55.711197,1018.7905,8.37,Clear sky
2020-12-30 21:00:00+00:00,SAMSUN,55,18.2465,10.4965,0.0,23.1774,1.0,53.40314,1015.77637,8.34,Mainly clear
2020-12-31 21:00:00+00:00,SAMSUN,55,18.196499,9.5965,0.0,25.476198,2.0,51.155228,1015.8591,8.37,Partly cloudy
2021-01-01 21:00:00+00:00,SAMSUN,55,13.9465,6.6965,0.0,8.942214,3.0,78.880745,1023.95514,7.9,Overcast
2021-01-02 21:00:00+00:00,SAMSUN,55,13.146501,6.5965004,0.0,9.1641035,3.0,85.58234,1024.5692,8.31,Overcast
2021-01-03 21:00:00+00:00,SAMSUN,55,16.4965,6.8964996,0.0,20.620804,3.0,64.73567,1019.2568,8.16,Overcast
2021-01-04 21:00:00+00:00,SAMSUN,55,18.6465,10.2965,0.3,30.421598,51.0,44.562836,1014.4599,8.31,Drizzle: Light
2021-01-05 21:00:00+00:00,SAMSUN,55,15.896501,8.1465,0.3,14.84318,51.0,71.98112,1021.8594,8.49,Drizzle: Light
2021-01-06 21:00:00+00:00,SAMSUN,55,17.9965,8.3465,0.0,21.758419,3.0,61.058826,1018.1369,8.02,Overcast
2021-01-07 21:00:00+00:00,SAMSUN,55,16.696499,12.3465,0.0,21.175837,3.0,51.32674,1015.56714,2.1,Overcast
2021-01-08 21:00:00+00:00,SAMSUN,55,19.846498,12.0965,0.0,37.76055,3.0,46.720474,1012.69165,8.0,Overcast
2021-01-09 21:00:00+00:00,SAMSUN,55,15.9965,8.7965,3.9,20.5484,53.0,85.5171,1016.7225,5.66,Drizzle: Moderate
2021-01-10 21:00:00+00:00,SAMSUN,55,15.4965,8.6465,3.2,11.570515,53.0,93.856926,1015.74384,2.74,Drizzle: Moderate
2021-01-11 21:00:00+00:00,SAMSUN,55,18.7965,10.0465,0.8,14.021525,51.0,87.58944,1011.75836,3.9,Drizzle: Light
2021-01-12 21:00:00+00:00,SAMSUN,55,14.7965,8.8965,22.5,12.768586,63.0,81.5635,1002.2957,2.37,Rain: Moderate
2021-01-13 21:00:00+00:00,SAMSUN,55,9.7965,6.3465004,9.299998,21.479664,55.0,86.52885,1003.73804,3.44,Drizzle: Dense
2021-01-14 21:00:00+00:00,SAMSUN,55,8.1965,3.0465,6.1000004,8.587338,53.0,78.67069,1008.7256,3.51,Drizzle: Moderate
2021-01-15 21:00:00+00:00,SAMSUN,55,6.4965,1.4465,0.1,12.849528,51.0,83.04115,1011.1297,3.28,Drizzle: Light
2021-01-16 21:00:00+00:00,SAMSUN,55,8.8465,4.0965,4.899999,23.565569,53.0,82.18757,1001.28827,2.27,Drizzle: Moderate
2021-01-17 21:00:00+00:00,SAMSUN,55,3.8465,-5.8535004,7.0000005,18.328207,73.0,81.69425,1014.3908,2.1,Snow fall: Moderate
2021-01-18 21:00:00+00:00,SAMSUN,55,5.1464996,-2.1035001,0.0,18.899143,3.0,52.568195,1020.28314,10.06,Overcast
2021-01-19 21:00:00+00:00,SAMSUN,55,6.2965,-0.8535,0.0,21.67487,3.0,51.627056,1023.40594,9.79,Overcast
2021-01-20 21:00:00+00:00,SAMSUN,55,9.5465,2.7465,0.0,25.711662,3.0,41.98416,1027.5526,9.88,Overcast
2021-01-21 21:00:00+00:00,SAMSUN,55,12.146501,4.6965,0.0,31.056128,2.0,43.71278,1025.271,10.05,Partly cloudy
2021-01-22 21:00:00+00:00,SAMSUN,55,14.2465,6.9465,0.0,33.108257,3.0,44.99785,1020.0725,9.91,Overcast
2021-01-23 21:00:00+00:00,SAMSUN,55,13.7465,7.6464996,0.1,41.399998,51.0,34.839363,1013.64545,6.24,Drizzle: Light
2021-01-24 21:00:00+00:00,SAMSUN,55,16.196499,10.1965,0.0,35.647274,3.0,34.814175,1011.4387,8.69,Overcast
2021-01-25 21:00:00+00:00,SAMSUN,55,17.196499,10.1965,0.0,40.70548,3.0,42.35715,1011.35785,3.27,Overcast
2021-01-26 21:00:00+00:00,SAMSUN,55,16.446499,10.646501,0.0,31.771912,3.0,40.579197,1002.16235,7.53,Overcast
2021-01-27 21:00:00+00:00,SAMSUN,55,13.3465,4.4965,9.599999,14.84318,61.0,79.71279,1006.1594,3.25,Rain: Slight
2021-01-28 21:00:00+00:00,SAMSUN,55,7.9465,2.8965,0.90000004,13.089354,51.0,80.7516,1011.4651,10.22,Drizzle: Light
2021-01-29 21:00:00+00:00,SAMSUN,55,12.2965,3.9965,1.6,32.32992,53.0,40.919437,1005.4615,9.38,Drizzle: Moderate
2021-01-30 21:00:00+00:00,SAMSUN,55,12.5965,8.7465,1.0,23.166216,53.0,67.88159,1008.4226,7.15,Drizzle: Moderate
2021-01-31 21:00:00+00:00,SAMSUN,55,17.596498,11.4965,0.0,43.133945,3.0,43.841152,1011.1656,9.97,Overcast
2021-02-01 21:00:00+00:00,SAMSUN,55,19.7965,12.4965,0.0,46.740417,3.0,45.173813,1014.2972,6.72,Overcast
2021-02-02 21:00:00+00:00,SAMSUN,55,20.7965,10.146501,0.0,29.28418,3.0,54.607777,1014.824,11.16,Overcast
2021-02-03 21:00:00+00:00,SAMSUN,55,17.7465,7.9465,0.0,16.831684,2.0,70.274284,1013.3714,11.25,Partly cloudy
2021-02-04 21:00:00+00:00,SAMSUN,55,12.9465,8.2965,5.3999996,18.374111,61.0,76.40502,1016.9988,7.35,Rain: Slight
2021-02-05 21:00:00+00:00,SAMSUN,55,18.2465,6.9465,0.0,14.4,3.0,67.48429,1015.52484,11.24,Overcast
2021-02-06 21:00:00+00:00,SAMSUN,55,11.5465,7.2465,0.0,12.313894,3.0,85.226974,1014.56024,7.96,Overcast
2021-02-07 21:00:00+00:00,SAMSUN,55,21.2465,8.3965,0.0,28.948118,3.0,57.307697,1010.76996,7.44,Overcast
2021-02-08 21:00:00+00:00,SAMSUN,55,22.2465,10.146501,0.0,32.85678,3.0,46.981884,1011.1987,10.12,Overcast
2021-02-09 21:00:00+00:00,SAMSUN,55,20.946499,9.396501,0.0,33.933697,3.0,62.46547,1011.9107,10.22,Overcast
2021-02-10 21:00:00+00:00,SAMSUN,55,21.5465,8.7965,0.0,26.31942,3.0,54.74301,1011.5666,12.63,Overcast
2021-02-11 21:00:00+00:00,SAMSUN,55,20.446499,4.4965,7.2000003,30.953718,61.0,55.593475,1008.7893,10.51,Rain: Slight
2021-02-12 21:00:00+00:00,SAMSUN,55,7.0465,3.6965,6.3999987,14.869351,53.0,81.411964,1022.26056,6.04,Drizzle: Moderate
2021-02-13 21:00:00+00:00,SAMSUN,55,4.6965,3.6464999,8.1,11.4862,53.0,90.375084,1021.5131,1.94,Drizzle: Moderate
2021-02-14 21:00:00+00:00,SAMSUN,55,5.5465,1.3965,20.0,20.65848,75.0,89.042015,1019.13934,1.62,Snow fall: Heavy
2021-02-15 21:00:00+00:00,SAMSUN,55,1.5465,0.5965,27.599998,20.316889,75.0,83.74839,1016.9483,4.81,Snow fall: Heavy
2021-02-16 21:00:00+00:00,SAMSUN,55,1.1965,-1.9035001,8.9,21.746504,75.0,75.55097,1015.7866,8.49,Snow fall: Heavy
2021-02-17 21:00:00+00:00,SAMSUN,55,3.7965,-3.3535001,0.0,28.515089,3.0,63.903408,1017.8042,14.87,Overcast
2021-02-18 21:00:00+00:00,SAMSUN,55,3.5465,0.8965,1.2,31.361351,73.0,72.94617,1022.1926,10.22,Snow fall: Moderate
2021-02-19 21:00:00+00:00,SAMSUN,55,5.2965,-2.5035,0.0,15.021105,3.0,71.03327,1029.2877,12.39,Overcast
2021-02-20 21:00:00+00:00,SAMSUN,55,9.0465,-3.0535,0.0,23.424908,2.0,64.31589,1029.967,15.23,Partly cloudy
2021-02-21 21:00:00+00:00,SAMSUN,55,9.2965,0.3965,0.0,19.586119,3.0,64.394585,1029.6151,14.73,Overcast
2021-02-22 21:00:00+00:00,SAMSUN,55,10.3465,1.6465,0.0,17.174677,3.0,69.461464,1029.0176,14.7,Overcast
2021-02-23 21:00:00+00:00,SAMSUN,55,7.5465,4.3465,1.2000002,11.367109,51.0,85.635864,1030.0358,3.42,Drizzle: Light
2021-02-24 21:00:00+00:00,SAMSUN,55,8.2465,4.2965,0.0,11.019764,3.0,79.43473,1032.1808,12.33,Overcast
2021-02-25 21:00:00+00:00,SAMSUN,55,9.4965,2.4965,0.0,12.031756,2.0,75.60555,1028.3428,11.23,Partly cloudy
2021-02-26 21:00:00+00:00,SAMSUN,55,14.4965,3.2965,0.0,18.668005,0.0,70.896,1018.6396,15.64,Clear sky
2021-02-27 21:00:00+00:00,SAMSUN,55,9.9465,4.7465,4.5,29.655787,55.0,79.38374,1019.1406,5.19,Drizzle: Dense
2021-02-28 21:00:00+00:00,SAMSUN,55,8.4465,2.4965,0.1,9.085988,51.0,78.75085,1024.4999,11.5,Drizzle: Light
2021-03-01 21:00:00+00:00,SAMSUN,55,8.9465,2.8965,0.0,9.726664,3.0,81.46783,1026.5123,13.01,Overcast
2021-03-02 21:00:00+00:00,SAMSUN,55,10.0965,2.2965,1.5,17.208603,53.0,75.30592,1024.8629,9.49,Drizzle: Moderate
2021-03-03 21:00:00+00:00,SAMSUN,55,8.6965,3.1965,0.7,14.512064,51.0,80.0824,1023.88354,15.4,Drizzle: Light
2021-03-04 21:00:00+00:00,SAMSUN,55,16.946499,3.4465,0.0,21.479664,1.0,58.62297,1016.3567,17.06,Mainly clear
2021-03-05 21:00:00+00:00,SAMSUN,55,18.3965,8.2465,0.3,26.493652,51.0,53.417908,1016.4836,13.15,Drizzle: Light
2021-03-06 21:00:00+00:00,SAMSUN,55,7.7465,1.1965,11.700001,18.171976,61.0,86.35913,1023.1923,3.66,Rain: Slight
2021-03-07 21:00:00+00:00,SAMSUN,55,7.8465004,0.3965,0.0,13.684735,3.0,82.24273,1017.85675,13.24,Overcast
2021-03-08 21:00:00+00:00,SAMSUN,55,9.5465,1.1965,0.0,14.8257065,1.0,75.365074,1017.4099,16.73,Mainly clear
2021-03-09 21:00:00+00:00,SAMSUN,55,9.5965,1.2965,0.0,17.377226,3.0,81.380936,1015.9157,14.9,Overcast
2021-03-10 21:00:00+00:00,SAMSUN,55,7.5965004,3.2465,7.6,23.363974,55.0,89.758965,1008.4711,3.75,Drizzle: Dense
2021-03-11 21:00:00+00:00,SAMSUN,55,5.3964996,-0.053500056,1.6000001,24.774696,73.0,69.57248,1019.7991,11.02,Snow fall: Moderate
2021-03-12 21:00:00+00:00,SAMSUN,55,11.7965,-0.6035,0.0,15.281989,3.0,60.64577,1017.6076,17.38,Overcast
2021-03-13 21:00:00+00:00,SAMSUN,55,11.8465,4.5465,0.0,7.8954163,3.0,73.620544,1014.1219,18.23,Overcast
2021-03-14 21:00:00+00:00,SAMSUN,55,18.846498,6.8964996,0.2,19.083395,51.0,68.44894,1005.23224,14.94,Drizzle: Light
2021-03-15 21:00:00+00:00,SAMSUN,55,18.346498,6.8964996,3.7,23.006226,63.0,70.33145,999.9929,10.7,Rain: Moderate
2021-03-16 21:00:00+00:00,SAMSUN,55,14.5965,4.9965,0.4,13.849477,51.0,70.59862,1001.3342,9.04,Drizzle: Light
2021-03-17 21:00:00+00:00,SAMSUN,55,14.3465,4.7465,0.4,21.252197,51.0,72.233604,1006.91626,15.77,Drizzle: Light
2021-03-18 21:00:00+00:00,SAMSUN,55,11.0465,5.8964996,2.7,16.375053,61.0,80.23793,1013.44824,15.33,Rain: Slight
2021-03-19 21:00:00+00:00,SAMSUN,55,10.2465,5.3465004,0.5,17.072504,51.0,83.82592,1016.28784,7.52,Drizzle: Light
2021-03-20 21:00:00+00:00,SAMSUN,55,6.6464996,4.9465,10.099998,11.367109,61.0,92.197014,1014.52734,3.57,Rain: Slight
2021-03-21 21:00:00+00:00,SAMSUN,55,16.2465,5.6965,0.2,24.387178,51.0,83.51136,1003.17255,13.4,Drizzle: Light
2021-03-22 21:00:00+00:00,SAMSUN,55,13.646501,3.5465,28.499998,17.462782,75.0,91.05074,1001.97455,3.09,Snow fall: Heavy
2021-03-23 21:00:00+00:00,SAMSUN,55,6.1965,3.2965,13.599999,18.175545,73.0,88.850716,1005.30707,6.77,Snow fall: Moderate
2021-03-24 21:00:00+00:00,SAMSUN,55,7.7465,3.2465,1.2000002,16.279802,51.0,71.66605,1011.68304,11.46,Drizzle: Light
2021-03-25 21:00:00+00:00,SAMSUN,55,8.6465,3.2465,1.7,9.693296,51.0,73.1498,1016.90607,17.59,Drizzle: Light
2021-03-26 21:00:00+00:00,SAMSUN,55,9.5465,4.9465,3.8999999,18.581022,55.0,80.73063,1023.37506,12.01,Drizzle: Dense
2021-03-27 21:00:00+00:00,SAMSUN,55,12.7465,4.5465,0.0,16.299694,1.0,64.72814,1027.8234,20.78,Mainly clear
2021-03-28 21:00:00+00:00,SAMSUN,55,13.3465,4.0465,0.1,19.008547,51.0,74.81698,1025.2688,19.74,Drizzle: Light
2021-03-29 21:00:00+00:00,SAMSUN,55,7.9465,5.8465004,1.3000001,11.966953,51.0,82.15654,1024.1707,4.76,Drizzle: Light
2021-03-30 21:00:00+00:00,SAMSUN,55,8.8965,5.2965,3.4,6.6087217,53.0,88.2636,1020.759,6.8,Drizzle: Moderate
2021-03-31 21:00:00+00:00,SAMSUN,55,8.7465,4.6464996,3.8999999,7.754637,53.0,85.3691,1014.2963,10.3,Drizzle: Moderate
2021-04-01 21:00:00+00:00,SAMSUN,55,10.2965,5.7965,0.8,9.19939,51.0,85.811745,1013.041,7.23,Drizzle: Light
2021-04-02 21:00:00+00:00,SAMSUN,55,17.196499,6.4465,2.4,16.563911,53.0,75.94024,1012.3016,15.52,Drizzle: Moderate
2021-04-03 21:00:00+00:00,SAMSUN,55,21.2965,8.9965,0.1,20.523157,51.0,68.362434,1011.9305,17.88,Drizzle: Light
2021-04-04 21:00:00+00:00,SAMSUN,55,19.3965,7.5965004,9.1,38.948273,61.0,75.83959,1009.4937,5.62,Rain: Slight
2021-04-05 21:00:00+00:00,SAMSUN,55,17.9965,7.0965004,10.3,13.37825,63.0,81.45448,1011.0644,15.49,Rain: Moderate
2021-04-06 21:00:00+00:00,SAMSUN,55,23.5465,11.7465,0.6,26.795223,51.0,60.219223,1005.237,22.45,Drizzle: Light
2021-04-07 21:00:00+00:00,SAMSUN,55,14.7965,7.7465,2.2,19.878391,53.0,81.87407,1010.43,17.54,Drizzle: Moderate
2021-04-08 21:00:00+00:00,SAMSUN,55,7.5965004,5.2965,12.400001,21.9718,53.0,87.126274,1019.1849,3.41,Drizzle: Moderate
2021-04-09 21:00:00+00:00,SAMSUN,55,7.4465,4.7465,11.7,25.7041,61.0,85.22755,1019.91,6.12,Rain: Slight
2021-04-10 21:00:00+00:00,SAMSUN,55,9.6965,6.3964996,15.400001,23.0653,61.0,85.50178,1017.03253,5.61,Rain: Slight
2021-04-11 21:00:00+00:00,SAMSUN,55,11.896501,4.1965,0.4,14.986553,51.0,80.31303,1019.8647,16.75,Drizzle: Light
2021-04-12 21:00:00+00:00,SAMSUN,55,12.2965,4.4465,0.0,14.408997,3.0,87.374794,1019.94464,20.69,Overcast
2021-04-13 21:00:00+00:00,SAMSUN,55,20.1465,6.6464996,0.0,23.419376,3.0,61.5363,1014.0551,19.35,Overcast
2021-04-14 21:00:00+00:00,SAMSUN,55,16.696499,9.0465,0.1,13.1041975,51.0,76.58487,1014.76807,19.63,Drizzle: Light
2021-04-15 21:00:00+00:00,SAMSUN,55,13.146501,8.0965,0.1,9.021574,51.0,89.02557,1016.1497,16.02,Drizzle: Light
2021-04-16 21:00:00+00:00,SAMSUN,55,10.2965,8.0465,1.6,10.829959,53.0,93.12079,1018.8453,6.95,Drizzle: Moderate
2021-04-17 21:00:00+00:00,SAMSUN,55,21.9965,8.3465,0.0,20.380579,3.0,78.50064,1012.0684,11.36,Overcast
2021-04-18 21:00:00+00:00,SAMSUN,55,21.5465,11.9965,0.4,23.419376,51.0,85.4454,1012.3195,12.1,Drizzle: Light
2021-04-19 21:00:00+00:00,SAMSUN,55,17.096498,11.3465,0.3,14.799459,51.0,84.333244,1009.19403,20.57,Drizzle: Light
2021-04-20 21:00:00+00:00,SAMSUN,55,13.4965,8.3965,0.0,15.256526,3.0,81.71527,1017.08154,18.85,Overcast
2021-04-21 21:00:00+00:00,SAMSUN,55,13.5965,7.9965,0.0,11.4862,3.0,82.81809,1021.1648,22.03,Overcast
2021-04-22 21:00:00+00:00,SAMSUN,55,17.6465,8.0965,0.0,14.578888,3.0,80.93264,1019.0478,24.34,Overcast
2021-04-23 21:00:00+00:00,SAMSUN,55,15.896501,10.4965,0.0,12.10157,3.0,77.85078,1019.1909,21.07,Overcast
2021-04-24 21:00:00+00:00,SAMSUN,55,12.646501,8.6965,1.4000001,11.043261,53.0,83.986855,1016.3782,11.25,Drizzle: Moderate
2021-04-25 21:00:00+00:00,SAMSUN,55,11.896501,6.5965004,11.8,18.782204,63.0,81.950485,1013.968,7.89,Rain: Moderate
2021-04-26 21:00:00+00:00,SAMSUN,55,13.9465,5.7965,0.0,15.315873,2.0,79.37581,1015.76636,25.71,Partly cloudy
2021-04-27 21:00:00+00:00,SAMSUN,55,16.7965,9.396501,0.0,9.931042,3.0,82.63906,1013.21826,23.5,Overcast
2021-04-28 21:00:00+00:00,SAMSUN,55,21.846498,10.146501,2.1000001,16.75064,55.0,86.34149,1012.7351,18.79,Drizzle: Dense
2021-04-29 21:00:00+00:00,SAMSUN,55,18.6465,13.4465,0.0,10.514218,3.0,85.4707,1014.64435,22.13,Overcast
2021-04-30 21:00:00+00:00,SAMSUN,55,21.5465,13.5965,0.0,13.246826,2.0,75.345245,1015.0591,25.59,Partly cloudy
2021-05-01 21:00:00+00:00,SAMSUN,55,24.346498,14.646501,0.0,12.783802,3.0,74.7772,1011.58527,23.77,Overcast
2021-05-02 21:00:00+00:00,SAMSUN,55,25.696499,19.7965,0.0,14.529915,3.0,62.92021,1007.94037,24.04,Overcast
2021-05-03 21:00:00+00:00,SAMSUN,55,18.596498,11.5965,2.0,21.915691,53.0,82.34702,1014.2164,8.81,Drizzle: Moderate
2021-05-04 21:00:00+00:00,SAMSUN,55,15.5465,9.0465,0.0,13.237039,3.0,74.14205,1014.69556,27.17,Overcast
2021-05-05 21:00:00+00:00,SAMSUN,55,19.096498,9.7965,2.7999997,15.530151,55.0,81.17904,1009.9975,17.56,Drizzle: Dense
2021-05-06 21:00:00+00:00,SAMSUN,55,20.1465,13.396501,0.0,18.11841,3.0,77.18621,1014.86285,22.04,Overcast
2021-05-07 21:00:00+00:00,SAMSUN,55,27.0465,14.0965,4.5,18.11841,55.0,71.00285,1010.35693,16.12,Drizzle: Dense
2021-05-08 21:00:00+00:00,SAMSUN,55,14.6965,8.4465,18.7,29.758307,63.0,77.058655,1019.6037,13.43,Rain: Moderate
2021-05-09 21:00:00+00:00,SAMSUN,55,13.5465,7.3465004,0.2,13.004922,51.0,77.28881,1023.7558,24.87,Drizzle: Light
2021-05-10 21:00:00+00:00,SAMSUN,55,15.0465,6.4465,0.0,11.681987,0.0,67.03447,1016.85895,28.2,Clear sky
2021-05-11 21:00:00+00:00,SAMSUN,55,17.946499,8.8465,0.0,15.379206,1.0,65.39576,1010.47974,27.43,Mainly clear
2021-05-12 21:00:00+00:00,SAMSUN,55,18.1465,9.5965,0.0,7.491114,3.0,87.20318,1007.34894,25.57,Overcast
2021-05-13 21:00:00+00:00,SAMSUN,55,22.6465,12.2965,0.0,8.217153,3.0,71.90467,1009.09784,26.99,Overcast
2021-05-14 21:00:00+00:00,SAMSUN,55,21.946499,13.4465,0.0,8.942214,3.0,59.508194,1011.35455,27.84,Overcast
2021-05-15 21:00:00+00:00,SAMSUN,55,19.3965,14.3465,0.0,11.659777,3.0,72.53037,1003.9067,25.6,Overcast
2021-05-16 21:00:00+00:00,SAMSUN,55,17.596498,13.5465,3.3999994,13.217443,61.0,85.522804,1007.81915,14.86,Rain: Slight
2021-05-17 21:00:00+00:00,SAMSUN,55,24.1465,14.0465,0.0,20.073025,2.0,75.57431,1007.1289,23.63,Partly cloudy
2021-05-18 21:00:00+00:00,SAMSUN,55,22.7465,14.0465,3.6,17.873556,55.0,69.18975,1012.3348,27.19,Drizzle: Dense
2021-05-19 21:00:00+00:00,SAMSUN,55,27.6465,12.8465,0.0,27.36947,1.0,66.88507,1005.81036,28.23,Mainly clear
2021-05-20 21:00:00+00:00,SAMSUN,55,20.346498,14.7965,0.0,11.246759,1.0,70.57112,1006.7861,27.84,Mainly clear
2021-05-21 21:00:00+00:00,SAMSUN,55,20.096498,14.396501,2.6999998,22.183128,61.0,74.546,1010.89813,14.13,Rain: Slight
2021-05-22 21:00:00+00:00,SAMSUN,55,16.3965,14.6965,27.000002,29.462873,63.0,76.02662,1013.76636,5.68,Rain: Moderate
2021-05-23 21:00:00+00:00,SAMSUN,55,21.1465,14.8465,0.2,13.441071,51.0,73.13023,1017.8823,18.68,Drizzle: Light
2021-05-24 21:00:00+00:00,SAMSUN,55,19.596498,13.8465,0.0,11.753876,3.0,81.34567,1018.7155,26.18,Overcast
2021-05-25 21:00:00+00:00,SAMSUN,55,17.7965,10.9965,0.0,9.686609,3.0,86.711395,1016.1706,28.08,Overcast
2021-05-26 21:00:00+00:00,SAMSUN,55,18.346498,11.4465,0.0,10.990322,3.0,84.68654,1012.465,28.9,Overcast
2021-05-27 21:00:00+00:00,SAMSUN,55,18.7465,13.5965,0.0,10.296251,3.0,90.645996,1007.01117,25.46,Overcast
2021-05-28 21:00:00+00:00,SAMSUN,55,18.2965,14.1965,6.6000004,17.31746,63.0,91.06797,1007.9473,13.14,Rain: Moderate
2021-05-29 21:00:00+00:00,SAMSUN,55,21.3965,15.2965,0.90000004,9.957108,53.0,82.68636,1012.76807,20.96,Drizzle: Moderate
2021-05-30 21:00:00+00:00,SAMSUN,55,20.5465,14.0965,0.3,13.570615,51.0,89.406685,1007.92816,21.74,Drizzle: Light
2021-05-31 21:00:00+00:00,SAMSUN,55,18.446499,15.7965,9.800001,9.1641035,61.0,90.01468,1006.2293,12.33,Rain: Slight
2021-06-01 21:00:00+00:00,SAMSUN,55,19.196499,13.9965,20.1,13.441071,65.0,88.56525,1011.00543,17.63,Rain: Heavy
2021-06-02 21:00:00+00:00,SAMSUN,55,18.7965,13.9465,6.9,13.202726,63.0,84.13715,1015.26025,21.73,Rain: Moderate
2021-06-03 21:00:00+00:00,SAMSUN,55,21.2965,13.9465,3.5,14.458382,53.0,80.50745,1016.7132,14.22,Drizzle: Moderate
2021-06-04 21:00:00+00:00,SAMSUN,55,19.7965,14.5965,9.5,13.450708,61.0,80.89875,1017.4511,22.36,Rain: Slight
2021-06-05 21:00:00+00:00,SAMSUN,55,19.7465,14.2965,0.0,8.913181,2.0,72.73972,1015.74664,24.78,Partly cloudy
2021-06-06 21:00:00+00:00,SAMSUN,55,21.346498,13.646501,0.0,11.212135,1.0,72.55953,1014.69556,25.84,Mainly clear
2021-06-07 21:00:00+00:00,SAMSUN,55,21.596498,14.0965,0.3,10.948973,51.0,77.30496,1012.69855,27.46,Drizzle: Light
2021-06-08 21:00:00+00:00,SAMSUN,55,20.846498,15.1965,0.5,10.948973,51.0,73.1741,1010.4333,23.9,Drizzle: Light
2021-06-09 21:00:00+00:00,SAMSUN,55,21.2965,14.1965,0.0,10.495713,3.0,80.158714,1009.16254,29.62,Overcast
2021-06-10 21:00:00+00:00,SAMSUN,55,21.696499,14.3465,0.0,9.387651,2.0,78.02653,1010.46533,29.71,Partly cloudy
2021-06-11 21:00:00+00:00,SAMSUN,55,21.2465,13.9965,0.0,9.504272,2.0,79.323746,1011.77606,29.24,Partly cloudy
2021-06-12 21:00:00+00:00,SAMSUN,55,22.6465,15.396501,0.0,12.7279215,1.0,78.93357,1010.5393,28.03,Mainly clear
2021-06-13 21:00:00+00:00,SAMSUN,55,21.5465,15.5965,3.4,17.057314,61.0,87.45975,1007.44366,21.28,Rain: Slight
2021-06-14 21:00:00+00:00,SAMSUN,55,23.9965,16.3465,2.0,15.876775,55.0,82.871544,1007.45844,22.92,Drizzle: Dense
2021-06-15 21:00:00+00:00,SAMSUN,55,20.6465,17.6465,8.0,14.007655,63.0,85.86381,1007.61084,12.62,Rain: Moderate
2021-06-16 21:00:00+00:00,SAMSUN,55,22.346498,15.3465,0.8000001,11.304229,51.0,82.17944,1012.1741,21.59,Drizzle: Light
2021-06-17 21:00:00+00:00,SAMSUN,55,22.4965,16.3465,0.1,13.684735,51.0,85.26963,1012.83136,26.32,Drizzle: Light
2021-06-18 21:00:00+00:00,SAMSUN,55,23.446499,16.5965,0.0,7.7043357,3.0,81.90009,1010.0649,29.34,Overcast
2021-06-19 21:00:00+00:00,SAMSUN,55,23.7465,16.8465,0.0,11.304229,0.0,74.330284,1008.97833,29.74,Clear sky
2021-06-20 21:00:00+00:00,SAMSUN,55,23.446499,16.2465,0.2,10.787993,51.0,80.03563,1008.541,25.77,Drizzle: Light
2021-06-21 21:00:00+00:00,SAMSUN,55,23.4965,19.0465,0.0,9.085988,3.0,83.289154,1010.5844,18.95,Overcast
2021-06-22 21:00:00+00:00,SAMSUN,55,23.946499,18.096498,0.0,10.799999,2.0,84.02401,1012.31085,25.73,Partly cloudy
2021-06-23 21:00:00+00:00,SAMSUN,55,24.5465,18.696499,0.0,12.768586,3.0,81.48002,1013.0109,22.66,Overcast
2021-06-24 21:00:00+00:00,SAMSUN,55,24.2965,19.7465,1.1,8.913181,51.0,79.64788,1011.28973,16.73,Drizzle: Light
2021-06-25 21:00:00+00:00,SAMSUN,55,24.8965,20.446499,2.4,10.799999,55.0,84.5635,1009.11127,21.32,Drizzle: Dense
2021-06-26 21:00:00+00:00,SAMSUN,55,25.946499,20.596498,1.0,10.97262,53.0,79.785286,1010.0302,23.19,Drizzle: Moderate
2021-06-27 21:00:00+00:00,SAMSUN,55,27.196499,20.7465,0.4,17.727943,51.0,79.11617,1012.8177,25.96,Drizzle: Light
2021-06-28 21:00:00+00:00,SAMSUN,55,26.846498,19.196499,0.1,18.947083,51.0,77.903984,1013.93024,28.15,Drizzle: Light
2021-06-29 21:00:00+00:00,SAMSUN,55,25.846498,19.596498,0.0,10.195057,1.0,80.89554,1014.01025,27.87,Mainly clear
2021-06-30 21:00:00+00:00,SAMSUN,55,26.4965,19.846498,0.0,13.896187,1.0,82.79171,1010.88995,28.47,Mainly clear
2021-07-01 21:00:00+00:00,SAMSUN,55,29.2965,20.096498,0.0,14.654254,2.0,78.87191,1005.1218,28.49,Partly cloudy
2021-07-02 21:00:00+00:00,SAMSUN,55,26.196499,21.4965,0.1,16.65754,51.0,82.45417,1003.2642,19.59,Drizzle: Light
2021-07-03 21:00:00+00:00,SAMSUN,55,26.096498,20.846498,7.6999993,14.021525,63.0,70.78124,1002.86255,17.33,Rain: Moderate
2021-07-04 21:00:00+00:00,SAMSUN,55,28.6465,19.4965,0.0,21.479666,3.0,63.60142,1004.9265,25.96,Overcast
2021-07-05 21:00:00+00:00,SAMSUN,55,25.3965,20.1465,0.0,11.983188,3.0,73.14974,1005.18243,22.02,Overcast
2021-07-06 21:00:00+00:00,SAMSUN,55,25.4965,21.096498,1.1000001,14.480773,51.0,85.27755,1008.8848,21.87,Drizzle: Light
2021-07-07 21:00:00+00:00,SAMSUN,55,26.446499,19.9965,0.7,11.966953,51.0,81.50644,1012.62744,27.1,Drizzle: Light
2021-07-08 21:00:00+00:00,SAMSUN,55,28.2965,22.0465,0.5,21.2522,51.0,76.295044,1011.18896,24.37,Drizzle: Light
2021-07-09 21:00:00+00:00,SAMSUN,55,29.0465,20.9965,0.4,24.023088,51.0,73.78485,1007.7995,26.94,Drizzle: Light
2021-07-10 21:00:00+00:00,SAMSUN,55,26.5465,21.4965,0.3,10.041354,51.0,77.33012,1007.58813,25.43,Drizzle: Light
2021-07-11 21:00:00+00:00,SAMSUN,55,27.696499,20.2465,0.0,12.72283,2.0,76.36384,1008.74347,24.76,Partly cloudy
2021-07-12 21:00:00+00:00,SAMSUN,55,27.196499,21.196499,0.0,10.514218,2.0,80.26812,1009.78424,24.84,Partly cloudy
2021-07-13 21:00:00+00:00,SAMSUN,55,27.946499,21.3965,2.2,18.36353,53.0,76.977486,1009.17633,22.88,Drizzle: Moderate
2021-07-14 21:00:00+00:00,SAMSUN,55,30.446499,22.3965,1.9000001,26.729847,53.0,69.07969,1007.7305,27.78,Drizzle: Moderate
2021-07-15 21:00:00+00:00,SAMSUN,55,28.696499,22.096498,0.4,10.990322,51.0,78.77137,1008.07513,27.51,Drizzle: Light
2021-07-16 21:00:00+00:00,SAMSUN,55,27.8965,22.1465,0.0,15.277749,0.0,79.4935,1005.2095,27.84,Clear sky
2021-07-17 21:00:00+00:00,SAMSUN,55,28.4965,22.696499,0.0,9.983106,3.0,83.44196,1003.6154,26.93,Overcast
2021-07-18 21:00:00+00:00,SAMSUN,55,29.596498,22.696499,0.0,10.514218,3.0,85.905235,1003.9538,25.4,Overcast
2021-07-19 21:00:00+00:00,SAMSUN,55,29.0465,24.2465,0.2,13.246826,51.0,85.304085,1004.9986,21.79,Drizzle: Light
2021-07-20 21:00:00+00:00,SAMSUN,55,30.946499,23.1465,0.5,21.26744,51.0,73.82943,1006.28986,24.92,Drizzle: Light
2021-07-21 21:00:00+00:00,SAMSUN,55,28.2465,23.2465,2.2,17.673029,53.0,70.872,1007.0153,19.56,Drizzle: Moderate
2021-07-22 21:00:00+00:00,SAMSUN,55,27.446499,21.2965,0.5,24.766848,51.0,63.35849,1008.0442,24.63,Drizzle: Light
2021-07-23 21:00:00+00:00,SAMSUN,55,26.2465,20.696499,6.199999,20.345573,61.0,69.607124,1009.8364,20.46,Rain: Slight
2021-07-24 21:00:00+00:00,SAMSUN,55,28.7465,20.9965,0.0,19.959719,1.0,66.239525,1010.89374,24.45,Mainly clear
2021-07-25 21:00:00+00:00,SAMSUN,55,27.196499,22.6465,2.8999999,20.275383,53.0,76.476524,1011.76263,15.46,Drizzle: Moderate
2021-07-26 21:00:00+00:00,SAMSUN,55,29.846498,22.196499,2.4999998,26.712873,53.0,70.948235,1012.80743,22.76,Drizzle: Moderate
2021-07-27 21:00:00+00:00,SAMSUN,55,27.6465,22.9965,0.2,30.631746,51.0,65.834755,1013.2124,24.65,Drizzle: Light
2021-07-28 21:00:00+00:00,SAMSUN,55,28.2965,22.446499,0.0,23.795427,1.0,64.720406,1011.4707,24.62,Mainly clear
2021-07-29 21:00:00+00:00,SAMSUN,55,27.596498,21.4965,0.1,12.303366,51.0,72.83292,1009.93585,23.94,Drizzle: Light
2021-07-30 21:00:00+00:00,SAMSUN,55,28.346498,20.7465,0.0,10.44,0.0,69.04587,1008.86426,27.22,Clear sky
2021-07-31 21:00:00+00:00,SAMSUN,55,28.446499,20.7965,0.0,11.246759,0.0,75.71129,1009.992,26.18,Clear sky
2021-08-01 21:00:00+00:00,SAMSUN,55,28.4965,22.2965,0.0,10.787993,1.0,72.50913,1009.9174,24.46,Mainly clear
2021-08-02 21:00:00+00:00,SAMSUN,55,29.596498,22.596498,0.0,11.435313,0.0,74.13697,1010.6619,25.88,Clear sky
2021-08-03 21:00:00+00:00,SAMSUN,55,29.6465,22.946499,0.0,12.682018,1.0,73.11457,1012.4397,26.23,Mainly clear
2021-08-04 21:00:00+00:00,SAMSUN,55,30.7965,22.5465,0.0,10.383987,0.0,71.26561,1010.8393,26.12,Clear sky
2021-08-05 21:00:00+00:00,SAMSUN,55,32.3465,23.0465,0.0,17.87718,2.0,63.226242,1002.479,26.56,Partly cloudy
2021-08-06 21:00:00+00:00,SAMSUN,55,30.446499,24.196499,0.9000001,19.386591,51.0,77.5662,1001.70044,18.01,Drizzle: Light
2021-08-07 21:00:00+00:00,SAMSUN,55,28.1465,22.4965,6.200001,18.0,61.0,78.500694,1009.39496,17.87,Rain: Slight
2021-08-08 21:00:00+00:00,SAMSUN,55,27.7965,22.346498,3.1999996,22.7057,53.0,75.716515,1012.2237,20.3,Drizzle: Moderate
2021-08-09 21:00:00+00:00,SAMSUN,55,26.0465,21.3965,18.8,14.081477,63.0,83.63073,1009.62384,7.63,Rain: Moderate
2021-08-10 21:00:00+00:00,SAMSUN,55,25.696499,21.846498,48.0,17.826363,63.0,84.38422,1007.24994,11.18,Rain: Moderate
2021-08-11 21:00:00+00:00,SAMSUN,55,27.2965,22.446499,4.1,19.694992,61.0,75.76889,1009.8891,15.49,Rain: Slight
2021-08-12 21:00:00+00:00,SAMSUN,55,27.446499,21.696499,0.6,21.794127,51.0,70.96321,1014.6801,22.37,Drizzle: Light
2021-08-13 21:00:00+00:00,SAMSUN,55,24.2465,20.596498,1.6,18.556595,51.0,72.94763,1015.9734,15.07,Drizzle: Light
2021-08-14 21:00:00+00:00,SAMSUN,55,24.3965,18.946499,0.0,12.979984,3.0,73.8045,1014.2194,18.62,Overcast
2021-08-15 21:00:00+00:00,SAMSUN,55,25.596498,19.446499,0.0,11.304229,1.0,73.96552,1013.3491,23.73,Mainly clear
2021-08-16 21:00:00+00:00,SAMSUN,55,25.596498,19.2965,0.0,12.522619,0.0,77.34473,1011.1425,24.65,Clear sky
2021-08-17 21:00:00+00:00,SAMSUN,55,25.696499,19.696499,0.0,10.383987,0.0,84.667435,1007.075,23.23,Clear sky
2021-08-18 21:00:00+00:00,SAMSUN,55,26.946499,20.096498,0.8,14.917212,51.0,78.04963,1007.0064,21.67,Drizzle: Light
2021-08-19 21:00:00+00:00,SAMSUN,55,25.6465,20.4965,0.6,18.03237,51.0,76.047615,1011.16626,17.64,Drizzle: Light
2021-08-20 21:00:00+00:00,SAMSUN,55,24.7965,19.4965,0.0,10.514218,3.0,76.187706,1014.1924,18.67,Overcast
2021-08-21 21:00:00+00:00,SAMSUN,55,24.7965,19.2465,0.0,10.233123,3.0,80.14687,1013.40924,17.0,Overcast
2021-08-22 21:00:00+00:00,SAMSUN,55,25.5465,20.096498,2.6999998,16.09969,53.0,80.11072,1013.26587,17.09,Drizzle: Moderate
2021-08-23 21:00:00+00:00,SAMSUN,55,26.196499,21.446499,0.5,10.739833,51.0,80.65557,1011.8193,19.56,Drizzle: Light
2021-08-24 21:00:00+00:00,SAMSUN,55,26.946499,20.696499,0.0,11.019764,0.0,76.892456,1009.69916,23.4,Clear sky
2021-08-25 21:00:00+00:00,SAMSUN,55,26.596498,20.2465,0.0,9.449572,2.0,83.20913,1009.1028,21.93,Partly cloudy
2021-08-26 21:00:00+00:00,SAMSUN,55,27.946499,22.096498,0.0,11.681987,3.0,85.76998,1009.63965,22.57,Overcast
2021-08-27 21:00:00+00:00,SAMSUN,55,27.096498,21.596498,0.0,13.1041975,3.0,87.713066,1009.237,21.08,Overcast
2021-08-28 21:00:00+00:00,SAMSUN,55,28.096498,20.8965,0.0,9.0,3.0,82.75303,1003.4617,22.64,Overcast
2021-08-29 21:00:00+00:00,SAMSUN,55,29.4965,22.9965,0.0,18.998314,2.0,77.77532,1005.5076,18.19,Partly cloudy
2021-08-30 21:00:00+00:00,SAMSUN,55,28.8965,21.5465,0.0,16.946787,1.0,76.16713,1010.83276,21.05,Mainly clear
2021-08-31 21:00:00+00:00,SAMSUN,55,26.2465,21.346498,0.2,15.978486,51.0,77.23989,1010.28937,13.42,Drizzle: Light
2021-09-01 21:00:00+00:00,SAMSUN,55,25.6465,20.346498,2.3000002,22.702845,53.0,65.732735,1010.26904,16.57,Drizzle: Moderate
2021-09-02 21:00:00+00:00,SAMSUN,55,21.8965,16.946499,2.2,22.476227,51.0,72.230606,1015.56177,14.76,Drizzle: Light
2021-09-03 21:00:00+00:00,SAMSUN,55,22.446499,15.4465,0.4,16.73516,51.0,77.095055,1014.89404,17.0,Drizzle: Light
2021-09-04 21:00:00+00:00,SAMSUN,55,22.4965,16.0465,0.6,15.530151,51.0,70.24911,1014.5914,14.94,Drizzle: Light
2021-09-05 21:00:00+00:00,SAMSUN,55,22.596498,17.7465,1.0,18.374111,51.0,62.41116,1017.94476,16.71,Drizzle: Light
2021-09-06 21:00:00+00:00,SAMSUN,55,21.8965,16.2465,0.0,15.542662,3.0,55.687817,1021.3686,16.9,Overcast
2021-09-07 21:00:00+00:00,SAMSUN,55,23.846498,15.1965,0.0,15.546833,3.0,63.23495,1019.2502,17.0,Overcast
2021-09-08 21:00:00+00:00,SAMSUN,55,23.0465,16.8965,0.4,13.849477,51.0,76.341255,1015.9914,15.74,Drizzle: Light
2021-09-09 21:00:00+00:00,SAMSUN,55,23.346498,17.8965,0.6,10.883676,51.0,81.60141,1011.71515,13.26,Drizzle: Light
2021-09-10 21:00:00+00:00,SAMSUN,55,25.1465,18.696499,0.1,18.806337,51.0,71.384224,1011.5412,14.56,Drizzle: Light
2021-09-11 21:00:00+00:00,SAMSUN,55,23.946499,16.696499,0.0,12.287555,1.0,73.29246,1011.18854,18.65,Mainly clear
2021-09-12 21:00:00+00:00,SAMSUN,55,23.346498,17.596498,0.2,15.617529,51.0,80.31988,1009.83246,13.82,Drizzle: Light
2021-09-13 21:00:00+00:00,SAMSUN,55,23.3965,18.946499,3.1999998,13.755579,53.0,85.74586,1011.81226,11.78,Drizzle: Moderate
2021-09-14 21:00:00+00:00,SAMSUN,55,21.446499,18.696499,5.5,15.745627,55.0,83.16012,1012.22797,6.48,Drizzle: Dense
2021-09-15 21:00:00+00:00,SAMSUN,55,22.3965,18.596498,32.8,22.691423,63.0,77.34693,1012.71655,7.84,Rain: Moderate
2021-09-16 21:00:00+00:00,SAMSUN,55,22.596498,16.196499,0.0,14.561099,3.0,65.933876,1014.5352,16.07,Overcast
2021-09-17 21:00:00+00:00,SAMSUN,55,27.5465,15.5465,0.0,17.566378,3.0,66.77398,1010.6662,19.88,Overcast
2021-09-18 21:00:00+00:00,SAMSUN,55,24.4965,19.4965,0.0,13.783817,2.0,69.49592,1010.96405,15.85,Partly cloudy
2021-09-19 21:00:00+00:00,SAMSUN,55,25.096498,18.5465,0.0,11.183201,3.0,77.678246,1011.9971,17.31,Overcast
2021-09-20 21:00:00+00:00,SAMSUN,55,27.7465,18.346498,8.4,25.862436,63.0,71.33322,1011.3847,15.19,Rain: Moderate
2021-09-21 21:00:00+00:00,SAMSUN,55,17.946499,14.8465,9.8,21.485697,55.0,86.24181,1014.69073,3.29,Drizzle: Dense
2021-09-22 21:00:00+00:00,SAMSUN,55,15.8465,14.146501,25.200003,19.969458,63.0,85.122055,1010.28265,4.36,Rain: Moderate
2021-09-23 21:00:00+00:00,SAMSUN,55,18.7465,11.8465,0.3,13.18308,51.0,73.287346,1014.1182,15.03,Drizzle: Light
2021-09-24 21:00:00+00:00,SAMSUN,55,21.596498,12.9465,0.2,21.650938,51.0,63.93517,1015.6097,8.56,Drizzle: Light
2021-09-25 21:00:00+00:00,SAMSUN,55,20.5465,13.2465,0.0,14.113652,1.0,73.41969,1020.8777,18.34,Mainly clear
2021-09-26 21:00:00+00:00,SAMSUN,55,19.8965,12.9965,0.0,9.387651,1.0,78.65535,1016.1435,18.17,Mainly clear
2021-09-27 21:00:00+00:00,SAMSUN,55,19.2465,13.9965,1.5,15.2947035,51.0,77.19332,1015.85016,11.46,Drizzle: Light
2021-09-28 21:00:00+00:00,SAMSUN,55,18.8965,14.7965,0.0,12.287555,3.0,71.022545,1017.378,8.78,Overcast
2021-09-29 21:00:00+00:00,SAMSUN,55,19.5465,13.7465,0.2,17.072504,51.0,70.028145,1016.49097,13.6,Drizzle: Light
2021-09-30 21:00:00+00:00,SAMSUN,55,17.9965,12.5465,2.1999998,19.64228,53.0,74.47488,1018.57666,10.61,Drizzle: Moderate
2021-10-01 21:00:00+00:00,SAMSUN,55,18.446499,11.4965,0.0,11.525623,3.0,73.21026,1018.0581,16.98,Overcast
2021-10-02 21:00:00+00:00,SAMSUN,55,19.2465,13.4465,1.2,17.566378,51.0,79.45994,1017.66235,11.96,Drizzle: Light
2021-10-03 21:00:00+00:00,SAMSUN,55,18.946499,12.7965,0.5,19.008547,51.0,76.55,1019.1159,12.54,Drizzle: Light
2021-10-04 21:00:00+00:00,SAMSUN,55,16.5965,12.7965,0.90000004,19.228851,51.0,76.19287,1017.58746,10.41,Drizzle: Light
2021-10-05 21:00:00+00:00,SAMSUN,55,17.7965,13.646501,2.3999999,21.166653,51.0,76.123344,1018.5638,11.98,Drizzle: Light
2021-10-06 21:00:00+00:00,SAMSUN,55,18.196499,11.646501,0.0,10.464797,2.0,80.54177,1019.66327,15.7,Partly cloudy
2021-10-07 21:00:00+00:00,SAMSUN,55,18.4965,11.7965,0.1,12.0694,51.0,84.4605,1019.2487,14.76,Drizzle: Light
2021-10-08 21:00:00+00:00,SAMSUN,55,20.0465,12.7465,0.0,13.450708,3.0,84.284164,1017.209,15.79,Overcast
2021-10-09 21:00:00+00:00,SAMSUN,55,18.946499,14.7965,0.1,10.685391,51.0,86.991844,1019.75415,9.52,Drizzle: Light
2021-10-10 21:00:00+00:00,SAMSUN,55,19.2465,14.5965,0.0,11.983188,3.0,88.19684,1016.326,12.52,Overcast
2021-10-11 21:00:00+00:00,SAMSUN,55,21.2965,14.3465,0.0,10.365251,2.0,86.42481,1008.833,15.19,Partly cloudy
2021-10-12 21:00:00+00:00,SAMSUN,55,24.8965,15.2965,0.6,18.25026,51.0,71.963104,1007.1634,13.36,Drizzle: Light
2021-10-13 21:00:00+00:00,SAMSUN,55,17.6465,15.7465,8.9000025,18.014393,53.0,93.42099,1018.7156,2.96,Drizzle: Moderate
2021-10-14 21:00:00+00:00,SAMSUN,55,20.096498,14.9465,0.5,11.367109,51.0,88.46322,1016.6887,9.93,Drizzle: Light
2021-10-15 21:00:00+00:00,SAMSUN,55,26.0465,15.1965,0.0,13.584932,2.0,76.63036,1011.22705,14.21,Partly cloudy
2021-10-16 21:00:00+00:00,SAMSUN,55,19.596498,15.1965,8.6,12.313893,61.0,85.66049,1011.9807,9.13,Rain: Slight
2021-10-17 21:00:00+00:00,SAMSUN,55,16.5965,15.0965,19.699999,12.979984,63.0,88.15632,1016.8262,4.52,Rain: Moderate
2021-10-18 21:00:00+00:00,SAMSUN,55,15.7465,13.2965,0.4,20.65848,51.0,75.08329,1022.8437,5.55,Drizzle: Light
2021-10-19 21:00:00+00:00,SAMSUN,55,15.146501,10.4465,0.3,14.440443,51.0,73.29365,1026.734,9.11,Drizzle: Light
2021-10-20 21:00:00+00:00,SAMSUN,55,18.446499,9.1965,0.0,17.581125,0.0,73.31382,1022.8935,14.05,Clear sky
2021-10-21 21:00:00+00:00,SAMSUN,55,23.2965,11.646501,0.0,27.217524,0.0,54.71314,1018.24286,14.27,Clear sky
2021-10-22 21:00:00+00:00,SAMSUN,55,20.196499,10.7465,0.0,16.563911,0.0,68.997795,1018.62476,13.73,Clear sky
2021-10-23 21:00:00+00:00,SAMSUN,55,19.3965,10.9965,5.0,31.875755,61.0,76.83711,1019.07764,12.92,Rain: Slight
2021-10-24 21:00:00+00:00,SAMSUN,55,12.5965,10.5965,5.699999,20.617662,61.0,73.92859,1027.4785,7.99,Rain: Slight
2021-10-25 21:00:00+00:00,SAMSUN,55,13.5965,8.4965,0.0,12.7279215,3.0,71.24523,1026.0587,8.17,Overcast
2021-10-26 21:00:00+00:00,SAMSUN,55,15.646501,7.5465,0.0,12.849528,0.0,77.87851,1021.7751,13.19,Clear sky
2021-10-27 21:00:00+00:00,SAMSUN,55,15.2465,8.6965,0.6,9.9571085,51.0,79.44345,1022.51764,8.43,Drizzle: Light
2021-10-28 21:00:00+00:00,SAMSUN,55,14.5465,10.1965,4.3999996,12.641076,53.0,84.41883,1022.5711,6.88,Drizzle: Moderate
2021-10-29 21:00:00+00:00,SAMSUN,55,14.8465,8.7965,0.0,14.494192,3.0,79.7804,1022.70123,10.19,Overcast
2021-10-30 21:00:00+00:00,SAMSUN,55,18.0465,10.6965,0.0,13.684735,3.0,83.244255,1019.0332,10.44,Overcast
2021-10-31 21:00:00+00:00,SAMSUN,55,22.7465,13.146501,0.0,16.595179,3.0,74.25291,1013.2671,10.97,Overcast
2021-11-01 21:00:00+00:00,SAMSUN,55,18.346498,13.4965,0.1,11.200571,51.0,89.47584,1011.74243,3.16,Drizzle: Light
2021-11-02 21:00:00+00:00,SAMSUN,55,18.3965,14.7965,2.0,16.299694,61.0,80.7385,1014.8308,4.31,Rain: Slight
2021-11-03 21:00:00+00:00,SAMSUN,55,22.096498,14.0465,0.0,18.075441,3.0,82.99946,1021.508,11.41,Overcast
2021-11-04 21:00:00+00:00,SAMSUN,55,21.2465,11.9465,0.0,18.626305,0.0,77.97967,1020.8034,11.64,Clear sky
2021-11-05 21:00:00+00:00,SAMSUN,55,21.2965,12.3465,0.0,16.87398,1.0,77.00353,1020.3342,11.55,Mainly clear
2021-11-06 21:00:00+00:00,SAMSUN,55,16.9965,10.3465,0.0,9.387651,3.0,83.99886,1022.13257,9.04,Overcast
2021-11-07 21:00:00+00:00,SAMSUN,55,22.1465,12.5965,0.0,19.09358,3.0,77.94396,1017.0455,10.63,Overcast
2021-11-08 21:00:00+00:00,SAMSUN,55,23.2465,15.5965,0.2,27.579382,51.0,72.47282,1016.5281,10.55,Drizzle: Light
2021-11-09 21:00:00+00:00,SAMSUN,55,15.1965,7.4965,31.400003,32.048088,63.0,81.50622,1027.1161,3.21,Rain: Moderate
2021-11-10 21:00:00+00:00,SAMSUN,55,10.1965,7.4465,0.5,15.778516,51.0,72.12144,1029.6417,6.56,Drizzle: Light
2021-11-11 21:00:00+00:00,SAMSUN,55,13.146501,5.9465,0.0,17.057314,3.0,71.97956,1023.2078,10.91,Overcast
2021-11-12 21:00:00+00:00,SAMSUN,55,16.6465,7.5465,0.0,19.134262,3.0,67.039276,1020.94476,10.86,Overcast
2021-11-13 21:00:00+00:00,SAMSUN,55,16.8465,7.0965004,0.0,12.387348,3.0,73.479256,1019.9472,9.28,Overcast
2021-11-14 21:00:00+00:00,SAMSUN,55,14.8465,7.3964996,0.3,12.522619,51.0,75.55971,1020.666,8.14,Drizzle: Light
2021-11-15 21:00:00+00:00,SAMSUN,55,11.6965,8.7965,2.0,14.689589,55.0,82.830605,1024.333,3.01,Drizzle: Dense
2021-11-16 21:00:00+00:00,SAMSUN,55,13.9465,6.1965,0.0,14.84318,3.0,82.52491,1020.5764,10.03,Overcast
2021-11-17 21:00:00+00:00,SAMSUN,55,14.4465,6.4965,0.0,10.195057,3.0,82.16907,1020.36426,9.6,Overcast
2021-11-18 21:00:00+00:00,SAMSUN,55,13.5965,9.6965,1.4000001,13.397612,53.0,83.40613,1017.9451,3.85,Drizzle: Moderate
2021-11-19 21:00:00+00:00,SAMSUN,55,12.9465,7.9965,1.4000001,11.753876,53.0,80.57345,1015.72125,5.54,Drizzle: Moderate
2021-11-20 21:00:00+00:00,SAMSUN,55,14.1965,7.8465004,0.0,12.738099,3.0,69.216866,1017.0894,6.12,Overcast
2021-11-21 21:00:00+00:00,SAMSUN,55,18.946499,8.0965,0.0,27.381308,0.0,59.176167,1015.66406,9.69,Clear sky
2021-11-22 21:00:00+00:00,SAMSUN,55,19.2465,12.6965,0.0,18.671474,3.0,64.59612,1015.637,8.69,Overcast
2021-11-23 21:00:00+00:00,SAMSUN,55,13.6965,8.7465,20.8,18.36353,63.0,83.587906,1020.191,1.18,Rain: Moderate
2021-11-24 21:00:00+00:00,SAMSUN,55,9.3465,4.4965,1.1,11.384199,51.0,79.02368,1021.7981,2.48,Drizzle: Light
2021-11-25 21:00:00+00:00,SAMSUN,55,16.5465,5.5465,0.0,19.61587,3.0,65.759224,1016.5305,9.4,Overcast
2021-11-26 21:00:00+00:00,SAMSUN,55,19.3965,12.9965,0.6,34.114628,51.0,52.893047,1010.5385,2.32,Drizzle: Light
2021-11-27 21:00:00+00:00,SAMSUN,55,19.596498,14.4965,5.2,29.671074,63.0,67.410034,1008.6951,3.61,Rain: Moderate
2021-11-28 21:00:00+00:00,SAMSUN,55,25.7465,12.2965,0.3,38.16679,51.0,52.378693,1006.4207,5.89,Drizzle: Light
2021-11-29 21:00:00+00:00,SAMSUN,55,19.096498,10.646501,7.4999995,39.31259,61.0,81.541595,1002.3239,6.87,Rain: Slight
2021-11-30 21:00:00+00:00,SAMSUN,55,13.5465,7.6965,5.5000005,15.192682,61.0,81.756546,1009.0787,7.44,Rain: Slight
2021-12-01 21:00:00+00:00,SAMSUN,55,14.2965,7.4465,0.0,18.844202,2.0,57.41467,1015.3295,8.76,Partly cloudy
2021-12-02 21:00:00+00:00,SAMSUN,55,16.7965,9.7965,0.0,33.857227,2.0,43.344654,1014.7707,8.76,Partly cloudy
2021-12-03 21:00:00+00:00,SAMSUN,55,17.8965,11.5465,0.0,30.827856,3.0,43.791363,1011.656,8.12,Overcast
2021-12-04 21:00:00+00:00,SAMSUN,55,15.396501,10.6965,1.4000001,26.14403,55.0,81.72356,1011.17706,3.6,Drizzle: Dense
2021-12-05 21:00:00+00:00,SAMSUN,55,19.696499,10.6965,0.0,26.230639,3.0,57.09074,1013.1402,8.39,Overcast
2021-12-06 21:00:00+00:00,SAMSUN,55,19.196499,10.0965,0.0,19.694992,0.0,51.022106,1008.72174,8.51,Clear sky
2021-12-07 21:00:00+00:00,SAMSUN,55,17.6465,11.4965,7.600001,22.007162,63.0,61.58018,1003.9244,6.2,Rain: Moderate
2021-12-08 21:00:00+00:00,SAMSUN,55,11.7965,8.4465,12.5,10.948973,61.0,91.23499,1015.81085,3.01,Rain: Slight
2021-12-09 21:00:00+00:00,SAMSUN,55,18.446499,9.0465,0.0,26.009844,2.0,57.03896,1017.3536,8.32,Partly cloudy
2021-12-10 21:00:00+00:00,SAMSUN,55,15.5465,10.146501,0.0,27.887802,3.0,65.59691,1017.2277,7.56,Overcast
2021-12-11 21:00:00+00:00,SAMSUN,55,19.7965,11.4465,0.0,33.510952,3.0,53.8051,1015.96533,7.8,Overcast
2021-12-12 21:00:00+00:00,SAMSUN,55,19.9965,11.2465,0.0,27.333935,3.0,54.8559,1013.88275,7.88,Overcast
2021-12-13 21:00:00+00:00,SAMSUN,55,11.7965,9.8465,0.5,7.754637,51.0,84.52993,1013.31915,2.57,Drizzle: Light
2021-12-14 21:00:00+00:00,SAMSUN,55,15.3465,9.9465,0.1,18.161278,51.0,90.0348,1009.9506,6.89,Drizzle: Light
2021-12-15 21:00:00+00:00,SAMSUN,55,11.7465,9.146501,7.1,10.308831,61.0,89.93549,1015.947,1.63,Rain: Slight
2021-12-16 21:00:00+00:00,SAMSUN,55,11.5465,6.6464996,0.3,12.313894,51.0,83.25936,1012.44946,5.69,Drizzle: Light
2021-12-17 21:00:00+00:00,SAMSUN,55,9.4965,5.7965,9.599999,15.042659,61.0,81.59828,1012.57806,4.33,Rain: Slight
2021-12-18 21:00:00+00:00,SAMSUN,55,7.8964996,6.0465,3.9999998,7.8954163,55.0,85.15222,1012.8217,3.09,Drizzle: Dense
2021-12-19 21:00:00+00:00,SAMSUN,55,11.0965,3.9965,0.4,20.883102,51.0,81.85844,1005.3164,7.45,Drizzle: Light
2021-12-20 21:00:00+00:00,SAMSUN,55,8.1465,3.2465,9.700001,24.482647,75.0,73.90151,1011.67365,4.81,Snow fall: Heavy
2021-12-21 21:00:00+00:00,SAMSUN,55,4.3964996,-0.30350006,3.3,17.610588,73.0,73.85753,1022.80475,6.45,Snow fall: Moderate
2021-12-22 21:00:00+00:00,SAMSUN,55,5.1965,-0.10350001,0.2,15.530151,71.0,73.69369,1023.71576,7.22,Snow fall: Slight
2021-12-23 21:00:00+00:00,SAMSUN,55,6.4965,-0.45350003,0.0,32.33794,3.0,50.938305,1020.50323,8.22,Overcast
2021-12-24 21:00:00+00:00,SAMSUN,55,11.4965,4.5965,0.0,37.017033,3.0,37.27493,1016.71735,5.94,Overcast
2021-12-25 21:00:00+00:00,SAMSUN,55,13.396501,8.0465,0.0,34.882866,3.0,45.354202,1017.4007,7.73,Overcast
2021-12-26 21:00:00+00:00,SAMSUN,55,16.0965,10.646501,0.0,30.04221,3.0,54.521667,1017.5415,6.6,Overcast
2021-12-27 21:00:00+00:00,SAMSUN,55,16.0465,10.0465,0.0,30.05515,3.0,54.048763,1013.63477,7.87,Overcast
2021-12-28 21:00:00+00:00,SAMSUN,55,15.6965,9.4465,0.0,31.565245,3.0,54.700733,1011.52563,7.85,Overcast
2021-12-29 21:00:00+00:00,SAMSUN,55,16.7465,9.7465,0.0,26.478971,3.0,47.7704,1011.2839,8.13,Overcast
2021-12-30 21:00:00+00:00,SAMSUN,55,12.5965,7.9965,3.1999998,27.267473,55.0,71.80419,1016.9985,7.38,Drizzle: Dense
2021-12-31 21:00:00+00:00,SAMSUN,55,11.8465,8.7965,3.5999997,13.608762,55.0,90.7048,1015.4729,5.0,Drizzle: Dense
2022-01-01 21:00:00+00:00,SAMSUN,55,11.1965,6.2965,11.1,26.87491,61.0,81.48998,1015.9122,6.15,Rain: Slight
2022-01-02 21:00:00+00:00,SAMSUN,55,11.9465,3.8964999,0.0,34.94968,3.0,61.54508,1016.3565,7.09,Overcast
2022-01-03 21:00:00+00:00,SAMSUN,55,13.0965,6.6464996,3.6999998,34.38895,53.0,60.21492,1012.03754,4.13,Drizzle: Moderate
2022-01-04 21:00:00+00:00,SAMSUN,55,16.2465,6.9965,0.0,32.33794,3.0,59.490086,1012.89557,7.06,Overcast
2022-01-05 21:00:00+00:00,SAMSUN,55,18.4965,12.7965,0.0,35.143818,3.0,49.289043,1012.1818,8.39,Overcast
2022-01-06 21:00:00+00:00,SAMSUN,55,17.2465,10.896501,1.2,29.836594,51.0,71.15705,1016.3198,5.38,Drizzle: Light
2022-01-07 21:00:00+00:00,SAMSUN,55,12.8465,7.9965,2.3999999,12.074766,53.0,90.63189,1017.17035,6.33,Drizzle: Moderate
2022-01-08 21:00:00+00:00,SAMSUN,55,17.096498,9.896501,0.0,25.189713,3.0,57.115646,1007.98975,5.4,Overcast
2022-01-09 21:00:00+00:00,SAMSUN,55,16.3465,9.8465,0.6,24.881702,51.0,59.92372,1003.3725,5.57,Drizzle: Light
2022-01-10 21:00:00+00:00,SAMSUN,55,14.5465,9.9465,0.1,19.878391,51.0,68.84025,1009.13477,3.86,Drizzle: Light
2022-01-11 21:00:00+00:00,SAMSUN,55,9.896501,3.5965,19.699999,20.46941,61.0,93.19516,1013.5952,1.65,Rain: Slight
2022-01-12 21:00:00+00:00,SAMSUN,55,3.8465,0.99649996,5.5,24.248611,71.0,80.54035,1023.57855,3.88,Snow fall: Slight
2022-01-13 21:00:00+00:00,SAMSUN,55,6.6464996,0.5965,0.0,18.11841,3.0,56.903164,1019.30316,6.53,Overcast
2022-01-14 21:00:00+00:00,SAMSUN,55,5.6464996,2.1964998,5.2,28.28464,73.0,58.542736,1010.07965,4.57,Snow fall: Moderate
2022-01-15 21:00:00+00:00,SAMSUN,55,5.7965,1.8464999,2.3000002,21.67786,73.0,66.72764,1018.7115,7.7,Snow fall: Moderate
2022-01-16 21:00:00+00:00,SAMSUN,55,9.1965,1.7465,0.7,36.276142,73.0,53.178112,1019.1516,9.56,Snow fall: Moderate
2022-01-17 21:00:00+00:00,SAMSUN,55,9.146501,1.7965,3.8999999,39.714382,73.0,53.184208,1011.8972,2.98,Snow fall: Moderate
2022-01-18 21:00:00+00:00,SAMSUN,55,3.8964999,0.5965,0.70000005,20.620804,71.0,61.75527,1019.7055,8.29,Snow fall: Slight
2022-01-19 21:00:00+00:00,SAMSUN,55,6.9465,1.3464999,0.6,30.319178,71.0,49.928303,1021.5522,6.12,Snow fall: Slight
2022-01-20 21:00:00+00:00,SAMSUN,55,10.646501,3.5465,0.0,37.420956,3.0,40.176563,1016.38184,9.97,Overcast
2022-01-21 21:00:00+00:00,SAMSUN,55,8.4465,2.5965,17.400002,15.1884165,75.0,85.397255,1010.98236,1.77,Snow fall: Heavy
2022-01-22 21:00:00+00:00,SAMSUN,55,2.5965,1.8965,34.100006,18.504139,75.0,93.87244,1008.3182,1.88,Snow fall: Heavy
2022-01-23 21:00:00+00:00,SAMSUN,55,3.7465,-0.20350003,3.7999997,17.193533,73.0,78.86769,1018.2744,8.81,Snow fall: Moderate
2022-01-24 21:00:00+00:00,SAMSUN,55,3.5465,-2.6535,0.70000005,23.507751,71.0,69.26,1022.6685,8.96,Snow fall: Slight
2022-01-25 21:00:00+00:00,SAMSUN,55,2.6964998,-0.5035,6.1000004,17.148247,73.0,84.86291,1017.19867,2.72,Snow fall: Moderate
2022-01-26 21:00:00+00:00,SAMSUN,55,5.4965,-1.1535001,0.0,21.650938,3.0,62.70952,1018.6867,10.63,Overcast
2022-01-27 21:00:00+00:00,SAMSUN,55,5.4965,-0.6535001,0.0,33.88019,1.0,55.05066,1020.208,10.68,Mainly clear
2022-01-28 21:00:00+00:00,SAMSUN,55,4.7965,-0.25349998,0.0,35.457714,3.0,50.904236,1020.6757,9.75,Overcast
2022-01-29 21:00:00+00:00,SAMSUN,55,6.6965,0.24649996,0.0,29.533169,3.0,50.811344,1015.416,7.43,Overcast
2022-01-30 21:00:00+00:00,SAMSUN,55,9.5965,4.1965,1.4000001,23.933908,53.0,66.907936,1009.9273,7.05,Drizzle: Moderate
2022-01-31 21:00:00+00:00,SAMSUN,55,10.1965,1.9965,0.0,20.12461,3.0,69.10009,1011.677,9.17,Overcast
2022-02-01 21:00:00+00:00,SAMSUN,55,14.9465,7.9965,0.0,42.56229,3.0,57.17262,1009.403,5.83,Overcast
2022-02-02 21:00:00+00:00,SAMSUN,55,15.146501,6.1965,0.0,17.654688,3.0,67.67701,1006.66626,9.89,Overcast
2022-02-03 21:00:00+00:00,SAMSUN,55,7.9465,2.3465,2.1000001,24.48,71.0,80.098885,1013.5127,2.78,Snow fall: Slight
2022-02-04 21:00:00+00:00,SAMSUN,55,8.7465,1.1465,0.0,27.776047,3.0,56.77736,1018.57983,10.57,Overcast
2022-02-05 21:00:00+00:00,SAMSUN,55,9.7465,3.5965,0.5,29.68636,51.0,57.01016,1019.5579,4.64,Drizzle: Light
2022-02-06 21:00:00+00:00,SAMSUN,55,12.4965,1.7465,0.0,29.03752,3.0,51.584793,1015.44086,12.03,Overcast
2022-02-07 21:00:00+00:00,SAMSUN,55,16.4965,8.1465,0.0,41.392174,3.0,50.132812,1005.4378,7.75,Overcast
2022-02-08 21:00:00+00:00,SAMSUN,55,11.9465,4.5965,7.6999993,20.696087,61.0,82.76841,1012.3409,2.37,Rain: Slight
2022-02-09 21:00:00+00:00,SAMSUN,55,7.2965,3.5965,3.1999998,15.021105,53.0,79.870804,1023.3775,6.35,Drizzle: Moderate
2022-02-10 21:00:00+00:00,SAMSUN,55,12.9465,1.9965,0.0,30.886656,1.0,62.40656,1024.4141,12.74,Mainly clear
2022-02-11 21:00:00+00:00,SAMSUN,55,15.2465,4.2965,0.0,33.88019,3.0,54.543514,1023.1843,13.02,Overcast
2022-02-12 21:00:00+00:00,SAMSUN,55,7.1965,2.4965,3.1000001,14.264361,53.0,86.54456,1028.7057,2.4,Drizzle: Moderate
2022-02-13 21:00:00+00:00,SAMSUN,55,6.5965004,3.3964999,0.8000001,8.0899935,51.0,86.29267,1021.7149,3.09,Drizzle: Light
2022-02-14 21:00:00+00:00,SAMSUN,55,8.8465,2.4464998,0.0,10.495713,3.0,81.81832,1023.3183,10.56,Overcast
2022-02-15 21:00:00+00:00,SAMSUN,55,10.896501,2.0965,0.0,17.935081,3.0,74.996025,1022.4025,12.15,Overcast
2022-02-16 21:00:00+00:00,SAMSUN,55,13.896501,4.1464996,0.0,30.802622,2.0,50.07362,1013.78564,13.93,Partly cloudy
2022-02-17 21:00:00+00:00,SAMSUN,55,13.9465,7.7465,2.4,36.659946,53.0,52.764263,1007.38873,7.74,Drizzle: Moderate
2022-02-18 21:00:00+00:00,SAMSUN,55,9.2465,4.2965,5.399999,16.80857,61.0,81.40363,1019.67303,6.0,Rain: Slight
2022-02-19 21:00:00+00:00,SAMSUN,55,16.5965,4.4465,0.0,27.497026,3.0,55.118,1017.7256,14.09,Overcast
2022-02-20 21:00:00+00:00,SAMSUN,55,14.0465,5.6965,0.6,23.277834,51.0,66.92986,1013.748,12.05,Drizzle: Light
2022-02-21 21:00:00+00:00,SAMSUN,55,17.846498,5.6965,0.0,26.758923,3.0,61.39307,1008.19147,8.7,Overcast
2022-02-22 21:00:00+00:00,SAMSUN,55,19.9965,10.0465,0.0,22.401142,3.0,62.06406,1011.3066,14.17,Overcast
2022-02-23 21:00:00+00:00,SAMSUN,55,10.6965,7.2965,0.9,7.2359104,53.0,86.11242,1013.0559,5.6,Drizzle: Moderate
2022-02-24 21:00:00+00:00,SAMSUN,55,11.0465,7.5465,17.0,13.479583,61.0,93.5939,1007.7771,2.68,Rain: Slight
2022-02-25 21:00:00+00:00,SAMSUN,55,9.396501,7.6464996,12.100001,9.19939,61.0,87.743164,1016.31445,2.49,Rain: Slight
2022-02-26 21:00:00+00:00,SAMSUN,55,10.146501,4.4965,0.0,14.512064,3.0,82.38007,1021.6026,12.24,Overcast
2022-02-27 21:00:00+00:00,SAMSUN,55,15.5965,6.7465,10.9,10.00256,63.0,92.46235,1014.4001,12.72,Rain: Moderate
2022-02-28 21:00:00+00:00,SAMSUN,55,9.2965,5.8964996,4.7,20.150354,55.0,88.44224,1017.0574,4.56,Drizzle: Dense
2022-03-01 21:00:00+00:00,SAMSUN,55,7.1464996,3.5965,10.7,17.148247,73.0,90.83624,1014.9257,2.78,Snow fall: Moderate
2022-03-02 21:00:00+00:00,SAMSUN,55,5.1464996,3.1464999,17.400002,21.794127,75.0,88.560036,1004.62787,3.41,Snow fall: Heavy
2022-03-03 21:00:00+00:00,SAMSUN,55,10.0465,1.5964999,0.4,17.566378,51.0,67.762505,1013.16846,13.22,Drizzle: Light
2022-03-04 21:00:00+00:00,SAMSUN,55,9.9465,2.0465,0.3,12.783802,51.0,68.34287,1016.03424,14.31,Drizzle: Light
2022-03-05 21:00:00+00:00,SAMSUN,55,8.0965,1.8965,0.1,16.203999,51.0,80.079285,1016.6933,7.18,Drizzle: Light
2022-03-06 21:00:00+00:00,SAMSUN,55,13.4965,3.3465,2.9,13.138765,53.0,86.335815,1009.6147,14.24,Drizzle: Moderate
2022-03-07 21:00:00+00:00,SAMSUN,55,7.8964996,5.2965,10.000004,17.727943,61.0,84.36893,1011.0645,4.2,Rain: Slight
2022-03-08 21:00:00+00:00,SAMSUN,55,5.4465,2.4464998,14.0,20.60823,75.0,90.56846,1011.03906,3.79,Snow fall: Heavy
2022-03-09 21:00:00+00:00,SAMSUN,55,3.7965,1.1965,4.2,16.42247,73.0,85.91909,1011.6678,4.22,Snow fall: Moderate
2022-03-10 21:00:00+00:00,SAMSUN,55,3.5465,-0.15350008,9.700001,27.155552,75.0,80.71287,1012.7805,4.98,Snow fall: Heavy
2022-03-11 21:00:00+00:00,SAMSUN,55,4.3465,-2.9535,0.0,16.363178,3.0,60.764576,1021.6377,18.24,Overcast
2022-03-12 21:00:00+00:00,SAMSUN,55,5.3964996,-0.9035001,1.8,20.948164,73.0,67.46774,1023.895,15.37,Snow fall: Moderate
2022-03-13 21:00:00+00:00,SAMSUN,55,4.6965,0.29649997,4.2000003,19.469975,73.0,72.113335,1029.8762,13.11,Snow fall: Moderate
2022-03-14 21:00:00+00:00,SAMSUN,55,5.3964996,0.09649998,2.3000002,18.775303,73.0,74.09197,1030.6613,12.33,Snow fall: Moderate
2022-03-15 21:00:00+00:00,SAMSUN,55,9.0965,2.0465,0.1,15.580141,51.0,64.959694,1025.4143,18.03,Drizzle: Light
2022-03-16 21:00:00+00:00,SAMSUN,55,4.7465,1.0465,9.6,15.778518,75.0,86.85624,1024.0796,3.29,Snow fall: Heavy
2022-03-17 21:00:00+00:00,SAMSUN,55,2.9965,-2.1035001,9.1,12.768586,75.0,80.30098,1028.2998,14.14,Snow fall: Heavy
2022-03-18 21:00:00+00:00,SAMSUN,55,3.1464999,-1.9035001,0.9000001,21.817902,71.0,74.9711,1026.5529,17.32,Snow fall: Slight
2022-03-19 21:00:00+00:00,SAMSUN,55,3.7465,1.2465,14.6,25.992401,75.0,84.5981,1023.7089,5.85,Snow fall: Heavy
2022-03-20 21:00:00+00:00,SAMSUN,55,6.1464996,2.0465,1.3000001,24.023088,73.0,74.65403,1025.5321,13.38,Snow fall: Moderate
2022-03-21 21:00:00+00:00,SAMSUN,55,8.0965,2.6465,2.6000001,15.496736,73.0,75.524925,1022.0877,14.99,Snow fall: Moderate
2022-03-22 21:00:00+00:00,SAMSUN,55,7.8964996,1.7965,1.3000001,9.085988,51.0,82.273254,1019.0892,12.78,Drizzle: Light
2022-03-23 21:00:00+00:00,SAMSUN,55,9.3465,1.7965,0.6,14.830076,51.0,76.51184,1015.41187,13.5,Drizzle: Light
2022-03-24 21:00:00+00:00,SAMSUN,55,11.2465,3.7465,0.1,11.720751,51.0,62.65135,1015.6578,16.64,Drizzle: Light
2022-03-25 21:00:00+00:00,SAMSUN,55,10.146501,3.0965,0.6,16.203999,51.0,72.014244,1021.9109,15.71,Drizzle: Light
2022-03-26 21:00:00+00:00,SAMSUN,55,15.7465,3.3964999,0.0,21.817902,3.0,64.23394,1022.66846,19.79,Overcast
2022-03-27 21:00:00+00:00,SAMSUN,55,10.2965,3.6965,0.0,19.319628,3.0,64.48504,1027.977,20.88,Overcast
2022-03-28 21:00:00+00:00,SAMSUN,55,21.696499,5.1965,0.0,15.629971,3.0,66.03364,1017.6054,19.81,Overcast
2022-03-29 21:00:00+00:00,SAMSUN,55,18.696499,10.2965,1.0,15.408671,53.0,67.65005,1013.1458,15.27,Drizzle: Moderate
2022-03-30 21:00:00+00:00,SAMSUN,55,24.1465,10.7965,0.0,24.216522,3.0,48.938263,1012.33496,19.88,Overcast
2022-03-31 21:00:00+00:00,SAMSUN,55,25.8965,17.6465,0.0,34.62369,3.0,44.8571,1009.4764,12.53,Overcast
2022-04-01 21:00:00+00:00,SAMSUN,55,24.846498,12.8465,0.0,34.70407,3.0,46.17636,1004.7334,20.82,Overcast
2022-04-02 21:00:00+00:00,SAMSUN,55,21.846498,10.0465,0.0,31.093666,3.0,68.433525,1007.4321,17.95,Overcast
2022-04-03 21:00:00+00:00,SAMSUN,55,15.7465,6.2965,8.400001,19.211996,63.0,75.501854,1017.4991,18.92,Rain: Moderate
2022-04-04 21:00:00+00:00,SAMSUN,55,9.396501,5.8465004,3.4999998,8.587338,53.0,86.58725,1015.092,6.54,Drizzle: Moderate
2022-04-05 21:00:00+00:00,SAMSUN,55,11.646501,7.7465,2.3,12.522619,55.0,89.87024,1013.31647,13.12,Drizzle: Dense
2022-04-06 21:00:00+00:00,SAMSUN,55,16.4965,8.2465,0.0,16.904673,3.0,86.07168,1008.4976,21.75,Overcast
2022-04-07 21:00:00+00:00,SAMSUN,55,17.8965,9.6965,11.8,21.261345,63.0,87.000145,1003.0656,16.06,Rain: Moderate
2022-04-08 21:00:00+00:00,SAMSUN,55,21.0465,9.7965,0.0,19.09358,3.0,75.45056,1010.0254,22.53,Overcast
2022-04-09 21:00:00+00:00,SAMSUN,55,22.6465,12.4965,0.1,18.626305,51.0,64.21804,1004.7924,14.78,Drizzle: Light
2022-04-10 21:00:00+00:00,SAMSUN,55,25.596498,10.6965,11.6,28.00837,63.0,61.059193,1000.87476,19.4,Rain: Moderate
2022-04-11 21:00:00+00:00,SAMSUN,55,10.7465,5.6965,13.799999,23.979893,63.0,71.02803,1012.00824,7.39,Rain: Moderate
2022-04-12 21:00:00+00:00,SAMSUN,55,12.0465,4.6965,4.5,15.696165,73.0,68.37361,1017.06494,17.94,Snow fall: Moderate
2022-04-13 21:00:00+00:00,SAMSUN,55,12.5965,5.8964996,1.6,23.977188,51.0,64.60824,1018.0577,4.88,Drizzle: Light
2022-04-14 21:00:00+00:00,SAMSUN,55,13.2465,6.6965,0.4,10.739832,51.0,78.294395,1020.5639,15.37,Drizzle: Light
2022-04-15 21:00:00+00:00,SAMSUN,55,16.3465,5.7965,0.0,14.345898,3.0,83.23963,1014.93036,23.83,Overcast
2022-04-16 21:00:00+00:00,SAMSUN,55,19.2465,10.2465,0.0,13.608762,3.0,77.48105,1009.15375,21.32,Overcast
2022-04-17 21:00:00+00:00,SAMSUN,55,23.2465,11.0465,1.4,14.480773,51.0,79.71488,1000.9262,19.86,Drizzle: Light
2022-04-18 21:00:00+00:00,SAMSUN,55,11.5465,8.1965,11.899999,16.454008,63.0,91.27826,1008.52295,9.44,Rain: Moderate
2022-04-19 21:00:00+00:00,SAMSUN,55,9.5965,7.7965,0.4,11.609651,51.0,87.31942,1016.4665,8.26,Drizzle: Light
2022-04-20 21:00:00+00:00,SAMSUN,55,17.2965,7.8964996,0.5,22.505037,51.0,85.07502,1015.33453,19.31,Drizzle: Light
2022-04-21 21:00:00+00:00,SAMSUN,55,14.896501,6.5965004,0.0,13.5515,3.0,85.20153,1017.60626,23.43,Overcast
2022-04-22 21:00:00+00:00,SAMSUN,55,18.096498,9.396501,0.0,9.983106,3.0,84.90358,1010.67975,24.21,Overcast
2022-04-23 21:00:00+00:00,SAMSUN,55,20.196499,13.396501,0.0,12.599998,3.0,81.01863,1009.59894,24.7,Overcast
2022-04-24 21:00:00+00:00,SAMSUN,55,19.196499,10.896501,0.0,10.308831,3.0,83.041435,1007.58325,24.86,Overcast
2022-04-25 21:00:00+00:00,SAMSUN,55,18.7465,11.9965,0.0,9.387651,3.0,83.99371,1009.6772,25.07,Overcast
2022-04-26 21:00:00+00:00,SAMSUN,55,19.096498,11.2465,0.0,14.044615,3.0,75.078026,1012.9371,24.63,Overcast
2022-04-27 21:00:00+00:00,SAMSUN,55,17.9965,11.1965,0.0,9.178235,3.0,80.56841,1014.054,23.3,Overcast
2022-04-28 21:00:00+00:00,SAMSUN,55,17.446499,10.5465,0.0,7.386582,3.0,89.29349,1014.6149,24.68,Overcast
2022-04-29 21:00:00+00:00,SAMSUN,55,13.896501,10.9465,1.2,9.178235,53.0,96.101654,1014.12897,10.97,Drizzle: Moderate
2022-04-30 21:00:00+00:00,SAMSUN,55,15.6965,11.6965,3.6,20.08916,53.0,88.43224,1014.05493,7.13,Drizzle: Moderate
2022-05-01 21:00:00+00:00,SAMSUN,55,15.7465,10.896501,0.0,18.448023,3.0,81.35629,1015.0124,21.55,Overcast
2022-05-02 21:00:00+00:00,SAMSUN,55,14.396501,8.4465,0.0,14.689589,3.0,91.75672,1010.70123,16.51,Overcast
2022-05-03 21:00:00+00:00,SAMSUN,55,12.5965,9.896501,8.499998,11.177405,63.0,93.08317,1011.7478,6.67,Rain: Moderate
2022-05-04 21:00:00+00:00,SAMSUN,55,15.9465,10.9965,13.300002,18.089775,61.0,81.34104,1014.6159,15.24,Rain: Slight
2022-05-05 21:00:00+00:00,SAMSUN,55,14.5465,11.0465,10.400001,23.740902,61.0,87.00626,1014.62836,7.74,Rain: Slight
2022-05-06 21:00:00+00:00,SAMSUN,55,12.8465,9.8465,1.1,20.696087,51.0,83.005714,1016.6597,8.7,Drizzle: Light
2022-05-07 21:00:00+00:00,SAMSUN,55,12.9465,9.4465,1.6000001,15.484185,51.0,82.07154,1019.61334,5.48,Drizzle: Light
2022-05-08 21:00:00+00:00,SAMSUN,55,14.5965,7.3964996,0.0,8.78872,2.0,84.735176,1019.27545,23.89,Partly cloudy
2022-05-09 21:00:00+00:00,SAMSUN,55,16.7465,8.2965,0.0,9.885262,0.0,76.26269,1018.491,27.47,Clear sky
2022-05-10 21:00:00+00:00,SAMSUN,55,15.146501,8.3965,0.0,10.105681,3.0,80.69295,1016.91284,25.56,Overcast
2022-05-11 21:00:00+00:00,SAMSUN,55,18.2965,8.7465,0.0,9.673221,3.0,68.45408,1020.5953,27.51,Overcast
2022-05-12 21:00:00+00:00,SAMSUN,55,19.846498,10.396501,0.0,16.418526,0.0,68.74851,1018.8067,27.94,Clear sky
2022-05-13 21:00:00+00:00,SAMSUN,55,23.8965,12.5465,0.0,19.734436,1.0,69.43293,1012.2371,26.61,Mainly clear
2022-05-14 21:00:00+00:00,SAMSUN,55,19.8965,12.396501,0.0,11.966954,3.0,70.368904,1013.575,26.01,Overcast
2022-05-15 21:00:00+00:00,SAMSUN,55,19.8965,12.8465,0.0,13.584932,3.0,66.695366,1017.2725,27.6,Overcast
2022-05-16 21:00:00+00:00,SAMSUN,55,20.8965,13.0465,0.0,15.021105,0.0,64.2001,1015.36646,27.6,Clear sky
2022-05-17 21:00:00+00:00,SAMSUN,55,25.7965,13.3465,0.0,20.12461,3.0,71.25134,1010.4567,26.1,Overcast
2022-05-18 21:00:00+00:00,SAMSUN,55,14.6965,10.9465,5.2000003,20.633371,61.0,74.873726,1019.77954,7.72,Rain: Slight
2022-05-19 21:00:00+00:00,SAMSUN,55,17.9965,10.4465,0.90000004,15.0038395,51.0,71.182686,1023.06976,20.81,Drizzle: Light
2022-05-20 21:00:00+00:00,SAMSUN,55,22.596498,11.0465,0.0,22.218153,0.0,64.03652,1017.04926,28.44,Clear sky
2022-05-21 21:00:00+00:00,SAMSUN,55,24.096498,14.5465,0.0,23.933908,0.0,69.351974,1005.4986,27.89,Clear sky
2022-05-22 21:00:00+00:00,SAMSUN,55,19.846498,13.8465,0.90000004,14.494192,51.0,69.83721,1005.87115,20.51,Drizzle: Light
2022-05-23 21:00:00+00:00,SAMSUN,55,17.6465,12.4965,10.2,12.324414,63.0,82.42814,1011.9812,22.49,Rain: Moderate
2022-05-24 21:00:00+00:00,SAMSUN,55,17.7465,11.4965,0.0,11.808878,1.0,82.66224,1017.2771,27.57,Mainly clear
2022-05-25 21:00:00+00:00,SAMSUN,55,19.2965,10.6965,0.0,12.538134,2.0,84.54996,1016.81305,27.67,Partly cloudy
2022-05-26 21:00:00+00:00,SAMSUN,55,21.3965,13.9465,0.0,10.97262,3.0,77.79172,1016.4804,27.52,Overcast
2022-05-27 21:00:00+00:00,SAMSUN,55,20.1465,12.3465,0.0,9.504272,1.0,82.42979,1012.15063,27.42,Mainly clear
2022-05-28 21:00:00+00:00,SAMSUN,55,21.8965,14.396501,0.0,10.948973,2.0,84.42912,1011.35986,27.4,Partly cloudy
2022-05-29 21:00:00+00:00,SAMSUN,55,26.596498,15.9965,0.0,11.165805,3.0,84.284065,1009.97485,24.75,Overcast
2022-05-30 21:00:00+00:00,SAMSUN,55,24.2965,17.7965,0.0,10.315115,3.0,80.378746,1011.13385,25.84,Overcast
2022-05-31 21:00:00+00:00,SAMSUN,55,22.4965,15.9465,0.0,8.557102,2.0,85.22076,1012.2981,27.72,Partly cloudy
2022-06-01 21:00:00+00:00,SAMSUN,55,22.196499,16.7465,0.0,8.669949,3.0,81.36402,1012.1202,26.84,Overcast
2022-06-02 21:00:00+00:00,SAMSUN,55,22.696499,17.446499,0.0,10.464797,3.0,81.972115,1011.11475,24.06,Overcast
2022-06-03 21:00:00+00:00,SAMSUN,55,25.2965,17.2965,0.0,15.226764,3.0,78.641945,1010.0857,28.35,Overcast
2022-06-04 21:00:00+00:00,SAMSUN,55,28.0465,19.596498,0.3,24.066206,51.0,65.292336,1009.217,27.4,Drizzle: Light
2022-06-05 21:00:00+00:00,SAMSUN,55,23.946499,18.2465,0.0,10.086427,3.0,80.78948,1009.1628,21.3,Overcast
2022-06-06 21:00:00+00:00,SAMSUN,55,24.096498,17.2465,0.0,14.003029,3.0,82.7761,1008.54596,25.57,Overcast
2022-06-07 21:00:00+00:00,SAMSUN,55,23.7465,17.7465,0.1,14.336861,51.0,79.70954,1006.4815,23.4,Drizzle: Light
2022-06-08 21:00:00+00:00,SAMSUN,55,22.6465,18.196499,0.0,10.805998,3.0,84.55168,1007.5188,16.52,Overcast
2022-06-09 21:00:00+00:00,SAMSUN,55,25.846498,18.346498,0.0,13.708391,3.0,80.75137,1008.83545,23.21,Overcast
2022-06-10 21:00:00+00:00,SAMSUN,55,25.446499,19.2965,0.1,13.104198,51.0,84.53422,1008.5571,23.53,Drizzle: Light
2022-06-11 21:00:00+00:00,SAMSUN,55,24.6465,19.4965,5.0,17.287498,63.0,86.71255,1001.4375,18.99,Rain: Moderate
2022-06-12 21:00:00+00:00,SAMSUN,55,25.446499,19.4965,20.7,20.523157,65.0,79.537025,1002.4934,15.61,Rain: Heavy
2022-06-13 21:00:00+00:00,SAMSUN,55,26.346498,19.596498,1.3000001,24.162947,53.0,75.23029,1006.9449,27.4,Drizzle: Moderate
2022-06-14 21:00:00+00:00,SAMSUN,55,26.2465,18.5465,1.9000001,16.854767,53.0,74.90613,1012.4963,25.03,Drizzle: Moderate
2022-06-15 21:00:00+00:00,SAMSUN,55,23.346498,17.596498,0.0,13.891522,3.0,78.722206,1016.24316,26.73,Overcast
2022-06-16 21:00:00+00:00,SAMSUN,55,23.5465,17.8965,0.4,12.538134,51.0,76.81252,1014.90704,25.15,Drizzle: Light
2022-06-17 21:00:00+00:00,SAMSUN,55,24.096498,17.3965,0.0,11.435313,0.0,72.0474,1013.48846,29.57,Clear sky
2022-06-18 21:00:00+00:00,SAMSUN,55,24.7465,18.1465,0.0,13.910169,1.0,74.470604,1013.91266,28.5,Mainly clear
2022-06-19 21:00:00+00:00,SAMSUN,55,26.4965,17.8965,0.0,11.753876,0.0,66.89886,1011.1147,29.49,Clear sky
2022-06-20 21:00:00+00:00,SAMSUN,55,25.4965,18.0465,1.1,24.33664,51.0,74.218376,1003.978,24.08,Drizzle: Light
2022-06-21 21:00:00+00:00,SAMSUN,55,27.0465,18.7465,0.8,27.0024,53.0,58.535297,1003.89355,25.31,Drizzle: Moderate
2022-06-22 21:00:00+00:00,SAMSUN,55,26.196499,17.596498,0.0,16.641972,3.0,57.20807,1008.3479,25.21,Overcast
2022-06-23 21:00:00+00:00,SAMSUN,55,22.7965,18.0465,5.7,13.207634,55.0,71.236984,1007.927,14.08,Drizzle: Dense
2022-06-24 21:00:00+00:00,SAMSUN,55,26.096498,16.4965,12.200002,15.629971,65.0,78.3927,1006.97736,14.84,Rain: Heavy
2022-06-25 21:00:00+00:00,SAMSUN,55,21.0465,16.5965,17.200003,10.805999,63.0,84.501366,1008.2906,14.03,Rain: Moderate
2022-06-26 21:00:00+00:00,SAMSUN,55,22.2465,16.946499,17.400002,11.720751,63.0,83.7163,1007.7183,17.6,Rain: Moderate
2022-06-27 21:00:00+00:00,SAMSUN,55,21.946499,16.4965,4.6,8.766573,55.0,87.947784,1008.6368,18.61,Drizzle: Dense
2022-06-28 21:00:00+00:00,SAMSUN,55,21.596498,17.946499,17.600004,12.313894,63.0,87.70093,1010.7532,12.83,Rain: Moderate
2022-06-29 21:00:00+00:00,SAMSUN,55,23.4965,17.946499,0.0,9.686609,2.0,84.08999,1010.1626,26.18,Partly cloudy
2022-06-30 21:00:00+00:00,SAMSUN,55,26.2465,18.5465,0.5,20.49156,51.0,81.0738,1010.23486,23.53,Drizzle: Light
2022-07-01 21:00:00+00:00,SAMSUN,55,26.5465,19.1465,0.70000005,17.518356,53.0,68.40522,1013.0483,29.37,Drizzle: Moderate
2022-07-02 21:00:00+00:00,SAMSUN,55,23.696499,17.2465,0.0,15.042659,1.0,70.32055,1015.5054,29.61,Mainly clear
2022-07-03 21:00:00+00:00,SAMSUN,55,23.9965,16.2965,0.0,13.138765,1.0,73.47834,1014.1607,29.55,Mainly clear
2022-07-04 21:00:00+00:00,SAMSUN,55,24.3965,17.8965,0.0,9.904906,2.0,78.27798,1012.48505,28.04,Partly cloudy
2022-07-05 21:00:00+00:00,SAMSUN,55,25.596498,18.2965,0.0,9.726664,1.0,77.245544,1009.0756,29.21,Mainly clear
2022-07-06 21:00:00+00:00,SAMSUN,55,27.0465,18.6465,0.0,10.464797,0.0,73.09221,1007.3464,28.94,Clear sky
2022-07-07 21:00:00+00:00,SAMSUN,55,28.0465,19.846498,0.0,18.391735,1.0,72.43786,1008.10156,27.72,Mainly clear
2022-07-08 21:00:00+00:00,SAMSUN,55,26.446499,19.446499,0.0,11.200571,3.0,79.402214,1005.47235,24.55,Overcast
2022-07-09 21:00:00+00:00,SAMSUN,55,25.8965,20.7465,1.1000001,14.773164,51.0,80.02723,1001.99066,22.12,Drizzle: Light
2022-07-10 21:00:00+00:00,SAMSUN,55,27.7965,20.7465,0.0,19.881649,2.0,67.469376,1009.3145,25.89,Partly cloudy
2022-07-11 21:00:00+00:00,SAMSUN,55,25.346498,19.5465,1.6,14.145756,51.0,73.03196,1014.6801,22.85,Drizzle: Light
2022-07-12 21:00:00+00:00,SAMSUN,55,26.096498,18.4965,0.0,12.413477,1.0,69.84465,1013.35614,28.38,Mainly clear
2022-07-13 21:00:00+00:00,SAMSUN,55,25.596498,19.6465,0.1,15.856354,51.0,66.10462,1014.5484,24.82,Drizzle: Light
2022-07-14 21:00:00+00:00,SAMSUN,55,24.8965,19.2965,2.8999999,12.303366,53.0,78.171455,1011.2705,18.79,Drizzle: Moderate
2022-07-15 21:00:00+00:00,SAMSUN,55,27.946499,19.9965,0.0,23.042812,3.0,67.30367,1010.6733,18.51,Overcast
2022-07-16 21:00:00+00:00,SAMSUN,55,27.346498,22.3965,2.6999993,23.157824,55.0,75.3602,1012.81696,20.86,Drizzle: Dense
2022-07-17 21:00:00+00:00,SAMSUN,55,26.8965,20.7965,3.9,30.421598,55.0,73.310356,1014.71124,17.42,Drizzle: Dense
2022-07-18 21:00:00+00:00,SAMSUN,55,26.196499,20.446499,0.0,20.833395,3.0,61.38695,1016.2097,24.74,Overcast
2022-07-19 21:00:00+00:00,SAMSUN,55,26.6465,19.9965,0.0,21.746504,3.0,60.185184,1014.299,21.21,Overcast
2022-07-20 21:00:00+00:00,SAMSUN,55,27.0465,20.696499,0.2,19.06301,51.0,62.117878,1011.15607,23.5,Drizzle: Light
2022-07-21 21:00:00+00:00,SAMSUN,55,27.196499,19.446499,1.1,20.724247,53.0,68.67444,1011.98706,24.97,Drizzle: Moderate
2022-07-22 21:00:00+00:00,SAMSUN,55,28.196499,18.596498,0.0,23.084955,3.0,59.711594,1013.3137,23.1,Overcast
2022-07-23 21:00:00+00:00,SAMSUN,55,26.5465,19.7465,1.1,18.0,53.0,70.25571,1012.5445,22.77,Drizzle: Moderate
2022-07-24 21:00:00+00:00,SAMSUN,55,26.946499,18.9965,0.0,12.538134,1.0,64.495995,1010.57153,27.68,Mainly clear
2022-07-25 21:00:00+00:00,SAMSUN,55,26.596498,19.7965,1.6,11.480557,53.0,68.26166,1009.2166,25.39,Drizzle: Moderate
2022-07-26 21:00:00+00:00,SAMSUN,55,26.8965,19.946499,0.0,13.104198,2.0,69.94647,1009.8252,26.98,Partly cloudy
2022-07-27 21:00:00+00:00,SAMSUN,55,25.9965,18.4965,0.0,14.689588,3.0,77.11704,1012.0115,24.78,Overcast
2022-07-28 21:00:00+00:00,SAMSUN,55,26.7465,18.7965,0.0,12.819235,2.0,75.66073,1012.37036,26.95,Partly cloudy
2022-07-29 21:00:00+00:00,SAMSUN,55,28.096498,18.946499,0.0,11.808878,1.0,62.880554,1009.636,27.51,Mainly clear
2022-07-30 21:00:00+00:00,SAMSUN,55,28.446499,21.946499,0.1,10.948973,51.0,75.27094,1006.15643,24.47,Drizzle: Light
2022-07-31 21:00:00+00:00,SAMSUN,55,28.446499,22.096498,2.0000002,16.167967,51.0,80.738335,1005.55664,17.88,Drizzle: Light
2022-08-01 21:00:00+00:00,SAMSUN,55,27.7965,22.196499,0.0,15.517629,3.0,75.64895,1008.03827,15.16,Overcast
2022-08-02 21:00:00+00:00,SAMSUN,55,26.5465,22.596498,0.2,14.081478,51.0,77.22211,1010.6926,12.21,Drizzle: Light
2022-08-03 21:00:00+00:00,SAMSUN,55,26.8965,21.2965,0.8,14.168641,51.0,82.901306,1011.5855,11.83,Drizzle: Light
2022-08-04 21:00:00+00:00,SAMSUN,55,26.846498,21.946499,1.8000001,13.281023,51.0,84.353516,1010.40894,12.37,Drizzle: Light
2022-08-05 21:00:00+00:00,SAMSUN,55,27.446499,21.4965,3.1999998,12.313894,53.0,83.51513,1007.76416,20.1,Drizzle: Moderate
2022-08-06 21:00:00+00:00,SAMSUN,55,27.946499,21.0465,0.6,9.726664,51.0,78.06886,1005.4243,19.97,Drizzle: Light
2022-08-07 21:00:00+00:00,SAMSUN,55,29.6465,21.9965,0.6,15.496736,51.0,74.73798,1007.5472,23.68,Drizzle: Light
2022-08-08 21:00:00+00:00,SAMSUN,55,28.4965,22.196499,0.8,12.413477,51.0,76.087395,1007.10455,22.62,Drizzle: Light
2022-08-09 21:00:00+00:00,SAMSUN,55,29.5465,22.2965,0.1,13.044722,51.0,74.252556,1005.16187,23.78,Drizzle: Light
2022-08-10 21:00:00+00:00,SAMSUN,55,29.7965,22.096498,1.0000001,15.815435,51.0,71.097565,1006.2893,20.62,Drizzle: Light
2022-08-11 21:00:00+00:00,SAMSUN,55,29.4965,21.2965,2.6,19.0392,53.0,74.94129,1009.6738,22.05,Drizzle: Moderate
2022-08-12 21:00:00+00:00,SAMSUN,55,27.9965,22.2465,0.0,10.948973,2.0,77.208824,1007.1274,19.43,Partly cloudy
2022-08-13 21:00:00+00:00,SAMSUN,55,28.4965,21.8965,0.0,12.7279215,3.0,79.134605,1003.99365,23.17,Overcast
2022-08-14 21:00:00+00:00,SAMSUN,55,27.7465,21.696499,2.7,12.599998,55.0,84.175255,1003.3638,12.51,Drizzle: Dense
2022-08-15 21:00:00+00:00,SAMSUN,55,26.346498,23.096498,2.7,13.441071,53.0,84.05469,1008.9849,12.38,Drizzle: Moderate
2022-08-16 21:00:00+00:00,SAMSUN,55,27.8965,22.2965,0.1,13.746156,51.0,79.988235,1008.5341,18.4,Drizzle: Light
2022-08-17 21:00:00+00:00,SAMSUN,55,28.8965,21.596498,0.0,11.212135,2.0,72.94608,1007.80023,23.39,Partly cloudy
2022-08-18 21:00:00+00:00,SAMSUN,55,29.2465,21.2465,0.1,13.783817,51.0,69.449905,1007.1171,23.84,Drizzle: Light
2022-08-19 21:00:00+00:00,SAMSUN,55,27.6465,21.8965,2.4999995,14.021525,61.0,79.71196,1007.6618,21.15,Rain: Slight
2022-08-20 21:00:00+00:00,SAMSUN,55,28.346498,21.1465,0.0,12.10157,0.0,74.82403,1005.07886,22.59,Clear sky
2022-08-21 21:00:00+00:00,SAMSUN,55,29.6465,22.1465,0.0,12.4811535,1.0,77.93931,1004.01276,23.26,Mainly clear
2022-08-22 21:00:00+00:00,SAMSUN,55,29.946499,22.346498,0.0,11.304229,1.0,76.03416,1006.64453,23.29,Mainly clear
2022-08-23 21:00:00+00:00,SAMSUN,55,29.596498,22.7465,0.0,12.096214,1.0,71.41152,1006.059,22.49,Mainly clear
2022-08-24 21:00:00+00:00,SAMSUN,55,29.7465,23.196499,0.2,14.8257065,51.0,76.90689,1003.9665,16.95,Drizzle: Light
2022-08-25 21:00:00+00:00,SAMSUN,55,29.346498,23.5465,0.0,11.480557,2.0,75.249985,1004.8962,20.9,Partly cloudy
2022-08-26 21:00:00+00:00,SAMSUN,55,29.2465,23.196499,0.0,14.264361,3.0,74.71493,1007.64374,19.56,Overcast
2022-08-27 21:00:00+00:00,SAMSUN,55,28.196499,23.096498,7.9,13.797912,61.0,84.60189,1010.52783,10.59,Rain: Slight
2022-08-28 21:00:00+00:00,SAMSUN,55,28.7965,22.2965,0.0,11.480557,1.0,79.78303,1012.63324,20.85,Mainly clear
2022-08-29 21:00:00+00:00,SAMSUN,55,29.0465,22.4965,0.3,16.29174,51.0,82.359566,1011.3704,17.88,Drizzle: Light
2022-08-30 21:00:00+00:00,SAMSUN,55,28.7465,23.846498,0.4,14.336861,51.0,83.16617,1008.3796,18.03,Drizzle: Light
2022-08-31 21:00:00+00:00,SAMSUN,55,28.7965,23.2465,0.0,11.457958,3.0,81.340164,1007.2465,16.72,Overcast
2022-09-01 21:00:00+00:00,SAMSUN,55,29.446499,23.946499,0.0,11.090103,3.0,77.30984,1009.04224,17.62,Overcast
2022-09-02 21:00:00+00:00,SAMSUN,55,29.596498,22.7465,0.5,14.986553,51.0,79.78404,1008.76996,19.48,Drizzle: Light
2022-09-03 21:00:00+00:00,SAMSUN,55,27.0465,21.696499,0.8,24.20314,51.0,73.09876,1013.935,11.2,Drizzle: Light
2022-09-04 21:00:00+00:00,SAMSUN,55,24.596498,19.4965,7.9,17.015474,61.0,78.934,1015.21924,14.01,Rain: Slight
2022-09-05 21:00:00+00:00,SAMSUN,55,22.846498,16.4965,11.7,17.782688,63.0,67.18526,1016.7033,15.58,Rain: Moderate
2022-09-06 21:00:00+00:00,SAMSUN,55,21.5465,16.946499,1.1,15.7908325,51.0,67.07309,1017.66675,15.9,Drizzle: Light
2022-09-07 21:00:00+00:00,SAMSUN,55,21.7965,15.5465,1.5000002,13.479583,51.0,77.095856,1018.19354,17.49,Drizzle: Light
2022-09-08 21:00:00+00:00,SAMSUN,55,25.1465,16.1465,0.0,18.11841,0.0,66.8041,1017.7316,21.68,Clear sky
2022-09-09 21:00:00+00:00,SAMSUN,55,25.6465,15.6965,0.0,17.114204,0.0,67.02376,1014.1311,21.57,Clear sky
2022-09-10 21:00:00+00:00,SAMSUN,55,28.196499,17.446499,0.0,11.753876,0.0,62.112675,1008.1628,20.66,Clear sky
2022-09-11 21:00:00+00:00,SAMSUN,55,26.596498,18.4965,0.5,20.87379,51.0,65.06872,1004.7082,19.4,Drizzle: Light
2022-09-12 21:00:00+00:00,SAMSUN,55,23.346498,18.196499,6.7999997,19.966211,61.0,74.33379,1007.29315,13.75,Rain: Slight
2022-09-13 21:00:00+00:00,SAMSUN,55,23.4965,16.6465,0.8,15.256526,51.0,71.08872,1013.32745,18.09,Drizzle: Light
2022-09-14 21:00:00+00:00,SAMSUN,55,27.2965,16.7965,0.0,18.11841,2.0,62.55537,1011.9312,20.29,Partly cloudy
2022-09-15 21:00:00+00:00,SAMSUN,55,37.0465,20.4965,0.0,25.96496,3.0,38.514828,1007.73395,19.91,Overcast
2022-09-16 21:00:00+00:00,SAMSUN,55,29.7965,21.5465,0.0,13.783817,3.0,58.591175,1005.1817,19.43,Overcast
2022-09-17 21:00:00+00:00,SAMSUN,55,39.8465,22.7465,0.0,23.928492,2.0,49.22523,1002.38776,20.03,Partly cloudy
2022-09-18 21:00:00+00:00,SAMSUN,55,22.5465,19.4965,0.1,16.548256,51.0,73.07705,1011.66547,6.58,Drizzle: Light
2022-09-19 21:00:00+00:00,SAMSUN,55,24.346498,17.7465,3.0,19.228851,53.0,74.832115,1009.6662,15.37,Drizzle: Moderate
2022-09-20 21:00:00+00:00,SAMSUN,55,18.7965,16.8965,16.800001,22.104116,63.0,85.35323,1011.31366,4.46,Rain: Moderate
2022-09-21 21:00:00+00:00,SAMSUN,55,20.5465,16.0465,4.8999996,14.658676,55.0,81.58962,1007.98236,11.8,Drizzle: Dense
2022-09-22 21:00:00+00:00,SAMSUN,55,21.1465,15.2965,1.4000001,15.84409,53.0,68.96694,1011.99854,14.79,Drizzle: Moderate
2022-09-23 21:00:00+00:00,SAMSUN,55,19.2965,13.9465,1.8000002,20.65848,51.0,74.61797,1016.58905,8.4,Drizzle: Light
2022-09-24 21:00:00+00:00,SAMSUN,55,20.7965,13.6965,0.0,20.617662,3.0,76.07226,1019.9107,15.87,Overcast
2022-09-25 21:00:00+00:00,SAMSUN,55,26.7965,14.0465,0.0,19.107151,2.0,59.269573,1014.116,18.82,Partly cloudy
2022-09-26 21:00:00+00:00,SAMSUN,55,32.6465,15.9965,0.0,25.711662,3.0,38.81904,1006.23065,18.63,Overcast
2022-09-27 21:00:00+00:00,SAMSUN,55,26.2465,17.7465,0.3,12.261158,51.0,44.618164,1006.0769,16.21,Drizzle: Light
2022-09-28 21:00:00+00:00,SAMSUN,55,27.0465,17.7465,0.0,15.7908325,1.0,64.494446,1010.0004,16.1,Mainly clear
2022-09-29 21:00:00+00:00,SAMSUN,55,29.2465,18.7965,0.0,17.339897,1.0,68.43177,1014.36694,17.16,Mainly clear
2022-09-30 21:00:00+00:00,SAMSUN,55,27.0465,18.7465,0.0,11.720751,0.0,64.777145,1017.7881,17.18,Clear sky
2022-10-01 21:00:00+00:00,SAMSUN,55,32.9465,19.1465,23.7,24.774696,65.0,61.487843,1007.4436,14.8,Rain: Heavy
2022-10-02 21:00:00+00:00,SAMSUN,55,21.1465,16.8965,6.9,28.017622,63.0,71.39622,1010.8906,13.7,Rain: Moderate
2022-10-03 21:00:00+00:00,SAMSUN,55,20.7965,15.0465,2.8999999,18.94024,53.0,79.61362,1012.752,10.67,Drizzle: Moderate
2022-10-04 21:00:00+00:00,SAMSUN,55,19.8965,15.9465,9.600001,17.555307,63.0,81.195404,1021.1567,8.23,Rain: Moderate
2022-10-05 21:00:00+00:00,SAMSUN,55,19.196499,15.646501,9.900001,17.373497,61.0,76.75704,1023.31573,6.05,Rain: Slight
2022-10-06 21:00:00+00:00,SAMSUN,55,19.7465,15.0965,2.3999999,13.556282,53.0,74.276825,1018.9158,7.82,Drizzle: Moderate
2022-10-07 21:00:00+00:00,SAMSUN,55,19.2965,16.2965,12.000002,9.605998,63.0,90.186676,1012.125,6.73,Rain: Moderate
2022-10-08 21:00:00+00:00,SAMSUN,55,21.846498,16.2965,7.4999995,13.896187,61.0,83.45065,1012.07086,10.4,Rain: Slight
2022-10-09 21:00:00+00:00,SAMSUN,55,21.846498,15.396501,11.500001,19.134262,65.0,72.36299,1019.1765,10.81,Rain: Heavy
2022-10-10 21:00:00+00:00,SAMSUN,55,18.946499,15.4965,0.1,11.480557,51.0,76.44456,1021.70264,6.3,Drizzle: Light
2022-10-11 21:00:00+00:00,SAMSUN,55,18.946499,13.1965,1.9000002,17.114204,51.0,81.99795,1019.4661,10.15,Drizzle: Light
2022-10-12 21:00:00+00:00,SAMSUN,55,18.8965,13.5465,1.8000002,13.18308,51.0,79.02526,1018.93744,9.69,Drizzle: Light
2022-10-13 21:00:00+00:00,SAMSUN,55,18.696499,12.1965,0.90000004,9.449572,53.0,75.934555,1016.14386,10.47,Drizzle: Moderate
2022-10-14 21:00:00+00:00,SAMSUN,55,18.696499,13.2465,0.90000004,9.085988,51.0,81.55549,1014.13184,7.78,Drizzle: Light
2022-10-15 21:00:00+00:00,SAMSUN,55,18.6465,15.646501,7.9,13.684735,61.0,88.38519,1017.44293,4.56,Rain: Slight
2022-10-16 21:00:00+00:00,SAMSUN,55,18.196499,15.9465,8.000001,17.873554,61.0,91.59736,1023.5578,4.19,Rain: Slight
2022-10-17 21:00:00+00:00,SAMSUN,55,18.696499,15.896501,4.9,13.708391,53.0,90.29651,1024.6979,6.41,Drizzle: Moderate
2022-10-18 21:00:00+00:00,SAMSUN,55,19.446499,16.2465,2.1,11.592895,53.0,91.0348,1014.3718,6.39,Drizzle: Moderate
2022-10-19 21:00:00+00:00,SAMSUN,55,17.696499,13.2965,7.2999988,20.304129,63.0,82.81959,1014.816,3.97,Rain: Moderate
2022-10-20 21:00:00+00:00,SAMSUN,55,14.7465,10.5465,1.3000001,18.455048,51.0,70.44222,1023.52686,10.56,Drizzle: Light
2022-10-21 21:00:00+00:00,SAMSUN,55,16.9965,9.6965,0.3,16.299694,51.0,79.29505,1024.9395,11.88,Drizzle: Light
2022-10-22 21:00:00+00:00,SAMSUN,55,21.8965,10.896501,0.0,24.184391,3.0,51.03551,1018.5931,12.07,Overcast
2022-10-23 21:00:00+00:00,SAMSUN,55,18.9965,11.2465,0.1,14.578888,51.0,71.320854,1021.0847,11.68,Drizzle: Light
2022-10-24 21:00:00+00:00,SAMSUN,55,19.7465,11.396501,0.0,16.766108,3.0,77.696686,1019.65594,13.03,Overcast
2022-10-25 21:00:00+00:00,SAMSUN,55,22.9965,12.396501,0.0,23.47741,3.0,69.70571,1016.33673,12.69,Overcast
2022-10-26 21:00:00+00:00,SAMSUN,55,18.846498,13.5465,0.5,15.315873,51.0,79.1439,1023.64844,11.15,Drizzle: Light
2022-10-27 21:00:00+00:00,SAMSUN,55,17.196499,11.7465,1.5000001,18.1041,53.0,78.52129,1025.694,9.78,Drizzle: Moderate
2022-10-28 21:00:00+00:00,SAMSUN,55,16.0465,10.7965,0.4,11.298495,51.0,82.61377,1024.3553,9.98,Drizzle: Light
2022-10-29 21:00:00+00:00,SAMSUN,55,18.096498,9.2965,0.0,17.31746,2.0,78.42454,1019.10956,12.58,Partly cloudy
2022-10-30 21:00:00+00:00,SAMSUN,55,17.196499,9.896501,0.3,17.84816,51.0,76.33481,1016.17255,8.97,Drizzle: Light
2022-10-31 21:00:00+00:00,SAMSUN,55,15.0465,12.0965,1.9000001,14.917212,51.0,83.43468,1020.73114,8.16,Drizzle: Light
2022-11-01 21:00:00+00:00,SAMSUN,55,16.9965,8.8465,0.0,15.03835,3.0,81.487076,1018.9097,11.67,Overcast
2022-11-02 21:00:00+00:00,SAMSUN,55,19.196499,12.396501,0.70000005,20.393293,51.0,68.227684,1016.3242,10.74,Drizzle: Light
2022-11-03 21:00:00+00:00,SAMSUN,55,17.1465,10.4965,3.5999997,9.659814,55.0,82.30802,1017.3872,4.9,Drizzle: Dense
2022-11-04 21:00:00+00:00,SAMSUN,55,20.4965,10.146501,0.0,14.186923,3.0,74.38079,1015.4895,11.38,Overcast
2022-11-05 21:00:00+00:00,SAMSUN,55,15.9465,10.0465,0.1,10.383987,51.0,81.668724,1017.8135,8.55,Drizzle: Light
2022-11-06 21:00:00+00:00,SAMSUN,55,15.896501,12.7965,1.1,9.686609,53.0,89.22696,1014.6347,6.35,Drizzle: Moderate
2022-11-07 21:00:00+00:00,SAMSUN,55,14.7465,10.2965,3.0000002,13.75558,53.0,86.110535,1017.1158,3.41,Drizzle: Moderate
2022-11-08 21:00:00+00:00,SAMSUN,55,14.7965,8.6465,0.0,12.261158,3.0,73.16313,1020.8589,9.62,Overcast
2022-11-09 21:00:00+00:00,SAMSUN,55,14.8465,8.2965,0.0,12.261157,2.0,75.23974,1022.9844,9.58,Partly cloudy
2022-11-10 21:00:00+00:00,SAMSUN,55,15.3465,7.9965,0.1,12.496718,51.0,76.4334,1024.9196,10.71,Drizzle: Light
2022-11-11 21:00:00+00:00,SAMSUN,55,15.4465,9.396501,0.0,8.707237,3.0,84.621574,1027.5768,6.3,Overcast
2022-11-12 21:00:00+00:00,SAMSUN,55,15.9965,8.7965,0.0,13.246826,1.0,76.274605,1027.4315,10.55,Mainly clear
2022-11-13 21:00:00+00:00,SAMSUN,55,15.2465,8.3965,0.3,11.480557,51.0,77.106995,1023.40753,7.14,Drizzle: Light
2022-11-14 21:00:00+00:00,SAMSUN,55,14.9965,7.5465,0.0,13.049689,3.0,77.49198,1019.2762,10.36,Overcast
2022-11-15 21:00:00+00:00,SAMSUN,55,16.3965,7.7965,0.0,19.35314,3.0,67.384224,1009.5857,8.64,Overcast
2022-11-16 21:00:00+00:00,SAMSUN,55,19.9965,7.8465004,0.0,23.979893,3.0,46.78832,1006.95123,9.87,Overcast
2022-11-17 21:00:00+00:00,SAMSUN,55,22.196499,14.396501,0.8,27.534704,53.0,48.88635,1008.3142,8.19,Drizzle: Moderate
2022-11-18 21:00:00+00:00,SAMSUN,55,24.2465,13.4465,0.3,33.39473,51.0,50.06718,1013.5625,8.9,Drizzle: Light
2022-11-19 21:00:00+00:00,SAMSUN,55,24.696499,13.4465,0.0,33.60171,3.0,50.278473,1017.13495,9.42,Overcast
2022-11-20 21:00:00+00:00,SAMSUN,55,22.0465,17.946499,0.0,28.510544,3.0,46.316982,1011.9948,3.73,Overcast
2022-11-21 21:00:00+00:00,SAMSUN,55,20.2965,11.9965,0.5,20.111729,51.0,61.50629,1010.20624,5.06,Drizzle: Light
2022-11-22 21:00:00+00:00,SAMSUN,55,21.346498,10.2965,0.0,17.057314,3.0,66.36942,1011.9793,8.99,Overcast
2022-11-23 21:00:00+00:00,SAMSUN,55,20.596498,14.0465,0.0,26.36616,3.0,54.736134,1006.2876,6.71,Overcast
2022-11-24 21:00:00+00:00,SAMSUN,55,17.2465,12.396501,8.6,17.906157,61.0,69.09378,1005.5222,6.89,Rain: Slight
2022-11-25 21:00:00+00:00,SAMSUN,55,14.9465,8.3965,5.2999997,15.277749,61.0,79.75563,1014.83795,4.48,Rain: Slight
2022-11-26 21:00:00+00:00,SAMSUN,55,12.7965,6.3465004,0.0,9.686609,3.0,74.41668,1022.68774,7.56,Overcast
2022-11-27 21:00:00+00:00,SAMSUN,55,13.4465,6.7465,0.0,14.039999,3.0,81.54033,1019.4148,7.5,Overcast
2022-11-28 21:00:00+00:00,SAMSUN,55,14.2465,7.5965004,0.0,10.464797,3.0,80.16967,1015.57544,8.15,Overcast
2022-11-29 21:00:00+00:00,SAMSUN,55,14.2965,7.4965,0.0,9.422101,3.0,80.892494,1015.97003,8.69,Overcast
2022-11-30 21:00:00+00:00,SAMSUN,55,17.5465,7.6464996,0.0,16.055355,3.0,75.46801,1016.15234,7.56,Overcast
2022-12-01 21:00:00+00:00,SAMSUN,55,15.4965,9.8465,1.7,20.969807,53.0,76.862816,1017.0618,7.28,Drizzle: Moderate
2022-12-02 21:00:00+00:00,SAMSUN,55,14.7965,9.1965,4.0000005,14.658676,55.0,81.105675,1021.6082,4.89,Drizzle: Dense
2022-12-03 21:00:00+00:00,SAMSUN,55,13.6965,8.6465,0.2,10.805999,51.0,83.49787,1024.942,6.11,Drizzle: Light
2022-12-04 21:00:00+00:00,SAMSUN,55,13.5465,7.7965,2.1999998,15.629971,53.0,82.09778,1022.8777,2.8,Drizzle: Moderate
2022-12-05 21:00:00+00:00,SAMSUN,55,12.9965,7.0465,0.0,10.799999,3.0,82.53562,1020.21136,7.26,Overcast
2022-12-06 21:00:00+00:00,SAMSUN,55,15.5465,6.8465004,0.0,19.61587,3.0,64.45807,1016.6425,8.51,Overcast
2022-12-07 21:00:00+00:00,SAMSUN,55,16.446499,7.9465,0.0,19.881649,3.0,60.816006,1017.7247,8.17,Overcast
2022-12-08 21:00:00+00:00,SAMSUN,55,17.196499,9.4965,0.0,28.357855,3.0,58.11978,1018.04395,6.3,Overcast
2022-12-09 21:00:00+00:00,SAMSUN,55,19.096498,11.5965,0.0,24.951921,3.0,49.625233,1015.35516,7.27,Overcast
2022-12-10 21:00:00+00:00,SAMSUN,55,18.596498,15.0465,0.1,41.079456,51.0,43.104504,1008.80566,3.78,Drizzle: Light
2022-12-11 21:00:00+00:00,SAMSUN,55,18.846498,12.2465,0.90000004,39.496777,53.0,59.106434,1006.7466,3.03,Drizzle: Moderate
2022-12-12 21:00:00+00:00,SAMSUN,55,19.7465,10.6965,0.5,29.68636,51.0,60.963776,1007.6294,7.28,Drizzle: Light
2022-12-13 21:00:00+00:00,SAMSUN,55,10.4465,7.7965,13.399999,13.1041975,55.0,84.38354,1016.29926,1.79,Drizzle: Dense
2022-12-14 21:00:00+00:00,SAMSUN,55,17.4965,6.0465,1.7,19.95972,53.0,73.0894,1013.7535,5.85,Drizzle: Moderate
2022-12-15 21:00:00+00:00,SAMSUN,55,15.146501,10.3465,3.5,21.261345,61.0,85.0128,1019.2985,7.84,Rain: Slight
2022-12-16 21:00:00+00:00,SAMSUN,55,20.7465,12.5965,0.0,27.103003,3.0,63.601917,1019.3398,8.06,Overcast
2022-12-17 21:00:00+00:00,SAMSUN,55,20.2965,13.3465,0.0,31.361351,3.0,66.73325,1022.3676,7.75,Overcast
2022-12-18 21:00:00+00:00,SAMSUN,55,13.1965,4.9465,19.2,20.275385,61.0,89.40797,1028.9357,0.71,Rain: Slight
2022-12-19 21:00:00+00:00,SAMSUN,55,8.4965,4.9465,2.5999997,17.566378,53.0,71.56187,1028.9482,5.31,Drizzle: Moderate
2022-12-20 21:00:00+00:00,SAMSUN,55,9.6965,4.4465,0.3,7.342588,51.0,75.83753,1023.686,7.87,Drizzle: Light
2022-12-21 21:00:00+00:00,SAMSUN,55,13.1965,4.3465,0.0,19.134262,1.0,65.10863,1019.0701,8.1,Mainly clear
2022-12-22 21:00:00+00:00,SAMSUN,55,13.2965,6.6464996,0.0,20.88,0.0,57.022354,1015.31,8.3,Clear sky
2022-12-23 21:00:00+00:00,SAMSUN,55,12.4965,5.5465,0.0,27.288855,0.0,55.518097,1014.6406,8.08,Clear sky
2022-12-24 21:00:00+00:00,SAMSUN,55,13.6965,6.1464996,0.90000004,25.582806,53.0,58.479645,1016.23047,7.77,Drizzle: Moderate
2022-12-25 21:00:00+00:00,SAMSUN,55,13.0965,7.8465004,3.1000001,18.075441,53.0,72.39275,1021.35846,6.44,Drizzle: Moderate
2022-12-26 21:00:00+00:00,SAMSUN,55,13.9965,5.5465,0.0,26.518099,3.0,60.481323,1023.1136,7.53,Overcast
2022-12-27 21:00:00+00:00,SAMSUN,55,12.896501,8.1965,2.1,30.037897,61.0,63.052586,1023.50104,3.96,Rain: Slight
2022-12-28 21:00:00+00:00,SAMSUN,55,11.2965,4.7965,0.0,16.80857,3.0,78.44127,1027.8052,8.17,Overcast
2022-12-29 21:00:00+00:00,SAMSUN,55,15.9965,7.6965,0.0,28.28464,0.0,54.784924,1026.0537,8.24,Clear sky
2022-12-30 21:00:00+00:00,SAMSUN,55,14.8465,5.6464996,0.0,28.019936,3.0,59.68416,1027.9545,8.27,Overcast
2022-12-31 21:00:00+00:00,SAMSUN,55,14.4465,5.9965,0.0,23.933908,1.0,66.230446,1030.8297,8.33,Mainly clear
2023-01-01 21:00:00+00:00,SAMSUN,55,14.7465,5.6965,0.0,25.212852,1.0,56.65898,1029.933,8.47,Mainly clear
2023-01-02 21:00:00+00:00,SAMSUN,55,13.9965,6.8964996,0.0,25.501621,0.0,43.097687,1025.0188,8.64,Clear sky
2023-01-03 21:00:00+00:00,SAMSUN,55,12.9965,6.8465004,0.6,23.269482,51.0,54.075092,1021.85547,8.55,Drizzle: Light
2023-01-04 21:00:00+00:00,SAMSUN,55,12.6965,5.7965,0.1,19.107151,51.0,73.52977,1019.78424,8.45,Drizzle: Light
2023-01-05 21:00:00+00:00,SAMSUN,55,11.2465,7.7965,1.7,31.869658,53.0,55.092087,1014.5974,2.13,Drizzle: Moderate
2023-01-06 21:00:00+00:00,SAMSUN,55,8.9965,6.2465,3.2000003,14.05845,53.0,73.03411,1022.41486,2.9,Drizzle: Moderate
2023-01-07 21:00:00+00:00,SAMSUN,55,6.9465,3.4965,2.6999998,10.195057,53.0,85.93918,1023.7126,2.46,Drizzle: Moderate
2023-01-08 21:00:00+00:00,SAMSUN,55,8.5965,1.5964999,0.0,15.124284,3.0,75.02912,1024.1631,8.88,Overcast
2023-01-09 21:00:00+00:00,SAMSUN,55,13.4965,3.3964999,0.0,27.0024,2.0,46.02548,1019.21185,9.04,Partly cloudy
2023-01-10 21:00:00+00:00,SAMSUN,55,16.2465,6.0465,0.0,18.089775,3.0,45.81412,1017.513,8.73,Overcast
2023-01-11 21:00:00+00:00,SAMSUN,55,15.7465,8.7465,0.0,24.27265,3.0,43.631428,1015.6518,7.61,Overcast
2023-01-12 21:00:00+00:00,SAMSUN,55,14.0965,7.2465,0.0,24.693481,3.0,44.701965,1015.6601,7.37,Overcast
2023-01-13 21:00:00+00:00,SAMSUN,55,12.8465,3.9465,0.0,18.089775,3.0,61.70079,1017.1968,9.19,Overcast
2023-01-14 21:00:00+00:00,SAMSUN,55,11.0965,3.0965,0.0,15.03835,2.0,73.41621,1019.1204,9.2,Partly cloudy
2023-01-15 21:00:00+00:00,SAMSUN,55,12.0465,2.7965,0.0,20.12461,2.0,75.87926,1016.0694,9.23,Partly cloudy
2023-01-16 21:00:00+00:00,SAMSUN,55,17.1465,8.0465,0.0,29.275326,3.0,52.023983,1014.132,9.05,Overcast
2023-01-17 21:00:00+00:00,SAMSUN,55,17.696499,11.5465,0.0,35.64182,3.0,46.714474,1015.03735,8.52,Overcast
2023-01-18 21:00:00+00:00,SAMSUN,55,19.5465,11.7465,0.0,30.652895,3.0,49.402634,1017.82806,9.54,Overcast
2023-01-19 21:00:00+00:00,SAMSUN,55,19.2965,11.2965,0.0,22.26768,3.0,49.58539,1012.89496,9.23,Overcast
2023-01-20 21:00:00+00:00,SAMSUN,55,15.6965,6.8964996,0.0,26.596178,2.0,53.2777,1018.0178,9.68,Partly cloudy
2023-01-21 21:00:00+00:00,SAMSUN,55,14.9465,5.4965,0.0,20.111729,0.0,69.74431,1020.89703,9.99,Clear sky
2023-01-22 21:00:00+00:00,SAMSUN,55,9.646501,4.0465,0.0,8.714677,3.0,79.803764,1024.2529,8.62,Overcast
2023-01-23 21:00:00+00:00,SAMSUN,55,9.5465,6.1464996,0.0,9.178235,3.0,80.6282,1026.5538,7.33,Overcast
2023-01-24 21:00:00+00:00,SAMSUN,55,10.0965,5.3465004,1.1,7.7043357,53.0,83.68444,1024.7633,5.25,Drizzle: Moderate
2023-01-25 21:00:00+00:00,SAMSUN,55,9.5965,4.3465,0.7,11.983188,51.0,85.597404,1022.0344,7.89,Drizzle: Light
2023-01-26 21:00:00+00:00,SAMSUN,55,17.596498,4.3964996,1.1,24.569836,53.0,51.162704,1012.41046,9.4,Drizzle: Moderate
2023-01-27 21:00:00+00:00,SAMSUN,55,16.3465,6.3964996,0.0,27.438046,3.0,61.609085,1007.92896,9.46,Overcast
2023-01-28 21:00:00+00:00,SAMSUN,55,8.7465,6.2965,12.200001,22.90743,61.0,84.58754,1012.63135,3.06,Rain: Slight
2023-01-29 21:00:00+00:00,SAMSUN,55,8.1465,4.2965,4.299999,10.105681,55.0,83.65051,1013.58203,6.84,Drizzle: Dense
2023-01-30 21:00:00+00:00,SAMSUN,55,7.5965004,4.9465,7.2,21.273533,55.0,87.360115,1008.1919,4.28,Drizzle: Dense
2023-01-31 21:00:00+00:00,SAMSUN,55,5.7465,4.1464996,10.200001,16.704155,61.0,87.319725,1010.82983,1.81,Rain: Slight
2023-02-01 21:00:00+00:00,SAMSUN,55,9.7965,2.1465,0.2,27.80403,51.0,62.2784,1015.1202,10.61,Drizzle: Light
2023-02-02 21:00:00+00:00,SAMSUN,55,9.396501,3.8465,0.1,30.04221,51.0,62.834167,1016.7836,5.7,Drizzle: Light
2023-02-03 21:00:00+00:00,SAMSUN,55,7.6464996,2.8465,4.4999995,10.383987,53.0,85.75344,1013.6445,8.1,Drizzle: Moderate
2023-02-04 21:00:00+00:00,SAMSUN,55,9.9965,1.5964999,0.0,19.174856,3.0,64.29107,1009.4565,11.4,Overcast
2023-02-05 21:00:00+00:00,SAMSUN,55,6.0965004,3.3964999,26.099998,27.852928,61.0,89.34213,1007.2566,1.35,Rain: Slight
2023-02-06 21:00:00+00:00,SAMSUN,55,3.4965,1.6965,12.499998,30.58517,73.0,82.41894,1015.0223,3.53,Snow fall: Moderate
2023-02-07 21:00:00+00:00,SAMSUN,55,4.3964996,1.2965,7.0,23.210928,73.0,75.527275,1022.55225,4.33,Snow fall: Moderate
2023-02-08 21:00:00+00:00,SAMSUN,55,6.4965,0.69649994,0.0,14.20062,3.0,72.79199,1028.967,9.01,Overcast
2023-02-09 21:00:00+00:00,SAMSUN,55,6.7465,-1.0534999,0.3,17.782686,51.0,73.301476,1031.8191,6.96,Drizzle: Light
2023-02-10 21:00:00+00:00,SAMSUN,55,5.0965004,0.94649994,4.5999994,8.12197,73.0,87.22073,1030.5499,5.01,Snow fall: Moderate
2023-02-11 21:00:00+00:00,SAMSUN,55,8.1965,0.29649997,0.0,11.200571,3.0,70.81432,1024.9066,10.71,Overcast
2023-02-12 21:00:00+00:00,SAMSUN,55,5.0965004,0.29649997,5.6999993,23.740902,73.0,73.45656,1029.651,7.93,Snow fall: Moderate
2023-02-13 21:00:00+00:00,SAMSUN,55,8.8465,0.14649999,0.3,19.513195,51.0,59.283234,1024.0173,12.61,Drizzle: Light
2023-02-14 21:00:00+00:00,SAMSUN,55,6.2465,2.2965,6.3999996,23.928492,75.0,65.45081,1019.2427,10.24,Snow fall: Heavy
2023-02-15 21:00:00+00:00,SAMSUN,55,6.1464996,2.0965,4.0,23.78453,73.0,72.220375,1025.7896,8.82,Snow fall: Moderate
2023-02-16 21:00:00+00:00,SAMSUN,55,11.9965,1.8464999,0.0,28.510544,3.0,52.768154,1024.9373,13.59,Overcast
2023-02-17 21:00:00+00:00,SAMSUN,55,14.7965,7.6965,1.5000001,28.28464,51.0,46.56218,1019.82745,11.28,Drizzle: Light
2023-02-18 21:00:00+00:00,SAMSUN,55,16.6465,7.4465,2.4,30.0767,53.0,60.50059,1014.8887,7.5,Drizzle: Moderate
2023-02-19 21:00:00+00:00,SAMSUN,55,13.2965,3.5965,4.9,24.408424,61.0,65.61136,1014.30566,1.97,Rain: Slight
2023-02-20 21:00:00+00:00,SAMSUN,55,16.0465,1.4965,0.0,28.001427,3.0,68.41598,1014.12256,13.83,Overcast
2023-02-21 21:00:00+00:00,SAMSUN,55,13.5465,6.1965,0.0,27.748037,3.0,67.0592,1013.3027,9.39,Overcast
2023-02-22 21:00:00+00:00,SAMSUN,55,9.7465,4.5965,4.5,15.941944,53.0,85.776825,1018.7673,3.54,Drizzle: Moderate
2023-02-23 21:00:00+00:00,SAMSUN,55,10.4465,4.2965,0.2,19.13426,51.0,81.326225,1019.4792,13.36,Drizzle: Light
2023-02-24 21:00:00+00:00,SAMSUN,55,19.7965,9.146501,0.0,36.161636,3.0,43.508144,1011.9781,14.65,Overcast
2023-02-25 21:00:00+00:00,SAMSUN,55,21.4965,12.896501,0.0,35.965782,3.0,43.13226,1014.2133,15.07,Overcast
2023-02-26 21:00:00+00:00,SAMSUN,55,21.8965,9.8465,0.0,31.319998,3.0,44.584732,1018.541,15.0,Overcast
2023-02-27 21:00:00+00:00,SAMSUN,55,18.5465,9.646501,0.1,24.485292,51.0,62.889236,1021.48016,10.87,Drizzle: Light
2023-02-28 21:00:00+00:00,SAMSUN,55,12.3465,8.2965,1.5,12.538134,51.0,92.689995,1020.2075,7.32,Drizzle: Light
2023-03-01 21:00:00+00:00,SAMSUN,55,9.146501,7.0965004,4.899999,13.32,63.0,95.56205,1018.5944,3.51,Rain: Moderate
2023-03-02 21:00:00+00:00,SAMSUN,55,8.4965,6.7965,0.90000004,8.905908,51.0,93.58897,1014.40063,5.77,Drizzle: Light
2023-03-03 21:00:00+00:00,SAMSUN,55,11.0965,5.7465,0.0,8.647496,3.0,88.547615,1015.42914,6.17,Overcast
2023-03-04 21:00:00+00:00,SAMSUN,55,15.7965,5.6965,9.299999,10.739832,63.0,90.90314,1009.2256,10.27,Rain: Moderate
2023-03-05 21:00:00+00:00,SAMSUN,55,10.7965,6.8465004,9.7,22.065973,61.0,88.576866,1007.61285,5.04,Rain: Slight
2023-03-06 21:00:00+00:00,SAMSUN,55,15.9465,4.9965,0.4,12.979984,51.0,81.39116,1013.2297,14.44,Drizzle: Light
2023-03-07 21:00:00+00:00,SAMSUN,55,17.8965,7.0965004,2.0,19.914215,55.0,74.78614,1011.16797,15.93,Drizzle: Dense
2023-03-08 21:00:00+00:00,SAMSUN,55,17.3965,7.7965,0.4,14.512064,51.0,77.281586,1010.3675,15.3,Drizzle: Light
2023-03-09 21:00:00+00:00,SAMSUN,55,16.696499,7.6965,2.6,11.269782,63.0,79.59038,1009.63086,11.76,Rain: Moderate
2023-03-10 21:00:00+00:00,SAMSUN,55,23.9965,9.5965,0.7,33.353954,53.0,53.437992,1002.88275,11.96,Drizzle: Moderate
2023-03-11 21:00:00+00:00,SAMSUN,55,18.5465,9.0465,17.199999,18.668005,63.0,75.6235,1004.3,4.79,Rain: Moderate
2023-03-12 21:00:00+00:00,SAMSUN,55,8.5965,4.1965,26.9,20.172853,61.0,88.81922,1016.72504,2.02,Rain: Slight
2023-03-13 21:00:00+00:00,SAMSUN,55,9.146501,4.1464996,5.1000004,10.365251,71.0,84.77837,1015.278,10.2,Snow fall: Slight
2023-03-14 21:00:00+00:00,SAMSUN,55,11.4965,4.2465,9.6,9.227524,63.0,91.44405,1007.7402,8.13,Rain: Moderate
2023-03-15 21:00:00+00:00,SAMSUN,55,18.2965,8.5965,0.2,17.566378,51.0,82.041084,1005.18164,15.93,Drizzle: Light
2023-03-16 21:00:00+00:00,SAMSUN,55,10.2465,7.0465,0.3,8.714677,51.0,95.36475,1012.31854,7.64,Drizzle: Light
2023-03-17 21:00:00+00:00,SAMSUN,55,10.2965,8.0965,0.70000005,9.449572,53.0,89.29197,1013.3996,7.8,Drizzle: Moderate
2023-03-18 21:00:00+00:00,SAMSUN,55,9.896501,7.8465004,18.499998,23.277834,61.0,95.633644,1012.9819,2.98,Rain: Slight
2023-03-19 21:00:00+00:00,SAMSUN,55,10.5465,7.3465004,6.9,27.267473,55.0,86.250854,1015.9017,5.15,Drizzle: Dense
2023-03-20 21:00:00+00:00,SAMSUN,55,10.5965,6.4465,1.0,10.703569,53.0,88.39037,1015.55273,11.67,Drizzle: Moderate
2023-03-21 21:00:00+00:00,SAMSUN,55,12.146501,5.5965004,0.0,11.090103,3.0,90.940636,1012.4658,16.75,Overcast
2023-03-22 21:00:00+00:00,SAMSUN,55,10.5465,7.1965,2.6999996,15.0038395,55.0,91.12604,1013.1777,9.77,Drizzle: Dense
2023-03-23 21:00:00+00:00,SAMSUN,55,11.9965,6.9465,0.6,9.511088,51.0,86.70346,1016.61615,12.03,Drizzle: Light
2023-03-24 21:00:00+00:00,SAMSUN,55,13.0965,6.3964996,0.0,17.595861,3.0,89.222694,1012.7194,17.49,Overcast
2023-03-25 21:00:00+00:00,SAMSUN,55,18.446499,7.0965004,0.1,13.324863,51.0,80.956665,1006.7076,19.91,Drizzle: Light
2023-03-26 21:00:00+00:00,SAMSUN,55,14.6965,8.5465,4.1,16.394829,61.0,88.9805,1009.28094,19.35,Rain: Slight
2023-03-27 21:00:00+00:00,SAMSUN,55,22.196499,8.5465,9.0,19.559633,63.0,73.0851,1001.9533,15.39,Rain: Moderate
2023-03-28 21:00:00+00:00,SAMSUN,55,9.9965,4.5465,23.300001,26.31942,63.0,85.33309,1011.11615,3.62,Rain: Moderate
2023-03-29 21:00:00+00:00,SAMSUN,55,7.2965,1.4965,5.0,14.707222,75.0,73.66584,1019.54517,15.38,Snow fall: Heavy
2023-03-30 21:00:00+00:00,SAMSUN,55,8.8465,0.8465,0.0,14.512064,3.0,65.217735,1018.01276,17.53,Overcast
2023-03-31 21:00:00+00:00,SAMSUN,55,18.7965,5.3964996,0.0,24.703974,3.0,56.259262,1010.9368,19.4,Overcast
2023-04-01 21:00:00+00:00,SAMSUN,55,18.196499,11.2965,1.2,15.990646,51.0,70.7776,1007.2473,16.3,Drizzle: Light
2023-04-02 21:00:00+00:00,SAMSUN,55,14.8465,10.4465,9.0,13.276144,63.0,90.70624,1011.2566,13.64,Rain: Moderate
2023-04-03 21:00:00+00:00,SAMSUN,55,21.7965,9.2465,0.2,26.478971,51.0,78.97321,1005.8649,16.74,Drizzle: Light
2023-04-04 21:00:00+00:00,SAMSUN,55,18.8965,10.0965,5.9,30.293522,61.0,79.121376,1005.4975,15.07,Rain: Slight
2023-04-05 21:00:00+00:00,SAMSUN,55,10.896501,8.5965,6.2000003,12.904882,55.0,89.58056,1012.4456,6.67,Drizzle: Dense
2023-04-06 21:00:00+00:00,SAMSUN,55,10.9965,8.3965,10.5,13.441071,61.0,94.13964,1011.5725,8.2,Rain: Slight
2023-04-07 21:00:00+00:00,SAMSUN,55,12.5965,6.8964996,1.9000002,12.397806,51.0,86.36414,1019.22894,14.74,Drizzle: Light
2023-04-08 21:00:00+00:00,SAMSUN,55,12.6965,5.6965,0.0,10.296251,3.0,89.548225,1018.27203,18.53,Overcast
2023-04-09 21:00:00+00:00,SAMSUN,55,11.0465,7.4965,8.099999,8.557102,63.0,93.824455,1010.3851,9.94,Rain: Moderate
2023-04-10 21:00:00+00:00,SAMSUN,55,12.9465,7.5965004,5.7,8.654986,61.0,90.953766,1003.3198,10.36,Rain: Slight
2023-04-11 21:00:00+00:00,SAMSUN,55,11.5465,7.5465,1.2,13.70839,53.0,87.10612,1002.4177,13.59,Drizzle: Moderate
2023-04-12 21:00:00+00:00,SAMSUN,55,14.396501,9.7965,11.000001,18.581022,63.0,88.634766,1007.54877,15.92,Rain: Moderate
2023-04-13 21:00:00+00:00,SAMSUN,55,20.4965,9.9465,0.0,22.691423,3.0,69.556694,1012.2212,21.33,Overcast
2023-04-14 21:00:00+00:00,SAMSUN,55,23.846498,12.0465,0.0,24.993437,3.0,65.64412,1012.82025,21.86,Overcast
2023-04-15 21:00:00+00:00,SAMSUN,55,16.446499,11.2965,0.1,12.7279215,51.0,80.46177,1013.07965,19.34,Drizzle: Light
2023-04-16 21:00:00+00:00,SAMSUN,55,22.0465,13.0465,0.1,13.32,51.0,84.38206,1010.1591,20.16,Drizzle: Light
2023-04-17 21:00:00+00:00,SAMSUN,55,22.3965,15.146501,0.1,18.1041,51.0,80.54174,1009.3261,19.11,Drizzle: Light
2023-04-18 21:00:00+00:00,SAMSUN,55,21.196499,11.9465,16.2,24.344624,65.0,79.62801,1007.44025,20.55,Rain: Heavy
2023-04-19 21:00:00+00:00,SAMSUN,55,12.4965,10.7965,4.5,14.044615,61.0,92.310265,1007.8073,6.03,Rain: Slight
2023-04-20 21:00:00+00:00,SAMSUN,55,15.9465,8.8965,10.8,16.946787,63.0,85.65203,1008.5996,16.63,Rain: Moderate
2023-04-21 21:00:00+00:00,SAMSUN,55,13.2465,8.9965,0.5,11.792404,51.0,86.306984,1012.6751,13.68,Drizzle: Light
2023-04-22 21:00:00+00:00,SAMSUN,55,12.896501,7.1464996,2.1,16.923828,53.0,86.95103,1014.32294,11.26,Drizzle: Moderate
2023-04-23 21:00:00+00:00,SAMSUN,55,12.146501,7.7965,3.7,13.138765,53.0,87.36666,1013.9729,6.98,Drizzle: Moderate
2023-04-24 21:00:00+00:00,SAMSUN,55,17.446499,7.7465,0.0,13.202726,3.0,86.648926,1011.1065,23.01,Overcast
2023-04-25 21:00:00+00:00,SAMSUN,55,23.6465,10.8465,2.6,21.38897,61.0,70.97465,1006.22125,21.47,Rain: Slight
2023-04-26 21:00:00+00:00,SAMSUN,55,20.596498,12.6965,19.5,14.799459,65.0,88.314514,1004.45264,17.49,Rain: Heavy
2023-04-27 21:00:00+00:00,SAMSUN,55,13.6965,10.4965,13.0,19.576189,63.0,89.5267,1009.24786,8.22,Rain: Moderate
2023-04-28 21:00:00+00:00,SAMSUN,55,13.896501,9.7965,3.5999997,14.84318,61.0,85.360664,1010.936,7.75,Rain: Slight
2023-04-29 21:00:00+00:00,SAMSUN,55,13.8465,7.2465,0.8000001,14.904173,51.0,81.14037,1011.1197,17.03,Drizzle: Light
2023-04-30 21:00:00+00:00,SAMSUN,55,14.7965,9.1965,1.2,18.532133,51.0,77.44165,1016.12274,10.97,Drizzle: Light
2023-05-01 21:00:00+00:00,SAMSUN,55,14.4965,8.4465,0.2,15.542662,51.0,75.60729,1022.2033,16.97,Drizzle: Light
2023-05-02 21:00:00+00:00,SAMSUN,55,15.2965,7.4965,0.0,13.891522,0.0,78.97177,1024.2477,26.28,Clear sky
2023-05-03 21:00:00+00:00,SAMSUN,55,17.8965,8.2965,0.0,13.896187,3.0,83.61015,1019.5726,26.36,Overcast
2023-05-04 21:00:00+00:00,SAMSUN,55,15.5465,8.8465,0.0,6.696387,3.0,81.976585,1014.2649,25.47,Overcast
2023-05-05 21:00:00+00:00,SAMSUN,55,14.9965,10.2465,3.2,13.779114,53.0,74.0679,1010.87225,17.47,Drizzle: Moderate
2023-05-06 21:00:00+00:00,SAMSUN,55,18.196499,8.8465,0.6,23.023117,53.0,82.66184,1010.3203,18.39,Drizzle: Moderate
2023-05-07 21:00:00+00:00,SAMSUN,55,16.7465,12.4465,2.4,21.370783,53.0,85.40652,1015.2209,12.16,Drizzle: Moderate
2023-05-08 21:00:00+00:00,SAMSUN,55,14.8465,10.0965,2.3,10.799999,61.0,88.31027,1016.5403,16.71,Rain: Slight
2023-05-09 21:00:00+00:00,SAMSUN,55,12.7465,11.0465,10.299999,15.509274,55.0,92.618965,1017.62506,6.18,Drizzle: Dense
2023-05-10 21:00:00+00:00,SAMSUN,55,12.4465,10.646501,11.800001,13.246826,61.0,89.98102,1020.01996,6.34,Rain: Slight
2023-05-11 21:00:00+00:00,SAMSUN,55,13.2465,10.4465,3.8999996,10.829959,53.0,85.56864,1017.2795,8.04,Drizzle: Moderate
2023-05-12 21:00:00+00:00,SAMSUN,55,17.846498,9.4465,0.0,21.67487,3.0,76.64296,1016.8852,14.0,Overcast
2023-05-13 21:00:00+00:00,SAMSUN,55,18.6465,9.8465,0.2,19.995398,51.0,66.925224,1020.5208,25.34,Drizzle: Light
2023-05-14 21:00:00+00:00,SAMSUN,55,17.7465,8.8965,0.0,14.618837,3.0,72.12757,1018.3642,28.21,Overcast
2023-05-15 21:00:00+00:00,SAMSUN,55,18.5465,9.7465,0.0,13.854155,3.0,75.64615,1015.18134,27.93,Overcast
2023-05-16 21:00:00+00:00,SAMSUN,55,18.1465,11.4965,0.0,8.209263,3.0,70.871346,1009.80176,27.88,Overcast
2023-05-17 21:00:00+00:00,SAMSUN,55,18.0465,10.5465,0.0,10.514218,3.0,81.06286,1006.1059,25.46,Overcast
2023-05-18 21:00:00+00:00,SAMSUN,55,17.6465,13.0965,0.0,12.819235,3.0,87.84998,1009.33325,18.14,Overcast
2023-05-19 21:00:00+00:00,SAMSUN,55,17.2965,12.9465,2.8999996,13.18308,55.0,90.48174,1010.4109,13.51,Drizzle: Dense
2023-05-20 21:00:00+00:00,SAMSUN,55,18.5465,12.4465,0.0,14.05845,3.0,87.49948,1008.22565,22.14,Overcast
2023-05-21 21:00:00+00:00,SAMSUN,55,17.2965,12.396501,15.5,12.10157,65.0,93.64646,1008.00616,16.68,Rain: Heavy
2023-05-22 21:00:00+00:00,SAMSUN,55,18.1465,14.2465,15.1,11.119281,65.0,92.56265,1008.093,14.57,Rain: Heavy
2023-05-23 21:00:00+00:00,SAMSUN,55,18.446499,13.0965,1.0,11.923557,51.0,93.97224,1011.5986,17.46,Drizzle: Light
2023-05-24 21:00:00+00:00,SAMSUN,55,18.196499,14.5965,0.0,9.449572,3.0,90.89115,1012.9134,19.23,Overcast
2023-05-25 21:00:00+00:00,SAMSUN,55,19.6465,15.0465,32.0,15.517629,65.0,91.902855,1011.9228,18.8,Rain: Heavy
2023-05-26 21:00:00+00:00,SAMSUN,55,18.696499,13.6965,0.0,9.422101,3.0,92.23837,1010.9919,23.33,Overcast
2023-05-27 21:00:00+00:00,SAMSUN,55,18.946499,14.4965,9.5,13.698934,65.0,95.73719,1008.6477,15.07,Rain: Heavy
2023-05-28 21:00:00+00:00,SAMSUN,55,19.7465,16.196499,0.0,10.365251,3.0,91.722084,1006.86176,22.29,Overcast
2023-05-29 21:00:00+00:00,SAMSUN,55,21.7465,16.5965,1.2000002,11.885453,53.0,93.987175,1008.9521,20.63,Drizzle: Moderate
2023-05-30 21:00:00+00:00,SAMSUN,55,20.7965,16.0965,13.200002,11.304229,63.0,91.25042,1012.2403,17.49,Rain: Moderate
2023-05-31 21:00:00+00:00,SAMSUN,55,21.7965,14.9965,2.0,13.53236,55.0,83.842445,1013.1612,22.22,Drizzle: Dense
2023-06-01 21:00:00+00:00,SAMSUN,55,20.696499,15.7465,2.1999998,11.480557,61.0,83.780655,1012.25336,24.0,Rain: Slight
2023-06-02 21:00:00+00:00,SAMSUN,55,21.5465,16.0465,9.9,18.671474,63.0,91.54075,1008.5297,20.87,Rain: Moderate
2023-06-03 21:00:00+00:00,SAMSUN,55,22.7965,17.846498,9.000001,21.261345,63.0,86.878395,1011.3448,15.45,Rain: Moderate
2023-06-04 21:00:00+00:00,SAMSUN,55,21.2465,16.196499,20.7,20.696087,63.0,87.82473,1013.4065,12.14,Rain: Moderate
2023-06-05 21:00:00+00:00,SAMSUN,55,21.846498,16.196499,14.500001,20.774214,63.0,85.75067,1016.6433,21.66,Rain: Moderate
2023-06-06 21:00:00+00:00,SAMSUN,55,20.8965,14.396501,0.0,10.464797,2.0,80.51717,1015.8376,29.14,Partly cloudy
2023-06-07 21:00:00+00:00,SAMSUN,55,21.3965,14.146501,0.0,12.24,3.0,88.244194,1012.9892,27.32,Overcast
2023-06-08 21:00:00+00:00,SAMSUN,55,21.2965,15.896501,6.6,12.181624,61.0,95.3187,1008.66113,12.2,Rain: Slight
2023-06-09 21:00:00+00:00,SAMSUN,55,21.1465,17.846498,1.3000001,11.298495,51.0,91.786156,1006.6648,18.51,Drizzle: Light
2023-06-10 21:00:00+00:00,SAMSUN,55,21.4965,15.2465,1.6,9.693296,55.0,89.68204,1005.7121,24.34,Drizzle: Dense
2023-06-11 21:00:00+00:00,SAMSUN,55,21.196499,17.9965,3.8999999,9.957108,53.0,91.86031,1005.7099,16.78,Drizzle: Moderate
2023-06-12 21:00:00+00:00,SAMSUN,55,20.8965,18.346498,61.8,14.917212,65.0,94.17026,1006.32697,13.45,Rain: Heavy
2023-06-13 21:00:00+00:00,SAMSUN,55,21.1465,17.696499,9.500001,12.287555,63.0,89.857185,1008.9026,12.16,Rain: Moderate
2023-06-14 21:00:00+00:00,SAMSUN,55,23.1465,16.9965,1.6000001,16.09969,51.0,82.9958,1011.23737,22.42,Drizzle: Light
2023-06-15 21:00:00+00:00,SAMSUN,55,22.946499,16.3465,0.0,12.181624,1.0,83.631256,1008.52057,27.63,Mainly clear
2023-06-16 21:00:00+00:00,SAMSUN,55,22.9965,17.1465,7.6,13.513193,63.0,93.15688,1003.6616,19.7,Rain: Moderate
2023-06-17 21:00:00+00:00,SAMSUN,55,22.8965,18.596498,13.0,9.504272,63.0,89.310005,1005.1372,14.68,Rain: Moderate
2023-06-18 21:00:00+00:00,SAMSUN,55,23.2465,17.4965,3.5000002,8.714677,53.0,85.792885,1007.76337,20.89,Drizzle: Moderate
2023-06-19 21:00:00+00:00,SAMSUN,55,23.4965,18.446499,36.899998,19.083395,65.0,86.21685,1009.22437,16.7,Rain: Heavy
2023-06-20 21:00:00+00:00,SAMSUN,55,24.0465,19.446499,0.70000005,20.674156,51.0,77.25335,1012.76495,21.86,Drizzle: Light
2023-06-21 21:00:00+00:00,SAMSUN,55,24.596498,18.196499,1.0,23.166218,51.0,77.99694,1014.95245,24.67,Drizzle: Light
2023-06-22 21:00:00+00:00,SAMSUN,55,24.2465,17.2465,0.0,19.353138,3.0,73.497246,1015.88727,28.35,Overcast
2023-06-23 21:00:00+00:00,SAMSUN,55,23.846498,16.1465,0.0,13.493999,0.0,73.61829,1014.9406,29.43,Clear sky
2023-06-24 21:00:00+00:00,SAMSUN,55,24.196499,17.346498,0.0,13.217443,2.0,88.47458,1010.2014,28.89,Partly cloudy
2023-06-25 21:00:00+00:00,SAMSUN,55,23.946499,16.6465,0.0,9.085988,2.0,81.111305,1005.8581,29.34,Partly cloudy
2023-06-26 21:00:00+00:00,SAMSUN,55,24.9965,18.596498,2.1,18.089775,51.0,78.69393,1008.63696,23.59,Drizzle: Light
2023-06-27 21:00:00+00:00,SAMSUN,55,24.346498,20.3965,5.3999996,12.413477,61.0,84.78925,1009.64355,19.99,Rain: Slight
2023-06-28 21:00:00+00:00,SAMSUN,55,24.4965,20.0465,2.2,20.870687,55.0,78.91123,1009.3242,15.94,Drizzle: Dense
2023-06-29 21:00:00+00:00,SAMSUN,55,24.196499,18.596498,12.800001,15.617529,63.0,75.60699,1011.4907,22.62,Rain: Moderate
2023-06-30 21:00:00+00:00,SAMSUN,55,25.7965,16.0465,0.0,13.324863,0.0,65.86022,1010.8437,28.77,Clear sky
2023-07-01 21:00:00+00:00,SAMSUN,55,28.7465,15.9965,0.0,16.92383,0.0,65.860146,1007.96704,29.39,Clear sky
2023-07-02 21:00:00+00:00,SAMSUN,55,28.1465,19.4965,0.0,10.514218,3.0,74.704544,1008.6553,27.24,Overcast
2023-07-03 21:00:00+00:00,SAMSUN,55,27.196499,20.596498,0.0,8.4963045,3.0,70.76151,1011.46875,28.82,Overcast
2023-07-04 21:00:00+00:00,SAMSUN,55,29.096498,18.9965,0.0,9.449572,1.0,56.604984,1010.4594,29.02,Mainly clear
2023-07-05 21:00:00+00:00,SAMSUN,55,29.346498,21.2965,0.0,12.096214,0.0,59.47586,1006.8589,28.67,Clear sky
2023-07-06 21:00:00+00:00,SAMSUN,55,28.8965,21.096498,0.0,15.349684,3.0,68.3647,1006.8902,26.02,Overcast
2023-07-07 21:00:00+00:00,SAMSUN,55,30.196499,22.096498,6.5999994,13.684735,63.0,68.92649,1006.10815,22.23,Rain: Moderate
2023-07-08 21:00:00+00:00,SAMSUN,55,26.9965,20.7965,10.600001,15.124284,63.0,79.19523,1005.6636,17.25,Rain: Moderate
2023-07-09 21:00:00+00:00,SAMSUN,55,24.8965,20.346498,16.900002,29.01743,63.0,74.72976,1010.4694,19.63,Rain: Moderate
2023-07-10 21:00:00+00:00,SAMSUN,55,26.3965,17.196499,0.3,13.397612,51.0,67.59607,1014.4898,25.87,Drizzle: Light
2023-07-11 21:00:00+00:00,SAMSUN,55,29.196499,17.946499,0.4,19.134262,51.0,66.25702,1015.21875,26.92,Drizzle: Light
2023-07-12 21:00:00+00:00,SAMSUN,55,25.7965,19.4965,0.0,10.514218,1.0,78.14198,1016.3422,26.18,Mainly clear
2023-07-13 21:00:00+00:00,SAMSUN,55,28.4965,18.596498,0.0,12.287555,0.0,74.13421,1012.91327,28.48,Clear sky
2023-07-14 21:00:00+00:00,SAMSUN,55,27.846498,20.8965,1.1,19.813087,51.0,68.92338,1014.07245,25.65,Drizzle: Light
2023-07-15 21:00:00+00:00,SAMSUN,55,25.7465,20.4965,1.4000001,11.609651,53.0,78.876396,1015.4366,23.12,Drizzle: Moderate
2023-07-16 21:00:00+00:00,SAMSUN,55,26.346498,19.596498,0.3,14.57889,51.0,70.15848,1016.06573,27.28,Drizzle: Light
2023-07-17 21:00:00+00:00,SAMSUN,55,25.696499,17.446499,0.0,12.819235,1.0,69.14893,1013.60614,27.23,Mainly clear
2023-07-18 21:00:00+00:00,SAMSUN,55,26.7965,17.2465,0.0,11.792404,0.0,70.42899,1011.3623,28.43,Clear sky
2023-07-19 21:00:00+00:00,SAMSUN,55,26.9965,18.696499,0.0,14.386494,0.0,64.74075,1009.3577,28.15,Clear sky
2023-07-20 21:00:00+00:00,SAMSUN,55,27.946499,18.7965,0.0,11.720751,1.0,68.2024,1010.1016,27.39,Mainly clear
2023-07-21 21:00:00+00:00,SAMSUN,55,28.196499,19.3965,0.0,15.277749,2.0,66.222946,1013.3454,27.95,Partly cloudy
2023-07-22 21:00:00+00:00,SAMSUN,55,31.596498,20.1465,0.0,13.70839,0.0,56.22964,1011.618,27.85,Clear sky
2023-07-23 21:00:00+00:00,SAMSUN,55,26.3965,22.2465,5.0999994,19.211996,61.0,74.24333,1011.37964,17.22,Rain: Slight
2023-07-24 21:00:00+00:00,SAMSUN,55,27.3965,19.596498,1.0,13.281023,51.0,73.013145,1011.2388,22.0,Drizzle: Light
2023-07-25 21:00:00+00:00,SAMSUN,55,29.2965,18.6465,0.0,17.555307,3.0,67.30586,1007.5071,27.69,Overcast
2023-07-26 21:00:00+00:00,SAMSUN,55,40.2965,21.946499,0.0,21.841648,3.0,51.845005,1001.2412,27.81,Overcast
2023-07-27 21:00:00+00:00,SAMSUN,55,26.7465,21.8965,0.4,29.914679,51.0,63.978863,1010.13873,16.36,Drizzle: Light
2023-07-28 21:00:00+00:00,SAMSUN,55,25.4965,18.096498,0.0,16.981165,3.0,63.01444,1012.01276,25.21,Overcast
2023-07-29 21:00:00+00:00,SAMSUN,55,25.946499,19.846498,0.5,13.324863,51.0,67.399414,1010.6211,24.31,Drizzle: Light
2023-07-30 21:00:00+00:00,SAMSUN,55,27.696499,17.9965,0.0,13.004922,0.0,62.670116,1007.20605,27.04,Clear sky
2023-07-31 21:00:00+00:00,SAMSUN,55,27.7465,19.2465,0.0,12.218805,1.0,69.24267,1006.7317,26.32,Mainly clear
2023-08-01 21:00:00+00:00,SAMSUN,55,27.596498,20.3965,0.0,11.435313,3.0,74.190926,1007.5755,25.81,Overcast
2023-08-02 21:00:00+00:00,SAMSUN,55,28.2465,21.446499,0.0,10.948973,3.0,76.88471,1009.8212,24.24,Overcast
2023-08-03 21:00:00+00:00,SAMSUN,55,28.096498,19.8965,0.0,11.480557,0.0,70.05766,1011.6988,26.7,Clear sky
2023-08-04 21:00:00+00:00,SAMSUN,55,28.4965,20.6465,0.0,16.489416,0.0,70.55038,1008.45087,26.52,Clear sky
2023-08-05 21:00:00+00:00,SAMSUN,55,34.7965,21.7465,0.0,15.530151,0.0,69.2222,1001.5767,26.4,Clear sky
2023-08-06 21:00:00+00:00,SAMSUN,55,31.846498,24.196499,0.0,12.979984,0.0,64.98794,1006.2989,25.86,Clear sky
2023-08-07 21:00:00+00:00,SAMSUN,55,28.4965,22.2965,0.0,11.212135,3.0,72.336494,1008.0201,19.32,Overcast
2023-08-08 21:00:00+00:00,SAMSUN,55,27.1465,23.696499,8.2,18.416384,63.0,68.754684,1011.3044,15.2,Rain: Moderate
2023-08-09 21:00:00+00:00,SAMSUN,55,29.0465,22.6465,1.3000001,8.225035,51.0,73.437996,1009.9914,14.14,Drizzle: Light
2023-08-10 21:00:00+00:00,SAMSUN,55,28.096498,21.2965,0.70000005,21.03152,51.0,73.897194,1011.0112,13.0,Drizzle: Light
2023-08-11 21:00:00+00:00,SAMSUN,55,28.196499,22.6465,0.0,16.862455,3.0,71.117805,1014.96674,15.66,Overcast
2023-08-12 21:00:00+00:00,SAMSUN,55,28.7965,21.696499,0.0,13.783817,3.0,77.91751,1014.72266,17.81,Overcast
2023-08-13 21:00:00+00:00,SAMSUN,55,29.2965,22.4965,0.0,16.039202,3.0,80.05625,1015.0469,24.11,Overcast
2023-08-14 21:00:00+00:00,SAMSUN,55,30.0465,21.446499,0.0,12.261157,1.0,77.52996,1013.68896,24.77,Mainly clear
2023-08-15 21:00:00+00:00,SAMSUN,55,29.8965,21.9965,0.0,11.212135,3.0,72.46476,1010.4658,24.94,Overcast
2023-08-16 21:00:00+00:00,SAMSUN,55,30.346498,21.946499,0.0,12.10157,0.0,70.69671,1008.7429,24.79,Clear sky
2023-08-17 21:00:00+00:00,SAMSUN,55,32.3465,22.2465,0.0,19.770523,1.0,68.02345,1010.3365,24.33,Mainly clear
2023-08-18 21:00:00+00:00,SAMSUN,55,31.2965,24.696499,0.1,13.089354,51.0,73.52254,1011.012,23.31,Drizzle: Light
2023-08-19 21:00:00+00:00,SAMSUN,55,29.696499,20.6465,0.0,13.70839,3.0,68.11138,1009.85156,24.52,Overcast
2023-08-20 21:00:00+00:00,SAMSUN,55,31.1465,21.596498,0.0,17.731598,0.0,66.59051,1010.43677,24.16,Clear sky
2023-08-21 21:00:00+00:00,SAMSUN,55,33.996502,22.1465,0.0,19.443333,0.0,56.897736,1012.0923,24.13,Clear sky
2023-08-22 21:00:00+00:00,SAMSUN,55,29.446499,21.4965,0.0,11.525623,0.0,61.108967,1012.7216,23.93,Clear sky
2023-08-23 21:00:00+00:00,SAMSUN,55,28.696499,21.3965,1.0000001,16.311613,53.0,73.45164,1012.5654,21.0,Drizzle: Moderate
2023-08-24 21:00:00+00:00,SAMSUN,55,28.696499,20.7965,0.4,21.566975,51.0,63.51085,1013.0312,22.35,Drizzle: Light
2023-08-25 21:00:00+00:00,SAMSUN,55,28.7465,20.346498,0.0,14.4,1.0,63.340435,1013.15015,23.04,Mainly clear
2023-08-26 21:00:00+00:00,SAMSUN,55,28.3965,21.846498,0.0,14.4,1.0,69.5566,1009.0208,21.67,Mainly clear
2023-08-27 21:00:00+00:00,SAMSUN,55,30.0465,21.2465,0.5,24.648829,51.0,66.09494,1005.15356,22.11,Drizzle: Light
2023-08-28 21:00:00+00:00,SAMSUN,55,30.9965,23.446499,0.2,26.081993,51.0,58.303085,1004.1883,18.68,Drizzle: Light
2023-08-29 21:00:00+00:00,SAMSUN,55,33.6465,22.096498,0.0,20.87379,1.0,56.50969,1004.83344,22.87,Mainly clear
2023-08-30 21:00:00+00:00,SAMSUN,55,32.1465,24.096498,0.0,11.753876,2.0,66.40276,1007.56177,21.1,Partly cloudy
2023-08-31 21:00:00+00:00,SAMSUN,55,30.7465,24.7465,0.2,23.087763,51.0,72.42349,1010.96655,17.28,Drizzle: Light
2023-09-01 21:00:00+00:00,SAMSUN,55,29.346498,22.9965,6.5000005,26.141552,61.0,77.71739,1013.15454,16.4,Rain: Slight
2023-09-02 21:00:00+00:00,SAMSUN,55,27.196499,21.9965,20.5,20.94507,65.0,80.5332,1010.6934,19.12,Rain: Heavy
2023-09-03 21:00:00+00:00,SAMSUN,55,27.1465,22.096498,1.1,16.09969,51.0,74.87909,1008.7817,18.34,Drizzle: Light
2023-09-04 21:00:00+00:00,SAMSUN,55,26.346498,20.7965,0.0,14.773164,3.0,79.58177,1010.5469,15.7,Overcast
2023-09-05 21:00:00+00:00,SAMSUN,55,26.2465,22.3965,0.4,16.919998,51.0,82.6143,1013.7383,10.71,Drizzle: Light
2023-09-06 21:00:00+00:00,SAMSUN,55,26.196499,21.596498,1.2,22.881956,51.0,77.04125,1014.8427,16.16,Drizzle: Light
2023-09-07 21:00:00+00:00,SAMSUN,55,25.946499,19.446499,3.1999998,19.483284,61.0,71.701996,1014.14746,16.96,Rain: Slight
2023-09-08 21:00:00+00:00,SAMSUN,55,24.696499,17.4965,0.0,17.298738,1.0,63.851196,1014.12836,21.44,Mainly clear
2023-09-09 21:00:00+00:00,SAMSUN,55,21.946499,16.3965,3.3,17.373497,53.0,72.453674,1015.4592,15.03,Drizzle: Moderate
2023-09-10 21:00:00+00:00,SAMSUN,55,23.7965,14.896501,0.0,18.844202,3.0,64.76069,1014.0661,15.73,Overcast
2023-09-11 21:00:00+00:00,SAMSUN,55,24.196499,16.3465,0.4,16.215992,51.0,61.10402,1015.0461,17.5,Drizzle: Light
2023-09-12 21:00:00+00:00,SAMSUN,55,23.346498,14.9465,1.1,12.7279215,53.0,67.716644,1017.45044,19.16,Drizzle: Moderate
2023-09-13 21:00:00+00:00,SAMSUN,55,23.946499,14.6965,0.0,14.773164,0.0,66.16543,1017.02094,20.7,Clear sky
2023-09-14 21:00:00+00:00,SAMSUN,55,24.0465,14.896501,0.0,12.475961,0.0,69.29926,1016.6436,20.73,Clear sky
2023-09-15 21:00:00+00:00,SAMSUN,55,24.3965,15.2465,0.3,11.113451,51.0,72.52538,1017.2088,19.26,Drizzle: Light
2023-09-16 21:00:00+00:00,SAMSUN,55,22.9965,17.846498,3.8,18.0,53.0,78.99351,1017.0712,15.98,Drizzle: Moderate
2023-09-17 21:00:00+00:00,SAMSUN,55,24.2465,16.9965,0.3,20.945072,51.0,66.07284,1015.9871,19.1,Drizzle: Light
2023-09-18 21:00:00+00:00,SAMSUN,55,23.346498,15.9965,0.0,14.007655,2.0,73.12621,1014.83185,18.12,Partly cloudy
2023-09-19 21:00:00+00:00,SAMSUN,55,23.4965,16.5965,0.0,10.44,3.0,77.50251,1014.64886,12.25,Overcast
2023-09-20 21:00:00+00:00,SAMSUN,55,23.946499,16.2465,0.0,13.479583,3.0,79.19519,1015.2142,16.07,Overcast
2023-09-21 21:00:00+00:00,SAMSUN,55,24.1465,16.0465,0.0,11.808878,3.0,79.08198,1015.7095,18.15,Overcast
2023-09-22 21:00:00+00:00,SAMSUN,55,24.6465,17.2465,0.0,12.819235,3.0,78.89234,1016.0269,17.61,Overcast
2023-09-23 21:00:00+00:00,SAMSUN,55,24.2465,17.096498,0.0,10.691453,3.0,76.3594,1013.9548,18.0,Overcast
2023-09-24 21:00:00+00:00,SAMSUN,55,24.6465,18.8965,2.5,12.904882,53.0,81.39782,1014.05597,15.67,Drizzle: Moderate
2023-09-25 21:00:00+00:00,SAMSUN,55,24.5465,17.2465,0.6,14.113652,51.0,80.81581,1013.669,17.85,Drizzle: Light
2023-09-26 21:00:00+00:00,SAMSUN,55,25.4965,17.696499,0.0,12.096214,3.0,77.84131,1013.3996,17.73,Overcast
2023-09-27 21:00:00+00:00,SAMSUN,55,25.0465,16.946499,0.2,13.783817,51.0,78.00055,1013.2078,16.94,Drizzle: Light
2023-09-28 21:00:00+00:00,SAMSUN,55,24.5465,18.946499,0.0,16.75064,3.0,81.12672,1013.8796,14.46,Overcast
2023-09-29 21:00:00+00:00,SAMSUN,55,24.196499,18.9965,0.1,12.218805,51.0,79.47389,1012.2983,8.0,Drizzle: Light
2023-09-30 21:00:00+00:00,SAMSUN,55,24.946499,17.3965,0.8,11.681987,51.0,76.28549,1009.4504,11.75,Drizzle: Light
2023-10-01 21:00:00+00:00,SAMSUN,55,23.3965,18.1465,44.600002,27.511158,65.0,80.23545,1011.35236,8.99,Rain: Heavy
2023-10-02 21:00:00+00:00,SAMSUN,55,20.346498,14.0965,7.1,21.980644,63.0,75.93143,1019.6363,9.75,Rain: Moderate
2023-10-03 21:00:00+00:00,SAMSUN,55,20.7965,11.9965,0.0,15.072783,3.0,69.55776,1022.0472,16.14,Overcast
2023-10-04 21:00:00+00:00,SAMSUN,55,21.7465,12.2465,0.0,14.773164,0.0,73.44587,1021.5022,16.91,Clear sky
2023-10-05 21:00:00+00:00,SAMSUN,55,21.2965,12.3465,0.0,10.948973,3.0,75.260895,1018.92145,15.62,Overcast
2023-10-06 21:00:00+00:00,SAMSUN,55,21.096498,12.7965,0.1,10.233123,51.0,77.43809,1019.99493,13.3,Drizzle: Light
2023-10-07 21:00:00+00:00,SAMSUN,55,25.596498,13.8465,0.0,15.7908325,0.0,69.70047,1013.2597,16.17,Clear sky
2023-10-08 21:00:00+00:00,SAMSUN,55,17.446499,14.3465,7.4999995,20.326454,63.0,76.953224,1016.71655,3.94,Rain: Moderate
2023-10-09 21:00:00+00:00,SAMSUN,55,17.596498,11.5465,0.0,9.220499,3.0,76.73362,1017.58984,11.26,Overcast
2023-10-10 21:00:00+00:00,SAMSUN,55,16.446499,11.9465,9.400001,18.0,63.0,78.191864,1022.80255,4.68,Rain: Moderate
2023-10-11 21:00:00+00:00,SAMSUN,55,17.8965,9.646501,0.0,13.722565,3.0,75.34851,1023.5888,14.23,Overcast
2023-10-12 21:00:00+00:00,SAMSUN,55,20.346498,10.4965,0.0,13.513193,2.0,72.22934,1019.0467,15.48,Partly cloudy
2023-10-13 21:00:00+00:00,SAMSUN,55,19.096498,10.7965,0.0,10.1376915,0.0,77.87323,1017.3405,15.23,Clear sky
2023-10-14 21:00:00+00:00,SAMSUN,55,23.446499,11.7465,0.0,11.592894,3.0,75.7783,1009.4822,13.48,Overcast
2023-10-15 21:00:00+00:00,SAMSUN,55,22.2965,14.9965,4.1,29.52878,61.0,80.55573,1009.5306,9.93,Rain: Slight
2023-10-16 21:00:00+00:00,SAMSUN,55,15.4465,12.5465,2.8,22.406927,55.0,78.57988,1020.4808,6.82,Drizzle: Dense
2023-10-17 21:00:00+00:00,SAMSUN,55,14.396501,12.2965,22.6,15.03835,63.0,85.38055,1015.017,3.0,Rain: Moderate
2023-10-18 21:00:00+00:00,SAMSUN,55,17.596498,11.0465,4.1,14.039999,53.0,85.1639,1017.01935,9.0,Drizzle: Moderate
2023-10-19 21:00:00+00:00,SAMSUN,55,25.1465,10.896501,0.0,19.734436,2.0,64.50764,1013.5317,14.05,Partly cloudy
2023-10-20 21:00:00+00:00,SAMSUN,55,27.346498,17.2965,0.0,26.478971,3.0,58.21143,1014.2631,12.33,Overcast
2023-10-21 21:00:00+00:00,SAMSUN,55,27.346498,16.2965,0.0,21.650938,3.0,71.45631,1016.3225,11.4,Overcast
2023-10-22 21:00:00+00:00,SAMSUN,55,26.3965,16.4965,0.0,17.31746,3.0,74.08239,1014.42505,8.48,Overcast
2023-10-23 21:00:00+00:00,SAMSUN,55,22.7465,14.896501,0.0,10.948973,3.0,80.43222,1014.4444,11.92,Overcast
2023-10-24 21:00:00+00:00,SAMSUN,55,24.3965,14.2965,0.0,9.931042,3.0,83.33976,1010.59625,11.51,Overcast
2023-10-25 21:00:00+00:00,SAMSUN,55,26.0465,16.3465,2.9,20.466246,61.0,61.047256,1008.5,5.16,Rain: Slight
2023-10-26 21:00:00+00:00,SAMSUN,55,27.1465,15.2465,0.0,12.738099,3.0,69.32229,1007.6529,11.2,Overcast
2023-10-27 21:00:00+00:00,SAMSUN,55,27.196499,18.7465,0.0,24.29133,3.0,59.655582,1008.3142,11.69,Overcast
2023-10-28 21:00:00+00:00,SAMSUN,55,23.4965,15.1965,0.0,13.746156,3.0,74.99603,1014.60065,11.96,Overcast
2023-10-29 21:00:00+00:00,SAMSUN,55,21.4965,14.646501,0.0,9.0,3.0,82.699234,1019.36444,10.89,Overcast
2023-10-30 21:00:00+00:00,SAMSUN,55,22.7965,14.2465,0.0,8.707237,3.0,82.951584,1015.7671,11.47,Overcast
2023-10-31 21:00:00+00:00,SAMSUN,55,27.4965,16.4965,0.0,17.10284,3.0,68.87609,1011.868,10.5,Overcast
2023-11-01 21:00:00+00:00,SAMSUN,55,20.6465,16.196499,0.0,11.435313,3.0,83.93762,1011.57184,10.35,Overcast
2023-11-02 21:00:00+00:00,SAMSUN,55,22.696499,15.1965,0.0,12.7279215,3.0,74.77325,1008.4289,10.5,Overcast
2023-11-03 21:00:00+00:00,SAMSUN,55,27.846498,14.7465,0.0,20.018072,3.0,58.63519,1008.38324,11.15,Overcast
2023-11-04 21:00:00+00:00,SAMSUN,55,21.3965,15.5965,0.0,25.96496,3.0,68.5829,1008.50055,10.0,Overcast
2023-11-05 21:00:00+00:00,SAMSUN,55,24.6465,15.8465,0.70000005,16.831684,53.0,72.625114,1010.29956,9.23,Drizzle: Moderate
2023-11-06 21:00:00+00:00,SAMSUN,55,21.946499,12.7965,0.0,10.30883,3.0,74.889755,1019.8023,10.8,Overcast
2023-11-07 21:00:00+00:00,SAMSUN,55,24.346498,11.8465,0.0,17.81909,3.0,68.15002,1016.1096,10.96,Overcast
2023-11-08 21:00:00+00:00,SAMSUN,55,20.4965,14.4965,4.6000004,25.984919,61.0,71.0602,1014.4108,8.12,Rain: Slight
2023-11-09 21:00:00+00:00,SAMSUN,55,16.5465,11.896501,0.0,14.145756,3.0,77.255104,1021.1005,6.81,Overcast
2023-11-10 21:00:00+00:00,SAMSUN,55,25.7965,11.1965,0.0,25.77962,3.0,60.032833,1012.082,8.92,Overcast
2023-11-11 21:00:00+00:00,SAMSUN,55,22.4965,15.646501,4.5,21.485697,61.0,70.642494,1011.3342,7.66,Rain: Slight
2023-11-12 21:00:00+00:00,SAMSUN,55,18.9965,13.6965,1.3000001,11.609651,53.0,90.200264,1013.252,7.08,Drizzle: Moderate
2023-11-13 21:00:00+00:00,SAMSUN,55,16.6465,12.0465,14.9,24.86868,63.0,81.319595,1013.99603,5.37,Rain: Moderate
2023-11-14 21:00:00+00:00,SAMSUN,55,21.7965,11.4965,0.0,31.845251,3.0,60.19539,1009.7735,9.45,Overcast
2023-11-15 21:00:00+00:00,SAMSUN,55,18.346498,9.7465,17.800003,21.638964,63.0,78.70371,1009.8792,1.63,Rain: Moderate
2023-11-16 21:00:00+00:00,SAMSUN,55,17.6465,8.4465,0.0,11.753876,3.0,74.78046,1016.1823,9.31,Overcast
2023-11-17 21:00:00+00:00,SAMSUN,55,19.5465,11.2965,0.4,14.480773,51.0,65.09116,1002.873,6.7,Drizzle: Light
2023-11-18 21:00:00+00:00,SAMSUN,55,16.2965,11.6965,4.7999997,35.768856,61.0,54.404263,996.46484,9.94,Rain: Slight
2023-11-19 21:00:00+00:00,SAMSUN,55,14.146501,10.0465,2.1,24.522314,53.0,61.185898,1006.7304,6.29,Drizzle: Moderate
2023-11-20 21:00:00+00:00,SAMSUN,55,15.9965,8.6465,5.8999996,18.86139,61.0,69.44915,1014.3716,8.31,Rain: Slight
2023-11-21 21:00:00+00:00,SAMSUN,55,19.196499,8.9965,0.0,36.659946,3.0,48.89189,1014.24713,8.37,Overcast
2023-11-22 21:00:00+00:00,SAMSUN,55,16.446499,11.9965,3.8999999,28.28464,53.0,76.803894,1016.16187,1.71,Drizzle: Moderate
2023-11-23 21:00:00+00:00,SAMSUN,55,21.0465,8.7965,0.6,21.129883,53.0,71.39299,1006.64453,9.11,Drizzle: Moderate
2023-11-24 21:00:00+00:00,SAMSUN,55,20.196499,13.7465,2.6,24.472057,55.0,58.929108,998.409,4.79,Drizzle: Dense
2023-11-25 21:00:00+00:00,SAMSUN,55,23.2465,10.4965,6.9,46.001183,63.0,60.890034,990.10333,8.02,Rain: Moderate
2023-11-26 21:00:00+00:00,SAMSUN,55,11.7465,4.7465,0.1,22.057161,51.0,52.68323,1008.70746,8.68,Drizzle: Light
2023-11-27 21:00:00+00:00,SAMSUN,55,12.1965,5.0465,0.0,27.497026,3.0,46.20434,1015.7116,9.24,Overcast
2023-11-28 21:00:00+00:00,SAMSUN,55,17.7465,10.0965,6.7000003,45.218353,63.0,40.444096,1008.3701,2.48,Rain: Moderate
2023-11-29 21:00:00+00:00,SAMSUN,55,16.696499,11.9465,4.1,24.387178,63.0,76.19405,1015.0008,4.47,Rain: Moderate
2023-11-30 21:00:00+00:00,SAMSUN,55,21.6465,10.5965,0.0,21.67487,3.0,67.436775,1015.81134,8.34,Overcast
2023-12-01 21:00:00+00:00,SAMSUN,55,21.946499,14.896501,0.0,29.871325,3.0,58.093845,1013.1419,8.48,Overcast
2023-12-02 21:00:00+00:00,SAMSUN,55,22.4965,14.7465,0.0,34.63492,3.0,51.770493,1012.54834,7.88,Overcast
2023-12-03 21:00:00+00:00,SAMSUN,55,19.596498,12.896501,0.2,17.551615,51.0,69.15516,1016.2464,7.76,Drizzle: Light
2023-12-04 21:00:00+00:00,SAMSUN,55,12.2465,10.1965,7.4999995,15.379206,61.0,91.150024,1020.89825,1.7,Rain: Slight
2023-12-05 21:00:00+00:00,SAMSUN,55,13.896501,8.1965,0.0,9.085988,3.0,83.47613,1011.90967,8.13,Overcast
2023-12-06 21:00:00+00:00,SAMSUN,55,18.196499,8.4965,6.4,18.947083,63.0,74.68841,1010.96173,6.04,Rain: Moderate
2023-12-07 21:00:00+00:00,SAMSUN,55,17.696499,10.2465,2.5,17.826363,61.0,74.880745,1009.8267,3.71,Rain: Slight
2023-12-08 21:00:00+00:00,SAMSUN,55,15.7465,10.7465,2.3999999,7.42159,53.0,89.53961,1007.2263,6.15,Drizzle: Moderate
2023-12-09 21:00:00+00:00,SAMSUN,55,15.3465,10.3465,8.0,23.617756,63.0,75.41373,1014.2664,4.13,Rain: Moderate
2023-12-10 21:00:00+00:00,SAMSUN,55,16.3965,9.4465,0.0,8.587338,3.0,76.524124,1014.79443,6.67,Overcast
2023-12-11 21:00:00+00:00,SAMSUN,55,12.9965,9.8465,6.9000006,10.495713,63.0,89.57928,1012.8074,3.33,Rain: Moderate
2023-12-12 21:00:00+00:00,SAMSUN,55,12.0965,7.8465004,9.200001,8.714677,61.0,89.969696,1014.7979,5.3,Rain: Slight
2023-12-13 21:00:00+00:00,SAMSUN,55,17.6465,7.4965,0.0,24.29133,3.0,56.89583,1013.2674,7.59,Overcast
2023-12-14 21:00:00+00:00,SAMSUN,55,19.9965,11.5965,0.0,31.942772,3.0,53.525013,1015.26196,6.71,Overcast
2023-12-15 21:00:00+00:00,SAMSUN,55,12.0465,8.5465,5.0,16.179985,53.0,89.77136,1022.89526,1.45,Drizzle: Moderate
2023-12-16 21:00:00+00:00,SAMSUN,55,7.9465,4.4965,10.900002,18.792551,61.0,85.66647,1031.9901,1.72,Rain: Slight
2023-12-17 21:00:00+00:00,SAMSUN,55,10.4465,2.9464998,0.0,17.566378,3.0,71.16154,1030.0165,5.63,Overcast
2023-12-18 21:00:00+00:00,SAMSUN,55,12.3465,5.9965,1.3,14.48972,53.0,67.20997,1024.878,1.73,Drizzle: Moderate
2023-12-19 21:00:00+00:00,SAMSUN,55,16.0465,6.3465004,0.0,18.668005,3.0,60.462234,1017.8535,8.11,Overcast
2023-12-20 21:00:00+00:00,SAMSUN,55,14.2965,10.5465,0.0,22.148046,3.0,58.046204,1008.37036,1.8,Overcast
2023-12-21 21:00:00+00:00,SAMSUN,55,15.7965,9.3465,0.0,19.386593,3.0,64.02486,998.35614,3.94,Overcast
2023-12-22 21:00:00+00:00,SAMSUN,55,14.7965,9.5465,8.099999,27.345785,63.0,64.20652,997.1704,7.46,Rain: Moderate
2023-12-23 21:00:00+00:00,SAMSUN,55,9.0465,2.4464998,14.8,19.022177,73.0,77.36821,1007.4449,4.09,Snow fall: Moderate
2023-12-24 21:00:00+00:00,SAMSUN,55,16.5465,6.5465,0.5,33.636406,51.0,55.616634,1013.0359,2.49,Drizzle: Light
2023-12-25 21:00:00+00:00,SAMSUN,55,19.8965,11.9465,0.0,27.238943,3.0,54.498672,1017.2014,7.78,Overcast
2023-12-26 21:00:00+00:00,SAMSUN,55,18.4965,10.2965,0.0,23.051247,1.0,66.54462,1018.1924,7.8,Mainly clear
2023-12-27 21:00:00+00:00,SAMSUN,55,13.2465,6.2465,0.1,8.707238,51.0,74.652985,1026.866,7.62,Drizzle: Light
2023-12-28 21:00:00+00:00,SAMSUN,55,17.2965,5.4965,0.0,25.772078,0.0,62.50059,1021.4551,8.32,Clear sky
2023-12-29 21:00:00+00:00,SAMSUN,55,16.446499,6.6464996,0.0,22.401142,3.0,61.63783,1019.07684,7.75,Overcast
2023-12-30 21:00:00+00:00,SAMSUN,55,15.7965,6.3465004,0.0,20.898613,3.0,68.75555,1019.13007,7.24,Overcast
2023-12-31 21:00:00+00:00,SAMSUN,55,16.446499,5.7965,0.0,17.610588,3.0,69.3148,1017.9229,8.06,Overcast
2024-01-01 21:00:00+00:00,SAMSUN,55,16.8465,11.896501,0.6,24.442913,51.0,59.179035,1012.6236,5.6,Drizzle: Light
2024-01-02 21:00:00+00:00,SAMSUN,55,15.4965,10.2465,0.2,21.178896,51.0,81.53684,1012.16156,4.9,Drizzle: Light
2024-01-03 21:00:00+00:00,SAMSUN,55,17.196499,10.1965,0.4,33.3559,51.0,75.381996,1008.0197,6.85,Drizzle: Light
2024-01-04 21:00:00+00:00,SAMSUN,55,14.9465,6.9965,7.5,37.017033,61.0,76.52659,1010.50616,5.77,Rain: Slight
2024-01-05 21:00:00+00:00,SAMSUN,55,16.4965,6.9965,0.0,19.296135,3.0,54.719254,1018.665,8.37,Overcast
2024-01-06 21:00:00+00:00,SAMSUN,55,18.2465,11.8465,0.0,25.376808,3.0,40.300198,1008.8188,6.01,Overcast
2024-01-07 21:00:00+00:00,SAMSUN,55,19.2965,10.5965,1.1,24.640942,51.0,65.40644,1007.2886,6.53,Drizzle: Light
2024-01-08 21:00:00+00:00,SAMSUN,55,10.9465,7.2465,5.8,18.0,53.0,91.10735,1015.33966,1.76,Drizzle: Moderate
2024-01-09 21:00:00+00:00,SAMSUN,55,6.9965,4.6464996,2.3999999,15.042659,53.0,78.09816,1019.9515,3.63,Drizzle: Moderate
2024-01-10 21:00:00+00:00,SAMSUN,55,7.1464996,0.99649996,0.0,8.161764,3.0,70.73022,1019.49115,5.39,Overcast
2024-01-11 21:00:00+00:00,SAMSUN,55,9.3465,1.1465,1.4000001,29.024128,71.0,71.55952,1010.43805,3.92,Snow fall: Slight
2024-01-12 21:00:00+00:00,SAMSUN,55,3.8964999,-0.5035,0.3,19.513195,71.0,74.271866,1016.542,6.63,Snow fall: Slight
2024-01-13 21:00:00+00:00,SAMSUN,55,8.2965,-1.2035,0.0,17.566378,3.0,54.29826,1015.5893,9.42,Overcast
2024-01-14 21:00:00+00:00,SAMSUN,55,13.4965,3.8465,0.0,21.382906,3.0,49.63976,1012.97314,9.4,Overcast
2024-01-15 21:00:00+00:00,SAMSUN,55,17.5465,7.0465,1.4000001,38.816612,53.0,60.079098,1007.82153,5.0,Drizzle: Moderate
2024-01-16 21:00:00+00:00,SAMSUN,55,10.5465,5.1965,2.4,11.304229,55.0,77.738815,1018.9009,7.18,Drizzle: Dense
2024-01-17 21:00:00+00:00,SAMSUN,55,17.346498,5.0965004,0.0,20.497883,3.0,66.96872,1014.5744,7.53,Overcast
2024-01-18 21:00:00+00:00,SAMSUN,55,20.096498,10.9965,0.1,30.928587,51.0,61.185078,1009.7054,7.99,Drizzle: Light
2024-01-19 21:00:00+00:00,SAMSUN,55,19.6465,10.0465,1.9,30.145567,55.0,64.77064,1012.5981,8.02,Drizzle: Dense
2024-01-20 21:00:00+00:00,SAMSUN,55,9.2465,5.1464996,17.500002,18.556595,61.0,84.07788,1023.03864,1.22,Rain: Slight
2024-01-21 21:00:00+00:00,SAMSUN,55,5.9465,1.8965,1.6000001,13.339445,73.0,77.264305,1030.3324,7.45,Snow fall: Moderate
2024-01-22 21:00:00+00:00,SAMSUN,55,6.0965004,-0.0034999847,0.0,12.819235,3.0,72.89319,1026.5272,7.79,Overcast
2024-01-23 21:00:00+00:00,SAMSUN,55,8.1465,0.69649994,0.3,12.738099,71.0,74.2591,1023.5322,7.88,Snow fall: Slight
2024-01-24 21:00:00+00:00,SAMSUN,55,9.2965,1.1465,0.0,20.150354,3.0,57.466324,1015.7561,7.14,Overcast
2024-01-25 21:00:00+00:00,SAMSUN,55,10.9465,3.9465,0.4,16.80857,51.0,64.90259,1013.41156,8.43,Drizzle: Light
2024-01-26 21:00:00+00:00,SAMSUN,55,9.3465,1.9965,5.1,16.055355,73.0,77.11013,1016.0225,8.15,Snow fall: Moderate
2024-01-27 21:00:00+00:00,SAMSUN,55,8.0965,1.1965,1.3000001,13.039754,53.0,79.92669,1021.06256,7.46,Drizzle: Moderate
2024-01-28 21:00:00+00:00,SAMSUN,55,7.2965,1.3464999,1.2,15.629971,71.0,79.98768,1026.6862,8.99,Snow fall: Slight
2024-01-29 21:00:00+00:00,SAMSUN,55,5.8964996,3.2465,5.0,12.144331,73.0,87.094055,1030.0806,5.85,Snow fall: Moderate
2024-01-30 21:00:00+00:00,SAMSUN,55,7.8964996,2.4464998,2.3999999,13.004921,51.0,85.42519,1029.4417,4.88,Drizzle: Light
2024-01-31 21:00:00+00:00,SAMSUN,55,8.0965,1.3965,0.5,10.163227,51.0,85.57862,1024.7078,7.68,Drizzle: Light
2024-02-01 21:00:00+00:00,SAMSUN,55,9.4465,0.8965,0.0,15.725037,3.0,77.66171,1018.74493,10.81,Overcast
2024-02-02 21:00:00+00:00,SAMSUN,55,7.9965,3.9465,0.8000001,9.693296,51.0,79.94411,1020.69745,7.69,Drizzle: Light
2024-02-03 21:00:00+00:00,SAMSUN,55,12.0965,3.2465,0.0,10.195057,3.0,65.2867,1016.6775,6.84,Overcast
2024-02-04 21:00:00+00:00,SAMSUN,55,14.8465,7.2465,1.7,28.583183,53.0,56.961544,1011.90546,7.7,Drizzle: Moderate
2024-02-05 21:00:00+00:00,SAMSUN,55,14.896501,8.5965,0.6,33.3559,51.0,68.35919,1012.93726,4.5,Drizzle: Light
2024-02-06 21:00:00+00:00,SAMSUN,55,19.696499,8.1965,0.0,32.59939,3.0,56.735302,1012.74805,11.18,Overcast
2024-02-07 21:00:00+00:00,SAMSUN,55,19.6465,7.9465,0.0,29.363731,3.0,65.45495,1011.6838,11.07,Overcast
2024-02-08 21:00:00+00:00,SAMSUN,55,20.446499,8.8465,0.0,18.089775,3.0,60.942608,1011.2951,11.37,Overcast
2024-02-09 21:00:00+00:00,SAMSUN,55,21.1465,11.0465,0.0,30.05515,3.0,49.72466,1012.4385,12.14,Overcast
2024-02-10 21:00:00+00:00,SAMSUN,55,21.696499,12.646501,0.0,33.864883,3.0,46.847836,1014.43695,11.82,Overcast
2024-02-11 21:00:00+00:00,SAMSUN,55,21.446499,12.2465,0.0,20.858265,3.0,52.951664,1012.34125,8.45,Overcast
2024-02-12 21:00:00+00:00,SAMSUN,55,21.1465,13.2965,0.6,23.78453,51.0,49.119648,1007.5164,7.91,Drizzle: Light
2024-02-13 21:00:00+00:00,SAMSUN,55,13.5465,10.3465,5.4999995,17.015474,63.0,78.73777,1008.39825,5.06,Rain: Moderate
2024-02-14 21:00:00+00:00,SAMSUN,55,13.896501,9.5465,5.2,10.30883,61.0,89.97513,1010.37744,6.79,Rain: Slight
2024-02-15 21:00:00+00:00,SAMSUN,55,12.3465,9.1965,0.3,14.973576,51.0,86.334724,1016.25397,6.13,Drizzle: Light
2024-02-16 21:00:00+00:00,SAMSUN,55,10.2965,7.3465004,0.7,16.575644,51.0,86.15551,1019.8923,3.34,Drizzle: Light
2024-02-17 21:00:00+00:00,SAMSUN,55,8.8465,6.6965,2.9999995,13.797912,53.0,83.52186,1024.0626,4.69,Drizzle: Moderate
2024-02-18 21:00:00+00:00,SAMSUN,55,8.4965,6.4465,0.5,13.207634,51.0,80.93951,1023.67487,4.58,Drizzle: Light
2024-02-19 21:00:00+00:00,SAMSUN,55,9.646501,4.6965,0.0,12.4811535,3.0,81.325554,1022.80176,11.55,Overcast
2024-02-20 21:00:00+00:00,SAMSUN,55,11.3465,3.2965,0.0,14.578888,3.0,83.716385,1022.11444,13.21,Overcast
2024-02-21 21:00:00+00:00,SAMSUN,55,8.3965,3.6965,1.9000001,15.281989,51.0,84.80985,1021.4506,3.38,Drizzle: Light
2024-02-22 21:00:00+00:00,SAMSUN,55,14.4965,3.3465,0.0,17.31746,3.0,77.14443,1021.0303,14.47,Overcast
2024-02-23 21:00:00+00:00,SAMSUN,55,15.9465,4.4465,0.0,19.228851,0.0,66.79568,1021.00446,14.71,Clear sky
2024-02-24 21:00:00+00:00,SAMSUN,55,12.396501,4.3465,0.0,8.435069,3.0,76.139275,1020.89575,14.8,Overcast
2024-02-25 21:00:00+00:00,SAMSUN,55,16.2465,5.3465004,0.0,13.896187,3.0,74.08778,1013.2166,14.37,Overcast
2024-02-26 21:00:00+00:00,SAMSUN,55,15.2965,7.4465,0.0,20.371038,3.0,64.826866,1015.2885,15.21,Overcast
2024-02-27 21:00:00+00:00,SAMSUN,55,11.7465,4.8465,0.0,9.220499,3.0,83.98989,1022.1777,15.21,Overcast
2024-02-28 21:00:00+00:00,SAMSUN,55,12.6965,2.9965,0.0,8.209263,0.0,61.02466,1022.86285,15.64,Clear sky
2024-02-29 21:00:00+00:00,SAMSUN,55,13.146501,5.1464996,0.0,12.218805,3.0,72.80844,1018.2925,15.6,Overcast
2024-03-01 21:00:00+00:00,SAMSUN,55,16.3465,6.2465,0.0,13.039754,3.0,80.20135,1009.6893,11.64,Overcast
2024-03-02 21:00:00+00:00,SAMSUN,55,11.3465,7.7965,9.500001,13.53236,63.0,91.21653,1011.7778,5.98,Rain: Moderate
2024-03-03 21:00:00+00:00,SAMSUN,55,12.2465,6.9465,12.800001,11.019764,63.0,91.7842,1014.6219,9.41,Rain: Moderate
2024-03-04 21:00:00+00:00,SAMSUN,55,16.7965,5.3465004,2.2,11.726277,61.0,86.91357,1010.2692,15.11,Rain: Slight
2024-03-05 21:00:00+00:00,SAMSUN,55,13.7965,8.8465,16.7,21.67487,63.0,83.48081,1006.89014,10.61,Rain: Moderate
2024-03-06 21:00:00+00:00,SAMSUN,55,11.2965,8.3465,1.7,14.88242,53.0,81.458015,1014.7173,5.67,Drizzle: Moderate
2024-03-07 21:00:00+00:00,SAMSUN,55,10.0965,6.7965,0.6,12.738099,51.0,85.828804,1016.122,9.84,Drizzle: Light
2024-03-08 21:00:00+00:00,SAMSUN,55,8.1965,5.1965,12.200002,16.299694,61.0,89.55743,1016.8837,2.58,Rain: Slight
2024-03-09 21:00:00+00:00,SAMSUN,55,8.8465,4.6464996,0.70000005,10.587918,53.0,84.23079,1020.7856,10.18,Drizzle: Moderate
2024-03-10 21:00:00+00:00,SAMSUN,55,13.7465,4.1965,0.0,14.186923,3.0,73.45496,1021.74677,17.19,Overcast
2024-03-11 21:00:00+00:00,SAMSUN,55,19.4965,6.0465,0.0,13.004921,3.0,73.92096,1016.06616,17.24,Overcast
2024-03-12 21:00:00+00:00,SAMSUN,55,14.9465,10.146501,0.1,16.039202,51.0,73.08924,1009.7512,10.61,Drizzle: Light
2024-03-13 21:00:00+00:00,SAMSUN,55,13.8465,8.3465,1.4000001,10.239453,53.0,88.8476,1012.6307,12.08,Drizzle: Moderate
2024-03-14 21:00:00+00:00,SAMSUN,55,11.896501,6.1464996,0.6,9.449572,51.0,86.67263,1014.2413,14.52,Drizzle: Light
2024-03-15 21:00:00+00:00,SAMSUN,55,10.9465,8.7965,5.6,16.267857,55.0,89.80151,1018.14886,7.55,Drizzle: Dense
2024-03-16 21:00:00+00:00,SAMSUN,55,11.396501,5.9965,5.3999996,11.720751,61.0,87.97073,1019.3562,10.61,Rain: Slight
2024-03-17 21:00:00+00:00,SAMSUN,55,11.9465,4.9465,0.0,17.283749,3.0,88.072845,1014.3679,15.03,Overcast
2024-03-18 21:00:00+00:00,SAMSUN,55,11.146501,4.6965,0.1,12.10157,51.0,84.604935,1011.1087,14.16,Drizzle: Light
2024-03-19 21:00:00+00:00,SAMSUN,55,12.4965,3.0465,1.9000001,15.629971,53.0,77.75251,1013.7473,15.28,Drizzle: Moderate
2024-03-20 21:00:00+00:00,SAMSUN,55,8.8465,6.1464996,14.500001,18.847641,61.0,89.139824,1016.64984,3.33,Rain: Slight
2024-03-21 21:00:00+00:00,SAMSUN,55,10.2465,5.7965,4.8999996,17.072504,55.0,78.52985,1011.9343,10.61,Drizzle: Dense
2024-03-22 21:00:00+00:00,SAMSUN,55,8.9965,4.4465,7.3000007,11.435313,55.0,82.59052,1013.0737,4.45,Drizzle: Dense
2024-03-23 21:00:00+00:00,SAMSUN,55,13.146501,3.1965,2.1000001,17.22742,55.0,78.30906,1011.0667,18.26,Drizzle: Dense
2024-03-24 21:00:00+00:00,SAMSUN,55,20.696499,4.2965,1.0,31.367548,55.0,60.608242,1001.8025,19.66,Drizzle: Dense
2024-03-25 21:00:00+00:00,SAMSUN,55,15.5965,7.3964996,8.8,20.898611,63.0,69.2434,1009.96124,19.01,Rain: Moderate
2024-03-26 21:00:00+00:00,SAMSUN,55,14.7465,3.2965,0.0,18.58451,3.0,71.07554,1016.1958,18.2,Overcast
2024-03-27 21:00:00+00:00,SAMSUN,55,23.2465,9.9465,0.0,18.089775,3.0,77.88963,1013.1154,20.16,Overcast
2024-03-28 21:00:00+00:00,SAMSUN,55,24.7965,12.9965,1.0,17.339897,53.0,74.22731,1014.7808,11.99,Drizzle: Moderate
2024-03-29 21:00:00+00:00,SAMSUN,55,17.6465,11.2965,0.0,8.404285,3.0,79.01121,1020.0983,19.77,Overcast
2024-03-30 21:00:00+00:00,SAMSUN,55,21.5465,12.4965,0.0,11.923557,3.0,85.616844,1018.3122,20.84,Overcast
2024-03-31 21:00:00+00:00,SAMSUN,55,23.5465,12.646501,0.0,7.386582,3.0,76.21932,1017.1779,20.72,Overcast
2024-04-01 21:00:00+00:00,SAMSUN,55,25.2465,13.146501,0.0,15.575981,3.0,72.324646,1011.076,21.21,Overcast
2024-04-02 21:00:00+00:00,SAMSUN,55,21.3965,11.7465,0.0,32.399998,3.0,56.302765,1011.40326,20.25,Overcast
2024-04-03 21:00:00+00:00,SAMSUN,55,17.1465,8.8965,0.0,18.25026,3.0,66.87914,1015.0639,20.45,Overcast
2024-04-04 21:00:00+00:00,SAMSUN,55,15.0965,8.6465,2.1000001,12.594856,61.0,80.85431,1017.363,16.41,Rain: Slight
2024-04-05 21:00:00+00:00,SAMSUN,55,15.9965,6.1965,0.0,11.090103,0.0,71.41312,1019.30566,22.29,Clear sky
2024-04-06 21:00:00+00:00,SAMSUN,55,14.396501,8.0965,0.0,9.885262,3.0,68.59385,1016.3732,21.1,Overcast
2024-04-07 21:00:00+00:00,SAMSUN,55,17.9965,9.2965,0.0,19.914217,3.0,70.51052,1014.7154,17.72,Overcast
2024-04-08 21:00:00+00:00,SAMSUN,55,14.4965,8.5465,0.0,10.233123,3.0,84.2777,1015.117,19.27,Overcast
2024-04-09 21:00:00+00:00,SAMSUN,55,18.346498,9.0965,8.900001,15.5843,61.0,82.65284,1013.59344,13.86,Rain: Slight
2024-04-10 21:00:00+00:00,SAMSUN,55,17.5465,11.6965,0.8,18.374111,51.0,86.26156,1017.8615,10.11,Drizzle: Light
2024-04-11 21:00:00+00:00,SAMSUN,55,14.2965,12.146501,0.9000001,12.10157,51.0,89.401924,1020.1202,7.55,Drizzle: Light
2024-04-12 21:00:00+00:00,SAMSUN,55,17.096498,12.396501,0.1,8.942214,51.0,86.82801,1018.6744,15.5,Drizzle: Light
2024-04-13 21:00:00+00:00,SAMSUN,55,18.8965,11.1965,0.0,18.775301,3.0,73.01502,1018.89624,21.86,Overcast
2024-04-14 21:00:00+00:00,SAMSUN,55,21.946499,10.1965,0.0,15.807239,1.0,66.114006,1018.19476,23.44,Mainly clear
2024-04-15 21:00:00+00:00,SAMSUN,55,31.596498,12.6965,0.0,19.523155,3.0,45.976337,1010.25006,23.57,Overcast
2024-04-16 21:00:00+00:00,SAMSUN,55,31.8965,15.4465,0.0,24.162947,3.0,39.069107,1004.2376,19.17,Overcast
2024-04-17 21:00:00+00:00,SAMSUN,55,34.496502,16.0465,0.1,25.809765,51.0,38.146378,999.98956,23.03,Drizzle: Light
2024-04-18 21:00:00+00:00,SAMSUN,55,17.696499,12.8465,0.6,15.807239,53.0,76.86343,1010.36945,19.25,Drizzle: Moderate
2024-04-19 21:00:00+00:00,SAMSUN,55,22.5465,11.8465,0.0,17.174677,3.0,71.23372,1003.46295,20.59,Overcast
2024-04-20 21:00:00+00:00,SAMSUN,55,21.5465,12.4465,0.1,21.166653,51.0,59.967743,1010.8042,19.38,Drizzle: Light
2024-04-21 21:00:00+00:00,SAMSUN,55,21.7965,10.9965,0.0,20.617662,3.0,69.096306,1016.6673,23.19,Overcast
2024-04-22 21:00:00+00:00,SAMSUN,55,20.8965,11.646501,0.0,15.137133,3.0,65.96674,1018.1692,22.64,Overcast
2024-04-23 21:00:00+00:00,SAMSUN,55,33.496502,15.5465,0.0,12.682018,3.0,50.649048,1007.7559,19.04,Overcast
2024-04-24 21:00:00+00:00,SAMSUN,55,33.3965,22.446499,0.0,19.681828,3.0,44.042877,1003.6232,17.7,Overcast
2024-04-25 21:00:00+00:00,SAMSUN,55,26.346498,16.946499,0.1,20.150354,51.0,55.6439,1008.0047,18.59,Drizzle: Light
2024-04-26 21:00:00+00:00,SAMSUN,55,18.3965,14.4465,1.4000001,13.479583,53.0,85.44931,1015.58307,18.68,Drizzle: Moderate
2024-04-27 21:00:00+00:00,SAMSUN,55,19.696499,13.6965,0.0,12.229406,3.0,81.01348,1014.8511,21.9,Overcast
2024-04-28 21:00:00+00:00,SAMSUN,55,17.446499,14.3465,3.0000002,9.83268,61.0,87.906944,1017.81415,12.95,Rain: Slight
2024-04-29 21:00:00+00:00,SAMSUN,55,17.0465,14.4965,4.6,13.1041975,61.0,91.50074,1017.18365,12.42,Rain: Slight
2024-04-30 21:00:00+00:00,SAMSUN,55,17.446499,14.2465,1.5,15.192682,61.0,84.849144,1012.2566,11.93,Rain: Slight
2024-05-01 21:00:00+00:00,SAMSUN,55,16.696499,13.7465,16.7,14.799459,63.0,84.96078,1008.0694,12.17,Rain: Moderate
2024-05-02 21:00:00+00:00,SAMSUN,55,15.5465,13.8465,6.1,10.703569,53.0,91.20578,1004.75885,4.6,Drizzle: Moderate
2024-05-03 21:00:00+00:00,SAMSUN,55,16.2965,12.146501,5.6,18.64369,63.0,90.447945,1003.8671,13.46,Rain: Moderate
2024-05-04 21:00:00+00:00,SAMSUN,55,15.646501,10.4465,3.3999996,26.260265,55.0,72.34437,1009.46094,22.54,Drizzle: Dense
2024-05-05 21:00:00+00:00,SAMSUN,55,15.0465,8.7465,0.0,20.966715,3.0,64.23682,1014.7615,15.57,Overcast
2024-05-06 21:00:00+00:00,SAMSUN,55,17.096498,6.8964996,0.0,11.200571,2.0,66.25765,1014.35297,26.8,Partly cloudy
2024-05-07 21:00:00+00:00,SAMSUN,55,19.596498,9.8465,0.0,9.793059,0.0,67.968376,1014.58,27.38,Clear sky
2024-05-08 21:00:00+00:00,SAMSUN,55,18.696499,10.896501,0.0,13.551501,3.0,69.03036,1013.9085,26.47,Overcast
2024-05-09 21:00:00+00:00,SAMSUN,55,18.2465,12.3465,10.700001,11.019764,63.0,76.9685,1013.8428,22.39,Rain: Moderate
2024-05-10 21:00:00+00:00,SAMSUN,55,18.2965,12.7465,13.7,13.755579,63.0,76.89176,1006.9883,16.39,Rain: Moderate
2024-05-11 21:00:00+00:00,SAMSUN,55,19.6465,13.4465,8.900001,20.833395,61.0,72.52539,1010.9522,18.63,Rain: Slight
2024-05-12 21:00:00+00:00,SAMSUN,55,17.9965,11.1965,1.0,20.898613,51.0,70.96917,1012.33746,23.4,Drizzle: Light
2024-05-13 21:00:00+00:00,SAMSUN,55,15.7965,10.3465,2.3999999,17.477621,51.0,69.750496,1015.6284,11.84,Drizzle: Light
2024-05-14 21:00:00+00:00,SAMSUN,55,15.896501,7.0465,0.0,11.966954,1.0,67.767494,1017.137,25.24,Mainly clear
2024-05-15 21:00:00+00:00,SAMSUN,55,15.2465,9.396501,12.099999,13.896187,63.0,77.741714,1020.0532,16.16,Rain: Moderate
2024-05-16 21:00:00+00:00,SAMSUN,55,16.2465,7.7965,0.0,12.387348,3.0,73.15867,1019.85614,26.36,Overcast
2024-05-17 21:00:00+00:00,SAMSUN,55,17.6465,10.4965,0.0,16.434305,3.0,77.756996,1017.1167,25.23,Overcast
2024-05-18 21:00:00+00:00,SAMSUN,55,17.946499,11.8465,0.0,15.1884165,3.0,75.61321,1015.5245,26.25,Overcast
2024-05-19 21:00:00+00:00,SAMSUN,55,18.2965,12.5965,0.0,14.512064,3.0,72.86818,1014.5529,27.81,Overcast
2024-05-20 21:00:00+00:00,SAMSUN,55,19.6465,11.646501,0.0,13.392774,3.0,69.69892,1014.98755,28.02,Overcast
2024-05-21 21:00:00+00:00,SAMSUN,55,20.446499,10.7965,0.0,11.808878,3.0,64.470314,1011.9892,28.26,Overcast
2024-05-22 21:00:00+00:00,SAMSUN,55,20.9965,14.0465,0.2,12.031756,51.0,74.83668,1008.13995,23.62,Drizzle: Light
2024-05-23 21:00:00+00:00,SAMSUN,55,21.7965,14.396501,6.0,18.079027,63.0,81.43711,1007.9484,17.53,Rain: Moderate
2024-05-24 21:00:00+00:00,SAMSUN,55,21.1465,14.1965,5.1999993,24.482647,55.0,83.34929,1008.6899,15.96,Drizzle: Dense
2024-05-25 21:00:00+00:00,SAMSUN,55,21.7965,15.1965,1.1000001,18.94024,53.0,76.16897,1011.23193,21.72,Drizzle: Moderate
2024-05-26 21:00:00+00:00,SAMSUN,55,18.196499,12.6965,0.70000005,13.281023,51.0,83.81332,1013.22797,15.1,Drizzle: Light
2024-05-27 21:00:00+00:00,SAMSUN,55,19.7465,16.0465,12.799999,14.48972,63.0,89.73879,1011.8011,15.25,Rain: Moderate
2024-05-28 21:00:00+00:00,SAMSUN,55,20.2965,16.0965,1.3000001,13.479583,53.0,85.458496,1011.9677,24.76,Drizzle: Moderate
2024-05-29 21:00:00+00:00,SAMSUN,55,21.7465,14.4465,12.500001,17.581125,63.0,87.441246,1010.1191,22.35,Rain: Moderate
2024-05-30 21:00:00+00:00,SAMSUN,55,23.0465,17.0465,0.0,10.97262,3.0,86.817314,1012.5703,19.52,Overcast
2024-05-31 21:00:00+00:00,SAMSUN,55,23.9965,16.3465,0.0,9.957108,3.0,77.3943,1017.01337,27.83,Overcast
2024-06-01 21:00:00+00:00,SAMSUN,55,26.0465,16.3465,0.0,11.988594,3.0,70.24895,1016.1304,28.18,Overcast
2024-06-02 21:00:00+00:00,SAMSUN,55,25.2965,17.696499,0.0,9.178235,3.0,72.70732,1014.70465,28.25,Overcast
2024-06-03 21:00:00+00:00,SAMSUN,55,25.6465,17.846498,0.0,9.449572,3.0,71.84139,1012.0459,28.11,Overcast
2024-06-04 21:00:00+00:00,SAMSUN,55,29.346498,18.9965,0.0,17.28,3.0,65.52666,1009.69806,26.3,Overcast
2024-06-05 21:00:00+00:00,SAMSUN,55,26.2965,20.2965,0.0,11.753876,2.0,72.170586,1013.0557,26.93,Partly cloudy
2024-06-06 21:00:00+00:00,SAMSUN,55,25.846498,18.946499,0.0,10.514218,3.0,69.43099,1014.5053,25.51,Overcast
2024-06-07 21:00:00+00:00,SAMSUN,55,25.596498,20.2965,0.2,11.298495,51.0,72.743095,1010.7308,20.42,Drizzle: Light
2024-06-08 21:00:00+00:00,SAMSUN,55,28.596498,19.0465,0.1,25.171696,51.0,63.17404,1009.31525,26.48,Drizzle: Light
2024-06-09 21:00:00+00:00,SAMSUN,55,28.5465,19.096498,0.0,11.246759,0.0,62.047543,1010.93976,29.07,Clear sky
2024-06-10 21:00:00+00:00,SAMSUN,55,28.7965,18.096498,0.0,15.986593,1.0,59.078266,1009.60016,29.55,Mainly clear
2024-06-11 21:00:00+00:00,SAMSUN,55,31.346498,19.696499,0.0,13.849477,3.0,54.68188,1009.3462,27.51,Overcast
2024-06-12 21:00:00+00:00,SAMSUN,55,27.9965,22.7965,0.0,10.514218,1.0,59.801823,1011.6521,27.69,Mainly clear
2024-06-13 21:00:00+00:00,SAMSUN,55,31.0465,21.596498,0.0,14.618837,3.0,62.665283,1006.9429,21.69,Overcast
2024-06-14 21:00:00+00:00,SAMSUN,55,26.9965,22.0465,3.1,29.957968,55.0,69.097336,1005.58936,21.3,Drizzle: Dense
2024-06-15 21:00:00+00:00,SAMSUN,55,24.4965,20.4965,5.499999,17.713316,55.0,82.55576,1009.9743,15.7,Drizzle: Dense
2024-06-16 21:00:00+00:00,SAMSUN,55,24.2965,19.7465,0.4,17.22742,51.0,79.68543,1013.2612,14.46,Drizzle: Light
2024-06-17 21:00:00+00:00,SAMSUN,55,25.7465,19.7465,1.2,13.246826,51.0,80.360054,1015.9688,19.27,Drizzle: Light
2024-06-18 21:00:00+00:00,SAMSUN,55,27.196499,18.7465,0.0,13.202726,3.0,69.27404,1015.623,27.94,Overcast
2024-06-19 21:00:00+00:00,SAMSUN,55,29.096498,19.7465,0.0,18.94024,2.0,66.65757,1012.88544,27.25,Partly cloudy
2024-06-20 21:00:00+00:00,SAMSUN,55,28.1465,20.3965,2.8999999,22.007162,53.0,72.58679,1013.89996,23.95,Drizzle: Moderate
2024-06-21 21:00:00+00:00,SAMSUN,55,25.946499,18.3965,0.0,13.479583,3.0,68.95643,1011.12213,29.4,Overcast
2024-06-22 21:00:00+00:00,SAMSUN,55,25.846498,19.346498,0.0,15.546833,1.0,62.497784,1008.89923,29.63,Mainly clear
2024-06-23 21:00:00+00:00,SAMSUN,55,26.7965,17.9965,0.0,16.199999,1.0,71.06554,1007.77655,29.28,Mainly clear
2024-06-24 21:00:00+00:00,SAMSUN,55,27.3965,20.2965,3.4999998,19.734436,55.0,77.64266,1009.35114,25.85,Drizzle: Dense
2024-06-25 21:00:00+00:00,SAMSUN,55,26.446499,21.0465,7.4,21.933426,63.0,71.839195,1012.4483,23.75,Rain: Moderate
2024-06-26 21:00:00+00:00,SAMSUN,55,26.0465,17.8965,0.0,16.375053,3.0,61.463596,1012.3311,27.26,Overcast
2024-06-27 21:00:00+00:00,SAMSUN,55,26.2465,17.696499,0.0,17.0763,1.0,63.46992,1009.4345,29.34,Mainly clear
2024-06-28 21:00:00+00:00,SAMSUN,55,27.946499,19.446499,2.6000001,28.988384,53.0,62.476837,1008.9397,24.69,Drizzle: Moderate
2024-06-29 21:00:00+00:00,SAMSUN,55,29.1465,20.8965,1.6,27.908709,53.0,66.89394,1009.1177,25.44,Drizzle: Moderate
2024-06-30 21:00:00+00:00,SAMSUN,55,30.6465,21.446499,0.9,29.07989,53.0,64.21186,1007.1951,26.59,Drizzle: Moderate
2024-07-01 21:00:00+00:00,SAMSUN,55,30.9965,20.7965,0.0,25.14852,1.0,61.985443,1004.1193,28.35,Mainly clear
2024-07-02 21:00:00+00:00,SAMSUN,55,28.096498,19.096498,0.0,15.815435,3.0,68.82723,1000.63873,28.68,Overcast
2024-07-03 21:00:00+00:00,SAMSUN,55,27.946499,21.2965,0.0,13.891522,3.0,75.41081,1000.71796,26.41,Overcast
2024-07-04 21:00:00+00:00,SAMSUN,55,28.346498,22.096498,4.9,24.216522,61.0,73.47416,1006.5087,18.94,Rain: Slight
2024-07-05 21:00:00+00:00,SAMSUN,55,27.096498,21.6465,12.999999,28.82249,63.0,77.63528,1009.606,14.73,Rain: Moderate
2024-07-06 21:00:00+00:00,SAMSUN,55,29.8965,23.096498,3.0,34.20568,61.0,72.640114,1008.12646,23.24,Rain: Slight
2024-07-07 21:00:00+00:00,SAMSUN,55,30.596498,22.5465,1.0,28.277763,53.0,76.45745,1007.20483,26.97,Drizzle: Moderate
2024-07-08 21:00:00+00:00,SAMSUN,55,29.3965,22.3965,0.0,13.217443,3.0,77.32311,1007.4848,24.01,Overcast
2024-07-09 21:00:00+00:00,SAMSUN,55,28.2965,22.8965,1.2,12.496718,53.0,78.66242,1007.8701,23.43,Drizzle: Moderate
2024-07-10 21:00:00+00:00,SAMSUN,55,28.8965,22.696499,0.0,14.264361,3.0,74.66356,1008.5572,25.29,Overcast
2024-07-11 21:00:00+00:00,SAMSUN,55,28.3965,22.4965,0.0,11.885453,2.0,74.86376,1007.72217,25.5,Partly cloudy
2024-07-12 21:00:00+00:00,SAMSUN,55,30.2465,22.946499,0.8,16.80857,51.0,73.45739,1005.6519,25.53,Drizzle: Light
2024-07-13 21:00:00+00:00,SAMSUN,55,32.0965,22.946499,0.0,28.533264,2.0,58.151592,1004.61163,27.82,Partly cloudy
2024-07-14 21:00:00+00:00,SAMSUN,55,32.0465,23.7465,0.0,26.867676,3.0,52.911484,1004.6824,27.53,Overcast
2024-07-15 21:00:00+00:00,SAMSUN,55,30.446499,23.846498,0.0,20.87379,3.0,66.34906,1006.2796,24.43,Overcast
2024-07-16 21:00:00+00:00,SAMSUN,55,30.7965,24.696499,0.0,14.33234,3.0,67.65692,1007.2482,23.76,Overcast
2024-07-17 21:00:00+00:00,SAMSUN,55,31.5465,24.446499,0.1,17.873556,51.0,70.597496,1007.9189,24.16,Drizzle: Light
2024-07-18 21:00:00+00:00,SAMSUN,55,34.3465,24.4965,0.0,28.551426,0.0,57.817432,1006.32,27.21,Clear sky
2024-07-19 21:00:00+00:00,SAMSUN,55,34.3465,24.1465,0.0,28.696312,1.0,60.894165,1004.87115,26.8,Mainly clear
2024-07-20 21:00:00+00:00,SAMSUN,55,30.8965,24.2965,0.0,13.896187,1.0,70.43916,1006.29987,24.74,Mainly clear
2024-07-21 21:00:00+00:00,SAMSUN,55,29.8965,24.096498,0.0,12.031756,1.0,72.616295,1006.41235,24.42,Mainly clear
2024-07-22 21:00:00+00:00,SAMSUN,55,29.7465,22.9965,1.6,17.873554,51.0,70.410934,1006.9397,24.25,Drizzle: Light
2024-07-23 21:00:00+00:00,SAMSUN,55,28.946499,23.446499,3.7,16.279802,55.0,74.64379,1005.351,22.71,Drizzle: Dense
2024-07-24 21:00:00+00:00,SAMSUN,55,28.9965,22.6465,1.7,17.727943,53.0,72.115,1002.8267,24.38,Drizzle: Moderate
2024-07-25 21:00:00+00:00,SAMSUN,55,27.346498,22.4965,8.3,13.039754,63.0,79.35595,1002.051,15.96,Rain: Moderate
2024-07-26 21:00:00+00:00,SAMSUN,55,26.596498,20.7465,16.7,27.80403,63.0,80.51925,1007.8127,18.54,Rain: Moderate
2024-07-27 21:00:00+00:00,SAMSUN,55,29.2965,21.2965,1.9,28.119204,61.0,68.15066,1014.14056,25.97,Rain: Slight
2024-07-28 21:00:00+00:00,SAMSUN,55,28.446499,18.7465,0.0,13.527572,0.0,67.77886,1011.4577,27.11,Clear sky
2024-07-29 21:00:00+00:00,SAMSUN,55,29.6465,20.7465,0.6,28.583183,51.0,66.955124,1006.77484,26.29,Drizzle: Light
2024-07-30 21:00:00+00:00,SAMSUN,55,26.8965,21.7465,2.7999997,18.0036,53.0,66.5221,1010.7321,21.11,Drizzle: Moderate
2024-07-31 21:00:00+00:00,SAMSUN,55,26.7965,20.2965,2.6000001,16.299694,53.0,74.97552,1011.5009,22.4,Drizzle: Moderate
2024-08-01 21:00:00+00:00,SAMSUN,55,27.2465,19.946499,0.0,16.746773,3.0,75.44736,1008.1724,26.22,Overcast
2024-08-02 21:00:00+00:00,SAMSUN,55,28.446499,18.346498,0.0,18.455048,3.0,73.25901,1005.1655,26.45,Overcast
2024-08-03 21:00:00+00:00,SAMSUN,55,28.696499,20.446499,0.0,13.513193,3.0,74.32527,1004.6652,24.61,Overcast
2024-08-04 21:00:00+00:00,SAMSUN,55,29.446499,20.696499,2.0,17.193533,55.0,69.56726,1006.51,22.45,Drizzle: Dense
2024-08-05 21:00:00+00:00,SAMSUN,55,27.0465,22.2965,13.900001,16.516901,65.0,77.495125,1007.15497,17.42,Rain: Heavy
2024-08-06 21:00:00+00:00,SAMSUN,55,28.0465,21.5465,2.1000001,15.111424,51.0,70.24985,1008.29736,20.51,Drizzle: Light
2024-08-07 21:00:00+00:00,SAMSUN,55,27.946499,22.1465,2.1999998,16.676977,51.0,74.88726,1010.6469,20.98,Drizzle: Light
2024-08-08 21:00:00+00:00,SAMSUN,55,28.6465,22.2965,0.0,16.039202,1.0,74.78275,1010.19196,25.19,Mainly clear
2024-08-09 21:00:00+00:00,SAMSUN,55,29.846498,22.4965,3.9999998,18.430452,55.0,73.22665,1010.782,22.91,Drizzle: Dense
2024-08-10 21:00:00+00:00,SAMSUN,55,31.446499,22.3965,5.4,21.316135,61.0,68.66781,1012.4427,21.94,Rain: Slight
2024-08-11 21:00:00+00:00,SAMSUN,55,31.096498,21.946499,1.9000001,20.674158,53.0,68.00092,1011.5927,23.44,Drizzle: Moderate
2024-08-12 21:00:00+00:00,SAMSUN,55,28.8965,20.9965,0.7,14.336861,51.0,72.674965,1011.3049,23.13,Drizzle: Light
2024-08-13 21:00:00+00:00,SAMSUN,55,29.3965,20.2965,1.7,16.62249,53.0,69.881516,1012.23553,23.49,Drizzle: Moderate
2024-08-14 21:00:00+00:00,SAMSUN,55,27.596498,21.596498,2.2,16.965895,51.0,75.092415,1013.60016,19.71,Drizzle: Light
2024-08-15 21:00:00+00:00,SAMSUN,55,27.9965,22.346498,4.1,24.74329,63.0,60.687252,1013.4546,23.4,Rain: Moderate
2024-08-16 21:00:00+00:00,SAMSUN,55,29.3965,20.7465,0.9000001,22.007162,53.0,59.838856,1010.8913,23.71,Drizzle: Moderate
2024-08-17 21:00:00+00:00,SAMSUN,55,29.196499,21.8965,1.6999999,14.264361,53.0,66.69535,1008.2127,24.02,Drizzle: Moderate
2024-08-18 21:00:00+00:00,SAMSUN,55,28.6465,21.0465,0.4,14.386494,51.0,73.8368,1007.08795,22.68,Drizzle: Light
2024-08-19 21:00:00+00:00,SAMSUN,55,29.446499,22.1465,0.1,15.021105,51.0,77.227356,1008.4263,22.17,Drizzle: Light
2024-08-20 21:00:00+00:00,SAMSUN,55,29.096498,22.2965,0.6,15.281989,51.0,80.0252,1005.0931,21.77,Drizzle: Light
2024-08-21 21:00:00+00:00,SAMSUN,55,29.2965,23.4965,1.7000002,20.240196,53.0,77.04026,1004.29474,17.89,Drizzle: Moderate
2024-08-22 21:00:00+00:00,SAMSUN,55,31.5465,23.0465,0.0,20.545246,3.0,67.00627,1008.84717,20.47,Overcast
2024-08-23 21:00:00+00:00,SAMSUN,55,29.9965,23.196499,12.1,21.325253,63.0,72.088905,1010.9052,17.81,Rain: Moderate
2024-08-24 21:00:00+00:00,SAMSUN,55,26.2965,21.3965,32.2,19.134262,65.0,82.90059,1007.4727,11.13,Rain: Heavy
2024-08-25 21:00:00+00:00,SAMSUN,55,28.3965,21.0465,6.3999996,13.363711,61.0,76.194466,1006.85785,17.93,Rain: Slight
2024-08-26 21:00:00+00:00,SAMSUN,55,26.596498,20.446499,0.0,13.004922,3.0,79.95322,1008.90936,18.71,Overcast
2024-08-27 21:00:00+00:00,SAMSUN,55,26.2465,22.596498,1.1000001,12.768586,51.0,81.42615,1011.94507,10.29,Drizzle: Light
2024-08-28 21:00:00+00:00,SAMSUN,55,26.4965,21.8965,0.0,11.792404,3.0,82.18942,1009.99347,15.72,Overcast
2024-08-29 21:00:00+00:00,SAMSUN,55,27.696499,22.3965,4.9999995,13.397612,63.0,83.22442,1008.3054,15.18,Rain: Moderate
2024-08-30 21:00:00+00:00,SAMSUN,55,27.2465,20.9965,0.3,11.720751,51.0,82.8263,1008.62714,19.94,Drizzle: Light
2024-08-31 21:00:00+00:00,SAMSUN,55,27.196499,20.446499,0.0,13.324863,3.0,82.189964,1007.80786,20.28,Overcast
2024-09-01 21:00:00+00:00,SAMSUN,55,28.596498,21.446499,0.0,12.261158,3.0,77.23984,1008.3829,19.41,Overcast
2024-09-02 21:00:00+00:00,SAMSUN,55,26.6465,22.1465,2.3,10.028439,53.0,81.20554,1011.8984,15.43,Drizzle: Moderate
2024-09-03 21:00:00+00:00,SAMSUN,55,27.196499,21.2465,2.1,18.161278,53.0,80.84385,1011.06714,16.96,Drizzle: Moderate
2024-09-04 21:00:00+00:00,SAMSUN,55,25.946499,20.3965,5.0,13.797912,55.0,81.82002,1011.0535,16.16,Drizzle: Dense
2024-09-05 21:00:00+00:00,SAMSUN,55,25.8965,19.696499,2.7999995,13.363711,61.0,82.15835,1012.10547,18.71,Rain: Slight
2024-09-06 21:00:00+00:00,SAMSUN,55,25.096498,19.7465,8.5,13.5515,63.0,85.094734,1012.30536,17.22,Rain: Moderate
2024-09-07 21:00:00+00:00,SAMSUN,55,26.0465,19.946499,1.4,12.758432,53.0,81.1504,1010.24994,15.15,Drizzle: Moderate
2024-09-08 21:00:00+00:00,SAMSUN,55,25.2465,20.0465,17.700003,10.685391,65.0,84.838264,1010.15894,15.97,Rain: Heavy
2024-09-09 21:00:00+00:00,SAMSUN,55,30.196499,20.946499,0.0,16.09969,3.0,78.89587,1005.7105,19.93,Overcast
2024-09-10 21:00:00+00:00,SAMSUN,55,29.196499,21.346498,0.0,12.031756,1.0,73.1306,1004.03265,20.19,Mainly clear
2024-09-11 21:00:00+00:00,SAMSUN,55,29.196499,21.196499,0.1,17.28,51.0,75.17244,1008.53534,16.64,Drizzle: Light
2024-09-12 21:00:00+00:00,SAMSUN,55,28.1465,22.1465,0.70000005,16.199999,51.0,76.61465,1009.3181,18.32,Drizzle: Light
2024-09-13 21:00:00+00:00,SAMSUN,55,29.7465,21.1465,0.0,12.88981,1.0,72.23299,1005.9009,20.01,Mainly clear
2024-09-14 21:00:00+00:00,SAMSUN,55,28.4965,20.7465,0.0,14.118243,3.0,76.16346,1003.30444,19.07,Overcast
2024-09-15 21:00:00+00:00,SAMSUN,55,24.9965,20.596498,17.7,26.596178,63.0,76.3839,1004.843,10.27,Rain: Moderate
2024-09-16 21:00:00+00:00,SAMSUN,55,25.8965,18.346498,0.0,15.256526,3.0,68.91689,1011.7627,14.98,Overcast
2024-09-17 21:00:00+00:00,SAMSUN,55,25.596498,17.7465,0.4,11.753876,51.0,72.43035,1013.9339,15.84,Drizzle: Light
2024-09-18 21:00:00+00:00,SAMSUN,55,21.6465,18.6465,10.000001,10.041354,63.0,87.04833,1012.4964,5.7,Rain: Moderate
2024-09-19 21:00:00+00:00,SAMSUN,55,23.2965,17.2965,5.3999996,16.78156,61.0,80.18956,1011.9108,13.49,Rain: Slight
2024-09-20 21:00:00+00:00,SAMSUN,55,24.196499,17.2465,0.3,18.775303,51.0,71.51606,1011.7036,15.07,Drizzle: Light
2024-09-21 21:00:00+00:00,SAMSUN,55,22.596498,15.646501,6.4,13.783817,61.0,76.91907,1010.6626,9.48,Rain: Slight
2024-09-22 21:00:00+00:00,SAMSUN,55,22.1465,18.346498,18.3,17.0763,63.0,75.72198,1008.7739,6.98,Rain: Moderate
2024-09-23 21:00:00+00:00,SAMSUN,55,25.5465,17.9965,1.6000001,19.386593,53.0,70.87429,1013.445,16.43,Drizzle: Moderate
2024-09-24 21:00:00+00:00,SAMSUN,55,23.3965,16.7465,0.3,11.079873,51.0,81.55515,1016.3562,15.9,Drizzle: Light
2024-09-25 21:00:00+00:00,SAMSUN,55,23.7465,17.2965,0.2,13.719023,51.0,83.18063,1015.81,17.21,Drizzle: Light
2024-09-26 21:00:00+00:00,SAMSUN,55,23.446499,16.6465,0.4,14.978984,51.0,83.0562,1015.1665,17.42,Drizzle: Light
2024-09-27 21:00:00+00:00,SAMSUN,55,24.5465,16.4965,0.0,12.313893,3.0,82.014366,1012.81036,17.74,Overcast
2024-09-28 21:00:00+00:00,SAMSUN,55,24.3965,16.946499,0.0,10.739832,3.0,81.59872,1006.2601,17.54,Overcast
2024-09-29 21:00:00+00:00,SAMSUN,55,24.096498,17.8965,15.5,19.692526,63.0,82.24171,1003.4521,12.98,Rain: Moderate
2024-09-30 21:00:00+00:00,SAMSUN,55,23.2965,15.7965,20.4,13.671707,63.0,77.99056,1004.83496,15.0,Rain: Moderate
2024-10-01 21:00:00+00:00,SAMSUN,55,22.1465,15.6965,0.90000004,15.742541,53.0,71.94453,1008.89746,9.18,Drizzle: Moderate
2024-10-02 21:00:00+00:00,SAMSUN,55,23.5465,14.5465,0.0,15.463244,3.0,79.68739,1014.61725,16.41,Overcast
2024-10-03 21:00:00+00:00,SAMSUN,55,25.096498,15.4965,0.0,13.044722,3.0,80.57365,1014.65375,16.55,Overcast
2024-10-04 21:00:00+00:00,SAMSUN,55,26.2965,17.7465,0.0,12.906138,2.0,77.44752,1012.72577,16.37,Partly cloudy
2024-10-05 21:00:00+00:00,SAMSUN,55,30.0465,17.2965,0.0,16.525724,1.0,72.033936,1008.4764,16.58,Mainly clear
2024-10-06 21:00:00+00:00,SAMSUN,55,25.6465,17.196499,1.5,19.639805,53.0,77.08301,1011.2763,13.92,Drizzle: Moderate
2024-10-07 21:00:00+00:00,SAMSUN,55,20.6465,18.5465,6.0,10.137692,61.0,88.27647,1018.8389,6.26,Rain: Slight
2024-10-08 21:00:00+00:00,SAMSUN,55,25.446499,16.9965,0.0,14.383114,2.0,84.84653,1012.9532,15.54,Partly cloudy
2024-10-09 21:00:00+00:00,SAMSUN,55,23.6465,17.4965,0.0,10.399576,3.0,77.25362,1009.0334,11.35,Overcast
2024-10-10 21:00:00+00:00,SAMSUN,55,23.1465,16.2465,0.0,10.948973,3.0,80.24856,1009.70807,14.23,Overcast
2024-10-11 21:00:00+00:00,SAMSUN,55,25.446499,17.3965,0.0,11.634741,3.0,80.847595,1009.56226,13.71,Overcast
2024-10-12 21:00:00+00:00,SAMSUN,55,20.2965,17.446499,27.800001,14.178927,63.0,90.44537,1013.08453,3.75,Rain: Moderate
2024-10-13 21:00:00+00:00,SAMSUN,55,18.4965,16.7965,8.9,10.094454,61.0,89.90366,1015.8588,3.4,Rain: Slight
2024-10-14 21:00:00+00:00,SAMSUN,55,19.7965,13.896501,0.1,10.717182,51.0,83.05226,1017.9275,12.39,Drizzle: Light
2024-10-15 21:00:00+00:00,SAMSUN,55,20.4965,13.646501,0.0,21.03229,3.0,79.894295,1016.9545,10.82,Overcast
2024-10-16 21:00:00+00:00,SAMSUN,55,16.2965,11.5465,1.1,22.828087,53.0,73.5138,1018.0832,11.11,Drizzle: Moderate
2024-10-17 21:00:00+00:00,SAMSUN,55,14.896501,8.6965,2.0,23.215115,53.0,72.775444,1018.76324,11.15,Drizzle: Moderate
2024-10-18 21:00:00+00:00,SAMSUN,55,15.9465,8.2965,0.6,17.673029,51.0,70.581215,1019.86426,12.77,Drizzle: Light
2024-10-19 21:00:00+00:00,SAMSUN,55,14.0965,10.9465,1.8000002,18.818396,51.0,72.74624,1023.7192,5.63,Drizzle: Light
2024-10-20 21:00:00+00:00,SAMSUN,55,13.4965,11.2465,16.0,21.48645,63.0,81.14951,1025.5596,2.49,Rain: Moderate
2024-10-21 21:00:00+00:00,SAMSUN,55,15.396501,10.1965,3.5,18.675812,53.0,77.48879,1027.4324,8.91,Drizzle: Moderate
2024-10-22 21:00:00+00:00,SAMSUN,55,15.896501,10.146501,0.3,7.42159,51.0,78.08651,1028.6279,8.0,Drizzle: Light
2024-10-23 21:00:00+00:00,SAMSUN,55,16.6465,8.9965,0.7,12.242646,51.0,79.44024,1027.0398,9.75,Drizzle: Light
2024-10-24 21:00:00+00:00,SAMSUN,55,16.9965,11.4965,1.3000001,11.13384,51.0,80.32769,1024.8434,7.48,Drizzle: Light
2024-10-25 21:00:00+00:00,SAMSUN,55,16.196499,11.3465,2.8999999,15.683774,53.0,82.52966,1025.4591,6.5,Drizzle: Moderate
2024-10-26 21:00:00+00:00,SAMSUN,55,16.5465,9.646501,0.3,15.379206,51.0,82.99482,1026.0175,12.47,Drizzle: Light
2024-10-27 21:00:00+00:00,SAMSUN,55,17.2465,8.9965,0.0,12.514855,3.0,77.374306,1021.7229,12.75,Overcast
2024-10-28 21:00:00+00:00,SAMSUN,55,17.4965,9.8465,0.0,10.819482,3.0,77.21022,1020.66846,10.34,Overcast
2024-10-29 21:00:00+00:00,SAMSUN,55,16.3965,10.6965,6.7999997,12.961249,61.0,85.950806,1019.68506,5.37,Rain: Slight
2024-10-30 21:00:00+00:00,SAMSUN,55,17.446499,11.2465,1.9000002,11.881363,51.0,85.345695,1020.00055,9.48,Drizzle: Light
2024-10-31 21:00:00+00:00,SAMSUN,55,17.2465,10.7965,0.0,9.473541,3.0,83.14627,1021.93066,9.89,Overcast
2024-11-01 21:00:00+00:00,SAMSUN,55,21.446499,11.0465,0.0,16.674063,3.0,76.404594,1016.9407,10.82,Overcast
2024-11-02 21:00:00+00:00,SAMSUN,55,13.5465,9.2465,21.5,20.532627,63.0,80.24787,1021.15094,1.62,Rain: Moderate
2024-11-03 21:00:00+00:00,SAMSUN,55,15.0965,5.8964996,0.3,11.592894,51.0,73.87832,1021.1758,11.04,Drizzle: Light
2024-11-04 21:00:00+00:00,SAMSUN,55,10.9965,4.9965,4.9999995,17.534992,55.0,77.80282,1025.6229,5.0,Drizzle: Dense
2024-11-05 21:00:00+00:00,SAMSUN,55,11.7465,4.4965,0.0,11.132385,3.0,76.03964,1030.8268,10.37,Overcast
2024-11-06 21:00:00+00:00,SAMSUN,55,13.4465,3.8465,0.0,14.508715,2.0,75.75632,1032.6606,11.21,Partly cloudy
2024-11-07 21:00:00+00:00,SAMSUN,55,14.5465,5.3964996,0.0,11.638917,3.0,78.53457,1028.6798,10.56,Overcast
2024-11-08 21:00:00+00:00,SAMSUN,55,14.4465,6.7965,0.0,14.512064,3.0,79.06574,1024.3827,10.53,Overcast
2024-11-09 21:00:00+00:00,SAMSUN,55,14.7965,6.3465004,0.0,11.341428,3.0,82.092224,1021.388,10.15,Overcast
2024-11-10 21:00:00+00:00,SAMSUN,55,15.1965,9.2965,0.0,9.688281,3.0,82.368835,1020.53766,6.76,Overcast
2024-11-11 21:00:00+00:00,SAMSUN,55,15.5465,10.1965,0.0,12.229406,3.0,84.74248,1023.05756,9.02,Overcast
2024-11-12 21:00:00+00:00,SAMSUN,55,15.9965,9.4465,0.0,12.870944,3.0,85.25677,1022.0191,9.58,Overcast
2024-11-13 21:00:00+00:00,SAMSUN,55,16.7965,7.8465004,0.0,10.316686,3.0,81.58123,1019.44995,8.43,Overcast
2024-11-14 21:00:00+00:00,SAMSUN,55,15.4465,8.9465,1.1,9.418662,51.0,85.12221,1013.94745,5.11,Drizzle: Light
2024-11-15 21:00:00+00:00,SAMSUN,55,12.146501,9.4965,5.199999,19.530622,55.0,88.410515,1017.75653,2.32,Drizzle: Dense
2024-11-16 21:00:00+00:00,SAMSUN,55,14.1965,5.3465004,0.0,11.196231,3.0,82.09093,1015.6772,9.79,Overcast
2024-11-17 21:00:00+00:00,SAMSUN,55,15.9465,9.9965,1.8000001,11.919479,53.0,82.75804,1009.40967,5.37,Drizzle: Moderate
2024-11-18 21:00:00+00:00,SAMSUN,55,15.5465,9.7965,3.8999999,10.1902895,61.0,89.023186,1015.7414,6.79,Rain: Slight
2024-11-19 21:00:00+00:00,SAMSUN,55,19.946499,8.7465,0.0,17.063011,3.0,75.28441,1012.3586,9.66,Overcast
2024-11-20 21:00:00+00:00,SAMSUN,55,23.1465,11.7465,0.0,38.525887,3.0,49.132473,1005.66266,9.19,Overcast
2024-11-21 21:00:00+00:00,SAMSUN,55,18.2465,10.896501,14.7,19.777897,63.0,83.43067,1014.4693,6.02,Rain: Moderate
2024-11-22 21:00:00+00:00,SAMSUN,55,23.6465,7.8465004,6.6,28.348713,61.0,60.178997,1009.5061,7.47,Rain: Slight
2024-11-23 21:00:00+00:00,SAMSUN,55,7.3465004,4.4465,34.199997,20.251398,71.0,85.33707,1020.48004,1.79,Snow fall: Slight
2024-11-24 21:00:00+00:00,SAMSUN,55,6.0465,3.8465,12.4,21.660664,61.0,78.01517,1020.18866,3.36,Rain: Slight
2024-11-25 21:00:00+00:00,SAMSUN,55,8.0465,4.1464996,11.900001,20.880775,61.0,83.78695,1017.9851,2.4,Rain: Slight
2024-11-26 21:00:00+00:00,SAMSUN,55,8.9465,3.2965,0.0,23.05476,3.0,61.72847,1021.97516,8.94,Overcast
2024-11-27 21:00:00+00:00,SAMSUN,55,9.4965,4.8465,0.0,26.347105,3.0,61.51169,1024.9474,2.51,Overcast
2024-11-28 21:00:00+00:00,SAMSUN,55,12.396501,5.5465,0.0,19.228851,3.0,67.81168,1024.0823,7.57,Overcast
2024-11-29 21:00:00+00:00,SAMSUN,55,12.8465,3.9965,0.0,20.88698,3.0,66.37925,1026.1167,8.95,Overcast
2024-11-30 21:00:00+00:00,SAMSUN,55,12.0965,3.0965,0.0,16.712881,3.0,67.84388,1025.2257,8.3,Overcast
2024-12-01 21:00:00+00:00,SAMSUN,55,11.9965,2.3965,0.0,18.999168,0.0,64.51717,1021.2486,8.79,Clear sky
2024-12-02 21:00:00+00:00,SAMSUN,55,12.7465,2.0965,0.0,19.681828,0.0,58.14632,1017.0378,8.97,Clear sky
2024-12-03 21:00:00+00:00,SAMSUN,55,12.8465,4.8465,1.5000001,16.204998,53.0,61.619938,1016.3303,3.86,Drizzle: Moderate
2024-12-04 21:00:00+00:00,SAMSUN,55,13.7465,6.3964996,1.5,13.5012,55.0,78.470764,1021.833,7.44,Drizzle: Dense
2024-12-05 21:00:00+00:00,SAMSUN,55,12.646501,5.0465,0.0,14.004185,3.0,86.17913,1024.0135,8.2,Overcast
2024-12-06 21:00:00+00:00,SAMSUN,55,17.3965,7.6965,0.0,16.348322,3.0,59.801895,1018.0774,8.24,Overcast
2024-12-07 21:00:00+00:00,SAMSUN,55,18.846498,11.5465,0.0,17.640919,3.0,57.075512,1013.3535,6.57,Overcast
2024-12-08 21:00:00+00:00,SAMSUN,55,20.7965,13.2965,0.0,23.1774,3.0,55.417145,1016.7905,7.83,Overcast
2024-12-09 21:00:00+00:00,SAMSUN,55,19.946499,13.2965,0.0,26.435497,3.0,63.76618,1018.5908,7.53,Overcast
2024-12-10 21:00:00+00:00,SAMSUN,55,18.4965,10.4965,5.7000003,21.786694,61.0,75.26363,1016.4304,6.12,Rain: Slight
2024-12-11 21:00:00+00:00,SAMSUN,55,12.0465,7.5965004,11.700002,12.599998,63.0,90.42925,1017.8162,5.93,Rain: Moderate
2024-12-12 21:00:00+00:00,SAMSUN,55,9.7465,3.3964999,4.9,24.881702,71.0,81.98171,1022.4008,3.96,Snow fall: Slight
2024-12-13 21:00:00+00:00,SAMSUN,55,7.0465,2.5465,0.70000005,13.466357,71.0,62.73019,1031.3256,7.61,Snow fall: Slight
2024-12-14 21:00:00+00:00,SAMSUN,55,12.4965,3.5965,0.1,28.431454,51.0,42.465946,1018.7766,5.05,Drizzle: Light
2024-12-15 21:00:00+00:00,SAMSUN,55,9.896501,4.5965,6.7,17.309975,61.0,79.47318,1022.2708,3.52,Rain: Slight
2024-12-16 21:00:00+00:00,SAMSUN,55,14.4465,5.3465004,0.0,24.71512,3.0,57.81458,1022.43146,7.63,Overcast
2024-12-17 21:00:00+00:00,SAMSUN,55,14.9965,6.5465,0.0,25.848024,3.0,62.62276,1021.565,6.94,Overcast
2024-12-18 21:00:00+00:00,SAMSUN,55,12.9465,4.0465,0.0,15.053425,1.0,78.39236,1020.0279,7.98,Mainly clear
2024-12-19 21:00:00+00:00,SAMSUN,55,16.3465,6.6965,0.0,20.099642,3.0,59.786793,1011.99335,8.13,Overcast
2024-12-20 21:00:00+00:00,SAMSUN,55,17.446499,9.7965,3.8999999,25.103384,63.0,52.667416,1010.5306,7.71,Rain: Moderate
2024-12-21 21:00:00+00:00,SAMSUN,55,14.896501,6.8465004,1.7,14.896563,53.0,74.56109,1009.9656,6.49,Drizzle: Moderate
2024-12-22 21:00:00+00:00,SAMSUN,55,11.646501,5.4965,0.1,16.80857,51.0,84.35625,1011.4177,4.67,Drizzle: Light
2024-12-23 21:00:00+00:00,SAMSUN,55,17.6465,7.3465004,0.0,18.59845,3.0,69.656334,1009.749,6.64,Overcast
2024-12-24 21:00:00+00:00,SAMSUN,55,17.3965,9.2965,3.4,15.342294,61.0,66.95356,1013.5283,3.8,Rain: Slight
2024-12-25 21:00:00+00:00,SAMSUN,55,18.0465,7.4965,0.0,18.414625,3.0,74.429115,1015.72614,7.55,Overcast
2024-12-26 21:00:00+00:00,SAMSUN,55,9.9465,7.6965,1.7000002,15.062033,51.0,88.35354,1016.94476,2.12,Drizzle: Light
2024-12-27 21:00:00+00:00,SAMSUN,55,9.896501,7.4965,2.2,14.068816,53.0,81.78043,1018.39716,2.84,Drizzle: Moderate
2024-12-28 21:00:00+00:00,SAMSUN,55,8.9965,6.7465,0.1,8.936778,51.0,85.534294,1022.6677,2.85,Drizzle: Light
2024-12-29 21:00:00+00:00,SAMSUN,55,7.5465,6.6965,3.3,10.32924,51.0,90.501945,1024.4008,1.53,Drizzle: Light
2024-12-30 21:00:00+00:00,SAMSUN,55,9.2965,2.0965,0.0,9.807935,3.0,79.90068,1029.1215,5.72,Overcast
2024-12-31 21:00:00+00:00,SAMSUN,55,11.6965,2.2465,0.0,19.42833,0.0,72.73922,1031.0339,8.31,Clear sky
2025-01-01 21:00:00+00:00,SAMSUN,55,15.9465,4.5465,0.0,25.697166,0.0,49.526108,1025.372,8.68,Clear sky
2025-01-02 21:00:00+00:00,SAMSUN,55,15.0465,6.8964996,0.0,22.437273,3.0,52.56137,1019.7144,8.25,Overcast
2025-01-03 21:00:00+00:00,SAMSUN,55,17.096498,9.4465,1.1,29.661245,53.0,59.636734,1015.9732,5.23,Drizzle: Moderate
2025-01-04 21:00:00+00:00,SAMSUN,55,9.1965,4.0965,8.500001,13.83192,53.0,91.200905,1021.1933,1.29,Drizzle: Moderate
2025-01-05 21:00:00+00:00,SAMSUN,55,10.9465,1.8464999,0.0,15.413928,1.0,82.28448,1022.0571,8.29,Mainly clear
2025-01-06 21:00:00+00:00,SAMSUN,55,17.1465,7.1965,0.0,22.416323,3.0,53.01624,1021.4624,8.46,Overcast
2025-01-07 21:00:00+00:00,SAMSUN,55,17.596498,9.2465,0.0,18.899143,3.0,55.81264,1020.54047,7.12,Overcast
2025-01-08 21:00:00+00:00,SAMSUN,55,18.3965,7.9965,0.0,24.693481,0.0,63.96577,1020.7697,8.47,Clear sky
2025-01-09 21:00:00+00:00,SAMSUN,55,17.096498,7.6464996,0.0,20.88698,3.0,62.23776,1014.4182,8.81,Overcast
2025-01-10 21:00:00+00:00,SAMSUN,55,17.6465,7.0465,0.0,19.881649,3.0,57.45933,1013.237,8.76,Overcast
2025-01-11 21:00:00+00:00,SAMSUN,55,13.146501,7.6464996,4.1000004,13.130133,61.0,81.02444,1015.9146,6.72,Rain: Slight
2025-01-12 21:00:00+00:00,SAMSUN,55,13.5965,7.4965,1.7000002,17.349236,51.0,81.10672,1020.8862,4.82,Drizzle: Light
2025-01-13 21:00:00+00:00,SAMSUN,55,7.4465,5.7465,7.4,8.863972,61.0,91.24552,1027.7787,1.49,Rain: Slight
2025-01-14 21:00:00+00:00,SAMSUN,55,8.3465,5.3964996,1.4000001,10.440001,51.0,89.394615,1022.40967,3.12,Drizzle: Light
2025-01-15 21:00:00+00:00,SAMSUN,55,8.5465,6.1464996,7.5,12.324414,63.0,92.03024,1026.7493,1.89,Rain: Moderate
2025-01-16 21:00:00+00:00,SAMSUN,55,9.646501,3.1965,0.2,11.843124,51.0,81.4979,1032.132,4.64,Drizzle: Light
2025-01-17 21:00:00+00:00,SAMSUN,55,10.2465,3.1464999,0.0,10.564941,3.0,70.10702,1024.9001,3.34,Overcast
2025-01-18 21:00:00+00:00,SAMSUN,55,12.0965,4.4965,2.5,19.89631,55.0,71.948265,1019.1572,6.09,Drizzle: Dense
2025-01-19 21:00:00+00:00,SAMSUN,55,8.3465,2.1964998,1.4000001,12.85205,53.0,80.45727,1024.8978,5.69,Drizzle: Moderate
2025-01-20 21:00:00+00:00,SAMSUN,55,12.8465,2.0465,0.0,15.072783,3.0,65.39013,1022.36017,10.01,Overcast
2025-01-21 21:00:00+00:00,SAMSUN,55,14.896501,4.5965,0.0,18.466455,3.0,50.243122,1017.59906,6.7,Overcast
2025-01-22 21:00:00+00:00,SAMSUN,55,11.5465,7.2965,4.7999997,18.720863,53.0,77.70818,1018.2876,1.76,Drizzle: Moderate
2025-01-23 21:00:00+00:00,SAMSUN,55,14.1965,5.7965,0.2,17.46,51.0,75.39435,1019.1744,9.71,Drizzle: Light
2025-01-24 21:00:00+00:00,SAMSUN,55,15.896501,6.8964996,0.6,17.725203,53.0,70.5366,1018.5577,5.44,Drizzle: Moderate
2025-01-25 21:00:00+00:00,SAMSUN,55,12.4965,6.8465004,8.2,11.200571,63.0,89.07427,1024.13,7.28,Rain: Moderate
2025-01-26 21:00:00+00:00,SAMSUN,55,13.3465,4.1965,0.0,17.769016,3.0,81.129,1022.5777,10.58,Overcast
2025-01-27 21:00:00+00:00,SAMSUN,55,17.5465,6.3465004,0.0,23.507751,3.0,57.89616,1019.3461,10.77,Overcast
2025-01-28 21:00:00+00:00,SAMSUN,55,18.4965,8.6465,0.0,28.128996,0.0,48.67563,1020.4277,10.93,Clear sky
2025-01-29 21:00:00+00:00,SAMSUN,55,17.946499,6.0465,0.0,22.240019,3.0,58.94277,1022.8323,11.1,Overcast
2025-01-30 21:00:00+00:00,SAMSUN,55,12.5465,4.1965,0.0,10.957846,3.0,74.71587,1021.0622,10.12,Overcast
2025-01-31 21:00:00+00:00,SAMSUN,55,14.0465,3.9465,0.0,13.246826,3.0,67.55357,1023.49896,10.66,Overcast
2025-02-01 21:00:00+00:00,SAMSUN,55,12.146501,3.5965,0.8,12.097553,51.0,81.864296,1024.3207,9.24,Drizzle: Light
2025-02-02 21:00:00+00:00,SAMSUN,55,12.9965,5.6464996,0.0,13.248049,3.0,84.03394,1017.5242,11.18,Overcast
2025-02-03 21:00:00+00:00,SAMSUN,55,8.3465,2.9464998,8.900002,17.95765,61.0,86.82145,1021.7879,2.06,Rain: Slight
2025-02-04 21:00:00+00:00,SAMSUN,55,4.9465,2.1964998,6.7,12.74954,73.0,87.720695,1021.05664,4.6,Snow fall: Moderate
2025-02-05 21:00:00+00:00,SAMSUN,55,4.8964996,1.0465,5.5,25.853039,73.0,78.69443,1020.53076,9.3,Snow fall: Moderate
2025-02-06 21:00:00+00:00,SAMSUN,55,6.2465,3.2965,9.699999,20.83184,73.0,81.833534,1023.9139,3.66,Snow fall: Moderate
2025-02-07 21:00:00+00:00,SAMSUN,55,6.6464996,3.2465,2.8,15.338071,61.0,77.098404,1027.7067,6.6,Rain: Slight
2025-02-08 21:00:00+00:00,SAMSUN,55,6.9965,1.9965,0.8,11.612441,53.0,79.11002,1024.2296,5.66,Drizzle: Moderate
2025-02-09 21:00:00+00:00,SAMSUN,55,5.2465,2.6465,3.7,14.913952,53.0,87.481926,1023.88153,2.92,Drizzle: Moderate
2025-02-10 21:00:00+00:00,SAMSUN,55,4.7965,2.3465,2.4,10.210936,51.0,89.34754,1025.628,2.45,Drizzle: Light
2025-02-11 21:00:00+00:00,SAMSUN,55,7.0465,2.7965,4.0999994,6.7397914,73.0,89.53451,1023.95996,3.28,Snow fall: Moderate
2025-02-12 21:00:00+00:00,SAMSUN,55,6.1464996,4.1965,7.8,24.518353,55.0,90.163704,1022.2775,1.94,Drizzle: Dense
2025-02-13 21:00:00+00:00,SAMSUN,55,10.396501,-0.25349998,0.0,16.825909,3.0,73.12713,1021.76074,13.17,Overcast
2025-02-14 21:00:00+00:00,SAMSUN,55,13.9465,4.4465,0.0,28.644896,3.0,54.274414,1016.1994,13.15,Overcast
2025-02-15 21:00:00+00:00,SAMSUN,55,10.0465,4.5965,0.5,13.822546,51.0,84.848,1016.0955,8.41,Drizzle: Light
2025-02-16 21:00:00+00:00,SAMSUN,55,8.2965,4.9965,5.5000005,13.184308,53.0,90.6626,1016.116,5.25,Drizzle: Moderate
2025-02-17 21:00:00+00:00,SAMSUN,55,4.4465,1.5465,17.000002,13.062098,75.0,93.62676,1020.1961,3.0,Snow fall: Heavy
2025-02-18 21:00:00+00:00,SAMSUN,55,2.9464998,1.1465,3.7999995,11.701385,73.0,83.53313,1022.92236,6.62,Snow fall: Moderate
2025-02-19 21:00:00+00:00,SAMSUN,55,2.0965,-1.2535,5.2,17.229301,73.0,83.3433,1025.3529,7.75,Snow fall: Moderate
2025-02-20 21:00:00+00:00,SAMSUN,55,1.0465,-3.6035001,3.7999992,11.901798,75.0,75.0759,1026.2045,11.89,Snow fall: Heavy
2025-02-21 21:00:00+00:00,SAMSUN,55,0.09649998,-4.0035,1.6000001,20.34,73.0,73.60333,1025.8615,13.96,Snow fall: Moderate
2025-02-22 21:00:00+00:00,SAMSUN,55,0.6465,-6.9034996,4.7,19.287737,73.0,73.56953,1028.1074,14.58,Snow fall: Moderate
2025-02-23 21:00:00+00:00,SAMSUN,55,2.0965,-7.1534996,6.5,22.678572,75.0,69.7136,1028.4987,11.22,Snow fall: Heavy
2025-02-24 21:00:00+00:00,SAMSUN,55,4.9965,-5.9034996,0.0,23.563505,3.0,62.148697,1022.86646,15.07,Overcast
2025-02-25 21:00:00+00:00,SAMSUN,55,4.2465,-5.0535,0.0,11.681987,3.0,78.867,1022.5701,15.09,Overcast
2025-02-26 21:00:00+00:00,SAMSUN,55,4.1965,-3.7535002,0.0,13.15971,2.0,79.56931,1024.2938,16.65,Partly cloudy
2025-02-27 21:00:00+00:00,SAMSUN,55,6.3964996,-1.9035001,0.8000001,6.4924874,51.0,82.05857,1021.05206,9.0,Drizzle: Light
2025-02-28 21:00:00+00:00,SAMSUN,55,8.0465,3.2965,0.0,10.404249,3.0,86.403046,1023.7595,13.31,Overcast
2025-03-01 21:00:00+00:00,SAMSUN,55,7.5465,0.5965,0.0,8.019601,3.0,84.32619,1022.14844,15.03,Overcast
2025-03-02 21:00:00+00:00,SAMSUN,55,7.4465,4.2965,5.4999995,12.461669,53.0,88.330376,1020.4182,4.39,Drizzle: Moderate
2025-03-03 21:00:00+00:00,SAMSUN,55,7.1464996,2.5465,0.1,9.847496,51.0,83.0247,1025.0304,8.35,Drizzle: Light
2025-03-04 21:00:00+00:00,SAMSUN,55,9.896501,1.4965,0.0,12.730467,3.0,83.90089,1025.7401,16.51,Overcast
2025-03-05 21:00:00+00:00,SAMSUN,55,13.7465,1.4965,0.0,11.854062,3.0,72.82472,1026.9218,16.96,Overcast
2025-03-06 21:00:00+00:00,SAMSUN,55,13.6965,2.9965,0.0,11.712454,0.0,70.85148,1023.884,16.72,Clear sky
2025-03-07 21:00:00+00:00,SAMSUN,55,11.2965,4.2965,0.0,7.6367526,3.0,69.62235,1016.2507,17.08,Overcast
2025-03-08 21:00:00+00:00,SAMSUN,55,13.2965,4.2965,0.0,10.387107,3.0,81.095604,1011.7461,16.82,Overcast
2025-03-09 21:00:00+00:00,SAMSUN,55,11.9465,5.6464996,0.0,6.7469993,3.0,88.47576,1015.6709,15.89,Overcast
2025-03-10 21:00:00+00:00,SAMSUN,55,17.596498,6.4465,0.0,13.767352,3.0,85.15255,1015.73926,17.31,Overcast
2025-03-11 21:00:00+00:00,SAMSUN,55,23.6465,11.8465,0.0,19.25327,3.0,65.843056,1013.792,16.83,Overcast
2025-03-12 21:00:00+00:00,SAMSUN,55,26.9965,14.2965,0.0,25.146587,3.0,46.69406,1011.46747,18.09,Overcast
2025-03-13 21:00:00+00:00,SAMSUN,55,22.196499,13.3465,0.0,22.335236,3.0,59.567352,1014.18353,17.46,Overcast
2025-03-14 21:00:00+00:00,SAMSUN,55,25.3965,12.2965,0.0,18.11841,3.0,68.376625,1016.8472,17.95,Overcast
2025-03-15 21:00:00+00:00,SAMSUN,55,29.846498,15.8465,0.0,27.888384,3.0,50.22404,1010.83673,18.27,Overcast
2025-03-16 21:00:00+00:00,SAMSUN,55,21.2965,12.0965,0.0,20.558647,3.0,69.18206,1005.94684,16.11,Overcast
2025-03-17 21:00:00+00:00,SAMSUN,55,11.6965,7.0465,2.8,23.50844,55.0,86.02805,1010.7204,5.12,Drizzle: Dense
2025-03-18 21:00:00+00:00,SAMSUN,55,6.9465,3.8465,8.700002,23.337606,71.0,77.11221,1022.0997,4.09,Snow fall: Slight
2025-03-19 21:00:00+00:00,SAMSUN,55,6.7465,2.5965,13.300001,24.216522,75.0,70.482864,1023.4196,11.2,Snow fall: Heavy
2025-03-20 21:00:00+00:00,SAMSUN,55,6.7465,3.4965,3.6,18.152355,53.0,79.40745,1022.7233,4.89,Drizzle: Moderate
2025-03-21 21:00:00+00:00,SAMSUN,55,10.3465,3.5465,1.9000001,17.878086,53.0,74.1106,1022.75006,11.59,Drizzle: Moderate
2025-03-22 21:00:00+00:00,SAMSUN,55,10.7465,1.9465,0.0,13.647988,3.0,80.71593,1024.6002,19.62,Overcast
2025-03-23 21:00:00+00:00,SAMSUN,55,16.0965,4.7965,0.0,11.052058,3.0,80.04918,1024.1598,17.27,Overcast
2025-03-24 21:00:00+00:00,SAMSUN,55,23.446499,10.2465,0.0,15.338071,3.0,75.46864,1020.2216,11.27,Overcast
2025-03-25 21:00:00+00:00,SAMSUN,55,19.446499,13.0465,0.0,7.928177,3.0,83.832886,1015.7615,11.88,Overcast
2025-03-26 21:00:00+00:00,SAMSUN,55,18.446499,10.646501,0.0,8.92408,3.0,83.39957,1011.97174,17.96,Overcast
2025-03-27 21:00:00+00:00,SAMSUN,55,18.946499,11.2465,0.0,7.1684303,3.0,84.247154,1006.57623,18.17,Overcast
2025-03-28 21:00:00+00:00,SAMSUN,55,21.096498,11.6965,0.1,15.096411,51.0,83.203545,1002.21826,13.17,Drizzle: Light
2025-03-29 21:00:00+00:00,SAMSUN,55,14.4465,10.5465,6.3,8.415842,63.0,94.17395,1005.6938,9.58,Rain: Moderate
2025-03-30 21:00:00+00:00,SAMSUN,55,13.2965,10.0465,0.3,13.246826,51.0,96.65536,1009.05,12.45,Drizzle: Light
2025-03-31 21:00:00+00:00,SAMSUN,55,19.196499,9.2465,0.0,11.298495,3.0,82.367134,1009.5813,18.89,Overcast
2025-04-01 21:00:00+00:00,SAMSUN,55,23.096498,12.5465,1.6,13.397612,53.0,77.3027,1003.4607,13.56,Drizzle: Moderate
2025-04-02 21:00:00+00:00,SAMSUN,55,14.1965,9.9965,8.4,14.33347,61.0,91.69821,1011.843,8.11,Rain: Slight
2025-04-03 21:00:00+00:00,SAMSUN,55,12.0965,8.4465,3.2,9.255571,61.0,87.245735,1014.7265,13.37,Rain: Slight
2025-04-04 21:00:00+00:00,SAMSUN,55,12.6965,9.4965,6.2999997,10.766949,61.0,92.86874,1007.2715,10.91,Rain: Slight
2025-04-05 21:00:00+00:00,SAMSUN,55,20.9965,8.6965,0.5,14.474059,51.0,80.75201,1005.03485,19.59,Drizzle: Light
2025-04-06 21:00:00+00:00,SAMSUN,55,15.9965,9.5965,0.0,18.102308,3.0,87.86402,1007.1142,20.06,Overcast
2025-04-07 21:00:00+00:00,SAMSUN,55,10.5465,5.3964996,4.8,22.039528,55.0,80.341515,1018.92303,5.44,Drizzle: Dense
2025-04-08 21:00:00+00:00,SAMSUN,55,6.3465004,3.8465,15.500001,9.582359,61.0,92.21823,1015.3623,3.35,Rain: Slight
2025-04-09 21:00:00+00:00,SAMSUN,55,9.396501,4.3465,1.0,13.049689,51.0,74.28377,1013.99884,18.24,Drizzle: Light
2025-04-10 21:00:00+00:00,SAMSUN,55,9.0465,0.5965,13.700001,21.980644,75.0,77.88482,1008.5264,4.81,Snow fall: Heavy
2025-04-11 21:00:00+00:00,SAMSUN,55,11.2465,-0.15350008,6.3999996,28.926283,75.0,69.21789,1010.0174,12.69,Snow fall: Heavy
2025-04-12 21:00:00+00:00,SAMSUN,55,10.4965,2.1465,2.4999998,15.5843,53.0,78.93107,1016.76825,18.26,Drizzle: Moderate
2025-04-13 21:00:00+00:00,SAMSUN,55,10.896501,4.9465,2.2999997,19.192593,53.0,79.494064,1022.20215,13.75,Drizzle: Moderate
2025-04-14 21:00:00+00:00,SAMSUN,55,13.9465,8.1465,0.1,30.17189,51.0,68.660225,1019.73016,15.54,Drizzle: Light
2025-04-15 21:00:00+00:00,SAMSUN,55,15.0465,9.0965,0.5,18.194254,51.0,80.156624,1023.38007,12.5,Drizzle: Light
2025-04-16 21:00:00+00:00,SAMSUN,55,12.0965,6.6464996,0.0,9.432412,3.0,90.89356,1023.6368,19.76,Overcast
2025-04-17 21:00:00+00:00,SAMSUN,55,12.7465,7.5465,0.0,9.807935,3.0,93.23795,1017.3284,21.21,Overcast
2025-04-18 21:00:00+00:00,SAMSUN,55,13.2965,7.9965,0.0,7.4867883,3.0,94.47642,1010.1529,20.51,Overcast
2025-04-19 21:00:00+00:00,SAMSUN,55,12.396501,9.2465,0.8000001,10.120099,51.0,94.815956,1011.28424,10.77,Drizzle: Light
2025-04-20 21:00:00+00:00,SAMSUN,55,15.646501,8.7465,0.0,9.686609,3.0,91.29639,1012.5664,21.4,Overcast
2025-04-21 21:00:00+00:00,SAMSUN,55,13.396501,8.7465,0.0,7.256032,3.0,92.043816,1013.10406,18.79,Overcast
2025-04-22 21:00:00+00:00,SAMSUN,55,12.6965,9.4965,1.4000001,8.604301,55.0,94.635376,1012.28424,12.4,Drizzle: Dense
2025-04-23 21:00:00+00:00,SAMSUN,55,13.1965,9.0465,2.7,9.5416975,61.0,93.368416,1007.6218,14.07,Rain: Slight
2025-04-24 21:00:00+00:00,SAMSUN,55,15.0465,9.3465,4.4999995,13.644427,61.0,94.557945,1005.3676,12.12,Rain: Slight
2025-04-25 21:00:00+00:00,SAMSUN,55,16.6465,9.9465,0.1,9.688281,51.0,90.41382,1008.4555,18.33,Drizzle: Light
2025-04-26 21:00:00+00:00,SAMSUN,55,15.4965,10.4965,1.9000002,18.913708,53.0,88.1171,1015.95557,12.38,Drizzle: Moderate
2025-04-27 21:00:00+00:00,SAMSUN,55,12.4465,7.3964996,0.1,18.089775,51.0,72.24416,1025.8417,24.93,Drizzle: Light
2025-04-28 21:00:00+00:00,SAMSUN,55,12.5965,4.4965,0.0,9.703319,3.0,75.01263,1021.3415,22.2,Overcast
2025-04-29 21:00:00+00:00,SAMSUN,55,12.6965,5.2965,0.0,12.221457,3.0,80.58677,1017.8077,24.08,Overcast
2025-04-30 21:00:00+00:00,SAMSUN,55,13.5965,8.2965,0.9,12.325728,53.0,88.63928,1012.2651,14.75,Drizzle: Moderate
2025-05-01 21:00:00+00:00,SAMSUN,55,14.4465,10.4465,2.4,14.861722,53.0,87.78876,1012.4947,10.83,Drizzle: Moderate
2025-05-02 21:00:00+00:00,SAMSUN,55,15.5965,7.7465,7.3,16.595179,61.0,78.98813,1015.31915,13.95,Rain: Slight
2025-05-03 21:00:00+00:00,SAMSUN,55,15.1965,5.6464996,0.0,10.44,1.0,70.23444,1012.8567,26.56,Mainly clear
2025-05-04 21:00:00+00:00,SAMSUN,55,15.9465,7.2965,0.0,8.913181,1.0,77.20479,1009.8592,25.38,Mainly clear
2025-05-05 21:00:00+00:00,SAMSUN,55,19.196499,9.8465,0.0,10.837435,1.0,80.77103,1011.3399,26.63,Mainly clear
2025-05-06 21:00:00+00:00,SAMSUN,55,23.696499,13.396501,19.999998,28.762287,65.0,81.794136,1011.17487,18.68,Rain: Heavy
2025-05-07 21:00:00+00:00,SAMSUN,55,20.2965,15.1965,1.5,34.24024,53.0,86.21151,1010.5285,21.66,Drizzle: Moderate
2025-05-08 21:00:00+00:00,SAMSUN,55,26.6465,16.0465,1.9000001,20.523945,55.0,80.77936,1010.1923,22.72,Drizzle: Dense
2025-05-09 21:00:00+00:00,SAMSUN,55,18.096498,12.4965,3.0,20.671806,55.0,93.555695,1013.81665,13.53,Drizzle: Dense
2025-05-10 21:00:00+00:00,SAMSUN,55,14.1965,10.7965,2.9999995,10.464797,61.0,88.0032,1013.7241,9.82,Rain: Slight
2025-05-11 21:00:00+00:00,SAMSUN,55,13.9965,9.896501,1.3000001,10.399576,53.0,84.20617,1009.9341,10.92,Drizzle: Moderate
2025-05-12 21:00:00+00:00,SAMSUN,55,15.5465,9.9465,1.6000001,17.794527,53.0,79.703545,1010.7019,15.16,Drizzle: Moderate
2025-05-13 21:00:00+00:00,SAMSUN,55,14.4965,6.7965,0.0,10.6261,3.0,79.52066,1014.06445,18.45,Overcast
2025-05-14 21:00:00+00:00,SAMSUN,55,15.2965,9.6965,2.8999996,14.512064,55.0,84.939415,1016.0621,19.57,Drizzle: Dense
2025-05-15 21:00:00+00:00,SAMSUN,55,22.0465,8.5965,0.8000001,12.304682,53.0,83.61054,1012.8732,25.39,Drizzle: Moderate
2025-05-16 21:00:00+00:00,SAMSUN,55,30.2465,15.0465,0.0,20.49314,3.0,73.97594,1006.85895,25.28,Overcast
2025-05-17 21:00:00+00:00,SAMSUN,55,15.7965,12.9465,11.299999,9.761578,63.0,91.79589,1014.5213,8.89,Rain: Moderate
2025-05-18 21:00:00+00:00,SAMSUN,55,17.596498,9.4465,0.0,12.16832,3.0,86.839424,1018.09503,24.04,Overcast
2025-05-19 21:00:00+00:00,SAMSUN,55,20.596498,10.896501,0.0,27.544704,3.0,79.623024,1013.79443,25.96,Overcast
2025-05-20 21:00:00+00:00,SAMSUN,55,18.5465,12.6965,0.0,14.292725,3.0,77.024506,1018.4351,27.04,Overcast
2025-05-21 21:00:00+00:00,SAMSUN,55,21.2465,10.646501,0.0,11.431062,3.0,76.100716,1014.7238,27.43,Overcast
2025-05-22 21:00:00+00:00,SAMSUN,55,24.0465,13.1965,0.0,9.585739,3.0,76.31281,1009.9263,25.92,Overcast
2025-05-23 21:00:00+00:00,SAMSUN,55,22.7465,15.146501,0.0,6.1569467,3.0,73.227394,1009.80194,26.14,Overcast
2025-05-24 21:00:00+00:00,SAMSUN,55,27.7465,15.2465,0.0,12.638512,3.0,65.86019,1009.01874,26.49,Overcast
2025-05-25 21:00:00+00:00,SAMSUN,55,25.096498,18.9965,1.4,10.134496,61.0,77.30188,1006.25653,23.33,Rain: Slight
2025-05-26 21:00:00+00:00,SAMSUN,55,19.846498,16.1465,1.4000001,19.731974,53.0,82.7902,1008.4604,10.04,Drizzle: Moderate
2025-05-27 21:00:00+00:00,SAMSUN,55,20.7965,15.9965,0.0,11.272657,3.0,63.01575,1010.36676,19.94,Overcast
2025-05-28 21:00:00+00:00,SAMSUN,55,21.1465,12.6965,0.0,12.86087,3.0,66.1739,1008.5588,27.81,Overcast
2025-05-29 21:00:00+00:00,SAMSUN,55,21.196499,14.6965,0.0,10.703569,3.0,67.72184,1009.68384,24.33,Overcast
2025-05-30 21:00:00+00:00,SAMSUN,55,20.7465,13.0965,0.0,12.348051,3.0,72.313774,1013.361,26.53,Overcast
2025-05-31 21:00:00+00:00,SAMSUN,55,19.0465,14.9965,7.9000006,9.984729,63.0,86.352234,1014.58624,11.52,Rain: Moderate
2025-06-01 21:00:00+00:00,SAMSUN,55,21.596498,13.9465,1.0,14.193772,53.0,79.59313,1016.0169,24.22,Drizzle: Moderate
2025-06-02 21:00:00+00:00,SAMSUN,55,23.846498,15.396501,0.4,19.770523,51.0,72.96111,1016.69794,25.29,Drizzle: Light
2025-06-03 21:00:00+00:00,SAMSUN,55,24.7965,15.396501,0.0,12.616702,0.0,60.96755,1016.6243,29.37,Clear sky
2025-06-04 21:00:00+00:00,SAMSUN,55,26.2465,15.3465,0.0,13.878688,0.0,58.498444,1016.9703,29.1,Clear sky
2025-06-05 21:00:00+00:00,SAMSUN,55,23.1465,16.4965,0.0,9.931042,0.0,58.79506,1016.86035,29.42,Clear sky
2025-06-06 21:00:00+00:00,SAMSUN,55,25.7965,14.0465,0.0,11.9466305,0.0,57.713654,1016.17084,30.32,Clear sky
2025-06-07 21:00:00+00:00,SAMSUN,55,23.2465,12.7465,0.0,10.44,0.0,66.32199,1013.3689,30.06,Clear sky
2025-06-08 21:00:00+00:00,SAMSUN,55,25.946499,14.896501,0.0,9.686609,0.0,51.10465,1011.6562,29.92,Clear sky
2025-06-09 21:00:00+00:00,SAMSUN,55,25.596498,15.2965,0.1,14.110209,51.0,66.18844,1012.94366,28.95,Drizzle: Light
2025-06-10 21:00:00+00:00,SAMSUN,55,24.7965,20.3965,0.3,10.337078,51.0,78.75341,1011.7444,27.4,Drizzle: Light
2025-06-11 21:00:00+00:00,SAMSUN,55,24.7965,18.0465,0.1,11.298495,51.0,75.09252,1012.44464,26.37,Drizzle: Light
2025-06-12 21:00:00+00:00,SAMSUN,55,25.096498,20.5465,0.2,19.281015,51.0,64.73104,1014.75055,15.03,Drizzle: Light
2025-06-13 21:00:00+00:00,SAMSUN,55,23.1465,18.346498,0.0,16.474672,3.0,57.7634,1014.97174,13.98,Overcast
2025-06-14 21:00:00+00:00,SAMSUN,55,24.0465,14.8465,4.7000003,19.296133,63.0,63.35818,1013.44824,24.7,Rain: Moderate
2025-06-15 21:00:00+00:00,SAMSUN,55,24.8965,14.9965,0.6,18.965033,51.0,58.319946,1012.3304,24.78,Drizzle: Light
2025-06-16 21:00:00+00:00,SAMSUN,55,25.196499,15.1965,1.2,16.946787,51.0,59.805363,1013.9167,24.04,Drizzle: Light
2025-06-17 21:00:00+00:00,SAMSUN,55,26.0465,16.946499,0.0,12.172312,1.0,59.047916,1016.0903,29.39,Mainly clear
2025-06-18 21:00:00+00:00,SAMSUN,55,24.596498,16.7465,0.0,10.993271,0.0,64.7356,1015.75635,29.65,Clear sky
2025-06-19 21:00:00+00:00,SAMSUN,55,26.596498,15.646501,0.0,11.989946,0.0,60.21475,1011.116,30.01,Clear sky
2025-06-20 21:00:00+00:00,SAMSUN,55,26.096498,17.2465,1.7000002,21.079222,53.0,60.566082,1013.97504,20.06,Drizzle: Moderate
2025-06-21 21:00:00+00:00,SAMSUN,55,22.196499,16.0965,0.5,12.976239,51.0,65.581055,1016.4764,22.08,Drizzle: Light
2025-06-22 21:00:00+00:00,SAMSUN,55,23.946499,15.0465,0.0,13.755579,1.0,58.305267,1014.3365,29.31,Mainly clear
2025-06-23 21:00:00+00:00,SAMSUN,55,24.9965,16.196499,0.0,13.902015,0.0,57.467484,1013.88983,29.93,Clear sky
2025-06-24 21:00:00+00:00,SAMSUN,55,27.346498,14.2965,0.0,12.221457,0.0,54.965977,1012.02344,30.31,Clear sky
2025-06-25 21:00:00+00:00,SAMSUN,55,29.5465,17.346498,0.0,10.837435,0.0,35.929348,1011.0822,29.92,Clear sky
2025-06-26 21:00:00+00:00,SAMSUN,55,28.846498,20.0465,0.0,21.468348,0.0,52.988586,1013.18146,29.47,Clear sky
2025-06-27 21:00:00+00:00,SAMSUN,55,24.8965,17.3965,0.0,12.534257,2.0,65.03495,1009.4761,27.49,Partly cloudy
2025-06-28 21:00:00+00:00,SAMSUN,55,23.6465,17.0465,3.3999999,24.470734,55.0,70.55298,1007.92255,13.24,Drizzle: Dense
2025-06-29 21:00:00+00:00,SAMSUN,55,25.596498,16.5965,10.8,18.958197,63.0,73.340996,1009.57404,22.28,Rain: Moderate
2025-06-30 21:00:00+00:00,SAMSUN,55,27.846498,18.096498,0.3,19.460823,51.0,68.07799,1010.30304,27.26,Drizzle: Light
2025-07-01 21:00:00+00:00,SAMSUN,55,25.0465,16.3965,0.3,22.7057,51.0,63.65585,1012.97186,25.31,Drizzle: Light
2025-07-02 21:00:00+00:00,SAMSUN,55,24.6465,16.3465,6.1000004,20.768755,61.0,71.588425,1013.68146,23.45,Rain: Slight
2025-07-03 21:00:00+00:00,SAMSUN,55,22.7965,16.9965,19.000002,22.199188,65.0,78.665794,1014.56195,19.89,Rain: Heavy
2025-07-04 21:00:00+00:00,SAMSUN,55,25.846498,19.0465,2.8999999,18.59671,53.0,71.710915,1014.5467,25.69,Drizzle: Moderate
2025-07-05 21:00:00+00:00,SAMSUN,55,26.4965,17.3965,0.0,12.362475,0.0,67.81249,1014.3687,29.03,Clear sky
2025-07-06 21:00:00+00:00,SAMSUN,55,25.946499,17.1465,0.0,11.599879,0.0,71.73257,1010.45197,28.91,Clear sky
2025-07-07 21:00:00+00:00,SAMSUN,55,27.7965,18.2965,0.0,11.709688,0.0,70.66328,1006.1191,28.84,Clear sky
2025-07-08 21:00:00+00:00,SAMSUN,55,28.2465,19.196499,0.0,10.948973,0.0,71.476265,1004.18195,29.06,Clear sky
2025-07-09 21:00:00+00:00,SAMSUN,55,29.1465,19.946499,0.0,17.194475,1.0,66.866066,1003.86884,29.04,Mainly clear
2025-07-10 21:00:00+00:00,SAMSUN,55,26.6465,21.6465,0.3,10.472535,51.0,77.85473,1007.76337,17.58,Drizzle: Light
2025-07-11 21:00:00+00:00,SAMSUN,55,26.7465,21.7965,3.3000002,13.104198,53.0,82.31711,1010.38745,15.04,Drizzle: Moderate
2025-07-12 21:00:00+00:00,SAMSUN,55,27.8965,22.7965,2.9,10.34178,53.0,75.43566,1013.40674,21.44,Drizzle: Moderate
2025-07-13 21:00:00+00:00,SAMSUN,55,29.6465,20.4965,0.0,16.348322,1.0,62.812805,1011.0003,28.32,Mainly clear
2025-07-14 21:00:00+00:00,SAMSUN,55,29.346498,22.596498,0.2,18.94024,51.0,69.53011,1007.34247,25.53,Drizzle: Light
2025-07-15 21:00:00+00:00,SAMSUN,55,29.2465,20.4965,0.7,11.720751,53.0,57.772923,1005.96747,20.68,Drizzle: Moderate
2025-07-16 21:00:00+00:00,SAMSUN,55,30.846498,19.5465,0.0,14.037692,0.0,51.786118,1007.3465,28.45,Clear sky
2025-07-17 21:00:00+00:00,SAMSUN,55,31.4965,21.5465,0.0,13.896187,2.0,63.360874,1007.05786,26.24,Partly cloudy
2025-07-18 21:00:00+00:00,SAMSUN,55,27.9965,23.6465,1.1,18.152355,51.0,74.876625,1009.1661,21.56,Drizzle: Light
2025-07-19 21:00:00+00:00,SAMSUN,55,28.6465,20.7965,0.0,18.553974,0.0,63.696537,1008.18555,27.3,Clear sky
2025-07-20 21:00:00+00:00,SAMSUN,55,28.596498,19.596498,0.1,12.57426,51.0,67.77264,1008.61176,22.75,Drizzle: Light
2025-07-21 21:00:00+00:00,SAMSUN,55,28.7465,23.2965,0.0,14.527683,3.0,76.51973,1009.38434,23.73,Overcast
2025-07-22 21:00:00+00:00,SAMSUN,55,29.196499,23.0465,0.2,12.906138,51.0,78.266205,1008.69586,25.69,Drizzle: Light
2025-07-23 21:00:00+00:00,SAMSUN,55,29.596498,21.5465,0.0,11.304229,1.0,68.728264,1009.1058,27.64,Mainly clear
2025-07-24 21:00:00+00:00,SAMSUN,55,29.846498,22.696499,0.1,17.304358,51.0,64.60798,1010.0906,26.76,Drizzle: Light
2025-07-25 21:00:00+00:00,SAMSUN,55,30.6465,22.8965,0.0,17.363237,1.0,65.29786,1010.8872,27.59,Mainly clear
2025-07-26 21:00:00+00:00,SAMSUN,55,29.6465,21.446499,0.0,12.456468,2.0,72.35072,1006.44635,27.35,Partly cloudy
2025-07-27 21:00:00+00:00,SAMSUN,55,30.4965,22.0465,0.0,12.819235,3.0,75.871994,1000.6655,27.21,Overcast
2025-07-28 21:00:00+00:00,SAMSUN,55,30.846498,24.346498,0.0,10.993271,1.0,79.09638,999.47675,26.42,Mainly clear
2025-07-29 21:00:00+00:00,SAMSUN,55,30.7965,24.3965,0.0,15.683774,1.0,73.809135,1004.9838,26.37,Mainly clear
2025-07-30 21:00:00+00:00,SAMSUN,55,30.4965,24.9965,0.0,19.219584,3.0,69.36527,1007.185,24.44,Overcast
2025-07-31 21:00:00+00:00,SAMSUN,55,29.346498,24.696499,5.3,19.290257,61.0,72.665115,1006.30414,11.16,Rain: Slight
2025-08-01 21:00:00+00:00,SAMSUN,55,29.6465,23.3965,4.7999997,18.913708,55.0,73.04774,1006.4234,17.51,Drizzle: Dense
2025-08-02 21:00:00+00:00,SAMSUN,55,28.9965,23.346498,0.1,18.665401,51.0,73.27448,1008.02856,18.22,Drizzle: Light
2025-08-03 21:00:00+00:00,SAMSUN,55,29.2965,22.3965,0.0,11.616626,3.0,72.04912,1011.2522,21.9,Overcast
2025-08-04 21:00:00+00:00,SAMSUN,55,29.946499,22.846498,0.0,11.334285,1.0,73.472786,1012.08057,25.63,Mainly clear
2025-08-05 21:00:00+00:00,SAMSUN,55,30.596498,22.096498,0.0,13.00243,0.0,65.84464,1010.59906,26.3,Clear sky
2025-08-06 21:00:00+00:00,SAMSUN,55,32.7965,21.446499,0.0,25.221205,1.0,60.548832,1008.5791,25.07,Mainly clear
2025-08-07 21:00:00+00:00,SAMSUN,55,32.5465,25.8965,0.90000004,25.49908,51.0,62.391052,1011.1657,22.86,Drizzle: Light
2025-08-08 21:00:00+00:00,SAMSUN,55,31.7965,24.2465,0.0,19.829433,1.0,64.02923,1015.9993,24.48,Mainly clear
2025-08-09 21:00:00+00:00,SAMSUN,55,29.596498,22.7465,0.0,13.83192,0.0,58.4431,1017.3879,25.67,Clear sky
2025-08-10 21:00:00+00:00,SAMSUN,55,29.2465,20.596498,0.0,14.083778,0.0,50.167923,1014.88434,25.75,Clear sky
2025-08-11 21:00:00+00:00,SAMSUN,55,29.5465,20.196499,0.5,13.306615,51.0,57.347565,1016.0433,24.69,Drizzle: Light
2025-08-12 21:00:00+00:00,SAMSUN,55,28.196499,22.2465,0.1,14.681866,51.0,66.08656,1017.413,24.06,Drizzle: Light
2025-08-13 21:00:00+00:00,SAMSUN,55,27.946499,19.2965,0.0,12.346741,0.0,57.91539,1016.1276,26.15,Clear sky
2025-08-14 21:00:00+00:00,SAMSUN,55,28.0465,19.1465,0.0,14.01806,1.0,58.1205,1013.73114,24.75,Mainly clear
2025-08-15 21:00:00+00:00,SAMSUN,55,28.346498,21.4965,0.0,17.423777,1.0,55.14622,1010.7896,23.87,Mainly clear
2025-08-16 21:00:00+00:00,SAMSUN,55,28.2965,19.2965,0.0,16.454994,0.0,58.812576,1007.2759,25.0,Clear sky
2025-08-17 21:00:00+00:00,SAMSUN,55,28.196499,19.2965,0.3,11.7662735,51.0,65.45249,1006.40454,23.58,Drizzle: Light
2025-08-18 21:00:00+00:00,SAMSUN,55,27.946499,23.1465,0.0,15.898188,3.0,70.750854,1008.8159,14.03,Overcast
2025-08-19 21:00:00+00:00,SAMSUN,55,29.946499,20.696499,0.0,21.332088,1.0,63.21001,1006.9348,23.25,Mainly clear
2025-08-20 21:00:00+00:00,SAMSUN,55,27.1465,20.596498,1.0,15.111424,53.0,69.3446,1010.71136,20.29,Drizzle: Moderate
2025-08-21 21:00:00+00:00,SAMSUN,55,30.2465,20.2465,0.0,19.32382,0.0,67.605225,1007.8413,24.13,Clear sky
2025-08-22 21:00:00+00:00,SAMSUN,55,32.3965,22.196499,0.0,19.85719,0.0,58.238586,1004.8645,23.86,Clear sky
2025-08-23 21:00:00+00:00,SAMSUN,55,25.9965,21.0465,0.5,21.04461,51.0,70.530914,1008.9092,9.77,Drizzle: Light
2025-08-24 21:00:00+00:00,SAMSUN,55,24.7465,20.596498,7.7,15.413928,63.0,75.15809,1014.0795,7.56,Rain: Moderate
2025-08-25 21:00:00+00:00,SAMSUN,55,25.346498,17.946499,0.0,16.434305,1.0,61.31609,1014.4966,22.75,Mainly clear
2025-08-26 21:00:00+00:00,SAMSUN,55,26.346498,17.196499,0.0,13.854155,2.0,60.199642,1014.6988,18.87,Partly cloudy
2025-08-27 21:00:00+00:00,SAMSUN,55,28.7965,18.7965,0.0,21.136784,1.0,61.726543,1013.2204,22.94,Mainly clear
2025-08-28 21:00:00+00:00,SAMSUN,55,27.596498,20.6465,0.0,12.097553,1.0,70.83738,1010.77814,21.28,Mainly clear
2025-08-29 21:00:00+00:00,SAMSUN,55,28.2465,19.9965,0.0,10.739832,2.0,70.674904,1008.79535,22.49,Partly cloudy
2025-08-30 21:00:00+00:00,SAMSUN,55,28.1465,20.7965,0.0,11.203464,0.0,72.89689,1008.6355,22.55,Clear sky
2025-08-31 21:00:00+00:00,SAMSUN,55,28.4965,20.446499,0.0,16.59225,1.0,71.06822,1006.92816,22.44,Mainly clear
2025-09-01 21:00:00+00:00,SAMSUN,55,27.4965,21.4965,0.0,14.978984,1.0,69.07283,1007.9267,19.22,Mainly clear
2025-09-02 21:00:00+00:00,SAMSUN,55,26.696499,19.6465,5.9999995,19.483284,63.0,67.91234,1008.5916,18.48,Rain: Moderate
2025-09-03 21:00:00+00:00,SAMSUN,55,27.696499,20.596498,8.900001,17.552536,61.0,80.935844,1010.21094,18.85,Rain: Slight
2025-09-04 21:00:00+00:00,SAMSUN,55,27.846498,20.9965,0.0,11.9140415,1.0,75.56738,1011.0113,20.99,Mainly clear
2025-09-05 21:00:00+00:00,SAMSUN,55,26.196499,20.696499,0.6,10.853866,51.0,77.01409,1010.67426,10.29,Drizzle: Light
2025-09-06 21:00:00+00:00,SAMSUN,55,27.2965,20.096498,0.0,21.366234,3.0,69.908936,1010.9324,14.31,Overcast
2025-09-07 21:00:00+00:00,SAMSUN,55,25.1465,18.3965,1.7,11.854062,61.0,67.838646,1010.1155,10.36,Rain: Slight
2025-09-08 21:00:00+00:00,SAMSUN,55,27.3965,18.096498,0.90000004,20.037485,53.0,69.7688,1010.93866,18.45,Drizzle: Moderate
2025-09-09 21:00:00+00:00,SAMSUN,55,26.3965,17.446499,3.6,14.926983,61.0,67.474014,1013.7712,18.77,Rain: Slight
2025-09-10 21:00:00+00:00,SAMSUN,55,24.446499,17.846498,1.8000002,12.931218,51.0,76.96133,1013.7807,16.32,Drizzle: Light
2025-09-11 21:00:00+00:00,SAMSUN,55,25.0465,17.846498,0.0,11.334285,2.0,73.661644,1014.6885,17.68,Partly cloudy
2025-09-12 21:00:00+00:00,SAMSUN,55,25.846498,18.1465,0.5,19.45083,51.0,70.29261,1017.7056,17.84,Drizzle: Light
2025-09-13 21:00:00+00:00,SAMSUN,55,25.0465,15.4965,0.0,15.833861,1.0,62.128784,1017.4913,20.3,Mainly clear
2025-09-14 21:00:00+00:00,SAMSUN,55,24.346498,14.646501,0.0,11.334285,0.0,66.115036,1014.17487,20.57,Clear sky
2025-09-15 21:00:00+00:00,SAMSUN,55,25.4965,16.7465,0.0,19.137648,3.0,68.49658,1015.3985,16.57,Overcast
2025-09-16 21:00:00+00:00,SAMSUN,55,24.696499,15.8465,0.0,15.489414,3.0,66.22051,1012.9243,20.01,Overcast
2025-09-17 21:00:00+00:00,SAMSUN,55,23.7465,16.0465,0.4,18.504139,51.0,64.82993,1011.24115,10.44,Drizzle: Light
2025-09-18 21:00:00+00:00,SAMSUN,55,21.4965,15.896501,3.1999996,30.189602,53.0,61.87236,1015.7205,11.81,Drizzle: Moderate
2025-09-19 21:00:00+00:00,SAMSUN,55,22.1465,16.9965,0.8000001,23.372986,51.0,67.48428,1020.30524,14.94,Drizzle: Light
2025-09-20 21:00:00+00:00,SAMSUN,55,21.7465,16.2465,2.7,15.96327,55.0,68.46009,1020.8769,15.79,Drizzle: Dense
2025-09-21 21:00:00+00:00,SAMSUN,55,21.346498,13.0965,0.0,13.527572,0.0,70.76818,1019.5983,18.99,Clear sky
2025-09-22 21:00:00+00:00,SAMSUN,55,24.5465,13.3465,0.0,15.053425,0.0,72.14154,1015.7929,19.23,Clear sky
2025-09-23 21:00:00+00:00,SAMSUN,55,23.446499,13.646501,0.0,9.080639,1.0,72.1304,1013.0744,18.91,Mainly clear
2025-09-24 21:00:00+00:00,SAMSUN,55,22.946499,13.7465,0.0,11.5887,3.0,75.13466,1013.8467,18.12,Overcast
2025-09-25 21:00:00+00:00,SAMSUN,55,20.0465,14.5965,4.8,18.958197,53.0,78.819786,1018.9263,10.22,Drizzle: Moderate
2025-09-26 21:00:00+00:00,SAMSUN,55,19.196499,11.2465,0.1,14.970331,51.0,64.93112,1020.1861,13.4,Drizzle: Light
2025-09-27 21:00:00+00:00,SAMSUN,55,18.6465,10.1965,0.2,12.346741,51.0,68.29124,1016.20233,16.77,Drizzle: Light
2025-09-28 21:00:00+00:00,SAMSUN,55,20.096498,15.8465,4.2,8.731392,61.0,82.08483,1011.25385,6.91,Rain: Slight
2025-09-29 21:00:00+00:00,SAMSUN,55,18.9965,15.1965,5.5,12.503199,61.0,86.3016,1014.3155,6.59,Rain: Slight
2025-09-30 21:00:00+00:00,SAMSUN,55,18.7965,14.396501,2.1,10.00256,53.0,86.016815,1016.867,13.15,Drizzle: Moderate
2025-10-01 21:00:00+00:00,SAMSUN,55,19.2465,14.646501,2.5,10.739832,53.0,83.096214,1016.2202,14.87,Drizzle: Moderate
2025-10-02 21:00:00+00:00,SAMSUN,55,23.196499,12.0465,0.0,14.30632,3.0,78.90667,1009.7778,17.0,Overcast
2025-10-03 21:00:00+00:00,SAMSUN,55,29.196499,16.7965,0.0,22.871336,3.0,70.75045,1011.4719,14.99,Overcast
2025-10-04 21:00:00+00:00,SAMSUN,55,20.5465,15.5965,0.1,13.413321,51.0,81.15008,1015.1301,12.38,Drizzle: Light
2025-10-05 21:00:00+00:00,SAMSUN,55,22.096498,13.5465,0.0,15.056652,1.0,81.00527,1012.92316,16.0,Mainly clear
2025-10-06 21:00:00+00:00,SAMSUN,55,22.696499,14.7465,0.0,11.837652,3.0,81.819374,1007.08844,15.55,Overcast
2025-10-07 21:00:00+00:00,SAMSUN,55,26.9965,15.9465,6.6,17.134071,63.0,66.56818,1003.93146,14.79,Rain: Moderate
2025-10-08 21:00:00+00:00,SAMSUN,55,20.4965,14.0965,6.1,13.32,61.0,85.20577,1009.50604,11.15,Rain: Slight
2025-10-09 21:00:00+00:00,SAMSUN,55,22.096498,14.0465,1.3,14.366211,55.0,66.31046,1017.42633,11.7,Drizzle: Dense
2025-10-10 21:00:00+00:00,SAMSUN,55,20.946499,12.646501,2.4,20.778112,61.0,74.5768,1014.9522,13.1,Rain: Slight
2025-10-11 21:00:00+00:00,SAMSUN,55,18.4965,11.9465,11.1,17.623463,63.0,77.4958,1016.26447,9.44,Rain: Moderate
2025-10-12 21:00:00+00:00,SAMSUN,55,19.0465,9.7465,0.0,14.835537,3.0,77.74195,1018.2011,8.42,Overcast
2025-10-13 21:00:00+00:00,SAMSUN,55,18.4965,11.1965,0.0,13.624228,3.0,76.81338,1017.8056,13.64,Overcast
2025-10-14 21:00:00+00:00,SAMSUN,55,17.946499,10.9465,0.6,12.730467,51.0,82.60372,1018.5637,12.33,Drizzle: Light
2025-10-15 21:00:00+00:00,SAMSUN,55,15.396501,13.2465,11.099999,13.638489,55.0,90.23834,1021.8803,4.03,Drizzle: Dense
2025-10-16 21:00:00+00:00,SAMSUN,55,18.846498,12.9465,1.0000001,12.860871,51.0,83.39882,1021.9345,10.5,Drizzle: Light
2025-10-17 21:00:00+00:00,SAMSUN,55,21.846498,11.8465,0.0,14.33347,3.0,79.817314,1017.06616,14.02,Overcast
2025-10-18 21:00:00+00:00,SAMSUN,55,20.3965,14.2965,9.499999,11.132385,63.0,83.54397,1014.87054,12.21,Rain: Moderate
2025-10-19 21:00:00+00:00,SAMSUN,55,15.4465,10.7465,12.500001,20.025352,61.0,86.61515,1017.4875,2.99,Rain: Slight
2025-10-20 21:00:00+00:00,SAMSUN,55,15.9965,8.3465,0.0,11.638917,3.0,80.07486,1017.11743,12.33,Overcast
2025-10-21 21:00:00+00:00,SAMSUN,55,22.946499,9.8465,2.3,16.039202,61.0,76.36916,1013.79974,9.74,Rain: Slight
2025-10-22 21:00:00+00:00,SAMSUN,55,23.596498,14.6965,1.7,16.981165,53.0,79.86886,1012.56494,8.02,Drizzle: Moderate
2025-10-23 21:00:00+00:00,SAMSUN,55,22.096498,15.2465,6.1000004,16.299694,63.0,81.817924,1009.23346,4.25,Rain: Moderate
2025-10-24 21:00:00+00:00,SAMSUN,55,20.2965,15.7965,10.1,17.055414,63.0,79.04217,1010.5036,8.47,Rain: Moderate
2025-10-25 21:00:00+00:00,SAMSUN,55,18.446499,14.0465,5.3999996,12.284916,61.0,85.60409,1012.0115,9.57,Rain: Slight
2025-10-26 21:00:00+00:00,SAMSUN,55,26.9965,14.396501,0.0,24.670507,3.0,53.891567,1006.09717,12.2,Overcast
2025-10-27 21:00:00+00:00,SAMSUN,55,22.0465,15.7965,9.4,21.166653,63.0,85.49644,1009.3642,10.11,Rain: Moderate
2025-10-28 21:00:00+00:00,SAMSUN,55,17.5465,11.7465,15.0,17.95765,63.0,77.428474,1018.6535,9.55,Rain: Moderate
2025-10-29 21:00:00+00:00,SAMSUN,55,18.846498,9.0465,0.0,13.619472,0.0,74.22172,1022.0931,12.47,Clear sky
2025-10-30 21:00:00+00:00,SAMSUN,55,21.846498,11.0965,0.0,20.269789,3.0,62.583065,1018.2764,12.32,Overcast
2025-10-31 21:00:00+00:00,SAMSUN,55,18.9965,9.0465,0.0,12.984975,2.0,77.59004,1021.44824,12.02,Partly cloudy
2025-11-01 21:00:00+00:00,SAMSUN,55,17.846498,8.5965,0.0,11.334285,3.0,80.13166,1022.99805,12.04,Overcast
2025-11-02 21:00:00+00:00,SAMSUN,55,20.2965,8.9965,0.0,11.638917,3.0,76.07093,1018.7983,11.21,Overcast
2025-11-03 21:00:00+00:00,SAMSUN,55,20.696499,12.0465,0.0,12.652604,3.0,69.432846,1018.18646,5.77,Overcast
2025-11-04 21:00:00+00:00,SAMSUN,55,18.5465,11.396501,0.2,8.92408,51.0,83.81479,1020.0937,10.55,Drizzle: Light
2025-11-05 21:00:00+00:00,SAMSUN,55,17.2965,14.5465,0.1,11.345713,51.0,91.48669,1018.13727,6.44,Drizzle: Light
2025-11-06 21:00:00+00:00,SAMSUN,55,19.346498,11.3465,0.0,7.9036193,3.0,85.08944,1014.26874,10.78,Overcast
2025-11-07 21:00:00+00:00,SAMSUN,55,17.196499,12.5965,0.0,7.995323,3.0,84.52461,1017.4233,10.19,Overcast
2025-11-08 21:00:00+00:00,SAMSUN,55,19.1465,11.5965,0.0,7.9220443,3.0,88.74164,1019.4304,10.45,Overcast
2025-11-09 21:00:00+00:00,SAMSUN,55,18.8965,12.4965,0.0,10.285232,3.0,84.2377,1017.28735,10.62,Overcast
2025-11-10 21:00:00+00:00,SAMSUN,55,22.696499,13.0465,0.0,17.326813,3.0,70.56696,1011.4748,5.98,Overcast
2025-11-11 21:00:00+00:00,SAMSUN,55,18.5465,10.9965,5.7,12.325728,61.0,84.81765,1015.0752,9.29,Rain: Slight
2025-11-12 21:00:00+00:00,SAMSUN,55,13.9965,12.146501,7.0999994,9.292254,63.0,87.11158,1020.39166,2.91,Rain: Moderate
2025-11-13 21:00:00+00:00,SAMSUN,55,12.4965,10.9465,11.400001,13.752047,63.0,87.04177,1018.2753,2.05,Rain: Moderate
2025-11-14 21:00:00+00:00,SAMSUN,55,13.646501,10.4965,14.299998,21.240763,61.0,88.58679,1015.4637,1.9,Rain: Slight
2025-11-15 21:00:00+00:00,SAMSUN,55,16.9965,7.6965,0.0,14.275713,2.0,79.9528,1017.70306,9.95,Partly cloudy
2025-11-16 21:00:00+00:00,SAMSUN,55,21.7465,10.7465,0.0,24.703974,3.0,55.04799,1019.9214,10.19,Overcast
2025-11-17 21:00:00+00:00,SAMSUN,55,22.4965,15.0465,0.0,35.143818,3.0,45.09497,1018.39557,10.06,Overcast
2025-11-18 21:00:00+00:00,SAMSUN,55,23.5465,15.1965,0.0,32.344955,3.0,47.763256,1017.6128,9.57,Overcast
2025-11-19 21:00:00+00:00,SAMSUN,55,22.846498,12.0965,0.0,21.03229,3.0,54.01854,1018.1709,9.0,Overcast
2025-11-20 21:00:00+00:00,SAMSUN,55,22.8965,12.2965,0.0,23.138927,3.0,51.948383,1019.8059,9.47,Overcast
2025-11-21 21:00:00+00:00,SAMSUN,55,25.3965,14.5965,0.0,22.682856,3.0,50.59125,1018.38354,9.27,Overcast
2025-11-22 21:00:00+00:00,SAMSUN,55,26.0465,15.5965,0.0,24.823036,3.0,49.213818,1015.6558,9.36,Overcast
2025-11-23 21:00:00+00:00,SAMSUN,55,18.5465,14.4965,0.6,29.852877,51.0,68.48174,1014.7473,6.63,Drizzle: Light
2025-11-24 21:00:00+00:00,SAMSUN,55,17.3965,14.2965,6.3,10.483357,63.0,88.34571,1017.7121,7.51,Rain: Moderate
2025-11-25 21:00:00+00:00,SAMSUN,55,21.4965,12.4965,0.0,18.076338,3.0,65.350655,1015.95166,9.06,Overcast
2025-11-26 21:00:00+00:00,SAMSUN,55,21.446499,11.7965,0.0,20.188908,3.0,62.432434,1017.73224,8.78,Overcast
2025-11-27 21:00:00+00:00,SAMSUN,55,21.346498,12.5465,0.0,23.441502,3.0,56.016663,1017.50006,8.18,Overcast
2025-11-28 21:00:00+00:00,SAMSUN,55,21.196499,10.5965,0.0,19.404133,3.0,54.994415,1013.2421,9.04,Overcast
2025-11-29 21:00:00+00:00,SAMSUN,55,18.446499,10.9465,0.9000001,16.419514,51.0,70.19866,1009.4588,3.62,Drizzle: Light
2025-11-30 21:00:00+00:00,SAMSUN,55,14.8465,9.0465,7.2,11.132385,63.0,87.58529,1015.26587,6.64,Rain: Moderate
2025-12-01 21:00:00+00:00,SAMSUN,55,13.9965,6.9965,0.90000004,8.942214,51.0,84.82397,1021.5723,7.57,Drizzle: Light
2025-12-02 21:00:00+00:00,SAMSUN,55,15.0465,7.3964996,0.0,12.601285,3.0,81.671684,1022.3359,7.84,Overcast
2025-12-03 21:00:00+00:00,SAMSUN,55,15.1965,6.0965004,0.0,16.16897,3.0,74.94083,1019.825,8.57,Overcast
2025-12-04 21:00:00+00:00,SAMSUN,55,17.3965,5.7965,0.0,16.299694,3.0,69.68718,1014.2891,8.4,Overcast
2025-12-05 21:00:00+00:00,SAMSUN,55,19.8965,12.1965,0.0,20.390114,3.0,67.11205,1011.3492,8.15,Overcast
2025-12-06 21:00:00+00:00,SAMSUN,55,19.0465,10.0965,0.1,14.387619,51.0,73.4024,1006.1768,5.23,Drizzle: Light
2025-12-07 21:00:00+00:00,SAMSUN,55,18.096498,11.0465,3.7999997,16.548256,61.0,80.56411,1010.74585,7.49,Rain: Slight
2025-12-08 21:00:00+00:00,SAMSUN,55,13.4465,11.7465,3.4,17.604149,53.0,87.676155,1018.5935,2.16,Drizzle: Moderate
2025-12-09 21:00:00+00:00,SAMSUN,55,13.896501,10.646501,9.700001,12.261157,63.0,87.82238,1018.39325,5.05,Rain: Moderate
2025-12-10 21:00:00+00:00,SAMSUN,55,11.646501,8.2465,8.099998,11.173057,61.0,90.11832,1018.40875,5.03,Rain: Slight
2025-12-11 21:00:00+00:00,SAMSUN,55,13.896501,5.7465,0.0,15.405519,3.0,73.06008,1017.56537,7.21,Overcast
2025-12-12 21:00:00+00:00,SAMSUN,55,13.7465,8.8465,4.7,17.179394,55.0,76.05712,1019.6097,5.99,Drizzle: Dense
2025-12-13 21:00:00+00:00,SAMSUN,55,10.896501,8.1965,5.0999994,10.783487,55.0,86.06009,1022.65717,3.77,Drizzle: Dense
2025-12-14 21:00:00+00:00,SAMSUN,55,11.7465,8.0965,1.9000001,19.846582,53.0,78.31516,1019.9522,6.79,Drizzle: Moderate
2025-12-15 21:00:00+00:00,SAMSUN,55,8.4965,5.1464996,30.599998,17.47484,63.0,90.49262,1023.4034,1.09,Rain: Moderate
2025-12-16 21:00:00+00:00,SAMSUN,55,11.1965,3.8964999,0.0,15.3264475,3.0,77.59437,1028.9254,7.13,Overcast
2025-12-17 21:00:00+00:00,SAMSUN,55,14.5465,3.4965,0.0,19.731974,3.0,64.4038,1028.2223,8.25,Overcast
2025-12-18 21:00:00+00:00,SAMSUN,55,13.4465,4.3465,0.0,19.219584,3.0,69.52718,1025.901,6.59,Overcast
2025-12-19 21:00:00+00:00,SAMSUN,55,13.146501,3.1464999,0.0,12.738099,3.0,68.59199,1020.82587,8.04,Overcast
2025-12-20 21:00:00+00:00,SAMSUN,55,14.9965,4.1965,0.1,17.262178,51.0,62.775295,1015.5215,5.29,Drizzle: Light
2025-12-21 21:00:00+00:00,SAMSUN,55,13.0465,4.0965,0.0,10.182337,3.0,80.00478,1016.7908,5.61,Overcast
2025-12-22 21:00:00+00:00,SAMSUN,55,12.9965,9.0965,1.5,8.131936,53.0,86.483376,1016.0791,3.79,Drizzle: Moderate
2025-12-23 21:00:00+00:00,SAMSUN,55,10.146501,9.4465,10.500002,9.47012,61.0,90.75594,1021.14813,2.06,Rain: Slight
2025-12-24 21:00:00+00:00,SAMSUN,55,9.4465,7.3465004,17.100002,12.730468,61.0,94.289314,1024.5594,1.26,Rain: Slight
2025-12-25 21:00:00+00:00,SAMSUN,55,7.4465,4.5965,3.6,8.139901,51.0,90.8039,1017.89044,1.14,Drizzle: Light
2025-12-26 21:00:00+00:00,SAMSUN,55,7.6965,1.9965,0.5,16.069473,51.0,77.228745,1010.062,7.2,Drizzle: Light
2025-12-27 21:00:00+00:00,SAMSUN,55,9.2965,0.19649994,2.2,32.682762,73.0,60.843,1003.20044,5.82,Snow fall: Moderate
2025-12-28 21:00:00+00:00,SAMSUN,55,8.9465,3.1965,0.0,23.4,3.0,52.65593,1005.44086,7.0,Overcast
2025-12-29 21:00:00+00:00,SAMSUN,55,10.146501,4.5465,0.0,37.609665,3.0,44.039135,1009.1555,8.41,Overcast
2025-12-30 21:00:00+00:00,SAMSUN,55,7.9465,2.9464998,16.0,22.535252,61.0,82.04206,1005.3997,0.8,Rain: Slight
2025-12-31 21:00:00+00:00,SAMSUN,55,2.7465,0.14649999,6.8999996,16.363178,73.0,82.840645,1012.97565,2.9,Snow fall: Moderate
